ticker,gap_date,entry_date,exit_date,bucket,gap_pct,entry_price,exit_price,exit_reason,contracts_shares,position_dollars,pnl_pct,pnl_dollar,days_held
APH,2024-09-04,2024-09-05,2024-09-06,5-10%,-6.316,29.0,30.955,tp_gap_filled,69.0699,2003.03,6.741,135.03,1
NVDA,2024-09-04,2024-09-05,2024-09-06,2-3%,-2.398,105.41,108.0,tp_gap_filled,19.0258,2005.51,2.457,49.28,1
RMD,2024-09-04,2024-09-05,2024-09-06,2-3%,-2.042,239.9,244.9,tp_gap_filled,8.3626,2006.2,2.084,41.81,1
HOOD,2024-09-04,2024-09-05,2024-09-06,1-2%,-1.859,19.01,19.37,tp_gap_filled,105.5767,2007.01,1.894,38.01,1
PLTR,2024-09-04,2024-09-05,2024-09-06,1-2%,-1.672,30.0,30.51,tp_gap_filled,66.9523,2008.57,1.7,34.15,1
AVGO,2024-09-04,2024-09-05,2024-09-06,1-2%,-1.63,150.3,138.276,stop,13.3652,2008.78,-8.0,-160.7,1
CMG,2024-09-04,2024-09-05,2024-09-06,1-2%,-1.626,52.65,53.52,tp_gap_filled,38.1663,2009.46,1.652,33.2,1
NKE,2024-09-04,2024-09-05,2024-09-06,1-2%,-1.5,80.1,81.32,tp_gap_filled,25.0905,2009.75,1.523,30.61,1
VRT,2024-09-04,2024-09-05,2024-09-06,1-2%,-1.489,74.08,75.2,tp_gap_filled,27.1344,2010.11,1.512,30.39,1
LULU,2024-09-04,2024-09-05,2024-09-06,1-2%,-1.488,254.24,258.08,tp_gap_filled,7.9086,2010.69,1.51,30.37,1
RDDT,2024-09-04,2024-09-05,2024-09-06,1-2%,-1.408,56.72,57.53,tp_gap_filled,35.448,2010.61,1.428,28.71,1
MCHP,2024-09-04,2024-09-05,2024-09-06,1-2%,-1.322,75.39,76.4,tp_gap_filled,26.6975,2012.72,1.34,26.96,1
ON,2024-09-04,2024-09-05,2024-09-06,1-2%,-1.23,69.89,70.76,tp_gap_filled,28.8152,2013.89,1.245,25.07,1
HUM,2024-09-04,2024-09-05,2024-09-06,1-2%,-1.177,359.25,363.53,tp_gap_filled,5.6064,2014.1,1.191,24.0,1
ALB,2024-09-04,2024-09-05,2024-09-06,1-2%,-1.177,83.13,76.4796,stop,24.2363,2014.76,-8.0,-161.18,1
META,2024-09-04,2024-09-05,2024-09-06,1-2%,-1.112,506.07,511.76,tp_gap_filled,3.9807,2014.5,1.124,22.65,1
WSM,2024-09-04,2024-09-05,2024-09-06,1-2%,-1.075,129.71,131.12,tp_gap_filled,15.5374,2015.36,1.087,21.91,1
AMZN,2024-09-04,2024-09-05,2024-09-06,1-2%,-1.004,174.48,176.25,tp_gap_filled,11.5485,2014.98,1.014,20.44,1
FLEX,2024-09-04,2024-09-05,2024-09-09,1-2%,-1.248,30.07,30.45,tp_gap_filled,66.9588,2013.45,1.264,25.44,2
APP,2024-09-05,2024-09-06,2024-09-09,1-2%,-1.502,86.56,87.88,tp_gap_filled,23.0036,1991.19,1.525,30.36,1
GEV,2024-09-05,2024-09-06,2024-09-09,1-2%,-1.272,197.09,199.63,tp_gap_filled,10.0791,1986.5,1.289,25.6,1
BKNG,2024-09-05,2024-09-06,2024-09-09,1-2%,-1.182,150.1716,151.9684,tp_gap_filled,13.2298,1986.75,1.196,23.77,1
CDNS,2024-09-04,2024-09-05,2024-09-10,2-3%,-2.829,249.03,256.28,tp_gap_filled,8.0521,2005.22,2.911,58.38,3
WDC,2024-09-04,2024-09-05,2024-09-10,1-2%,-1.744,46.833,47.6644,tp_gap_filled,42.8857,2008.46,1.775,35.66,3
UDR,2024-09-04,2024-09-05,2024-09-10,1-2%,-1.692,44.16,44.92,tp_gap_filled,45.4951,2009.06,1.721,34.58,3
MRVL,2024-09-04,2024-09-05,2024-09-10,1-2%,-1.342,69.08,70.02,tp_gap_filled,29.1293,2012.25,1.361,27.38,3
AMD,2024-09-05,2024-09-06,2024-09-10,1-2%,-1.895,138.2,140.87,tp_gap_filled,14.4343,1994.82,1.932,38.54,2
ANET,2024-09-05,2024-09-06,2024-09-10,1-2%,-1.451,80.33,81.5125,tp_gap_filled,24.7763,1990.28,1.472,29.3,2
SMCI,2024-09-04,2024-09-05,2024-09-11,3-5%,-4.903,42.012,44.178,tp_gap_filled,47.741,2005.69,5.156,103.41,4
AMAT,2024-09-04,2024-09-05,2024-09-11,1-2%,-1.843,179.99,183.37,tp_gap_filled,11.1584,2008.41,1.878,37.72,4
LRCX,2024-09-04,2024-09-05,2024-09-11,1-2%,-1.723,75.253,76.572,tp_gap_filled,26.6951,2008.88,1.753,35.21,4
KLAC,2024-09-05,2024-09-06,2024-09-11,2-3%,-2.594,72.578,74.511,tp_gap_filled,27.5083,1996.5,2.663,53.17,3
TER,2024-09-05,2024-09-06,2024-09-11,2-3%,-2.162,124.02,126.76,tp_gap_filled,16.0913,1995.65,2.209,44.09,3
MPWR,2024-09-05,2024-09-06,2024-09-11,1-2%,-1.741,835.7,850.51,tp_gap_filled,2.3843,1992.59,1.772,35.31,3
QCOM,2024-09-05,2024-09-06,2024-09-11,1-2%,-1.361,163.08,165.33,tp_gap_filled,12.199,1989.41,1.38,27.45,3
MU,2024-09-05,2024-09-06,2024-09-11,1-2%,-1.333,88.1,89.29,tp_gap_filled,22.5677,1988.22,1.351,26.86,3
AVGO,2024-09-06,2024-09-10,2024-09-11,5-10%,-6.262,143.25,152.82,tp_gap_filled,13.9735,2001.7,6.681,133.73,1
CRH,2024-09-09,2024-09-10,2024-09-11,1-2%,-1.711,83.87,85.33,tp_gap_filled,23.8925,2003.86,1.741,34.88,1
APO,2024-09-09,2024-09-10,2024-09-11,1-2%,-1.657,106.21,108.0,tp_gap_filled,18.8748,2004.69,1.685,33.79,1
DG,2024-09-04,2024-09-06,2024-09-12,2-3%,-2.459,81.73,83.79,tp_gap_filled,24.4125,1995.23,2.52,50.29,4
SPG,2024-09-09,2024-09-10,2024-09-12,1-2%,-1.465,162.09,164.5,tp_gap_filled,12.369,2004.89,1.487,29.81,2
ALB,2024-09-06,2024-09-11,2024-09-12,1-2%,-1.646,81.24,82.6,tp_gap_filled,24.8309,2017.26,1.674,33.77,1
ON,2024-09-10,2024-09-11,2024-09-12,1-2%,-1.542,68.32,69.39,tp_gap_filled,29.5852,2021.26,1.566,31.66,1
DECK,2024-09-10,2024-09-11,2024-09-12,1-2%,-1.352,147.0,149.015,tp_gap_filled,13.7592,2022.6,1.371,27.72,1
ADI,2024-09-05,2024-09-11,2024-09-12,1-2%,-1.046,219.48,221.8,tp_gap_filled,9.2211,2023.85,1.057,21.39,1
SW,2024-09-04,2024-09-05,2024-09-13,1-2%,-1.357,45.08,45.7,tp_gap_filled,44.6322,2012.02,1.375,27.67,6
SWKS,2024-09-05,2024-09-06,2024-09-13,1-2%,-1.297,101.19,102.52,tp_gap_filled,19.6407,1987.44,1.314,26.12,5
APTV,2024-09-10,2024-09-12,2024-09-13,2-3%,-2.939,67.05,69.08,tp_gap_filled,30.1763,2023.32,3.028,61.26,1
PLTR,2024-09-11,2024-09-12,2024-09-13,2-3%,-2.158,34.01,34.76,tp_gap_filled,59.4949,2023.42,2.205,44.62,1
CIEN,2024-09-05,2024-09-12,2024-09-13,1-2%,-1.675,54.01,54.93,tp_gap_filled,37.4837,2024.49,1.703,34.49,1
FITB,2024-09-11,2024-09-12,2024-09-13,1-2%,-1.66,40.29,40.97,tp_gap_filled,50.2577,2024.88,1.688,34.18,1
DELL,2024-09-04,2024-09-12,2024-09-13,1-2%,-1.598,109.0,110.77,tp_gap_filled,18.5846,2025.72,1.624,32.89,1
F,2024-09-10,2024-09-12,2024-09-13,1-2%,-1.595,10.49,10.66,tp_gap_filled,193.2211,2026.89,1.621,32.85,1
KR,2024-09-11,2024-09-12,2024-09-13,1-2%,-1.568,51.48,52.3,tp_gap_filled,39.3821,2027.39,1.593,32.29,1
EXR,2024-09-11,2024-09-12,2024-09-13,1-2%,-1.561,174.68,177.45,tp_gap_filled,11.6231,2030.32,1.586,32.2,1
WY,2024-09-11,2024-09-12,2024-09-13,1-2%,-1.457,30.44,30.89,tp_gap_filled,66.7153,2030.82,1.478,30.02,1
ROK,2024-09-11,2024-09-12,2024-09-13,1-2%,-1.42,258.27,261.99,tp_gap_filled,7.8682,2032.11,1.44,29.27,1
LEN,2024-09-11,2024-09-12,2024-09-13,1-2%,-1.343,172.1297,174.4724,tp_gap_filled,11.8054,2032.07,1.361,27.66,1
NTRS,2024-09-11,2024-09-12,2024-09-13,1-2%,-1.334,87.29,88.47,tp_gap_filled,23.2888,2032.88,1.352,27.48,1
PHM,2024-09-11,2024-09-12,2024-09-13,1-2%,-1.281,131.0,132.7,tp_gap_filled,15.5188,2032.96,1.298,26.38,1
CFG,2024-09-11,2024-09-12,2024-09-13,1-2%,-1.275,39.49,40.0,tp_gap_filled,51.5108,2034.16,1.291,26.27,1
CPT,2024-09-11,2024-09-12,2024-09-13,1-2%,-1.275,121.6,123.17,tp_gap_filled,16.7302,2034.39,1.291,26.27,1
CI,2024-09-05,2024-09-12,2024-09-13,1-2%,-1.249,362.06,366.64,tp_gap_filled,5.6203,2034.89,1.265,25.74,1
PSA,2024-09-11,2024-09-12,2024-09-13,1-2%,-1.239,354.69,359.14,tp_gap_filled,5.7371,2034.9,1.255,25.53,1
CBRE,2024-09-11,2024-09-12,2024-09-13,1-2%,-1.224,115.37,116.8,tp_gap_filled,17.6425,2035.41,1.239,25.23,1
DHI,2024-09-11,2024-09-12,2024-09-13,1-2%,-1.216,185.25,187.53,tp_gap_filled,10.9914,2036.15,1.231,25.06,1
EQIX,2024-09-11,2024-09-12,2024-09-13,1-2%,-1.191,854.48,864.78,tp_gap_filled,2.3838,2036.94,1.205,24.55,1
HBAN,2024-09-11,2024-09-12,2024-09-13,1-2%,-1.19,14.12,14.29,tp_gap_filled,144.3074,2037.62,1.204,24.53,1
MS,2024-09-11,2024-09-12,2024-09-13,1-2%,-1.17,95.49,96.62,tp_gap_filled,21.341,2037.85,1.183,24.12,1
SBAC,2024-09-11,2024-09-12,2024-09-13,1-2%,-1.159,239.72,242.53,tp_gap_filled,8.503,2038.34,1.172,23.89,1
CRH,2024-09-11,2024-09-12,2024-09-13,1-2%,-1.145,84.63,85.61,tp_gap_filled,24.0856,2038.36,1.158,23.6,1
FAST,2024-09-11,2024-09-12,2024-09-13,1-2%,-1.136,33.945,34.335,tp_gap_filled,60.0778,2039.34,1.149,23.43,1
TFC,2024-09-11,2024-09-12,2024-09-13,1-2%,-1.121,41.45,41.92,tp_gap_filled,49.228,2040.5,1.134,23.14,1
ARE,2024-09-11,2024-09-12,2024-09-13,1-2%,-1.119,118.42,119.76,tp_gap_filled,17.2326,2040.68,1.132,23.09,1
INTC,2024-09-04,2024-09-05,2024-09-16,1-2%,-1.692,19.76,20.1,tp_gap_filled,101.6853,2009.3,1.721,34.57,7
COR,2024-09-05,2024-09-09,2024-09-16,2-3%,-2.272,237.87,243.4,tp_gap_filled,8.4274,2004.64,2.325,46.6,5
PEP,2024-09-06,2024-09-09,2024-09-16,1-2%,-1.037,177.44,179.3,tp_gap_filled,11.2916,2003.58,1.048,21.0,5
MRK,2024-09-09,2024-09-10,2024-09-16,3-5%,-3.98,113.15,117.84,tp_gap_filled,17.703,2003.09,4.145,83.03,4
GM,2024-09-10,2024-09-12,2024-09-16,2-3%,-2.996,45.98,47.4,tp_gap_filled,44.0017,2023.2,3.088,62.48,2
RF,2024-09-11,2024-09-12,2024-09-16,1-2%,-1.478,21.99,22.32,tp_gap_filled,92.3568,2030.93,1.501,30.48,2
GEV,2024-09-12,2024-09-13,2024-09-16,3-5%,-4.375,200.0,209.15,tp_gap_filled,10.2334,2046.68,4.575,93.64,1
CRWD,2024-09-04,2024-09-13,2024-09-16,2-3%,-2.311,65.11,66.65,tp_gap_filled,31.5445,2053.86,2.365,48.58,1
UHS,2024-09-12,2024-09-13,2024-09-16,1-2%,-1.523,226.27,229.77,tp_gap_filled,9.0707,2052.42,1.547,31.75,1
TSLA,2024-09-12,2024-09-13,2024-09-16,1-2%,-1.521,224.66,228.13,tp_gap_filled,9.1408,2053.57,1.545,31.72,1
ULTA,2024-09-10,2024-09-13,2024-09-16,1-2%,-1.059,377.53,381.57,tp_gap_filled,5.4351,2051.91,1.07,21.96,1
MPWR,2024-09-12,2024-09-13,2024-09-16,1-2%,-1.032,885.92,895.16,tp_gap_filled,2.3162,2051.99,1.043,21.4,1
ODFL,2024-09-05,2024-09-06,2024-09-17,3-5%,-4.309,187.21,195.64,tp_gap_filled,10.6672,1997.01,4.503,89.92,7
ROL,2024-09-11,2024-09-12,2024-09-17,2-3%,-2.23,49.99,51.13,tp_gap_filled,40.474,2023.29,2.28,46.14,3
COF,2024-09-10,2024-09-13,2024-09-17,1-2%,-1.641,140.26,142.6,tp_gap_filled,14.6418,2053.65,1.668,34.26,2
FSLR,2024-09-12,2024-09-13,2024-09-17,1-2%,-1.288,236.75,239.84,tp_gap_filled,8.6783,2054.59,1.305,26.82,2
FERG,2024-09-04,2024-09-16,2024-09-17,2-3%,-2.486,197.32,202.35,tp_gap_filled,10.3978,2051.7,2.549,52.3,1
GILD,2024-09-13,2024-09-16,2024-09-17,1-2%,-1.455,81.95,83.16,tp_gap_filled,25.0358,2051.68,1.477,30.29,1
NRG,2024-09-13,2024-09-16,2024-09-17,1-2%,-1.316,78.75,79.8,tp_gap_filled,26.0608,2052.29,1.333,27.36,1
META,2024-09-13,2024-09-16,2024-09-17,1-2%,-1.001,520.34,525.6,tp_gap_filled,3.9462,2053.37,1.011,20.76,1
COHR,2024-09-16,2024-09-17,2024-09-18,3-5%,-3.001,75.64,77.98,tp_gap_filled,27.2124,2058.35,3.094,63.68,1
AAPL,2024-09-16,2024-09-17,2024-09-18,2-3%,-2.679,216.54,222.5,tp_gap_filled,9.5114,2059.59,2.752,56.69,1
LRCX,2024-09-16,2024-09-17,2024-09-18,2-3%,-2.372,75.146,76.972,tp_gap_filled,27.4085,2059.64,2.43,50.05,1
TER,2024-09-16,2024-09-17,2024-09-18,2-3%,-2.202,128.34,131.23,tp_gap_filled,16.0545,2060.44,2.252,46.4,1
KLAC,2024-09-16,2024-09-17,2024-09-18,2-3%,-2.196,73.5,75.15,tp_gap_filled,28.0391,2060.88,2.245,46.26,1
SMCI,2024-09-16,2024-09-17,2024-09-18,2-3%,-2.187,44.716,45.716,tp_gap_filled,46.0939,2061.13,2.236,46.09,1
AMAT,2024-09-16,2024-09-17,2024-09-18,1-2%,-1.841,185.0,188.47,tp_gap_filled,11.1281,2058.69,1.876,38.61,1
JBL,2024-09-16,2024-09-17,2024-09-18,1-2%,-1.728,104.07,105.9,tp_gap_filled,19.7895,2059.49,1.758,36.21,1
DELL,2024-09-16,2024-09-17,2024-09-18,1-2%,-1.68,112.38,114.3,tp_gap_filled,18.3358,2060.58,1.708,35.2,1
QCOM,2024-09-16,2024-09-17,2024-09-18,1-2%,-1.669,164.93,167.73,tp_gap_filled,12.5035,2062.21,1.698,35.01,1
HOOD,2024-09-16,2024-09-17,2024-09-18,1-2%,-1.658,21.704,22.07,tp_gap_filled,95.0586,2063.15,1.686,34.79,1
FLEX,2024-09-16,2024-09-17,2024-09-18,1-2%,-1.577,29.33,29.8,tp_gap_filled,70.4034,2064.93,1.602,33.09,1
VRT,2024-09-16,2024-09-17,2024-09-18,1-2%,-1.539,84.44,85.76,tp_gap_filled,24.4798,2067.07,1.563,32.31,1
WDC,2024-09-16,2024-09-17,2024-09-18,1-2%,-1.446,48.4354,49.1459,tp_gap_filled,42.6916,2067.79,1.467,30.33,1
SYF,2024-09-10,2024-09-17,2024-09-18,1-2%,-1.412,47.49,48.17,tp_gap_filled,43.5661,2068.95,1.432,29.62,1
ADI,2024-09-16,2024-09-17,2024-09-18,1-2%,-1.344,222.39,225.42,tp_gap_filled,9.3077,2069.95,1.362,28.2,1
ANET,2024-09-16,2024-09-17,2024-09-18,1-2%,-1.287,88.7825,89.94,tp_gap_filled,23.321,2070.5,1.304,26.99,1
ON,2024-09-16,2024-09-17,2024-09-18,1-2%,-1.283,70.8,71.72,tp_gap_filled,29.2539,2071.18,1.299,26.91,1
LITE,2024-09-16,2024-09-17,2024-09-18,1-2%,-1.201,55.11,55.78,tp_gap_filled,37.5892,2071.54,1.216,25.18,1
APP,2024-09-16,2024-09-17,2024-09-18,1-2%,-1.048,111.4,112.58,tp_gap_filled,18.6175,2073.99,1.059,21.97,1
MCHP,2024-09-16,2024-09-17,2024-09-18,1-2%,-1.044,76.81,77.62,tp_gap_filled,27.0609,2078.55,1.055,21.92,1
HPE,2024-09-05,2024-09-06,2024-09-19,5-10%,-8.631,17.15,18.77,tp_gap_filled,116.4172,1996.55,9.446,188.6,9
GDDY,2024-09-05,2024-09-06,2024-09-19,1-2%,-1.888,154.32,157.29,tp_gap_filled,12.9193,1993.71,1.925,38.37,9
NXPI,2024-09-05,2024-09-06,2024-09-19,1-2%,-1.126,236.17,238.86,tp_gap_filled,8.4113,1986.5,1.139,22.63,9
COIN,2024-09-04,2024-09-13,2024-09-19,1-2%,-1.555,166.5,169.13,tp_gap_filled,12.332,2053.27,1.58,32.43,4
MRVL,2024-09-12,2024-09-13,2024-09-19,1-2%,-1.095,74.07,74.89,tp_gap_filled,27.7107,2052.53,1.107,22.72,4
MOS,2024-09-16,2024-09-17,2024-09-19,3-5%,-3.448,25.48,26.39,tp_gap_filled,80.7721,2058.07,3.571,73.5,2
MPWR,2024-09-16,2024-09-17,2024-09-19,2-3%,-2.018,895.65,914.1,tp_gap_filled,2.3005,2060.42,2.06,42.44,2
NVDA,2024-09-16,2024-09-17,2024-09-19,1-2%,-1.94,116.79,119.1,tp_gap_filled,17.6309,2059.11,1.978,40.73,2
AVGO,2024-09-16,2024-09-17,2024-09-19,1-2%,-1.491,165.19,167.69,tp_gap_filled,12.5217,2068.47,1.513,31.3,2
NUE,2024-09-17,2024-09-18,2024-09-19,2-3%,-2.455,139.45,142.96,tp_gap_filled,14.8254,2067.41,2.517,52.04,1
NOC,2024-09-17,2024-09-18,2024-09-19,1-2%,-1.203,515.0,521.27,tp_gap_filled,4.0164,2068.45,1.217,25.18,1
MU,2024-09-12,2024-09-13,2024-09-20,3-5%,-3.916,87.1,90.65,tp_gap_filled,23.5582,2051.92,4.076,83.63,5
LMT,2024-09-17,2024-09-18,2024-09-20,1-2%,-1.093,566.66,572.92,tp_gap_filled,3.6512,2068.99,1.105,22.86,2
GIS,2024-09-18,2024-09-19,2024-09-20,3-5%,-3.02,72.25,74.5,tp_gap_filled,28.8505,2084.45,3.114,64.91,1
PLTR,2024-09-18,2024-09-19,2024-09-20,1-2%,-1.509,35.9,36.45,tp_gap_filled,58.1262,2086.73,1.532,31.97,1
DVA,2024-09-18,2024-09-19,2024-09-20,1-2%,-1.157,162.32,164.22,tp_gap_filled,12.8623,2087.81,1.171,24.44,1
IRM,2024-09-17,2024-09-18,2024-09-23,1-2%,-1.007,117.0,118.19,tp_gap_filled,17.6778,2068.31,1.017,21.04,3
ED,2024-09-19,2024-09-20,2024-09-23,1-2%,-1.857,101.49,103.41,tp_gap_filled,20.5191,2082.49,1.892,39.4,1
AMCR,2024-09-06,2024-09-09,2024-09-24,1-2%,-1.426,55.3,56.1,tp_gap_filled,36.2461,2004.41,1.447,29.0,11
HPQ,2024-09-05,2024-09-17,2024-09-24,1-2%,-1.387,34.84,35.33,tp_gap_filled,59.427,2070.44,1.406,29.12,5
STLD,2024-09-20,2024-09-23,2024-09-24,2-3%,-2.889,116.62,120.09,tp_gap_filled,17.8873,2086.01,2.975,62.07,1
DECK,2024-09-20,2024-09-23,2024-09-24,2-3%,-2.715,147.98,152.11,tp_gap_filled,14.1076,2087.64,2.791,58.26,1
WSM,2024-09-20,2024-09-23,2024-09-24,2-3%,-2.679,146.06,150.08,tp_gap_filled,14.3051,2089.4,2.752,57.51,1
PLTR,2024-09-20,2024-09-23,2024-09-24,2-3%,-2.226,36.01,36.83,tp_gap_filled,58.0873,2091.72,2.277,47.63,1
NXPI,2024-09-20,2024-09-23,2024-09-24,2-3%,-2.224,233.41,238.72,tp_gap_filled,8.9712,2093.98,2.275,47.64,1
UNP,2024-09-20,2024-09-23,2024-09-24,1-2%,-1.996,243.48,248.44,tp_gap_filled,8.5991,2093.7,2.037,42.65,1
MCHP,2024-09-20,2024-09-23,2024-09-24,1-2%,-1.992,77.26,78.83,tp_gap_filled,27.1006,2093.79,2.032,42.55,1
TRGP,2024-09-20,2024-09-23,2024-09-24,1-2%,-1.912,149.3,152.21,tp_gap_filled,14.0233,2093.68,1.949,40.81,1
FSLR,2024-09-20,2024-09-23,2024-09-24,1-2%,-1.788,236.15,240.45,tp_gap_filled,8.8733,2095.43,1.821,38.16,1
LRCX,2024-09-20,2024-09-23,2024-09-24,1-2%,-1.625,77.625,78.907,tp_gap_filled,27.0243,2097.76,1.652,34.65,1
TXN,2024-09-20,2024-09-23,2024-09-24,1-2%,-1.551,204.38,207.6,tp_gap_filled,10.2661,2098.18,1.575,33.06,1
RSG,2024-09-20,2024-09-23,2024-09-24,1-2%,-1.473,197.95,200.91,tp_gap_filled,10.5982,2097.92,1.495,31.37,1
LYB,2024-09-20,2024-09-23,2024-09-24,1-2%,-1.311,94.83,96.09,tp_gap_filled,22.1336,2098.93,1.329,27.89,1
FANG,2024-09-20,2024-09-23,2024-09-24,1-2%,-1.299,179.27,181.63,tp_gap_filled,11.7052,2098.39,1.316,27.62,1
MPWR,2024-09-20,2024-09-23,2024-09-24,1-2%,-1.293,899.34,911.12,tp_gap_filled,2.3348,2099.79,1.31,27.5,1
KLAC,2024-09-20,2024-09-23,2024-09-24,1-2%,-1.266,76.265,77.243,tp_gap_filled,27.5291,2099.5,1.282,26.92,1
AMAT,2024-09-20,2024-09-23,2024-09-24,1-2%,-1.2,194.35,196.71,tp_gap_filled,10.802,2099.38,1.214,25.49,1
TAP,2024-09-20,2024-09-23,2024-09-24,1-2%,-1.193,54.66,55.32,tp_gap_filled,38.4046,2099.2,1.207,25.35,1
INTC,2024-09-20,2024-09-23,2024-09-24,1-2%,-1.183,20.89,21.14,tp_gap_filled,100.5029,2099.51,1.197,25.13,1
SMCI,2024-09-23,2024-09-24,2024-09-25,1-2%,-1.456,45.061,45.727,tp_gap_filled,46.547,2097.45,1.478,31.0,1
NKE,2024-09-23,2024-09-24,2024-09-25,1-2%,-1.294,85.4,86.52,tp_gap_filled,24.5745,2098.66,1.311,27.52,1
ULTA,2024-09-23,2024-09-24,2024-09-25,1-2%,-1.214,397.13,402.01,tp_gap_filled,5.2871,2099.68,1.229,25.8,1
MPC,2024-09-23,2024-09-24,2024-09-25,1-2%,-1.15,162.5,164.39,tp_gap_filled,12.9252,2100.35,1.163,24.43,1
UPS,2024-09-20,2024-09-23,2024-09-26,2-3%,-2.747,128.5,132.13,tp_gap_filled,16.2456,2087.56,2.825,58.97,3
PPG,2024-09-20,2024-09-23,2024-09-26,1-2%,-1.455,127.35,129.23,tp_gap_filled,16.4817,2098.95,1.476,30.99,3
ON,2024-09-20,2024-09-24,2024-09-26,3-5%,-3.149,71.04,73.35,tp_gap_filled,29.5388,2098.43,3.252,68.23,2
VLO,2024-09-20,2024-09-24,2024-09-26,1-2%,-1.464,136.66,138.69,tp_gap_filled,15.3566,2098.63,1.485,31.17,2
RVTY,2024-09-20,2024-09-24,2024-09-26,1-2%,-1.225,124.93,126.48,tp_gap_filled,16.8068,2099.68,1.241,26.05,2
WBD,2024-09-20,2024-09-24,2024-09-26,1-2%,-1.19,8.3,8.4,tp_gap_filled,253.0419,2100.25,1.205,25.3,2
AZO,2024-09-24,2024-09-25,2024-09-26,3-5%,-4.229,2919.8799,3048.8201,tp_gap_filled,0.7136,2083.55,4.416,92.01,1
TER,2024-09-20,2024-09-25,2024-09-26,1-2%,-1.203,132.21,133.82,tp_gap_filled,15.7745,2085.54,1.218,25.4,1
VTR,2024-09-24,2024-09-25,2024-09-26,1-2%,-1.199,63.44,64.21,tp_gap_filled,32.8664,2085.04,1.214,25.31,1
CEG,2024-09-24,2024-09-25,2024-09-26,1-2%,-1.182,254.08,257.12,tp_gap_filled,8.21,2086.0,1.196,24.96,1
WELL,2024-09-24,2024-09-25,2024-09-26,1-2%,-1.143,127.12,128.59,tp_gap_filled,16.421,2087.44,1.156,24.14,1
SW,2024-09-20,2024-09-25,2024-09-26,1-2%,-1.142,48.46,49.02,tp_gap_filled,43.0888,2088.08,1.156,24.13,1
INCY,2024-09-18,2024-09-19,2024-09-27,1-2%,-1.776,65.25,66.43,tp_gap_filled,31.9651,2085.73,1.808,37.72,6
F,2024-09-25,2024-09-26,2024-09-27,2-3%,-2.576,10.59,10.87,tp_gap_filled,198.2195,2099.14,2.644,55.5,1
TXT,2024-09-25,2024-09-26,2024-09-27,1-2%,-1.938,85.0,86.68,tp_gap_filled,24.7,2099.5,1.976,41.5,1
CDNS,2024-09-25,2024-09-26,2024-09-27,1-2%,-1.811,268.37,273.32,tp_gap_filled,7.826,2100.27,1.844,38.74,1
EXPE,2024-09-25,2024-09-26,2024-09-27,1-2%,-1.548,145.63,147.92,tp_gap_filled,14.4283,2101.19,1.572,33.04,1
ADI,2024-09-25,2024-09-26,2024-09-27,1-2%,-1.421,224.1,227.33,tp_gap_filled,9.3807,2102.2,1.441,30.3,1
ACN,2024-09-25,2024-09-26,2024-09-27,1-2%,-1.319,335.14,339.62,tp_gap_filled,6.2773,2103.77,1.337,28.12,1
LVS,2024-09-25,2024-09-26,2024-09-27,1-2%,-1.104,43.89,44.38,tp_gap_filled,47.992,2106.37,1.116,23.52,1
ROK,2024-09-20,2024-09-26,2024-09-27,1-2%,-1.074,265.35,268.23,tp_gap_filled,7.9544,2110.7,1.085,22.91,1
AAPL,2024-09-25,2024-09-26,2024-09-27,1-2%,-1.073,224.93,227.37,tp_gap_filled,9.3879,2111.62,1.085,22.91,1
MCHP,2024-09-25,2024-09-26,2024-09-27,1-2%,-1.071,76.67,77.5,tp_gap_filled,27.548,2112.11,1.083,22.86,1
MOS,2024-09-20,2024-09-26,2024-09-27,1-2%,-1.01,26.46,26.73,tp_gap_filled,79.8984,2114.11,1.02,21.57,1
CHD,2024-09-17,2024-09-18,2024-09-30,1-2%,-1.064,104.1,105.22,tp_gap_filled,19.8742,2068.9,1.076,22.26,8
CVNA,2024-09-23,2024-09-24,2024-09-30,1-2%,-1.927,34.1,34.77,tp_gap_filled,61.5276,2098.09,1.965,41.22,4
XOM,2024-09-26,2024-09-27,2024-09-30,3-5%,-3.163,111.14,114.77,tp_gap_filled,18.9889,2110.43,3.266,68.93,1
BKR,2024-09-26,2024-09-27,2024-09-30,2-3%,-2.302,35.22,36.05,tp_gap_filled,59.995,2113.02,2.357,49.8,1
APA,2024-09-26,2024-09-27,2024-09-30,2-3%,-2.157,24.04,24.57,tp_gap_filled,87.9535,2114.4,2.205,46.62,1
GEHC,2024-09-26,2024-09-27,2024-09-30,2-3%,-2.14,91.02,93.01,tp_gap_filled,23.2396,2115.27,2.186,46.25,1
CVX,2024-09-26,2024-09-27,2024-09-30,2-3%,-2.132,140.9,143.97,tp_gap_filled,15.0157,2115.72,2.179,46.1,1
HAL,2024-09-26,2024-09-27,2024-09-30,2-3%,-2.009,28.29,28.87,tp_gap_filled,74.8354,2117.09,2.05,43.4,1
OXY,2024-09-26,2024-09-27,2024-09-30,1-2%,-1.78,50.21,51.12,tp_gap_filled,42.1755,2117.63,1.812,38.38,1
SLB,2024-09-26,2024-09-27,2024-09-30,1-2%,-1.746,41.08,41.81,tp_gap_filled,51.5658,2118.33,1.777,37.64,1
PFE,2024-09-26,2024-09-27,2024-09-30,1-2%,-1.555,28.48,28.93,tp_gap_filled,74.4232,2119.57,1.58,33.49,1
PM,2024-09-26,2024-09-27,2024-09-30,1-2%,-1.224,120.2,121.69,tp_gap_filled,17.6413,2120.48,1.24,26.29,1
DXCM,2024-09-04,2024-09-09,2024-10-01,1-2%,-1.258,71.45,65.734,stop,28.0554,2004.56,-8.0,-160.36,16
HUM,2024-09-11,2024-09-12,2024-10-01,3-5%,-4.619,330.42,280.857,stop,6.1253,2023.93,-15.0,-303.59,13
COP,2024-09-26,2024-09-27,2024-10-01,2-3%,-2.582,103.0,105.73,tp_gap_filled,20.5079,2112.32,2.65,55.99,2
EOG,2024-09-26,2024-09-27,2024-10-01,2-3%,-2.232,121.78,124.56,tp_gap_filled,17.3606,2114.17,2.283,48.26,2
DVN,2024-09-26,2024-09-30,2024-10-01,1-2%,-1.508,39.2,39.8,tp_gap_filled,54.202,2124.72,1.531,32.52,1
WDAY,2024-09-05,2024-09-06,2024-10-02,1-2%,-1.102,255.75,235.29,stop,7.7611,1984.91,-8.0,-158.79,18
UNH,2024-09-11,2024-09-12,2024-10-02,1-2%,-1.651,589.14,599.03,tp_gap_filled,3.4385,2025.77,1.679,34.01,14
FANG,2024-09-26,2024-10-01,2024-10-02,2-3%,-2.487,176.04,180.53,tp_gap_filled,11.939,2101.74,2.551,53.61,1
NVDA,2024-09-30,2024-10-01,2024-10-03,2-3%,-2.545,118.31,121.4,tp_gap_filled,17.7677,2102.09,2.612,54.9,2
OKE,2024-09-26,2024-10-01,2024-10-03,2-3%,-2.08,92.72,94.69,tp_gap_filled,22.6714,2102.09,2.125,44.66,2
EOG,2024-10-01,2024-10-02,2024-10-03,1-2%,-1.725,120.81,122.93,tp_gap_filled,17.3466,2095.64,1.755,36.77,1
GD,2024-10-01,2024-10-02,2024-10-03,1-2%,-1.509,297.64,302.2,tp_gap_filled,7.0496,2098.25,1.532,32.15,1
INVH,2024-09-06,2024-09-13,2024-10-04,1-2%,-1.019,36.9,33.948,stop,55.645,2053.3,-8.0,-164.26,15
JPM,2024-09-30,2024-10-01,2024-10-04,1-2%,-1.99,206.31,210.5,tp_gap_filled,10.188,2101.89,2.031,42.69,3
AMAT,2024-09-30,2024-10-01,2024-10-04,1-2%,-1.913,201.0,204.92,tp_gap_filled,10.4579,2102.04,1.95,40.99,3
PLD,2024-09-11,2024-09-12,2024-10-07,1-2%,-1.276,130.71,120.2532,stop,15.5634,2034.29,-8.0,-162.74,17
ODFL,2024-09-20,2024-09-25,2024-10-07,1-2%,-1.105,202.26,186.0792,stop,10.3209,2087.51,-8.0,-167.0,8
FCX,2024-10-03,2024-10-04,2024-10-07,2-3%,-2.322,49.64,50.82,tp_gap_filled,42.1747,2093.55,2.377,49.77,1
ALB,2024-10-03,2024-10-04,2024-10-07,2-3%,-2.147,92.05,94.07,tp_gap_filled,22.752,2094.32,2.194,45.96,1
WYNN,2024-10-03,2024-10-04,2024-10-07,2-3%,-2.029,99.97,102.04,tp_gap_filled,20.9952,2098.89,2.071,43.46,1
PANW,2024-09-04,2024-09-05,2024-10-08,3-5%,-3.315,171.65,177.535,tp_gap_filled,11.6817,2005.17,3.428,68.75,23
CPRT,2024-09-05,2024-09-06,2024-10-08,5-10%,-5.749,50.0,53.05,tp_gap_filled,39.9488,1997.44,6.1,121.84,22
NOW,2024-09-25,2024-10-01,2024-10-08,2-3%,-2.721,179.694,184.72,tp_gap_filled,11.7063,2103.56,2.797,58.84,5
ECHO,2024-10-01,2024-10-02,2024-10-08,2-3%,-2.659,24.16,24.82,tp_gap_filled,86.7258,2095.29,2.732,57.24,4
LLY,2024-09-27,2024-10-07,2024-10-08,1-2%,-1.727,893.62,909.32,tp_gap_filled,2.325,2077.71,1.757,36.5,1
AMT,2024-09-11,2024-09-16,2024-10-09,1-2%,-1.079,240.21,220.9932,stop,8.5481,2053.35,-8.0,-164.27,17
CIEN,2024-10-07,2024-10-08,2024-10-09,3-5%,-3.299,64.49,66.69,tp_gap_filled,32.4195,2090.73,3.411,71.32,1
ALB,2024-10-07,2024-10-08,2024-10-09,2-3%,-2.165,99.88,102.09,tp_gap_filled,20.9391,2091.4,2.213,46.28,1
BA,2024-09-12,2024-09-13,2024-10-10,1-2%,-1.184,159.42,146.6664,stop,12.8793,2053.21,-8.0,-164.26,19
HPQ,2024-09-27,2024-09-30,2024-10-10,2-3%,-2.958,35.76,36.85,tp_gap_filled,59.4124,2124.59,3.048,64.76,8
PEP,2024-09-20,2024-09-23,2024-10-11,1-2%,-1.197,172.57,174.66,tp_gap_filled,12.165,2099.31,1.211,25.42,14
FFIV,2024-09-25,2024-09-26,2024-10-11,1-2%,-1.462,220.33,223.6,tp_gap_filled,9.5403,2102.01,1.484,31.2,11
F,2024-09-30,2024-10-01,2024-10-11,2-3%,-2.783,10.48,10.78,tp_gap_filled,200.6178,2102.47,2.863,60.19,8
AME,2024-10-07,2024-10-08,2024-10-11,2-3%,-2.275,166.24,170.11,tp_gap_filled,12.5796,2091.23,2.328,48.68,3
ARES,2024-10-08,2024-10-09,2024-10-11,3-5%,-3.463,155.0,160.56,tp_gap_filled,13.5803,2104.94,3.587,75.51,2
LVS,2024-10-08,2024-10-09,2024-10-11,3-5%,-3.281,51.58,53.33,tp_gap_filled,40.826,2105.8,3.393,71.45,2
DELL,2024-09-27,2024-10-10,2024-10-11,1-2%,-1.969,124.0,126.49,tp_gap_filled,16.9213,2098.24,2.008,42.13,1
NSC,2024-09-12,2024-09-13,2024-10-14,1-2%,-1.092,251.0,253.77,tp_gap_filled,8.1783,2052.76,1.104,22.65,21
PCG,2024-09-24,2024-09-25,2024-10-14,1-2%,-1.048,19.82,20.03,tp_gap_filled,105.2944,2086.94,1.06,22.11,13
TDG,2024-10-04,2024-10-07,2024-10-14,3-5%,-4.446,1356.0,1419.09,tp_gap_filled,1.5329,2078.66,4.653,96.71,5
SBAC,2024-10-04,2024-10-07,2024-10-14,2-3%,-2.38,234.2,239.91,tp_gap_filled,8.8757,2078.68,2.438,50.68,5
GNRC,2024-10-10,2024-10-11,2024-10-14,3-5%,-3.958,165.47,172.29,tp_gap_filled,12.7655,2112.31,4.122,87.06,1
HII,2024-10-10,2024-10-11,2024-10-14,3-5%,-3.468,249.13,258.08,tp_gap_filled,8.4871,2114.38,3.592,75.96,1
SMCI,2024-10-10,2024-10-11,2024-10-14,3-5%,-3.151,45.8,47.29,tp_gap_filled,46.2035,2116.12,3.253,68.84,1
HUBB,2024-10-10,2024-10-11,2024-10-14,2-3%,-2.873,436.5,449.41,tp_gap_filled,4.8522,2117.97,2.958,62.64,1
AMAT,2024-10-10,2024-10-11,2024-10-14,1-2%,-1.97,201.02,205.06,tp_gap_filled,10.5473,2120.22,2.01,42.61,1
LUV,2024-10-10,2024-10-11,2024-10-14,1-2%,-1.958,30.04,30.64,tp_gap_filled,70.6082,2121.07,1.997,42.36,1
COR,2024-09-18,2024-09-20,2024-10-15,1-2%,-1.723,230.49,234.53,tp_gap_filled,9.0384,2083.25,1.753,36.51,17
GM,2024-09-23,2024-09-24,2024-10-15,2-3%,-2.619,47.6,48.88,tp_gap_filled,44.0777,2098.1,2.689,56.42,15
TSN,2024-09-25,2024-09-26,2024-10-15,3-5%,-3.09,58.65,60.52,tp_gap_filled,35.7829,2098.66,3.188,66.91,13
GPN,2024-09-25,2024-09-27,2024-10-15,2-3%,-2.938,100.76,103.81,tp_gap_filled,20.9628,2112.21,3.027,63.94,12
CRH,2024-09-27,2024-09-30,2024-10-15,1-2%,-1.437,91.9,93.24,tp_gap_filled,23.119,2124.63,1.458,30.98,11
UHS,2024-09-30,2024-10-01,2024-10-15,2-3%,-2.544,224.07,229.92,tp_gap_filled,9.3793,2101.63,2.611,54.87,10
ARE,2024-09-30,2024-10-01,2024-10-15,1-2%,-1.785,118.86,121.02,tp_gap_filled,17.6713,2100.42,1.817,38.17,10
CCI,2024-10-04,2024-10-08,2024-10-15,1-2%,-1.977,112.03,114.29,tp_gap_filled,18.6682,2091.4,2.017,42.19,5
VST,2024-10-11,2024-10-14,2024-10-15,5-10%,-5.326,117.5,124.11,tp_gap_filled,18.2143,2140.18,5.626,120.4,1
COIN,2024-09-30,2024-10-14,2024-10-15,3-5%,-3.681,184.19,191.23,tp_gap_filled,11.6486,2145.56,3.822,82.01,1
PEG,2024-10-11,2024-10-14,2024-10-15,1-2%,-1.883,87.03,88.7,tp_gap_filled,24.6814,2148.02,1.919,41.22,1
CVNA,2024-10-11,2024-10-14,2024-10-15,1-2%,-1.195,37.856,38.314,tp_gap_filled,56.7619,2148.78,1.21,26.0,1
STZ,2024-10-07,2024-10-14,2024-10-15,1-2%,-1.119,243.91,246.67,tp_gap_filled,8.8092,2148.65,1.132,24.31,1
BA,2024-10-14,2024-10-15,2024-10-16,1-2%,-2.0,148.0,151.02,tp_gap_filled,14.3997,2131.15,2.041,43.49,1
AZO,2024-10-14,2024-10-15,2024-10-16,1-2%,-1.745,3075.1499,3129.78,tp_gap_filled,0.6931,2131.39,1.777,37.86,1
EXPD,2024-10-14,2024-10-15,2024-10-16,1-2%,-1.723,120.9,123.02,tp_gap_filled,17.6322,2131.74,1.754,37.38,1
STLD,2024-10-14,2024-10-15,2024-10-16,1-2%,-1.178,128.33,129.86,tp_gap_filled,16.6143,2132.12,1.192,25.42,1
KEY,2024-10-14,2024-10-15,2024-10-16,1-2%,-1.103,17.03,17.22,tp_gap_filled,125.1904,2131.99,1.116,23.79,1
AMT,2024-10-09,2024-10-15,2024-10-16,1-2%,-1.017,222.0,224.28,tp_gap_filled,9.6079,2132.96,1.027,21.91,1
ELV,2024-10-02,2024-10-03,2024-10-17,2-3%,-2.378,499.1,444.199,stop,4.1727,2082.58,-11.0,-229.08,10
V,2024-09-24,2024-10-14,2024-10-17,2-3%,-2.928,280.18,288.63,tp_gap_filled,7.6679,2148.39,3.016,64.79,3
MGM,2024-10-08,2024-10-15,2024-10-18,1-2%,-1.825,40.35,41.1,tp_gap_filled,52.8477,2132.41,1.859,39.64,3
T,2024-10-10,2024-10-15,2024-10-18,1-2%,-1.505,21.6,21.93,tp_gap_filled,98.6988,2131.89,1.528,32.57,3
XEL,2024-10-04,2024-10-15,2024-10-18,1-2%,-1.118,63.68,64.4,tp_gap_filled,33.4824,2132.16,1.131,24.11,3
APP,2024-10-14,2024-10-15,2024-10-21,3-5%,-3.898,141.27,147.0,tp_gap_filled,15.0802,2130.39,4.056,86.41,4
NEE,2024-10-04,2024-10-07,2024-10-23,1-2%,-1.834,83.49,85.05,tp_gap_filled,24.9048,2079.3,1.868,38.85,12
IP,2024-10-07,2024-10-08,2024-10-23,2-3%,-2.081,47.52,48.53,tp_gap_filled,44.0142,2091.56,2.125,44.45,11
PYPL,2024-10-10,2024-10-11,2024-10-23,2-3%,-2.094,79.94,81.65,tp_gap_filled,26.5188,2119.92,2.139,45.35,8
LII,2024-10-10,2024-10-14,2024-10-23,1-2%,-1.135,607.82,614.8,tp_gap_filled,3.5351,2148.73,1.148,24.68,7
TSLA,2024-10-02,2024-10-03,2024-10-24,3-5%,-4.058,247.55,258.02,tp_gap_filled,8.4175,2083.74,4.229,88.13,15
FISV,2024-10-22,2024-10-23,2024-10-24,2-3%,-2.658,191.93,197.17,tp_gap_filled,10.9606,2103.66,2.73,57.43,1
RMD,2024-09-18,2024-09-19,2024-10-25,5-10%,-6.876,233.63,250.88,tp_gap_filled,8.9149,2082.78,7.383,153.78,26
NXPI,2024-09-30,2024-10-01,2024-10-25,3-5%,-3.078,237.39,244.93,tp_gap_filled,8.8675,2105.06,3.176,66.86,18
BKR,2024-10-15,2024-10-16,2024-10-25,2-3%,-2.896,36.55,37.64,tp_gap_filled,58.7837,2148.55,2.982,64.07,7
ON,2024-09-30,2024-10-01,2024-10-28,2-3%,-2.796,72.31,74.39,tp_gap_filled,29.086,2103.21,2.877,60.5,19
DHI,2024-09-20,2024-09-23,2024-10-29,2-3%,-2.329,192.47,171.2983,stop,10.8667,2091.51,-11.0,-230.07,26
IBKR,2024-10-16,2024-10-17,2024-10-29,3-5%,-3.105,37.0575,38.245,tp_gap_filled,57.5866,2134.02,3.204,68.38,8
GRMN,2024-09-13,2024-09-16,2024-10-30,5-10%,-5.22,173.22,182.76,tp_gap_filled,11.8453,2051.85,5.507,113.0,32
SWKS,2024-09-16,2024-09-19,2024-10-30,2-3%,-2.342,100.07,89.0623,stop,20.8452,2085.98,-11.0,-229.46,29
VTRS,2024-09-20,2024-10-15,2024-10-30,1-2%,-1.429,11.73,11.9,tp_gap_filled,181.732,2131.72,1.449,30.89,11
ON,2024-10-28,2024-10-29,2024-10-30,5-10%,-5.544,67.3,71.25,tp_gap_filled,31.3905,2112.58,5.869,123.99,1
APTV,2024-09-30,2024-10-01,2024-10-31,3-5%,-3.543,71.61,60.8685,stop,29.4051,2105.7,-15.0,-315.86,22
MCHP,2024-09-30,2024-10-01,2024-10-31,1-2%,-1.911,79.05,72.726,stop,26.5812,2101.25,-8.0,-168.1,22
AVGO,2024-10-10,2024-10-14,2024-10-31,1-2%,-1.285,183.56,168.8752,stop,11.7077,2149.07,-8.0,-171.93,13
COP,2024-10-15,2024-10-16,2024-10-31,3-5%,-3.17,106.0,109.47,tp_gap_filled,20.2725,2148.89,3.274,70.35,11
CVS,2024-10-15,2024-10-16,2024-11-04,3-5%,-4.432,64.47,54.7995,stop,33.3378,2149.29,-15.0,-322.39,13
WYNN,2024-10-08,2024-10-09,2024-11-05,3-5%,-3.674,102.5,87.125,stop,20.5294,2104.27,-15.0,-315.64,19
INTU,2024-09-20,2024-09-23,2024-11-06,1-2%,-1.51,644.36,654.24,tp_gap_filled,3.2561,2098.07,1.533,32.17,32
FERG,2024-09-20,2024-09-24,2024-11-06,2-3%,-2.416,203.15,208.18,tp_gap_filled,10.3299,2098.51,2.476,51.96,31
HUM,2024-10-02,2024-10-03,2024-11-06,10%+,-21.36,219.76,279.45,tp_gap_filled,9.4647,2079.97,27.161,564.95,24
UNH,2024-10-15,2024-10-16,2024-11-06,5-10%,-8.817,552.02,605.4,tp_gap_filled,3.8908,2147.78,9.67,207.69,15
CSX,2024-10-17,2024-10-18,2024-11-06,3-5%,-4.426,33.9,35.47,tp_gap_filled,63.235,2143.67,4.631,99.28,13
PCAR,2024-10-22,2024-10-23,2024-11-06,3-5%,-3.093,106.22,109.61,tp_gap_filled,19.8138,2104.62,3.191,67.17,10
CSGP,2024-10-23,2024-10-24,2024-11-06,5-10%,-5.763,72.44,76.87,tp_gap_filled,29.1844,2114.11,6.115,129.29,9
TXT,2024-10-24,2024-10-25,2024-11-06,5-10%,-5.606,82.0,86.87,tp_gap_filled,25.7822,2114.14,5.939,125.56,8
UNP,2024-10-24,2024-10-25,2024-11-06,3-5%,-4.943,229.42,241.35,tp_gap_filled,9.216,2114.32,5.2,109.95,8
OTIS,2024-10-30,2024-10-31,2024-11-06,3-5%,-4.153,97.16,101.37,tp_gap_filled,21.5834,2097.05,4.333,90.87,4
CAT,2024-10-30,2024-10-31,2024-11-06,3-5%,-3.486,374.0,387.51,tp_gap_filled,5.6083,2097.5,3.612,75.77,4
EBAY,2024-10-31,2024-11-04,2024-11-06,5-10%,-5.972,58.89,62.63,tp_gap_filled,35.7665,2106.29,6.351,133.77,2
ALB,2024-10-11,2024-10-14,2024-11-07,2-3%,-2.244,100.65,102.96,tp_gap_filled,21.3459,2148.47,2.295,49.31,18
COHR,2024-10-18,2024-10-21,2024-11-07,3-5%,-4.722,97.25,102.07,tp_gap_filled,21.7985,2119.9,4.956,105.07,13
HOOD,2024-10-31,2024-11-06,2024-11-07,5-10%,-7.763,26.02,28.21,tp_gap_filled,82.6744,2151.19,8.417,181.06,1
EOG,2024-10-15,2024-10-16,2024-11-08,2-3%,-2.693,127.93,131.47,tp_gap_filled,16.7964,2148.77,2.767,59.46,17
MRNA,2024-09-12,2024-09-13,2024-11-11,10%+,-14.615,67.89,44.1285,stop,30.1435,2046.45,-35.0,-716.26,41
PYPL,2024-10-29,2024-10-30,2024-11-11,5-10%,-6.64,78.04,83.59,tp_gap_filled,27.139,2117.93,7.112,150.62,8
TAP,2024-11-07,2024-11-08,2024-11-11,5-10%,-7.024,52.55,56.52,tp_gap_filled,41.1361,2161.7,7.555,163.31,1
BAX,2024-09-30,2024-10-01,2024-11-12,2-3%,-2.981,37.75,33.5975,stop,55.7389,2104.14,-11.0,-231.46,30
VZ,2024-10-04,2024-10-07,2024-11-12,1-2%,-1.685,43.77,40.2684,stop,47.4739,2077.93,-8.0,-166.23,26
CMG,2024-10-30,2024-10-31,2024-11-12,5-10%,-5.174,57.36,60.49,tp_gap_filled,36.5797,2098.21,5.457,114.49,8
DVA,2024-10-30,2024-11-06,2024-11-12,5-10%,-6.5,148.02,158.31,tp_gap_filled,14.576,2157.54,6.952,149.99,4
TTD,2024-11-08,2024-11-11,2024-11-13,10%+,-12.39,116.11,132.53,tp_gap_filled,18.6491,2165.35,14.142,306.22,2
HUM,2024-11-11,2024-11-12,2024-11-13,5-10%,-5.248,273.0,288.12,tp_gap_filled,7.8785,2150.82,5.538,119.12,1
HOOD,2024-11-12,2024-11-13,2024-11-14,3-5%,-3.232,31.74,32.8,tp_gap_filled,67.7903,2151.66,3.34,71.86,1
TPR,2024-11-12,2024-11-13,2024-11-14,3-5%,-3.106,49.92,51.52,tp_gap_filled,43.1069,2151.89,3.205,68.97,1
VLO,2024-10-15,2024-10-17,2024-11-15,3-5%,-3.308,136.5,141.17,tp_gap_filled,15.6335,2133.97,3.421,73.01,21
ZBH,2024-09-05,2024-09-27,2024-11-18,5-10%,-5.084,108.66,114.48,tp_gap_filled,19.4239,2110.6,5.356,113.05,36
COIN,2024-11-12,2024-11-13,2024-11-18,3-5%,-4.376,310.05,324.24,tp_gap_filled,6.949,2154.54,4.577,98.61,3
EG,2024-10-31,2024-11-06,2024-11-21,3-5%,-4.461,363.05,380.0,tp_gap_filled,5.9371,2155.45,4.669,100.63,11
FDX,2024-09-20,2024-09-24,2024-11-22,10%+,-13.19,210.1289,242.0548,tp_gap_filled,9.9815,2097.41,15.193,318.67,43
HIG,2024-10-25,2024-10-28,2024-11-22,5-10%,-5.587,113.73,120.46,tp_gap_filled,18.6821,2124.72,5.918,125.73,19
F,2024-10-29,2024-10-30,2024-11-22,5-10%,-7.388,10.53,11.37,tp_gap_filled,201.1556,2118.17,7.977,168.97,17
TSLA,2024-11-12,2024-11-13,2024-11-22,2-3%,-2.074,342.74,350.0,tp_gap_filled,6.2819,2153.05,2.118,45.61,7
ESS,2024-09-24,2024-09-25,2024-11-25,2-3%,-2.471,302.0,309.65,tp_gap_filled,6.9078,2086.16,2.533,52.84,43
MCO,2024-09-23,2024-10-15,2024-11-25,1-2%,-1.096,489.24,494.66,tp_gap_filled,4.3601,2133.14,1.108,23.63,29
EXPD,2024-11-06,2024-11-07,2024-11-25,3-5%,-4.598,116.41,122.02,tp_gap_filled,18.5458,2158.92,4.819,104.04,12
ALB,2024-11-12,2024-11-13,2024-11-25,3-5%,-3.53,106.59,110.49,tp_gap_filled,20.1803,2151.02,3.659,78.7,8
KLAC,2024-11-15,2024-11-18,2024-11-25,3-5%,-3.794,62.053,64.5,tp_gap_filled,34.518,2141.95,3.943,84.47,5
J,2024-11-19,2024-11-22,2024-11-25,2-3%,-2.501,135.4852,138.9604,tp_gap_filled,16.0994,2181.24,2.565,55.95,1
KEY,2024-11-07,2024-11-22,2024-11-25,2-3%,-2.053,19.56,19.97,tp_gap_filled,111.5236,2181.4,2.096,45.72,1
SW,2024-11-21,2024-11-22,2024-11-25,1-2%,-1.939,54.62,55.7,tp_gap_filled,39.9394,2181.49,1.977,43.13,1
CEG,2024-11-04,2024-11-05,2024-11-26,5-10%,-9.919,232.5,258.1,tp_gap_filled,9.1588,2129.43,11.011,234.47,15
APP,2024-11-22,2024-11-25,2024-11-26,2-3%,-2.903,309.0,318.24,tp_gap_filled,7.1801,2218.64,2.99,66.34,1
MSFT,2024-11-15,2024-11-25,2024-11-26,1-2%,-1.656,419.82,426.89,tp_gap_filled,5.2884,2220.16,1.684,37.39,1
OMC,2024-11-15,2024-11-25,2024-11-26,1-2%,-1.618,103.34,105.04,tp_gap_filled,21.483,2220.05,1.645,36.52,1
VMRK,2024-09-24,2024-09-25,2024-11-27,2-3%,-2.699,75.35,77.44,tp_gap_filled,27.6875,2086.25,2.774,57.87,45
SBAC,2024-11-06,2024-11-07,2024-11-27,5-10%,-5.159,216.58,228.36,tp_gap_filled,9.9636,2157.92,5.439,117.37,14
AEP,2024-11-06,2024-11-26,2024-11-27,1-2%,-1.265,99.13,100.4,tp_gap_filled,22.2357,2204.22,1.281,28.24,1
ULTA,2024-11-15,2024-11-25,2024-11-29,5-10%,-5.251,362.67,382.77,tp_gap_filled,6.1183,2218.94,5.542,122.98,3
COIN,2024-11-26,2024-11-27,2024-11-29,3-5%,-4.471,298.26,312.22,tp_gap_filled,7.417,2212.19,4.68,103.54,1
WYNN,2024-11-05,2024-11-14,2024-12-02,3-5%,-4.255,91.58,95.65,tp_gap_filled,23.3838,2141.49,4.444,95.17,11
AMZN,2024-11-15,2024-11-26,2024-12-02,2-3%,-2.232,206.76,211.48,tp_gap_filled,10.6705,2206.23,2.283,50.36,3
HRL,2024-09-04,2024-09-05,2024-12-04,5-10%,-9.928,29.85,31.99,time_exit,67.0017,2000.0,7.169,143.38,63
ANET,2024-11-08,2024-11-11,2024-12-04,5-10%,-5.698,101.615,107.755,tp_gap_filled,21.3666,2171.17,6.042,131.19,16
IBM,2024-10-24,2024-11-21,2024-12-04,5-10%,-5.134,220.8,232.75,tp_gap_filled,9.8077,2165.53,5.412,117.2,8
WDAY,2024-11-27,2024-11-29,2024-12-04,10%+,-12.099,237.5,270.19,tp_gap_filled,9.3559,2222.02,13.764,305.84,3
CRM,2024-11-27,2024-12-04,2024-12-05,1-2%,-1.958,336.46,343.18,tp_gap_filled,6.6408,2234.38,1.997,44.63,1
COIN,2024-12-03,2024-12-04,2024-12-05,1-2%,-1.858,296.78,302.4,tp_gap_filled,7.5428,2238.55,1.894,42.39,1
HOOD,2024-12-03,2024-12-04,2024-12-05,1-2%,-1.515,37.05,37.62,tp_gap_filled,60.5588,2243.7,1.538,34.52,1
DVN,2024-10-15,2024-10-16,2024-12-06,3-5%,-3.359,41.43,35.2155,stop,51.8864,2149.65,-15.0,-322.45,36
RDDT,2024-11-22,2024-11-25,2024-12-06,5-10%,-7.98,145.41,158.02,tp_gap_filled,15.2672,2220.01,8.672,192.52,8
STZ,2024-11-26,2024-11-27,2024-12-06,3-5%,-3.658,232.83,241.67,tp_gap_filled,9.5094,2214.08,3.797,84.06,6
ACN,2024-12-03,2024-12-04,2024-12-06,3-5%,-3.481,348.8,361.38,tp_gap_filled,6.4018,2232.94,3.607,80.53,2
HRL,2024-12-04,2024-12-05,2024-12-06,2-3%,-2.514,31.02,31.82,tp_gap_filled,71.4054,2215.0,2.579,57.12,1
DG,2024-11-06,2024-12-05,2024-12-06,1-2%,-1.557,80.3,81.57,tp_gap_filled,27.6167,2217.62,1.582,35.07,1
BF-B,2024-12-04,2024-12-05,2024-12-06,1-2%,-1.425,40.8,41.39,tp_gap_filled,54.344,2217.24,1.446,32.06,1
IDXX,2024-10-31,2024-11-06,2024-12-09,3-5%,-4.673,430.0,451.08,tp_gap_filled,5.0142,2156.11,4.902,105.7,22
INCY,2024-12-05,2024-12-06,2024-12-09,2-3%,-2.144,73.02,74.62,tp_gap_filled,30.4403,2222.75,2.191,48.7,1
ANET,2024-12-05,2024-12-06,2024-12-09,1-2%,-1.916,103.41,105.43,tp_gap_filled,21.5169,2225.06,1.953,43.46,1
CNC,2024-09-04,2024-09-11,2024-12-10,5-10%,-7.628,74.11,56.3236,stop,27.2245,2017.61,-24.0,-484.23,63
XYL,2024-10-31,2024-11-06,2024-12-10,3-5%,-3.732,125.36,130.22,tp_gap_filled,17.1898,2154.91,3.877,83.54,23
KR,2024-12-05,2024-12-06,2024-12-10,2-3%,-2.003,58.71,59.91,tp_gap_filled,37.8899,2224.51,2.044,45.47,2
QCOM,2024-12-09,2024-12-10,2024-12-11,1-2%,-1.273,157.48,159.51,tp_gap_filled,13.9757,2200.9,1.289,28.37,1
LEN,2024-09-20,2024-09-23,2024-12-12,3-5%,-3.617,179.5644,152.6297,stop,11.6167,2085.94,-15.0,-312.89,57
ADBE,2024-09-13,2024-09-16,2024-12-13,5-10%,-9.203,532.57,465.69,time_exit,3.8543,2052.7,-12.558,-257.78,63
FCX,2024-10-08,2024-10-10,2024-12-13,3-5%,-3.583,48.97,41.6245,stop,42.8375,2097.75,-15.0,-314.66,45
PHM,2024-10-22,2024-11-25,2024-12-13,3-5%,-3.937,138.58,117.793,stop,16.012,2218.94,-15.0,-332.84,13
DLTR,2024-09-04,2024-09-17,2024-12-16,10%+,-10.851,72.79,70.03,time_exit,28.2686,2057.67,-3.792,-78.02,63
TER,2024-10-24,2024-12-06,2024-12-16,5-10%,-5.007,118.2,124.43,tp_gap_filled,18.7973,2221.84,5.271,117.11,6
FLEX,2024-12-09,2024-12-10,2024-12-16,1-2%,-1.008,38.3,38.69,tp_gap_filled,57.4572,2200.61,1.018,22.41,4
LDOS,2024-12-12,2024-12-13,2024-12-16,2-3%,-2.247,150.1,153.55,tp_gap_filled,14.4503,2168.99,2.298,49.85,1
GD,2024-12-12,2024-12-13,2024-12-16,2-3%,-2.046,260.0,265.43,tp_gap_filled,8.3457,2169.88,2.088,45.32,1
VICI,2024-09-18,2024-09-23,2024-12-17,1-2%,-1.216,33.3,30.636,stop,63.0459,2099.43,-8.0,-167.95,60
XOM,2024-10-15,2024-10-16,2024-12-17,2-3%,-2.627,120.82,107.5298,stop,17.7833,2148.58,-11.0,-236.34,43
MRNA,2024-12-13,2024-12-16,2024-12-17,1-2%,-1.366,42.235,42.82,tp_gap_filled,51.0773,2157.25,1.385,29.88,1
IRM,2024-11-06,2024-11-26,2024-12-18,3-5%,-3.142,121.78,103.513,stop,18.1111,2205.57,-15.0,-330.84,15
ADI,2024-10-30,2024-11-26,2024-12-18,1-2%,-1.892,230.78,212.3176,stop,9.5609,2206.47,-8.0,-176.52,15
RDDT,2024-12-16,2024-12-17,2024-12-18,1-2%,-1.958,169.27,172.65,tp_gap_filled,12.6867,2147.48,1.997,42.88,1
ECHO,2024-12-16,2024-12-17,2024-12-18,1-2%,-1.457,23.0,23.34,tp_gap_filled,93.3633,2147.36,1.478,31.74,1
PLTR,2024-12-16,2024-12-17,2024-12-18,1-2%,-1.328,75.06,76.07,tp_gap_filled,28.6095,2147.43,1.346,28.9,1
JBHT,2024-11-13,2024-11-14,2024-12-19,2-3%,-2.114,188.47,167.7383,stop,11.3666,2142.26,-11.0,-235.65,24
BG,2024-10-18,2024-11-15,2024-12-19,3-5%,-4.069,91.71,77.9535,stop,23.2603,2133.2,-15.0,-319.98,23
CHTR,2024-12-13,2024-12-16,2024-12-19,1-2%,-1.455,382.8,352.176,stop,5.6366,2157.68,-8.0,-172.61,3
LEN,2024-12-12,2024-12-16,2024-12-19,1-2%,-1.296,151.1229,139.0331,stop,14.2721,2156.84,-8.0,-172.55,3
CI,2024-12-17,2024-12-18,2024-12-19,3-5%,-3.509,263.67,273.26,tp_gap_filled,7.94,2093.53,3.637,76.14,1
CRM,2024-12-05,2024-12-06,2024-12-20,1-2%,-1.927,360.78,331.9176,stop,6.1669,2224.91,-8.0,-177.99,10
TTD,2024-12-09,2024-12-10,2024-12-20,1-2%,-1.804,136.6,125.672,stop,16.1213,2202.17,-8.0,-176.17,8
GEV,2024-12-17,2024-12-19,2024-12-20,1-2%,-1.395,333.0,337.71,tp_gap_filled,6.2367,2076.81,1.414,29.37,1
ALGN,2024-12-17,2024-12-18,2024-12-23,1-2%,-1.512,226.61,208.4812,stop,9.2364,2093.07,-8.0,-167.45,3
FDS,2024-12-19,2024-12-20,2024-12-23,2-3%,-2.938,459.15,473.05,tp_gap_filled,4.5733,2099.83,3.027,63.57,1
PYPL,2024-12-20,2024-12-23,2024-12-24,2-3%,-2.155,84.91,86.78,tp_gap_filled,24.8515,2110.14,2.202,46.47,1
CSGP,2024-12-23,2024-12-24,2024-12-26,1-2%,-1.848,70.12,71.44,tp_gap_filled,30.3132,2125.56,1.882,40.01,1
MRNA,2024-12-18,2024-12-20,2024-12-27,1-2%,-1.742,40.05,40.76,tp_gap_filled,52.4859,2102.06,1.773,37.26,4
NKE,2024-10-02,2024-10-03,2025-01-03,5-10%,-7.001,82.89,73.31,time_exit,25.1435,2084.14,-11.557,-240.87,63
NVDA,2024-12-09,2024-12-10,2025-01-03,2-3%,-2.436,138.97,142.44,tp_gap_filled,15.8552,2203.4,2.497,55.02,16
LRCX,2024-12-19,2024-12-20,2025-01-03,3-5%,-3.258,72.75,75.2,tp_gap_filled,28.8573,2099.37,3.368,70.7,8
INCY,2024-12-12,2024-12-13,2025-01-06,2-3%,-2.745,70.5,72.49,tp_gap_filled,30.7829,2170.19,2.823,61.26,14
EME,2024-12-17,2024-12-18,2025-01-06,1-2%,-1.449,477.53,484.55,tp_gap_filled,4.3777,2090.5,1.47,30.73,11
PHM,2024-12-19,2024-12-20,2025-01-06,3-5%,-3.046,107.9,111.29,tp_gap_filled,19.4515,2098.81,3.142,65.94,9
PCAR,2024-12-20,2024-12-23,2025-01-06,2-3%,-2.549,104.77,107.51,tp_gap_filled,20.141,2110.17,2.615,55.19,8
VRT,2024-12-17,2025-01-03,2025-01-06,1-2%,-1.961,123.5,125.97,tp_gap_filled,17.0809,2109.49,2.0,42.19,1
APO,2024-12-30,2025-01-03,2025-01-06,1-2%,-1.368,167.95,170.28,tp_gap_filled,12.5652,2110.32,1.387,29.28,1
STZ,2025-01-03,2025-01-06,2025-01-07,2-3%,-2.143,217.8,222.57,tp_gap_filled,9.7314,2119.5,2.19,46.42,1
GEV,2025-01-03,2025-01-06,2025-01-07,2-3%,-2.139,331.69,338.94,tp_gap_filled,6.393,2120.5,2.186,46.35,1
PAYX,2025-01-06,2025-01-07,2025-01-08,1-2%,-1.532,137.53,139.67,tp_gap_filled,15.2959,2103.65,1.556,32.73,1
CCI,2024-12-13,2024-12-16,2025-01-10,2-3%,-2.248,96.55,85.9295,stop,22.3517,2158.05,-11.0,-237.39,16
NOW,2024-12-13,2024-12-16,2025-01-10,1-2%,-1.604,226.0,207.92,stop,9.5473,2157.68,-8.0,-172.61,16
ZTS,2025-01-07,2025-01-08,2025-01-13,1-2%,-1.627,163.2,165.9,tp_gap_filled,12.8917,2103.92,1.654,34.81,2
SW,2025-01-08,2025-01-10,2025-01-13,2-3%,-2.034,51.05,52.11,tp_gap_filled,40.6429,2074.82,2.076,43.08,1
HOOD,2024-12-17,2025-01-06,2025-01-14,2-3%,-2.06,42.31,43.2,tp_gap_filled,50.2478,2125.98,2.104,44.72,5
CTVA,2025-01-10,2025-01-13,2025-01-14,2-3%,-2.572,55.68,57.15,tp_gap_filled,37.4327,2084.25,2.64,55.03,1
AOS,2024-10-11,2024-10-14,2025-01-15,5-10%,-6.863,80.34,70.95,time_exit,26.6239,2138.97,-11.688,-250.0,63
HSY,2024-12-11,2024-12-12,2025-01-15,3-5%,-4.562,178.65,151.8525,stop,12.2152,2182.24,-15.0,-327.34,21
VMRK,2025-01-02,2025-01-03,2025-01-15,1-2%,-1.407,70.75,71.76,tp_gap_filled,29.8266,2110.23,1.428,30.12,7
HPE,2024-12-10,2025-01-06,2025-01-15,2-3%,-2.077,22.63,23.11,tp_gap_filled,93.9271,2125.57,2.121,45.09,6
RDDT,2025-01-08,2025-01-10,2025-01-15,2-3%,-2.745,167.59,172.32,tp_gap_filled,12.3811,2074.95,2.822,58.56,3
CB,2025-01-10,2025-01-13,2025-01-15,2-3%,-2.835,259.09,266.65,tp_gap_filled,8.0429,2083.83,2.918,60.8,2
VRT,2025-01-13,2025-01-14,2025-01-15,3-5%,-4.409,123.245,128.93,tp_gap_filled,17.0443,2100.62,4.613,96.9,1
AMAT,2024-11-15,2024-11-18,2025-01-16,5-10%,-9.495,168.34,186.0,tp_gap_filled,12.7203,2141.34,10.491,224.64,39
HRL,2024-12-18,2024-12-19,2025-01-16,1-2%,-1.244,31.75,29.21,stop,65.4105,2076.78,-8.0,-166.14,17
CEG,2025-01-13,2025-01-15,2025-01-16,2-3%,-2.521,297.495,305.19,tp_gap_filled,7.1054,2113.83,2.587,54.68,1
MSCI,2025-01-10,2025-01-15,2025-01-16,2-3%,-2.109,589.53,602.23,tp_gap_filled,3.5878,2115.09,2.154,45.56,1
TMUS,2025-01-06,2025-01-07,2025-01-17,2-3%,-2.583,213.45,219.11,tp_gap_filled,9.8565,2103.87,2.652,55.79,7
IVZ,2025-01-10,2025-01-15,2025-01-17,2-3%,-2.161,16.75,17.12,tp_gap_filled,126.2287,2114.33,2.209,46.7,2
CVNA,2024-12-27,2025-01-16,2025-01-17,2-3%,-2.156,43.846,44.812,tp_gap_filled,48.506,2126.79,2.203,46.86,1
MDT,2025-01-15,2025-01-16,2025-01-17,1-2%,-1.56,83.92,85.25,tp_gap_filled,25.3497,2127.35,1.585,33.72,1
IP,2024-12-05,2024-12-09,2025-01-21,1-2%,-1.143,57.06,57.72,tp_gap_filled,39.093,2230.65,1.157,25.8,27
F,2024-12-16,2024-12-18,2025-01-21,3-5%,-3.08,10.07,10.39,tp_gap_filled,208.1935,2096.51,3.178,66.62,20
IQV,2025-01-14,2025-01-15,2025-01-21,2-3%,-2.766,198.98,204.64,tp_gap_filled,10.6264,2114.44,2.845,60.15,3
NVDA,2025-01-10,2025-01-16,2025-01-21,1-2%,-1.899,137.45,140.11,tp_gap_filled,15.4911,2129.26,1.935,41.21,2
PNC,2025-01-16,2025-01-17,2025-01-21,5-10%,-7.454,185.5,200.44,tp_gap_filled,11.5113,2135.35,8.054,171.98,1
PRU,2025-01-16,2025-01-17,2025-01-21,3-5%,-3.382,116.0,120.06,tp_gap_filled,18.4377,2138.77,3.5,74.86,1
ELV,2024-10-17,2024-10-18,2025-01-22,10%+,-18.523,404.91,390.73,time_exit,5.2874,2140.93,-3.502,-74.98,63
EFX,2024-10-17,2024-10-18,2025-01-22,3-5%,-4.125,278.0,271.88,time_exit,7.712,2143.95,-2.201,-47.2,63
ORCL,2024-12-10,2024-12-11,2025-01-22,5-10%,-8.921,173.46,190.45,tp_gap_filled,12.666,2197.04,9.795,215.19,26
FSLR,2025-01-08,2025-01-16,2025-01-22,1-2%,-1.836,194.1,178.572,stop,10.9637,2128.05,-8.0,-170.24,3
VST,2025-01-17,2025-01-21,2025-01-22,2-3%,-2.856,169.03,174.0,tp_gap_filled,12.8362,2169.71,2.94,63.8,1
EQT,2025-01-17,2025-01-21,2025-01-22,1-2%,-1.822,52.8,53.78,tp_gap_filled,41.1723,2173.9,1.856,40.35,1
CFG,2025-01-17,2025-01-21,2025-01-22,1-2%,-1.09,46.29,46.8,tp_gap_filled,46.9669,2174.1,1.102,23.95,1
GE,2024-10-22,2024-10-23,2025-01-23,5-10%,-5.01,184.5,194.23,tp_gap_filled,11.4109,2105.31,5.274,111.03,61
MRNA,2025-01-13,2025-01-14,2025-01-23,10%+,-21.183,33.3,42.25,tp_gap_filled,63.0378,2099.16,26.877,564.19,6
MAR,2025-01-21,2025-01-22,2025-01-23,2-3%,-2.132,271.27,277.18,tp_gap_filled,8.0164,2174.6,2.179,47.38,1
CDNS,2024-12-05,2025-01-22,2025-01-23,1-2%,-1.861,318.5,324.54,tp_gap_filled,6.8322,2176.07,1.896,41.27,1
GS,2025-01-21,2025-01-22,2025-01-23,1-2%,-1.459,616.81,625.94,tp_gap_filled,3.5286,2176.48,1.48,32.22,1
APD,2024-12-05,2024-12-06,2025-01-24,3-5%,-3.967,314.49,327.48,tp_gap_filled,7.0653,2221.96,4.131,91.78,31
ADBE,2025-01-03,2025-01-06,2025-01-24,2-3%,-2.619,429.45,441.0,tp_gap_filled,4.935,2119.33,2.689,57.0,12
ABT,2025-01-22,2025-01-23,2025-01-24,2-3%,-2.278,114.13,116.79,tp_gap_filled,19.1926,2190.45,2.331,51.05,1
ELV,2025-01-22,2025-01-23,2025-01-24,1-2%,-1.732,382.48,389.22,tp_gap_filled,5.7361,2193.94,1.762,38.66,1
KMB,2024-10-22,2024-10-23,2025-01-27,3-5%,-4.965,137.05,131.41,time_exit,15.3569,2104.67,-4.115,-86.61,63
AVGO,2024-12-17,2024-12-26,2025-01-27,3-5%,-3.74,240.65,204.5525,stop,8.8452,2128.61,-15.0,-319.29,19
MO,2024-12-26,2024-12-27,2025-01-27,2-3%,-2.226,52.28,53.47,tp_gap_filled,40.3949,2111.84,2.276,48.07,18
MTB,2025-01-16,2025-01-17,2025-01-27,2-3%,-2.569,195.71,200.87,tp_gap_filled,10.9339,2139.88,2.637,56.42,5
IT,2024-11-15,2025-01-21,2025-01-27,1-2%,-1.581,528.61,537.1,tp_gap_filled,4.1135,2174.41,1.606,34.92,4
TER,2025-01-21,2025-01-22,2025-01-27,2-3%,-2.457,135.0,120.15,stop,16.1087,2174.67,-11.0,-239.21,3
JNJ,2025-01-22,2025-01-23,2025-01-27,2-3%,-2.801,144.0,148.15,tp_gap_filled,15.2059,2189.65,2.882,63.1,2
MCD,2024-10-23,2024-10-24,2025-01-28,5-10%,-6.966,292.77,291.15,time_exit,7.2167,2112.84,-0.553,-11.69,63
STT,2025-01-17,2025-01-21,2025-01-28,3-5%,-4.806,95.66,100.49,tp_gap_filled,22.6656,2168.19,5.049,109.47,5
VEEV,2025-01-23,2025-01-24,2025-01-28,5-10%,-6.644,213.85,229.07,tp_gap_filled,10.2357,2188.91,7.117,155.79,2
CSX,2025-01-24,2025-01-27,2025-01-28,3-5%,-4.811,32.05,33.67,tp_gap_filled,68.2711,2188.09,5.055,110.6,1
ERIE,2025-01-21,2025-01-27,2025-01-28,2-3%,-2.707,394.59,405.57,tp_gap_filled,5.5507,2190.26,2.783,60.95,1
PFE,2025-01-24,2025-01-27,2025-01-28,1-2%,-1.589,26.02,26.44,tp_gap_filled,84.2164,2191.31,1.614,35.37,1
BA,2025-01-24,2025-01-27,2025-01-28,1-2%,-1.401,176.0,178.5,tp_gap_filled,12.46,2192.95,1.42,31.15,1
ESS,2025-01-22,2025-01-27,2025-01-28,1-2%,-1.125,282.03,285.24,tp_gap_filled,7.7757,2192.99,1.138,24.96,1
ALLE,2024-10-24,2024-10-25,2025-01-29,5-10%,-5.648,142.34,131.0,time_exit,14.8522,2114.07,-7.967,-168.42,63
FISV,2024-12-05,2024-12-06,2025-01-29,5-10%,-5.953,203.0,215.85,tp_gap_filled,10.9404,2220.9,6.33,140.58,34
GS,2025-01-24,2025-01-27,2025-01-29,1-2%,-1.486,630.0,639.5,tp_gap_filled,3.4805,2192.72,1.508,33.06,2
PLTR,2025-01-27,2025-01-28,2025-01-29,5-10%,-6.217,74.07,78.98,tp_gap_filled,29.4924,2184.5,6.629,144.81,1
HOOD,2025-01-27,2025-01-28,2025-01-29,5-10%,-5.458,48.33,51.12,tp_gap_filled,45.2749,2188.14,5.773,126.32,1
GLW,2025-01-27,2025-01-28,2025-01-29,5-10%,-5.346,51.35,54.25,tp_gap_filled,42.6311,2189.1,5.648,123.63,1
MSFT,2025-01-27,2025-01-28,2025-01-29,3-5%,-4.515,424.01,444.06,tp_gap_filled,5.1626,2189.0,4.729,103.51,1
RDDT,2025-01-27,2025-01-28,2025-01-29,3-5%,-4.485,174.22,182.4,tp_gap_filled,12.5783,2191.4,4.695,102.89,1
GPN,2025-01-10,2025-01-15,2025-01-30,2-3%,-2.208,108.93,111.39,tp_gap_filled,19.4097,2114.3,2.258,47.75,10
SYF,2025-01-28,2025-01-29,2025-01-30,3-5%,-4.81,66.5,69.86,tp_gap_filled,32.8567,2184.97,5.053,110.4,1
PCAR,2025-01-28,2025-01-29,2025-01-30,3-5%,-3.412,106.16,109.91,tp_gap_filled,20.6002,2186.92,3.532,77.25,1
UHS,2024-10-25,2024-10-29,2025-01-31,5-10%,-7.416,208.0,188.56,time_exit,10.1587,2113.0,-9.346,-197.48,63
APA,2025-01-21,2025-01-23,2025-01-31,1-2%,-1.68,23.99,22.0708,stop,91.5426,2196.11,-8.0,-175.69,6
LRCX,2025-01-23,2025-01-24,2025-01-31,3-5%,-3.003,80.75,83.25,tp_gap_filled,27.1267,2190.48,3.096,67.82,5
KLAC,2025-01-27,2025-01-29,2025-01-31,3-5%,-4.43,71.66,74.982,tp_gap_filled,30.5116,2186.46,4.636,101.36,2
DHI,2024-10-29,2024-10-30,2025-02-03,10%+,-15.074,153.19,137.46,time_exit,13.8006,2114.12,-10.268,-217.08,63
SWK,2024-10-29,2024-10-30,2025-02-03,5-10%,-7.938,94.75,85.17,time_exit,22.3595,2118.56,-10.111,-214.2,63
LLY,2024-10-30,2024-10-31,2025-02-04,10%+,-11.629,798.5,826.07,time_exit,2.6256,2096.57,3.453,72.39,63
CDW,2024-10-30,2024-11-06,2025-02-05,5-10%,-8.954,200.21,219.9,tp_gap_filled,10.73,2148.25,9.835,211.27,60
MRSH,2024-12-09,2025-01-27,2025-02-05,1-2%,-1.141,222.59,225.16,tp_gap_filled,9.851,2192.74,1.155,25.32,7
COHR,2025-02-03,2025-02-04,2025-02-05,5-10%,-6.697,84.43,90.49,tp_gap_filled,26.146,2207.51,7.178,158.44,1
SWKS,2024-10-30,2024-11-06,2025-02-06,5-10%,-7.783,90.4,68.704,stop,23.796,2151.15,-24.0,-516.28,61
ICE,2024-10-31,2024-11-06,2025-02-06,3-5%,-4.33,159.32,166.53,tp_gap_filled,13.5317,2155.87,4.525,97.56,61
FLEX,2025-01-27,2025-01-29,2025-02-06,5-10%,-5.647,41.77,44.27,tp_gap_filled,52.316,2185.24,5.985,130.79,6
HIG,2025-01-31,2025-02-03,2025-02-06,5-10%,-7.247,105.98,114.26,tp_gap_filled,20.6676,2190.35,7.813,171.13,3
MTD,2024-11-08,2025-01-24,2025-02-07,3-5%,-4.866,1342.83,1411.52,tp_gap_filled,1.6315,2190.87,5.115,112.07,10
GPC,2024-10-22,2024-11-06,2025-02-10,10%+,-15.847,120.44,118.44,time_exit,17.8283,2147.24,-1.661,-35.66,63
ADM,2024-11-05,2024-11-06,2025-02-10,5-10%,-8.68,50.5,46.09,time_exit,42.5506,2148.81,-8.733,-187.65,63
UBER,2024-10-31,2024-11-06,2025-02-10,5-10%,-6.207,74.5,78.63,time_exit,28.9565,2157.26,5.544,119.59,63
AMCR,2024-11-01,2024-11-06,2025-02-10,5-10%,-6.02,52.3,50.2,time_exit,41.2462,2157.18,-4.015,-86.62,63
AMT,2024-11-06,2024-11-07,2025-02-11,5-10%,-6.102,200.8,193.42,time_exit,10.7498,2158.55,-3.675,-79.33,63
NKE,2025-02-07,2025-02-10,2025-02-11,1-2%,-1.645,70.56,71.74,tp_gap_filled,32.1441,2268.09,1.672,37.93,1
ABNB,2024-11-08,2024-11-11,2025-02-13,5-10%,-8.618,134.67,141.04,time_exit,16.1156,2170.29,4.73,102.66,63
APP,2024-12-09,2025-01-22,2025-02-13,5-10%,-7.846,370.0,401.5,tp_gap_filled,5.881,2175.98,8.514,185.25,16
EQIX,2025-01-10,2025-01-15,2025-02-14,2-3%,-2.809,924.33,951.04,tp_gap_filled,2.2887,2115.56,2.89,61.13,21
AMAT,2025-01-23,2025-01-24,2025-02-14,2-3%,-2.752,190.13,169.2157,stop,11.5179,2189.9,-11.0,-240.89,15
KHC,2025-02-12,2025-02-13,2025-02-14,5-10%,-6.93,27.53,29.58,tp_gap_filled,81.5298,2244.52,7.446,167.14,1
SMCI,2024-10-30,2024-11-25,2025-02-18,10%+,-29.051,34.85,49.12,tp_gap_filled,63.5469,2214.61,40.947,906.81,55
NVDA,2025-01-27,2025-01-28,2025-02-18,10%+,-12.495,124.8,142.62,tp_gap_filled,17.4923,2183.04,14.279,311.71,14
ISRG,2025-01-24,2025-01-28,2025-02-19,3-5%,-4.397,581.9,608.66,tp_gap_filled,3.7748,2196.56,4.599,101.01,15
NTAP,2025-02-10,2025-02-11,2025-02-19,1-2%,-1.757,120.75,122.91,tp_gap_filled,18.6669,2254.03,1.789,40.32,5
CSGP,2025-02-12,2025-02-14,2025-02-19,2-3%,-2.487,74.11,76.0,tp_gap_filled,30.3793,2251.41,2.55,57.42,2
ABBV,2024-11-11,2024-11-22,2025-02-20,10%+,-10.491,178.57,199.5,tp_gap_filled,12.2172,2181.63,11.721,255.71,58
VICI,2024-12-17,2024-12-18,2025-02-21,2-3%,-2.199,30.25,30.93,tp_gap_filled,69.2537,2094.93,2.248,47.09,42
CI,2025-01-30,2025-01-31,2025-02-21,5-10%,-9.334,275.0,303.31,tp_gap_filled,8.0551,2215.14,10.295,228.04,14
CF,2025-01-24,2025-01-29,2025-02-24,3-5%,-4.336,91.11,77.4435,stop,23.9956,2186.24,-15.0,-327.94,17
CL,2025-01-31,2025-02-03,2025-02-24,5-10%,-6.007,85.43,90.89,tp_gap_filled,25.6697,2192.97,6.391,140.16,14
WTW,2025-02-04,2025-02-05,2025-02-24,5-10%,-5.631,312.05,330.67,tp_gap_filled,7.1785,2240.05,5.967,133.66,12
AMZN,2025-02-07,2025-02-10,2025-02-25,2-3%,-2.65,232.5,206.925,stop,9.7547,2267.96,-11.0,-249.48,10
DPZ,2025-02-24,2025-02-25,2025-02-26,3-5%,-4.622,441.0,462.37,tp_gap_filled,4.9091,2164.89,4.846,104.91,1
SMCI,2025-02-20,2025-02-21,2025-02-27,5-10%,-5.046,57.21,43.4796,stop,38.6835,2213.08,-24.0,-531.14,4
TGT,2024-11-20,2024-11-25,2025-02-28,10%+,-17.949,128.0,124.24,time_exit,17.337,2219.13,-2.938,-65.19,63
HUM,2025-02-21,2025-02-24,2025-03-03,3-5%,-4.902,258.0,271.3,tp_gap_filled,8.4494,2179.93,5.155,112.38,5
VRSK,2025-02-26,2025-02-27,2025-03-03,10%+,-11.928,263.97,299.72,tp_gap_filled,8.0766,2131.97,13.543,288.74,2
BBY,2024-11-26,2024-11-27,2025-03-04,5-10%,-6.955,86.56,75.2,time_exit,25.5472,2211.37,-13.124,-290.22,63
SCHW,2025-02-10,2025-02-11,2025-03-04,1-2%,-1.96,81.55,75.026,stop,27.6286,2253.12,-8.0,-180.25,14
DELL,2024-11-27,2024-11-29,2025-03-05,10%+,-11.867,124.92,97.25,time_exit,17.8062,2224.35,-22.15,-492.7,63
ADSK,2024-11-27,2024-12-02,2025-03-06,5-10%,-7.787,293.2,260.39,time_exit,7.6373,2239.25,-11.19,-250.58,63
HPQ,2024-11-27,2024-12-02,2025-03-06,5-10%,-6.496,36.56,29.97,time_exit,61.263,2239.77,-18.025,-403.72,63
KR,2025-03-03,2025-03-04,2025-03-06,3-5%,-3.116,62.8,64.82,tp_gap_filled,33.2124,2085.74,3.217,67.09,2
GIS,2024-12-18,2024-12-19,2025-03-07,3-5%,-4.292,63.1,65.93,tp_gap_filled,32.9035,2076.21,4.485,93.12,51
MRVL,2025-01-27,2025-01-30,2025-03-07,10%+,-12.893,108.03,70.2195,stop,20.6208,2227.67,-35.0,-779.68,25
HII,2025-02-06,2025-02-10,2025-03-07,10%+,-12.471,171.19,195.58,tp_gap_filled,13.2573,2269.51,14.247,323.34,18
SNDK,2025-03-04,2025-03-05,2025-03-07,5-10%,-7.195,46.69,50.31,tp_gap_filled,45.452,2122.16,7.753,164.54,2
SBAC,2025-03-05,2025-03-06,2025-03-07,1-2%,-1.682,215.66,219.35,tp_gap_filled,9.6342,2077.72,1.711,35.55,1
DPZ,2025-03-05,2025-03-06,2025-03-07,1-2%,-1.384,475.1,481.77,tp_gap_filled,4.3732,2077.69,1.404,29.17,1
F,2025-02-06,2025-02-14,2025-03-10,5-10%,-5.195,9.49,10.01,tp_gap_filled,237.3241,2252.21,5.479,123.41,15
PLTR,2025-02-20,2025-02-21,2025-03-10,5-10%,-8.165,102.91,78.2116,stop,21.5115,2213.75,-24.0,-531.3,11
PODD,2025-02-21,2025-02-24,2025-03-10,3-5%,-4.142,276.35,234.8975,stop,7.8865,2179.43,-15.0,-326.91,10
AES,2025-03-03,2025-03-04,2025-03-10,3-5%,-3.796,11.15,11.59,tp_gap_filled,187.1728,2086.98,3.946,82.36,4
ETN,2025-03-06,2025-03-07,2025-03-12,3-5%,-3.653,277.22,287.73,tp_gap_filled,7.6055,2108.41,3.791,79.93,3
MU,2025-03-06,2025-03-07,2025-03-12,3-5%,-3.615,90.93,94.34,tp_gap_filled,23.2002,2109.59,3.75,79.11,3
DLTR,2025-03-07,2025-03-10,2025-03-12,1-2%,-1.36,68.16,62.7072,stop,30.1554,2055.39,-8.0,-164.43,2
CMI,2025-03-04,2025-03-06,2025-03-13,1-2%,-1.652,350.09,322.0828,stop,5.9365,2078.31,-8.0,-166.27,5
NVDA,2025-03-06,2025-03-12,2025-03-13,3-5%,-3.214,113.53,117.3,tp_gap_filled,18.0611,2050.47,3.321,68.09,1
PLTR,2025-03-10,2025-03-12,2025-03-14,3-5%,-3.427,82.0,84.91,tp_gap_filled,24.9957,2049.65,3.549,72.74,2
DELL,2025-03-06,2025-03-12,2025-03-14,3-5%,-3.085,94.25,97.25,tp_gap_filled,21.7642,2051.27,3.183,65.29,2
FERG,2024-12-10,2024-12-11,2025-03-17,10%+,-10.104,195.74,162.57,time_exit,11.2267,2197.51,-16.946,-372.39,63
MPWR,2025-03-06,2025-03-07,2025-03-17,3-5%,-3.347,591.7,612.19,tp_gap_filled,3.5669,2110.53,3.463,73.09,6
APO,2025-03-06,2025-03-07,2025-03-19,3-5%,-3.935,135.0,140.53,tp_gap_filled,15.6239,2109.22,4.096,86.4,8
CMI,2025-03-13,2025-03-14,2025-03-24,3-5%,-3.677,318.55,330.71,tp_gap_filled,6.5032,2071.6,3.817,79.08,6
UHS,2025-02-28,2025-03-03,2025-03-25,5-10%,-8.304,170.61,186.06,tp_gap_filled,12.3697,2110.4,9.056,191.11,16
LEN,2024-12-19,2024-12-20,2025-03-26,5-10%,-6.119,132.6234,117.87,time_exit,15.827,2099.04,-11.124,-233.5,63
VRT,2025-01-27,2025-01-30,2025-03-27,10%+,-20.004,117.05,76.0825,stop,19.0398,2228.6,-35.0,-780.01,39
ABT,2025-03-14,2025-03-17,2025-03-27,3-5%,-3.765,125.0,129.89,tp_gap_filled,16.808,2101.0,3.912,82.19,8
MKC,2025-03-25,2025-03-26,2025-03-27,5-10%,-5.153,76.2,80.34,tp_gap_filled,27.3409,2083.38,5.433,113.19,1
MDLZ,2025-03-12,2025-03-27,2025-03-28,1-2%,-1.665,66.72,67.85,tp_gap_filled,30.8642,2059.26,1.694,34.88,1
PEP,2025-03-12,2025-03-13,2025-03-31,3-5%,-3.144,147.54,152.33,tp_gap_filled,13.7091,2022.65,3.247,65.67,12
ETR,2025-03-18,2025-03-19,2025-03-31,2-3%,-2.575,83.25,85.45,tp_gap_filled,25.3074,2106.84,2.643,55.68,8
TSLA,2025-03-26,2025-03-27,2025-03-31,1-2%,-1.902,282.66,260.0472,stop,7.2902,2060.65,-8.0,-164.85,2
AMT,2025-03-24,2025-03-27,2025-03-31,1-2%,-1.073,213.91,216.23,tp_gap_filled,9.629,2059.74,1.085,22.34,2
MDT,2025-03-28,2025-03-31,2025-04-01,1-2%,-1.27,87.85,88.98,tp_gap_filled,23.1627,2034.85,1.286,26.17,1
TJX,2025-03-06,2025-03-31,2025-04-02,1-2%,-1.203,121.56,123.04,tp_gap_filled,16.7471,2035.78,1.218,24.79,2
TSLA,2025-03-31,2025-04-01,2025-04-02,5-10%,-5.403,249.31,263.55,tp_gap_filled,8.1996,2044.24,5.712,116.76,1
SNPS,2024-12-05,2025-01-22,2025-04-03,5-10%,-7.395,544.52,413.8352,stop,3.9943,2175.0,-24.0,-522.0,50
KEY,2025-01-21,2025-01-22,2025-04-03,3-5%,-4.699,17.44,14.824,stop,124.7143,2175.02,-15.0,-326.25,50
CEG,2025-01-27,2025-01-29,2025-04-03,10%+,-15.824,292.46,190.099,stop,7.4747,2186.04,-35.0,-765.11,45
ANET,2025-01-27,2025-01-29,2025-04-03,10%+,-15.135,109.62,71.253,stop,19.9412,2185.95,-35.0,-765.08,45
ARES,2025-02-05,2025-02-06,2025-04-03,5-10%,-7.269,181.16,137.6816,stop,12.3945,2245.38,-24.0,-538.89,39
DOW,2025-01-30,2025-02-14,2025-04-03,3-5%,-4.214,39.32,33.422,stop,57.2777,2252.16,-15.0,-337.82,33
MU,2025-03-21,2025-03-24,2025-04-03,3-5%,-4.66,98.2,83.47,stop,21.5916,2120.29,-15.0,-318.04,8
DGX,2025-03-19,2025-03-31,2025-04-03,2-3%,-2.157,168.73,172.45,tp_gap_filled,12.0591,2034.73,2.205,44.86,3
CCI,2025-03-24,2025-03-31,2025-04-03,1-2%,-1.184,105.13,106.39,tp_gap_filled,19.3652,2035.86,1.199,24.4,3
GPC,2025-04-01,2025-04-02,2025-04-03,2-3%,-2.636,116.0,119.14,tp_gap_filled,17.8302,2068.31,2.707,55.99,1
CRL,2025-01-14,2025-01-15,2025-04-04,5-10%,-5.401,179.87,136.7012,stop,11.7694,2116.96,-24.0,-508.07,55
USB,2025-01-16,2025-01-17,2025-04-04,5-10%,-5.914,47.89,36.3964,stop,44.6513,2138.35,-24.0,-513.2,53
JBHT,2025-01-17,2025-01-21,2025-04-04,5-10%,-6.015,175.0,133.0,stop,12.3905,2168.33,-24.0,-520.4,52
TXT,2025-01-22,2025-01-23,2025-04-04,3-5%,-4.2,77.79,66.1215,stop,28.1452,2189.41,-15.0,-328.41,50
VST,2025-01-27,2025-01-29,2025-04-04,10%+,-19.371,154.09,100.1585,stop,14.1847,2185.72,-35.0,-765.0,46
CNC,2025-02-04,2025-02-05,2025-04-04,5-10%,-7.05,60.25,64.82,tp_gap_filled,37.1734,2239.7,7.585,169.88,41
LII,2025-01-29,2025-02-18,2025-04-04,3-5%,-4.919,630.0,535.5,stop,3.605,2271.15,-15.0,-340.67,33
AMAT,2025-02-14,2025-02-19,2025-04-04,5-10%,-5.117,174.84,132.8784,stop,13.0437,2280.55,-24.0,-547.33,32
BSX,2025-02-18,2025-02-19,2025-04-04,2-3%,-2.281,103.69,92.2841,stop,21.9948,2280.64,-11.0,-250.87,32
BBY,2025-03-04,2025-03-07,2025-04-04,5-10%,-8.416,79.44,60.3744,stop,26.5514,2109.24,-24.0,-506.22,20
BALL,2025-02-03,2025-03-10,2025-04-04,2-3%,-2.011,54.58,48.5762,stop,37.6798,2056.56,-11.0,-226.22,19
EOG,2025-02-28,2025-03-10,2025-04-04,1-2%,-1.922,128.1,117.852,stop,16.0508,2056.1,-8.0,-164.49,19
EMR,2025-03-10,2025-03-17,2025-04-04,3-5%,-4.645,113.1,96.135,stop,18.5749,2100.82,-15.0,-315.12,14
KLAC,2025-03-28,2025-04-02,2025-04-04,2-3%,-2.09,68.537,60.9979,stop,30.1992,2069.76,-11.0,-227.67,2
XYZ,2025-04-02,2025-04-03,2025-04-04,2-3%,-2.545,54.0,48.06,stop,36.2513,1957.57,-11.0,-215.33,1
ETN,2025-04-02,2025-04-03,2025-04-04,2-3%,-2.172,270.69,240.9141,stop,7.2317,1957.55,-11.0,-215.33,1
MOS,2025-04-02,2025-04-03,2025-04-04,2-3%,-2.052,26.25,23.3625,stop,74.4982,1955.58,-11.0,-215.11,1
GLW,2025-04-02,2025-04-03,2025-04-04,2-3%,-2.042,44.61,39.7029,stop,43.8275,1955.15,-11.0,-215.07,1
NRG,2025-04-02,2025-04-03,2025-04-04,1-2%,-1.999,96.56,88.8352,stop,20.2269,1953.11,-8.0,-156.25,1
HWM,2025-04-02,2025-04-03,2025-04-04,1-2%,-1.981,129.17,118.8364,stop,15.1086,1951.58,-8.0,-156.13,1
AVGO,2025-01-27,2025-01-30,2025-04-07,10%+,-12.791,213.4,138.71,stop,10.4434,2228.62,-35.0,-780.02,46
AMD,2025-02-05,2025-02-06,2025-04-07,5-10%,-9.95,107.61,81.7836,stop,20.8549,2244.19,-24.0,-538.61,41
GOOGL,2025-02-05,2025-02-06,2025-04-07,5-10%,-7.418,191.07,145.2132,stop,11.751,2245.26,-24.0,-538.86,41
GOOG,2025-02-05,2025-02-06,2025-04-07,5-10%,-7.034,193.1,146.756,stop,11.6416,2247.98,-24.0,-539.52,41
SNA,2025-02-06,2025-03-10,2025-04-07,2-3%,-2.763,346.26,308.1714,stop,5.9417,2057.37,-11.0,-226.31,20
KMI,2025-01-27,2025-03-25,2025-04-07,3-5%,-4.063,29.04,24.684,stop,72.4425,2103.73,-15.0,-315.56,9
HUBB,2025-04-02,2025-04-03,2025-04-07,2-3%,-2.094,325.89,332.86,tp_gap_filled,6.0024,1956.12,2.139,41.84,2
AMCR,2025-04-02,2025-04-03,2025-04-07,1-2%,-1.835,48.15,44.298,stop,40.5051,1950.32,-8.0,-156.03,2
ALL,2025-04-03,2025-04-04,2025-04-07,1-2%,-1.441,202.47,186.2724,stop,9.0847,1839.38,-8.0,-147.15,1
ECL,2025-04-03,2025-04-04,2025-04-07,1-2%,-1.289,250.39,230.3588,stop,7.3345,1836.49,-8.0,-146.92,1
WRB,2025-04-03,2025-04-04,2025-04-07,1-2%,-1.276,68.86,63.3512,stop,26.6431,1834.64,-8.0,-146.77,1
GPC,2025-04-03,2025-04-04,2025-04-07,1-2%,-1.208,118.62,109.1304,stop,15.4511,1832.81,-8.0,-146.63,1
PGR,2025-04-03,2025-04-04,2025-04-07,1-2%,-1.038,278.31,256.0452,stop,6.579,1831.01,-8.0,-146.48,1
AZO,2025-04-03,2025-04-04,2025-04-07,1-2%,-1.007,3770.8999,3469.2279,stop,0.4848,1828.29,-8.0,-146.26,1
APTV,2024-10-31,2025-01-06,2025-04-08,5-10%,-9.613,62.43,49.36,time_exit,33.9588,2120.05,-20.935,-443.84,63
BDX,2025-02-06,2025-02-10,2025-04-08,3-5%,-4.697,183.6085,156.0672,stop,12.3564,2268.74,-15.0,-340.31,40
CVS,2025-04-03,2025-04-04,2025-04-08,3-5%,-3.085,65.97,68.07,tp_gap_filled,27.991,1846.56,3.183,58.78,2
HUM,2025-04-03,2025-04-04,2025-04-08,1-2%,-1.17,262.69,265.8,tp_gap_filled,6.975,1832.25,1.184,21.69,2
BBY,2025-04-04,2025-04-07,2025-04-08,3-5%,-4.757,59.26,62.22,tp_gap_filled,30.5321,1809.33,4.995,90.38,1
AMAT,2025-04-04,2025-04-07,2025-04-08,3-5%,-4.723,129.11,135.51,tp_gap_filled,14.023,1810.5,4.957,89.75,1
KLAC,2025-04-04,2025-04-07,2025-04-08,3-5%,-4.555,59.254,62.082,tp_gap_filled,30.5727,1811.55,4.773,86.46,1
UBER,2025-04-04,2025-04-07,2025-04-08,3-5%,-4.517,66.695,69.85,tp_gap_filled,27.1728,1812.29,4.73,85.73,1
ETN,2025-04-04,2025-04-07,2025-04-08,3-5%,-4.366,249.46,260.85,tp_gap_filled,7.2626,1811.72,4.566,82.72,1
VST,2025-04-04,2025-04-07,2025-04-08,3-5%,-4.288,103.57,108.21,tp_gap_filled,17.4969,1812.15,4.48,81.19,1
BLDR,2025-04-04,2025-04-07,2025-04-08,3-5%,-3.071,116.14,119.82,tp_gap_filled,15.5831,1809.82,3.169,57.35,1
TSLA,2025-04-02,2025-04-03,2025-04-09,5-10%,-5.163,254.6,268.46,tp_gap_filled,7.6811,1955.62,5.444,106.46,4
NEM,2025-04-03,2025-04-04,2025-04-09,3-5%,-4.166,46.7,48.73,tp_gap_filled,39.7178,1854.82,4.347,80.63,3
NFLX,2025-04-03,2025-04-04,2025-04-09,3-5%,-3.604,90.18,93.552,tp_gap_filled,20.5436,1852.62,3.739,69.27,3
HWM,2025-04-04,2025-04-07,2025-04-09,5-10%,-7.24,115.95,125.0,tp_gap_filled,15.6147,1810.53,7.805,141.31,2
XYZ,2025-04-04,2025-04-07,2025-04-09,5-10%,-6.782,50.31,53.97,tp_gap_filled,35.9864,1810.47,7.275,131.71,2
EMR,2025-04-04,2025-04-07,2025-04-09,3-5%,-4.75,97.05,101.89,tp_gap_filled,18.6557,1810.53,4.987,90.29,2
USB,2025-04-04,2025-04-07,2025-04-09,3-5%,-3.661,37.37,38.79,tp_gap_filled,48.484,1811.85,3.8,68.85,2
LII,2025-04-04,2025-04-07,2025-04-09,3-5%,-3.442,528.0,546.82,tp_gap_filled,3.4305,1811.29,3.564,64.56,2
GLW,2025-04-04,2025-04-07,2025-04-09,3-5%,-3.098,40.98,42.29,tp_gap_filled,44.1932,1811.04,3.197,57.89,2
AMD,2025-04-07,2025-04-08,2025-04-09,5-10%,-5.924,80.68,85.76,tp_gap_filled,22.2224,1792.9,6.296,112.89,1
MO,2025-04-07,2025-04-08,2025-04-09,5-10%,-5.475,53.0,56.07,tp_gap_filled,33.8077,1791.81,5.792,103.79,1
VTR,2025-04-07,2025-04-08,2025-04-09,3-5%,-3.694,63.09,65.51,tp_gap_filled,28.4037,1791.99,3.836,68.74,1
KMI,2025-04-07,2025-04-08,2025-04-09,3-5%,-3.598,24.38,25.29,tp_gap_filled,73.4976,1791.87,3.733,66.88,1
PEP,2025-04-07,2025-04-08,2025-04-10,3-5%,-3.608,141.32,146.61,tp_gap_filled,12.6814,1792.13,3.743,67.08,2
SBAC,2025-04-07,2025-04-08,2025-04-11,5-10%,-7.485,203.45,219.91,tp_gap_filled,8.8081,1792.0,8.09,144.98,3
AMCR,2025-04-07,2025-04-08,2025-04-11,3-5%,-3.037,44.7,46.1,tp_gap_filled,40.0518,1790.31,3.132,56.07,3
FERG,2025-04-03,2025-04-09,2025-04-11,3-5%,-3.829,158.5,164.81,tp_gap_filled,12.1171,1920.55,3.981,76.46,2
INTC,2025-04-04,2025-04-09,2025-04-11,3-5%,-3.255,21.7,18.445,stop,88.6109,1922.86,-15.0,-288.43,2
AMGN,2025-04-09,2025-04-10,2025-04-11,3-5%,-4.05,268.91,280.26,tp_gap_filled,6.9303,1863.61,4.221,78.66,1
CTAS,2025-04-03,2025-04-04,2025-04-14,2-3%,-2.799,202.83,208.67,tp_gap_filled,9.0976,1845.27,2.879,53.13,6
CEG,2025-04-03,2025-04-09,2025-04-14,5-10%,-6.523,200.47,214.46,tp_gap_filled,9.5463,1913.74,6.979,133.55,3
MOS,2025-04-04,2025-04-09,2025-04-14,3-5%,-3.814,24.97,25.96,tp_gap_filled,76.9736,1922.03,3.965,76.2,3
AMD,2025-04-10,2025-04-11,2025-04-14,5-10%,-6.031,91.0,96.84,tp_gap_filled,20.8366,1896.13,6.418,121.69,1
AVGO,2025-04-10,2025-04-11,2025-04-14,5-10%,-5.32,175.3,185.15,tp_gap_filled,10.8239,1897.43,5.619,106.62,1
WMB,2025-04-04,2025-04-08,2025-04-15,3-5%,-3.337,57.06,59.03,tp_gap_filled,31.4247,1793.09,3.453,61.91,5
DLTR,2025-04-03,2025-04-04,2025-04-17,10%+,-11.628,68.55,77.57,tp_gap_filled,27.0646,1855.28,13.158,244.12,9
SCHW,2025-04-03,2025-04-09,2025-04-17,3-5%,-4.937,74.71,78.59,tp_gap_filled,25.6693,1917.76,5.193,99.6,6
RTX,2025-04-04,2025-04-09,2025-04-17,3-5%,-3.248,126.0,130.23,tp_gap_filled,15.2584,1922.55,3.357,64.54,6
VST,2025-04-10,2025-04-14,2025-04-17,3-5%,-3.72,113.63,118.02,tp_gap_filled,16.8516,1914.84,3.863,73.98,3
BBY,2025-04-10,2025-04-14,2025-04-22,3-5%,-3.708,61.29,63.65,tp_gap_filled,31.2372,1914.53,3.851,73.72,5
BSX,2025-04-04,2025-04-08,2025-04-23,3-5%,-3.827,94.73,98.5,tp_gap_filled,18.9331,1793.54,3.98,71.38,10
SNPS,2025-04-03,2025-04-09,2025-04-23,3-5%,-4.759,417.68,438.55,tp_gap_filled,4.5921,1918.03,4.997,95.84,9
PH,2025-04-10,2025-04-14,2025-04-23,3-5%,-3.565,574.85,596.1,tp_gap_filled,3.331,1914.82,3.697,70.78,6
JBHT,2025-04-16,2025-04-17,2025-04-23,5-10%,-5.262,128.0,135.11,tp_gap_filled,14.8128,1896.04,5.555,105.32,3
AVGO,2025-04-16,2025-04-17,2025-04-23,3-5%,-4.761,170.43,178.95,tp_gap_filled,11.1272,1896.41,4.999,94.8,3
TPL,2025-04-02,2025-04-17,2025-04-23,2-3%,-2.301,440.57,450.9467,tp_gap_filled,4.3047,1896.53,2.355,44.67,3
GOOGL,2025-04-16,2025-04-17,2025-04-23,2-3%,-2.054,153.1,156.31,tp_gap_filled,12.3832,1895.87,2.097,39.75,3
HOOD,2025-04-16,2025-04-22,2025-04-23,5-10%,-5.036,41.86,44.08,tp_gap_filled,45.2154,1892.72,5.303,100.38,1
STLD,2025-04-03,2025-04-09,2025-04-24,3-5%,-4.483,121.65,127.36,tp_gap_filled,15.7751,1919.04,4.694,90.08,10
MPWR,2025-04-10,2025-04-11,2025-04-24,5-10%,-6.383,525.98,561.84,tp_gap_filled,3.604,1895.61,6.818,129.24,8
AMAT,2025-04-10,2025-04-11,2025-04-24,5-10%,-5.009,142.23,149.73,tp_gap_filled,13.3507,1898.87,5.273,100.13,8
LRCX,2025-04-10,2025-04-14,2025-04-24,3-5%,-4.374,68.0,71.11,tp_gap_filled,28.1606,1914.92,4.574,87.58,7
TEL,2025-04-03,2025-04-23,2025-04-24,3-5%,-3.753,136.95,142.29,tp_gap_filled,14.1456,1937.24,3.899,75.54,1
VRT,2025-03-27,2025-04-23,2025-04-24,3-5%,-3.737,78.57,81.62,tp_gap_filled,24.653,1936.99,3.882,75.19,1
ABBV,2025-04-07,2025-04-08,2025-04-25,3-5%,-3.172,181.03,186.96,tp_gap_filled,9.8955,1791.38,3.276,58.68,12
TSLA,2025-04-10,2025-04-14,2025-04-25,3-5%,-4.482,260.0,272.2,tp_gap_filled,7.3694,1916.05,4.692,89.91,8
AMD,2025-04-16,2025-04-17,2025-04-25,5-10%,-8.06,87.61,95.29,tp_gap_filled,21.6424,1896.09,8.766,166.21,5
CME,2025-04-23,2025-04-24,2025-04-25,3-5%,-3.355,256.65,265.56,tp_gap_filled,7.7685,1993.79,3.472,69.22,1
TDY,2025-04-23,2025-04-24,2025-04-25,3-5%,-3.138,446.63,461.1,tp_gap_filled,4.4664,1994.82,3.24,64.63,1
CF,2025-04-03,2025-04-04,2025-04-28,3-5%,-3.595,76.96,79.83,tp_gap_filled,24.048,1850.74,3.729,69.02,15
RTX,2025-04-22,2025-04-23,2025-04-28,5-10%,-9.19,114.53,126.12,tp_gap_filled,16.9116,1936.89,10.12,196.01,3
ARES,2025-04-03,2025-04-23,2025-04-28,5-10%,-5.612,145.83,154.5,tp_gap_filled,13.2971,1939.12,5.945,115.29,3
CHTR,2025-04-24,2025-04-25,2025-04-28,3-5%,-4.192,323.36,337.51,tp_gap_filled,6.2216,2011.81,4.376,88.04,1
GEV,2025-01-27,2025-01-28,2025-04-29,10%+,-19.237,339.6,371.19,time_exit,6.4224,2181.04,9.302,202.88,63
FE,2025-02-27,2025-04-03,2025-04-29,5-10%,-5.203,40.81,43.05,tp_gap_filled,47.9145,1955.39,5.489,107.33,17
MSI,2025-04-03,2025-04-04,2025-04-29,2-3%,-2.071,427.94,436.99,tp_gap_filled,4.3034,1841.6,2.115,38.95,16
ANET,2025-04-03,2025-04-08,2025-04-29,5-10%,-8.658,73.22,80.16,tp_gap_filled,24.4991,1793.82,9.478,170.02,14
BKNG,2025-03-06,2025-04-24,2025-04-29,2-3%,-2.063,192.6404,196.6984,tp_gap_filled,10.3609,1995.93,2.107,42.04,3
V,2025-04-03,2025-04-04,2025-04-30,3-5%,-3.589,333.9,346.33,tp_gap_filled,5.5372,1848.86,3.723,68.83,17
SHW,2025-04-03,2025-04-04,2025-04-30,2-3%,-2.415,345.12,353.66,tp_gap_filled,5.3402,1843.0,2.475,45.61,17
KLAC,2025-04-10,2025-04-11,2025-04-30,5-10%,-5.461,66.49,70.331,tp_gap_filled,28.5325,1897.13,5.777,109.59,12
ROP,2025-04-28,2025-04-29,2025-04-30,3-5%,-3.541,537.95,557.7,tp_gap_filled,3.7728,2029.56,3.671,74.51,1
DPZ,2025-04-28,2025-04-29,2025-04-30,2-3%,-2.166,477.02,487.58,tp_gap_filled,4.2539,2029.18,2.214,44.92,1
HST,2025-04-03,2025-04-09,2025-05-01,3-5%,-4.3,14.02,14.65,tp_gap_filled,136.9016,1919.36,4.494,86.25,15
GEN,2025-04-04,2025-04-09,2025-05-01,3-5%,-3.885,24.99,26.0,tp_gap_filled,76.827,1919.91,4.042,77.6,15
LII,2025-04-23,2025-04-24,2025-05-01,5-10%,-9.999,503.04,558.93,tp_gap_filled,3.952,1988.03,11.11,220.88,5
LH,2025-04-29,2025-04-30,2025-05-01,3-5%,-3.371,221.86,229.6,tp_gap_filled,9.1838,2037.53,3.489,71.08,1
SYY,2025-04-29,2025-04-30,2025-05-01,2-3%,-2.925,68.36,70.42,tp_gap_filled,29.8573,2041.04,3.013,61.51,1
PPG,2025-04-03,2025-04-30,2025-05-01,2-3%,-2.507,107.35,110.11,tp_gap_filled,19.0299,2042.86,2.571,52.52,1
WM,2025-04-29,2025-04-30,2025-05-01,2-3%,-2.218,224.0,229.08,tp_gap_filled,9.1225,2043.43,2.268,46.34,1
PWR,2025-01-27,2025-01-31,2025-05-02,10%+,-12.035,314.94,321.14,time_exit,7.038,2216.55,1.969,43.64,63
NOW,2025-01-30,2025-01-31,2025-05-02,10%+,-10.188,205.424,195.472,time_exit,10.7851,2215.52,-4.845,-107.33,63
DLR,2025-01-27,2025-01-31,2025-05-02,5-10%,-7.961,166.13,164.55,time_exit,13.3524,2218.23,-0.951,-21.1,63
LYV,2025-04-03,2025-04-09,2025-05-02,5-10%,-5.02,127.89,134.65,tp_gap_filled,14.9863,1916.6,5.286,101.31,16
GS,2025-04-03,2025-04-23,2025-05-02,5-10%,-6.69,525.43,563.1,tp_gap_filled,3.69,1938.83,7.169,139.0,7
NDAQ,2025-04-03,2025-04-23,2025-05-02,3-5%,-4.291,74.94,78.3,tp_gap_filled,25.8605,1937.99,4.484,86.89,7
HAS,2025-04-03,2025-04-24,2025-05-02,5-10%,-6.205,58.8,62.69,tp_gap_filled,33.8382,1989.69,6.616,131.63,6
CMCSA,2025-04-24,2025-04-25,2025-05-02,5-10%,-7.224,29.9719,32.3055,tp_gap_filled,67.0355,2009.18,7.786,156.44,5
IBM,2025-04-24,2025-04-25,2025-05-02,5-10%,-5.825,231.18,245.48,tp_gap_filled,8.7014,2011.59,6.186,124.43,5
ZTS,2025-04-04,2025-04-29,2025-05-02,2-3%,-2.262,156.0,159.61,tp_gap_filled,13.0085,2029.33,2.314,46.96,3
DELL,2025-04-30,2025-05-01,2025-05-02,5-10%,-7.422,86.82,93.78,tp_gap_filled,23.541,2043.83,8.017,163.85,1
EME,2025-04-30,2025-05-01,2025-05-02,5-10%,-6.784,385.0,413.02,tp_gap_filled,5.3149,2046.24,7.278,148.92,1
HOOD,2025-04-30,2025-05-01,2025-05-02,5-10%,-5.996,46.41,49.37,tp_gap_filled,44.1536,2049.17,6.378,130.69,1
VRT,2025-04-30,2025-05-01,2025-05-02,5-10%,-5.117,81.78,86.19,tp_gap_filled,25.0552,2049.02,5.393,110.49,1
EQT,2025-04-04,2025-04-07,2025-05-05,5-10%,-5.586,49.18,52.09,tp_gap_filled,36.8156,1810.59,5.917,107.13,19
NWSA,2025-05-01,2025-05-02,2025-05-05,3-5%,-3.724,26.11,27.12,tp_gap_filled,79.8401,2084.63,3.868,80.64,1
LIN,2025-05-01,2025-05-02,2025-05-05,3-5%,-3.484,437.44,453.23,tp_gap_filled,4.7709,2086.97,3.61,75.33,1
ALL,2025-05-01,2025-05-02,2025-05-05,1-2%,-1.865,194.69,198.39,tp_gap_filled,10.7328,2089.57,1.9,39.71,1
DXCM,2025-03-06,2025-05-02,2025-05-05,1-2%,-1.855,80.44,81.96,tp_gap_filled,25.989,2090.56,1.89,39.5,1
CRWD,2025-02-20,2025-05-02,2025-05-05,1-2%,-1.826,110.48,112.535,tp_gap_filled,18.928,2091.17,1.86,38.9,1
NEM,2025-04-23,2025-04-24,2025-05-06,5-10%,-5.116,51.75,54.54,tp_gap_filled,38.4686,1990.75,5.391,107.33,8
MRK,2025-02-04,2025-02-05,2025-05-07,10%+,-10.813,89.0,79.12,time_exit,25.1613,2239.36,-11.101,-248.59,63
CNC,2025-04-25,2025-04-28,2025-05-07,5-10%,-5.164,58.4,61.58,tp_gap_filled,34.628,2022.28,5.445,110.12,7
ETN,2025-05-02,2025-05-05,2025-05-07,2-3%,-2.632,293.72,301.66,tp_gap_filled,7.1061,2087.2,2.703,56.42,2
NFLX,2025-05-05,2025-05-06,2025-05-07,3-5%,-3.605,111.48,115.649,tp_gap_filled,18.6735,2081.72,3.74,77.85,1
WBD,2025-04-04,2025-04-09,2025-05-08,3-5%,-3.384,8.85,9.16,tp_gap_filled,217.0707,1921.08,3.503,67.29,20
CTVA,2025-04-03,2025-04-29,2025-05-08,2-3%,-2.422,62.45,64.0,tp_gap_filled,32.5209,2030.93,2.482,50.41,7
CINF,2025-04-03,2025-04-29,2025-05-08,2-3%,-2.412,144.03,147.59,tp_gap_filled,14.0978,2030.51,2.472,50.19,7
MCD,2025-05-01,2025-05-02,2025-05-08,2-3%,-2.033,313.15,319.65,tp_gap_filled,6.6712,2089.08,2.076,43.36,4
CLX,2025-05-06,2025-05-07,2025-05-08,3-5%,-3.172,134.0,138.39,tp_gap_filled,15.5794,2087.64,3.276,68.39,1
SWKS,2025-02-06,2025-02-07,2025-05-09,10%+,-28.17,62.55,68.21,time_exit,35.7647,2237.08,9.049,202.43,63
PODD,2025-04-03,2025-04-07,2025-05-09,5-10%,-5.105,255.39,269.13,tp_gap_filled,7.0841,1809.21,5.38,97.34,23
FSLR,2025-04-30,2025-05-01,2025-05-09,10%+,-12.008,120.76,137.24,tp_gap_filled,16.9097,2042.02,13.647,278.67,6
CVNA,2025-02-20,2025-05-08,2025-05-09,5-10%,-6.007,52.978,56.364,tp_gap_filled,39.852,2111.28,6.391,134.94,1
HD,2025-04-03,2025-04-04,2025-05-12,3-5%,-4.074,355.78,370.89,tp_gap_filled,5.2078,1852.82,4.247,78.69,25
MTB,2025-04-03,2025-04-23,2025-05-12,3-5%,-4.908,170.89,179.71,tp_gap_filled,11.3479,1939.24,5.161,100.09,13
INTC,2025-04-25,2025-04-28,2025-05-12,5-10%,-8.19,19.73,21.49,tp_gap_filled,102.4366,2021.07,8.92,180.29,10
IP,2025-04-30,2025-05-01,2025-05-12,5-10%,-7.495,44.06,47.63,tp_gap_filled,46.391,2043.99,8.103,165.62,7
KEY,2025-04-03,2025-05-02,2025-05-12,5-10%,-5.538,15.18,16.07,tp_gap_filled,137.2734,2083.81,5.863,122.17,6
CSCO,2025-04-03,2025-05-02,2025-05-12,3-5%,-3.947,59.38,61.82,tp_gap_filled,35.1071,2084.66,4.109,85.66,6
VMC,2025-02-19,2025-05-02,2025-05-12,2-3%,-2.277,266.55,272.76,tp_gap_filled,7.8381,2089.24,2.33,48.67,6
APO,2025-05-02,2025-05-05,2025-05-12,2-3%,-2.712,134.15,137.89,tp_gap_filled,15.5591,2087.25,2.788,58.19,5
CAT,2025-04-02,2025-05-05,2025-05-12,1-2%,-1.343,326.13,330.57,tp_gap_filled,6.401,2087.57,1.361,28.42,5
J,2025-05-06,2025-05-07,2025-05-12,5-10%,-6.87,116.7624,125.3762,tp_gap_filled,17.8785,2087.53,7.377,154.0,3
MU,2025-04-03,2025-05-08,2025-05-12,5-10%,-6.411,82.92,88.6,tp_gap_filled,25.4479,2110.14,6.85,144.54,2
ANET,2025-05-07,2025-05-08,2025-05-12,5-10%,-5.387,85.88,90.77,tp_gap_filled,24.6224,2114.57,5.694,120.4,2
VST,2025-05-07,2025-05-08,2025-05-12,3-5%,-4.952,137.63,144.8,tp_gap_filled,15.3691,2115.25,5.21,110.2,2
WBD,2025-05-08,2025-05-09,2025-05-12,3-5%,-4.673,8.16,8.56,tp_gap_filled,258.8728,2112.4,4.902,103.55,1
MCHP,2025-03-10,2025-05-09,2025-05-12,3-5%,-3.028,57.96,59.77,tp_gap_filled,36.5271,2117.11,3.123,66.11,1
ABBV,2025-05-08,2025-05-09,2025-05-12,2-3%,-2.105,184.13,188.09,tp_gap_filled,11.4875,2115.19,2.151,45.49,1
LOW,2025-04-03,2025-04-04,2025-05-13,5-10%,-5.309,222.79,235.28,tp_gap_filled,8.325,1854.74,5.606,103.98,26
XYZ,2025-05-02,2025-05-05,2025-05-13,10%+,-22.495,45.325,58.48,tp_gap_filled,45.9774,2083.93,29.024,604.83,6
ED,2025-05-02,2025-05-05,2025-05-13,1-2%,-1.955,110.36,101.5312,stop,18.9189,2087.89,-8.0,-167.03,6
PLTR,2025-05-06,2025-05-08,2025-05-13,5-10%,-8.936,112.71,123.77,tp_gap_filled,18.7005,2107.73,9.813,206.83,3
NDSN,2025-04-03,2025-05-12,2025-05-13,3-5%,-3.3,196.64,203.35,tp_gap_filled,10.9934,2161.74,3.412,73.77,1
BLDR,2025-05-01,2025-05-12,2025-05-13,2-3%,-2.993,116.05,119.63,tp_gap_filled,18.6397,2163.14,3.085,66.73,1
ORCL,2025-03-06,2025-05-12,2025-05-13,2-3%,-2.723,157.16,161.56,tp_gap_filled,13.768,2163.78,2.8,60.58,1
ADI,2025-03-10,2025-05-12,2025-05-13,2-3%,-2.497,220.22,225.86,tp_gap_filled,9.8256,2163.79,2.561,55.42,1
CRWD,2025-05-09,2025-05-12,2025-05-13,2-3%,-2.26,104.7363,107.1575,tp_gap_filled,20.6714,2165.05,2.312,50.05,1
MNST,2025-05-09,2025-05-12,2025-05-13,2-3%,-2.212,29.405,30.07,tp_gap_filled,73.6655,2166.13,2.262,48.99,1
AES,2025-04-03,2025-05-13,2025-05-14,3-5%,-3.846,12.0,12.48,tp_gap_filled,180.3027,2163.63,4.0,86.55,1
MCK,2025-05-12,2025-05-13,2025-05-14,2-3%,-2.862,673.61,693.46,tp_gap_filled,3.2149,2165.62,2.947,63.82,1
ABBV,2025-05-12,2025-05-13,2025-05-14,2-3%,-2.492,180.0,184.6,tp_gap_filled,12.0306,2165.5,2.556,55.34,1
CVNA,2025-05-09,2025-05-13,2025-05-14,1-2%,-1.467,56.268,57.106,tp_gap_filled,38.5197,2167.43,1.489,32.28,1
NFLX,2025-05-12,2025-05-13,2025-05-14,1-2%,-1.4,112.426,114.022,tp_gap_filled,19.2947,2169.23,1.42,30.79,1
META,2025-03-06,2025-05-13,2025-05-14,1-2%,-1.29,648.0,656.47,tp_gap_filled,3.3484,2169.78,1.307,28.36,1
VLO,2025-04-02,2025-05-13,2025-05-14,1-2%,-1.204,132.13,133.74,tp_gap_filled,16.4256,2170.32,1.218,26.45,1
WAB,2025-02-12,2025-02-13,2025-05-15,5-10%,-7.746,192.0,204.24,time_exit,11.6847,2243.47,6.375,143.02,63
MSCI,2025-04-03,2025-04-15,2025-05-15,2-3%,-2.497,561.58,575.96,tp_gap_filled,3.4059,1912.66,2.561,48.98,21
CEG,2025-05-13,2025-05-14,2025-05-15,1-2%,-1.686,280.47,285.28,tp_gap_filled,7.6618,2148.9,1.715,36.85,1
VST,2025-05-13,2025-05-14,2025-05-15,1-2%,-1.321,144.16,146.09,tp_gap_filled,14.9146,2150.08,1.339,28.78,1
AEE,2025-05-13,2025-05-14,2025-05-15,1-2%,-1.017,94.45,95.42,tp_gap_filled,22.7976,2153.23,1.027,22.11,1
TTWO,2025-05-02,2025-05-05,2025-05-16,5-10%,-8.811,214.45,235.17,tp_gap_filled,9.7232,2085.13,9.662,201.46,9
TAP,2025-05-08,2025-05-09,2025-05-16,5-10%,-7.899,52.35,56.84,tp_gap_filled,40.3164,2110.56,8.577,181.02,5
J,2025-05-14,2025-05-15,2025-05-16,3-5%,-3.364,121.4554,125.6832,tp_gap_filled,17.9278,2177.42,3.481,75.79,1
PM,2025-05-12,2025-05-15,2025-05-16,2-3%,-2.392,165.64,169.7,tp_gap_filled,13.1587,2179.6,2.451,53.42,1
VLO,2025-05-14,2025-05-15,2025-05-16,1-2%,-1.628,132.91,135.11,tp_gap_filled,16.4048,2180.36,1.655,36.09,1
FAST,2025-05-06,2025-05-15,2025-05-16,1-2%,-1.577,40.56,41.21,tp_gap_filled,53.7764,2181.17,1.603,34.95,1
CBOE,2025-05-14,2025-05-15,2025-05-16,1-2%,-1.461,217.16,220.38,tp_gap_filled,10.046,2181.58,1.483,32.35,1
KIM,2025-05-14,2025-05-15,2025-05-16,1-2%,-1.305,21.18,21.46,tp_gap_filled,103.0207,2181.98,1.322,28.85,1
DVA,2025-02-14,2025-02-18,2025-05-19,10%+,-13.024,154.0,144.96,time_exit,14.7457,2270.84,-5.87,-133.3,63
KMB,2025-04-22,2025-04-23,2025-05-19,3-5%,-4.99,133.08,140.07,tp_gap_filled,14.5713,1939.15,5.252,101.85,18
ITW,2025-04-03,2025-05-12,2025-05-19,2-3%,-2.286,246.66,252.43,tp_gap_filled,8.7749,2164.41,2.339,50.63,5
T,2025-05-12,2025-05-13,2025-05-19,2-3%,-2.694,27.09,27.84,tp_gap_filled,79.9751,2166.53,2.769,59.98,4
MO,2025-05-12,2025-05-15,2025-05-19,1-2%,-1.952,58.27,59.43,tp_gap_filled,37.421,2180.52,1.991,43.41,2
EL,2025-05-15,2025-05-16,2025-05-19,3-5%,-3.12,62.11,64.11,tp_gap_filled,35.4852,2203.99,3.22,70.97,1
CRWD,2025-05-15,2025-05-16,2025-05-19,2-3%,-2.833,105.8975,108.985,tp_gap_filled,20.8469,2207.63,2.916,64.36,1
PEG,2025-01-27,2025-02-19,2025-05-20,3-5%,-3.18,85.25,79.37,time_exit,26.749,2280.35,-6.897,-157.28,63
PG,2025-04-24,2025-04-25,2025-05-20,3-5%,-3.156,160.5,165.73,tp_gap_filled,12.5736,2018.06,3.259,65.76,17
HUM,2025-05-13,2025-05-19,2025-05-20,3-5%,-3.334,244.43,252.86,tp_gap_filled,9.0439,2210.6,3.449,76.24,1
BIIB,2025-04-04,2025-05-19,2025-05-20,1-2%,-1.14,129.22,130.71,tp_gap_filled,17.1167,2211.82,1.153,25.5,1
IFF,2025-02-19,2025-02-20,2025-05-21,5-10%,-6.316,80.99,77.07,time_exit,27.9516,2263.8,-4.84,-109.57,63
UPS,2025-01-30,2025-02-24,2025-05-23,10%+,-12.251,117.39,95.37,time_exit,18.5739,2180.39,-18.758,-409.0,63
UDR,2025-04-04,2025-05-02,2025-05-23,1-2%,-1.648,42.98,39.5416,stop,48.6515,2091.04,-8.0,-167.28,15
VST,2025-05-19,2025-05-20,2025-05-23,3-5%,-3.987,150.375,156.62,tp_gap_filled,14.6847,2208.21,4.153,91.71,3
VRT,2025-05-15,2025-05-16,2025-05-27,3-5%,-3.361,105.8,109.48,tp_gap_filled,20.8307,2203.89,3.478,76.66,6
MRVL,2025-05-19,2025-05-20,2025-05-27,3-5%,-4.172,61.1,63.76,tp_gap_filled,36.1371,2207.97,4.354,96.12,4
TSLA,2025-05-19,2025-05-20,2025-05-27,3-5%,-3.909,336.3,349.98,tp_gap_filled,6.572,2210.16,4.068,89.9,4
PWR,2025-05-22,2025-05-23,2025-05-27,1-2%,-1.386,336.5,341.23,tp_gap_filled,6.3936,2151.45,1.406,30.24,1
MRNA,2025-05-22,2025-05-23,2025-05-27,1-2%,-1.163,25.5,25.8,tp_gap_filled,84.365,2151.31,1.176,25.31,1
CRH,2025-05-22,2025-05-23,2025-05-27,1-2%,-1.115,94.02,95.08,tp_gap_filled,22.895,2152.59,1.127,24.27,1
SRE,2025-02-25,2025-02-26,2025-05-28,10%+,-16.976,72.38,77.5,time_exit,30.1547,2182.6,7.074,154.39,63
BBY,2025-05-23,2025-05-27,2025-05-28,3-5%,-4.254,67.75,70.76,tp_gap_filled,32.3545,2192.02,4.443,97.39,1
ON,2025-05-23,2025-05-27,2025-05-28,3-5%,-3.854,40.66,42.29,tp_gap_filled,53.9821,2194.91,4.009,87.99,1
SWKS,2025-05-23,2025-05-27,2025-05-28,3-5%,-3.553,67.86,70.36,tp_gap_filled,32.3883,2197.87,3.684,80.97,1
ALGN,2025-05-21,2025-05-28,2025-05-29,1-2%,-1.09,180.59,182.58,tp_gap_filled,12.0815,2181.8,1.102,24.04,1
DXCM,2025-05-21,2025-05-28,2025-05-29,1-2%,-1.042,86.43,87.34,tp_gap_filled,25.2422,2181.69,1.053,22.97,1
VTRS,2025-02-27,2025-02-28,2025-05-30,10%+,-17.616,9.26,8.79,time_exit,232.784,2155.58,-5.076,-109.41,63
ANET,2025-05-15,2025-05-16,2025-05-30,2-3%,-2.932,95.34,84.8526,stop,23.1465,2206.79,-11.0,-242.75,9
COST,2025-03-06,2025-05-19,2025-05-30,1-2%,-1.413,1032.95,1047.75,tp_gap_filled,2.1412,2211.76,1.433,31.69,8
NTAP,2025-02-28,2025-03-03,2025-06-02,10%+,-15.979,99.33,98.77,time_exit,21.2618,2111.93,-0.564,-11.91,63
CHD,2025-05-01,2025-05-02,2025-06-02,5-10%,-6.392,92.99,99.34,tp_gap_filled,22.4092,2083.83,6.829,142.3,20
NEM,2025-05-12,2025-05-20,2025-06-02,5-10%,-5.484,51.02,53.98,tp_gap_filled,43.2549,2206.87,5.802,128.03,8
HRL,2025-05-29,2025-05-30,2025-06-02,2-3%,-2.43,29.31,30.04,tp_gap_filled,74.9183,2195.86,2.491,54.69,1
AMD,2025-05-19,2025-05-21,2025-06-03,1-2%,-1.835,115.02,117.17,tp_gap_filled,18.8744,2170.94,1.869,40.58,8
TECH,2025-05-21,2025-05-28,2025-06-03,1-2%,-1.615,48.73,49.53,tp_gap_filled,44.788,2182.52,1.642,35.83,4
ABNB,2025-05-30,2025-06-02,2025-06-03,2-3%,-2.228,125.5,128.36,tp_gap_filled,17.4529,2190.35,2.279,49.92,1
MRNA,2025-05-30,2025-06-02,2025-06-03,2-3%,-2.172,26.345,26.93,tp_gap_filled,83.1954,2191.78,2.221,48.67,1
WFC,2025-03-04,2025-05-13,2025-06-04,2-3%,-2.025,75.47,77.03,tp_gap_filled,28.7191,2167.43,2.067,44.8,15
LYV,2025-05-29,2025-05-30,2025-06-04,3-5%,-3.067,135.92,140.22,tp_gap_filled,16.1525,2195.45,3.164,69.46,3
MRVL,2025-05-30,2025-06-02,2025-06-04,3-5%,-4.598,60.8,63.73,tp_gap_filled,36.0185,2189.93,4.819,105.53,2
COHR,2025-05-30,2025-06-03,2025-06-04,2-3%,-2.892,77.22,79.52,tp_gap_filled,28.569,2206.1,2.978,65.71,1
NEE,2025-05-22,2025-05-29,2025-06-05,3-5%,-3.69,68.9,71.54,tp_gap_filled,31.7794,2189.6,3.832,83.9,5
FCX,2025-03-27,2025-06-04,2025-06-05,1-2%,-1.928,40.69,41.49,tp_gap_filled,54.0689,2200.06,1.966,43.26,1
CRL,2025-05-21,2025-06-04,2025-06-05,1-2%,-1.491,141.39,143.53,tp_gap_filled,15.5616,2200.25,1.514,33.3,1
LMT,2025-01-28,2025-03-07,2025-06-06,5-10%,-5.954,473.7,481.69,time_exit,4.4527,2109.23,1.687,35.58,63
BBY,2025-05-29,2025-06-02,2025-06-06,3-5%,-4.404,68.37,71.52,tp_gap_filled,32.0376,2190.41,4.607,100.92,4
GOOGL,2025-06-02,2025-06-03,2025-06-06,2-3%,-2.271,167.84,171.74,tp_gap_filled,13.1552,2207.97,2.324,51.31,3
ALGN,2025-05-30,2025-06-04,2025-06-06,1-2%,-1.404,180.48,183.05,tp_gap_filled,12.1942,2200.82,1.424,31.34,2
TXN,2025-03-06,2025-06-04,2025-06-09,1-2%,-1.948,191.76,195.57,tp_gap_filled,11.4743,2200.3,1.987,43.72,3
MRK,2025-05-13,2025-05-14,2025-06-10,3-5%,-4.327,76.95,80.43,tp_gap_filled,27.9511,2150.84,4.522,97.27,18
EOG,2025-04-04,2025-04-09,2025-06-11,3-5%,-3.595,115.58,119.89,tp_gap_filled,16.6256,1921.58,3.729,71.66,43
PSX,2025-05-21,2025-06-03,2025-06-11,3-5%,-3.507,116.66,120.9,tp_gap_filled,18.9127,2206.36,3.634,80.19,6
OMC,2025-06-02,2025-06-03,2025-06-11,2-3%,-2.682,71.47,73.44,tp_gap_filled,30.8937,2207.97,2.756,60.86,6
VZ,2025-03-11,2025-03-13,2025-06-12,5-10%,-6.991,43.24,43.16,time_exit,46.767,2022.21,-0.185,-3.74,63
ECHO,2025-06-09,2025-06-10,2025-06-12,5-10%,-9.84,15.76,17.48,tp_gap_filled,141.3894,2228.3,10.914,243.19,2
PCAR,2025-03-13,2025-03-14,2025-06-13,3-5%,-4.808,97.41,91.88,time_exit,21.2589,2070.83,-5.677,-117.56,63
DLTR,2025-06-04,2025-06-05,2025-06-13,5-10%,-5.986,90.93,96.72,tp_gap_filled,24.2147,2201.84,6.368,140.2,6
CVS,2025-05-12,2025-06-11,2025-06-13,1-2%,-1.956,65.66,66.97,tp_gap_filled,33.8699,2223.9,1.995,44.37,2
LMT,2025-06-11,2025-06-12,2025-06-13,2-3%,-2.674,464.15,476.9,tp_gap_filled,4.8046,2230.04,2.747,61.26,1
MOS,2025-06-06,2025-06-09,2025-06-16,5-10%,-5.769,34.3,36.4,tp_gap_filled,64.6502,2217.5,6.122,135.77,5
FCX,2025-06-11,2025-06-12,2025-06-16,1-2%,-1.896,41.39,42.19,tp_gap_filled,53.8906,2230.53,1.933,43.11,2
CF,2025-06-12,2025-06-13,2025-06-16,2-3%,-2.1,93.24,95.24,tp_gap_filled,23.6301,2203.27,2.145,47.26,1
HOOD,2025-06-12,2025-06-13,2025-06-16,1-2%,-1.808,73.526,74.88,tp_gap_filled,30.0089,2206.43,1.842,40.63,1
CRWD,2025-06-04,2025-06-05,2025-06-17,5-10%,-6.958,113.6875,122.19,tp_gap_filled,19.3605,2201.05,7.479,164.61,8
RCL,2025-06-13,2025-06-16,2025-06-17,3-5%,-3.699,255.9,265.73,tp_gap_filled,8.6603,2216.16,3.841,85.13,1
LRCX,2025-06-13,2025-06-16,2025-06-17,3-5%,-3.153,88.77,91.66,tp_gap_filled,24.9824,2217.69,3.256,72.2,1
APA,2025-06-16,2025-06-17,2025-06-18,1-2%,-1.809,20.63,21.01,tp_gap_filled,106.5623,2198.38,1.842,40.49,1
BAC,2025-03-04,2025-05-14,2025-06-20,1-2%,-1.822,44.73,45.56,tp_gap_filled,48.0415,2148.9,1.856,39.87,25
SNDK,2025-04-02,2025-06-18,2025-06-20,2-3%,-2.474,46.92,48.11,tp_gap_filled,46.7564,2193.81,2.536,55.64,1
CMG,2025-03-06,2025-06-05,2025-06-23,1-2%,-1.511,52.79,53.6,tp_gap_filled,41.7621,2204.62,1.534,33.83,11
MO,2025-06-16,2025-06-17,2025-06-23,1-2%,-1.99,58.62,59.81,tp_gap_filled,37.4975,2198.1,2.03,44.62,3
GE,2025-06-12,2025-06-20,2025-06-23,2-3%,-2.248,240.0,245.52,tp_gap_filled,9.1681,2200.33,2.3,50.61,1
TDG,2025-05-06,2025-05-12,2025-06-24,3-5%,-3.816,1416.4301,1472.62,tp_gap_filled,1.527,2162.94,3.967,85.8,29
URI,2025-02-18,2025-05-13,2025-06-24,1-2%,-1.924,727.0,741.26,tp_gap_filled,2.9817,2167.73,1.961,42.52,28
AVGO,2025-06-06,2025-06-11,2025-06-24,3-5%,-3.382,251.14,259.93,tp_gap_filled,8.8549,2223.82,3.5,77.83,8
UAL,2025-06-17,2025-06-23,2025-06-24,1-2%,-1.923,77.01,78.52,tp_gap_filled,28.8008,2217.95,1.961,43.49,1
RDDT,2025-06-23,2025-06-24,2025-06-25,2-3%,-2.429,135.77,139.15,tp_gap_filled,16.4784,2237.28,2.489,55.7,1
NCLH,2025-06-23,2025-06-24,2025-06-25,2-3%,-2.333,18.42,18.86,tp_gap_filled,121.549,2238.93,2.389,53.48,1
AZO,2025-05-27,2025-05-28,2025-06-26,1-2%,-1.998,3750.0,3450.0,stop,0.582,2182.58,-8.0,-174.61,20
SMCI,2025-06-23,2025-06-25,2025-06-26,3-5%,-4.082,43.47,45.32,tp_gap_filled,51.0151,2217.63,4.256,94.38,1
BSX,2025-05-28,2025-05-29,2025-06-27,1-2%,-1.799,104.26,106.17,tp_gap_filled,21.0019,2189.66,1.832,40.11,20
BA,2025-06-12,2025-06-13,2025-06-27,5-10%,-5.528,202.17,214.0,tp_gap_filled,10.9001,2203.68,5.852,128.95,9
GM,2025-03-27,2025-03-28,2025-06-30,5-10%,-7.772,46.99,49.21,time_exit,43.1377,2027.04,4.724,95.77,63
FDX,2025-06-25,2025-06-26,2025-06-30,3-5%,-4.762,176.1322,184.9396,tp_gap_filled,12.6613,2230.07,5.0,111.51,2
TTD,2025-06-26,2025-06-27,2025-06-30,3-5%,-3.288,67.505,69.8,tp_gap_filled,33.2772,2246.38,3.4,76.37,1
SOLV,2025-04-03,2025-05-12,2025-07-01,2-3%,-2.467,74.73,76.62,tp_gap_filled,28.9625,2164.37,2.529,54.74,34
AEP,2025-05-12,2025-05-19,2025-07-01,1-2%,-1.471,103.14,104.68,tp_gap_filled,21.4416,2211.48,1.493,33.02,29
ARES,2025-05-15,2025-06-06,2025-07-01,1-2%,-1.541,173.12,175.83,tp_gap_filled,12.8335,2221.74,1.565,34.78,16
APTV,2025-06-12,2025-06-13,2025-07-01,1-2%,-1.695,69.0,70.19,tp_gap_filled,31.9693,2205.88,1.725,38.04,11
CRH,2025-06-13,2025-06-16,2025-07-01,2-3%,-2.991,89.84,92.61,tp_gap_filled,24.7107,2220.01,3.083,68.45,10
DG,2025-06-24,2025-06-25,2025-07-01,3-5%,-3.027,111.47,114.95,tp_gap_filled,19.9231,2220.83,3.122,69.33,4
GIS,2025-06-25,2025-06-26,2025-07-01,2-3%,-2.546,52.05,53.41,tp_gap_filled,42.8545,2230.58,2.613,58.28,3
NEM,2025-06-27,2025-06-30,2025-07-01,2-3%,-2.957,57.44,59.19,tp_gap_filled,39.2941,2257.06,3.047,68.76,1
CNC,2025-05-13,2025-05-16,2025-07-02,3-5%,-3.118,60.91,51.7735,stop,36.22,2206.16,-15.0,-330.92,31
SBAC,2025-05-12,2025-05-19,2025-07-02,2-3%,-2.207,234.4,239.69,tp_gap_filled,9.4331,2211.12,2.257,49.9,30
NEE,2025-06-30,2025-07-01,2025-07-02,3-5%,-4.317,67.83,70.89,tp_gap_filled,33.7437,2288.84,4.511,103.26,1
SHW,2025-06-13,2025-07-01,2025-07-02,1-2%,-1.659,350.29,356.2,tp_gap_filled,6.5485,2293.86,1.687,38.7,1
LUV,2025-06-12,2025-07-01,2025-07-02,1-2%,-1.493,32.99,33.49,tp_gap_filled,69.5276,2293.72,1.516,34.76,1
UNP,2025-04-03,2025-05-12,2025-07-03,2-3%,-2.982,231.35,238.46,tp_gap_filled,9.3532,2163.87,3.073,66.5,36
FOX,2025-04-03,2025-05-16,2025-07-03,2-3%,-2.925,51.45,53.0,tp_gap_filled,42.9016,2207.29,3.013,66.5,32
DELL,2025-06-27,2025-06-30,2025-07-03,1-2%,-1.746,123.78,125.98,tp_gap_filled,18.2396,2257.7,1.777,40.13,3
BBY,2025-06-13,2025-07-01,2025-07-03,1-2%,-1.64,71.35,72.54,tp_gap_filled,32.1586,2294.52,1.668,38.27,2
PWR,2025-06-30,2025-07-01,2025-07-03,1-2%,-1.605,375.14,381.26,tp_gap_filled,6.1152,2294.06,1.631,37.43,2
TXT,2025-07-01,2025-07-02,2025-07-03,1-2%,-1.781,78.86,80.29,tp_gap_filled,28.9485,2282.88,1.813,41.4,1
GNRC,2025-07-01,2025-07-02,2025-07-03,1-2%,-1.718,140.75,143.21,tp_gap_filled,16.2321,2284.67,1.748,39.93,1
TSCO,2025-04-04,2025-06-23,2025-07-07,3-5%,-4.052,53.51,55.77,tp_gap_filled,41.4469,2217.82,4.224,93.67,9
KLAC,2025-07-02,2025-07-03,2025-07-07,1-2%,-1.184,88.821,89.885,tp_gap_filled,25.8013,2291.7,1.198,27.45,1
DD,2025-04-03,2025-05-12,2025-07-08,3-5%,-3.654,91.0042,94.4561,tp_gap_filled,23.7775,2163.85,3.793,82.08,38
GILD,2025-06-10,2025-06-11,2025-07-08,2-3%,-2.752,109.89,113.0,tp_gap_filled,20.2397,2224.14,2.83,62.95,17
ACN,2025-06-20,2025-06-23,2025-07-08,5-10%,-8.143,281.43,306.38,tp_gap_filled,7.873,2215.69,8.865,196.43,10
EFX,2025-06-17,2025-06-24,2025-07-08,3-5%,-3.335,258.53,267.45,tp_gap_filled,8.6516,2236.71,3.45,77.17,9
INTC,2025-07-02,2025-07-03,2025-07-08,1-2%,-1.4,22.53,22.85,tp_gap_filled,101.7438,2292.29,1.42,32.56,2
WBD,2025-07-01,2025-07-02,2025-07-09,3-5%,-4.45,10.95,11.46,tp_gap_filled,208.4252,2282.26,4.658,106.3,4
MGM,2025-07-07,2025-07-08,2025-07-09,2-3%,-2.767,36.55,37.59,tp_gap_filled,62.452,2282.62,2.845,64.95,1
ON,2025-07-07,2025-07-08,2025-07-09,2-3%,-2.138,55.39,56.6,tp_gap_filled,41.2319,2283.83,2.185,49.89,1
ELV,2025-05-13,2025-05-16,2025-07-10,3-5%,-4.058,399.78,339.813,stop,5.5118,2203.5,-15.0,-330.52,36
ZTS,2025-06-18,2025-06-20,2025-07-10,2-3%,-2.833,157.09,161.67,tp_gap_filled,14.0067,2200.31,2.916,64.15,13
AMD,2025-07-01,2025-07-02,2025-07-10,2-3%,-2.206,138.77,141.9,tp_gap_filled,16.4514,2282.96,2.256,51.49,5
SYY,2025-07-03,2025-07-07,2025-07-10,1-2%,-1.004,76.9,77.68,tp_gap_filled,29.5456,2272.06,1.014,23.05,3
SW,2025-07-07,2025-07-08,2025-07-10,1-2%,-1.801,47.165,48.03,tp_gap_filled,48.4672,2285.95,1.834,41.92,2
NEE,2025-07-08,2025-07-09,2025-07-10,2-3%,-2.528,72.86,74.75,tp_gap_filled,31.3838,2286.62,2.594,59.32,1
AES,2025-05-19,2025-07-09,2025-07-10,1-2%,-1.556,12.02,12.21,tp_gap_filled,190.2762,2287.12,1.581,36.15,1
NEM,2025-07-03,2025-07-07,2025-07-11,1-2%,-1.265,59.3,60.06,tp_gap_filled,38.3035,2271.4,1.282,29.11,4
INTC,2025-07-09,2025-07-10,2025-07-11,1-2%,-1.272,23.29,23.59,tp_gap_filled,98.6085,2296.59,1.288,29.58,1
ON,2025-07-09,2025-07-10,2025-07-11,1-2%,-1.111,56.98,57.62,tp_gap_filled,40.3236,2297.64,1.123,25.81,1
WYNN,2025-07-09,2025-07-10,2025-07-11,1-2%,-1.05,109.3,110.46,tp_gap_filled,21.0401,2299.69,1.061,24.41,1
GIS,2025-07-10,2025-07-11,2025-07-14,1-2%,-1.895,50.23,51.2,tp_gap_filled,45.3856,2279.72,1.931,44.02,1
KHC,2025-07-10,2025-07-11,2025-07-14,1-2%,-1.172,26.14,26.45,tp_gap_filled,87.2201,2279.93,1.186,27.04,1
ES,2025-07-10,2025-07-11,2025-07-14,1-2%,-1.152,64.36,65.11,tp_gap_filled,35.4518,2281.68,1.165,26.59,1
HUM,2025-05-21,2025-07-01,2025-07-15,2-3%,-2.166,249.78,222.3042,stop,9.1815,2293.34,-11.0,-252.27,9
LITE,2025-07-01,2025-07-03,2025-07-15,2-3%,-2.199,92.97,95.06,tp_gap_filled,24.6652,2293.13,2.248,51.55,7
NCLH,2025-07-11,2025-07-14,2025-07-15,2-3%,-2.333,22.61,23.15,tp_gap_filled,100.8077,2279.26,2.388,54.44,1
PLD,2025-04-03,2025-05-12,2025-07-16,3-5%,-3.765,108.11,112.34,tp_gap_filled,20.007,2162.96,3.913,84.63,44
CIEN,2025-06-05,2025-06-24,2025-07-16,5-10%,-8.392,76.85,83.89,tp_gap_filled,29.086,2235.26,9.161,204.77,15
PRU,2025-04-02,2025-07-03,2025-07-16,1-2%,-1.638,109.86,101.0712,stop,20.8685,2292.61,-8.0,-183.41,8
UHS,2025-07-02,2025-07-03,2025-07-16,1-2%,-1.238,186.6,171.672,stop,12.2841,2292.21,-8.0,-183.38,8
ALB,2025-07-11,2025-07-14,2025-07-17,5-10%,-5.345,70.3,74.27,tp_gap_filled,32.4122,2278.58,5.647,128.68,3
BNY,2025-07-15,2025-07-16,2025-07-17,1-2%,-1.627,93.7,95.25,tp_gap_filled,24.1928,2266.86,1.654,37.5,1
KKR,2025-07-11,2025-07-16,2025-07-17,1-2%,-1.23,141.29,143.05,tp_gap_filled,16.0502,2267.73,1.246,28.25,1
MAA,2025-07-15,2025-07-16,2025-07-17,1-2%,-1.203,149.44,151.26,tp_gap_filled,15.1786,2268.3,1.218,27.63,1
CCI,2025-05-12,2025-05-19,2025-07-18,2-3%,-2.076,102.82,105.0,tp_gap_filled,21.5068,2211.33,2.12,46.88,41
BLK,2025-07-15,2025-07-16,2025-07-18,3-5%,-3.654,1070.85,1111.46,tp_gap_filled,2.1164,2266.38,3.792,85.95,2
LRCX,2025-07-16,2025-07-17,2025-07-18,3-5%,-3.315,97.72,101.07,tp_gap_filled,23.3631,2283.04,3.428,78.27,1
MRVL,2025-07-16,2025-07-17,2025-07-18,3-5%,-3.149,70.13,72.41,tp_gap_filled,32.5749,2284.48,3.251,74.27,1
VZ,2025-07-10,2025-07-11,2025-07-21,1-2%,-1.737,41.87,42.61,tp_gap_filled,54.4768,2280.94,1.767,40.31,6
CRWD,2025-07-14,2025-07-15,2025-07-21,2-3%,-2.431,116.705,119.6125,tp_gap_filled,19.2989,2252.28,2.491,56.11,4
USB,2025-07-17,2025-07-18,2025-07-21,3-5%,-3.349,44.15,45.68,tp_gap_filled,51.6909,2282.15,3.465,79.09,1
SBUX,2025-07-17,2025-07-18,2025-07-21,1-2%,-1.924,90.73,92.51,tp_gap_filled,25.1827,2284.82,1.962,44.83,1
NOC,2025-04-22,2025-04-28,2025-07-22,5-10%,-8.767,484.75,531.33,tp_gap_filled,4.1696,2021.19,9.609,194.22,58
OMC,2025-07-09,2025-07-10,2025-07-22,2-3%,-2.786,72.58,74.66,tp_gap_filled,31.627,2295.49,2.866,65.78,8
BALL,2025-07-09,2025-07-10,2025-07-22,1-2%,-1.923,57.63,58.76,tp_gap_filled,39.84,2295.98,1.961,45.02,8
HCA,2025-07-16,2025-07-21,2025-07-22,1-2%,-1.608,365.82,371.8,tp_gap_filled,6.2416,2283.3,1.635,37.32,1
AIG,2025-04-03,2025-06-06,2025-07-23,1-2%,-1.961,86.0,79.12,stop,25.8262,2221.05,-8.0,-177.68,31
EIX,2025-07-07,2025-07-10,2025-07-23,2-3%,-2.303,51.34,52.55,tp_gap_filled,44.7219,2296.02,2.357,54.11,9
SW,2025-07-11,2025-07-14,2025-07-23,2-3%,-2.686,46.73,48.02,tp_gap_filled,48.7822,2279.59,2.761,62.93,7
HSIC,2025-07-14,2025-07-15,2025-07-23,3-5%,-4.141,70.38,73.42,tp_gap_filled,32.0008,2252.22,4.319,97.28,6
STT,2025-07-15,2025-07-17,2025-07-23,3-5%,-4.117,105.5,110.03,tp_gap_filled,21.6321,2282.19,4.294,97.99,4
WFC,2025-07-15,2025-07-18,2025-07-23,3-5%,-3.212,80.75,83.43,tp_gap_filled,28.2817,2283.74,3.319,75.79,3
RDDT,2025-07-21,2025-07-22,2025-07-23,2-3%,-2.172,145.02,148.24,tp_gap_filled,15.9981,2320.05,2.22,51.51,1
DOW,2025-07-11,2025-07-22,2025-07-23,2-3%,-2.018,29.62,30.23,tp_gap_filled,78.3355,2320.3,2.059,47.78,1
LEN,2025-07-11,2025-07-22,2025-07-23,1-2%,-1.486,114.71,116.44,tp_gap_filled,20.228,2320.36,1.508,34.99,1
BAC,2025-07-08,2025-07-21,2025-07-24,2-3%,-2.384,47.5,48.66,tp_gap_filled,48.097,2284.61,2.442,55.79,3
RTX,2025-07-22,2025-07-23,2025-07-24,3-5%,-4.012,145.48,151.56,tp_gap_filled,16.0615,2336.63,4.179,97.65,1
GM,2025-07-22,2025-07-23,2025-07-24,2-3%,-2.8,51.72,53.21,tp_gap_filled,45.2417,2339.9,2.881,67.41,1
HAL,2025-07-22,2025-07-23,2025-07-24,2-3%,-2.266,20.7,21.18,tp_gap_filled,113.1267,2341.72,2.319,54.3,1
DECK,2025-05-23,2025-05-27,2025-07-25,10%+,-22.325,97.94,126.09,tp_gap_filled,22.3131,2185.34,28.742,628.11,41
DXCM,2025-07-01,2025-07-02,2025-07-25,3-5%,-4.708,83.18,87.29,tp_gap_filled,27.4349,2282.04,4.941,112.76,16
IR,2025-07-18,2025-07-21,2025-07-25,1-2%,-1.618,86.33,87.75,tp_gap_filled,26.4635,2284.59,1.645,37.58,4
NTRS,2025-07-23,2025-07-24,2025-07-25,3-5%,-4.371,121.0,126.53,tp_gap_filled,19.318,2337.48,4.57,106.83,1
T,2025-07-23,2025-07-24,2025-07-25,3-5%,-4.085,26.3,27.42,tp_gap_filled,88.9914,2340.47,4.259,99.67,1
HLT,2025-07-23,2025-07-24,2025-07-25,3-5%,-3.265,264.9,273.84,tp_gap_filled,8.8462,2343.36,3.375,79.09,1
KDP,2025-04-24,2025-04-25,2025-07-28,2-3%,-2.756,34.22,32.97,time_exit,58.977,2018.19,-3.653,-73.72,63
NXPI,2025-07-22,2025-07-23,2025-07-28,2-3%,-2.69,222.13,228.27,tp_gap_filled,10.5397,2341.18,2.764,64.71,3
WTW,2025-04-24,2025-04-28,2025-07-29,5-10%,-5.997,306.15,302.3,time_exit,6.6068,2022.67,-1.258,-25.44,63
SJM,2025-06-10,2025-07-03,2025-07-29,5-10%,-6.124,105.0,111.85,tp_gap_filled,21.8431,2293.53,6.524,149.63,17
KMI,2025-07-17,2025-07-18,2025-07-29,2-3%,-2.544,27.2,27.91,tp_gap_filled,83.9589,2283.68,2.61,59.61,7
ADSK,2025-07-10,2025-07-22,2025-07-29,2-3%,-2.366,300.0,307.27,tp_gap_filled,7.7338,2320.14,2.423,56.22,5
ON,2025-07-24,2025-07-25,2025-07-29,5-10%,-5.955,56.06,59.61,tp_gap_filled,42.1716,2364.14,6.332,149.71,2
FCX,2025-07-11,2025-07-21,2025-07-30,2-3%,-2.775,45.9,40.851,stop,49.789,2285.32,-11.0,-251.38,7
CNP,2025-07-28,2025-07-29,2025-07-30,1-2%,-1.59,37.75,38.36,tp_gap_filled,62.4123,2356.06,1.616,38.07,1
TMUS,2025-04-25,2025-04-30,2025-07-31,5-10%,-7.258,243.15,238.41,time_exit,8.3771,2036.89,-1.949,-39.71,63
MSI,2025-05-02,2025-05-07,2025-07-31,3-5%,-4.966,417.35,439.16,tp_gap_filled,5.003,2088.01,5.226,109.12,58
MAS,2025-04-03,2025-05-12,2025-07-31,3-5%,-4.574,67.81,71.06,tp_gap_filled,31.8843,2162.08,4.793,103.62,55
IFF,2025-06-13,2025-07-03,2025-07-31,1-2%,-1.735,77.01,70.8492,stop,29.7756,2293.02,-8.0,-183.44,19
SWKS,2025-07-10,2025-07-11,2025-07-31,1-2%,-1.25,76.66,70.5272,stop,29.7505,2280.67,-8.0,-182.45,14
PTC,2025-07-10,2025-07-17,2025-07-31,5-10%,-5.759,198.35,210.47,tp_gap_filled,11.5074,2282.5,6.11,139.47,10
CSCO,2025-07-28,2025-07-29,2025-07-31,1-2%,-1.368,67.75,68.69,tp_gap_filled,34.7875,2356.86,1.387,32.7,2
GWW,2025-01-31,2025-05-01,2025-08-01,5-10%,-5.672,1062.2,932.44,time_exit,1.9293,2049.35,-12.216,-250.35,63
ESS,2025-04-04,2025-05-02,2025-08-01,2-3%,-2.028,288.38,256.6582,stop,7.2436,2088.92,-11.0,-229.78,62
EXC,2025-05-12,2025-05-19,2025-08-01,1-2%,-1.991,44.31,45.21,tp_gap_filled,49.9075,2211.4,2.031,44.92,51
STX,2025-07-30,2025-07-31,2025-08-01,5-10%,-7.65,141.0,152.68,tp_gap_filled,16.3479,2305.05,8.284,190.94,1
PNW,2025-05-01,2025-05-02,2025-08-04,2-3%,-2.29,93.0,92.24,time_exit,22.4585,2088.64,-0.817,-17.07,63
FRT,2025-04-03,2025-05-02,2025-08-04,2-3%,-2.039,97.06,91.54,time_exit,21.526,2089.31,-5.687,-118.82,63
LRCX,2025-07-31,2025-08-01,2025-08-05,5-10%,-8.144,91.02,99.09,tp_gap_filled,25.0092,2276.33,8.866,201.82,2
MPC,2025-07-24,2025-07-29,2025-08-06,1-2%,-1.436,174.99,160.9908,stop,13.4678,2356.74,-8.0,-188.54,6
BRK-B,2025-05-05,2025-05-07,2025-08-07,3-5%,-3.653,520.08,461.47,time_exit,4.0144,2087.79,-11.269,-235.28,63
ABT,2025-07-17,2025-07-23,2025-08-07,3-5%,-3.94,126.55,131.74,tp_gap_filled,18.492,2340.17,4.101,95.97,11
TSLA,2025-07-24,2025-07-25,2025-08-08,5-10%,-6.784,310.0,332.56,tp_gap_filled,7.6233,2363.21,7.277,171.98,10
GILD,2025-07-28,2025-07-29,2025-08-08,2-3%,-2.418,113.39,116.2,tp_gap_filled,20.7753,2355.71,2.478,58.38,8
MU,2025-07-14,2025-07-15,2025-08-11,3-5%,-3.333,120.38,124.53,tp_gap_filled,18.7106,2252.38,3.447,77.65,19
LYB,2025-07-24,2025-07-25,2025-08-11,5-10%,-6.813,62.64,47.6064,stop,37.7104,2362.18,-24.0,-566.92,11
KLAC,2025-07-31,2025-08-01,2025-08-11,5-10%,-6.545,86.445,92.499,tp_gap_filled,26.3637,2279.01,7.003,159.61,6
AMAT,2025-07-31,2025-08-01,2025-08-11,5-10%,-6.077,177.88,189.39,tp_gap_filled,12.8186,2280.18,6.471,147.54,6
EXPD,2025-04-03,2025-05-12,2025-08-12,5-10%,-5.497,115.19,120.72,time_exit,18.7559,2160.5,4.801,103.72,63
CPAY,2025-04-03,2025-05-12,2025-08-12,5-10%,-5.199,339.88,309.37,time_exit,6.3576,2160.83,-8.977,-193.97,63
GEHC,2025-04-03,2025-05-12,2025-08-12,3-5%,-3.56,76.535,74.41,time_exit,28.2631,2163.11,-2.777,-60.06,63
PNR,2025-07-22,2025-07-23,2025-08-12,3-5%,-4.053,100.61,104.86,tp_gap_filled,23.2107,2335.23,4.224,98.65,14
MCHP,2025-08-08,2025-08-11,2025-08-12,5-10%,-7.007,61.58,66.22,tp_gap_filled,36.9017,2272.41,7.535,171.22,1
WYNN,2025-08-08,2025-08-11,2025-08-12,3-5%,-3.012,104.0,107.23,tp_gap_filled,21.8553,2272.95,3.106,70.59,1
HPQ,2025-05-29,2025-05-30,2025-08-13,10%+,-12.426,23.82,27.2,tp_gap_filled,92.0847,2193.46,14.19,311.25,51
APTV,2025-07-07,2025-07-08,2025-08-13,2-3%,-2.122,71.02,72.56,tp_gap_filled,32.1835,2285.67,2.168,49.56,26
SWK,2025-07-29,2025-07-30,2025-08-13,5-10%,-7.724,68.22,73.93,tp_gap_filled,34.063,2323.78,8.37,194.5,10
PSKY,2025-07-31,2025-08-01,2025-08-13,5-10%,-9.774,12.0,13.3,tp_gap_filled,189.3758,2272.51,10.833,246.19,8
RL,2025-08-07,2025-08-12,2025-08-13,2-3%,-2.723,294.71,302.96,tp_gap_filled,7.8582,2315.89,2.799,64.83,1
NEM,2025-08-11,2025-08-12,2025-08-13,2-3%,-2.146,67.5,68.98,tp_gap_filled,34.3211,2316.67,2.193,50.8,1
INTC,2025-07-25,2025-07-28,2025-08-14,5-10%,-8.617,20.68,22.63,tp_gap_filled,113.7101,2351.52,9.429,221.73,13
MA,2025-06-13,2025-06-16,2025-08-15,2-3%,-2.786,572.86,589.28,tp_gap_filled,3.8759,2220.34,2.866,63.64,42
DDOG,2025-07-08,2025-07-09,2025-08-15,3-5%,-4.166,146.06,124.151,stop,15.6625,2287.66,-15.0,-343.15,27
QCOM,2025-07-31,2025-08-12,2025-08-15,3-5%,-3.741,153.11,159.06,tp_gap_filled,15.1245,2315.7,3.886,89.99,3
YUM,2025-08-05,2025-08-13,2025-08-15,1-2%,-1.701,144.5,147.0,tp_gap_filled,16.3897,2368.32,1.73,40.97,2
ADBE,2025-03-13,2025-05-16,2025-08-18,5-10%,-7.599,405.27,357.24,time_exit,5.4339,2202.21,-11.851,-260.99,63
ALB,2025-07-28,2025-08-11,2025-08-18,5-10%,-5.66,79.0,83.74,tp_gap_filled,28.7588,2271.94,6.0,136.32,5
PFE,2025-07-25,2025-08-13,2025-08-19,1-2%,-1.499,24.97,25.35,tp_gap_filled,94.8503,2368.41,1.522,36.04,4
ADP,2025-07-30,2025-07-31,2025-08-20,3-5%,-3.023,299.31,308.64,tp_gap_filled,7.7065,2306.64,3.117,71.9,14
CB,2025-07-23,2025-08-13,2025-08-20,2-3%,-2.052,273.01,278.73,tp_gap_filled,8.6735,2367.97,2.095,49.61,5
ED,2025-08-15,2025-08-18,2025-08-20,2-3%,-2.654,100.13,102.86,tp_gap_filled,23.4699,2350.04,2.726,64.07,2
INTC,2025-08-18,2025-08-19,2025-08-20,2-3%,-2.28,24.0,24.56,tp_gap_filled,98.0259,2352.62,2.333,54.89,1
DVA,2025-08-06,2025-08-18,2025-08-21,3-5%,-3.003,136.3,140.52,tp_gap_filled,17.2494,2351.09,3.096,72.79,3
MDT,2025-08-19,2025-08-20,2025-08-21,5-10%,-5.355,87.84,92.81,tp_gap_filled,26.837,2357.37,5.658,133.38,1
MCK,2025-08-07,2025-08-20,2025-08-21,2-3%,-2.879,683.5,703.76,tp_gap_filled,3.4528,2360.02,2.964,69.95,1
PRU,2025-08-19,2025-08-20,2025-08-21,1-2%,-1.322,105.21,106.62,tp_gap_filled,22.4442,2361.36,1.34,31.65,1
MSCI,2025-07-22,2025-07-31,2025-08-22,2-3%,-2.242,565.01,577.97,tp_gap_filled,4.0853,2308.22,2.294,52.94,16
ALB,2025-08-20,2025-08-21,2025-08-22,3-5%,-4.345,77.05,80.55,tp_gap_filled,30.5304,2352.37,4.543,106.86,1
APP,2025-08-19,2025-08-21,2025-08-22,1-2%,-1.801,430.64,438.54,tp_gap_filled,5.4652,2353.52,1.834,43.17,1
GEV,2025-08-20,2025-08-21,2025-08-22,1-2%,-1.744,592.61,603.13,tp_gap_filled,3.9693,2352.23,1.775,41.76,1
ROST,2025-05-23,2025-05-27,2025-08-26,10%+,-11.593,134.6,148.33,time_exit,16.2724,2190.26,10.201,223.42,63
WDAY,2025-05-23,2025-05-27,2025-08-26,10%+,-11.199,241.6,222.88,time_exit,9.0747,2192.44,-7.748,-169.88,63
WFC,2025-08-01,2025-08-12,2025-08-26,1-2%,-1.786,79.19,80.63,tp_gap_filled,29.267,2317.65,1.818,42.14,10
WSM,2025-08-25,2025-08-26,2025-08-27,3-5%,-3.598,196.1,203.42,tp_gap_filled,12.1717,2386.88,3.733,89.1,1
MU,2025-08-20,2025-08-22,2025-08-28,2-3%,-2.745,118.7,122.05,tp_gap_filled,20.2593,2404.78,2.822,67.87,4
MRVL,2025-08-01,2025-08-05,2025-08-29,3-5%,-4.106,77.07,65.5095,stop,29.6418,2284.49,-15.0,-342.67,18
SJM,2025-08-27,2025-08-28,2025-08-29,5-10%,-9.342,100.25,110.58,tp_gap_filled,23.7959,2385.54,10.304,245.81,1
SBAC,2025-08-21,2025-08-22,2025-09-02,1-2%,-1.801,219.68,202.1056,stop,10.9435,2404.07,-8.0,-192.33,6
NTAP,2025-08-28,2025-08-29,2025-09-02,3-5%,-3.139,108.61,112.13,tp_gap_filled,21.9192,2380.64,3.241,77.16,1
PANW,2025-07-30,2025-07-31,2025-09-04,5-10%,-7.001,180.27,193.84,tp_gap_filled,12.8157,2310.28,7.528,173.91,24
LMT,2025-07-22,2025-07-23,2025-09-05,5-10%,-8.204,422.75,460.53,tp_gap_filled,5.522,2334.43,8.937,208.62,31
STLD,2025-07-22,2025-07-23,2025-09-05,3-5%,-4.794,128.08,134.53,tp_gap_filled,18.2251,2334.27,5.036,117.55,31
BF-B,2025-06-05,2025-06-06,2025-09-08,10%+,-17.199,27.49,27.59,time_exit,80.7505,2219.83,0.364,8.08,63
COO,2025-05-30,2025-06-06,2025-09-08,5-10%,-9.98,71.98,68.79,time_exit,30.8535,2220.83,-4.432,-98.42,63
CRWD,2025-08-28,2025-08-29,2025-09-08,2-3%,-2.984,102.5,105.6525,tp_gap_filled,23.2437,2382.48,3.076,73.28,5
CRL,2025-08-06,2025-08-15,2025-09-09,5-10%,-6.156,157.18,167.49,tp_gap_filled,14.9403,2348.32,6.559,154.04,16
GDDY,2025-08-08,2025-08-12,2025-09-10,5-10%,-6.502,140.48,150.25,tp_gap_filled,16.4876,2316.18,6.955,161.08,20
EFX,2025-07-22,2025-07-23,2025-09-11,5-10%,-5.731,244.76,259.64,tp_gap_filled,9.5361,2334.06,6.079,141.9,35
KLAC,2025-08-15,2025-09-08,2025-09-11,3-5%,-3.264,92.423,95.541,tp_gap_filled,25.5839,2364.54,3.374,79.77,3
APA,2025-09-05,2025-09-08,2025-09-12,1-2%,-1.877,23.0,23.44,tp_gap_filled,102.7717,2363.75,1.913,45.22,4
FDX,2025-09-11,2025-09-12,2025-09-15,1-2%,-1.493,179.1458,181.8614,tp_gap_filled,13.1622,2357.96,1.516,35.74,1
ALB,2025-09-09,2025-09-11,2025-09-16,5-10%,-8.268,75.22,82.0,tp_gap_filled,31.6482,2380.58,9.014,214.57,3
XOM,2025-04-03,2025-06-17,2025-09-17,3-5%,-3.623,114.37,115.29,time_exit,19.2205,2198.25,0.804,17.68,63
ADI,2025-09-15,2025-09-16,2025-09-17,2-3%,-2.361,239.42,245.21,tp_gap_filled,9.8265,2352.65,2.418,56.9,1
TPR,2025-08-14,2025-08-15,2025-09-19,10%+,-15.485,95.95,113.53,tp_gap_filled,24.4509,2346.06,18.322,429.85,24
ES,2025-08-25,2025-08-26,2025-09-19,3-5%,-4.554,63.5,66.53,tp_gap_filled,37.5814,2386.42,4.772,113.87,17
NWS,2025-09-09,2025-09-15,2025-09-19,3-5%,-3.591,32.75,33.97,tp_gap_filled,72.0434,2359.42,3.725,87.89,4
RL,2025-09-16,2025-09-17,2025-09-19,3-5%,-3.097,305.99,315.77,tp_gap_filled,7.7083,2358.67,3.196,75.39,2
COHR,2025-08-14,2025-08-15,2025-09-22,10%+,-20.095,91.1,114.01,tp_gap_filled,25.7396,2344.88,25.148,589.69,25
FOXA,2025-09-09,2025-09-17,2025-09-22,3-5%,-4.526,59.652,62.48,tp_gap_filled,39.5463,2359.02,4.741,111.84,3
FSLR,2025-08-19,2025-09-19,2025-09-22,1-2%,-1.824,215.33,219.33,tp_gap_filled,11.0799,2385.83,1.858,44.32,1
UBER,2025-09-17,2025-09-19,2025-09-22,1-2%,-1.799,96.07,97.83,tp_gap_filled,24.8277,2385.2,1.832,43.7,1
MU,2025-09-19,2025-09-22,2025-09-23,3-5%,-3.636,162.75,168.89,tp_gap_filled,14.6965,2391.86,3.773,90.24,1
CBOE,2025-09-19,2025-09-22,2025-09-23,1-2%,-1.169,231.69,234.43,tp_gap_filled,10.3259,2392.41,1.183,28.29,1
MRVL,2025-08-29,2025-09-02,2025-09-24,10%+,-16.444,64.53,77.23,tp_gap_filled,36.5351,2357.61,19.681,464.0,16
SJM,2025-09-12,2025-09-19,2025-09-24,1-2%,-1.506,109.19,110.86,tp_gap_filled,21.8556,2386.41,1.529,36.5,3
APO,2025-09-22,2025-09-23,2025-09-24,1-2%,-1.831,142.1,144.75,tp_gap_filled,16.8108,2388.81,1.865,44.55,1
DIS,2025-09-22,2025-09-23,2025-09-24,1-2%,-1.758,111.76,113.76,tp_gap_filled,21.3829,2389.75,1.79,42.77,1
IBM,2025-07-24,2025-07-28,2025-09-25,5-10%,-7.361,261.25,282.01,tp_gap_filled,9.0011,2351.52,7.946,186.86,42
AZO,2025-09-23,2025-09-24,2025-09-25,2-3%,-2.093,4034.73,4121.0,tp_gap_filled,0.5912,2385.22,2.138,51.0,1
EQIX,2025-06-26,2025-06-27,2025-09-26,3-5%,-4.036,791.04,790.34,time_exit,2.8402,2246.72,-0.088,-1.99,63
CTAS,2025-09-24,2025-09-25,2025-09-26,1-2%,-1.775,197.03,200.59,tp_gap_filled,11.9966,2363.68,1.807,42.71,1
PAYX,2025-06-25,2025-06-30,2025-09-29,3-5%,-4.585,145.27,128.53,time_exit,15.5366,2257.0,-11.523,-260.08,63
LRCX,2025-09-23,2025-09-24,2025-09-29,1-2%,-1.853,129.75,132.2,tp_gap_filled,18.3962,2386.91,1.888,45.07,3
ADBE,2025-09-24,2025-09-25,2025-09-29,1-2%,-1.708,355.6,361.78,tp_gap_filled,6.6504,2364.89,1.738,41.1,2
LITE,2025-09-25,2025-09-26,2025-09-29,3-5%,-4.013,146.62,152.75,tp_gap_filled,16.2773,2386.58,4.181,99.78,1
TSN,2025-05-05,2025-07-01,2025-09-30,5-10%,-5.248,57.6,54.3,time_exit,39.7402,2289.04,-5.729,-131.14,63
FTV,2025-06-30,2025-07-01,2025-09-30,3-5%,-3.533,52.05,48.99,time_exit,44.0416,2292.37,-5.879,-134.77,63
CAH,2025-08-12,2025-08-13,2025-09-30,10%+,-10.567,141.0,157.66,tp_gap_filled,16.775,2365.28,11.816,279.47,33
LYB,2025-08-25,2025-08-26,2025-09-30,3-5%,-3.267,56.85,48.3225,stop,41.9934,2387.32,-15.0,-358.1,24
SNDK,2025-09-24,2025-09-29,2025-09-30,2-3%,-2.674,103.555,106.4,tp_gap_filled,23.1929,2401.74,2.747,65.98,1
ETN,2025-09-25,2025-09-29,2025-09-30,1-2%,-1.437,366.86,372.21,tp_gap_filled,6.5553,2404.89,1.458,35.07,1
TPR,2025-09-25,2025-09-30,2025-10-01,1-2%,-1.587,111.62,113.42,tp_gap_filled,21.5553,2406.0,1.613,38.8,1
APA,2025-09-29,2025-09-30,2025-10-01,1-2%,-1.337,24.36,24.69,tp_gap_filled,98.8086,2406.98,1.355,32.61,1
ESS,2025-09-29,2025-09-30,2025-10-01,1-2%,-1.113,264.82,267.8,tp_gap_filled,9.0885,2406.82,1.125,27.08,1
INTC,2025-09-29,2025-10-01,2025-10-02,2-3%,-2.761,34.52,35.5,tp_gap_filled,69.7601,2408.12,2.839,68.36,1
REGN,2025-09-23,2025-10-01,2025-10-02,2-3%,-2.632,580.0,595.68,tp_gap_filled,4.1553,2410.1,2.703,65.16,1
COIN,2025-08-01,2025-08-13,2025-10-03,10%+,-11.282,335.14,377.76,tp_gap_filled,7.061,2366.43,12.717,300.94,36
EXPD,2025-09-19,2025-09-24,2025-10-03,1-2%,-1.58,122.09,124.05,tp_gap_filled,19.5461,2386.38,1.605,38.31,7
WSM,2025-09-26,2025-09-29,2025-10-03,2-3%,-2.009,197.07,201.11,tp_gap_filled,12.2095,2406.13,2.05,49.33,4
ELV,2025-07-17,2025-10-02,2025-10-03,3-5%,-3.062,334.0,344.55,tp_gap_filled,7.2554,2423.3,3.159,76.54,1
VRTX,2025-05-06,2025-07-08,2025-10-06,5-10%,-6.923,465.56,402.9,time_exit,4.9028,2282.54,-13.459,-307.21,63
ANET,2025-09-12,2025-09-19,2025-10-06,2-3%,-2.522,149.18,153.04,tp_gap_filled,15.992,2385.69,2.587,61.73,11
SMCI,2025-08-06,2025-08-07,2025-10-07,10%+,-17.342,47.33,57.26,tp_gap_filled,48.1692,2279.85,20.98,478.32,42
KHC,2025-08-29,2025-09-02,2025-10-07,1-2%,-1.389,27.256,25.0755,stop,86.5006,2357.66,-8.0,-188.61,25
XYZ,2025-09-02,2025-09-05,2025-10-07,3-5%,-3.553,76.81,79.64,tp_gap_filled,30.7905,2365.02,3.684,87.14,22
AMD,2025-08-19,2025-10-06,2025-10-07,1-2%,-1.726,173.1,176.14,tp_gap_filled,14.0354,2429.54,1.756,42.67,1
AMAT,2025-10-03,2025-10-06,2025-10-07,1-2%,-1.646,219.91,223.59,tp_gap_filled,11.0869,2438.13,1.673,40.8,1
EL,2025-08-14,2025-08-27,2025-10-08,3-5%,-3.107,92.3,95.26,tp_gap_filled,25.9067,2391.19,3.207,76.68,29
NFLX,2025-10-01,2025-10-07,2025-10-08,1-2%,-1.954,117.549,119.892,tp_gap_filled,20.6527,2427.7,1.993,48.39,1
NVDA,2025-10-06,2025-10-07,2025-10-08,1-2%,-1.13,185.5,187.62,tp_gap_filled,13.0872,2427.68,1.143,27.74,1
COR,2025-10-06,2025-10-07,2025-10-08,1-2%,-1.007,299.71,302.76,tp_gap_filled,8.0946,2426.02,1.018,24.69,1
GILD,2025-08-21,2025-08-22,2025-10-09,2-3%,-2.72,115.5,118.73,tp_gap_filled,20.8171,2404.37,2.797,67.24,33
COST,2025-09-26,2025-09-30,2025-10-09,1-2%,-1.883,925.55,943.31,tp_gap_filled,2.5995,2406.0,1.919,46.17,7
JNJ,2025-10-07,2025-10-08,2025-10-09,2-3%,-2.333,183.77,188.16,tp_gap_filled,13.3245,2448.65,2.389,58.49,1
LRCX,2025-10-08,2025-10-09,2025-10-10,1-2%,-1.739,137.91,140.35,tp_gap_filled,17.6704,2436.92,1.769,43.12,1
FAST,2025-09-05,2025-09-29,2025-10-13,2-3%,-2.327,49.1,43.699,stop,49.0093,2406.36,-11.0,-264.7,10
SNDK,2025-10-09,2025-10-10,2025-10-13,3-5%,-3.7,127.0,131.88,tp_gap_filled,18.6816,2372.56,3.843,91.17,1
HPQ,2025-09-25,2025-09-30,2025-10-14,1-2%,-1.564,27.07,27.5,tp_gap_filled,88.9062,2406.69,1.588,38.23,10
PAYX,2025-09-30,2025-10-01,2025-10-14,5-10%,-5.384,121.61,128.53,tp_gap_filled,19.7942,2407.17,5.69,136.98,9
EIX,2025-10-02,2025-10-03,2025-10-15,2-3%,-2.168,55.06,56.28,tp_gap_filled,44.1527,2431.05,2.216,53.87,8
NTAP,2025-09-25,2025-10-07,2025-10-15,1-2%,-1.12,121.87,123.25,tp_gap_filled,19.9193,2427.56,1.132,27.49,6
KLAC,2025-10-08,2025-10-09,2025-10-15,1-2%,-1.957,106.351,108.474,tp_gap_filled,22.9183,2437.38,1.996,48.66,4
REGN,2025-10-13,2025-10-14,2025-10-15,2-3%,-2.325,551.5,564.63,tp_gap_filled,4.3907,2421.45,2.381,57.65,1
CRM,2025-09-04,2025-09-05,2025-10-16,5-10%,-6.391,240.06,256.45,tp_gap_filled,9.843,2362.91,6.827,161.33,29
CPRT,2025-09-05,2025-09-08,2025-10-16,2-3%,-2.421,48.76,43.3964,stop,48.4774,2363.76,-11.0,-260.01,28
KVUE,2025-09-22,2025-09-23,2025-10-16,3-5%,-3.435,17.71,15.0535,stop,134.9564,2390.08,-15.0,-358.51,17
HSY,2025-10-13,2025-10-14,2025-10-16,1-2%,-1.785,188.7,192.13,tp_gap_filled,12.8421,2423.31,1.818,44.05,2
SNDK,2025-10-14,2025-10-15,2025-10-16,5-10%,-8.187,123.59,134.61,tp_gap_filled,19.6242,2425.35,8.917,216.26,1
VRT,2025-10-14,2025-10-15,2025-10-16,3-5%,-4.084,171.69,179.0,tp_gap_filled,14.1699,2432.83,4.258,103.58,1
ALB,2025-10-14,2025-10-15,2025-10-16,3-5%,-3.83,92.65,96.34,tp_gap_filled,26.2853,2435.33,3.983,96.99,1
ZTS,2025-10-15,2025-10-16,2025-10-17,1-2%,-1.443,141.39,143.46,tp_gap_filled,17.0948,2417.03,1.464,35.39,1
MAA,2025-10-15,2025-10-16,2025-10-20,1-2%,-1.241,132.1,133.76,tp_gap_filled,18.3018,2417.67,1.257,30.38,2
BDX,2025-10-16,2025-10-17,2025-10-20,2-3%,-2.12,143.7186,146.8318,tp_gap_filled,16.8919,2427.67,2.166,52.59,1
JCI,2025-07-29,2025-07-31,2025-10-21,3-5%,-4.448,106.56,111.52,tp_gap_filled,21.6528,2307.32,4.655,107.4,57
WAT,2025-07-14,2025-10-01,2025-10-21,10%+,-10.028,317.52,352.91,tp_gap_filled,7.5801,2406.82,11.146,268.26,14
GEHC,2025-10-07,2025-10-08,2025-10-21,1-2%,-1.675,75.13,76.41,tp_gap_filled,32.6132,2450.23,1.704,41.75,9
FDX,2025-10-08,2025-10-09,2025-10-21,1-2%,-1.708,191.9339,195.2699,tp_gap_filled,12.7024,2438.02,1.738,42.38,8
APP,2025-10-09,2025-10-16,2025-10-21,2-3%,-2.185,615.94,548.1866,stop,3.9254,2417.83,-11.0,-265.96,3
STT,2025-10-17,2025-10-20,2025-10-21,3-5%,-3.807,108.65,112.95,tp_gap_filled,22.5357,2448.5,3.958,96.9,1
OTIS,2025-07-23,2025-07-24,2025-10-22,10%+,-11.872,89.0,91.42,time_exit,26.2626,2337.37,2.719,63.56,63
INTU,2025-10-06,2025-10-07,2025-10-22,1-2%,-1.9,667.02,679.94,tp_gap_filled,3.6406,2428.34,1.937,47.04,11
EW,2025-10-08,2025-10-09,2025-10-22,2-3%,-2.894,74.5,76.72,tp_gap_filled,32.7105,2436.93,2.98,72.62,9
FANG,2025-10-10,2025-10-13,2025-10-22,1-2%,-1.761,141.67,144.21,tp_gap_filled,16.9722,2404.45,1.793,43.11,7
HUM,2025-10-10,2025-10-21,2025-10-22,1-2%,-1.593,285.97,290.6,tp_gap_filled,8.6214,2465.45,1.619,39.92,1
ROP,2025-10-15,2025-10-21,2025-10-22,1-2%,-1.172,507.8,513.82,tp_gap_filled,4.8588,2467.28,1.186,29.25,1
MSCI,2025-10-20,2025-10-21,2025-10-22,1-2%,-1.061,528.68,534.35,tp_gap_filled,4.6681,2467.94,1.072,26.47,1
CMG,2025-07-24,2025-07-25,2025-10-23,10%+,-12.467,46.2,41.8,time_exit,51.1171,2361.61,-9.524,-224.92,63
HON,2025-07-24,2025-07-25,2025-10-23,5-10%,-5.496,223.5131,218.1259,time_exit,10.5804,2364.86,-2.41,-57.0,63
AMP,2025-07-24,2025-07-25,2025-10-23,3-5%,-3.313,519.17,478.15,time_exit,4.5543,2364.47,-7.901,-186.82,63
WRB,2025-10-21,2025-10-22,2025-10-23,2-3%,-2.708,71.49,73.48,tp_gap_filled,34.2522,2448.69,2.784,68.16,1
CB,2025-10-16,2025-10-22,2025-10-23,2-3%,-2.472,271.43,278.31,tp_gap_filled,9.0306,2451.18,2.535,62.13,1
PM,2025-10-21,2025-10-22,2025-10-23,2-3%,-2.145,154.67,158.06,tp_gap_filled,15.8538,2452.1,2.192,53.74,1
NOC,2025-10-21,2025-10-22,2025-10-23,1-2%,-2.0,589.96,602.0,tp_gap_filled,4.1576,2452.8,2.041,50.06,1
FRT,2025-10-01,2025-10-03,2025-10-24,1-2%,-1.392,99.9,101.31,tp_gap_filled,24.3369,2431.25,1.411,34.31,15
KEYS,2025-10-10,2025-10-21,2025-10-24,1-2%,-1.812,168.0,171.1,tp_gap_filled,14.6765,2465.65,1.845,45.5,3
F,2025-10-07,2025-10-21,2025-10-24,1-2%,-1.575,12.5,12.7,tp_gap_filled,197.3636,2467.05,1.6,39.47,3
MRVL,2025-10-22,2025-10-23,2025-10-24,3-5%,-3.596,81.23,84.26,tp_gap_filled,30.313,2462.32,3.73,91.85,1
HPQ,2025-10-22,2025-10-23,2025-10-24,3-5%,-3.409,27.2,28.16,tp_gap_filled,90.5575,2463.16,3.529,86.94,1
NXPI,2025-10-22,2025-10-23,2025-10-24,2-3%,-2.37,217.07,222.34,tp_gap_filled,11.353,2464.4,2.428,59.83,1
CME,2025-10-22,2025-10-23,2025-10-24,1-2%,-1.835,263.68,268.61,tp_gap_filled,9.3515,2465.8,1.87,46.1,1
RVTY,2025-07-28,2025-07-29,2025-10-27,5-10%,-9.395,93.93,97.16,time_exit,25.0766,2355.44,3.439,81.0,63
NUE,2025-09-18,2025-09-23,2025-10-27,3-5%,-4.762,136.0,142.8,tp_gap_filled,17.576,2390.34,5.0,119.52,24
COIN,2025-10-14,2025-10-15,2025-10-27,3-5%,-4.521,340.85,356.99,tp_gap_filled,7.1394,2433.48,4.735,115.23,8
IBM,2025-10-23,2025-10-24,2025-10-27,5-10%,-7.847,264.95,287.51,tp_gap_filled,9.3406,2474.79,8.515,210.72,1
HAS,2025-10-23,2025-10-24,2025-10-27,5-10%,-5.535,71.0,75.16,tp_gap_filled,34.968,2482.73,5.859,145.47,1
PKG,2025-10-23,2025-10-24,2025-10-27,3-5%,-4.498,199.35,208.74,tp_gap_filled,12.4741,2486.72,4.71,117.13,1
TSLA,2025-10-23,2025-10-24,2025-10-27,3-5%,-4.321,420.0,438.97,tp_gap_filled,5.924,2488.08,4.517,112.38,1
TSCO,2025-10-23,2025-10-24,2025-10-27,2-3%,-2.973,53.2,54.83,tp_gap_filled,46.799,2489.71,3.064,76.28,1
LRCX,2025-10-23,2025-10-24,2025-10-27,2-3%,-2.301,138.0,141.25,tp_gap_filled,18.0623,2492.59,2.355,58.7,1
PYPL,2025-07-29,2025-07-30,2025-10-28,5-10%,-8.297,71.73,78.22,tp_gap_filled,32.4144,2325.09,9.048,210.37,63
TT,2025-07-30,2025-07-31,2025-10-29,5-10%,-7.746,434.5,427.48,time_exit,5.3042,2304.67,-1.616,-37.24,63
SW,2025-07-30,2025-07-31,2025-10-29,5-10%,-5.353,45.62,37.84,time_exit,50.6045,2308.58,-17.054,-393.7,63
CMCSA,2025-07-25,2025-08-22,2025-10-29,3-5%,-3.478,31.9963,27.1968,stop,75.1579,2404.77,-15.0,-360.72,47
JBL,2025-09-25,2025-09-26,2025-10-29,5-10%,-8.243,206.71,225.28,tp_gap_filled,11.5353,2384.47,8.984,214.21,23
CNC,2025-10-21,2025-10-22,2025-10-29,3-5%,-3.145,34.49,35.61,tp_gap_filled,70.9342,2446.52,3.247,79.45,5
NTRS,2025-10-22,2025-10-23,2025-10-29,3-5%,-3.128,124.5,128.52,tp_gap_filled,19.7936,2464.31,3.229,79.57,4
SMCI,2025-10-23,2025-10-28,2025-10-29,1-2%,-1.467,51.73,52.5,tp_gap_filled,47.9969,2482.88,1.488,36.96,1
AWK,2025-10-27,2025-10-28,2025-10-30,1-2%,-1.808,139.03,127.9076,stop,17.8694,2484.39,-8.0,-198.75,2
GLW,2025-10-28,2025-10-29,2025-10-30,5-10%,-5.662,84.31,89.37,tp_gap_filled,29.1629,2458.72,6.002,147.56,1
IQV,2025-10-28,2025-10-29,2025-10-30,3-5%,-3.311,210.23,217.43,tp_gap_filled,11.7054,2460.82,3.425,84.28,1
HUBB,2025-10-28,2025-10-29,2025-10-30,1-2%,-1.954,425.5,433.98,tp_gap_filled,5.7875,2462.6,1.993,49.08,1
INCY,2025-10-28,2025-10-29,2025-10-30,1-2%,-1.01,92.14,93.08,tp_gap_filled,26.7646,2466.09,1.02,25.16,1
ALGN,2025-07-31,2025-08-04,2025-10-31,10%+,-30.0,142.5,137.88,time_exit,16.1308,2298.63,-3.242,-74.52,63
GWW,2025-08-01,2025-08-04,2025-10-31,5-10%,-9.943,936.18,979.0,time_exit,2.4537,2297.11,4.574,105.07,63
FLEX,2025-10-29,2025-10-30,2025-10-31,5-10%,-7.423,59.49,64.26,tp_gap_filled,40.9858,2438.25,8.018,195.5,1
EMR,2025-08-06,2025-08-07,2025-11-03,5-10%,-6.957,130.79,140.57,tp_gap_filled,17.4265,2279.21,7.478,170.43,61
TMUS,2025-09-08,2025-09-09,2025-11-03,3-5%,-4.601,241.13,204.9605,stop,9.7944,2361.72,-15.0,-354.26,39
KVUE,2025-10-28,2025-10-29,2025-11-03,1-2%,-1.194,14.9,15.08,tp_gap_filled,165.6405,2468.04,1.208,29.82,3
IT,2025-08-05,2025-08-06,2025-11-04,10%+,-27.983,242.49,227.17,time_exit,9.4082,2281.39,-6.318,-144.13,63
AIG,2025-10-16,2025-10-21,2025-11-04,3-5%,-3.63,78.31,81.26,tp_gap_filled,31.4852,2465.6,3.767,92.88,10
TRV,2025-10-15,2025-10-28,2025-11-04,1-2%,-1.386,271.82,275.64,tp_gap_filled,9.1365,2483.49,1.405,34.9,5
GILD,2025-10-31,2025-11-03,2025-11-04,2-3%,-2.009,116.06,118.44,tp_gap_filled,21.012,2438.65,2.051,50.01,1
HIG,2025-10-16,2025-10-17,2025-11-05,2-3%,-2.767,125.1,128.66,tp_gap_filled,19.4078,2427.92,2.846,69.09,13
FRT,2025-11-03,2025-11-04,2025-11-05,2-3%,-2.1,94.17,96.19,tp_gap_filled,25.6235,2412.96,2.145,51.76,1
SWK,2025-11-03,2025-11-04,2025-11-05,1-2%,-1.654,66.6,67.72,tp_gap_filled,36.2493,2414.2,1.682,40.6,1
FTNT,2025-08-07,2025-08-08,2025-11-06,10%+,-23.069,74.3,80.54,time_exit,30.712,2281.9,8.398,191.64,63
BAX,2025-07-31,2025-08-08,2025-11-06,10%+,-15.294,23.76,17.98,time_exit,96.0421,2281.96,-24.327,-555.12,63
SNDK,2025-11-04,2025-11-05,2025-11-06,5-10%,-9.118,188.135,207.01,tp_gap_filled,12.8942,2425.86,10.033,243.38,1
MPC,2025-11-04,2025-11-05,2025-11-06,5-10%,-8.524,179.1,195.79,tp_gap_filled,13.5856,2433.17,9.319,226.74,1
TTD,2025-08-08,2025-08-11,2025-11-07,10%+,-35.877,56.64,43.0,time_exit,40.1693,2275.19,-24.082,-547.91,63
VST,2025-09-23,2025-10-03,2025-11-07,3-5%,-3.584,210.11,178.5935,stop,11.5793,2432.93,-15.0,-364.94,25
MCHP,2025-10-22,2025-10-23,2025-11-07,3-5%,-3.421,65.21,55.4285,stop,37.7742,2463.26,-15.0,-369.49,11
TRMB,2025-11-05,2025-11-06,2025-11-07,2-3%,-2.888,76.33,78.6,tp_gap_filled,31.3573,2393.5,2.974,71.18,1
IR,2025-08-01,2025-08-12,2025-11-10,5-10%,-6.416,79.2,77.25,time_exit,29.2444,2316.15,-2.462,-57.03,63
ELV,2025-10-21,2025-10-22,2025-11-10,2-3%,-2.646,344.7,306.783,stop,7.1108,2451.11,-11.0,-269.62,13
CMS,2025-11-03,2025-11-04,2025-11-10,2-3%,-2.053,72.04,73.55,tp_gap_filled,33.5082,2413.93,2.096,50.6,4
BDX,2025-11-06,2025-11-07,2025-11-10,5-10%,-6.741,129.3239,138.6714,tp_gap_filled,18.6554,2412.59,7.228,174.38,1
NRG,2025-11-06,2025-11-07,2025-11-10,2-3%,-2.263,169.27,173.19,tp_gap_filled,14.276,2416.5,2.316,55.96,1
ODFL,2025-07-30,2025-08-13,2025-11-11,5-10%,-5.934,152.5,139.51,time_exit,15.5257,2367.67,-8.518,-201.68,63
IQV,2025-11-03,2025-11-04,2025-11-11,1-2%,-1.866,212.42,216.46,tp_gap_filled,11.3668,2414.53,1.902,45.92,5
COHR,2025-11-07,2025-11-10,2025-11-11,5-10%,-8.035,146.5,159.3,tp_gap_filled,16.5522,2424.9,8.737,211.87,1
KKR,2025-11-07,2025-11-10,2025-11-11,5-10%,-5.884,112.29,119.31,tp_gap_filled,21.6581,2431.99,6.252,152.04,1
KR,2025-08-13,2025-08-14,2025-11-12,3-5%,-4.011,70.6,65.4,time_exit,33.2684,2348.75,-7.365,-173.0,63
HBAN,2025-10-27,2025-10-28,2025-11-12,3-5%,-3.423,15.52,16.07,tp_gap_filled,160.1127,2484.95,3.544,88.06,11
TECH,2025-11-05,2025-11-06,2025-11-12,10%+,-10.966,54.4,61.1,tp_gap_filled,43.9845,2392.76,12.316,294.7,4
UHS,2025-11-10,2025-11-11,2025-11-12,3-5%,-4.681,218.5,229.23,tp_gap_filled,11.1772,2442.21,4.911,119.93,1
HCA,2025-11-10,2025-11-11,2025-11-12,3-5%,-4.53,455.02,476.61,tp_gap_filled,5.3702,2443.54,4.745,115.94,1
TXN,2025-07-23,2025-08-15,2025-11-13,5-10%,-9.315,194.9,162.23,time_exit,12.0493,2348.4,-16.762,-393.65,63
COHR,2025-11-11,2025-11-12,2025-11-13,2-3%,-2.633,162.33,144.4737,stop,15.1797,2464.12,-11.0,-271.05,1
ON,2025-08-04,2025-10-20,2025-11-17,3-5%,-4.963,54.0,45.9,stop,45.3277,2447.69,-15.0,-367.15,20
CNC,2025-11-10,2025-11-12,2025-11-17,5-10%,-5.431,35.52,37.56,tp_gap_filled,69.3363,2462.83,5.743,141.45,3
BRO,2025-07-29,2025-08-20,2025-11-18,5-10%,-5.167,97.28,79.93,time_exit,24.2625,2360.25,-17.835,-420.95,63
ALB,2025-11-14,2025-11-17,2025-11-18,3-5%,-4.949,108.9,114.57,tp_gap_filled,21.9206,2387.15,5.207,124.29,1
FSLR,2025-11-14,2025-11-17,2025-11-18,3-5%,-4.747,244.41,256.59,tp_gap_filled,9.7828,2391.01,4.983,119.15,1
TGT,2025-08-20,2025-08-21,2025-11-19,10%+,-10.393,94.41,86.08,time_exit,24.9026,2351.05,-8.823,-207.44,63
WM,2025-10-28,2025-10-29,2025-11-19,5-10%,-6.919,198.98,213.77,tp_gap_filled,12.3584,2459.08,7.433,182.78,15
LITE,2025-11-11,2025-11-12,2025-11-19,3-5%,-3.032,252.01,259.89,tp_gap_filled,9.7765,2463.77,3.127,77.04,5
AAPL,2025-11-17,2025-11-18,2025-11-20,1-2%,-1.318,268.82,272.41,tp_gap_filled,8.9235,2398.83,1.335,32.04,2
LOW,2025-11-18,2025-11-19,2025-11-20,2-3%,-2.644,219.05,225.0,tp_gap_filled,10.9262,2393.39,2.716,65.01,1
FSLR,2025-11-18,2025-11-19,2025-11-20,2-3%,-2.579,247.0,253.54,tp_gap_filled,9.6981,2395.44,2.648,63.43,1
RVTY,2025-10-27,2025-10-28,2025-11-21,3-5%,-4.075,94.86,98.89,tp_gap_filled,26.1872,2484.12,4.248,105.53,18
KHC,2025-10-29,2025-11-13,2025-11-21,1-2%,-1.998,25.01,25.52,tp_gap_filled,96.9212,2424.0,2.039,49.43,6
STX,2025-11-13,2025-11-20,2025-11-21,3-5%,-3.403,273.62,232.577,stop,8.6413,2364.44,-15.0,-354.67,1
WST,2025-11-13,2025-11-21,2025-11-24,1-2%,-1.567,269.56,273.85,tp_gap_filled,8.9008,2399.3,1.591,38.18,1
ADI,2025-10-22,2025-10-23,2025-11-25,2-3%,-2.366,240.54,246.37,tp_gap_filled,10.2487,2465.23,2.424,59.75,23
GEHC,2025-10-29,2025-10-30,2025-11-25,3-5%,-3.35,76.74,79.4,tp_gap_filled,31.8257,2442.31,3.466,84.66,18
VMRK,2025-10-29,2025-10-30,2025-11-25,2-3%,-2.538,59.9,61.46,tp_gap_filled,40.7546,2441.2,2.604,63.58,18
LEN,2025-09-19,2025-09-24,2025-11-26,3-5%,-4.794,126.5,132.87,tp_gap_filled,18.8579,2385.53,5.036,120.13,45
CVNA,2025-10-30,2025-11-03,2025-11-26,10%+,-11.824,62.42,70.79,tp_gap_filled,39.0178,2435.49,13.409,326.58,17
TPR,2025-11-06,2025-11-07,2025-11-26,10%+,-13.457,94.6,109.31,tp_gap_filled,25.4158,2404.34,15.55,373.87,13
APA,2025-11-19,2025-11-20,2025-11-26,3-5%,-3.812,23.97,24.92,tp_gap_filled,98.6902,2365.6,3.963,93.76,4
ALB,2025-11-20,2025-11-25,2025-11-26,3-5%,-3.66,121.08,125.68,tp_gap_filled,20.2342,2449.96,3.799,93.08,1
CRL,2025-11-04,2025-11-25,2025-11-26,1-2%,-1.577,176.04,178.86,tp_gap_filled,13.9267,2451.65,1.602,39.27,1
DLTR,2025-09-03,2025-09-04,2025-11-28,5-10%,-9.475,100.8,111.35,tp_gap_filled,23.3316,2351.83,10.466,246.15,60
UPS,2025-11-17,2025-11-21,2025-11-28,1-2%,-1.834,94.22,95.98,tp_gap_filled,25.4625,2399.08,1.868,44.81,4
SJM,2025-11-25,2025-11-26,2025-11-28,3-5%,-3.731,100.38,104.27,tp_gap_filled,24.623,2471.66,3.875,95.78,1
COHR,2025-11-25,2025-11-26,2025-11-28,3-5%,-3.695,146.2,151.81,tp_gap_filled,16.9154,2473.04,3.837,94.9,1
ADI,2025-11-25,2025-11-26,2025-11-28,3-5%,-3.676,230.6,239.4,tp_gap_filled,10.7358,2475.68,3.816,94.47,1
LITE,2025-11-25,2025-11-26,2025-11-28,2-3%,-2.031,293.28,299.36,tp_gap_filled,8.4613,2481.54,2.073,51.44,1
A,2025-11-25,2025-11-26,2025-11-28,1-2%,-1.836,150.78,153.6,tp_gap_filled,16.4749,2484.08,1.87,46.46,1
EL,2025-11-25,2025-11-26,2025-11-28,1-2%,-1.788,91.72,93.39,tp_gap_filled,27.0962,2485.26,1.821,45.25,1
HD,2025-11-18,2025-11-19,2025-12-01,5-10%,-5.041,339.98,358.03,tp_gap_filled,7.0421,2394.17,5.309,127.11,7
MU,2025-11-18,2025-11-28,2025-12-01,2-3%,-2.674,235.48,241.95,tp_gap_filled,10.6024,2496.66,2.748,68.6,1
INTC,2025-11-13,2025-11-28,2025-12-01,1-2%,-1.636,37.27,37.89,tp_gap_filled,66.994,2496.87,1.664,41.54,1
SWK,2025-11-26,2025-11-28,2025-12-01,1-2%,-1.131,69.93,70.73,tp_gap_filled,35.7672,2501.2,1.144,28.61,1
MRK,2025-11-26,2025-11-28,2025-12-01,1-2%,-1.003,104.6,105.66,tp_gap_filled,23.9246,2502.51,1.013,25.36,1
ECHO,2025-11-11,2025-11-28,2025-12-02,1-2%,-1.058,72.97,73.75,tp_gap_filled,34.2927,2502.34,1.069,26.75,2
MRVL,2025-11-28,2025-12-01,2025-12-02,2-3%,-2.075,85.9,87.72,tp_gap_filled,29.0505,2495.44,2.119,52.87,1
MCHP,2025-11-07,2025-11-10,2025-12-03,5-10%,-5.307,56.2,59.35,tp_gap_filled,43.3341,2435.37,5.605,136.5,16
TROW,2025-11-14,2025-11-28,2025-12-03,1-2%,-1.138,102.54,103.72,tp_gap_filled,24.3932,2501.28,1.151,28.78,3
NKE,2025-11-14,2025-12-01,2025-12-03,1-2%,-1.651,64.94,66.03,tp_gap_filled,38.4806,2498.93,1.678,41.94,2
HRL,2025-10-29,2025-11-21,2025-12-04,3-5%,-3.129,22.91,23.65,tp_gap_filled,104.7376,2399.54,3.23,77.51,8
NXPI,2025-10-28,2025-12-03,2025-12-04,1-2%,-1.535,218.16,221.56,tp_gap_filled,11.5421,2518.02,1.558,39.24,1
FCX,2025-09-24,2025-10-08,2025-12-05,5-10%,-7.782,41.83,45.36,tp_gap_filled,58.5096,2447.46,8.439,206.54,41
FTNT,2025-11-06,2025-11-07,2025-12-05,10%+,-11.559,76.05,85.99,tp_gap_filled,31.6759,2408.95,13.07,314.86,19
DD,2025-11-14,2025-12-01,2025-12-05,1-2%,-1.429,120.06,121.8,tp_gap_filled,20.82,2499.65,1.449,36.23,4
RMD,2025-12-01,2025-12-02,2025-12-05,3-5%,-4.562,244.16,255.83,tp_gap_filled,10.2506,2502.79,4.78,119.62,3
CRWD,2025-12-03,2025-12-04,2025-12-05,3-5%,-3.593,124.4975,129.1375,tp_gap_filled,20.2291,2518.47,3.727,93.86,1
ALB,2025-12-03,2025-12-04,2025-12-05,2-3%,-2.841,124.5,128.14,tp_gap_filled,20.241,2520.0,2.924,73.68,1
EQIX,2025-12-04,2025-12-05,2025-12-08,1-2%,-1.449,722.1,732.72,tp_gap_filled,3.4951,2523.78,1.471,37.12,1
CIEN,2025-12-04,2025-12-05,2025-12-08,1-2%,-1.443,190.56,193.35,tp_gap_filled,13.2512,2525.14,1.464,36.97,1
MU,2025-12-03,2025-12-05,2025-12-08,1-2%,-1.294,236.39,239.49,tp_gap_filled,10.6939,2527.92,1.311,33.15,1
VRSN,2025-07-29,2025-09-10,2025-12-09,5-10%,-5.876,288.0,242.57,time_exit,8.1609,2350.34,-15.774,-370.75,63
AVGO,2025-12-01,2025-12-08,2025-12-09,2-3%,-2.013,394.85,402.96,tp_gap_filled,6.3864,2521.69,2.054,51.79,1
SNPS,2025-09-10,2025-09-11,2025-12-10,10%+,-29.216,427.8,475.83,time_exit,5.562,2379.43,11.227,267.14,63
HPE,2025-10-16,2025-10-17,2025-12-10,5-10%,-8.267,22.97,25.04,tp_gap_filled,105.7006,2427.94,9.012,218.8,37
DXCM,2025-10-31,2025-11-03,2025-12-10,10%+,-13.211,59.19,68.2,tp_gap_filled,41.1298,2434.47,15.222,370.58,26
Q,2025-11-14,2025-12-08,2025-12-10,2-3%,-2.037,84.15,85.9,tp_gap_filled,29.9655,2521.6,2.08,52.44,2
ITW,2025-10-24,2025-10-28,2025-12-11,3-5%,-3.278,249.0,257.44,tp_gap_filled,9.98,2485.01,3.39,84.23,31
DOW,2025-10-30,2025-12-03,2025-12-11,1-2%,-1.971,24.37,24.86,tp_gap_filled,103.3762,2519.28,2.011,50.65,6
EMR,2025-11-04,2025-12-05,2025-12-11,1-2%,-1.607,137.78,140.03,tp_gap_filled,18.3185,2523.92,1.633,41.22,4
COHR,2025-12-09,2025-12-10,2025-12-11,2-3%,-2.83,180.6,185.86,tp_gap_filled,14.073,2541.58,2.913,74.02,1
DECK,2025-10-24,2025-10-27,2025-12-12,10%+,-13.692,88.5,102.54,tp_gap_filled,28.2464,2499.81,15.864,396.58,33
KIM,2025-12-05,2025-12-08,2025-12-12,1-2%,-1.572,20.04,20.36,tp_gap_filled,125.8726,2522.49,1.597,40.28,4
NEM,2025-10-17,2025-12-11,2025-12-12,1-2%,-1.944,96.36,98.27,tp_gap_filled,26.6575,2568.72,1.982,50.92,1
CTSH,2025-12-10,2025-12-11,2025-12-12,1-2%,-1.878,79.43,80.95,tp_gap_filled,32.36,2570.35,1.914,49.19,1
LULU,2025-12-11,2025-12-12,2025-12-15,2-3%,-2.228,183.44,187.62,tp_gap_filled,13.9648,2561.71,2.279,58.37,1
RVTY,2025-11-26,2025-11-28,2025-12-16,1-2%,-1.014,104.5,96.14,stop,23.9479,2502.55,-8.0,-200.2,12
IFF,2025-12-11,2025-12-12,2025-12-17,2-3%,-2.89,63.5,65.39,tp_gap_filled,40.4071,2565.85,2.976,76.37,3
COHR,2025-12-11,2025-12-12,2025-12-17,2-3%,-2.426,192.66,171.4674,stop,13.3163,2565.52,-11.0,-282.21,3
TXN,2025-12-15,2025-12-16,2025-12-17,2-3%,-2.268,175.35,179.42,tp_gap_filled,14.5058,2543.59,2.321,59.04,1
CCL,2025-10-28,2025-10-29,2025-12-19,3-5%,-3.569,28.37,29.42,tp_gap_filled,86.7583,2461.33,3.701,91.1,36
DASH,2025-11-06,2025-11-18,2025-12-19,10%+,-11.235,211.26,238.0,tp_gap_filled,11.3549,2398.83,12.657,303.63,22
WDC,2025-12-11,2025-12-12,2025-12-19,2-3%,-2.819,176.82,181.95,tp_gap_filled,14.51,2565.66,2.901,74.44,5
KLAC,2025-12-12,2025-12-15,2025-12-19,1-2%,-1.294,123.005,124.618,tp_gap_filled,20.7998,2558.47,1.311,33.55,4
BA,2025-10-30,2025-12-17,2025-12-19,1-2%,-1.672,210.01,213.58,tp_gap_filled,12.066,2533.99,1.7,43.08,2
CASY,2025-12-10,2025-12-11,2025-12-22,3-5%,-4.384,538.55,563.24,tp_gap_filled,4.769,2568.33,4.585,117.75,7
NCLH,2025-10-28,2025-12-19,2025-12-22,2-3%,-2.807,22.85,23.51,tp_gap_filled,111.4783,2547.28,2.888,73.58,1
LITE,2025-12-12,2025-12-19,2025-12-22,2-3%,-2.561,362.56,372.09,tp_gap_filled,7.027,2547.7,2.629,66.97,1
INCY,2025-12-08,2025-12-19,2025-12-22,2-3%,-2.331,100.13,102.52,tp_gap_filled,25.4564,2548.95,2.387,60.84,1
WRB,2025-12-05,2025-12-10,2025-12-23,3-5%,-3.993,68.04,70.87,tp_gap_filled,37.3591,2541.92,4.159,105.73,9
FDX,2025-12-19,2025-12-22,2025-12-23,5-10%,-5.245,219.2264,231.3618,tp_gap_filled,11.6962,2564.13,5.536,141.94,1
CIEN,2025-12-12,2025-12-22,2025-12-23,2-3%,-2.628,236.0,242.37,tp_gap_filled,10.8815,2568.03,2.699,69.32,1
DECK,2025-12-19,2025-12-22,2025-12-23,1-2%,-1.651,98.89,100.55,tp_gap_filled,25.9696,2568.13,1.679,43.11,1
ERIE,2025-12-22,2025-12-23,2025-12-24,1-2%,-1.11,280.67,283.82,tp_gap_filled,9.1341,2563.67,1.122,28.77,1
CHD,2025-12-22,2025-12-23,2025-12-24,1-2%,-1.023,84.21,85.08,tp_gap_filled,30.4505,2564.24,1.033,26.49,1
TTWO,2025-11-07,2025-11-10,2025-12-26,5-10%,-8.071,232.03,252.4,tp_gap_filled,10.449,2424.48,8.779,212.85,32
LITE,2025-12-23,2025-12-24,2025-12-26,2-3%,-2.288,380.96,389.88,tp_gap_filled,6.7556,2573.61,2.341,60.26,1
COHR,2025-12-23,2025-12-24,2025-12-26,1-2%,-1.791,187.56,190.98,tp_gap_filled,13.7323,2575.63,1.823,46.96,1
REG,2025-12-04,2025-12-05,2025-12-29,1-2%,-1.43,68.94,69.94,tp_gap_filled,36.671,2528.1,1.451,36.67,15
DRI,2025-09-18,2025-10-02,2026-01-02,5-10%,-7.242,193.67,187.21,time_exit,12.5128,2423.34,-3.336,-80.83,63
SNDK,2025-11-18,2025-12-24,2026-01-02,3-5%,-3.283,257.15,265.88,tp_gap_filled,10.0137,2575.03,3.395,87.42,5
LITE,2025-12-29,2025-12-30,2026-01-02,3-5%,-3.393,377.51,390.77,tp_gap_filled,6.8091,2570.5,3.512,90.29,2
EFX,2025-10-02,2025-10-03,2026-01-05,5-10%,-7.576,234.61,220.79,time_exit,10.3683,2432.5,-5.891,-143.29,63
LMT,2025-10-21,2025-10-22,2026-01-05,3-5%,-4.584,482.71,505.9,tp_gap_filled,5.0674,2446.07,4.804,117.51,50
APA,2025-12-08,2025-12-09,2026-01-05,2-3%,-2.177,26.51,23.5939,stop,94.9001,2515.8,-11.0,-276.74,17
ALB,2025-12-24,2025-12-26,2026-01-05,1-2%,-1.84,144.0,146.7,tp_gap_filled,17.8857,2575.54,1.875,48.29,5
NEM,2025-12-29,2025-12-30,2026-01-05,3-5%,-4.897,100.6,105.78,tp_gap_filled,25.5453,2569.85,5.149,132.32,3
AMAT,2025-12-11,2026-01-02,2026-01-05,1-2%,-1.428,271.22,275.15,tp_gap_filled,9.456,2564.65,1.449,37.16,1
HUM,2025-11-05,2025-11-06,2026-01-06,5-10%,-7.496,260.74,281.87,tp_gap_filled,9.1895,2396.08,8.104,194.18,40
ADM,2025-12-16,2025-12-17,2026-01-06,2-3%,-2.359,58.78,60.2,tp_gap_filled,43.1201,2534.6,2.416,61.23,12
ACN,2025-12-18,2025-12-19,2026-01-06,3-5%,-3.193,265.0,273.74,tp_gap_filled,9.6071,2545.89,3.298,83.97,10
HST,2025-12-31,2026-01-02,2026-01-06,2-3%,-2.132,17.9,18.29,tp_gap_filled,143.2557,2564.28,2.179,55.87,2
UBER,2025-12-15,2026-01-02,2026-01-06,1-2%,-1.939,83.46,85.11,tp_gap_filled,30.7335,2565.02,1.977,50.71,2
FRT,2026-01-02,2026-01-05,2026-01-06,1-2%,-1.438,99.35,100.8,tp_gap_filled,26.0499,2588.06,1.459,37.77,1
BMY,2026-01-02,2026-01-05,2026-01-06,1-2%,-1.353,53.21,53.94,tp_gap_filled,48.6406,2588.16,1.372,35.51,1
FIX,2025-12-12,2026-01-05,2026-01-06,1-2%,-1.291,1011.69,1024.92,tp_gap_filled,2.5581,2588.02,1.308,33.84,1
DAL,2025-12-29,2026-01-05,2026-01-06,1-2%,-1.044,70.11,70.85,tp_gap_filled,36.9287,2589.07,1.055,27.33,1
VLO,2025-11-19,2025-11-20,2026-01-07,3-5%,-3.279,179.35,185.43,tp_gap_filled,13.1515,2358.71,3.39,79.96,31
AMCR,2025-11-28,2025-12-01,2026-01-07,1-2%,-1.856,42.3,43.1,tp_gap_filled,59.0652,2498.46,1.891,47.25,25
KHC,2025-11-28,2025-12-01,2026-01-07,1-2%,-1.641,25.18,23.1656,stop,99.2564,2499.28,-8.0,-199.94,25
APD,2025-12-08,2026-01-05,2026-01-07,2-3%,-2.175,255.02,260.69,tp_gap_filled,10.1494,2588.29,2.223,57.55,2
SYY,2026-01-02,2026-01-05,2026-01-07,1-2%,-1.031,72.93,73.69,tp_gap_filled,35.5181,2590.34,1.042,26.99,2
CRL,2026-01-05,2026-01-06,2026-01-07,2-3%,-2.678,197.0,202.42,tp_gap_filled,13.2552,2611.27,2.751,71.84,1
FDS,2026-01-05,2026-01-06,2026-01-07,1-2%,-1.52,280.57,284.9,tp_gap_filled,9.3284,2617.26,1.543,40.39,1
GL,2026-01-05,2026-01-06,2026-01-07,1-2%,-1.438,136.43,138.42,tp_gap_filled,19.2006,2619.54,1.459,38.21,1
WST,2026-01-05,2026-01-06,2026-01-07,1-2%,-1.433,272.44,276.4,tp_gap_filled,9.6196,2620.77,1.454,38.09,1
CCL,2026-01-05,2026-01-06,2026-01-07,1-2%,-1.326,30.51,30.92,tp_gap_filled,85.9516,2622.38,1.344,35.24,1
CMG,2025-10-30,2025-10-31,2026-01-08,10%+,-21.353,31.27,39.76,tp_gap_filled,78.2304,2446.27,27.151,664.18,46
DE,2025-11-26,2025-12-03,2026-01-08,3-5%,-4.216,477.13,498.13,tp_gap_filled,5.279,2518.78,4.401,110.86,24
HPE,2025-12-11,2025-12-22,2026-01-08,2-3%,-2.098,24.73,22.0097,stop,103.8494,2568.19,-11.0,-282.5,11
NKE,2025-12-19,2025-12-24,2026-01-08,5-10%,-9.797,59.2,65.63,tp_gap_filled,43.4854,2574.33,10.861,279.61,9
CARR,2026-01-06,2026-01-07,2026-01-08,3-5%,-3.16,52.09,53.79,tp_gap_filled,49.7866,2593.38,3.264,84.64,1
COHR,2026-01-06,2026-01-07,2026-01-08,2-3%,-2.168,182.32,186.36,tp_gap_filled,14.227,2593.86,2.216,57.48,1
SWK,2026-01-06,2026-01-07,2026-01-08,1-2%,-1.917,75.73,77.21,tp_gap_filled,34.2864,2596.51,1.954,50.74,1
LII,2026-01-06,2026-01-07,2026-01-08,1-2%,-1.766,495.0,503.9,tp_gap_filled,5.2496,2598.54,1.798,46.72,1
LOW,2026-01-06,2026-01-07,2026-01-08,1-2%,-1.332,241.49,244.75,tp_gap_filled,10.7667,2600.06,1.35,35.1,1
MAS,2025-10-29,2025-10-30,2026-01-09,5-10%,-5.743,64.5,68.43,tp_gap_filled,37.8595,2441.94,6.093,148.79,48
RMD,2025-12-16,2025-12-17,2026-01-09,1-2%,-1.999,248.01,253.07,tp_gap_filled,10.219,2534.41,2.04,51.71,15
EFX,2026-01-06,2026-01-07,2026-01-09,3-5%,-3.483,213.1,220.79,tp_gap_filled,12.1693,2593.29,3.609,93.58,2
APH,2026-01-06,2026-01-07,2026-01-09,1-2%,-1.587,68.83,69.94,tp_gap_filled,37.7682,2599.58,1.613,41.92,2
DECK,2026-01-07,2026-01-08,2026-01-09,5-10%,-6.012,101.0,107.46,tp_gap_filled,25.9635,2622.31,6.396,167.72,1
SW,2025-10-29,2026-01-08,2026-01-09,3-5%,-3.783,41.46,43.09,tp_gap_filled,63.2291,2621.48,3.932,103.06,1
SNDK,2026-01-07,2026-01-08,2026-01-09,2-3%,-2.503,340.88,349.63,tp_gap_filled,7.6932,2622.46,2.567,67.32,1
MCHP,2026-01-07,2026-01-08,2026-01-09,2-3%,-2.418,73.06,74.87,tp_gap_filled,35.8813,2621.49,2.477,64.95,1
LRCX,2026-01-07,2026-01-08,2026-01-09,2-3%,-2.116,202.58,206.96,tp_gap_filled,12.9422,2621.83,2.162,56.69,1
LYB,2025-12-01,2025-12-02,2026-01-12,3-5%,-3.531,47.26,48.99,tp_gap_filled,52.9868,2504.16,3.661,91.67,27
NEM,2026-01-07,2026-01-08,2026-01-12,3-5%,-3.123,105.79,109.2,tp_gap_filled,24.7809,2621.57,3.223,84.5,2
KLAC,2026-01-07,2026-01-09,2026-01-12,1-2%,-1.859,136.907,139.5,tp_gap_filled,19.2887,2640.75,1.894,50.02,1
DLR,2026-01-08,2026-01-09,2026-01-12,1-2%,-1.737,152.18,154.87,tp_gap_filled,17.36,2641.84,1.768,46.7,1
SNPS,2026-01-08,2026-01-09,2026-01-12,1-2%,-1.649,511.13,519.7,tp_gap_filled,5.173,2644.06,1.677,44.33,1
NKE,2026-01-08,2026-01-09,2026-01-12,1-2%,-1.645,62.18,63.22,tp_gap_filled,42.546,2645.51,1.673,44.25,1
FCX,2026-01-07,2026-01-09,2026-01-12,1-2%,-1.638,55.23,56.15,tp_gap_filled,47.9575,2648.69,1.666,44.12,1
MOS,2025-10-10,2025-10-13,2026-01-13,5-10%,-8.493,30.6,26.21,time_exit,78.5568,2403.84,-14.346,-344.86,63
WBD,2025-12-26,2025-12-29,2026-01-13,2-3%,-2.053,28.63,29.23,tp_gap_filled,89.8668,2572.89,2.096,53.92,10
QCOM,2025-10-28,2026-01-06,2026-01-13,1-2%,-1.998,183.93,169.2156,stop,14.2319,2617.68,-8.0,-209.41,5
TT,2026-01-06,2026-01-07,2026-01-13,5-10%,-6.1,367.12,390.97,tp_gap_filled,7.0603,2591.97,6.497,168.39,4
MRNA,2026-01-07,2026-01-08,2026-01-13,3-5%,-3.253,34.5,35.66,tp_gap_filled,76.0157,2622.54,3.362,88.18,3
TPL,2025-11-18,2026-01-09,2026-01-13,2-3%,-2.237,312.0167,319.1567,tp_gap_filled,8.4636,2640.78,2.288,60.43,2
STX,2026-01-07,2026-01-12,2026-01-13,3-5%,-3.453,319.01,330.42,tp_gap_filled,8.2596,2634.89,3.577,94.24,1
CIEN,2026-01-09,2026-01-12,2026-01-13,2-3%,-2.633,219.28,225.21,tp_gap_filled,12.0181,2635.34,2.704,71.27,1
COHR,2026-01-09,2026-01-12,2026-01-13,2-3%,-2.397,169.0,173.15,tp_gap_filled,15.615,2638.94,2.456,64.8,1
SW,2026-01-09,2026-01-12,2026-01-13,1-2%,-1.418,41.7,42.3,tp_gap_filled,63.4049,2643.99,1.439,38.04,1
FERG,2025-12-09,2025-12-10,2026-01-14,5-10%,-5.37,232.6,245.8,tp_gap_filled,10.9295,2542.2,5.675,144.27,23
INTU,2026-01-08,2026-01-09,2026-01-14,1-2%,-1.62,640.6,589.352,stop,4.1367,2649.94,-8.0,-212.0,3
INTC,2026-01-12,2026-01-13,2026-01-14,2-3%,-2.876,44.24,45.55,tp_gap_filled,59.6067,2637.0,2.961,78.08,1
CRWD,2026-01-12,2026-01-13,2026-01-14,2-3%,-2.201,115.0625,117.6525,tp_gap_filled,22.9333,2638.77,2.251,59.4,1
CPRT,2025-11-21,2025-11-24,2026-01-15,2-3%,-2.218,40.11,41.02,tp_gap_filled,59.9711,2405.44,2.269,54.57,35
PNR,2026-01-05,2026-01-06,2026-01-15,2-3%,-2.588,102.74,105.47,tp_gap_filled,25.4656,2616.33,2.657,69.52,7
WDC,2026-01-07,2026-01-12,2026-01-15,3-5%,-3.369,211.99,219.38,tp_gap_filled,12.4313,2635.3,3.486,91.87,3
HSIC,2026-01-12,2026-01-13,2026-01-15,2-3%,-2.486,75.71,77.64,tp_gap_filled,34.8783,2640.64,2.549,67.32,2
CNC,2026-01-12,2026-01-13,2026-01-15,2-3%,-2.381,45.5,46.61,tp_gap_filled,58.0278,2640.27,2.44,64.41,2
CMG,2026-01-13,2026-01-14,2026-01-15,1-2%,-1.438,39.76,40.34,tp_gap_filled,66.1936,2631.86,1.459,38.39,1
PGR,2025-10-15,2025-10-16,2026-01-16,5-10%,-5.932,226.14,202.37,time_exit,10.6966,2418.92,-10.511,-254.26,63
ABT,2025-10-15,2025-10-16,2026-01-16,3-5%,-3.947,128.01,121.76,time_exit,18.889,2417.98,-4.882,-118.06,63
LITE,2026-01-07,2026-01-08,2026-01-16,3-5%,-4.881,378.02,321.317,stop,6.9457,2625.61,-15.0,-393.84,6
TDY,2025-10-22,2026-01-13,2026-01-16,2-3%,-2.435,559.78,573.75,tp_gap_filled,4.7174,2640.72,2.496,65.9,3
BLK,2026-01-14,2026-01-15,2026-01-16,1-2%,-1.745,1070.53,1089.54,tp_gap_filled,2.4708,2645.03,1.776,46.97,1
LRCX,2026-01-14,2026-01-15,2026-01-16,1-2%,-1.516,211.13,214.38,tp_gap_filled,12.5481,2649.29,1.539,40.78,1
MO,2025-10-30,2025-11-18,2026-01-20,3-5%,-4.518,59.17,61.97,tp_gap_filled,40.5444,2399.01,4.732,113.52,41
CCL,2026-01-07,2026-01-08,2026-01-20,2-3%,-2.539,31.48,28.0172,stop,83.2946,2622.11,-11.0,-288.43,7
CMCSA,2026-01-14,2026-01-15,2026-01-20,1-2%,-1.51,28.05,28.48,tp_gap_filled,94.5054,2650.88,1.533,40.64,2
EQT,2026-01-14,2026-01-15,2026-01-20,1-2%,-1.454,50.84,51.59,tp_gap_filled,52.1527,2651.44,1.475,39.11,2
NOC,2026-01-15,2026-01-16,2026-01-20,1-2%,-1.955,640.37,653.14,tp_gap_filled,4.1118,2633.06,1.994,52.51,1
VLO,2026-01-15,2026-01-16,2026-01-20,1-2%,-1.078,184.5,186.51,tp_gap_filled,14.2888,2636.28,1.089,28.72,1
NFLX,2025-10-22,2025-11-12,2026-01-21,5-10%,-7.931,114.29,86.8604,stop,21.5434,2462.2,-24.0,-590.93,46
HAL,2026-01-15,2026-01-16,2026-01-21,1-2%,-1.059,32.69,33.04,tp_gap_filled,80.6358,2635.98,1.071,28.22,2
ALB,2026-01-16,2026-01-20,2026-01-21,3-5%,-4.362,166.2,173.78,tp_gap_filled,15.635,2598.54,4.561,118.51,1
MOS,2026-01-16,2026-01-20,2026-01-21,3-5%,-3.988,26.48,27.58,tp_gap_filled,98.2069,2600.52,4.154,108.03,1
JBHT,2026-01-16,2026-01-20,2026-01-21,3-5%,-3.249,199.81,206.52,tp_gap_filled,13.0204,2601.6,3.358,87.37,1
RF,2026-01-16,2026-01-20,2026-01-21,3-5%,-3.05,27.65,28.52,tp_gap_filled,94.1251,2602.56,3.146,81.89,1
FCX,2026-01-15,2026-01-20,2026-01-21,2-3%,-2.27,58.98,60.35,tp_gap_filled,44.1255,2602.52,2.323,60.45,1
CF,2026-01-16,2026-01-20,2026-01-21,2-3%,-2.079,84.8,86.6,tp_gap_filled,30.7015,2603.48,2.123,55.26,1
MAA,2026-01-15,2026-01-16,2026-01-22,1-2%,-1.203,134.63,136.27,tp_gap_filled,19.5745,2635.32,1.218,32.1,3
FAST,2026-01-20,2026-01-21,2026-01-22,3-5%,-4.092,41.95,43.74,tp_gap_filled,62.8033,2634.6,4.267,112.42,1
DHI,2026-01-20,2026-01-21,2026-01-22,3-5%,-3.738,150.13,155.96,tp_gap_filled,17.571,2637.94,3.883,102.44,1
CCL,2026-01-20,2026-01-21,2026-01-22,3-5%,-3.389,27.94,28.92,tp_gap_filled,94.5147,2640.74,3.508,92.62,1
TER,2026-01-20,2026-01-21,2026-01-22,3-5%,-3.388,220.42,228.15,tp_gap_filled,11.9832,2641.33,3.507,92.63,1
Q,2026-01-20,2026-01-21,2026-01-22,3-5%,-3.373,93.97,97.25,tp_gap_filled,28.1375,2644.08,3.49,92.29,1
OMC,2026-01-05,2026-01-06,2026-01-23,2-3%,-2.533,79.26,81.32,tp_gap_filled,33.0206,2617.21,2.599,68.02,12
UNH,2025-10-30,2026-01-06,2026-01-23,2-3%,-2.179,347.52,355.26,tp_gap_filled,7.5318,2617.46,2.227,58.3,12
FTNT,2026-01-14,2026-01-15,2026-01-23,2-3%,-2.4,76.45,78.33,tp_gap_filled,34.5994,2645.12,2.459,65.05,5
JNJ,2026-01-21,2026-01-22,2026-01-23,3-5%,-3.304,211.0,218.21,tp_gap_filled,12.6358,2666.16,3.417,91.1,1
BSX,2026-01-15,2026-01-16,2026-01-26,5-10%,-5.846,88.26,93.74,tp_gap_filled,29.8342,2633.17,6.209,163.49,5
PM,2026-01-20,2026-01-23,2026-01-26,1-2%,-1.549,170.93,173.62,tp_gap_filled,15.5439,2656.92,1.574,41.81,1
FANG,2026-01-22,2026-01-23,2026-01-26,1-2%,-1.484,150.73,153.0,tp_gap_filled,17.6313,2657.57,1.506,40.02,1
ROP,2025-10-23,2025-10-24,2026-01-27,5-10%,-8.231,467.06,354.9656,stop,5.296,2473.55,-24.0,-593.65,63
CIEN,2026-01-20,2026-01-21,2026-01-27,5-10%,-5.862,229.15,243.42,tp_gap_filled,11.507,2636.84,6.227,164.21,4
KHC,2026-01-21,2026-01-22,2026-01-27,5-10%,-6.439,22.23,23.76,tp_gap_filled,119.8324,2663.87,6.883,183.34,3
COHR,2026-01-23,2026-01-26,2026-01-27,2-3%,-2.215,198.23,202.72,tp_gap_filled,13.4586,2667.91,2.265,60.43,1
PFE,2026-01-23,2026-01-26,2026-01-27,1-2%,-1.992,25.58,26.1,tp_gap_filled,104.2916,2667.78,2.033,54.23,1
BKNG,2026-01-23,2026-01-26,2026-01-27,1-2%,-1.624,202.6896,206.036,tp_gap_filled,13.165,2668.4,1.651,44.06,1
DECK,2026-01-26,2026-01-27,2026-01-28,1-2%,-1.1,98.88,99.98,tp_gap_filled,26.8075,2650.72,1.112,29.49,1
MU,2026-01-26,2026-01-27,2026-01-28,1-2%,-1.038,395.5,399.65,tp_gap_filled,6.7039,2651.41,1.049,27.82,1
RCL,2025-10-28,2025-12-19,2026-01-29,5-10%,-7.688,295.64,320.26,tp_gap_filled,8.6126,2546.24,8.328,212.04,26
URI,2025-10-23,2026-01-12,2026-01-29,3-5%,-4.185,950.01,807.5085,stop,2.7736,2634.98,-15.0,-395.25,12
FIS,2026-01-12,2026-01-13,2026-01-29,3-5%,-3.247,64.67,54.9695,stop,40.7818,2637.36,-15.0,-395.6,11
NCLH,2026-01-20,2026-01-21,2026-01-29,3-5%,-4.316,21.06,22.01,tp_gap_filled,125.1221,2635.07,4.511,118.87,6
APA,2026-01-22,2026-01-23,2026-01-29,2-3%,-2.035,26.0,26.54,tp_gap_filled,102.2049,2657.33,2.077,55.19,4
CCI,2025-10-28,2025-10-29,2026-01-30,3-5%,-3.689,94.0,86.81,time_exit,26.1938,2462.21,-7.649,-188.33,63
CDNS,2025-10-28,2025-10-29,2026-01-30,3-5%,-3.526,339.01,296.36,time_exit,7.2578,2460.47,-12.581,-309.55,63
PLTR,2025-11-04,2025-11-10,2026-01-30,5-10%,-7.293,192.07,145.9732,stop,12.6599,2431.6,-24.0,-583.58,55
RDDT,2026-01-20,2026-01-21,2026-01-30,3-5%,-4.712,220.125,187.1062,stop,11.9817,2637.47,-15.0,-395.62,7
GRMN,2025-10-29,2025-10-30,2026-02-02,10%+,-11.052,220.67,206.92,time_exit,11.0597,2440.55,-6.231,-152.07,63
GNRC,2025-10-29,2025-10-30,2026-02-02,10%+,-10.912,169.4,170.96,time_exit,14.3996,2439.29,0.921,22.46,63
JCI,2026-01-06,2026-01-07,2026-02-02,5-10%,-7.356,112.59,121.53,tp_gap_filled,23.0221,2592.05,7.94,205.82,17
MRNA,2026-01-23,2026-01-27,2026-02-02,3-5%,-3.968,49.812,42.3402,stop,53.3025,2655.1,-15.0,-398.27,4
DOW,2026-01-29,2026-01-30,2026-02-02,3-5%,-4.248,26.6,27.78,tp_gap_filled,98.7402,2626.49,4.436,116.51,1
EME,2025-10-30,2025-10-31,2026-02-03,10%+,-14.414,665.0,744.53,time_exit,3.6796,2446.92,11.959,292.64,63
META,2025-10-30,2025-10-31,2026-02-03,10%+,-10.978,669.15,691.7,time_exit,3.6579,2447.72,3.37,82.49,63
WDAY,2025-11-26,2025-11-28,2026-02-03,5-10%,-7.852,215.34,163.6584,stop,11.5937,2496.59,-24.0,-599.18,44
GPN,2025-10-29,2025-12-11,2026-02-03,3-5%,-4.823,81.5,69.275,stop,31.51,2568.06,-15.0,-385.21,35
NXPI,2026-01-07,2026-01-09,2026-02-03,1-2%,-1.765,241.61,222.2812,stop,10.9347,2641.94,-8.0,-211.36,16
BAC,2026-01-14,2026-01-15,2026-02-03,3-5%,-3.044,52.88,54.54,tp_gap_filled,50.0267,2645.41,3.139,83.04,12
VMC,2026-01-14,2026-01-16,2026-02-03,1-2%,-1.781,305.5,311.04,tp_gap_filled,8.626,2635.24,1.813,47.79,11
EXPE,2026-01-20,2026-01-22,2026-02-03,2-3%,-2.936,276.74,246.2986,stop,9.641,2668.05,-11.0,-293.49,8
STE,2026-01-20,2026-01-27,2026-02-03,1-2%,-1.109,265.67,268.65,tp_gap_filled,9.9795,2651.24,1.122,29.74,5
AMD,2026-01-30,2026-02-02,2026-02-03,5-10%,-6.047,236.93,252.18,tp_gap_filled,11.1175,2634.06,6.437,169.54,1
LH,2025-10-28,2025-11-11,2026-02-04,3-5%,-3.903,264.9,275.66,tp_gap_filled,9.2273,2444.32,4.062,99.29,57
KR,2025-12-04,2025-12-05,2026-02-04,3-5%,-4.003,63.55,66.2,tp_gap_filled,39.726,2524.59,4.17,105.27,40
IP,2025-10-30,2026-01-09,2026-02-04,3-5%,-3.504,42.68,44.23,tp_gap_filled,61.8547,2639.96,3.632,95.87,17
MKC,2026-01-22,2026-01-27,2026-02-04,3-5%,-4.913,63.29,66.56,tp_gap_filled,41.9498,2655.0,5.167,137.18,6
WYNN,2026-01-29,2026-01-30,2026-02-04,3-5%,-3.49,108.94,112.88,tp_gap_filled,24.1208,2627.72,3.617,95.04,3
TSCO,2026-01-29,2026-02-02,2026-02-04,3-5%,-4.062,52.9,55.14,tp_gap_filled,49.8324,2636.14,4.234,111.62,2
FCX,2026-01-30,2026-02-03,2026-02-04,5-10%,-5.205,61.74,65.13,tp_gap_filled,42.5427,2626.58,5.491,144.22,1
APA,2026-02-02,2026-02-03,2026-02-04,3-5%,-3.938,25.37,26.41,tp_gap_filled,103.6294,2629.08,4.099,107.77,1
OXY,2026-02-02,2026-02-03,2026-02-04,3-5%,-3.371,43.86,45.39,tp_gap_filled,59.9961,2631.43,3.488,91.79,1
FANG,2026-02-02,2026-02-03,2026-02-04,3-5%,-3.257,158.61,163.95,tp_gap_filled,16.6012,2633.11,3.367,88.65,1
EOG,2026-02-02,2026-02-03,2026-02-04,3-5%,-3.014,108.75,112.13,tp_gap_filled,24.2255,2634.53,3.108,81.88,1
OKE,2026-02-02,2026-02-03,2026-02-04,2-3%,-2.993,76.82,79.19,tp_gap_filled,34.3054,2635.34,3.085,81.3,1
COP,2026-02-02,2026-02-03,2026-02-04,2-3%,-2.61,101.51,104.23,tp_gap_filled,25.9474,2633.92,2.68,70.58,1
SWKS,2026-01-28,2026-01-29,2026-02-05,5-10%,-8.609,54.88,60.05,tp_gap_filled,48.1609,2643.07,9.421,248.99,5
OTIS,2026-01-28,2026-01-29,2026-02-05,5-10%,-6.306,84.84,90.55,tp_gap_filled,31.1454,2642.38,6.73,177.84,5
PFE,2026-02-03,2026-02-04,2026-02-05,3-5%,-4.876,25.36,26.66,tp_gap_filled,104.5434,2651.22,5.126,135.91,1
ETN,2026-02-03,2026-02-04,2026-02-05,2-3%,-2.763,349.51,359.44,tp_gap_filled,7.5944,2654.31,2.841,75.41,1
DOC,2026-02-03,2026-02-04,2026-02-05,2-3%,-2.482,16.5,16.92,tp_gap_filled,161.0097,2656.66,2.545,67.62,1
GPN,2026-02-03,2026-02-04,2026-02-05,2-3%,-2.278,70.35,71.99,tp_gap_filled,37.7763,2657.56,2.331,61.95,1
CPAY,2026-02-03,2026-02-04,2026-02-05,1-2%,-1.896,299.09,304.87,tp_gap_filled,8.8867,2657.93,1.933,51.37,1
BG,2026-02-03,2026-02-04,2026-02-05,1-2%,-1.869,111.85,113.98,tp_gap_filled,23.7652,2658.14,1.904,50.62,1
CHTR,2026-02-03,2026-02-04,2026-02-05,1-2%,-1.727,209.92,213.61,tp_gap_filled,12.6748,2660.69,1.758,46.77,1
CI,2025-10-30,2025-11-05,2026-02-06,10%+,-11.407,265.0,292.05,time_exit,9.1579,2426.85,10.208,247.72,63
C,2026-01-12,2026-01-13,2026-02-06,3-5%,-3.643,116.9,121.32,tp_gap_filled,22.5631,2637.63,3.781,99.73,17
URI,2026-01-29,2026-02-04,2026-02-06,5-10%,-6.436,845.06,903.19,tp_gap_filled,3.1351,2649.32,6.879,182.24,2
TXT,2026-01-28,2026-02-04,2026-02-06,3-5%,-3.927,90.53,94.23,tp_gap_filled,29.3183,2654.19,4.087,108.48,2
ABBV,2026-02-04,2026-02-05,2026-02-06,5-10%,-7.037,209.78,225.66,tp_gap_filled,12.556,2634.0,7.57,199.39,1
CMG,2026-02-04,2026-02-05,2026-02-06,3-5%,-3.702,37.72,39.17,tp_gap_filled,69.9209,2637.42,3.844,101.39,1
CF,2026-02-04,2026-02-05,2026-02-06,2-3%,-2.27,90.4,92.5,tp_gap_filled,29.1781,2637.7,2.323,61.27,1
DLTR,2026-02-04,2026-02-05,2026-02-06,1-2%,-1.788,117.55,119.69,tp_gap_filled,22.4335,2637.05,1.821,48.01,1
ICE,2026-02-03,2026-02-05,2026-02-06,1-2%,-1.501,170.58,173.18,tp_gap_filled,15.4647,2637.97,1.524,40.21,1
EG,2025-10-28,2025-11-06,2026-02-09,5-10%,-5.489,325.1,322.12,time_exit,7.3648,2394.31,-0.917,-21.95,63
NTAP,2026-01-20,2026-01-22,2026-02-09,5-10%,-5.22,98.42,103.84,tp_gap_filled,27.085,2665.71,5.507,146.8,12
WDAY,2026-02-03,2026-02-04,2026-02-09,1-2%,-1.909,170.07,156.4644,stop,15.6283,2657.9,-8.0,-212.63,3
COR,2026-02-04,2026-02-05,2026-02-09,3-5%,-4.63,345.0,361.75,tp_gap_filled,7.6415,2636.32,4.855,128.0,2
COHR,2026-02-05,2026-02-06,2026-02-09,10%+,-15.114,179.11,211.0,tp_gap_filled,15.0765,2700.35,17.805,480.79,1
HII,2026-02-05,2026-02-06,2026-02-09,10%+,-14.167,354.61,413.14,tp_gap_filled,7.6563,2714.99,16.505,448.12,1
LITE,2026-02-05,2026-02-06,2026-02-09,5-10%,-6.298,436.22,465.54,tp_gap_filled,6.2503,2726.52,6.721,183.26,1
NRG,2026-01-16,2026-01-27,2026-02-10,2-3%,-2.997,153.75,158.5,tp_gap_filled,17.2387,2650.45,3.089,81.88,10
ADM,2026-02-03,2026-02-04,2026-02-10,5-10%,-8.314,62.42,68.08,tp_gap_filled,42.3766,2645.15,9.068,239.85,4
NXPI,2026-02-03,2026-02-04,2026-02-10,3-5%,-4.894,219.77,231.08,tp_gap_filled,12.0558,2649.51,5.146,136.35,4
RL,2026-02-05,2026-02-06,2026-02-10,5-10%,-8.238,325.48,354.7,tp_gap_filled,8.3617,2721.57,8.978,244.33,2
CBOE,2026-02-06,2026-02-09,2026-02-10,2-3%,-2.826,267.5,275.28,tp_gap_filled,10.2362,2738.19,2.908,79.64,1
WDC,2026-02-04,2026-02-09,2026-02-10,1-2%,-1.678,285.37,262.5404,stop,9.6048,2740.93,-8.0,-219.27,1
MSFT,2026-02-05,2026-02-09,2026-02-10,1-2%,-1.63,407.44,414.19,tp_gap_filled,6.7275,2741.04,1.657,45.41,1
DOW,2026-02-05,2026-02-09,2026-02-10,1-2%,-1.543,31.9,32.4,tp_gap_filled,85.9521,2741.87,1.567,42.98,1
DD,2026-02-05,2026-02-09,2026-02-10,1-2%,-1.526,141.3,143.49,tp_gap_filled,19.4068,2742.18,1.55,42.5,1
CTVA,2026-02-04,2026-02-05,2026-02-11,2-3%,-2.599,73.09,75.04,tp_gap_filled,36.0945,2638.15,2.668,70.38,4
CCI,2026-02-05,2026-02-06,2026-02-11,5-10%,-7.386,79.75,86.11,tp_gap_filled,34.1628,2724.48,7.975,217.28,3
CMI,2026-02-05,2026-02-06,2026-02-11,5-10%,-6.78,564.57,605.63,tp_gap_filled,4.8271,2725.25,7.273,198.2,3
BDX,2026-02-09,2026-02-10,2026-02-11,2-3%,-2.866,160.3774,165.1101,tp_gap_filled,17.1106,2744.15,2.951,80.98,1
FISV,2026-02-03,2026-02-10,2026-02-11,2-3%,-2.622,61.29,62.94,tp_gap_filled,44.8363,2748.02,2.692,73.98,1
EBAY,2025-10-30,2025-11-11,2026-02-12,10%+,-14.004,85.6,79.41,time_exit,28.5195,2441.27,-7.231,-176.54,63
TEL,2026-01-21,2026-01-22,2026-02-12,2-3%,-2.778,226.79,233.27,tp_gap_filled,11.7669,2668.61,2.857,76.25,15
TMO,2026-01-29,2026-01-30,2026-02-12,3-5%,-3.654,585.8,497.93,stop,4.4868,2628.37,-15.0,-394.25,9
ALB,2026-01-30,2026-02-02,2026-02-12,5-10%,-7.355,167.41,180.7,tp_gap_filled,15.7388,2634.84,7.939,209.17,8
EQT,2026-02-02,2026-02-03,2026-02-12,3-5%,-3.863,55.5,57.73,tp_gap_filled,47.4115,2631.34,4.018,105.73,7
XYZ,2026-02-03,2026-02-10,2026-02-12,3-5%,-3.444,58.32,49.572,stop,47.0664,2744.91,-15.0,-411.74,2
BF-B,2025-12-17,2026-02-10,2026-02-12,1-2%,-1.874,29.84,30.41,tp_gap_filled,92.1575,2749.98,1.91,52.53,2
LITE,2026-02-10,2026-02-11,2026-02-12,5-10%,-5.013,548.22,577.15,tp_gap_filled,4.9864,2733.66,5.277,144.26,1
ICE,2026-02-10,2026-02-11,2026-02-12,2-3%,-2.938,164.5,146.405,stop,16.6138,2732.97,-11.0,-300.63,1
KMB,2025-11-03,2025-11-12,2026-02-13,10%+,-12.547,104.69,109.41,time_exit,23.5215,2462.47,4.509,111.02,63
MRNA,2026-02-11,2026-02-12,2026-02-13,10%+,-10.454,37.605,41.995,tp_gap_filled,71.269,2680.07,11.674,312.87,1
KHC,2026-02-11,2026-02-12,2026-02-13,3-5%,-4.418,23.8,24.9,tp_gap_filled,112.4808,2677.04,4.622,123.73,1
TMUS,2026-02-11,2026-02-12,2026-02-13,3-5%,-4.062,191.33,199.43,tp_gap_filled,13.9979,2678.21,4.234,113.38,1
WDC,2026-02-10,2026-02-12,2026-02-13,2-3%,-2.084,280.03,285.99,tp_gap_filled,9.5772,2681.89,2.128,57.08,1
ZBH,2025-11-05,2025-11-13,2026-02-17,10%+,-12.134,90.66,97.15,time_exit,26.7378,2424.05,7.159,173.53,63
ES,2025-11-19,2026-01-14,2026-02-17,5-10%,-5.541,70.41,74.54,tp_gap_filled,37.3839,2632.2,5.866,154.4,22
BLDR,2026-02-11,2026-02-12,2026-02-17,2-3%,-2.733,124.91,111.1699,stop,21.4935,2684.75,-11.0,-295.32,2
NCLH,2026-02-11,2026-02-12,2026-02-17,2-3%,-2.334,23.01,23.56,tp_gap_filled,116.529,2681.33,2.39,64.09,2
NEM,2026-01-30,2026-02-03,2026-02-18,5-10%,-7.035,118.0,126.93,tp_gap_filled,22.2624,2626.97,7.568,198.8,10
OMC,2026-02-03,2026-02-10,2026-02-19,5-10%,-6.194,71.78,76.52,tp_gap_filled,38.227,2743.93,6.604,181.2,6
COHR,2026-02-10,2026-02-11,2026-02-20,3-5%,-4.232,232.2,242.46,tp_gap_filled,11.7785,2734.98,4.419,120.85,6
CRL,2026-02-12,2026-02-13,2026-02-20,5-10%,-5.115,157.49,165.98,tp_gap_filled,17.1922,2707.59,5.391,145.96,4
MET,2026-01-06,2026-01-07,2026-02-23,1-2%,-1.211,80.78,74.3176,stop,32.2019,2601.27,-8.0,-208.1,31
PAYX,2026-02-03,2026-02-05,2026-02-23,2-3%,-2.001,100.42,89.3738,stop,26.272,2638.24,-11.0,-290.21,11
DELL,2026-02-12,2026-02-13,2026-02-23,5-10%,-5.364,117.5,124.16,tp_gap_filled,23.0434,2707.6,5.668,153.47,5
UAL,2026-02-18,2026-02-19,2026-02-24,2-3%,-2.649,111.0,114.02,tp_gap_filled,24.7126,2743.1,2.721,74.63,3
WDC,2026-02-20,2026-02-23,2026-02-25,2-3%,-2.329,278.04,284.67,tp_gap_filled,9.7405,2708.24,2.385,64.58,2
TTWO,2026-02-04,2026-02-10,2026-02-26,2-3%,-2.102,207.71,212.17,tp_gap_filled,13.2357,2749.18,2.147,59.03,11
NDAQ,2026-02-10,2026-02-11,2026-02-26,3-5%,-4.612,82.32,86.3,tp_gap_filled,33.239,2736.24,4.835,132.29,10
ZTS,2025-11-04,2025-11-25,2026-02-27,10%+,-13.523,124.83,131.1,time_exit,19.6167,2448.76,5.023,123.0,63
NFLX,2026-01-21,2026-01-22,2026-02-27,5-10%,-5.432,82.52,87.26,tp_gap_filled,32.2958,2665.05,5.744,153.08,25
CPRT,2026-02-20,2026-02-23,2026-02-27,5-10%,-8.898,34.3,37.65,tp_gap_filled,78.9124,2706.69,9.767,264.36,4
AXP,2026-01-12,2026-01-15,2026-03-02,3-5%,-4.023,360.5,306.425,stop,7.3394,2645.87,-15.0,-396.88,30
STLD,2026-02-13,2026-02-17,2026-03-02,5-10%,-5.268,189.0,199.51,tp_gap_filled,14.3121,2704.99,5.561,150.42,9
VRSK,2026-02-03,2026-02-26,2026-03-02,3-5%,-4.87,203.72,214.15,tp_gap_filled,13.6063,2771.87,5.12,141.91,2
MOS,2026-02-25,2026-02-27,2026-03-02,3-5%,-3.264,27.56,28.49,tp_gap_filled,100.4538,2768.51,3.374,93.42,1
CRH,2026-01-13,2026-02-03,2026-03-03,2-3%,-2.664,127.88,113.8132,stop,20.6157,2636.34,-11.0,-290.0,19
KR,2026-02-25,2026-02-26,2026-03-03,2-3%,-2.91,67.73,69.76,tp_gap_filled,40.921,2771.58,2.997,83.07,3
TTD,2026-02-26,2026-02-27,2026-03-03,10%+,-16.137,21.1,25.16,tp_gap_filled,130.9178,2762.37,19.242,531.53,2
NOW,2026-02-27,2026-03-02,2026-03-03,3-5%,-3.934,105.0,109.3,tp_gap_filled,26.1636,2747.18,4.095,112.5,1
OMC,2026-02-27,2026-03-02,2026-03-03,3-5%,-3.648,81.62,84.71,tp_gap_filled,33.6865,2749.49,3.786,104.09,1
GD,2026-01-28,2026-01-29,2026-03-04,3-5%,-4.045,351.79,366.62,tp_gap_filled,7.5153,2643.82,4.216,111.45,23
XYZ,2026-03-02,2026-03-03,2026-03-04,5-10%,-5.793,60.01,63.7,tp_gap_filled,45.2582,2715.94,6.149,167.0,1
DDOG,2026-02-27,2026-03-03,2026-03-04,3-5%,-3.181,112.755,116.46,tp_gap_filled,24.1103,2718.56,3.286,89.33,1
PYPL,2026-03-02,2026-03-03,2026-03-04,3-5%,-3.008,44.82,46.21,tp_gap_filled,60.6444,2718.08,3.101,84.3,1
UBER,2026-02-04,2026-02-05,2026-03-05,2-3%,-2.958,75.625,77.93,tp_gap_filled,34.8884,2638.44,3.048,80.42,19
EXPE,2026-02-13,2026-02-17,2026-03-05,5-10%,-6.707,212.0,227.24,tp_gap_filled,12.7733,2707.95,7.189,194.67,12
JPM,2026-01-12,2026-01-13,2026-03-06,2-3%,-2.221,321.88,286.4732,stop,8.2036,2640.57,-11.0,-290.46,36
LUV,2026-03-02,2026-03-03,2026-03-06,2-3%,-2.558,48.0,42.72,stop,56.6661,2719.98,-11.0,-299.2,3
FIS,2026-03-02,2026-03-03,2026-03-06,2-3%,-2.257,49.81,50.96,tp_gap_filled,54.6013,2719.69,2.309,62.79,3
LITE,2026-03-03,2026-03-04,2026-03-06,5-10%,-7.175,727.05,552.558,stop,3.7732,2743.27,-24.0,-658.38,2
APA,2026-03-04,2026-03-05,2026-03-06,2-3%,-2.826,30.95,31.85,tp_gap_filled,87.8875,2720.12,2.908,79.1,1
PNR,2026-02-03,2026-02-12,2026-03-09,2-3%,-2.635,102.73,91.4297,stop,26.1159,2682.88,-11.0,-295.12,16
BF-B,2026-02-25,2026-02-27,2026-03-09,3-5%,-3.419,29.38,24.973,stop,94.2644,2769.49,-15.0,-415.42,6
CEG,2026-03-05,2026-03-06,2026-03-09,1-2%,-1.629,317.59,322.85,tp_gap_filled,8.3841,2662.71,1.656,44.1,1
CIEN,2026-03-05,2026-03-06,2026-03-10,5-10%,-9.181,312.01,343.55,tp_gap_filled,8.5434,2665.64,10.109,269.46,2
IRM,2026-03-05,2026-03-06,2026-03-10,2-3%,-2.068,105.61,107.84,tp_gap_filled,25.2115,2662.59,2.112,56.22,2
LITE,2026-03-06,2026-03-09,2026-03-10,5-10%,-6.204,610.445,650.82,tp_gap_filled,4.4081,2690.87,6.614,177.98,1
MU,2026-02-27,2026-03-02,2026-03-11,3-5%,-3.309,401.81,415.56,tp_gap_filled,6.849,2752.01,3.422,94.17,7
MRVL,2025-12-08,2025-12-09,2026-03-12,5-10%,-8.553,90.45,87.67,time_exit,27.8238,2516.66,-3.074,-77.35,63
APD,2026-02-13,2026-02-23,2026-03-12,2-3%,-2.607,283.9,291.5,tp_gap_filled,9.5399,2708.37,2.677,72.5,13
FLEX,2026-03-06,2026-03-09,2026-03-12,3-5%,-3.716,61.15,63.51,tp_gap_filled,44.0481,2693.54,3.859,103.95,3
OXY,2026-03-10,2026-03-11,2026-03-12,3-5%,-3.217,53.25,55.02,tp_gap_filled,50.2765,2677.22,3.324,88.99,1
DIS,2025-11-13,2025-12-10,2026-03-13,5-10%,-6.652,108.89,99.29,time_exit,23.3467,2542.22,-8.816,-224.13,63
SNDK,2026-02-04,2026-02-12,2026-03-16,5-10%,-5.968,654.0,695.51,tp_gap_filled,4.0963,2678.99,6.347,170.04,21
LITE,2026-03-11,2026-03-12,2026-03-16,3-5%,-3.115,651.07,672.0,tp_gap_filled,4.027,2621.84,3.215,84.28,2
DLTR,2026-03-12,2026-03-13,2026-03-16,2-3%,-2.428,110.5,113.25,tp_gap_filled,23.7738,2627.0,2.489,65.38,1
LLY,2026-02-05,2026-02-09,2026-03-18,3-5%,-3.759,1065.5,905.675,stop,2.5709,2739.26,-15.0,-410.89,26
TMO,2026-03-05,2026-03-06,2026-03-18,1-2%,-1.855,503.18,462.9256,stop,5.292,2662.84,-8.0,-213.03,8
LYB,2026-03-13,2026-03-16,2026-03-18,1-2%,-1.964,72.87,74.33,tp_gap_filled,36.3478,2648.67,2.004,53.07,2
COHR,2026-03-05,2026-03-10,2026-03-19,3-5%,-4.42,262.71,274.86,tp_gap_filled,10.2191,2684.67,4.625,124.16,7
LITE,2026-03-17,2026-03-18,2026-03-19,3-5%,-4.456,597.0,624.84,tp_gap_filled,4.3898,2620.72,4.663,122.21,1
VRT,2026-03-17,2026-03-18,2026-03-19,1-2%,-1.541,260.66,264.74,tp_gap_filled,10.0891,2629.83,1.565,41.16,1
CIEN,2026-03-17,2026-03-18,2026-03-19,1-2%,-1.531,358.31,363.88,tp_gap_filled,7.3418,2630.65,1.555,40.89,1
DPZ,2026-01-05,2026-01-12,2026-03-20,2-3%,-2.182,416.0,370.24,stop,6.3558,2643.99,-11.0,-290.84,47
SMCI,2026-02-09,2026-02-10,2026-03-20,3-5%,-3.403,33.21,28.2285,stop,82.6243,2743.95,-15.0,-411.59,27
ALGN,2026-03-18,2026-03-19,2026-03-20,1-2%,-1.789,172.97,176.12,tp_gap_filled,15.1692,2623.83,1.821,47.78,1
CMI,2026-03-12,2026-03-16,2026-03-23,1-2%,-1.728,546.53,556.14,tp_gap_filled,4.844,2647.37,1.758,46.55,5
VEEV,2026-03-18,2026-03-19,2026-03-23,1-2%,-1.532,183.84,186.7,tp_gap_filled,14.276,2624.5,1.556,40.83,2
TER,2026-03-19,2026-03-20,2026-03-23,3-5%,-4.726,285.89,300.07,tp_gap_filled,9.0264,2580.54,4.96,127.99,1
GLW,2026-03-05,2026-03-10,2026-03-24,5-10%,-5.993,136.16,144.84,tp_gap_filled,19.7169,2684.65,6.375,171.14,10
WST,2026-03-10,2026-03-12,2026-03-24,3-5%,-3.092,240.39,248.06,tp_gap_filled,10.8949,2619.02,3.191,83.56,8
ETN,2026-03-03,2026-03-10,2026-03-25,3-5%,-3.866,362.81,377.4,tp_gap_filled,7.3985,2684.25,4.021,107.94,11
HRL,2026-03-18,2026-03-19,2026-03-25,1-2%,-1.483,22.58,22.92,tp_gap_filled,116.2534,2625.0,1.506,39.53,4
LYB,2026-03-23,2026-03-24,2026-03-25,3-5%,-3.682,70.62,73.32,tp_gap_filled,36.7746,2597.02,3.823,99.29,1
META,2026-03-13,2026-03-16,2026-03-26,2-3%,-2.239,623.89,555.2621,stop,4.2449,2648.36,-11.0,-291.32,8
WDC,2026-03-20,2026-03-23,2026-03-26,2-3%,-2.338,309.52,275.4728,stop,8.4066,2602.0,-11.0,-286.22,3
BBY,2026-03-24,2026-03-25,2026-03-26,3-5%,-3.359,61.86,64.01,tp_gap_filled,42.26,2614.2,3.476,90.86,1
ISRG,2026-01-14,2026-01-15,2026-03-27,3-5%,-4.959,533.96,453.866,stop,4.9538,2645.14,-15.0,-396.77,49
EL,2026-02-05,2026-02-06,2026-03-27,10%+,-12.424,104.75,68.0875,stop,25.9819,2721.6,-35.0,-952.56,34
CF,2026-03-13,2026-03-26,2026-03-27,2-3%,-2.868,132.1,136.0,tp_gap_filled,19.4396,2567.97,2.952,75.81,1
OXY,2026-03-25,2026-03-26,2026-03-27,1-2%,-1.551,60.3,61.25,tp_gap_filled,42.5896,2568.15,1.575,40.46,1
BF-B,2026-03-11,2026-03-26,2026-03-27,1-2%,-1.496,25.02,25.4,tp_gap_filled,102.7822,2571.61,1.519,39.06,1
MU,2026-03-19,2026-03-20,2026-03-30,5-10%,-7.961,424.97,322.9772,stop,6.0725,2580.61,-24.0,-619.35,6
MRNA,2026-03-26,2026-03-27,2026-03-30,1-2%,-1.457,52.76,48.5392,stop,47.9855,2531.71,-8.0,-202.54,1
EBAY,2026-03-26,2026-03-27,2026-03-30,1-2%,-1.396,88.3,89.55,tp_gap_filled,28.6369,2528.64,1.416,35.8,1
TTWO,2026-03-26,2026-03-27,2026-03-30,1-2%,-1.321,190.5,193.05,tp_gap_filled,13.2728,2528.46,1.339,33.85,1
FTNT,2026-03-27,2026-03-30,2026-03-31,1-2%,-1.654,79.69,81.03,tp_gap_filled,31.4366,2505.18,1.682,42.12,1
ECHO,2026-03-26,2026-03-30,2026-03-31,1-2%,-1.503,117.28,119.07,tp_gap_filled,21.3573,2504.78,1.526,38.23,1
CCI,2026-03-24,2026-03-30,2026-03-31,1-2%,-1.328,80.25,81.33,tp_gap_filled,31.1853,2502.62,1.346,33.68,1
C,2026-02-27,2026-03-23,2026-04-01,2-3%,-2.591,113.18,116.19,tp_gap_filled,22.9962,2602.71,2.659,69.22,7
MOS,2026-03-26,2026-03-27,2026-04-01,3-5%,-3.016,25.4,26.19,tp_gap_filled,99.7521,2533.7,3.11,78.8,3
WDC,2026-03-26,2026-03-30,2026-04-01,3-5%,-3.157,286.79,296.14,tp_gap_filled,8.7567,2511.33,3.26,81.88,2
ROK,2026-03-26,2026-03-31,2026-04-01,1-2%,-1.256,356.12,360.65,tp_gap_filled,7.2404,2578.47,1.272,32.8,1
GOOG,2026-03-26,2026-03-31,2026-04-01,1-2%,-1.174,286.19,289.59,tp_gap_filled,9.011,2578.87,1.188,30.64,1
PWR,2026-03-26,2026-03-27,2026-04-02,1-2%,-1.793,563.22,573.5,tp_gap_filled,4.4972,2532.9,1.825,46.23,4
LITE,2026-03-26,2026-04-01,2026-04-02,3-5%,-4.159,744.85,777.17,tp_gap_filled,3.5067,2611.99,4.339,113.34,1
STX,2026-03-25,2026-04-01,2026-04-02,3-5%,-3.483,410.16,424.96,tp_gap_filled,6.3716,2613.38,3.608,94.3,1
RDDT,2026-03-26,2026-03-31,2026-04-06,2-3%,-2.965,135.49,139.63,tp_gap_filled,19.0331,2578.79,3.056,78.8,3
FANG,2026-04-01,2026-04-02,2026-04-07,3-5%,-3.671,190.53,197.79,tp_gap_filled,13.7758,2624.71,3.81,100.01,2
COP,2026-04-01,2026-04-02,2026-04-07,2-3%,-2.917,128.15,132.0,tp_gap_filled,20.4887,2625.63,3.004,78.88,2
LITE,2026-04-02,2026-04-06,2026-04-07,5-10%,-7.332,708.585,764.65,tp_gap_filled,3.7151,2632.48,7.912,208.29,1
INTC,2026-01-23,2026-01-28,2026-04-08,10%+,-13.733,46.86,54.32,tp_gap_filled,56.2891,2637.71,15.92,419.92,48
KLAC,2026-01-30,2026-02-25,2026-04-08,5-10%,-8.59,154.0,168.471,tp_gap_filled,17.8664,2751.43,9.397,258.54,29
SNDK,2026-03-19,2026-03-20,2026-04-08,5-10%,-6.175,707.15,753.69,tp_gap_filled,3.649,2580.36,6.581,169.82,12
HUBB,2026-03-03,2026-03-23,2026-04-08,3-5%,-3.484,498.97,516.98,tp_gap_filled,5.2182,2603.74,3.609,93.98,11
DAL,2026-02-27,2026-03-25,2026-04-08,3-5%,-3.914,67.75,70.51,tp_gap_filled,38.5833,2614.02,4.074,106.49,9
COHR,2026-03-26,2026-04-02,2026-04-08,3-5%,-4.007,261.14,272.04,tp_gap_filled,10.0533,2625.31,4.174,109.58,3
ANET,2026-03-26,2026-04-07,2026-04-08,2-3%,-2.385,131.79,135.01,tp_gap_filled,20.081,2646.47,2.443,64.66,1
DOW,2026-04-06,2026-04-07,2026-04-08,2-3%,-2.295,40.45,36.0005,stop,65.4442,2647.22,-11.0,-291.19,1
WDAY,2026-02-09,2026-02-10,2026-04-09,5-10%,-8.108,149.71,113.7796,stop,18.3197,2742.64,-24.0,-658.23,40
ADSK,2026-01-29,2026-03-05,2026-04-09,3-5%,-3.104,260.0,221.0,stop,10.4587,2719.26,-15.0,-407.89,24
SJM,2026-03-18,2026-03-19,2026-04-09,1-2%,-1.578,101.02,92.9384,stop,25.9832,2624.82,-8.0,-209.99,14
AMZN,2026-02-05,2026-04-08,2026-04-09,3-5%,-3.468,224.91,232.99,tp_gap_filled,12.0464,2709.35,3.593,97.33,1
GLW,2026-04-07,2026-04-08,2026-04-09,2-3%,-2.744,142.48,146.5,tp_gap_filled,19.0095,2708.47,2.821,76.42,1
EME,2026-02-26,2026-04-08,2026-04-09,2-3%,-2.719,780.0,801.8,tp_gap_filled,3.4834,2717.07,2.795,75.94,1
FCX,2026-03-05,2026-04-08,2026-04-09,2-3%,-2.7,64.15,65.93,tp_gap_filled,42.3649,2717.71,2.775,75.41,1
BAC,2026-02-27,2026-04-08,2026-04-09,2-3%,-2.333,51.08,52.3,tp_gap_filled,53.1871,2716.8,2.388,64.89,1
STLD,2026-03-06,2026-04-08,2026-04-09,2-3%,-2.184,185.83,189.98,tp_gap_filled,14.6244,2717.65,2.233,60.69,1
AMD,2026-02-04,2026-02-09,2026-04-10,10%+,-11.197,215.0,242.11,tp_gap_filled,12.7395,2739.0,12.609,345.37,42
MKC,2026-03-31,2026-04-01,2026-04-10,5-10%,-6.422,50.27,53.72,tp_gap_filled,51.9733,2612.7,6.863,179.31,6
TT,2026-03-03,2026-04-08,2026-04-10,2-3%,-2.553,454.27,466.17,tp_gap_filled,5.9844,2718.51,2.62,71.21,2
NUE,2026-02-13,2026-02-17,2026-04-13,3-5%,-4.666,180.0,188.81,tp_gap_filled,15.0324,2705.82,4.894,132.44,38
ALGN,2026-04-09,2026-04-10,2026-04-13,2-3%,-2.047,173.21,176.83,tp_gap_filled,15.7426,2726.78,2.09,56.99,1
GOOGL,2026-02-05,2026-02-06,2026-04-14,5-10%,-6.252,312.22,333.04,tp_gap_filled,8.779,2740.99,6.668,182.78,45
CVNA,2026-02-19,2026-02-20,2026-04-14,5-10%,-5.43,68.38,72.306,tp_gap_filled,40.383,2761.39,5.741,158.54,36
EXPE,2026-03-06,2026-03-09,2026-04-14,3-5%,-3.351,243.11,251.54,tp_gap_filled,11.0802,2693.7,3.468,93.41,25
BLK,2026-03-06,2026-03-25,2026-04-14,3-5%,-4.223,991.29,1035.0,tp_gap_filled,2.6375,2614.54,4.409,115.29,13
WDAY,2026-04-09,2026-04-13,2026-04-14,3-5%,-3.004,115.59,119.17,tp_gap_filled,23.9142,2764.24,3.097,85.61,1
VEEV,2026-04-10,2026-04-13,2026-04-14,2-3%,-2.559,153.06,157.08,tp_gap_filled,18.0734,2766.31,2.626,72.66,1
SYF,2026-01-12,2026-01-13,2026-04-15,5-10%,-8.781,79.26,75.99,time_exit,33.2841,2638.1,-4.126,-108.84,63
COF,2026-01-12,2026-01-13,2026-04-15,5-10%,-7.725,229.95,202.98,time_exit,11.469,2637.3,-11.729,-309.32,63
HOOD,2026-02-11,2026-02-12,2026-04-15,5-10%,-9.025,77.875,85.6,tp_gap_filled,34.4609,2683.64,9.92,266.21,42
CEG,2026-03-31,2026-04-01,2026-04-15,5-10%,-7.89,275.05,298.61,tp_gap_filled,9.4959,2611.86,8.566,223.72,9
BRO,2026-04-09,2026-04-10,2026-04-15,1-2%,-1.609,66.67,67.76,tp_gap_filled,40.8993,2726.76,1.635,44.58,3
BBY,2026-04-13,2026-04-14,2026-04-15,3-5%,-3.72,60.05,62.37,tp_gap_filled,46.1579,2771.78,3.863,107.09,1
GS,2026-04-13,2026-04-14,2026-04-15,3-5%,-3.553,875.55,907.8,tp_gap_filled,3.1679,2773.64,3.683,102.16,1
LUV,2026-04-13,2026-04-14,2026-04-15,2-3%,-2.149,38.71,39.56,tp_gap_filled,71.7135,2776.03,2.196,60.96,1
MGM,2026-04-14,2026-04-15,2026-04-16,2-3%,-2.721,35.75,36.75,tp_gap_filled,77.6552,2776.17,2.797,77.66,1
HPQ,2026-04-14,2026-04-15,2026-04-16,2-3%,-2.392,18.77,19.23,tp_gap_filled,148.1208,2780.23,2.451,68.14,1
FTV,2026-04-14,2026-04-15,2026-04-16,2-3%,-2.148,58.535,59.82,tp_gap_filled,47.5201,2781.59,2.195,61.06,1
XOM,2026-04-14,2026-04-15,2026-04-16,1-2%,-1.684,150.07,152.64,tp_gap_filled,18.5406,2782.38,1.713,47.65,1
CPAY,2026-03-12,2026-04-15,2026-04-16,1-2%,-1.531,325.43,330.49,tp_gap_filled,8.5487,2781.99,1.555,43.26,1
ADSK,2026-04-09,2026-04-15,2026-04-16,1-2%,-1.305,237.51,240.65,tp_gap_filled,11.7102,2781.29,1.322,36.77,1
JNJ,2026-04-14,2026-04-15,2026-04-16,1-2%,-1.24,235.01,237.96,tp_gap_filled,11.8366,2781.71,1.255,34.92,1
CSCO,2026-02-12,2026-03-04,2026-04-17,5-10%,-6.932,79.61,85.54,tp_gap_filled,34.415,2739.78,7.449,204.08,31
WYNN,2026-02-27,2026-04-08,2026-04-17,2-3%,-2.37,107.5,110.11,tp_gap_filled,25.2832,2717.94,2.428,65.99,7
BEN,2026-03-06,2026-04-14,2026-04-17,2-3%,-2.452,26.26,26.92,tp_gap_filled,105.7044,2775.8,2.513,69.76,3
AMT,2026-04-14,2026-04-15,2026-04-17,1-2%,-1.382,178.44,180.94,tp_gap_filled,15.5892,2781.74,1.401,38.97,2
STX,2026-04-15,2026-04-16,2026-04-17,2-3%,-2.364,520.83,533.44,tp_gap_filled,5.3704,2797.07,2.421,67.72,1
APO,2026-02-19,2026-04-16,2026-04-17,2-3%,-2.281,122.5,125.36,tp_gap_filled,22.8428,2798.25,2.335,65.33,1
DELL,2026-04-14,2026-04-16,2026-04-17,2-3%,-2.234,185.55,189.79,tp_gap_filled,15.0767,2797.48,2.285,63.92,1
ALB,2026-02-26,2026-04-16,2026-04-17,2-3%,-2.032,191.89,195.87,tp_gap_filled,14.5904,2799.75,2.074,58.07,1
MU,2026-04-15,2026-04-16,2026-04-17,1-2%,-1.724,457.63,465.66,tp_gap_filled,6.1331,2806.67,1.755,49.25,1
AMAT,2026-04-15,2026-04-16,2026-04-17,1-2%,-1.625,389.21,395.64,tp_gap_filled,7.2111,2806.63,1.652,46.37,1
PEG,2026-04-15,2026-04-16,2026-04-17,1-2%,-1.536,80.79,82.05,tp_gap_filled,34.741,2806.73,1.56,43.77,1
GLW,2026-04-16,2026-04-17,2026-04-20,2-3%,-2.906,163.38,168.27,tp_gap_filled,17.0933,2792.71,2.993,83.59,1
PYPL,2026-04-16,2026-04-17,2026-04-20,2-3%,-2.38,48.39,49.57,tp_gap_filled,57.7185,2793.0,2.439,68.11,1
JBL,2026-04-16,2026-04-17,2026-04-20,1-2%,-1.984,298.9,304.95,tp_gap_filled,9.3519,2795.28,2.024,56.58,1
CFG,2026-04-16,2026-04-17,2026-04-20,1-2%,-1.825,64.0,65.19,tp_gap_filled,43.7428,2799.54,1.859,52.05,1
KLAC,2026-04-15,2026-04-17,2026-04-20,1-2%,-1.665,176.6,179.591,tp_gap_filled,15.8547,2799.93,1.694,47.42,1
COIN,2026-03-18,2026-04-17,2026-04-20,1-2%,-1.646,206.77,210.23,tp_gap_filled,13.5452,2800.74,1.673,46.87,1
UNH,2026-01-27,2026-01-28,2026-04-21,10%+,-16.4,293.97,351.64,tp_gap_filled,8.9727,2637.7,19.618,517.45,57
BIIB,2026-03-31,2026-04-01,2026-04-21,3-5%,-4.324,179.46,187.57,tp_gap_filled,14.5477,2610.73,4.519,117.98,13
TFC,2026-02-27,2026-04-17,2026-04-21,1-2%,-1.573,50.69,51.5,tp_gap_filled,55.25,2800.62,1.598,44.75,2
HAL,2026-04-17,2026-04-20,2026-04-21,5-10%,-5.557,36.03,38.15,tp_gap_filled,77.8798,2806.01,5.884,165.11,1
GE,2026-03-12,2026-04-14,2026-04-22,2-3%,-2.002,318.64,283.5896,stop,8.7236,2779.69,-11.0,-305.77,6
OKE,2026-04-17,2026-04-20,2026-04-22,2-3%,-2.723,82.89,85.21,tp_gap_filled,33.8745,2807.86,2.799,78.59,2
FANG,2026-04-08,2026-04-09,2026-04-23,5-10%,-9.376,177.17,195.5,tp_gap_filled,15.3407,2717.91,10.346,281.2,10
HRL,2026-04-09,2026-04-10,2026-04-23,2-3%,-2.726,21.05,21.64,tp_gap_filled,129.5604,2727.25,2.803,76.44,9
LRCX,2026-04-15,2026-04-17,2026-04-23,1-2%,-1.986,267.0,272.41,tp_gap_filled,10.4687,2795.15,2.026,56.64,4
ABT,2026-01-22,2026-01-23,2026-04-24,10%+,-10.933,107.53,91.13,time_exit,24.7129,2657.38,-15.252,-405.29,63
IP,2026-02-23,2026-02-24,2026-04-24,5-10%,-7.702,43.26,32.8776,stop,63.0458,2727.36,-24.0,-654.57,42
MPC,2026-04-17,2026-04-21,2026-04-27,3-5%,-3.974,217.25,226.24,tp_gap_filled,12.9585,2815.23,4.138,116.5,4
XOM,2026-04-17,2026-04-20,2026-04-28,3-5%,-4.685,144.86,151.98,tp_gap_filled,19.3775,2807.02,4.915,137.97,6
PRU,2026-04-22,2026-04-23,2026-04-28,3-5%,-3.401,93.17,96.45,tp_gap_filled,30.1993,2813.67,3.52,99.05,3
CVS,2026-01-27,2026-02-02,2026-04-29,10%+,-10.111,75.39,83.87,tp_gap_filled,34.9474,2634.69,11.248,296.35,60
DVN,2026-04-08,2026-04-09,2026-04-29,5-10%,-7.367,46.27,49.95,tp_gap_filled,58.8289,2722.01,7.953,216.49,14
VLO,2026-04-08,2026-04-09,2026-04-29,5-10%,-6.557,235.0,251.49,tp_gap_filled,11.5936,2724.49,7.017,191.18,14
IR,2026-03-06,2026-04-14,2026-04-29,2-3%,-2.199,88.52,78.7828,stop,31.3619,2776.16,-11.0,-305.38,11
APH,2026-01-28,2026-01-29,2026-04-30,10%+,-15.188,70.5,73.635,time_exit,37.4448,2639.85,4.447,117.39,63
VST,2026-01-16,2026-01-29,2026-04-30,5-10%,-7.01,167.55,157.84,time_exit,15.78,2643.94,-5.795,-153.22,63
MCK,2026-03-05,2026-03-12,2026-04-30,3-5%,-3.128,948.1,805.885,stop,2.7656,2622.05,-15.0,-393.31,34
TROW,2026-02-04,2026-04-17,2026-04-30,3-5%,-4.685,97.85,102.66,tp_gap_filled,28.5458,2793.21,4.916,137.31,9
EXC,2026-04-17,2026-04-20,2026-04-30,3-5%,-3.215,46.06,47.59,tp_gap_filled,60.9519,2807.44,3.322,93.26,8
AMD,2026-04-28,2026-04-29,2026-04-30,5-10%,-6.805,311.86,334.63,tp_gap_filled,9.0373,2818.37,7.301,205.78,1
STX,2026-04-28,2026-04-29,2026-04-30,5-10%,-5.005,566.04,595.86,tp_gap_filled,4.9882,2823.52,5.268,148.75,1
ROP,2026-01-27,2026-01-30,2026-05-01,5-10%,-9.829,368.5,358.22,time_exit,7.1265,2626.1,-2.79,-73.26,63
DOW,2026-04-08,2026-04-09,2026-05-01,10%+,-11.567,36.62,41.41,tp_gap_filled,74.1694,2716.08,13.08,355.27,16
WDAY,2026-04-23,2026-04-24,2026-05-01,5-10%,-8.863,115.38,126.6,tp_gap_filled,24.3141,2805.36,9.724,272.8,5
ORCL,2026-04-28,2026-04-29,2026-05-01,5-10%,-6.244,162.16,172.96,tp_gap_filled,17.4083,2822.94,6.66,188.01,2
CIEN,2026-04-28,2026-04-30,2026-05-01,3-5%,-4.215,485.0,506.34,tp_gap_filled,5.8837,2853.6,4.4,125.56,1
BG,2026-04-29,2026-04-30,2026-05-01,3-5%,-3.079,122.47,126.36,tp_gap_filled,23.3426,2858.77,3.176,90.8,1
GRMN,2026-04-29,2026-04-30,2026-05-01,2-3%,-2.385,241.9,247.81,tp_gap_filled,11.8273,2861.03,2.443,69.9,1
EIX,2026-04-29,2026-04-30,2026-05-01,2-3%,-2.016,66.57,67.94,tp_gap_filled,43.0106,2863.21,2.058,58.92,1
LVS,2026-01-29,2026-02-02,2026-05-04,5-10%,-9.403,55.5,51.86,time_exit,47.4722,2634.71,-6.559,-172.8,63
CRWD,2026-01-29,2026-04-22,2026-05-04,1-2%,-1.801,115.185,117.2975,tp_gap_filled,24.4716,2818.76,1.834,51.7,8
RDDT,2026-04-28,2026-05-01,2026-05-04,3-5%,-4.488,153.02,160.21,tp_gap_filled,18.5928,2845.07,4.699,133.68,1
FICO,2026-04-30,2026-05-01,2026-05-04,3-5%,-4.175,1000.0,1043.5699,tp_gap_filled,2.8501,2850.07,4.357,124.18,1
VTRS,2026-03-03,2026-04-20,2026-05-05,3-5%,-4.14,15.05,15.7,tp_gap_filled,186.5857,2808.12,4.319,121.28,11
GLW,2026-04-28,2026-04-29,2026-05-05,10%+,-10.071,151.09,168.01,tp_gap_filled,18.6516,2818.07,11.199,315.59,4
WDC,2026-05-01,2026-05-04,2026-05-05,5-10%,-6.513,406.22,434.52,tp_gap_filled,6.9882,2838.73,6.967,197.76,1
SNDK,2026-05-01,2026-05-04,2026-05-05,3-5%,-3.419,1059.02,1096.51,tp_gap_filled,2.6853,2843.78,3.54,100.67,1
IT,2026-02-03,2026-02-04,2026-05-06,10%+,-26.907,147.94,151.05,time_exit,17.856,2641.62,2.102,55.53,63
ELV,2026-01-27,2026-02-17,2026-05-06,5-10%,-6.72,351.6,376.93,tp_gap_filled,7.7048,2709.0,7.204,195.16,55
SMCI,2026-03-20,2026-03-24,2026-05-06,10%+,-26.859,22.52,30.79,tp_gap_filled,115.3505,2597.69,36.723,953.95,30
IP,2026-04-30,2026-05-01,2026-05-06,5-10%,-5.926,31.59,33.58,tp_gap_filled,90.0604,2845.01,6.299,179.22,3
MPWR,2026-05-01,2026-05-04,2026-05-06,3-5%,-3.088,1564.5601,1614.41,tp_gap_filled,1.8244,2854.35,3.186,90.95,2
CRL,2026-04-23,2026-05-05,2026-05-06,3-5%,-3.328,178.65,184.8,tp_gap_filled,16.0587,2868.88,3.442,98.76,1
JBHT,2026-05-04,2026-05-05,2026-05-06,1-2%,-1.749,244.38,248.73,tp_gap_filled,11.7483,2871.04,1.78,51.1,1
CL,2026-05-04,2026-05-05,2026-05-06,1-2%,-1.547,85.91,87.26,tp_gap_filled,33.4121,2870.44,1.571,45.11,1
GEN,2026-04-23,2026-04-28,2026-05-07,3-5%,-3.002,19.39,19.99,tp_gap_filled,145.0129,2811.8,3.094,87.01,7
BF-B,2026-04-29,2026-04-30,2026-05-07,5-10%,-7.97,25.52,27.73,tp_gap_filled,111.7962,2853.04,8.66,247.07,5
APP,2026-04-23,2026-05-04,2026-05-07,2-3%,-2.688,470.71,483.71,tp_gap_filled,6.0646,2854.67,2.762,78.84,3
ON,2026-05-05,2026-05-06,2026-05-07,3-5%,-4.302,97.65,102.04,tp_gap_filled,29.5821,2888.69,4.496,129.87,1
VTRS,2026-05-05,2026-05-06,2026-05-07,2-3%,-2.434,14.83,15.2,tp_gap_filled,194.973,2891.45,2.495,72.14,1
DVA,2026-05-05,2026-05-06,2026-05-07,1-2%,-1.992,151.01,154.08,tp_gap_filled,19.1763,2895.82,2.033,58.87,1
STE,2026-02-05,2026-02-06,2026-05-08,5-10%,-9.112,240.19,207.45,time_exit,11.3196,2718.86,-13.631,-370.6,63
HUM,2026-01-27,2026-04-21,2026-05-08,10%+,-16.557,219.98,263.63,tp_gap_filled,12.8033,2816.46,19.843,558.86,13
ALB,2026-04-17,2026-05-07,2026-05-11,3-5%,-3.738,207.56,215.62,tp_gap_filled,13.8728,2879.44,3.883,111.81,2
AKAM,2026-05-07,2026-05-08,2026-05-11,3-5%,-4.804,116.13,121.99,tp_gap_filled,24.6232,2859.5,5.046,144.29,1
WAT,2026-02-09,2026-02-10,2026-05-12,10%+,-12.851,332.29,352.21,time_exit,8.2564,2743.51,5.995,164.47,63
AIG,2026-01-06,2026-02-11,2026-05-13,5-10%,-5.558,79.69,75.78,time_exit,34.3144,2734.51,-4.907,-134.17,63
FDS,2026-02-03,2026-04-21,2026-05-13,3-5%,-4.124,238.5,202.725,stop,11.8021,2814.8,-15.0,-422.22,16
EXPE,2026-04-23,2026-05-06,2026-05-13,3-5%,-3.061,256.5,218.025,stop,11.2807,2893.5,-15.0,-434.02,5
JCI,2026-05-06,2026-05-07,2026-05-13,3-5%,-4.136,138.83,144.82,tp_gap_filled,20.7395,2879.26,4.315,124.23,4
MRVL,2026-05-11,2026-05-12,2026-05-13,3-5%,-3.797,163.67,170.13,tp_gap_filled,17.547,2871.92,3.947,113.35,1
LRCX,2026-05-12,2026-05-13,2026-05-14,2-3%,-2.983,287.22,296.05,tp_gap_filled,9.9229,2850.06,3.074,87.62,1
ROL,2026-02-12,2026-02-13,2026-05-15,10%+,-15.168,55.65,53.42,time_exit,48.6164,2705.51,-4.007,-108.41,63
BAX,2026-02-12,2026-02-13,2026-05-15,10%+,-12.348,19.52,17.3,time_exit,138.7217,2707.85,-11.373,-307.96,63
INCY,2026-02-10,2026-02-13,2026-05-15,5-10%,-5.531,103.0,95.31,time_exit,26.2971,2708.6,-7.466,-202.22,63
NVR,2026-04-22,2026-04-23,2026-05-15,3-5%,-4.23,6640.2402,5644.2042,stop,0.4237,2813.43,-15.0,-422.01,16
CAH,2026-05-06,2026-05-07,2026-05-15,2-3%,-2.538,192.0,197.0,tp_gap_filled,14.9806,2876.27,2.604,74.9,6
INTC,2026-05-12,2026-05-13,2026-05-15,3-5%,-3.925,124.36,105.706,stop,22.9446,2853.39,-15.0,-428.01,2
ODFL,2026-05-04,2026-05-06,2026-05-18,2-3%,-2.808,200.03,205.81,tp_gap_filled,14.4542,2891.28,2.89,83.55,8
LITE,2026-05-12,2026-05-13,2026-05-18,3-5%,-3.31,1018.23,865.4955,stop,2.7984,2849.38,-15.0,-427.41,3
MRNA,2026-05-14,2026-05-15,2026-05-18,1-2%,-1.825,49.5,50.42,tp_gap_filled,57.3372,2838.19,1.859,52.75,1
GOOGL,2026-05-14,2026-05-15,2026-05-18,1-2%,-1.326,397.28,402.62,tp_gap_filled,7.1427,2837.67,1.344,38.14,1
ACN,2026-05-13,2026-05-15,2026-05-18,1-2%,-1.325,167.52,169.77,tp_gap_filled,16.9388,2837.59,1.343,38.11,1
GOOG,2026-05-14,2026-05-15,2026-05-18,1-2%,-1.316,393.79,399.04,tp_gap_filled,7.207,2838.04,1.333,37.84,1
VMC,2026-02-17,2026-02-18,2026-05-19,5-10%,-9.675,295.95,259.46,time_exit,9.2428,2735.39,-12.33,-337.27,63
CHRW,2026-05-04,2026-05-07,2026-05-20,3-5%,-3.232,171.57,177.3,tp_gap_filled,16.7648,2876.34,3.34,96.06,9
SWKS,2026-05-06,2026-05-11,2026-05-20,5-10%,-6.229,68.04,72.56,tp_gap_filled,42.1039,2864.75,6.643,190.31,7
INTC,2026-05-15,2026-05-18,2026-05-20,5-10%,-5.296,109.79,115.93,tp_gap_filled,25.849,2837.96,5.592,158.71,2
MRVL,2026-05-15,2026-05-18,2026-05-20,3-5%,-4.754,173.9,182.58,tp_gap_filled,16.3147,2837.12,4.991,141.61,2
TAP,2026-02-19,2026-02-20,2026-05-21,5-10%,-6.316,47.61,42.53,time_exit,57.9455,2758.78,-10.67,-294.36,63
SOLV,2026-02-27,2026-03-02,2026-05-21,5-10%,-5.121,73.0,76.94,tp_gap_filled,37.6326,2747.18,5.397,148.27,57
CDNS,2026-05-14,2026-05-15,2026-05-21,1-2%,-1.275,350.03,354.55,tp_gap_filled,8.1078,2837.97,1.291,36.65,4
STX,2026-05-15,2026-05-18,2026-05-21,3-5%,-4.124,771.57,804.76,tp_gap_filled,3.6685,2830.51,4.302,121.76,3
SMCI,2026-05-15,2026-05-20,2026-05-21,3-5%,-4.329,31.6,33.03,tp_gap_filled,89.8184,2838.26,4.525,128.44,1
FIX,2026-05-19,2026-05-20,2026-05-21,3-5%,-3.846,1783.11,1854.4301,tp_gap_filled,1.5936,2841.6,4.0,113.66,1
LRCX,2026-05-19,2026-05-20,2026-05-21,3-5%,-3.601,267.95,277.96,tp_gap_filled,10.6112,2843.27,3.736,106.22,1
FDX,2026-05-04,2026-05-07,2026-05-22,3-5%,-3.599,305.8018,317.22,tp_gap_filled,9.4077,2876.88,3.734,107.42,11
CIEN,2026-05-15,2026-05-20,2026-05-22,3-5%,-3.536,570.65,591.57,tp_gap_filled,4.9915,2848.39,3.666,104.42,2
TGT,2026-05-20,2026-05-21,2026-05-22,5-10%,-5.525,120.21,127.24,tp_gap_filled,23.8322,2864.87,5.848,167.54,1
GDDY,2026-05-20,2026-05-21,2026-05-22,2-3%,-2.067,88.58,90.45,tp_gap_filled,32.3696,2867.3,2.111,60.53,1
CRM,2026-05-20,2026-05-21,2026-05-22,1-2%,-1.884,176.04,179.42,tp_gap_filled,16.2952,2868.61,1.92,55.08,1
SNDK,2026-05-12,2026-05-13,2026-05-26,3-5%,-3.59,1492.0,1547.5601,tp_gap_filled,1.9112,2851.52,3.724,106.19,8
WDC,2026-05-12,2026-05-13,2026-05-26,3-5%,-3.486,497.85,515.83,tp_gap_filled,5.7242,2849.81,3.612,102.92,8
AEP,2026-05-13,2026-05-14,2026-05-26,3-5%,-3.797,126.93,131.94,tp_gap_filled,22.4716,2852.32,3.947,112.58,7
ON,2026-05-15,2026-05-18,2026-05-26,3-5%,-4.182,113.42,118.37,tp_gap_filled,25.0,2835.5,4.364,123.75,5
Q,2026-05-15,2026-05-18,2026-05-26,3-5%,-4.125,157.35,164.12,tp_gap_filled,18.0077,2833.51,4.303,121.91,5
VRT,2026-05-19,2026-05-21,2026-05-26,2-3%,-2.958,329.68,339.73,tp_gap_filled,8.7005,2868.39,3.048,87.44,2
QCOM,2026-05-12,2026-05-22,2026-05-26,3-5%,-3.237,229.84,237.53,tp_gap_filled,12.5416,2882.56,3.346,96.44,1
HLT,2026-04-28,2026-04-30,2026-05-27,2-3%,-2.716,323.42,332.45,tp_gap_filled,8.8458,2860.91,2.792,79.88,18
VEEV,2026-05-20,2026-05-21,2026-05-27,2-3%,-2.027,160.0,163.31,tp_gap_filled,17.9327,2869.23,2.069,59.36,3
TER,2026-04-28,2026-05-26,2026-05-27,3-5%,-3.234,389.0,402.0,tp_gap_filled,7.4023,2879.51,3.342,96.23,1
FLEX,2026-05-15,2026-05-26,2026-05-27,3-5%,-3.001,139.29,143.6,tp_gap_filled,20.6729,2879.53,3.094,89.1,1
ADI,2026-05-19,2026-05-26,2026-05-27,2-3%,-2.25,409.16,418.58,tp_gap_filled,7.0432,2881.79,2.302,66.35,1
TSLA,2026-05-15,2026-05-26,2026-05-27,2-3%,-2.102,433.98,443.3,tp_gap_filled,6.6439,2883.31,2.148,61.92,1
MU,2026-05-14,2026-05-26,2026-05-27,1-2%,-1.992,787.62,803.63,tp_gap_filled,3.6607,2883.26,2.033,58.61,1
FERG,2026-05-15,2026-05-26,2026-05-27,1-2%,-1.935,227.51,232.0,tp_gap_filled,12.708,2891.19,1.974,57.06,1
MSCI,2026-02-03,2026-04-22,2026-05-28,2-3%,-2.185,611.1,624.75,tp_gap_filled,4.6131,2819.04,2.234,62.97,25
WST,2026-05-12,2026-05-21,2026-05-28,3-5%,-3.093,312.33,322.3,tp_gap_filled,9.1816,2867.7,3.192,91.54,4
IQV,2026-05-20,2026-05-21,2026-05-28,1-2%,-1.836,170.0,173.18,tp_gap_filled,16.8747,2868.7,1.871,53.66,4
WDAY,2026-05-20,2026-05-22,2026-05-28,3-5%,-3.502,124.81,129.34,tp_gap_filled,23.0833,2881.02,3.63,104.57,3
SOLV,2026-05-26,2026-05-27,2026-05-28,1-2%,-1.614,75.59,76.83,tp_gap_filled,38.1097,2880.71,1.64,47.26,1
XYZ,2026-05-12,2026-05-27,2026-05-28,1-2%,-1.503,72.07,73.17,tp_gap_filled,39.9742,2880.94,1.526,43.97,1
IT,2026-05-26,2026-05-27,2026-05-28,1-2%,-1.481,157.64,160.01,tp_gap_filled,18.2678,2879.73,1.503,43.29,1
UAL,2026-02-27,2026-05-27,2026-05-29,3-5%,-3.839,111.96,116.43,tp_gap_filled,25.7242,2880.09,3.992,114.99,2
CRH,2026-05-15,2026-05-27,2026-05-29,2-3%,-2.518,104.92,107.63,tp_gap_filled,27.4535,2880.43,2.583,74.4,2
ELV,2026-05-26,2026-05-27,2026-05-29,1-2%,-1.464,388.91,394.69,tp_gap_filled,7.4068,2880.58,1.486,42.81,2
CRWD,2026-05-27,2026-05-28,2026-05-29,3-5%,-4.548,160.2525,167.8875,tp_gap_filled,18.0629,2894.62,4.764,137.91,1
PANW,2026-05-27,2026-05-28,2026-05-29,3-5%,-4.335,245.62,256.75,tp_gap_filled,11.796,2897.33,4.531,131.29,1
FTNT,2026-05-27,2026-05-28,2026-05-29,3-5%,-3.292,129.55,133.96,tp_gap_filled,22.3867,2900.19,3.404,98.73,1
VEEV,2026-05-27,2026-05-28,2026-05-29,2-3%,-2.157,155.12,158.54,tp_gap_filled,18.6969,2900.26,2.205,63.94,1
BBY,2026-04-21,2026-05-28,2026-05-29,1-2%,-1.688,65.81,66.94,tp_gap_filled,44.1212,2903.62,1.717,49.86,1
CME,2026-03-10,2026-03-12,2026-06-01,3-5%,-3.081,309.26,262.871,stop,8.4621,2617.0,-15.0,-392.55,55
REGN,2026-04-29,2026-04-30,2026-06-01,3-5%,-3.643,705.11,599.3435,stop,4.0541,2858.61,-15.0,-428.79,21
ANET,2026-05-06,2026-05-22,2026-06-01,10%+,-10.116,153.0,170.22,tp_gap_filled,18.8168,2878.97,11.255,324.03,5
VLO,2026-05-26,2026-05-27,2026-06-01,1-2%,-1.498,243.26,246.96,tp_gap_filled,11.8409,2880.42,1.521,43.81,3
EOG,2026-05-27,2026-05-28,2026-06-01,1-2%,-1.674,133.92,136.2,tp_gap_filled,21.7406,2911.5,1.703,49.57,2
DHI,2026-05-28,2026-05-29,2026-06-01,2-3%,-2.3,144.41,147.81,tp_gap_filled,20.0241,2891.68,2.354,68.08,1
HOOD,2026-04-23,2026-05-29,2026-06-01,1-2%,-1.962,86.695,88.43,tp_gap_filled,33.367,2892.75,2.001,57.89,1
PLTR,2026-04-23,2026-05-29,2026-06-01,1-2%,-1.913,149.7,152.62,tp_gap_filled,19.3575,2897.82,1.951,56.52,1
ADBE,2026-05-20,2026-05-29,2026-06-01,1-2%,-1.847,250.28,254.99,tp_gap_filled,11.5889,2900.47,1.882,54.58,1
CARR,2026-05-28,2026-05-29,2026-06-01,1-2%,-1.55,63.51,64.51,tp_gap_filled,45.7021,2902.54,1.575,45.7,1
ADP,2026-05-26,2026-05-29,2026-06-01,1-2%,-1.54,221.84,225.31,tp_gap_filled,13.0854,2902.87,1.564,45.41,1
FCX,2026-04-23,2026-04-24,2026-06-02,10%+,-11.498,62.27,70.36,tp_gap_filled,45.0692,2806.46,12.992,364.61,26
COHR,2026-05-15,2026-05-18,2026-06-02,5-10%,-5.487,382.72,404.94,tp_gap_filled,7.423,2840.91,5.806,164.94,10
XOM,2026-05-27,2026-05-28,2026-06-02,1-2%,-1.722,147.23,149.81,tp_gap_filled,19.7224,2903.72,1.752,50.88,3
ADSK,2026-05-29,2026-06-01,2026-06-02,5-10%,-6.387,225.56,240.95,tp_gap_filled,12.8526,2899.03,6.823,197.8,1
CFG,2026-05-29,2026-06-01,2026-06-02,2-3%,-2.211,61.03,62.41,tp_gap_filled,47.5969,2904.84,2.261,65.68,1
DLTR,2026-05-29,2026-06-01,2026-06-02,1-2%,-1.761,111.01,113.0,tp_gap_filled,26.1652,2904.6,1.793,52.07,1
OMC,2026-05-28,2026-06-01,2026-06-02,1-2%,-1.389,73.81,74.85,tp_gap_filled,39.3548,2904.78,1.409,40.93,1
PAYX,2026-03-09,2026-06-01,2026-06-02,1-2%,-1.319,99.52,100.85,tp_gap_filled,29.205,2906.48,1.336,38.84,1
BG,2026-05-06,2026-06-01,2026-06-02,1-2%,-1.097,128.95,130.38,tp_gap_filled,22.5473,2907.47,1.109,32.24,1
FTV,2026-05-29,2026-06-01,2026-06-02,1-2%,-1.048,58.55,59.17,tp_gap_filled,49.6658,2907.93,1.059,30.79,1
TMO,2026-05-29,2026-06-01,2026-06-02,1-2%,-1.036,482.17,487.22,tp_gap_filled,6.0313,2908.11,1.047,30.46,1
NEM,2026-03-03,2026-03-04,2026-06-03,5-10%,-6.494,120.37,107.47,time_exit,22.7685,2740.65,-10.717,-293.71,63
AZO,2026-03-03,2026-03-04,2026-06-03,5-10%,-5.988,3650.0,3061.6499,time_exit,0.7507,2740.19,-16.119,-441.7,63
ETN,2026-05-05,2026-05-06,2026-06-03,5-10%,-5.84,397.77,422.44,tp_gap_filled,7.2536,2885.27,6.202,178.95,19
CAT,2026-05-15,2026-05-26,2026-06-03,2-3%,-2.333,898.75,920.22,tp_gap_filled,3.2057,2881.17,2.389,68.83,6
OKE,2026-05-29,2026-06-01,2026-06-03,1-2%,-1.172,86.0,87.02,tp_gap_filled,33.8161,2908.18,1.186,34.49,2
QCOM,2026-06-01,2026-06-02,2026-06-03,5-10%,-7.047,233.33,251.02,tp_gap_filled,12.5304,2923.71,7.582,221.66,1
CIEN,2026-06-01,2026-06-02,2026-06-03,3-5%,-3.569,559.52,580.23,tp_gap_filled,5.2275,2924.87,3.701,108.26,1
LITE,2026-06-01,2026-06-02,2026-06-03,3-5%,-3.475,825.25,854.96,tp_gap_filled,3.5528,2931.92,3.6,105.55,1
FIX,2026-06-01,2026-06-02,2026-06-03,3-5%,-3.416,1765.75,1828.21,tp_gap_filled,1.6686,2946.41,3.537,104.22,1
AMD,2026-06-01,2026-06-02,2026-06-03,3-5%,-3.089,500.16,516.1,tp_gap_filled,5.8988,2950.33,3.187,94.03,1
MRVL,2026-06-01,2026-06-02,2026-06-03,2-3%,-2.971,198.91,205.0,tp_gap_filled,14.8452,2952.85,3.062,90.41,1
LRCX,2026-06-01,2026-06-02,2026-06-03,2-3%,-2.8,309.27,318.18,tp_gap_filled,9.6316,2978.75,2.881,85.82,1
BAX,2026-05-28,2026-05-29,2026-06-04,2-3%,-2.949,18.76,19.33,tp_gap_filled,154.1372,2891.61,3.038,87.86,4
CSGP,2026-06-02,2026-06-03,2026-06-04,2-3%,-2.304,33.08,33.86,tp_gap_filled,88.5488,2929.19,2.358,69.07,1
CRWD,2026-06-02,2026-06-03,2026-06-04,2-3%,-2.214,191.2125,170.1791,stop,15.322,2929.76,-11.0,-322.27,1
RVTY,2026-06-02,2026-06-03,2026-06-04,2-3%,-2.069,98.44,100.52,tp_gap_filled,29.7331,2926.92,2.113,61.84,1
CDNS,2026-06-02,2026-06-03,2026-06-04,1-2%,-1.975,405.98,414.16,tp_gap_filled,7.2134,2928.49,2.015,59.01,1
FTNT,2026-06-02,2026-06-03,2026-06-04,1-2%,-1.903,144.34,147.14,tp_gap_filled,20.2872,2928.26,1.94,56.8,1
ADP,2026-06-02,2026-06-03,2026-06-04,1-2%,-1.814,229.5,233.74,tp_gap_filled,12.7631,2929.13,1.847,54.12,1
ES,2026-03-05,2026-03-06,2026-06-05,2-3%,-2.031,73.79,70.6,time_exit,36.0804,2662.37,-4.323,-115.1,63
FITB,2026-02-27,2026-04-17,2026-06-05,2-3%,-2.02,50.92,51.97,tp_gap_filled,54.9055,2795.79,2.062,57.65,34
PNW,2026-05-04,2026-05-05,2026-06-05,1-2%,-1.661,101.82,103.54,tp_gap_filled,28.1942,2870.73,1.689,48.49,22
TSLA,2026-06-01,2026-06-03,2026-06-05,1-2%,-1.905,427.49,393.2908,stop,6.8511,2928.78,-8.0,-234.3,2
ARES,2026-06-03,2026-06-04,2026-06-05,5-10%,-5.597,121.1,128.28,tp_gap_filled,24.3169,2944.77,5.929,174.6,1
BX,2026-06-03,2026-06-04,2026-06-05,3-5%,-4.282,109.99,114.91,tp_gap_filled,26.8066,2948.46,4.473,131.89,1
APO,2026-06-03,2026-06-04,2026-06-08,3-5%,-3.697,124.0,128.76,tp_gap_filled,23.8149,2953.05,3.839,113.36,2
MRVL,2026-06-04,2026-06-05,2026-06-08,5-10%,-6.199,282.95,301.65,tp_gap_filled,10.2876,2910.89,6.609,192.38,1
IFF,2026-06-01,2026-06-02,2026-06-09,2-3%,-2.748,73.96,76.05,tp_gap_filled,40.3407,2983.6,2.826,84.31,5
IBM,2026-06-02,2026-06-03,2026-06-09,2-3%,-2.082,313.75,279.2375,stop,9.3337,2928.44,-11.0,-322.13,4
HPE,2026-06-03,2026-06-04,2026-06-09,3-5%,-3.508,54.18,46.053,stop,54.5432,2955.15,-15.0,-443.27,3
CVNA,2026-06-02,2026-06-05,2026-06-09,3-5%,-4.493,67.81,71.0,tp_gap_filled,42.8097,2902.93,4.704,136.56,2
LRCX,2026-06-04,2026-06-08,2026-06-09,3-5%,-4.062,329.75,343.71,tp_gap_filled,8.8102,2905.16,4.234,122.99,1
CDW,2026-04-23,2026-06-01,2026-06-10,1-2%,-1.039,140.96,129.6832,stop,20.6307,2908.1,-8.0,-232.65,7
ALL,2026-06-08,2026-06-09,2026-06-10,1-2%,-1.842,216.94,221.01,tp_gap_filled,13.3645,2899.3,1.876,54.39,1
LUV,2026-05-28,2026-05-29,2026-06-11,1-2%,-1.511,43.02,43.68,tp_gap_filled,67.4773,2902.87,1.534,44.53,9
INTC,2026-06-01,2026-06-03,2026-06-11,3-5%,-4.578,109.43,114.68,tp_gap_filled,26.7824,2930.8,4.798,140.61,6
GEN,2026-06-02,2026-06-03,2026-06-11,2-3%,-2.774,26.99,24.0211,stop,108.6002,2931.12,-11.0,-322.42,6
SNDK,2026-06-04,2026-06-09,2026-06-11,3-5%,-4.924,1741.3101,1831.5,tp_gap_filled,1.6702,2908.3,5.179,150.63,2
TPR,2026-05-07,2026-05-08,2026-06-12,5-10%,-9.051,135.36,148.83,tp_gap_filled,21.131,2860.29,9.951,284.63,24
UAL,2026-06-01,2026-06-02,2026-06-12,2-3%,-2.962,111.4,114.8,tp_gap_filled,26.7517,2980.13,3.052,90.96,8
STX,2026-06-04,2026-06-05,2026-06-12,5-10%,-5.224,891.55,940.69,tp_gap_filled,3.2605,2906.88,5.512,160.22,5
HOOD,2026-06-01,2026-06-10,2026-06-12,3-5%,-4.624,89.94,94.3,tp_gap_filled,31.8569,2865.21,4.848,138.9,2
ODFL,2026-06-10,2026-06-11,2026-06-12,5-10%,-7.193,230.84,248.73,tp_gap_filled,12.5757,2902.98,7.75,224.98,1
JBHT,2026-06-10,2026-06-11,2026-06-12,3-5%,-3.6,276.85,287.19,tp_gap_filled,10.5065,2908.73,3.735,108.64,1
NCLH,2026-06-10,2026-06-11,2026-06-12,2-3%,-2.627,18.53,19.03,tp_gap_filled,157.1135,2911.31,2.698,78.56,1
ORLY,2026-05-26,2026-05-27,2026-06-15,2-3%,-2.213,89.71,91.74,tp_gap_filled,32.1163,2881.16,2.263,65.2,13
PAYX,2026-06-02,2026-06-03,2026-06-15,2-3%,-2.46,99.92,102.44,tp_gap_filled,29.324,2930.06,2.522,73.9,8
MCHP,2026-06-05,2026-06-09,2026-06-15,2-3%,-2.835,93.57,96.3,tp_gap_filled,31.0164,2902.21,2.918,84.67,4
MU,2026-06-04,2026-06-12,2026-06-15,5-10%,-6.713,1007.1,1079.5699,tp_gap_filled,2.9194,2940.17,7.196,211.57,1
AMD,2026-06-04,2026-06-12,2026-06-15,5-10%,-5.119,514.75,542.52,tp_gap_filled,5.7091,2938.74,5.395,158.54,1
WDC,2026-06-04,2026-06-12,2026-06-15,3-5%,-4.73,566.01,594.11,tp_gap_filled,5.1914,2938.38,4.965,145.88,1
TER,2026-06-04,2026-06-12,2026-06-15,3-5%,-3.232,396.43,409.67,tp_gap_filled,7.4113,2938.06,3.34,98.13,1
Q,2026-06-04,2026-06-12,2026-06-15,2-3%,-2.303,151.43,155.0,tp_gap_filled,19.4057,2938.6,2.358,69.28,1
ITW,2026-04-30,2026-05-01,2026-06-16,5-10%,-5.898,250.0,265.67,tp_gap_filled,11.3813,2845.31,6.268,178.34,31
DELL,2026-06-04,2026-06-05,2026-06-16,3-5%,-4.562,401.87,421.08,tp_gap_filled,7.2262,2904.01,4.78,138.82,7
TT,2026-05-15,2026-06-10,2026-06-16,1-2%,-1.601,473.96,481.67,tp_gap_filled,6.0404,2862.93,1.627,46.57,4
AKAM,2026-06-10,2026-06-12,2026-06-16,2-3%,-2.366,134.55,137.81,tp_gap_filled,21.8436,2939.06,2.423,71.21,2
MRVL,2026-06-12,2026-06-15,2026-06-16,3-5%,-3.79,270.07,280.71,tp_gap_filled,10.9435,2955.5,3.94,116.44,1
NEM,2026-06-05,2026-06-15,2026-06-16,3-5%,-3.175,104.89,108.33,tp_gap_filled,28.2659,2964.81,3.28,97.23,1
APP,2026-06-10,2026-06-15,2026-06-16,2-3%,-2.851,505.99,520.84,tp_gap_filled,5.8617,2965.96,2.935,87.05,1
ADI,2026-06-04,2026-06-15,2026-06-16,2-3%,-2.26,427.78,437.67,tp_gap_filled,6.9375,2967.7,2.312,68.61,1
RDDT,2026-06-10,2026-06-15,2026-06-16,2-3%,-2.055,174.45,178.11,tp_gap_filled,17.0116,2967.68,2.098,62.26,1
WFC,2026-04-14,2026-04-21,2026-06-17,3-5%,-4.178,83.02,86.64,tp_gap_filled,33.9171,2815.79,4.36,122.78,40
PH,2026-04-30,2026-05-01,2026-06-17,5-10%,-5.435,896.0,947.5,tp_gap_filled,3.1763,2845.94,5.748,163.58,32
TTWO,2026-06-02,2026-06-16,2026-06-17,2-3%,-2.079,222.26,226.98,tp_gap_filled,13.2916,2954.18,2.124,62.74,1
BMY,2026-04-02,2026-04-17,2026-06-18,2-3%,-2.43,60.23,53.6047,stop,46.3731,2793.05,-11.0,-307.24,43
GNRC,2026-06-04,2026-06-09,2026-06-18,3-5%,-3.67,274.84,285.31,tp_gap_filled,10.5703,2905.14,3.809,110.67,7
FLEX,2026-06-12,2026-06-15,2026-06-18,1-2%,-1.526,149.67,151.99,tp_gap_filled,19.845,2970.21,1.55,46.04,3
MRVL,2026-06-16,2026-06-17,2026-06-18,3-5%,-3.157,299.13,308.88,tp_gap_filled,9.7778,2924.84,3.259,95.33,1
VRT,2026-06-04,2026-06-17,2026-06-18,3-5%,-3.121,321.095,331.44,tp_gap_filled,9.1031,2922.96,3.222,94.17,1
MAR,2026-06-16,2026-06-17,2026-06-18,2-3%,-2.279,391.5,400.63,tp_gap_filled,7.4644,2922.32,2.332,68.15,1
WDAY,2026-06-02,2026-06-04,2026-06-22,5-10%,-5.489,148.6,112.936,stop,19.8475,2949.35,-24.0,-707.84,11
GLW,2026-06-04,2026-06-08,2026-06-22,3-5%,-3.985,192.76,200.76,tp_gap_filled,15.0665,2904.23,4.15,120.53,9
ANET,2026-06-04,2026-06-12,2026-06-22,5-10%,-6.475,163.08,174.37,tp_gap_filled,18.0199,2938.68,6.923,203.44,5
NXPI,2026-06-05,2026-06-15,2026-06-22,3-5%,-3.013,312.51,322.22,tp_gap_filled,9.4887,2965.32,3.107,92.14,4
KMI,2026-06-15,2026-06-16,2026-06-22,2-3%,-2.63,31.1,31.94,tp_gap_filled,94.9652,2953.42,2.701,79.77,3
NWSA,2026-06-17,2026-06-18,2026-06-22,1-2%,-1.735,25.48,25.93,tp_gap_filled,115.2204,2935.81,1.766,51.85,1
SWKS,2026-06-04,2026-06-22,2026-06-23,1-2%,-1.922,79.11,72.7812,stop,37.0047,2927.44,-8.0,-234.2,1
DHR,2026-06-18,2026-06-22,2026-06-23,1-2%,-1.243,175.55,177.76,tp_gap_filled,16.653,2923.44,1.259,36.8,1
GEV,2026-04-27,2026-06-22,2026-06-23,1-2%,-1.214,1135.235,1044.4162,stop,2.576,2924.32,-8.0,-233.95,1
GEHC,2026-06-18,2026-06-22,2026-06-23,1-2%,-1.194,60.42,61.15,tp_gap_filled,48.3933,2923.93,1.208,35.33,1
LYB,2026-04-08,2026-04-09,2026-06-24,5-10%,-9.494,72.64,55.2064,stop,37.42,2718.19,-24.0,-652.37,52
DOW,2026-05-06,2026-05-11,2026-06-24,5-10%,-6.691,38.07,28.9332,stop,75.2223,2863.71,-24.0,-687.29,30
MO,2026-06-15,2026-06-16,2026-06-24,2-3%,-2.585,70.08,71.94,tp_gap_filled,42.1527,2954.06,2.654,78.4,5
RMD,2026-06-17,2026-06-18,2026-06-24,2-3%,-2.032,190.0,193.94,tp_gap_filled,15.4542,2936.31,2.074,60.89,3
COO,2026-06-17,2026-06-18,2026-06-24,1-2%,-1.737,66.18,67.35,tp_gap_filled,44.3647,2936.05,1.768,51.91,3
CRH,2026-06-22,2026-06-23,2026-06-24,3-5%,-3.254,107.62,111.24,tp_gap_filled,27.0366,2909.68,3.364,97.87,1
CNP,2026-06-22,2026-06-23,2026-06-24,2-3%,-2.849,41.6,42.82,tp_gap_filled,69.9788,2911.12,2.933,85.37,1
APP,2026-06-22,2026-06-23,2026-06-24,2-3%,-2.634,457.34,469.71,tp_gap_filled,6.3711,2913.78,2.705,78.81,1
HUBB,2026-04-30,2026-05-01,2026-06-25,5-10%,-5.849,514.0,545.93,tp_gap_filled,5.5381,2846.56,6.212,176.83,37
ZBH,2026-04-28,2026-06-04,2026-06-25,5-10%,-5.389,87.6,92.59,tp_gap_filled,33.6652,2949.07,5.696,167.99,14
MPWR,2026-06-04,2026-06-15,2026-06-25,3-5%,-3.542,1630.04,1385.534,stop,1.8184,2964.0,-15.0,-444.6,7
TRGP,2026-06-15,2026-06-16,2026-06-25,3-5%,-3.434,263.24,272.6,tp_gap_filled,11.2225,2954.22,3.556,105.04,6
ROP,2026-06-17,2026-06-18,2026-06-25,1-2%,-1.574,332.02,337.33,tp_gap_filled,8.8409,2935.35,1.599,46.95,4
WMB,2026-05-27,2026-06-22,2026-06-25,1-2%,-1.127,75.48,76.34,tp_gap_filled,38.7406,2924.14,1.139,33.32,3
SNDK,2026-06-23,2026-06-24,2026-06-25,10%+,-11.7,2007.7,2273.73,tp_gap_filled,1.451,2913.18,13.25,386.01,1
MU,2026-06-23,2026-06-24,2026-06-25,10%+,-10.845,1080.0,1211.38,tp_gap_filled,2.6949,2910.48,12.165,354.05,1
TER,2026-06-23,2026-06-24,2026-06-25,10%+,-10.247,410.17,457.0,tp_gap_filled,7.0916,2908.78,11.417,332.1,1
STX,2026-06-23,2026-06-24,2026-06-25,10%+,-10.034,984.26,1094.04,tp_gap_filled,2.9578,2911.2,11.154,324.7,1
AMAT,2026-06-23,2026-06-24,2026-06-25,5-10%,-9.099,581.93,640.18,tp_gap_filled,5.0097,2915.3,10.01,291.82,1
PANW,2026-06-02,2026-06-03,2026-06-26,3-5%,-4.333,287.46,300.48,tp_gap_filled,10.2016,2932.55,4.529,132.83,16
ON,2026-06-04,2026-06-16,2026-06-26,3-5%,-4.95,127.3,108.205,stop,23.2257,2956.63,-15.0,-443.5,7
VRSK,2026-06-15,2026-06-16,2026-06-26,2-3%,-2.318,179.54,183.8,tp_gap_filled,16.454,2954.16,2.373,70.09,7
CVNA,2026-06-17,2026-06-22,2026-06-26,1-2%,-1.728,68.83,63.3236,stop,42.5,2925.28,-8.0,-234.02,4
ESS,2026-06-24,2026-06-25,2026-06-26,1-2%,-1.536,275.01,279.3,tp_gap_filled,10.7449,2954.95,1.56,46.1,1
VLO,2026-06-12,2026-06-25,2026-06-26,1-2%,-1.495,251.78,255.6,tp_gap_filled,11.7453,2957.22,1.517,44.87,1
CRWD,2026-06-04,2026-06-05,2026-06-29,5-10%,-9.837,168.5175,186.9025,tp_gap_filled,17.2751,2911.15,10.91,317.6,15
GEN,2026-06-17,2026-06-18,2026-06-29,1-2%,-1.872,24.11,24.57,tp_gap_filled,121.7704,2935.88,1.908,56.01,6
LRCX,2026-06-23,2026-06-24,2026-06-29,5-10%,-9.726,369.71,409.54,tp_gap_filled,7.8757,2911.73,10.773,313.69,3
KLAC,2026-06-23,2026-06-25,2026-06-29,5-10%,-7.839,248.06,269.16,tp_gap_filled,11.9289,2959.09,8.506,251.7,2
MPC,2026-06-15,2026-06-26,2026-06-29,3-5%,-3.729,253.75,263.58,tp_gap_filled,11.5436,2929.19,3.874,113.47,1
DLTR,2026-06-25,2026-06-26,2026-06-29,3-5%,-3.226,115.5,119.35,tp_gap_filled,25.3559,2928.61,3.333,97.62,1
DVA,2026-06-25,2026-06-26,2026-06-29,2-3%,-2.366,208.0,213.04,tp_gap_filled,14.1002,2932.85,2.423,71.07,1
WDAY,2026-06-25,2026-06-26,2026-06-29,1-2%,-1.965,115.77,118.09,tp_gap_filled,25.3552,2935.38,2.004,58.82,1
KR,2026-05-21,2026-05-22,2026-06-30,3-5%,-4.95,65.28,55.488,stop,44.1078,2879.36,-15.0,-431.9,25
LITE,2026-06-26,2026-06-29,2026-06-30,3-5%,-4.573,822.55,861.97,tp_gap_filled,3.5892,2952.29,4.792,141.49,1
TER,2026-06-26,2026-06-29,2026-06-30,3-5%,-3.86,453.74,471.96,tp_gap_filled,6.5112,2954.37,4.016,118.63,1
AMAT,2026-06-26,2026-06-29,2026-06-30,3-5%,-3.778,642.76,668.0,tp_gap_filled,4.5983,2955.6,3.927,116.06,1
GEV,2026-06-26,2026-06-29,2026-06-30,3-5%,-3.334,1049.275,1085.47,tp_gap_filled,2.8203,2959.27,3.45,102.08,1
ANET,2026-06-26,2026-06-29,2026-06-30,3-5%,-3.33,159.94,165.45,tp_gap_filled,18.5212,2962.28,3.445,102.05,1
MA,2026-04-30,2026-05-01,2026-07-01,3-5%,-3.947,504.5,525.23,tp_gap_filled,5.6533,2852.1,4.109,117.19,41
CEG,2026-06-01,2026-06-02,2026-07-01,3-5%,-4.431,275.0,233.75,stop,10.6385,2925.59,-15.0,-438.84,20
ALGN,2026-06-22,2026-06-26,2026-07-01,1-2%,-1.966,178.5,182.08,tp_gap_filled,16.4448,2935.4,2.006,58.87,3
DELL,2026-06-25,2026-06-29,2026-07-01,3-5%,-4.497,414.54,434.06,tp_gap_filled,7.1268,2954.36,4.709,139.12,2
MTD,2026-05-08,2026-06-04,2026-07-02,5-10%,-9.569,1193.05,1319.29,tp_gap_filled,2.4688,2945.39,10.581,311.66,19
COHR,2026-06-26,2026-06-30,2026-07-02,3-5%,-3.548,392.8,333.88,stop,7.5811,2977.87,-15.0,-446.68,2
TTD,2026-06-30,2026-07-01,2026-07-02,3-5%,-3.458,18.005,18.65,tp_gap_filled,164.0217,2953.21,3.582,105.79,1
FTNT,2026-06-30,2026-07-01,2026-07-02,2-3%,-2.818,151.04,155.42,tp_gap_filled,19.5774,2956.97,2.9,85.75,1
PFG,2026-06-24,2026-06-30,2026-07-06,3-5%,-3.186,108.78,112.36,tp_gap_filled,27.3775,2978.12,3.291,98.01,3
SCHW,2026-04-16,2026-07-01,2026-07-06,3-5%,-4.498,95.76,100.27,tp_gap_filled,30.8396,2953.2,4.71,139.09,2
ANET,2026-07-01,2026-07-02,2026-07-06,2-3%,-2.546,165.555,169.88,tp_gap_filled,17.6584,2923.43,2.612,76.37,1
EFX,2026-06-17,2026-07-02,2026-07-06,1-2%,-1.867,164.01,167.13,tp_gap_filled,17.8127,2921.47,1.902,55.58,1
WTW,2026-04-30,2026-05-01,2026-07-07,10%+,-10.52,259.59,290.11,tp_gap_filled,10.9624,2845.72,11.757,334.57,44
OKE,2026-06-15,2026-06-23,2026-07-07,3-5%,-3.499,87.42,90.59,tp_gap_filled,33.279,2909.25,3.626,105.49,9
PSX,2026-06-15,2026-06-26,2026-07-07,3-5%,-3.266,173.59,179.45,tp_gap_filled,16.8746,2929.26,3.376,98.89,6
Q,2026-06-26,2026-06-29,2026-07-07,3-5%,-3.738,161.23,137.0455,stop,18.3612,2960.38,-15.0,-444.06,5
SNDK,2026-06-26,2026-06-30,2026-07-07,5-10%,-7.067,2169.9951,1649.1963,stop,1.3707,2974.48,-24.0,-713.88,4
GNRC,2026-06-26,2026-06-30,2026-07-07,3-5%,-3.114,285.97,243.0745,stop,10.4122,2977.58,-15.0,-446.64,4
RDDT,2026-07-02,2026-07-06,2026-07-07,1-2%,-1.896,194.01,197.76,tp_gap_filled,15.228,2954.39,1.933,57.11,1
AES,2026-03-02,2026-04-07,2026-07-08,10%+,-16.956,14.35,14.64,time_exit,184.4027,2646.18,2.021,53.48,63
EOG,2026-06-15,2026-06-16,2026-07-08,3-5%,-4.164,130.96,136.65,tp_gap_filled,22.5544,2953.73,4.345,128.33,14
DELL,2026-07-01,2026-07-02,2026-07-08,3-5%,-3.12,418.0,431.46,tp_gap_filled,7.0018,2926.75,3.22,94.24,3
CRWD,2026-07-06,2026-07-07,2026-07-08,2-3%,-2.304,189.51,193.98,tp_gap_filled,15.4724,2932.18,2.359,69.16,1
WAT,2026-07-06,2026-07-07,2026-07-09,2-3%,-2.492,369.84,379.29,tp_gap_filled,7.9262,2931.42,2.555,74.9,2
SNDK,2026-07-07,2026-07-08,2026-07-09,5-10%,-7.174,1619.28,1744.4301,tp_gap_filled,1.8137,2936.88,7.729,226.98,1
Q,2026-07-07,2026-07-08,2026-07-09,3-5%,-4.438,140.17,146.68,tp_gap_filled,20.9802,2940.79,4.644,136.58,1
CF,2026-04-08,2026-04-09,2026-07-10,10%+,-14.696,114.12,116.92,time_exit,23.7528,2710.66,2.454,66.51,63
APA,2026-04-08,2026-04-09,2026-07-10,10%+,-13.92,36.98,33.44,time_exit,73.3684,2713.16,-9.573,-259.72,63
OXY,2026-04-08,2026-04-09,2026-07-10,5-10%,-9.167,57.17,52.89,time_exit,47.5899,2720.72,-7.486,-203.68,63
COP,2026-04-08,2026-04-09,2026-07-10,5-10%,-7.293,122.16,109.04,time_exit,22.2978,2723.91,-10.74,-292.55,63
META,2026-04-30,2026-05-06,2026-07-10,5-10%,-7.443,619.32,669.12,tp_gap_filled,4.6597,2885.87,8.041,232.05,44
FERG,2026-07-07,2026-07-08,2026-07-10,3-5%,-3.298,221.37,228.92,tp_gap_filled,13.2883,2941.63,3.411,100.33,2
CRH,2026-07-08,2026-07-09,2026-07-10,3-5%,-3.116,102.9,106.21,tp_gap_filled,28.9243,2976.31,3.217,95.74,1
BKR,2026-06-24,2026-06-25,2026-07-13,2-3%,-2.556,57.18,58.68,tp_gap_filled,51.693,2955.81,2.623,77.54,11
STZ,2026-07-06,2026-07-07,2026-07-13,2-3%,-2.197,134.45,137.47,tp_gap_filled,21.8205,2933.76,2.246,65.9,4
V,2026-07-07,2026-07-08,2026-07-13,2-3%,-2.48,348.39,357.25,tp_gap_filled,8.4436,2941.65,2.543,74.81,3
PSKY,2026-07-09,2026-07-10,2026-07-13,5-10%,-5.128,9.25,9.75,tp_gap_filled,322.5995,2984.04,5.405,161.3,1
WDAY,2026-07-09,2026-07-10,2026-07-13,3-5%,-4.7,131.4,137.88,tp_gap_filled,22.7175,2985.08,4.932,147.21,1
GDDY,2026-07-09,2026-07-10,2026-07-13,2-3%,-2.578,84.65,86.89,tp_gap_filled,35.3058,2988.63,2.646,79.08,1
TTD,2026-07-09,2026-07-10,2026-07-13,2-3%,-2.454,18.602,19.07,tp_gap_filled,160.8241,2991.65,2.516,75.27,1
CLX,2026-07-08,2026-07-10,2026-07-13,2-3%,-2.258,95.21,97.41,tp_gap_filled,31.4529,2994.63,2.311,69.2,1
PANW,2026-07-06,2026-07-07,2026-07-14,2-3%,-2.614,338.96,348.06,tp_gap_filled,8.65,2931.99,2.685,78.71,5
Q,2026-07-10,2026-07-13,2026-07-14,1-2%,-1.582,141.19,143.46,tp_gap_filled,20.9859,2963.0,1.608,47.64,1
GIS,2026-07-10,2026-07-13,2026-07-14,1-2%,-1.506,35.31,35.85,tp_gap_filled,83.9114,2962.91,1.529,45.31,1
EOG,2026-07-09,2026-07-13,2026-07-14,1-2%,-1.127,136.04,137.59,tp_gap_filled,21.7713,2961.77,1.139,33.75,1
PYPL,2026-05-05,2026-05-06,2026-07-15,5-10%,-9.962,45.37,50.39,tp_gap_filled,63.5822,2884.72,11.065,319.18,47
MRVL,2026-06-23,2026-06-24,2026-07-15,5-10%,-9.433,278.82,211.9032,stop,10.4459,2912.53,-24.0,-699.01,14
WDC,2026-06-23,2026-06-25,2026-07-15,5-10%,-9.201,665.21,505.5596,stop,4.447,2958.19,-24.0,-709.97,13
GEV,2026-07-01,2026-07-06,2026-07-15,2-3%,-2.422,1146.4,1020.296,stop,2.5768,2954.1,-11.0,-324.95,7
SNDK,2026-07-10,2026-07-13,2026-07-15,3-5%,-4.267,1778.984,1512.1364,stop,1.6675,2966.5,-15.0,-444.98,2
MOS,2026-06-22,2026-07-14,2026-07-15,1-2%,-1.179,22.63,22.9,tp_gap_filled,131.4158,2973.94,1.193,35.48,1
MU,2026-06-26,2026-06-29,2026-07-16,5-10%,-6.137,1139.08,865.7008,stop,2.5915,2951.97,-24.0,-708.47,12
AMCR,2026-07-08,2026-07-10,2026-07-16,2-3%,-2.205,43.47,44.45,tp_gap_filled,68.9092,2995.48,2.254,67.53,4
LITE,2026-07-01,2026-07-14,2026-07-16,3-5%,-4.621,818.405,695.6443,stop,3.6343,2974.35,-15.0,-446.15,2
CFG,2026-07-08,2026-07-14,2026-07-16,1-2%,-1.31,70.84,71.78,tp_gap_filled,41.9873,2974.38,1.327,39.47,2
WDAY,2026-07-14,2026-07-15,2026-07-16,5-10%,-8.214,132.97,144.87,tp_gap_filled,22.1766,2948.82,8.949,263.9,1
CSGP,2026-07-14,2026-07-15,2026-07-16,5-10%,-6.152,27.0,28.77,tp_gap_filled,109.361,2952.75,6.556,193.57,1
LH,2026-07-14,2026-07-15,2026-07-16,5-10%,-5.266,262.11,276.68,tp_gap_filled,11.2777,2956.01,5.559,164.32,1
TTD,2026-07-14,2026-07-15,2026-07-16,3-5%,-3.663,19.065,19.79,tp_gap_filled,155.1043,2957.06,3.803,112.45,1
VEEV,2026-07-14,2026-07-15,2026-07-16,3-5%,-3.399,190.12,196.81,tp_gap_filled,15.5586,2958.01,3.519,104.09,1
CDNS,2026-06-05,2026-06-09,2026-07-17,2-3%,-2.351,402.0,357.78,stop,7.2162,2900.9,-11.0,-319.1,26
XOM,2026-06-15,2026-06-16,2026-07-17,3-5%,-4.945,139.74,147.01,tp_gap_filled,21.128,2952.43,5.203,153.6,21
CVX,2026-06-15,2026-06-16,2026-07-17,3-5%,-4.444,178.9,187.22,tp_gap_filled,16.5083,2953.33,4.651,137.35,21
AMD,2026-07-01,2026-07-06,2026-07-17,3-5%,-4.025,557.53,473.9005,stop,5.2996,2954.68,-15.0,-443.2,9
PPG,2026-07-08,2026-07-09,2026-07-17,2-3%,-2.861,116.78,120.22,tp_gap_filled,25.4937,2977.16,2.946,87.7,6
SHW,2026-07-08,2026-07-09,2026-07-17,2-3%,-2.735,332.9,342.26,tp_gap_filled,8.9418,2976.74,2.812,83.7,6
CL,2026-07-08,2026-07-13,2026-07-17,1-2%,-1.136,93.95,95.03,tp_gap_filled,31.5299,2962.24,1.15,34.05,4
BIIB,2026-07-14,2026-07-16,2026-07-17,3-5%,-4.157,200.34,209.03,tp_gap_filled,14.7732,2959.67,4.338,128.38,1
ISRG,2026-07-14,2026-07-16,2026-07-17,2-3%,-2.707,396.1,352.529,stop,7.4839,2964.36,-11.0,-326.08,1
TRV,2026-07-15,2026-07-16,2026-07-17,2-3%,-2.028,330.0,336.83,tp_gap_filled,8.974,2961.42,2.07,61.29,1
COST,2026-07-09,2026-07-16,2026-07-17,1-2%,-1.908,934.94,953.13,tp_gap_filled,3.169,2962.82,1.946,57.64,1
ABT,2026-07-14,2026-07-16,2026-07-17,1-2%,-1.748,90.5,92.11,tp_gap_filled,32.7458,2963.5,1.779,52.72,1
SWKS,2026-07-10,2026-07-13,2026-07-20,1-2%,-1.151,59.26,59.95,tp_gap_filled,50.0044,2963.26,1.164,34.5,5
LITE,2026-07-16,2026-07-17,2026-07-20,2-3%,-2.741,731.39,752.0,tp_gap_filled,4.0196,2939.91,2.818,82.84,1
HUBB,2026-07-16,2026-07-17,2026-07-20,2-3%,-2.073,469.97,479.92,tp_gap_filled,6.2528,2938.61,2.117,62.21,1
WRB,2026-07-15,2026-07-17,2026-07-20,2-3%,-2.028,70.52,71.98,tp_gap_filled,41.7037,2940.94,2.07,60.89,1
NFLX,2026-04-17,2026-04-20,2026-07-21,10%+,-10.595,96.37,68.67,time_exit,29.1264,2806.91,-28.743,-806.8,63
GPC,2026-07-06,2026-07-07,2026-07-21,2-3%,-2.542,129.2,114.988,stop,22.6908,2931.66,-11.0,-322.48,10
RVTY,2026-07-13,2026-07-14,2026-07-21,1-2%,-1.443,110.67,112.29,tp_gap_filled,26.8735,2974.09,1.464,43.54,5
WDC,2026-07-16,2026-07-17,2026-07-21,5-10%,-5.286,486.68,513.84,tp_gap_filled,6.0469,2942.88,5.581,164.23,2
MU,2026-07-16,2026-07-17,2026-07-21,3-5%,-4.148,866.77,904.28,tp_gap_filled,3.3939,2941.74,4.328,127.31,2
AMD,2026-07-17,2026-07-20,2026-07-21,3-5%,-4.803,476.88,500.94,tp_gap_filled,6.1519,2933.7,5.045,148.01,1
MRVL,2026-07-16,2026-07-20,2026-07-21,2-3%,-2.977,200.12,206.26,tp_gap_filled,14.6761,2936.98,3.068,90.11,1
TYL,2026-06-02,2026-07-07,2026-07-22,2-3%,-2.468,321.69,286.3041,stop,9.1151,2932.22,-11.0,-322.54,11
Q,2026-07-16,2026-07-17,2026-07-22,2-3%,-2.414,136.845,140.23,tp_gap_filled,21.4843,2940.02,2.474,72.72,3
DELL,2026-07-16,2026-07-17,2026-07-22,1-2%,-1.985,404.49,412.68,tp_gap_filled,7.269,2940.23,2.025,59.53,3
ADM,2026-07-20,2026-07-21,2026-07-22,1-2%,-1.502,84.61,85.9,tp_gap_filled,35.0286,2963.77,1.525,45.19,1
APA,2026-07-20,2026-07-21,2026-07-22,1-2%,-1.391,34.73,35.22,tp_gap_filled,85.3695,2964.88,1.411,41.83,1
OXY,2026-07-20,2026-07-21,2026-07-22,1-2%,-1.185,54.21,54.86,tp_gap_filled,54.6913,2964.82,1.199,35.55,1
LMT,2026-04-23,2026-05-22,2026-07-23,3-5%,-3.874,533.91,555.43,tp_gap_filled,5.3962,2881.1,4.031,116.13,41
ALGN,2026-07-08,2026-07-13,2026-07-23,1-2%,-1.442,182.55,167.946,stop,16.2425,2965.07,-8.0,-237.21,8
DAL,2026-07-10,2026-07-13,2026-07-23,1-2%,-1.191,87.94,80.9048,stop,33.7098,2964.44,-8.0,-237.16,8
TT,2026-07-16,2026-07-17,2026-07-23,2-3%,-2.324,469.04,480.2,tp_gap_filled,6.2677,2939.81,2.379,69.95,4
A,2026-07-17,2026-07-21,2026-07-23,1-2%,-1.234,134.42,136.1,tp_gap_filled,22.0701,2966.66,1.25,37.08,2
TMO,2026-07-21,2026-07-22,2026-07-23,3-5%,-3.635,507.1,526.23,tp_gap_filled,5.8478,2965.42,3.772,111.87,1
TEL,2026-04-22,2026-04-23,2026-07-24,10%+,-10.856,216.78,202.94,time_exit,12.9771,2813.18,-6.384,-179.6,63
LDOS,2026-06-17,2026-07-07,2026-07-24,2-3%,-2.773,110.43,113.58,tp_gap_filled,26.5596,2932.98,2.852,83.66,13
UAL,2026-07-16,2026-07-17,2026-07-24,3-5%,-3.579,116.64,120.97,tp_gap_filled,25.2103,2940.53,3.712,109.16,5
GPC,2026-07-21,2026-07-22,2026-07-24,5-10%,-6.054,114.99,122.4,tp_gap_filled,25.7644,2962.65,6.444,190.91,2
WDC,2026-07-22,2026-07-23,2026-07-24,3-5%,-4.13,525.74,548.39,tp_gap_filled,5.6155,2952.27,4.308,127.19,1
ADI,2026-06-23,2026-06-25,2026-07-27,3-5%,-4.18,426.86,362.831,stop,6.928,2957.28,-15.0,-443.59,21
EMR,2026-06-23,2026-06-25,2026-07-27,2-3%,-2.244,146.84,150.21,tp_gap_filled,20.1277,2955.56,2.295,67.83,21
FICO,2026-07-14,2026-07-15,2026-07-27,3-5%,-3.763,1230.15,1278.25,tp_gap_filled,2.4048,2958.24,3.91,115.67,8
SYK,2026-07-14,2026-07-16,2026-07-27,3-5%,-3.587,319.56,331.45,tp_gap_filled,9.2696,2962.2,3.721,110.22,7
WDAY,2026-07-20,2026-07-21,2026-07-27,2-3%,-2.97,140.48,144.78,tp_gap_filled,21.0954,2963.48,3.061,90.71,4
VEEV,2026-07-20,2026-07-21,2026-07-27,1-2%,-1.218,193.0,195.38,tp_gap_filled,15.3677,2965.97,1.233,36.58,4
AJG,2026-07-20,2026-07-21,2026-07-27,1-2%,-1.17,250.93,253.9,tp_gap_filled,11.8253,2967.32,1.184,35.12,4
EFX,2026-07-21,2026-07-22,2026-07-27,10%+,-11.739,158.94,180.08,tp_gap_filled,18.6065,2957.31,13.301,393.34,3
CSGP,2026-07-21,2026-07-22,2026-07-27,3-5%,-3.538,28.63,29.68,tp_gap_filled,103.6564,2967.68,3.667,108.84,3
DLR,2026-06-30,2026-07-24,2026-07-27,3-5%,-4.371,182.25,190.58,tp_gap_filled,16.3084,2972.21,4.571,135.85,1
HCA,2026-04-24,2026-04-27,2026-07-28,5-10%,-9.288,430.0,418.19,time_exit,6.5374,2811.06,-2.747,-77.21,63
J,2026-05-06,2026-05-07,2026-07-28,5-10%,-7.272,126.62,136.55,tp_gap_filled,22.7533,2881.02,7.842,225.94,55
MSI,2026-05-08,2026-06-02,2026-07-28,3-5%,-3.74,417.0,433.2,tp_gap_filled,7.0146,2925.09,3.885,113.64,38
CME,2026-06-17,2026-06-18,2026-07-28,3-5%,-3.601,252.18,261.6,tp_gap_filled,11.6491,2937.66,3.735,109.73,26
PEP,2026-07-09,2026-07-10,2026-07-28,3-5%,-3.803,137.09,142.51,tp_gap_filled,21.7996,2988.51,3.954,118.15,12
CNC,2026-07-15,2026-07-16,2026-07-28,2-3%,-2.561,66.96,59.5944,stop,44.2845,2965.29,-11.0,-326.18,8
FDS,2026-06-02,2026-07-17,2026-07-28,2-3%,-2.005,265.42,270.85,tp_gap_filled,11.0838,2941.85,2.046,60.18,7
DHR,2026-07-21,2026-07-22,2026-07-28,10%+,-16.046,168.84,201.11,tp_gap_filled,17.4941,2953.71,19.113,564.54,4
MU,2026-07-22,2026-07-23,2026-07-28,3-5%,-3.355,938.25,797.5125,stop,3.1505,2955.93,-15.0,-443.39,3
MRVL,2026-07-22,2026-07-23,2026-07-28,3-5%,-3.275,201.15,170.9775,stop,14.7114,2959.2,-15.0,-443.88,3
HIG,2026-07-24,2026-07-27,2026-07-28,3-5%,-3.693,136.93,142.18,tp_gap_filled,21.9801,3009.74,3.834,115.4,1
EBAY,2026-07-24,2026-07-27,2026-07-28,2-3%,-2.323,106.78,109.32,tp_gap_filled,28.1996,3011.15,2.379,71.63,1
T,2026-06-03,2026-07-27,2026-07-28,1-2%,-1.826,24.19,24.64,tp_gap_filled,124.66,3015.52,1.86,56.1,1
PFE,2026-07-24,2026-07-27,2026-07-28,1-2%,-1.559,24.62,25.01,tp_gap_filled,122.506,3016.1,1.584,47.78,1
OMC,2026-07-21,2026-07-27,2026-07-28,1-2%,-1.53,81.11,82.37,tp_gap_filled,37.1868,3016.22,1.553,46.86,1
ALLE,2026-07-24,2026-07-27,2026-07-28,1-2%,-1.501,152.25,154.57,tp_gap_filled,19.8173,3017.19,1.524,45.98,1
ANET,2026-07-24,2026-07-27,2026-07-28,1-2%,-1.478,174.0,160.08,stop,17.3536,3019.52,-8.0,-241.56,1
RL,2026-07-23,2026-07-27,2026-07-28,1-2%,-1.47,381.45,387.14,tp_gap_filled,7.913,3018.4,1.492,45.02,1
MNST,2026-07-23,2026-07-27,2026-07-28,1-2%,-1.463,47.135,47.835,tp_gap_filled,64.0322,3018.16,1.485,44.82,1
DPZ,2026-04-27,2026-04-28,2026-07-29,5-10%,-7.166,341.47,360.0,time_exit,8.2349,2811.97,5.427,152.59,63
VRT,2026-06-23,2026-06-25,2026-07-29,5-10%,-5.587,337.96,256.8496,stop,8.7633,2961.66,-24.0,-710.8,23
MCHP,2026-06-23,2026-06-25,2026-07-29,5-10%,-5.472,97.09,73.7884,stop,30.4778,2959.09,-24.0,-710.18,23
ETN,2026-06-23,2026-06-25,2026-07-29,3-5%,-3.265,421.55,358.3175,stop,7.0123,2956.04,-15.0,-443.41,23
RDDT,2026-07-22,2026-07-23,2026-07-29,5-10%,-6.963,172.9,185.84,tp_gap_filled,17.0898,2954.83,7.484,221.14,4
APA,2026-07-27,2026-07-28,2026-07-29,3-5%,-4.205,34.63,36.15,tp_gap_filled,86.8076,3006.15,4.389,131.95,1
LYB,2026-07-27,2026-07-28,2026-07-29,3-5%,-3.349,58.3,60.32,tp_gap_filled,51.5369,3004.6,3.465,104.1,1
DOW,2026-07-27,2026-07-28,2026-07-29,3-5%,-3.05,28.93,29.84,tp_gap_filled,103.8429,3004.17,3.146,94.5,1
CF,2026-07-27,2026-07-28,2026-07-29,2-3%,-2.639,121.77,125.07,tp_gap_filled,24.6695,3004.01,2.71,81.41,1
ADSK,2026-06-02,2026-07-28,2026-07-29,2-3%,-2.635,241.62,248.16,tp_gap_filled,12.4351,3004.58,2.707,81.33,1
XOM,2026-07-27,2026-07-28,2026-07-29,2-3%,-2.466,153.07,156.94,tp_gap_filled,19.6219,3003.52,2.528,75.94,1
VLO,2026-07-27,2026-07-28,2026-07-29,2-3%,-2.231,295.75,302.5,tp_gap_filled,10.1556,3003.51,2.282,68.55,1
ERIE,2026-07-14,2026-07-28,2026-07-29,1-2%,-1.44,243.61,247.17,tp_gap_filled,12.3275,3003.1,1.461,43.89,1
PSX,2026-07-27,2026-07-28,2026-07-29,1-2%,-1.388,203.9,206.77,tp_gap_filled,14.7262,3002.68,1.408,42.26,1
NWS,2026-07-21,2026-07-28,2026-07-29,1-2%,-1.18,31.83,32.21,tp_gap_filled,94.353,3003.25,1.194,35.85,1
EQT,2026-07-27,2026-07-28,2026-07-29,1-2%,-1.131,52.43,53.03,tp_gap_filled,57.2805,3003.22,1.144,34.37,1
CDW,2026-07-14,2026-07-28,2026-07-29,1-2%,-1.122,142.74,144.36,tp_gap_filled,21.0336,3002.34,1.135,34.07,1
TRMB,2026-06-02,2026-07-28,2026-07-29,1-2%,-1.083,57.52,58.15,tp_gap_filled,52.2058,3002.88,1.095,32.89,1
UHS,2026-07-28,2026-07-29,2026-07-30,5-10%,-6.133,149.54,159.31,tp_gap_filled,20.0445,2997.45,6.533,195.83,1
Q,2026-07-28,2026-07-29,2026-07-30,3-5%,-4.354,127.18,132.97,tp_gap_filled,23.6153,3003.39,4.553,136.73,1
ANET,2026-07-28,2026-07-29,2026-07-30,3-5%,-3.039,165.57,170.76,tp_gap_filled,18.1119,2998.79,3.135,94.0,1
CVNA,2026-07-17,2026-07-29,2026-07-30,2-3%,-2.618,68.81,61.2409,stop,43.5407,2996.03,-11.0,-329.56,1
CEG,2026-07-28,2026-07-29,2026-07-30,2-3%,-2.461,263.355,270.0,tp_gap_filled,11.3677,2993.73,2.523,75.54,1
MPWR,2026-06-26,2026-06-30,2026-07-31,5-10%,-5.621,1357.45,1438.3,tp_gap_filled,2.1933,2977.33,5.956,177.33,22
DDOG,2026-06-02,2026-07-01,2026-07-31,3-5%,-4.771,264.25,277.49,tp_gap_filled,11.1756,2953.15,5.01,147.96,21
CVX,2026-07-27,2026-07-28,2026-07-31,3-5%,-3.142,188.67,194.79,tp_gap_filled,15.9247,3004.52,3.244,97.46,3
MU,2026-07-28,2026-07-29,2026-07-31,5-10%,-6.731,839.61,900.2,tp_gap_filled,3.5786,3004.65,7.216,216.83,2
HPE,2026-07-28,2026-07-29,2026-07-31,3-5%,-3.88,46.32,48.19,tp_gap_filled,64.8371,3003.26,4.037,121.25,2
COP,2026-07-27,2026-07-29,2026-07-31,2-3%,-2.528,117.22,120.26,tp_gap_filled,25.5406,2993.87,2.593,77.64,2
DELL,2026-07-28,2026-07-30,2026-07-31,5-10%,-6.008,401.26,426.91,tp_gap_filled,7.56,3033.53,6.392,193.91,1
AMD,2026-07-28,2026-07-30,2026-07-31,5-10%,-5.647,467.0,494.95,tp_gap_filled,6.4969,3034.07,5.985,181.59,1
GL,2026-07-23,2026-07-24,2026-08-03,5-10%,-7.511,170.18,184.0,tp_gap_filled,17.458,2971.01,8.121,241.27,6
MCO,2026-07-23,2026-07-27,2026-08-03,1-2%,-1.981,480.0,489.7,tp_gap_filled,6.2808,3014.78,2.021,60.92,5
ADM,2026-07-27,2026-07-28,2026-08-03,1-2%,-1.734,84.43,77.6756,stop,35.5815,3004.15,-8.0,-240.33,4
FFIV,2026-07-28,2026-07-29,2026-08-03,3-5%,-3.424,393.99,407.96,tp_gap_filled,7.6165,3000.82,3.546,106.4,3
META,2026-07-30,2026-07-31,2026-08-03,10%+,-10.179,526.0,585.61,tp_gap_filled,5.8071,3054.51,11.333,346.16,1
WDAY,2026-07-30,2026-07-31,2026-08-03,5-10%,-5.946,158.02,168.01,tp_gap_filled,19.3442,3056.77,6.322,193.25,1
CTSH,2026-07-30,2026-07-31,2026-08-03,3-5%,-3.788,53.85,55.97,tp_gap_filled,56.7811,3057.66,3.937,120.38,1
ERIE,2026-07-30,2026-07-31,2026-08-03,3-5%,-3.255,240.46,248.55,tp_gap_filled,12.7168,3057.88,3.364,102.88,1
TDG,2026-07-08,2026-07-28,2026-08-04,1-2%,-1.411,1310.87,1329.63,tp_gap_filled,2.2907,3002.81,1.431,42.97,5
CNC,2026-07-28,2026-07-29,2026-08-04,5-10%,-7.132,59.51,64.08,tp_gap_filled,50.4507,3002.32,7.679,230.56,4
HUBB,2026-07-28,2026-07-29,2026-08-04,3-5%,-4.804,474.04,497.96,tp_gap_filled,6.339,3004.92,5.046,151.63,4
RMD,2026-07-08,2026-07-29,2026-08-04,3-5%,-3.286,212.53,219.75,tp_gap_filled,14.1145,2999.75,3.397,101.91,4
SWKS,2026-07-29,2026-07-30,2026-08-04,5-10%,-9.416,58.59,64.68,tp_gap_filled,51.7056,3029.43,10.394,314.89,3
CVNA,2026-07-30,2026-07-31,2026-08-04,10%+,-11.113,58.95,66.32,tp_gap_filled,51.7554,3050.98,12.502,381.44,2
VRT,2026-07-29,2026-07-31,2026-08-04,5-10%,-8.744,245.99,269.56,tp_gap_filled,12.4317,3058.08,9.582,293.02,2
IR,2026-07-31,2026-08-03,2026-08-04,5-10%,-5.194,79.94,84.32,tp_gap_filled,38.7679,3099.11,5.479,169.8,1
HPQ,2026-07-30,2026-08-03,2026-08-04,3-5%,-3.661,27.37,28.41,tp_gap_filled,113.5063,3106.67,3.8,118.05,1
CCL,2026-06-23,2026-06-24,2026-08-05,5-10%,-9.241,27.4,30.19,tp_gap_filled,106.2805,2912.09,10.182,296.52,29
IFF,2026-07-08,2026-07-17,2026-08-05,2-3%,-2.236,80.0,81.83,tp_gap_filled,36.7491,2939.93,2.288,67.25,13
FCX,2026-06-23,2026-07-23,2026-08-05,5-10%,-5.462,65.43,69.21,tp_gap_filled,45.1387,2953.42,5.777,170.62,9
STLD,2026-06-18,2026-07-29,2026-08-05,3-5%,-3.047,261.9,270.13,tp_gap_filled,11.4585,3000.98,3.142,94.3,5
CSGP,2026-07-29,2026-07-30,2026-08-05,10%+,-14.177,26.03,30.33,tp_gap_filled,116.0765,3021.47,16.519,499.13,4
MU,2026-08-03,2026-08-04,2026-08-05,3-5%,-4.455,786.36,823.03,tp_gap_filled,3.9913,3138.63,4.663,146.36,1
WDC,2026-08-03,2026-08-04,2026-08-05,3-5%,-3.759,524.36,544.84,tp_gap_filled,6.0024,3147.42,3.906,122.93,1
MRVL,2026-08-03,2026-08-04,2026-08-05,3-5%,-3.753,180.52,187.56,tp_gap_filled,17.4514,3150.32,3.9,122.86,1
PPG,2026-07-29,2026-08-04,2026-08-05,3-5%,-3.554,114.78,119.01,tp_gap_filled,27.5624,3163.61,3.685,116.59,1
ANET,2026-08-03,2026-08-04,2026-08-05,3-5%,-3.288,174.42,180.35,tp_gap_filled,18.1534,3166.32,3.4,107.65,1
AMD,2026-08-03,2026-08-04,2026-08-05,3-5%,-3.016,461.79,476.15,tp_gap_filled,6.8693,3172.17,3.11,98.64,1
DOV,2026-07-23,2026-07-24,2026-08-06,5-10%,-6.092,201.46,214.53,tp_gap_filled,14.7531,2972.16,6.488,192.82,9
OXY,2026-07-27,2026-07-29,2026-08-06,3-5%,-3.072,55.54,57.3,tp_gap_filled,54.0232,3000.45,3.169,95.08,6
DD,2026-08-04,2026-08-05,2026-08-06,5-10%,-7.85,130.19,141.28,tp_gap_filled,24.1608,3145.5,8.518,267.94,1
NEM,2026-06-22,2026-08-05,2026-08-06,3-5%,-3.758,99.89,103.79,tp_gap_filled,31.572,3153.73,3.904,123.13,1
NKE,2026-08-04,2026-08-05,2026-08-06,3-5%,-3.025,41.35,42.64,tp_gap_filled,76.3293,3156.22,3.12,98.46,1
LLY,2026-07-30,2026-08-05,2026-08-06,2-3%,-2.974,1174.03,1210.02,tp_gap_filled,2.6901,3158.31,3.066,96.82,1
LYB,2026-08-04,2026-08-05,2026-08-06,2-3%,-2.969,58.82,60.62,tp_gap_filled,53.6907,3158.08,3.06,96.64,1
DOW,2026-08-04,2026-08-05,2026-08-06,2-3%,-2.877,29.03,29.89,tp_gap_filled,108.7947,3158.31,2.962,93.56,1
MOS,2026-08-05,2026-08-06,2026-08-07,3-5%,-4.447,21.7,22.71,tp_gap_filled,146.2975,3174.66,4.654,147.76,1
UBER,2026-08-05,2026-08-06,2026-08-07,3-5%,-4.153,69.0,71.99,tp_gap_filled,46.0841,3179.81,4.333,137.79,1
LITE,2026-08-05,2026-08-06,2026-08-07,2-3%,-2.905,824.79,849.47,tp_gap_filled,3.8567,3180.93,2.992,95.18,1
STE,2026-08-06,2026-08-07,2026-08-10,5-10%,-7.808,214.54,232.71,tp_gap_filled,14.8798,3192.32,8.469,270.37,1
SYK,2026-07-31,2026-08-03,2026-08-11,5-10%,-5.155,330.1,348.04,tp_gap_filled,9.4068,3105.19,5.435,168.76,6
OMC,2026-07-29,2026-08-06,2026-08-11,3-5%,-3.004,83.63,86.22,tp_gap_filled,38.0459,3181.78,3.097,98.54,3
RMD,2026-08-07,2026-08-10,2026-08-11,5-10%,-7.194,207.18,223.24,tp_gap_filled,15.4473,3200.38,7.752,248.08,1
ISRG,2026-07-17,2026-07-28,2026-08-12,5-10%,-9.271,365.03,402.33,tp_gap_filled,8.2368,3006.68,10.218,307.23,11
AKAM,2026-08-10,2026-08-11,2026-08-12,2-3%,-2.868,107.37,110.54,tp_gap_filled,29.9053,3210.93,2.952,94.8,1
OKE,2026-07-27,2026-07-29,2026-08-13,2-3%,-2.469,90.86,93.16,tp_gap_filled,32.955,2994.3,2.531,75.8,11
AJG,2026-07-31,2026-08-03,2026-08-13,3-5%,-4.106,245.93,256.46,tp_gap_filled,12.6348,3107.28,4.282,133.04,8
JKHY,2026-08-10,2026-08-11,2026-08-13,2-3%,-2.559,151.96,155.95,tp_gap_filled,21.1667,3216.49,2.626,84.45,2
ABNB,2026-08-11,2026-08-12,2026-08-13,2-3%,-2.823,179.485,184.7,tp_gap_filled,17.9275,3217.72,2.906,93.49,1
STX,2026-07-01,2026-07-02,2026-08-14,5-10%,-7.074,896.74,965.0,tp_gap_filled,3.2694,2931.76,7.612,223.17,30
FOXA,2026-06-15,2026-07-17,2026-08-14,10%+,-13.47,56.98,65.85,tp_gap_filled,51.636,2942.22,15.567,458.01,20
FOX,2026-06-15,2026-07-20,2026-08-14,10%+,-11.694,52.03,58.92,tp_gap_filled,56.4107,2935.05,13.242,388.67,19
RDDT,2026-07-31,2026-08-03,2026-08-14,10%+,-17.041,147.7,178.04,tp_gap_filled,20.9577,3095.46,20.542,635.86,9
TYL,2026-07-30,2026-08-03,2026-08-14,3-5%,-3.415,322.11,333.5,tp_gap_filled,9.643,3106.1,3.536,109.83,9
WDAY,2026-08-12,2026-08-13,2026-08-14,2-3%,-2.985,175.86,181.27,tp_gap_filled,18.5532,3262.77,3.076,100.37,1
CTSH,2026-08-12,2026-08-13,2026-08-14,2-3%,-2.782,56.97,58.6,tp_gap_filled,57.4709,3274.12,2.861,93.68,1
DVN,2026-05-06,2026-05-15,2026-08-17,5-10%,-6.844,47.5,47.57,time_exit,59.7014,2835.82,0.147,4.18,63
GEV,2026-07-22,2026-07-23,2026-08-17,5-10%,-5.358,1021.01,1078.8101,tp_gap_filled,2.8909,2951.68,5.661,167.1,17
FANG,2026-07-27,2026-07-28,2026-08-17,3-5%,-3.713,197.08,204.68,tp_gap_filled,15.2561,3006.67,3.856,115.95,14
WDC,2026-08-06,2026-08-07,2026-08-17,10%+,-17.389,428.89,519.17,tp_gap_filled,7.4413,3191.52,21.05,671.8,6
EME,2026-06-26,2026-08-12,2026-08-17,2-3%,-2.554,840.63,862.66,tp_gap_filled,3.828,3217.94,2.621,84.33,3
COHR,2026-08-13,2026-08-14,2026-08-17,3-5%,-3.026,344.88,355.64,tp_gap_filled,9.5391,3289.83,3.12,102.64,1
NEM,2026-08-13,2026-08-14,2026-08-17,2-3%,-2.402,115.01,117.84,tp_gap_filled,28.5731,3286.19,2.461,80.86,1
APA,2026-08-13,2026-08-14,2026-08-17,1-2%,-1.426,39.4,39.97,tp_gap_filled,83.4277,3287.05,1.447,47.55,1
HLT,2026-07-28,2026-07-29,2026-08-18,3-5%,-3.092,320.62,330.85,tp_gap_filled,9.3576,3000.24,3.191,95.73,14
TRGP,2026-07-27,2026-08-14,2026-08-18,1-2%,-1.742,276.43,281.33,tp_gap_filled,11.8937,3287.77,1.773,58.28,2
EOG,2026-08-03,2026-08-17,2026-08-18,2-3%,-2.475,145.01,148.69,tp_gap_filled,22.4679,3258.08,2.538,82.68,1
LH,2026-08-14,2026-08-17,2026-08-18,1-2%,-1.624,317.35,322.59,tp_gap_filled,10.2764,3261.22,1.651,53.85,1
LLY,2026-08-14,2026-08-17,2026-08-18,1-2%,-1.24,1194.01,1209.0,tp_gap_filled,2.7336,3263.89,1.255,40.98,1
INCY,2026-08-14,2026-08-17,2026-08-18,1-2%,-1.137,119.15,120.52,tp_gap_filled,27.3881,3263.29,1.15,37.52,1
FIS,2026-05-08,2026-05-19,2026-08-19,5-10%,-5.82,44.5,40.66,time_exit,63.3017,2816.92,-8.629,-243.08,63
NCLH,2026-07-29,2026-08-05,2026-08-19,3-5%,-3.393,20.5,17.425,stop,153.9919,3156.83,-15.0,-473.53,10
EXE,2026-08-13,2026-08-14,2026-08-19,1-2%,-1.651,94.69,96.28,tp_gap_filled,34.7198,3287.61,1.679,55.2,3
AVY,2026-08-14,2026-08-17,2026-08-19,1-2%,-1.867,176.65,180.01,tp_gap_filled,18.4615,3261.23,1.902,62.03,2
FCX,2026-08-13,2026-08-17,2026-08-19,1-2%,-1.546,68.15,69.22,tp_gap_filled,47.8716,3262.45,1.57,51.22,2
WDAY,2026-08-17,2026-08-18,2026-08-19,3-5%,-3.116,192.49,198.68,tp_gap_filled,16.8566,3244.72,3.216,104.34,1
TSCO,2026-08-17,2026-08-18,2026-08-19,2-3%,-2.205,35.04,35.83,tp_gap_filled,92.5827,3244.1,2.255,73.14,1
AMCR,2026-08-17,2026-08-18,2026-08-19,2-3%,-2.107,45.06,46.03,tp_gap_filled,71.9819,3243.51,2.153,69.82,1
ABBV,2026-07-30,2026-08-18,2026-08-19,1-2%,-1.869,258.38,263.3,tp_gap_filled,12.5577,3244.66,1.904,61.78,1
FDXF,2026-06-10,2026-06-11,2026-08-20,5-10%,-6.877,175.5,133.38,stop,16.5655,2907.24,-24.0,-697.74,48
MRVL,2026-08-18,2026-08-19,2026-08-20,5-10%,-5.893,220.52,234.33,tp_gap_filled,14.7338,3249.1,6.262,203.47,1
MRNA,2026-07-08,2026-08-19,2026-08-20,3-5%,-3.046,77.34,79.77,tp_gap_filled,41.9219,3242.24,3.142,101.87,1
CRM,2026-06-02,2026-08-13,2026-08-21,3-5%,-4.094,201.02,209.6,tp_gap_filled,16.2305,3262.65,4.268,139.26,6
PWR,2026-07-01,2026-08-17,2026-08-21,1-2%,-1.524,709.07,652.3444,stop,4.6013,3262.67,-8.0,-261.01,4
TGT,2026-08-19,2026-08-20,2026-08-21,3-5%,-3.069,147.8,152.48,tp_gap_filled,21.8181,3224.71,3.166,102.11,1
ARE,2026-08-04,2026-08-20,2026-08-21,2-3%,-2.131,51.9,53.03,tp_gap_filled,62.221,3229.27,2.177,70.31,1
TAP,2026-08-10,2026-08-14,2026-08-24,1-2%,-1.499,42.72,43.37,tp_gap_filled,76.9423,3286.97,1.522,50.01,6
SNDK,2026-07-15,2026-08-17,2026-08-24,2-3%,-2.306,1717.29,1528.3881,stop,1.8975,3258.59,-11.0,-358.44,5
META,2026-08-18,2026-08-24,2026-08-25,2-3%,-2.019,557.48,568.97,tp_gap_filled,5.7686,3215.88,2.061,66.28,1
BAX,2026-08-20,2026-08-21,2026-08-26,2-3%,-2.778,25.9,26.64,tp_gap_filled,125.1384,3241.08,2.857,92.6,3
SPGI,2026-07-28,2026-07-29,2026-08-27,3-5%,-4.8,418.72,439.83,tp_gap_filled,7.1725,3003.26,5.042,151.41,21
DG,2026-08-10,2026-08-14,2026-08-27,1-2%,-1.564,124.61,126.59,tp_gap_filled,26.3837,3287.68,1.589,52.24,9
NOW,2026-06-02,2026-08-20,2026-08-27,3-5%,-4.387,129.9,135.86,tp_gap_filled,24.8251,3224.79,4.588,147.96,5
LITE,2026-08-18,2026-08-21,2026-08-27,5-10%,-6.153,909.28,968.9,tp_gap_filled,3.5684,3244.69,6.557,212.75,4
ANET,2026-08-18,2026-08-26,2026-08-27,2-3%,-2.874,196.0,201.8,tp_gap_filled,16.5893,3251.51,2.959,96.22,1
CDW,2026-08-05,2026-08-06,2026-08-28,10%+,-25.032,115.45,154.0,tp_gap_filled,27.3524,3157.83,33.391,1054.43,16
WSM,2026-08-26,2026-08-27,2026-08-28,3-5%,-4.575,224.0,234.74,tp_gap_filled,14.5556,3260.45,4.795,156.33,1
KHC,2026-08-26,2026-08-27,2026-08-28,3-5%,-3.633,24.4,25.32,tp_gap_filled,133.7865,3264.39,3.77,123.08,1
PANW,2026-08-26,2026-08-27,2026-08-28,2-3%,-2.777,330.46,339.9,tp_gap_filled,9.8839,3266.22,2.857,93.3,1
FISV,2026-05-05,2026-06-01,2026-08-31,5-10%,-7.945,57.82,53.31,time_exit,50.1175,2897.79,-7.8,-226.03,63
HPQ,2026-08-27,2026-08-28,2026-08-31,5-10%,-8.716,27.86,30.52,tp_gap_filled,116.9815,3259.1,9.548,311.17,1
PHM,2026-07-01,2026-07-28,2026-09-01,1-2%,-1.545,135.09,124.2828,stop,22.2315,3003.26,-8.0,-240.26,25
Q,2026-08-18,2026-08-19,2026-09-01,3-5%,-3.382,136.0,115.6,stop,23.9167,3252.68,-15.0,-487.9,9
SNDK,2026-08-24,2026-08-25,2026-09-01,5-10%,-6.39,1494.09,1596.08,tp_gap_filled,2.1677,3238.71,6.826,221.08,5
DLTR,2026-08-27,2026-08-28,2026-09-01,5-10%,-9.215,120.0,132.18,tp_gap_filled,27.1219,3254.62,10.15,330.34,2
COR,2026-08-12,2026-08-18,2026-09-02,3-5%,-4.277,319.59,333.87,tp_gap_filled,10.155,3245.43,4.468,145.01,11
CTVA,2026-07-31,2026-08-24,2026-09-02,5-10%,-5.988,83.99,89.34,tp_gap_filled,38.2996,3216.79,6.37,204.9,7
BBY,2026-08-27,2026-08-28,2026-09-02,5-10%,-7.823,80.6,87.44,tp_gap_filled,40.5127,3265.33,8.486,277.11,3
SRE,2026-08-31,2026-09-01,2026-09-02,5-10%,-5.136,79.98,84.31,tp_gap_filled,40.5601,3243.99,5.414,175.62,1
TSLA,2026-07-23,2026-08-13,2026-09-03,5-10%,-8.826,341.0,374.01,tp_gap_filled,9.5685,3262.85,9.68,315.86,15
HPE,2026-08-18,2026-08-19,2026-09-03,3-5%,-3.038,55.86,47.481,stop,59.4988,3323.6,-15.0,-498.54,11
COIN,2026-08-28,2026-08-31,2026-09-03,2-3%,-2.459,186.03,190.72,tp_gap_filled,17.5395,3262.88,2.521,82.26,3
GDDY,2026-07-30,2026-09-01,2026-09-03,2-3%,-2.94,102.01,105.1,tp_gap_filled,31.8348,3247.47,3.029,98.37,2
NEM,2026-09-01,2026-09-02,2026-09-03,3-5%,-3.268,121.94,126.06,tp_gap_filled,26.6626,3251.23,3.379,109.85,1
AVGO,2026-06-04,2026-06-05,2026-09-04,10%+,-14.657,408.99,357.9,time_exit,7.126,2914.47,-12.492,-364.07,63
MU,2026-08-18,2026-08-19,2026-09-04,5-10%,-5.402,957.1,1011.75,tp_gap_filled,3.3999,3254.04,5.71,185.8,12
ADSK,2026-08-28,2026-08-31,2026-09-04,3-5%,-3.481,261.16,221.986,stop,12.4963,3263.54,-15.0,-489.53,4
NOW,2026-09-02,2026-09-03,2026-09-04,1-2%,-1.819,140.3,142.9,tp_gap_filled,23.3334,3273.68,1.853,60.67,1
EFX,2026-08-31,2026-09-03,2026-09-04,1-2%,-1.652,191.14,175.8488,stop,17.1315,3274.52,-8.0,-261.96,1
