ticker,gap_date,entry_date,exit_date,bucket,gap_pct,entry_price,exit_price,exit_reason,contracts_shares,position_dollars,pnl_pct,pnl_dollar,days_held
NVDA,2024-09-04,2024-09-05,2024-09-06,2-3%,-2.398,105.41,108.0,tp_gap_filled,47.4512,5001.83,2.457,122.9,1
RMD,2024-09-04,2024-09-05,2024-09-06,2-3%,-2.042,239.9,244.9,tp_gap_filled,20.8674,5006.1,2.084,104.34,1
CDNS,2024-09-04,2024-09-05,2024-09-10,2-3%,-2.829,249.03,256.28,tp_gap_filled,20.0779,5000.0,2.911,145.56,3
KLAC,2024-09-05,2024-09-06,2024-09-11,2-3%,-2.594,72.578,74.511,tp_gap_filled,69.063,5012.45,2.663,133.5,3
TER,2024-09-05,2024-09-06,2024-09-11,2-3%,-2.162,124.02,126.76,tp_gap_filled,40.3525,5004.52,2.209,110.57,3
SMCI,2024-09-05,2024-09-09,2024-09-11,2-3%,-2.862,41.135,42.347,tp_gap_filled,121.7047,5006.32,2.946,147.51,2
WDAY,2024-09-09,2024-09-10,2024-09-11,2-3%,-2.313,248.71,254.6,tp_gap_filled,20.1616,5014.4,2.368,118.75,1
DG,2024-09-04,2024-09-06,2024-09-12,2-3%,-2.459,81.73,83.79,tp_gap_filled,61.2975,5009.85,2.52,126.27,4
AVGO,2024-09-05,2024-09-11,2024-09-12,2-3%,-2.303,150.57,154.12,tp_gap_filled,33.4653,5038.86,2.358,118.8,1
APTV,2024-09-10,2024-09-12,2024-09-13,2-3%,-2.939,67.05,69.08,tp_gap_filled,75.4091,5056.18,3.028,153.08,1
PLTR,2024-09-11,2024-09-12,2024-09-13,2-3%,-2.158,34.01,34.76,tp_gap_filled,148.6845,5056.76,2.205,111.51,1
COR,2024-09-05,2024-09-09,2024-09-16,2-3%,-2.272,237.87,243.4,tp_gap_filled,21.0524,5007.73,2.325,116.42,5
GM,2024-09-10,2024-09-12,2024-09-16,2-3%,-2.996,45.98,47.4,tp_gap_filled,109.9606,5055.99,3.088,156.14,2
CRWD,2024-09-04,2024-09-13,2024-09-16,2-3%,-2.311,65.11,66.65,tp_gap_filled,77.9595,5075.95,2.365,120.06,1
ROL,2024-09-11,2024-09-12,2024-09-17,2-3%,-2.23,49.99,51.13,tp_gap_filled,101.2893,5063.45,2.28,115.47,3
FERG,2024-09-04,2024-09-16,2024-09-17,2-3%,-2.486,197.32,202.35,tp_gap_filled,25.8156,5093.93,2.549,129.85,1
AAPL,2024-09-16,2024-09-17,2024-09-18,2-3%,-2.679,216.54,222.5,tp_gap_filled,23.5593,5101.54,2.752,140.41,1
COIN,2024-09-16,2024-09-17,2024-09-18,2-3%,-2.791,158.5,163.05,tp_gap_filled,32.1882,5101.83,2.871,146.46,1
KLAC,2024-09-16,2024-09-17,2024-09-18,2-3%,-2.196,73.5,75.15,tp_gap_filled,69.4992,5108.19,2.245,114.67,1
LRCX,2024-09-16,2024-09-17,2024-09-18,2-3%,-2.372,75.146,76.972,tp_gap_filled,67.9981,5109.79,2.43,124.16,1
SMCI,2024-09-16,2024-09-17,2024-09-18,2-3%,-2.187,44.716,45.716,tp_gap_filled,114.2019,5106.65,2.236,114.2,1
TER,2024-09-16,2024-09-17,2024-09-18,2-3%,-2.202,128.34,131.23,tp_gap_filled,39.7554,5102.21,2.252,114.89,1
MPWR,2024-09-16,2024-09-17,2024-09-19,2-3%,-2.018,895.65,914.1,tp_gap_filled,5.7107,5114.74,2.06,105.36,2
NUE,2024-09-17,2024-09-18,2024-09-19,2-3%,-2.455,139.45,142.96,tp_gap_filled,36.7823,5129.29,2.517,129.11,1
DECK,2024-09-20,2024-09-23,2024-09-24,2-3%,-2.715,147.98,152.11,tp_gap_filled,34.7747,5145.96,2.791,143.62,1
NXPI,2024-09-20,2024-09-23,2024-09-24,2-3%,-2.224,233.41,238.72,tp_gap_filled,22.0989,5158.11,2.275,117.35,1
PLTR,2024-09-20,2024-09-23,2024-09-24,2-3%,-2.226,36.01,36.83,tp_gap_filled,143.1936,5156.4,2.277,117.42,1
STLD,2024-09-20,2024-09-23,2024-09-24,2-3%,-2.889,116.62,120.09,tp_gap_filled,44.3345,5170.29,2.975,153.84,1
WSM,2024-09-20,2024-09-23,2024-09-24,2-3%,-2.679,146.06,150.08,tp_gap_filled,35.4676,5180.4,2.752,142.58,1
UPS,2024-09-20,2024-09-23,2024-09-26,2-3%,-2.747,128.5,132.13,tp_gap_filled,40.3106,5179.91,2.825,146.33,3
F,2024-09-25,2024-09-26,2024-09-27,2-3%,-2.576,10.59,10.87,tp_gap_filled,487.6815,5164.55,2.644,136.55,1
APA,2024-09-26,2024-09-27,2024-09-30,2-3%,-2.157,24.04,24.57,tp_gap_filled,215.2295,5174.12,2.205,114.07,1
BKR,2024-09-26,2024-09-27,2024-09-30,2-3%,-2.302,35.22,36.05,tp_gap_filled,147.0582,5179.39,2.357,122.06,1
CVX,2024-09-26,2024-09-27,2024-09-30,2-3%,-2.132,140.9,143.97,tp_gap_filled,36.8402,5190.78,2.179,113.1,1
GEHC,2024-09-26,2024-09-27,2024-09-30,2-3%,-2.14,91.02,93.01,tp_gap_filled,57.1374,5200.64,2.186,113.7,1
HAL,2024-09-26,2024-09-27,2024-09-30,2-3%,-2.009,28.29,28.87,tp_gap_filled,183.955,5204.09,2.05,106.69,1
COP,2024-09-26,2024-09-27,2024-10-01,2-3%,-2.582,103.0,105.73,tp_gap_filled,50.3539,5186.45,2.65,137.47,2
EOG,2024-09-26,2024-09-27,2024-10-01,2-3%,-2.232,121.78,124.56,tp_gap_filled,42.6937,5199.23,2.283,118.69,2
FANG,2024-09-26,2024-10-01,2024-10-02,2-3%,-2.487,176.04,180.53,tp_gap_filled,29.4757,5188.9,2.551,132.35,1
FCX,2024-09-30,2024-10-01,2024-10-02,2-3%,-2.201,50.21,51.34,tp_gap_filled,103.3874,5191.08,2.251,116.83,1
NVDA,2024-09-30,2024-10-01,2024-10-03,2-3%,-2.545,118.31,121.4,tp_gap_filled,43.808,5182.92,2.612,135.37,2
OKE,2024-09-26,2024-10-01,2024-10-03,2-3%,-2.08,92.72,94.69,tp_gap_filled,55.8677,5180.05,2.125,110.06,2
DECK,2024-10-02,2024-10-03,2024-10-04,2-3%,-2.056,152.42,155.62,tp_gap_filled,33.8229,5155.28,2.099,108.23,1
GEV,2024-10-02,2024-10-03,2024-10-04,2-3%,-2.156,251.0,256.53,tp_gap_filled,20.5667,5162.23,2.203,113.73,1
NCLH,2024-10-02,2024-10-03,2024-10-04,2-3%,-2.059,19.5,19.91,tp_gap_filled,264.924,5166.02,2.103,108.62,1
VST,2024-10-02,2024-10-03,2024-10-04,2-3%,-2.04,120.05,122.55,tp_gap_filled,43.0256,5165.22,2.082,107.56,1
ALB,2024-10-03,2024-10-04,2024-10-07,2-3%,-2.147,92.05,94.07,tp_gap_filled,56.483,5199.26,2.194,114.1,1
FCX,2024-10-03,2024-10-04,2024-10-07,2-3%,-2.322,49.64,50.82,tp_gap_filled,105.3106,5227.62,2.377,124.27,1
WYNN,2024-10-03,2024-10-04,2024-10-07,2-3%,-2.029,99.97,102.04,tp_gap_filled,52.3398,5232.41,2.071,108.34,1
NOW,2024-09-25,2024-10-01,2024-10-08,2-3%,-2.721,179.694,184.72,tp_gap_filled,28.8933,5191.96,2.797,145.22,5
ECHO,2024-10-01,2024-10-02,2024-10-08,2-3%,-2.659,24.16,24.82,tp_gap_filled,214.2556,5176.41,2.732,141.41,4
ALB,2024-10-07,2024-10-08,2024-10-09,2-3%,-2.165,99.88,102.09,tp_gap_filled,52.387,5232.41,2.213,115.78,1
HPQ,2024-09-27,2024-09-30,2024-10-10,2-3%,-2.958,35.76,36.85,tp_gap_filled,145.5451,5204.69,3.048,158.64,8
APA,2024-10-08,2024-10-09,2024-10-10,2-3%,-2.633,26.26,26.97,tp_gap_filled,200.847,5274.24,2.704,142.6,1
F,2024-09-30,2024-10-01,2024-10-11,2-3%,-2.783,10.48,10.78,tp_gap_filled,494.4871,5182.22,2.863,148.35,8
AME,2024-10-07,2024-10-08,2024-10-11,2-3%,-2.275,166.24,170.11,tp_gap_filled,31.481,5233.41,2.328,121.83,3
EL,2024-10-08,2024-10-09,2024-10-11,2-3%,-2.874,93.28,96.04,tp_gap_filled,56.5496,5274.95,2.959,156.08,2
STLD,2024-10-08,2024-10-09,2024-10-11,2-3%,-2.23,127.17,130.07,tp_gap_filled,41.4888,5276.13,2.28,120.32,2
SBAC,2024-10-04,2024-10-07,2024-10-14,2-3%,-2.38,234.2,239.91,tp_gap_filled,22.2104,5201.68,2.438,126.82,5
HUBB,2024-10-10,2024-10-11,2024-10-14,2-3%,-2.873,436.5,449.41,tp_gap_filled,12.1422,5300.07,2.958,156.76,1
GM,2024-09-23,2024-09-24,2024-10-15,2-3%,-2.619,47.6,48.88,tp_gap_filled,108.8366,5180.62,2.689,139.31,15
GPN,2024-09-25,2024-09-27,2024-10-15,2-3%,-2.938,100.76,103.81,tp_gap_filled,51.6417,5203.41,3.027,157.51,12
UHS,2024-09-30,2024-10-01,2024-10-15,2-3%,-2.544,224.07,229.92,tp_gap_filled,23.0924,5174.31,2.611,135.09,10
CEG,2024-10-11,2024-10-14,2024-10-15,2-3%,-2.257,256.39,262.31,tp_gap_filled,20.9283,5365.82,2.309,123.9,1
ELV,2024-10-02,2024-10-03,2024-10-17,2-3%,-2.378,499.1,444.199,stop,10.344,5162.67,-11.0,-567.89,10
V,2024-09-24,2024-10-14,2024-10-17,2-3%,-2.928,280.18,288.63,tp_gap_filled,19.2086,5381.88,3.016,162.31,3
BMY,2024-10-15,2024-10-16,2024-10-17,2-3%,-2.582,51.31,52.67,tp_gap_filled,104.8272,5378.68,2.651,142.56,1
FTNT,2024-10-17,2024-10-18,2024-10-21,2-3%,-2.557,80.02,82.12,tp_gap_filled,66.7207,5338.99,2.624,140.11,1
IP,2024-10-07,2024-10-08,2024-10-23,2-3%,-2.081,47.52,48.53,tp_gap_filled,110.1532,5234.48,2.125,111.25,11
PYPL,2024-10-10,2024-10-11,2024-10-23,2-3%,-2.094,79.94,81.65,tp_gap_filled,66.4531,5312.26,2.139,113.63,8
SW,2024-10-15,2024-10-16,2024-10-23,2-3%,-2.407,44.2,45.29,tp_gap_filled,121.9242,5389.05,2.466,132.9,5
FISV,2024-10-22,2024-10-23,2024-10-24,2-3%,-2.658,191.93,197.17,tp_gap_filled,27.4116,5261.12,2.73,143.64,1
BKR,2024-10-15,2024-10-16,2024-10-25,2-3%,-2.896,36.55,37.64,tp_gap_filled,147.1214,5377.29,2.982,160.36,7
CME,2024-10-23,2024-10-24,2024-10-25,2-3%,-2.281,221.01,226.17,tp_gap_filled,23.9306,5288.9,2.335,123.48,1
ON,2024-09-30,2024-10-01,2024-10-28,2-3%,-2.796,72.31,74.39,tp_gap_filled,71.6197,5178.82,2.877,148.97,19
AVY,2024-10-24,2024-10-25,2024-10-28,2-3%,-2.196,203.09,207.65,tp_gap_filled,25.8912,5258.24,2.245,118.06,1
DHI,2024-09-20,2024-09-23,2024-10-29,2-3%,-2.329,192.47,171.2983,stop,26.7927,5156.79,-11.0,-567.25,26
COIN,2024-10-21,2024-10-22,2024-10-29,2-3%,-2.184,215.4,220.21,tp_gap_filled,24.486,5274.29,2.233,117.78,5
EW,2024-10-25,2024-10-28,2024-10-29,2-3%,-2.09,68.88,70.35,tp_gap_filled,77.1386,5313.31,2.134,113.39,1
SWKS,2024-09-16,2024-09-19,2024-10-30,2-3%,-2.342,100.07,89.0623,stop,51.474,5151.0,-11.0,-566.61,29
BKR,2024-10-28,2024-10-29,2024-10-30,2-3%,-2.372,36.63,37.52,tp_gap_filled,144.4896,5292.65,2.43,128.6,1
EXE,2024-10-28,2024-10-29,2024-10-30,2-3%,-2.43,82.73,84.79,tp_gap_filled,64.0282,5297.05,2.49,131.9,1
COP,2024-10-28,2024-10-29,2024-10-31,2-3%,-2.64,101.8,104.56,tp_gap_filled,52.0234,5295.98,2.711,143.58,2
CCL,2024-10-29,2024-10-30,2024-10-31,2-3%,-2.053,21.47,21.92,tp_gap_filled,245.5649,5272.28,2.096,110.5,1
RCL,2024-10-29,2024-10-30,2024-10-31,2-3%,-2.781,197.86,203.52,tp_gap_filled,26.6845,5279.8,2.861,151.03,1
DVN,2024-10-28,2024-10-29,2024-11-04,2-3%,-2.577,38.18,39.19,tp_gap_filled,138.7462,5297.33,2.645,140.13,4
BA,2024-10-24,2024-10-25,2024-11-05,2-3%,-2.833,152.61,157.06,tp_gap_filled,34.4899,5263.51,2.916,153.48,7
FERG,2024-09-20,2024-09-24,2024-11-06,2-3%,-2.416,203.15,208.18,tp_gap_filled,25.5142,5183.21,2.476,128.34,31
CAT,2024-10-14,2024-10-16,2024-11-06,2-3%,-2.147,393.39,402.02,tp_gap_filled,13.7001,5389.48,2.194,118.23,15
CFG,2024-10-16,2024-10-17,2024-11-06,2-3%,-2.645,42.33,43.48,tp_gap_filled,126.0413,5335.33,2.717,144.95,14
FRT,2024-10-31,2024-11-01,2024-11-06,2-3%,-2.836,111.01,114.25,tp_gap_filled,47.331,5254.22,2.919,153.35,3
AAPL,2024-11-01,2024-11-04,2024-11-06,2-3%,-2.187,220.97,225.91,tp_gap_filled,23.9535,5293.01,2.236,118.33,2
IQV,2024-11-04,2024-11-05,2024-11-06,2-3%,-2.826,203.25,209.16,tp_gap_filled,26.3958,5364.94,2.908,156.0,1
ALB,2024-10-11,2024-10-14,2024-11-07,2-3%,-2.244,100.65,102.96,tp_gap_filled,53.3222,5366.88,2.295,123.17,18
FCX,2024-10-23,2024-10-24,2024-11-07,2-3%,-2.102,47.51,48.53,tp_gap_filled,111.5404,5299.29,2.147,113.77,10
ADI,2024-11-05,2024-11-06,2024-11-07,2-3%,-2.177,219.31,224.19,tp_gap_filled,24.7397,5425.67,2.225,120.73,1
COIN,2024-10-30,2024-11-06,2024-11-07,2-3%,-2.986,213.1,219.66,tp_gap_filled,25.5172,5437.73,3.078,167.39,1
CRL,2024-10-22,2024-11-06,2024-11-07,2-3%,-2.066,191.01,195.04,tp_gap_filled,28.7435,5490.3,2.11,115.84,1
FANG,2024-11-05,2024-11-06,2024-11-07,2-3%,-2.704,174.9,179.76,tp_gap_filled,31.5817,5523.63,2.779,153.49,1
EOG,2024-10-15,2024-10-16,2024-11-08,2-3%,-2.693,127.93,131.47,tp_gap_filled,42.1296,5389.64,2.767,149.14,17
HD,2024-10-29,2024-10-30,2024-11-08,2-3%,-2.221,393.94,402.89,tp_gap_filled,13.405,5280.75,2.272,119.97,7
EQIX,2024-10-31,2024-11-01,2024-11-08,2-3%,-2.731,885.36,910.22,tp_gap_filled,5.9336,5253.35,2.808,147.51,5
DLR,2024-11-06,2024-11-07,2024-11-08,2-3%,-2.221,177.0,181.02,tp_gap_filled,31.0089,5488.58,2.271,124.66,1
AFL,2024-10-31,2024-11-06,2024-11-11,2-3%,-2.634,107.19,110.09,tp_gap_filled,50.6974,5434.25,2.705,147.02,3
HON,2024-10-24,2024-11-06,2024-11-11,2-3%,-2.709,211.8985,217.7997,tp_gap_filled,26.1323,5537.4,2.785,154.21,3
HOOD,2024-11-07,2024-11-08,2024-11-11,2-3%,-2.679,29.06,29.86,tp_gap_filled,190.0494,5522.83,2.753,152.04,1
MTB,2024-11-07,2024-11-08,2024-11-11,2-3%,-2.364,211.44,216.56,tp_gap_filled,26.1866,5536.9,2.421,134.08,1
TDG,2024-11-07,2024-11-08,2024-11-11,2-3%,-2.575,1347.0,1382.6,tp_gap_filled,4.1086,5534.24,2.643,146.26,1
BAX,2024-09-30,2024-10-01,2024-11-12,2-3%,-2.981,37.75,33.5975,stop,137.4304,5188.0,-11.0,-570.68,30
SLB,2024-10-15,2024-10-16,2024-11-12,2-3%,-2.528,43.57,44.7,tp_gap_filled,123.6716,5388.37,2.594,139.75,19
HAL,2024-11-07,2024-11-11,2024-11-12,2-3%,-2.164,29.84,30.5,tp_gap_filled,184.9943,5520.23,2.212,122.1,1
MNST,2024-11-08,2024-11-11,2024-11-12,2-3%,-2.777,26.605,27.365,tp_gap_filled,207.5893,5522.91,2.857,157.77,1
PLTR,2024-11-12,2024-11-13,2024-11-14,2-3%,-2.042,59.01,60.24,tp_gap_filled,93.261,5503.33,2.084,114.71,1
A,2024-10-16,2024-10-17,2024-11-15,2-3%,-2.123,141.51,125.9439,stop,37.7574,5343.05,-11.0,-587.74,21
TMO,2024-10-23,2024-10-24,2024-11-18,2-3%,-2.012,574.58,511.3762,stop,9.2164,5295.55,-11.0,-582.51,17
NTAP,2024-11-14,2024-11-15,2024-11-18,2-3%,-2.248,116.99,119.68,tp_gap_filled,46.3191,5418.87,2.299,124.6,1
AWK,2024-11-06,2024-11-07,2024-11-19,2-3%,-2.458,133.74,137.11,tp_gap_filled,41.053,5490.43,2.52,138.35,8
RDDT,2024-11-15,2024-11-18,2024-11-19,2-3%,-2.343,128.79,131.88,tp_gap_filled,42.2466,5440.94,2.399,130.54,1
AVGO,2024-10-11,2024-10-14,2024-11-20,2-3%,-2.45,181.14,161.2146,stop,29.6129,5364.08,-11.0,-590.05,27
FRT,2024-11-18,2024-11-19,2024-11-20,2-3%,-2.501,110.7,113.54,tp_gap_filled,49.0253,5427.11,2.565,139.23,1
DE,2024-11-08,2024-11-11,2024-11-21,2-3%,-2.204,402.1,411.16,tp_gap_filled,13.7276,5519.85,2.253,124.37,8
CCL,2024-11-19,2024-11-20,2024-11-21,2-3%,-2.081,24.0,24.51,tp_gap_filled,226.5168,5436.4,2.125,115.52,1
DAL,2024-11-19,2024-11-20,2024-11-21,2-3%,-2.451,61.69,63.24,tp_gap_filled,88.3228,5448.63,2.513,136.9,1
LH,2024-11-19,2024-11-20,2024-11-21,2-3%,-2.686,232.23,238.64,tp_gap_filled,23.4961,5456.5,2.76,150.61,1
TSLA,2024-11-12,2024-11-13,2024-11-22,2-3%,-2.074,342.74,350.0,tp_gap_filled,16.0799,5511.21,2.118,116.74,7
CBOE,2024-11-06,2024-11-18,2024-11-22,2-3%,-2.578,206.69,212.16,tp_gap_filled,26.33,5442.15,2.646,144.03,4
TER,2024-11-15,2024-11-18,2024-11-22,2-3%,-2.366,104.0,106.52,tp_gap_filled,52.3296,5442.27,2.423,131.87,4
GM,2024-11-19,2024-11-20,2024-11-22,2-3%,-2.187,55.02,56.25,tp_gap_filled,99.1866,5457.25,2.236,122.0,2
COHR,2024-11-20,2024-11-21,2024-11-22,2-3%,-2.264,101.89,104.25,tp_gap_filled,54.0623,5508.41,2.316,127.59,1
ESS,2024-09-24,2024-09-25,2024-11-25,2-3%,-2.471,302.0,309.65,tp_gap_filled,17.0908,5161.41,2.533,130.74,43
PTC,2024-11-07,2024-11-11,2024-11-25,2-3%,-2.116,193.85,198.04,tp_gap_filled,28.5584,5536.04,2.161,119.66,10
SYF,2024-11-07,2024-11-11,2024-11-25,2-3%,-2.207,66.02,67.51,tp_gap_filled,83.8592,5536.39,2.257,124.95,10
SWKS,2024-11-13,2024-11-15,2024-11-25,2-3%,-2.597,84.78,87.04,tp_gap_filled,63.9228,5419.38,2.666,144.47,6
ALB,2024-11-21,2024-11-22,2024-11-25,2-3%,-2.319,107.01,109.55,tp_gap_filled,51.9435,5558.48,2.374,131.94,1
IDXX,2024-11-21,2024-11-22,2024-11-25,2-3%,-2.164,409.55,418.61,tp_gap_filled,13.5808,5562.03,2.212,123.04,1
J,2024-11-19,2024-11-22,2024-11-25,2-3%,-2.501,135.4852,138.9604,tp_gap_filled,41.0913,5567.26,2.565,142.8,1
KEY,2024-11-07,2024-11-22,2024-11-25,2-3%,-2.053,19.56,19.97,tp_gap_filled,284.6786,5568.31,2.096,116.72,1
MCD,2024-11-21,2024-11-22,2024-11-25,2-3%,-2.032,285.0,290.91,tp_gap_filled,19.5399,5568.88,2.074,115.48,1
APP,2024-11-22,2024-11-25,2024-11-26,2-3%,-2.903,309.0,318.24,tp_gap_filled,18.1987,5623.41,2.99,168.16,1
VMRK,2024-09-24,2024-09-25,2024-11-27,2-3%,-2.699,75.35,77.44,tp_gap_filled,68.4481,5157.57,2.774,143.06,45
HOOD,2024-11-26,2024-11-27,2024-11-29,2-3%,-2.114,37.05,37.85,tp_gap_filled,151.7325,5621.69,2.159,121.39,1
MTD,2024-11-26,2024-11-27,2024-11-29,2-3%,-2.568,1193.03,1224.47,tp_gap_filled,4.7168,5627.23,2.635,148.29,1
AMZN,2024-11-15,2024-11-26,2024-12-02,2-3%,-2.232,206.76,211.48,tp_gap_filled,27.2256,5629.16,2.283,128.5,3
EL,2024-11-29,2024-12-02,2024-12-03,2-3%,-2.217,72.32,73.96,tp_gap_filled,78.0897,5647.45,2.268,128.07,1
SMCI,2024-11-26,2024-12-02,2024-12-03,2-3%,-2.135,37.59,38.41,tp_gap_filled,150.6181,5661.74,2.181,123.51,1
APTV,2024-11-26,2024-11-27,2024-12-05,2-3%,-2.888,55.48,57.13,tp_gap_filled,101.455,5628.72,2.974,167.4,5
HRL,2024-12-04,2024-12-05,2024-12-06,2-3%,-2.514,31.02,31.82,tp_gap_filled,179.6516,5572.79,2.579,143.72,1
INCY,2024-12-05,2024-12-06,2024-12-09,2-3%,-2.144,73.02,74.62,tp_gap_filled,76.3056,5571.83,2.191,122.09,1
KR,2024-12-05,2024-12-06,2024-12-10,2-3%,-2.003,58.71,59.91,tp_gap_filled,95.0928,5582.9,2.044,114.11,2
CNC,2024-12-10,2024-12-11,2024-12-12,2-3%,-2.958,56.76,58.49,tp_gap_filled,98.0056,5562.8,3.048,169.55,1
MPC,2024-10-15,2024-10-16,2024-12-16,2-3%,-2.806,157.94,140.5666,stop,34.117,5388.44,-11.0,-592.73,42
F,2024-11-26,2024-11-27,2024-12-16,2-3%,-2.105,11.16,9.9324,stop,503.871,5623.2,-11.0,-618.55,12
GD,2024-12-12,2024-12-13,2024-12-16,2-3%,-2.046,260.0,265.43,tp_gap_filled,21.1472,5498.28,2.088,114.83,1
LDOS,2024-12-12,2024-12-13,2024-12-16,2-3%,-2.247,150.1,153.55,tp_gap_filled,36.602,5493.96,2.298,126.28,1
ACGL,2024-10-31,2024-11-07,2024-12-17,2-3%,-2.872,102.12,90.8868,stop,53.8256,5496.67,-11.0,-604.63,27
KHC,2024-10-30,2024-10-31,2024-12-18,2-3%,-2.615,33.89,30.1621,stop,154.5242,5236.82,-11.0,-576.05,33
CCI,2024-11-06,2024-11-08,2024-12-18,2-3%,-2.355,106.14,94.4646,stop,52.0406,5523.59,-11.0,-607.59,27
FCX,2024-11-12,2024-11-19,2024-12-18,2-3%,-2.049,43.98,39.1422,stop,123.3798,5426.24,-11.0,-596.89,20
ECHO,2024-11-12,2024-11-27,2024-12-18,2-3%,-2.22,25.55,22.7395,stop,220.3103,5628.93,-11.0,-619.18,14
SWK,2024-11-26,2024-11-27,2024-12-18,2-3%,-2.799,89.93,80.0377,stop,62.7055,5639.11,-11.0,-620.3,14
PHM,2024-12-10,2024-12-11,2024-12-18,2-3%,-2.102,125.77,111.9353,stop,44.1949,5558.39,-11.0,-611.42,5
JBHT,2024-11-13,2024-11-14,2024-12-19,2-3%,-2.114,188.47,167.7383,stop,28.9147,5449.56,-11.0,-599.45,24
LEN,2024-12-10,2024-12-11,2024-12-19,2-3%,-2.952,155.9632,138.8073,stop,35.6718,5563.48,-11.0,-611.98,6
UNH,2024-12-17,2024-12-18,2024-12-19,2-3%,-2.307,487.0,498.5,tp_gap_filled,10.9245,5320.24,2.361,125.63,1
FDS,2024-12-19,2024-12-20,2024-12-23,2-3%,-2.938,459.15,473.05,tp_gap_filled,11.6201,5335.36,3.027,161.52,1
COIN,2024-12-20,2024-12-23,2024-12-24,2-3%,-2.844,266.13,273.92,tp_gap_filled,20.1701,5367.88,2.927,157.13,1
PLTR,2024-12-20,2024-12-23,2024-12-24,2-3%,-2.116,72.64,74.21,tp_gap_filled,73.9226,5369.74,2.161,116.06,1
PYPL,2024-12-20,2024-12-23,2024-12-24,2-3%,-2.155,84.91,86.78,tp_gap_filled,63.5908,5399.49,2.202,118.91,1
VTRS,2024-12-24,2024-12-26,2024-12-27,2-3%,-2.002,12.24,12.49,tp_gap_filled,441.9156,5409.05,2.042,110.48,1
ANET,2024-12-30,2024-12-31,2025-01-02,2-3%,-2.07,110.69,113.03,tp_gap_filled,48.4008,5357.48,2.114,113.26,1
CCL,2024-12-30,2024-12-31,2025-01-02,2-3%,-2.153,24.54,25.08,tp_gap_filled,218.2598,5356.1,2.2,117.86,1
GEV,2024-12-30,2024-12-31,2025-01-02,2-3%,-2.834,324.34,333.8,tp_gap_filled,16.4766,5344.01,2.917,155.87,1
MRVL,2024-12-30,2024-12-31,2025-01-02,2-3%,-2.552,110.72,113.62,tp_gap_filled,48.3001,5347.79,2.619,140.07,1
NVDA,2024-12-09,2024-12-10,2025-01-03,2-3%,-2.436,138.97,142.44,tp_gap_filled,40.0259,5562.4,2.497,138.89,16
WDC,2024-12-19,2024-12-26,2025-01-03,2-3%,-2.55,46.8027,48.0272,tp_gap_filled,115.7223,5416.12,2.616,141.7,5
COIN,2024-12-30,2024-12-31,2025-01-03,2-3%,-2.156,259.98,265.71,tp_gap_filled,20.6179,5360.24,2.204,118.14,2
CRWD,2024-12-30,2024-12-31,2025-01-03,2-3%,-2.079,86.9025,88.7475,tp_gap_filled,61.5426,5348.2,2.123,113.55,2
ECHO,2024-12-31,2025-01-02,2025-01-03,2-3%,-2.173,22.51,23.01,tp_gap_filled,239.2217,5384.88,2.221,119.61,1
KLAC,2024-10-30,2024-11-07,2025-01-06,2-3%,-2.044,68.2,69.623,tp_gap_filled,80.5111,5490.86,2.087,114.57,39
INCY,2024-12-12,2024-12-13,2025-01-06,2-3%,-2.745,70.5,72.49,tp_gap_filled,78.0365,5501.57,2.823,155.29,14
PCAR,2024-12-20,2024-12-23,2025-01-06,2-3%,-2.549,104.77,107.51,tp_gap_filled,51.2544,5369.92,2.615,140.44,8
AVGO,2024-12-30,2024-12-31,2025-01-06,2-3%,-2.916,234.7,241.75,tp_gap_filled,22.8253,5357.1,3.004,160.92,3
BEN,2024-12-30,2024-12-31,2025-01-06,2-3%,-2.614,20.12,20.66,tp_gap_filled,266.0951,5353.83,2.684,143.69,3
RMD,2024-12-23,2024-12-24,2025-01-07,2-3%,-2.976,230.21,237.27,tp_gap_filled,23.4876,5407.07,3.067,165.82,8
AMAT,2024-12-05,2025-01-06,2025-01-07,2-3%,-2.55,176.54,181.16,tp_gap_filled,31.2075,5509.37,2.617,144.18,1
GEV,2025-01-03,2025-01-06,2025-01-07,2-3%,-2.139,331.69,338.94,tp_gap_filled,16.6144,5510.83,2.186,120.45,1
STZ,2025-01-03,2025-01-06,2025-01-07,2-3%,-2.143,217.8,222.57,tp_gap_filled,25.4589,5544.95,2.19,121.44,1
SMCI,2024-12-13,2025-01-06,2025-01-08,2-3%,-2.452,37.0,32.93,stop,149.9749,5549.07,-11.0,-610.4,2
EL,2025-01-08,2025-01-10,2025-01-13,2-3%,-2.13,72.59,74.17,tp_gap_filled,74.7237,5424.19,2.177,118.06,1
SW,2025-01-08,2025-01-10,2025-01-13,2-3%,-2.034,51.05,52.11,tp_gap_filled,106.2322,5423.15,2.076,112.61,1
HOOD,2024-12-17,2025-01-06,2025-01-14,2-3%,-2.06,42.31,43.2,tp_gap_filled,131.0271,5543.75,2.104,116.61,5
BXP,2025-01-10,2025-01-13,2025-01-14,2-3%,-2.46,68.21,69.93,tp_gap_filled,79.6887,5435.56,2.522,137.06,1
CCL,2025-01-10,2025-01-13,2025-01-14,2-3%,-2.605,23.55,24.18,tp_gap_filled,231.1163,5442.79,2.675,145.6,1
COHR,2025-01-10,2025-01-13,2025-01-14,2-3%,-2.392,91.42,93.66,tp_gap_filled,59.5791,5446.72,2.45,133.46,1
CTVA,2025-01-10,2025-01-13,2025-01-14,2-3%,-2.572,55.68,57.15,tp_gap_filled,98.0196,5457.73,2.64,144.09,1
AJG,2024-12-10,2024-12-11,2025-01-15,2-3%,-2.775,283.75,291.85,tp_gap_filled,19.6098,5564.28,2.855,158.84,22
HPE,2024-12-10,2025-01-06,2025-01-15,2-3%,-2.077,22.63,23.11,tp_gap_filled,245.0895,5546.38,2.121,117.64,6
RDDT,2025-01-08,2025-01-10,2025-01-15,2-3%,-2.745,167.59,172.32,tp_gap_filled,32.3646,5423.98,2.822,153.08,3
ALGN,2025-01-10,2025-01-13,2025-01-15,2-3%,-2.029,211.0,215.37,tp_gap_filled,25.7428,5431.73,2.071,112.5,2
CB,2025-01-10,2025-01-13,2025-01-15,2-3%,-2.835,259.09,266.65,tp_gap_filled,20.9965,5439.99,2.918,158.73,2
APH,2025-01-13,2025-01-14,2025-01-15,2-3%,-2.137,34.35,35.1,tp_gap_filled,160.404,5509.88,2.183,120.3,1
CBRE,2025-01-10,2025-01-14,2025-01-15,2-3%,-2.142,127.0,129.78,tp_gap_filled,43.4344,5516.17,2.189,120.75,1
ETN,2025-01-13,2025-01-14,2025-01-15,2-3%,-2.217,333.88,341.45,tp_gap_filled,16.5067,5511.25,2.267,124.96,1
HUBB,2025-01-10,2025-01-14,2025-01-15,2-3%,-2.463,424.06,434.77,tp_gap_filled,13.0086,5516.41,2.526,139.32,1
MS,2024-11-26,2024-11-27,2025-01-16,2-3%,-2.177,130.75,133.66,tp_gap_filled,43.0305,5626.24,2.226,125.22,32
PLTR,2025-01-08,2025-01-10,2025-01-16,2-3%,-2.672,68.12,69.99,tp_gap_filled,79.6742,5427.41,2.745,148.99,4
CRL,2025-01-10,2025-01-13,2025-01-16,2-3%,-2.097,183.97,163.7333,stop,29.6168,5448.6,-11.0,-599.35,3
CEG,2025-01-13,2025-01-15,2025-01-16,2-3%,-2.521,297.495,305.19,tp_gap_filled,18.7297,5572.0,2.587,144.13,1
MSCI,2025-01-10,2025-01-15,2025-01-16,2-3%,-2.109,589.53,602.23,tp_gap_filled,9.4402,5565.26,2.154,119.89,1
XYZ,2025-01-10,2025-01-15,2025-01-16,2-3%,-2.052,84.97,86.75,tp_gap_filled,65.5605,5570.67,2.095,116.7,1
TMUS,2025-01-06,2025-01-07,2025-01-17,2-3%,-2.583,213.45,219.11,tp_gap_filled,25.6775,5480.86,2.652,145.33,7
EBAY,2025-01-13,2025-01-14,2025-01-17,2-3%,-2.124,64.5,65.9,tp_gap_filled,85.4517,5511.63,2.171,119.63,3
DLR,2025-01-10,2025-01-15,2025-01-17,2-3%,-2.007,177.24,180.87,tp_gap_filled,31.4549,5575.07,2.048,114.18,2
IVZ,2025-01-10,2025-01-15,2025-01-17,2-3%,-2.161,16.75,17.12,tp_gap_filled,331.9569,5560.28,2.209,122.82,2
CVNA,2024-12-27,2025-01-16,2025-01-17,2-3%,-2.156,43.846,44.812,tp_gap_filled,127.9872,5611.73,2.203,123.64,1
ORCL,2025-01-10,2025-01-16,2025-01-17,2-3%,-2.415,159.2,163.14,tp_gap_filled,35.3516,5627.97,2.475,139.29,1
CAT,2024-12-10,2024-12-11,2025-01-21,2-3%,-2.139,390.72,399.26,tp_gap_filled,14.2407,5564.11,2.186,121.62,25
AZO,2025-01-10,2025-01-13,2025-01-21,2-3%,-2.069,3235.01,3303.3501,tp_gap_filled,1.6801,5435.18,2.113,114.82,5
IQV,2025-01-14,2025-01-15,2025-01-21,2-3%,-2.766,198.98,204.64,tp_gap_filled,27.9641,5564.31,2.845,158.28,3
APP,2025-01-07,2025-01-17,2025-01-22,2-3%,-2.606,345.68,354.93,tp_gap_filled,16.3481,5651.2,2.676,151.22,2
VST,2025-01-17,2025-01-21,2025-01-22,2-3%,-2.856,169.03,174.0,tp_gap_filled,33.6715,5691.5,2.94,167.35,1
DDOG,2025-01-16,2025-01-17,2025-01-23,2-3%,-2.444,137.505,140.95,tp_gap_filled,41.0783,5648.47,2.505,141.51,3
MAR,2025-01-21,2025-01-22,2025-01-23,2-3%,-2.132,271.27,277.18,tp_gap_filled,20.994,5695.03,2.179,124.07,1
ADBE,2025-01-03,2025-01-06,2025-01-24,2-3%,-2.619,429.45,441.0,tp_gap_filled,12.8263,5508.26,2.689,148.14,12
ABT,2025-01-22,2025-01-23,2025-01-24,2-3%,-2.278,114.13,116.79,tp_gap_filled,49.9881,5705.14,2.331,132.97,1
APA,2025-01-22,2025-01-23,2025-01-24,2-3%,-2.236,23.17,23.7,tp_gap_filled,247.2103,5727.86,2.287,131.02,1
MO,2024-12-26,2024-12-27,2025-01-27,2-3%,-2.226,52.28,53.47,tp_gap_filled,103.0518,5387.55,2.276,122.63,18
MTB,2025-01-16,2025-01-17,2025-01-27,2-3%,-2.569,195.71,200.87,tp_gap_filled,28.8708,5650.31,2.637,148.97,5
AAPL,2025-01-21,2025-01-22,2025-01-27,2-3%,-2.6,224.0,229.98,tp_gap_filled,25.4252,5695.24,2.67,152.04,3
TER,2025-01-21,2025-01-22,2025-01-27,2-3%,-2.457,135.0,120.15,stop,42.2565,5704.62,-11.0,-627.51,3
JNJ,2025-01-22,2025-01-23,2025-01-27,2-3%,-2.801,144.0,148.15,tp_gap_filled,39.806,5732.07,2.882,165.19,2
UNH,2025-01-16,2025-01-23,2025-01-27,2-3%,-2.405,530.35,543.42,tp_gap_filled,10.818,5737.32,2.464,141.39,2
COHR,2025-01-23,2025-01-24,2025-01-27,2-3%,-2.019,105.78,94.1442,stop,54.3066,5744.56,-11.0,-631.9,1
DELL,2025-01-23,2025-01-24,2025-01-27,2-3%,-2.102,112.7,100.303,stop,50.9133,5737.92,-11.0,-631.17,1
GNRC,2025-01-23,2025-01-24,2025-01-27,2-3%,-2.161,155.29,158.72,tp_gap_filled,36.9521,5738.29,2.209,126.75,1
TTWO,2025-01-23,2025-01-24,2025-01-27,2-3%,-2.505,183.28,187.99,tp_gap_filled,31.3233,5740.93,2.57,147.53,1
APP,2025-01-23,2025-01-24,2025-01-28,2-3%,-2.084,354.18,361.72,tp_gap_filled,16.1989,5737.33,2.129,122.14,2
ERIE,2025-01-21,2025-01-27,2025-01-28,2-3%,-2.707,394.59,405.57,tp_gap_filled,14.2811,5635.2,2.783,156.81,1
APO,2025-01-27,2025-01-28,2025-01-29,2-3%,-2.395,167.94,172.06,tp_gap_filled,33.5435,5633.3,2.453,138.2,1
AXON,2025-01-27,2025-01-28,2025-01-29,2-3%,-2.053,597.79,610.32,tp_gap_filled,9.4328,5638.82,2.096,118.19,1
BX,2025-01-27,2025-01-28,2025-01-29,2-3%,-2.645,181.8,186.74,tp_gap_filled,31.129,5659.26,2.717,153.78,1
CRWD,2025-01-27,2025-01-28,2025-01-29,2-3%,-2.246,91.625,93.73,tp_gap_filled,61.8182,5664.1,2.297,130.13,1
CVNA,2025-01-27,2025-01-28,2025-01-29,2-3%,-2.329,46.974,48.094,tp_gap_filled,121.2732,5696.69,2.384,135.83,1
DASH,2025-01-27,2025-01-28,2025-01-29,2-3%,-2.667,178.43,183.32,tp_gap_filled,31.9946,5708.79,2.741,156.45,1
DDOG,2025-01-27,2025-01-28,2025-01-29,2-3%,-2.475,137.5,140.99,tp_gap_filled,41.589,5718.49,2.538,145.15,1
DECK,2025-01-27,2025-01-28,2025-01-29,2-3%,-2.487,211.76,217.16,tp_gap_filled,27.1459,5748.41,2.55,146.59,1
CMCSA,2024-12-16,2024-12-17,2025-01-30,2-3%,-2.079,36.6354,32.6055,stop,148.3013,5433.08,-11.0,-597.64,28
GPN,2025-01-10,2025-01-15,2025-01-30,2-3%,-2.208,108.93,111.39,tp_gap_filled,51.0794,5564.08,2.258,125.66,10
COIN,2025-01-23,2025-01-24,2025-01-30,2-3%,-2.065,289.74,295.85,tp_gap_filled,19.7755,5729.76,2.109,120.83,4
ARES,2025-01-27,2025-01-28,2025-01-30,2-3%,-2.995,191.41,197.32,tp_gap_filled,29.4426,5635.6,3.088,174.01,2
BKNG,2025-01-27,2025-01-28,2025-01-30,2-3%,-2.267,186.2748,190.5956,tp_gap_filled,30.3722,5657.57,2.32,131.23,2
IBKR,2025-01-27,2025-01-30,2025-01-31,2-3%,-2.872,53.175,54.7475,tp_gap_filled,107.6302,5723.23,2.957,169.25,1
NDAQ,2025-01-29,2025-01-30,2025-01-31,2-3%,-2.389,79.25,81.19,tp_gap_filled,72.3273,5731.94,2.448,140.32,1
PGR,2025-01-29,2025-01-30,2025-01-31,2-3%,-2.706,238.42,245.05,tp_gap_filled,24.0873,5742.9,2.781,159.7,1
WDC,2025-01-27,2025-01-30,2025-01-31,2-3%,-2.67,49.5918,50.9524,tp_gap_filled,116.0656,5755.9,2.743,157.91,1
BF-B,2025-01-10,2025-01-15,2025-02-03,2-3%,-2.417,35.12,31.2568,stop,158.9798,5583.37,-11.0,-614.17,12
LHX,2025-01-30,2025-01-31,2025-02-03,2-3%,-2.147,207.4,211.95,tp_gap_filled,27.6222,5728.85,2.194,125.68,1
CMI,2025-01-27,2025-01-30,2025-02-04,2-3%,-2.073,360.0,367.62,tp_gap_filled,15.9073,5726.63,2.117,121.21,3
TPL,2025-01-27,2025-02-03,2025-02-04,2-3%,-2.082,443.9167,453.3533,tp_gap_filled,12.8218,5691.8,2.126,120.99,1
CRH,2025-01-27,2025-01-28,2025-02-05,2-3%,-2.341,98.89,101.26,tp_gap_filled,57.2874,5665.15,2.397,135.77,6
AVGO,2025-02-03,2025-02-04,2025-02-05,2-3%,-2.626,215.46,221.27,tp_gap_filled,26.5695,5724.66,2.697,154.37,1
SW,2025-01-28,2025-01-29,2025-02-06,2-3%,-2.697,53.4,54.88,tp_gap_filled,106.8584,5706.24,2.772,158.15,6
MDLZ,2025-01-31,2025-02-03,2025-02-06,2-3%,-2.277,57.08,58.41,tp_gap_filled,99.6874,5690.16,2.33,132.58,3
ALGN,2025-02-03,2025-02-04,2025-02-06,2-3%,-2.378,213.9,219.11,tp_gap_filled,26.7684,5725.76,2.436,139.46,2
CEG,2025-02-04,2025-02-05,2025-02-06,2-3%,-2.639,298.227,306.31,tp_gap_filled,19.356,5772.48,2.71,156.45,1
DXCM,2025-02-04,2025-02-05,2025-02-06,2-3%,-2.355,85.0,87.05,tp_gap_filled,68.0892,5787.58,2.412,139.58,1
FCX,2025-01-23,2025-01-24,2025-02-07,2-3%,-2.507,38.11,39.09,tp_gap_filled,150.631,5740.55,2.572,147.62,10
AME,2025-02-03,2025-02-04,2025-02-07,2-3%,-2.14,180.61,184.56,tp_gap_filled,31.6972,5724.84,2.187,125.2,3
APH,2025-02-03,2025-02-04,2025-02-07,2-3%,-2.472,34.515,35.39,tp_gap_filled,165.8602,5724.67,2.535,145.13,3
CTSH,2025-02-05,2025-02-06,2025-02-07,2-3%,-2.035,81.84,83.54,tp_gap_filled,71.0719,5816.52,2.077,120.82,1
HSY,2025-02-05,2025-02-06,2025-02-07,2-3%,-2.584,141.0,144.74,tp_gap_filled,41.3941,5836.57,2.652,154.81,1
STLD,2024-12-12,2025-01-31,2025-02-10,2-3%,-2.014,130.86,133.55,tp_gap_filled,43.8271,5735.22,2.056,117.9,6
EXE,2025-01-27,2025-01-30,2025-02-11,2-3%,-2.019,103.86,106.0,tp_gap_filled,55.1355,5726.38,2.06,117.99,8
MCK,2025-02-06,2025-02-07,2025-02-11,2-3%,-2.785,590.0,606.9,tp_gap_filled,9.8266,5797.69,2.864,166.07,2
CAT,2025-01-27,2025-01-29,2025-02-12,2-3%,-2.561,397.19,353.4991,stop,14.3737,5709.09,-11.0,-628.0,10
AAPL,2025-02-03,2025-02-04,2025-02-12,2-3%,-2.547,229.99,236.0,tp_gap_filled,24.8805,5722.26,2.613,149.53,6
ALLE,2025-02-03,2025-02-04,2025-02-13,2-3%,-2.494,129.42,132.73,tp_gap_filled,44.2505,5726.9,2.558,146.47,7
ALB,2025-02-05,2025-02-06,2025-02-13,2-3%,-2.995,80.01,82.48,tp_gap_filled,72.7156,5817.97,3.087,179.61,5
FDX,2025-02-03,2025-02-06,2025-02-13,2-3%,-2.767,207.5262,213.4327,tp_gap_filled,28.1178,5835.18,2.846,166.08,5
DDOG,2025-01-29,2025-02-11,2025-02-13,2-3%,-2.63,147.895,131.6266,stop,39.4847,5839.59,-11.0,-642.35,2
EQIX,2025-01-10,2025-01-15,2025-02-14,2-3%,-2.809,924.33,951.04,tp_gap_filled,6.0275,5571.41,2.89,160.99,21
AMAT,2025-01-23,2025-01-24,2025-02-14,2-3%,-2.752,190.13,169.2157,stop,30.2027,5742.44,-11.0,-631.67,15
TEL,2025-01-27,2025-01-31,2025-02-14,2-3%,-2.437,150.92,154.69,tp_gap_filled,37.9631,5729.39,2.498,143.12,10
AMT,2025-02-12,2025-02-13,2025-02-14,2-3%,-2.078,189.4,193.42,tp_gap_filled,30.838,5840.72,2.122,123.97,1
BXP,2025-02-12,2025-02-13,2025-02-14,2-3%,-2.376,69.85,71.55,tp_gap_filled,83.6311,5841.63,2.434,142.17,1
CBRE,2025-02-12,2025-02-13,2025-02-14,2-3%,-2.215,138.65,141.79,tp_gap_filled,42.1747,5847.53,2.265,132.43,1
CEG,2025-02-12,2025-02-13,2025-02-14,2-3%,-2.599,305.43,313.58,tp_gap_filled,19.176,5856.93,2.668,156.28,1
CPT,2025-02-12,2025-02-13,2025-02-14,2-3%,-2.487,116.85,119.83,tp_gap_filled,50.1732,5862.74,2.55,149.52,1
CVNA,2025-02-12,2025-02-13,2025-02-14,2-3%,-2.268,53.0,54.23,tp_gap_filled,110.7271,5868.54,2.321,136.19,1
DHI,2025-02-12,2025-02-13,2025-02-14,2-3%,-2.718,127.05,130.6,tp_gap_filled,46.2553,5876.73,2.794,164.21,1
KLAC,2025-01-23,2025-01-24,2025-02-19,2-3%,-2.415,75.327,77.191,tp_gap_filled,76.2308,5742.24,2.475,142.09,17
ADM,2025-02-12,2025-02-13,2025-02-19,2-3%,-2.326,45.36,46.44,tp_gap_filled,128.714,5838.47,2.381,139.01,3
CSGP,2025-02-12,2025-02-14,2025-02-19,2-3%,-2.487,74.11,76.0,tp_gap_filled,79.3755,5882.52,2.55,150.02,2
MRK,2025-02-18,2025-02-19,2025-02-20,2-3%,-2.265,81.13,83.01,tp_gap_filled,72.5776,5888.22,2.317,136.45,1
VICI,2024-12-17,2024-12-18,2025-02-21,2-3%,-2.199,30.25,30.93,tp_gap_filled,176.1055,5327.19,2.248,119.75,42
CDNS,2025-02-12,2025-02-13,2025-02-21,2-3%,-2.524,296.2,263.618,stop,19.7737,5856.97,-11.0,-644.27,5
UNH,2025-02-18,2025-02-19,2025-02-21,2-3%,-2.401,510.94,454.7366,stop,11.556,5904.44,-11.0,-649.49,2
AES,2025-02-11,2025-02-20,2025-02-21,2-3%,-2.791,10.45,10.75,tp_gap_filled,560.1744,5853.82,2.871,168.05,1
BAX,2025-02-03,2025-02-20,2025-02-21,2-3%,-2.457,31.76,32.56,tp_gap_filled,184.5083,5859.98,2.519,147.61,1
LEN,2025-02-19,2025-02-20,2025-02-21,2-3%,-2.963,118.87,122.5,tp_gap_filled,49.4278,5875.48,3.054,179.42,1
NVR,2025-02-19,2025-02-20,2025-02-21,2-3%,-2.246,7100.2402,7263.3999,tp_gap_filled,0.8277,5876.91,2.298,135.05,1
PHM,2025-02-19,2025-02-20,2025-02-21,2-3%,-2.917,102.52,105.6,tp_gap_filled,57.3882,5883.43,3.004,176.76,1
APO,2025-02-03,2025-02-04,2025-02-24,2-3%,-2.749,166.28,147.9892,stop,34.4448,5727.48,-11.0,-630.02,13
ARES,2025-02-03,2025-02-04,2025-02-24,2-3%,-2.644,192.98,171.7522,stop,29.6462,5721.13,-11.0,-629.32,13
PG,2025-02-20,2025-02-21,2025-02-24,2-3%,-2.006,163.15,166.49,tp_gap_filled,35.3094,5760.72,2.047,117.93,1
SO,2025-02-20,2025-02-21,2025-02-24,2-3%,-2.29,84.5,86.48,tp_gap_filled,68.3221,5773.22,2.343,135.28,1
AMZN,2025-02-05,2025-02-06,2025-02-25,2-3%,-2.082,237.02,210.9478,stop,24.5308,5814.3,-11.0,-639.57,12
DDOG,2025-02-18,2025-02-19,2025-02-25,2-3%,-2.061,128.31,114.1959,stop,45.8809,5886.98,-11.0,-647.57,4
ELV,2025-02-21,2025-02-24,2025-02-25,2-3%,-2.945,379.0,390.5,tp_gap_filled,15.2162,5766.93,3.034,174.99,1
WDAY,2025-02-19,2025-02-20,2025-02-26,2-3%,-2.646,258.69,265.72,tp_gap_filled,22.7936,5896.48,2.718,160.24,4
MET,2025-02-06,2025-02-07,2025-02-27,2-3%,-2.047,83.26,85.0,tp_gap_filled,69.6671,5800.49,2.09,121.22,13
ACGL,2025-02-11,2025-02-12,2025-02-27,2-3%,-2.143,89.5,91.46,tp_gap_filled,64.9481,5812.85,2.19,127.3,10
NCLH,2025-02-19,2025-02-20,2025-02-27,2-3%,-2.353,26.56,23.6384,stop,221.5709,5884.92,-11.0,-647.34,5
ANET,2025-02-25,2025-02-26,2025-02-27,2-3%,-2.837,90.06,92.69,tp_gap_filled,64.0817,5771.2,2.92,168.54,1
GEV,2025-02-25,2025-02-26,2025-02-27,2-3%,-2.738,307.26,315.91,tp_gap_filled,18.806,5778.34,2.815,162.67,1
SMCI,2025-02-25,2025-02-26,2025-02-27,2-3%,-2.887,50.12,44.6068,stop,115.8576,5806.78,-11.0,-638.75,1
VRT,2025-02-25,2025-02-26,2025-02-27,2-3%,-2.219,89.0,91.02,tp_gap_filled,65.3092,5812.52,2.27,131.92,1
VST,2025-02-25,2025-02-26,2025-02-27,2-3%,-2.34,139.42,142.76,tp_gap_filled,41.9158,5843.9,2.396,140.0,1
AXON,2025-02-20,2025-02-26,2025-02-28,2-3%,-2.093,581.0,517.09,stop,9.9681,5791.45,-11.0,-637.06,2
O,2025-02-25,2025-02-26,2025-03-03,2-3%,-2.827,55.69,57.31,tp_gap_filled,104.2314,5804.65,2.909,168.86,3
KDP,2025-02-27,2025-02-28,2025-03-03,2-3%,-2.786,32.8,33.74,tp_gap_filled,174.8345,5734.57,2.866,164.34,1
PSKY,2025-02-27,2025-02-28,2025-03-03,2-3%,-2.406,10.95,11.22,tp_gap_filled,524.2801,5740.87,2.466,141.56,1
CARR,2025-01-27,2025-02-26,2025-03-04,2-3%,-2.767,68.18,60.6802,stop,84.8807,5787.17,-11.0,-636.59,4
ALB,2025-02-28,2025-03-03,2025-03-04,2-3%,-2.026,77.37,68.8593,stop,74.0839,5731.87,-11.0,-630.51,1
APP,2025-02-28,2025-03-03,2025-03-04,2-3%,-2.337,313.0,320.49,tp_gap_filled,18.1985,5696.14,2.393,136.31,1
AMZN,2025-03-04,2025-03-05,2025-03-06,2-3%,-2.395,200.11,205.02,tp_gap_filled,28.3069,5664.5,2.454,138.99,1
AXON,2025-03-04,2025-03-05,2025-03-06,2-3%,-2.26,513.87,525.75,tp_gap_filled,11.0444,5675.39,2.312,131.21,1
COIN,2025-03-04,2025-03-05,2025-03-06,2-3%,-2.542,200.52,205.75,tp_gap_filled,28.4416,5703.12,2.608,148.75,1
CRH,2025-03-04,2025-03-05,2025-03-06,2-3%,-2.951,97.02,99.97,tp_gap_filled,59.1043,5734.3,3.041,174.36,1
DE,2025-03-04,2025-03-05,2025-03-06,2-3%,-2.582,453.8,465.83,tp_gap_filled,12.6734,5751.21,2.651,152.46,1
DELL,2025-03-04,2025-03-05,2025-03-06,2-3%,-2.679,93.0,95.56,tp_gap_filled,61.9343,5759.89,2.753,158.55,1
CPAY,2025-02-06,2025-02-07,2025-03-07,2-3%,-2.699,378.18,336.5802,stop,15.3352,5799.47,-11.0,-637.94,19
MOS,2025-02-28,2025-03-03,2025-03-07,2-3%,-2.352,24.5,25.09,tp_gap_filled,233.3993,5718.28,2.408,137.71,4
BLDR,2025-03-04,2025-03-05,2025-03-07,2-3%,-2.49,131.56,134.92,tp_gap_filled,43.2277,5687.04,2.554,145.25,2
CIEN,2025-03-04,2025-03-05,2025-03-07,2-3%,-2.397,72.9,64.881,stop,78.1062,5693.94,-11.0,-626.33,2
SNDK,2025-03-05,2025-03-06,2025-03-07,2-3%,-2.239,47.6,48.69,tp_gap_filled,118.3947,5635.59,2.29,129.05,1
TPL,2025-03-05,2025-03-06,2025-03-07,2-3%,-2.738,443.3333,455.8133,tp_gap_filled,12.6972,5629.07,2.815,158.46,1
NEE,2025-01-28,2025-03-04,2025-03-10,2-3%,-2.032,72.33,73.83,tp_gap_filled,77.7254,5621.88,2.074,116.59,4
APO,2025-03-04,2025-03-05,2025-03-10,2-3%,-2.531,140.92,125.4188,stop,40.2794,5676.18,-11.0,-624.38,3
CEG,2025-03-04,2025-03-05,2025-03-10,2-3%,-2.062,227.5,202.475,stop,25.0183,5691.66,-11.0,-626.08,3
GPC,2025-03-06,2025-03-07,2025-03-10,2-3%,-2.176,120.93,123.62,tp_gap_filled,47.111,5697.14,2.224,126.73,1
AXON,2025-03-06,2025-03-07,2025-03-11,2-3%,-2.264,522.85,534.96,tp_gap_filled,10.8705,5683.66,2.316,131.64,2
ALB,2025-03-07,2025-03-10,2025-03-11,2-3%,-2.877,74.28,76.48,tp_gap_filled,74.6443,5544.58,2.962,164.22,1
CDNS,2025-03-06,2025-03-07,2025-03-12,2-3%,-2.342,238.97,244.7,tp_gap_filled,23.7921,5685.59,2.398,136.33,3
INTC,2025-03-06,2025-03-07,2025-03-12,2-3%,-2.643,20.26,20.81,tp_gap_filled,282.357,5720.55,2.715,155.3,3
AVGO,2025-03-10,2025-03-11,2025-03-12,2-3%,-2.749,189.6,194.96,tp_gap_filled,29.1285,5522.75,2.827,156.13,1
BA,2025-03-10,2025-03-11,2025-03-12,2-3%,-2.692,150.03,154.18,tp_gap_filled,36.8158,5523.47,2.766,152.79,1
HST,2025-02-20,2025-02-21,2025-03-13,2-3%,-2.225,16.7,14.863,stop,345.0258,5761.93,-11.0,-633.81,14
CPAY,2025-03-10,2025-03-12,2025-03-13,2-3%,-2.189,328.36,335.71,tp_gap_filled,16.8885,5545.5,2.238,124.13,1
AMAT,2025-03-06,2025-03-07,2025-03-14,2-3%,-2.434,151.54,155.32,tp_gap_filled,37.4513,5675.36,2.494,141.57,5
GDDY,2025-03-06,2025-03-07,2025-03-14,2-3%,-2.779,171.4,176.3,tp_gap_filled,33.2013,5690.69,2.859,162.69,5
AES,2025-03-12,2025-03-13,2025-03-14,2-3%,-2.502,11.69,11.99,tp_gap_filled,469.8888,5493.0,2.566,140.97,1
ABBV,2025-03-10,2025-03-11,2025-03-17,2-3%,-2.007,209.99,214.29,tp_gap_filled,26.2776,5518.02,2.048,112.99,4
C,2025-03-10,2025-03-12,2025-03-18,2-3%,-2.796,68.49,70.46,tp_gap_filled,81.0159,5548.78,2.876,159.6,4
AMGN,2025-03-12,2025-03-13,2025-03-18,2-3%,-2.352,311.39,318.89,tp_gap_filled,17.6848,5506.86,2.409,132.64,3
CRWD,2025-03-06,2025-03-17,2025-03-18,2-3%,-2.424,89.145,91.36,tp_gap_filled,63.5544,5665.56,2.485,140.77,1
APH,2025-03-06,2025-03-07,2025-03-19,2-3%,-2.936,31.405,32.355,tp_gap_filled,180.9622,5683.12,3.025,171.91,8
FICO,2025-03-06,2025-03-07,2025-03-19,2-3%,-2.097,1833.73,1873.01,tp_gap_filled,3.1033,5690.63,2.142,121.9,8
AMP,2025-03-10,2025-03-12,2025-03-19,2-3%,-2.447,487.12,499.34,tp_gap_filled,11.3988,5552.58,2.509,139.29,5
CFG,2025-03-10,2025-03-12,2025-03-19,2-3%,-2.426,40.63,41.64,tp_gap_filled,136.5148,5546.59,2.486,137.88,5
DAL,2025-03-17,2025-03-18,2025-03-19,2-3%,-2.032,45.8,46.75,tp_gap_filled,123.1809,5641.68,2.074,117.02,1
LRCX,2025-03-17,2025-03-18,2025-03-19,2-3%,-2.008,77.11,78.69,tp_gap_filled,73.1737,5642.42,2.049,115.61,1
JBL,2025-03-06,2025-03-07,2025-03-20,2-3%,-2.592,139.43,143.14,tp_gap_filled,41.0666,5725.92,2.661,152.36,9
APP,2025-03-18,2025-03-19,2025-03-20,2-3%,-2.395,299.5,306.85,tp_gap_filled,19.0626,5709.26,2.454,140.11,1
AXP,2025-03-10,2025-03-19,2025-03-20,2-3%,-2.013,267.71,273.21,tp_gap_filled,21.3462,5714.59,2.054,117.4,1
COIN,2025-03-18,2025-03-19,2025-03-20,2-3%,-2.096,185.0,188.96,tp_gap_filled,30.9067,5717.73,2.141,122.39,1
NRG,2025-03-18,2025-03-19,2025-03-20,2-3%,-2.018,94.19,96.13,tp_gap_filled,60.7751,5724.4,2.06,117.9,1
NUE,2025-02-19,2025-02-20,2025-03-21,2-3%,-2.379,139.13,123.8257,stop,42.2279,5875.17,-11.0,-646.27,21
BX,2025-03-06,2025-03-17,2025-03-24,2-3%,-2.236,148.64,152.04,tp_gap_filled,38.127,5667.2,2.287,129.63,5
AVGO,2025-03-18,2025-03-19,2025-03-24,2-3%,-2.087,190.44,194.5,tp_gap_filled,29.967,5706.91,2.132,121.67,3
HOOD,2025-03-07,2025-03-19,2025-03-24,2-3%,-2.676,43.64,44.84,tp_gap_filled,131.2997,5729.92,2.75,157.56,3
COIN,2025-03-20,2025-03-21,2025-03-24,2-3%,-2.034,185.89,189.75,tp_gap_filled,30.6292,5693.66,2.076,118.23,1
DAL,2025-03-20,2025-03-21,2025-03-24,2-3%,-2.157,46.72,47.75,tp_gap_filled,121.9979,5699.74,2.205,125.66,1
VRT,2025-03-20,2025-03-21,2025-03-24,2-3%,-2.568,86.88,89.17,tp_gap_filled,65.6083,5700.05,2.636,150.24,1
HUBB,2025-03-06,2025-03-07,2025-03-25,2-3%,-2.792,343.97,353.85,tp_gap_filled,16.6056,5711.83,2.872,164.06,12
T,2025-03-11,2025-03-14,2025-03-25,2-3%,-2.969,26.47,27.28,tp_gap_filled,212.0443,5612.81,3.06,171.76,7
ALB,2025-03-20,2025-03-21,2025-03-25,2-3%,-2.617,77.41,79.49,tp_gap_filled,73.5449,5693.11,2.687,152.97,2
ADSK,2025-03-21,2025-03-24,2025-03-25,2-3%,-2.005,262.45,267.82,tp_gap_filled,21.9409,5758.38,2.046,117.82,1
AMAT,2025-03-21,2025-03-24,2025-03-25,2-3%,-2.649,150.29,154.38,tp_gap_filled,38.3643,5765.77,2.721,156.91,1
CRWD,2025-03-21,2025-03-24,2025-03-25,2-3%,-2.742,89.7275,92.2575,tp_gap_filled,64.3583,5774.71,2.82,162.83,1
CVNA,2025-03-21,2025-03-24,2025-03-25,2-3%,-2.923,36.0,37.084,tp_gap_filled,160.7155,5785.76,3.011,174.22,1
DDOG,2025-03-10,2025-03-24,2025-03-25,2-3%,-2.052,107.38,109.63,tp_gap_filled,54.3845,5839.81,2.095,122.37,1
DHI,2025-03-21,2025-03-24,2025-03-25,2-3%,-2.89,127.34,131.13,tp_gap_filled,45.9195,5847.39,2.976,174.04,1
ETR,2025-03-18,2025-03-19,2025-03-31,2-3%,-2.575,83.25,85.45,tp_gap_filled,68.7696,5725.07,2.643,151.29,8
PGR,2025-03-19,2025-03-20,2025-03-31,2-3%,-2.393,276.5,283.28,tp_gap_filled,20.6991,5723.3,2.452,140.34,7
CCI,2025-03-25,2025-03-26,2025-03-31,2-3%,-2.675,101.52,104.31,tp_gap_filled,57.1817,5805.08,2.748,159.54,3
ALB,2025-03-31,2025-04-01,2025-04-02,2-3%,-2.327,70.51,72.19,tp_gap_filled,81.9748,5780.04,2.383,137.72,1
AMD,2025-03-31,2025-04-01,2025-04-02,2-3%,-2.887,100.24,103.22,tp_gap_filled,57.7156,5785.41,2.973,171.99,1
AMZN,2025-03-31,2025-04-01,2025-04-02,2-3%,-2.351,188.19,192.72,tp_gap_filled,30.7814,5792.74,2.407,139.44,1
AVGO,2025-03-31,2025-04-01,2025-04-02,2-3%,-2.738,164.49,169.12,tp_gap_filled,35.2536,5798.87,2.815,163.22,1
AXON,2025-03-31,2025-04-01,2025-04-02,2-3%,-2.296,522.67,534.95,tp_gap_filled,11.1083,5805.97,2.349,136.41,1
BEN,2025-03-31,2025-04-01,2025-04-02,2-3%,-2.593,18.78,19.28,tp_gap_filled,309.7052,5816.26,2.662,154.85,1
NDSN,2025-02-20,2025-02-21,2025-04-03,2-3%,-2.742,211.76,188.4664,stop,27.1804,5755.72,-11.0,-633.13,29
APD,2025-02-07,2025-03-03,2025-04-03,2-3%,-2.508,319.9,284.711,stop,17.8318,5704.38,-11.0,-627.48,23
SOLV,2025-02-28,2025-03-03,2025-04-03,2-3%,-2.984,80.95,72.0455,stop,70.471,5704.63,-11.0,-627.51,23
GS,2025-03-06,2025-03-24,2025-04-03,2-3%,-2.104,580.59,516.7251,stop,10.0834,5854.3,-11.0,-643.97,8
WSM,2025-03-18,2025-03-25,2025-04-03,2-3%,-2.2,171.15,152.3235,stop,33.97,5813.97,-11.0,-639.54,7
DGX,2025-03-19,2025-03-31,2025-04-03,2-3%,-2.157,168.73,172.45,tp_gap_filled,34.1742,5766.21,2.205,127.13,3
DELL,2025-03-28,2025-04-02,2025-04-03,2-3%,-2.801,94.38,83.9982,stop,62.2467,5874.85,-11.0,-646.23,1
GPC,2025-04-01,2025-04-02,2025-04-03,2-3%,-2.636,116.0,119.14,tp_gap_filled,50.6707,5877.8,2.707,159.11,1
LULU,2025-03-31,2025-04-02,2025-04-03,2-3%,-2.361,286.14,254.6646,stop,20.579,5888.47,-11.0,-647.73,1
BSX,2025-02-18,2025-02-19,2025-04-04,2-3%,-2.281,103.69,92.2841,stop,56.7207,5881.37,-11.0,-646.95,32
PPG,2025-02-19,2025-02-20,2025-04-04,2-3%,-2.314,116.5,103.685,stop,50.5834,5892.96,-11.0,-648.23,31
BALL,2025-02-03,2025-03-10,2025-04-04,2-3%,-2.011,54.58,48.5762,stop,101.7305,5552.45,-11.0,-610.77,19
CTSH,2025-03-20,2025-03-25,2025-04-04,2-3%,-2.021,78.05,69.4645,stop,74.4536,5811.11,-11.0,-639.22,8
CEG,2025-03-27,2025-03-28,2025-04-04,2-3%,-2.309,211.96,188.6444,stop,27.1381,5752.19,-11.0,-632.74,5
NVDA,2025-03-27,2025-03-28,2025-04-04,2-3%,-2.118,111.35,99.1015,stop,51.5786,5743.28,-11.0,-631.76,5
DAL,2025-04-01,2025-04-02,2025-04-04,2-3%,-2.913,42.33,37.6737,stop,138.6165,5867.64,-11.0,-645.44,2
KLAC,2025-03-28,2025-04-02,2025-04-04,2-3%,-2.09,68.537,60.9979,stop,85.9115,5888.11,-11.0,-647.69,2
CIEN,2025-04-02,2025-04-03,2025-04-04,2-3%,-2.519,59.99,53.3911,stop,92.3549,5540.37,-11.0,-609.44,1
COIN,2025-04-02,2025-04-03,2025-04-04,2-3%,-2.263,170.57,151.8073,stop,32.3786,5522.82,-11.0,-607.51,1
CRWD,2025-04-02,2025-04-03,2025-04-04,2-3%,-2.544,88.29,78.5781,stop,62.5567,5523.13,-11.0,-607.54,1
CVNA,2025-04-02,2025-04-03,2025-04-04,2-3%,-2.343,41.522,36.9546,stop,132.9083,5518.62,-11.0,-607.05,1
EME,2025-04-02,2025-04-03,2025-04-04,2-3%,-2.876,364.7,324.583,stop,15.0378,5484.3,-11.0,-603.27,1
ETN,2025-04-02,2025-04-03,2025-04-04,2-3%,-2.172,270.69,240.9141,stop,20.2322,5476.66,-11.0,-602.43,1
FIX,2025-04-02,2025-04-03,2025-04-04,2-3%,-2.976,320.18,284.9602,stop,17.0739,5466.71,-11.0,-601.34,1
GEV,2025-04-02,2025-04-03,2025-04-04,2-3%,-2.712,307.08,273.3012,stop,17.7777,5459.19,-11.0,-600.51,1
SNA,2025-02-06,2025-03-10,2025-04-07,2-3%,-2.763,346.26,308.1714,stop,16.0265,5549.35,-11.0,-610.43,20
WMT,2025-03-10,2025-04-02,2025-04-07,2-3%,-2.137,89.76,79.8864,stop,65.5635,5884.98,-11.0,-647.35,3
CDNS,2025-04-02,2025-04-03,2025-04-07,2-3%,-2.036,253.52,225.6328,stop,21.8737,5545.41,-11.0,-610.0,2
DHI,2025-04-03,2025-04-04,2025-04-07,2-3%,-2.383,124.92,127.97,tp_gap_filled,41.3953,5171.11,2.442,126.26,1
INTC,2025-04-03,2025-04-04,2025-04-07,2-3%,-2.639,21.4,19.046,stop,241.9258,5177.21,-11.0,-569.49,1
NVR,2025-04-03,2025-04-04,2025-04-07,2-3%,-2.226,7139.5498,7302.0698,tp_gap_filled,0.7183,5128.69,2.276,116.75,1
BF-B,2025-03-12,2025-03-17,2025-04-08,2-3%,-2.193,35.24,31.3636,stop,160.6963,5662.94,-11.0,-622.92,16
ALGN,2025-04-03,2025-04-07,2025-04-08,2-3%,-2.067,160.59,142.9251,stop,31.5401,5065.02,-11.0,-557.15,1
COIN,2025-04-04,2025-04-07,2025-04-08,2-3%,-2.776,166.02,147.7578,stop,30.2858,5028.05,-11.0,-553.09,1
CRL,2025-04-04,2025-04-07,2025-04-08,2-3%,-2.121,137.99,122.8111,stop,36.3419,5014.82,-11.0,-551.63,1
CRM,2025-04-04,2025-04-07,2025-04-08,2-3%,-2.95,247.7,255.23,tp_gap_filled,20.2168,5007.7,3.04,152.23,1
FFIV,2025-04-04,2025-04-07,2025-04-08,2-3%,-2.486,244.74,250.98,tp_gap_filled,20.3935,4991.1,2.55,127.25,1
LEN,2025-04-03,2025-04-04,2025-04-09,2-3%,-2.819,112.4,100.036,stop,45.7948,5147.34,-11.0,-566.21,3
ADSK,2025-04-04,2025-04-07,2025-04-09,2-3%,-2.738,250.11,257.15,tp_gap_filled,20.2775,5071.6,2.815,142.75,2
BXP,2025-04-04,2025-04-07,2025-04-09,2-3%,-2.204,61.22,54.4858,stop,82.4593,5048.16,-11.0,-555.3,2
CARR,2025-04-04,2025-04-07,2025-04-09,2-3%,-2.997,58.9,60.72,tp_gap_filled,85.5162,5036.91,3.09,155.64,2
DOV,2025-04-04,2025-04-07,2025-04-09,2-3%,-2.931,157.96,162.73,tp_gap_filled,31.6759,5003.52,3.02,151.09,2
F,2025-04-04,2025-04-07,2025-04-09,2-3%,-2.306,9.32,9.54,tp_gap_filled,535.7553,4993.24,2.361,117.87,2
FICO,2025-04-04,2025-04-07,2025-04-09,2-3%,-2.435,1757.2,1801.05,tp_gap_filled,2.8396,4989.81,2.495,124.52,2
AES,2025-04-07,2025-04-08,2025-04-09,2-3%,-2.505,10.51,10.78,tp_gap_filled,462.7355,4863.35,2.569,124.94,1
AJG,2025-04-07,2025-04-08,2025-04-09,2-3%,-2.644,310.81,319.25,tp_gap_filled,15.6265,4856.87,2.715,131.89,1
ALB,2025-04-07,2025-04-08,2025-04-09,2-3%,-2.735,56.91,50.6499,stop,85.3529,4857.43,-11.0,-534.32,1
AME,2025-04-07,2025-04-08,2025-04-09,2-3%,-2.103,149.45,152.66,tp_gap_filled,32.3265,4831.19,2.148,103.77,1
AMP,2025-04-07,2025-04-08,2025-04-09,2-3%,-2.655,410.98,422.19,tp_gap_filled,11.7478,4828.11,2.728,131.69,1
CMG,2025-04-04,2025-04-09,2025-04-10,2-3%,-2.576,48.79,50.08,tp_gap_filled,103.3565,5042.76,2.644,133.33,1
TTWO,2025-04-03,2025-04-04,2025-04-11,2-3%,-2.672,205.46,211.1,tp_gap_filled,24.9621,5128.72,2.745,140.79,5
CASY,2025-04-04,2025-04-09,2025-04-11,2-3%,-2.64,437.31,449.17,tp_gap_filled,11.524,5039.56,2.712,136.67,2
D,2025-04-07,2025-04-09,2025-04-11,2-3%,-2.314,51.51,52.73,tp_gap_filled,98.3298,5064.97,2.368,119.96,2
APA,2025-04-09,2025-04-10,2025-04-11,2-3%,-2.21,13.72,14.03,tp_gap_filled,361.7625,4963.38,2.259,112.15,1
BAC,2025-04-09,2025-04-10,2025-04-11,2-3%,-2.798,34.05,35.03,tp_gap_filled,146.2349,4979.3,2.878,143.31,1
CTAS,2025-04-03,2025-04-04,2025-04-14,2-3%,-2.799,202.83,208.67,tp_gap_filled,25.5736,5187.09,2.879,149.35,6
LDOS,2025-04-03,2025-04-04,2025-04-14,2-3%,-2.658,139.14,142.94,tp_gap_filled,37.0739,5158.46,2.731,140.88,6
AMGN,2025-04-07,2025-04-08,2025-04-14,2-3%,-2.276,287.69,294.39,tp_gap_filled,16.804,4834.36,2.329,112.59,4
BRK-B,2025-04-04,2025-04-09,2025-04-14,2-3%,-2.105,519.0,530.16,tp_gap_filled,9.7079,5038.39,2.15,108.34,3
DPZ,2025-04-03,2025-04-09,2025-04-14,2-3%,-2.669,455.85,468.35,tp_gap_filled,11.115,5066.78,2.742,138.94,3
ADSK,2025-04-10,2025-04-11,2025-04-14,2-3%,-2.417,257.16,263.53,tp_gap_filled,19.6383,5050.2,2.477,125.1,1
AMP,2025-04-10,2025-04-11,2025-04-14,2-3%,-2.888,459.34,473.0,tp_gap_filled,10.9972,5051.46,2.974,150.22,1
AXON,2025-04-10,2025-04-11,2025-04-14,2-3%,-2.856,543.85,559.84,tp_gap_filled,9.2979,5056.69,2.94,148.67,1
ALLE,2025-04-04,2025-04-07,2025-04-15,2-3%,-2.964,123.44,127.21,tp_gap_filled,40.9398,5053.61,3.054,154.34,6
AAPL,2025-04-11,2025-04-14,2025-04-15,2-3%,-2.269,186.1,190.42,tp_gap_filled,27.4444,5107.4,2.321,118.56,1
APP,2025-04-11,2025-04-14,2025-04-16,2-3%,-2.098,258.295,229.8826,stop,19.8477,5126.56,-11.0,-563.92,2
BG,2025-04-04,2025-04-11,2025-04-17,2-3%,-2.647,76.13,78.2,tp_gap_filled,66.5691,5067.9,2.719,137.8,4
HBAN,2025-04-10,2025-04-15,2025-04-17,2-3%,-2.772,13.33,13.71,tp_gap_filled,381.538,5085.9,2.851,144.98,2
DG,2025-04-04,2025-04-07,2025-04-21,2-3%,-2.277,92.26,94.41,tp_gap_filled,54.2398,5004.17,2.33,116.62,9
AMZN,2025-04-02,2025-04-09,2025-04-21,2-3%,-2.347,187.66,167.0174,stop,26.8239,5033.78,-11.0,-553.72,7
COIN,2025-04-16,2025-04-17,2025-04-21,2-3%,-2.888,170.5,175.57,tp_gap_filled,29.5795,5043.3,2.974,149.97,1
LVS,2025-04-10,2025-04-15,2025-04-22,2-3%,-2.461,32.9,33.73,tp_gap_filled,154.6272,5087.24,2.523,128.34,4
TFC,2025-04-17,2025-04-21,2025-04-22,2-3%,-2.472,35.11,36.0,tp_gap_filled,140.2077,4922.69,2.535,124.78,1
CPAY,2025-04-04,2025-04-09,2025-04-23,2-3%,-2.947,308.27,317.63,tp_gap_filled,16.3941,5053.82,3.036,153.45,9
GDDY,2025-04-04,2025-04-09,2025-04-23,2-3%,-2.628,173.0,177.67,tp_gap_filled,29.2893,5067.05,2.699,136.78,9
AXP,2025-04-10,2025-04-14,2025-04-23,2-3%,-2.798,255.02,262.36,tp_gap_filled,20.0161,5104.51,2.878,146.92,6
BIIB,2025-04-10,2025-04-14,2025-04-23,2-3%,-2.523,117.45,120.49,tp_gap_filled,43.4642,5104.87,2.588,132.13,6
CBRE,2025-04-10,2025-04-14,2025-04-23,2-3%,-2.581,118.14,121.27,tp_gap_filled,43.1977,5103.38,2.649,135.21,6
APD,2025-04-15,2025-04-16,2025-04-23,2-3%,-2.04,267.02,272.58,tp_gap_filled,18.6992,4993.05,2.082,103.97,4
CDNS,2025-04-16,2025-04-17,2025-04-23,2-3%,-2.951,256.51,264.31,tp_gap_filled,19.647,5039.65,3.041,153.25,3
DXCM,2025-04-17,2025-04-21,2025-04-23,2-3%,-2.517,67.0,68.73,tp_gap_filled,73.7317,4940.02,2.582,127.56,2
PLTR,2025-04-16,2025-04-21,2025-04-23,2-3%,-2.154,96.28,98.4,tp_gap_filled,51.2748,4936.74,2.202,108.7,2
ALB,2025-04-15,2025-04-22,2025-04-23,2-3%,-2.422,56.0,57.39,tp_gap_filled,90.1446,5048.1,2.482,125.3,1
APA,2025-04-21,2025-04-22,2025-04-23,2-3%,-2.98,15.63,16.11,tp_gap_filled,322.6202,5042.55,3.071,154.86,1
BX,2025-04-21,2025-04-23,2025-04-24,2-3%,-2.6,127.0,130.39,tp_gap_filled,40.4955,5142.93,2.669,137.28,1
HAS,2025-04-10,2025-04-23,2025-04-24,2-3%,-2.483,53.81,55.18,tp_gap_filled,95.3305,5129.74,2.546,130.6,1
MAR,2025-04-10,2025-04-23,2025-04-24,2-3%,-2.117,228.45,233.39,tp_gap_filled,22.37,5110.43,2.162,110.51,1
ADBE,2025-04-04,2025-04-09,2025-04-25,2-3%,-2.246,359.0,367.25,tp_gap_filled,14.0107,5029.82,2.298,115.59,11
DDOG,2025-04-02,2025-04-09,2025-04-25,2-3%,-2.879,98.15,101.06,tp_gap_filled,51.6414,5068.61,2.965,150.28,11
ANET,2025-04-10,2025-04-14,2025-04-25,2-3%,-2.632,74.0,76.0,tp_gap_filled,69.2971,5127.98,2.703,138.59,8
EQIX,2025-04-03,2025-04-23,2025-04-25,2-3%,-2.525,810.55,831.55,tp_gap_filled,6.3366,5136.15,2.591,133.07,2
INTU,2025-04-03,2025-04-23,2025-04-25,2-3%,-2.723,604.0,620.91,tp_gap_filled,8.4841,5124.4,2.8,143.47,2
NOW,2025-03-06,2025-04-24,2025-04-25,2-3%,-2.816,178.0,183.158,tp_gap_filled,29.3218,5219.29,2.898,151.24,1
CBRE,2025-04-24,2025-04-25,2025-04-28,2-3%,-2.671,118.79,122.05,tp_gap_filled,44.1728,5247.28,2.744,144.0,1
MSI,2025-04-03,2025-04-04,2025-04-29,2-3%,-2.071,427.94,436.99,tp_gap_filled,12.0209,5144.2,2.115,108.79,16
AOS,2025-04-03,2025-04-11,2025-04-29,2-3%,-2.465,64.49,66.12,tp_gap_filled,78.4098,5056.65,2.528,127.81,11
DIS,2025-04-10,2025-04-23,2025-04-29,2-3%,-2.756,88.92,91.44,tp_gap_filled,57.8377,5142.93,2.834,145.75,4
BKNG,2025-03-06,2025-04-24,2025-04-29,2-3%,-2.063,192.6404,196.6984,tp_gap_filled,27.0901,5218.64,2.107,109.93,3
MRNA,2025-04-25,2025-04-28,2025-04-29,2-3%,-2.081,26.82,27.39,tp_gap_filled,196.3222,5265.36,2.125,111.9,1
SHW,2025-04-03,2025-04-04,2025-04-30,2-3%,-2.415,345.12,353.66,tp_gap_filled,14.8888,5138.44,2.475,127.15,17
DPZ,2025-04-28,2025-04-29,2025-04-30,2-3%,-2.166,477.02,487.58,tp_gap_filled,11.0988,5294.33,2.214,117.2,1
ISRG,2025-04-10,2025-04-23,2025-05-01,2-3%,-2.668,509.0,522.95,tp_gap_filled,10.061,5121.03,2.741,140.35,6
AKAM,2025-04-03,2025-04-24,2025-05-01,2-3%,-2.597,79.51,81.63,tp_gap_filled,65.6478,5219.66,2.666,139.17,5
GE,2025-04-02,2025-04-25,2025-05-01,2-3%,-2.115,199.48,203.79,tp_gap_filled,26.3263,5251.57,2.161,113.47,4
APO,2025-04-02,2025-04-28,2025-05-01,2-3%,-2.313,135.17,138.37,tp_gap_filled,38.9146,5260.08,2.367,124.53,3
KKR,2025-04-02,2025-04-28,2025-05-01,2-3%,-2.436,114.97,117.84,tp_gap_filled,45.7719,5262.4,2.496,131.37,3
GLW,2025-04-29,2025-04-30,2025-05-01,2-3%,-2.041,43.2,44.1,tp_gap_filled,122.732,5302.02,2.083,110.46,1
LYB,2025-04-25,2025-04-28,2025-05-02,2-3%,-2.869,57.55,59.25,tp_gap_filled,91.3991,5260.02,2.954,155.38,4
HIG,2025-04-04,2025-04-29,2025-05-02,2-3%,-2.066,120.89,123.44,tp_gap_filled,43.8699,5303.44,2.109,111.87,3
ZTS,2025-04-04,2025-04-29,2025-05-02,2-3%,-2.262,156.0,159.61,tp_gap_filled,34.0151,5306.35,2.314,122.79,3
AMAT,2025-04-30,2025-05-01,2025-05-02,2-3%,-2.394,145.97,149.55,tp_gap_filled,36.1282,5273.63,2.453,129.34,1
AMP,2025-04-30,2025-05-01,2025-05-02,2-3%,-2.046,462.0,471.65,tp_gap_filled,11.4265,5279.03,2.089,110.27,1
AMZN,2025-04-30,2025-05-01,2025-05-02,2-3%,-2.786,182.17,187.39,tp_gap_filled,29.0053,5283.9,2.865,151.41,1
APH,2025-04-30,2025-05-01,2025-05-02,2-3%,-2.673,37.315,38.34,tp_gap_filled,141.9147,5295.55,2.747,145.46,1
AVGO,2025-04-30,2025-05-01,2025-05-02,2-3%,-2.757,185.9,191.17,tp_gap_filled,28.5623,5309.74,2.835,150.52,1
AXP,2025-04-30,2025-05-01,2025-05-02,2-3%,-2.269,260.96,267.02,tp_gap_filled,20.4095,5326.06,2.322,123.68,1
ARES,2025-03-06,2025-05-02,2025-05-05,2-3%,-2.896,158.28,163.0,tp_gap_filled,33.9365,5371.47,2.982,160.18,1
BLDR,2025-04-10,2025-04-14,2025-05-06,2-3%,-2.117,122.09,108.6601,stop,41.8445,5108.8,-11.0,-561.97,15
ETN,2025-05-02,2025-05-05,2025-05-07,2-3%,-2.632,293.72,301.66,tp_gap_filled,18.2911,5372.45,2.703,145.23,2
CINF,2025-04-03,2025-04-29,2025-05-08,2-3%,-2.412,144.03,147.59,tp_gap_filled,36.8311,5304.78,2.472,131.12,7
CTVA,2025-04-03,2025-04-29,2025-05-08,2-3%,-2.422,62.45,64.0,tp_gap_filled,84.8212,5297.09,2.482,131.47,7
MCD,2025-05-01,2025-05-02,2025-05-08,2-3%,-2.033,313.15,319.65,tp_gap_filled,17.1549,5372.05,2.076,111.51,4
APP,2025-05-05,2025-05-06,2025-05-08,2-3%,-2.728,299.19,307.58,tp_gap_filled,17.8466,5339.52,2.804,149.73,2
APA,2025-05-05,2025-05-08,2025-05-09,2-3%,-2.187,16.1,16.46,tp_gap_filled,334.3256,5382.64,2.236,120.36,1
AXON,2025-05-06,2025-05-08,2025-05-09,2-3%,-2.0,608.97,621.4,tp_gap_filled,8.8411,5383.98,2.041,109.9,1
CPAY,2025-05-07,2025-05-08,2025-05-09,2-3%,-2.945,316.68,326.29,tp_gap_filled,17.0986,5414.79,3.035,164.32,1
AVY,2025-04-03,2025-04-23,2025-05-12,2-3%,-2.215,176.58,180.58,tp_gap_filled,29.2059,5157.18,2.265,116.82,13
GM,2025-04-03,2025-04-23,2025-05-12,2-3%,-2.147,46.95,47.98,tp_gap_filled,109.3889,5135.81,2.194,112.67,13
ABNB,2025-03-27,2025-05-02,2025-05-12,2-3%,-2.041,126.015,128.64,tp_gap_filled,42.6384,5373.08,2.083,111.93,6
VMC,2025-02-19,2025-05-02,2025-05-12,2-3%,-2.277,266.55,272.76,tp_gap_filled,20.1645,5374.84,2.33,125.22,6
ACN,2025-04-03,2025-05-05,2025-05-12,2-3%,-2.633,308.0,316.33,tp_gap_filled,17.445,5373.05,2.705,145.32,5
APO,2025-05-02,2025-05-05,2025-05-12,2-3%,-2.712,134.15,137.89,tp_gap_filled,40.0506,5372.79,2.788,149.79,5
COF,2025-03-04,2025-05-08,2025-05-12,2-3%,-2.1,192.06,196.18,tp_gap_filled,28.212,5418.4,2.145,116.23,2
ABBV,2025-05-08,2025-05-09,2025-05-12,2-3%,-2.105,184.13,188.09,tp_gap_filled,29.2525,5386.26,2.151,115.84,1
AMGN,2025-05-08,2025-05-09,2025-05-12,2-3%,-2.317,269.45,275.84,tp_gap_filled,19.9924,5386.95,2.371,127.75,1
MRVL,2025-05-06,2025-05-09,2025-05-12,2-3%,-2.598,60.37,61.98,tp_gap_filled,89.1728,5383.36,2.667,143.57,1
ADI,2025-03-10,2025-05-12,2025-05-13,2-3%,-2.497,220.22,225.86,tp_gap_filled,24.8902,5481.33,2.561,140.38,1
APTV,2025-03-27,2025-05-12,2025-05-13,2-3%,-2.888,63.9,65.8,tp_gap_filled,85.8369,5484.98,2.973,163.09,1
CRWD,2025-05-09,2025-05-12,2025-05-13,2-3%,-2.26,104.7363,107.1575,tp_gap_filled,52.4936,5497.98,2.312,127.1,1
IBKR,2025-03-06,2025-05-12,2025-05-13,2-3%,-2.049,48.165,49.1725,tp_gap_filled,114.0845,5494.88,2.092,114.94,1
MNST,2025-05-09,2025-05-12,2025-05-13,2-3%,-2.212,29.405,30.07,tp_gap_filled,187.2295,5505.48,2.262,124.51,1
MS,2025-03-04,2025-05-12,2025-05-13,2-3%,-2.06,126.47,129.13,tp_gap_filled,43.6263,5517.42,2.103,116.05,1
NSC,2025-04-03,2025-05-12,2025-05-13,2-3%,-2.771,231.96,238.57,tp_gap_filled,23.7916,5518.71,2.85,157.26,1
ORCL,2025-03-06,2025-05-12,2025-05-13,2-3%,-2.723,157.16,161.56,tp_gap_filled,35.1693,5527.21,2.8,154.74,1
ABBV,2025-05-12,2025-05-13,2025-05-14,2-3%,-2.492,180.0,184.6,tp_gap_filled,30.6397,5515.14,2.556,140.94,1
COR,2025-05-12,2025-05-13,2025-05-14,2-3%,-2.484,275.97,283.0,tp_gap_filled,20.0227,5525.66,2.547,140.76,1
MCK,2025-05-12,2025-05-13,2025-05-14,2-3%,-2.862,673.61,693.46,tp_gap_filled,8.2076,5528.69,2.947,162.92,1
DRI,2025-04-03,2025-04-23,2025-05-15,2-3%,-2.944,203.4,209.57,tp_gap_filled,25.2616,5138.21,3.033,155.86,16
PM,2025-05-12,2025-05-15,2025-05-16,2-3%,-2.392,165.64,169.7,tp_gap_filled,33.562,5559.21,2.451,136.26,1
ITW,2025-04-03,2025-05-12,2025-05-19,2-3%,-2.286,246.66,252.43,tp_gap_filled,22.3036,5501.41,2.339,128.69,5
T,2025-05-12,2025-05-13,2025-05-19,2-3%,-2.694,27.09,27.84,tp_gap_filled,204.3007,5534.51,2.769,153.23,4
TMUS,2025-05-12,2025-05-13,2025-05-19,2-3%,-2.047,238.82,243.81,tp_gap_filled,23.147,5527.97,2.089,115.5,4
COIN,2025-05-15,2025-05-16,2025-05-19,2-3%,-2.623,256.5,263.41,tp_gap_filled,21.873,5610.41,2.694,151.14,1
CMCSA,2025-04-04,2025-04-09,2025-05-20,2-3%,-2.212,32.7366,33.477,tp_gap_filled,153.9852,5040.96,2.262,114.01,28
NEM,2025-05-16,2025-05-19,2025-05-20,2-3%,-2.187,48.75,49.84,tp_gap_filled,115.2207,5617.01,2.236,125.59,1
COHR,2025-05-15,2025-05-16,2025-05-21,2-3%,-2.317,78.83,80.7,tp_gap_filled,71.1814,5611.23,2.372,133.11,3
APH,2025-05-19,2025-05-20,2025-05-21,2-3%,-2.348,42.42,43.44,tp_gap_filled,132.2587,5610.42,2.405,134.9,1
HAL,2025-04-21,2025-05-12,2025-05-22,2-3%,-2.13,22.05,19.6245,stop,249.6539,5504.87,-11.0,-605.54,8
MRVL,2025-05-20,2025-05-21,2025-05-22,2-3%,-2.574,60.95,62.56,tp_gap_filled,90.0973,5491.43,2.642,145.06,1
CVNA,2025-05-21,2025-05-22,2025-05-23,2-3%,-2.686,58.834,60.458,tp_gap_filled,93.0238,5472.96,2.76,151.07,1
DECK,2025-05-21,2025-05-22,2025-05-23,2-3%,-2.065,126.18,112.3002,stop,43.4338,5480.48,-11.0,-602.85,1
DLTR,2025-05-21,2025-05-22,2025-05-28,2-3%,-2.075,88.74,90.62,tp_gap_filled,61.7566,5480.28,2.119,116.1,3
ANET,2025-05-15,2025-05-16,2025-05-30,2-3%,-2.932,95.34,84.8526,stop,58.838,5609.62,-11.0,-617.06,9
AES,2025-05-22,2025-05-23,2025-05-30,2-3%,-2.764,9.85,10.13,tp_gap_filled,552.4814,5441.94,2.843,154.69,4
NEM,2025-05-27,2025-05-28,2025-06-02,2-3%,-2.05,52.55,53.65,tp_gap_filled,104.3214,5482.09,2.093,114.75,3
HRL,2025-05-29,2025-05-30,2025-06-02,2-3%,-2.43,29.31,30.04,tp_gap_filled,188.1141,5513.62,2.491,137.32,1
APA,2025-05-15,2025-05-16,2025-06-03,2-3%,-2.807,17.66,18.17,tp_gap_filled,317.8252,5612.79,2.888,162.09,11
MRNA,2025-05-30,2025-06-02,2025-06-03,2-3%,-2.172,26.345,26.93,tp_gap_filled,209.0858,5508.37,2.221,122.32,1
WFC,2025-03-04,2025-05-13,2025-06-04,2-3%,-2.025,75.47,77.03,tp_gap_filled,73.2245,5526.26,2.067,114.23,15
COHR,2025-05-30,2025-06-03,2025-06-04,2-3%,-2.892,77.22,79.52,tp_gap_filled,71.8979,5551.96,2.978,165.36,1
ALB,2025-05-19,2025-05-20,2025-06-05,2-3%,-2.873,58.48,60.21,tp_gap_filled,95.914,5609.05,2.958,165.93,11
FSLR,2025-05-22,2025-05-23,2025-06-05,2-3%,-2.093,159.95,163.37,tp_gap_filled,34.047,5445.81,2.138,116.44,8
ABNB,2025-05-20,2025-06-04,2025-06-05,2-3%,-2.083,133.755,136.6,tp_gap_filled,41.6651,5572.92,2.127,118.54,1
BR,2025-04-03,2025-04-23,2025-06-06,2-3%,-2.152,240.95,246.25,tp_gap_filled,21.3652,5147.94,2.2,113.24,31
AIG,2025-04-04,2025-05-13,2025-06-06,2-3%,-2.355,84.17,86.2,tp_gap_filled,65.6695,5527.4,2.412,133.31,17
DOW,2025-05-30,2025-06-03,2025-06-06,2-3%,-2.9,27.955,28.79,tp_gap_filled,199.0252,5563.75,2.987,166.19,3
GOOG,2025-06-02,2025-06-03,2025-06-06,2-3%,-2.222,169.01,172.85,tp_gap_filled,32.9099,5562.11,2.272,126.37,3
NCLH,2025-05-19,2025-06-05,2025-06-06,2-3%,-2.906,18.71,19.27,tp_gap_filled,297.841,5572.6,2.993,166.79,1
ALGN,2025-05-19,2025-05-20,2025-06-10,2-3%,-2.103,184.33,188.29,tp_gap_filled,30.4513,5613.08,2.148,120.59,14
TSLA,2025-06-05,2025-06-10,2025-06-11,2-3%,-2.879,322.49,332.05,tp_gap_filled,17.4043,5612.71,2.964,166.38,1
BRO,2025-06-11,2025-06-12,2025-06-13,2-3%,-2.076,103.3,105.49,tp_gap_filled,54.5197,5631.88,2.12,119.4,1
LMT,2025-06-11,2025-06-12,2025-06-13,2-3%,-2.674,464.15,476.9,tp_gap_filled,12.1543,5641.42,2.747,154.97,1
CF,2025-06-12,2025-06-13,2025-06-16,2-3%,-2.1,93.24,95.24,tp_gap_filled,60.0483,5598.9,2.145,120.1,1
CEG,2025-06-04,2025-06-09,2025-06-17,2-3%,-2.885,304.0,313.03,tp_gap_filled,18.4455,5607.45,2.97,166.56,6
AMAT,2025-06-13,2025-06-16,2025-06-17,2-3%,-2.251,171.06,175.0,tp_gap_filled,32.8885,5625.91,2.303,129.58,1
AMD,2025-06-13,2025-06-16,2025-06-17,2-3%,-2.068,116.05,118.5,tp_gap_filled,48.5562,5634.94,2.111,118.96,1
DVN,2025-06-16,2025-06-17,2025-06-18,2-3%,-2.022,34.4,35.11,tp_gap_filled,162.5863,5592.97,2.064,115.44,1
APP,2025-06-13,2025-06-16,2025-06-20,2-3%,-2.05,372.78,331.7742,stop,15.1833,5660.05,-11.0,-622.61,3
EL,2025-06-17,2025-06-18,2025-06-20,2-3%,-2.105,73.02,74.59,tp_gap_filled,76.5627,5590.6,2.15,120.2,1
SNDK,2025-04-02,2025-06-18,2025-06-20,2-3%,-2.474,46.92,48.11,tp_gap_filled,119.2458,5595.01,2.536,141.9,1
GE,2025-06-12,2025-06-20,2025-06-23,2-3%,-2.248,240.0,245.52,tp_gap_filled,23.2512,5580.29,2.3,128.35,1
AVGO,2025-06-13,2025-06-16,2025-06-24,2-3%,-2.113,250.66,256.07,tp_gap_filled,22.5742,5658.45,2.158,122.13,5
NXPI,2025-06-17,2025-06-18,2025-06-24,2-3%,-2.059,213.05,217.53,tp_gap_filled,26.2714,5597.11,2.103,117.7,3
COIN,2025-06-23,2025-06-24,2025-06-25,2-3%,-2.043,302.08,308.38,tp_gap_filled,18.7124,5652.64,2.086,117.89,1
NCLH,2025-06-23,2025-06-24,2025-06-25,2-3%,-2.333,18.42,18.86,tp_gap_filled,309.2334,5696.08,2.389,136.06,1
ALB,2025-06-13,2025-06-16,2025-06-26,2-3%,-2.049,61.2,62.48,tp_gap_filled,91.9447,5627.02,2.092,117.69,7
APA,2025-06-24,2025-06-25,2025-06-26,2-3%,-2.066,18.01,18.39,tp_gap_filled,311.2384,5605.4,2.11,118.27,1
DOW,2025-06-23,2025-06-24,2025-06-27,2-3%,-2.017,27.2,27.76,tp_gap_filled,209.2877,5692.63,2.059,117.2,3
CNC,2025-06-02,2025-06-03,2025-07-01,2-3%,-2.374,55.1,56.44,tp_gap_filled,100.7368,5550.6,2.432,134.99,19
PKG,2025-04-03,2025-06-06,2025-07-01,2-3%,-2.056,197.22,201.36,tp_gap_filled,28.4195,5604.89,2.099,117.66,16
DVN,2025-06-24,2025-06-25,2025-07-01,2-3%,-2.132,32.13,32.83,tp_gap_filled,174.3584,5602.14,2.179,122.05,4
GIS,2025-06-25,2025-06-26,2025-07-01,2-3%,-2.546,52.05,53.41,tp_gap_filled,108.43,5643.78,2.613,147.46,3
OMC,2025-06-25,2025-06-26,2025-07-01,2-3%,-2.001,71.03,72.48,tp_gap_filled,79.328,5634.67,2.041,115.03,3
SBAC,2025-05-12,2025-05-19,2025-07-02,2-3%,-2.207,234.4,239.69,tp_gap_filled,24.0169,5629.57,2.257,127.05,30
DECK,2025-06-13,2025-06-27,2025-07-02,2-3%,-2.581,104.92,107.7,tp_gap_filled,53.9714,5662.68,2.65,150.04,3
COIN,2025-07-01,2025-07-02,2025-07-03,2-3%,-2.999,339.98,350.49,tp_gap_filled,16.9605,5766.23,3.091,178.25,1
NOC,2025-07-02,2025-07-03,2025-07-07,2-3%,-2.091,493.0,503.53,tp_gap_filled,11.7152,5775.57,2.136,123.36,1
GILD,2025-06-10,2025-06-11,2025-07-08,2-3%,-2.752,109.89,113.0,tp_gap_filled,50.9496,5598.85,2.83,158.45,17
IQV,2025-04-04,2025-06-11,2025-07-08,2-3%,-2.35,163.75,167.69,tp_gap_filled,34.1823,5597.35,2.406,134.68,17
HOOD,2025-07-03,2025-07-07,2025-07-08,2-3%,-2.541,95.49,97.98,tp_gap_filled,60.0521,5734.38,2.608,149.53,1
MGM,2025-07-07,2025-07-08,2025-07-09,2-3%,-2.767,36.55,37.59,tp_gap_filled,158.0857,5778.03,2.845,164.41,1
ON,2025-07-07,2025-07-08,2025-07-09,2-3%,-2.138,55.39,56.6,tp_gap_filled,104.4539,5785.7,2.185,126.39,1
ZTS,2025-06-18,2025-06-20,2025-07-10,2-3%,-2.833,157.09,161.67,tp_gap_filled,35.5182,5579.55,2.916,162.67,13
AMD,2025-07-01,2025-07-02,2025-07-10,2-3%,-2.206,138.77,141.9,tp_gap_filled,41.5562,5766.75,2.256,130.07,5
NEE,2025-07-08,2025-07-09,2025-07-10,2-3%,-2.528,72.86,74.75,tp_gap_filled,79.4573,5789.26,2.594,150.17,1
HUM,2025-05-21,2025-07-01,2025-07-15,2-3%,-2.166,249.78,222.3042,stop,23.1177,5774.33,-11.0,-635.18,9
LITE,2025-07-01,2025-07-03,2025-07-15,2-3%,-2.199,92.97,95.06,tp_gap_filled,62.1303,5776.25,2.248,129.85,7
NCLH,2025-07-11,2025-07-14,2025-07-15,2-3%,-2.333,22.61,23.15,tp_gap_filled,255.9693,5787.47,2.388,138.22,1
AFL,2025-04-04,2025-04-14,2025-07-16,2-3%,-2.157,109.34,101.44,time_exit,46.9172,5129.93,-7.225,-370.65,63
ETR,2025-04-29,2025-04-30,2025-07-17,2-3%,-2.08,83.32,85.09,tp_gap_filled,63.6402,5302.5,2.124,112.64,53
APP,2025-07-15,2025-07-16,2025-07-17,2-3%,-2.22,348.0,355.9,tp_gap_filled,16.5751,5768.14,2.27,130.94,1
CCI,2025-05-12,2025-05-19,2025-07-18,2-3%,-2.076,102.82,105.0,tp_gap_filled,54.6253,5616.57,2.12,119.08,41
CNC,2025-07-10,2025-07-11,2025-07-18,2-3%,-2.297,32.33,28.7737,stop,179.5609,5805.21,-11.0,-638.57,5
KLAC,2025-07-16,2025-07-17,2025-07-18,2-3%,-2.5,91.312,93.653,tp_gap_filled,63.3617,5785.68,2.564,148.33,1
CRWD,2025-07-14,2025-07-15,2025-07-21,2-3%,-2.431,116.705,119.6125,tp_gap_filled,49.0682,5726.5,2.491,142.67,4
OMC,2025-07-09,2025-07-10,2025-07-22,2-3%,-2.786,72.58,74.66,tp_gap_filled,80.2875,5827.27,2.866,167.0,8
EIX,2025-07-07,2025-07-10,2025-07-23,2-3%,-2.303,51.34,52.55,tp_gap_filled,113.509,5827.55,2.357,137.35,9
SW,2025-07-11,2025-07-14,2025-07-23,2-3%,-2.686,46.73,48.02,tp_gap_filled,124.0298,5795.91,2.761,160.0,7
DOW,2025-07-11,2025-07-22,2025-07-23,2-3%,-2.018,29.62,30.23,tp_gap_filled,195.8255,5800.35,2.059,119.45,1
CHRW,2025-04-03,2025-05-16,2025-07-24,2-3%,-2.315,100.44,102.82,tp_gap_filled,55.871,5611.68,2.37,132.97,46
BAC,2025-07-08,2025-07-21,2025-07-24,2-3%,-2.384,47.5,48.66,tp_gap_filled,121.1862,5756.34,2.442,140.58,3
GM,2025-07-22,2025-07-23,2025-07-24,2-3%,-2.8,51.72,53.21,tp_gap_filled,112.9703,5842.82,2.881,168.33,1
HAL,2025-07-22,2025-07-23,2025-07-24,2-3%,-2.266,20.7,21.18,tp_gap_filled,282.6467,5850.79,2.319,135.67,1
CVX,2025-04-04,2025-06-23,2025-07-25,2-3%,-2.793,151.76,156.12,tp_gap_filled,37.0683,5625.48,2.873,161.62,23
DHR,2025-07-14,2025-07-15,2025-07-25,2-3%,-2.368,200.0,204.85,tp_gap_filled,28.6523,5730.46,2.425,138.96,8
ALB,2025-07-23,2025-07-24,2025-07-25,2-3%,-2.21,81.4,83.24,tp_gap_filled,72.1062,5869.45,2.26,132.68,1
MCO,2025-07-23,2025-07-24,2025-07-25,2-3%,-2.971,484.29,499.12,tp_gap_filled,12.1404,5879.47,3.062,180.04,1
KDP,2025-04-24,2025-04-25,2025-07-28,2-3%,-2.756,34.22,32.97,time_exit,153.4245,5250.19,-3.653,-191.78,63
NXPI,2025-07-22,2025-07-23,2025-07-28,2-3%,-2.69,222.13,228.27,tp_gap_filled,26.4203,5868.74,2.764,162.22,3
KMI,2025-07-17,2025-07-18,2025-07-29,2-3%,-2.544,27.2,27.91,tp_gap_filled,211.7235,5758.88,2.61,150.32,7
ADSK,2025-07-10,2025-07-22,2025-07-29,2-3%,-2.366,300.0,307.27,tp_gap_filled,19.3363,5800.9,2.423,140.57,5
FCX,2025-07-11,2025-07-21,2025-07-30,2-3%,-2.775,45.9,40.851,stop,125.4079,5756.22,-11.0,-633.18,7
CNC,2025-07-24,2025-07-25,2025-07-31,2-3%,-2.753,28.61,25.4629,stop,205.8806,5890.25,-11.0,-647.93,4
NCLH,2025-07-29,2025-07-30,2025-07-31,2-3%,-2.848,23.2,23.88,tp_gap_filled,250.7324,5816.99,2.931,170.5,1
ESS,2025-04-04,2025-05-02,2025-08-01,2-3%,-2.028,288.38,256.6582,stop,18.6192,5369.41,-11.0,-590.64,62
FRT,2025-04-03,2025-05-02,2025-08-04,2-3%,-2.039,97.06,91.54,time_exit,55.3632,5373.55,-5.687,-305.6,63
PNW,2025-05-01,2025-05-02,2025-08-04,2-3%,-2.29,93.0,92.24,time_exit,57.753,5371.03,-0.817,-43.89,63
SYY,2025-07-29,2025-07-30,2025-08-04,2-3%,-2.726,78.16,80.35,tp_gap_filled,74.4562,5819.5,2.802,163.06,3
BF-B,2025-07-31,2025-08-01,2025-08-04,2-3%,-2.791,28.56,29.38,tp_gap_filled,200.3547,5722.13,2.871,164.29,1
HOOD,2025-07-31,2025-08-01,2025-08-04,2-3%,-2.107,103.865,106.1,tp_gap_filled,55.1103,5724.03,2.152,123.17,1
MLM,2025-07-31,2025-08-01,2025-08-04,2-3%,-2.034,563.62,575.32,tp_gap_filled,10.1365,5713.11,2.076,118.6,1
VMC,2025-07-31,2025-08-01,2025-08-04,2-3%,-2.482,266.0,272.77,tp_gap_filled,21.505,5720.33,2.545,145.59,1
SNDK,2025-07-30,2025-07-31,2025-08-05,2-3%,-2.003,42.07,42.93,tp_gap_filled,137.3043,5776.39,2.044,118.08,3
APO,2025-08-01,2025-08-04,2025-08-05,2-3%,-2.278,142.01,145.32,tp_gap_filled,40.8623,5802.86,2.331,135.25,1
AVGO,2025-08-01,2025-08-04,2025-08-05,2-3%,-2.438,286.54,293.7,tp_gap_filled,20.2516,5802.88,2.499,145.0,1
AXON,2025-08-01,2025-08-04,2025-08-05,2-3%,-2.122,739.46,755.49,tp_gap_filled,7.8628,5814.2,2.168,126.04,1
BEN,2025-08-01,2025-08-04,2025-08-05,2-3%,-3.0,23.28,24.0,tp_gap_filled,249.8425,5816.33,3.093,179.89,1
CAT,2025-08-01,2025-08-04,2025-08-05,2-3%,-2.523,426.97,438.02,tp_gap_filled,13.6765,5839.44,2.588,151.12,1
CCL,2025-08-01,2025-08-04,2025-08-05,2-3%,-2.452,29.04,29.77,tp_gap_filled,201.2413,5844.05,2.514,146.91,1
CIEN,2025-08-01,2025-08-04,2025-08-05,2-3%,-2.887,90.16,92.84,tp_gap_filled,64.8945,5850.89,2.972,173.92,1
CPAY,2025-08-01,2025-08-04,2025-08-05,2-3%,-2.176,316.02,323.05,tp_gap_filled,18.5401,5859.03,2.225,130.34,1
AIZ,2025-04-03,2025-05-07,2025-08-06,2-3%,-2.889,204.68,210.77,tp_gap_filled,26.1862,5359.79,2.975,159.47,62
SPG,2025-05-13,2025-07-03,2025-08-06,2-3%,-2.152,167.75,171.44,tp_gap_filled,34.4687,5782.13,2.2,127.19,23
DAL,2025-08-01,2025-08-04,2025-08-06,2-3%,-2.406,51.93,53.21,tp_gap_filled,112.9741,5866.75,2.465,144.61,2
J,2025-08-05,2025-08-06,2025-08-07,2-3%,-2.151,136.91,139.92,tp_gap_filled,42.9913,5885.94,2.199,129.4,1
MU,2025-07-17,2025-07-18,2025-08-08,2-3%,-2.147,113.93,116.43,tp_gap_filled,50.6107,5766.08,2.194,126.53,15
GILD,2025-07-28,2025-07-29,2025-08-08,2-3%,-2.418,113.39,116.2,tp_gap_filled,51.6319,5854.54,2.478,145.09,8
BEN,2025-08-07,2025-08-08,2025-08-11,2-3%,-2.104,24.66,25.19,tp_gap_filled,240.3407,5926.8,2.149,127.38,1
INTC,2025-08-07,2025-08-08,2025-08-11,2-3%,-2.009,20.0,20.41,tp_gap_filled,296.5383,5930.77,2.05,121.58,1
APTV,2025-07-07,2025-07-08,2025-08-13,2-3%,-2.122,71.02,72.56,tp_gap_filled,81.3326,5776.24,2.168,125.25,26
ADI,2025-07-23,2025-07-28,2025-08-13,2-3%,-2.008,230.77,235.5,tp_gap_filled,25.3686,5854.31,2.05,119.99,12
LUV,2025-08-01,2025-08-12,2025-08-13,2-3%,-2.102,30.28,30.93,tp_gap_filled,197.6805,5985.77,2.147,128.49,1
NEM,2025-08-11,2025-08-12,2025-08-13,2-3%,-2.146,67.5,68.98,tp_gap_filled,88.7424,5990.12,2.193,131.34,1
RL,2025-08-07,2025-08-12,2025-08-13,2-3%,-2.723,294.71,302.96,tp_gap_filled,20.347,5996.46,2.799,167.86,1
PSKY,2025-08-08,2025-08-13,2025-08-14,2-3%,-2.726,11.42,11.74,tp_gap_filled,529.8897,6051.34,2.802,169.56,1
AMAT,2025-07-16,2025-07-17,2025-08-15,2-3%,-2.654,194.0,172.66,stop,29.8345,5787.89,-11.0,-636.67,21
ALB,2025-08-14,2025-08-15,2025-08-18,2-3%,-2.057,79.99,81.67,tp_gap_filled,75.1835,6013.93,2.1,126.31,1
DHI,2025-08-14,2025-08-15,2025-08-18,2-3%,-2.742,161.01,165.55,tp_gap_filled,37.4044,6022.49,2.82,169.82,1
LEN,2025-08-14,2025-08-15,2025-08-18,2-3%,-2.789,127.24,130.89,tp_gap_filled,47.3995,6031.11,2.869,173.01,1
RDDT,2025-08-14,2025-08-15,2025-08-18,2-3%,-2.051,229.955,234.77,tp_gap_filled,26.2882,6045.11,2.094,126.58,1
TECH,2025-08-06,2025-08-13,2025-08-19,2-3%,-2.709,53.16,54.64,tp_gap_filled,115.6168,6146.19,2.784,171.11,4
TGT,2025-08-13,2025-08-14,2025-08-19,2-3%,-2.306,103.81,106.26,tp_gap_filled,58.2896,6051.05,2.36,142.81,3
DECK,2025-08-14,2025-08-15,2025-08-19,2-3%,-2.226,104.11,106.48,tp_gap_filled,57.8793,6025.81,2.276,137.17,2
LII,2025-08-14,2025-08-15,2025-08-19,2-3%,-2.155,598.51,611.69,tp_gap_filled,10.0955,6042.27,2.202,133.06,2
PHM,2025-08-14,2025-08-15,2025-08-19,2-3%,-2.455,126.77,129.96,tp_gap_filled,47.6496,6040.54,2.516,152.0,2
CB,2025-07-23,2025-08-13,2025-08-20,2-3%,-2.052,273.01,278.73,tp_gap_filled,22.157,6049.09,2.095,126.74,5
AMD,2025-08-14,2025-08-15,2025-08-20,2-3%,-2.489,179.83,160.0487,stop,33.4883,6022.2,-11.0,-662.44,3
APP,2025-08-14,2025-08-15,2025-08-20,2-3%,-2.648,434.58,386.7762,stop,13.8486,6018.31,-11.0,-662.01,3
ED,2025-08-15,2025-08-18,2025-08-20,2-3%,-2.654,100.13,102.86,tp_gap_filled,60.4452,6052.37,2.726,165.02,2
INTC,2025-08-18,2025-08-19,2025-08-20,2-3%,-2.28,24.0,24.56,tp_gap_filled,251.6872,6040.49,2.333,140.94,1
CF,2025-08-14,2025-08-15,2025-08-21,2-3%,-2.118,84.59,86.42,tp_gap_filled,71.1804,6021.15,2.163,130.26,4
MCK,2025-08-07,2025-08-20,2025-08-21,2-3%,-2.879,683.5,703.76,tp_gap_filled,8.8276,6033.68,2.964,178.85,1
HBAN,2025-07-14,2025-07-15,2025-08-22,2-3%,-2.415,16.97,17.39,tp_gap_filled,337.0792,5720.23,2.475,141.57,28
UNP,2025-07-24,2025-07-25,2025-08-22,2-3%,-2.165,226.0,231.0,tp_gap_filled,26.053,5887.98,2.212,130.27,20
MSCI,2025-07-22,2025-07-31,2025-08-22,2-3%,-2.242,565.01,577.97,tp_gap_filled,10.2268,5778.26,2.294,132.54,16
KIM,2025-07-31,2025-08-06,2025-08-22,2-3%,-2.009,21.46,21.9,tp_gap_filled,275.2807,5907.52,2.05,121.12,12
DIS,2025-08-06,2025-08-07,2025-08-22,2-3%,-2.147,115.78,118.32,tp_gap_filled,50.975,5901.89,2.194,129.48,11
ON,2025-08-14,2025-08-15,2025-08-22,2-3%,-2.101,50.8,51.89,tp_gap_filled,118.8743,6038.81,2.146,129.57,5
LITE,2025-08-14,2025-08-18,2025-08-22,2-3%,-2.429,117.31,120.23,tp_gap_filled,51.5829,6051.19,2.489,150.62,4
COO,2025-08-20,2025-08-21,2025-08-22,2-3%,-2.053,72.5,74.02,tp_gap_filled,83.2072,6032.52,2.097,126.47,1
RDDT,2025-08-20,2025-08-21,2025-08-22,2-3%,-2.928,221.5,228.18,tp_gap_filled,27.245,6034.77,3.016,182.0,1
ECHO,2025-08-21,2025-08-22,2025-08-25,2-3%,-2.929,26.84,27.65,tp_gap_filled,227.5378,6107.11,3.018,184.31,1
ALB,2025-08-22,2025-08-25,2025-08-26,2-3%,-2.04,77.33,78.94,tp_gap_filled,78.9858,6107.98,2.082,127.17,1
MU,2025-08-20,2025-08-22,2025-08-28,2-3%,-2.745,118.7,122.05,tp_gap_filled,51.7001,6136.8,2.822,173.2,4
SW,2025-08-26,2025-08-27,2025-08-28,2-3%,-2.558,44.755,45.93,tp_gap_filled,136.5316,6110.47,2.625,160.42,1
PYPL,2025-08-27,2025-08-28,2025-08-29,2-3%,-2.066,68.73,70.18,tp_gap_filled,89.2153,6131.77,2.11,129.36,1
AMZN,2025-09-02,2025-09-03,2025-09-04,2-3%,-2.393,223.52,229.0,tp_gap_filled,27.2272,6085.82,2.452,149.2,1
AVGO,2025-09-02,2025-09-03,2025-09-04,2-3%,-2.707,289.34,297.39,tp_gap_filled,21.0451,6089.18,2.782,169.41,1
CEG,2025-09-02,2025-09-03,2025-09-04,2-3%,-2.432,300.49,307.98,tp_gap_filled,20.3081,6102.39,2.493,152.11,1
DAL,2025-09-02,2025-09-03,2025-09-04,2-3%,-2.007,60.54,61.78,tp_gap_filled,100.9333,6110.5,2.048,125.16,1
DELL,2025-09-02,2025-09-03,2025-09-04,2-3%,-2.489,119.11,122.15,tp_gap_filled,51.3322,6114.18,2.552,156.05,1
EME,2025-09-02,2025-09-03,2025-09-04,2-3%,-2.281,605.86,620.0,tp_gap_filled,10.1125,6126.79,2.334,142.99,1
EXPE,2025-09-02,2025-09-03,2025-09-04,2-3%,-2.314,209.83,214.8,tp_gap_filled,29.2504,6137.62,2.369,145.37,1
FERG,2025-09-02,2025-09-03,2025-09-04,2-3%,-2.068,226.37,231.15,tp_gap_filled,27.1268,6140.7,2.112,129.67,1
VRT,2025-08-14,2025-08-18,2025-09-05,2-3%,-2.322,134.21,119.4469,stop,45.1196,6055.5,-11.0,-666.11,13
AMAT,2025-09-02,2025-09-03,2025-09-05,2-3%,-2.513,156.72,160.76,tp_gap_filled,38.7928,6079.61,2.578,156.72,2
BX,2025-09-02,2025-09-03,2025-09-05,2-3%,-2.2,167.63,171.4,tp_gap_filled,36.4071,6102.91,2.249,137.25,2
CRWD,2025-08-28,2025-08-29,2025-09-08,2-3%,-2.984,102.5,105.6525,tp_gap_filled,59.5984,6108.84,3.076,187.88,5
ZBRA,2025-09-02,2025-09-04,2025-09-08,2-3%,-2.012,310.71,317.09,tp_gap_filled,19.8323,6162.1,2.053,126.53,2
GNRC,2025-09-02,2025-09-05,2025-09-08,2-3%,-2.181,181.21,185.25,tp_gap_filled,33.903,6143.56,2.229,136.97,1
COIN,2025-08-25,2025-08-27,2025-09-10,2-3%,-2.398,312.18,319.85,tp_gap_filled,19.5823,6113.22,2.457,150.2,9
STZ,2025-08-26,2025-08-27,2025-09-10,2-3%,-2.071,160.29,142.6581,stop,38.1189,6110.07,-11.0,-672.11,9
LRCX,2025-08-15,2025-08-28,2025-09-10,2-3%,-2.514,104.68,107.38,tp_gap_filled,58.5928,6133.5,2.579,158.2,8
AMD,2025-09-02,2025-09-03,2025-09-10,2-3%,-2.589,158.42,162.63,tp_gap_filled,38.3708,6078.7,2.657,161.54,5
NVDA,2025-09-05,2025-09-08,2025-09-10,2-3%,-2.115,168.03,171.66,tp_gap_filled,36.6288,6154.74,2.16,132.96,2
CHTR,2025-09-08,2025-09-09,2025-09-10,2-3%,-2.317,255.44,261.5,tp_gap_filled,24.0974,6155.43,2.372,146.03,1
CNC,2025-09-04,2025-09-09,2025-09-10,2-3%,-2.695,29.25,30.06,tp_gap_filled,210.768,6164.96,2.769,170.72,1
SMCI,2025-08-29,2025-09-09,2025-09-10,2-3%,-2.661,42.8,43.97,tp_gap_filled,144.4374,6181.92,2.734,168.99,1
PSKY,2025-08-22,2025-08-25,2025-09-11,2-3%,-2.87,15.57,16.03,tp_gap_filled,393.2957,6123.61,2.954,180.92,12
CAT,2025-08-29,2025-09-10,2025-09-11,2-3%,-2.184,425.41,434.91,tp_gap_filled,14.5697,6198.08,2.233,138.41,1
BXP,2025-09-08,2025-09-09,2025-09-12,2-3%,-2.382,75.0,76.83,tp_gap_filled,82.2149,6166.12,2.44,150.45,3
FDX,2025-09-02,2025-09-03,2025-09-15,2-3%,-2.198,182.1031,186.1966,tp_gap_filled,33.7258,6141.58,2.248,138.06,8
ALB,2025-09-11,2025-09-12,2025-09-15,2-3%,-2.019,71.84,73.32,tp_gap_filled,86.0827,6184.18,2.06,127.4,1
APA,2025-09-03,2025-09-04,2025-09-16,2-3%,-2.013,23.36,23.84,tp_gap_filled,263.7939,6162.23,2.055,126.62,8
RVTY,2025-09-03,2025-09-05,2025-09-17,2-3%,-2.31,85.84,87.87,tp_gap_filled,71.5717,6143.72,2.365,145.29,8
ADI,2025-09-15,2025-09-16,2025-09-17,2-3%,-2.361,239.42,245.21,tp_gap_filled,25.9031,6201.72,2.418,149.98,1
FERG,2025-09-12,2025-09-16,2025-09-17,2-3%,-2.069,221.05,225.72,tp_gap_filled,28.0832,6207.78,2.113,131.15,1
CVNA,2025-08-01,2025-09-10,2025-09-18,2-3%,-2.353,76.198,78.034,tp_gap_filled,81.3179,6196.26,2.41,149.3,6
HWM,2025-07-31,2025-09-15,2025-09-18,2-3%,-2.269,187.78,192.14,tp_gap_filled,33.0003,6196.8,2.322,143.88,3
DDOG,2025-09-16,2025-09-17,2025-09-19,2-3%,-2.019,135.85,138.65,tp_gap_filled,45.9367,6240.5,2.061,128.62,2
DOC,2025-07-25,2025-09-05,2025-09-23,2-3%,-2.544,18.39,18.87,tp_gap_filled,334.0709,6143.56,2.61,160.35,12
FCX,2025-09-09,2025-09-10,2025-09-24,2-3%,-2.872,45.32,40.3348,stop,136.4377,6183.35,-11.0,-680.17,10
SLB,2025-09-22,2025-09-23,2025-09-24,2-3%,-2.44,33.59,34.43,tp_gap_filled,185.9333,6245.5,2.501,156.18,1
ALGN,2025-09-02,2025-09-05,2025-09-25,2-3%,-2.184,138.86,123.5854,stop,44.2387,6142.99,-11.0,-675.73,14
AZO,2025-09-23,2025-09-24,2025-09-25,2-3%,-2.093,4034.73,4121.0,tp_gap_filled,1.5357,6196.07,2.138,132.48,1
LEN,2025-09-22,2025-09-24,2025-09-29,2-3%,-2.019,124.75,127.32,tp_gap_filled,49.7554,6206.99,2.06,127.87,3
AMD,2025-09-25,2025-09-26,2025-09-29,2-3%,-2.325,157.14,160.88,tp_gap_filled,39.2365,6165.63,2.38,146.74,1
APP,2025-09-25,2025-09-26,2025-09-29,2-3%,-2.656,624.87,641.92,tp_gap_filled,9.8743,6170.18,2.729,168.36,1
CIEN,2025-09-25,2025-09-26,2025-09-29,2-3%,-2.825,134.51,138.42,tp_gap_filled,46.0128,6189.18,2.907,179.91,1
DELL,2025-09-25,2025-09-26,2025-09-29,2-3%,-2.052,129.38,132.09,tp_gap_filled,47.9692,6206.25,2.095,130.0,1
FSLR,2025-09-25,2025-09-26,2025-09-29,2-3%,-2.044,214.69,219.17,tp_gap_filled,28.9234,6209.56,2.087,129.58,1
GLW,2025-09-25,2025-09-26,2025-09-29,2-3%,-2.29,78.08,79.91,tp_gap_filled,79.5639,6212.35,2.344,145.6,1
GNRC,2025-09-25,2025-09-26,2025-09-29,2-3%,-2.235,163.62,167.36,tp_gap_filled,37.999,6217.4,2.286,142.12,1
HOOD,2025-09-25,2025-09-26,2025-09-29,2-3%,-2.737,123.33,126.8,tp_gap_filled,50.4843,6226.23,2.814,175.18,1
SNDK,2025-09-24,2025-09-29,2025-09-30,2-3%,-2.674,103.555,106.4,tp_gap_filled,60.3028,6244.65,2.747,171.56,1
SNPS,2025-09-26,2025-09-29,2025-09-30,2-3%,-2.065,477.14,487.2,tp_gap_filled,13.1505,6274.64,2.108,132.29,1
DHR,2025-09-08,2025-09-09,2025-10-01,2-3%,-2.268,195.67,200.21,tp_gap_filled,31.6044,6184.04,2.32,143.48,16
COIN,2025-09-22,2025-09-23,2025-10-01,2-3%,-2.634,333.44,342.46,tp_gap_filled,18.7681,6258.05,2.705,169.29,6
HAL,2025-09-30,2025-10-01,2025-10-02,2-3%,-2.12,24.47,25.0,tp_gap_filled,256.9424,6287.38,2.166,136.18,1
INTC,2025-09-29,2025-10-01,2025-10-02,2-3%,-2.761,34.52,35.5,tp_gap_filled,182.2974,6292.9,2.839,178.65,1
REGN,2025-09-23,2025-10-01,2025-10-02,2-3%,-2.632,580.0,595.68,tp_gap_filled,10.8722,6305.85,2.703,170.48,1
WSM,2025-09-26,2025-09-29,2025-10-03,2-3%,-2.009,197.07,201.11,tp_gap_filled,31.815,6269.79,2.05,128.53,4
VST,2025-09-29,2025-10-01,2025-10-03,2-3%,-2.519,202.0,207.22,tp_gap_filled,31.2707,6316.69,2.584,163.23,2
COHR,2025-10-01,2025-10-02,2025-10-03,2-3%,-2.507,105.02,107.72,tp_gap_filled,59.8743,6288.0,2.571,161.66,1
FICO,2025-07-09,2025-10-02,2025-10-03,2-3%,-2.241,1665.01,1703.17,tp_gap_filled,3.7905,6311.26,2.292,144.65,1
LITE,2025-10-01,2025-10-02,2025-10-03,2-3%,-2.133,159.24,162.71,tp_gap_filled,39.776,6333.94,2.179,138.02,1
ANET,2025-09-12,2025-09-19,2025-10-06,2-3%,-2.522,149.18,153.04,tp_gap_filled,42.0354,6270.84,2.587,162.26,11
MO,2025-09-15,2025-09-17,2025-10-07,2-3%,-2.026,65.3,66.65,tp_gap_filled,95.5096,6236.78,2.067,128.94,14
SW,2025-10-06,2025-10-07,2025-10-08,2-3%,-2.358,40.99,41.98,tp_gap_filled,154.1854,6320.06,2.415,152.64,1
GILD,2025-08-21,2025-08-22,2025-10-09,2-3%,-2.72,115.5,118.73,tp_gap_filled,53.1493,6138.74,2.797,171.67,33
ARES,2025-09-25,2025-09-26,2025-10-09,2-3%,-2.063,164.76,146.6364,stop,37.5843,6192.39,-11.0,-681.16,9
GEV,2025-09-25,2025-09-26,2025-10-09,2-3%,-2.236,614.905,628.97,tp_gap_filled,10.1109,6217.27,2.287,142.21,9
DLTR,2025-10-07,2025-10-08,2025-10-09,2-3%,-2.737,85.28,87.68,tp_gap_filled,74.431,6347.47,2.814,178.63,1
JNJ,2025-10-07,2025-10-08,2025-10-09,2-3%,-2.333,183.77,188.16,tp_gap_filled,34.5919,6356.96,2.389,151.86,1
NKE,2025-09-02,2025-09-04,2025-10-10,2-3%,-2.236,75.64,67.3196,stop,81.4818,6163.28,-11.0,-677.96,26
WBD,2025-09-26,2025-09-29,2025-10-10,2-3%,-2.224,19.34,17.2126,stop,324.5904,6277.58,-11.0,-690.53,9
FAST,2025-09-05,2025-09-29,2025-10-13,2-3%,-2.327,49.1,43.699,stop,127.2122,6246.12,-11.0,-687.07,10
EIX,2025-10-02,2025-10-03,2025-10-15,2-3%,-2.168,55.06,56.28,tp_gap_filled,114.7286,6316.96,2.216,139.97,8
LYV,2025-10-08,2025-10-09,2025-10-15,2-3%,-2.672,151.18,155.33,tp_gap_filled,41.9795,6346.46,2.745,174.22,4
REGN,2025-10-13,2025-10-14,2025-10-15,2-3%,-2.325,551.5,564.63,tp_gap_filled,11.5148,6350.44,2.381,151.19,1
CPRT,2025-09-05,2025-09-08,2025-10-16,2-3%,-2.421,48.76,43.3964,stop,126.2264,6154.8,-11.0,-677.03,28
ALGN,2025-10-10,2025-10-13,2025-10-16,2-3%,-2.404,128.7,131.87,tp_gap_filled,49.0887,6317.71,2.463,155.61,3
AMAT,2025-10-14,2025-10-15,2025-10-16,2-3%,-2.542,213.9,219.48,tp_gap_filled,29.7138,6355.79,2.609,165.8,1
APA,2025-10-14,2025-10-15,2025-10-16,2-3%,-2.805,22.18,22.82,tp_gap_filled,287.4718,6376.13,2.885,183.98,1
CARR,2025-10-14,2025-10-15,2025-10-16,2-3%,-2.356,55.53,56.87,tp_gap_filled,115.0974,6391.36,2.413,154.23,1
CVNA,2025-10-14,2025-10-15,2025-10-16,2-3%,-2.702,65.828,67.656,tp_gap_filled,97.2797,6403.73,2.777,177.83,1
DDOG,2025-10-14,2025-10-15,2025-10-16,2-3%,-2.174,160.63,164.2,tp_gap_filled,40.0255,6429.29,2.222,142.89,1
DELL,2025-10-14,2025-10-15,2025-10-16,2-3%,-2.229,149.98,153.4,tp_gap_filled,42.8595,6428.07,2.28,146.58,1
DXCM,2025-10-14,2025-10-15,2025-10-16,2-3%,-2.071,63.85,65.2,tp_gap_filled,100.829,6437.93,2.114,136.12,1
FLEX,2025-10-14,2025-10-15,2025-10-16,2-3%,-2.04,57.63,58.83,tp_gap_filled,111.8681,6446.96,2.082,134.24,1
FTNT,2025-10-14,2025-10-15,2025-10-16,2-3%,-2.019,82.5,84.2,tp_gap_filled,78.5497,6480.35,2.061,133.53,1
BDX,2025-10-16,2025-10-17,2025-10-20,2-3%,-2.12,143.7186,146.8318,tp_gap_filled,44.3819,6378.5,2.166,138.17,1
AMZN,2025-10-14,2025-10-15,2025-10-21,2-3%,-2.049,215.56,220.07,tp_gap_filled,29.5793,6376.11,2.092,133.4,4
CDNS,2025-10-14,2025-10-15,2025-10-21,2-3%,-2.327,324.5,332.23,tp_gap_filled,19.7258,6401.03,2.382,152.48,4
APP,2025-10-09,2025-10-16,2025-10-21,2-3%,-2.185,615.94,548.1866,stop,10.3626,6382.72,-11.0,-702.1,3
ANET,2025-10-17,2025-10-20,2025-10-21,2-3%,-2.055,143.01,146.01,tp_gap_filled,44.7368,6397.81,2.098,134.21,1
HOOD,2025-10-17,2025-10-20,2025-10-21,2-3%,-2.495,128.16,131.44,tp_gap_filled,49.9811,6405.58,2.559,163.94,1
MPWR,2025-10-17,2025-10-20,2025-10-21,2-3%,-2.33,1002.9,1026.83,tp_gap_filled,6.4073,6425.87,2.386,153.33,1
EW,2025-10-08,2025-10-09,2025-10-22,2-3%,-2.894,74.5,76.72,tp_gap_filled,85.148,6343.53,2.98,189.03,9
GEV,2025-10-14,2025-10-15,2025-10-22,2-3%,-2.044,635.0,565.15,stop,10.212,6484.59,-11.0,-713.31,5
NFLX,2025-07-18,2025-08-14,2025-10-23,2-3%,-2.528,124.196,110.5344,stop,48.7441,6053.82,-11.0,-665.92,49
COP,2025-10-14,2025-10-15,2025-10-23,2-3%,-2.118,86.9,88.78,tp_gap_filled,73.6552,6400.63,2.163,138.47,6
DVN,2025-10-14,2025-10-15,2025-10-23,2-3%,-2.379,32.42,33.21,tp_gap_filled,198.5208,6436.04,2.437,156.83,6
BLDR,2025-10-21,2025-10-22,2025-10-23,2-3%,-2.009,120.0,122.46,tp_gap_filled,53.0479,6365.75,2.05,130.5,1
CB,2025-10-16,2025-10-22,2025-10-23,2-3%,-2.472,271.43,278.31,tp_gap_filled,23.4777,6372.56,2.535,161.53,1
PM,2025-10-21,2025-10-22,2025-10-23,2-3%,-2.145,154.67,158.06,tp_gap_filled,41.2427,6379.01,2.192,139.81,1
WRB,2025-10-21,2025-10-22,2025-10-23,2-3%,-2.708,71.49,73.48,tp_gap_filled,89.2926,6383.53,2.784,177.69,1
IBKR,2025-10-17,2025-10-20,2025-10-24,2-3%,-2.671,66.69,68.52,tp_gap_filled,96.3363,6424.67,2.744,176.29,4
NXPI,2025-10-22,2025-10-23,2025-10-24,2-3%,-2.37,217.07,222.34,tp_gap_filled,29.6323,6432.27,2.428,156.16,1
WAB,2025-10-22,2025-10-23,2025-10-24,2-3%,-2.086,193.87,198.0,tp_gap_filled,33.2063,6437.7,2.13,137.14,1
LRCX,2025-10-23,2025-10-24,2025-10-27,2-3%,-2.301,138.0,141.25,tp_gap_filled,46.5773,6427.67,2.355,151.38,1
MCHP,2025-10-23,2025-10-24,2025-10-27,2-3%,-2.434,62.93,64.5,tp_gap_filled,102.6463,6459.53,2.495,161.15,1
TSCO,2025-10-23,2025-10-24,2025-10-27,2-3%,-2.973,53.2,54.83,tp_gap_filled,121.4429,6460.76,3.064,197.95,1
FCX,2025-10-14,2025-10-15,2025-10-29,2-3%,-2.852,41.56,42.78,tp_gap_filled,155.0961,6445.8,2.936,189.22,10
NEM,2025-10-28,2025-10-29,2025-10-30,2-3%,-2.404,76.74,78.63,tp_gap_filled,83.7677,6428.34,2.463,158.32,1
LYB,2025-10-30,2025-10-31,2025-11-03,2-3%,-2.376,45.6,46.71,tp_gap_filled,140.5587,6409.47,2.434,156.02,1
STX,2025-10-30,2025-10-31,2025-11-03,2-3%,-2.79,258.21,265.62,tp_gap_filled,24.8343,6412.45,2.87,184.02,1
TSLA,2025-10-30,2025-10-31,2025-11-03,2-3%,-2.266,451.05,461.51,tp_gap_filled,14.2103,6409.56,2.319,148.64,1
CMCSA,2025-10-31,2025-11-03,2025-11-04,2-3%,-2.16,25.0515,25.6045,tp_gap_filled,254.2572,6369.54,2.207,140.59,1
GILD,2025-10-31,2025-11-03,2025-11-04,2-3%,-2.009,116.06,118.44,tp_gap_filled,54.9071,6372.51,2.051,130.68,1
HIG,2025-10-16,2025-10-17,2025-11-05,2-3%,-2.767,125.1,128.66,tp_gap_filled,51.0749,6389.47,2.846,181.83,13
CFG,2025-10-29,2025-10-30,2025-11-05,2-3%,-2.007,50.3,51.33,tp_gap_filled,127.1925,6397.78,2.048,131.01,4
COHR,2025-10-30,2025-10-31,2025-11-05,2-3%,-2.608,134.46,138.06,tp_gap_filled,47.6639,6408.89,2.677,171.59,3
IR,2025-10-31,2025-11-03,2025-11-05,2-3%,-2.921,76.43,78.73,tp_gap_filled,83.5923,6388.96,3.009,192.26,2
FRT,2025-11-03,2025-11-04,2025-11-05,2-3%,-2.1,94.17,96.19,tp_gap_filled,67.322,6339.71,2.145,135.99,1
AES,2025-11-04,2025-11-05,2025-11-06,2-3%,-2.496,13.28,13.62,tp_gap_filled,484.7297,6437.21,2.56,164.81,1
AMAT,2025-11-04,2025-11-05,2025-11-06,2-3%,-2.646,231.42,237.71,tp_gap_filled,27.9146,6459.99,2.718,175.58,1
APA,2025-11-04,2025-11-05,2025-11-06,2-3%,-2.001,22.04,22.49,tp_gap_filled,293.7028,6473.21,2.042,132.17,1
MRK,2025-10-30,2025-10-31,2025-11-07,2-3%,-2.264,84.62,86.58,tp_gap_filled,75.8123,6415.24,2.316,148.59,5
SBUX,2025-10-30,2025-10-31,2025-11-07,2-3%,-2.305,82.23,84.17,tp_gap_filled,78.0465,6417.76,2.359,151.41,5
VRT,2025-10-30,2025-10-31,2025-11-07,2-3%,-2.715,193.86,172.5354,stop,33.083,6413.48,-11.0,-705.48,5
A,2025-11-05,2025-11-06,2025-11-07,2-3%,-2.006,143.15,146.08,tp_gap_filled,44.6516,6391.88,2.047,130.83,1
HPQ,2025-09-10,2025-09-11,2025-11-10,2-3%,-2.135,28.42,25.2938,stop,219.541,6239.35,-11.0,-686.33,42
ELV,2025-10-21,2025-10-22,2025-11-10,2-3%,-2.646,344.7,306.783,stop,18.5046,6378.54,-11.0,-701.64,13
BLDR,2025-10-28,2025-10-30,2025-11-10,2-3%,-2.37,120.27,107.0403,stop,53.3856,6420.69,-11.0,-706.28,7
CMS,2025-11-03,2025-11-04,2025-11-10,2-3%,-2.053,72.04,73.55,tp_gap_filled,87.9477,6335.75,2.096,132.8,4
CEG,2025-11-04,2025-11-05,2025-11-10,2-3%,-2.362,368.79,377.71,tp_gap_filled,17.5374,6467.63,2.419,156.43,3
CRWD,2025-11-04,2025-11-06,2025-11-10,2-3%,-2.198,134.9475,137.98,tp_gap_filled,47.3835,6394.28,2.247,143.69,2
NRG,2025-11-06,2025-11-07,2025-11-10,2-3%,-2.263,169.27,173.19,tp_gap_filled,37.8062,6399.46,2.316,148.2,1
SNDK,2025-11-06,2025-11-07,2025-11-10,2-3%,-2.079,212.0,216.5,tp_gap_filled,30.2149,6405.57,2.123,135.97,1
ICE,2025-10-30,2025-10-31,2025-11-11,2-3%,-2.702,146.55,150.62,tp_gap_filled,43.7396,6410.04,2.777,178.02,7
DE,2025-11-07,2025-11-10,2025-11-11,2-3%,-2.411,463.92,475.38,tp_gap_filled,13.8574,6428.75,2.47,158.81,1
ECHO,2025-11-07,2025-11-10,2025-11-11,2-3%,-2.307,69.02,70.65,tp_gap_filled,93.2484,6436.0,2.362,152.0,1
FIX,2025-11-07,2025-11-10,2025-11-11,2-3%,-2.124,937.44,957.78,tp_gap_filled,6.889,6458.05,2.17,140.12,1
GEN,2025-11-07,2025-11-10,2025-11-11,2-3%,-2.672,24.77,25.45,tp_gap_filled,261.2311,6470.7,2.745,177.64,1
GLW,2025-11-07,2025-11-10,2025-11-11,2-3%,-2.231,85.9,87.86,tp_gap_filled,75.5685,6491.33,2.282,148.11,1
GNRC,2025-11-07,2025-11-10,2025-11-11,2-3%,-2.107,150.55,153.79,tp_gap_filled,43.1842,6501.38,2.152,139.92,1
HOOD,2025-11-07,2025-11-10,2025-11-11,2-3%,-2.608,123.766,127.08,tp_gap_filled,52.6359,6514.53,2.678,174.44,1
LITE,2025-11-07,2025-11-10,2025-11-11,2-3%,-2.52,233.64,239.68,tp_gap_filled,28.0192,6546.41,2.585,169.24,1
AMD,2025-11-05,2025-11-06,2025-11-12,2-3%,-2.723,243.24,250.05,tp_gap_filled,26.3179,6401.57,2.8,179.22,4
CF,2025-11-06,2025-11-10,2025-11-12,2-3%,-2.21,83.17,85.05,tp_gap_filled,77.3113,6429.98,2.26,145.35,2
ABBV,2025-10-31,2025-11-11,2025-11-12,2-3%,-2.279,223.0,228.2,tp_gap_filled,29.1276,6495.46,2.332,151.46,1
ELV,2025-11-10,2025-11-11,2025-11-12,2-3%,-2.593,309.54,317.78,tp_gap_filled,20.9945,6498.62,2.662,172.99,1
LUV,2025-10-23,2025-11-10,2025-11-13,2-3%,-2.784,32.82,33.76,tp_gap_filled,200.5847,6583.19,2.864,188.55,3
COHR,2025-11-11,2025-11-12,2025-11-13,2-3%,-2.633,162.33,144.4737,stop,40.5643,6584.8,-11.0,-724.33,1
SNDK,2025-11-11,2025-11-12,2025-11-13,2-3%,-2.112,262.29,267.95,tp_gap_filled,25.0613,6573.32,2.158,141.85,1
ADM,2025-11-05,2025-11-13,2025-11-18,2-3%,-2.412,58.67,60.12,tp_gap_filled,110.4317,6479.03,2.471,160.13,3
AVGO,2025-11-14,2025-11-17,2025-11-18,2-3%,-2.503,331.47,339.98,tp_gap_filled,19.3252,6405.72,2.567,164.46,1
CEG,2025-11-14,2025-11-17,2025-11-18,2-3%,-2.112,328.65,335.74,tp_gap_filled,19.5239,6416.53,2.157,138.42,1
CVNA,2025-11-14,2025-11-17,2025-11-18,2-3%,-2.772,61.942,63.708,tp_gap_filled,103.7472,6426.31,2.851,183.22,1
EME,2025-11-14,2025-11-17,2025-11-18,2-3%,-2.533,603.28,618.96,tp_gap_filled,10.6496,6424.67,2.599,166.98,1
FCX,2025-11-14,2025-11-17,2025-11-18,2-3%,-2.245,39.63,40.54,tp_gap_filled,162.2253,6428.99,2.296,147.63,1
AMD,2025-11-13,2025-11-14,2025-11-19,2-3%,-2.7,251.9,224.191,stop,25.6106,6451.31,-11.0,-709.64,3
LLY,2025-11-17,2025-11-18,2025-11-19,2-3%,-2.103,1003.72,1025.28,tp_gap_filled,6.4002,6424.01,2.148,137.99,1
TXN,2025-10-20,2025-10-21,2025-11-20,2-3%,-2.305,172.51,153.5339,stop,37.1985,6417.11,-11.0,-705.88,22
MRNA,2025-11-03,2025-11-11,2025-11-20,2-3%,-2.025,26.61,23.6829,stop,244.4426,6504.62,-11.0,-715.51,7
CIEN,2025-11-11,2025-11-12,2025-11-20,2-3%,-2.017,204.53,182.0317,stop,32.1556,6576.78,-11.0,-723.45,6
ANET,2025-11-14,2025-11-17,2025-11-20,2-3%,-2.487,127.06,130.3,tp_gap_filled,50.411,6405.22,2.55,163.33,3
DDOG,2025-11-14,2025-11-17,2025-11-20,2-3%,-2.576,181.18,161.2502,stop,35.4691,6426.3,-11.0,-706.89,3
FSLR,2025-11-18,2025-11-19,2025-11-20,2-3%,-2.579,247.0,253.54,tp_gap_filled,25.98,6417.05,2.648,169.91,1
LOW,2025-11-18,2025-11-19,2025-11-20,2-3%,-2.644,219.05,225.0,tp_gap_filled,29.3238,6423.38,2.716,174.48,1
MGM,2025-11-18,2025-11-19,2025-11-20,2-3%,-2.357,30.65,31.39,tp_gap_filled,210.0195,6437.1,2.414,155.41,1
COHR,2025-11-13,2025-11-20,2025-11-21,2-3%,-2.84,152.22,135.4758,stop,41.9317,6382.85,-11.0,-702.11,1
DVN,2025-11-19,2025-11-20,2025-11-21,2-3%,-2.425,35.0,35.87,tp_gap_filled,181.3721,6348.02,2.486,157.79,1
TGT,2025-11-19,2025-11-20,2025-11-21,2-3%,-2.383,86.42,88.53,tp_gap_filled,73.0848,6315.99,2.442,154.21,1
WDC,2025-11-18,2025-11-20,2025-11-21,2-3%,-2.518,158.36,140.9404,stop,39.8205,6305.98,-11.0,-693.66,1
DAL,2025-11-14,2025-11-17,2025-11-24,2-3%,-2.721,58.28,59.91,tp_gap_filled,110.5048,6440.22,2.797,180.12,5
ABT,2025-11-20,2025-11-21,2025-11-24,2-3%,-2.893,122.5,126.15,tp_gap_filled,52.1381,6386.91,2.98,190.3,1
ADI,2025-10-22,2025-10-23,2025-11-25,2-3%,-2.366,240.54,246.37,tp_gap_filled,26.7257,6428.6,2.424,155.81,23
VMRK,2025-10-29,2025-10-30,2025-11-25,2-3%,-2.538,59.9,61.46,tp_gap_filled,106.7733,6395.72,2.604,166.57,18
NUE,2025-10-30,2025-10-31,2025-11-25,2-3%,-2.033,151.29,154.43,tp_gap_filled,42.4377,6420.39,2.075,133.25,17
UAL,2025-11-14,2025-11-21,2025-11-25,2-3%,-2.233,95.0,97.17,tp_gap_filled,67.3846,6401.54,2.284,146.22,2
ALB,2025-11-21,2025-11-24,2025-11-25,2-3%,-2.878,113.07,116.42,tp_gap_filled,56.8478,6427.78,2.963,190.44,1
CRH,2025-11-04,2025-11-05,2025-11-26,2-3%,-2.035,115.99,118.4,tp_gap_filled,55.7184,6462.77,2.078,134.28,15
FANG,2025-11-19,2025-11-20,2025-11-26,2-3%,-2.594,145.7,149.58,tp_gap_filled,43.5543,6345.87,2.663,168.99,4
NVR,2025-11-24,2025-11-25,2025-11-26,2-3%,-2.227,7224.2998,7388.8198,tp_gap_filled,0.8961,6473.48,2.277,147.42,1
AMZN,2025-11-18,2025-11-25,2025-11-28,2-3%,-2.048,228.1,232.87,tp_gap_filled,28.3702,6471.25,2.091,135.33,2
LITE,2025-11-25,2025-11-26,2025-11-28,2-3%,-2.031,293.28,299.36,tp_gap_filled,22.1601,6499.12,2.073,134.73,1
EOG,2025-11-19,2025-11-20,2025-12-01,2-3%,-2.081,107.29,109.57,tp_gap_filled,59.1805,6349.48,2.125,134.93,6
OXY,2025-11-19,2025-11-20,2025-12-01,2-3%,-2.305,41.54,42.52,tp_gap_filled,152.1064,6318.5,2.359,149.06,6
MU,2025-11-18,2025-11-28,2025-12-01,2-3%,-2.674,235.48,241.95,tp_gap_filled,27.74,6532.22,2.748,179.48,1
EL,2025-10-30,2025-10-31,2025-12-02,2-3%,-2.845,94.59,97.36,tp_gap_filled,67.6915,6402.94,2.928,187.51,21
GNRC,2025-11-14,2025-11-20,2025-12-02,2-3%,-2.406,150.91,154.63,tp_gap_filled,42.0586,6347.06,2.465,156.46,7
MRVL,2025-11-28,2025-12-01,2025-12-02,2-3%,-2.075,85.9,87.72,tp_gap_filled,75.9514,6524.23,2.119,138.23,1
SNPS,2025-11-04,2025-12-01,2025-12-02,2-3%,-2.405,435.0,445.72,tp_gap_filled,15.0436,6543.97,2.464,161.27,1
HOOD,2025-11-13,2025-11-28,2025-12-03,2-3%,-2.339,129.87,132.98,tp_gap_filled,50.3249,6535.69,2.395,156.51,3
COHR,2025-12-01,2025-12-02,2025-12-03,2-3%,-2.344,160.41,164.26,tp_gap_filled,40.9297,6565.54,2.4,157.58,1
ECHO,2025-12-01,2025-12-02,2025-12-03,2-3%,-2.756,71.27,73.29,tp_gap_filled,92.2507,6574.7,2.834,186.35,1
PLTR,2025-12-01,2025-12-02,2025-12-03,2-3%,-2.048,165.0,168.45,tp_gap_filled,39.9247,6587.57,2.091,137.74,1
SWK,2025-12-01,2025-12-02,2025-12-03,2-3%,-2.489,69.74,71.52,tp_gap_filled,94.6219,6598.93,2.552,168.43,1
VRT,2025-11-11,2025-12-02,2025-12-05,2-3%,-2.044,184.0,187.84,tp_gap_filled,35.9023,6606.03,2.087,137.86,3
ALB,2025-12-03,2025-12-04,2025-12-05,2-3%,-2.841,124.5,128.14,tp_gap_filled,53.0367,6603.07,2.924,193.05,1
AVGO,2025-12-01,2025-12-08,2025-12-09,2-3%,-2.013,394.85,402.96,tp_gap_filled,16.738,6609.01,2.054,135.75,1
IRM,2025-12-01,2025-12-04,2025-12-10,2-3%,-2.142,84.5,86.35,tp_gap_filled,77.9746,6588.85,2.189,144.25,4
PSKY,2025-12-05,2025-12-08,2025-12-10,2-3%,-2.767,14.41,14.82,tp_gap_filled,459.0038,6614.24,2.845,188.19,2
Q,2025-11-14,2025-12-08,2025-12-10,2-3%,-2.037,84.15,85.9,tp_gap_filled,78.6443,6617.92,2.08,137.63,2
COHR,2025-12-09,2025-12-10,2025-12-11,2-3%,-2.83,180.6,185.86,tp_gap_filled,36.7747,6641.52,2.913,193.43,1
VRT,2025-12-09,2025-12-10,2025-12-12,2-3%,-2.387,181.18,161.2502,stop,36.828,6672.5,-11.0,-733.97,2
HON,2025-11-18,2025-11-20,2025-12-15,2-3%,-2.167,201.1851,205.6424,tp_gap_filled,31.4366,6324.58,2.216,140.12,16
LULU,2025-12-11,2025-12-12,2025-12-15,2-3%,-2.228,183.44,187.62,tp_gap_filled,35.893,6584.21,2.279,150.03,1
COHR,2025-12-11,2025-12-12,2025-12-17,2-3%,-2.426,192.66,171.4674,stop,34.3086,6609.9,-11.0,-727.09,3
IFF,2025-12-11,2025-12-12,2025-12-17,2-3%,-2.89,63.5,65.39,tp_gap_filled,103.7079,6585.45,2.976,196.01,3
SMCI,2025-12-11,2025-12-12,2025-12-17,2-3%,-2.149,34.15,30.3935,stop,193.934,6622.85,-11.0,-728.51,3
TXN,2025-12-15,2025-12-16,2025-12-17,2-3%,-2.268,175.35,179.42,tp_gap_filled,37.1751,6518.66,2.321,151.3,1
WDC,2025-12-11,2025-12-12,2025-12-19,2-3%,-2.819,176.82,181.95,tp_gap_filled,37.3555,6605.2,2.901,191.63,5
VRT,2025-12-16,2025-12-17,2025-12-19,2-3%,-2.096,158.35,161.74,tp_gap_filled,41.0369,6498.2,2.141,139.12,2
INCY,2025-12-08,2025-12-19,2025-12-22,2-3%,-2.331,100.13,102.52,tp_gap_filled,65.2058,6529.06,2.387,155.84,1
LITE,2025-12-12,2025-12-19,2025-12-22,2-3%,-2.561,362.56,372.09,tp_gap_filled,18.0312,6537.41,2.629,171.84,1
NCLH,2025-10-28,2025-12-19,2025-12-22,2-3%,-2.807,22.85,23.51,tp_gap_filled,286.4508,6545.4,2.888,189.06,1
CIEN,2025-12-12,2025-12-22,2025-12-23,2-3%,-2.628,236.0,242.37,tp_gap_filled,27.844,6571.19,2.699,177.37,1
ELV,2025-12-19,2025-12-22,2025-12-23,2-3%,-2.017,337.65,344.6,tp_gap_filled,19.4646,6572.24,2.058,135.28,1
COIN,2025-12-11,2025-12-12,2025-12-24,2-3%,-2.977,266.9,237.541,stop,24.6734,6585.34,-11.0,-724.39,8
LITE,2025-12-23,2025-12-24,2025-12-26,2-3%,-2.288,380.96,389.88,tp_gap_filled,17.2333,6565.2,2.341,153.72,1
MRVL,2025-12-12,2025-12-23,2026-01-02,2-3%,-2.013,87.63,89.43,tp_gap_filled,74.9124,6564.57,2.054,134.84,6
APA,2025-12-08,2025-12-09,2026-01-05,2-3%,-2.177,26.51,23.5939,stop,249.6607,6618.5,-11.0,-728.04,17
TTD,2025-12-11,2025-12-26,2026-01-05,2-3%,-2.053,38.415,39.22,tp_gap_filled,171.0054,6569.17,2.096,137.66,5
FCX,2025-12-29,2025-12-30,2026-01-05,2-3%,-2.771,51.57,53.04,tp_gap_filled,127.2826,6563.96,2.85,187.11,3
HCA,2025-12-15,2025-12-16,2026-01-06,2-3%,-2.03,474.93,484.77,tp_gap_filled,13.733,6522.19,2.072,135.13,13
ADM,2025-12-16,2025-12-17,2026-01-06,2-3%,-2.359,58.78,60.2,tp_gap_filled,110.5719,6499.41,2.416,157.01,12
HST,2025-12-31,2026-01-02,2026-01-06,2-3%,-2.132,17.9,18.29,tp_gap_filled,365.0808,6534.95,2.179,142.38,2
HUM,2025-12-16,2026-01-05,2026-01-06,2-3%,-2.41,268.12,274.74,tp_gap_filled,24.444,6553.94,2.469,161.82,1
VLO,2025-12-11,2026-01-05,2026-01-06,2-3%,-2.114,172.28,176.0,tp_gap_filled,38.0968,6563.32,2.159,141.72,1
MDLZ,2025-10-29,2025-10-30,2026-01-07,2-3%,-2.89,58.47,52.0383,stop,109.4493,6399.5,-11.0,-703.94,46
APD,2025-12-08,2026-01-05,2026-01-07,2-3%,-2.175,255.02,260.69,tp_gap_filled,25.7056,6555.45,2.223,145.75,2
CRL,2026-01-05,2026-01-06,2026-01-07,2-3%,-2.678,197.0,202.42,tp_gap_filled,33.3913,6578.08,2.751,180.98,1
HPE,2025-12-11,2025-12-22,2026-01-08,2-3%,-2.098,24.73,22.0097,stop,266.0203,6578.68,-11.0,-723.65,11
COHR,2026-01-06,2026-01-07,2026-01-08,2-3%,-2.168,182.32,186.36,tp_gap_filled,35.8518,6536.51,2.216,144.84,1
PSKY,2025-12-17,2025-12-22,2026-01-09,2-3%,-2.166,13.55,12.0595,stop,485.482,6578.28,-11.0,-723.61,12
LRCX,2026-01-07,2026-01-08,2026-01-09,2-3%,-2.116,202.58,206.96,tp_gap_filled,32.3709,6557.7,2.162,141.78,1
MCHP,2026-01-07,2026-01-08,2026-01-09,2-3%,-2.418,73.06,74.87,tp_gap_filled,89.7218,6555.08,2.477,162.4,1
SNDK,2026-01-07,2026-01-08,2026-01-09,2-3%,-2.503,340.88,349.63,tp_gap_filled,19.2361,6557.19,2.567,168.32,1
WBD,2025-12-26,2025-12-29,2026-01-13,2-3%,-2.053,28.63,29.23,tp_gap_filled,229.217,6562.48,2.096,137.53,10
VRT,2026-01-06,2026-01-07,2026-01-13,2-3%,-2.639,169.36,173.95,tp_gap_filled,38.6938,6553.18,2.71,177.6,4
TPL,2025-11-18,2026-01-09,2026-01-13,2-3%,-2.237,312.0167,319.1567,tp_gap_filled,21.1597,6602.18,2.288,151.08,2
CIEN,2026-01-09,2026-01-12,2026-01-13,2-3%,-2.633,219.28,225.21,tp_gap_filled,30.0611,6591.8,2.704,178.26,1
COHR,2026-01-09,2026-01-12,2026-01-13,2-3%,-2.397,169.0,173.15,tp_gap_filled,39.138,6614.32,2.456,162.42,1
EXR,2025-10-30,2026-01-09,2026-01-14,2-3%,-2.942,137.59,141.76,tp_gap_filled,47.9564,6598.32,3.031,199.98,3
CRWD,2026-01-12,2026-01-13,2026-01-14,2-3%,-2.201,115.0625,117.6525,tp_gap_filled,57.3866,6603.04,2.251,148.63,1
INTC,2026-01-12,2026-01-13,2026-01-14,2-3%,-2.876,44.24,45.55,tp_gap_filled,149.2368,6602.24,2.961,195.5,1
CPRT,2025-11-21,2025-11-24,2026-01-15,2-3%,-2.218,40.11,41.02,tp_gap_filled,160.453,6435.77,2.269,146.01,35
PNR,2026-01-05,2026-01-06,2026-01-15,2-3%,-2.588,102.74,105.47,tp_gap_filled,64.3521,6611.53,2.657,175.68,7
CEG,2026-01-12,2026-01-13,2026-01-15,2-3%,-2.292,334.67,342.52,tp_gap_filled,19.7277,6602.28,2.346,154.86,2
CNC,2026-01-12,2026-01-13,2026-01-15,2-3%,-2.381,45.5,46.61,tp_gap_filled,145.0804,6601.16,2.44,161.04,2
HSIC,2026-01-12,2026-01-13,2026-01-15,2-3%,-2.486,75.71,77.64,tp_gap_filled,87.198,6601.76,2.549,168.29,2
UDR,2026-01-12,2026-01-13,2026-01-15,2-3%,-2.146,36.03,36.82,tp_gap_filled,183.4826,6610.88,2.193,144.95,2
TDY,2025-10-22,2026-01-13,2026-01-16,2-3%,-2.435,559.78,573.75,tp_gap_filled,11.8148,6613.7,2.496,165.05,3
ARE,2025-11-03,2026-01-15,2026-01-16,2-3%,-2.37,56.84,58.22,tp_gap_filled,117.1988,6661.58,2.428,161.73,1
CCL,2026-01-07,2026-01-08,2026-01-20,2-3%,-2.539,31.48,28.0172,stop,208.2437,6555.51,-11.0,-721.11,7
CF,2026-01-16,2026-01-20,2026-01-21,2-3%,-2.079,84.8,86.6,tp_gap_filled,77.3693,6560.92,2.123,139.26,1
FCX,2026-01-15,2026-01-20,2026-01-21,2-3%,-2.27,58.98,60.35,tp_gap_filled,111.4771,6574.92,2.323,152.72,1
ABNB,2026-01-20,2026-01-21,2026-01-22,2-3%,-2.166,127.83,130.66,tp_gap_filled,51.7886,6620.14,2.214,146.56,1
ALGN,2026-01-20,2026-01-21,2026-01-22,2-3%,-2.455,167.28,171.49,tp_gap_filled,39.6644,6635.05,2.517,166.99,1
AMD,2026-01-20,2026-01-21,2026-01-22,2-3%,-2.48,226.08,231.83,tp_gap_filled,29.3717,6640.35,2.543,168.89,1
ANET,2026-01-20,2026-01-21,2026-01-22,2-3%,-2.573,126.49,129.83,tp_gap_filled,52.7724,6675.18,2.641,176.26,1
APH,2026-01-20,2026-01-21,2026-01-22,2-3%,-2.455,75.3,77.195,tp_gap_filled,88.6759,6677.3,2.517,168.04,1
AXP,2026-01-20,2026-01-21,2026-01-22,2-3%,-2.41,356.0,364.79,tp_gap_filled,18.7814,6686.16,2.469,165.09,1
BKNG,2026-01-20,2026-01-21,2026-01-22,2-3%,-2.03,200.4828,204.6364,tp_gap_filled,33.3672,6689.55,2.072,138.59,1
CARR,2026-01-20,2026-01-21,2026-01-22,2-3%,-2.349,54.87,56.19,tp_gap_filled,122.1007,6699.67,2.406,161.17,1
CBRE,2026-01-20,2026-01-21,2026-01-22,2-3%,-2.185,167.84,171.59,tp_gap_filled,40.0214,6717.19,2.234,150.08,1
CDNS,2026-01-20,2026-01-21,2026-01-22,2-3%,-2.17,310.56,317.45,tp_gap_filled,21.6451,6722.09,2.219,149.13,1
FTNT,2025-12-17,2025-12-18,2026-01-23,2-3%,-2.886,80.09,82.47,tp_gap_filled,81.0093,6488.03,2.972,192.8,23
OMC,2026-01-05,2026-01-06,2026-01-23,2-3%,-2.533,79.26,81.32,tp_gap_filled,83.3963,6609.99,2.599,171.8,12
UNH,2025-10-30,2026-01-06,2026-01-23,2-3%,-2.179,347.52,355.26,tp_gap_filled,19.0409,6617.1,2.227,147.38,12
AMZN,2026-01-20,2026-01-22,2026-01-23,2-3%,-2.242,233.76,239.12,tp_gap_filled,28.7496,6720.5,2.293,154.1,1
TFC,2026-01-21,2026-01-22,2026-01-23,2-3%,-2.666,47.83,49.14,tp_gap_filled,140.4111,6715.86,2.739,183.94,1
LYV,2025-11-04,2025-12-26,2026-01-26,2-3%,-2.169,146.59,149.84,tp_gap_filled,44.8252,6570.92,2.217,145.68,19
ALLE,2025-10-23,2025-10-24,2026-01-27,2-3%,-2.165,171.7,166.89,time_exit,37.4835,6435.92,-2.801,-180.3,63
COHR,2026-01-23,2026-01-26,2026-01-27,2-3%,-2.215,198.23,202.72,tp_gap_filled,34.0059,6741.0,2.265,152.69,1
MRVL,2026-01-23,2026-01-26,2026-01-27,2-3%,-2.262,81.22,83.1,tp_gap_filled,82.9869,6740.2,2.315,156.02,1
RCL,2026-01-13,2026-01-27,2026-01-28,2-3%,-2.285,294.25,301.13,tp_gap_filled,22.9828,6762.68,2.338,158.12,1
APA,2026-01-22,2026-01-23,2026-01-29,2-3%,-2.035,26.0,26.54,tp_gap_filled,259.5428,6748.11,2.077,140.15,4
GS,2026-01-23,2026-01-28,2026-01-29,2-3%,-2.155,934.08,954.65,tp_gap_filled,7.2178,6742.02,2.202,148.47,1
NUE,2026-01-27,2026-01-28,2026-01-29,2-3%,-2.938,172.44,177.66,tp_gap_filled,39.1035,6743.0,3.027,204.12,1
BXP,2026-01-28,2026-01-29,2026-01-30,2-3%,-2.024,63.9,65.22,tp_gap_filled,105.9781,6772.0,2.066,139.89,1
CARR,2026-01-28,2026-01-29,2026-01-30,2-3%,-2.085,55.88,57.07,tp_gap_filled,121.2936,6777.89,2.13,144.34,1
ELV,2026-01-28,2026-01-29,2026-01-30,2-3%,-2.31,315.46,322.92,tp_gap_filled,21.5609,6801.6,2.365,160.84,1
CMCSA,2026-01-29,2026-01-30,2026-02-02,2-3%,-2.746,27.63,28.41,tp_gap_filled,245.1687,6774.01,2.823,191.23,1
INTC,2026-01-29,2026-01-30,2026-02-02,2-3%,-2.501,47.56,48.78,tp_gap_filled,142.9773,6800.0,2.565,174.43,1
FISV,2025-10-30,2025-12-12,2026-02-03,2-3%,-2.45,68.87,61.2943,stop,95.6298,6586.03,-11.0,-724.46,34
CEG,2026-01-20,2026-01-22,2026-02-03,2-3%,-2.025,301.48,268.3172,stop,22.2945,6721.33,-11.0,-739.35,8
EXPE,2026-01-20,2026-01-22,2026-02-03,2-3%,-2.936,276.74,246.2986,stop,24.2306,6705.58,-11.0,-737.61,8
LII,2026-01-28,2026-01-29,2026-02-03,2-3%,-2.903,484.32,498.8,tp_gap_filled,14.1138,6835.58,2.99,204.37,3
MPWR,2026-01-30,2026-02-02,2026-02-03,2-3%,-2.487,1153.73,1183.15,tp_gap_filled,5.8913,6797.0,2.55,173.32,1
RMD,2026-01-30,2026-02-02,2026-02-04,2-3%,-2.554,251.03,257.61,tp_gap_filled,27.0853,6799.22,2.621,178.22,2
AMAT,2026-01-30,2026-02-03,2026-02-04,2-3%,-2.464,332.93,296.3077,stop,20.2245,6733.35,-11.0,-740.67,1
BBY,2026-02-02,2026-02-03,2026-02-04,2-3%,-2.442,63.51,65.1,tp_gap_filled,105.7933,6718.93,2.504,168.21,1
COP,2026-02-02,2026-02-03,2026-02-04,2-3%,-2.61,101.51,104.23,tp_gap_filled,66.2972,6729.83,2.68,180.33,1
CVNA,2026-02-02,2026-02-03,2026-02-04,2-3%,-2.473,78.238,80.222,tp_gap_filled,85.9637,6725.63,2.536,170.55,1
HAL,2026-02-02,2026-02-03,2026-02-04,2-3%,-2.416,32.71,33.52,tp_gap_filled,206.1176,6742.11,2.476,166.96,1
HBAN,2026-01-22,2026-02-03,2026-02-04,2-3%,-2.504,18.3,18.77,tp_gap_filled,369.0745,6754.06,2.568,173.47,1
KMI,2026-02-02,2026-02-03,2026-02-04,2-3%,-2.001,29.88,30.49,tp_gap_filled,226.0952,6755.72,2.042,137.92,1
ABT,2026-02-03,2026-02-04,2026-02-05,2-3%,-2.203,107.0,109.41,tp_gap_filled,63.0159,6742.71,2.252,151.87,1
DOC,2026-02-03,2026-02-04,2026-02-05,2-3%,-2.482,16.5,16.92,tp_gap_filled,408.878,6746.49,2.545,171.73,1
ETN,2026-02-03,2026-02-04,2026-02-05,2-3%,-2.763,349.51,359.44,tp_gap_filled,19.3191,6752.21,2.841,191.84,1
GPN,2026-02-03,2026-02-04,2026-02-05,2-3%,-2.278,70.35,71.99,tp_gap_filled,96.1929,6767.17,2.331,157.76,1
DAL,2026-01-12,2026-01-13,2026-02-06,2-3%,-2.088,70.8,72.31,tp_gap_filled,93.3421,6608.62,2.133,140.95,17
RCL,2026-01-30,2026-02-02,2026-02-06,2-3%,-2.439,337.54,345.98,tp_gap_filled,20.1539,6802.74,2.5,170.1,4
CF,2026-02-04,2026-02-05,2026-02-06,2-3%,-2.27,90.4,92.5,tp_gap_filled,74.3539,6721.59,2.323,156.14,1
CI,2026-02-04,2026-02-05,2026-02-06,2-3%,-2.03,269.8,275.39,tp_gap_filled,24.9259,6725.01,2.072,139.34,1
OMC,2026-02-04,2026-02-05,2026-02-06,2-3%,-2.147,66.53,67.99,tp_gap_filled,100.8076,6706.73,2.194,147.18,1
AJG,2026-01-27,2026-01-30,2026-02-09,2-3%,-2.095,250.06,222.5534,stop,27.0933,6774.95,-11.0,-745.24,6
IBKR,2026-02-05,2026-02-06,2026-02-09,2-3%,-2.492,71.61,73.44,tp_gap_filled,94.8798,6794.35,2.556,173.63,1
INTC,2026-02-05,2026-02-06,2026-02-09,2-3%,-2.078,47.59,48.6,tp_gap_filled,143.0654,6808.48,2.122,144.5,1
MGM,2026-02-05,2026-02-06,2026-02-09,2-3%,-2.572,35.98,36.93,tp_gap_filled,189.8261,6829.94,2.64,180.33,1
NRG,2026-01-16,2026-01-27,2026-02-10,2-3%,-2.997,153.75,158.5,tp_gap_filled,43.9522,6757.65,3.089,208.77,10
AMT,2026-02-05,2026-02-06,2026-02-10,2-3%,-2.249,172.58,176.55,tp_gap_filled,39.4908,6815.32,2.3,156.78,2
CBOE,2026-02-06,2026-02-09,2026-02-10,2-3%,-2.826,267.5,275.28,tp_gap_filled,25.5112,6824.25,2.908,198.48,1
DDOG,2026-02-05,2026-02-09,2026-02-10,2-3%,-2.385,112.95,115.71,tp_gap_filled,60.5694,6841.32,2.444,167.17,1
ADBE,2026-01-29,2026-01-30,2026-02-11,2-3%,-2.637,291.68,259.5952,stop,23.2211,6773.12,-11.0,-745.04,8
CTVA,2026-02-04,2026-02-05,2026-02-11,2-3%,-2.599,73.09,75.04,tp_gap_filled,91.8717,6714.9,2.668,179.15,4
ACN,2026-02-09,2026-02-10,2026-02-11,2-3%,-2.09,235.59,240.62,tp_gap_filled,29.0752,6849.83,2.135,146.25,1
BDX,2026-02-09,2026-02-10,2026-02-11,2-3%,-2.866,160.3774,165.1101,tp_gap_filled,42.7585,6857.49,2.951,202.36,1
EQT,2026-02-09,2026-02-10,2026-02-11,2-3%,-2.166,55.56,56.79,tp_gap_filled,123.8599,6881.66,2.214,152.35,1
FISV,2026-02-03,2026-02-10,2026-02-11,2-3%,-2.622,61.29,62.94,tp_gap_filled,112.2631,6880.61,2.692,185.23,1
LEN,2026-01-14,2026-01-15,2026-02-12,2-3%,-2.084,120.75,123.32,tp_gap_filled,55.1888,6664.04,2.128,141.84,19
TEL,2026-01-21,2026-01-22,2026-02-12,2-3%,-2.778,226.79,233.27,tp_gap_filled,29.583,6709.12,2.857,191.7,15
ROP,2026-02-03,2026-02-05,2026-02-12,2-3%,-2.633,362.8,322.892,stop,18.522,6719.78,-11.0,-739.18,5
CVS,2026-02-10,2026-02-11,2026-02-12,2-3%,-2.64,73.77,75.77,tp_gap_filled,92.2086,6802.23,2.711,184.42,1
ICE,2026-02-10,2026-02-11,2026-02-12,2-3%,-2.938,164.5,146.405,stop,41.376,6806.36,-11.0,-748.7,1
MU,2026-02-04,2026-02-11,2026-02-12,2-3%,-2.11,410.59,419.44,tp_gap_filled,16.514,6780.47,2.155,146.15,1
CRWD,2026-02-04,2026-02-05,2026-02-13,2-3%,-2.321,102.985,105.4325,tp_gap_filled,65.4791,6743.37,2.377,160.26,6
WDC,2026-02-10,2026-02-12,2026-02-13,2-3%,-2.084,280.03,285.99,tp_gap_filled,23.9065,6694.53,2.128,142.48,1
BLDR,2026-02-11,2026-02-12,2026-02-17,2-3%,-2.733,124.91,111.1699,stop,53.7378,6712.39,-11.0,-738.36,2
NCLH,2026-02-11,2026-02-12,2026-02-17,2-3%,-2.334,23.01,23.56,tp_gap_filled,291.2095,6700.73,2.39,160.16,2
FSLR,2026-02-05,2026-02-06,2026-02-18,2-3%,-2.877,231.21,238.06,tp_gap_filled,29.4656,6812.73,2.963,201.84,7
MAS,2026-02-13,2026-02-17,2026-02-18,2-3%,-2.347,75.72,77.54,tp_gap_filled,88.7107,6717.18,2.404,161.45,1
MU,2026-02-13,2026-02-17,2026-02-18,2-3%,-2.121,405.19,413.97,tp_gap_filled,16.5828,6719.17,2.167,145.6,1
COHR,2026-02-17,2026-02-18,2026-02-19,2-3%,-2.223,212.4,217.23,tp_gap_filled,31.9349,6782.97,2.274,154.25,1
ROK,2026-02-17,2026-02-18,2026-02-19,2-3%,-2.878,383.02,394.37,tp_gap_filled,17.7912,6814.39,2.963,201.93,1
SNDK,2026-02-17,2026-02-18,2026-02-19,2-3%,-2.324,612.0,626.56,tp_gap_filled,11.1542,6826.34,2.379,162.4,1
SNPS,2026-02-17,2026-02-18,2026-02-19,2-3%,-2.629,425.6,437.09,tp_gap_filled,16.0241,6819.88,2.7,184.12,1
PAYX,2026-01-28,2026-01-29,2026-02-20,2-3%,-2.058,102.78,91.4742,stop,66.5878,6843.9,-11.0,-752.83,15
FCX,2026-02-17,2026-02-18,2026-02-20,2-3%,-2.546,61.24,62.84,tp_gap_filled,111.0601,6801.32,2.613,177.7,2
EQT,2026-02-18,2026-02-19,2026-02-20,2-3%,-2.545,56.28,57.75,tp_gap_filled,120.8753,6802.86,2.612,177.69,1
GDDY,2026-02-03,2026-02-05,2026-02-23,2-3%,-2.456,97.7,86.953,stop,68.7006,6712.05,-11.0,-738.33,11
CRL,2026-02-19,2026-02-20,2026-02-23,2-3%,-2.475,154.09,158.0,tp_gap_filled,44.3764,6837.96,2.537,173.51,1
KLAC,2026-02-19,2026-02-20,2026-02-23,2-3%,-2.04,145.01,148.03,tp_gap_filled,47.382,6870.86,2.083,143.09,1
KHC,2026-02-12,2026-02-13,2026-02-24,2-3%,-2.081,24.47,24.99,tp_gap_filled,273.4384,6691.04,2.125,142.19,6
AMD,2026-02-17,2026-02-18,2026-02-24,2-3%,-2.494,202.15,207.32,tp_gap_filled,33.571,6786.38,2.558,173.56,4
UAL,2026-02-18,2026-02-19,2026-02-24,2-3%,-2.649,111.0,114.02,tp_gap_filled,61.4436,6820.24,2.721,185.56,3
FDS,2026-02-17,2026-02-19,2026-02-25,2-3%,-2.294,201.07,205.79,tp_gap_filled,33.9382,6823.95,2.347,160.19,4
SMCI,2026-02-20,2026-02-23,2026-02-25,2-3%,-2.301,31.42,32.16,tp_gap_filled,213.6356,6712.43,2.355,158.09,2
WDC,2026-02-20,2026-02-23,2026-02-25,2-3%,-2.329,278.04,284.67,tp_gap_filled,24.1147,6704.85,2.385,159.88,2
LYB,2026-02-23,2026-02-24,2026-02-25,2-3%,-2.153,55.45,56.67,tp_gap_filled,122.2891,6780.93,2.2,149.19,1
MRNA,2026-02-23,2026-02-24,2026-02-25,2-3%,-2.356,48.695,49.87,tp_gap_filled,139.6135,6798.48,2.413,164.05,1
SNPS,2026-02-23,2026-02-24,2026-02-25,2-3%,-2.398,429.39,439.94,tp_gap_filled,15.8625,6811.22,2.457,167.35,1
DAL,2026-02-18,2026-02-19,2026-02-26,2-3%,-2.357,69.18,70.85,tp_gap_filled,98.4595,6811.43,2.414,164.43,5
ERIE,2026-02-24,2026-02-25,2026-02-26,2-3%,-2.002,258.49,263.77,tp_gap_filled,26.5473,6862.2,2.043,140.17,1
PLTR,2026-02-23,2026-02-25,2026-02-26,2-3%,-2.366,132.04,135.24,tp_gap_filled,52.086,6877.44,2.424,166.68,1
XYZ,2026-02-23,2026-02-25,2026-02-26,2-3%,-2.198,52.05,53.22,tp_gap_filled,132.2389,6883.04,2.248,154.72,1
CARR,2026-02-25,2026-02-26,2026-02-27,2-3%,-2.574,61.895,63.53,tp_gap_filled,111.6661,6911.57,2.642,182.57,1
CINF,2026-02-10,2026-02-11,2026-03-02,2-3%,-2.537,164.42,168.7,tp_gap_filled,41.3831,6804.22,2.603,177.12,12
HBAN,2026-02-10,2026-02-11,2026-03-02,2-3%,-2.526,18.52,16.4828,stop,368.1001,6817.21,-11.0,-749.89,12
MOS,2026-02-26,2026-02-27,2026-03-02,2-3%,-2.372,26.34,26.98,tp_gap_filled,261.0635,6876.41,2.43,167.08,1
VST,2026-02-26,2026-02-27,2026-03-02,2-3%,-2.281,171.36,175.36,tp_gap_filled,40.2643,6899.69,2.334,161.06,1
CRH,2026-01-13,2026-02-03,2026-03-03,2-3%,-2.664,127.88,113.8132,stop,52.7143,6741.1,-11.0,-741.52,19
KR,2026-02-25,2026-02-26,2026-03-03,2-3%,-2.91,67.73,69.76,tp_gap_filled,102.1172,6916.4,2.997,207.3,3
CDNS,2026-02-27,2026-03-02,2026-03-03,2-3%,-2.977,288.74,297.6,tp_gap_filled,23.8001,6872.05,3.069,210.87,1
ANET,2026-02-27,2026-03-02,2026-03-04,2-3%,-2.096,127.52,130.25,tp_gap_filled,53.8524,6867.26,2.141,147.02,2
ADSK,2026-02-03,2026-03-03,2026-03-04,2-3%,-2.176,250.01,255.57,tp_gap_filled,27.2549,6813.99,2.224,151.54,1
AMZN,2026-03-02,2026-03-03,2026-03-04,2-3%,-2.595,204.55,210.0,tp_gap_filled,33.3171,6815.01,2.664,181.58,1
UBER,2026-02-04,2026-02-05,2026-03-05,2-3%,-2.958,75.625,77.93,tp_gap_filled,88.7121,6708.85,3.048,204.48,19
AKAM,2026-03-03,2026-03-04,2026-03-05,2-3%,-2.079,95.61,97.64,tp_gap_filled,71.7694,6861.88,2.123,145.69,1
APP,2026-02-11,2026-03-04,2026-03-05,2-3%,-2.943,459.0,472.92,tp_gap_filled,15.0098,6889.51,3.033,208.94,1
JPM,2026-01-12,2026-01-13,2026-03-06,2-3%,-2.221,321.88,286.4732,stop,20.5822,6625.0,-11.0,-728.75,36
AMAT,2026-02-27,2026-03-02,2026-03-06,2-3%,-2.603,365.94,325.6866,stop,18.7511,6861.78,-11.0,-754.8,4
APA,2026-03-04,2026-03-05,2026-03-06,2-3%,-2.826,30.95,31.85,tp_gap_filled,219.8356,6803.91,2.908,197.85,1
MRVL,2026-03-02,2026-03-05,2026-03-06,2-3%,-2.522,79.63,81.69,tp_gap_filled,85.6415,6819.63,2.587,176.42,1
OXY,2026-03-04,2026-03-05,2026-03-06,2-3%,-2.422,52.38,53.68,tp_gap_filled,129.8724,6802.72,2.482,168.83,1
PNR,2026-02-03,2026-02-12,2026-03-09,2-3%,-2.635,102.73,91.4297,stop,65.2606,6704.22,-11.0,-737.46,16
GM,2026-02-09,2026-02-18,2026-03-09,2-3%,-2.339,82.27,73.2203,stop,82.7592,6808.6,-11.0,-748.95,13
AMD,2026-03-05,2026-03-06,2026-03-09,2-3%,-2.128,197.77,202.07,tp_gap_filled,34.1859,6760.94,2.174,147.0,1
AVGO,2026-01-20,2026-02-09,2026-03-10,2-3%,-2.164,344.1,351.71,tp_gap_filled,19.8326,6824.41,2.212,150.93,20
IRM,2026-03-05,2026-03-06,2026-03-10,2-3%,-2.068,105.61,107.84,tp_gap_filled,63.9597,6754.78,2.112,142.63,2
ANET,2026-03-06,2026-03-09,2026-03-10,2-3%,-2.159,136.39,139.4,tp_gap_filled,49.7453,6784.77,2.207,149.73,1
AXP,2026-03-06,2026-03-09,2026-03-10,2-3%,-2.126,300.68,307.21,tp_gap_filled,22.5712,6786.71,2.172,147.39,1
BG,2026-03-03,2026-03-09,2026-03-10,2-3%,-2.214,117.94,120.61,tp_gap_filled,57.5887,6792.01,2.264,153.76,1
BA,2026-01-27,2026-01-28,2026-03-11,2-3%,-2.387,242.5,215.825,stop,27.8073,6743.28,-11.0,-741.76,29
APTV,2026-03-09,2026-03-10,2026-03-11,2-3%,-2.338,71.0,72.7,tp_gap_filled,95.1345,6754.55,2.394,161.73,1
BLK,2026-03-09,2026-03-10,2026-03-11,2-3%,-2.729,929.38,955.45,tp_gap_filled,7.2715,6757.99,2.805,189.57,1
CAT,2026-03-09,2026-03-10,2026-03-11,2-3%,-2.303,665.22,680.9,tp_gap_filled,10.1798,6771.8,2.357,159.62,1
HUM,2026-02-06,2026-02-09,2026-03-12,2-3%,-2.232,189.23,168.4147,stop,36.1704,6844.53,-11.0,-752.9,22
APD,2026-02-13,2026-02-23,2026-03-12,2-3%,-2.607,283.9,291.5,tp_gap_filled,23.6463,6713.2,2.677,179.71,13
IDXX,2026-02-02,2026-02-25,2026-03-12,2-3%,-2.006,657.01,584.7389,stop,10.4675,6877.24,-11.0,-756.5,11
CASY,2026-03-10,2026-03-11,2026-03-12,2-3%,-2.034,651.02,664.54,tp_gap_filled,10.3755,6754.68,2.077,140.28,1
ALGN,2026-03-02,2026-03-03,2026-03-13,2-3%,-2.898,184.59,164.2851,stop,36.9392,6818.61,-11.0,-750.05,8
TAP,2026-02-25,2026-02-27,2026-03-16,2-3%,-2.846,48.47,43.1383,stop,142.2734,6895.99,-11.0,-758.56,11
DELL,2026-03-03,2026-03-12,2026-03-16,2-3%,-2.488,149.73,153.55,tp_gap_filled,44.4417,6654.25,2.551,169.77,2
CAT,2026-03-12,2026-03-13,2026-03-16,2-3%,-2.062,693.0,707.59,tp_gap_filled,9.5759,6636.07,2.105,139.71,1
COF,2026-03-12,2026-03-13,2026-03-16,2-3%,-2.274,177.88,182.02,tp_gap_filled,37.2646,6628.63,2.327,154.28,1
COHR,2026-03-12,2026-03-13,2026-03-16,2-3%,-2.629,244.8,251.41,tp_gap_filled,27.0923,6632.19,2.7,179.08,1
DLTR,2026-03-12,2026-03-13,2026-03-16,2-3%,-2.428,110.5,113.25,tp_gap_filled,59.9948,6629.43,2.489,164.99,1
NCLH,2026-03-10,2026-03-11,2026-03-17,2-3%,-2.076,20.28,20.71,tp_gap_filled,333.9405,6772.31,2.12,143.59,4
DAL,2026-03-05,2026-03-17,2026-03-18,2-3%,-2.867,62.0,63.83,tp_gap_filled,108.3467,6717.5,2.952,198.27,1
MOS,2026-03-16,2026-03-17,2026-03-18,2-3%,-2.354,28.62,29.31,tp_gap_filled,235.1471,6729.91,2.411,162.25,1
BAC,2026-02-19,2026-02-20,2026-03-19,2-3%,-2.717,51.91,46.1999,stop,131.5814,6830.39,-11.0,-751.34,19
NEM,2026-03-11,2026-03-12,2026-03-19,2-3%,-2.111,116.39,103.5871,stop,57.1754,6654.65,-11.0,-732.01,5
GLW,2026-03-17,2026-03-18,2026-03-19,2-3%,-2.794,128.36,132.05,tp_gap_filled,51.8693,6657.95,2.875,191.4,1
DPZ,2026-01-05,2026-01-12,2026-03-20,2-3%,-2.182,416.0,370.24,stop,15.9759,6645.98,-11.0,-731.06,47
GS,2026-03-12,2026-03-16,2026-03-20,2-3%,-2.239,805.32,823.76,tp_gap_filled,8.308,6690.62,2.29,153.2,4
VST,2026-03-02,2026-03-18,2026-03-20,2-3%,-2.122,170.2,151.478,stop,39.1412,6661.84,-11.0,-732.8,2
CFG,2026-03-12,2026-03-13,2026-03-23,2-3%,-2.581,57.0,58.51,tp_gap_filled,116.4307,6636.55,2.649,175.81,6
ODFL,2026-03-12,2026-03-17,2026-03-23,2-3%,-2.002,185.0,188.78,tp_gap_filled,36.3912,6732.38,2.043,137.56,4
AMAT,2026-03-19,2026-03-20,2026-03-23,2-3%,-2.498,340.74,349.47,tp_gap_filled,19.2688,6565.65,2.562,168.22,1
AMD,2026-03-19,2026-03-20,2026-03-23,2-3%,-2.221,195.03,199.46,tp_gap_filled,33.7454,6581.37,2.271,149.49,1
CAT,2026-03-19,2026-03-20,2026-03-23,2-3%,-2.47,676.49,693.62,tp_gap_filled,9.7444,6592.0,2.532,166.92,1
CMI,2026-03-19,2026-03-20,2026-03-23,2-3%,-2.205,531.31,543.29,tp_gap_filled,12.4111,6594.14,2.255,148.68,1
DRI,2026-03-19,2026-03-20,2026-03-23,2-3%,-2.486,195.72,200.71,tp_gap_filled,33.6988,6595.52,2.55,168.16,1
FIX,2026-03-19,2026-03-20,2026-03-23,2-3%,-2.699,1384.6,1423.0,tp_gap_filled,4.7724,6607.87,2.773,183.26,1
IP,2026-03-19,2026-03-23,2026-03-24,2-3%,-2.312,35.07,35.9,tp_gap_filled,190.1246,6667.67,2.367,157.8,1
APA,2026-03-23,2026-03-24,2026-03-25,2-3%,-2.403,38.17,39.11,tp_gap_filled,174.5928,6664.21,2.463,164.12,1
COP,2026-03-23,2026-03-24,2026-03-25,2-3%,-2.592,123.63,126.92,tp_gap_filled,54.0901,6687.16,2.661,177.96,1
DVN,2026-03-23,2026-03-24,2026-03-25,2-3%,-2.384,47.5,48.66,tp_gap_filled,141.1081,6702.63,2.442,163.69,1
EOG,2026-03-23,2026-03-24,2026-03-25,2-3%,-2.076,135.85,138.73,tp_gap_filled,49.4824,6722.18,2.12,142.51,1
EQT,2026-03-23,2026-03-24,2026-03-25,2-3%,-2.072,63.33,64.67,tp_gap_filled,106.4062,6738.7,2.116,142.58,1
META,2026-03-13,2026-03-16,2026-03-26,2-3%,-2.239,623.89,555.2621,stop,10.717,6686.24,-11.0,-735.49,8
WDC,2026-03-20,2026-03-23,2026-03-26,2-3%,-2.338,309.52,275.4728,stop,21.557,6672.33,-11.0,-733.96,3
CCL,2026-03-24,2026-03-25,2026-03-26,2-3%,-2.711,24.76,25.45,tp_gap_filled,270.6443,6701.15,2.787,186.74,1
GEV,2026-03-24,2026-03-25,2026-03-26,2-3%,-2.097,864.13,882.64,tp_gap_filled,7.763,6708.22,2.142,143.69,1
NCLH,2026-03-24,2026-03-25,2026-03-26,2-3%,-2.237,19.67,20.12,tp_gap_filled,342.2133,6731.34,2.288,154.0,1
CF,2026-03-13,2026-03-26,2026-03-27,2-3%,-2.868,132.1,136.0,tp_gap_filled,50.226,6634.85,2.952,195.88,1
NEM,2026-03-26,2026-03-27,2026-03-30,2-3%,-2.492,98.99,101.52,tp_gap_filled,66.1103,6544.26,2.556,167.26,1
CCL,2026-03-27,2026-03-30,2026-03-31,2-3%,-2.809,24.57,25.28,tp_gap_filled,266.8642,6556.85,2.89,189.47,1
C,2026-02-27,2026-03-23,2026-04-01,2-3%,-2.591,113.18,116.19,tp_gap_filled,59.0252,6680.48,2.659,177.67,7
FSLR,2026-03-20,2026-03-23,2026-04-01,2-3%,-2.459,194.74,199.65,tp_gap_filled,34.2813,6675.93,2.521,168.32,7
SOLV,2026-03-24,2026-03-25,2026-04-01,2-3%,-2.573,64.0,65.69,tp_gap_filled,105.3242,6740.75,2.641,178.0,5
TEL,2026-03-26,2026-03-30,2026-04-01,2-3%,-2.086,205.64,210.02,tp_gap_filled,31.8455,6548.71,2.13,139.48,2
FERG,2026-03-06,2026-03-31,2026-04-01,2-3%,-2.076,234.86,239.84,tp_gap_filled,28.5017,6693.9,2.12,141.94,1
AMP,2026-02-27,2026-03-02,2026-04-02,2-3%,-2.288,475.84,423.4976,stop,14.4326,6867.63,-11.0,-755.44,23
CDW,2026-03-09,2026-03-10,2026-04-02,2-3%,-2.293,120.59,123.42,tp_gap_filled,56.3727,6797.99,2.347,159.53,17
GLW,2026-03-26,2026-04-01,2026-04-02,2-3%,-2.699,142.4,146.35,tp_gap_filled,47.1682,6716.75,2.774,186.31,1
DG,2026-03-24,2026-03-26,2026-04-06,2-3%,-2.678,121.76,125.11,tp_gap_filled,54.5007,6636.01,2.751,182.58,6
APA,2026-04-01,2026-04-02,2026-04-06,2-3%,-2.568,41.35,42.44,tp_gap_filled,162.2676,6709.77,2.636,176.87,1
CIEN,2026-03-26,2026-04-02,2026-04-06,2-3%,-2.109,428.47,437.7,tp_gap_filled,15.6729,6715.36,2.154,144.66,1
AMGN,2026-03-03,2026-03-04,2026-04-07,2-3%,-2.004,377.97,336.3933,stop,18.2245,6888.32,-11.0,-757.72,23
AXON,2026-03-26,2026-03-27,2026-04-07,2-3%,-2.595,448.21,398.9069,stop,14.6307,6557.63,-11.0,-721.34,6
KLAC,2026-03-26,2026-04-01,2026-04-07,2-3%,-2.585,150.391,154.382,tp_gap_filled,44.6616,6716.7,2.654,178.24,3
COP,2026-04-01,2026-04-02,2026-04-07,2-3%,-2.917,128.15,132.0,tp_gap_filled,52.5203,6730.48,3.004,202.2,2
AKAM,2026-04-02,2026-04-06,2026-04-07,2-3%,-2.635,112.7,115.75,tp_gap_filled,60.0324,6765.66,2.706,183.1,1
AMD,2026-04-02,2026-04-06,2026-04-07,2-3%,-2.93,204.05,210.21,tp_gap_filled,33.2178,6778.09,3.019,204.62,1
CBRE,2026-03-06,2026-03-09,2026-04-08,2-3%,-2.805,137.23,141.19,tp_gap_filled,49.4964,6792.39,2.886,196.01,21
EXPE,2026-03-09,2026-03-17,2026-04-08,2-3%,-2.508,243.36,249.62,tp_gap_filled,27.6661,6732.83,2.572,173.19,15
CRH,2026-03-06,2026-03-25,2026-04-08,2-3%,-2.79,108.0,111.1,tp_gap_filled,62.1693,6714.28,2.87,192.72,9
URI,2026-03-27,2026-03-30,2026-04-08,2-3%,-2.109,726.57,742.22,tp_gap_filled,8.9979,6537.57,2.154,140.82,6
AMAT,2026-03-26,2026-04-01,2026-04-08,2-3%,-2.97,358.37,369.34,tp_gap_filled,18.7582,6722.36,3.061,205.78,4
FLEX,2026-03-26,2026-04-01,2026-04-08,2-3%,-2.157,68.51,70.02,tp_gap_filled,98.0597,6718.07,2.204,148.07,4
META,2026-03-26,2026-04-01,2026-04-08,2-3%,-2.084,582.49,594.89,tp_gap_filled,11.5371,6720.26,2.129,143.06,4
ALGN,2026-04-02,2026-04-06,2026-04-08,2-3%,-2.437,168.52,172.73,tp_gap_filled,40.1813,6771.36,2.498,169.16,2
ANET,2026-03-26,2026-04-07,2026-04-08,2-3%,-2.385,131.79,135.01,tp_gap_filled,51.2808,6758.3,2.443,165.12,1
DDOG,2026-04-06,2026-04-07,2026-04-08,2-3%,-2.584,117.25,120.36,tp_gap_filled,57.6805,6763.04,2.652,179.39,1
DOW,2026-04-06,2026-04-07,2026-04-08,2-3%,-2.295,40.45,36.0005,stop,167.1445,6761.0,-11.0,-743.71,1
STZ,2026-02-25,2026-02-26,2026-04-09,2-3%,-2.549,155.99,160.07,tp_gap_filled,44.3207,6913.59,2.616,180.83,29
CARR,2026-03-06,2026-03-09,2026-04-09,2-3%,-2.185,59.08,60.4,tp_gap_filled,115.0044,6794.46,2.234,151.81,22
EME,2026-02-26,2026-04-08,2026-04-09,2-3%,-2.719,780.0,801.8,tp_gap_filled,8.8217,6880.96,2.795,192.31,1
FCX,2026-03-05,2026-04-08,2026-04-09,2-3%,-2.7,64.15,65.93,tp_gap_filled,107.3267,6885.01,2.775,191.04,1
GLW,2026-04-07,2026-04-08,2026-04-09,2-3%,-2.744,142.48,146.5,tp_gap_filled,48.3584,6890.11,2.821,194.4,1
HAS,2026-04-01,2026-04-08,2026-04-09,2-3%,-2.137,91.6,93.6,tp_gap_filled,75.8166,6944.8,2.183,151.63,1
HOOD,2026-04-07,2026-04-08,2026-04-09,2-3%,-2.121,68.3,69.78,tp_gap_filled,101.8057,6953.33,2.167,150.67,1
JBL,2026-03-26,2026-04-08,2026-04-09,2-3%,-2.178,277.07,283.24,tp_gap_filled,25.1608,6971.3,2.227,155.24,1
ON,2026-03-02,2026-04-08,2026-04-09,2-3%,-2.046,65.12,66.48,tp_gap_filled,107.2477,6983.97,2.088,145.86,1
SHW,2026-04-02,2026-04-08,2026-04-09,2-3%,-2.054,319.01,325.7,tp_gap_filled,21.9474,7001.45,2.097,146.83,1
STLD,2026-03-06,2026-04-08,2026-04-09,2-3%,-2.184,185.83,189.98,tp_gap_filled,37.775,7019.73,2.233,156.77,1
TT,2026-03-03,2026-04-08,2026-04-10,2-3%,-2.553,454.27,466.17,tp_gap_filled,15.46,7023.0,2.62,183.97,2
APD,2026-04-08,2026-04-09,2026-04-10,2-3%,-2.319,285.61,292.39,tp_gap_filled,24.4234,6975.56,2.374,165.59,1
BKR,2026-04-08,2026-04-09,2026-04-10,2-3%,-2.139,59.94,61.25,tp_gap_filled,116.6228,6990.37,2.186,152.78,1
ED,2026-04-08,2026-04-09,2026-04-10,2-3%,-2.071,112.09,114.46,tp_gap_filled,62.545,7010.67,2.114,148.23,1
CVNA,2026-02-27,2026-04-08,2026-04-13,2-3%,-2.847,68.765,70.78,tp_gap_filled,100.1378,6885.98,2.93,201.78,3
ALGN,2026-04-09,2026-04-10,2026-04-13,2-3%,-2.047,173.21,176.83,tp_gap_filled,40.1755,6958.79,2.09,145.43,1
NCLH,2026-04-09,2026-04-10,2026-04-13,2-3%,-2.034,19.75,20.16,tp_gap_filled,352.1861,6955.68,2.076,144.4,1
PSA,2026-03-16,2026-03-17,2026-04-14,2-3%,-2.146,291.33,297.72,tp_gap_filled,23.1056,6731.34,2.193,147.64,19
BKNG,2026-03-06,2026-04-08,2026-04-15,2-3%,-2.065,180.72,184.5312,tp_gap_filled,38.1001,6885.44,2.109,145.21,5
APH,2026-02-27,2026-04-14,2026-04-15,2-3%,-2.014,72.74,74.235,tp_gap_filled,95.7638,6965.86,2.055,143.17,1
LUV,2026-04-13,2026-04-14,2026-04-15,2-3%,-2.149,38.71,39.56,tp_gap_filled,180.1701,6974.39,2.196,153.15,1
RJF,2026-03-06,2026-04-14,2026-04-15,2-3%,-2.003,153.17,156.3,tp_gap_filled,45.7045,7000.55,2.043,143.06,1
FDX,2026-04-14,2026-04-15,2026-04-16,2-3%,-2.404,292.4658,299.6696,tp_gap_filled,23.7364,6942.09,2.463,170.99,1
FTV,2026-04-14,2026-04-15,2026-04-16,2-3%,-2.148,58.535,59.82,tp_gap_filled,118.6295,6943.98,2.195,152.44,1
HPQ,2026-04-14,2026-04-15,2026-04-16,2-3%,-2.392,18.77,19.23,tp_gap_filled,370.2146,6948.93,2.451,170.3,1
MGM,2026-04-14,2026-04-15,2026-04-16,2-3%,-2.721,35.75,36.75,tp_gap_filled,194.6138,6957.44,2.797,194.61,1
UAL,2026-03-05,2026-04-08,2026-04-17,2-3%,-2.468,98.0,100.48,tp_gap_filled,71.6254,7019.29,2.531,177.63,7
BEN,2026-03-06,2026-04-14,2026-04-17,2-3%,-2.452,26.26,26.92,tp_gap_filled,265.5604,6973.62,2.513,175.27,3
ALB,2026-02-26,2026-04-16,2026-04-17,2-3%,-2.032,191.89,195.87,tp_gap_filled,36.5261,7008.99,2.074,145.37,1
APO,2026-02-19,2026-04-16,2026-04-17,2-3%,-2.281,122.5,125.36,tp_gap_filled,57.5701,7052.33,2.335,164.65,1
DELL,2026-04-14,2026-04-16,2026-04-17,2-3%,-2.234,185.55,189.79,tp_gap_filled,37.9815,7047.47,2.285,161.04,1
STX,2026-04-15,2026-04-16,2026-04-17,2-3%,-2.364,520.83,533.44,tp_gap_filled,13.5587,7061.79,2.421,170.98,1
BBY,2026-03-09,2026-03-10,2026-04-20,2-3%,-2.37,65.1,66.68,tp_gap_filled,103.8333,6759.54,2.427,164.06,28
GLW,2026-04-16,2026-04-17,2026-04-20,2-3%,-2.906,163.38,168.27,tp_gap_filled,43.423,7094.45,2.993,212.34,1
PYPL,2026-04-16,2026-04-17,2026-04-20,2-3%,-2.38,48.39,49.57,tp_gap_filled,146.6547,7096.62,2.439,173.05,1
A,2026-02-26,2026-02-27,2026-04-21,2-3%,-2.269,121.89,124.72,tp_gap_filled,56.4267,6877.85,2.322,159.69,36
ADM,2026-04-17,2026-04-20,2026-04-21,2-3%,-2.519,66.95,68.68,tp_gap_filled,105.7269,7078.41,2.584,182.91,1
APD,2026-04-17,2026-04-20,2026-04-21,2-3%,-2.476,289.88,297.24,tp_gap_filled,24.4443,7085.92,2.539,179.91,1
BG,2026-04-17,2026-04-20,2026-04-21,2-3%,-2.423,120.03,123.01,tp_gap_filled,59.0984,7093.58,2.483,176.11,1
KMI,2026-04-17,2026-04-20,2026-04-21,2-3%,-2.013,31.15,31.79,tp_gap_filled,227.9539,7100.76,2.055,145.89,1
GE,2026-03-12,2026-04-14,2026-04-22,2-3%,-2.002,318.64,283.5896,stop,21.8926,6975.87,-11.0,-767.35,6
OKE,2026-04-17,2026-04-20,2026-04-22,2-3%,-2.723,82.89,85.21,tp_gap_filled,85.7735,7109.77,2.799,198.99,2
DHI,2026-03-02,2026-04-21,2026-04-22,2-3%,-2.188,156.88,160.39,tp_gap_filled,44.9796,7056.4,2.237,157.88,1
NXPI,2026-03-02,2026-04-21,2026-04-22,2-3%,-2.282,221.83,227.01,tp_gap_filled,31.83,7060.84,2.335,164.88,1
SWKS,2026-04-20,2026-04-21,2026-04-22,2-3%,-2.594,57.46,58.99,tp_gap_filled,122.9567,7065.09,2.663,188.12,1
LMT,2026-04-08,2026-04-09,2026-04-23,2-3%,-2.458,612.27,544.9203,stop,11.469,7022.1,-11.0,-772.43,10
PM,2026-04-01,2026-04-09,2026-04-23,2-3%,-2.322,161.5,165.34,tp_gap_filled,43.4894,7023.55,2.378,167.0,10
HRL,2026-04-09,2026-04-10,2026-04-23,2-3%,-2.726,21.05,21.64,tp_gap_filled,330.5773,6958.65,2.803,195.04,9
LUV,2026-04-20,2026-04-21,2026-04-23,2-3%,-2.084,41.81,37.2109,stop,169.0592,7068.37,-11.0,-777.52,2
CB,2026-04-22,2026-04-23,2026-04-24,2-3%,-2.317,321.66,329.29,tp_gap_filled,22.0554,7094.34,2.372,168.28,1
VRT,2026-04-22,2026-04-23,2026-04-24,2-3%,-2.279,305.32,312.44,tp_gap_filled,23.2763,7106.71,2.332,165.73,1
EQT,2026-04-08,2026-04-09,2026-04-27,2-3%,-2.916,58.92,60.69,tp_gap_filled,119.1396,7019.7,3.004,210.88,12
LUV,2026-04-23,2026-04-24,2026-04-27,2-3%,-2.795,38.25,39.35,tp_gap_filled,185.9442,7112.37,2.876,204.54,1
SNPS,2026-04-23,2026-04-24,2026-04-27,2-3%,-2.336,466.11,477.26,tp_gap_filled,15.2829,7123.52,2.392,170.4,1
MOS,2026-04-08,2026-04-09,2026-04-28,2-3%,-2.73,25.65,22.8285,stop,274.0254,7028.75,-11.0,-773.16,13
COHR,2026-04-23,2026-04-24,2026-04-28,2-3%,-2.146,342.95,305.2255,stop,20.726,7107.98,-11.0,-781.88,2
CNC,2026-03-10,2026-04-27,2026-04-28,2-3%,-2.078,42.42,43.32,tp_gap_filled,166.7356,7072.92,2.122,150.06,1
FTNT,2026-04-23,2026-04-27,2026-04-28,2-3%,-2.331,85.06,87.09,tp_gap_filled,83.2672,7082.71,2.387,169.03,1
IR,2026-03-06,2026-04-14,2026-04-29,2-3%,-2.199,88.52,78.7828,stop,78.7977,6975.17,-11.0,-767.27,11
APH,2026-04-22,2026-04-23,2026-04-29,2-3%,-2.501,74.065,75.965,tp_gap_filled,95.7191,7089.43,2.565,181.87,4
LITE,2026-04-23,2026-04-24,2026-04-29,2-3%,-2.244,854.0,873.6,tp_gap_filled,8.3148,7100.87,2.295,162.97,3
EXE,2026-04-08,2026-04-09,2026-04-30,2-3%,-2.139,99.75,101.93,tp_gap_filled,70.4058,7022.98,2.185,153.48,15
EME,2026-04-28,2026-04-29,2026-04-30,2-3%,-2.136,866.51,885.42,tp_gap_filled,8.1161,7032.67,2.182,153.47,1
ETN,2026-04-28,2026-04-29,2026-04-30,2-3%,-2.104,408.0,416.77,tp_gap_filled,17.204,7019.22,2.15,150.88,1
HPE,2026-04-28,2026-04-29,2026-04-30,2-3%,-2.009,28.045,28.62,tp_gap_filled,250.0604,7012.94,2.05,143.78,1
KEYS,2026-04-28,2026-04-29,2026-04-30,2-3%,-2.208,333.12,340.64,tp_gap_filled,21.0619,7016.13,2.257,158.39,1
GDDY,2026-04-23,2026-04-27,2026-05-01,2-3%,-2.376,86.3,88.4,tp_gap_filled,82.1002,7085.25,2.433,172.41,4
CDNS,2026-04-28,2026-04-29,2026-05-01,2-3%,-2.032,329.7,336.54,tp_gap_filled,21.3297,7032.4,2.075,145.9,2
LRCX,2026-04-28,2026-04-29,2026-05-01,2-3%,-2.887,251.98,259.47,tp_gap_filled,27.8538,7018.6,2.972,208.63,2
ABBV,2026-04-29,2026-04-30,2026-05-01,2-3%,-2.878,192.0,197.69,tp_gap_filled,37.0737,7118.15,2.964,210.95,1
ABNB,2026-04-29,2026-04-30,2026-05-01,2-3%,-2.007,136.25,139.04,tp_gap_filled,52.5061,7153.96,2.048,146.49,1
EIX,2026-04-29,2026-04-30,2026-05-01,2-3%,-2.016,66.57,67.94,tp_gap_filled,107.6837,7168.51,2.058,147.53,1
GRMN,2026-04-29,2026-04-30,2026-05-01,2-3%,-2.385,241.9,247.81,tp_gap_filled,29.6992,7184.23,2.443,175.52,1
ADSK,2026-04-23,2026-04-27,2026-05-04,2-3%,-2.912,240.36,247.57,tp_gap_filled,29.459,7080.77,3.0,212.4,5
CRWD,2026-04-23,2026-04-27,2026-05-04,2-3%,-2.801,113.4025,116.67,tp_gap_filled,62.4495,7081.93,2.881,204.05,5
EG,2026-04-30,2026-05-01,2026-05-04,2-3%,-2.404,335.74,344.01,tp_gap_filled,21.2684,7140.65,2.463,175.89,1
FANG,2026-04-30,2026-05-01,2026-05-04,2-3%,-2.294,200.61,205.32,tp_gap_filled,35.6892,7159.61,2.348,168.1,1
DELL,2026-04-28,2026-05-01,2026-05-05,2-3%,-2.778,209.97,215.97,tp_gap_filled,34.0063,7140.31,2.858,204.04,2
MCK,2026-04-06,2026-04-07,2026-05-06,2-3%,-2.503,862.15,767.3135,stop,7.8513,6769.02,-11.0,-744.59,21
IVZ,2026-02-27,2026-04-28,2026-05-06,2-3%,-2.252,26.48,27.09,tp_gap_filled,264.5012,7003.99,2.304,161.35,6
GEV,2026-04-28,2026-04-29,2026-05-06,2-3%,-2.699,1090.0,1120.23,tp_gap_filled,6.4418,7021.61,2.773,194.74,5
ALB,2026-04-28,2026-04-30,2026-05-06,2-3%,-2.441,194.66,199.53,tp_gap_filled,36.8065,7164.75,2.502,179.25,4
ARE,2026-05-04,2026-05-05,2026-05-06,2-3%,-2.078,40.53,41.39,tp_gap_filled,176.6692,7160.4,2.122,151.94,1
CCL,2026-05-04,2026-05-05,2026-05-06,2-3%,-2.026,26.12,26.66,tp_gap_filled,275.2407,7189.29,2.067,148.63,1
EXPD,2026-05-04,2026-05-05,2026-05-06,2-3%,-2.88,142.99,147.23,tp_gap_filled,50.2446,7184.47,2.965,213.04,1
IT,2026-04-23,2026-04-28,2026-05-07,2-3%,-2.801,152.69,157.09,tp_gap_filled,45.9093,7009.89,2.882,202.0,7
APP,2026-04-23,2026-05-04,2026-05-07,2-3%,-2.688,470.71,483.71,tp_gap_filled,15.1658,7138.71,2.762,197.16,3
VST,2026-04-28,2026-05-05,2026-05-07,2-3%,-2.449,162.5,166.58,tp_gap_filled,44.3681,7209.82,2.511,181.02,2
VTRS,2026-05-05,2026-05-06,2026-05-07,2-3%,-2.434,14.83,15.2,tp_gap_filled,484.2028,7180.73,2.495,179.15,1
INTU,2026-05-06,2026-05-07,2026-05-08,2-3%,-2.089,390.0,398.32,tp_gap_filled,18.434,7189.26,2.133,153.37,1
NEM,2026-04-13,2026-04-14,2026-05-11,2-3%,-2.217,118.22,120.9,tp_gap_filled,59.1893,6997.36,2.267,158.63,19
PSKY,2026-05-05,2026-05-06,2026-05-11,2-3%,-2.695,10.83,11.13,tp_gap_filled,662.7956,7178.08,2.77,198.84,3
APP,2026-05-07,2026-05-08,2026-05-11,2-3%,-2.977,454.875,468.83,tp_gap_filled,15.8002,7187.11,3.068,220.49,1
ALL,2026-05-07,2026-05-08,2026-05-12,2-3%,-2.253,213.01,217.92,tp_gap_filled,33.7396,7186.87,2.305,165.66,2
FANG,2026-05-07,2026-05-11,2026-05-12,2-3%,-2.097,190.99,195.08,tp_gap_filled,37.5866,7178.66,2.141,153.73,1
FDS,2026-04-30,2026-05-01,2026-05-13,2-3%,-2.514,226.48,201.5672,stop,31.668,7172.17,-11.0,-788.94,8
TRGP,2026-05-06,2026-05-07,2026-05-13,2-3%,-2.468,253.31,259.72,tp_gap_filled,28.4423,7204.73,2.53,182.32,4
APP,2026-05-11,2026-05-12,2026-05-13,2-3%,-2.664,456.07,468.55,tp_gap_filled,15.7552,7185.47,2.736,196.62,1
CIEN,2026-05-12,2026-05-13,2026-05-14,2-3%,-2.354,567.78,581.47,tp_gap_filled,12.4756,7083.42,2.411,170.79,1
FIX,2026-05-12,2026-05-13,2026-05-14,2-3%,-2.056,1991.1801,2032.98,tp_gap_filled,3.5606,7089.73,2.099,148.83,1
T,2026-04-08,2026-04-09,2026-05-15,2-3%,-2.889,27.23,24.2347,stop,257.9141,7023.0,-11.0,-772.53,26
CAH,2026-05-06,2026-05-07,2026-05-15,2-3%,-2.538,192.0,197.0,tp_gap_filled,37.5064,7201.24,2.604,187.53,6
NOW,2026-05-08,2026-05-11,2026-05-15,2-3%,-2.628,91.13,93.59,tp_gap_filled,78.8579,7186.32,2.699,193.99,4
ADSK,2026-05-13,2026-05-14,2026-05-15,2-3%,-2.329,229.4,234.87,tp_gap_filled,31.4928,7224.45,2.384,172.27,1
ODFL,2026-05-04,2026-05-06,2026-05-18,2-3%,-2.808,200.03,205.81,tp_gap_filled,35.8797,7177.02,2.89,207.38,8
INTU,2026-05-08,2026-05-11,2026-05-18,2-3%,-2.763,395.54,406.78,tp_gap_filled,18.1735,7188.36,2.842,204.27,5
AXON,2026-05-11,2026-05-12,2026-05-18,2-3%,-2.315,394.2,403.54,tp_gap_filled,18.2972,7212.74,2.369,170.9,4
COIN,2026-05-12,2026-05-14,2026-05-18,2-3%,-2.17,211.9,188.591,stop,34.1268,7231.48,-11.0,-795.46,2
PAYX,2026-05-13,2026-05-15,2026-05-18,2-3%,-2.369,91.49,93.71,tp_gap_filled,78.3106,7164.64,2.426,173.85,1
EXE,2026-05-06,2026-05-07,2026-05-19,2-3%,-2.516,97.25,99.76,tp_gap_filled,73.9191,7188.63,2.581,185.54,8
APTV,2026-05-05,2026-05-08,2026-05-19,2-3%,-2.385,58.11,51.7179,stop,123.867,7197.91,-11.0,-791.77,7
AMD,2026-05-12,2026-05-13,2026-05-19,2-3%,-2.079,449.25,399.8325,stop,15.7738,7086.38,-11.0,-779.5,4
EQT,2026-05-06,2026-05-18,2026-05-19,2-3%,-2.112,57.48,58.72,tp_gap_filled,125.1025,7190.89,2.157,155.13,1
FSLR,2026-05-15,2026-05-18,2026-05-20,2-3%,-2.318,226.25,231.62,tp_gap_filled,31.7821,7190.7,2.373,170.67,2
COIN,2026-05-18,2026-05-19,2026-05-20,2-3%,-2.651,190.25,195.43,tp_gap_filled,37.2975,7095.86,2.723,193.2,1
UPS,2026-05-18,2026-05-19,2026-05-20,2-3%,-2.133,96.82,98.93,tp_gap_filled,73.3508,7101.83,2.179,154.77,1
AVGO,2026-05-19,2026-05-20,2026-05-21,2-3%,-2.588,409.82,420.71,tp_gap_filled,17.4865,7166.3,2.657,190.43,1
COHR,2026-05-19,2026-05-20,2026-05-21,2-3%,-2.318,354.42,362.83,tp_gap_filled,20.2394,7173.24,2.373,170.21,1
FCX,2026-05-19,2026-05-20,2026-05-21,2-3%,-2.38,59.06,60.5,tp_gap_filled,121.5267,7177.37,2.438,175.0,1
GLW,2026-05-19,2026-05-20,2026-05-21,2-3%,-2.644,173.83,178.55,tp_gap_filled,41.3529,7188.37,2.715,195.19,1
HD,2026-05-19,2026-05-20,2026-05-21,2-3%,-2.648,291.87,299.81,tp_gap_filled,24.6773,7202.55,2.72,195.94,1
GDDY,2026-05-20,2026-05-21,2026-05-22,2-3%,-2.067,88.58,90.45,tp_gap_filled,81.4895,7218.34,2.111,152.39,1
SNPS,2026-05-20,2026-05-21,2026-05-22,2-3%,-2.942,479.34,493.87,tp_gap_filled,15.0963,7236.28,3.031,219.35,1
AEE,2026-05-06,2026-05-07,2026-05-26,2-3%,-2.141,109.25,111.64,tp_gap_filled,65.9297,7202.82,2.188,157.57,12
AMAT,2026-05-15,2026-05-18,2026-05-26,2-3%,-2.756,428.42,440.56,tp_gap_filled,16.8781,7230.89,2.834,204.9,5
CVNA,2026-05-15,2026-05-18,2026-05-26,2-3%,-2.963,67.47,69.53,tp_gap_filled,106.9863,7218.36,3.053,220.39,5
VRT,2026-05-19,2026-05-21,2026-05-26,2-3%,-2.958,329.68,339.73,tp_gap_filled,21.9939,7250.96,3.048,221.04,2
CCL,2026-05-21,2026-05-22,2026-05-26,2-3%,-2.267,25.44,26.03,tp_gap_filled,286.1757,7280.31,2.319,168.84,1
ADI,2026-05-15,2026-05-18,2026-05-27,2-3%,-2.72,415.18,426.79,tp_gap_filled,17.4092,7227.94,2.796,202.12,6
LOW,2026-05-20,2026-05-21,2026-05-27,2-3%,-2.01,213.98,218.37,tp_gap_filled,33.7905,7230.48,2.052,148.34,3
VEEV,2026-05-20,2026-05-21,2026-05-27,2-3%,-2.027,160.0,163.31,tp_gap_filled,45.343,7254.88,2.069,150.09,3
TSLA,2026-05-15,2026-05-26,2026-05-27,2-3%,-2.102,433.98,443.3,tp_gap_filled,16.873,7322.53,2.148,157.26,1
MSCI,2026-02-03,2026-04-22,2026-05-28,2-3%,-2.185,611.1,624.75,tp_gap_filled,11.6053,7092.02,2.234,158.41,25
HOOD,2026-05-15,2026-05-18,2026-05-28,2-3%,-2.677,78.54,80.7,tp_gap_filled,91.7042,7202.45,2.75,198.08,7
ARES,2026-02-20,2026-05-08,2026-05-29,2-3%,-2.665,126.39,129.85,tp_gap_filled,56.9417,7196.86,2.738,197.02,14
ADBE,2026-05-21,2026-05-22,2026-05-29,2-3%,-2.731,246.45,253.37,tp_gap_filled,29.5509,7282.81,2.808,204.49,4
CRH,2026-05-15,2026-05-27,2026-05-29,2-3%,-2.518,104.92,107.63,tp_gap_filled,69.9032,7334.25,2.583,189.44,2
COIN,2026-05-27,2026-05-28,2026-05-29,2-3%,-2.017,176.38,180.01,tp_gap_filled,41.6386,7344.21,2.058,151.15,1
MPC,2026-05-27,2026-05-28,2026-05-29,2-3%,-2.165,242.68,248.05,tp_gap_filled,30.3133,7356.43,2.213,162.78,1
GEV,2026-05-15,2026-05-26,2026-06-01,2-3%,-2.249,1066.0,948.74,stop,6.8677,7321.0,-11.0,-805.31,4
EXPE,2026-05-11,2026-05-27,2026-06-01,2-3%,-2.196,224.93,229.98,tp_gap_filled,32.6275,7338.9,2.245,164.77,3
APA,2026-05-27,2026-05-28,2026-06-01,2-3%,-2.667,36.5,37.5,tp_gap_filled,201.2029,7343.91,2.74,201.2,2
CCL,2026-05-28,2026-05-29,2026-06-01,2-3%,-2.287,27.34,27.98,tp_gap_filled,269.2025,7360.0,2.341,172.29,1
DHI,2026-05-28,2026-05-29,2026-06-01,2-3%,-2.3,144.41,147.81,tp_gap_filled,51.0331,7369.69,2.354,173.51,1
LII,2026-05-28,2026-05-29,2026-06-01,2-3%,-2.218,492.0,503.16,tp_gap_filled,14.9929,7376.53,2.268,167.32,1
NCLH,2026-05-28,2026-05-29,2026-06-01,2-3%,-2.865,17.63,18.15,tp_gap_filled,418.8396,7384.14,2.95,217.8,1
ETN,2026-05-15,2026-05-26,2026-06-02,2-3%,-2.151,399.32,408.1,tp_gap_filled,18.3249,7317.51,2.199,160.89,5
CFG,2026-05-29,2026-06-01,2026-06-02,2-3%,-2.211,61.03,62.41,tp_gap_filled,120.7334,7368.36,2.261,166.61,1
BX,2026-04-23,2026-05-01,2026-06-03,2-3%,-2.629,126.32,112.4248,stop,56.5555,7144.1,-11.0,-785.85,22
CAT,2026-05-15,2026-05-26,2026-06-03,2-3%,-2.333,898.75,920.22,tp_gap_filled,8.1374,7313.52,2.389,174.71,6
ADI,2026-06-01,2026-06-02,2026-06-03,2-3%,-2.32,404.25,413.85,tp_gap_filled,18.3616,7422.66,2.375,176.27,1
AKAM,2026-05-14,2026-06-02,2026-06-03,2-3%,-2.644,156.88,161.14,tp_gap_filled,47.4251,7440.06,2.715,202.03,1
COHR,2026-06-01,2026-06-02,2026-06-03,2-3%,-2.916,350.93,361.47,tp_gap_filled,21.2242,7448.21,3.003,223.7,1
DE,2026-05-21,2026-06-02,2026-06-03,2-3%,-2.369,547.18,560.46,tp_gap_filled,13.7593,7528.82,2.427,182.72,1
GLW,2026-06-01,2026-06-02,2026-06-03,2-3%,-2.788,176.11,181.16,tp_gap_filled,42.9232,7559.2,2.868,216.76,1
GNRC,2026-06-01,2026-06-02,2026-06-03,2-3%,-2.062,272.18,277.91,tp_gap_filled,27.9643,7611.33,2.105,160.24,1
FDX,2026-06-01,2026-06-02,2026-06-04,2-3%,-2.043,325.01,331.7889,tp_gap_filled,23.2441,7554.56,2.086,157.57,2
CRWD,2026-06-02,2026-06-03,2026-06-04,2-3%,-2.214,191.2125,170.1791,stop,39.0677,7470.23,-11.0,-821.73,1
CSGP,2026-06-02,2026-06-03,2026-06-04,2-3%,-2.304,33.08,33.86,tp_gap_filled,225.5686,7461.81,2.358,175.94,1
RVTY,2026-06-02,2026-06-03,2026-06-04,2-3%,-2.069,98.44,100.52,tp_gap_filled,75.6147,7443.51,2.113,157.28,1
ES,2026-03-05,2026-03-06,2026-06-05,2-3%,-2.031,73.79,70.6,time_exit,91.5004,6751.81,-4.323,-291.89,63
FITB,2026-02-27,2026-04-17,2026-06-05,2-3%,-2.02,50.92,51.97,tp_gap_filled,139.4048,7098.49,2.062,146.38,34
BEN,2026-06-03,2026-06-04,2026-06-05,2-3%,-2.024,30.49,31.12,tp_gap_filled,245.6834,7490.89,2.066,154.78,1
CMG,2026-06-03,2026-06-04,2026-06-05,2-3%,-2.563,28.51,29.26,tp_gap_filled,263.5551,7513.96,2.631,197.67,1
FTNT,2026-06-03,2026-06-04,2026-06-05,2-3%,-2.338,145.38,148.86,tp_gap_filled,51.657,7509.89,2.394,179.77,1
EME,2026-05-15,2026-05-18,2026-06-08,2-3%,-2.144,910.09,809.9801,stop,7.9156,7203.91,-11.0,-792.43,14
DECK,2026-06-03,2026-06-04,2026-06-08,2-3%,-2.013,108.56,110.79,tp_gap_filled,69.1646,7508.51,2.054,154.24,2
CLX,2026-05-29,2026-06-05,2026-06-08,2-3%,-2.64,93.66,96.2,tp_gap_filled,79.1891,7416.85,2.712,201.14,1
IBM,2026-06-02,2026-06-03,2026-06-09,2-3%,-2.082,313.75,279.2375,stop,23.7726,7458.64,-11.0,-820.45,4
AKAM,2026-06-04,2026-06-05,2026-06-09,2-3%,-2.052,157.07,139.7923,stop,47.4575,7454.14,-11.0,-819.96,2
APH,2026-06-05,2026-06-08,2026-06-09,2-3%,-2.398,71.625,73.385,tp_gap_filled,103.139,7387.33,2.457,181.52,1
BAX,2026-03-02,2026-05-27,2026-06-10,2-3%,-2.406,19.88,20.37,tp_gap_filled,369.4369,7344.41,2.465,181.02,10
EMR,2026-06-01,2026-06-02,2026-06-10,2-3%,-2.197,140.66,143.82,tp_gap_filled,53.6818,7550.89,2.247,169.63,6
APA,2026-06-04,2026-06-05,2026-06-10,2-3%,-2.009,37.56,38.33,tp_gap_filled,197.97,7435.75,2.05,152.44,3
AMCR,2026-05-28,2026-05-29,2026-06-11,2-3%,-2.874,38.53,39.67,tp_gap_filled,190.948,7357.23,2.959,217.68,9
GEN,2026-06-02,2026-06-03,2026-06-11,2-3%,-2.774,26.99,24.0211,stop,276.5994,7465.42,-11.0,-821.2,6
ECHO,2026-06-05,2026-06-09,2026-06-11,2-3%,-2.92,121.0,124.64,tp_gap_filled,60.9005,7368.96,3.008,221.68,2
HOOD,2026-06-02,2026-06-10,2026-06-11,2-3%,-2.27,88.67,90.73,tp_gap_filled,81.9474,7266.27,2.323,168.81,1
DAL,2026-06-10,2026-06-11,2026-06-12,2-3%,-2.291,79.31,81.17,tp_gap_filled,92.8354,7362.77,2.345,172.67,1
HPQ,2026-06-10,2026-06-11,2026-06-12,2-3%,-2.446,24.33,24.94,tp_gap_filled,303.102,7374.47,2.507,184.89,1
NCLH,2026-06-10,2026-06-11,2026-06-12,2-3%,-2.627,18.53,19.03,tp_gap_filled,398.2609,7379.78,2.698,199.13,1
STX,2026-06-10,2026-06-11,2026-06-12,2-3%,-2.855,821.86,846.01,tp_gap_filled,8.9936,7391.47,2.938,217.2,1
COP,2026-04-30,2026-05-01,2026-06-15,2-3%,-2.893,124.54,110.8406,stop,57.3645,7144.18,-11.0,-785.86,30
ORLY,2026-05-26,2026-05-27,2026-06-15,2-3%,-2.213,89.71,91.74,tp_gap_filled,81.8365,7341.55,2.263,166.13,13
PAYX,2026-06-02,2026-06-03,2026-06-15,2-3%,-2.46,99.92,102.44,tp_gap_filled,74.5495,7448.99,2.522,187.87,8
DASH,2026-06-02,2026-06-04,2026-06-15,2-3%,-2.573,160.54,164.78,tp_gap_filled,46.7772,7509.61,2.641,198.34,7
GEV,2026-06-04,2026-06-05,2026-06-15,2-3%,-2.018,940.0,959.36,tp_gap_filled,7.8923,7418.75,2.06,152.79,6
FIX,2026-06-05,2026-06-08,2026-06-15,2-3%,-2.436,1868.01,1914.65,tp_gap_filled,3.9504,7379.33,2.497,184.25,5
ALB,2026-06-05,2026-06-12,2026-06-15,2-3%,-2.028,162.29,165.65,tp_gap_filled,45.744,7423.8,2.07,153.7,1
HWM,2026-05-15,2026-06-12,2026-06-15,2-3%,-2.258,266.22,272.37,tp_gap_filled,27.9558,7442.39,2.31,171.93,1
NOW,2026-06-11,2026-06-12,2026-06-15,2-3%,-2.857,103.03,106.06,tp_gap_filled,72.2142,7440.22,2.941,218.81,1
WDAY,2026-06-09,2026-06-10,2026-06-16,2-3%,-2.414,140.29,124.8581,stop,51.7272,7256.81,-11.0,-798.25,4
AKAM,2026-06-10,2026-06-12,2026-06-16,2-3%,-2.366,134.55,137.81,tp_gap_filled,55.1965,7426.69,2.423,179.94,2
ADI,2026-06-04,2026-06-15,2026-06-16,2-3%,-2.26,427.78,437.67,tp_gap_filled,17.5328,7500.2,2.312,173.4,1
APP,2026-06-10,2026-06-15,2026-06-16,2-3%,-2.851,505.99,520.84,tp_gap_filled,14.8225,7500.02,2.935,220.11,1
MU,2026-06-12,2026-06-15,2026-06-16,2-3%,-2.416,971.81,995.87,tp_gap_filled,7.7118,7494.36,2.476,185.54,1
RDDT,2026-06-10,2026-06-15,2026-06-16,2-3%,-2.055,174.45,178.11,tp_gap_filled,43.2167,7539.15,2.098,158.17,1
SNPS,2026-06-10,2026-06-11,2026-06-17,2-3%,-2.233,454.88,465.27,tp_gap_filled,16.2468,7390.33,2.284,168.8,4
TTWO,2026-06-02,2026-06-16,2026-06-17,2-3%,-2.079,222.26,226.98,tp_gap_filled,33.6666,7482.74,2.124,158.91,1
BMY,2026-04-02,2026-04-17,2026-06-18,2-3%,-2.43,60.23,53.6047,stop,117.8623,7098.85,-11.0,-780.87,43
BR,2026-04-30,2026-05-01,2026-06-18,2-3%,-2.918,156.06,138.8934,stop,45.7898,7145.95,-11.0,-786.05,33
BKR,2026-05-27,2026-06-04,2026-06-18,2-3%,-2.203,65.26,58.0814,stop,115.0638,7509.07,-11.0,-826.0,10
CSGP,2026-06-11,2026-06-15,2026-06-18,2-3%,-2.045,33.53,29.8417,stop,224.0097,7511.05,-11.0,-826.21,3
WMB,2026-06-15,2026-06-16,2026-06-18,2-3%,-2.289,70.43,72.08,tp_gap_filled,106.43,7495.86,2.343,175.61,2
INTC,2026-06-16,2026-06-17,2026-06-18,2-3%,-2.151,125.11,127.86,tp_gap_filled,59.7186,7471.4,2.198,164.23,1
MAR,2026-06-16,2026-06-17,2026-06-18,2-3%,-2.279,391.5,400.63,tp_gap_filled,19.0534,7459.42,2.332,173.96,1
KMI,2026-06-15,2026-06-16,2026-06-22,2-3%,-2.63,31.1,31.94,tp_gap_filled,240.4522,7478.06,2.701,201.98,3
EQT,2026-06-15,2026-06-16,2026-06-24,2-3%,-2.272,50.76,51.94,tp_gap_filled,147.2335,7473.57,2.325,173.74,5
MO,2026-06-15,2026-06-16,2026-06-24,2-3%,-2.585,70.08,71.94,tp_gap_filled,106.7658,7482.15,2.654,198.58,5
RMD,2026-06-17,2026-06-18,2026-06-24,2-3%,-2.032,190.0,193.94,tp_gap_filled,39.17,7442.29,2.074,154.33,3
ACN,2026-06-22,2026-06-23,2026-06-24,2-3%,-2.328,125.0,127.98,tp_gap_filled,59.5658,7445.73,2.384,177.51,1
APP,2026-06-22,2026-06-23,2026-06-24,2-3%,-2.634,457.34,469.71,tp_gap_filled,16.2936,7451.72,2.705,201.55,1
CNP,2026-06-22,2026-06-23,2026-06-24,2-3%,-2.849,41.6,42.82,tp_gap_filled,179.3174,7459.6,2.933,218.77,1
TMUS,2026-06-22,2026-06-23,2026-06-24,2-3%,-2.185,177.7,181.67,tp_gap_filled,42.053,7472.82,2.234,166.95,1
ZTS,2026-06-22,2026-06-23,2026-06-24,2-3%,-2.325,76.88,78.71,tp_gap_filled,97.389,7487.27,2.38,178.22,1
BIIB,2026-05-14,2026-06-05,2026-06-25,2-3%,-2.093,200.25,204.53,tp_gap_filled,37.0834,7425.95,2.137,158.72,13
AOS,2026-06-23,2026-06-24,2026-06-25,2-3%,-2.556,57.19,58.69,tp_gap_filled,130.9983,7491.79,2.623,196.5,1
BBY,2026-06-23,2026-06-24,2026-06-25,2-3%,-2.855,73.84,76.01,tp_gap_filled,101.574,7500.22,2.939,220.42,1
CARR,2026-06-23,2026-06-24,2026-06-25,2-3%,-2.296,70.2,71.85,tp_gap_filled,107.1149,7519.47,2.35,176.74,1
CEG,2026-06-23,2026-06-24,2026-06-25,2-3%,-2.586,268.405,275.53,tp_gap_filled,28.0924,7540.14,2.655,200.16,1
FERG,2026-06-23,2026-06-24,2026-06-25,2-3%,-2.541,231.25,237.28,tp_gap_filled,32.6197,7543.32,2.608,196.7,1
IEX,2026-06-23,2026-06-24,2026-06-25,2-3%,-2.769,219.12,225.36,tp_gap_filled,34.4652,7552.02,2.848,215.06,1
LOW,2026-06-22,2026-06-24,2026-06-25,2-3%,-2.115,217.5,222.2,tp_gap_filled,34.746,7557.26,2.161,163.31,1
MS,2026-06-23,2026-06-24,2026-06-25,2-3%,-2.017,222.51,227.09,tp_gap_filled,33.9945,7564.12,2.058,155.69,1
DD,2026-05-15,2026-05-18,2026-06-26,2-3%,-2.055,148.68,132.3252,stop,48.4975,7210.61,-11.0,-793.17,27
VRSK,2026-06-15,2026-06-16,2026-06-26,2-3%,-2.318,179.54,183.8,tp_gap_filled,41.7496,7495.72,2.373,177.85,7
GEN,2026-06-22,2026-06-23,2026-06-26,2-3%,-2.812,23.5,24.18,tp_gap_filled,318.1548,7476.64,2.894,216.35,3
CIEN,2026-06-24,2026-06-25,2026-06-26,2-3%,-2.281,449.36,459.85,tp_gap_filled,16.8026,7550.44,2.334,176.26,1
MOS,2026-06-23,2026-06-25,2026-06-26,2-3%,-2.273,21.5,22.0,tp_gap_filled,353.1433,7592.58,2.326,176.57,1
DDOG,2026-06-05,2026-06-08,2026-06-29,2-3%,-2.545,237.4,243.6,tp_gap_filled,31.1215,7388.23,2.612,192.95,14
AVGO,2026-06-05,2026-06-09,2026-06-29,2-3%,-2.697,407.61,362.7729,stop,18.1378,7393.16,-11.0,-813.25,13
DVA,2026-06-25,2026-06-26,2026-06-29,2-3%,-2.366,208.0,213.04,tp_gap_filled,36.2247,7534.73,2.423,182.57,1
NOW,2026-06-24,2026-06-26,2026-06-29,2-3%,-2.022,94.0,95.94,tp_gap_filled,80.3309,7551.1,2.064,155.84,1
AMD,2026-06-26,2026-06-29,2026-06-30,2-3%,-2.398,519.8,532.57,tp_gap_filled,14.487,7530.33,2.457,185.0,1
CAT,2026-06-26,2026-06-29,2026-06-30,2-3%,-2.38,1031.85,1057.01,tp_gap_filled,7.3117,7544.59,2.438,183.96,1
ETN,2026-06-26,2026-06-29,2026-06-30,2-3%,-2.22,410.55,419.87,tp_gap_filled,18.378,7545.08,2.27,171.28,1
FLEX,2026-06-26,2026-06-29,2026-06-30,2-3%,-2.183,157.76,161.28,tp_gap_filled,47.813,7542.98,2.231,168.3,1
JBL,2026-06-26,2026-06-29,2026-06-30,2-3%,-2.741,364.37,374.64,tp_gap_filled,20.7132,7547.28,2.819,212.73,1
NKE,2026-06-26,2026-06-29,2026-06-30,2-3%,-2.029,40.07,40.9,tp_gap_filled,188.5904,7556.82,2.071,156.53,1
SMCI,2026-06-26,2026-06-29,2026-07-01,2-3%,-2.241,30.97,27.5633,stop,244.4338,7570.11,-11.0,-832.71,2
FTNT,2026-06-30,2026-07-01,2026-07-02,2-3%,-2.818,151.04,155.42,tp_gap_filled,49.0376,7406.64,2.9,214.78,1
ANET,2026-07-01,2026-07-02,2026-07-06,2-3%,-2.546,165.555,169.88,tp_gap_filled,44.7672,7411.44,2.612,193.62,1
EOG,2026-06-24,2026-06-25,2026-07-07,2-3%,-2.061,132.12,134.9,tp_gap_filled,57.3709,7579.84,2.104,159.49,7
GOOGL,2026-06-22,2026-06-30,2026-07-07,2-3%,-2.739,357.95,368.03,tp_gap_filled,21.0949,7550.9,2.816,212.64,4
DELL,2026-07-02,2026-07-06,2026-07-07,2-3%,-2.156,416.08,425.25,tp_gap_filled,17.8971,7446.62,2.204,164.12,1
APA,2026-06-16,2026-06-17,2026-07-08,2-3%,-2.646,33.85,34.77,tp_gap_filled,220.5581,7465.89,2.718,202.91,13
DVN,2026-06-24,2026-06-25,2026-07-08,2-3%,-2.743,42.2,43.39,tp_gap_filled,179.6237,7580.12,2.82,213.75,8
OXY,2026-06-24,2026-06-25,2026-07-08,2-3%,-2.355,51.0,52.23,tp_gap_filled,148.9538,7596.64,2.412,183.21,8
ARE,2026-06-30,2026-07-01,2026-07-08,2-3%,-2.752,54.06,48.1134,stop,137.1409,7413.84,-11.0,-815.52,4
CRWD,2026-07-06,2026-07-07,2026-07-08,2-3%,-2.304,189.51,193.98,tp_gap_filled,39.3747,7461.9,2.359,176.01,1
ANET,2026-07-07,2026-07-08,2026-07-09,2-3%,-2.412,169.1,173.28,tp_gap_filled,44.0082,7441.79,2.472,183.95,1
SMCI,2026-07-07,2026-07-08,2026-07-09,2-3%,-2.243,26.58,27.19,tp_gap_filled,281.1624,7473.3,2.295,171.51,1
CSCO,2026-06-23,2026-06-24,2026-07-10,2-3%,-2.46,118.54,121.53,tp_gap_filled,63.6033,7539.53,2.522,190.17,11
AMD,2026-07-08,2026-07-09,2026-07-10,2-3%,-2.189,504.81,516.11,tp_gap_filled,14.8894,7516.33,2.238,168.25,1
CCL,2026-07-08,2026-07-09,2026-07-10,2-3%,-2.174,26.1,26.68,tp_gap_filled,289.2142,7548.49,2.222,167.74,1
COP,2026-06-16,2026-06-17,2026-07-13,2-3%,-2.147,109.85,112.26,tp_gap_filled,67.9725,7466.77,2.194,163.81,16
BKR,2026-06-24,2026-06-25,2026-07-13,2-3%,-2.556,57.18,58.68,tp_gap_filled,132.0745,7552.02,2.623,198.11,11
FANG,2026-06-24,2026-07-08,2026-07-13,2-3%,-2.065,184.03,187.91,tp_gap_filled,40.5808,7468.08,2.108,157.45,3
V,2026-07-07,2026-07-08,2026-07-13,2-3%,-2.48,348.39,357.25,tp_gap_filled,21.5151,7495.65,2.543,190.62,3
GS,2026-06-23,2026-06-24,2026-07-14,2-3%,-2.624,1077.34,1106.37,tp_gap_filled,7.01,7552.17,2.695,203.5,13
CIEN,2026-07-10,2026-07-13,2026-07-14,2-3%,-2.02,453.0,462.34,tp_gap_filled,16.5589,7501.17,2.062,154.66,1
KLAC,2026-07-10,2026-07-13,2026-07-14,2-3%,-2.043,224.83,229.52,tp_gap_filled,33.3359,7494.91,2.086,156.35,1
LITE,2026-07-10,2026-07-13,2026-07-14,2-3%,-2.065,769.545,785.77,tp_gap_filled,9.7338,7490.61,2.108,157.93,1
MPWR,2026-07-10,2026-07-14,2026-07-15,2-3%,-2.792,1335.76,1374.13,tp_gap_filled,5.6713,7575.5,2.873,217.61,1
MRNA,2026-07-13,2026-07-14,2026-07-15,2-3%,-2.842,66.33,68.27,tp_gap_filled,114.383,7587.02,2.925,221.9,1
ALB,2026-06-26,2026-06-30,2026-07-16,2-3%,-2.758,137.16,122.0724,stop,55.1448,7563.67,-11.0,-832.0,11
AMCR,2026-07-08,2026-07-10,2026-07-16,2-3%,-2.205,43.47,44.45,tp_gap_filled,173.8986,7559.37,2.254,170.42,4
BLDR,2026-07-08,2026-07-10,2026-07-16,2-3%,-2.244,76.66,78.42,tp_gap_filled,98.4381,7546.27,2.296,173.25,4
GLW,2026-07-13,2026-07-14,2026-07-16,2-3%,-2.955,185.25,164.8725,stop,40.867,7570.61,-11.0,-832.77,2
MU,2026-07-10,2026-07-14,2026-07-16,2-3%,-2.688,964.98,858.8322,stop,7.8689,7593.37,-11.0,-835.27,2
ADP,2026-07-14,2026-07-15,2026-07-16,2-3%,-2.426,244.96,251.05,tp_gap_filled,30.6839,7516.34,2.486,186.87,1
BAX,2026-07-14,2026-07-15,2026-07-16,2-3%,-2.836,21.93,22.57,tp_gap_filled,342.9178,7520.19,2.918,219.47,1
CDNS,2026-06-05,2026-06-09,2026-07-17,2-3%,-2.351,402.0,357.78,stop,18.3561,7379.15,-11.0,-811.71,26
CMI,2026-06-26,2026-06-30,2026-07-17,2-3%,-2.547,709.06,631.0634,stop,10.6589,7557.79,-11.0,-831.36,12
CRM,2026-06-10,2026-07-07,2026-07-17,2-3%,-2.709,170.6,175.35,tp_gap_filled,43.753,7464.27,2.784,207.83,8
AXON,2026-07-09,2026-07-10,2026-07-17,2-3%,-2.951,582.1,518.069,stop,12.982,7556.85,-11.0,-831.25,5
FLEX,2026-07-13,2026-07-14,2026-07-17,2-3%,-2.43,132.5,117.925,stop,57.1423,7571.36,-11.0,-832.85,3
HIG,2026-07-15,2026-07-16,2026-07-17,2-3%,-2.316,134.95,138.15,tp_gap_filled,55.4122,7477.88,2.371,177.32,1
ISRG,2026-07-14,2026-07-16,2026-07-17,2-3%,-2.707,396.1,352.529,stop,18.8907,7482.59,-11.0,-823.08,1
TRV,2026-07-15,2026-07-16,2026-07-17,2-3%,-2.028,330.0,336.83,tp_gap_filled,22.6703,7481.19,2.07,154.84,1
ETN,2026-07-16,2026-07-17,2026-07-20,2-3%,-2.681,401.79,412.86,tp_gap_filled,18.3813,7385.4,2.755,203.48,1
LITE,2026-07-16,2026-07-17,2026-07-20,2-3%,-2.741,731.39,752.0,tp_gap_filled,10.0567,7355.4,2.818,207.27,1
LULU,2026-07-16,2026-07-17,2026-07-20,2-3%,-2.001,115.07,117.42,tp_gap_filled,63.9273,7356.11,2.042,150.23,1
MPWR,2026-07-16,2026-07-17,2026-07-20,2-3%,-2.56,1318.03,1352.66,tp_gap_filled,5.5842,7360.14,2.627,193.38,1
AME,2026-07-17,2026-07-20,2026-07-21,2-3%,-2.739,230.8,237.3,tp_gap_filled,31.8341,7347.3,2.816,206.92,1
CMI,2026-07-17,2026-07-20,2026-07-21,2-3%,-2.752,630.0,647.83,tp_gap_filled,11.6813,7359.24,2.83,208.28,1
FCX,2026-06-24,2026-06-25,2026-07-22,2-3%,-2.624,62.71,64.4,tp_gap_filled,120.9385,7584.06,2.695,204.39,18
AVGO,2026-07-16,2026-07-21,2026-07-22,2-3%,-2.47,384.54,394.28,tp_gap_filled,19.2614,7406.78,2.533,187.61,1
CRH,2026-06-29,2026-06-30,2026-07-23,2-3%,-2.386,109.64,97.5796,stop,68.953,7560.0,-11.0,-831.6,16
PWR,2026-07-16,2026-07-17,2026-07-23,2-3%,-2.335,633.69,648.84,tp_gap_filled,11.6121,7358.46,2.391,175.92,4
TT,2026-07-16,2026-07-17,2026-07-23,2-3%,-2.324,469.04,480.2,tp_gap_filled,15.682,7355.46,2.379,175.01,4
A,2026-07-21,2026-07-22,2026-07-23,2-3%,-2.971,126.39,130.26,tp_gap_filled,58.5739,7403.15,3.062,226.68,1
ARES,2026-07-17,2026-07-20,2026-07-24,2-3%,-2.416,122.4,125.43,tp_gap_filled,60.1523,7362.64,2.475,182.26,4
ACN,2026-07-21,2026-07-22,2026-07-24,2-3%,-2.349,141.33,144.73,tp_gap_filled,52.5285,7423.86,2.406,178.6,2
CB,2026-07-22,2026-07-23,2026-07-24,2-3%,-2.621,345.5,354.8,tp_gap_filled,21.317,7365.01,2.692,198.25,1
CIEN,2026-07-22,2026-07-23,2026-07-24,2-3%,-2.882,396.95,408.73,tp_gap_filled,18.5748,7373.27,2.968,218.81,1
EMR,2026-06-23,2026-06-25,2026-07-27,2-3%,-2.244,146.84,150.21,tp_gap_filled,51.6461,7583.71,2.295,174.05,21
INTU,2026-06-09,2026-07-17,2026-07-27,2-3%,-2.098,299.1,305.51,tp_gap_filled,24.6247,7365.26,2.143,157.84,6
AMAT,2026-07-16,2026-07-21,2026-07-27,2-3%,-2.915,562.54,500.6606,stop,13.1643,7405.46,-11.0,-814.6,4
FLEX,2026-07-22,2026-07-23,2026-07-27,2-3%,-2.433,124.29,110.6181,stop,59.4022,7383.1,-11.0,-812.14,2
BKNG,2026-07-23,2026-07-24,2026-07-27,2-3%,-2.131,174.07,177.86,tp_gap_filled,42.6579,7425.46,2.177,161.67,1
BLDR,2026-07-23,2026-07-24,2026-07-27,2-3%,-2.07,69.56,71.03,tp_gap_filled,106.853,7432.69,2.113,157.07,1
BR,2026-07-21,2026-07-24,2026-07-27,2-3%,-2.026,146.98,150.02,tp_gap_filled,50.6894,7450.32,2.068,154.1,1
DAL,2026-07-23,2026-07-24,2026-07-27,2-3%,-2.945,81.06,83.52,tp_gap_filled,91.9719,7455.24,3.035,226.25,1
HUBB,2026-06-23,2026-06-25,2026-07-28,2-3%,-2.67,524.99,467.2411,stop,14.4471,7584.6,-11.0,-834.31,22
APH,2026-07-07,2026-07-09,2026-07-28,2-3%,-2.985,80.915,72.0144,stop,93.2773,7547.53,-11.0,-830.23,13
CNC,2026-07-15,2026-07-16,2026-07-28,2-3%,-2.561,66.96,59.5944,stop,111.9334,7495.06,-11.0,-824.46,8
FDS,2026-06-02,2026-07-17,2026-07-28,2-3%,-2.005,265.42,270.85,tp_gap_filled,27.8191,7383.75,2.046,151.06,7
HIG,2026-07-22,2026-07-23,2026-07-28,2-3%,-2.099,139.0,141.98,tp_gap_filled,53.1938,7393.94,2.144,158.52,3
DECK,2026-07-24,2026-07-27,2026-07-28,2-3%,-2.307,94.01,96.23,tp_gap_filled,79.5182,7475.5,2.361,176.53,1
EBAY,2026-07-24,2026-07-27,2026-07-28,2-3%,-2.323,106.78,109.32,tp_gap_filled,70.147,7490.29,2.379,178.17,1
ADSK,2026-06-02,2026-07-28,2026-07-29,2-3%,-2.635,241.62,248.16,tp_gap_filled,30.9295,7473.18,2.707,202.28,1
CF,2026-07-27,2026-07-28,2026-07-29,2-3%,-2.639,121.77,125.07,tp_gap_filled,61.3174,7466.62,2.71,202.35,1
VLO,2026-07-27,2026-07-28,2026-07-29,2-3%,-2.231,295.75,302.5,tp_gap_filled,25.2287,7461.37,2.282,170.29,1
XOM,2026-07-27,2026-07-28,2026-07-29,2-3%,-2.466,153.07,156.94,tp_gap_filled,48.7706,7465.32,2.528,188.74,1
APH,2026-07-28,2026-07-29,2026-07-30,2-3%,-2.572,72.72,74.64,tp_gap_filled,103.1055,7497.83,2.64,197.96,1
AVGO,2026-07-28,2026-07-29,2026-07-30,2-3%,-2.312,374.36,383.22,tp_gap_filled,20.0619,7510.39,2.367,177.75,1
CEG,2026-07-28,2026-07-29,2026-07-30,2-3%,-2.461,263.355,270.0,tp_gap_filled,28.5027,7506.33,2.523,189.4,1
CVNA,2026-07-17,2026-07-29,2026-07-30,2-3%,-2.618,68.81,61.2409,stop,109.0218,7501.79,-11.0,-825.2,1
ECHO,2026-07-28,2026-07-29,2026-07-30,2-3%,-2.572,84.46,86.69,tp_gap_filled,88.7226,7493.51,2.64,197.85,1
FCX,2026-07-28,2026-07-29,2026-07-30,2-3%,-2.009,61.46,62.72,tp_gap_filled,121.8838,7490.98,2.05,153.57,1
APTV,2026-06-23,2026-06-24,2026-07-31,2-3%,-2.045,62.27,55.4203,stop,120.626,7511.38,-11.0,-826.25,26
VMC,2026-06-29,2026-06-30,2026-07-31,2-3%,-2.743,302.81,269.5009,stop,24.9341,7550.29,-11.0,-830.53,22
AMZN,2026-07-17,2026-07-20,2026-07-31,2-3%,-2.173,244.46,249.89,tp_gap_filled,30.084,7354.32,2.221,163.36,9
EOG,2026-07-27,2026-07-28,2026-07-31,2-3%,-2.316,143.0,146.39,tp_gap_filled,52.2388,7470.15,2.371,177.09,3
COP,2026-07-27,2026-07-29,2026-07-31,2-3%,-2.528,117.22,120.26,tp_gap_filled,63.9706,7498.63,2.593,194.47,2
DVN,2026-07-27,2026-07-29,2026-07-31,2-3%,-2.664,43.84,45.04,tp_gap_filled,170.8078,7488.21,2.737,204.97,2
TER,2026-07-24,2026-07-29,2026-07-31,2-3%,-2.341,365.0,373.75,tp_gap_filled,20.446,7462.78,2.397,178.9,2
AMAT,2026-07-29,2026-07-30,2026-07-31,2-3%,-2.737,463.42,476.46,tp_gap_filled,16.188,7501.83,2.814,211.09,1
FERG,2026-07-29,2026-07-30,2026-07-31,2-3%,-2.431,226.38,232.02,tp_gap_filled,33.3043,7539.44,2.491,187.84,1
CTSH,2026-06-02,2026-07-29,2026-08-03,2-3%,-2.204,55.9,57.16,tp_gap_filled,134.1917,7501.32,2.254,169.08,3
CCL,2026-07-29,2026-07-30,2026-08-03,2-3%,-2.657,27.48,28.23,tp_gap_filled,273.9866,7529.15,2.729,205.49,2
DAL,2026-07-29,2026-07-30,2026-08-03,2-3%,-2.506,87.13,89.37,tp_gap_filled,86.4585,7533.13,2.571,193.67,2
ADP,2026-07-30,2026-07-31,2026-08-03,2-3%,-2.901,265.44,273.37,tp_gap_filled,28.3803,7533.26,2.987,225.06,1
AMGN,2026-07-30,2026-07-31,2026-08-03,2-3%,-2.035,379.75,387.64,tp_gap_filled,19.8412,7534.71,2.078,156.55,1
AXON,2026-07-30,2026-07-31,2026-08-03,2-3%,-2.669,517.02,531.2,tp_gap_filled,14.5837,7540.07,2.743,206.8,1
FOX,2026-07-30,2026-07-31,2026-08-03,2-3%,-2.067,51.64,52.73,tp_gap_filled,146.0884,7544.0,2.111,159.24,1
LH,2026-07-30,2026-07-31,2026-08-03,2-3%,-2.979,298.0,307.15,tp_gap_filled,25.3247,7546.75,3.07,231.72,1
AMCR,2026-07-29,2026-07-30,2026-08-04,2-3%,-2.335,45.6,46.69,tp_gap_filled,165.1945,7532.87,2.39,180.06,3
BIIB,2026-07-30,2026-07-31,2026-08-04,2-3%,-2.318,204.38,209.23,tp_gap_filled,36.9199,7545.68,2.373,179.06,2
GILD,2026-07-30,2026-07-31,2026-08-04,2-3%,-2.042,130.02,132.73,tp_gap_filled,58.0387,7546.2,2.084,157.28,2
BA,2026-07-08,2026-08-03,2026-08-04,2-3%,-2.02,227.0,231.68,tp_gap_filled,33.4877,7601.7,2.062,156.72,1
BLDR,2026-07-29,2026-08-03,2026-08-04,2-3%,-2.158,72.09,73.68,tp_gap_filled,105.4831,7604.28,2.206,167.72,1
CHD,2026-07-31,2026-08-03,2026-08-04,2-3%,-2.017,95.71,97.68,tp_gap_filled,79.4727,7606.33,2.058,156.56,1
EFX,2026-07-31,2026-08-03,2026-08-04,2-3%,-2.118,172.4,176.13,tp_gap_filled,44.2194,7623.42,2.164,164.94,1
FISV,2026-06-05,2026-07-07,2026-08-05,2-3%,-2.01,55.1,56.23,tp_gap_filled,135.6073,7471.96,2.051,153.24,21
IFF,2026-07-08,2026-07-17,2026-08-05,2-3%,-2.236,80.0,81.83,tp_gap_filled,92.1694,7373.55,2.288,168.67,13
COR,2026-07-30,2026-07-31,2026-08-05,2-3%,-2.53,310.55,318.61,tp_gap_filled,24.2893,7543.04,2.595,195.77,3
BKNG,2026-07-30,2026-08-03,2026-08-05,2-3%,-2.136,197.0,201.3,tp_gap_filled,38.6425,7612.57,2.183,166.16,2
APO,2026-06-23,2026-08-04,2026-08-05,2-3%,-2.374,132.0,135.21,tp_gap_filled,58.3546,7702.81,2.432,187.32,1
GLW,2026-08-03,2026-08-04,2026-08-05,2-3%,-2.43,134.89,138.25,tp_gap_filled,57.1091,7703.44,2.491,191.89,1
IT,2026-06-02,2026-08-04,2026-08-05,2-3%,-2.845,174.48,179.59,tp_gap_filled,44.56,7774.83,2.929,227.7,1
KLAC,2026-08-03,2026-08-04,2026-08-05,2-3%,-2.653,177.97,182.82,tp_gap_filled,43.822,7798.99,2.725,212.54,1
ALB,2026-07-16,2026-07-17,2026-08-06,2-3%,-2.445,121.69,124.74,tp_gap_filled,60.713,7388.17,2.506,185.17,14
ALL,2026-08-04,2026-08-05,2026-08-06,2-3%,-2.063,257.26,262.68,tp_gap_filled,30.1494,7756.24,2.107,163.41,1
CSGP,2026-08-04,2026-08-05,2026-08-06,2-3%,-2.031,29.42,30.03,tp_gap_filled,263.851,7762.5,2.073,160.95,1
CTSH,2026-08-04,2026-08-05,2026-08-06,2-3%,-2.574,53.75,55.17,tp_gap_filled,144.6124,7772.92,2.642,205.35,1
DG,2026-08-04,2026-08-05,2026-08-06,2-3%,-2.091,125.05,127.72,tp_gap_filled,62.2759,7787.6,2.135,166.28,1
DOW,2026-08-04,2026-08-05,2026-08-06,2-3%,-2.877,29.03,29.89,tp_gap_filled,268.463,7793.48,2.962,230.88,1
HPQ,2026-08-04,2026-08-05,2026-08-06,2-3%,-2.028,26.57,27.12,tp_gap_filled,293.5434,7799.45,2.07,161.45,1
ADSK,2026-07-30,2026-08-03,2026-08-07,2-3%,-2.919,238.09,245.25,tp_gap_filled,31.9505,7607.1,3.007,228.77,4
FDS,2026-07-30,2026-08-03,2026-08-07,2-3%,-2.787,274.18,282.04,tp_gap_filled,27.8173,7626.94,2.867,218.64,4
APA,2026-08-03,2026-08-06,2026-08-07,2-3%,-2.197,36.5,37.32,tp_gap_filled,213.1588,7780.3,2.247,174.79,1
CI,2026-08-04,2026-08-06,2026-08-07,2-3%,-2.053,276.27,282.06,tp_gap_filled,28.1631,7780.62,2.096,163.06,1
EBAY,2026-08-03,2026-08-06,2026-08-07,2-3%,-2.14,111.57,114.01,tp_gap_filled,69.7823,7785.61,2.187,170.27,1
GLW,2026-08-05,2026-08-06,2026-08-07,2-3%,-2.283,156.24,159.89,tp_gap_filled,49.6535,7757.87,2.336,181.24,1
DVN,2026-08-03,2026-08-04,2026-08-10,2-3%,-2.282,44.1,45.13,tp_gap_filled,174.6911,7703.88,2.336,179.93,4
AMD,2026-08-06,2026-08-07,2026-08-10,2-3%,-2.137,471.75,482.05,tp_gap_filled,16.6602,7859.46,2.183,171.6,1
COHR,2026-07-02,2026-08-07,2026-08-10,2-3%,-2.867,358.08,368.65,tp_gap_filled,21.9545,7861.48,2.952,232.06,1
DELL,2026-08-06,2026-08-07,2026-08-10,2-3%,-2.626,450.55,462.7,tp_gap_filled,17.4999,7884.59,2.697,212.62,1
FTNT,2026-08-06,2026-08-07,2026-08-10,2-3%,-2.474,160.07,164.13,tp_gap_filled,49.2747,7887.41,2.536,200.06,1
ANET,2026-08-06,2026-08-07,2026-08-11,2-3%,-2.483,192.41,197.31,tp_gap_filled,40.8977,7869.13,2.547,200.4,2
FANG,2026-08-03,2026-08-10,2026-08-11,2-3%,-2.065,198.76,202.95,tp_gap_filled,39.8918,7928.89,2.108,167.15,1
IBKR,2026-07-28,2026-07-29,2026-08-12,2-3%,-2.417,90.04,92.27,tp_gap_filled,83.0967,7482.02,2.477,185.31,10
KEYS,2026-07-01,2026-08-04,2026-08-12,2-3%,-2.264,342.145,350.07,tp_gap_filled,22.7974,7800.03,2.316,180.67,6
COF,2026-08-05,2026-08-06,2026-08-12,2-3%,-2.474,216.42,221.91,tp_gap_filled,35.9448,7779.18,2.537,197.34,4
ECHO,2026-08-05,2026-08-06,2026-08-12,2-3%,-2.129,89.65,91.6,tp_gap_filled,86.7889,7780.62,2.175,169.24,4
AKAM,2026-08-10,2026-08-11,2026-08-12,2-3%,-2.868,107.37,110.54,tp_gap_filled,73.9882,7944.11,2.952,234.54,1
DPZ,2026-08-10,2026-08-11,2026-08-12,2-3%,-2.04,343.79,350.95,tp_gap_filled,23.1676,7964.78,2.083,165.88,1
OKE,2026-07-27,2026-07-29,2026-08-13,2-3%,-2.469,90.86,93.16,tp_gap_filled,82.1739,7466.32,2.531,189.0,11
EIX,2026-08-05,2026-08-06,2026-08-13,2-3%,-2.023,69.26,70.69,tp_gap_filled,112.1752,7769.26,2.065,160.41,5
FOXA,2026-08-10,2026-08-11,2026-08-13,2-3%,-2.046,62.72,64.03,tp_gap_filled,127.2397,7980.47,2.089,166.68,2
ABNB,2026-08-11,2026-08-12,2026-08-13,2-3%,-2.823,179.485,184.7,tp_gap_filled,44.4315,7974.79,2.906,231.71,1
BBY,2026-08-05,2026-08-11,2026-08-14,2-3%,-2.154,84.49,86.35,tp_gap_filled,94.4315,7978.52,2.201,175.64,3
ACN,2026-08-12,2026-08-13,2026-08-14,2-3%,-2.108,176.03,179.82,tp_gap_filled,45.762,8055.49,2.153,173.44,1
ADSK,2026-08-12,2026-08-13,2026-08-14,2-3%,-2.337,245.71,251.59,tp_gap_filled,32.8074,8061.11,2.393,192.91,1
BDX,2026-08-12,2026-08-13,2026-08-14,2-3%,-2.095,177.61,181.41,tp_gap_filled,45.4997,8081.21,2.14,172.9,1
CRM,2026-08-12,2026-08-13,2026-08-14,2-3%,-2.77,192.0,197.47,tp_gap_filled,42.152,8093.19,2.849,230.57,1
CTSH,2026-08-12,2026-08-13,2026-08-14,2-3%,-2.782,56.97,58.6,tp_gap_filled,142.4072,8112.94,2.861,232.12,1
DDOG,2026-08-12,2026-08-13,2026-08-14,2-3%,-2.67,240.19,246.78,tp_gap_filled,33.8459,8129.46,2.744,223.04,1
C,2026-07-14,2026-08-04,2026-08-17,2-3%,-2.111,137.74,140.71,tp_gap_filled,55.9482,7706.31,2.156,166.17,9
EME,2026-06-26,2026-08-12,2026-08-17,2-3%,-2.554,840.63,862.66,tp_gap_filled,9.4883,7976.15,2.621,209.03,3
NEM,2026-08-13,2026-08-14,2026-08-17,2-3%,-2.402,115.01,117.84,tp_gap_filled,70.5047,8108.74,2.461,199.53,1
EOG,2026-08-03,2026-08-17,2026-08-18,2-3%,-2.475,145.01,148.69,tp_gap_filled,55.7747,8087.9,2.538,205.25,1
MRVL,2026-07-10,2026-08-17,2026-08-18,2-3%,-2.253,237.79,211.6331,stop,34.0261,8091.07,-11.0,-890.02,1
ADBE,2026-06-02,2026-08-07,2026-08-19,2-3%,-2.208,267.98,274.03,tp_gap_filled,29.3437,7863.53,2.258,177.53,8
AAPL,2026-08-10,2026-08-11,2026-08-19,2-3%,-2.074,306.83,313.33,tp_gap_filled,25.899,7946.6,2.118,168.34,6
CLX,2026-08-12,2026-08-13,2026-08-19,2-3%,-2.079,106.0,108.25,tp_gap_filled,76.3314,8091.13,2.123,171.75,4
ACN,2026-08-17,2026-08-18,2026-08-19,2-3%,-2.199,173.0,176.89,tp_gap_filled,46.447,8035.34,2.249,180.68,1
AMCR,2026-08-17,2026-08-18,2026-08-19,2-3%,-2.107,45.06,46.03,tp_gap_filled,178.3216,8035.17,2.153,172.97,1
TSCO,2026-08-17,2026-08-18,2026-08-19,2-3%,-2.205,35.04,35.83,tp_gap_filled,229.5179,8042.31,2.255,181.32,1
ALB,2026-08-18,2026-08-19,2026-08-20,2-3%,-2.232,131.0,133.99,tp_gap_filled,61.9048,8109.53,2.282,185.1,1
MRNA,2026-08-18,2026-08-19,2026-08-20,2-3%,-2.203,63.04,64.46,tp_gap_filled,128.175,8080.15,2.253,182.01,1
ARE,2026-08-04,2026-08-20,2026-08-21,2-3%,-2.131,51.9,53.03,tp_gap_filled,153.6938,7976.71,2.177,173.67,1
COIN,2026-07-22,2026-08-20,2026-08-21,2-3%,-2.047,172.25,175.85,tp_gap_filled,46.3553,7984.7,2.09,166.88,1
SNDK,2026-07-15,2026-08-17,2026-08-24,2-3%,-2.306,1717.29,1528.3881,stop,4.7081,8085.19,-11.0,-889.37,5
BLDR,2026-08-20,2026-08-21,2026-08-24,2-3%,-2.343,70.85,72.55,tp_gap_filled,113.342,8030.28,2.399,192.68,1
CBOE,2026-08-03,2026-08-21,2026-08-25,2-3%,-2.482,302.53,310.23,tp_gap_filled,26.5318,8026.65,2.545,204.29,2
META,2026-08-18,2026-08-24,2026-08-25,2-3%,-2.019,557.48,568.97,tp_gap_filled,14.3643,8007.81,2.061,165.05,1
SJM,2026-07-30,2026-08-20,2026-08-26,2-3%,-2.026,123.79,126.35,tp_gap_filled,64.5039,7984.93,2.068,165.13,4
BAX,2026-08-20,2026-08-21,2026-08-26,2-3%,-2.778,25.9,26.64,tp_gap_filled,309.7862,8023.46,2.857,229.24,3
CIEN,2026-08-24,2026-08-25,2026-08-26,2-3%,-2.408,386.26,395.79,tp_gap_filled,20.8156,8040.24,2.467,198.37,1
GLW,2026-08-24,2026-08-25,2026-08-26,2-3%,-2.656,145.86,149.84,tp_gap_filled,55.133,8041.7,2.729,219.43,1
CCL,2026-08-10,2026-08-11,2026-08-27,2-3%,-2.38,28.3,25.187,stop,281.7246,7972.8,-11.0,-877.01,12
NVDA,2026-08-18,2026-08-19,2026-08-27,2-3%,-2.027,220.45,225.01,tp_gap_filled,39.8404,8782.82,2.068,181.67,6
ANET,2026-08-18,2026-08-26,2026-08-27,2-3%,-2.874,196.0,201.8,tp_gap_filled,41.1415,8063.73,2.959,238.62,1
TYL,2026-08-25,2026-08-26,2026-08-27,2-3%,-2.22,347.89,355.79,tp_gap_filled,23.2017,8071.65,2.271,183.29,1
CF,2026-08-25,2026-08-26,2026-08-28,2-3%,-2.167,126.44,129.24,tp_gap_filled,63.8768,8076.59,2.214,178.86,2
ACN,2026-08-26,2026-08-27,2026-08-28,2-3%,-2.45,182.35,186.93,tp_gap_filled,44.2898,8076.24,2.512,202.85,1
ADSK,2026-08-26,2026-08-27,2026-08-28,2-3%,-2.365,245.27,251.21,tp_gap_filled,32.9734,8087.38,2.422,195.86,1
COIN,2026-08-26,2026-08-27,2026-08-28,2-3%,-2.944,181.65,187.16,tp_gap_filled,44.7515,8129.1,3.033,246.58,1
CRM,2026-08-26,2026-08-27,2026-08-28,2-3%,-2.795,199.94,205.69,tp_gap_filled,40.7592,8149.4,2.876,234.37,1
IP,2026-07-29,2026-07-30,2026-08-31,2-3%,-2.586,42.95,38.2255,stop,175.5391,7539.4,-11.0,-829.33,22
DVN,2026-08-25,2026-08-26,2026-08-31,2-3%,-2.281,47.13,48.23,tp_gap_filled,171.3181,8074.22,2.334,188.45,3
LYB,2026-08-25,2026-08-28,2026-08-31,2-3%,-2.086,63.84,65.2,tp_gap_filled,126.7403,8091.1,2.13,172.37,1
NCLH,2026-08-18,2026-08-19,2026-09-01,2-3%,-2.2,17.78,15.8242,stop,494.584,8793.7,-11.0,-967.31,9
SNDK,2026-08-28,2026-08-31,2026-09-01,2-3%,-2.488,1448.0,1484.95,tp_gap_filled,5.5745,8071.84,2.552,205.98,1
DELL,2026-08-18,2026-08-19,2026-09-02,2-3%,-2.674,466.98,479.81,tp_gap_filled,17.3876,8119.68,2.747,223.08,10
WAT,2026-08-31,2026-09-01,2026-09-02,2-3%,-2.098,405.99,414.69,tp_gap_filled,19.611,7961.85,2.143,170.62,1
AMAT,2026-08-24,2026-08-25,2026-09-03,2-3%,-2.121,481.88,428.8732,stop,16.6883,8041.78,-11.0,-884.6,7
COIN,2026-08-28,2026-08-31,2026-09-03,2-3%,-2.459,186.03,190.72,tp_gap_filled,43.3656,8067.31,2.521,203.38,3
GDDY,2026-07-30,2026-09-01,2026-09-03,2-3%,-2.94,102.01,105.1,tp_gap_filled,78.0952,7966.49,3.029,241.31,2
ALB,2026-09-01,2026-09-02,2026-09-03,2-3%,-2.2,132.0,134.97,tp_gap_filled,60.888,8037.22,2.25,180.84,1
ARES,2026-09-01,2026-09-02,2026-09-03,2-3%,-2.214,140.0,143.17,tp_gap_filled,57.5159,8052.22,2.264,182.33,1
AMD,2026-09-01,2026-09-02,2026-09-04,2-3%,-2.296,459.91,470.72,tp_gap_filled,17.5137,8054.72,2.35,189.32,2
MRVL,2026-09-02,2026-09-03,2026-09-04,2-3%,-2.443,205.25,210.39,tp_gap_filled,39.4812,8103.52,2.504,202.93,1
