ticker,gap_date,entry_date,exit_date,bucket,gap_pct,entry_price,exit_price,exit_reason,contracts_shares,position_dollars,pnl_pct,pnl_dollar,days_held
ALB,2024-09-04,2024-09-05,2024-09-06,1-2%,-1.177,83.13,76.4796,stop,60.1468,5000.0,-8.0,-400.0,1
AMZN,2024-09-04,2024-09-05,2024-09-06,1-2%,-1.004,174.48,176.25,tp_gap_filled,28.6494,4998.75,1.014,50.71,1
AVGO,2024-09-04,2024-09-05,2024-09-06,1-2%,-1.63,150.3,138.276,stop,33.291,5003.64,-8.0,-400.29,1
CMG,2024-09-04,2024-09-05,2024-09-06,1-2%,-1.626,52.65,53.52,tp_gap_filled,95.1155,5007.83,1.652,82.75,1
HOOD,2024-09-04,2024-09-05,2024-09-06,1-2%,-1.859,19.01,19.37,tp_gap_filled,263.6712,5012.39,1.894,94.92,1
HUM,2024-09-04,2024-09-05,2024-09-06,1-2%,-1.177,359.25,363.53,tp_gap_filled,13.9766,5021.09,1.191,59.82,1
LULU,2024-09-04,2024-09-05,2024-09-06,1-2%,-1.488,254.24,258.08,tp_gap_filled,19.752,5021.76,1.51,75.85,1
MCHP,2024-09-04,2024-09-05,2024-09-06,1-2%,-1.322,75.39,76.4,tp_gap_filled,66.6033,5021.23,1.34,67.27,1
META,2024-09-04,2024-09-05,2024-09-06,1-2%,-1.112,506.07,511.76,tp_gap_filled,9.9309,5025.75,1.124,56.51,1
NKE,2024-09-04,2024-09-05,2024-09-06,1-2%,-1.5,80.1,81.32,tp_gap_filled,62.8472,5034.06,1.523,76.67,1
ON,2024-09-04,2024-09-05,2024-09-06,1-2%,-1.23,69.89,70.76,tp_gap_filled,72.0612,5036.36,1.245,62.69,1
PLTR,2024-09-04,2024-09-05,2024-09-06,1-2%,-1.672,30.0,30.51,tp_gap_filled,167.9218,5037.65,1.7,85.64,1
RDDT,2024-09-04,2024-09-05,2024-09-06,1-2%,-1.408,56.72,57.53,tp_gap_filled,88.8399,5039.0,1.428,71.96,1
FLEX,2024-09-04,2024-09-05,2024-09-09,1-2%,-1.248,30.07,30.45,tp_gap_filled,166.5993,5009.64,1.264,63.31,2
APP,2024-09-05,2024-09-06,2024-09-09,1-2%,-1.502,86.56,87.88,tp_gap_filled,57.0859,4941.35,1.525,75.35,1
BKNG,2024-09-05,2024-09-06,2024-09-09,1-2%,-1.182,150.1716,151.9684,tp_gap_filled,32.8669,4935.67,1.196,59.06,1
GEV,2024-09-05,2024-09-06,2024-09-09,1-2%,-1.272,197.09,199.63,tp_gap_filled,24.9262,4912.7,1.289,63.31,1
NVDA,2024-09-05,2024-09-06,2024-09-09,1-2%,-1.149,104.99,106.21,tp_gap_filled,46.6789,4900.82,1.162,56.95,1
MRVL,2024-09-04,2024-09-05,2024-09-10,1-2%,-1.342,69.08,70.02,tp_gap_filled,72.8302,5031.11,1.361,68.46,3
AMD,2024-09-05,2024-09-06,2024-09-10,1-2%,-1.895,138.2,140.87,tp_gap_filled,35.8441,4953.65,1.932,95.7,2
ANET,2024-09-05,2024-09-06,2024-09-10,1-2%,-1.451,80.33,81.5125,tp_gap_filled,61.5803,4946.75,1.472,72.82,2
CDNS,2024-09-05,2024-09-06,2024-09-10,1-2%,-1.908,249.28,254.13,tp_gap_filled,19.7937,4934.17,1.946,96.0,2
AMAT,2024-09-04,2024-09-05,2024-09-11,1-2%,-1.843,179.99,183.37,tp_gap_filled,27.7705,4998.41,1.878,93.86,4
LRCX,2024-09-04,2024-09-05,2024-09-11,1-2%,-1.723,75.253,76.572,tp_gap_filled,66.7167,5020.63,1.753,88.0,4
MPWR,2024-09-05,2024-09-06,2024-09-11,1-2%,-1.741,835.7,850.51,tp_gap_filled,5.8804,4914.25,1.772,87.09,3
MU,2024-09-05,2024-09-06,2024-09-11,1-2%,-1.333,88.1,89.29,tp_gap_filled,55.6822,4905.61,1.351,66.26,3
QCOM,2024-09-05,2024-09-06,2024-09-11,1-2%,-1.361,163.08,165.33,tp_gap_filled,29.9605,4885.96,1.38,67.41,3
APO,2024-09-09,2024-09-10,2024-09-11,1-2%,-1.657,106.21,108.0,tp_gap_filled,46.6904,4958.99,1.685,83.58,1
CRH,2024-09-09,2024-09-10,2024-09-11,1-2%,-1.711,83.87,85.33,tp_gap_filled,59.1418,4960.23,1.741,86.35,1
SPG,2024-09-09,2024-09-10,2024-09-12,1-2%,-1.465,162.09,164.5,tp_gap_filled,30.6334,4965.37,1.487,73.83,2
ADI,2024-09-05,2024-09-11,2024-09-12,1-2%,-1.046,219.48,221.8,tp_gap_filled,22.8622,5017.8,1.057,53.04,1
ALB,2024-09-06,2024-09-11,2024-09-12,1-2%,-1.646,81.24,82.6,tp_gap_filled,61.8439,5024.19,1.674,84.11,1
DECK,2024-09-10,2024-09-11,2024-09-12,1-2%,-1.352,147.0,149.015,tp_gap_filled,34.3477,5049.12,1.371,69.21,1
ON,2024-09-10,2024-09-11,2024-09-12,1-2%,-1.542,68.32,69.39,tp_gap_filled,74.0182,5056.92,1.566,79.2,1
SW,2024-09-04,2024-09-05,2024-09-13,1-2%,-1.357,45.08,45.7,tp_gap_filled,111.9751,5047.84,1.375,69.42,6
CRWD,2024-09-05,2024-09-06,2024-09-13,1-2%,-1.512,63.85,64.83,tp_gap_filled,77.2502,4932.42,1.535,75.71,5
ARE,2024-09-11,2024-09-12,2024-09-13,1-2%,-1.119,118.42,119.76,tp_gap_filled,42.55,5038.77,1.132,57.02,1
CBRE,2024-09-11,2024-09-12,2024-09-13,1-2%,-1.224,115.37,116.8,tp_gap_filled,43.7392,5046.19,1.239,62.55,1
CFG,2024-09-11,2024-09-12,2024-09-13,1-2%,-1.275,39.49,40.0,tp_gap_filled,127.901,5050.81,1.291,65.23,1
CI,2024-09-05,2024-09-12,2024-09-13,1-2%,-1.249,362.06,366.64,tp_gap_filled,13.9541,5052.22,1.265,63.91,1
CIEN,2024-09-05,2024-09-12,2024-09-13,1-2%,-1.675,54.01,54.93,tp_gap_filled,93.5437,5052.29,1.703,86.06,1
CPT,2024-09-11,2024-09-12,2024-09-13,1-2%,-1.275,121.6,123.17,tp_gap_filled,41.5685,5054.72,1.291,65.26,1
CRH,2024-09-11,2024-09-12,2024-09-13,1-2%,-1.145,84.63,85.61,tp_gap_filled,59.7642,5057.84,1.158,58.57,1
CVS,2024-09-11,2024-09-12,2024-09-13,1-2%,-1.036,56.35,56.94,tp_gap_filled,89.8653,5063.91,1.047,53.02,1
DELL,2024-09-04,2024-09-12,2024-09-13,1-2%,-1.598,109.0,110.77,tp_gap_filled,46.5065,5069.21,1.624,82.32,1
DHI,2024-09-11,2024-09-12,2024-09-13,1-2%,-1.216,185.25,187.53,tp_gap_filled,27.4037,5076.54,1.231,62.48,1
INTC,2024-09-04,2024-09-05,2024-09-16,1-2%,-1.692,19.76,20.1,tp_gap_filled,254.312,5025.21,1.721,86.47,7
FERG,2024-09-05,2024-09-06,2024-09-16,1-2%,-1.109,193.45,195.62,tp_gap_filled,25.4522,4923.72,1.122,55.23,6
PEP,2024-09-06,2024-09-09,2024-09-16,1-2%,-1.037,177.44,179.3,tp_gap_filled,27.9482,4959.12,1.048,51.98,5
AEE,2024-09-11,2024-09-12,2024-09-16,1-2%,-1.013,84.05,84.91,tp_gap_filled,59.9693,5040.42,1.023,51.57,2
MPWR,2024-09-12,2024-09-13,2024-09-16,1-2%,-1.032,885.92,895.16,tp_gap_filled,5.7328,5078.79,1.043,52.97,1
TSLA,2024-09-12,2024-09-13,2024-09-16,1-2%,-1.521,224.66,228.13,tp_gap_filled,22.6253,5083.0,1.545,78.51,1
UHS,2024-09-12,2024-09-13,2024-09-16,1-2%,-1.523,226.27,229.77,tp_gap_filled,22.4925,5089.37,1.547,78.72,1
ULTA,2024-09-10,2024-09-13,2024-09-16,1-2%,-1.059,377.53,381.57,tp_gap_filled,13.4994,5096.45,1.07,54.54,1
COF,2024-09-10,2024-09-13,2024-09-17,1-2%,-1.641,140.26,142.6,tp_gap_filled,36.3192,5094.13,1.668,84.99,2
FSLR,2024-09-12,2024-09-13,2024-09-17,1-2%,-1.288,236.75,239.84,tp_gap_filled,21.4847,5086.51,1.305,66.39,2
GILD,2024-09-13,2024-09-16,2024-09-17,1-2%,-1.455,81.95,83.16,tp_gap_filled,62.2872,5104.44,1.477,75.37,1
META,2024-09-13,2024-09-16,2024-09-17,1-2%,-1.001,520.34,525.6,tp_gap_filled,9.8171,5108.21,1.011,51.64,1
NRG,2024-09-13,2024-09-16,2024-09-17,1-2%,-1.316,78.75,79.8,tp_gap_filled,64.9468,5114.56,1.333,68.19,1
ADI,2024-09-16,2024-09-17,2024-09-18,1-2%,-1.344,222.39,225.42,tp_gap_filled,23.0227,5120.01,1.362,69.76,1
AMAT,2024-09-16,2024-09-17,2024-09-18,1-2%,-1.841,185.0,188.47,tp_gap_filled,27.6942,5123.42,1.876,96.1,1
ANET,2024-09-16,2024-09-17,2024-09-18,1-2%,-1.287,88.7825,89.94,tp_gap_filled,57.7635,5128.39,1.304,66.86,1
APP,2024-09-16,2024-09-17,2024-09-18,1-2%,-1.048,111.4,112.58,tp_gap_filled,46.0735,5132.59,1.059,54.37,1
DELL,2024-09-16,2024-09-17,2024-09-18,1-2%,-1.68,112.38,114.3,tp_gap_filled,45.8849,5156.54,1.708,88.1,1
FLEX,2024-09-16,2024-09-17,2024-09-18,1-2%,-1.577,29.33,29.8,tp_gap_filled,176.1585,5166.73,1.602,82.79,1
HOOD,2024-09-16,2024-09-17,2024-09-18,1-2%,-1.658,21.704,22.07,tp_gap_filled,238.671,5180.12,1.686,87.35,1
HPE,2024-09-16,2024-09-17,2024-09-18,1-2%,-1.808,16.84,17.15,tp_gap_filled,308.2711,5191.29,1.841,95.56,1
GDDY,2024-09-05,2024-09-06,2024-09-19,1-2%,-1.888,154.32,157.29,tp_gap_filled,31.8791,4919.59,1.925,94.68,9
NXPI,2024-09-05,2024-09-06,2024-09-19,1-2%,-1.126,236.17,238.86,tp_gap_filled,20.7299,4895.78,1.139,55.76,9
COIN,2024-09-04,2024-09-13,2024-09-19,1-2%,-1.555,166.5,169.13,tp_gap_filled,30.5813,5091.79,1.58,80.43,4
MRVL,2024-09-12,2024-09-13,2024-09-19,1-2%,-1.095,74.07,74.89,tp_gap_filled,68.6765,5086.87,1.107,56.31,4
AVGO,2024-09-16,2024-09-17,2024-09-19,1-2%,-1.491,165.19,167.69,tp_gap_filled,31.2415,5160.79,1.513,78.1,2
NOC,2024-09-17,2024-09-18,2024-09-19,1-2%,-1.203,515.0,521.27,tp_gap_filled,9.9656,5132.3,1.217,62.48,1
LMT,2024-09-17,2024-09-18,2024-09-20,1-2%,-1.093,566.66,572.92,tp_gap_filled,9.058,5132.83,1.105,56.7,2
DVA,2024-09-18,2024-09-19,2024-09-20,1-2%,-1.157,162.32,164.22,tp_gap_filled,31.9305,5182.97,1.171,60.67,1
PLTR,2024-09-18,2024-09-19,2024-09-20,1-2%,-1.509,35.9,36.45,tp_gap_filled,144.5825,5190.51,1.532,79.52,1
IRM,2024-09-17,2024-09-18,2024-09-23,1-2%,-1.007,117.0,118.19,tp_gap_filled,43.8806,5134.03,1.017,52.22,3
ED,2024-09-19,2024-09-20,2024-09-23,1-2%,-1.857,101.49,103.41,tp_gap_filled,51.1025,5186.39,1.892,98.12,1
AMCR,2024-09-06,2024-09-09,2024-09-24,1-2%,-1.426,55.3,56.1,tp_gap_filled,89.7698,4964.27,1.447,71.82,11
HPQ,2024-09-05,2024-09-17,2024-09-24,1-2%,-1.387,34.84,35.33,tp_gap_filled,149.6053,5212.25,1.406,73.31,5
AMAT,2024-09-20,2024-09-23,2024-09-24,1-2%,-1.2,194.35,196.71,tp_gap_filled,26.7719,5203.11,1.214,63.18,1
DELL,2024-09-20,2024-09-23,2024-09-24,1-2%,-1.078,116.5,117.77,tp_gap_filled,44.6583,5202.7,1.09,56.72,1
FANG,2024-09-20,2024-09-23,2024-09-24,1-2%,-1.299,179.27,181.63,tp_gap_filled,29.0349,5205.09,1.316,68.52,1
FCX,2024-09-20,2024-09-23,2024-09-24,1-2%,-1.019,44.68,45.14,tp_gap_filled,116.6913,5213.77,1.03,53.68,1
FIS,2024-09-20,2024-09-23,2024-09-24,1-2%,-1.09,83.49,84.41,tp_gap_filled,62.4799,5216.45,1.102,57.48,1
FRT,2024-09-20,2024-09-23,2024-09-24,1-2%,-1.068,113.0,114.22,tp_gap_filled,46.1882,5219.26,1.08,56.35,1
FSLR,2024-09-20,2024-09-23,2024-09-24,1-2%,-1.788,236.15,240.45,tp_gap_filled,22.1175,5223.05,1.821,95.11,1
GRMN,2024-09-20,2024-09-23,2024-09-24,1-2%,-1.025,170.0,171.76,tp_gap_filled,30.8092,5237.57,1.035,54.22,1
INTC,2024-09-20,2024-09-23,2024-09-24,1-2%,-1.183,20.89,21.14,tp_gap_filled,251.1498,5246.52,1.197,62.79,1
MPC,2024-09-23,2024-09-24,2024-09-25,1-2%,-1.15,162.5,164.39,tp_gap_filled,32.1318,5221.41,1.163,60.73,1
NKE,2024-09-23,2024-09-24,2024-09-25,1-2%,-1.294,85.4,86.52,tp_gap_filled,61.1397,5221.33,1.311,68.48,1
SMCI,2024-09-23,2024-09-24,2024-09-25,1-2%,-1.456,45.061,45.727,tp_gap_filled,116.0127,5227.65,1.478,77.26,1
ULTA,2024-09-23,2024-09-24,2024-09-25,1-2%,-1.214,397.13,402.01,tp_gap_filled,13.1826,5235.19,1.229,64.33,1
RVTY,2024-09-20,2024-09-24,2024-09-26,1-2%,-1.225,124.93,126.48,tp_gap_filled,41.8445,5227.63,1.241,64.86,2
VLO,2024-09-20,2024-09-24,2024-09-26,1-2%,-1.464,136.66,138.69,tp_gap_filled,38.334,5238.73,1.485,77.82,2
WBD,2024-09-20,2024-09-24,2024-09-26,1-2%,-1.19,8.3,8.4,tp_gap_filled,630.2854,5231.37,1.205,63.03,2
CEG,2024-09-24,2024-09-25,2024-09-26,1-2%,-1.182,254.08,257.12,tp_gap_filled,20.4294,5190.71,1.196,62.11,1
SW,2024-09-20,2024-09-25,2024-09-26,1-2%,-1.142,48.46,49.02,tp_gap_filled,107.243,5196.99,1.156,60.06,1
TER,2024-09-20,2024-09-25,2024-09-26,1-2%,-1.203,132.21,133.82,tp_gap_filled,39.2819,5193.46,1.218,63.24,1
VTR,2024-09-24,2024-09-25,2024-09-26,1-2%,-1.199,63.44,64.21,tp_gap_filled,81.8151,5190.35,1.214,63.0,1
WELL,2024-09-24,2024-09-25,2024-09-26,1-2%,-1.143,127.12,128.59,tp_gap_filled,40.877,5196.28,1.156,60.09,1
INCY,2024-09-18,2024-09-19,2024-09-27,1-2%,-1.776,65.25,66.43,tp_gap_filled,79.4525,5184.28,1.808,93.75,6
AAPL,2024-09-25,2024-09-26,2024-09-27,1-2%,-1.073,224.93,227.37,tp_gap_filled,23.2711,5234.36,1.085,56.78,1
ACN,2024-09-25,2024-09-26,2024-09-27,1-2%,-1.319,335.14,339.62,tp_gap_filled,15.6274,5237.37,1.337,70.01,1
ADI,2024-09-25,2024-09-26,2024-09-27,1-2%,-1.421,224.1,227.33,tp_gap_filled,23.4428,5253.52,1.441,75.72,1
CDNS,2024-09-25,2024-09-26,2024-09-27,1-2%,-1.811,268.37,273.32,tp_gap_filled,19.6122,5263.32,1.844,97.08,1
EXPE,2024-09-25,2024-09-26,2024-09-27,1-2%,-1.548,145.63,147.92,tp_gap_filled,36.1812,5269.07,1.572,82.85,1
LVS,2024-09-25,2024-09-26,2024-09-27,1-2%,-1.104,43.89,44.38,tp_gap_filled,120.1967,5275.43,1.116,58.9,1
MCHP,2024-09-25,2024-09-26,2024-09-27,1-2%,-1.071,76.67,77.5,tp_gap_filled,69.1605,5302.54,1.083,57.4,1
CHD,2024-09-17,2024-09-18,2024-09-30,1-2%,-1.064,104.1,105.22,tp_gap_filled,49.3536,5137.71,1.076,55.28,8
CVNA,2024-09-23,2024-09-24,2024-09-30,1-2%,-1.927,34.1,34.77,tp_gap_filled,153.0218,5218.04,1.965,102.52,4
CI,2024-09-26,2024-09-27,2024-09-30,1-2%,-1.158,344.82,348.86,tp_gap_filled,15.2639,5263.28,1.172,61.67,1
CL,2024-09-26,2024-09-27,2024-09-30,1-2%,-1.07,102.64,103.75,tp_gap_filled,51.3005,5265.48,1.081,56.94,1
OXY,2024-09-26,2024-09-27,2024-09-30,1-2%,-1.78,50.21,51.12,tp_gap_filled,104.9232,5268.2,1.812,95.48,1
PFE,2024-09-26,2024-09-27,2024-09-30,1-2%,-1.555,28.48,28.93,tp_gap_filled,185.1298,5272.5,1.58,83.31,1
PM,2024-09-26,2024-09-27,2024-09-30,1-2%,-1.224,120.2,121.69,tp_gap_filled,43.9113,5278.14,1.24,65.43,1
SLB,2024-09-26,2024-09-27,2024-09-30,1-2%,-1.746,41.08,41.81,tp_gap_filled,128.507,5279.07,1.777,93.81,1
SRE,2024-09-26,2024-09-27,2024-09-30,1-2%,-1.181,82.02,83.0,tp_gap_filled,64.458,5286.84,1.195,63.17,1
DXCM,2024-09-04,2024-09-09,2024-10-01,1-2%,-1.258,71.45,65.734,stop,69.4915,4965.17,-8.0,-397.21,16
DHI,2024-09-25,2024-09-27,2024-10-01,1-2%,-1.086,190.28,192.37,tp_gap_filled,27.686,5268.1,1.098,57.86,2
DVN,2024-09-26,2024-09-30,2024-10-01,1-2%,-1.508,39.2,39.8,tp_gap_filled,135.2911,5303.41,1.531,81.17,1
BLDR,2024-09-30,2024-10-01,2024-10-02,1-2%,-1.014,192.28,194.25,tp_gap_filled,27.4091,5270.23,1.025,54.0,1
CHTR,2024-09-30,2024-10-01,2024-10-02,1-2%,-1.686,320.72,326.22,tp_gap_filled,16.4444,5274.03,1.715,90.44,1
COHR,2024-09-30,2024-10-01,2024-10-02,1-2%,-1.414,88.56,89.83,tp_gap_filled,59.6296,5280.8,1.434,75.73,1
CVNA,2024-09-30,2024-10-01,2024-10-02,1-2%,-1.107,33.58,33.956,tp_gap_filled,157.3054,5282.32,1.12,59.15,1
APA,2024-10-01,2024-10-02,2024-10-03,1-2%,-1.022,24.21,24.46,tp_gap_filled,218.2895,5284.79,1.033,54.57,1
EOG,2024-10-01,2024-10-02,2024-10-03,1-2%,-1.725,120.81,122.93,tp_gap_filled,43.9054,5304.22,1.755,93.08,1
INVH,2024-09-06,2024-09-13,2024-10-04,1-2%,-1.019,36.9,33.948,stop,137.6142,5077.96,-8.0,-406.24,15
ADI,2024-09-30,2024-10-01,2024-10-04,1-2%,-1.357,228.9,232.05,tp_gap_filled,23.0893,5285.14,1.376,72.73,3
AMAT,2024-09-30,2024-10-01,2024-10-04,1-2%,-1.913,201.0,204.92,tp_gap_filled,26.2642,5279.1,1.95,102.96,3
BXP,2024-09-30,2024-10-01,2024-10-04,1-2%,-1.461,79.59,80.77,tp_gap_filled,66.2613,5273.74,1.483,78.19,3
CTVA,2024-10-01,2024-10-02,2024-10-04,1-2%,-1.191,58.09,58.79,tp_gap_filled,91.2671,5301.71,1.205,63.89,2
CNP,2024-10-02,2024-10-03,2024-10-04,1-2%,-1.071,29.57,29.89,tp_gap_filled,177.2344,5240.82,1.082,56.71,1
ODFL,2024-09-20,2024-09-25,2024-10-07,1-2%,-1.105,202.26,186.0792,stop,25.7079,5199.68,-8.0,-415.97,8
ABNB,2024-10-03,2024-10-04,2024-10-07,1-2%,-1.252,124.6,126.18,tp_gap_filled,42.3371,5275.2,1.268,66.89,1
APTV,2024-10-03,2024-10-04,2024-10-07,1-2%,-1.57,68.95,70.05,tp_gap_filled,76.6731,5286.61,1.595,84.34,1
BKNG,2024-10-03,2024-10-04,2024-10-07,1-2%,-1.091,163.2,165.0004,tp_gap_filled,32.4259,5291.9,1.103,58.38,1
CCL,2024-10-02,2024-10-04,2024-10-07,1-2%,-1.72,17.71,18.02,tp_gap_filled,299.2032,5298.89,1.75,92.75,1
AES,2024-10-02,2024-10-03,2024-10-08,1-2%,-1.136,20.01,18.4092,stop,262.4872,5252.37,-8.0,-420.19,3
AMT,2024-09-11,2024-09-16,2024-10-09,1-2%,-1.079,240.21,220.9932,stop,21.2494,5104.32,-8.0,-408.35,17
CHTR,2024-10-03,2024-10-04,2024-10-09,1-2%,-1.133,325.51,329.24,tp_gap_filled,16.293,5303.53,1.146,60.77,3
ADI,2024-10-07,2024-10-08,2024-10-09,1-2%,-1.13,225.65,228.23,tp_gap_filled,23.2216,5239.96,1.143,59.91,1
BA,2024-09-12,2024-09-13,2024-10-10,1-2%,-1.184,159.42,146.6664,stop,31.9807,5098.37,-8.0,-407.87,19
CB,2024-10-04,2024-10-07,2024-10-10,1-2%,-1.4,284.5,288.54,tp_gap_filled,18.4673,5253.96,1.42,74.61,3
APD,2024-10-08,2024-10-09,2024-10-10,1-2%,-1.097,309.26,312.69,tp_gap_filled,16.945,5240.4,1.109,58.12,1
FFIV,2024-09-25,2024-09-26,2024-10-11,1-2%,-1.462,220.33,223.6,tp_gap_filled,23.9378,5274.22,1.484,78.28,11
ALGN,2024-10-02,2024-10-04,2024-10-11,1-2%,-1.74,241.08,221.7936,stop,21.9276,5286.32,-8.0,-422.91,5
CAT,2024-10-08,2024-10-09,2024-10-11,1-2%,-1.002,394.26,398.25,tp_gap_filled,13.3018,5244.39,1.012,53.07,2
APA,2024-10-09,2024-10-10,2024-10-11,1-2%,-1.409,25.89,26.26,tp_gap_filled,202.0315,5230.59,1.429,74.75,1
BSX,2024-10-09,2024-10-10,2024-10-11,1-2%,-1.41,84.63,85.84,tp_gap_filled,61.9212,5240.39,1.43,74.92,1
NSC,2024-09-12,2024-09-13,2024-10-14,1-2%,-1.092,251.0,253.77,tp_gap_filled,20.272,5088.27,1.104,56.15,21
PCG,2024-09-24,2024-09-25,2024-10-14,1-2%,-1.048,19.82,20.03,tp_gap_filled,262.1633,5196.08,1.06,55.05,13
A,2024-10-10,2024-10-11,2024-10-14,1-2%,-1.098,143.21,144.8,tp_gap_filled,36.6782,5252.69,1.11,58.32,1
ADI,2024-10-10,2024-10-11,2024-10-14,1-2%,-1.518,229.7,233.24,tp_gap_filled,22.8725,5253.81,1.541,80.97,1
ALLE,2024-10-10,2024-10-11,2024-10-14,1-2%,-1.187,144.83,146.57,tp_gap_filled,36.3007,5257.42,1.201,63.16,1
AMAT,2024-10-10,2024-10-11,2024-10-14,1-2%,-1.97,201.02,205.06,tp_gap_filled,26.176,5261.91,2.01,105.75,1
APP,2024-10-10,2024-10-11,2024-10-14,1-2%,-1.262,141.59,143.4,tp_gap_filled,37.2003,5267.19,1.278,67.33,1
COR,2024-09-18,2024-09-20,2024-10-15,1-2%,-1.723,230.49,234.53,tp_gap_filled,22.5132,5189.07,1.753,90.95,17
CRH,2024-09-27,2024-09-30,2024-10-15,1-2%,-1.437,91.9,93.24,tp_gap_filled,57.6822,5300.99,1.458,77.29,11
ARE,2024-09-30,2024-10-01,2024-10-15,1-2%,-1.785,118.86,121.02,tp_gap_filled,44.3724,5274.11,1.817,95.84,10
ESS,2024-09-30,2024-10-01,2024-10-15,1-2%,-1.527,290.1,294.6,tp_gap_filled,18.2514,5294.74,1.551,82.13,10
AEE,2024-10-04,2024-10-07,2024-10-15,1-2%,-1.261,86.91,88.02,tp_gap_filled,60.4426,5253.06,1.277,67.09,6
D,2024-10-04,2024-10-07,2024-10-15,1-2%,-1.102,57.44,58.08,tp_gap_filled,91.3509,5247.2,1.114,58.46,6
DTE,2024-10-04,2024-10-07,2024-10-15,1-2%,-1.098,126.15,127.55,tp_gap_filled,41.5822,5245.6,1.11,58.22,6
AAPL,2024-10-01,2024-10-09,2024-10-15,1-2%,-1.494,229.52,233.0,tp_gap_filled,22.8319,5240.37,1.516,79.45,4
CVNA,2024-10-11,2024-10-14,2024-10-15,1-2%,-1.195,37.856,38.314,tp_gap_filled,140.0858,5303.09,1.21,64.16,1
GPN,2024-10-01,2024-10-14,2024-10-15,1-2%,-1.24,101.15,102.42,tp_gap_filled,52.4253,5302.82,1.256,66.58,1
HUM,2024-10-11,2024-10-14,2024-10-15,1-2%,-1.786,246.95,251.44,tp_gap_filled,21.489,5306.7,1.818,96.49,1
PEG,2024-10-11,2024-10-14,2024-10-15,1-2%,-1.883,87.03,88.7,tp_gap_filled,61.2245,5328.37,1.919,102.24,1
SMCI,2024-10-11,2024-10-14,2024-10-15,1-2%,-1.377,45.83,46.47,tp_gap_filled,116.4061,5334.89,1.396,74.5,1
AMT,2024-10-09,2024-10-15,2024-10-16,1-2%,-1.017,222.0,224.28,tp_gap_filled,24.0131,5330.92,1.027,54.75,1
AZO,2024-10-14,2024-10-15,2024-10-16,1-2%,-1.745,3075.1499,3129.78,tp_gap_filled,1.7364,5339.84,1.777,94.86,1
BA,2024-10-14,2024-10-15,2024-10-16,1-2%,-2.0,148.0,151.02,tp_gap_filled,36.0946,5342.0,2.041,109.01,1
EXPD,2024-10-14,2024-10-15,2024-10-16,1-2%,-1.723,120.9,123.02,tp_gap_filled,44.2502,5349.85,1.754,93.81,1
KEY,2024-10-14,2024-10-15,2024-10-16,1-2%,-1.103,17.03,17.22,tp_gap_filled,314.201,5350.84,1.116,59.7,1
STLD,2024-10-14,2024-10-15,2024-10-16,1-2%,-1.178,128.33,129.86,tp_gap_filled,41.6938,5350.57,1.192,63.79,1
CEG,2024-10-09,2024-10-16,2024-10-17,1-2%,-1.195,276.05,279.39,tp_gap_filled,19.4465,5368.2,1.21,64.95,1
EQT,2024-10-15,2024-10-16,2024-10-17,1-2%,-1.366,36.1,36.6,tp_gap_filled,148.6431,5366.02,1.385,74.32,1
EXE,2024-10-15,2024-10-16,2024-10-17,1-2%,-1.639,85.2,86.62,tp_gap_filled,63.032,5370.33,1.667,89.51,1
MGM,2024-10-08,2024-10-15,2024-10-18,1-2%,-1.825,40.35,41.1,tp_gap_filled,132.7619,5356.94,1.859,99.57,3
T,2024-10-10,2024-10-15,2024-10-18,1-2%,-1.505,21.6,21.93,tp_gap_filled,247.7241,5350.84,1.528,81.75,3
VZ,2024-10-10,2024-10-15,2024-10-18,1-2%,-1.519,43.44,44.11,tp_gap_filled,123.2098,5352.23,1.542,82.55,3
XEL,2024-10-04,2024-10-15,2024-10-18,1-2%,-1.118,63.68,64.4,tp_gap_filled,84.0779,5354.08,1.131,60.54,3
DRI,2024-10-07,2024-10-16,2024-10-18,1-2%,-1.068,163.08,164.84,tp_gap_filled,32.9057,5366.26,1.079,57.91,2
FCX,2024-10-15,2024-10-16,2024-10-18,1-2%,-1.781,47.99,48.86,tp_gap_filled,111.9879,5374.3,1.813,97.43,2
INTC,2024-10-16,2024-10-17,2024-10-18,1-2%,-1.236,22.38,22.66,tp_gap_filled,240.5227,5382.9,1.251,67.35,1
CVX,2024-10-15,2024-10-16,2024-10-21,1-2%,-1.963,148.8,151.78,tp_gap_filled,36.1011,5371.84,2.003,107.58,3
CAH,2024-10-17,2024-10-18,2024-10-21,1-2%,-1.128,111.28,112.55,tp_gap_filled,48.4593,5392.55,1.141,61.54,1
CI,2024-10-17,2024-10-18,2024-10-21,1-2%,-2.0,351.41,323.2972,stop,15.3533,5395.29,-8.0,-431.62,1
NOC,2024-10-17,2024-10-18,2024-10-21,1-2%,-1.178,525.17,531.43,tp_gap_filled,10.2471,5381.46,1.192,64.15,1
UNH,2024-10-17,2024-10-18,2024-10-21,1-2%,-1.883,560.58,571.34,tp_gap_filled,9.6067,5385.31,1.919,103.37,1
NSC,2024-10-17,2024-10-18,2024-10-22,1-2%,-1.639,251.46,255.65,tp_gap_filled,21.4123,5384.34,1.666,89.72,2
ADBE,2024-10-18,2024-10-21,2024-10-22,1-2%,-1.115,491.29,496.83,tp_gap_filled,10.8898,5350.07,1.128,60.33,1
CEG,2024-10-18,2024-10-21,2024-10-22,1-2%,-1.261,267.78,271.2,tp_gap_filled,19.9924,5353.56,1.277,68.37,1
PEP,2024-10-18,2024-10-21,2024-10-22,1-2%,-1.357,172.3,174.67,tp_gap_filled,31.1121,5360.62,1.376,73.74,1
COP,2024-10-08,2024-10-10,2024-10-23,1-2%,-1.726,112.74,103.7208,stop,46.5252,5245.25,-8.0,-419.62,9
LII,2024-10-10,2024-10-14,2024-10-23,1-2%,-1.135,607.82,614.8,tp_gap_filled,8.7672,5328.89,1.148,61.19,7
DECK,2024-10-07,2024-10-16,2024-10-23,1-2%,-1.385,164.5,151.34,stop,32.6548,5371.72,-8.0,-429.74,5
ESS,2024-10-21,2024-10-22,2024-10-23,1-2%,-1.039,293.42,296.5,tp_gap_filled,18.2137,5344.25,1.05,56.1,1
IP,2024-10-17,2024-10-22,2024-10-23,1-2%,-1.417,47.3,47.98,tp_gap_filled,112.9859,5344.23,1.438,76.83,1
LITE,2024-10-21,2024-10-22,2024-10-23,1-2%,-1.691,65.11,66.23,tp_gap_filled,82.1,5345.53,1.72,91.95,1
APO,2024-10-22,2024-10-23,2024-10-24,1-2%,-1.009,143.3,144.76,tp_gap_filled,37.2117,5332.43,1.019,54.33,1
AWK,2024-10-22,2024-10-23,2024-10-24,1-2%,-1.028,139.6,141.05,tp_gap_filled,38.2011,5332.88,1.039,55.39,1
CIEN,2024-10-22,2024-10-23,2024-10-24,1-2%,-1.322,65.68,66.56,tp_gap_filled,81.2894,5339.09,1.34,71.53,1
CRM,2024-10-21,2024-10-22,2024-10-25,1-2%,-1.345,289.0,292.94,tp_gap_filled,18.4944,5344.87,1.363,72.87,3
DAL,2024-10-17,2024-10-18,2024-10-28,1-2%,-1.438,55.5,56.31,tp_gap_filled,96.9993,5383.46,1.459,78.57,6
ALB,2024-10-23,2024-10-24,2024-10-28,1-2%,-1.472,95.04,96.46,tp_gap_filled,56.0984,5331.59,1.494,79.66,2
AMGN,2024-10-23,2024-10-24,2024-10-28,1-2%,-1.142,316.01,319.66,tp_gap_filled,16.834,5319.72,1.155,61.44,2
ALGN,2024-10-11,2024-10-24,2024-10-29,1-2%,-1.25,226.78,208.6376,stop,23.5113,5331.9,-8.0,-426.55,3
DDOG,2024-10-21,2024-10-25,2024-10-29,1-2%,-1.561,126.12,128.12,tp_gap_filled,42.0081,5298.06,1.586,84.02,2
AJG,2024-10-25,2024-10-28,2024-10-29,1-2%,-1.582,283.0,287.55,tp_gap_filled,18.8631,5338.25,1.608,85.83,1
VTRS,2024-09-20,2024-10-15,2024-10-30,1-2%,-1.429,11.73,11.9,tp_gap_filled,456.072,5349.72,1.449,77.53,11
PSX,2024-10-15,2024-10-17,2024-10-30,1-2%,-1.396,133.53,122.8476,stop,40.3177,5383.62,-8.0,-430.69,9
HBAN,2024-10-17,2024-10-18,2024-10-30,1-2%,-1.768,15.56,15.84,tp_gap_filled,346.0744,5384.92,1.799,96.9,8
APO,2024-10-25,2024-10-28,2024-10-30,1-2%,-1.087,144.7,146.29,tp_gap_filled,36.9113,5341.07,1.099,58.69,2
AMD,2024-10-15,2024-10-29,2024-10-30,1-2%,-1.246,163.21,150.1532,stop,32.6345,5326.27,-8.0,-426.1,1
CIEN,2024-10-28,2024-10-29,2024-10-30,1-2%,-1.107,63.41,64.12,tp_gap_filled,84.0756,5331.23,1.12,59.69,1
BMY,2024-10-04,2024-10-07,2024-10-31,1-2%,-1.476,53.4,54.2,tp_gap_filled,98.385,5253.76,1.498,78.71,18
AVGO,2024-10-10,2024-10-14,2024-10-31,1-2%,-1.285,183.56,168.8752,stop,28.9001,5304.89,-8.0,-424.39,13
BA,2024-10-29,2024-10-30,2024-10-31,1-2%,-1.878,147.86,150.69,tp_gap_filled,35.753,5286.44,1.914,101.18,1
DAL,2024-10-29,2024-10-30,2024-10-31,1-2%,-1.228,54.7,55.38,tp_gap_filled,96.7926,5294.55,1.243,65.82,1
CPT,2024-09-30,2024-10-01,2024-11-01,1-2%,-1.196,122.23,112.4516,stop,43.2097,5281.52,-8.0,-422.52,23
ERIE,2024-10-18,2024-10-21,2024-11-01,1-2%,-1.474,475.93,437.8556,stop,11.2611,5359.5,-8.0,-428.76,9
CVX,2024-10-28,2024-10-29,2024-11-01,1-2%,-1.697,148.25,150.81,tp_gap_filled,36.0153,5339.26,1.727,92.2,3
AMGN,2024-10-30,2024-10-31,2024-11-01,1-2%,-1.282,311.95,316.0,tp_gap_filled,16.8396,5253.12,1.298,68.2,1
CEG,2024-10-22,2024-10-28,2024-11-04,1-2%,-1.224,270.37,248.7404,stop,19.7556,5341.33,-8.0,-427.31,5
ALGN,2024-10-30,2024-10-31,2024-11-04,1-2%,-1.1,210.44,212.78,tp_gap_filled,24.9947,5259.89,1.112,58.49,2
CDNS,2024-10-30,2024-10-31,2024-11-04,1-2%,-1.389,280.5,284.45,tp_gap_filled,18.7548,5260.73,1.408,74.08,2
A,2024-10-22,2024-11-01,2024-11-04,1-2%,-1.514,134.69,136.76,tp_gap_filled,39.0178,5255.31,1.537,80.77,1
AMT,2024-10-31,2024-11-01,2024-11-04,1-2%,-1.031,211.28,213.48,tp_gap_filled,24.8938,5259.57,1.041,54.77,1
AMZN,2024-10-31,2024-11-01,2024-11-04,1-2%,-1.152,190.51,192.73,tp_gap_filled,27.6077,5259.54,1.165,61.29,1
ADM,2024-10-01,2024-10-02,2024-11-05,1-2%,-1.239,59.0,54.28,stop,89.5886,5285.73,-8.0,-422.86,24
CF,2024-10-15,2024-10-17,2024-11-05,1-2%,-1.356,85.82,87.0,tp_gap_filled,62.7246,5383.02,1.375,74.02,13
CCI,2024-10-29,2024-10-30,2024-11-05,1-2%,-1.174,107.77,109.05,tp_gap_filled,49.1274,5294.46,1.188,62.88,4
ICE,2024-11-01,2024-11-04,2024-11-05,1-2%,-1.533,153.48,155.87,tp_gap_filled,34.365,5274.34,1.557,82.13,1
LITE,2024-11-01,2024-11-04,2024-11-05,1-2%,-1.143,63.14,63.87,tp_gap_filled,83.5616,5276.08,1.156,61.0,1
PTC,2024-11-01,2024-11-04,2024-11-05,1-2%,-1.014,183.45,185.33,tp_gap_filled,28.7838,5280.38,1.025,54.11,1
PYPL,2024-11-01,2024-11-04,2024-11-05,1-2%,-1.81,77.865,79.3,tp_gap_filled,67.8659,5284.38,1.843,97.39,1
SPG,2024-11-01,2024-11-04,2024-11-05,1-2%,-1.189,167.11,169.12,tp_gap_filled,31.6276,5285.28,1.203,63.57,1
INTU,2024-09-20,2024-09-23,2024-11-06,1-2%,-1.51,644.36,654.24,tp_gap_filled,8.1748,5267.49,1.533,80.77,32
ANET,2024-10-22,2024-10-23,2024-11-06,1-2%,-1.97,99.5025,101.5025,tp_gap_filled,53.6177,5335.09,2.01,107.24,10
AZO,2024-10-22,2024-10-23,2024-11-06,1-2%,-1.2,3179.8601,3218.48,tp_gap_filled,1.6786,5337.69,1.215,64.83,10
ALLE,2024-10-29,2024-10-30,2024-11-06,1-2%,-1.244,140.56,142.33,tp_gap_filled,37.6338,5289.8,1.259,66.61,5
AOS,2024-10-29,2024-10-30,2024-11-06,1-2%,-1.221,76.06,77.0,tp_gap_filled,69.5104,5286.96,1.236,65.34,5
BAC,2024-10-30,2024-10-31,2024-11-06,1-2%,-1.928,41.71,42.53,tp_gap_filled,126.1097,5260.04,1.966,103.41,4
DDOG,2024-10-31,2024-11-04,2024-11-06,1-2%,-1.49,126.25,128.16,tp_gap_filled,41.7884,5275.78,1.513,79.82,2
APP,2024-11-04,2024-11-05,2024-11-06,1-2%,-1.07,161.78,163.53,tp_gap_filled,32.8672,5317.25,1.082,57.52,1
ARES,2024-11-04,2024-11-05,2024-11-06,1-2%,-1.001,160.25,161.87,tp_gap_filled,33.2159,5322.84,1.011,53.81,1
BEN,2024-11-04,2024-11-05,2024-11-06,1-2%,-1.344,20.56,20.84,tp_gap_filled,259.2315,5329.8,1.362,72.58,1
C,2024-11-04,2024-11-05,2024-11-06,1-2%,-1.13,62.99,63.71,tp_gap_filled,84.6937,5334.85,1.143,60.98,1
CASY,2024-11-04,2024-11-05,2024-11-06,1-2%,-1.289,388.12,393.19,tp_gap_filled,13.7528,5337.73,1.306,69.73,1
COIN,2024-11-04,2024-11-05,2024-11-06,1-2%,-1.526,180.09,182.88,tp_gap_filled,29.6728,5343.77,1.549,82.79,1
CVNA,2024-11-04,2024-11-05,2024-11-06,1-2%,-1.131,45.298,45.816,tp_gap_filled,118.4235,5364.35,1.144,61.34,1
CARR,2024-10-29,2024-10-30,2024-11-07,1-2%,-1.427,74.58,75.66,tp_gap_filled,71.037,5297.94,1.448,76.72,6
APD,2024-10-31,2024-11-01,2024-11-07,1-2%,-1.285,308.75,312.77,tp_gap_filled,17.0681,5269.78,1.302,68.61,4
A,2024-11-05,2024-11-06,2024-11-07,1-2%,-1.053,138.18,139.65,tp_gap_filled,38.9074,5376.23,1.064,57.19,1
ALGN,2024-11-05,2024-11-06,2024-11-07,1-2%,-1.058,208.55,210.78,tp_gap_filled,25.7753,5375.45,1.069,57.48,1
AMAT,2024-10-30,2024-11-06,2024-11-07,1-2%,-1.641,187.0,190.12,tp_gap_filled,28.8581,5396.46,1.668,90.04,1
AVGO,2024-10-31,2024-11-06,2024-11-07,1-2%,-1.24,174.45,176.64,tp_gap_filled,30.9384,5397.21,1.255,67.76,1
BG,2024-11-05,2024-11-06,2024-11-07,1-2%,-1.833,82.46,84.0,tp_gap_filled,65.5481,5405.1,1.868,100.94,1
COHR,2024-10-30,2024-11-06,2024-11-07,1-2%,-1.401,97.15,98.53,tp_gap_filled,55.6899,5410.27,1.42,76.85,1
ESS,2024-10-31,2024-11-06,2024-11-07,1-2%,-1.003,291.07,294.02,tp_gap_filled,18.5904,5411.09,1.013,54.84,1
FIX,2024-10-22,2024-11-06,2024-11-07,1-2%,-1.018,419.95,424.27,tp_gap_filled,12.891,5413.59,1.029,55.69,1
GEN,2024-11-01,2024-11-06,2024-11-07,1-2%,-1.134,28.78,29.11,tp_gap_filled,188.6259,5428.65,1.147,62.25,1
FTV,2024-10-30,2024-11-06,2024-11-08,1-2%,-1.823,55.1922,56.217,tp_gap_filled,98.2887,5424.76,1.857,100.73,2
EQIX,2024-11-06,2024-11-07,2024-11-08,1-2%,-1.539,895.0,908.99,tp_gap_filled,6.0442,5409.52,1.563,84.56,1
HD,2024-11-06,2024-11-07,2024-11-08,1-2%,-1.512,394.04,400.09,tp_gap_filled,13.7381,5413.37,1.535,83.12,1
LOW,2024-11-06,2024-11-07,2024-11-08,1-2%,-1.126,266.15,269.18,tp_gap_filled,20.3249,5409.47,1.138,61.58,1
MCK,2024-09-05,2024-11-07,2024-11-08,1-2%,-1.975,560.0,571.28,tp_gap_filled,9.66,5409.62,2.014,108.97,1
META,2024-10-31,2024-11-07,2024-11-08,1-2%,-1.149,585.0,591.8,tp_gap_filled,9.2864,5432.57,1.162,63.15,1
MRNA,2024-11-06,2024-11-07,2024-11-08,1-2%,-1.276,52.61,48.4012,stop,103.3203,5435.68,-8.0,-434.85,1
PWR,2024-11-06,2024-11-07,2024-11-08,1-2%,-1.468,310.0,314.62,tp_gap_filled,17.4956,5423.64,1.49,80.83,1
AEE,2024-11-07,2024-11-08,2024-11-11,1-2%,-1.037,86.86,87.77,tp_gap_filled,62.2986,5411.26,1.048,56.69,1
APO,2024-11-07,2024-11-08,2024-11-11,1-2%,-1.509,161.2,163.67,tp_gap_filled,33.633,5421.63,1.532,83.07,1
C,2024-11-07,2024-11-08,2024-11-11,1-2%,-1.202,68.2,69.03,tp_gap_filled,79.5158,5422.98,1.217,66.0,1
CCL,2024-11-07,2024-11-08,2024-11-11,1-2%,-1.651,23.83,24.23,tp_gap_filled,227.6411,5424.69,1.679,91.06,1
DAL,2024-11-07,2024-11-08,2024-11-11,1-2%,-1.075,61.65,62.32,tp_gap_filled,88.036,5427.42,1.087,58.98,1
GS,2024-11-07,2024-11-08,2024-11-11,1-2%,-1.003,590.0,595.98,tp_gap_filled,9.1858,5419.6,1.014,54.93,1
HBAN,2024-11-07,2024-11-08,2024-11-11,1-2%,-1.541,17.25,17.52,tp_gap_filled,314.1602,5419.26,1.565,84.82,1
ALB,2024-11-08,2024-11-11,2024-11-12,1-2%,-1.151,98.78,99.93,tp_gap_filled,54.9327,5426.25,1.164,63.17,1
CF,2024-11-08,2024-11-11,2024-11-12,1-2%,-1.134,83.68,84.64,tp_gap_filled,65.1937,5455.41,1.147,62.59,1
COF,2024-11-07,2024-11-11,2024-11-12,1-2%,-1.513,188.08,190.97,tp_gap_filled,29.03,5459.97,1.537,83.9,1
COP,2024-11-08,2024-11-11,2024-11-12,1-2%,-1.157,111.1,112.4,tp_gap_filled,49.1725,5463.06,1.17,63.92,1
F,2024-11-07,2024-11-11,2024-11-12,1-2%,-1.609,11.01,11.19,tp_gap_filled,496.4029,5465.4,1.635,89.35,1
ACN,2024-10-30,2024-11-07,2024-11-13,1-2%,-1.388,358.0,363.04,tp_gap_filled,15.1135,5410.63,1.408,76.17,4
IQV,2024-10-24,2024-11-07,2024-11-13,1-2%,-1.901,223.97,206.0524,stop,24.1866,5417.08,-8.0,-433.37,4
DDOG,2024-11-07,2024-11-08,2024-11-13,1-2%,-1.153,126.87,128.35,tp_gap_filled,42.7585,5424.78,1.167,63.28,3
BIIB,2024-10-31,2024-11-06,2024-11-14,1-2%,-1.694,178.11,163.8612,stop,30.4077,5415.91,-8.0,-433.27,6
DOW,2024-11-04,2024-11-06,2024-11-14,1-2%,-1.368,48.3,44.436,stop,112.1453,5416.62,-8.0,-433.33,6
ADM,2024-11-12,2024-11-13,2024-11-14,1-2%,-1.07,51.8,52.36,tp_gap_filled,104.032,5388.86,1.081,58.26,1
APP,2024-11-12,2024-11-13,2024-11-14,1-2%,-1.896,281.0,286.43,tp_gap_filled,19.1745,5388.03,1.932,104.12,1
CCL,2024-11-12,2024-11-13,2024-11-14,1-2%,-1.545,24.22,24.6,tp_gap_filled,222.3323,5384.89,1.569,84.49,1
DXCM,2024-11-12,2024-11-13,2024-11-14,1-2%,-1.209,69.46,70.31,tp_gap_filled,77.4676,5380.9,1.224,65.85,1
GILD,2024-11-08,2024-11-11,2024-11-15,1-2%,-1.89,96.05,88.366,stop,56.9584,5470.86,-8.0,-437.67,4
AMAT,2024-11-13,2024-11-14,2024-11-15,1-2%,-1.361,184.07,169.3444,stop,29.2745,5388.56,-8.0,-431.09,1
BBY,2024-11-05,2024-11-14,2024-11-15,1-2%,-1.142,91.76,92.82,tp_gap_filled,58.7553,5391.39,1.155,62.28,1
CINF,2024-11-13,2024-11-14,2024-11-15,1-2%,-1.33,149.17,151.18,tp_gap_filled,36.139,5390.86,1.347,72.64,1
IP,2024-11-13,2024-11-14,2024-11-15,1-2%,-1.85,56.25,57.31,tp_gap_filled,95.8098,5389.3,1.884,101.56,1
JPM,2024-11-07,2024-11-15,2024-11-18,1-2%,-1.036,244.5,247.06,tp_gap_filled,21.8439,5340.83,1.047,55.92,1
SBAC,2024-11-14,2024-11-15,2024-11-18,1-2%,-1.336,215.59,218.51,tp_gap_filled,24.7772,5341.72,1.354,72.35,1
SW,2024-11-12,2024-11-15,2024-11-18,1-2%,-1.759,51.39,52.31,tp_gap_filled,104.0773,5348.53,1.79,95.75,1
APO,2024-11-12,2024-11-13,2024-11-19,1-2%,-1.007,165.07,166.75,tp_gap_filled,32.6481,5389.22,1.018,54.85,4
AXON,2024-11-12,2024-11-13,2024-11-19,1-2%,-1.141,609.11,616.14,tp_gap_filled,8.8504,5390.87,1.154,62.22,4
CVNA,2024-11-12,2024-11-13,2024-11-19,1-2%,-1.224,49.4,50.012,tp_gap_filled,109.0801,5388.56,1.239,66.76,4
AMD,2024-11-15,2024-11-18,2024-11-19,1-2%,-1.635,136.57,138.84,tp_gap_filled,39.3759,5377.56,1.662,89.38,1
APP,2024-11-15,2024-11-18,2024-11-19,1-2%,-1.403,280.5,284.49,tp_gap_filled,19.1879,5382.21,1.422,76.56,1
HAL,2024-10-14,2024-11-06,2024-11-20,1-2%,-1.136,30.47,30.82,tp_gap_filled,178.2691,5431.86,1.149,62.39,10
CARR,2024-11-15,2024-11-18,2024-11-20,1-2%,-1.0,74.22,74.97,tp_gap_filled,72.7432,5399.0,1.011,54.56,2
CDNS,2024-11-15,2024-11-19,2024-11-20,1-2%,-1.515,298.45,303.04,tp_gap_filled,18.1065,5403.88,1.538,83.11,1
COHR,2024-11-15,2024-11-19,2024-11-20,1-2%,-1.04,98.97,100.01,tp_gap_filled,54.612,5404.95,1.051,56.8,1
COIN,2024-11-18,2024-11-19,2024-11-20,1-2%,-1.314,301.83,305.85,tp_gap_filled,17.955,5419.37,1.332,72.18,1
CRL,2024-11-18,2024-11-19,2024-11-20,1-2%,-1.31,185.28,187.74,tp_gap_filled,29.3598,5439.78,1.328,72.23,1
PG,2024-10-18,2024-10-21,2024-11-21,1-2%,-1.149,170.3,172.28,tp_gap_filled,31.5022,5364.83,1.163,62.37,23
VTR,2024-11-14,2024-11-15,2024-11-21,1-2%,-1.474,63.5,64.45,tp_gap_filled,84.2509,5349.94,1.496,80.04,4
AMT,2024-11-11,2024-11-19,2024-11-21,1-2%,-1.036,199.71,201.8,tp_gap_filled,27.0489,5401.94,1.047,56.53,2
ADSK,2024-11-19,2024-11-20,2024-11-21,1-2%,-1.298,298.13,302.05,tp_gap_filled,18.2162,5430.78,1.315,71.41,1
AFL,2024-11-19,2024-11-20,2024-11-21,1-2%,-1.017,110.9,112.04,tp_gap_filled,49.0498,5439.63,1.028,55.92,1
AKAM,2024-11-19,2024-11-20,2024-11-21,1-2%,-1.291,84.85,85.96,tp_gap_filled,64.0586,5435.37,1.308,71.11,1
AMAT,2024-11-19,2024-11-20,2024-11-21,1-2%,-1.4,168.34,170.73,tp_gap_filled,32.3472,5445.34,1.42,77.31,1
AMD,2024-11-19,2024-11-20,2024-11-21,1-2%,-1.094,137.41,138.93,tp_gap_filled,39.6537,5448.81,1.106,60.27,1
ABNB,2024-11-12,2024-11-14,2024-11-22,1-2%,-1.274,135.65,137.4,tp_gap_filled,39.74,5390.73,1.29,69.54,6
AIG,2024-11-19,2024-11-20,2024-11-22,1-2%,-1.206,75.39,76.31,tp_gap_filled,72.1317,5438.01,1.22,66.36,2
ALGN,2024-11-19,2024-11-21,2024-11-22,1-2%,-1.396,226.69,229.9,tp_gap_filled,24.1068,5464.78,1.416,77.38,1
APH,2024-11-15,2024-11-21,2024-11-22,1-2%,-1.241,35.825,36.275,tp_gap_filled,152.592,5466.61,1.256,68.67,1
BBY,2024-11-19,2024-11-21,2024-11-22,1-2%,-1.416,87.74,89.0,tp_gap_filled,62.3738,5472.68,1.436,78.59,1
CDW,2024-11-19,2024-11-21,2024-11-22,1-2%,-1.028,176.24,178.07,tp_gap_filled,31.0289,5468.53,1.038,56.78,1
DLTR,2024-11-20,2024-11-21,2024-11-22,1-2%,-1.31,64.02,64.87,tp_gap_filled,85.4152,5468.28,1.328,72.6,1
GPC,2024-11-19,2024-11-21,2024-11-22,1-2%,-1.16,122.75,124.19,tp_gap_filled,44.6086,5475.71,1.173,64.24,1
MCO,2024-09-23,2024-10-15,2024-11-25,1-2%,-1.096,489.24,494.66,tp_gap_filled,10.9518,5358.07,1.108,59.36,29
DHI,2024-11-05,2024-11-07,2024-11-25,1-2%,-1.458,168.25,170.74,tp_gap_filled,32.1704,5412.68,1.48,80.1,12
BLDR,2024-11-12,2024-11-13,2024-11-25,1-2%,-1.095,181.58,183.59,tp_gap_filled,29.6696,5387.41,1.107,59.64,8
CRH,2024-11-12,2024-11-14,2024-11-25,1-2%,-1.535,100.71,102.28,tp_gap_filled,53.5354,5391.55,1.559,84.05,7
CCI,2024-11-11,2024-11-18,2024-11-25,1-2%,-1.181,104.6,105.85,tp_gap_filled,51.6098,5398.38,1.195,64.51,5
BIIB,2024-11-18,2024-11-21,2024-11-25,1-2%,-1.125,158.19,159.99,tp_gap_filled,34.5713,5468.84,1.138,62.23,2
DAL,2024-11-20,2024-11-21,2024-11-25,1-2%,-1.004,64.1,64.75,tp_gap_filled,85.3592,5471.52,1.014,55.48,2
ARE,2024-11-15,2024-11-22,2024-11-25,1-2%,-1.367,106.79,108.27,tp_gap_filled,51.608,5511.22,1.386,76.38,1
CFG,2024-11-07,2024-11-22,2024-11-25,1-2%,-1.014,47.82,48.31,tp_gap_filled,115.3307,5515.12,1.025,56.51,1
CIEN,2024-11-15,2024-11-22,2024-11-25,1-2%,-1.09,68.99,69.75,tp_gap_filled,79.9266,5514.13,1.102,60.74,1
EVRG,2024-11-21,2024-11-22,2024-11-25,1-2%,-1.041,63.7,64.37,tp_gap_filled,86.6356,5518.69,1.052,58.05,1
F,2024-11-19,2024-11-22,2024-11-25,1-2%,-1.338,11.06,11.21,tp_gap_filled,499.1968,5521.12,1.356,74.88,1
IP,2024-11-21,2024-11-22,2024-11-25,1-2%,-1.088,58.2,58.84,tp_gap_filled,94.916,5524.11,1.1,60.75,1
LVS,2024-11-21,2024-11-22,2024-11-25,1-2%,-1.002,49.41,49.91,tp_gap_filled,111.8656,5527.28,1.012,55.93,1
D,2024-11-04,2024-11-05,2024-11-26,1-2%,-1.0,58.4,58.99,tp_gap_filled,92.0416,5375.23,1.01,54.3,15
ED,2024-11-06,2024-11-07,2024-11-26,1-2%,-1.172,98.65,99.82,tp_gap_filled,54.8652,5412.45,1.186,64.19,13
CAT,2024-11-08,2024-11-11,2024-11-26,1-2%,-1.776,400.96,408.21,tp_gap_filled,13.6134,5458.41,1.808,98.7,11
ALB,2024-11-22,2024-11-25,2024-11-26,1-2%,-1.918,106.89,108.98,tp_gap_filled,52.2759,5587.77,1.955,109.26,1
META,2024-11-15,2024-11-25,2024-11-26,1-2%,-1.029,571.22,577.16,tp_gap_filled,9.8079,5602.44,1.04,58.26,1
MSFT,2024-11-15,2024-11-25,2024-11-26,1-2%,-1.656,419.82,426.89,tp_gap_filled,13.3377,5599.45,1.684,94.3,1
NXPI,2024-11-08,2024-11-25,2024-11-26,1-2%,-1.266,233.13,236.12,tp_gap_filled,24.0156,5598.76,1.283,71.81,1
OMC,2024-11-15,2024-11-25,2024-11-26,1-2%,-1.618,103.34,105.04,tp_gap_filled,54.1864,5599.62,1.645,92.12,1
PLTR,2024-11-18,2024-11-25,2024-11-26,1-2%,-1.292,64.92,65.77,tp_gap_filled,86.3068,5603.04,1.309,73.36,1
TEL,2024-11-22,2024-11-25,2024-11-26,1-2%,-1.063,148.92,150.52,tp_gap_filled,37.6167,5601.87,1.074,60.19,1
UBER,2024-11-18,2024-11-25,2024-11-26,1-2%,-1.652,72.04,73.25,tp_gap_filled,77.8601,5609.04,1.68,94.21,1
EFX,2024-11-15,2024-11-25,2024-11-27,1-2%,-1.678,257.81,262.21,tp_gap_filled,21.7053,5595.84,1.707,95.5,2
ULTA,2024-11-18,2024-11-25,2024-11-27,1-2%,-1.183,360.85,365.17,tp_gap_filled,15.5588,5614.41,1.197,67.21,2
AEP,2024-11-06,2024-11-26,2024-11-27,1-2%,-1.265,99.13,100.4,tp_gap_filled,56.6845,5619.13,1.281,71.99,1
LLY,2024-11-15,2024-11-26,2024-11-27,1-2%,-1.404,775.19,786.23,tp_gap_filled,7.2494,5619.7,1.424,80.03,1
AAPL,2024-10-22,2024-10-23,2024-11-29,1-2%,-1.095,233.89,236.48,tp_gap_filled,22.8255,5338.66,1.107,59.12,26
VEEV,2024-11-15,2024-11-26,2024-11-29,1-2%,-1.001,227.41,229.71,tp_gap_filled,24.7343,5624.82,1.011,56.89,2
BEN,2024-11-26,2024-11-27,2024-11-29,1-2%,-1.188,22.45,22.72,tp_gap_filled,250.4509,5622.62,1.203,67.62,1
CPAY,2024-11-26,2024-11-27,2024-11-29,1-2%,-1.103,377.33,381.54,tp_gap_filled,14.9025,5623.15,1.116,62.74,1
DE,2024-11-26,2024-11-27,2024-11-29,1-2%,-1.308,456.64,462.69,tp_gap_filled,12.314,5623.06,1.325,74.5,1
DLTR,2024-11-26,2024-11-27,2024-11-29,1-2%,-1.046,69.05,69.78,tp_gap_filled,81.4806,5626.24,1.057,59.48,1
ECHO,2024-11-26,2024-11-27,2024-11-29,1-2%,-1.434,24.06,24.41,tp_gap_filled,234.2568,5636.22,1.455,81.99,1
HRL,2024-10-21,2024-11-27,2024-11-29,1-2%,-1.46,31.72,32.19,tp_gap_filled,178.0447,5647.58,1.482,83.68,1
A,2024-11-08,2024-11-27,2024-12-02,1-2%,-1.404,137.67,139.63,tp_gap_filled,40.8561,5624.66,1.424,80.08,2
ALB,2024-11-26,2024-11-27,2024-12-02,1-2%,-1.337,108.51,109.98,tp_gap_filled,51.8442,5625.62,1.355,76.21,2
CRL,2024-11-26,2024-11-27,2024-12-02,1-2%,-1.267,198.75,201.3,tp_gap_filled,28.3049,5625.6,1.283,72.18,2
APP,2024-11-27,2024-11-29,2024-12-02,1-2%,-1.399,325.155,329.77,tp_gap_filled,17.3586,5644.22,1.419,80.11,1
COHR,2024-11-27,2024-11-29,2024-12-02,1-2%,-1.029,100.0,101.04,tp_gap_filled,56.5428,5654.28,1.04,58.8,1
NVDA,2024-11-27,2024-11-29,2024-12-02,1-2%,-1.395,135.01,136.92,tp_gap_filled,41.8941,5656.12,1.415,80.02,1
VRT,2024-11-27,2024-11-29,2024-12-02,1-2%,-1.287,130.045,131.74,tp_gap_filled,43.5686,5665.88,1.303,73.85,1
HPQ,2024-11-29,2024-12-02,2024-12-03,1-2%,-1.183,34.25,34.66,tp_gap_filled,165.564,5670.57,1.197,67.88,1
WSM,2024-11-26,2024-12-02,2024-12-03,1-2%,-1.203,175.71,177.85,tp_gap_filled,32.382,5689.83,1.218,69.3,1
ADBE,2024-11-15,2024-11-25,2024-12-04,1-2%,-1.806,520.3,529.87,tp_gap_filled,10.7411,5588.61,1.839,102.79,6
ON,2024-10-30,2024-12-02,2024-12-04,1-2%,-1.406,73.65,67.758,stop,77.2393,5688.67,-8.0,-455.09,2
EW,2024-12-02,2024-12-03,2024-12-04,1-2%,-1.514,70.27,71.35,tp_gap_filled,80.3805,5648.34,1.537,86.81,1
WDAY,2024-12-02,2024-12-03,2024-12-04,1-2%,-1.416,246.45,249.99,tp_gap_filled,22.9378,5653.02,1.436,81.2,1
FISV,2024-11-27,2024-11-29,2024-12-05,1-2%,-1.155,219.88,202.2896,stop,25.7174,5654.74,-8.0,-452.38,4
NKE,2024-12-02,2024-12-03,2024-12-05,1-2%,-1.079,77.92,78.77,tp_gap_filled,72.4853,5648.06,1.091,61.61,2
APTV,2024-12-03,2024-12-04,2024-12-05,1-2%,-1.534,55.21,56.07,tp_gap_filled,101.3454,5595.28,1.558,87.16,1
AVGO,2024-11-15,2024-12-04,2024-12-05,1-2%,-1.121,168.47,170.38,tp_gap_filled,33.2484,5601.36,1.134,63.5,1
CDNS,2024-12-03,2024-12-04,2024-12-05,1-2%,-1.134,306.75,310.27,tp_gap_filled,18.2717,5604.83,1.148,64.32,1
COIN,2024-12-03,2024-12-04,2024-12-05,1-2%,-1.858,296.78,302.4,tp_gap_filled,18.9402,5621.09,1.894,106.44,1
MOS,2024-11-12,2024-12-02,2024-12-06,1-2%,-1.57,27.59,25.3828,stop,206.1898,5688.78,-8.0,-455.1,4
TGT,2024-12-02,2024-12-03,2024-12-06,1-2%,-1.194,130.73,132.31,tp_gap_filled,43.23,5651.46,1.209,68.3,3
BF-B,2024-12-04,2024-12-05,2024-12-06,1-2%,-1.425,40.8,41.39,tp_gap_filled,135.843,5542.4,1.446,80.15,1
DG,2024-11-06,2024-12-05,2024-12-06,1-2%,-1.557,80.3,81.57,tp_gap_filled,69.4085,5573.5,1.582,88.15,1
EQIX,2024-12-02,2024-12-05,2024-12-06,1-2%,-1.049,971.18,981.48,tp_gap_filled,5.7364,5571.07,1.061,59.08,1
SOLV,2024-12-04,2024-12-05,2024-12-06,1-2%,-1.116,69.98,70.77,tp_gap_filled,79.5217,5564.93,1.129,62.82,1
HSIC,2024-12-04,2024-12-05,2024-12-09,1-2%,-1.17,74.33,75.21,tp_gap_filled,74.9607,5571.83,1.184,65.97,2
ACN,2024-12-05,2024-12-06,2024-12-09,1-2%,-1.1,356.07,360.03,tp_gap_filled,15.5634,5541.67,1.112,61.63,1
AMT,2024-12-05,2024-12-06,2024-12-09,1-2%,-1.06,205.3,207.5,tp_gap_filled,26.9902,5541.09,1.072,59.38,1
ANET,2024-12-05,2024-12-06,2024-12-09,1-2%,-1.916,103.41,105.43,tp_gap_filled,53.6072,5543.52,1.953,108.29,1
BLDR,2024-11-26,2024-11-27,2024-12-10,1-2%,-1.439,186.31,171.4052,stop,30.1943,5625.5,-8.0,-450.04,8
CTVA,2024-11-26,2024-11-27,2024-12-10,1-2%,-1.232,63.34,58.2728,stop,88.8347,5626.79,-8.0,-450.14,8
DHI,2024-11-26,2024-11-27,2024-12-10,1-2%,-1.122,171.0,157.32,stop,32.9171,5628.82,-8.0,-450.31,8
DECK,2024-12-05,2024-12-06,2024-12-10,1-2%,-1.2,201.7,204.15,tp_gap_filled,27.5529,5557.42,1.215,67.5,2
ALGN,2024-11-26,2024-12-06,2024-12-11,1-2%,-1.355,237.26,240.52,tp_gap_filled,23.3787,5546.83,1.374,76.21,3
KR,2024-12-06,2024-12-10,2024-12-11,1-2%,-1.664,59.7,60.71,tp_gap_filled,92.3963,5516.06,1.692,93.32,1
QCOM,2024-12-09,2024-12-10,2024-12-11,1-2%,-1.273,157.48,159.51,tp_gap_filled,35.0573,5520.82,1.289,71.17,1
AZO,2024-12-10,2024-12-11,2024-12-12,1-2%,-1.378,3278.21,3324.01,tp_gap_filled,1.6842,5521.05,1.397,77.13,1
BKNG,2024-12-09,2024-12-11,2024-12-12,1-2%,-1.138,209.6,212.0136,tp_gap_filled,26.3668,5526.48,1.152,63.64,1
BKR,2024-12-10,2024-12-11,2024-12-12,1-2%,-1.303,40.89,41.43,tp_gap_filled,135.2232,5529.28,1.321,73.02,1
DOW,2024-11-29,2024-12-02,2024-12-13,1-2%,-1.523,43.96,40.4432,stop,128.9563,5668.92,-8.0,-453.51,9
SWKS,2024-11-08,2024-12-09,2024-12-13,1-2%,-1.108,90.16,91.17,tp_gap_filled,61.8134,5573.09,1.12,62.43,4
TRV,2024-12-11,2024-12-12,2024-12-13,1-2%,-1.062,245.02,247.65,tp_gap_filled,22.5295,5520.19,1.073,59.25,1
FSLR,2024-11-05,2024-12-02,2024-12-16,1-2%,-1.686,208.7,192.004,stop,27.176,5671.63,-8.0,-453.73,10
FLEX,2024-12-09,2024-12-10,2024-12-16,1-2%,-1.008,38.3,38.69,tp_gap_filled,144.092,5518.72,1.018,56.2,4
BLDR,2024-12-10,2024-12-11,2024-12-16,1-2%,-1.3,174.59,160.6228,stop,31.7309,5539.89,-8.0,-443.19,3
AVGO,2024-12-12,2024-12-13,2024-12-16,1-2%,-1.239,180.93,183.2,tp_gap_filled,30.4746,5513.77,1.255,69.18,1
HOOD,2024-12-12,2024-12-13,2024-12-16,1-2%,-1.216,37.38,37.84,tp_gap_filled,149.0669,5572.12,1.231,68.57,1
KVUE,2024-12-12,2024-12-13,2024-12-16,1-2%,-1.08,21.98,22.22,tp_gap_filled,254.465,5593.14,1.092,61.07,1
ECL,2024-10-31,2024-11-06,2024-12-17,1-2%,-1.002,250.07,252.6,tp_gap_filled,21.6615,5416.9,1.012,54.8,28
LRCX,2024-12-12,2024-12-13,2024-12-17,1-2%,-1.253,77.25,78.23,tp_gap_filled,72.441,5596.07,1.269,70.99,2
MRNA,2024-12-13,2024-12-16,2024-12-17,1-2%,-1.366,42.235,42.82,tp_gap_filled,129.7418,5479.65,1.385,75.9,1
ADI,2024-10-30,2024-11-26,2024-12-18,1-2%,-1.892,230.78,212.3176,stop,24.4105,5633.45,-8.0,-450.68,15
AMAT,2024-12-03,2024-12-04,2024-12-18,1-2%,-1.124,181.21,166.7132,stop,30.8777,5595.36,-8.0,-447.63,10
ED,2024-12-04,2024-12-05,2024-12-18,1-2%,-1.056,96.5,88.78,stop,57.7313,5571.07,-8.0,-445.69,9
CCI,2024-12-10,2024-12-11,2024-12-18,1-2%,-1.078,100.9,92.828,stop,54.8666,5536.04,-8.0,-442.88,5
HAS,2024-12-12,2024-12-13,2024-12-18,1-2%,-1.056,63.7,58.604,stop,87.6079,5580.62,-8.0,-446.45,3
APTV,2024-12-16,2024-12-17,2024-12-18,1-2%,-1.484,57.11,57.97,tp_gap_filled,95.6393,5461.96,1.506,82.25,1
DOW,2024-12-16,2024-12-17,2024-12-18,1-2%,-1.248,40.35,40.86,tp_gap_filled,135.4145,5463.98,1.264,69.06,1
AOS,2024-11-26,2024-11-27,2024-12-19,1-2%,-1.193,74.53,68.5676,stop,75.4628,5624.25,-8.0,-449.94,15
CHTR,2024-12-13,2024-12-16,2024-12-19,1-2%,-1.455,382.8,352.176,stop,14.3422,5490.19,-8.0,-439.21,3
DHI,2024-12-12,2024-12-16,2024-12-19,1-2%,-1.236,151.78,139.6376,stop,36.154,5487.45,-8.0,-439.0,3
CRM,2024-12-05,2024-12-06,2024-12-20,1-2%,-1.927,360.78,331.9176,stop,15.4013,5556.49,-8.0,-444.52,10
TTD,2024-12-09,2024-12-10,2024-12-20,1-2%,-1.804,136.6,125.672,stop,40.4028,5519.03,-8.0,-441.52,8
NDSN,2024-12-13,2024-12-16,2024-12-20,1-2%,-1.248,226.25,208.15,stop,24.2081,5477.08,-8.0,-438.17,4
AIG,2024-12-17,2024-12-18,2024-12-20,1-2%,-1.137,71.27,72.09,tp_gap_filled,74.6901,5323.16,1.151,61.25,2
GEV,2024-12-17,2024-12-19,2024-12-20,1-2%,-1.395,333.0,337.71,tp_gap_filled,15.7107,5231.66,1.414,74.0,1
ALGN,2024-12-17,2024-12-18,2024-12-23,1-2%,-1.512,226.61,208.4812,stop,23.4695,5318.42,-8.0,-425.47,3
AMAT,2024-12-19,2024-12-20,2024-12-23,1-2%,-1.608,162.79,165.45,tp_gap_filled,32.4008,5274.53,1.634,86.19,1
KLAC,2024-12-19,2024-12-20,2024-12-23,1-2%,-1.048,62.416,63.077,tp_gap_filled,84.55,5277.27,1.059,55.89,1
AMD,2024-12-17,2024-12-18,2024-12-24,1-2%,-1.768,124.45,126.69,tp_gap_filled,42.5385,5293.92,1.8,95.29,4
AMZN,2024-12-20,2024-12-23,2024-12-24,1-2%,-1.545,219.84,223.29,tp_gap_filled,24.0601,5289.38,1.569,83.01,1
APA,2024-12-17,2024-12-23,2024-12-24,1-2%,-1.96,21.51,21.94,tp_gap_filled,246.1953,5295.66,1.999,105.86,1
APO,2024-12-20,2024-12-23,2024-12-24,1-2%,-1.256,167.5,169.63,tp_gap_filled,31.6225,5296.77,1.272,67.36,1
APP,2024-12-20,2024-12-23,2024-12-24,1-2%,-1.738,313.2,318.74,tp_gap_filled,16.9326,5303.3,1.769,93.81,1
AXON,2024-12-20,2024-12-23,2024-12-24,1-2%,-1.256,607.95,615.68,tp_gap_filled,8.7673,5330.07,1.271,67.77,1
MNST,2024-12-13,2024-12-16,2024-12-26,1-2%,-1.172,26.15,26.46,tp_gap_filled,209.5567,5479.91,1.185,64.96,7
BBY,2024-12-17,2024-12-18,2024-12-26,1-2%,-1.671,87.08,88.56,tp_gap_filled,60.6186,5278.67,1.7,89.72,5
AIZ,2024-12-17,2024-12-24,2024-12-26,1-2%,-1.026,215.1,217.33,tp_gap_filled,24.8592,5347.22,1.037,55.44,1
CBRE,2024-12-23,2024-12-24,2024-12-26,1-2%,-1.394,127.36,129.16,tp_gap_filled,41.9878,5347.57,1.413,75.58,1
CSGP,2024-12-23,2024-12-24,2024-12-26,1-2%,-1.848,70.12,71.44,tp_gap_filled,76.3997,5357.15,1.882,100.85,1
MRNA,2024-12-18,2024-12-20,2024-12-27,1-2%,-1.742,40.05,40.76,tp_gap_filled,131.822,5279.47,1.773,93.59,4
DG,2024-12-23,2024-12-26,2024-12-27,1-2%,-1.099,75.56,76.4,tp_gap_filled,70.9855,5363.67,1.112,59.63,1
APTV,2024-12-26,2024-12-27,2024-12-30,1-2%,-1.151,59.26,59.95,tp_gap_filled,89.9894,5332.77,1.164,62.09,1
ECHO,2024-12-26,2024-12-27,2024-12-30,1-2%,-1.173,22.75,23.02,tp_gap_filled,234.7958,5341.6,1.187,63.39,1
CAT,2024-12-27,2024-12-30,2025-01-02,1-2%,-1.016,363.39,367.12,tp_gap_filled,14.5533,5288.52,1.026,54.28,2
ABNB,2024-12-27,2025-01-02,2025-01-03,1-2%,-1.278,133.59,135.32,tp_gap_filled,39.3714,5259.63,1.295,68.11,1
ARES,2024-12-17,2024-12-24,2025-01-06,1-2%,-1.415,181.1,183.7,tp_gap_filled,29.5286,5347.63,1.436,76.77,7
DECK,2024-12-23,2024-12-24,2025-01-06,1-2%,-1.095,208.66,210.97,tp_gap_filled,25.7258,5367.96,1.107,59.43,7
ANET,2024-12-17,2024-12-26,2025-01-06,1-2%,-1.322,114.99,116.53,tp_gap_filled,46.6473,5363.97,1.339,71.84,6
ADI,2024-12-26,2024-12-27,2025-01-06,1-2%,-1.238,215.39,218.09,tp_gap_filled,24.7495,5330.79,1.254,66.82,5
CDW,2024-12-26,2024-12-27,2025-01-06,1-2%,-1.163,174.29,176.34,tp_gap_filled,30.625,5337.63,1.176,62.78,5
CTVA,2024-12-26,2024-12-27,2025-01-06,1-2%,-1.026,56.89,57.48,tp_gap_filled,93.8647,5339.96,1.037,55.38,5
AMD,2024-12-30,2025-01-03,2025-01-06,1-2%,-1.302,123.56,125.19,tp_gap_filled,42.9182,5302.97,1.319,69.96,1
ZBH,2024-11-19,2024-11-26,2025-01-07,1-2%,-1.018,111.87,102.9204,stop,50.2741,5624.16,-8.0,-449.93,27
CIEN,2024-12-16,2024-12-17,2025-01-07,1-2%,-1.193,88.65,81.558,stop,61.6531,5465.55,-8.0,-437.24,13
COF,2024-12-17,2025-01-06,2025-01-07,1-2%,-1.118,183.04,185.11,tp_gap_filled,29.1212,5330.35,1.131,60.28,1
CRWD,2024-12-27,2025-01-06,2025-01-07,1-2%,-1.076,90.2875,91.27,tp_gap_filled,59.0453,5331.05,1.088,58.01,1
FSLR,2024-12-16,2025-01-06,2025-01-07,1-2%,-1.017,197.64,199.67,tp_gap_filled,26.9822,5332.75,1.027,54.77,1
AMT,2024-12-17,2024-12-18,2025-01-08,1-2%,-1.306,191.2,175.904,stop,27.654,5287.45,-8.0,-423.0,13
LITE,2024-12-17,2025-01-06,2025-01-08,1-2%,-1.91,91.4,84.088,stop,58.2512,5324.16,-8.0,-425.93,2
ON,2024-12-30,2025-01-06,2025-01-08,1-2%,-1.257,65.18,59.9656,stop,81.529,5314.06,-8.0,-425.12,2
CVNA,2025-01-02,2025-01-07,2025-01-08,1-2%,-1.306,40.141,40.672,tp_gap_filled,131.0559,5260.72,1.323,69.59,1
PAYX,2025-01-06,2025-01-07,2025-01-08,1-2%,-1.532,137.53,139.67,tp_gap_filled,38.229,5257.63,1.556,81.81,1
NOW,2024-12-13,2024-12-16,2025-01-10,1-2%,-1.604,226.0,207.92,stop,24.223,5474.41,-8.0,-437.95,16
BLDR,2024-12-19,2024-12-20,2025-01-10,1-2%,-1.546,149.68,137.7056,stop,35.2474,5275.82,-8.0,-422.07,12
MRVL,2024-12-17,2025-01-06,2025-01-13,1-2%,-1.931,122.37,112.5804,stop,43.4859,5321.36,-8.0,-425.71,4
ZTS,2025-01-07,2025-01-08,2025-01-13,1-2%,-1.627,163.2,165.9,tp_gap_filled,32.2767,5267.56,1.654,87.15,2
CF,2025-01-07,2025-01-10,2025-01-13,1-2%,-1.17,88.71,89.76,tp_gap_filled,58.5529,5194.23,1.184,61.48,1
CVX,2025-01-08,2025-01-10,2025-01-13,1-2%,-1.036,148.04,149.59,tp_gap_filled,35.0876,5194.37,1.047,54.39,1
CFG,2024-12-17,2024-12-18,2025-01-14,1-2%,-1.051,45.2,45.68,tp_gap_filled,116.713,5275.43,1.062,56.02,16
CBOE,2025-01-06,2025-01-07,2025-01-14,1-2%,-1.342,192.62,195.24,tp_gap_filled,27.324,5263.15,1.36,71.59,4
GEV,2025-01-08,2025-01-10,2025-01-14,1-2%,-1.685,362.31,368.52,tp_gap_filled,14.3583,5202.16,1.714,89.17,2
A,2025-01-10,2025-01-13,2025-01-14,1-2%,-1.642,134.75,137.0,tp_gap_filled,38.6622,5209.73,1.67,86.99,1
AFL,2025-01-10,2025-01-13,2025-01-14,1-2%,-1.168,102.36,103.57,tp_gap_filled,51.0322,5223.65,1.182,61.75,1
AME,2025-01-10,2025-01-13,2025-01-14,1-2%,-1.238,176.24,178.45,tp_gap_filled,29.6413,5223.98,1.254,65.51,1
AON,2025-01-10,2025-01-13,2025-01-14,1-2%,-1.189,348.26,352.45,tp_gap_filled,15.0013,5224.37,1.203,62.86,1
CSGP,2024-12-27,2024-12-30,2025-01-15,1-2%,-1.122,72.28,73.1,tp_gap_filled,73.1633,5288.24,1.134,59.99,10
PNR,2025-01-06,2025-01-07,2025-01-15,1-2%,-1.049,100.0,101.06,tp_gap_filled,52.6094,5260.94,1.06,55.77,5
CME,2025-01-06,2025-01-08,2025-01-15,1-2%,-1.355,229.35,232.5,tp_gap_filled,22.9676,5267.62,1.373,72.35,4
BEN,2025-01-08,2025-01-10,2025-01-15,1-2%,-1.52,19.44,19.74,tp_gap_filled,267.4129,5198.51,1.543,80.22,3
FLEX,2025-01-08,2025-01-10,2025-01-15,1-2%,-1.918,40.39,41.18,tp_gap_filled,128.827,5203.32,1.956,101.77,3
AIG,2025-01-08,2025-01-14,2025-01-15,1-2%,-1.006,71.86,72.59,tp_gap_filled,73.2529,5263.95,1.016,53.47,1
AIZ,2025-01-10,2025-01-14,2025-01-15,1-2%,-1.426,202.49,205.42,tp_gap_filled,26.0093,5266.63,1.447,76.21,1
APTV,2025-01-08,2025-01-14,2025-01-15,1-2%,-1.326,61.0,61.82,tp_gap_filled,86.3861,5269.55,1.344,70.84,1
ARES,2025-01-10,2025-01-14,2025-01-15,1-2%,-1.437,179.68,182.3,tp_gap_filled,29.3387,5271.58,1.458,76.87,1
AVGO,2025-01-13,2025-01-14,2025-01-15,1-2%,-1.926,219.99,224.31,tp_gap_filled,23.9594,5270.83,1.964,103.5,1
AXON,2025-01-13,2025-01-14,2025-01-15,1-2%,-1.509,561.4,570.0,tp_gap_filled,9.3988,5276.48,1.532,80.83,1
BSX,2025-01-13,2025-01-14,2025-01-15,1-2%,-1.117,93.82,94.88,tp_gap_filled,56.3326,5285.12,1.13,59.71,1
HRL,2024-12-18,2024-12-19,2025-01-16,1-2%,-1.244,31.75,29.21,stop,164.7717,5231.5,-8.0,-418.52,17
ADBE,2025-01-08,2025-01-15,2025-01-16,1-2%,-1.252,417.34,422.63,tp_gap_filled,12.755,5323.18,1.268,67.47,1
ALL,2025-01-10,2025-01-15,2025-01-16,1-2%,-1.658,188.62,191.8,tp_gap_filled,28.2238,5323.58,1.686,89.75,1
AMAT,2025-01-10,2025-01-15,2025-01-16,1-2%,-1.283,174.72,176.99,tp_gap_filled,30.4644,5322.74,1.299,69.15,1
AMP,2025-01-10,2025-01-15,2025-01-16,1-2%,-1.236,528.32,534.93,tp_gap_filled,10.0854,5328.32,1.251,66.66,1
APO,2025-01-10,2025-01-15,2025-01-16,1-2%,-1.222,160.0,161.98,tp_gap_filled,33.332,5333.12,1.237,66.0,1
BKNG,2025-01-10,2025-01-15,2025-01-16,1-2%,-1.297,192.3684,194.8968,tp_gap_filled,27.7655,5341.21,1.314,70.2,1
BX,2025-01-10,2025-01-15,2025-01-16,1-2%,-1.322,171.67,173.97,tp_gap_filled,31.1198,5342.34,1.34,71.58,1
CRWD,2025-01-08,2025-01-15,2025-01-16,1-2%,-1.038,89.0485,89.9825,tp_gap_filled,60.0542,5347.74,1.049,56.09,1
ADI,2025-01-10,2025-01-15,2025-01-17,1-2%,-1.316,217.54,220.44,tp_gap_filled,24.4697,5323.14,1.333,70.96,2
DPZ,2025-01-07,2025-01-15,2025-01-17,1-2%,-1.088,419.88,424.5,tp_gap_filled,12.7468,5352.11,1.1,58.89,2
AJG,2024-12-09,2025-01-16,2025-01-17,1-2%,-1.25,293.0,296.71,tp_gap_filled,18.2586,5349.77,1.266,67.74,1
MDT,2025-01-15,2025-01-16,2025-01-17,1-2%,-1.56,83.92,85.25,tp_gap_filled,63.7261,5347.89,1.585,84.76,1
PM,2025-01-10,2025-01-16,2025-01-17,1-2%,-1.526,120.0,121.86,tp_gap_filled,44.5888,5350.66,1.55,82.94,1
IP,2024-12-05,2024-12-09,2025-01-21,1-2%,-1.143,57.06,57.72,tp_gap_filled,97.7805,5579.35,1.157,64.54,27
ETN,2024-12-17,2025-01-06,2025-01-21,1-2%,-1.062,351.38,355.15,tp_gap_filled,15.1827,5334.9,1.073,57.24,9
RMD,2024-12-18,2025-01-07,2025-01-21,1-2%,-1.476,239.04,242.62,tp_gap_filled,21.9941,5257.46,1.498,78.74,8
ADSK,2025-01-10,2025-01-15,2025-01-21,1-2%,-1.687,291.37,296.37,tp_gap_filled,18.2722,5323.97,1.716,91.36,3
APH,2025-01-10,2025-01-15,2025-01-21,1-2%,-1.336,35.435,35.915,tp_gap_filled,150.4959,5332.82,1.355,72.24,3
ABBV,2025-01-15,2025-01-16,2025-01-21,1-2%,-1.156,173.52,175.55,tp_gap_filled,30.8293,5349.5,1.17,62.58,2
NVDA,2025-01-10,2025-01-16,2025-01-21,1-2%,-1.899,137.45,140.11,tp_gap_filled,38.983,5358.22,1.935,103.7,2
AKAM,2025-01-10,2025-01-17,2025-01-21,1-2%,-1.082,92.35,93.36,tp_gap_filled,58.2697,5381.21,1.094,58.85,1
BALL,2025-01-16,2025-01-17,2025-01-21,1-2%,-1.548,53.42,54.26,tp_gap_filled,100.6608,5377.3,1.572,84.56,1
CI,2025-01-16,2025-01-17,2025-01-21,1-2%,-1.585,280.07,284.58,tp_gap_filled,19.2155,5381.68,1.61,86.66,1
CNC,2025-01-16,2025-01-17,2025-01-21,1-2%,-1.267,62.35,63.15,tp_gap_filled,86.3482,5383.81,1.283,69.08,1
DG,2025-01-16,2025-01-17,2025-01-21,1-2%,-1.108,67.81,68.57,tp_gap_filled,79.3892,5383.38,1.121,60.34,1
EW,2025-01-16,2025-01-17,2025-01-21,1-2%,-1.892,68.95,70.28,tp_gap_filled,78.1046,5385.31,1.929,103.88,1
FSLR,2025-01-08,2025-01-16,2025-01-22,1-2%,-1.836,194.1,178.572,stop,27.5751,5352.32,-8.0,-428.19,3
CFG,2025-01-17,2025-01-21,2025-01-22,1-2%,-1.09,46.29,46.8,tp_gap_filled,117.1617,5423.42,1.102,59.75,1
EQT,2025-01-17,2025-01-21,2025-01-22,1-2%,-1.822,52.8,53.78,tp_gap_filled,102.9,5433.12,1.856,100.84,1
GPC,2025-01-17,2025-01-21,2025-01-22,1-2%,-1.189,118.0,119.42,tp_gap_filled,46.0655,5435.73,1.203,65.41,1
STX,2024-12-03,2025-01-21,2025-01-22,1-2%,-1.076,102.05,103.16,tp_gap_filled,53.2601,5435.19,1.088,59.12,1
SW,2024-11-27,2024-11-29,2025-01-23,1-2%,-1.945,54.45,55.53,tp_gap_filled,104.0021,5662.91,1.983,112.32,35
CDNS,2024-12-05,2025-01-22,2025-01-23,1-2%,-1.861,318.5,324.54,tp_gap_filled,16.9632,5402.79,1.896,102.46,1
GS,2025-01-21,2025-01-22,2025-01-23,1-2%,-1.459,616.81,625.94,tp_gap_filled,8.7427,5392.56,1.48,79.82,1
MS,2025-01-21,2025-01-22,2025-01-23,1-2%,-1.037,136.44,137.87,tp_gap_filled,39.5743,5399.52,1.048,56.59,1
MSCI,2025-01-21,2025-01-22,2025-01-23,1-2%,-1.154,604.96,612.02,tp_gap_filled,8.924,5398.65,1.167,63.0,1
PG,2025-01-06,2025-01-22,2025-01-23,1-2%,-1.405,162.81,165.13,tp_gap_filled,33.1931,5404.16,1.425,77.01,1
PANW,2024-12-27,2025-01-22,2025-01-24,1-2%,-1.13,186.37,188.5,tp_gap_filled,28.9866,5402.24,1.143,61.74,2
CF,2025-01-21,2025-01-23,2025-01-24,1-2%,-1.557,95.5,87.86,stop,56.711,5415.9,-8.0,-433.27,1
GM,2025-01-22,2025-01-23,2025-01-24,1-2%,-1.039,53.33,53.89,tp_gap_filled,101.3964,5407.47,1.05,56.78,1
AMCR,2024-12-17,2024-12-18,2025-01-27,1-2%,-1.016,48.7,49.2,tp_gap_filled,108.8723,5302.08,1.027,54.44,24
ACN,2024-12-23,2024-12-24,2025-01-27,1-2%,-1.58,360.58,366.37,tp_gap_filled,14.8273,5346.44,1.606,85.85,20
CLX,2025-01-06,2025-01-17,2025-01-27,1-2%,-1.001,161.26,162.89,tp_gap_filled,33.396,5385.45,1.011,54.44,5
EG,2025-01-08,2025-01-21,2025-01-27,1-2%,-1.027,367.21,371.02,tp_gap_filled,14.8015,5435.25,1.038,56.39,4
GIS,2025-01-10,2025-01-21,2025-01-27,1-2%,-1.263,60.2,60.97,tp_gap_filled,90.305,5436.36,1.279,69.53,4
IT,2024-11-15,2025-01-21,2025-01-27,1-2%,-1.581,528.61,537.1,tp_gap_filled,10.2921,5440.49,1.606,87.38,4
DELL,2025-01-08,2025-01-22,2025-01-27,1-2%,-1.064,119.98,110.3816,stop,45.0519,5405.33,-8.0,-432.43,3
ABBV,2025-01-22,2025-01-23,2025-01-27,1-2%,-1.338,170.3,172.61,tp_gap_filled,31.8305,5420.73,1.356,73.53,2
CVS,2024-12-11,2025-01-23,2025-01-27,1-2%,-1.179,54.5,55.15,tp_gap_filled,99.3309,5413.53,1.193,64.57,2
FITB,2025-01-22,2025-01-23,2025-01-27,1-2%,-1.271,44.29,44.86,tp_gap_filled,122.153,5410.16,1.287,69.63,2
ADSK,2025-01-23,2025-01-24,2025-01-27,1-2%,-1.274,297.61,301.45,tp_gap_filled,18.0871,5382.9,1.29,69.45,1
ANET,2025-01-23,2025-01-24,2025-01-27,1-2%,-1.14,128.34,118.0728,stop,41.9895,5388.94,-8.0,-431.11,1
DVN,2025-01-16,2025-01-17,2025-01-28,1-2%,-1.041,38.03,34.9876,stop,141.6219,5385.88,-8.0,-430.87,6
CCL,2024-12-23,2025-01-21,2025-01-28,1-2%,-1.045,26.52,26.8,tp_gap_filled,204.8582,5432.84,1.056,57.36,5
BA,2025-01-24,2025-01-27,2025-01-28,1-2%,-1.401,176.0,178.5,tp_gap_filled,30.6816,5399.96,1.42,76.7,1
ELV,2025-01-24,2025-01-27,2025-01-28,1-2%,-1.046,397.16,401.36,tp_gap_filled,13.5932,5398.67,1.058,57.09,1
ESS,2025-01-22,2025-01-27,2025-01-28,1-2%,-1.125,282.03,285.24,tp_gap_filled,19.1761,5408.24,1.138,61.56,1
PFE,2025-01-24,2025-01-27,2025-01-28,1-2%,-1.589,26.02,26.44,tp_gap_filled,207.6941,5404.2,1.614,87.23,1
WDAY,2024-12-30,2025-01-27,2025-01-28,1-2%,-1.003,263.57,266.24,tp_gap_filled,20.5369,5412.92,1.013,54.83,1
GS,2025-01-24,2025-01-27,2025-01-29,1-2%,-1.486,630.0,639.5,tp_gap_filled,8.5861,5409.26,1.508,81.57,2
ADBE,2025-01-27,2025-01-28,2025-01-29,1-2%,-1.183,430.23,435.38,tp_gap_filled,12.5348,5392.85,1.197,64.55,1
ADSK,2025-01-27,2025-01-28,2025-01-29,1-2%,-1.845,295.28,300.83,tp_gap_filled,18.2903,5400.76,1.88,101.51,1
BLK,2025-01-27,2025-01-28,2025-01-29,1-2%,-1.024,1010.0,1020.45,tp_gap_filled,5.3616,5415.24,1.035,56.03,1
CASY,2025-01-27,2025-01-28,2025-01-29,1-2%,-1.143,406.55,411.25,tp_gap_filled,13.3472,5426.29,1.156,62.73,1
CDW,2025-01-27,2025-01-28,2025-01-29,1-2%,-1.66,191.89,195.13,tp_gap_filled,28.3099,5432.39,1.688,91.72,1
CHTR,2025-01-27,2025-01-28,2025-01-29,1-2%,-1.287,362.85,367.58,tp_gap_filled,14.9827,5436.46,1.304,70.87,1
COST,2025-01-27,2025-01-28,2025-01-29,1-2%,-1.03,930.0,939.68,tp_gap_filled,5.8477,5438.35,1.041,56.61,1
DAL,2025-01-27,2025-01-28,2025-01-29,1-2%,-1.265,66.33,67.18,tp_gap_filled,82.1388,5448.26,1.281,69.82,1
APD,2025-01-27,2025-01-28,2025-01-30,1-2%,-1.084,325.69,329.26,tp_gap_filled,16.6236,5414.15,1.096,59.35,2
CPRT,2025-01-27,2025-01-28,2025-01-30,1-2%,-1.231,56.99,57.7,tp_gap_filled,95.5735,5446.74,1.246,67.86,2
F,2025-01-28,2025-01-29,2025-01-30,1-2%,-1.445,10.23,10.38,tp_gap_filled,530.1412,5423.34,1.466,79.52,1
FSLR,2025-01-27,2025-01-29,2025-01-30,1-2%,-1.159,166.3,168.25,tp_gap_filled,32.59,5419.72,1.173,63.55,1
IR,2025-01-27,2025-01-29,2025-01-30,1-2%,-1.267,91.93,93.11,tp_gap_filled,58.9497,5419.24,1.284,69.56,1
NSC,2025-01-28,2025-01-29,2025-01-30,1-2%,-1.082,256.95,259.76,tp_gap_filled,21.0823,5417.09,1.094,59.24,1
PH,2025-01-27,2025-01-29,2025-01-30,1-2%,-1.404,669.8,679.34,tp_gap_filled,8.0873,5416.87,1.424,77.15,1
SBUX,2025-01-28,2025-01-29,2025-01-30,1-2%,-1.08,98.94,100.02,tp_gap_filled,54.7327,5415.26,1.092,59.11,1
APA,2025-01-21,2025-01-23,2025-01-31,1-2%,-1.68,23.99,22.0708,stop,225.9826,5421.32,-8.0,-433.71,6
AAPL,2025-01-10,2025-01-28,2025-01-31,1-2%,-1.108,240.01,242.7,tp_gap_filled,22.4775,5394.82,1.121,60.46,3
FDS,2025-01-28,2025-01-29,2025-01-31,1-2%,-1.142,470.0,475.43,tp_gap_filled,11.5379,5422.81,1.155,62.65,2
CB,2025-01-29,2025-01-30,2025-01-31,1-2%,-1.565,268.01,272.27,tp_gap_filled,20.3655,5458.17,1.589,86.76,1
HOOD,2025-01-29,2025-01-30,2025-01-31,1-2%,-1.174,48.82,49.4,tp_gap_filled,111.9431,5465.06,1.188,64.93,1
MTD,2025-01-29,2025-01-30,2025-01-31,1-2%,-1.022,1339.0,1352.8199,tp_gap_filled,4.0989,5488.46,1.032,56.65,1
OTIS,2025-01-29,2025-01-30,2025-01-31,1-2%,-1.878,94.07,95.87,tp_gap_filled,58.3999,5493.68,1.913,105.12,1
RVTY,2025-01-29,2025-01-30,2025-01-31,1-2%,-1.027,124.3,125.59,tp_gap_filled,44.2363,5498.57,1.038,57.06,1
SWKS,2025-01-29,2025-01-30,2025-01-31,1-2%,-1.603,88.37,89.81,tp_gap_filled,62.2857,5504.19,1.63,89.69,1
TMO,2025-01-29,2025-01-30,2025-01-31,1-2%,-1.599,574.95,584.29,tp_gap_filled,9.5789,5507.39,1.624,89.47,1
ON,2025-01-24,2025-01-27,2025-02-03,1-2%,-1.209,55.58,51.1336,stop,97.3765,5412.18,-8.0,-432.97,5
BKR,2025-01-27,2025-01-31,2025-02-03,1-2%,-1.712,44.77,45.55,tp_gap_filled,121.3517,5432.92,1.742,94.65,1
NOC,2025-01-30,2025-01-31,2025-02-03,1-2%,-1.981,472.0,481.54,tp_gap_filled,11.5136,5434.43,2.021,109.84,1
NVDA,2025-01-29,2025-01-31,2025-02-03,1-2%,-1.93,126.5,116.38,stop,43.0294,5443.22,-8.0,-435.46,1
SW,2025-01-30,2025-01-31,2025-02-03,1-2%,-1.979,52.5,53.56,tp_gap_filled,103.3667,5426.75,2.019,109.57,1
UAL,2025-01-30,2025-01-31,2025-02-04,1-2%,-1.071,107.1,108.26,tp_gap_filled,50.6984,5429.8,1.083,58.81,2
KMB,2025-01-31,2025-02-03,2025-02-04,1-2%,-1.353,129.08,130.85,tp_gap_filled,41.6198,5372.29,1.371,73.67,1
AMD,2025-01-23,2025-01-24,2025-02-05,1-2%,-1.875,121.43,111.7156,stop,44.3532,5385.81,-8.0,-430.86,8
MRSH,2024-12-09,2025-01-27,2025-02-05,1-2%,-1.141,222.59,225.16,tp_gap_filled,24.3078,5410.67,1.155,62.47,7
CRWD,2025-01-29,2025-01-31,2025-02-05,1-2%,-1.06,101.0875,102.17,tp_gap_filled,53.8293,5441.47,1.071,58.27,3
WDAY,2025-01-30,2025-01-31,2025-02-05,1-2%,-1.1,262.48,265.4,tp_gap_filled,20.6744,5426.61,1.112,60.37,3
CLX,2025-01-31,2025-02-03,2025-02-05,1-2%,-1.091,158.7,146.004,stop,33.8868,5377.83,-8.0,-430.23,2
ABT,2025-02-03,2025-02-04,2025-02-05,1-2%,-1.001,126.65,127.93,tp_gap_filled,42.5875,5393.71,1.011,54.51,1
ABNB,2025-02-03,2025-02-04,2025-02-06,1-2%,-1.509,129.19,131.17,tp_gap_filled,41.7252,5390.48,1.533,82.62,2
ABBV,2025-02-04,2025-02-05,2025-02-06,1-2%,-1.32,187.63,190.14,tp_gap_filled,28.7695,5398.02,1.338,72.21,1
ADP,2025-02-04,2025-02-05,2025-02-06,1-2%,-1.035,304.14,307.32,tp_gap_filled,17.7679,5403.94,1.046,56.5,1
ALGN,2025-02-04,2025-02-05,2025-02-06,1-2%,-1.381,212.84,215.82,tp_gap_filled,25.4064,5407.5,1.4,75.71,1
AMAT,2025-02-04,2025-02-05,2025-02-06,1-2%,-1.862,175.47,178.8,tp_gap_filled,30.8427,5411.98,1.898,102.71,1
AMGN,2024-11-14,2025-02-05,2025-02-06,1-2%,-1.171,297.91,301.44,tp_gap_filled,18.1934,5420.0,1.185,64.22,1
APH,2025-02-04,2025-02-05,2025-02-06,1-2%,-1.597,34.5,35.06,tp_gap_filled,157.3624,5429.0,1.623,88.12,1
FAST,2025-01-31,2025-02-03,2025-02-07,1-2%,-1.0,37.115,37.49,tp_gap_filled,144.7969,5374.14,1.01,54.3,4
AAPL,2025-02-05,2025-02-06,2025-02-07,1-2%,-1.834,228.53,232.8,tp_gap_filled,23.7149,5419.56,1.868,101.26,1
CFG,2025-01-31,2025-02-06,2025-02-07,1-2%,-1.199,47.78,48.36,tp_gap_filled,113.5491,5425.37,1.214,65.86,1
CPT,2024-12-18,2025-02-06,2025-02-07,1-2%,-1.079,117.31,118.59,tp_gap_filled,46.2743,5428.44,1.091,59.23,1
CSGP,2025-02-05,2025-02-06,2025-02-07,1-2%,-1.084,76.62,77.46,tp_gap_filled,70.8606,5429.34,1.096,59.52,1
ESS,2025-02-05,2025-02-06,2025-02-07,1-2%,-1.442,283.0,287.14,tp_gap_filled,19.1919,5431.31,1.463,79.45,1
ROST,2025-01-10,2025-01-30,2025-02-10,1-2%,-1.507,152.3,140.116,stop,36.0962,5497.45,-8.0,-439.8,7
RVTY,2025-01-31,2025-02-03,2025-02-10,1-2%,-1.08,125.47,115.4324,stop,42.84,5375.14,-8.0,-430.01,5
DECK,2025-02-03,2025-02-06,2025-02-10,1-2%,-1.613,174.5,160.54,stop,31.1456,5434.9,-8.0,-434.79,2
CI,2025-02-06,2025-02-07,2025-02-10,1-2%,-1.302,289.49,293.31,tp_gap_filled,18.6935,5411.57,1.32,71.41,1
KO,2024-11-06,2024-11-22,2025-02-11,1-2%,-1.453,64.42,65.37,tp_gap_filled,85.834,5529.43,1.475,81.54,52
SBAC,2024-12-18,2025-01-21,2025-02-11,1-2%,-1.0,206.9,208.99,tp_gap_filled,26.2858,5438.53,1.01,54.94,15
CRL,2025-01-22,2025-01-23,2025-02-11,1-2%,-1.142,167.87,154.4404,stop,32.2581,5415.16,-8.0,-433.21,13
COP,2025-02-06,2025-02-07,2025-02-11,1-2%,-1.317,98.89,100.21,tp_gap_filled,54.6968,5408.97,1.335,72.2,2
APA,2025-01-31,2025-02-10,2025-02-11,1-2%,-1.0,22.76,22.99,tp_gap_filled,236.7461,5388.34,1.011,54.45,1
FE,2025-02-07,2025-02-10,2025-02-11,1-2%,-1.121,39.68,40.13,tp_gap_filled,135.8752,5391.53,1.134,61.14,1
NKE,2025-02-07,2025-02-10,2025-02-11,1-2%,-1.645,70.56,71.74,tp_gap_filled,76.4279,5392.75,1.672,90.18,1
D,2025-02-04,2025-02-11,2025-02-12,1-2%,-1.048,55.73,56.32,tp_gap_filled,96.5111,5378.57,1.059,56.94,1
AES,2025-02-03,2025-02-06,2025-02-13,1-2%,-1.727,10.81,9.9452,stop,501.8615,5425.12,-8.0,-434.01,5
FERG,2025-02-06,2025-02-07,2025-02-13,1-2%,-1.312,180.59,182.99,tp_gap_filled,29.9436,5407.52,1.329,71.86,4
XEL,2025-02-06,2025-02-07,2025-02-13,1-2%,-1.383,67.01,67.95,tp_gap_filled,80.4464,5390.71,1.403,75.62,4
ECHO,2025-02-07,2025-02-10,2025-02-13,1-2%,-1.26,29.0,29.37,tp_gap_filled,185.8988,5391.06,1.276,68.78,3
AMD,2025-02-11,2025-02-12,2025-02-13,1-2%,-1.358,108.98,110.48,tp_gap_filled,49.0728,5347.95,1.376,73.61,1
AMGN,2025-02-11,2025-02-12,2025-02-13,1-2%,-1.435,290.56,294.79,tp_gap_filled,18.4288,5354.68,1.456,77.95,1
AVGO,2025-02-11,2025-02-12,2025-02-13,1-2%,-1.089,232.48,235.04,tp_gap_filled,23.0507,5358.82,1.101,59.01,1
BXP,2025-02-11,2025-02-12,2025-02-13,1-2%,-1.504,70.05,71.12,tp_gap_filled,76.5636,5363.28,1.527,81.92,1
CCL,2025-02-11,2025-02-12,2025-02-13,1-2%,-1.149,25.8,26.1,tp_gap_filled,207.9355,5364.74,1.163,62.38,1
ABNB,2025-02-12,2025-02-13,2025-02-14,1-2%,-1.078,133.07,134.52,tp_gap_filled,40.4322,5380.31,1.09,58.63,1
ACGL,2025-02-12,2025-02-13,2025-02-14,1-2%,-1.306,88.43,89.6,tp_gap_filled,61.0248,5396.42,1.323,71.4,1
ACN,2025-02-12,2025-02-13,2025-02-14,1-2%,-1.015,386.05,390.01,tp_gap_filled,13.9922,5401.7,1.026,55.41,1
ADSK,2025-02-12,2025-02-13,2025-02-14,1-2%,-1.802,294.32,299.72,tp_gap_filled,18.3614,5404.13,1.835,99.15,1
AEE,2025-02-12,2025-02-13,2025-02-14,1-2%,-1.273,96.93,98.18,tp_gap_filled,55.8397,5412.54,1.29,69.8,1
AEP,2025-02-12,2025-02-13,2025-02-14,1-2%,-1.129,100.73,101.88,tp_gap_filled,53.7703,5416.28,1.142,61.84,1
ARE,2025-02-12,2025-02-13,2025-02-14,1-2%,-1.474,93.56,94.96,tp_gap_filled,57.9616,5422.89,1.496,81.15,1
TRGP,2025-01-27,2025-01-29,2025-02-18,1-2%,-1.516,205.9,209.07,tp_gap_filled,26.4285,5441.64,1.54,83.78,13
URI,2025-01-27,2025-01-30,2025-02-18,1-2%,-1.8,775.35,713.322,stop,7.1227,5522.62,-8.0,-441.81,12
EXPD,2025-01-30,2025-01-31,2025-02-18,1-2%,-1.435,112.66,114.3,tp_gap_filled,48.2624,5437.25,1.456,79.15,11
AME,2025-02-12,2025-02-13,2025-02-18,1-2%,-1.29,182.93,185.32,tp_gap_filled,29.6324,5420.66,1.307,70.82,2
APA,2025-02-12,2025-02-14,2025-02-18,1-2%,-1.073,23.06,23.31,tp_gap_filled,234.3007,5402.97,1.084,58.58,1
APO,2025-02-11,2025-02-14,2025-02-18,1-2%,-1.03,160.5,162.17,tp_gap_filled,33.6692,5403.91,1.04,56.23,1
DELL,2025-02-13,2025-02-14,2025-02-18,1-2%,-1.621,111.09,112.92,tp_gap_filled,48.6109,5400.18,1.647,88.96,1
DLR,2025-02-13,2025-02-14,2025-02-18,1-2%,-1.035,161.53,163.22,tp_gap_filled,33.4809,5408.18,1.046,56.58,1
NTAP,2025-02-10,2025-02-11,2025-02-19,1-2%,-1.757,120.75,122.91,tp_gap_filled,44.5422,5378.47,1.789,96.21,5
CFG,2025-02-12,2025-02-14,2025-02-19,1-2%,-1.293,46.56,47.17,tp_gap_filled,116.0094,5401.4,1.31,70.77,2
KDP,2025-02-04,2025-02-18,2025-02-19,1-2%,-1.014,32.21,32.54,tp_gap_filled,168.215,5418.2,1.025,55.51,1
MPWR,2025-02-14,2025-02-18,2025-02-19,1-2%,-1.006,692.95,699.99,tp_gap_filled,7.822,5420.22,1.016,55.07,1
RJF,2025-01-30,2025-01-31,2025-02-20,1-2%,-1.099,170.13,156.5196,stop,31.9131,5429.38,-8.0,-434.35,13
LVS,2025-02-05,2025-02-07,2025-02-20,1-2%,-1.19,44.0,44.53,tp_gap_filled,122.6584,5396.97,1.205,65.01,8
ADI,2025-01-24,2025-02-19,2025-02-20,1-2%,-1.633,224.62,228.35,tp_gap_filled,24.2136,5438.86,1.661,90.32,1
ADM,2025-02-18,2025-02-19,2025-02-20,1-2%,-1.302,45.5,46.1,tp_gap_filled,119.9889,5459.49,1.319,71.99,1
AWK,2025-01-28,2025-02-19,2025-02-20,1-2%,-1.385,128.15,129.95,tp_gap_filled,42.6277,5462.73,1.405,76.73,1
BG,2025-02-18,2025-02-19,2025-02-20,1-2%,-1.121,69.71,70.5,tp_gap_filled,78.3548,5462.12,1.133,61.9,1
CRL,2025-02-11,2025-02-19,2025-02-20,1-2%,-1.576,157.37,159.89,tp_gap_filled,34.7205,5463.96,1.601,87.5,1
CVS,2025-02-18,2025-02-19,2025-02-20,1-2%,-1.489,64.85,65.83,tp_gap_filled,84.4596,5477.2,1.511,82.77,1
ETN,2025-01-31,2025-02-03,2025-02-21,1-2%,-1.553,322.02,296.2584,stop,16.706,5379.66,-8.0,-430.37,13
ALGN,2025-02-12,2025-02-14,2025-02-21,1-2%,-1.606,207.14,190.5688,stop,26.086,5403.46,-8.0,-432.28,4
ARES,2025-02-11,2025-02-18,2025-02-21,1-2%,-1.053,187.98,172.9416,stop,28.8384,5421.04,-8.0,-433.68,3
DELL,2025-02-19,2025-02-20,2025-02-21,1-2%,-1.271,118.81,120.34,tp_gap_filled,45.7391,5434.26,1.288,69.98,1
DOW,2025-02-19,2025-02-20,2025-02-21,1-2%,-1.813,39.0,39.72,tp_gap_filled,139.4034,5436.73,1.846,100.37,1
BIIB,2025-02-11,2025-02-14,2025-02-24,1-2%,-1.319,140.66,142.54,tp_gap_filled,38.4459,5407.8,1.337,72.28,5
NOW,2025-02-12,2025-02-18,2025-02-24,1-2%,-1.269,199.25,183.31,stop,27.1988,5419.37,-8.0,-433.55,4
ATO,2025-02-20,2025-02-21,2025-02-24,1-2%,-1.252,146.74,148.6,tp_gap_filled,36.394,5340.45,1.268,67.69,1
CHD,2025-02-20,2025-02-21,2025-02-24,1-2%,-1.112,103.2,104.36,tp_gap_filled,51.8043,5346.2,1.124,60.09,1
AMAT,2025-02-11,2025-02-13,2025-02-25,1-2%,-1.013,181.8,167.256,stop,29.7964,5416.98,-8.0,-433.36,7
BX,2025-02-11,2025-02-18,2025-02-25,1-2%,-1.234,166.53,153.2076,stop,32.5503,5420.6,-8.0,-433.65,5
KR,2025-02-20,2025-02-21,2025-02-25,1-2%,-1.36,64.56,65.45,tp_gap_filled,82.6842,5338.09,1.379,73.59,2
CI,2025-02-21,2025-02-24,2025-02-25,1-2%,-1.732,294.49,299.68,tp_gap_filled,18.0487,5315.17,1.762,93.67,1
HSY,2024-12-18,2025-02-24,2025-02-25,1-2%,-1.199,175.5,177.63,tp_gap_filled,30.3195,5321.07,1.214,64.58,1
INCY,2025-02-10,2025-02-24,2025-02-25,1-2%,-1.511,73.01,74.13,tp_gap_filled,72.9299,5324.61,1.534,81.68,1
GOOG,2025-02-06,2025-02-07,2025-02-26,1-2%,-1.195,190.99,175.7108,stop,28.2864,5402.42,-8.0,-432.19,12
CNC,2025-02-06,2025-02-25,2025-02-26,1-2%,-1.054,60.09,60.73,tp_gap_filled,88.3853,5311.08,1.065,56.57,1
COR,2025-02-06,2025-02-25,2025-02-26,1-2%,-1.141,250.39,253.28,tp_gap_filled,21.2331,5316.56,1.154,61.36,1
EXE,2025-02-20,2025-02-21,2025-02-27,1-2%,-1.005,106.37,97.8604,stop,50.3123,5351.72,-8.0,-428.14,4
RTX,2025-02-12,2025-02-25,2025-02-27,1-2%,-1.007,127.81,129.11,tp_gap_filled,41.5985,5316.7,1.017,54.08,2
COHR,2025-02-25,2025-02-26,2025-02-27,1-2%,-1.409,79.09,80.22,tp_gap_filled,67.0386,5302.09,1.429,75.75,1
DPZ,2025-02-25,2025-02-26,2025-02-27,1-2%,-1.207,450.14,455.64,tp_gap_filled,11.7713,5298.72,1.222,64.74,1
DVA,2025-02-21,2025-02-26,2025-02-27,1-2%,-1.055,144.38,145.92,tp_gap_filled,36.8179,5315.77,1.067,56.7,1
EMR,2025-02-25,2025-02-26,2025-02-27,1-2%,-1.003,119.47,120.68,tp_gap_filled,44.5188,5318.66,1.013,53.87,1
FSLR,2025-02-25,2025-02-26,2025-02-27,1-2%,-1.295,150.93,152.91,tp_gap_filled,35.245,5319.53,1.312,69.79,1
DELL,2025-02-24,2025-02-26,2025-02-28,1-2%,-1.267,116.11,106.8212,stop,45.6444,5299.77,-8.0,-423.98,2
CCI,2025-02-26,2025-02-27,2025-02-28,1-2%,-1.404,92.02,93.33,tp_gap_filled,57.545,5295.29,1.424,75.38,1
L,2025-02-10,2025-02-27,2025-02-28,1-2%,-1.014,85.89,86.77,tp_gap_filled,61.6436,5294.57,1.025,54.25,1
MMM,2025-02-26,2025-02-27,2025-02-28,1-2%,-1.467,144.39,146.54,tp_gap_filled,36.6502,5291.92,1.489,78.8,1
EOG,2025-01-21,2025-01-22,2025-03-03,1-2%,-1.208,134.93,124.1356,stop,39.9791,5394.38,-8.0,-431.55,27
BAC,2025-02-19,2025-02-20,2025-03-03,1-2%,-1.397,45.88,46.53,tp_gap_filled,118.6284,5442.67,1.417,77.11,7
ELV,2025-02-26,2025-02-27,2025-03-03,1-2%,-1.294,396.73,401.93,tp_gap_filled,13.3577,5299.41,1.311,69.46,2
LH,2025-02-26,2025-02-27,2025-03-03,1-2%,-1.135,250.0,252.87,tp_gap_filled,21.1771,5294.26,1.148,60.78,2
TMUS,2025-02-26,2025-02-27,2025-03-03,1-2%,-1.615,266.17,270.54,tp_gap_filled,19.9239,5303.16,1.642,87.07,2
APTV,2025-02-27,2025-02-28,2025-03-03,1-2%,-1.012,65.55,66.22,tp_gap_filled,81.5146,5343.28,1.022,54.61,1
AWK,2025-02-27,2025-02-28,2025-03-03,1-2%,-1.207,133.43,135.06,tp_gap_filled,40.0325,5341.53,1.222,65.25,1
CRH,2025-02-27,2025-02-28,2025-03-03,1-2%,-1.837,100.45,102.33,tp_gap_filled,53.2266,5346.61,1.872,100.07,1
DOC,2025-02-03,2025-02-28,2025-03-03,1-2%,-1.016,20.45,20.66,tp_gap_filled,261.7175,5352.12,1.027,54.96,1
SCHW,2025-02-10,2025-02-11,2025-03-04,1-2%,-1.96,81.55,75.026,stop,65.9205,5375.82,-8.0,-430.07,14
CF,2025-02-19,2025-02-20,2025-03-04,1-2%,-1.718,81.79,75.2468,stop,66.5024,5439.23,-8.0,-435.14,8
CFG,2025-02-19,2025-02-20,2025-03-04,1-2%,-1.197,46.24,42.5408,stop,117.5204,5434.14,-8.0,-434.73,8
DE,2025-02-19,2025-02-20,2025-03-04,1-2%,-1.077,496.16,456.4672,stop,10.9531,5434.47,-8.0,-434.76,8
AMGN,2025-02-26,2025-03-03,2025-03-04,1-2%,-1.166,311.95,315.63,tp_gap_filled,16.9203,5278.27,1.18,62.27,1
APA,2025-02-28,2025-03-03,2025-03-04,1-2%,-1.469,20.12,18.5104,stop,262.2905,5277.28,-8.0,-422.18,1
CI,2025-02-26,2025-03-03,2025-03-04,1-2%,-1.099,310.45,313.9,tp_gap_filled,16.9469,5261.15,1.111,58.47,1
COHR,2025-02-28,2025-03-03,2025-03-04,1-2%,-1.228,74.0,68.08,stop,71.1088,5262.05,-8.0,-420.96,1
FLEX,2025-02-28,2025-03-03,2025-03-04,1-2%,-1.111,37.37,34.3804,stop,139.4983,5213.05,-8.0,-417.04,1
FCX,2025-02-28,2025-03-03,2025-03-05,1-2%,-1.897,36.71,37.42,tp_gap_filled,142.2349,5221.44,1.934,100.99,2
PEP,2025-03-03,2025-03-04,2025-03-05,1-2%,-1.381,151.35,153.47,tp_gap_filled,33.7621,5109.9,1.401,71.58,1
KR,2025-02-26,2025-02-27,2025-03-06,1-2%,-1.512,64.48,65.47,tp_gap_filled,82.1469,5296.83,1.535,81.33,5
ALGN,2025-03-04,2025-03-05,2025-03-06,1-2%,-1.194,173.0,175.09,tp_gap_filled,29.8039,5156.08,1.208,62.29,1
APA,2025-03-04,2025-03-05,2025-03-06,1-2%,-1.747,18.56,18.89,tp_gap_filled,277.9717,5159.16,1.778,91.73,1
APTV,2025-03-04,2025-03-05,2025-03-06,1-2%,-1.718,62.91,64.01,tp_gap_filled,82.0041,5158.88,1.749,90.2,1
AZO,2025-03-04,2025-03-05,2025-03-06,1-2%,-1.496,3425.73,3477.76,tp_gap_filled,1.5085,5167.82,1.519,78.49,1
LUV,2025-01-30,2025-01-31,2025-03-07,1-2%,-1.137,31.29,28.7868,stop,173.8404,5439.47,-8.0,-435.16,24
ADSK,2025-02-28,2025-03-03,2025-03-07,1-2%,-1.038,279.42,257.0664,stop,18.9151,5285.26,-8.0,-422.82,4
KO,2025-03-03,2025-03-04,2025-03-07,1-2%,-1.362,70.24,71.21,tp_gap_filled,72.7517,5110.08,1.381,70.57,3
AMT,2025-03-05,2025-03-06,2025-03-07,1-2%,-1.313,204.4,207.12,tp_gap_filled,25.2464,5160.37,1.331,68.67,1
CCI,2025-03-05,2025-03-06,2025-03-07,1-2%,-1.199,93.08,94.21,tp_gap_filled,55.4745,5163.57,1.214,62.69,1
CPT,2025-03-05,2025-03-06,2025-03-07,1-2%,-1.274,121.67,123.24,tp_gap_filled,42.4553,5165.53,1.29,66.65,1
DPZ,2025-03-05,2025-03-06,2025-03-07,1-2%,-1.384,475.1,481.77,tp_gap_filled,10.8732,5165.85,1.404,72.52,1
ALLE,2025-02-18,2025-02-25,2025-03-10,1-2%,-1.837,130.94,133.39,tp_gap_filled,40.5774,5313.21,1.871,99.41,9
ACGL,2025-03-03,2025-03-04,2025-03-10,1-2%,-1.399,91.61,92.91,tp_gap_filled,55.7729,5109.35,1.419,72.5,4
ZTS,2025-02-12,2025-03-04,2025-03-10,1-2%,-1.05,172.46,174.29,tp_gap_filled,29.6572,5114.69,1.061,54.27,4
AIG,2025-03-04,2025-03-05,2025-03-10,1-2%,-1.102,81.68,82.59,tp_gap_filled,63.1397,5157.25,1.114,57.46,3
BKNG,2025-03-04,2025-03-05,2025-03-10,1-2%,-1.956,193.9768,178.4587,stop,26.692,5177.63,-8.0,-414.21,3
AKAM,2025-03-06,2025-03-07,2025-03-10,1-2%,-1.159,81.86,82.82,tp_gap_filled,63.2368,5176.56,1.173,60.71,1
BXP,2025-03-06,2025-03-07,2025-03-10,1-2%,-1.803,66.46,67.68,tp_gap_filled,78.2004,5197.2,1.836,95.4,1
COP,2025-03-04,2025-03-07,2025-03-10,1-2%,-1.695,91.06,92.63,tp_gap_filled,57.1835,5207.13,1.724,89.78,1
DD,2025-02-19,2025-02-20,2025-03-11,1-2%,-1.648,104.0962,95.7685,stop,52.2087,5434.73,-8.0,-434.78,13
ADI,2025-03-06,2025-03-07,2025-03-11,1-2%,-1.652,225.68,207.6256,stop,22.9367,5176.36,-8.0,-414.11,2
CTSH,2025-03-07,2025-03-10,2025-03-11,1-2%,-1.077,82.66,83.56,tp_gap_filled,62.039,5128.14,1.089,55.83,1
CVS,2025-03-07,2025-03-10,2025-03-11,1-2%,-1.287,64.41,65.25,tp_gap_filled,79.6817,5132.3,1.304,66.93,1
GPC,2025-03-07,2025-03-10,2025-03-11,1-2%,-1.08,124.57,125.93,tp_gap_filled,41.1736,5128.99,1.092,56.0,1
HII,2025-03-07,2025-03-10,2025-03-11,1-2%,-1.042,191.91,193.93,tp_gap_filled,26.7738,5138.15,1.053,54.08,1
IBM,2025-03-07,2025-03-10,2025-03-11,1-2%,-1.102,245.95,248.69,tp_gap_filled,20.8744,5134.06,1.114,57.2,1
HD,2025-02-19,2025-02-21,2025-03-12,1-2%,-1.51,397.22,365.4424,stop,13.4588,5346.11,-8.0,-427.69,13
DELL,2025-03-07,2025-03-10,2025-03-12,1-2%,-1.398,91.72,93.02,tp_gap_filled,55.9918,5135.57,1.417,72.79,2
DLTR,2025-03-07,2025-03-10,2025-03-12,1-2%,-1.36,68.16,62.7072,stop,75.2891,5131.7,-8.0,-410.54,2
ALL,2025-03-10,2025-03-11,2025-03-12,1-2%,-1.046,198.63,200.73,tp_gap_filled,25.6708,5098.99,1.057,53.91,1
APA,2025-03-10,2025-03-11,2025-03-12,1-2%,-1.38,18.58,18.84,tp_gap_filled,274.6381,5102.78,1.399,71.41,1
BRK-B,2025-03-10,2025-03-11,2025-03-12,1-2%,-1.134,490.0,495.62,tp_gap_filled,10.4312,5111.29,1.147,58.62,1
J,2025-02-12,2025-02-18,2025-03-13,1-2%,-1.096,130.4554,120.019,stop,41.554,5420.94,-8.0,-433.68,17
CTVA,2025-02-19,2025-02-20,2025-03-13,1-2%,-1.319,63.61,58.5212,stop,85.4235,5433.79,-8.0,-434.7,15
CMI,2025-03-04,2025-03-06,2025-03-13,1-2%,-1.652,350.09,322.0828,stop,14.7659,5169.39,-8.0,-413.55,5
ADBE,2025-03-06,2025-03-07,2025-03-13,1-2%,-1.443,444.73,409.1516,stop,11.6332,5173.64,-8.0,-413.89,4
CASY,2025-03-06,2025-03-12,2025-03-13,1-2%,-1.02,400.69,404.82,tp_gap_filled,12.6676,5075.8,1.031,52.32,1
FCX,2025-03-07,2025-03-12,2025-03-13,1-2%,-1.327,37.18,37.68,tp_gap_filled,136.5431,5076.67,1.345,68.27,1
AMD,2025-03-10,2025-03-12,2025-03-14,1-2%,-1.735,98.57,100.31,tp_gap_filled,51.4364,5070.09,1.765,89.5,2
GLW,2025-03-06,2025-03-12,2025-03-14,1-2%,-1.701,46.24,47.04,tp_gap_filled,109.5496,5065.57,1.73,87.64,2
AEP,2025-03-12,2025-03-13,2025-03-14,1-2%,-1.484,102.88,104.43,tp_gap_filled,48.4433,4983.85,1.507,75.09,1
ALLE,2025-03-12,2025-03-13,2025-03-14,1-2%,-1.191,124.46,125.96,tp_gap_filled,40.0703,4987.15,1.205,60.11,1
AWK,2025-03-12,2025-03-13,2025-03-14,1-2%,-1.429,141.38,143.43,tp_gap_filled,35.2823,4988.21,1.45,72.33,1
BKR,2025-03-04,2025-03-07,2025-03-17,1-2%,-1.376,43.0,43.6,tp_gap_filled,120.8806,5197.87,1.395,72.53,6
CARR,2025-03-10,2025-03-11,2025-03-17,1-2%,-1.914,66.1,67.39,tp_gap_filled,77.3759,5114.55,1.952,99.82,4
HPE,2025-03-10,2025-03-12,2025-03-17,1-2%,-1.898,15.51,15.81,tp_gap_filled,326.3037,5060.97,1.934,97.89,3
ADM,2025-03-12,2025-03-13,2025-03-17,1-2%,-1.316,48.0,48.64,tp_gap_filled,103.9114,4987.75,1.333,66.5,2
BIIB,2025-03-12,2025-03-13,2025-03-17,1-2%,-1.149,142.01,143.66,tp_gap_filled,35.1402,4990.25,1.162,57.98,2
CF,2025-03-13,2025-03-14,2025-03-17,1-2%,-1.248,76.74,77.71,tp_gap_filled,66.0559,5069.13,1.264,64.07,1
D,2025-03-12,2025-03-14,2025-03-17,1-2%,-1.124,54.52,55.14,tp_gap_filled,92.9707,5068.76,1.137,57.64,1
DHR,2025-03-10,2025-03-14,2025-03-17,1-2%,-1.358,209.19,212.07,tp_gap_filled,24.234,5069.51,1.377,69.79,1
HOOD,2025-03-13,2025-03-14,2025-03-17,1-2%,-1.67,38.27,38.92,tp_gap_filled,132.5159,5071.38,1.698,86.14,1
LITE,2025-03-13,2025-03-14,2025-03-17,1-2%,-1.296,63.19,64.02,tp_gap_filled,80.3578,5077.81,1.313,66.7,1
DVN,2025-02-28,2025-03-03,2025-03-18,1-2%,-1.003,35.52,35.88,tp_gap_filled,147.2302,5229.62,1.014,53.0,11
HUM,2025-03-07,2025-03-10,2025-03-18,1-2%,-1.257,262.42,265.76,tp_gap_filled,19.606,5145.01,1.273,65.48,6
CRL,2025-03-10,2025-03-11,2025-03-18,1-2%,-1.216,173.78,175.92,tp_gap_filled,29.3989,5108.93,1.231,62.91,5
ADSK,2025-03-10,2025-03-17,2025-03-18,1-2%,-1.209,256.61,259.75,tp_gap_filled,20.1071,5159.69,1.224,63.14,1
CBOE,2025-03-14,2025-03-17,2025-03-18,1-2%,-1.436,212.04,215.13,tp_gap_filled,24.3474,5162.61,1.457,75.23,1
EXR,2025-03-14,2025-03-17,2025-03-18,1-2%,-1.121,142.88,144.5,tp_gap_filled,36.1653,5167.3,1.134,58.59,1
GIS,2025-03-14,2025-03-17,2025-03-18,1-2%,-1.253,59.1,59.85,tp_gap_filled,87.6145,5178.02,1.269,65.71,1
IBM,2025-03-14,2025-03-17,2025-03-18,1-2%,-1.241,242.75,245.8,tp_gap_filled,21.3483,5182.29,1.256,65.11,1
KO,2025-03-14,2025-03-17,2025-03-18,1-2%,-1.594,68.51,69.62,tp_gap_filled,75.8021,5193.2,1.62,84.14,1
FLEX,2025-03-06,2025-03-12,2025-03-19,1-2%,-1.445,35.47,35.99,tp_gap_filled,143.0488,5073.94,1.466,74.39,5
GE,2025-03-06,2025-03-17,2025-03-19,1-2%,-1.728,199.0,202.5,tp_gap_filled,26.0004,5174.08,1.759,91.0,2
AMAT,2025-03-17,2025-03-18,2025-03-19,1-2%,-1.741,152.95,155.66,tp_gap_filled,33.7088,5155.76,1.772,91.35,1
ARES,2025-03-17,2025-03-18,2025-03-19,1-2%,-1.011,142.9,144.36,tp_gap_filled,36.0861,5156.71,1.022,52.69,1
CHTR,2025-03-17,2025-03-18,2025-03-19,1-2%,-1.07,347.74,351.5,tp_gap_filled,14.835,5158.73,1.081,55.78,1
CVNA,2025-03-17,2025-03-18,2025-03-19,1-2%,-1.258,35.78,32.9176,stop,144.3182,5163.71,-8.0,-413.1,1
KLAC,2025-03-17,2025-03-18,2025-03-19,1-2%,-1.018,70.574,71.3,tp_gap_filled,72.9141,5145.84,1.029,52.94,1
STLD,2025-03-17,2025-03-18,2025-03-19,1-2%,-1.015,125.85,127.14,tp_gap_filled,40.8603,5142.26,1.025,52.71,1
GL,2025-03-04,2025-03-17,2025-03-20,1-2%,-1.027,127.27,128.59,tp_gap_filled,40.7486,5186.08,1.037,53.79,3
AES,2025-03-18,2025-03-19,2025-03-20,1-2%,-1.533,12.85,13.05,tp_gap_filled,402.1913,5168.16,1.556,80.44,1
BA,2025-03-04,2025-03-19,2025-03-20,1-2%,-1.582,167.37,170.06,tp_gap_filled,30.8943,5170.77,1.607,83.11,1
C,2025-03-06,2025-03-19,2025-03-20,1-2%,-1.576,71.81,72.96,tp_gap_filled,72.1192,5178.88,1.601,82.94,1
CCI,2025-03-18,2025-03-19,2025-03-20,1-2%,-1.011,101.87,102.91,tp_gap_filled,50.8251,5177.55,1.021,52.86,1
CMI,2025-03-18,2025-03-19,2025-03-20,1-2%,-1.748,320.45,326.15,tp_gap_filled,16.1768,5183.85,1.779,92.21,1
COF,2025-03-17,2025-03-19,2025-03-20,1-2%,-1.088,170.0,171.87,tp_gap_filled,30.5252,5189.28,1.1,57.08,1
EQT,2025-02-20,2025-03-19,2025-03-20,1-2%,-1.364,53.5,54.24,tp_gap_filled,97.07,5193.25,1.383,71.83,1
ETN,2025-03-18,2025-03-19,2025-03-20,1-2%,-1.147,293.82,297.23,tp_gap_filled,17.6766,5193.73,1.161,60.28,1
NUE,2025-03-17,2025-03-18,2025-03-21,1-2%,-1.219,130.48,120.0416,stop,39.4497,5147.39,-8.0,-411.79,3
KO,2025-03-19,2025-03-20,2025-03-21,1-2%,-1.196,68.55,69.38,tp_gap_filled,75.6303,5184.46,1.211,62.77,1
PCG,2025-03-19,2025-03-20,2025-03-21,1-2%,-1.105,17.01,17.2,tp_gap_filled,304.9379,5186.99,1.117,57.94,1
BKNG,2025-03-10,2025-03-17,2025-03-24,1-2%,-1.931,183.3264,186.9352,tp_gap_filled,28.1668,5163.73,1.969,101.65,5
GNRC,2025-03-10,2025-03-17,2025-03-24,1-2%,-1.289,134.82,136.58,tp_gap_filled,38.472,5186.79,1.305,67.71,5
ULTA,2025-03-17,2025-03-18,2025-03-24,1-2%,-1.606,351.74,357.48,tp_gap_filled,14.6267,5144.8,1.632,83.96,4
UBER,2025-03-10,2025-03-20,2025-03-24,1-2%,-1.744,74.94,76.27,tp_gap_filled,69.254,5189.89,1.775,92.11,2
ADP,2025-03-20,2025-03-21,2025-03-24,1-2%,-1.222,295.14,298.79,tp_gap_filled,17.5151,5169.39,1.237,63.93,1
AMD,2025-03-20,2025-03-21,2025-03-24,1-2%,-1.045,105.12,106.23,tp_gap_filled,49.1776,5169.55,1.056,54.59,1
APO,2025-03-20,2025-03-21,2025-03-24,1-2%,-1.492,141.26,143.4,tp_gap_filled,36.619,5172.8,1.515,78.36,1
ARES,2025-03-20,2025-03-21,2025-03-24,1-2%,-1.091,146.0,147.61,tp_gap_filled,35.4571,5176.73,1.103,57.09,1
COF,2025-03-20,2025-03-21,2025-03-24,1-2%,-1.251,170.44,172.6,tp_gap_filled,30.3905,5179.76,1.267,65.64,1
PFG,2025-03-10,2025-03-18,2025-03-25,1-2%,-1.308,84.49,85.61,tp_gap_filled,60.9074,5146.07,1.326,68.22,5
LH,2025-03-19,2025-03-20,2025-03-25,1-2%,-1.247,236.69,239.68,tp_gap_filled,21.9225,5188.84,1.263,65.55,3
MA,2025-03-10,2025-03-20,2025-03-25,1-2%,-1.577,538.15,546.77,tp_gap_filled,9.6402,5187.85,1.602,83.1,3
ADBE,2025-03-21,2025-03-24,2025-03-25,1-2%,-1.407,384.13,389.61,tp_gap_filled,13.6224,5232.77,1.427,74.65,1
ADI,2025-03-21,2025-03-24,2025-03-25,1-2%,-1.379,203.06,205.9,tp_gap_filled,25.8043,5239.81,1.399,73.28,1
ALB,2025-03-21,2025-03-24,2025-03-25,1-2%,-1.649,75.76,77.03,tp_gap_filled,69.3171,5251.47,1.676,88.03,1
ALLE,2025-03-21,2025-03-24,2025-03-25,1-2%,-1.151,126.25,127.72,tp_gap_filled,41.6449,5257.67,1.164,61.22,1
AMAT,2025-03-20,2025-03-24,2025-03-25,1-2%,-1.444,152.23,154.46,tp_gap_filled,34.597,5266.71,1.465,77.15,1
AVY,2025-03-21,2025-03-24,2025-03-25,1-2%,-1.022,175.24,177.05,tp_gap_filled,30.0934,5273.58,1.033,54.47,1
DG,2025-03-24,2025-03-25,2025-03-26,1-2%,-1.41,82.48,83.66,tp_gap_filled,63.4015,5229.36,1.431,74.81,1
FOX,2025-03-10,2025-03-25,2025-03-26,1-2%,-1.143,51.01,51.6,tp_gap_filled,102.4543,5226.19,1.157,60.45,1
FOXA,2025-03-10,2025-03-25,2025-03-26,1-2%,-1.275,54.96,55.67,tp_gap_filled,95.0769,5225.42,1.292,67.5,1
DOW,2025-02-28,2025-03-03,2025-03-27,1-2%,-1.639,37.8,34.776,stop,138.6688,5241.68,-8.0,-419.33,18
DPZ,2025-03-10,2025-03-20,2025-03-27,1-2%,-1.515,464.9,472.05,tp_gap_filled,11.1603,5188.41,1.538,79.8,5
BALL,2025-03-21,2025-03-24,2025-03-27,1-2%,-1.067,51.02,51.57,tp_gap_filled,103.4151,5276.24,1.078,56.88,3
BF-B,2025-03-24,2025-03-25,2025-03-27,1-2%,-1.385,34.17,34.65,tp_gap_filled,153.1618,5233.54,1.405,73.52,2
LULU,2025-03-10,2025-03-25,2025-03-27,1-2%,-1.972,337.57,344.36,tp_gap_filled,15.4759,5224.19,2.011,105.08,2
AEP,2025-03-25,2025-03-26,2025-03-27,1-2%,-1.133,103.0,104.18,tp_gap_filled,50.8543,5237.99,1.146,60.01,1
COHR,2025-03-25,2025-03-26,2025-03-27,1-2%,-1.108,75.86,69.7912,stop,69.0942,5241.48,-8.0,-419.32,1
ALGN,2025-03-06,2025-03-07,2025-03-28,1-2%,-1.544,171.5,157.78,stop,30.2884,5194.46,-8.0,-415.56,15
GIS,2025-03-19,2025-03-20,2025-03-28,1-2%,-1.787,59.36,60.44,tp_gap_filled,87.4166,5189.05,1.819,94.41,6
AEE,2025-03-21,2025-03-24,2025-03-28,1-2%,-1.04,98.93,99.97,tp_gap_filled,53.0859,5251.78,1.051,55.21,4
APTV,2025-03-10,2025-03-26,2025-03-28,1-2%,-1.99,65.5,60.26,stop,80.0043,5240.28,-8.0,-419.22,2
MDLZ,2025-03-12,2025-03-27,2025-03-28,1-2%,-1.665,66.72,67.85,tp_gap_filled,77.9457,5200.54,1.694,88.08,1
AME,2025-03-04,2025-03-05,2025-03-31,1-2%,-1.308,184.11,169.3812,stop,28.0151,5157.85,-8.0,-412.63,18
BMY,2025-03-12,2025-03-13,2025-03-31,1-2%,-1.284,60.72,61.51,tp_gap_filled,82.1259,4986.69,1.301,64.88,12
AMZN,2025-03-06,2025-03-25,2025-03-31,1-2%,-1.901,204.4,188.048,stop,25.5962,5231.86,-8.0,-418.55,4
AMT,2025-03-24,2025-03-27,2025-03-31,1-2%,-1.073,213.91,216.23,tp_gap_filled,24.3111,5200.38,1.085,56.4,2
CNC,2025-03-27,2025-03-28,2025-03-31,1-2%,-1.255,59.78,60.54,tp_gap_filled,86.0159,5142.03,1.271,65.37,1
CTAS,2025-03-27,2025-03-28,2025-03-31,1-2%,-1.036,202.59,204.71,tp_gap_filled,25.387,5143.15,1.046,53.82,1
CVNA,2025-03-27,2025-03-28,2025-03-31,1-2%,-1.294,40.444,40.974,tp_gap_filled,127.187,5143.95,1.31,67.41,1
NRG,2025-03-27,2025-03-28,2025-04-01,1-2%,-1.571,95.84,97.37,tp_gap_filled,53.4621,5123.81,1.596,81.8,2
IBKR,2025-03-28,2025-03-31,2025-04-01,1-2%,-1.533,41.6025,42.25,tp_gap_filled,123.575,5141.03,1.556,80.01,1
LDOS,2025-03-28,2025-03-31,2025-04-01,1-2%,-1.091,134.2,135.68,tp_gap_filled,38.2993,5139.76,1.103,56.68,1
MCD,2025-03-28,2025-03-31,2025-04-01,1-2%,-1.18,309.0,312.69,tp_gap_filled,16.6381,5141.18,1.194,61.39,1
MDT,2025-03-28,2025-03-31,2025-04-01,1-2%,-1.27,87.85,88.98,tp_gap_filled,58.5541,5143.98,1.286,66.17,1
TJX,2025-03-06,2025-03-31,2025-04-02,1-2%,-1.203,121.56,123.04,tp_gap_filled,42.3648,5149.87,1.218,62.7,2
ADBE,2025-03-31,2025-04-01,2025-04-02,1-2%,-1.48,380.0,385.71,tp_gap_filled,13.587,5163.05,1.503,77.58,1
AES,2025-03-31,2025-04-01,2025-04-02,1-2%,-1.773,12.19,12.41,tp_gap_filled,423.7264,5165.22,1.805,93.22,1
AMAT,2025-03-31,2025-04-01,2025-04-02,1-2%,-1.579,142.77,145.06,tp_gap_filled,36.2054,5169.04,1.604,82.91,1
APA,2025-03-31,2025-04-01,2025-04-02,1-2%,-1.099,20.69,20.92,tp_gap_filled,250.0855,5174.27,1.112,57.52,1
APO,2025-03-31,2025-04-01,2025-04-02,1-2%,-1.562,134.82,136.96,tp_gap_filled,38.4199,5179.77,1.587,82.22,1
APTV,2025-03-31,2025-04-01,2025-04-02,1-2%,-1.436,59.72,60.59,tp_gap_filled,86.8485,5186.59,1.457,75.56,1
CAT,2025-03-10,2025-03-11,2025-04-03,1-2%,-1.513,345.0,317.4,stop,14.8197,5112.81,-8.0,-409.02,17
FFIV,2025-03-06,2025-03-25,2025-04-03,1-2%,-1.404,278.76,256.4592,stop,18.7605,5229.67,-8.0,-418.37,7
FTV,2025-03-07,2025-03-25,2025-04-03,1-2%,-1.127,57.5207,52.9191,stop,90.8442,5225.42,-8.0,-418.03,7
ALB,2025-03-27,2025-03-28,2025-04-03,1-2%,-1.506,74.58,68.6136,stop,69.1173,5154.77,-8.0,-412.38,4
CDW,2025-03-27,2025-03-28,2025-04-03,1-2%,-1.769,164.37,151.2204,stop,31.3105,5146.51,-8.0,-411.72,4
DELL,2025-03-27,2025-03-28,2025-04-03,1-2%,-1.288,95.02,87.4184,stop,54.1648,5146.73,-8.0,-411.74,4
DOW,2025-03-27,2025-03-28,2025-04-03,1-2%,-1.63,35.0,32.2,stop,146.8383,5139.34,-8.0,-411.15,4
MPWR,2025-03-27,2025-03-28,2025-04-03,1-2%,-1.202,593.25,545.79,stop,8.6466,5129.58,-8.0,-410.37,4
CCI,2025-03-24,2025-03-31,2025-04-03,1-2%,-1.184,105.13,106.39,tp_gap_filled,48.9226,5143.23,1.199,61.64,3
ARES,2025-03-27,2025-04-02,2025-04-03,1-2%,-1.618,150.8,138.736,stop,34.6676,5227.88,-8.0,-418.23,1
COHR,2025-03-28,2025-04-02,2025-04-03,1-2%,-1.502,66.88,61.5296,stop,78.264,5234.29,-8.0,-418.74,1
GS,2025-03-27,2025-04-02,2025-04-03,1-2%,-1.554,565.0,519.8,stop,9.2827,5244.74,-8.0,-419.58,1
ERIE,2025-03-10,2025-03-11,2025-04-04,1-2%,-1.914,438.19,403.1348,stop,11.6352,5098.42,-8.0,-407.87,18
BSX,2025-03-06,2025-03-25,2025-04-04,1-2%,-1.337,103.31,95.0452,stop,50.6237,5229.94,-8.0,-418.4,8
EG,2025-01-28,2025-03-28,2025-04-04,1-2%,-1.0,369.27,339.7284,stop,13.9048,5134.64,-8.0,-410.77,5
ALGN,2025-03-28,2025-04-02,2025-04-04,1-2%,-1.242,162.25,149.27,stop,32.1343,5213.79,-8.0,-417.1,2
AMZN,2025-04-01,2025-04-02,2025-04-04,1-2%,-1.261,187.86,172.8312,stop,27.7684,5216.56,-8.0,-417.33,2
FTNT,2025-04-01,2025-04-02,2025-04-04,1-2%,-1.08,95.22,87.6024,stop,54.9977,5236.88,-8.0,-418.95,2
BXP,2025-04-02,2025-04-03,2025-04-04,1-2%,-1.016,66.28,60.9776,stop,74.8771,4962.85,-8.0,-397.03,1
CARR,2025-04-02,2025-04-03,2025-04-04,1-2%,-1.243,62.75,57.73,stop,78.8697,4949.07,-8.0,-395.93,1
CASY,2025-04-02,2025-04-03,2025-04-04,1-2%,-1.359,434.64,440.63,tp_gap_filled,11.3682,4941.07,1.378,68.1,1
CL,2025-03-11,2025-04-03,2025-04-04,1-2%,-1.313,96.22,97.5,tp_gap_filled,51.4376,4949.33,1.33,65.84,1
CMCSA,2025-04-02,2025-04-03,2025-04-04,1-2%,-1.117,34.03,31.3076,stop,145.4236,4948.76,-8.0,-395.9,1
COF,2025-04-02,2025-04-03,2025-04-04,1-2%,-1.807,175.0,161.0,stop,28.2557,4944.74,-8.0,-395.58,1
AMGN,2025-03-21,2025-03-24,2025-04-07,1-2%,-1.022,311.82,286.8744,stop,16.9053,5271.41,-8.0,-421.71,10
GWW,2025-03-11,2025-04-02,2025-04-07,1-2%,-1.066,1005.01,924.6092,stop,5.2177,5243.86,-8.0,-419.51,3
ADSK,2025-04-02,2025-04-03,2025-04-07,1-2%,-1.697,260.12,239.3104,stop,19.1138,4971.88,-8.0,-397.75,2
ALLE,2025-04-02,2025-04-03,2025-04-07,1-2%,-1.046,129.63,119.2596,stop,38.3325,4969.04,-8.0,-397.52,2
AMCR,2025-04-02,2025-04-03,2025-04-07,1-2%,-1.835,48.15,44.298,stop,103.1028,4964.4,-8.0,-397.15,2
CPRT,2025-04-02,2025-04-03,2025-04-07,1-2%,-1.084,56.59,52.0628,stop,87.1047,4929.26,-8.0,-394.34,2
ALL,2025-04-03,2025-04-04,2025-04-07,1-2%,-1.441,202.47,186.2724,stop,23.5108,4760.24,-8.0,-380.82,1
AZO,2025-04-03,2025-04-04,2025-04-07,1-2%,-1.007,3770.8999,3469.2279,stop,1.2574,4741.55,-8.0,-379.32,1
ECL,2025-04-03,2025-04-04,2025-04-07,1-2%,-1.289,250.39,230.3588,stop,18.9071,4734.15,-8.0,-378.73,1
GPC,2025-04-03,2025-04-04,2025-04-07,1-2%,-1.208,118.62,109.1304,stop,39.8097,4722.22,-8.0,-377.78,1
PGR,2025-04-03,2025-04-04,2025-04-07,1-2%,-1.038,278.31,256.0452,stop,16.9258,4710.61,-8.0,-376.85,1
WRB,2025-04-03,2025-04-04,2025-04-07,1-2%,-1.276,68.86,63.3512,stop,68.1314,4691.53,-8.0,-375.32,1
HUM,2025-04-03,2025-04-04,2025-04-08,1-2%,-1.17,262.69,265.8,tp_gap_filled,17.9627,4718.62,1.184,55.86,2
PHM,2025-04-02,2025-04-04,2025-04-08,1-2%,-1.077,101.93,93.7756,stop,46.0425,4693.12,-8.0,-375.45,2
FSLR,2025-04-04,2025-04-07,2025-04-08,1-2%,-1.285,134.48,123.7216,stop,34.0074,4573.31,-8.0,-365.86,1
LEN,2025-04-04,2025-04-07,2025-04-08,1-2%,-1.338,106.95,108.4,tp_gap_filled,42.5945,4555.48,1.356,61.76,1
MTD,2025-04-04,2025-04-07,2025-04-08,1-2%,-1.811,1075.41,989.3772,stop,4.2363,4555.75,-8.0,-364.46,1
ODFL,2025-04-04,2025-04-07,2025-04-08,1-2%,-1.657,153.17,155.75,tp_gap_filled,29.6833,4546.59,1.684,76.58,1
RVTY,2025-04-04,2025-04-07,2025-04-08,1-2%,-1.886,98.85,90.942,stop,45.8183,4529.14,-8.0,-362.33,1
WAT,2025-04-04,2025-04-07,2025-04-08,1-2%,-1.909,338.53,311.4476,stop,13.3418,4516.61,-8.0,-361.33,1
CSGP,2025-04-02,2025-04-03,2025-04-09,1-2%,-1.351,78.11,71.8612,stop,63.1094,4929.48,-8.0,-394.36,4
CSX,2025-04-04,2025-04-07,2025-04-09,1-2%,-1.501,27.57,27.99,tp_gap_filled,166.5183,4590.91,1.523,69.94,2
DVA,2025-04-04,2025-04-07,2025-04-09,1-2%,-1.659,151.18,153.73,tp_gap_filled,30.3407,4586.91,1.687,77.37,2
HD,2025-04-04,2025-04-07,2025-04-09,1-2%,-1.461,350.71,355.91,tp_gap_filled,13.0187,4565.78,1.483,67.7,2
PCAR,2025-04-04,2025-04-07,2025-04-09,1-2%,-1.895,90.61,92.36,tp_gap_filled,50.1487,4543.98,1.931,87.76,2
PSKY,2025-04-04,2025-04-07,2025-04-09,1-2%,-1.655,11.29,11.48,tp_gap_filled,401.9296,4537.78,1.683,76.37,2
UPS,2025-04-04,2025-04-07,2025-04-09,1-2%,-1.788,98.33,100.12,tp_gap_filled,45.998,4522.98,1.82,82.34,2
ABT,2025-04-07,2025-04-08,2025-04-09,1-2%,-1.728,122.29,124.44,tp_gap_filled,36.2467,4432.61,1.758,77.93,1
ADM,2025-04-07,2025-04-08,2025-04-09,1-2%,-1.293,42.76,43.32,tp_gap_filled,103.7328,4435.61,1.31,58.09,1
AEE,2025-04-07,2025-04-08,2025-04-09,1-2%,-1.587,94.27,95.79,tp_gap_filled,46.9989,4430.58,1.612,71.44,1
ALL,2025-04-07,2025-04-08,2025-04-09,1-2%,-1.806,183.2,186.57,tp_gap_filled,24.1839,4430.49,1.84,81.5,1
ALLE,2025-04-07,2025-04-08,2025-04-09,1-2%,-1.755,121.47,123.64,tp_gap_filled,36.4766,4430.82,1.786,79.15,1
BDX,2025-04-07,2025-04-08,2025-04-09,1-2%,-1.235,160.9906,163.0031,tp_gap_filled,27.4888,4425.44,1.25,55.32,1
BG,2025-04-07,2025-04-08,2025-04-09,1-2%,-1.366,72.2,73.2,tp_gap_filled,61.235,4421.17,1.385,61.24,1
CARR,2025-04-07,2025-04-08,2025-04-09,1-2%,-1.434,56.36,57.18,tp_gap_filled,78.299,4412.93,1.455,64.21,1
CDW,2025-04-04,2025-04-08,2025-04-09,1-2%,-1.234,149.7,151.57,tp_gap_filled,29.4278,4405.34,1.249,55.03,1
CHTR,2025-04-07,2025-04-08,2025-04-09,1-2%,-1.602,332.87,338.29,tp_gap_filled,13.2182,4399.94,1.628,71.64,1
ADI,2025-04-02,2025-04-09,2025-04-10,1-2%,-1.717,195.76,180.0992,stop,23.3543,4571.83,-8.0,-365.75,1
CSCO,2025-04-04,2025-04-09,2025-04-10,1-2%,-1.134,56.66,57.31,tp_gap_filled,80.621,4567.99,1.147,52.4,1
GD,2025-04-04,2025-04-09,2025-04-10,1-2%,-1.728,264.96,269.62,tp_gap_filled,17.273,4576.64,1.759,80.49,1
LHX,2025-04-04,2025-04-09,2025-04-10,1-2%,-1.057,207.72,209.94,tp_gap_filled,22.0779,4586.02,1.069,49.01,1
LRCX,2025-04-02,2025-04-09,2025-04-10,1-2%,-1.524,71.72,65.9824,stop,64.0454,4593.33,-8.0,-367.47,1
MSFT,2025-04-02,2025-04-09,2025-04-10,1-2%,-1.104,377.97,382.19,tp_gap_filled,12.1475,4591.38,1.116,51.26,1
PH,2025-04-02,2025-04-09,2025-04-10,1-2%,-1.814,598.8,550.896,stop,7.6803,4598.99,-8.0,-367.92,1
EXPD,2025-04-04,2025-04-07,2025-04-11,1-2%,-1.654,108.83,110.66,tp_gap_filled,42.0838,4579.98,1.682,77.01,4
CBOE,2025-04-07,2025-04-08,2025-04-11,1-2%,-1.255,212.39,215.09,tp_gap_filled,20.7626,4409.76,1.271,56.06,3
AMAT,2025-04-02,2025-04-09,2025-04-11,1-2%,-1.119,144.03,145.66,tp_gap_filled,31.7493,4572.85,1.132,51.75,2
ABT,2025-04-09,2025-04-10,2025-04-11,1-2%,-1.872,121.63,123.95,tp_gap_filled,36.5848,4449.81,1.907,84.88,1
ADM,2025-04-09,2025-04-10,2025-04-11,1-2%,-1.149,41.31,41.79,tp_gap_filled,107.8446,4455.06,1.162,51.77,1
AES,2025-04-09,2025-04-10,2025-04-11,1-2%,-1.369,10.09,10.23,tp_gap_filled,443.2264,4472.15,1.388,62.05,1
ALGN,2025-04-09,2025-04-10,2025-04-11,1-2%,-1.261,142.5,144.32,tp_gap_filled,31.4162,4476.81,1.277,57.18,1
ALL,2025-04-09,2025-04-10,2025-04-11,1-2%,-1.891,180.0,183.47,tp_gap_filled,25.0251,4504.52,1.928,86.84,1
AMCR,2025-04-09,2025-04-10,2025-04-11,1-2%,-1.284,42.3,42.85,tp_gap_filled,106.809,4518.02,1.3,58.74,1
AWK,2025-04-07,2025-04-09,2025-04-14,1-2%,-1.474,145.06,147.23,tp_gap_filled,31.5862,4581.89,1.496,68.54,3
BKNG,2025-04-02,2025-04-09,2025-04-14,1-2%,-1.309,184.9772,187.43,tp_gap_filled,24.7183,4572.32,1.326,60.63,3
IBKR,2025-04-02,2025-04-09,2025-04-14,1-2%,-1.554,42.5975,43.27,tp_gap_filled,107.5722,4582.31,1.579,72.34,3
INTU,2025-04-04,2025-04-09,2025-04-14,1-2%,-1.743,588.1,598.53,tp_gap_filled,7.7925,4582.75,1.774,81.28,3
PLTR,2025-03-27,2025-04-09,2025-04-14,1-2%,-1.371,91.015,92.28,tp_gap_filled,50.5186,4597.95,1.39,63.91,3
ALLE,2025-04-10,2025-04-11,2025-04-14,1-2%,-1.131,123.24,124.65,tp_gap_filled,36.7314,4526.78,1.144,51.79,1
CPRT,2025-04-10,2025-04-11,2025-04-14,1-2%,-1.162,57.84,58.52,tp_gap_filled,78.3245,4530.29,1.176,53.26,1
CTVA,2025-04-10,2025-04-11,2025-04-14,1-2%,-1.417,57.73,58.56,tp_gap_filled,78.6094,4538.12,1.438,65.25,1
GPC,2025-04-10,2025-04-11,2025-04-14,1-2%,-1.211,112.6,113.98,tp_gap_filled,40.3571,4544.21,1.226,55.69,1
HII,2025-04-10,2025-04-11,2025-04-14,1-2%,-1.609,196.86,200.08,tp_gap_filled,23.1106,4549.56,1.636,74.42,1
JPM,2025-04-10,2025-04-11,2025-04-14,1-2%,-1.852,230.0,234.34,tp_gap_filled,19.8755,4571.38,1.887,86.26,1
KMI,2025-04-10,2025-04-11,2025-04-14,1-2%,-1.333,25.9,26.25,tp_gap_filled,176.7389,4577.54,1.351,61.86,1
LDOS,2025-04-10,2025-04-11,2025-04-14,1-2%,-1.152,138.12,139.73,tp_gap_filled,33.1782,4582.57,1.166,53.42,1
LII,2025-04-10,2025-04-11,2025-04-14,1-2%,-1.88,550.62,561.17,tp_gap_filled,8.3339,4588.81,1.916,87.92,1
ABBV,2025-04-10,2025-04-14,2025-04-15,1-2%,-1.162,177.75,179.84,tp_gap_filled,25.8186,4589.25,1.176,53.96,1
AMGN,2025-04-10,2025-04-14,2025-04-15,1-2%,-1.068,287.98,291.09,tp_gap_filled,15.9421,4591.0,1.08,49.58,1
AMT,2025-04-07,2025-04-14,2025-04-15,1-2%,-1.281,217.35,220.17,tp_gap_filled,21.1444,4595.73,1.297,59.63,1
APO,2025-04-11,2025-04-14,2025-04-15,1-2%,-1.13,122.53,123.93,tp_gap_filled,37.5108,4596.2,1.143,52.52,1
ARES,2025-04-11,2025-04-14,2025-04-15,1-2%,-1.606,133.59,135.77,tp_gap_filled,34.4472,4601.8,1.632,75.1,1
CDW,2025-04-11,2025-04-14,2025-04-15,1-2%,-1.016,145.21,146.7,tp_gap_filled,31.7478,4610.1,1.026,47.3,1
CI,2025-04-11,2025-04-14,2025-04-15,1-2%,-1.082,323.73,327.27,tp_gap_filled,14.2726,4620.47,1.093,50.52,1
CVNA,2025-04-11,2025-04-14,2025-04-15,1-2%,-1.797,40.0,40.732,tp_gap_filled,115.6175,4624.7,1.83,84.63,1
DOW,2025-04-11,2025-04-14,2025-04-15,1-2%,-1.026,27.01,27.29,tp_gap_filled,171.4242,4630.17,1.037,48.0,1
ESS,2025-04-11,2025-04-14,2025-04-15,1-2%,-1.099,259.96,262.85,tp_gap_filled,17.8727,4646.2,1.112,51.65,1
CMCSA,2025-04-14,2025-04-15,2025-04-16,1-2%,-1.008,31.284,31.6026,tp_gap_filled,147.1628,4603.84,1.019,46.89,1
HRL,2025-04-14,2025-04-15,2025-04-16,1-2%,-1.353,29.9,30.31,tp_gap_filled,153.9326,4602.58,1.371,63.11,1
DD,2025-04-15,2025-04-16,2025-04-17,1-2%,-1.0,75.7657,76.5314,tp_gap_filled,60.3217,4570.31,1.011,46.19,1
VMRK,2025-04-04,2025-04-16,2025-04-17,1-2%,-1.342,67.63,68.55,tp_gap_filled,67.4898,4564.34,1.36,62.09,1
CRM,2025-04-02,2025-04-09,2025-04-21,1-2%,-1.569,265.96,244.6832,stop,17.178,4568.66,-8.0,-365.49,7
GE,2025-04-15,2025-04-16,2025-04-22,1-2%,-1.14,183.88,186.0,tp_gap_filled,24.832,4566.11,1.153,52.64,3
ALB,2025-04-16,2025-04-17,2025-04-22,1-2%,-1.777,53.05,54.01,tp_gap_filled,86.4267,4584.94,1.81,82.97,2
ARES,2025-04-16,2025-04-17,2025-04-22,1-2%,-1.394,139.35,141.32,tp_gap_filled,32.9108,4586.12,1.414,64.83,2
CDW,2025-04-16,2025-04-17,2025-04-22,1-2%,-1.286,148.89,150.83,tp_gap_filled,30.8338,4590.85,1.303,59.82,2
HSIC,2025-04-04,2025-04-07,2025-04-23,1-2%,-1.562,65.55,66.59,tp_gap_filled,69.562,4559.79,1.587,72.34,11
PPG,2025-04-04,2025-04-09,2025-04-23,1-2%,-1.539,102.39,103.99,tp_gap_filled,44.9308,4600.46,1.563,71.89,9
BR,2025-04-04,2025-04-14,2025-04-23,1-2%,-1.847,235.48,239.91,tp_gap_filled,19.5773,4610.05,1.881,86.73,6
BSX,2025-04-10,2025-04-14,2025-04-23,1-2%,-1.591,95.23,96.77,tp_gap_filled,48.4292,4611.91,1.617,74.58,6
FTV,2025-04-10,2025-04-15,2025-04-23,1-2%,-1.8,50.1432,51.0625,tp_gap_filled,91.9541,4610.87,1.833,84.54,5
HPE,2025-04-02,2025-04-15,2025-04-23,1-2%,-1.598,15.39,15.64,tp_gap_filled,299.4329,4608.27,1.624,74.86,5
ADSK,2025-04-16,2025-04-17,2025-04-23,1-2%,-1.338,261.79,265.34,tp_gap_filled,17.5216,4586.97,1.356,62.2,3
APO,2025-04-16,2025-04-17,2025-04-23,1-2%,-1.596,125.8,127.84,tp_gap_filled,36.4414,4584.33,1.622,74.34,3
CARR,2025-04-16,2025-04-17,2025-04-23,1-2%,-1.637,59.48,60.47,tp_gap_filled,77.1558,4589.23,1.664,76.38,3
AMGN,2025-04-17,2025-04-21,2025-04-23,1-2%,-1.981,277.04,282.64,tp_gap_filled,16.2334,4497.31,2.021,90.91,2
AES,2025-04-21,2025-04-22,2025-04-23,1-2%,-1.179,10.06,10.18,tp_gap_filled,456.8598,4596.01,1.193,54.82,1
ALGN,2025-04-21,2025-04-22,2025-04-23,1-2%,-1.429,168.96,171.41,tp_gap_filled,27.1909,4594.18,1.45,66.62,1
ALL,2025-04-21,2025-04-22,2025-04-23,1-2%,-1.336,192.06,194.66,tp_gap_filled,23.9553,4600.86,1.354,62.28,1
ALLE,2025-04-21,2025-04-22,2025-04-23,1-2%,-1.345,124.65,126.35,tp_gap_filled,36.9279,4603.06,1.364,62.78,1
APH,2025-02-11,2025-04-23,2025-04-24,1-2%,-1.295,35.435,35.9,tp_gap_filled,131.6821,4666.16,1.312,61.23,1
BA,2025-04-02,2025-04-23,2025-04-24,1-2%,-1.053,166.4,168.17,tp_gap_filled,28.0473,4667.08,1.064,49.64,1
CHTR,2025-04-21,2025-04-23,2025-04-24,1-2%,-1.086,335.28,338.96,tp_gap_filled,13.9449,4675.45,1.098,51.32,1
EFX,2025-03-10,2025-04-23,2025-04-24,1-2%,-1.146,251.77,254.69,tp_gap_filled,18.4916,4655.64,1.16,54.0,1
ETN,2025-04-16,2025-04-23,2025-04-24,1-2%,-1.689,272.44,277.12,tp_gap_filled,17.0548,4646.42,1.718,79.82,1
EXPD,2025-04-16,2025-04-23,2025-04-24,1-2%,-1.145,108.77,110.03,tp_gap_filled,42.7431,4649.17,1.158,53.86,1
HII,2025-04-22,2025-04-23,2025-04-24,1-2%,-1.207,215.23,217.86,tp_gap_filled,21.5842,4645.58,1.222,56.77,1
JBL,2025-03-27,2025-04-23,2025-04-24,1-2%,-1.411,141.83,143.86,tp_gap_filled,32.7751,4648.49,1.431,66.53,1
CAH,2025-04-04,2025-04-14,2025-04-25,1-2%,-1.904,134.48,137.09,tp_gap_filled,34.2771,4609.59,1.941,89.46,8
DOC,2025-04-04,2025-04-23,2025-04-25,1-2%,-1.028,19.26,17.7192,stop,242.2741,4666.2,-8.0,-373.3,2
JCI,2025-04-02,2025-04-23,2025-04-25,1-2%,-1.708,80.01,81.4,tp_gap_filled,58.0305,4643.02,1.737,80.66,2
FLEX,2025-03-27,2025-04-24,2025-04-25,1-2%,-1.046,35.0,35.37,tp_gap_filled,133.7063,4679.72,1.057,49.47,1
MSFT,2025-04-16,2025-04-24,2025-04-25,1-2%,-1.312,380.67,385.73,tp_gap_filled,12.2806,4674.86,1.329,62.14,1
TMUS,2025-04-23,2025-04-24,2025-04-25,1-2%,-1.665,254.0,233.68,stop,18.421,4678.93,-8.0,-374.31,1
CTSH,2025-04-04,2025-04-09,2025-04-28,1-2%,-1.692,72.03,73.27,tp_gap_filled,63.5001,4573.91,1.722,78.74,12
CSCO,2025-04-16,2025-04-23,2025-04-28,1-2%,-1.101,56.57,57.2,tp_gap_filled,82.6764,4677.0,1.114,52.09,3
EQT,2025-04-21,2025-04-23,2025-04-28,1-2%,-1.432,50.25,50.98,tp_gap_filled,92.6043,4653.37,1.453,67.6,3
GD,2025-04-23,2025-04-24,2025-04-28,1-2%,-1.154,271.63,274.8,tp_gap_filled,17.2199,4677.45,1.167,54.59,2
WYNN,2025-04-02,2025-04-24,2025-04-28,1-2%,-1.487,81.5,82.73,tp_gap_filled,57.5026,4686.46,1.509,70.73,2
CF,2025-04-04,2025-04-25,2025-04-28,1-2%,-1.753,78.46,79.86,tp_gap_filled,59.2234,4646.67,1.784,82.91,1
DOW,2025-04-24,2025-04-25,2025-04-28,1-2%,-1.655,28.52,29.0,tp_gap_filled,162.7875,4642.7,1.683,78.14,1
MRK,2025-04-10,2025-04-25,2025-04-28,1-2%,-1.587,80.61,81.91,tp_gap_filled,57.746,4654.91,1.613,75.07,1
NDAQ,2025-04-24,2025-04-25,2025-04-28,1-2%,-1.905,72.1,73.5,tp_gap_filled,64.6471,4661.06,1.942,90.51,1
ROL,2025-04-24,2025-04-25,2025-04-28,1-2%,-1.802,53.94,54.93,tp_gap_filled,86.5694,4669.55,1.835,85.7,1
ORLY,2025-04-24,2025-04-25,2025-04-29,1-2%,-1.566,90.592,92.0333,tp_gap_filled,51.5674,4671.6,1.591,74.33,2
ALB,2025-04-25,2025-04-28,2025-04-29,1-2%,-1.341,57.39,58.17,tp_gap_filled,81.5823,4682.01,1.359,63.63,1
AMAT,2025-04-25,2025-04-28,2025-04-29,1-2%,-1.312,148.2,150.17,tp_gap_filled,31.6208,4686.2,1.329,62.29,1
APH,2025-04-25,2025-04-28,2025-04-29,1-2%,-1.157,37.575,38.015,tp_gap_filled,124.8249,4690.29,1.171,54.92,1
COP,2025-04-25,2025-04-28,2025-04-29,1-2%,-1.253,90.65,91.8,tp_gap_filled,51.7658,4692.57,1.269,59.53,1
DD,2025-04-25,2025-04-28,2025-04-29,1-2%,-1.136,81.9665,82.908,tp_gap_filled,57.3219,4698.47,1.149,53.96,1
EOG,2025-04-25,2025-04-28,2025-04-29,1-2%,-1.031,112.29,113.46,tp_gap_filled,41.8542,4699.81,1.042,48.97,1
EXE,2025-04-25,2025-04-28,2025-04-29,1-2%,-1.188,103.16,104.4,tp_gap_filled,45.5959,4703.68,1.202,56.54,1
FSLR,2025-04-25,2025-04-28,2025-04-29,1-2%,-1.048,135.01,136.44,tp_gap_filled,34.9062,4712.68,1.059,49.92,1
ADI,2025-04-25,2025-04-28,2025-04-30,1-2%,-1.168,192.95,195.23,tp_gap_filled,24.2606,4681.08,1.182,55.31,2
BALL,2025-04-02,2025-04-29,2025-04-30,1-2%,-1.031,51.86,52.4,tp_gap_filled,90.8251,4710.19,1.041,49.05,1
CLX,2025-04-23,2025-04-29,2025-04-30,1-2%,-1.267,140.23,142.03,tp_gap_filled,33.6104,4713.18,1.284,60.5,1
PANW,2025-03-27,2025-04-29,2025-04-30,1-2%,-1.222,182.7,184.96,tp_gap_filled,25.8063,4714.81,1.237,58.32,1
PFE,2025-04-04,2025-04-29,2025-04-30,1-2%,-1.441,23.94,24.29,tp_gap_filled,197.1559,4719.91,1.462,69.0,1
CHD,2025-04-24,2025-04-25,2025-05-01,1-2%,-1.057,101.05,92.966,stop,45.9842,4646.7,-8.0,-371.74,4
ALGN,2025-04-25,2025-04-28,2025-05-01,1-2%,-1.498,181.51,184.27,tp_gap_filled,25.8208,4686.74,1.521,71.27,3
VEEV,2025-03-31,2025-04-29,2025-05-01,1-2%,-1.076,231.69,234.21,tp_gap_filled,20.3653,4718.43,1.088,51.32,2
AMAT,2025-04-29,2025-04-30,2025-05-01,1-2%,-1.187,149.0,150.79,tp_gap_filled,31.7786,4735.01,1.201,56.88,1
AMZN,2025-04-29,2025-04-30,2025-05-01,1-2%,-1.977,183.99,187.7,tp_gap_filled,25.7499,4737.73,2.016,95.53,1
FFIV,2025-04-29,2025-04-30,2025-05-01,1-2%,-1.901,260.03,265.07,tp_gap_filled,18.222,4738.28,1.938,91.84,1
NUE,2025-04-29,2025-04-30,2025-05-01,1-2%,-1.252,115.11,116.57,tp_gap_filled,41.2516,4748.47,1.268,60.23,1
ODFL,2025-04-24,2025-04-30,2025-05-01,1-2%,-1.025,151.66,153.23,tp_gap_filled,31.3679,4757.25,1.035,49.25,1
BRK-B,2025-04-03,2025-04-14,2025-05-02,1-2%,-1.878,527.62,537.72,tp_gap_filled,8.7394,4611.08,1.914,88.27,13
CSX,2025-04-10,2025-04-14,2025-05-02,1-2%,-1.5,28.23,28.66,tp_gap_filled,163.8105,4624.37,1.523,70.44,13
CDNS,2025-02-11,2025-04-29,2025-05-02,1-2%,-1.361,301.47,305.63,tp_gap_filled,15.6321,4712.6,1.38,65.03,3
HIG,2025-04-03,2025-04-30,2025-05-02,1-2%,-1.458,123.04,124.86,tp_gap_filled,38.5449,4742.57,1.479,70.15,2
KLAC,2025-04-29,2025-04-30,2025-05-02,1-2%,-1.454,68.363,69.372,tp_gap_filled,69.3629,4741.86,1.476,69.99,2
ADBE,2025-04-02,2025-05-01,2025-05-02,1-2%,-1.284,378.28,383.2,tp_gap_filled,12.5267,4738.6,1.301,61.63,1
ADP,2025-04-30,2025-05-01,2025-05-02,1-2%,-1.701,290.74,295.77,tp_gap_filled,16.2905,4736.31,1.73,81.94,1
BA,2025-04-30,2025-05-01,2025-05-02,1-2%,-1.94,178.47,182.0,tp_gap_filled,26.5747,4742.78,1.978,93.81,1
CDW,2025-04-30,2025-05-01,2025-05-02,1-2%,-1.038,158.3,159.96,tp_gap_filled,29.9978,4748.66,1.049,49.8,1
COF,2025-04-30,2025-05-01,2025-05-02,1-2%,-1.573,180.2,183.08,tp_gap_filled,26.3863,4754.81,1.598,75.99,1
COP,2025-04-30,2025-05-01,2025-05-02,1-2%,-1.252,90.73,91.88,tp_gap_filled,52.4064,4754.83,1.267,60.27,1
CPAY,2025-04-30,2025-05-01,2025-05-02,1-2%,-1.764,318.53,324.25,tp_gap_filled,14.9268,4754.62,1.796,85.38,1
CRM,2025-04-30,2025-05-01,2025-05-02,1-2%,-1.105,264.8,267.76,tp_gap_filled,17.9671,4757.7,1.118,53.18,1
KR,2025-04-23,2025-04-24,2025-05-05,1-2%,-1.11,72.17,72.98,tp_gap_filled,64.8125,4677.52,1.122,52.5,7
ABBV,2025-05-01,2025-05-02,2025-05-05,1-2%,-1.138,192.88,195.1,tp_gap_filled,24.9153,4805.67,1.151,55.31,1
AES,2025-05-01,2025-05-02,2025-05-05,1-2%,-1.0,9.9,10.0,tp_gap_filled,486.1247,4812.63,1.01,48.61,1
AJG,2025-04-25,2025-05-02,2025-05-05,1-2%,-1.261,327.34,331.52,tp_gap_filled,14.723,4819.44,1.277,61.54,1
ALL,2025-05-01,2025-05-02,2025-05-05,1-2%,-1.865,194.69,198.39,tp_gap_filled,24.7686,4822.19,1.9,91.64,1
AZO,2025-05-01,2025-05-02,2025-05-05,1-2%,-1.098,3721.28,3762.6001,tp_gap_filled,1.2958,4822.11,1.11,53.54,1
BALL,2025-05-01,2025-05-02,2025-05-05,1-2%,-1.02,51.41,51.94,tp_gap_filled,93.8413,4824.38,1.031,49.74,1
BKNG,2025-05-01,2025-05-02,2025-05-05,1-2%,-1.902,200.0908,203.9712,tp_gap_filled,24.1168,4825.55,1.939,93.58,1
C,2025-04-02,2025-05-02,2025-05-05,1-2%,-1.233,69.67,70.54,tp_gap_filled,69.4018,4835.23,1.249,60.38,1
CMCSA,2025-05-01,2025-05-02,2025-05-05,1-2%,-1.023,31.7245,32.0525,tp_gap_filled,152.4569,4836.61,1.034,50.01,1
COR,2025-05-01,2025-05-02,2025-05-05,1-2%,-1.008,289.72,292.67,tp_gap_filled,16.7091,4840.97,1.018,49.29,1
DUK,2025-04-23,2025-04-24,2025-05-06,1-2%,-1.077,121.21,122.53,tp_gap_filled,38.6165,4680.7,1.089,50.97,8
AWK,2025-04-23,2025-05-02,2025-05-06,1-2%,-1.072,147.66,149.26,tp_gap_filled,32.6629,4823.01,1.084,52.26,2
CBOE,2025-05-02,2025-05-05,2025-05-06,1-2%,-1.026,218.94,221.21,tp_gap_filled,22.0402,4825.48,1.037,50.03,1
ADI,2025-05-05,2025-05-06,2025-05-07,1-2%,-1.224,196.16,198.59,tp_gap_filled,24.4958,4805.09,1.239,59.52,1
AMZN,2025-05-05,2025-05-06,2025-05-07,1-2%,-1.827,186.51,189.98,tp_gap_filled,25.7243,4797.84,1.86,89.26,1
APTV,2025-05-05,2025-05-06,2025-05-07,1-2%,-1.221,58.25,58.97,tp_gap_filled,82.3333,4795.92,1.236,59.28,1
C,2025-05-05,2025-05-06,2025-05-07,1-2%,-1.856,69.28,70.59,tp_gap_filled,69.2215,4795.67,1.891,90.68,1
CDW,2025-05-05,2025-05-06,2025-05-07,1-2%,-1.163,164.89,166.83,tp_gap_filled,29.0949,4797.46,1.177,56.44,1
CMCSA,2025-05-05,2025-05-06,2025-05-07,1-2%,-1.132,31.9306,32.2962,tp_gap_filled,150.2025,4796.06,1.145,54.9,1
COF,2025-05-05,2025-05-06,2025-05-07,1-2%,-1.256,185.47,187.83,tp_gap_filled,25.8749,4799.02,1.272,61.06,1
CVNA,2025-05-05,2025-05-06,2025-05-07,1-2%,-1.019,50.896,51.42,tp_gap_filled,94.3748,4803.3,1.03,49.45,1
AME,2025-04-02,2025-04-29,2025-05-08,1-2%,-1.757,168.87,171.89,tp_gap_filled,27.9013,4711.68,1.788,84.26,7
PYPL,2025-03-27,2025-05-05,2025-05-08,1-2%,-1.301,69.06,69.97,tp_gap_filled,70.0503,4837.67,1.318,63.75,3
ALGN,2025-05-05,2025-05-06,2025-05-08,1-2%,-1.051,177.93,179.82,tp_gap_filled,27.0017,4804.41,1.062,51.03,2
CAT,2025-05-05,2025-05-06,2025-05-08,1-2%,-1.328,319.38,323.68,tp_gap_filled,15.0176,4796.33,1.346,64.58,2
ADBE,2025-05-06,2025-05-07,2025-05-08,1-2%,-1.178,376.57,381.06,tp_gap_filled,12.8175,4826.7,1.192,57.55,1
AMAT,2025-05-06,2025-05-07,2025-05-08,1-2%,-1.688,152.0,154.61,tp_gap_filled,31.79,4832.08,1.717,82.97,1
ARES,2025-05-06,2025-05-07,2025-05-08,1-2%,-1.051,159.07,160.76,tp_gap_filled,30.3986,4835.51,1.062,51.37,1
CARR,2025-05-06,2025-05-07,2025-05-08,1-2%,-1.356,69.85,70.81,tp_gap_filled,69.2925,4840.08,1.374,66.52,1
CDNS,2025-05-06,2025-05-07,2025-05-08,1-2%,-1.923,302.89,308.83,tp_gap_filled,15.9813,4840.57,1.961,94.93,1
CHD,2025-05-06,2025-05-07,2025-05-08,1-2%,-1.175,91.69,92.78,tp_gap_filled,52.8403,4844.92,1.189,57.6,1
COHR,2025-05-05,2025-05-07,2025-05-08,1-2%,-1.577,70.51,71.64,tp_gap_filled,68.7238,4845.72,1.603,77.66,1
AES,2025-05-07,2025-05-08,2025-05-09,1-2%,-1.724,10.26,10.44,tp_gap_filled,474.6526,4869.94,1.754,85.44,1
BLDR,2025-05-06,2025-05-08,2025-05-09,1-2%,-1.868,109.77,111.86,tp_gap_filled,44.4808,4882.66,1.904,92.97,1
COIN,2025-05-05,2025-05-08,2025-05-09,1-2%,-1.562,201.73,204.93,tp_gap_filled,24.2183,4885.55,1.586,77.5,1
DIS,2025-03-10,2025-05-08,2025-05-09,1-2%,-1.024,104.43,105.51,tp_gap_filled,46.8125,4888.63,1.034,50.56,1
FDS,2025-04-03,2025-05-08,2025-05-09,1-2%,-1.986,442.75,451.72,tp_gap_filled,11.0452,4890.25,2.026,99.08,1
GS,2025-05-05,2025-05-08,2025-05-09,1-2%,-1.367,558.36,566.1,tp_gap_filled,8.7617,4892.16,1.386,67.82,1
HPE,2025-05-05,2025-05-08,2025-05-09,1-2%,-1.186,16.66,16.86,tp_gap_filled,293.7406,4893.72,1.2,58.75,1
CHRW,2025-04-04,2025-04-09,2025-05-12,1-2%,-1.583,93.27,94.77,tp_gap_filled,49.0182,4571.92,1.608,73.53,22
AMGN,2025-05-01,2025-05-02,2025-05-12,1-2%,-1.334,287.04,264.0768,stop,16.8196,4827.9,-8.0,-386.23,6
AMCR,2025-05-06,2025-05-07,2025-05-12,1-2%,-1.074,46.05,46.55,tp_gap_filled,105.0627,4838.14,1.086,52.53,3
APO,2025-05-05,2025-05-08,2025-05-12,1-2%,-1.381,133.5,135.37,tp_gap_filled,36.5785,4883.23,1.401,68.4,2
COP,2025-05-05,2025-05-08,2025-05-12,1-2%,-1.75,89.81,91.41,tp_gap_filled,54.4631,4891.33,1.782,87.14,2
GWW,2025-05-06,2025-05-08,2025-05-12,1-2%,-1.171,1053.0,1065.48,tp_gap_filled,4.649,4895.37,1.185,58.02,2
ADM,2025-05-08,2025-05-09,2025-05-12,1-2%,-1.629,47.1,47.88,tp_gap_filled,103.1657,4859.11,1.656,80.47,1
INCY,2025-05-08,2025-05-09,2025-05-12,1-2%,-1.259,58.8,59.55,tp_gap_filled,82.7633,4866.48,1.276,62.07,1
TTD,2025-03-10,2025-05-09,2025-05-12,1-2%,-1.34,64.04,64.91,tp_gap_filled,75.897,4860.45,1.359,66.03,1
VRTX,2025-05-08,2025-05-09,2025-05-12,1-2%,-1.069,430.17,434.82,tp_gap_filled,11.3606,4887.01,1.081,52.83,1
ED,2025-05-02,2025-05-05,2025-05-13,1-2%,-1.955,110.36,101.5312,stop,43.8521,4839.51,-8.0,-387.16,6
CRWD,2025-05-05,2025-05-06,2025-05-13,1-2%,-1.04,109.0,110.145,tp_gap_filled,44.0306,4799.33,1.05,50.41,5
ALB,2025-05-05,2025-05-12,2025-05-13,1-2%,-1.177,59.59,60.3,tp_gap_filled,82.4001,4910.22,1.191,58.5,1
AMD,2025-03-28,2025-05-12,2025-05-13,1-2%,-1.05,105.53,106.65,tp_gap_filled,46.6065,4918.38,1.061,52.2,1
AXON,2025-02-19,2025-05-12,2025-05-13,1-2%,-1.41,700.0,710.01,tp_gap_filled,7.0349,4924.42,1.43,70.42,1
AXP,2025-03-04,2025-05-12,2025-05-13,1-2%,-1.327,291.57,295.49,tp_gap_filled,16.881,4921.99,1.344,66.17,1
BNY,2025-03-04,2025-05-12,2025-05-13,1-2%,-1.03,87.44,88.35,tp_gap_filled,56.3609,4928.19,1.041,51.29,1
CMI,2025-04-02,2025-05-12,2025-05-13,1-2%,-1.462,310.75,315.36,tp_gap_filled,15.8559,4927.23,1.484,73.1,1
DOW,2025-05-05,2025-05-12,2025-05-13,1-2%,-1.693,29.905,30.42,tp_gap_filled,165.2889,4942.96,1.722,85.12,1
EME,2025-02-11,2025-05-12,2025-05-13,1-2%,-1.042,461.65,466.51,tp_gap_filled,10.7264,4951.85,1.053,52.13,1
FITB,2025-04-02,2025-05-12,2025-05-13,1-2%,-1.053,38.52,38.93,tp_gap_filled,128.4922,4949.52,1.064,52.68,1
GNRC,2025-04-02,2025-05-12,2025-05-13,1-2%,-1.575,124.34,126.33,tp_gap_filled,39.8435,4954.15,1.6,79.29,1
AVGO,2025-02-18,2025-05-13,2025-05-14,1-2%,-1.262,230.1,233.04,tp_gap_filled,21.4332,4931.78,1.278,63.01,1
CVNA,2025-05-09,2025-05-13,2025-05-14,1-2%,-1.467,56.268,57.106,tp_gap_filled,87.6923,4934.27,1.489,73.49,1
FIX,2025-02-11,2025-05-13,2025-05-14,1-2%,-1.058,460.0,464.92,tp_gap_filled,10.749,4944.55,1.07,52.89,1
LITE,2025-03-25,2025-05-13,2025-05-14,1-2%,-1.29,72.68,73.63,tp_gap_filled,68.0704,4947.36,1.307,64.67,1
META,2025-03-06,2025-05-13,2025-05-14,1-2%,-1.29,648.0,656.47,tp_gap_filled,7.6444,4953.59,1.307,64.75,1
MRVL,2025-03-27,2025-05-13,2025-05-14,1-2%,-1.049,66.06,66.76,tp_gap_filled,75.0326,4956.66,1.06,52.52,1
NFLX,2025-05-12,2025-05-13,2025-05-14,1-2%,-1.4,112.426,114.022,tp_gap_filled,44.0688,4954.48,1.42,70.33,1
VLO,2025-04-02,2025-05-13,2025-05-14,1-2%,-1.204,132.13,133.74,tp_gap_filled,37.5129,4956.58,1.218,60.4,1
DHR,2025-04-03,2025-04-23,2025-05-15,1-2%,-1.394,202.3,186.116,stop,23.0999,4673.12,-8.0,-373.85,16
DRI,2025-04-02,2025-04-23,2025-05-15,1-2%,-1.499,206.4,209.54,tp_gap_filled,22.5817,4660.87,1.521,70.91,16
AEE,2025-05-13,2025-05-14,2025-05-15,1-2%,-1.017,94.45,95.42,tp_gap_filled,52.2224,4932.41,1.027,50.66,1
MCK,2025-05-08,2025-05-09,2025-05-16,1-2%,-1.25,713.34,722.37,tp_gap_filled,6.8232,4867.23,1.266,61.61,5
HBAN,2025-03-04,2025-05-12,2025-05-16,1-2%,-1.544,15.94,16.19,tp_gap_filled,311.1583,4959.86,1.568,77.79,4
DVA,2025-05-13,2025-05-14,2025-05-16,1-2%,-1.295,142.56,144.43,tp_gap_filled,34.6094,4933.92,1.312,64.72,2
ABT,2025-05-12,2025-05-15,2025-05-16,1-2%,-1.088,131.79,133.24,tp_gap_filled,37.7076,4969.48,1.1,54.68,1
CBOE,2025-05-14,2025-05-15,2025-05-16,1-2%,-1.461,217.16,220.38,tp_gap_filled,22.8975,4972.43,1.483,73.73,1
CNP,2025-05-12,2025-05-15,2025-05-16,1-2%,-1.012,37.16,37.54,tp_gap_filled,133.8723,4974.69,1.023,50.87,1
DG,2025-05-12,2025-05-15,2025-05-16,1-2%,-1.266,90.5,91.66,tp_gap_filled,54.9727,4975.03,1.282,63.77,1
ED,2025-05-14,2025-05-15,2025-05-16,1-2%,-1.302,99.27,100.58,tp_gap_filled,50.1851,4981.87,1.32,65.74,1
EOG,2025-05-14,2025-05-15,2025-05-16,1-2%,-1.174,115.28,116.65,tp_gap_filled,43.275,4988.75,1.188,59.29,1
FAST,2025-05-06,2025-05-15,2025-05-16,1-2%,-1.577,40.56,41.21,tp_gap_filled,123.0277,4990.0,1.603,79.97,1
KIM,2025-05-14,2025-05-15,2025-05-16,1-2%,-1.305,21.18,21.46,tp_gap_filled,235.6758,4991.61,1.322,65.99,1
CI,2025-05-13,2025-05-16,2025-05-19,1-2%,-1.948,309.59,315.74,tp_gap_filled,16.2431,5028.69,1.986,99.89,1
DELL,2025-05-15,2025-05-16,2025-05-19,1-2%,-1.865,108.95,111.02,tp_gap_filled,46.2807,5042.28,1.9,95.8,1
DOW,2025-05-15,2025-05-16,2025-05-19,1-2%,-1.226,29.8,30.17,tp_gap_filled,169.6109,5054.41,1.242,62.76,1
CMS,2025-05-12,2025-05-16,2025-05-20,1-2%,-1.467,71.22,72.28,tp_gap_filled,70.7372,5037.91,1.488,74.98,2
ATO,2025-05-12,2025-05-19,2025-05-20,1-2%,-1.07,158.15,159.86,tp_gap_filled,31.7373,5019.25,1.081,54.27,1
BIIB,2025-04-04,2025-05-19,2025-05-20,1-2%,-1.14,129.22,130.71,tp_gap_filled,38.8651,5022.15,1.153,57.91,1
PSX,2025-03-27,2025-05-13,2025-05-21,1-2%,-1.067,125.22,115.2024,stop,39.5912,4957.6,-8.0,-396.61,6
ADI,2025-05-15,2025-05-16,2025-05-21,1-2%,-1.054,224.43,226.82,tp_gap_filled,22.3852,5023.91,1.065,53.5,3
APO,2025-05-15,2025-05-16,2025-05-21,1-2%,-1.179,142.54,131.1368,stop,35.2649,5026.65,-8.0,-402.13,3
COP,2025-05-14,2025-05-15,2025-05-22,1-2%,-1.232,93.01,85.5692,stop,53.4906,4975.16,-8.0,-398.01,5
AVGO,2025-05-20,2025-05-21,2025-05-22,1-2%,-1.795,226.49,230.63,tp_gap_filled,21.6219,4897.15,1.828,89.51,1
CL,2025-05-01,2025-05-02,2025-05-23,1-2%,-1.117,91.16,92.19,tp_gap_filled,53.0761,4838.42,1.13,54.67,15
ADSK,2025-05-19,2025-05-20,2025-05-23,1-2%,-1.171,294.59,298.08,tp_gap_filled,16.9915,5005.52,1.185,59.3,3
CRWD,2025-05-21,2025-05-22,2025-05-23,1-2%,-1.232,109.2,110.5625,tp_gap_filled,44.8798,4900.87,1.248,61.15,1
CDNS,2025-05-20,2025-05-21,2025-05-27,1-2%,-1.043,316.96,320.3,tp_gap_filled,15.4614,4900.65,1.054,51.64,3
BDX,2025-05-22,2025-05-23,2025-05-27,1-2%,-1.219,134.4576,136.1163,tp_gap_filled,36.3673,4889.86,1.234,60.33,1
EIX,2025-05-22,2025-05-23,2025-05-27,1-2%,-1.036,56.35,56.94,tp_gap_filled,86.7855,4890.36,1.047,51.2,1
GE,2025-05-22,2025-05-23,2025-05-27,1-2%,-1.006,231.19,233.54,tp_gap_filled,21.1584,4891.62,1.016,49.72,1
ADBE,2025-05-23,2025-05-27,2025-05-28,1-2%,-1.26,409.11,414.33,tp_gap_filled,12.173,4980.08,1.276,63.54,1
ADI,2025-05-23,2025-05-27,2025-05-28,1-2%,-1.392,208.98,211.93,tp_gap_filled,23.8421,4982.51,1.412,70.33,1
AMCR,2025-05-22,2025-05-27,2025-05-28,1-2%,-1.198,45.35,45.9,tp_gap_filled,110.0759,4991.94,1.213,60.54,1
AME,2025-05-23,2025-05-27,2025-05-28,1-2%,-1.35,176.13,178.54,tp_gap_filled,28.358,4994.69,1.368,68.34,1
A,2025-05-19,2025-05-20,2025-05-29,1-2%,-1.116,112.5,113.77,tp_gap_filled,44.4741,5003.34,1.129,56.48,6
CRM,2025-05-21,2025-05-22,2025-05-29,1-2%,-1.267,284.41,261.6572,stop,17.2347,4901.73,-8.0,-392.14,4
ALGN,2025-05-21,2025-05-28,2025-05-29,1-2%,-1.09,180.59,182.58,tp_gap_filled,27.4343,4954.37,1.102,54.59,1
DXCM,2025-05-21,2025-05-28,2025-05-29,1-2%,-1.042,86.43,87.34,tp_gap_filled,57.2816,4950.85,1.053,52.13,1
ALB,2025-05-15,2025-05-16,2025-05-30,1-2%,-1.735,60.02,55.2184,stop,83.7538,5026.9,-8.0,-402.15,9
PGR,2025-05-28,2025-05-29,2025-05-30,1-2%,-1.213,275.37,278.75,tp_gap_filled,18.0256,4963.72,1.227,60.93,1
D,2025-05-29,2025-05-30,2025-06-02,1-2%,-1.217,55.2,55.88,tp_gap_filled,89.6529,4948.84,1.232,60.96,1
FERG,2025-02-19,2025-05-15,2025-06-03,1-2%,-1.757,182.24,185.5,tp_gap_filled,27.3943,4992.34,1.789,89.31,12
DDOG,2025-05-15,2025-05-16,2025-06-03,1-2%,-1.079,117.805,119.09,tp_gap_filled,42.8044,5042.57,1.091,55.0,11
AMD,2025-05-19,2025-05-21,2025-06-03,1-2%,-1.835,115.02,117.17,tp_gap_filled,42.6313,4903.45,1.869,91.66,8
CIEN,2025-05-30,2025-06-02,2025-06-03,1-2%,-1.729,80.14,81.55,tp_gap_filled,61.5856,4935.47,1.759,86.84,1
MTD,2025-05-21,2025-05-29,2025-06-04,1-2%,-1.477,1168.48,1186.0,tp_gap_filled,4.2472,4962.72,1.499,74.41,4
A,2025-05-30,2025-06-03,2025-06-04,1-2%,-1.103,112.03,113.28,tp_gap_filled,44.3162,4964.75,1.116,55.4,1
ADBE,2025-06-02,2025-06-03,2025-06-04,1-2%,-1.496,408.88,415.09,tp_gap_filled,12.1448,4965.78,1.519,75.42,1
AMZN,2025-05-15,2025-05-16,2025-06-05,1-2%,-1.807,206.45,210.25,tp_gap_filled,24.3531,5027.7,1.841,92.54,13
GILD,2025-04-04,2025-05-29,2025-06-05,1-2%,-1.673,110.51,112.39,tp_gap_filled,44.8953,4961.38,1.701,84.4,5
ACN,2025-06-02,2025-06-03,2025-06-05,1-2%,-1.007,313.63,316.82,tp_gap_filled,15.8351,4966.36,1.017,50.51,2
AMGN,2025-06-03,2025-06-04,2025-06-05,1-2%,-1.023,285.52,288.47,tp_gap_filled,17.3116,4942.81,1.033,51.07,1
ALGN,2025-05-30,2025-06-04,2025-06-06,1-2%,-1.404,180.48,183.05,tp_gap_filled,27.3908,4943.48,1.424,70.39,2
ANET,2025-05-20,2025-06-04,2025-06-06,1-2%,-1.158,95.58,96.7,tp_gap_filled,51.7274,4944.1,1.172,57.93,2
TER,2025-05-15,2025-06-05,2025-06-06,1-2%,-1.21,83.25,84.27,tp_gap_filled,59.4049,4945.45,1.225,60.59,1
CVX,2025-05-15,2025-05-16,2025-06-09,1-2%,-1.179,140.0,141.67,tp_gap_filled,35.9914,5038.79,1.193,60.11,15
AJG,2025-06-02,2025-06-03,2025-06-09,1-2%,-1.157,343.42,315.9464,stop,14.4662,4967.98,-8.0,-397.44,4
CPAY,2025-05-21,2025-06-06,2025-06-09,1-2%,-1.177,336.82,340.83,tp_gap_filled,14.8072,4987.37,1.191,59.38,1
DHR,2025-05-21,2025-06-06,2025-06-09,1-2%,-1.026,195.74,197.77,tp_gap_filled,25.483,4988.05,1.037,51.73,1
APTV,2025-05-15,2025-05-16,2025-06-10,1-2%,-1.57,68.33,69.42,tp_gap_filled,73.5979,5028.95,1.595,80.22,16
AMAT,2025-05-15,2025-06-09,2025-06-10,1-2%,-1.372,171.75,174.14,tp_gap_filled,28.823,4950.35,1.392,68.89,1
DG,2025-06-06,2025-06-09,2025-06-10,1-2%,-1.239,112.43,113.84,tp_gap_filled,44.0054,4947.52,1.254,62.05,1
MCK,2025-06-06,2025-06-09,2025-06-10,1-2%,-1.245,702.74,711.6,tp_gap_filled,7.0431,4949.46,1.261,62.4,1
SNDK,2025-05-15,2025-06-09,2025-06-10,1-2%,-1.813,41.17,41.93,tp_gap_filled,120.2669,4951.39,1.846,91.4,1
DPZ,2025-05-21,2025-05-28,2025-06-11,1-2%,-1.026,488.01,448.9692,stop,10.1501,4953.34,-8.0,-396.27,10
CVNA,2025-06-09,2025-06-10,2025-06-11,1-2%,-1.335,67.38,68.292,tp_gap_filled,73.504,4952.7,1.354,67.04,1
MAS,2025-05-21,2025-06-10,2025-06-11,1-2%,-1.502,64.91,65.9,tp_gap_filled,76.3057,4953.0,1.525,75.54,1
MPWR,2025-05-15,2025-06-10,2025-06-11,1-2%,-1.179,725.62,734.28,tp_gap_filled,6.828,4954.53,1.193,59.13,1
CSGP,2025-04-30,2025-06-11,2025-06-12,1-2%,-1.644,81.34,82.7,tp_gap_filled,60.9522,4957.85,1.672,82.9,1
CVS,2025-05-12,2025-06-11,2025-06-13,1-2%,-1.956,65.66,66.97,tp_gap_filled,75.5288,4959.22,1.995,98.94,2
HCA,2025-06-10,2025-06-11,2025-06-13,1-2%,-1.584,367.1,373.01,tp_gap_filled,13.5098,4959.45,1.61,79.84,2
DE,2025-05-21,2025-06-06,2025-06-16,1-2%,-1.284,519.57,526.33,tp_gap_filled,9.5999,4987.84,1.301,64.9,6
AMP,2025-06-12,2025-06-13,2025-06-16,1-2%,-1.15,509.72,515.65,tp_gap_filled,9.6521,4919.85,1.163,57.24,1
FE,2025-05-07,2025-05-08,2025-06-17,1-2%,-1.066,42.71,39.2932,stop,114.5731,4893.42,-8.0,-391.47,27
APA,2025-06-16,2025-06-17,2025-06-18,1-2%,-1.809,20.63,21.01,tp_gap_filled,237.6241,4902.19,1.842,90.3,1
BAC,2025-03-04,2025-05-14,2025-06-20,1-2%,-1.822,44.73,45.56,tp_gap_filled,110.3033,4933.87,1.856,91.55,25
ADI,2025-06-17,2025-06-18,2025-06-20,1-2%,-1.122,229.2,231.8,tp_gap_filled,21.4327,4912.38,1.134,55.73,1
CMG,2025-03-06,2025-06-05,2025-06-23,1-2%,-1.511,52.79,53.6,tp_gap_filled,93.6985,4946.34,1.534,75.9,11
EFX,2025-05-21,2025-06-10,2025-06-23,1-2%,-1.632,272.5,250.7,stop,18.1794,4953.87,-8.0,-396.31,8
AMT,2025-05-12,2025-06-12,2025-06-23,1-2%,-1.15,217.44,219.97,tp_gap_filled,22.8928,4977.81,1.164,57.92,6
ALL,2025-06-18,2025-06-20,2025-06-23,1-2%,-1.383,195.45,198.19,tp_gap_filled,25.2535,4935.79,1.402,69.19,1
URI,2025-02-18,2025-05-13,2025-06-24,1-2%,-1.924,727.0,741.26,tp_gap_filled,6.8202,4958.3,1.961,97.26,28
APO,2025-05-21,2025-06-11,2025-06-24,1-2%,-1.73,136.88,139.29,tp_gap_filled,36.2052,4955.77,1.761,87.25,8
ALGN,2025-06-12,2025-06-20,2025-06-24,1-2%,-1.046,183.54,185.48,tp_gap_filled,26.905,4938.15,1.057,52.2,2
AVY,2025-06-13,2025-06-23,2025-06-24,1-2%,-1.288,177.03,179.34,tp_gap_filled,28.1144,4977.09,1.305,64.94,1
CRH,2025-06-20,2025-06-23,2025-06-24,1-2%,-1.651,87.56,89.03,tp_gap_filled,56.8798,4980.39,1.679,83.61,1
GNRC,2025-06-12,2025-06-23,2025-06-24,1-2%,-1.063,128.4,129.78,tp_gap_filled,38.8406,4987.13,1.075,53.6,1
IBM,2025-06-20,2025-06-23,2025-06-24,1-2%,-1.388,279.28,283.21,tp_gap_filled,17.8928,4997.1,1.407,70.32,1
A,2025-06-13,2025-06-16,2025-06-25,1-2%,-1.875,116.68,118.91,tp_gap_filled,42.4224,4949.85,1.911,94.6,6
APTV,2025-06-23,2025-06-24,2025-06-25,1-2%,-1.611,65.97,67.05,tp_gap_filled,76.132,5022.43,1.637,82.22,1
CCL,2025-06-23,2025-06-24,2025-06-25,1-2%,-1.767,23.35,23.77,tp_gap_filled,215.5435,5032.94,1.799,90.53,1
COHR,2025-06-23,2025-06-24,2025-06-25,1-2%,-1.478,80.0,81.2,tp_gap_filled,63.2283,5058.27,1.5,75.87,1
CRWD,2025-06-23,2025-06-24,2025-06-25,1-2%,-1.164,117.6888,119.075,tp_gap_filled,43.0058,5061.3,1.178,59.62,1
DAL,2025-06-17,2025-06-24,2025-06-25,1-2%,-1.941,48.5,49.46,tp_gap_filled,104.5188,5069.16,1.979,100.34,1
AZO,2025-05-27,2025-05-28,2025-06-26,1-2%,-1.998,3750.0,3450.0,stop,1.321,4953.71,-8.0,-396.3,20
BAX,2025-06-17,2025-06-24,2025-06-26,1-2%,-1.168,30.46,30.82,tp_gap_filled,165.1959,5031.87,1.182,59.47,2
DHR,2025-06-17,2025-06-25,2025-06-26,1-2%,-1.049,199.0,201.11,tp_gap_filled,25.1446,5003.79,1.06,53.06,1
HAL,2025-06-24,2025-06-25,2025-06-26,1-2%,-1.3,20.5,20.77,tp_gap_filled,244.2097,5006.3,1.317,65.94,1
HII,2025-06-24,2025-06-25,2025-06-26,1-2%,-1.383,233.82,237.1,tp_gap_filled,21.3984,5003.37,1.403,70.19,1
MPC,2025-06-24,2025-06-25,2025-06-26,1-2%,-1.206,164.6,166.61,tp_gap_filled,30.381,5000.72,1.221,61.07,1
BSX,2025-05-28,2025-05-29,2025-06-27,1-2%,-1.799,104.26,106.17,tp_gap_filled,47.5811,4960.81,1.832,90.88,20
AME,2025-06-12,2025-06-13,2025-06-27,1-2%,-1.1,178.91,180.9,tp_gap_filled,27.514,4922.53,1.112,54.75,9
LOW,2025-06-13,2025-06-25,2025-06-27,1-2%,-1.007,221.25,223.5,tp_gap_filled,22.6049,5001.34,1.017,50.86,2
ALB,2025-06-12,2025-06-26,2025-06-27,1-2%,-1.629,64.02,65.08,tp_gap_filled,78.6228,5033.43,1.656,83.34,1
ESS,2025-06-25,2025-06-26,2025-06-27,1-2%,-1.115,282.84,286.03,tp_gap_filled,17.7981,5034.01,1.128,56.78,1
HRL,2025-06-25,2025-06-26,2025-06-27,1-2%,-1.118,30.06,30.4,tp_gap_filled,167.6098,5038.35,1.131,56.99,1
RTX,2025-06-24,2025-06-27,2025-06-30,1-2%,-1.584,143.5,145.81,tp_gap_filled,35.2639,5060.37,1.61,81.46,1
AEP,2025-05-12,2025-05-19,2025-07-01,1-2%,-1.471,103.14,104.68,tp_gap_filled,48.6493,5017.69,1.493,74.92,29
ALLE,2025-05-19,2025-05-20,2025-07-01,1-2%,-1.023,144.15,145.64,tp_gap_filled,34.7318,5006.58,1.034,51.75,28
ARES,2025-05-15,2025-06-06,2025-07-01,1-2%,-1.541,173.12,175.83,tp_gap_filled,28.8024,4986.28,1.565,78.05,16
EXPD,2025-05-21,2025-06-10,2025-07-01,1-2%,-1.125,115.09,116.4,tp_gap_filled,43.0389,4953.35,1.138,56.38,14
COP,2025-06-24,2025-06-26,2025-07-01,1-2%,-1.603,90.24,91.71,tp_gap_filled,55.7665,5032.37,1.629,81.98,3
LDOS,2025-05-23,2025-06-26,2025-07-01,1-2%,-1.996,155.14,158.3,tp_gap_filled,32.4864,5039.94,2.037,102.66,3
DHI,2025-06-25,2025-06-27,2025-07-01,1-2%,-1.026,128.3,129.63,tp_gap_filled,39.4433,5060.58,1.037,52.46,2
ECL,2025-06-13,2025-06-27,2025-07-01,1-2%,-1.104,267.96,270.95,tp_gap_filled,18.8885,5061.35,1.116,56.48,2
MMM,2025-05-21,2025-06-27,2025-07-01,1-2%,-1.187,152.32,154.15,tp_gap_filled,33.2252,5060.87,1.201,60.8,2
SW,2025-06-25,2025-06-27,2025-07-01,1-2%,-1.011,43.06,43.5,tp_gap_filled,117.5665,5062.42,1.022,51.73,2
CVX,2025-06-24,2025-06-26,2025-07-02,1-2%,-1.58,144.54,146.86,tp_gap_filled,34.829,5034.18,1.605,80.8,4
CARR,2025-05-21,2025-06-27,2025-07-02,1-2%,-1.521,73.81,74.95,tp_gap_filled,68.5688,5061.06,1.545,78.17,3
BF-B,2025-06-12,2025-07-01,2025-07-02,1-2%,-1.018,27.22,27.5,tp_gap_filled,187.9765,5116.72,1.029,52.63,1
BLDR,2025-05-14,2025-07-01,2025-07-02,1-2%,-1.462,122.0,123.81,tp_gap_filled,41.9889,5122.64,1.484,76.0,1
ELV,2025-05-22,2025-07-01,2025-07-02,1-2%,-1.152,395.51,363.8692,stop,12.9629,5126.96,-8.0,-410.16,1
HST,2025-06-30,2025-07-01,2025-07-02,1-2%,-1.206,15.57,15.76,tp_gap_filled,329.4273,5129.18,1.22,62.59,1
BBY,2025-06-13,2025-07-01,2025-07-03,1-2%,-1.64,71.35,72.54,tp_gap_filled,71.7482,5119.23,1.668,85.38,2
ESS,2025-06-30,2025-07-01,2025-07-03,1-2%,-1.02,282.5,285.41,tp_gap_filled,18.1491,5127.12,1.03,52.81,2
APD,2025-07-01,2025-07-02,2025-07-03,1-2%,-1.283,278.44,282.06,tp_gap_filled,18.2104,5070.51,1.3,65.92,1
FICO,2025-07-01,2025-07-02,2025-07-03,1-2%,-1.178,1806.42,1827.96,tp_gap_filled,2.8129,5081.31,1.192,60.59,1
FRT,2025-07-01,2025-07-02,2025-07-03,1-2%,-1.442,93.62,94.99,tp_gap_filled,54.3305,5086.42,1.463,74.43,1
GNRC,2025-07-01,2025-07-02,2025-07-03,1-2%,-1.718,140.75,143.21,tp_gap_filled,36.1631,5089.95,1.748,88.96,1
HPE,2025-07-01,2025-07-02,2025-07-03,1-2%,-1.614,20.12,20.45,tp_gap_filled,253.8667,5107.8,1.64,83.78,1
HUM,2025-07-01,2025-07-02,2025-07-03,1-2%,-1.088,241.82,244.48,tp_gap_filled,21.1816,5122.14,1.1,56.34,1
HOOD,2025-07-02,2025-07-03,2025-07-07,1-2%,-1.17,91.25,92.33,tp_gap_filled,56.0644,5115.87,1.184,60.55,1
KLAC,2025-07-02,2025-07-03,2025-07-07,1-2%,-1.184,88.821,89.885,tp_gap_filled,57.6664,5121.99,1.198,61.36,1
LITE,2025-07-02,2025-07-03,2025-07-07,1-2%,-1.476,90.14,91.49,tp_gap_filled,56.9389,5132.47,1.498,76.87,1
NOW,2025-07-02,2025-07-03,2025-07-07,1-2%,-1.138,200.074,202.378,tp_gap_filled,25.69,5139.9,1.152,59.19,1
INTC,2025-07-02,2025-07-03,2025-07-08,1-2%,-1.4,22.53,22.85,tp_gap_filled,227.3609,5122.44,1.42,72.76,2
APP,2025-07-03,2025-07-07,2025-07-08,1-2%,-1.19,332.0,336.0,tp_gap_filled,15.3413,5093.3,1.205,61.37,1
AOS,2025-05-21,2025-07-01,2025-07-09,1-2%,-1.278,68.73,69.62,tp_gap_filled,74.5358,5122.85,1.295,66.34,5
ALGN,2025-07-07,2025-07-08,2025-07-09,1-2%,-1.26,194.34,196.82,tp_gap_filled,26.2473,5100.9,1.276,65.09,1
AMAT,2025-07-07,2025-07-08,2025-07-09,1-2%,-1.052,189.04,191.05,tp_gap_filled,26.991,5102.38,1.063,54.25,1
COHR,2025-07-07,2025-07-08,2025-07-09,1-2%,-1.441,89.59,90.9,tp_gap_filled,57.0422,5110.41,1.462,74.73,1
ACGL,2025-04-03,2025-05-12,2025-07-10,1-2%,-1.735,95.14,87.5288,stop,51.6243,4911.54,-8.0,-392.92,40
BXP,2025-06-25,2025-07-01,2025-07-10,1-2%,-1.379,69.37,70.34,tp_gap_filled,73.9938,5132.95,1.398,71.77,6
SYY,2025-07-03,2025-07-07,2025-07-10,1-2%,-1.004,76.9,77.68,tp_gap_filled,66.4105,5106.97,1.014,51.8,3
AES,2025-05-19,2025-07-09,2025-07-10,1-2%,-1.556,12.02,12.21,tp_gap_filled,425.6709,5116.56,1.581,80.88,1
CCI,2025-07-08,2025-07-09,2025-07-10,1-2%,-1.07,100.76,101.85,tp_gap_filled,51.0416,5142.96,1.082,55.64,1
COIN,2025-06-27,2025-07-09,2025-07-10,1-2%,-1.474,369.54,375.07,tp_gap_filled,13.9355,5149.72,1.496,77.06,1
ED,2025-07-08,2025-07-09,2025-07-10,1-2%,-1.073,98.64,99.71,tp_gap_filled,52.2376,5152.72,1.085,55.89,1
NEM,2025-07-03,2025-07-07,2025-07-11,1-2%,-1.265,59.3,60.06,tp_gap_filled,86.0585,5103.27,1.282,65.4,4
INTC,2025-07-09,2025-07-10,2025-07-11,1-2%,-1.272,23.29,23.59,tp_gap_filled,220.6673,5139.34,1.288,66.2,1
ON,2025-07-09,2025-07-10,2025-07-11,1-2%,-1.111,56.98,57.62,tp_gap_filled,90.3252,5146.73,1.123,57.81,1
WYNN,2025-07-09,2025-07-10,2025-07-11,1-2%,-1.05,109.3,110.46,tp_gap_filled,47.1931,5158.2,1.061,54.74,1
ABNB,2025-06-13,2025-06-16,2025-07-14,1-2%,-1.967,136.08,138.81,tp_gap_filled,36.411,4954.81,2.006,99.4,18
CIEN,2025-07-01,2025-07-03,2025-07-14,1-2%,-1.021,80.5,81.33,tp_gap_filled,63.5094,5112.51,1.031,52.71,6
NOC,2025-06-16,2025-07-10,2025-07-14,1-2%,-1.144,510.81,516.72,tp_gap_filled,10.0726,5145.19,1.157,59.53,2
AWK,2025-07-10,2025-07-11,2025-07-14,1-2%,-1.079,140.27,141.8,tp_gap_filled,36.528,5123.78,1.091,55.89,1
ES,2025-07-10,2025-07-11,2025-07-14,1-2%,-1.152,64.36,65.11,tp_gap_filled,79.6194,5124.3,1.165,59.71,1
GIS,2025-07-10,2025-07-11,2025-07-14,1-2%,-1.895,50.23,51.2,tp_gap_filled,102.1238,5129.68,1.931,99.06,1
VZ,2025-04-04,2025-04-16,2025-07-15,1-2%,-1.885,44.76,41.1792,stop,101.9298,4562.38,-8.0,-364.99,60
APA,2025-07-10,2025-07-11,2025-07-15,1-2%,-1.027,20.24,18.6208,stop,253.2325,5125.43,-8.0,-410.03,2
AMD,2025-07-11,2025-07-14,2025-07-15,1-2%,-1.082,142.6,144.16,tp_gap_filled,36.0516,5140.96,1.094,56.24,1
APO,2025-07-11,2025-07-14,2025-07-15,1-2%,-1.019,146.7,148.21,tp_gap_filled,35.0887,5147.52,1.029,52.98,1
APP,2025-07-11,2025-07-14,2025-07-15,1-2%,-1.247,342.0,346.32,tp_gap_filled,15.0606,5150.73,1.263,65.06,1
ARE,2025-07-11,2025-07-14,2025-07-15,1-2%,-1.627,78.0,79.29,tp_gap_filled,66.1692,5161.2,1.654,85.36,1
DVN,2025-07-10,2025-07-11,2025-07-16,1-2%,-1.127,34.2,31.464,stop,149.926,5127.47,-8.0,-410.2,3
ELV,2025-07-10,2025-07-11,2025-07-16,1-2%,-1.086,342.6,346.36,tp_gap_filled,14.9613,5125.75,1.097,56.25,3
AES,2025-07-10,2025-07-15,2025-07-16,1-2%,-1.282,13.09,13.26,tp_gap_filled,388.2993,5082.84,1.299,66.01,1
BF-B,2025-07-11,2025-07-14,2025-07-17,1-2%,-1.444,28.67,29.09,tp_gap_filled,180.0911,5163.21,1.465,75.64,3
BNY,2025-07-15,2025-07-16,2025-07-17,1-2%,-1.627,93.7,95.25,tp_gap_filled,54.1836,5077.0,1.654,83.98,1
CME,2025-07-15,2025-07-16,2025-07-17,1-2%,-1.068,274.1,277.06,tp_gap_filled,18.5401,5081.85,1.08,54.88,1
GEHC,2025-07-11,2025-07-16,2025-07-17,1-2%,-1.085,75.67,76.5,tp_gap_filled,67.2001,5085.03,1.097,55.78,1
CB,2025-04-04,2025-05-30,2025-07-18,1-2%,-1.732,297.22,273.4424,stop,16.6505,4948.86,-8.0,-395.91,33
LRCX,2025-07-14,2025-07-15,2025-07-18,1-2%,-1.14,100.57,101.73,tp_gap_filled,50.5288,5081.68,1.153,58.61,3
ALLE,2025-07-11,2025-07-17,2025-07-18,1-2%,-1.161,149.77,151.53,tp_gap_filled,34.1207,5110.26,1.175,60.05,1
AOS,2025-07-11,2025-07-17,2025-07-18,1-2%,-1.008,69.76,70.47,tp_gap_filled,73.3468,5116.67,1.018,52.08,1
INTC,2025-07-11,2025-07-15,2025-07-21,1-2%,-1.092,23.56,23.82,tp_gap_filled,215.9844,5088.59,1.104,56.16,4
NUE,2025-07-14,2025-07-15,2025-07-21,1-2%,-1.081,140.86,142.4,tp_gap_filled,36.0284,5074.96,1.093,55.48,4
ADM,2025-07-17,2025-07-18,2025-07-21,1-2%,-1.722,53.07,54.0,tp_gap_filled,96.2845,5109.82,1.752,89.54,1
CTAS,2025-07-17,2025-07-18,2025-07-21,1-2%,-1.191,211.47,214.02,tp_gap_filled,24.1985,5117.26,1.206,61.71,1
DUK,2025-05-12,2025-07-01,2025-07-22,1-2%,-1.097,119.01,120.33,tp_gap_filled,43.0915,5128.33,1.109,56.88,14
BALL,2025-07-09,2025-07-10,2025-07-22,1-2%,-1.923,57.63,58.76,tp_gap_filled,89.1187,5135.91,1.961,100.7,8
CHD,2025-07-14,2025-07-17,2025-07-22,1-2%,-1.02,97.05,98.05,tp_gap_filled,52.7594,5120.3,1.03,52.76,3
ALL,2025-07-17,2025-07-18,2025-07-22,1-2%,-1.206,193.26,195.62,tp_gap_filled,26.473,5116.17,1.221,62.48,2
HCA,2025-07-16,2025-07-21,2025-07-22,1-2%,-1.608,365.82,371.8,tp_gap_filled,14.0246,5130.46,1.635,83.87,1
HSY,2025-07-08,2025-07-21,2025-07-22,1-2%,-1.088,173.64,175.55,tp_gap_filled,29.5414,5129.57,1.1,56.42,1
AIG,2025-04-03,2025-06-06,2025-07-23,1-2%,-1.961,86.0,79.12,stop,57.9348,4982.39,-8.0,-398.59,31
ALGN,2025-07-11,2025-07-14,2025-07-23,1-2%,-1.095,202.24,204.48,tp_gap_filled,25.4385,5144.68,1.108,56.98,7
MAS,2025-07-11,2025-07-15,2025-07-23,1-2%,-1.437,66.53,67.5,tp_gap_filled,76.4008,5082.94,1.458,74.11,6
EOG,2025-07-17,2025-07-18,2025-07-23,1-2%,-1.33,117.22,118.8,tp_gap_filled,43.7632,5129.92,1.348,69.15,3
CRL,2025-07-11,2025-07-22,2025-07-23,1-2%,-1.13,161.81,163.66,tp_gap_filled,31.9316,5166.85,1.143,59.07,1
DGX,2025-07-10,2025-07-22,2025-07-23,1-2%,-1.014,171.86,173.62,tp_gap_filled,30.0787,5169.33,1.024,52.94,1
DHI,2025-07-11,2025-07-22,2025-07-23,1-2%,-1.167,137.99,139.62,tp_gap_filled,37.5311,5178.92,1.181,61.18,1
DOW,2025-07-14,2025-07-22,2025-07-23,1-2%,-1.015,29.25,29.55,tp_gap_filled,178.0522,5208.03,1.026,53.42,1
GILD,2025-07-15,2025-07-22,2025-07-23,1-2%,-1.026,110.94,112.09,tp_gap_filled,46.9774,5211.68,1.037,54.02,1
DRI,2025-06-23,2025-06-24,2025-07-24,1-2%,-1.736,221.86,204.1112,stop,22.8734,5074.7,-8.0,-405.98,21
DASH,2025-07-15,2025-07-21,2025-07-24,1-2%,-1.425,239.39,242.85,tp_gap_filled,21.4413,5132.82,1.445,74.19,3
APP,2025-07-21,2025-07-22,2025-07-24,1-2%,-1.059,360.6,364.46,tp_gap_filled,14.3496,5174.46,1.07,55.39,2
AMCR,2025-07-11,2025-07-23,2025-07-24,1-2%,-1.221,48.55,49.15,tp_gap_filled,107.2672,5207.82,1.236,64.36,1
GEV,2025-07-22,2025-07-23,2025-07-24,1-2%,-1.308,558.51,565.91,tp_gap_filled,9.3215,5206.17,1.325,68.98,1
GPC,2025-07-22,2025-07-23,2025-07-24,1-2%,-1.243,122.35,123.89,tp_gap_filled,42.8201,5239.04,1.259,65.94,1
HWM,2025-07-22,2025-07-23,2025-07-24,1-2%,-1.501,185.01,187.83,tp_gap_filled,28.4603,5265.44,1.524,80.26,1
IBKR,2025-07-21,2025-07-23,2025-07-24,1-2%,-1.952,62.8,64.05,tp_gap_filled,83.876,5267.41,1.99,104.85,1
LH,2025-07-10,2025-07-23,2025-07-24,1-2%,-1.532,255.1,259.07,tp_gap_filled,20.657,5269.59,1.556,82.01,1
ON,2025-07-22,2025-07-23,2025-07-24,1-2%,-1.255,59.79,55.0068,stop,88.0426,5264.07,-8.0,-421.13,1
NOW,2025-07-23,2025-07-24,2025-07-25,1-2%,-1.508,189.572,192.474,tp_gap_filled,27.3452,5183.89,1.531,79.36,1
VZ,2025-07-23,2025-07-24,2025-07-25,1-2%,-1.304,42.4,42.96,tp_gap_filled,122.5011,5194.05,1.321,68.6,1
MRVL,2025-07-21,2025-07-23,2025-07-28,1-2%,-1.554,73.49,74.65,tp_gap_filled,71.6404,5264.85,1.578,83.1,3
CNP,2025-07-24,2025-07-25,2025-07-28,1-2%,-1.105,36.71,37.12,tp_gap_filled,140.8975,5172.35,1.117,57.77,1
CRH,2025-07-24,2025-07-25,2025-07-28,1-2%,-1.012,95.85,96.83,tp_gap_filled,54.0842,5183.97,1.022,53.0,1
CMCSA,2025-07-02,2025-07-03,2025-07-29,1-2%,-1.156,33.6551,30.9627,stop,151.9919,5115.3,-8.0,-409.22,17
COIN,2025-07-23,2025-07-24,2025-07-29,1-2%,-1.1,399.99,367.9908,stop,12.9565,5182.48,-8.0,-414.6,3
DOW,2025-07-25,2025-07-28,2025-07-29,1-2%,-1.715,24.64,25.07,tp_gap_filled,207.8548,5121.54,1.745,89.38,1
EL,2025-07-11,2025-07-28,2025-07-29,1-2%,-1.14,91.05,92.1,tp_gap_filled,56.3719,5132.66,1.153,59.19,1
HCA,2025-07-25,2025-07-28,2025-07-29,1-2%,-1.614,335.97,341.48,tp_gap_filled,15.2895,5136.81,1.64,84.25,1
FCX,2025-07-14,2025-07-21,2025-07-30,1-2%,-1.143,45.83,42.1636,stop,112.0237,5134.05,-8.0,-410.72,7
AVY,2025-07-11,2025-07-23,2025-07-30,1-2%,-1.045,182.7,168.084,stop,28.5195,5210.5,-8.0,-416.84,5
CNP,2025-07-28,2025-07-29,2025-07-30,1-2%,-1.59,37.75,38.36,tp_gap_filled,135.5853,5118.34,1.616,82.71,1
JBL,2025-07-24,2025-07-29,2025-07-30,1-2%,-1.283,226.21,229.15,tp_gap_filled,22.6187,5116.59,1.3,66.5,1
IFF,2025-06-13,2025-07-03,2025-07-31,1-2%,-1.735,77.01,70.8492,stop,66.546,5124.7,-8.0,-409.98,19
AMAT,2025-07-14,2025-07-15,2025-07-31,1-2%,-1.172,195.61,179.9612,stop,25.9895,5083.81,-8.0,-406.7,12
EQT,2025-07-23,2025-07-24,2025-07-31,1-2%,-1.914,53.3,54.34,tp_gap_filled,97.1922,5180.35,1.951,101.08,5
BAX,2025-07-11,2025-07-25,2025-07-31,1-2%,-1.481,29.26,26.9192,stop,176.784,5172.7,-8.0,-413.82,4
CSCO,2025-07-28,2025-07-29,2025-07-31,1-2%,-1.368,67.75,68.69,tp_gap_filled,75.6016,5122.01,1.387,71.07,2
FDX,2025-07-28,2025-07-29,2025-07-31,1-2%,-1.164,193.6906,178.1953,stop,26.4484,5122.8,-8.0,-409.82,2
A,2025-07-14,2025-07-24,2025-08-01,1-2%,-1.168,121.84,112.0928,stop,42.5611,5185.65,-8.0,-414.85,6
PM,2025-07-23,2025-07-24,2025-08-01,1-2%,-1.374,163.0,165.27,tp_gap_filled,31.8841,5197.11,1.393,72.38,6
DD,2025-07-24,2025-07-25,2025-08-01,1-2%,-1.084,95.0837,87.477,stop,54.6398,5195.35,-8.0,-415.63,5
RMD,2025-07-30,2025-07-31,2025-08-01,1-2%,-1.566,273.35,277.7,tp_gap_filled,18.3873,5026.16,1.591,79.98,1
WDC,2025-07-30,2025-07-31,2025-08-01,1-2%,-1.643,69.45,70.61,tp_gap_filled,72.3523,5024.86,1.67,83.93,1
EIX,2025-06-09,2025-07-01,2025-08-04,1-2%,-1.228,53.1,53.76,tp_gap_filled,96.573,5128.02,1.243,63.74,23
APTV,2025-07-24,2025-07-25,2025-08-04,1-2%,-1.349,70.94,65.2648,stop,72.921,5173.02,-8.0,-413.84,6
TPR,2025-07-29,2025-07-30,2025-08-04,1-2%,-1.92,108.3,110.42,tp_gap_filled,46.6209,5049.05,1.958,98.84,3
AMD,2025-07-30,2025-07-31,2025-08-04,1-2%,-1.031,175.61,177.44,tp_gap_filled,28.6091,5024.04,1.042,52.35,2
EXPE,2025-07-30,2025-07-31,2025-08-04,1-2%,-1.603,179.88,182.81,tp_gap_filled,27.9391,5025.69,1.629,81.86,2
AJG,2025-07-31,2025-08-01,2025-08-04,1-2%,-1.336,282.02,285.84,tp_gap_filled,17.6747,4984.62,1.355,67.52,1
BG,2025-07-31,2025-08-01,2025-08-04,1-2%,-1.619,79.0,80.3,tp_gap_filled,63.158,4989.48,1.646,82.11,1
BRO,2025-07-31,2025-08-01,2025-08-04,1-2%,-1.033,91.98,92.94,tp_gap_filled,54.211,4986.33,1.044,52.04,1
BALL,2025-07-31,2025-08-01,2025-08-05,1-2%,-1.876,57.0,58.09,tp_gap_filled,87.524,4988.87,1.912,95.4,2
A,2025-08-01,2025-08-04,2025-08-05,1-2%,-1.185,113.45,114.81,tp_gap_filled,44.4295,5040.52,1.199,60.42,1
AMAT,2025-08-01,2025-08-04,2025-08-05,1-2%,-1.922,176.6,180.06,tp_gap_filled,28.5696,5045.4,1.959,98.85,1
APH,2025-08-01,2025-08-04,2025-08-05,1-2%,-1.145,52.645,53.255,tp_gap_filled,95.9878,5053.28,1.159,58.55,1
BA,2025-08-01,2025-08-04,2025-08-05,1-2%,-1.077,219.45,221.84,tp_gap_filled,23.0635,5061.29,1.089,55.12,1
BAX,2025-08-01,2025-08-04,2025-08-05,1-2%,-1.149,21.51,21.76,tp_gap_filled,235.4544,5064.62,1.162,58.86,1
BLK,2025-08-01,2025-08-04,2025-08-05,1-2%,-1.538,1089.0,1106.01,tp_gap_filled,4.6608,5075.57,1.562,79.28,1
COR,2025-05-08,2025-06-30,2025-08-06,1-2%,-1.175,301.0,276.92,stop,16.8832,5081.86,-8.0,-406.55,26
MPC,2025-07-24,2025-07-29,2025-08-06,1-2%,-1.436,174.99,160.9908,stop,29.2663,5121.3,-8.0,-409.7,6
AOS,2025-07-31,2025-08-01,2025-08-06,1-2%,-1.271,69.93,70.83,tp_gap_filled,71.3164,4987.16,1.287,64.18,3
JBHT,2025-08-01,2025-08-05,2025-08-06,1-2%,-1.076,142.5,144.05,tp_gap_filled,35.4809,5056.02,1.088,55.0,1
MOS,2025-07-31,2025-08-05,2025-08-06,1-2%,-1.104,35.83,32.9636,stop,141.1167,5056.21,-8.0,-404.5,1
KR,2025-06-24,2025-06-25,2025-08-07,1-2%,-1.054,73.22,74.0,tp_gap_filled,68.3524,5004.76,1.065,53.31,30
ABNB,2025-08-01,2025-08-04,2025-08-07,1-2%,-1.79,130.04,119.6368,stop,38.7851,5043.61,-8.0,-403.49,3
MAR,2025-08-01,2025-08-05,2025-08-07,1-2%,-1.118,260.88,263.83,tp_gap_filled,19.3857,5057.33,1.131,57.19,2
TXN,2025-07-31,2025-08-05,2025-08-07,1-2%,-1.783,186.14,189.52,tp_gap_filled,27.1442,5052.62,1.816,91.75,2
BF-B,2025-07-28,2025-08-06,2025-08-07,1-2%,-1.001,30.65,30.96,tp_gap_filled,164.1541,5031.32,1.011,50.89,1
ECL,2025-07-29,2025-08-06,2025-08-07,1-2%,-1.063,267.12,269.99,tp_gap_filled,18.8057,5023.38,1.074,53.97,1
ALB,2025-07-29,2025-08-07,2025-08-08,1-2%,-1.284,73.81,74.77,tp_gap_filled,67.5698,4987.33,1.301,64.87,1
APA,2025-07-31,2025-08-07,2025-08-08,1-2%,-1.54,19.18,19.48,tp_gap_filled,259.367,4974.66,1.564,77.81,1
DELL,2025-08-06,2025-08-07,2025-08-08,1-2%,-1.908,127.99,130.48,tp_gap_filled,38.8959,4978.29,1.945,96.85,1
DG,2025-07-08,2025-08-07,2025-08-08,1-2%,-1.273,114.82,116.3,tp_gap_filled,43.458,4989.84,1.289,64.32,1
F,2025-07-16,2025-07-17,2025-08-11,1-2%,-1.901,11.35,11.57,tp_gap_filled,451.1233,5120.25,1.938,99.25,17
GNRC,2025-08-06,2025-08-07,2025-08-11,1-2%,-1.034,195.24,197.28,tp_gap_filled,25.5336,4985.18,1.045,52.09,2
AIG,2025-08-07,2025-08-08,2025-08-11,1-2%,-1.493,77.88,79.06,tp_gap_filled,64.3304,5010.05,1.515,75.91,1
ELV,2025-07-31,2025-08-08,2025-08-11,1-2%,-1.162,290.14,293.55,tp_gap_filled,17.2705,5010.86,1.175,58.89,1
FE,2025-08-07,2025-08-08,2025-08-11,1-2%,-1.197,42.92,43.44,tp_gap_filled,116.8262,5014.18,1.212,60.75,1
COP,2025-07-31,2025-08-01,2025-08-12,1-2%,-1.459,95.26,96.67,tp_gap_filled,52.3218,4984.17,1.48,73.77,7
COF,2025-08-01,2025-08-05,2025-08-12,1-2%,-1.595,211.57,215.0,tp_gap_filled,23.8952,5055.51,1.621,81.96,5
ADI,2025-07-31,2025-08-11,2025-08-12,1-2%,-1.225,228.28,231.11,tp_gap_filled,21.9134,5002.4,1.24,62.02,1
BAC,2025-08-01,2025-08-11,2025-08-12,1-2%,-1.925,46.36,47.27,tp_gap_filled,107.8039,4997.79,1.963,98.1,1
BF-B,2025-08-08,2025-08-11,2025-08-12,1-2%,-1.742,30.45,30.99,tp_gap_filled,164.0955,4996.71,1.773,88.61,1
DHR,2025-07-31,2025-08-11,2025-08-12,1-2%,-1.221,201.5,203.99,tp_gap_filled,24.8098,4999.17,1.236,61.78,1
LVS,2025-08-08,2025-08-11,2025-08-12,1-2%,-1.717,52.1,53.01,tp_gap_filled,95.9119,4997.01,1.747,87.28,1
AMP,2025-08-01,2025-08-04,2025-08-13,1-2%,-1.909,508.3,518.19,tp_gap_filled,9.9435,5054.28,1.946,98.34,7
MRK,2025-07-31,2025-08-05,2025-08-13,1-2%,-1.162,80.8,81.75,tp_gap_filled,62.5638,5055.15,1.176,59.44,6
PFG,2025-08-01,2025-08-05,2025-08-13,1-2%,-1.221,76.88,77.83,tp_gap_filled,65.7534,5055.12,1.236,62.47,6
BRK-B,2025-08-04,2025-08-06,2025-08-13,1-2%,-1.013,468.05,472.84,tp_gap_filled,10.7471,5030.18,1.023,51.48,5
LMT,2025-08-07,2025-08-08,2025-08-13,1-2%,-1.016,430.43,434.85,tp_gap_filled,11.6539,5016.17,1.027,51.51,3
AMD,2025-08-11,2025-08-12,2025-08-13,1-2%,-1.574,170.04,172.76,tp_gap_filled,29.7969,5066.66,1.6,81.05,1
ANET,2025-08-11,2025-08-12,2025-08-13,1-2%,-1.027,137.75,139.18,tp_gap_filled,36.8347,5073.98,1.038,52.67,1
DOV,2025-08-01,2025-08-12,2025-08-13,1-2%,-1.706,178.05,181.14,tp_gap_filled,28.5323,5080.18,1.735,88.16,1
GEV,2025-08-11,2025-08-12,2025-08-13,1-2%,-1.246,641.0,649.09,tp_gap_filled,7.9253,5080.1,1.262,64.12,1
DVN,2025-07-31,2025-08-06,2025-08-14,1-2%,-1.007,33.42,33.76,tp_gap_filled,150.529,5030.68,1.017,51.18,6
CFG,2025-07-31,2025-08-12,2025-08-14,1-2%,-1.417,48.0,48.69,tp_gap_filled,105.8421,5080.42,1.437,73.03,2
COR,2025-08-12,2025-08-13,2025-08-14,1-2%,-1.424,286.56,290.7,tp_gap_filled,17.8082,5103.12,1.445,73.73,1
MRVL,2025-08-12,2025-08-13,2025-08-14,1-2%,-1.203,76.35,77.28,tp_gap_filled,66.9138,5108.87,1.218,62.23,1
VRSN,2025-08-12,2025-08-13,2025-08-14,1-2%,-1.092,264.5,267.42,tp_gap_filled,19.3709,5123.6,1.104,56.56,1
FSLR,2025-05-15,2025-08-07,2025-08-15,1-2%,-1.285,190.5,192.98,tp_gap_filled,26.2026,4991.6,1.302,64.98,6
IQV,2025-07-31,2025-08-13,2025-08-15,1-2%,-1.363,188.93,191.54,tp_gap_filled,27.0318,5107.11,1.381,70.55,2
PRU,2025-07-11,2025-08-13,2025-08-15,1-2%,-1.073,106.0,107.15,tp_gap_filled,48.309,5120.75,1.085,55.56,2
YUM,2025-08-05,2025-08-13,2025-08-15,1-2%,-1.701,144.5,147.0,tp_gap_filled,35.4885,5128.09,1.73,88.72,2
CLX,2025-08-13,2025-08-14,2025-08-15,1-2%,-1.286,121.24,122.82,tp_gap_filled,42.0685,5100.39,1.303,66.47,1
AES,2025-08-14,2025-08-15,2025-08-18,1-2%,-1.686,12.83,13.05,tp_gap_filled,399.0451,5119.75,1.715,87.79,1
APTV,2025-08-14,2025-08-15,2025-08-18,1-2%,-1.834,73.35,74.72,tp_gap_filled,69.8962,5126.88,1.868,95.76,1
ARE,2025-08-14,2025-08-15,2025-08-18,1-2%,-1.52,73.84,74.98,tp_gap_filled,69.4716,5129.78,1.544,79.2,1
BKNG,2025-07-30,2025-07-31,2025-08-19,1-2%,-1.802,219.6,223.6308,tp_gap_filled,22.8827,5025.04,1.836,92.24,13
DDOG,2025-08-11,2025-08-12,2025-08-19,1-2%,-1.108,129.46,130.91,tp_gap_filled,39.2489,5081.16,1.12,56.91,5
BBY,2025-07-11,2025-08-13,2025-08-19,1-2%,-1.424,72.67,73.72,tp_gap_filled,70.2203,5102.91,1.445,73.73,4
PFE,2025-07-25,2025-08-13,2025-08-19,1-2%,-1.499,24.97,25.35,tp_gap_filled,204.9982,5118.81,1.522,77.9,4
AKAM,2025-08-14,2025-08-15,2025-08-19,1-2%,-1.365,74.41,75.44,tp_gap_filled,68.9333,5129.33,1.384,71.0,2
ALGN,2025-08-14,2025-08-15,2025-08-19,1-2%,-1.393,143.71,145.74,tp_gap_filled,35.6924,5129.36,1.413,72.46,2
FLEX,2025-08-14,2025-08-18,2025-08-19,1-2%,-1.37,49.66,50.35,tp_gap_filled,103.3041,5130.08,1.389,71.28,1
WAT,2025-07-31,2025-08-13,2025-08-20,1-2%,-1.358,295.01,299.07,tp_gap_filled,17.3774,5126.51,1.376,70.55,5
ADI,2025-08-14,2025-08-15,2025-08-20,1-2%,-1.166,234.86,237.63,tp_gap_filled,21.8142,5123.27,1.179,60.43,3
AMGN,2025-08-06,2025-08-15,2025-08-20,1-2%,-1.523,295.51,300.08,tp_gap_filled,17.3499,5127.08,1.546,79.29,3
HOOD,2025-08-18,2025-08-19,2025-08-20,1-2%,-1.025,113.0,103.96,stop,45.5613,5148.42,-8.0,-411.87,1
OXY,2025-08-18,2025-08-19,2025-08-21,1-2%,-1.412,43.98,44.61,tp_gap_filled,116.778,5135.89,1.432,73.57,2
CAH,2025-08-19,2025-08-20,2025-08-21,1-2%,-1.155,148.0,149.73,tp_gap_filled,34.6982,5135.33,1.169,60.03,1
CVX,2025-08-19,2025-08-20,2025-08-21,1-2%,-1.198,153.46,155.32,tp_gap_filled,33.5196,5143.92,1.212,62.35,1
EQT,2025-08-19,2025-08-20,2025-08-21,1-2%,-1.188,49.9,50.5,tp_gap_filled,103.0765,5143.52,1.202,61.85,1
AXP,2025-07-18,2025-07-25,2025-08-22,1-2%,-1.107,311.86,315.35,tp_gap_filled,16.5873,5172.91,1.119,57.89,20
UNP,2025-07-29,2025-07-30,2025-08-22,1-2%,-1.243,226.39,229.24,tp_gap_filled,22.3014,5048.81,1.259,63.56,17
AMT,2025-07-30,2025-08-01,2025-08-22,1-2%,-1.467,211.56,214.71,tp_gap_filled,23.5703,4986.52,1.489,74.25,15
CAT,2025-08-05,2025-08-06,2025-08-22,1-2%,-1.395,427.65,433.7,tp_gap_filled,11.7634,5030.64,1.415,71.17,12
RMD,2025-08-05,2025-08-12,2025-08-22,1-2%,-1.726,286.41,291.44,tp_gap_filled,17.7599,5086.61,1.756,89.33,8
AOS,2025-08-14,2025-08-15,2025-08-22,1-2%,-1.548,72.5,73.64,tp_gap_filled,70.7298,5127.91,1.572,80.63,5
AVY,2025-08-14,2025-08-15,2025-08-22,1-2%,-1.064,177.52,179.43,tp_gap_filled,28.941,5137.6,1.076,55.28,5
LULU,2025-07-31,2025-08-18,2025-08-22,1-2%,-1.211,203.97,206.47,tp_gap_filled,25.15,5129.84,1.226,62.87,4
COIN,2025-08-18,2025-08-19,2025-08-22,1-2%,-1.912,311.48,317.55,tp_gap_filled,16.5541,5156.27,1.949,100.48,3
SNDK,2025-08-14,2025-08-19,2025-08-22,1-2%,-1.234,46.43,47.01,tp_gap_filled,110.6133,5135.78,1.249,64.16,3
TER,2025-08-14,2025-08-19,2025-08-22,1-2%,-1.324,112.5,114.01,tp_gap_filled,45.5604,5125.55,1.342,68.8,3
AMCR,2025-08-18,2025-08-20,2025-08-22,1-2%,-1.26,43.1,43.65,tp_gap_filled,119.1837,5136.82,1.276,65.55,2
ANET,2025-08-20,2025-08-21,2025-08-22,1-2%,-1.115,131.3,132.78,tp_gap_filled,39.2056,5147.69,1.127,58.02,1
APP,2025-08-19,2025-08-21,2025-08-22,1-2%,-1.801,430.64,438.54,tp_gap_filled,11.9569,5149.12,1.834,94.46,1
CEG,2025-08-20,2025-08-21,2025-08-22,1-2%,-1.043,313.925,317.235,tp_gap_filled,16.3798,5142.02,1.054,54.22,1
EME,2025-08-20,2025-08-21,2025-08-22,1-2%,-1.169,600.0,607.1,tp_gap_filled,8.5681,5140.87,1.183,60.83,1
APTV,2025-08-20,2025-08-22,2025-08-25,1-2%,-1.3,75.15,76.14,tp_gap_filled,69.9031,5253.22,1.317,69.2,1
BBY,2025-08-20,2025-08-22,2025-08-25,1-2%,-1.484,73.0,74.1,tp_gap_filled,72.0573,5260.18,1.507,79.26,1
CVNA,2025-08-21,2025-08-22,2025-08-25,1-2%,-1.066,67.0,67.722,tp_gap_filled,78.6643,5270.51,1.078,56.8,1
DAL,2025-08-20,2025-08-22,2025-08-25,1-2%,-1.074,59.85,60.5,tp_gap_filled,88.3618,5288.45,1.086,57.44,1
DOV,2025-08-14,2025-08-22,2025-08-25,1-2%,-1.127,180.77,182.83,tp_gap_filled,29.3001,5296.58,1.14,60.36,1
EL,2025-08-21,2025-08-22,2025-08-25,1-2%,-1.617,85.17,86.57,tp_gap_filled,62.2279,5299.95,1.644,87.12,1
INTC,2025-08-20,2025-08-22,2025-08-25,1-2%,-1.62,24.9,25.31,tp_gap_filled,213.7101,5321.38,1.647,87.62,1
LUV,2025-08-20,2025-08-22,2025-08-25,1-2%,-1.14,31.23,31.59,tp_gap_filled,170.3605,5320.36,1.153,61.33,1
MPWR,2025-08-21,2025-08-22,2025-08-25,1-2%,-1.458,814.22,826.27,tp_gap_filled,6.5504,5333.48,1.48,78.93,1
MRNA,2025-08-21,2025-08-22,2025-08-25,1-2%,-1.264,26.55,26.89,tp_gap_filled,201.2516,5343.23,1.281,68.43,1
CCI,2025-07-30,2025-08-01,2025-08-26,1-2%,-1.107,108.12,99.4704,stop,46.125,4987.03,-8.0,-398.96,17
AZO,2025-08-21,2025-08-22,2025-08-26,1-2%,-1.174,4109.29,4158.1001,tp_gap_filled,1.2801,5260.1,1.188,62.48,2
ANET,2025-08-22,2025-08-25,2025-08-26,1-2%,-1.007,130.7,132.03,tp_gap_filled,40.3169,5269.42,1.018,53.62,1
NEM,2025-08-22,2025-08-25,2025-08-26,1-2%,-1.298,69.18,70.09,tp_gap_filled,76.1881,5270.69,1.315,69.33,1
NVDA,2025-08-22,2025-08-25,2025-08-26,1-2%,-1.354,172.61,174.98,tp_gap_filled,30.5776,5278.01,1.373,72.47,1
SMCI,2025-08-22,2025-08-25,2025-08-26,1-2%,-1.56,41.65,42.31,tp_gap_filled,126.9871,5289.01,1.585,83.81,1
BKR,2025-08-01,2025-08-22,2025-08-27,1-2%,-1.287,44.47,45.05,tp_gap_filled,118.4797,5268.79,1.304,68.72,3
HUBB,2025-08-14,2025-08-22,2025-08-27,1-2%,-1.009,439.47,443.95,tp_gap_filled,12.1067,5320.55,1.019,54.24,3
DGX,2025-08-25,2025-08-26,2025-08-27,1-2%,-1.67,177.22,180.23,tp_gap_filled,29.8036,5281.8,1.698,89.71,1
ECHO,2025-07-31,2025-08-26,2025-08-27,1-2%,-1.432,32.35,32.82,tp_gap_filled,163.4151,5286.48,1.453,76.81,1
LUV,2025-08-25,2025-08-26,2025-08-27,1-2%,-1.068,32.42,32.77,tp_gap_filled,167.7298,5437.8,1.08,58.71,1
PCAR,2025-08-25,2025-08-26,2025-08-27,1-2%,-1.123,100.36,101.5,tp_gap_filled,54.2648,5446.02,1.136,61.86,1
UBER,2025-08-25,2025-08-26,2025-08-27,1-2%,-1.167,95.66,96.79,tp_gap_filled,56.9279,5445.72,1.181,64.33,1
GEV,2025-08-14,2025-08-18,2025-08-28,1-2%,-1.152,627.0,634.31,tp_gap_filled,8.1829,5130.65,1.166,59.82,8
AVGO,2025-08-18,2025-08-19,2025-08-28,1-2%,-1.188,302.7,306.34,tp_gap_filled,17.0562,5162.91,1.203,62.08,7
AXON,2025-08-19,2025-08-22,2025-08-28,1-2%,-1.489,779.83,791.62,tp_gap_filled,6.7511,5264.69,1.512,79.59,4
BF-B,2025-08-25,2025-08-26,2025-08-28,1-2%,-1.408,30.82,31.26,tp_gap_filled,171.6704,5290.88,1.428,75.54,2
COHR,2025-08-18,2025-08-26,2025-08-28,1-2%,-1.413,92.08,93.4,tp_gap_filled,57.3791,5283.47,1.434,75.74,2
CSCO,2025-08-15,2025-08-26,2025-08-28,1-2%,-1.227,68.45,69.3,tp_gap_filled,77.1663,5282.03,1.242,65.59,2
APA,2025-08-26,2025-08-27,2025-08-28,1-2%,-1.208,22.09,22.36,tp_gap_filled,240.2783,5307.75,1.222,64.88,1
CIEN,2025-08-14,2025-08-27,2025-08-28,1-2%,-1.88,92.88,94.66,tp_gap_filled,57.175,5310.41,1.916,101.77,1
CSX,2025-08-26,2025-08-27,2025-08-28,1-2%,-1.524,32.31,32.81,tp_gap_filled,164.3457,5310.01,1.548,82.17,1
DVN,2025-08-26,2025-08-27,2025-08-28,1-2%,-1.006,35.41,35.77,tp_gap_filled,150.0113,5311.9,1.017,54.0,1
HAL,2025-08-26,2025-08-27,2025-08-28,1-2%,-1.477,22.01,22.34,tp_gap_filled,241.219,5309.23,1.499,79.6,1
SW,2025-08-27,2025-08-28,2025-08-29,1-2%,-1.058,45.81,46.3,tp_gap_filled,116.4573,5334.91,1.07,57.06,1
IBKR,2025-08-27,2025-08-28,2025-09-02,1-2%,-1.137,62.58,63.3,tp_gap_filled,85.3206,5339.36,1.151,61.43,2
RL,2025-08-14,2025-08-28,2025-09-02,1-2%,-1.393,297.93,302.14,tp_gap_filled,17.9075,5335.17,1.413,75.39,2
VRT,2025-08-19,2025-08-28,2025-09-02,1-2%,-1.975,133.01,122.3692,stop,40.1345,5338.29,-8.0,-427.06,2
ALB,2025-08-28,2025-08-29,2025-09-02,1-2%,-1.118,86.7,79.764,stop,61.3192,5316.38,-8.0,-425.31,1
ANET,2025-08-28,2025-08-29,2025-09-02,1-2%,-1.328,131.5,133.27,tp_gap_filled,40.3872,5310.92,1.346,71.49,1
EL,2025-08-29,2025-09-02,2025-09-03,1-2%,-1.504,90.39,91.77,tp_gap_filled,57.9816,5240.96,1.527,80.01,1
VLO,2025-07-11,2025-09-02,2025-09-03,1-2%,-1.001,153.26,154.81,tp_gap_filled,34.2041,5242.12,1.011,53.02,1
GNRC,2025-08-26,2025-08-27,2025-09-04,1-2%,-1.852,189.7,174.524,stop,28.0075,5313.02,-8.0,-425.04,5
MCHP,2025-08-27,2025-08-28,2025-09-04,1-2%,-1.006,66.94,61.5848,stop,79.7762,5340.22,-8.0,-427.22,4
FICO,2025-07-31,2025-08-29,2025-09-04,1-2%,-1.034,1512.0,1527.8,tp_gap_filled,3.5193,5321.12,1.045,55.6,3
AAPL,2025-09-02,2025-09-03,2025-09-04,1-2%,-1.245,229.25,232.14,tp_gap_filled,22.8565,5239.86,1.261,66.06,1
ALLE,2025-09-02,2025-09-03,2025-09-04,1-2%,-1.502,167.25,169.8,tp_gap_filled,31.366,5245.96,1.525,79.98,1
APH,2025-09-02,2025-09-03,2025-09-04,1-2%,-1.81,53.445,54.43,tp_gap_filled,98.1691,5246.65,1.843,96.7,1
BLDR,2025-08-25,2025-08-26,2025-09-05,1-2%,-1.571,142.18,144.45,tp_gap_filled,37.154,5282.55,1.597,84.34,7
DOW,2025-08-29,2025-09-02,2025-09-05,1-2%,-1.14,24.29,24.57,tp_gap_filled,215.7129,5239.67,1.153,60.4,3
ADP,2025-09-03,2025-09-04,2025-09-05,1-2%,-1.067,296.57,299.77,tp_gap_filled,17.6749,5241.83,1.079,56.56,1
AIZ,2025-09-03,2025-09-04,2025-09-05,1-2%,-1.044,212.33,214.57,tp_gap_filled,24.7064,5245.91,1.055,55.34,1
COHR,2025-08-29,2025-09-04,2025-09-05,1-2%,-1.261,94.0,95.2,tp_gap_filled,55.8625,5251.08,1.277,67.03,1
DOV,2025-09-02,2025-09-04,2025-09-05,1-2%,-1.208,176.7,178.86,tp_gap_filled,29.7383,5254.76,1.222,64.23,1
GEHC,2025-09-02,2025-09-04,2025-09-05,1-2%,-1.031,72.97,73.73,tp_gap_filled,72.0464,5257.23,1.042,54.76,1
CCI,2025-08-26,2025-08-27,2025-09-08,1-2%,-1.923,100.99,92.9108,stop,52.6054,5312.62,-8.0,-425.01,7
DG,2025-09-03,2025-09-04,2025-09-08,1-2%,-1.512,108.79,110.46,tp_gap_filled,48.3096,5255.6,1.535,80.68,2
AKAM,2025-09-02,2025-09-05,2025-09-08,1-2%,-1.213,78.17,79.13,tp_gap_filled,67.5293,5278.77,1.228,64.83,1
CARR,2025-09-02,2025-09-05,2025-09-08,1-2%,-1.595,64.16,65.2,tp_gap_filled,82.2972,5280.19,1.621,85.59,1
CRWD,2025-09-02,2025-09-05,2025-09-08,1-2%,-1.556,104.2773,105.925,tp_gap_filled,50.6523,5281.88,1.58,83.46,1
GEN,2025-09-02,2025-09-08,2025-09-09,1-2%,-1.192,29.84,30.2,tp_gap_filled,176.0863,5254.42,1.206,63.39,1
JBL,2025-08-19,2025-08-25,2025-09-10,1-2%,-1.883,211.6,215.66,tp_gap_filled,24.925,5274.13,1.919,101.2,11
APO,2025-09-02,2025-09-03,2025-09-10,1-2%,-1.38,134.35,136.23,tp_gap_filled,39.1215,5255.97,1.399,73.55,5
CBOE,2025-09-04,2025-09-05,2025-09-10,1-2%,-1.147,232.71,235.41,tp_gap_filled,22.7139,5285.75,1.16,61.33,3
HAL,2025-09-05,2025-09-08,2025-09-10,1-2%,-1.647,22.1,22.47,tp_gap_filled,237.7842,5255.03,1.674,87.98,2
FTV,2025-07-31,2025-08-22,2025-09-11,1-2%,-1.329,48.99,49.65,tp_gap_filled,108.5693,5318.81,1.347,71.66,13
AMCR,2025-09-05,2025-09-08,2025-09-11,1-2%,-1.078,41.3,41.75,tp_gap_filled,127.4614,5264.16,1.09,57.36,3
AEE,2025-09-09,2025-09-10,2025-09-11,1-2%,-1.02,98.97,99.99,tp_gap_filled,52.9016,5235.67,1.031,53.96,1
CASY,2025-09-09,2025-09-10,2025-09-11,1-2%,-1.388,514.26,521.5,tp_gap_filled,10.1676,5228.79,1.408,73.61,1
DELL,2025-09-09,2025-09-10,2025-09-11,1-2%,-1.732,120.87,123.0,tp_gap_filled,43.3616,5241.11,1.762,92.36,1
APA,2025-09-05,2025-09-08,2025-09-12,1-2%,-1.877,23.0,23.44,tp_gap_filled,228.821,5262.88,1.913,100.68,4
BBY,2025-09-10,2025-09-11,2025-09-12,1-2%,-1.194,76.1,77.02,tp_gap_filled,69.7041,5304.48,1.209,64.13,1
BXP,2025-09-09,2025-09-11,2025-09-12,1-2%,-1.042,75.0,75.79,tp_gap_filled,70.8436,5313.27,1.053,55.97,1
ELV,2025-09-10,2025-09-11,2025-09-12,1-2%,-1.546,310.22,315.09,tp_gap_filled,17.1332,5315.05,1.57,83.44,1
KHC,2025-07-31,2025-08-22,2025-09-15,1-2%,-1.527,28.055,25.8106,stop,189.6386,5320.31,-8.0,-425.62,15
FDX,2025-09-11,2025-09-12,2025-09-15,1-2%,-1.493,179.1458,181.8614,tp_gap_filled,29.3531,5258.48,1.516,79.71,1
TPL,2025-09-11,2025-09-12,2025-09-15,1-2%,-1.0,309.4167,312.5433,tp_gap_filled,17.0219,5266.86,1.011,53.22,1
UPS,2025-09-11,2025-09-12,2025-09-15,1-2%,-1.693,82.43,83.85,tp_gap_filled,63.9256,5269.39,1.723,90.77,1
EL,2025-09-10,2025-09-11,2025-09-16,1-2%,-1.172,87.66,88.7,tp_gap_filled,60.6619,5317.63,1.186,63.09,3
OXY,2025-09-11,2025-09-12,2025-09-16,1-2%,-1.317,45.7,46.31,tp_gap_filled,115.2523,5267.03,1.335,70.3,2
ALB,2025-09-12,2025-09-15,2025-09-16,1-2%,-1.079,74.24,75.05,tp_gap_filled,70.7281,5250.86,1.091,57.29,1
COHR,2025-09-12,2025-09-15,2025-09-16,1-2%,-1.836,101.61,103.51,tp_gap_filled,51.9132,5274.9,1.87,98.64,1
ON,2025-08-27,2025-08-28,2025-09-17,1-2%,-1.039,50.46,50.99,tp_gap_filled,105.6971,5333.48,1.05,56.02,13
AMT,2025-09-08,2025-09-09,2025-09-17,1-2%,-1.987,194.38,198.32,tp_gap_filled,26.944,5237.38,2.027,106.16,6
BLDR,2025-09-09,2025-09-11,2025-09-17,1-2%,-1.109,146.25,134.55,stop,36.3262,5312.71,-8.0,-425.02,4
CSCO,2025-09-12,2025-09-15,2025-09-17,1-2%,-1.197,66.88,67.69,tp_gap_filled,79.0547,5287.18,1.211,64.03,2
FCX,2025-09-12,2025-09-15,2025-09-17,1-2%,-1.568,45.2,45.92,tp_gap_filled,116.9853,5287.73,1.593,84.23,2
MCHP,2025-09-15,2025-09-16,2025-09-17,1-2%,-1.082,64.0,64.7,tp_gap_filled,82.1759,5259.26,1.094,57.52,1
NEM,2025-09-15,2025-09-16,2025-09-17,1-2%,-1.186,78.31,79.25,tp_gap_filled,67.2,5262.44,1.2,63.17,1
ADI,2025-09-02,2025-09-03,2025-09-18,1-2%,-1.914,246.5,251.31,tp_gap_filled,21.2998,5250.39,1.951,102.45,11
META,2025-08-18,2025-09-16,2025-09-18,1-2%,-1.291,775.09,785.23,tp_gap_filled,6.7877,5261.11,1.308,68.83,2
CRL,2025-09-16,2025-09-17,2025-09-18,1-2%,-1.104,150.56,152.24,tp_gap_filled,35.0406,5275.71,1.116,58.87,1
AMAT,2025-08-14,2025-09-18,2025-09-19,1-2%,-1.142,187.86,190.03,tp_gap_filled,28.017,5263.28,1.155,60.8,1
GIS,2025-09-17,2025-09-18,2025-09-19,1-2%,-1.715,48.71,49.56,tp_gap_filled,108.108,5265.94,1.745,91.89,1
LITE,2025-09-17,2025-09-18,2025-09-19,1-2%,-1.281,168.71,170.9,tp_gap_filled,31.2495,5272.11,1.298,68.44,1
JBHT,2025-09-05,2025-09-08,2025-09-22,1-2%,-1.659,142.87,131.4404,stop,36.7545,5251.11,-8.0,-420.09,10
HUM,2025-09-16,2025-09-17,2025-09-22,1-2%,-1.242,272.0,250.24,stop,19.3858,5272.95,-8.0,-421.84,3
AWK,2025-09-18,2025-09-19,2025-09-22,1-2%,-1.44,134.13,136.09,tp_gap_filled,38.9953,5230.44,1.461,76.43,1
EG,2025-09-16,2025-09-17,2025-09-23,1-2%,-1.492,334.77,339.84,tp_gap_filled,15.7613,5276.4,1.514,79.91,4
CBOE,2025-09-19,2025-09-22,2025-09-23,1-2%,-1.169,231.69,234.43,tp_gap_filled,22.5047,5214.1,1.183,61.66,1
BEN,2025-08-14,2025-08-27,2025-09-24,1-2%,-1.076,25.75,23.69,stop,206.3594,5313.75,-8.0,-425.1,19
CPAY,2025-09-02,2025-09-05,2025-09-24,1-2%,-1.382,321.17,295.4764,stop,16.4573,5285.6,-8.0,-422.85,13
CARR,2025-09-09,2025-09-10,2025-09-24,1-2%,-1.844,64.4,59.248,stop,81.3123,5236.51,-8.0,-418.92,10
ACGL,2025-09-16,2025-09-19,2025-09-24,1-2%,-1.002,88.96,89.86,tp_gap_filled,58.814,5232.09,1.012,52.93,3
ALB,2025-09-22,2025-09-23,2025-09-24,1-2%,-1.711,80.44,81.84,tp_gap_filled,64.8575,5217.14,1.74,90.8,1
APA,2025-09-22,2025-09-23,2025-09-24,1-2%,-1.022,23.24,23.48,tp_gap_filled,224.4449,5216.1,1.033,53.87,1
APO,2025-09-22,2025-09-23,2025-09-24,1-2%,-1.831,142.1,144.75,tp_gap_filled,36.7665,5224.52,1.865,97.43,1
ATO,2025-08-25,2025-08-26,2025-09-25,1-2%,-1.058,166.43,168.21,tp_gap_filled,31.7944,5291.55,1.07,56.59,21
BAX,2025-09-02,2025-09-05,2025-09-25,1-2%,-1.134,24.41,22.4572,stop,216.3082,5280.08,-8.0,-422.41,14
AMT,2025-09-18,2025-09-22,2025-09-25,1-2%,-1.009,195.23,197.22,tp_gap_filled,26.7213,5216.8,1.019,53.18,3
DVN,2025-09-03,2025-09-17,2025-09-26,1-2%,-1.62,35.83,36.42,tp_gap_filled,147.3484,5279.49,1.647,86.94,7
FANG,2025-09-03,2025-09-24,2025-09-26,1-2%,-1.234,148.01,149.86,tp_gap_filled,35.4429,5245.9,1.25,65.57,2
HD,2025-09-24,2025-09-25,2025-09-26,1-2%,-1.003,406.79,410.91,tp_gap_filled,12.8245,5216.86,1.013,52.84,1
WSM,2025-09-24,2025-09-25,2025-09-26,1-2%,-1.123,198.13,200.38,tp_gap_filled,26.3326,5217.29,1.136,59.25,1
LRCX,2025-09-23,2025-09-24,2025-09-29,1-2%,-1.853,129.75,132.2,tp_gap_filled,40.3844,5239.87,1.888,98.94,3
PWR,2025-07-31,2025-09-24,2025-09-29,1-2%,-1.221,406.09,411.11,tp_gap_filled,12.8887,5233.98,1.236,64.7,3
ADBE,2025-09-24,2025-09-25,2025-09-29,1-2%,-1.708,355.6,361.78,tp_gap_filled,14.6725,5217.54,1.738,90.68,2
AMAT,2025-09-25,2025-09-26,2025-09-29,1-2%,-1.191,199.04,201.44,tp_gap_filled,26.4587,5266.34,1.206,63.5,1
APH,2025-09-25,2025-09-26,2025-09-29,1-2%,-1.649,60.55,61.565,tp_gap_filled,87.1901,5279.36,1.676,88.5,1
APO,2025-09-25,2025-09-26,2025-09-29,1-2%,-1.407,135.23,137.16,tp_gap_filled,39.0641,5282.63,1.427,75.39,1
FISV,2025-07-31,2025-08-19,2025-09-30,1-2%,-1.214,139.14,128.0088,stop,37.0022,5148.48,-8.0,-411.88,29
WST,2025-09-12,2025-09-17,2025-09-30,1-2%,-1.069,260.92,263.74,tp_gap_filled,20.1952,5269.34,1.081,56.95,9
ALB,2025-09-26,2025-09-29,2025-09-30,1-2%,-1.085,83.91,84.83,tp_gap_filled,63.2533,5307.59,1.096,58.19,1
ETN,2025-09-25,2025-09-29,2025-09-30,1-2%,-1.437,366.86,372.21,tp_gap_filled,14.4834,5313.38,1.458,77.49,1
LITE,2025-09-26,2025-09-29,2025-09-30,1-2%,-1.1,157.36,159.11,tp_gap_filled,33.7671,5313.59,1.112,59.09,1
CRM,2025-08-01,2025-08-28,2025-10-01,1-2%,-1.293,254.99,234.5908,stop,20.9414,5339.85,-8.0,-427.19,23
AES,2025-09-02,2025-09-03,2025-10-01,1-2%,-1.403,13.35,13.54,tp_gap_filled,393.1324,5248.32,1.423,74.69,20
PHM,2025-09-19,2025-09-24,2025-10-01,1-2%,-1.253,132.42,134.1,tp_gap_filled,39.5483,5236.99,1.269,66.44,5
BXP,2025-09-24,2025-09-25,2025-10-01,1-2%,-1.234,75.25,76.19,tp_gap_filled,69.322,5216.48,1.249,65.16,4
APA,2025-09-25,2025-09-26,2025-10-01,1-2%,-1.351,24.09,24.42,tp_gap_filled,218.8791,5272.8,1.37,72.23,3
AAPL,2025-09-26,2025-09-29,2025-10-01,1-2%,-1.078,254.1,256.87,tp_gap_filled,20.8864,5307.24,1.09,57.86,2
CEG,2025-09-25,2025-09-29,2025-10-01,1-2%,-1.218,335.0,339.13,tp_gap_filled,15.8626,5313.96,1.233,65.51,2
TPR,2025-09-25,2025-09-30,2025-10-01,1-2%,-1.587,111.62,113.42,tp_gap_filled,47.4195,5292.97,1.613,85.35,1
LYV,2025-09-16,2025-09-17,2025-10-02,1-2%,-1.34,170.07,156.4644,stop,30.9897,5270.42,-8.0,-421.63,11
ALGN,2025-09-25,2025-09-26,2025-10-02,1-2%,-1.904,125.74,128.18,tp_gap_filled,41.8753,5265.4,1.941,102.18,4
ALB,2025-09-30,2025-10-01,2025-10-02,1-2%,-1.588,85.5,86.88,tp_gap_filled,62.0919,5308.86,1.614,85.69,1
COIN,2025-09-30,2025-10-01,2025-10-02,1-2%,-1.195,330.0,333.99,tp_gap_filled,16.0635,5300.97,1.209,64.09,1
ECHO,2025-09-11,2025-10-01,2025-10-02,1-2%,-1.039,79.06,79.89,tp_gap_filled,67.241,5316.08,1.05,55.81,1
INTC,2025-09-30,2025-10-01,2025-10-02,1-2%,-1.595,33.93,34.48,tp_gap_filled,156.6802,5316.16,1.621,86.17,1
NEM,2025-09-30,2025-10-01,2025-10-02,1-2%,-1.147,83.57,84.54,tp_gap_filled,63.8017,5331.91,1.161,61.89,1
EXPD,2025-09-19,2025-09-24,2025-10-03,1-2%,-1.58,122.09,124.05,tp_gap_filled,42.987,5248.28,1.605,84.25,7
ARE,2025-09-30,2025-10-01,2025-10-03,1-2%,-1.741,82.95,84.42,tp_gap_filled,63.9621,5305.66,1.772,94.02,2
BEN,2025-09-30,2025-10-01,2025-10-03,1-2%,-1.198,23.09,23.37,tp_gap_filled,229.8522,5307.29,1.213,64.36,2
AMZN,2025-10-01,2025-10-02,2025-10-03,1-2%,-1.007,217.36,219.57,tp_gap_filled,24.3914,5301.71,1.017,53.91,1
APA,2025-10-01,2025-10-02,2025-10-03,1-2%,-1.565,23.9,24.28,tp_gap_filled,222.0864,5307.87,1.59,84.39,1
AXON,2025-10-01,2025-10-02,2025-10-03,1-2%,-1.254,708.64,717.64,tp_gap_filled,7.4915,5308.77,1.27,67.42,1
BLDR,2025-09-19,2025-10-02,2025-10-03,1-2%,-1.14,127.46,128.93,tp_gap_filled,41.6854,5313.22,1.153,61.28,1
BLK,2025-10-01,2025-10-02,2025-10-03,1-2%,-1.018,1154.0,1165.87,tp_gap_filled,4.6046,5313.76,1.029,54.66,1
CRWD,2025-09-22,2025-10-01,2025-10-06,1-2%,-1.303,124.0,125.6375,tp_gap_filled,42.8545,5313.95,1.321,70.17,3
ADBE,2025-10-01,2025-10-02,2025-10-06,1-2%,-1.585,347.16,352.75,tp_gap_filled,15.2622,5298.41,1.61,85.32,2
APD,2025-10-01,2025-10-02,2025-10-06,1-2%,-1.195,269.46,272.72,tp_gap_filled,19.6973,5307.64,1.21,64.21,2
ELV,2025-10-02,2025-10-03,2025-10-06,1-2%,-1.1,329.0,332.66,tp_gap_filled,16.1505,5313.51,1.112,59.11,1
EW,2025-10-02,2025-10-03,2025-10-06,1-2%,-1.088,75.48,76.31,tp_gap_filled,70.6262,5330.87,1.1,58.62,1
FIS,2025-09-10,2025-09-17,2025-10-07,1-2%,-1.209,67.81,68.64,tp_gap_filled,77.7985,5275.52,1.224,64.57,14
AMAT,2025-10-03,2025-10-06,2025-10-07,1-2%,-1.646,219.91,223.59,tp_gap_filled,24.198,5321.39,1.673,89.05,1
AMD,2025-08-19,2025-10-06,2025-10-07,1-2%,-1.726,173.1,176.14,tp_gap_filled,30.7697,5326.23,1.756,93.54,1
PYPL,2025-10-03,2025-10-06,2025-10-07,1-2%,-1.204,68.1,68.93,tp_gap_filled,78.7981,5366.15,1.219,65.4,1
CAH,2025-10-02,2025-10-03,2025-10-08,1-2%,-1.013,156.33,157.93,tp_gap_filled,34.0474,5322.63,1.023,54.48,3
NFLX,2025-10-01,2025-10-07,2025-10-08,1-2%,-1.954,117.549,119.892,tp_gap_filled,45.2203,5315.61,1.993,105.95,1
COST,2025-09-26,2025-09-30,2025-10-09,1-2%,-1.883,925.55,943.31,tp_gap_filled,5.717,5291.38,1.919,101.53,7
COR,2025-10-02,2025-10-03,2025-10-09,1-2%,-1.126,308.26,311.77,tp_gap_filled,17.2525,5318.25,1.139,60.56,4
CTAS,2025-09-02,2025-09-05,2025-10-10,1-2%,-1.186,207.54,190.9368,stop,25.4515,5282.21,-8.0,-422.58,25
OXY,2025-09-30,2025-10-01,2025-10-10,1-2%,-1.372,47.44,43.6448,stop,112.5527,5339.5,-8.0,-427.16,7
INTC,2025-10-08,2025-10-09,2025-10-10,1-2%,-1.668,36.55,37.17,tp_gap_filled,144.7779,5291.63,1.696,89.76,1
NOW,2025-10-09,2025-10-10,2025-10-13,1-2%,-1.14,180.78,182.864,tp_gap_filled,28.3894,5132.23,1.153,59.16,1
CDNS,2025-09-25,2025-09-29,2025-10-14,1-2%,-1.244,352.52,324.3184,stop,15.0828,5316.98,-8.0,-425.36,11
HPQ,2025-09-25,2025-09-30,2025-10-14,1-2%,-1.564,27.07,27.5,tp_gap_filled,195.4711,5291.4,1.588,84.05,10
SMCI,2025-10-09,2025-10-10,2025-10-14,1-2%,-1.789,57.63,53.0196,stop,88.9801,5127.92,-8.0,-410.23,2
ALB,2025-10-10,2025-10-13,2025-10-14,1-2%,-1.14,95.4,96.5,tp_gap_filled,54.578,5206.74,1.153,60.04,1
NTAP,2025-09-25,2025-10-07,2025-10-15,1-2%,-1.12,121.87,123.25,tp_gap_filled,43.6459,5319.13,1.132,60.23,6
KLAC,2025-10-08,2025-10-09,2025-10-15,1-2%,-1.957,106.351,108.474,tp_gap_filled,49.8414,5300.68,1.996,105.81,4
AWK,2025-10-13,2025-10-14,2025-10-15,1-2%,-1.385,141.0,142.98,tp_gap_filled,37.1413,5236.92,1.404,73.54,1
CCI,2025-10-13,2025-10-14,2025-10-15,1-2%,-1.414,96.2,97.58,tp_gap_filled,54.4487,5237.96,1.435,75.14,1
AMT,2025-10-02,2025-10-03,2025-10-16,1-2%,-1.226,190.95,193.32,tp_gap_filled,27.8799,5323.67,1.241,66.08,9
FITB,2025-09-30,2025-10-06,2025-10-16,1-2%,-1.035,44.93,41.3356,stop,119.5853,5372.97,-8.0,-429.84,8
MU,2025-10-09,2025-10-10,2025-10-16,1-2%,-1.816,192.97,196.54,tp_gap_filled,26.6746,5147.4,1.85,95.23,4
CHD,2025-10-13,2025-10-14,2025-10-16,1-2%,-1.186,86.66,87.7,tp_gap_filled,60.4769,5240.93,1.2,62.9,2
A,2025-10-14,2025-10-15,2025-10-16,1-2%,-1.418,136.27,138.23,tp_gap_filled,38.6504,5266.89,1.438,75.75,1
ADI,2025-10-14,2025-10-15,2025-10-16,1-2%,-1.5,231.15,234.67,tp_gap_filled,22.7982,5269.81,1.523,80.25,1
ADM,2025-10-14,2025-10-15,2025-10-16,1-2%,-1.444,60.75,61.64,tp_gap_filled,86.8772,5277.79,1.465,77.32,1
EFX,2025-10-15,2025-10-16,2025-10-17,1-2%,-1.064,225.9,228.33,tp_gap_filled,23.2427,5250.52,1.076,56.48,1
ZTS,2025-10-15,2025-10-16,2025-10-17,1-2%,-1.443,141.39,143.46,tp_gap_filled,37.07,5241.32,1.464,76.74,1
ADBE,2025-10-14,2025-10-15,2025-10-20,1-2%,-1.208,335.22,339.32,tp_gap_filled,15.7312,5273.42,1.223,64.5,3
MAA,2025-10-15,2025-10-16,2025-10-20,1-2%,-1.241,132.1,133.76,tp_gap_filled,39.758,5252.03,1.257,66.0,2
EG,2025-10-16,2025-10-17,2025-10-20,1-2%,-1.595,342.99,348.55,tp_gap_filled,15.3861,5277.3,1.621,85.55,1
LEN,2025-10-07,2025-10-17,2025-10-20,1-2%,-1.891,124.0,126.39,tp_gap_filled,42.5969,5282.02,1.927,101.81,1
WAT,2025-10-16,2025-10-17,2025-10-20,1-2%,-1.357,327.9,332.41,tp_gap_filled,16.1215,5286.25,1.375,72.71,1
GEHC,2025-10-07,2025-10-08,2025-10-21,1-2%,-1.675,75.13,76.41,tp_gap_filled,70.8427,5322.41,1.704,90.68,9
FDX,2025-10-08,2025-10-09,2025-10-21,1-2%,-1.708,191.9339,195.2699,tp_gap_filled,27.577,5292.95,1.738,92.0,8
CINF,2025-10-16,2025-10-17,2025-10-21,1-2%,-1.516,153.98,156.35,tp_gap_filled,34.2833,5278.94,1.539,81.25,2
AXON,2025-10-17,2025-10-20,2025-10-21,1-2%,-1.021,645.51,652.17,tp_gap_filled,8.258,5330.64,1.032,55.0,1
INTU,2025-10-06,2025-10-07,2025-10-22,1-2%,-1.9,667.02,679.94,tp_gap_filled,7.9746,5319.21,1.937,103.03,11
MKC,2025-10-07,2025-10-17,2025-10-22,1-2%,-1.23,67.45,68.29,tp_gap_filled,78.3676,5285.9,1.245,65.83,3
HUM,2025-10-10,2025-10-21,2025-10-22,1-2%,-1.593,285.97,290.6,tp_gap_filled,18.679,5341.63,1.619,86.48,1
ALB,2025-10-17,2025-10-20,2025-10-23,1-2%,-1.952,93.43,95.29,tp_gap_filled,56.9753,5323.2,1.991,105.97,3
CDW,2025-10-21,2025-10-22,2025-10-23,1-2%,-1.017,153.8,155.38,tp_gap_filled,34.6686,5332.04,1.027,54.78,1
FRT,2025-10-01,2025-10-03,2025-10-24,1-2%,-1.392,99.9,101.31,tp_gap_filled,53.4182,5336.48,1.411,75.32,15
AVGO,2025-10-17,2025-10-20,2025-10-24,1-2%,-1.282,349.61,354.15,tp_gap_filled,15.2482,5330.92,1.299,69.23,4
CMI,2025-10-17,2025-10-21,2025-10-24,1-2%,-1.01,418.4,422.67,tp_gap_filled,12.7644,5340.62,1.021,54.5,3
F,2025-10-07,2025-10-21,2025-10-24,1-2%,-1.575,12.5,12.7,tp_gap_filled,427.228,5340.35,1.6,85.45,3
KEYS,2025-10-10,2025-10-21,2025-10-24,1-2%,-1.812,168.0,171.1,tp_gap_filled,31.8467,5350.25,1.845,98.73,3
AMZN,2025-10-22,2025-10-23,2025-10-24,1-2%,-1.23,219.3,222.03,tp_gap_filled,24.3755,5345.55,1.245,66.54,1
CME,2025-10-22,2025-10-23,2025-10-24,1-2%,-1.835,263.68,268.61,tp_gap_filled,20.2811,5347.73,1.87,99.99,1
EMR,2025-10-06,2025-10-07,2025-10-27,1-2%,-1.158,133.2,134.76,tp_gap_filled,39.9596,5322.62,1.171,62.34,14
ACN,2025-10-23,2025-10-24,2025-10-27,1-2%,-1.236,246.06,249.14,tp_gap_filled,21.8681,5380.87,1.252,67.35,1
ADI,2025-10-23,2025-10-24,2025-10-27,1-2%,-1.273,237.3,240.36,tp_gap_filled,22.6827,5382.61,1.29,69.41,1
ADSK,2025-10-23,2025-10-24,2025-10-27,1-2%,-1.347,304.0,308.15,tp_gap_filled,17.7086,5383.42,1.365,73.49,1
APP,2025-10-20,2025-10-24,2025-10-27,1-2%,-1.001,593.31,599.31,tp_gap_filled,9.0852,5390.34,1.011,54.51,1
COIN,2025-10-22,2025-10-24,2025-10-27,1-2%,-1.4,333.88,338.62,tp_gap_filled,16.1382,5388.24,1.42,76.5,1
ACGL,2025-10-13,2025-10-14,2025-10-28,1-2%,-1.73,90.87,83.6004,stop,57.5878,5233.01,-8.0,-418.64,10
CMCSA,2025-10-01,2025-10-03,2025-10-29,1-2%,-1.209,29.0909,26.7636,stop,182.8561,5319.45,-8.0,-425.56,18
CAT,2025-10-21,2025-10-22,2025-10-29,1-2%,-1.15,525.07,531.18,tp_gap_filled,10.1657,5337.71,1.164,62.11,5
EQT,2025-10-21,2025-10-22,2025-10-29,1-2%,-1.045,55.86,51.3912,stop,95.533,5336.47,-8.0,-426.92,5
MRNA,2025-10-22,2025-10-27,2025-10-29,1-2%,-1.019,27.21,25.0332,stop,197.6787,5378.84,-8.0,-430.31,2
SMCI,2025-10-23,2025-10-28,2025-10-29,1-2%,-1.467,51.73,52.5,tp_gap_filled,102.8698,5321.45,1.488,79.21,1
BMY,2025-10-03,2025-10-06,2025-10-30,1-2%,-1.159,45.2,45.73,tp_gap_filled,118.8788,5373.32,1.173,63.01,18
MOS,2025-10-14,2025-10-16,2025-10-30,1-2%,-1.517,30.52,28.0784,stop,172.0412,5250.7,-8.0,-420.06,10
AWK,2025-10-27,2025-10-28,2025-10-30,1-2%,-1.808,139.03,127.9076,stop,38.3338,5329.54,-8.0,-426.36,2
FCX,2025-10-28,2025-10-29,2025-10-30,1-2%,-1.241,40.59,41.1,tp_gap_filled,130.2006,5284.84,1.256,66.4,1
HUBB,2025-10-28,2025-10-29,2025-10-30,1-2%,-1.954,425.5,433.98,tp_gap_filled,12.4448,5295.26,1.993,105.53,1
INCY,2025-10-28,2025-10-29,2025-10-30,1-2%,-1.01,92.14,93.08,tp_gap_filled,57.7876,5324.55,1.02,54.32,1
CL,2025-09-18,2025-09-19,2025-10-31,1-2%,-1.107,81.31,74.8052,stop,64.3495,5232.26,-8.0,-418.58,30
HST,2025-09-30,2025-10-01,2025-10-31,1-2%,-1.664,17.14,15.7688,stop,310.2425,5317.56,-8.0,-425.4,22
CARR,2025-10-29,2025-10-30,2025-10-31,1-2%,-1.6,57.8,58.74,tp_gap_filled,91.7713,5304.38,1.626,86.27,1
COF,2025-10-29,2025-10-30,2025-10-31,1-2%,-1.127,218.5,220.99,tp_gap_filled,24.294,5308.25,1.14,60.49,1
CRWD,2025-10-29,2025-10-30,2025-10-31,1-2%,-1.086,135.25,136.735,tp_gap_filled,39.2466,5308.1,1.098,58.28,1
ETR,2025-10-29,2025-10-30,2025-10-31,1-2%,-1.073,94.0,95.02,tp_gap_filled,56.4137,5302.89,1.085,57.54,1
FOX,2025-10-01,2025-10-30,2025-10-31,1-2%,-1.169,56.62,57.29,tp_gap_filled,93.7596,5308.67,1.183,62.82,1
FTNT,2025-10-29,2025-10-30,2025-10-31,1-2%,-1.188,84.85,85.87,tp_gap_filled,62.6874,5319.03,1.202,63.94,1
HIG,2025-10-29,2025-10-30,2025-10-31,1-2%,-1.051,121.4,122.69,tp_gap_filled,43.7973,5316.99,1.063,56.5,1
KVUE,2025-10-28,2025-10-29,2025-11-03,1-2%,-1.194,14.9,15.08,tp_gap_filled,356.9721,5318.88,1.208,64.26,3
CDNS,2025-10-29,2025-10-30,2025-11-03,1-2%,-1.172,337.3,341.3,tp_gap_filled,15.7403,5309.2,1.186,62.96,2
AMZN,2025-10-30,2025-10-31,2025-11-03,1-2%,-1.407,227.06,230.3,tp_gap_filled,23.3903,5311.01,1.427,75.78,1
APP,2025-10-30,2025-10-31,2025-11-03,1-2%,-1.307,622.95,631.2,tp_gap_filled,8.5578,5331.08,1.324,70.6,1
DD,2025-10-30,2025-10-31,2025-11-03,1-2%,-1.083,102.0126,103.1297,tp_gap_filled,52.3651,5341.9,1.095,58.5,1
DELL,2025-10-30,2025-10-31,2025-11-03,1-2%,-1.656,160.89,163.6,tp_gap_filled,33.21,5343.15,1.684,90.0,1
HSIC,2025-09-25,2025-10-03,2025-11-04,1-2%,-1.077,67.02,67.75,tp_gap_filled,79.6057,5335.17,1.089,58.11,22
AIZ,2025-10-16,2025-10-24,2025-11-04,1-2%,-1.047,212.6,214.85,tp_gap_filled,25.3588,5391.28,1.058,57.06,7
BKR,2025-09-30,2025-10-24,2025-11-04,1-2%,-1.227,49.93,45.9356,stop,108.2008,5402.47,-8.0,-432.2,7
TRV,2025-10-15,2025-10-28,2025-11-04,1-2%,-1.386,271.82,275.64,tp_gap_filled,19.589,5324.69,1.405,74.83,5
COIN,2025-10-30,2025-10-31,2025-11-04,1-2%,-1.474,343.47,315.9924,stop,15.5391,5337.22,-8.0,-426.98,2
CRL,2025-10-30,2025-10-31,2025-11-04,1-2%,-1.682,177.12,180.15,tp_gap_filled,30.1347,5337.46,1.711,91.31,2
AMGN,2025-10-31,2025-11-03,2025-11-04,1-2%,-1.212,288.46,292.0,tp_gap_filled,18.4481,5321.53,1.227,65.31,1
BIIB,2025-10-31,2025-11-03,2025-11-04,1-2%,-1.083,147.99,149.61,tp_gap_filled,35.9915,5326.39,1.095,58.31,1
BNY,2025-10-16,2025-10-20,2025-11-05,1-2%,-1.129,107.7,108.93,tp_gap_filled,49.6395,5346.18,1.142,61.06,12
AZO,2025-10-30,2025-10-31,2025-11-05,1-2%,-1.039,3670.6001,3709.1201,tp_gap_filled,1.454,5337.23,1.049,56.01,3
AES,2025-10-31,2025-11-03,2025-11-05,1-2%,-1.783,13.77,14.02,tp_gap_filled,386.6686,5324.43,1.816,96.67,2
APTV,2025-10-31,2025-11-03,2025-11-05,1-2%,-1.242,81.1,82.12,tp_gap_filled,65.6916,5327.59,1.258,67.01,2
APO,2025-10-01,2025-11-04,2025-11-05,1-2%,-1.403,131.4,133.27,tp_gap_filled,40.3089,5296.59,1.423,75.38,1
CHRW,2025-11-03,2025-11-04,2025-11-05,1-2%,-1.156,152.21,153.99,tp_gap_filled,34.7861,5294.8,1.169,61.92,1
CPT,2025-11-03,2025-11-04,2025-11-05,1-2%,-1.176,98.31,99.48,tp_gap_filled,53.8706,5296.02,1.19,63.03,1
DD,2025-11-03,2025-11-04,2025-11-05,1-2%,-1.385,101.07,102.4895,tp_gap_filled,52.4818,5304.34,1.405,74.5,1
ESS,2025-11-03,2025-11-04,2025-11-05,1-2%,-1.386,248.28,251.77,tp_gap_filled,21.4977,5337.45,1.406,75.03,1
AMD,2025-10-30,2025-10-31,2025-11-06,1-2%,-1.668,259.92,239.1264,stop,20.4482,5314.89,-8.0,-425.19,4
AOS,2025-10-31,2025-11-03,2025-11-06,1-2%,-1.124,65.95,66.7,tp_gap_filled,80.8,5328.76,1.137,60.6,3
AMCR,2025-11-04,2025-11-05,2025-11-06,1-2%,-1.018,38.9,39.3,tp_gap_filled,137.3448,5342.71,1.028,54.94,1
AVGO,2025-11-04,2025-11-05,2025-11-06,1-2%,-1.112,358.52,362.55,tp_gap_filled,14.9294,5352.48,1.124,60.17,1
BAC,2025-11-04,2025-11-05,2025-11-06,1-2%,-1.008,53.02,53.56,tp_gap_filled,100.9586,5352.82,1.018,54.52,1
BG,2025-11-04,2025-11-05,2025-11-06,1-2%,-1.276,92.82,94.02,tp_gap_filled,57.6598,5351.98,1.293,69.19,1
BMY,2025-11-04,2025-11-05,2025-11-06,1-2%,-1.152,45.49,46.02,tp_gap_filled,117.826,5359.91,1.165,62.45,1
BX,2025-11-04,2025-11-05,2025-11-06,1-2%,-1.253,142.61,144.42,tp_gap_filled,37.6249,5365.68,1.269,68.1,1
C,2025-11-04,2025-11-05,2025-11-06,1-2%,-1.437,100.15,101.61,tp_gap_filled,53.6086,5368.9,1.458,78.27,1
ABNB,2025-09-02,2025-10-20,2025-11-07,1-2%,-1.616,128.42,118.1464,stop,41.4711,5325.71,-8.0,-426.06,14
CI,2025-11-05,2025-11-06,2025-11-07,1-2%,-1.209,261.46,264.66,tp_gap_filled,20.3085,5309.85,1.224,64.99,1
EXPD,2025-11-05,2025-11-06,2025-11-07,1-2%,-1.149,134.17,135.73,tp_gap_filled,39.4851,5297.71,1.163,61.6,1
MGM,2025-10-28,2025-11-06,2025-11-07,1-2%,-1.246,32.5,32.91,tp_gap_filled,163.029,5298.44,1.262,66.84,1
PODD,2025-11-05,2025-11-06,2025-11-07,1-2%,-1.574,315.23,320.27,tp_gap_filled,16.788,5292.08,1.599,84.61,1
SWK,2025-11-05,2025-11-06,2025-11-07,1-2%,-1.381,65.71,66.63,tp_gap_filled,80.6228,5297.72,1.4,74.17,1
BKR,2025-11-04,2025-11-06,2025-11-10,1-2%,-1.933,47.7,48.64,tp_gap_filled,111.3656,5312.14,1.971,104.68,2
CRWD,2025-11-06,2025-11-07,2025-11-10,1-2%,-1.397,131.67,133.535,tp_gap_filled,40.5092,5333.85,1.416,75.55,1
DAL,2025-11-06,2025-11-07,2025-11-10,1-2%,-1.093,57.9,58.54,tp_gap_filled,92.2365,5340.5,1.105,59.03,1
DTE,2025-10-31,2025-11-07,2025-11-10,1-2%,-1.065,136.59,138.06,tp_gap_filled,39.1318,5345.02,1.076,57.52,1
ES,2025-11-06,2025-11-07,2025-11-10,1-2%,-1.577,71.76,72.91,tp_gap_filled,74.489,5345.33,1.603,85.66,1
EVRG,2025-11-06,2025-11-07,2025-11-10,1-2%,-1.602,75.54,76.77,tp_gap_filled,70.8247,5350.1,1.628,87.11,1
DHR,2025-11-03,2025-11-04,2025-11-11,1-2%,-1.114,212.98,215.38,tp_gap_filled,25.0558,5336.38,1.127,60.13,5
CPAY,2025-10-29,2025-11-06,2025-11-11,1-2%,-1.957,280.0,285.59,tp_gap_filled,18.9453,5304.7,1.996,105.9,3
DELL,2025-11-05,2025-11-06,2025-11-11,1-2%,-1.643,152.1,139.932,stop,34.8639,5302.8,-8.0,-424.22,3
ADI,2025-11-07,2025-11-10,2025-11-11,1-2%,-1.494,229.4,232.88,tp_gap_filled,23.3333,5352.65,1.517,81.2,1
AES,2025-11-07,2025-11-10,2025-11-11,1-2%,-1.339,14.0,14.19,tp_gap_filled,382.5487,5355.68,1.357,72.68,1
ALGN,2025-11-07,2025-11-10,2025-11-11,1-2%,-1.002,132.39,133.73,tp_gap_filled,40.4805,5359.21,1.012,54.24,1
APP,2025-11-07,2025-11-10,2025-11-11,1-2%,-1.184,614.0,621.36,tp_gap_filled,8.7476,5371.03,1.199,64.38,1
CARR,2025-11-07,2025-11-10,2025-11-11,1-2%,-1.061,55.97,56.57,tp_gap_filled,96.2543,5387.35,1.072,57.75,1
MRSH,2025-10-29,2025-10-30,2025-11-12,1-2%,-1.001,180.99,182.82,tp_gap_filled,29.4022,5321.5,1.011,53.81,9
ALB,2025-10-27,2025-11-10,2025-11-12,1-2%,-1.77,103.77,105.64,tp_gap_filled,51.6498,5359.7,1.802,96.59,2
ALL,2025-10-15,2025-11-11,2025-11-12,1-2%,-1.647,206.07,209.52,tp_gap_filled,26.1148,5381.47,1.674,90.1,1
CAH,2025-11-10,2025-11-11,2025-11-12,1-2%,-1.36,200.9,203.67,tp_gap_filled,26.7997,5384.05,1.379,74.24,1
CI,2025-11-10,2025-11-11,2025-11-12,1-2%,-1.315,261.1,264.58,tp_gap_filled,20.6407,5389.29,1.333,71.83,1
COR,2025-11-10,2025-11-11,2025-11-12,1-2%,-1.076,356.82,360.7,tp_gap_filled,15.1236,5396.41,1.087,58.68,1
CVS,2025-11-10,2025-11-11,2025-11-12,1-2%,-1.19,78.05,78.99,tp_gap_filled,69.2205,5402.66,1.204,65.07,1
EL,2025-11-05,2025-11-11,2025-11-12,1-2%,-1.583,91.41,92.88,tp_gap_filled,59.1725,5408.96,1.608,86.98,1
FISV,2025-11-03,2025-11-04,2025-11-13,1-2%,-1.035,66.0,66.69,tp_gap_filled,81.0052,5346.35,1.045,55.89,7
AMD,2025-11-06,2025-11-12,2025-11-13,1-2%,-1.116,253.47,256.33,tp_gap_filled,21.3593,5413.95,1.128,61.09,1
FIX,2025-11-11,2025-11-12,2025-11-13,1-2%,-1.669,957.88,974.14,tp_gap_filled,5.6503,5412.27,1.697,91.87,1
ARES,2025-10-01,2025-11-03,2025-11-14,1-2%,-1.489,157.51,144.9092,stop,33.8378,5329.79,-8.0,-426.38,9
FSLR,2025-11-11,2025-11-12,2025-11-14,1-2%,-1.346,268.97,247.4524,stop,20.1383,5416.59,-8.0,-433.33,2
AMZN,2025-11-04,2025-11-05,2025-11-17,1-2%,-1.425,250.38,230.3496,stop,21.3782,5352.67,-8.0,-428.21,8
DELL,2025-11-11,2025-11-12,2025-11-17,1-2%,-1.675,140.3,129.076,stop,38.5904,5414.23,-8.0,-433.14,3
CNC,2025-11-13,2025-11-14,2025-11-17,1-2%,-1.105,35.8,36.2,tp_gap_filled,148.5434,5317.85,1.117,59.42,1
COO,2025-11-13,2025-11-14,2025-11-17,1-2%,-1.462,71.43,72.49,tp_gap_filled,74.5088,5322.16,1.484,78.98,1
BBY,2025-11-04,2025-11-05,2025-11-18,1-2%,-1.533,80.27,73.8484,stop,66.6494,5349.95,-8.0,-428.0,9
ANET,2025-11-11,2025-11-12,2025-11-18,1-2%,-1.741,134.87,124.0804,stop,40.1849,5419.73,-8.0,-433.58,4
AES,2025-11-14,2025-11-17,2025-11-18,1-2%,-1.39,13.48,13.67,tp_gap_filled,388.0874,5231.42,1.409,73.74,1
AKAM,2025-11-14,2025-11-17,2025-11-18,1-2%,-1.41,87.42,88.67,tp_gap_filled,59.94,5239.96,1.43,74.93,1
DVA,2025-10-30,2025-11-12,2025-11-19,1-2%,-1.335,124.87,114.8804,stop,43.3653,5415.02,-8.0,-433.2,5
EIX,2025-11-17,2025-11-18,2025-11-19,1-2%,-1.107,58.06,58.71,tp_gap_filled,89.8942,5219.26,1.12,58.43,1
MRNA,2025-11-17,2025-11-18,2025-11-19,1-2%,-1.09,24.5,24.77,tp_gap_filled,213.097,5220.88,1.102,57.54,1
VRT,2025-11-17,2025-11-18,2025-11-19,1-2%,-1.509,168.39,170.97,tp_gap_filled,31.0312,5225.35,1.532,80.06,1
APO,2025-11-14,2025-11-17,2025-11-20,1-2%,-1.997,126.14,128.71,tp_gap_filled,41.5456,5240.56,2.037,106.77,3
AAPL,2025-11-17,2025-11-18,2025-11-20,1-2%,-1.318,268.82,272.41,tp_gap_filled,19.4204,5220.6,1.335,69.72,2
ALB,2025-11-18,2025-11-19,2025-11-20,1-2%,-1.13,116.37,117.7,tp_gap_filled,44.8921,5224.1,1.143,59.71,1
AMAT,2025-11-11,2025-11-19,2025-11-20,1-2%,-1.068,232.57,235.08,tp_gap_filled,22.5523,5244.99,1.079,56.61,1
ANET,2025-11-18,2025-11-19,2025-11-20,1-2%,-1.187,125.75,127.26,tp_gap_filled,41.7326,5247.88,1.201,63.02,1
APP,2025-11-18,2025-11-19,2025-11-20,1-2%,-1.097,533.355,539.27,tp_gap_filled,9.8357,5245.92,1.109,58.18,1
BR,2025-10-29,2025-11-12,2025-11-21,1-2%,-1.162,227.13,229.8,tp_gap_filled,23.8558,5418.37,1.176,63.69,7
CMG,2025-11-06,2025-11-13,2025-11-21,1-2%,-1.282,31.56,31.97,tp_gap_filled,169.5369,5350.59,1.299,69.51,6
EQT,2025-11-12,2025-11-13,2025-11-21,1-2%,-1.087,60.03,55.2276,stop,89.0598,5346.26,-8.0,-427.7,6
ALGN,2025-11-14,2025-11-20,2025-11-21,1-2%,-1.729,137.01,139.42,tp_gap_filled,38.001,5206.52,1.759,91.58,1
BKR,2025-11-19,2025-11-20,2025-11-21,1-2%,-1.665,47.26,48.06,tp_gap_filled,109.9987,5198.54,1.693,88.0,1
EL,2025-11-14,2025-11-20,2025-11-21,1-2%,-1.234,88.81,89.92,tp_gap_filled,58.5857,5202.99,1.25,65.03,1
IQV,2025-11-19,2025-11-20,2025-11-21,1-2%,-1.068,214.96,217.28,tp_gap_filled,24.1745,5196.55,1.079,56.08,1
ADI,2025-11-14,2025-11-17,2025-11-24,1-2%,-1.406,234.19,237.53,tp_gap_filled,22.3586,5236.17,1.426,74.68,5
A,2025-11-13,2025-11-21,2025-11-24,1-2%,-1.373,149.44,151.52,tp_gap_filled,35.3369,5280.74,1.392,73.5,1
AJG,2025-11-20,2025-11-21,2025-11-24,1-2%,-1.198,245.74,248.72,tp_gap_filled,21.5022,5283.94,1.213,64.08,1
IFF,2025-11-14,2025-11-21,2025-11-24,1-2%,-1.038,66.73,67.43,tp_gap_filled,79.2753,5290.04,1.049,55.49,1
MGM,2025-11-14,2025-11-21,2025-11-24,1-2%,-1.341,32.38,32.82,tp_gap_filled,163.4618,5292.89,1.359,71.92,1
SWK,2025-11-14,2025-11-21,2025-11-24,1-2%,-1.113,66.65,67.4,tp_gap_filled,79.4122,5292.82,1.125,59.56,1
IVZ,2025-11-14,2025-11-20,2025-11-25,1-2%,-1.835,23.54,23.98,tp_gap_filled,220.8644,5199.15,1.869,97.18,3
PNR,2025-11-14,2025-11-21,2025-11-25,1-2%,-1.293,105.37,106.75,tp_gap_filled,50.2447,5294.28,1.31,69.34,2
STX,2025-11-21,2025-11-24,2025-11-25,1-2%,-1.289,237.4,240.5,tp_gap_filled,22.2683,5286.49,1.306,69.03,1
COF,2025-11-14,2025-11-25,2025-11-26,1-2%,-1.31,213.96,216.8,tp_gap_filled,24.8712,5321.44,1.327,70.63,1
CRL,2025-11-04,2025-11-25,2025-11-26,1-2%,-1.577,176.04,178.86,tp_gap_filled,30.232,5322.05,1.602,85.25,1
FDS,2025-11-24,2025-11-25,2025-11-26,1-2%,-1.206,273.68,277.02,tp_gap_filled,19.4573,5325.09,1.22,64.99,1
HII,2025-11-24,2025-11-25,2025-11-26,1-2%,-1.084,302.18,305.49,tp_gap_filled,17.6351,5328.97,1.095,58.37,1
CTVA,2025-10-01,2025-11-13,2025-11-28,1-2%,-1.079,66.9,67.63,tp_gap_filled,79.956,5349.06,1.091,58.37,10
KMI,2025-11-19,2025-11-20,2025-11-28,1-2%,-1.44,26.7,27.09,tp_gap_filled,194.3772,5189.87,1.461,75.81,5
FOXA,2025-11-24,2025-11-25,2025-11-28,1-2%,-1.081,64.98,65.69,tp_gap_filled,82.0252,5330.0,1.093,58.24,2
A,2025-11-25,2025-11-26,2025-11-28,1-2%,-1.836,150.78,153.6,tp_gap_filled,35.5293,5357.11,1.87,100.19,1
ADM,2025-11-19,2025-11-26,2025-11-28,1-2%,-1.196,60.3,61.03,tp_gap_filled,88.9468,5363.49,1.211,64.93,1
BAX,2025-10-31,2025-11-12,2025-12-01,1-2%,-1.827,18.81,19.16,tp_gap_filled,288.1422,5419.96,1.861,100.85,12
INTC,2025-11-13,2025-11-28,2025-12-01,1-2%,-1.636,37.27,37.89,tp_gap_filled,144.6385,5390.68,1.664,89.68,1
MRK,2025-11-26,2025-11-28,2025-12-01,1-2%,-1.003,104.6,105.66,tp_gap_filled,51.7636,5414.47,1.013,54.87,1
RDDT,2025-11-26,2025-11-28,2025-12-01,1-2%,-1.135,216.0,218.48,tp_gap_filled,25.0697,5415.06,1.148,62.17,1
CAT,2025-10-30,2025-10-31,2025-12-02,1-2%,-1.298,577.89,585.49,tp_gap_filled,9.2362,5337.51,1.315,70.19,21
TMUS,2025-11-21,2025-11-24,2025-12-02,1-2%,-1.173,208.04,210.51,tp_gap_filled,25.4965,5304.29,1.187,62.98,5
HPQ,2025-11-14,2025-11-25,2025-12-02,1-2%,-1.121,24.7,24.98,tp_gap_filled,216.1959,5340.04,1.134,60.53,4
ECHO,2025-11-11,2025-11-28,2025-12-02,1-2%,-1.058,72.97,73.75,tp_gap_filled,73.859,5389.49,1.069,57.61,2
BF-B,2025-09-02,2025-12-01,2025-12-02,1-2%,-1.202,29.58,29.94,tp_gap_filled,181.996,5383.44,1.217,65.52,1
ADSK,2025-10-29,2025-11-26,2025-12-03,1-2%,-1.463,306.53,311.08,tp_gap_filled,17.5011,5364.6,1.484,79.63,4
ALGN,2025-12-01,2025-12-02,2025-12-03,1-2%,-1.42,145.1,147.19,tp_gap_filled,37.158,5391.63,1.44,77.66,1
APO,2025-12-01,2025-12-02,2025-12-03,1-2%,-1.259,130.19,131.85,tp_gap_filled,41.4688,5398.83,1.275,68.84,1
GWW,2025-11-03,2025-11-04,2025-12-04,1-2%,-1.254,966.72,979.0,tp_gap_filled,5.5239,5340.07,1.27,67.83,21
BEN,2025-11-07,2025-11-11,2025-12-04,1-2%,-1.892,22.81,23.25,tp_gap_filled,236.0339,5383.93,1.929,103.86,16
ALB,2025-12-01,2025-12-02,2025-12-04,1-2%,-1.169,128.47,118.1924,stop,41.9734,5392.32,-8.0,-431.39,2
ANET,2025-12-01,2025-12-02,2025-12-04,1-2%,-1.301,128.98,130.68,tp_gap_filled,41.8864,5402.51,1.318,71.21,2
CRL,2025-12-02,2025-12-03,2025-12-04,1-2%,-1.193,173.99,176.09,tp_gap_filled,31.0609,5404.29,1.207,65.23,1
DLR,2025-12-01,2025-12-03,2025-12-04,1-2%,-1.318,158.01,160.12,tp_gap_filled,34.3072,5420.88,1.335,72.39,1
DD,2025-11-14,2025-12-01,2025-12-05,1-2%,-1.429,120.06,121.8,tp_gap_filled,44.8502,5384.72,1.449,78.04,4
ABNB,2025-11-17,2025-12-04,2025-12-05,1-2%,-1.049,120.74,122.02,tp_gap_filled,44.4944,5372.25,1.06,56.95,1
HPE,2025-11-14,2025-12-04,2025-12-05,1-2%,-1.962,22.48,20.6816,stop,238.891,5370.27,-8.0,-429.62,1
JBL,2025-11-11,2025-12-04,2025-12-05,1-2%,-1.049,216.96,219.26,tp_gap_filled,24.7755,5375.29,1.06,56.98,1
VRT,2025-12-03,2025-12-04,2025-12-05,1-2%,-1.045,179.02,180.91,tp_gap_filled,30.041,5377.94,1.056,56.78,1
KDP,2025-10-29,2025-12-04,2025-12-08,1-2%,-1.109,28.53,28.85,tp_gap_filled,188.4846,5377.47,1.122,60.32,2
CIEN,2025-12-04,2025-12-05,2025-12-08,1-2%,-1.443,190.56,193.35,tp_gap_filled,28.0247,5340.38,1.464,78.19,1
CRH,2025-12-04,2025-12-05,2025-12-08,1-2%,-1.121,120.0,121.36,tp_gap_filled,44.6334,5356.01,1.133,60.7,1
CRM,2025-11-04,2025-12-05,2025-12-08,1-2%,-1.221,258.15,261.34,tp_gap_filled,20.7433,5354.87,1.236,66.17,1
EQIX,2025-12-04,2025-12-05,2025-12-08,1-2%,-1.449,722.1,732.72,tp_gap_filled,7.4181,5356.62,1.471,78.78,1
BLDR,2025-11-03,2025-12-03,2025-12-09,1-2%,-1.128,114.86,105.6712,stop,47.0597,5405.28,-8.0,-432.42,4
AMP,2025-10-29,2025-12-04,2025-12-09,1-2%,-1.36,477.95,484.54,tp_gap_filled,11.2406,5372.43,1.379,74.08,3
CCI,2025-12-01,2025-12-08,2025-12-09,1-2%,-1.567,89.85,91.28,tp_gap_filled,59.213,5320.29,1.592,84.67,1
LMT,2025-12-01,2025-12-08,2025-12-09,1-2%,-1.0,453.28,457.86,tp_gap_filled,11.7266,5315.43,1.01,53.71,1
SO,2025-11-05,2025-11-06,2025-12-10,1-2%,-1.521,91.32,84.0144,stop,58.0261,5298.94,-8.0,-423.92,23
ARES,2025-12-08,2025-12-09,2025-12-10,1-2%,-1.994,162.16,165.46,tp_gap_filled,32.7233,5306.42,2.035,107.99,1
MPC,2025-12-08,2025-12-09,2025-12-10,1-2%,-1.123,188.39,190.53,tp_gap_filled,28.2682,5325.45,1.136,60.49,1
RDDT,2025-12-08,2025-12-09,2025-12-10,1-2%,-1.756,230.0,234.11,tp_gap_filled,23.1685,5328.76,1.787,95.22,1
EMR,2025-11-04,2025-12-05,2025-12-11,1-2%,-1.607,137.78,140.03,tp_gap_filled,38.8836,5357.38,1.633,87.49,4
IEX,2025-12-05,2025-12-08,2025-12-11,1-2%,-1.05,177.15,179.03,tp_gap_filled,30.0349,5320.68,1.061,56.47,3
BDX,2025-12-08,2025-12-10,2025-12-11,1-2%,-1.011,150.9434,152.4843,tp_gap_filled,35.4838,5356.05,1.021,54.68,1
BLDR,2025-12-09,2025-12-10,2025-12-11,1-2%,-1.033,106.35,107.46,tp_gap_filled,50.4464,5364.98,1.044,56.0,1
CCL,2025-12-09,2025-12-10,2025-12-11,1-2%,-1.269,25.68,26.01,tp_gap_filled,209.2337,5373.12,1.285,69.05,1
KIM,2025-12-05,2025-12-08,2025-12-12,1-2%,-1.572,20.04,20.36,tp_gap_filled,265.4131,5318.88,1.597,84.93,4
ADBE,2025-10-29,2025-12-11,2025-12-12,1-2%,-1.22,355.52,359.91,tp_gap_filled,15.2052,5405.76,1.235,66.75,1
AVGO,2025-12-10,2025-12-11,2025-12-12,1-2%,-1.007,402.2,370.024,stop,13.4329,5402.71,-8.0,-432.22,1
CVX,2025-09-03,2025-09-16,2025-12-15,1-2%,-1.131,160.0,149.8,time_exit,32.8751,5260.02,-6.375,-335.33,63
CTAS,2025-10-29,2025-10-30,2025-12-15,1-2%,-1.601,186.85,189.89,tp_gap_filled,28.4023,5306.96,1.627,86.34,31
D,2025-12-05,2025-12-08,2025-12-15,1-2%,-1.42,58.99,59.84,tp_gap_filled,90.2384,5323.16,1.441,76.7,5
BIIB,2025-12-10,2025-12-11,2025-12-15,1-2%,-1.444,173.3,175.84,tp_gap_filled,31.1916,5405.51,1.466,79.23,2
CFG,2025-12-11,2025-12-12,2025-12-15,1-2%,-1.215,57.75,58.46,tp_gap_filled,92.5974,5347.5,1.229,65.74,1
COST,2025-11-06,2025-11-07,2025-12-16,1-2%,-1.141,924.36,850.4112,stop,5.7708,5334.31,-8.0,-426.75,26
RVTY,2025-11-26,2025-11-28,2025-12-16,1-2%,-1.014,104.5,96.14,stop,51.8244,5415.65,-8.0,-433.25,12
EOG,2025-12-08,2025-12-09,2025-12-16,1-2%,-1.016,111.03,102.1476,stop,47.9995,5329.39,-8.0,-426.35,5
APP,2025-12-10,2025-12-11,2025-12-16,1-2%,-1.03,717.16,659.7872,stop,7.5323,5401.89,-8.0,-432.15,3
APA,2025-12-11,2025-12-12,2025-12-16,1-2%,-1.482,25.93,23.8556,stop,206.2282,5347.5,-8.0,-427.8,2
MAR,2025-12-04,2025-12-15,2025-12-16,1-2%,-1.213,302.93,306.65,tp_gap_filled,17.5644,5320.79,1.228,65.34,1
DELL,2025-12-11,2025-12-12,2025-12-17,1-2%,-1.28,138.83,127.7236,stop,38.5397,5350.46,-8.0,-428.04,3
ADBE,2025-12-15,2025-12-16,2025-12-17,1-2%,-1.075,352.6,356.43,tp_gap_filled,14.9509,5271.69,1.086,57.26,1
RDDT,2025-12-15,2025-12-16,2025-12-17,1-2%,-1.217,222.045,224.78,tp_gap_filled,23.7257,5268.17,1.232,64.89,1
PPG,2025-10-29,2025-12-15,2025-12-18,1-2%,-1.291,103.95,105.31,tp_gap_filled,51.233,5325.67,1.308,69.68,3
ADP,2025-12-16,2025-12-17,2025-12-18,1-2%,-1.196,261.78,264.95,tp_gap_filled,20.0869,5258.34,1.211,63.68,1
DVN,2025-12-16,2025-12-17,2025-12-18,1-2%,-1.244,35.72,36.17,tp_gap_filled,146.9431,5248.81,1.26,66.12,1
GE,2025-12-16,2025-12-17,2025-12-18,1-2%,-1.103,297.66,300.98,tp_gap_filled,17.678,5262.02,1.115,58.69,1
KLAC,2025-12-12,2025-12-15,2025-12-19,1-2%,-1.294,123.005,124.618,tp_gap_filled,43.2654,5321.86,1.311,69.79,4
AVGO,2025-12-16,2025-12-17,2025-12-19,1-2%,-1.115,336.02,339.81,tp_gap_filled,15.6622,5262.83,1.128,59.36,2
BA,2025-10-30,2025-12-17,2025-12-19,1-2%,-1.672,210.01,213.58,tp_gap_filled,25.0226,5255.0,1.7,89.33,2
DOW,2025-12-16,2025-12-17,2025-12-19,1-2%,-1.023,23.21,23.45,tp_gap_filled,226.2125,5250.39,1.034,54.29,2
CRH,2025-12-17,2025-12-18,2025-12-19,1-2%,-1.245,125.34,126.92,tp_gap_filled,41.9942,5263.55,1.261,66.35,1
ES,2025-12-17,2025-12-18,2025-12-19,1-2%,-1.061,67.17,67.89,tp_gap_filled,78.4189,5267.4,1.072,56.46,1
LHX,2025-12-17,2025-12-18,2025-12-19,1-2%,-1.343,279.05,282.85,tp_gap_filled,18.8876,5270.57,1.362,71.77,1
AON,2025-10-16,2025-11-11,2025-12-22,1-2%,-1.934,348.92,355.8,tp_gap_filled,15.428,5383.15,1.972,106.14,28
LMT,2025-12-17,2025-12-18,2025-12-22,1-2%,-1.27,471.0,477.06,tp_gap_filled,11.1975,5274.04,1.287,67.86,2
ELV,2025-12-18,2025-12-19,2025-12-22,1-2%,-1.122,342.08,345.96,tp_gap_filled,15.4621,5289.26,1.134,59.99,1
NEM,2025-12-18,2025-12-19,2025-12-22,1-2%,-1.096,98.36,99.45,tp_gap_filled,53.7636,5288.19,1.108,58.6,1
DECK,2025-12-19,2025-12-22,2025-12-23,1-2%,-1.651,98.89,100.55,tp_gap_filled,53.3839,5279.13,1.679,88.62,1
HAL,2025-12-16,2025-12-22,2025-12-23,1-2%,-1.408,28.01,28.41,tp_gap_filled,188.7609,5287.19,1.428,75.5,1
LYB,2025-12-19,2025-12-22,2025-12-23,1-2%,-1.277,42.51,43.06,tp_gap_filled,124.4152,5288.89,1.294,68.43,1
NWSA,2025-12-19,2025-12-22,2025-12-23,1-2%,-1.372,25.87,26.23,tp_gap_filled,204.7032,5295.67,1.392,73.69,1
CCI,2025-12-22,2025-12-23,2025-12-24,1-2%,-1.138,85.12,86.1,tp_gap_filled,62.0589,5282.46,1.151,60.82,1
CHD,2025-12-22,2025-12-23,2025-12-24,1-2%,-1.023,84.21,85.08,tp_gap_filled,62.8143,5289.59,1.033,54.65,1
CI,2025-12-22,2025-12-23,2025-12-24,1-2%,-1.067,268.99,271.89,tp_gap_filled,19.6768,5292.86,1.078,57.06,1
ERIE,2025-12-22,2025-12-23,2025-12-24,1-2%,-1.11,280.67,283.82,tp_gap_filled,18.8746,5297.54,1.122,59.45,1
APH,2025-12-23,2025-12-24,2025-12-26,1-2%,-1.095,66.83,67.57,tp_gap_filled,79.4486,5309.55,1.107,58.79,1
JNJ,2025-12-23,2025-12-24,2025-12-26,1-2%,-1.109,205.02,207.32,tp_gap_filled,25.9509,5320.46,1.122,59.69,1
LLY,2025-12-23,2025-12-24,2025-12-26,1-2%,-1.206,1063.5,1076.48,tp_gap_filled,5.0062,5324.04,1.22,64.98,1
ANET,2025-12-12,2025-12-19,2025-12-29,1-2%,-1.421,132.48,134.39,tp_gap_filled,39.9689,5295.07,1.442,76.34,5
D,2025-12-22,2025-12-24,2025-12-29,1-2%,-1.599,58.48,59.43,tp_gap_filled,90.9379,5318.05,1.624,86.39,2
ECHO,2025-12-29,2025-12-30,2025-12-31,1-2%,-1.951,103.54,105.6,tp_gap_filled,51.5131,5333.67,1.99,106.12,1
BXP,2025-10-29,2025-11-25,2026-01-02,1-2%,-1.404,73.05,67.206,stop,72.8774,5323.7,-8.0,-425.9,25
WDC,2025-12-12,2025-12-19,2026-01-02,1-2%,-1.528,184.34,187.2,tp_gap_filled,28.7299,5296.06,1.551,82.17,8
BLDR,2025-12-19,2025-12-22,2026-01-02,1-2%,-1.193,104.36,105.62,tp_gap_filled,50.6552,5286.38,1.207,63.83,7
CIEN,2025-12-29,2025-12-30,2026-01-02,1-2%,-1.829,237.26,241.68,tp_gap_filled,22.4751,5332.43,1.863,99.34,2
COP,2025-09-29,2025-12-10,2026-01-05,1-2%,-1.3,97.2,98.48,tp_gap_filled,55.3436,5379.4,1.317,70.84,16
XYZ,2025-12-01,2025-12-15,2026-01-05,1-2%,-1.707,65.66,66.8,tp_gap_filled,81.1008,5325.08,1.736,92.45,13
FANG,2025-12-16,2025-12-17,2026-01-05,1-2%,-1.558,151.66,154.06,tp_gap_filled,34.6686,5257.85,1.582,83.2,11
CMCSA,2025-12-18,2025-12-19,2026-01-05,1-2%,-1.319,28.0412,28.4161,tp_gap_filled,188.7347,5292.36,1.337,70.75,9
COHR,2025-12-12,2025-12-22,2026-01-05,1-2%,-1.763,195.0,198.5,tp_gap_filled,27.1004,5284.58,1.795,94.85,8
ALB,2025-12-24,2025-12-26,2026-01-05,1-2%,-1.84,144.0,146.7,tp_gap_filled,37.0088,5329.27,1.875,99.92,5
BEN,2025-12-30,2025-12-31,2026-01-05,1-2%,-1.436,24.03,24.38,tp_gap_filled,220.1095,5289.23,1.457,77.04,2
AMAT,2025-12-11,2026-01-02,2026-01-05,1-2%,-1.428,271.22,275.15,tp_gap_filled,19.7583,5358.85,1.449,77.65,1
NEM,2025-12-31,2026-01-02,2026-01-05,1-2%,-1.119,100.72,101.86,tp_gap_filled,53.1824,5356.53,1.132,60.63,1
OXY,2025-12-08,2026-01-02,2026-01-05,1-2%,-1.367,41.85,42.43,tp_gap_filled,128.0254,5357.86,1.386,74.25,1
APTV,2025-11-14,2025-12-11,2026-01-06,1-2%,-1.74,79.64,81.05,tp_gap_filled,67.828,5401.83,1.77,95.64,16
UBER,2025-12-15,2026-01-02,2026-01-06,1-2%,-1.939,83.46,85.11,tp_gap_filled,64.2374,5361.25,1.977,105.99,2
BMY,2026-01-02,2026-01-05,2026-01-06,1-2%,-1.353,53.21,53.94,tp_gap_filled,101.51,5401.35,1.372,74.1,1
DAL,2025-12-29,2026-01-05,2026-01-06,1-2%,-1.044,70.11,70.85,tp_gap_filled,77.0302,5400.59,1.055,57.0,1
FIX,2025-12-12,2026-01-05,2026-01-06,1-2%,-1.291,1011.69,1024.92,tp_gap_filled,5.3447,5407.17,1.308,70.71,1
FRT,2026-01-02,2026-01-05,2026-01-06,1-2%,-1.438,99.35,100.8,tp_gap_filled,54.4809,5412.68,1.459,79.0,1
MRVL,2025-12-11,2026-01-05,2026-01-06,1-2%,-1.611,90.98,92.47,tp_gap_filled,59.4994,5413.25,1.638,88.65,1
AMCR,2025-11-28,2025-12-01,2026-01-07,1-2%,-1.856,42.3,43.1,tp_gap_filled,127.208,5380.9,1.891,101.77,25
KHC,2025-11-28,2025-12-01,2026-01-07,1-2%,-1.641,25.18,23.1656,stop,213.8195,5383.98,-8.0,-430.72,25
ACGL,2026-01-05,2026-01-06,2026-01-07,1-2%,-1.119,92.81,93.86,tp_gap_filled,58.5225,5431.47,1.131,61.45,1
APD,2026-01-05,2026-01-06,2026-01-07,1-2%,-1.066,247.8,250.47,tp_gap_filled,21.9319,5434.72,1.077,58.56,1
AVY,2026-01-05,2026-01-06,2026-01-07,1-2%,-1.178,180.29,182.44,tp_gap_filled,30.2085,5446.3,1.193,64.95,1
BIIB,2026-01-05,2026-01-06,2026-01-07,1-2%,-1.175,175.73,177.82,tp_gap_filled,31.0075,5448.94,1.189,64.81,1
BXP,2026-01-05,2026-01-06,2026-01-07,1-2%,-1.121,67.06,67.82,tp_gap_filled,81.4138,5459.61,1.133,61.87,1
CCL,2026-01-05,2026-01-06,2026-01-07,1-2%,-1.326,30.51,30.92,tp_gap_filled,179.0837,5463.84,1.344,73.42,1
FDS,2026-01-05,2026-01-06,2026-01-07,1-2%,-1.52,280.57,284.9,tp_gap_filled,19.5312,5479.87,1.543,84.57,1
FTV,2026-01-05,2026-01-06,2026-01-07,1-2%,-1.201,54.725,55.39,tp_gap_filled,100.3527,5491.8,1.215,66.73,1
GL,2026-01-05,2026-01-06,2026-01-07,1-2%,-1.438,136.43,138.42,tp_gap_filled,40.2803,5495.44,1.459,80.16,1
IFF,2026-01-05,2026-01-06,2026-01-07,1-2%,-1.088,67.29,68.03,tp_gap_filled,81.7641,5501.91,1.1,60.51,1
IQV,2026-01-05,2026-01-06,2026-01-07,1-2%,-1.251,222.55,225.37,tp_gap_filled,24.7511,5508.37,1.267,69.8,1
LLY,2026-01-05,2026-01-06,2026-01-07,1-2%,-1.03,1069.23,1080.36,tp_gap_filled,5.1725,5530.62,1.041,57.57,1
AOS,2026-01-06,2026-01-07,2026-01-08,1-2%,-1.08,67.77,68.51,tp_gap_filled,80.4879,5454.66,1.092,59.56,1
CMCSA,2026-01-06,2026-01-07,2026-01-08,1-2%,-1.031,27.84,28.13,tp_gap_filled,195.9239,5454.52,1.042,56.82,1
ERIE,2026-01-06,2026-01-07,2026-01-08,1-2%,-1.146,278.7,281.93,tp_gap_filled,19.5816,5457.38,1.159,63.25,1
FIS,2026-01-06,2026-01-07,2026-01-08,1-2%,-1.085,65.65,66.37,tp_gap_filled,83.1761,5460.51,1.097,59.89,1
JBL,2026-01-06,2026-01-07,2026-01-08,1-2%,-1.092,221.0,223.44,tp_gap_filled,24.7105,5461.03,1.104,60.29,1
KEY,2026-01-06,2026-01-07,2026-01-08,1-2%,-1.123,21.13,21.37,tp_gap_filled,258.6507,5465.29,1.136,62.08,1
LII,2026-01-06,2026-01-07,2026-01-08,1-2%,-1.766,495.0,503.9,tp_gap_filled,11.0454,5467.49,1.798,98.3,1
LOW,2026-01-06,2026-01-07,2026-01-08,1-2%,-1.332,241.49,244.75,tp_gap_filled,22.6634,5472.99,1.35,73.88,1
MAS,2026-01-06,2026-01-07,2026-01-08,1-2%,-1.019,63.14,63.79,tp_gap_filled,86.7813,5479.37,1.029,56.41,1
PHM,2026-01-06,2026-01-07,2026-01-08,1-2%,-1.393,118.19,119.86,tp_gap_filled,46.3312,5475.89,1.413,77.37,1
CARR,2025-11-14,2025-11-26,2026-01-09,1-2%,-1.07,54.57,55.16,tp_gap_filled,98.2243,5360.1,1.081,57.95,29
ALLE,2025-12-01,2025-12-02,2026-01-09,1-2%,-1.144,164.13,166.03,tp_gap_filled,32.9158,5402.46,1.158,62.54,26
APH,2026-01-06,2026-01-07,2026-01-09,1-2%,-1.587,68.83,69.94,tp_gap_filled,79.2103,5452.05,1.613,87.92,2
INTC,2025-12-04,2026-01-07,2026-01-09,1-2%,-1.143,43.26,43.76,tp_gap_filled,126.3293,5465.01,1.156,63.16,2
ADI,2026-01-07,2026-01-08,2026-01-09,1-2%,-1.383,288.89,292.94,tp_gap_filled,19.0116,5492.25,1.402,77.0,1
AJG,2026-01-07,2026-01-08,2026-01-09,1-2%,-1.34,259.25,262.77,tp_gap_filled,21.2228,5502.01,1.358,74.7,1
EIX,2026-01-07,2026-01-08,2026-01-09,1-2%,-1.273,59.74,60.51,tp_gap_filled,92.1933,5507.63,1.289,70.99,1
HUM,2026-01-07,2026-01-08,2026-01-09,1-2%,-1.172,276.56,279.84,tp_gap_filled,19.9126,5507.03,1.186,65.31,1
MOS,2025-12-15,2026-01-08,2026-01-09,1-2%,-1.793,25.74,26.21,tp_gap_filled,213.9437,5506.91,1.826,100.55,1
TAP,2026-01-05,2026-01-08,2026-01-09,1-2%,-1.181,46.84,47.4,tp_gap_filled,117.7375,5514.83,1.196,65.93,1
WRB,2026-01-07,2026-01-08,2026-01-09,1-2%,-1.257,69.11,69.99,tp_gap_filled,79.8323,5517.21,1.273,70.25,1
XOM,2026-01-07,2026-01-08,2026-01-09,1-2%,-1.033,119.8,121.05,tp_gap_filled,46.0912,5521.72,1.043,57.61,1
AAPL,2026-01-08,2026-01-09,2026-01-12,1-2%,-1.271,257.02,260.33,tp_gap_filled,21.6272,5558.61,1.288,71.59,1
AKAM,2026-01-08,2026-01-09,2026-01-12,1-2%,-1.077,87.23,88.18,tp_gap_filled,63.7528,5561.15,1.089,60.56,1
ALB,2026-01-08,2026-01-09,2026-01-12,1-2%,-1.405,159.3,161.57,tp_gap_filled,34.9277,5563.99,1.425,79.29,1
AMAT,2026-01-07,2026-01-09,2026-01-12,1-2%,-1.355,292.0,296.01,tp_gap_filled,19.0667,5567.47,1.373,76.46,1
BLK,2026-01-08,2026-01-09,2026-01-12,1-2%,-1.392,1060.13,1075.09,tp_gap_filled,5.2599,5576.22,1.411,78.69,1
CDNS,2026-01-08,2026-01-09,2026-01-12,1-2%,-1.101,317.01,320.54,tp_gap_filled,17.6108,5582.78,1.114,62.17,1
COO,2026-01-08,2026-01-09,2026-01-12,1-2%,-1.228,82.87,83.9,tp_gap_filled,67.4774,5591.85,1.243,69.5,1
CRL,2026-01-08,2026-01-09,2026-01-12,1-2%,-1.324,213.9,216.77,tp_gap_filled,26.1515,5593.81,1.342,75.06,1
DHI,2025-12-19,2026-01-09,2026-01-12,1-2%,-1.268,149.48,151.4,tp_gap_filled,37.4176,5593.18,1.284,71.84,1
DLR,2026-01-08,2026-01-09,2026-01-12,1-2%,-1.737,152.18,154.87,tp_gap_filled,36.8496,5607.77,1.768,99.13,1
DOW,2026-01-08,2026-01-09,2026-01-12,1-2%,-1.21,24.5,24.8,tp_gap_filled,229.3676,5619.51,1.224,68.81,1
MO,2025-12-26,2025-12-29,2026-01-13,1-2%,-1.916,57.85,58.98,tp_gap_filled,92.3405,5341.9,1.953,104.34,10
CSGP,2026-01-08,2026-01-09,2026-01-13,1-2%,-1.703,60.61,61.66,tp_gap_filled,92.4431,5602.98,1.732,97.07,2
DXCM,2026-01-08,2026-01-12,2026-01-13,1-2%,-1.098,69.33,70.1,tp_gap_filled,80.7125,5595.8,1.111,62.15,1
GIS,2026-01-09,2026-01-12,2026-01-13,1-2%,-1.184,43.4,43.92,tp_gap_filled,129.0889,5602.46,1.198,67.13,1
SW,2026-01-09,2026-01-12,2026-01-13,1-2%,-1.418,41.7,42.3,tp_gap_filled,134.3517,5602.47,1.439,80.61,1
TER,2026-01-07,2026-01-12,2026-01-13,1-2%,-1.411,225.61,228.84,tp_gap_filled,24.8695,5610.8,1.432,80.33,1
TXN,2026-01-07,2026-01-08,2026-01-14,1-2%,-1.89,188.47,192.1,tp_gap_filled,29.2738,5517.24,1.926,106.26,4
STLD,2026-01-09,2026-01-12,2026-01-14,1-2%,-1.057,170.34,172.16,tp_gap_filled,32.8995,5604.1,1.068,59.88,2
AEP,2026-01-12,2026-01-13,2026-01-14,1-2%,-1.121,115.6,116.91,tp_gap_filled,48.4613,5602.12,1.133,63.48,1
AMP,2026-01-12,2026-01-13,2026-01-14,1-2%,-1.528,500.0,507.76,tp_gap_filled,11.1791,5589.53,1.552,86.75,1
AVGO,2026-01-12,2026-01-13,2026-01-14,1-2%,-1.165,340.95,344.97,tp_gap_filled,16.3674,5580.48,1.179,65.8,1
BLDR,2026-01-12,2026-01-13,2026-01-14,1-2%,-1.027,123.38,124.66,tp_gap_filled,45.2899,5587.87,1.037,57.97,1
BX,2026-01-12,2026-01-13,2026-01-14,1-2%,-1.383,155.44,157.62,tp_gap_filled,35.9703,5591.22,1.402,78.41,1
SYY,2025-10-28,2025-11-21,2026-01-15,1-2%,-1.282,77.0,78.0,tp_gap_filled,68.7122,5290.84,1.299,68.71,36
EQT,2025-12-31,2026-01-07,2026-01-15,1-2%,-1.08,54.04,49.7168,stop,100.9458,5455.11,-8.0,-436.41,6
REG,2026-01-09,2026-01-12,2026-01-15,1-2%,-1.005,69.91,70.62,tp_gap_filled,80.1455,5602.97,1.016,56.9,3
ADI,2026-01-12,2026-01-13,2026-01-15,1-2%,-1.14,297.5,300.93,tp_gap_filled,18.8348,5603.34,1.153,64.6,2
ANET,2026-01-07,2026-01-13,2026-01-15,1-2%,-1.938,130.01,132.58,tp_gap_filled,42.9732,5586.94,1.977,110.44,2
APO,2026-01-12,2026-01-13,2026-01-15,1-2%,-1.92,143.02,145.82,tp_gap_filled,39.0629,5586.77,1.958,109.38,2
CMG,2026-01-13,2026-01-14,2026-01-15,1-2%,-1.438,39.76,40.34,tp_gap_filled,140.4665,5584.95,1.459,81.47,1
WDC,2026-01-13,2026-01-14,2026-01-15,1-2%,-1.358,209.26,212.14,tp_gap_filled,26.7169,5590.78,1.376,76.94,1
GPN,2025-12-26,2025-12-29,2026-01-16,1-2%,-1.084,80.31,73.8852,stop,66.5271,5342.79,-8.0,-427.42,13
ALL,2026-01-12,2026-01-13,2026-01-16,1-2%,-1.569,208.88,192.1696,stop,26.8317,5604.6,-8.0,-448.37,3
AMAT,2026-01-14,2026-01-15,2026-01-16,1-2%,-1.115,301.47,304.87,tp_gap_filled,18.6098,5610.3,1.128,63.27,1
BLK,2026-01-14,2026-01-15,2026-01-16,1-2%,-1.745,1070.53,1089.54,tp_gap_filled,5.2515,5621.89,1.776,99.83,1
DHI,2026-01-14,2026-01-15,2026-01-16,1-2%,-1.43,158.55,160.85,tp_gap_filled,35.626,5648.5,1.451,81.94,1
EXR,2025-10-29,2026-01-15,2026-01-16,1-2%,-1.103,145.3,146.92,tp_gap_filled,38.9106,5653.71,1.115,63.03,1
KKR,2026-01-14,2026-01-15,2026-01-16,1-2%,-1.03,128.74,130.08,tp_gap_filled,43.9434,5657.27,1.041,58.88,1
LITE,2026-01-14,2026-01-15,2026-01-16,1-2%,-1.987,354.15,325.818,stop,15.9902,5662.94,-8.0,-453.03,1
LRCX,2026-01-14,2026-01-15,2026-01-16,1-2%,-1.516,211.13,214.38,tp_gap_filled,26.7808,5654.24,1.539,87.04,1
ATO,2025-12-16,2025-12-17,2026-01-20,1-2%,-1.218,168.67,170.75,tp_gap_filled,31.1973,5262.05,1.233,64.89,21
JPM,2026-01-07,2026-01-08,2026-01-20,1-2%,-1.037,331.14,304.6488,stop,16.6335,5508.03,-8.0,-440.64,7
CMCSA,2026-01-14,2026-01-15,2026-01-20,1-2%,-1.51,28.05,28.48,tp_gap_filled,201.2648,5645.48,1.533,86.54,2
EQT,2026-01-15,2026-01-16,2026-01-20,1-2%,-1.134,49.69,50.26,tp_gap_filled,112.4316,5586.73,1.147,64.09,1
NOC,2026-01-15,2026-01-16,2026-01-20,1-2%,-1.955,640.37,653.14,tp_gap_filled,8.7368,5594.78,1.994,111.57,1
VLO,2026-01-15,2026-01-16,2026-01-20,1-2%,-1.078,184.5,186.51,tp_gap_filled,30.3868,5606.36,1.089,61.08,1
ECL,2025-10-28,2026-01-15,2026-01-21,1-2%,-1.005,276.9,279.71,tp_gap_filled,20.4148,5652.86,1.015,57.37,3
HAL,2026-01-15,2026-01-16,2026-01-21,1-2%,-1.059,32.69,33.04,tp_gap_filled,171.0216,5590.69,1.071,59.86,2
BG,2026-01-16,2026-01-20,2026-01-21,1-2%,-1.093,107.64,108.83,tp_gap_filled,51.2918,5521.05,1.106,61.04,1
CTVA,2026-01-16,2026-01-20,2026-01-21,1-2%,-1.433,69.49,70.5,tp_gap_filled,79.5402,5527.25,1.453,80.34,1
FANG,2026-01-15,2026-01-20,2026-01-21,1-2%,-1.008,152.18,153.73,tp_gap_filled,36.3051,5524.91,1.019,56.27,1
OKE,2026-01-15,2026-01-20,2026-01-21,1-2%,-1.292,74.87,75.85,tp_gap_filled,73.7187,5519.32,1.309,72.24,1
STZ,2026-01-16,2026-01-20,2026-01-21,1-2%,-1.367,156.58,158.75,tp_gap_filled,35.2267,5515.8,1.386,76.44,1
MAA,2026-01-15,2026-01-16,2026-01-22,1-2%,-1.203,134.63,136.27,tp_gap_filled,41.5187,5589.67,1.218,68.09,3
A,2026-01-20,2026-01-21,2026-01-22,1-2%,-1.174,138.0,139.64,tp_gap_filled,40.184,5545.39,1.188,65.9,1
ABBV,2026-01-20,2026-01-21,2026-01-22,1-2%,-1.236,211.7,214.35,tp_gap_filled,26.2114,5548.94,1.252,69.46,1
ACN,2026-01-20,2026-01-21,2026-01-22,1-2%,-1.317,282.44,286.21,tp_gap_filled,19.6671,5554.78,1.335,74.14,1
ADI,2026-01-20,2026-01-21,2026-01-22,1-2%,-1.086,296.99,300.25,tp_gap_filled,18.6979,5553.08,1.098,60.96,1
AES,2026-01-20,2026-01-21,2026-01-22,1-2%,-1.691,13.95,14.19,tp_gap_filled,398.6053,5560.54,1.72,95.67,1
AKAM,2026-01-20,2026-01-21,2026-01-22,1-2%,-1.508,92.08,93.49,tp_gap_filled,60.3857,5560.31,1.531,85.14,1
ARES,2026-01-12,2026-01-13,2026-01-23,1-2%,-1.438,173.38,159.5096,stop,32.2252,5587.2,-8.0,-446.98,7
AVGO,2026-01-14,2026-01-15,2026-01-23,1-2%,-1.59,348.97,321.0524,stop,16.1237,5626.69,-8.0,-450.14,5
CDNS,2026-01-14,2026-01-15,2026-01-23,1-2%,-1.102,319.5,323.06,tp_gap_filled,17.6667,5644.51,1.114,62.89,5
MRSH,2026-01-16,2026-01-20,2026-01-23,1-2%,-1.284,179.92,182.26,tp_gap_filled,30.6673,5517.66,1.301,71.76,3
ADSK,2026-01-20,2026-01-22,2026-01-23,1-2%,-1.562,261.54,265.69,tp_gap_filled,21.2889,5567.89,1.587,88.35,1
LYV,2026-01-13,2026-01-15,2026-01-26,1-2%,-1.149,147.14,148.85,tp_gap_filled,38.4853,5662.73,1.162,65.81,6
AVY,2026-01-20,2026-01-22,2026-01-26,1-2%,-1.182,186.42,188.65,tp_gap_filled,29.9145,5576.65,1.196,66.71,2
AZO,2025-12-09,2026-01-22,2026-01-26,1-2%,-1.913,3694.8899,3766.96,tp_gap_filled,1.5091,5575.94,1.951,108.76,2
FANG,2026-01-22,2026-01-23,2026-01-26,1-2%,-1.484,150.73,153.0,tp_gap_filled,36.9712,5572.66,1.506,83.92,1
LH,2026-01-22,2026-01-23,2026-01-26,1-2%,-1.312,265.61,269.14,tp_gap_filled,21.0035,5578.75,1.329,74.14,1
PM,2026-01-20,2026-01-23,2026-01-26,1-2%,-1.549,170.93,173.62,tp_gap_filled,32.6441,5579.85,1.574,87.81,1
SJM,2026-01-16,2026-01-20,2026-01-27,1-2%,-1.317,103.4,104.78,tp_gap_filled,53.3494,5516.33,1.335,73.62,5
DLTR,2026-01-21,2026-01-22,2026-01-27,1-2%,-1.686,131.8,121.256,stop,42.27,5571.18,-8.0,-445.69,3
CPT,2026-01-22,2026-01-23,2026-01-27,1-2%,-1.033,107.31,108.43,tp_gap_filled,51.9172,5571.24,1.044,58.15,2
AAPL,2026-01-20,2026-01-26,2026-01-27,1-2%,-1.096,252.73,255.53,tp_gap_filled,22.1691,5602.79,1.108,62.07,1
AVGO,2026-01-23,2026-01-26,2026-01-27,1-2%,-1.902,319.3,325.49,tp_gap_filled,17.5564,5605.76,1.939,108.67,1
BKNG,2026-01-23,2026-01-26,2026-01-27,1-2%,-1.624,202.6896,206.036,tp_gap_filled,27.6829,5611.03,1.651,92.64,1
CRH,2026-01-23,2026-01-26,2026-01-27,1-2%,-1.534,122.58,124.49,tp_gap_filled,45.8055,5614.84,1.558,87.49,1
COP,2026-01-15,2026-01-23,2026-01-28,1-2%,-1.345,98.99,100.34,tp_gap_filled,56.299,5573.04,1.364,76.0,3
DECK,2026-01-26,2026-01-27,2026-01-28,1-2%,-1.1,98.88,99.98,tp_gap_filled,56.6892,5605.43,1.112,62.36,1
HII,2026-01-26,2026-01-27,2026-01-28,1-2%,-1.001,414.39,418.58,tp_gap_filled,13.5357,5609.06,1.011,56.71,1
INTC,2026-01-26,2026-01-27,2026-01-28,1-2%,-1.753,44.28,45.07,tp_gap_filled,126.8009,5614.75,1.784,100.17,1
MU,2026-01-26,2026-01-27,2026-01-28,1-2%,-1.038,395.5,399.65,tp_gap_filled,14.191,5612.53,1.049,58.89,1
BEN,2026-01-20,2026-01-22,2026-01-29,1-2%,-1.538,25.6,26.0,tp_gap_filled,217.821,5576.22,1.562,87.13,5
AMD,2026-01-26,2026-01-28,2026-01-29,1-2%,-1.128,256.75,259.68,tp_gap_filled,21.7775,5591.36,1.141,63.81,1
ECHO,2026-01-15,2026-01-28,2026-01-29,1-2%,-1.03,129.74,119.3608,stop,42.9758,5575.68,-8.0,-446.05,1
NEE,2026-01-27,2026-01-28,2026-01-29,1-2%,-1.135,84.5,85.47,tp_gap_filled,65.9567,5573.34,1.148,63.98,1
NEM,2026-01-27,2026-01-28,2026-01-29,1-2%,-1.302,124.28,125.92,tp_gap_filled,44.9265,5583.46,1.32,73.68,1
GEV,2025-12-11,2026-01-28,2026-01-30,1-2%,-1.639,711.15,723.0,tp_gap_filled,7.8368,5573.17,1.666,92.87,2
CCL,2026-01-13,2026-01-29,2026-02-02,1-2%,-1.012,31.29,31.61,tp_gap_filled,178.0987,5572.71,1.023,56.99,2
CRH,2026-01-28,2026-01-29,2026-02-02,1-2%,-1.375,121.98,123.68,tp_gap_filled,45.6752,5571.46,1.394,77.65,2
CLX,2026-01-28,2026-01-30,2026-02-02,1-2%,-1.458,111.54,113.19,tp_gap_filled,49.819,5556.82,1.479,82.2,1
VMC,2026-01-14,2026-01-16,2026-02-03,1-2%,-1.781,305.5,311.04,tp_gap_filled,18.3463,5604.78,1.813,101.64,11
BLK,2026-01-20,2026-01-22,2026-02-03,1-2%,-1.648,1144.0,1052.48,stop,4.8759,5578.07,-8.0,-446.25,8
CASY,2026-01-21,2026-01-22,2026-02-03,1-2%,-1.019,632.06,638.57,tp_gap_filled,8.8236,5577.03,1.03,57.44,8
BR,2026-01-23,2026-01-26,2026-02-03,1-2%,-1.001,207.69,191.0748,stop,27.027,5613.25,-8.0,-449.06,6
STE,2026-01-20,2026-01-27,2026-02-03,1-2%,-1.109,265.67,268.65,tp_gap_filled,21.1653,5622.98,1.122,63.07,5
EXPE,2026-01-23,2026-01-29,2026-02-03,1-2%,-1.144,276.46,254.3432,stop,20.1669,5575.35,-8.0,-446.03,3
AAPL,2026-01-30,2026-02-02,2026-02-03,1-2%,-1.204,255.17,258.28,tp_gap_filled,21.9704,5606.19,1.219,68.33,1
ADI,2026-01-30,2026-02-02,2026-02-03,1-2%,-1.174,314.96,318.7,tp_gap_filled,17.8515,5622.49,1.187,66.76,1
AES,2026-01-30,2026-02-02,2026-02-03,1-2%,-1.396,14.83,15.04,tp_gap_filled,379.2441,5624.19,1.416,79.64,1
BAC,2026-01-12,2026-01-13,2026-02-04,1-2%,-1.003,55.29,55.85,tp_gap_filled,101.1333,5591.66,1.013,56.63,15
NRG,2026-01-07,2026-01-15,2026-02-04,1-2%,-1.328,157.51,144.9092,stop,35.9343,5660.01,-8.0,-452.8,13
KHC,2026-01-16,2026-01-20,2026-02-04,1-2%,-1.65,23.84,24.24,tp_gap_filled,231.4844,5518.59,1.678,92.59,11
BRO,2026-01-28,2026-01-29,2026-02-04,1-2%,-1.025,73.36,74.12,tp_gap_filled,76.0292,5577.5,1.036,57.78,4
ALB,2026-02-02,2026-02-03,2026-02-04,1-2%,-1.248,168.5,170.63,tp_gap_filled,33.0201,5563.89,1.264,70.33,1
APTV,2026-02-02,2026-02-03,2026-02-04,1-2%,-1.505,74.61,75.75,tp_gap_filled,74.6203,5567.42,1.528,85.07,1
AVGO,2026-02-02,2026-02-03,2026-02-04,1-2%,-1.567,326.11,300.0212,stop,17.1133,5580.82,-8.0,-446.47,1
CF,2026-02-02,2026-02-03,2026-02-04,1-2%,-1.877,91.48,93.23,tp_gap_filled,60.9518,5575.87,1.913,106.67,1
CIEN,2026-02-02,2026-02-03,2026-02-04,1-2%,-1.541,247.93,251.81,tp_gap_filled,22.5022,5578.98,1.565,87.31,1
COHR,2026-02-02,2026-02-03,2026-02-04,1-2%,-1.598,208.79,212.18,tp_gap_filled,26.8696,5610.09,1.624,91.09,1
CVX,2026-02-02,2026-02-03,2026-02-04,1-2%,-1.956,173.44,176.9,tp_gap_filled,32.504,5637.49,1.995,112.46,1
DVN,2026-02-02,2026-02-03,2026-02-04,1-2%,-1.865,39.46,40.21,tp_gap_filled,143.0553,5644.96,1.901,107.29,1
TEL,2026-01-23,2026-01-27,2026-02-05,1-2%,-1.232,228.5,210.22,stop,24.5962,5620.23,-8.0,-449.62,7
DHR,2026-01-27,2026-01-28,2026-02-05,1-2%,-1.136,234.02,215.2984,stop,23.874,5587.0,-8.0,-446.96,6
AME,2026-02-03,2026-02-04,2026-02-05,1-2%,-1.287,224.79,227.72,tp_gap_filled,24.7971,5574.14,1.303,72.66,1
BAX,2026-02-03,2026-02-04,2026-02-05,1-2%,-1.61,19.55,19.87,tp_gap_filled,285.4475,5580.5,1.637,91.34,1
BG,2026-02-03,2026-02-04,2026-02-05,1-2%,-1.869,111.85,113.98,tp_gap_filled,50.0816,5601.62,1.904,106.67,1
CCL,2026-02-03,2026-02-04,2026-02-05,1-2%,-1.602,31.93,32.45,tp_gap_filled,175.8564,5615.09,1.629,91.45,1
CHD,2026-02-03,2026-02-04,2026-02-05,1-2%,-1.13,96.24,97.34,tp_gap_filled,58.3593,5616.5,1.143,64.2,1
CHTR,2026-02-03,2026-02-04,2026-02-05,1-2%,-1.727,209.92,213.61,tp_gap_filled,26.8159,5629.19,1.758,98.95,1
CLX,2026-02-03,2026-02-04,2026-02-05,1-2%,-1.209,111.92,113.29,tp_gap_filled,50.4674,5648.31,1.224,69.14,1
CPAY,2026-02-03,2026-02-04,2026-02-05,1-2%,-1.896,299.09,304.87,tp_gap_filled,18.9344,5663.08,1.933,109.44,1
CTAS,2026-02-03,2026-02-04,2026-02-05,1-2%,-1.681,187.7,190.91,tp_gap_filled,30.1769,5664.2,1.71,96.87,1
MDLZ,2026-02-03,2026-02-04,2026-02-05,1-2%,-1.073,58.06,58.69,tp_gap_filled,97.5937,5666.29,1.085,61.48,1
CNC,2026-02-02,2026-02-03,2026-02-06,1-2%,-1.5,42.67,39.2564,stop,131.501,5611.15,-8.0,-448.89,3
APO,2026-02-03,2026-02-04,2026-02-06,1-2%,-1.209,131.58,133.19,tp_gap_filled,42.3918,5577.91,1.224,68.25,2
CAH,2026-02-04,2026-02-05,2026-02-06,1-2%,-1.138,215.52,218.0,tp_gap_filled,25.7876,5557.75,1.151,63.95,1
CTSH,2026-02-04,2026-02-05,2026-02-06,1-2%,-1.866,73.11,74.5,tp_gap_filled,76.2246,5572.78,1.901,105.95,1
DLTR,2026-02-04,2026-02-05,2026-02-06,1-2%,-1.788,117.55,119.69,tp_gap_filled,47.5287,5587.0,1.821,101.71,1
GRMN,2026-02-04,2026-02-05,2026-02-06,1-2%,-1.183,198.84,201.22,tp_gap_filled,28.0532,5578.11,1.197,66.77,1
HUM,2026-02-04,2026-02-05,2026-02-06,1-2%,-1.549,190.03,193.02,tp_gap_filled,29.3527,5577.9,1.573,87.76,1
ICE,2026-02-03,2026-02-05,2026-02-06,1-2%,-1.501,170.58,173.18,tp_gap_filled,32.7299,5583.06,1.524,85.1,1
AJG,2026-01-20,2026-01-21,2026-02-09,1-2%,-1.129,255.6,235.152,stop,21.7775,5566.32,-8.0,-445.31,13
ADP,2026-01-28,2026-01-29,2026-02-09,1-2%,-1.91,249.65,229.678,stop,22.3578,5581.61,-8.0,-446.53,7
FDS,2026-02-04,2026-02-05,2026-02-09,1-2%,-1.172,220.01,202.4092,stop,25.4164,5591.87,-8.0,-447.35,2
IT,2026-02-04,2026-02-05,2026-02-09,1-2%,-1.861,157.18,160.16,tp_gap_filled,35.4964,5579.32,1.896,105.78,2
ADI,2026-02-05,2026-02-06,2026-02-09,1-2%,-1.279,316.34,320.44,tp_gap_filled,17.6063,5569.56,1.296,72.19,1
AES,2026-02-04,2026-02-06,2026-02-09,1-2%,-1.305,15.88,16.09,tp_gap_filled,350.956,5573.18,1.322,73.7,1
AFL,2026-02-05,2026-02-06,2026-02-09,1-2%,-1.012,112.47,113.62,tp_gap_filled,49.5791,5576.16,1.022,57.02,1
APA,2026-02-05,2026-02-06,2026-02-09,1-2%,-1.497,26.97,27.38,tp_gap_filled,207.1845,5587.77,1.52,84.95,1
BKR,2026-02-05,2026-02-06,2026-02-09,1-2%,-1.487,58.29,59.17,tp_gap_filled,95.9588,5593.44,1.51,84.44,1
CAT,2026-02-05,2026-02-06,2026-02-09,1-2%,-1.486,681.54,691.82,tp_gap_filled,8.2115,5596.46,1.508,84.41,1
CRH,2026-02-05,2026-02-06,2026-02-09,1-2%,-1.236,121.44,122.96,tp_gap_filled,46.2351,5614.8,1.252,70.28,1
ESS,2026-01-02,2026-01-16,2026-02-10,1-2%,-1.017,259.02,261.68,tp_gap_filled,21.5872,5591.5,1.027,57.42,16
AXP,2026-01-23,2026-01-26,2026-02-10,1-2%,-1.437,362.73,368.02,tp_gap_filled,15.4678,5610.63,1.458,81.82,11
ACN,2026-02-04,2026-02-05,2026-02-10,1-2%,-1.397,237.84,241.21,tp_gap_filled,23.3885,5562.73,1.417,78.82,3
MSCI,2026-02-04,2026-02-05,2026-02-10,1-2%,-1.09,575.14,529.1288,stop,9.686,5570.82,-8.0,-445.67,3
DD,2026-02-05,2026-02-09,2026-02-10,1-2%,-1.526,141.3,143.49,tp_gap_filled,39.4709,5577.24,1.55,86.44,1
DOW,2026-02-05,2026-02-09,2026-02-10,1-2%,-1.543,31.9,32.4,tp_gap_filled,174.8352,5577.24,1.567,87.42,1
MSFT,2026-02-05,2026-02-09,2026-02-10,1-2%,-1.63,407.44,414.19,tp_gap_filled,13.6802,5573.86,1.657,92.34,1
NSC,2026-02-06,2026-02-09,2026-02-10,1-2%,-1.121,303.47,306.91,tp_gap_filled,18.3944,5582.16,1.134,63.28,1
ORCL,2026-02-03,2026-02-09,2026-02-10,1-2%,-1.125,158.26,160.06,tp_gap_filled,35.2655,5581.12,1.137,63.48,1
PM,2026-02-06,2026-02-09,2026-02-10,1-2%,-1.192,179.83,182.0,tp_gap_filled,31.0191,5578.17,1.207,67.31,1
PTC,2026-01-29,2026-02-09,2026-02-10,1-2%,-1.007,160.28,161.91,tp_gap_filled,34.822,5581.27,1.017,56.76,1
AZO,2026-02-05,2026-02-06,2026-02-11,1-2%,-1.265,3673.4299,3720.5,tp_gap_filled,1.5225,5592.84,1.281,71.66,3
MU,2026-02-06,2026-02-09,2026-02-11,1-2%,-1.285,377.97,382.89,tp_gap_filled,14.758,5578.08,1.302,72.61,2
AMAT,2026-02-09,2026-02-10,2026-02-11,1-2%,-1.535,317.56,322.51,tp_gap_filled,17.5652,5578.02,1.559,86.95,1
BAX,2026-02-09,2026-02-10,2026-02-11,1-2%,-1.104,21.49,21.73,tp_gap_filled,260.0337,5588.12,1.117,62.41,1
BLK,2026-02-09,2026-02-10,2026-02-11,1-2%,-1.069,1045.09,1056.38,tp_gap_filled,5.3533,5594.63,1.08,60.44,1
CDW,2026-02-09,2026-02-10,2026-02-11,1-2%,-1.024,141.16,142.62,tp_gap_filled,39.6906,5602.72,1.034,57.95,1
CLX,2026-02-09,2026-02-10,2026-02-11,1-2%,-1.005,118.16,119.36,tp_gap_filled,47.4448,5606.08,1.016,56.93,1
GEHC,2026-01-15,2026-02-04,2026-02-12,1-2%,-1.278,84.21,77.4732,stop,67.3508,5671.61,-8.0,-453.73,6
JKHY,2026-02-03,2026-02-05,2026-02-12,1-2%,-1.468,176.55,162.426,stop,31.5501,5570.18,-8.0,-445.61,5
NDAQ,2026-02-04,2026-02-05,2026-02-12,1-2%,-1.152,86.7,79.764,stop,64.2024,5566.35,-8.0,-445.31,5
BF-B,2025-12-17,2026-02-10,2026-02-12,1-2%,-1.874,29.84,30.41,tp_gap_filled,187.4656,5593.97,1.91,106.86,2
CTSH,2026-02-09,2026-02-10,2026-02-12,1-2%,-1.803,75.69,69.6348,stop,74.1694,5613.88,-8.0,-449.11,2
CVS,2026-02-09,2026-02-10,2026-02-12,1-2%,-1.034,77.54,78.35,tp_gap_filled,72.3463,5609.73,1.045,58.6,2
CRL,2026-02-10,2026-02-11,2026-02-12,1-2%,-1.992,182.0,167.44,stop,30.4839,5548.07,-8.0,-443.85,1
FSLR,2026-02-10,2026-02-11,2026-02-12,1-2%,-1.409,219.0,222.13,tp_gap_filled,25.2222,5523.66,1.429,78.95,1
GLW,2026-02-10,2026-02-11,2026-02-12,1-2%,-1.811,129.01,131.39,tp_gap_filled,42.9012,5534.68,1.845,102.1,1
KLAC,2026-02-10,2026-02-11,2026-02-12,1-2%,-1.112,142.414,144.016,tp_gap_filled,38.9219,5543.02,1.125,62.35,1
KO,2026-02-10,2026-02-11,2026-02-12,1-2%,-1.719,76.63,77.97,tp_gap_filled,72.4755,5553.8,1.749,97.12,1
L,2026-02-10,2026-02-11,2026-02-12,1-2%,-1.181,109.59,110.9,tp_gap_filled,50.7431,5560.93,1.195,66.47,1
ELV,2026-02-09,2026-02-12,2026-02-13,1-2%,-1.351,334.4,338.98,tp_gap_filled,16.4113,5487.93,1.37,75.16,1
EXC,2025-12-01,2026-02-12,2026-02-13,1-2%,-1.91,46.22,47.12,tp_gap_filled,118.764,5489.27,1.947,106.89,1
FDS,2026-02-11,2026-02-12,2026-02-13,1-2%,-1.108,202.54,204.81,tp_gap_filled,27.1412,5497.17,1.121,61.61,1
GIS,2026-02-11,2026-02-12,2026-02-13,1-2%,-1.541,47.91,48.66,tp_gap_filled,114.7228,5496.37,1.565,86.04,1
HD,2026-02-11,2026-02-12,2026-02-13,1-2%,-1.201,385.0,389.68,tp_gap_filled,14.2863,5500.21,1.216,66.86,1
INCY,2026-02-11,2026-02-12,2026-02-13,1-2%,-1.529,98.52,100.05,tp_gap_filled,55.8662,5503.94,1.553,85.48,1
KVUE,2026-02-11,2026-02-12,2026-02-13,1-2%,-1.201,18.1,18.32,tp_gap_filled,304.4294,5510.17,1.215,66.97,1
PHM,2026-02-11,2026-02-12,2026-02-13,1-2%,-1.005,135.95,137.33,tp_gap_filled,40.4984,5505.76,1.015,55.89,1
STX,2026-02-09,2026-02-12,2026-02-13,1-2%,-1.23,424.04,429.32,tp_gap_filled,12.9981,5511.71,1.245,68.63,1
GOOG,2026-02-06,2026-02-09,2026-02-17,1-2%,-1.201,327.35,301.162,stop,17.0424,5578.82,-8.0,-446.31,5
GOOGL,2026-02-06,2026-02-09,2026-02-17,1-2%,-1.229,327.18,301.0056,stop,17.0435,5576.3,-8.0,-446.1,5
DRI,2026-02-10,2026-02-12,2026-02-17,1-2%,-1.344,215.08,218.01,tp_gap_filled,25.5289,5490.76,1.362,74.8,2
HUM,2026-02-12,2026-02-13,2026-02-17,1-2%,-1.539,172.7,175.4,tp_gap_filled,31.8969,5508.6,1.563,86.12,1
MAS,2026-02-11,2026-02-12,2026-02-18,1-2%,-1.208,76.88,77.82,tp_gap_filled,71.7615,5517.02,1.223,67.46,3
GILD,2026-02-12,2026-02-13,2026-02-18,1-2%,-1.528,153.42,155.8,tp_gap_filled,35.8871,5505.8,1.551,85.41,2
NEM,2026-02-12,2026-02-13,2026-02-18,1-2%,-1.364,122.9,124.6,tp_gap_filled,44.9698,5526.78,1.383,76.45,2
BAC,2026-02-13,2026-02-17,2026-02-18,1-2%,-1.161,51.91,52.52,tp_gap_filled,106.2048,5513.09,1.175,64.78,1
C,2026-02-13,2026-02-17,2026-02-18,1-2%,-1.242,109.77,111.15,tp_gap_filled,50.2642,5517.5,1.257,69.36,1
CSX,2026-02-13,2026-02-17,2026-02-18,1-2%,-1.179,40.22,40.7,tp_gap_filled,137.4335,5527.58,1.193,65.97,1
DLTR,2026-02-13,2026-02-17,2026-02-18,1-2%,-1.869,126.03,128.43,tp_gap_filled,43.9034,5533.14,1.904,105.37,1
DVA,2026-02-13,2026-02-17,2026-02-18,1-2%,-1.28,148.05,149.97,tp_gap_filled,37.4104,5538.61,1.297,71.83,1
EIX,2026-02-13,2026-02-17,2026-02-18,1-2%,-1.144,68.29,69.08,tp_gap_filled,81.1689,5543.02,1.157,64.12,1
FCX,2026-02-13,2026-02-17,2026-02-18,1-2%,-1.435,61.15,62.04,tp_gap_filled,90.854,5555.72,1.455,80.86,1
GS,2026-02-13,2026-02-17,2026-02-18,1-2%,-1.121,894.41,904.55,tp_gap_filled,6.2113,5555.45,1.134,62.98,1
AMAT,2026-02-17,2026-02-18,2026-02-19,1-2%,-1.102,351.0,354.91,tp_gap_filled,15.8483,5562.76,1.114,61.97,1
APH,2026-02-17,2026-02-18,2026-02-19,1-2%,-1.343,72.375,73.36,tp_gap_filled,77.0606,5577.26,1.361,75.9,1
AVGO,2026-02-17,2026-02-18,2026-02-19,1-2%,-1.688,319.68,325.17,tp_gap_filled,17.4644,5583.0,1.717,95.88,1
CIEN,2026-02-17,2026-02-18,2026-02-19,1-2%,-1.977,297.91,303.92,tp_gap_filled,18.7651,5590.32,2.017,112.78,1
COIN,2026-02-17,2026-02-18,2026-02-19,1-2%,-1.12,162.48,164.32,tp_gap_filled,34.4815,5602.56,1.132,63.45,1
CVNA,2026-02-17,2026-02-18,2026-02-19,1-2%,-1.578,67.492,68.574,tp_gap_filled,83.0508,5605.27,1.603,89.86,1
DE,2026-02-17,2026-02-18,2026-02-19,1-2%,-1.637,593.05,602.92,tp_gap_filled,9.4853,5625.26,1.664,93.62,1
ODFL,2026-02-06,2026-02-09,2026-02-20,1-2%,-1.89,198.32,202.14,tp_gap_filled,28.1577,5584.23,1.926,107.56,8
ANET,2026-01-30,2026-02-13,2026-02-20,1-2%,-1.552,145.85,134.182,stop,37.8065,5514.07,-8.0,-441.13,4
ADSK,2026-02-17,2026-02-18,2026-02-20,1-2%,-1.349,228.1,231.22,tp_gap_filled,24.3912,5563.64,1.368,76.1,2
BF-B,2026-02-18,2026-02-19,2026-02-20,1-2%,-1.333,28.87,29.26,tp_gap_filled,193.0995,5574.78,1.351,75.31,1
GIS,2026-02-18,2026-02-19,2026-02-20,1-2%,-1.379,44.34,44.96,tp_gap_filled,125.8479,5580.09,1.398,78.03,1
NCLH,2026-02-18,2026-02-19,2026-02-20,1-2%,-1.162,23.82,24.1,tp_gap_filled,234.0331,5574.67,1.175,65.53,1
SNDK,2026-02-18,2026-02-19,2026-02-20,1-2%,-1.372,582.49,590.59,tp_gap_filled,9.5644,5571.19,1.391,77.47,1
STZ,2026-02-18,2026-02-19,2026-02-20,1-2%,-1.559,150.32,152.7,tp_gap_filled,37.185,5589.65,1.583,88.5,1
MET,2026-01-06,2026-01-07,2026-02-23,1-2%,-1.211,80.78,74.3176,stop,67.8931,5484.41,-8.0,-438.75,31
CCL,2026-02-09,2026-02-10,2026-02-23,1-2%,-1.53,33.47,30.7924,stop,167.4254,5603.73,-8.0,-448.3,8
ADP,2026-02-10,2026-02-11,2026-02-23,1-2%,-1.152,224.01,206.0892,stop,24.8027,5556.06,-8.0,-444.48,7
ALB,2026-02-12,2026-02-18,2026-02-23,1-2%,-1.379,173.01,175.43,tp_gap_filled,32.1695,5565.64,1.399,77.85,3
ORCL,2026-02-17,2026-02-19,2026-02-23,1-2%,-1.349,157.98,145.3416,stop,35.2813,5573.73,-8.0,-445.9,2
AMAT,2026-02-19,2026-02-20,2026-02-23,1-2%,-1.923,362.2,369.3,tp_gap_filled,15.3877,5573.44,1.96,109.25,1
BLK,2026-02-19,2026-02-20,2026-02-23,1-2%,-1.315,1077.9,1092.26,tp_gap_filled,5.18,5583.58,1.332,74.39,1
C,2026-02-19,2026-02-20,2026-02-23,1-2%,-1.101,114.99,116.27,tp_gap_filled,48.5925,5587.65,1.113,62.2,1
CARR,2026-02-19,2026-02-20,2026-02-23,1-2%,-1.679,63.25,64.33,tp_gap_filled,88.3811,5590.11,1.708,95.45,1
CPAY,2026-02-19,2026-02-20,2026-02-23,1-2%,-1.251,344.82,349.19,tp_gap_filled,16.2231,5594.04,1.267,70.89,1
DRI,2026-02-19,2026-02-20,2026-02-23,1-2%,-1.095,214.04,216.41,tp_gap_filled,26.1653,5600.43,1.107,62.01,1
EXPE,2026-02-19,2026-02-20,2026-02-23,1-2%,-1.021,201.71,185.5732,stop,27.7516,5597.77,-8.0,-447.82,1
MPWR,2026-02-09,2026-02-12,2026-02-24,1-2%,-1.124,1216.0,1229.8199,tp_gap_filled,4.539,5519.39,1.137,62.73,7
CRL,2026-02-20,2026-02-23,2026-02-24,1-2%,-1.035,162.54,164.24,tp_gap_filled,33.9087,5511.52,1.046,57.65,1
CTAS,2026-02-20,2026-02-23,2026-02-24,1-2%,-1.066,195.86,197.97,tp_gap_filled,28.1486,5513.18,1.077,59.39,1
DELL,2026-02-20,2026-02-23,2026-02-24,1-2%,-1.092,117.76,119.06,tp_gap_filled,46.8466,5516.65,1.104,60.9,1
DHR,2026-02-20,2026-02-23,2026-02-24,1-2%,-1.188,208.74,211.25,tp_gap_filled,26.4438,5519.89,1.202,66.37,1
KLAC,2026-02-20,2026-02-23,2026-02-24,1-2%,-1.009,145.507,146.99,tp_gap_filled,37.9554,5522.77,1.019,56.29,1
LYB,2026-02-20,2026-02-23,2026-02-24,1-2%,-1.88,54.29,55.33,tp_gap_filled,101.8411,5528.95,1.916,105.91,1
MCHP,2026-02-20,2026-02-23,2026-02-24,1-2%,-1.14,76.28,77.16,tp_gap_filled,72.6406,5541.02,1.154,63.92,1
MRNA,2026-02-20,2026-02-23,2026-02-24,1-2%,-1.087,49.16,49.7,tp_gap_filled,112.7377,5542.18,1.098,60.88,1
ON,2026-02-19,2026-02-23,2026-02-24,1-2%,-1.203,69.81,70.66,tp_gap_filled,79.4808,5548.55,1.218,67.56,1
Q,2026-02-20,2026-02-23,2026-02-24,1-2%,-1.054,111.67,112.86,tp_gap_filled,49.6437,5543.71,1.066,59.08,1
BMY,2026-02-09,2026-02-10,2026-02-25,1-2%,-1.0,61.37,61.99,tp_gap_filled,91.3485,5606.06,1.01,56.64,10
CAT,2026-02-17,2026-02-18,2026-02-25,1-2%,-1.188,765.0,774.2,tp_gap_filled,7.3138,5595.08,1.203,67.29,5
APO,2026-02-20,2026-02-23,2026-02-25,1-2%,-1.217,116.9,118.34,tp_gap_filled,47.2113,5519.0,1.232,67.98,2
AMD,2026-02-20,2026-02-24,2026-02-25,1-2%,-1.598,200.12,203.37,tp_gap_filled,27.7662,5556.57,1.624,90.24,1
AXON,2026-02-20,2026-02-24,2026-02-25,1-2%,-1.349,435.17,441.12,tp_gap_filled,12.8125,5575.61,1.367,76.23,1
CNP,2026-02-23,2026-02-24,2026-02-25,1-2%,-1.302,42.44,43.0,tp_gap_filled,131.2954,5572.18,1.32,73.53,1
ETN,2026-02-23,2026-02-24,2026-02-25,1-2%,-1.677,367.12,373.38,tp_gap_filled,15.1757,5571.29,1.705,95.0,1
A,2026-02-09,2026-02-10,2026-02-26,1-2%,-1.381,127.79,117.5668,stop,43.6292,5575.38,-8.0,-446.03,11
ADSK,2026-02-23,2026-02-24,2026-02-26,1-2%,-1.476,223.63,226.98,tp_gap_filled,24.8563,5558.61,1.498,83.27,2
COO,2026-02-23,2026-02-24,2026-02-26,1-2%,-1.094,83.15,84.07,tp_gap_filled,67.042,5574.54,1.106,61.68,2
DAL,2026-02-19,2026-02-24,2026-02-26,1-2%,-1.631,69.95,71.11,tp_gap_filled,79.7129,5575.91,1.658,92.47,2
ALGN,2026-02-23,2026-02-25,2026-02-26,1-2%,-1.973,186.27,190.02,tp_gap_filled,29.749,5541.34,2.013,111.56,1
BXP,2026-02-24,2026-02-25,2026-02-26,1-2%,-1.543,58.7,59.62,tp_gap_filled,94.5061,5547.51,1.567,86.95,1
C,2026-02-24,2026-02-25,2026-02-26,1-2%,-1.174,109.45,110.75,tp_gap_filled,50.7544,5555.07,1.188,65.98,1
CIEN,2026-02-24,2026-02-25,2026-02-26,1-2%,-1.114,341.0,344.84,tp_gap_filled,16.3269,5567.48,1.126,62.7,1
CMG,2026-02-23,2026-02-25,2026-02-26,1-2%,-1.092,37.13,37.54,tp_gap_filled,150.2166,5577.54,1.104,61.59,1
LUV,2026-02-18,2026-02-19,2026-02-27,1-2%,-1.069,53.68,49.3856,stop,104.005,5582.99,-8.0,-446.64,6
ECHO,2026-02-19,2026-02-20,2026-02-27,1-2%,-1.153,113.14,114.46,tp_gap_filled,49.5374,5604.66,1.167,65.39,5
ANET,2026-02-23,2026-02-25,2026-02-27,1-2%,-1.179,131.225,132.79,tp_gap_filled,42.248,5543.99,1.193,66.12,2
ED,2026-02-24,2026-02-25,2026-02-27,1-2%,-1.676,110.26,112.14,tp_gap_filled,50.6106,5580.32,1.705,95.15,2
DELL,2026-02-25,2026-02-26,2026-02-27,1-2%,-1.386,118.12,119.78,tp_gap_filled,47.064,5559.2,1.405,78.13,1
NOW,2026-02-20,2026-02-26,2026-02-27,1-2%,-1.276,106.0,107.37,tp_gap_filled,52.5409,5569.33,1.292,71.98,1
OKE,2026-02-25,2026-02-26,2026-02-27,1-2%,-1.098,81.98,82.89,tp_gap_filled,68.041,5578.0,1.11,61.92,1
PNW,2026-02-25,2026-02-26,2026-02-27,1-2%,-1.589,98.46,100.05,tp_gap_filled,56.7229,5584.94,1.615,90.19,1
CRH,2026-02-12,2026-02-13,2026-03-02,1-2%,-1.377,126.07,115.9844,stop,43.6743,5506.02,-8.0,-440.48,10
ADM,2026-02-17,2026-02-18,2026-03-02,1-2%,-1.065,68.77,69.51,tp_gap_filled,80.9758,5568.7,1.076,59.92,8
PPG,2026-02-19,2026-02-23,2026-03-02,1-2%,-1.014,126.95,116.794,stop,43.696,5547.2,-8.0,-443.78,5
BAX,2026-02-23,2026-02-24,2026-03-02,1-2%,-1.529,21.25,19.55,stop,262.6032,5580.32,-8.0,-446.43,4
DLTR,2026-02-23,2026-02-24,2026-03-02,1-2%,-1.204,132.89,122.2588,stop,41.9373,5573.04,-8.0,-445.84,4
DOW,2026-02-20,2026-02-24,2026-03-02,1-2%,-1.338,30.97,31.39,tp_gap_filled,179.8699,5570.57,1.356,75.55,4
RL,2026-02-23,2026-02-26,2026-03-02,1-2%,-1.322,379.94,349.5448,stop,14.7076,5588.0,-8.0,-447.04,2
DVN,2026-02-26,2026-02-27,2026-03-02,1-2%,-1.103,42.15,42.62,tp_gap_filled,132.3833,5579.96,1.115,62.22,1
EOG,2026-02-26,2026-02-27,2026-03-02,1-2%,-1.208,121.02,122.5,tp_gap_filled,46.1832,5589.09,1.223,68.35,1
EQT,2026-02-26,2026-02-27,2026-03-02,1-2%,-1.314,58.6,59.38,tp_gap_filled,95.4976,5596.16,1.331,74.49,1
HAL,2026-02-26,2026-02-27,2026-03-02,1-2%,-1.333,34.8,35.27,tp_gap_filled,161.1961,5609.62,1.351,75.76,1
OXY,2026-02-26,2026-02-27,2026-03-02,1-2%,-1.256,50.3,50.94,tp_gap_filled,111.7635,5621.7,1.272,71.53,1
STX,2026-02-26,2026-02-27,2026-03-02,1-2%,-1.934,413.69,380.5948,stop,13.6267,5637.24,-8.0,-450.98,1
TPL,2026-02-26,2026-02-27,2026-03-02,1-2%,-1.039,505.0,510.3,tp_gap_filled,11.155,5633.25,1.05,59.12,1
FTNT,2026-02-23,2026-02-26,2026-03-03,1-2%,-1.975,78.42,80.0,tp_gap_filled,70.9901,5567.04,2.015,112.16,3
AXON,2026-02-27,2026-03-02,2026-03-03,1-2%,-1.761,540.5,550.19,tp_gap_filled,10.2257,5526.99,1.793,99.09,1
CDW,2026-02-27,2026-03-02,2026-03-03,1-2%,-1.516,121.52,123.39,tp_gap_filled,45.6258,5544.45,1.539,85.32,1
CEG,2026-02-27,2026-03-02,2026-03-03,1-2%,-1.1,320.0,323.56,tp_gap_filled,17.3496,5551.87,1.112,61.76,1
COHR,2026-02-27,2026-03-02,2026-03-03,1-2%,-1.247,247.02,250.14,tp_gap_filled,22.5041,5558.96,1.263,70.21,1
COIN,2026-02-26,2026-03-02,2026-03-03,1-2%,-1.359,181.44,183.94,tp_gap_filled,30.9598,5617.34,1.378,77.4,1
AMCR,2026-02-23,2026-02-24,2026-03-04,1-2%,-1.089,49.94,45.9448,stop,111.2381,5555.23,-8.0,-444.42,6
CTSH,2026-02-23,2026-02-26,2026-03-04,1-2%,-1.199,64.25,65.03,tp_gap_filled,86.4761,5556.09,1.214,67.45,4
ABNB,2026-02-27,2026-03-02,2026-03-04,1-2%,-1.854,134.43,136.97,tp_gap_filled,41.0932,5524.15,1.889,104.38,2
ADP,2026-02-27,2026-03-02,2026-03-04,1-2%,-1.58,214.91,218.36,tp_gap_filled,25.6933,5521.75,1.605,88.64,2
ACN,2026-02-23,2026-03-03,2026-03-04,1-2%,-1.5,212.12,215.35,tp_gap_filled,25.9191,5497.96,1.523,83.72,1
AON,2026-03-02,2026-03-03,2026-03-04,1-2%,-1.028,332.02,335.47,tp_gap_filled,16.5466,5493.81,1.039,57.09,1
AXP,2026-03-02,2026-03-03,2026-03-04,1-2%,-1.845,303.2,308.9,tp_gap_filled,18.1387,5499.64,1.88,103.39,1
BR,2026-03-02,2026-03-03,2026-03-04,1-2%,-1.754,182.61,185.87,tp_gap_filled,30.1409,5504.04,1.785,98.26,1
CHTR,2026-03-02,2026-03-03,2026-03-05,1-2%,-1.351,231.46,234.63,tp_gap_filled,23.8115,5511.42,1.37,75.48,2
ALL,2026-03-03,2026-03-04,2026-03-05,1-2%,-1.231,210.14,212.76,tp_gap_filled,26.3039,5527.5,1.247,68.92,1
AMD,2026-02-27,2026-03-04,2026-03-05,1-2%,-1.753,200.11,203.68,tp_gap_filled,27.6489,5532.82,1.784,98.71,1
APD,2026-03-03,2026-03-04,2026-03-05,1-2%,-1.964,271.0,276.43,tp_gap_filled,20.4441,5540.35,2.004,111.01,1
CBRE,2026-02-19,2026-02-26,2026-03-06,1-2%,-1.059,150.4,138.368,stop,36.947,5556.83,-8.0,-444.55,6
IP,2026-02-26,2026-02-27,2026-03-06,1-2%,-1.099,43.18,39.7256,stop,130.1365,5619.3,-8.0,-449.54,5
ALGN,2026-02-27,2026-03-02,2026-03-06,1-2%,-1.929,185.55,170.706,stop,29.7592,5521.83,-8.0,-441.75,4
BLK,2026-02-27,2026-03-02,2026-03-06,1-2%,-1.578,1073.0699,987.2244,stop,5.1661,5543.62,-8.0,-443.49,4
CAT,2026-02-27,2026-03-02,2026-03-06,1-2%,-1.024,745.22,685.6024,stop,7.4365,5541.81,-8.0,-443.34,4
AVGO,2026-02-26,2026-03-05,2026-03-06,1-2%,-1.748,326.5,332.31,tp_gap_filled,16.7559,5470.79,1.779,97.35,1
AXON,2026-03-04,2026-03-05,2026-03-06,1-2%,-1.022,573.17,579.09,tp_gap_filled,9.554,5476.04,1.033,56.56,1
BEN,2026-02-27,2026-03-02,2026-03-09,1-2%,-1.75,26.95,24.794,stop,205.6811,5543.11,-8.0,-443.45,5
CMI,2026-02-27,2026-03-02,2026-03-09,1-2%,-1.627,578.54,532.2568,stop,9.6071,5558.08,-8.0,-444.65,5
CEG,2026-03-05,2026-03-06,2026-03-09,1-2%,-1.629,317.59,322.85,tp_gap_filled,17.0058,5400.87,1.656,89.45,1
COST,2026-03-05,2026-03-06,2026-03-09,1-2%,-1.017,996.5,1006.74,tp_gap_filled,5.4122,5393.26,1.028,55.42,1
DTE,2026-03-05,2026-03-06,2026-03-09,1-2%,-1.086,148.48,150.11,tp_gap_filled,36.3123,5391.65,1.098,59.19,1
ADM,2026-03-03,2026-03-04,2026-03-10,1-2%,-1.681,68.44,69.61,tp_gap_filled,80.7982,5529.83,1.71,94.53,4
DRI,2026-03-05,2026-03-06,2026-03-10,1-2%,-1.155,201.06,203.41,tp_gap_filled,26.802,5388.81,1.169,62.98,2
ALB,2026-03-05,2026-03-09,2026-03-10,1-2%,-1.509,165.81,168.35,tp_gap_filled,32.3602,5365.64,1.532,82.2,1
AVGO,2026-03-06,2026-03-09,2026-03-10,1-2%,-1.349,328.28,332.77,tp_gap_filled,16.3671,5373.01,1.368,73.49,1
CI,2026-03-05,2026-03-06,2026-03-11,1-2%,-1.37,280.84,258.3728,stop,19.2356,5402.12,-8.0,-432.17,3
AMGN,2026-03-05,2026-03-09,2026-03-11,1-2%,-1.078,375.18,379.27,tp_gap_filled,14.3177,5371.72,1.09,58.56,2
ALGN,2026-03-09,2026-03-10,2026-03-11,1-2%,-1.954,170.6,174.0,tp_gap_filled,31.3212,5343.39,1.993,106.49,1
AMD,2026-03-09,2026-03-10,2026-03-11,1-2%,-1.595,189.36,192.43,tp_gap_filled,28.2085,5341.56,1.621,86.6,1
ANET,2026-03-09,2026-03-10,2026-03-11,1-2%,-1.87,130.405,132.89,tp_gap_filled,41.105,5360.3,1.906,102.15,1
AME,2026-03-02,2026-03-03,2026-03-12,1-2%,-1.204,236.34,217.4328,stop,23.2507,5495.07,-8.0,-439.61,7
BDX,2026-03-02,2026-03-03,2026-03-12,1-2%,-1.36,174.08,160.1536,stop,31.6167,5503.83,-8.0,-440.31,7
CRL,2026-03-05,2026-03-06,2026-03-12,1-2%,-1.058,177.68,163.4656,stop,30.3562,5393.7,-8.0,-431.5,4
AEE,2026-03-10,2026-03-11,2026-03-12,1-2%,-1.143,109.89,111.16,tp_gap_filled,48.6518,5346.35,1.156,61.79,1
APA,2026-03-10,2026-03-11,2026-03-12,1-2%,-1.626,32.06,32.59,tp_gap_filled,166.7198,5345.04,1.653,88.36,1
DRI,2026-03-10,2026-03-11,2026-03-12,1-2%,-1.126,199.37,201.64,tp_gap_filled,26.8477,5352.62,1.139,60.94,1
DUK,2026-03-10,2026-03-11,2026-03-12,1-2%,-1.205,129.5,131.08,tp_gap_filled,41.3752,5358.09,1.22,65.37,1
EOG,2026-03-10,2026-03-11,2026-03-12,1-2%,-1.124,130.19,131.67,tp_gap_filled,41.1643,5359.18,1.137,60.92,1
J,2026-02-19,2026-02-26,2026-03-13,1-2%,-1.053,140.0,128.8,stop,39.7843,5569.81,-8.0,-445.58,11
CIEN,2026-03-11,2026-03-12,2026-03-13,1-2%,-1.029,333.89,337.36,tp_gap_filled,15.8562,5294.22,1.039,55.02,1
TPL,2026-03-10,2026-03-12,2026-03-13,1-2%,-1.388,532.3,539.79,tp_gap_filled,9.9472,5294.91,1.407,74.5,1
APH,2026-03-12,2026-03-13,2026-03-16,1-2%,-1.657,66.155,67.27,tp_gap_filled,79.8722,5283.95,1.685,89.06,1
AXP,2026-03-12,2026-03-13,2026-03-17,1-2%,-1.781,300.54,305.99,tp_gap_filled,17.5516,5274.97,1.813,95.66,2
BLK,2026-03-12,2026-03-13,2026-03-17,1-2%,-1.954,932.58,951.17,tp_gap_filled,5.6405,5260.19,1.993,104.86,2
AIZ,2026-03-03,2026-03-04,2026-03-18,1-2%,-1.096,230.99,212.5108,stop,23.9247,5526.36,-8.0,-442.11,10
ALB,2026-03-12,2026-03-13,2026-03-18,1-2%,-1.321,165.78,168.0,tp_gap_filled,31.9461,5296.02,1.339,70.92,3
ALGN,2026-03-12,2026-03-17,2026-03-18,1-2%,-1.15,172.8,174.81,tp_gap_filled,30.8199,5325.68,1.163,61.95,1
CNC,2026-03-12,2026-03-17,2026-03-18,1-2%,-1.088,35.47,35.86,tp_gap_filled,150.2903,5330.8,1.1,58.61,1
AIG,2026-03-03,2026-03-05,2026-03-19,1-2%,-1.59,79.83,73.4436,stop,68.5202,5469.96,-8.0,-437.6,10
AVGO,2026-03-12,2026-03-13,2026-03-19,1-2%,-1.121,337.74,310.7208,stop,15.6545,5287.16,-8.0,-422.97,4
BKR,2026-03-12,2026-03-18,2026-03-19,1-2%,-1.509,58.08,58.97,tp_gap_filled,90.4671,5254.33,1.532,80.52,1
CIEN,2026-03-17,2026-03-18,2026-03-19,1-2%,-1.531,358.31,363.88,tp_gap_filled,14.6566,5251.62,1.555,81.64,1
DELL,2026-03-17,2026-03-18,2026-03-19,1-2%,-1.143,154.75,156.54,tp_gap_filled,34.0637,5271.36,1.157,60.97,1
AKAM,2026-02-17,2026-03-18,2026-03-20,1-2%,-1.056,110.58,111.76,tp_gap_filled,47.5531,5258.42,1.067,56.11,2
ADP,2026-03-18,2026-03-19,2026-03-20,1-2%,-1.13,207.36,209.73,tp_gap_filled,25.3516,5256.91,1.143,60.08,1
ALGN,2026-03-18,2026-03-19,2026-03-20,1-2%,-1.789,172.97,176.12,tp_gap_filled,30.391,5256.73,1.821,95.73,1
CMI,2026-03-12,2026-03-16,2026-03-23,1-2%,-1.728,546.53,556.14,tp_gap_filled,9.6978,5300.15,1.758,93.2,5
ACGL,2026-03-18,2026-03-19,2026-03-23,1-2%,-1.059,93.4,94.4,tp_gap_filled,56.3209,5260.38,1.071,56.32,2
ALB,2026-03-18,2026-03-19,2026-03-23,1-2%,-1.239,164.26,166.32,tp_gap_filled,32.0122,5258.33,1.254,65.95,2
AME,2026-03-19,2026-03-20,2026-03-23,1-2%,-1.01,210.62,212.77,tp_gap_filled,24.7577,5214.48,1.021,53.23,1
ANET,2026-03-19,2026-03-20,2026-03-23,1-2%,-1.712,133.74,136.07,tp_gap_filled,38.9781,5212.93,1.742,90.82,1
APH,2026-03-19,2026-03-20,2026-03-23,1-2%,-1.549,62.915,63.905,tp_gap_filled,82.7786,5208.02,1.574,81.95,1
A,2026-02-27,2026-03-04,2026-03-24,1-2%,-1.124,119.61,110.0412,stop,46.2142,5527.68,-8.0,-442.21,14
AMT,2026-03-03,2026-03-04,2026-03-24,1-2%,-1.404,187.53,172.5276,stop,29.5181,5535.53,-8.0,-442.84,14
ABT,2026-03-05,2026-03-09,2026-03-24,1-2%,-1.017,111.95,102.994,stop,47.9139,5363.96,-8.0,-429.12,11
ZBH,2026-03-05,2026-03-12,2026-03-24,1-2%,-1.358,94.45,86.894,stop,56.0429,5293.25,-8.0,-423.46,8
AMAT,2026-03-02,2026-03-23,2026-03-24,1-2%,-1.536,366.58,372.3,tp_gap_filled,14.4088,5281.99,1.56,82.42,1
FIX,2026-03-20,2026-03-23,2026-03-24,1-2%,-1.328,1425.42,1444.6,tp_gap_filled,3.7004,5274.63,1.346,70.97,1
FLEX,2026-03-20,2026-03-23,2026-03-24,1-2%,-1.079,65.08,65.79,tp_gap_filled,80.9995,5271.45,1.091,57.51,1
BAC,2026-03-12,2026-03-13,2026-03-25,1-2%,-1.69,47.7,48.52,tp_gap_filled,110.5756,5274.46,1.719,90.67,8
CVX,2026-03-23,2026-03-24,2026-03-25,1-2%,-1.537,198.63,201.73,tp_gap_filled,26.3734,5238.55,1.561,81.76,1
DOW,2026-03-23,2026-03-24,2026-03-25,1-2%,-1.992,35.92,36.65,tp_gap_filled,146.1389,5249.31,2.032,106.68,1
EXC,2026-03-20,2026-03-24,2026-03-25,1-2%,-1.041,47.51,48.01,tp_gap_filled,110.8561,5266.77,1.052,55.43,1
JBL,2026-02-27,2026-03-24,2026-03-25,1-2%,-1.022,269.13,271.91,tp_gap_filled,19.5651,5265.55,1.033,54.39,1
KEYS,2026-03-05,2026-03-24,2026-03-25,1-2%,-1.381,296.765,300.92,tp_gap_filled,17.7704,5273.62,1.4,73.84,1
PCG,2026-03-23,2026-03-24,2026-03-25,1-2%,-1.328,17.09,17.32,tp_gap_filled,308.6738,5275.24,1.346,70.99,1
SLB,2026-03-03,2026-03-24,2026-03-25,1-2%,-1.95,50.27,51.27,tp_gap_filled,105.0148,5279.09,1.989,105.01,1
BIIB,2026-03-12,2026-03-13,2026-03-26,1-2%,-1.375,187.86,190.48,tp_gap_filled,28.0477,5269.04,1.395,73.48,9
A,2026-03-24,2026-03-25,2026-03-26,1-2%,-1.277,110.59,112.02,tp_gap_filled,47.7738,5283.31,1.293,68.32,1
AKAM,2026-03-24,2026-03-25,2026-03-26,1-2%,-1.119,113.15,114.43,tp_gap_filled,46.7434,5289.02,1.131,59.83,1
ALGN,2026-03-24,2026-03-25,2026-03-26,1-2%,-1.626,177.92,180.86,tp_gap_filled,29.8058,5303.04,1.652,87.63,1
AME,2026-03-24,2026-03-25,2026-03-26,1-2%,-1.236,210.18,212.81,tp_gap_filled,25.287,5314.82,1.251,66.5,1
ANET,2026-03-24,2026-03-25,2026-03-26,1-2%,-1.229,134.21,123.4732,stop,39.6493,5321.34,-8.0,-425.71,1
AXP,2026-03-24,2026-03-25,2026-03-26,1-2%,-1.027,298.81,301.91,tp_gap_filled,17.8146,5323.19,1.037,55.23,1
ABNB,2026-03-06,2026-03-09,2026-03-27,1-2%,-1.443,133.89,123.1788,stop,40.0604,5363.68,-8.0,-429.09,14
ADSK,2026-03-18,2026-03-19,2026-03-27,1-2%,-1.044,250.28,230.2576,stop,21.0208,5261.09,-8.0,-420.89,6
DDOG,2026-03-20,2026-03-23,2026-03-27,1-2%,-1.37,128.16,117.9072,stop,41.1394,5272.43,-8.0,-421.79,4
APA,2026-03-25,2026-03-26,2026-03-27,1-2%,-1.495,40.19,40.8,tp_gap_filled,130.7048,5253.03,1.518,79.73,1
BF-B,2026-03-11,2026-03-26,2026-03-27,1-2%,-1.496,25.02,25.4,tp_gap_filled,210.4727,5266.03,1.519,79.98,1
BG,2026-03-25,2026-03-26,2026-03-27,1-2%,-1.048,122.79,124.09,tp_gap_filled,42.9482,5273.6,1.059,55.83,1
CF,2026-03-25,2026-03-26,2026-03-27,1-2%,-1.064,125.57,126.92,tp_gap_filled,42.0481,5279.98,1.075,56.76,1
COP,2026-03-25,2026-03-26,2026-03-27,1-2%,-1.044,128.0,129.35,tp_gap_filled,41.3647,5294.68,1.055,55.84,1
AMAT,2026-03-24,2026-03-25,2026-03-30,1-2%,-1.003,358.16,329.5072,stop,14.8161,5306.54,-8.0,-424.52,3
APH,2026-03-24,2026-03-25,2026-03-30,1-2%,-1.584,64.3,59.156,stop,82.7826,5322.92,-8.0,-425.83,3
ALB,2026-03-26,2026-03-27,2026-03-30,1-2%,-1.869,178.0,181.39,tp_gap_filled,29.0328,5167.84,1.904,98.42,1
EBAY,2026-03-26,2026-03-27,2026-03-30,1-2%,-1.396,88.3,89.55,tp_gap_filled,58.5497,5169.94,1.416,73.19,1
EXPE,2026-03-26,2026-03-27,2026-03-30,1-2%,-1.388,232.98,236.26,tp_gap_filled,22.1865,5169.0,1.408,72.77,1
MO,2026-03-18,2026-03-27,2026-03-30,1-2%,-1.0,66.3,66.97,tp_gap_filled,77.8144,5159.09,1.011,52.14,1
MRNA,2026-03-26,2026-03-27,2026-03-30,1-2%,-1.457,52.76,48.5392,stop,97.7975,5159.79,-8.0,-412.78,1
CRL,2026-03-12,2026-03-26,2026-03-31,1-2%,-1.681,166.07,168.91,tp_gap_filled,31.9476,5305.54,1.71,90.73,3
INCY,2026-03-26,2026-03-27,2026-03-31,1-2%,-1.344,90.99,92.23,tp_gap_filled,56.7211,5161.05,1.363,70.33,2
APO,2026-03-27,2026-03-30,2026-03-31,1-2%,-1.246,108.61,109.98,tp_gap_filled,47.2022,5126.63,1.261,64.67,1
BBY,2026-03-27,2026-03-30,2026-03-31,1-2%,-1.028,62.56,63.21,tp_gap_filled,81.998,5129.79,1.039,53.3,1
CCI,2026-03-24,2026-03-30,2026-03-31,1-2%,-1.328,80.25,81.33,tp_gap_filled,63.9916,5135.33,1.346,69.11,1
CDW,2026-03-27,2026-03-30,2026-03-31,1-2%,-1.287,119.62,121.18,tp_gap_filled,42.9151,5133.5,1.304,66.95,1
ECHO,2026-03-26,2026-03-30,2026-03-31,1-2%,-1.503,117.28,119.07,tp_gap_filled,43.751,5131.12,1.526,78.31,1
FTNT,2026-03-27,2026-03-30,2026-03-31,1-2%,-1.654,79.69,81.03,tp_gap_filled,64.2499,5120.07,1.682,86.09,1
BNY,2026-02-27,2026-03-02,2026-04-01,1-2%,-1.554,119.72,121.61,tp_gap_filled,46.2946,5542.39,1.579,87.5,22
AKAM,2026-03-27,2026-03-30,2026-04-01,1-2%,-1.288,115.74,117.25,tp_gap_filled,44.4002,5138.88,1.305,67.04,2
AME,2026-03-26,2026-03-31,2026-04-01,1-2%,-1.24,212.66,215.33,tp_gap_filled,24.6045,5232.39,1.256,65.69,1
C,2026-03-27,2026-03-31,2026-04-01,1-2%,-1.192,111.07,112.41,tp_gap_filled,47.1278,5234.48,1.206,63.15,1
COF,2026-03-27,2026-03-31,2026-04-01,1-2%,-1.329,179.7,182.12,tp_gap_filled,29.1597,5239.99,1.347,70.57,1
CVNA,2026-03-18,2026-03-31,2026-04-01,1-2%,-1.157,62.22,62.948,tp_gap_filled,84.2812,5243.97,1.17,61.36,1
DAL,2026-03-27,2026-03-31,2026-04-01,1-2%,-1.241,66.03,66.86,tp_gap_filled,79.4599,5246.74,1.257,65.95,1
FFIV,2026-03-27,2026-03-31,2026-04-01,1-2%,-1.061,290.04,293.15,tp_gap_filled,18.0959,5248.53,1.072,56.28,1
GOOG,2026-03-26,2026-03-31,2026-04-01,1-2%,-1.174,286.19,289.59,tp_gap_filled,18.3371,5247.88,1.188,62.35,1
GOOGL,2026-03-26,2026-03-31,2026-04-01,1-2%,-1.038,287.91,290.93,tp_gap_filled,18.2296,5248.5,1.049,55.05,1
PWR,2026-03-26,2026-03-27,2026-04-02,1-2%,-1.793,563.22,573.5,tp_gap_filled,9.1335,5144.15,1.825,93.89,4
BA,2026-03-19,2026-04-01,2026-04-02,1-2%,-1.427,203.05,205.99,tp_gap_filled,25.9144,5261.93,1.448,76.19,1
CAT,2026-03-26,2026-04-01,2026-04-02,1-2%,-1.247,710.07,719.04,tp_gap_filled,7.4182,5267.46,1.263,66.54,1
CMI,2026-03-26,2026-04-01,2026-04-02,1-2%,-1.48,545.17,553.36,tp_gap_filled,9.6758,5274.97,1.502,79.25,1
EME,2026-03-26,2026-04-01,2026-04-02,1-2%,-1.145,756.0,764.76,tp_gap_filled,6.9806,5277.35,1.159,61.15,1
FCX,2026-03-11,2026-04-01,2026-04-02,1-2%,-1.747,61.31,62.4,tp_gap_filled,86.0967,5278.59,1.778,93.85,1
SWKS,2026-03-26,2026-03-27,2026-04-06,1-2%,-1.05,55.6,56.19,tp_gap_filled,92.4119,5138.1,1.061,54.52,5
HII,2026-03-26,2026-04-01,2026-04-06,1-2%,-1.615,396.06,402.56,tp_gap_filled,13.3208,5275.82,1.641,86.58,2
ES,2026-04-01,2026-04-02,2026-04-06,1-2%,-1.097,68.52,69.28,tp_gap_filled,77.1188,5284.18,1.109,58.61,1
FRT,2026-04-01,2026-04-02,2026-04-06,1-2%,-1.789,104.31,106.21,tp_gap_filled,50.6936,5287.85,1.821,96.32,1
KHC,2026-03-18,2026-04-02,2026-04-06,1-2%,-1.258,22.602,22.89,tp_gap_filled,234.0148,5289.2,1.274,67.4,1
AVGO,2026-03-26,2026-04-01,2026-04-07,1-2%,-1.502,314.02,318.81,tp_gap_filled,16.7581,5262.37,1.525,80.27,3
BKR,2026-04-01,2026-04-02,2026-04-07,1-2%,-1.016,60.43,61.05,tp_gap_filled,87.4467,5284.4,1.026,54.22,2
AMD,2026-03-26,2026-04-06,2026-04-07,1-2%,-1.04,217.98,220.27,tp_gap_filled,24.3586,5309.68,1.051,55.78,1
BAC,2026-04-02,2026-04-06,2026-04-07,1-2%,-1.055,48.75,49.27,tp_gap_filled,108.9715,5312.36,1.067,56.67,1
BNY,2026-04-02,2026-04-06,2026-04-07,1-2%,-1.604,119.03,120.97,tp_gap_filled,44.6904,5319.5,1.63,86.7,1
CBRE,2026-04-02,2026-04-06,2026-04-07,1-2%,-1.383,132.63,134.49,tp_gap_filled,40.1853,5329.78,1.402,74.74,1
AMZN,2026-03-06,2026-03-10,2026-04-08,1-2%,-1.804,214.99,218.94,tp_gap_filled,24.9366,5361.12,1.837,98.5,20
BEN,2026-03-18,2026-03-23,2026-04-08,1-2%,-1.015,24.37,24.62,tp_gap_filled,216.5998,5278.54,1.026,54.15,11
CPRT,2026-03-18,2026-03-23,2026-04-08,1-2%,-1.557,33.52,34.05,tp_gap_filled,157.3224,5273.45,1.581,83.38,11
ALGN,2026-03-26,2026-04-01,2026-04-08,1-2%,-1.448,177.66,180.27,tp_gap_filled,29.6616,5269.68,1.469,77.42,4
FIX,2026-03-26,2026-04-01,2026-04-08,1-2%,-1.638,1446.55,1470.64,tp_gap_filled,3.6488,5278.12,1.665,87.9,4
GE,2026-03-26,2026-04-01,2026-04-08,1-2%,-1.679,291.58,296.56,tp_gap_filled,18.0905,5274.83,1.708,90.09,4
GWW,2026-03-06,2026-04-02,2026-04-08,1-2%,-1.399,1129.6801,1145.71,tp_gap_filled,4.6864,5294.13,1.419,75.12,3
COF,2026-04-02,2026-04-06,2026-04-08,1-2%,-1.897,181.0,184.5,tp_gap_filled,29.4858,5336.93,1.934,103.2,2
BRO,2026-04-06,2026-04-07,2026-04-08,1-2%,-1.046,65.26,65.95,tp_gap_filled,81.7854,5337.31,1.057,56.43,1
CF,2026-03-31,2026-04-07,2026-04-08,1-2%,-1.228,135.91,125.0372,stop,39.3043,5341.85,-8.0,-427.35,1
CRL,2026-04-06,2026-04-07,2026-04-08,1-2%,-1.915,170.56,173.89,tp_gap_filled,31.295,5337.67,1.952,104.21,1
HUM,2026-03-02,2026-04-07,2026-04-08,1-2%,-1.107,188.43,190.54,tp_gap_filled,28.3041,5333.34,1.12,59.72,1
JBHT,2026-04-06,2026-04-07,2026-04-08,1-2%,-1.284,212.15,214.91,tp_gap_filled,25.1976,5345.68,1.301,69.55,1
AFL,2026-03-03,2026-03-04,2026-04-09,1-2%,-1.288,111.89,113.35,tp_gap_filled,49.378,5524.9,1.305,72.09,25
ALL,2026-03-05,2026-03-06,2026-04-09,1-2%,-1.373,211.24,214.18,tp_gap_filled,25.5609,5399.49,1.392,75.15,23
REG,2026-03-11,2026-03-12,2026-04-09,1-2%,-1.446,77.03,78.16,tp_gap_filled,68.7596,5296.56,1.467,77.7,19
AAPL,2026-04-07,2026-04-08,2026-04-09,1-2%,-1.043,256.16,258.86,tp_gap_filled,21.1323,5413.24,1.054,57.06,1
AMAT,2026-04-07,2026-04-08,2026-04-09,1-2%,-1.268,348.15,352.62,tp_gap_filled,15.5643,5418.71,1.284,69.57,1
APH,2026-04-07,2026-04-08,2026-04-09,1-2%,-1.02,62.6,63.245,tp_gap_filled,87.0279,5447.94,1.03,56.13,1
APO,2026-04-07,2026-04-08,2026-04-09,1-2%,-1.008,105.04,106.11,tp_gap_filled,52.075,5469.96,1.019,55.72,1
APP,2026-04-07,2026-04-08,2026-04-09,1-2%,-1.287,407.37,374.7804,stop,13.4404,5475.2,-8.0,-438.02,1
AXP,2026-04-07,2026-04-08,2026-04-09,1-2%,-1.047,302.53,305.73,tp_gap_filled,18.0621,5464.33,1.058,57.8,1
CCL,2026-03-05,2026-04-08,2026-04-09,1-2%,-1.071,27.71,28.01,tp_gap_filled,197.6471,5476.8,1.083,59.29,1
CFG,2026-02-27,2026-04-08,2026-04-09,1-2%,-1.715,62.765,63.86,tp_gap_filled,87.3092,5479.96,1.745,95.6,1
CRH,2026-03-05,2026-04-08,2026-04-09,1-2%,-1.183,111.92,113.26,tp_gap_filled,49.0028,5484.39,1.197,65.66,1
CVNA,2026-04-07,2026-04-08,2026-04-09,1-2%,-1.84,62.204,63.37,tp_gap_filled,88.2427,5489.05,1.874,102.89,1
ATO,2026-04-08,2026-04-09,2026-04-10,1-2%,-1.06,186.7,188.7,tp_gap_filled,29.0692,5427.21,1.071,58.14,1
AWK,2026-04-08,2026-04-09,2026-04-10,1-2%,-1.751,133.0,135.37,tp_gap_filled,40.8672,5435.34,1.782,96.86,1
CBOE,2026-04-08,2026-04-09,2026-04-10,1-2%,-1.783,290.37,295.64,tp_gap_filled,18.7627,5448.11,1.815,98.88,1
D,2026-04-08,2026-04-09,2026-04-10,1-2%,-1.228,61.92,62.69,tp_gap_filled,88.0483,5451.95,1.244,67.8,1
DUK,2026-04-08,2026-04-09,2026-04-10,1-2%,-1.138,130.32,131.82,tp_gap_filled,41.9091,5461.59,1.151,62.86,1
IR,2026-03-11,2026-04-09,2026-04-10,1-2%,-1.053,85.51,86.42,tp_gap_filled,63.7981,5455.38,1.064,58.06,1
KDP,2026-04-01,2026-04-09,2026-04-10,1-2%,-1.367,25.97,26.33,tp_gap_filled,210.2513,5460.22,1.386,75.69,1
LIN,2026-04-08,2026-04-09,2026-04-10,1-2%,-1.332,488.0,494.59,tp_gap_filled,11.1987,5464.96,1.35,73.8,1
MO,2026-04-08,2026-04-09,2026-04-10,1-2%,-1.162,65.48,66.25,tp_gap_filled,83.5674,5471.99,1.176,64.35,1
APO,2026-04-09,2026-04-10,2026-04-13,1-2%,-1.924,104.99,107.05,tp_gap_filled,51.6737,5425.22,1.962,106.45,1
BF-B,2026-04-09,2026-04-10,2026-04-13,1-2%,-1.192,26.53,26.85,tp_gap_filled,204.4248,5423.39,1.206,65.42,1
CARR,2026-03-02,2026-04-10,2026-04-13,1-2%,-1.506,63.43,64.4,tp_gap_filled,85.8764,5447.14,1.529,83.3,1
CDW,2026-04-09,2026-04-10,2026-04-13,1-2%,-1.01,125.45,126.73,tp_gap_filled,43.4177,5446.76,1.02,55.57,1
CMS,2026-04-09,2026-04-10,2026-04-13,1-2%,-1.015,78.02,78.82,tp_gap_filled,69.8145,5446.93,1.025,55.85,1
DHI,2026-04-09,2026-04-10,2026-04-13,1-2%,-1.051,141.18,142.68,tp_gap_filled,38.6151,5451.68,1.062,57.92,1
ERIE,2026-04-09,2026-04-10,2026-04-13,1-2%,-1.176,250.4,253.38,tp_gap_filled,21.7831,5454.5,1.19,64.91,1
ELV,2026-03-02,2026-04-07,2026-04-14,1-2%,-1.544,315.06,320.0,tp_gap_filled,16.9367,5336.07,1.568,83.67,5
ABNB,2026-03-27,2026-04-08,2026-04-14,1-2%,-1.404,129.22,131.06,tp_gap_filled,41.9141,5416.14,1.424,77.12,4
FDS,2026-04-08,2026-04-09,2026-04-14,1-2%,-1.942,223.18,227.6,tp_gap_filled,24.4969,5467.21,1.98,108.28,3
MET,2026-02-27,2026-04-09,2026-04-14,1-2%,-1.146,75.07,75.94,tp_gap_filled,72.9123,5473.52,1.159,63.43,3
CTSH,2026-04-09,2026-04-13,2026-04-14,1-2%,-1.639,60.0,61.0,tp_gap_filled,91.5158,5490.95,1.667,91.52,1
MPC,2026-04-10,2026-04-13,2026-04-14,1-2%,-1.11,221.04,223.52,tp_gap_filled,24.8703,5497.34,1.122,61.68,1
ORCL,2026-04-09,2026-04-13,2026-04-14,1-2%,-1.016,142.2,143.66,tp_gap_filled,38.6985,5502.92,1.027,56.5,1
PLTR,2026-04-10,2026-04-13,2026-04-14,1-2%,-1.54,128.48,130.49,tp_gap_filled,43.0331,5528.89,1.564,86.5,1
BRO,2026-04-09,2026-04-10,2026-04-15,1-2%,-1.609,66.67,67.76,tp_gap_filled,81.8006,5453.64,1.635,89.16,3
MRSH,2026-04-09,2026-04-13,2026-04-15,1-2%,-1.394,173.36,175.81,tp_gap_filled,31.741,5502.62,1.413,77.77,2
BALL,2026-04-13,2026-04-14,2026-04-15,1-2%,-1.108,61.6,62.29,tp_gap_filled,89.285,5499.95,1.12,61.61,1
C,2026-04-13,2026-04-14,2026-04-15,1-2%,-1.109,123.01,124.39,tp_gap_filled,44.7499,5504.69,1.122,61.75,1
CEG,2026-04-13,2026-04-14,2026-04-15,1-2%,-1.208,283.04,286.5,tp_gap_filled,19.5004,5519.39,1.222,67.47,1
CNC,2026-04-13,2026-04-14,2026-04-15,1-2%,-1.206,36.85,37.3,tp_gap_filled,150.1389,5532.62,1.221,67.56,1
COF,2026-04-13,2026-04-14,2026-04-15,1-2%,-1.016,191.04,193.0,tp_gap_filled,28.9766,5535.69,1.026,56.79,1
DAL,2026-04-13,2026-04-14,2026-04-15,1-2%,-1.357,66.9,67.82,tp_gap_filled,82.9722,5550.84,1.375,76.33,1
ADI,2026-03-02,2026-04-08,2026-04-16,1-2%,-1.97,348.78,355.79,tp_gap_filled,15.5419,5420.7,2.01,108.95,6
CMCSA,2026-04-01,2026-04-09,2026-04-16,1-2%,-1.672,28.23,28.71,tp_gap_filled,193.138,5452.29,1.7,92.71,5
CSX,2026-03-05,2026-04-09,2026-04-16,1-2%,-1.029,42.34,42.78,tp_gap_filled,128.7921,5453.06,1.039,56.67,5
ACGL,2026-04-14,2026-04-15,2026-04-16,1-2%,-1.009,96.12,97.1,tp_gap_filled,57.2752,5505.3,1.02,56.13,1
ADSK,2026-04-09,2026-04-15,2026-04-16,1-2%,-1.305,237.51,240.65,tp_gap_filled,23.1955,5509.16,1.322,72.83,1
AON,2026-04-14,2026-04-15,2026-04-16,1-2%,-1.122,321.75,325.4,tp_gap_filled,17.1221,5509.02,1.134,62.5,1
CF,2026-04-14,2026-04-15,2026-04-16,1-2%,-1.463,119.9,121.68,tp_gap_filled,45.992,5514.44,1.485,81.87,1
CPAY,2026-03-12,2026-04-15,2026-04-16,1-2%,-1.531,325.43,330.49,tp_gap_filled,16.9515,5516.53,1.555,85.77,1
FANG,2026-04-14,2026-04-15,2026-04-16,1-2%,-1.232,186.77,189.1,tp_gap_filled,29.5298,5515.29,1.248,68.8,1
FSLR,2026-02-26,2026-04-15,2026-04-16,1-2%,-1.004,208.01,191.3692,stop,26.5081,5513.96,-8.0,-441.12,1
CRH,2026-04-13,2026-04-14,2026-04-17,1-2%,-1.909,115.64,117.89,tp_gap_filled,47.9803,5548.44,1.946,107.96,3
AMT,2026-04-14,2026-04-15,2026-04-17,1-2%,-1.382,178.44,180.94,tp_gap_filled,30.8858,5511.26,1.401,77.21,2
AMAT,2026-04-15,2026-04-16,2026-04-17,1-2%,-1.625,389.21,395.64,tp_gap_filled,14.1789,5518.55,1.652,91.17,1
CHTR,2026-03-09,2026-04-16,2026-04-17,1-2%,-1.292,229.24,232.24,tp_gap_filled,24.0754,5519.04,1.309,72.23,1
DOW,2026-04-14,2026-04-16,2026-04-17,1-2%,-1.022,39.7,36.524,stop,139.2187,5526.98,-8.0,-442.16,1
HII,2026-04-15,2026-04-16,2026-04-17,1-2%,-1.447,392.31,398.07,tp_gap_filled,14.0922,5528.51,1.468,81.17,1
LYB,2026-04-14,2026-04-16,2026-04-17,1-2%,-1.099,74.68,68.7056,stop,74.0658,5531.23,-8.0,-442.5,1
MAA,2026-04-15,2026-04-16,2026-04-17,1-2%,-1.266,124.74,126.34,tp_gap_filled,44.3602,5533.49,1.283,70.98,1
MPWR,2026-04-15,2026-04-16,2026-04-17,1-2%,-1.298,1345.72,1363.42,tp_gap_filled,4.1092,5529.86,1.315,72.73,1
MRVL,2026-04-15,2026-04-16,2026-04-17,1-2%,-1.076,132.39,133.83,tp_gap_filled,41.858,5541.59,1.088,60.28,1
MU,2026-04-15,2026-04-16,2026-04-17,1-2%,-1.724,457.63,465.66,tp_gap_filled,12.1138,5543.64,1.755,97.27,1
BIIB,2026-04-02,2026-04-14,2026-04-20,1-2%,-1.262,181.46,183.78,tp_gap_filled,30.3564,5508.48,1.279,70.43,4
BF-B,2026-04-16,2026-04-17,2026-04-20,1-2%,-1.15,29.23,29.57,tp_gap_filled,187.7474,5487.86,1.163,63.83,1
CDNS,2026-01-29,2026-04-17,2026-04-20,1-2%,-1.211,316.61,320.49,tp_gap_filled,17.3308,5487.1,1.225,67.24,1
CFG,2026-04-16,2026-04-17,2026-04-20,1-2%,-1.825,64.0,65.19,tp_gap_filled,85.6605,5482.27,1.859,101.94,1
COIN,2026-03-18,2026-04-17,2026-04-20,1-2%,-1.646,206.77,210.23,tp_gap_filled,26.5232,5484.2,1.673,91.77,1
FISV,2026-03-06,2026-04-17,2026-04-20,1-2%,-1.566,62.86,63.86,tp_gap_filled,87.2102,5482.03,1.591,87.21,1
JBL,2026-04-16,2026-04-17,2026-04-20,1-2%,-1.984,298.9,304.95,tp_gap_filled,18.35,5484.8,2.024,111.02,1
KLAC,2026-04-15,2026-04-17,2026-04-20,1-2%,-1.665,176.6,179.591,tp_gap_filled,31.1803,5506.44,1.694,93.26,1
BAX,2026-03-05,2026-04-17,2026-04-21,1-2%,-1.682,18.71,19.03,tp_gap_filled,293.3114,5487.86,1.71,93.86,2
FERG,2026-02-27,2026-04-17,2026-04-21,1-2%,-1.091,262.0,264.89,tp_gap_filled,20.9298,5483.61,1.103,60.49,2
HSIC,2026-03-05,2026-04-17,2026-04-21,1-2%,-1.427,79.43,80.58,tp_gap_filled,69.0781,5486.87,1.448,79.44,2
JCI,2026-04-15,2026-04-17,2026-04-21,1-2%,-1.091,140.5,142.05,tp_gap_filled,39.1865,5505.71,1.103,60.74,2
MO,2026-04-17,2026-04-20,2026-04-21,1-2%,-1.201,64.16,64.94,tp_gap_filled,86.0534,5521.19,1.216,67.12,1
SLB,2026-04-17,2026-04-20,2026-04-21,1-2%,-1.798,50.8,51.73,tp_gap_filled,108.7229,5523.12,1.831,101.11,1
TMUS,2026-04-17,2026-04-20,2026-04-21,1-2%,-1.192,194.77,197.12,tp_gap_filled,28.3745,5526.51,1.207,66.68,1
TPL,2026-04-17,2026-04-20,2026-04-21,1-2%,-1.562,419.61,426.27,tp_gap_filled,13.1827,5531.6,1.587,87.8,1
WMB,2026-04-17,2026-04-20,2026-04-21,1-2%,-1.355,69.9,70.86,tp_gap_filled,79.2794,5541.63,1.373,76.11,1
HAL,2026-04-01,2026-04-02,2026-04-22,1-2%,-1.334,38.47,38.99,tp_gap_filled,137.5427,5291.27,1.352,71.52,13
BKR,2026-04-17,2026-04-20,2026-04-22,1-2%,-1.502,59.69,60.6,tp_gap_filled,92.538,5523.59,1.525,84.21,2
ALGN,2026-04-20,2026-04-21,2026-04-22,1-2%,-1.431,187.35,190.07,tp_gap_filled,29.712,5566.54,1.452,80.82,1
APP,2026-04-20,2026-04-21,2026-04-22,1-2%,-1.402,470.51,477.2,tp_gap_filled,11.8556,5578.2,1.422,79.31,1
CRL,2026-04-20,2026-04-21,2026-04-22,1-2%,-1.501,181.12,183.88,tp_gap_filled,30.7321,5566.2,1.524,84.82,1
DASH,2026-04-20,2026-04-21,2026-04-22,1-2%,-1.224,181.64,183.89,tp_gap_filled,30.6609,5569.24,1.239,68.99,1
DDOG,2026-04-20,2026-04-21,2026-04-22,1-2%,-1.264,125.01,126.61,tp_gap_filled,44.5603,5570.48,1.28,71.3,1
EIX,2026-04-20,2026-04-21,2026-04-22,1-2%,-1.102,69.97,70.75,tp_gap_filled,79.7261,5578.44,1.115,62.19,1
FICO,2026-04-20,2026-04-21,2026-04-22,1-2%,-1.725,1055.0,970.6,stop,5.2867,5577.48,-8.0,-446.2,1
CVS,2026-04-13,2026-04-14,2026-04-23,1-2%,-1.5,78.14,79.33,tp_gap_filled,71.0608,5552.69,1.523,84.56,7
COP,2026-04-14,2026-04-16,2026-04-23,1-2%,-1.602,121.64,123.62,tp_gap_filled,45.4385,5527.14,1.628,89.97,5
CCL,2026-04-20,2026-04-21,2026-04-23,1-2%,-1.574,28.76,26.4592,stop,194.0118,5579.78,-8.0,-446.38,2
GL,2026-04-20,2026-04-21,2026-04-23,1-2%,-1.067,150.24,151.86,tp_gap_filled,37.0916,5572.64,1.078,60.09,2
BSX,2026-04-20,2026-04-22,2026-04-23,1-2%,-1.666,63.16,64.23,tp_gap_filled,87.8858,5550.87,1.694,94.04,1
DVN,2026-04-14,2026-04-22,2026-04-23,1-2%,-1.354,46.63,47.27,tp_gap_filled,119.2066,5558.6,1.373,76.29,1
MRNA,2026-04-21,2026-04-22,2026-04-23,1-2%,-1.154,53.96,54.59,tp_gap_filled,103.0675,5561.52,1.168,64.93,1
SYF,2026-04-21,2026-04-22,2026-04-23,1-2%,-1.514,77.39,78.58,tp_gap_filled,71.9752,5570.16,1.538,85.65,1
TRGP,2026-04-17,2026-04-22,2026-04-23,1-2%,-1.622,235.92,239.81,tp_gap_filled,23.5979,5567.22,1.649,91.8,1
LIN,2026-04-14,2026-04-23,2026-04-24,1-2%,-1.252,502.5,508.87,tp_gap_filled,11.0308,5543.0,1.268,70.27,1
NXPI,2026-02-27,2026-04-23,2026-04-24,1-2%,-1.365,229.06,232.23,tp_gap_filled,24.2123,5546.06,1.384,76.75,1
URI,2026-03-05,2026-04-23,2026-04-24,1-2%,-1.685,837.53,851.88,tp_gap_filled,6.6338,5556.01,1.713,95.19,1
WAB,2026-04-22,2026-04-23,2026-04-24,1-2%,-1.615,253.47,257.63,tp_gap_filled,22.1182,5606.29,1.641,92.01,1
GILD,2026-04-09,2026-04-10,2026-04-27,1-2%,-1.003,140.12,128.9104,stop,38.9534,5458.15,-8.0,-436.65,11
PANW,2026-01-29,2026-04-22,2026-04-27,1-2%,-1.448,181.08,183.74,tp_gap_filled,30.7597,5569.98,1.469,81.82,3
VZ,2026-04-10,2026-04-23,2026-04-27,1-2%,-1.444,47.09,47.78,tp_gap_filled,119.0383,5605.51,1.465,82.14,2
CDNS,2026-04-23,2026-04-24,2026-04-27,1-2%,-1.734,325.86,331.61,tp_gap_filled,16.9495,5523.15,1.765,97.46,1
FICO,2026-04-23,2026-04-24,2026-04-27,1-2%,-1.873,952.0,970.17,tp_gap_filled,5.8043,5525.68,1.909,105.46,1
APA,2026-04-14,2026-04-23,2026-04-28,1-2%,-1.697,38.82,39.49,tp_gap_filled,143.0144,5551.82,1.726,95.82,3
ACGL,2026-04-24,2026-04-27,2026-04-28,1-2%,-1.02,97.07,98.07,tp_gap_filled,57.0799,5540.75,1.03,57.08,1
ALB,2026-04-24,2026-04-27,2026-04-28,1-2%,-1.108,191.0,193.14,tp_gap_filled,28.9984,5538.69,1.12,62.06,1
AZO,2026-04-24,2026-04-27,2026-04-28,1-2%,-1.998,3525.3301,3597.2,tp_gap_filled,1.5746,5551.06,2.039,113.17,1
CHRW,2026-03-05,2026-04-27,2026-04-28,1-2%,-1.248,187.5,189.87,tp_gap_filled,29.6212,5553.97,1.264,70.2,1
BDX,2026-03-18,2026-03-26,2026-04-29,1-2%,-1.114,159.84,147.0528,stop,32.971,5270.08,-8.0,-421.61,23
EOG,2026-04-10,2026-04-13,2026-04-29,1-2%,-1.15,135.01,136.58,tp_gap_filled,40.6886,5493.37,1.163,63.88,12
DGX,2026-03-05,2026-04-21,2026-04-29,1-2%,-1.075,206.21,189.7132,stop,27.0599,5580.02,-8.0,-446.4,6
CVX,2026-04-14,2026-04-22,2026-04-29,1-2%,-1.658,188.6,191.78,tp_gap_filled,29.4908,5561.96,1.686,93.78,5
TMUS,2026-04-22,2026-04-23,2026-04-29,1-2%,-1.356,192.74,195.39,tp_gap_filled,28.8165,5554.09,1.375,76.36,4
COIN,2026-04-23,2026-04-24,2026-04-29,1-2%,-1.92,202.28,186.0976,stop,27.3339,5529.11,-8.0,-442.33,3
APP,2026-04-27,2026-04-28,2026-04-29,1-2%,-1.148,443.145,448.29,tp_gap_filled,12.5647,5567.99,1.161,64.65,1
IBKR,2026-04-22,2026-04-23,2026-04-30,1-2%,-1.959,78.06,79.62,tp_gap_filled,71.1078,5550.67,1.998,110.93,5
ABNB,2026-04-24,2026-04-27,2026-04-30,1-2%,-1.198,140.17,141.87,tp_gap_filled,39.5162,5538.99,1.213,67.18,3
AAPL,2026-04-27,2026-04-28,2026-04-30,1-2%,-1.834,266.09,271.06,tp_gap_filled,20.9135,5564.87,1.868,103.94,2
ADBE,2026-04-27,2026-04-28,2026-04-30,1-2%,-1.903,240.77,245.44,tp_gap_filled,23.1329,5569.7,1.94,108.03,2
AMZN,2026-04-28,2026-04-29,2026-04-30,1-2%,-1.045,258.39,261.12,tp_gap_filled,21.4379,5539.33,1.057,58.52,1
CAT,2026-04-28,2026-04-29,2026-04-30,1-2%,-1.742,814.35,828.79,tp_gap_filled,6.8083,5544.32,1.773,98.31,1
EXPE,2026-04-27,2026-04-29,2026-04-30,1-2%,-1.432,247.84,251.44,tp_gap_filled,22.3651,5542.96,1.453,80.51,1
GNRC,2026-02-27,2026-04-29,2026-04-30,1-2%,-1.191,231.56,234.35,tp_gap_filled,23.9433,5544.32,1.205,66.8,1
HUBB,2026-04-28,2026-04-29,2026-04-30,1-2%,-1.27,548.29,504.4268,stop,10.1587,5569.89,-8.0,-445.59,1
FISV,2026-04-23,2026-04-29,2026-05-01,1-2%,-1.359,62.4,63.26,tp_gap_filled,88.8783,5546.01,1.378,76.44,2
APO,2026-04-23,2026-04-30,2026-05-01,1-2%,-1.34,127.33,129.06,tp_gap_filled,43.7668,5572.83,1.359,75.72,1
BMY,2026-04-29,2026-04-30,2026-05-01,1-2%,-1.047,57.65,58.26,tp_gap_filled,96.7194,5575.87,1.058,59.0,1
CARR,2026-04-15,2026-04-30,2026-05-01,1-2%,-1.005,64.01,64.66,tp_gap_filled,87.3315,5590.09,1.015,56.77,1
CCL,2026-04-27,2026-04-30,2026-05-01,1-2%,-1.619,26.73,27.17,tp_gap_filled,209.6478,5603.89,1.646,92.25,1
CMI,2026-04-28,2026-04-30,2026-05-01,1-2%,-1.015,654.07,660.78,tp_gap_filled,8.5642,5601.58,1.026,57.47,1
CVNA,2026-04-23,2026-04-30,2026-05-01,1-2%,-1.06,82.474,75.8761,stop,68.0073,5608.83,-8.0,-448.71,1
DASH,2026-04-29,2026-04-30,2026-05-01,1-2%,-1.474,169.435,171.97,tp_gap_filled,33.0367,5597.57,1.496,83.75,1
FAST,2026-04-29,2026-04-30,2026-05-01,1-2%,-1.007,44.23,44.68,tp_gap_filled,126.5265,5596.27,1.017,56.94,1
STZ,2026-04-17,2026-04-20,2026-05-04,1-2%,-1.187,162.3,149.316,stop,34.0772,5530.73,-8.0,-442.46,10
CRWD,2026-01-29,2026-04-22,2026-05-04,1-2%,-1.801,115.185,117.2975,tp_gap_filled,48.2561,5558.38,1.834,101.94,8
ADBE,2026-04-30,2026-05-01,2026-05-04,1-2%,-1.425,240.1,243.57,tp_gap_filled,23.1072,5548.04,1.445,80.18,1
ADP,2026-04-30,2026-05-01,2026-05-04,1-2%,-1.121,212.65,215.06,tp_gap_filled,26.1477,5560.3,1.133,63.02,1
APA,2026-04-30,2026-05-01,2026-05-04,1-2%,-1.984,39.52,40.32,tp_gap_filled,140.7474,5562.34,2.024,112.6,1
CF,2026-04-30,2026-05-01,2026-05-04,1-2%,-1.018,125.49,126.78,tp_gap_filled,44.2557,5553.65,1.028,57.09,1
COHR,2026-04-27,2026-05-01,2026-05-04,1-2%,-1.663,330.5,336.09,tp_gap_filled,16.7704,5542.61,1.691,93.75,1
RJF,2026-02-27,2026-04-23,2026-05-05,1-2%,-1.584,157.15,159.68,tp_gap_filled,35.3847,5560.71,1.61,89.52,8
MTD,2026-04-23,2026-04-24,2026-05-05,1-2%,-1.756,1287.0601,1310.0699,tp_gap_filled,4.3051,5540.98,1.788,99.06,7
APD,2026-04-30,2026-05-01,2026-05-05,1-2%,-1.157,299.0,302.5,tp_gap_filled,18.6175,5566.63,1.171,65.16,2
ADI,2026-05-01,2026-05-04,2026-05-05,1-2%,-1.293,397.06,402.26,tp_gap_filled,13.9347,5532.9,1.31,72.46,1
AMAT,2026-05-01,2026-05-04,2026-05-05,1-2%,-1.278,389.45,394.49,tp_gap_filled,14.2069,5532.87,1.294,71.6,1
GLW,2026-05-01,2026-05-04,2026-05-05,1-2%,-1.352,162.02,164.24,tp_gap_filled,34.1578,5534.24,1.37,75.83,1
GOOG,2026-05-01,2026-05-04,2026-05-05,1-2%,-1.037,377.98,381.94,tp_gap_filled,14.6323,5530.73,1.048,57.94,1
INTC,2026-05-01,2026-05-04,2026-05-05,1-2%,-1.355,93.2,94.48,tp_gap_filled,59.3556,5531.94,1.373,75.98,1
LRCX,2026-05-01,2026-05-04,2026-05-05,1-2%,-1.055,255.14,257.86,tp_gap_filled,21.712,5539.6,1.066,59.06,1
MRVL,2026-05-01,2026-05-04,2026-05-05,1-2%,-1.695,162.35,165.15,tp_gap_filled,34.1443,5543.32,1.725,95.6,1
AJG,2026-04-24,2026-04-28,2026-05-06,1-2%,-1.108,216.94,199.5848,stop,25.6869,5572.51,-8.0,-445.8,6
CRH,2026-05-04,2026-05-05,2026-05-06,1-2%,-1.126,114.15,115.45,tp_gap_filled,48.9206,5584.28,1.139,63.6,1
DHI,2026-05-04,2026-05-05,2026-05-06,1-2%,-1.253,148.1,149.98,tp_gap_filled,37.6812,5580.58,1.269,70.84,1
EFX,2026-05-04,2026-05-05,2026-05-06,1-2%,-1.231,171.71,173.85,tp_gap_filled,32.4822,5577.51,1.246,69.51,1
EXC,2026-05-04,2026-05-05,2026-05-06,1-2%,-1.011,46.03,46.5,tp_gap_filled,121.1116,5574.77,1.021,56.92,1
HLT,2026-05-04,2026-05-05,2026-05-06,1-2%,-1.212,314.75,318.61,tp_gap_filled,17.7146,5575.68,1.226,68.38,1
JBHT,2026-05-04,2026-05-05,2026-05-06,1-2%,-1.749,244.38,248.73,tp_gap_filled,22.8084,5573.92,1.78,99.22,1
LEN,2026-05-04,2026-05-05,2026-05-06,1-2%,-1.278,87.32,88.45,tp_gap_filled,63.8158,5572.39,1.294,72.11,1
MAR,2026-05-01,2026-05-05,2026-05-06,1-2%,-1.158,357.5,361.69,tp_gap_filled,15.5771,5568.82,1.172,65.27,1
CBRE,2026-04-27,2026-04-28,2026-05-07,1-2%,-1.2,146.51,148.29,tp_gap_filled,38.0294,5571.68,1.215,67.69,7
FE,2026-04-29,2026-04-30,2026-05-07,1-2%,-1.23,48.97,45.0524,stop,114.37,5600.7,-8.0,-448.06,5
COHR,2026-05-05,2026-05-06,2026-05-07,1-2%,-1.473,325.03,329.89,tp_gap_filled,17.2139,5595.03,1.495,83.66,1
DVA,2026-05-05,2026-05-06,2026-05-07,1-2%,-1.992,151.01,154.08,tp_gap_filled,37.1627,5611.93,2.033,114.09,1
EBAY,2026-05-05,2026-05-06,2026-05-07,1-2%,-1.674,107.5,109.33,tp_gap_filled,52.945,5691.59,1.702,96.89,1
FCX,2026-04-28,2026-05-06,2026-05-07,1-2%,-1.337,59.76,60.57,tp_gap_filled,95.1624,5686.91,1.355,77.08,1
GDDY,2026-05-05,2026-05-06,2026-05-07,1-2%,-1.133,87.28,88.28,tp_gap_filled,65.2187,5692.28,1.146,65.22,1
HBAN,2026-05-04,2026-05-06,2026-05-07,1-2%,-1.022,16.46,16.63,tp_gap_filled,345.4132,5685.5,1.033,58.72,1
TDY,2026-03-05,2026-04-22,2026-05-08,1-2%,-1.119,675.13,621.1196,stop,8.2574,5574.84,-8.0,-445.99,12
EXPD,2026-02-23,2026-05-06,2026-05-08,1-2%,-1.011,154.72,156.3,tp_gap_filled,36.7975,5693.31,1.021,58.14,2
ADP,2026-05-06,2026-05-07,2026-05-08,1-2%,-1.04,208.41,210.6,tp_gap_filled,26.9235,5611.12,1.051,58.96,1
CBOE,2026-05-06,2026-05-07,2026-05-08,1-2%,-1.689,338.17,343.98,tp_gap_filled,16.5996,5613.5,1.718,96.44,1
CRWD,2026-05-06,2026-05-07,2026-05-08,1-2%,-1.706,117.1,119.1325,tp_gap_filled,47.941,5613.89,1.736,97.44,1
CSCO,2026-05-06,2026-05-07,2026-05-08,1-2%,-1.76,92.64,94.3,tp_gap_filled,60.8404,5636.26,1.792,101.0,1
DDOG,2026-05-06,2026-05-07,2026-05-08,1-2%,-1.379,143.72,145.73,tp_gap_filled,39.2068,5634.8,1.399,78.81,1
BRO,2026-04-30,2026-05-01,2026-05-11,1-2%,-1.217,60.89,56.0188,stop,91.4527,5568.56,-8.0,-445.48,6
AJG,2026-05-07,2026-05-08,2026-05-11,1-2%,-1.341,194.27,196.91,tp_gap_filled,28.869,5608.38,1.359,76.21,1
AMD,2026-05-07,2026-05-08,2026-05-11,1-2%,-1.025,417.07,421.39,tp_gap_filled,13.463,5615.02,1.036,58.16,1
CVX,2026-05-07,2026-05-08,2026-05-11,1-2%,-1.933,181.58,185.16,tp_gap_filled,31.0644,5640.68,1.972,111.21,1
DELL,2026-05-07,2026-05-08,2026-05-11,1-2%,-1.482,235.26,238.8,tp_gap_filled,23.9766,5640.74,1.505,84.88,1
DRI,2026-05-07,2026-05-08,2026-05-11,1-2%,-1.15,193.45,195.7,tp_gap_filled,29.3148,5670.95,1.163,65.96,1
DVN,2026-05-07,2026-05-08,2026-05-11,1-2%,-1.996,45.67,46.6,tp_gap_filled,124.2616,5675.03,2.036,115.56,1
ES,2026-05-07,2026-05-08,2026-05-12,1-2%,-1.211,67.69,68.52,tp_gap_filled,83.833,5674.66,1.226,69.58,2
CRWD,2026-05-08,2026-05-11,2026-05-12,1-2%,-1.294,124.7937,126.43,tp_gap_filled,44.9316,5607.18,1.311,73.52,1
DDOG,2026-05-08,2026-05-11,2026-05-12,1-2%,-1.711,185.5,188.73,tp_gap_filled,30.3579,5631.38,1.741,98.06,1
EG,2026-05-08,2026-05-11,2026-05-12,1-2%,-1.006,348.19,351.73,tp_gap_filled,16.2466,5656.91,1.017,57.51,1
ADSK,2026-05-06,2026-05-07,2026-05-13,1-2%,-1.624,245.38,225.7496,stop,22.8982,5618.76,-8.0,-449.5,4
ALGN,2026-05-04,2026-05-07,2026-05-13,1-2%,-1.777,175.73,161.6716,stop,32.0107,5625.24,-8.0,-450.02,4
GDDY,2026-05-08,2026-05-11,2026-05-13,1-2%,-1.66,88.26,81.1992,stop,64.1176,5659.02,-8.0,-452.72,2
IT,2026-05-08,2026-05-11,2026-05-13,1-2%,-1.217,155.86,143.3912,stop,36.3046,5658.44,-8.0,-452.68,2
ADI,2026-05-11,2026-05-12,2026-05-13,1-2%,-1.035,412.21,416.52,tp_gap_filled,13.6186,5613.71,1.046,58.7,1
FTNT,2026-05-11,2026-05-12,2026-05-13,1-2%,-1.727,112.1,114.07,tp_gap_filled,50.1157,5617.97,1.757,98.73,1
HUM,2026-05-11,2026-05-12,2026-05-13,1-2%,-1.047,272.08,274.96,tp_gap_filled,20.6645,5622.41,1.059,59.51,1
DGX,2026-05-04,2026-05-05,2026-05-14,1-2%,-1.069,190.61,192.67,tp_gap_filled,29.2757,5580.25,1.081,60.31,7
CHD,2026-05-04,2026-05-06,2026-05-14,1-2%,-1.562,94.52,96.02,tp_gap_filled,59.1803,5593.73,1.587,88.77,6
ADBE,2026-05-06,2026-05-07,2026-05-14,1-2%,-1.408,252.02,231.8584,stop,22.2448,5606.12,-8.0,-448.49,5
ALB,2026-05-12,2026-05-13,2026-05-14,1-2%,-1.929,205.94,189.4648,stop,27.0491,5570.49,-8.0,-445.64,1
AMAT,2026-05-12,2026-05-13,2026-05-14,1-2%,-1.537,436.8,443.62,tp_gap_filled,12.7375,5563.73,1.561,86.87,1
COHR,2026-05-12,2026-05-13,2026-05-14,1-2%,-1.773,372.96,379.69,tp_gap_filled,14.8977,5556.24,1.804,100.26,1
CINF,2026-04-28,2026-04-29,2026-05-15,1-2%,-1.497,163.16,165.64,tp_gap_filled,33.9719,5542.85,1.52,84.25,12
ABT,2026-05-13,2026-05-14,2026-05-15,1-2%,-1.126,83.4,84.35,tp_gap_filled,66.647,5558.36,1.139,63.31,1
AJG,2026-05-13,2026-05-14,2026-05-15,1-2%,-1.327,194.78,197.4,tp_gap_filled,28.5623,5563.36,1.345,74.83,1
ALL,2026-05-13,2026-05-14,2026-05-15,1-2%,-1.016,213.28,215.47,tp_gap_filled,26.1042,5567.5,1.027,57.17,1
ARES,2026-05-13,2026-05-14,2026-05-15,1-2%,-1.221,122.15,123.66,tp_gap_filled,45.6131,5571.64,1.236,68.88,1
AVGO,2026-05-12,2026-05-14,2026-05-15,1-2%,-1.167,423.43,428.43,tp_gap_filled,13.1927,5586.19,1.181,65.96,1
CL,2026-03-18,2026-05-01,2026-05-18,1-2%,-1.256,88.81,89.94,tp_gap_filled,62.4643,5547.45,1.272,70.58,11
JBL,2026-05-07,2026-05-11,2026-05-18,1-2%,-1.238,367.73,338.3116,stop,15.3773,5654.7,-8.0,-452.38,5
AMT,2026-05-12,2026-05-13,2026-05-18,1-2%,-1.623,174.59,177.47,tp_gap_filled,31.8667,5563.61,1.65,91.78,3
ADP,2026-05-13,2026-05-15,2026-05-18,1-2%,-1.094,211.47,213.81,tp_gap_filled,26.196,5539.66,1.107,61.3,1
FISV,2026-05-13,2026-05-15,2026-05-18,1-2%,-1.403,54.11,54.88,tp_gap_filled,102.4506,5543.6,1.423,78.89,1
GOOG,2026-05-14,2026-05-15,2026-05-18,1-2%,-1.316,393.79,399.04,tp_gap_filled,14.0934,5549.85,1.333,73.99,1
GOOGL,2026-05-14,2026-05-15,2026-05-18,1-2%,-1.326,397.28,402.62,tp_gap_filled,13.9688,5549.52,1.344,74.59,1
MRNA,2026-05-14,2026-05-15,2026-05-18,1-2%,-1.825,49.5,50.42,tp_gap_filled,112.0137,5544.68,1.859,103.05,1
ACGL,2026-04-29,2026-05-01,2026-05-19,1-2%,-1.247,95.85,97.06,tp_gap_filled,57.9439,5553.92,1.262,70.11,12
MAA,2026-05-14,2026-05-15,2026-05-19,1-2%,-1.206,127.78,129.34,tp_gap_filled,43.4276,5549.17,1.221,67.75,2
APP,2026-05-15,2026-05-18,2026-05-19,1-2%,-1.066,479.99,485.16,tp_gap_filled,11.6351,5584.71,1.077,60.15,1
BNY,2026-05-15,2026-05-18,2026-05-19,1-2%,-1.007,134.61,135.98,tp_gap_filled,41.5416,5591.92,1.018,56.91,1
CBRE,2026-05-15,2026-05-18,2026-05-19,1-2%,-1.291,130.74,132.45,tp_gap_filled,42.8026,5596.01,1.308,73.19,1
CRM,2026-05-11,2026-05-18,2026-05-19,1-2%,-1.05,179.91,181.82,tp_gap_filled,31.1034,5595.82,1.062,59.41,1
CRWD,2026-05-15,2026-05-18,2026-05-19,1-2%,-1.169,143.2925,144.9875,tp_gap_filled,39.047,5595.15,1.183,66.19,1
DDOG,2026-05-15,2026-05-18,2026-05-19,1-2%,-1.159,200.49,202.84,tp_gap_filled,28.0128,5616.28,1.172,65.83,1
CCL,2026-05-15,2026-05-18,2026-05-20,1-2%,-1.31,24.87,25.2,tp_gap_filled,224.9846,5595.37,1.327,74.24,2
DAL,2026-05-15,2026-05-18,2026-05-20,1-2%,-1.426,70.53,71.55,tp_gap_filled,79.646,5617.43,1.446,81.24,2
CBOE,2026-05-18,2026-05-19,2026-05-20,1-2%,-1.358,358.09,363.02,tp_gap_filled,15.4756,5541.67,1.377,76.29,1
CF,2026-05-18,2026-05-19,2026-05-20,1-2%,-1.789,123.0,125.24,tp_gap_filled,45.0849,5545.45,1.821,100.99,1
DRI,2026-05-18,2026-05-19,2026-05-20,1-2%,-1.001,193.93,195.89,tp_gap_filled,28.6177,5549.82,1.011,56.09,1
EXPE,2026-05-18,2026-05-19,2026-05-20,1-2%,-1.006,215.54,217.73,tp_gap_filled,25.7471,5549.54,1.016,56.39,1
GEN,2026-05-18,2026-05-19,2026-05-20,1-2%,-1.066,23.2,23.45,tp_gap_filled,239.1742,5548.84,1.078,59.79,1
GRMN,2026-05-15,2026-05-19,2026-05-20,1-2%,-1.966,229.82,234.43,tp_gap_filled,24.2026,5562.24,2.006,111.57,1
AMD,2026-05-14,2026-05-20,2026-05-21,1-2%,-1.1,440.6,445.5,tp_gap_filled,12.747,5616.34,1.112,62.46,1
APH,2026-05-19,2026-05-20,2026-05-21,1-2%,-1.643,59.86,60.86,tp_gap_filled,93.8988,5620.78,1.671,93.9,1
CIEN,2026-05-19,2026-05-20,2026-05-21,1-2%,-2.0,514.04,524.53,tp_gap_filled,10.95,5628.73,2.041,114.87,1
DELL,2026-05-19,2026-05-20,2026-05-21,1-2%,-1.588,234.25,238.03,tp_gap_filled,24.1239,5651.02,1.614,91.19,1
DHI,2026-05-19,2026-05-20,2026-05-21,1-2%,-1.52,135.4,137.49,tp_gap_filled,41.8131,5661.49,1.544,87.39,1
DXCM,2026-03-06,2026-05-20,2026-05-21,1-2%,-1.372,69.72,70.69,tp_gap_filled,81.394,5674.79,1.391,78.95,1
ECHO,2026-05-19,2026-05-20,2026-05-21,1-2%,-1.429,134.5,136.45,tp_gap_filled,42.2438,5681.79,1.45,82.38,1
CDNS,2026-05-11,2026-05-12,2026-05-22,1-2%,-1.001,359.07,362.7,tp_gap_filled,15.6481,5618.78,1.011,56.8,8
ADP,2026-05-20,2026-05-21,2026-05-22,1-2%,-1.007,218.22,220.44,tp_gap_filled,25.9123,5654.59,1.017,57.53,1
ADSK,2026-05-20,2026-05-21,2026-05-22,1-2%,-1.806,239.75,244.16,tp_gap_filled,23.5954,5657.0,1.839,104.06,1
ANET,2026-05-15,2026-05-21,2026-05-22,1-2%,-1.908,144.99,147.81,tp_gap_filled,39.0201,5657.52,1.945,110.04,1
CCI,2026-05-20,2026-05-21,2026-05-22,1-2%,-1.321,91.12,92.34,tp_gap_filled,62.1657,5664.54,1.339,75.84,1
CRM,2026-05-20,2026-05-21,2026-05-22,1-2%,-1.884,176.04,179.42,tp_gap_filled,32.1938,5667.4,1.92,108.82,1
CSCO,2026-05-19,2026-05-21,2026-05-22,1-2%,-1.548,117.04,118.88,tp_gap_filled,48.4265,5667.84,1.572,89.1,1
DASH,2026-05-20,2026-05-21,2026-05-22,1-2%,-1.06,153.01,154.65,tp_gap_filled,37.0606,5670.64,1.072,60.78,1
BKR,2026-05-06,2026-05-20,2026-05-26,1-2%,-1.505,66.76,67.78,tp_gap_filled,84.311,5628.6,1.528,86.0,3
A,2026-05-21,2026-05-22,2026-05-26,1-2%,-1.046,112.59,113.78,tp_gap_filled,50.5728,5693.99,1.057,60.18,1
AFL,2026-05-21,2026-05-22,2026-05-26,1-2%,-1.041,116.0,117.22,tp_gap_filled,49.1378,5699.98,1.052,59.95,1
AMD,2026-05-21,2026-05-22,2026-05-26,1-2%,-1.249,441.99,447.58,tp_gap_filled,12.9065,5704.55,1.265,72.15,1
BAX,2026-05-21,2026-05-22,2026-05-26,1-2%,-1.492,18.49,18.77,tp_gap_filled,309.4117,5721.02,1.514,86.64,1
BDX,2026-05-21,2026-05-22,2026-05-26,1-2%,-1.218,145.16,146.95,tp_gap_filled,39.4854,5731.7,1.233,70.68,1
CBRE,2026-05-21,2026-05-22,2026-05-26,1-2%,-1.091,129.69,131.12,tp_gap_filled,44.23,5736.18,1.103,63.25,1
CEG,2026-05-13,2026-05-22,2026-05-26,1-2%,-1.499,289.2,293.6,tp_gap_filled,19.8452,5739.24,1.521,87.32,1
BXP,2026-02-27,2026-05-06,2026-05-27,1-2%,-1.504,60.25,61.17,tp_gap_filled,92.8735,5595.63,1.527,85.44,14
FERG,2026-05-15,2026-05-26,2026-05-27,1-2%,-1.935,227.51,232.0,tp_gap_filled,25.0568,5700.67,1.974,112.51,1
LVS,2026-05-22,2026-05-26,2026-05-27,1-2%,-1.719,48.6,49.45,tp_gap_filled,117.2924,5700.41,1.749,99.7,1
MAS,2026-05-13,2026-05-26,2026-05-27,1-2%,-1.175,68.98,69.8,tp_gap_filled,82.7364,5707.15,1.189,67.84,1
MU,2026-05-14,2026-05-26,2026-05-27,1-2%,-1.992,787.62,803.63,tp_gap_filled,7.2457,5706.82,2.033,116.0,1
PNW,2026-05-22,2026-05-26,2026-05-27,1-2%,-1.11,100.71,101.84,tp_gap_filled,57.0553,5746.04,1.122,64.47,1
AMZN,2026-05-11,2026-05-13,2026-05-28,1-2%,-1.042,269.84,272.68,tp_gap_filled,20.6139,5562.46,1.052,58.54,10
ADSK,2026-05-26,2026-05-27,2026-05-28,1-2%,-1.208,238.08,240.99,tp_gap_filled,24.035,5722.25,1.222,69.94,1
BA,2026-05-15,2026-05-27,2026-05-28,1-2%,-1.03,226.85,229.21,tp_gap_filled,25.2191,5720.95,1.04,59.52,1
CI,2026-05-26,2026-05-27,2026-05-28,1-2%,-1.132,283.0,286.24,tp_gap_filled,20.1795,5710.81,1.145,65.38,1
CPAY,2026-05-26,2026-05-27,2026-05-28,1-2%,-1.365,343.15,347.9,tp_gap_filled,16.6504,5713.59,1.384,79.09,1
AVGO,2026-05-15,2026-05-26,2026-05-29,1-2%,-1.587,432.81,439.79,tp_gap_filled,13.1878,5707.79,1.613,92.05,3
BBY,2026-04-21,2026-05-28,2026-05-29,1-2%,-1.688,65.81,66.94,tp_gap_filled,86.9826,5724.32,1.717,98.29,1
DDOG,2026-05-27,2026-05-28,2026-05-29,1-2%,-1.113,221.16,223.65,tp_gap_filled,26.04,5759.0,1.126,64.84,1
CTVA,2026-04-08,2026-04-09,2026-06-01,1-2%,-1.324,84.2,77.464,stop,64.7746,5454.02,-8.0,-436.32,36
CVX,2026-05-27,2026-05-28,2026-06-01,1-2%,-1.548,181.85,184.71,tp_gap_filled,31.6587,5757.13,1.573,90.54,2
DOW,2026-05-27,2026-05-28,2026-06-01,1-2%,-1.927,34.6,35.28,tp_gap_filled,166.5986,5764.31,1.965,113.29,2
ADBE,2026-05-20,2026-05-29,2026-06-01,1-2%,-1.847,250.28,254.99,tp_gap_filled,22.7527,5694.54,1.882,107.17,1
ADP,2026-05-26,2026-05-29,2026-06-01,1-2%,-1.54,221.84,225.31,tp_gap_filled,25.7154,5704.7,1.564,89.23,1
AZO,2026-05-28,2026-05-29,2026-06-01,1-2%,-1.238,2990.01,3027.48,tp_gap_filled,1.9079,5704.7,1.253,71.49,1
CSGP,2026-05-08,2026-05-19,2026-06-02,1-2%,-1.029,34.62,31.8504,stop,160.4969,5556.4,-8.0,-444.51,9
CARR,2026-05-15,2026-05-27,2026-06-02,1-2%,-1.424,65.78,66.73,tp_gap_filled,86.9007,5716.33,1.444,82.56,4
CVNA,2026-05-12,2026-05-28,2026-06-02,1-2%,-1.535,75.06,69.0552,stop,76.7807,5763.16,-8.0,-461.05,3
AKAM,2026-05-15,2026-06-01,2026-06-02,1-2%,-1.381,153.52,155.67,tp_gap_filled,37.1906,5709.51,1.4,79.96,1
APA,2026-05-29,2026-06-01,2026-06-02,1-2%,-1.013,36.16,36.53,tp_gap_filled,157.9208,5710.42,1.023,58.43,1
BG,2026-05-06,2026-06-01,2026-06-02,1-2%,-1.097,128.95,130.38,tp_gap_filled,44.3813,5722.97,1.109,63.47,1
EOG,2026-05-29,2026-06-01,2026-06-02,1-2%,-1.367,132.74,134.58,tp_gap_filled,43.1315,5725.28,1.386,79.36,1
FTV,2026-05-29,2026-06-01,2026-06-02,1-2%,-1.048,58.55,59.17,tp_gap_filled,97.9273,5733.64,1.059,60.71,1
CAT,2026-05-12,2026-05-13,2026-06-03,1-2%,-1.596,912.0,926.79,tp_gap_filled,6.0956,5559.19,1.622,90.15,14
APO,2026-05-18,2026-05-19,2026-06-03,1-2%,-1.108,133.88,123.1696,stop,41.4351,5547.33,-8.0,-443.79,10
BLK,2026-05-19,2026-05-22,2026-06-03,1-2%,-1.052,1074.46,988.5032,stop,5.339,5736.57,-8.0,-458.93,7
A,2026-06-01,2026-06-02,2026-06-03,1-2%,-1.498,133.5,135.53,tp_gap_filled,42.8993,5727.06,1.521,87.09,1
AEE,2026-06-01,2026-06-02,2026-06-03,1-2%,-1.186,106.69,107.97,tp_gap_filled,53.7106,5730.39,1.2,68.75,1
AMAT,2026-06-01,2026-06-02,2026-06-03,1-2%,-1.227,444.54,450.06,tp_gap_filled,12.8729,5722.54,1.242,71.06,1
AMT,2026-06-01,2026-06-02,2026-06-03,1-2%,-1.145,184.82,186.96,tp_gap_filled,31.1213,5751.83,1.158,66.6,1
APH,2026-06-01,2026-06-02,2026-06-03,1-2%,-1.217,73.475,74.38,tp_gap_filled,78.2979,5752.94,1.232,70.86,1
BRK-B,2026-03-02,2026-03-05,2026-06-04,1-2%,-1.925,495.23,478.63,time_exit,11.055,5474.76,-3.352,-183.51,63
AIG,2026-06-01,2026-06-02,2026-06-04,1-2%,-1.064,73.44,74.23,tp_gap_filled,78.0314,5730.63,1.076,61.64,2
ADP,2026-06-02,2026-06-03,2026-06-04,1-2%,-1.814,229.5,233.74,tp_gap_filled,24.8024,5692.16,1.847,105.16,1
AKAM,2026-06-02,2026-06-03,2026-06-04,1-2%,-1.312,151.99,154.01,tp_gap_filled,37.4366,5689.99,1.329,75.62,1
BIIB,2026-06-02,2026-06-03,2026-06-04,1-2%,-1.113,190.09,192.23,tp_gap_filled,30.0156,5705.66,1.126,64.23,1
CDNS,2026-06-02,2026-06-03,2026-06-04,1-2%,-1.975,405.98,414.16,tp_gap_filled,14.0757,5714.47,2.015,115.14,1
CRL,2026-06-02,2026-06-03,2026-06-04,1-2%,-1.686,179.0,182.07,tp_gap_filled,31.9364,5716.61,1.715,98.04,1
FTNT,2026-06-02,2026-06-03,2026-06-04,1-2%,-1.903,144.34,147.14,tp_gap_filled,39.6086,5717.1,1.94,110.9,1
BKNG,2026-05-08,2026-05-27,2026-06-05,1-2%,-1.214,169.2,171.28,tp_gap_filled,33.7927,5717.73,1.229,70.29,7
DUK,2026-06-01,2026-06-03,2026-06-05,1-2%,-1.067,121.42,122.73,tp_gap_filled,47.0927,5718.0,1.079,61.69,2
ADBE,2026-06-03,2026-06-04,2026-06-05,1-2%,-1.038,259.39,262.11,tp_gap_filled,22.2374,5768.15,1.049,60.48,1
CBRE,2026-06-03,2026-06-04,2026-06-05,1-2%,-1.486,125.96,127.86,tp_gap_filled,45.8574,5776.2,1.508,87.13,1
CCL,2026-06-03,2026-06-04,2026-06-05,1-2%,-1.411,27.25,27.64,tp_gap_filled,212.3906,5787.64,1.431,82.83,1
CRH,2026-06-03,2026-06-04,2026-06-05,1-2%,-1.089,105.36,106.52,tp_gap_filled,54.9722,5791.87,1.101,63.77,1
BF-B,2026-05-12,2026-05-13,2026-06-08,1-2%,-1.23,26.5,26.83,tp_gap_filled,209.9155,5562.76,1.245,69.27,17
CAT,2026-06-04,2026-06-05,2026-06-08,1-2%,-1.316,913.99,926.18,tp_gap_filled,6.2553,5717.31,1.334,76.25,1
ALGN,2026-06-01,2026-06-02,2026-06-09,1-2%,-1.458,172.4,174.95,tp_gap_filled,33.2485,5732.03,1.479,84.78,5
AXP,2026-06-01,2026-06-02,2026-06-09,1-2%,-1.046,313.16,316.47,tp_gap_filled,18.3797,5755.78,1.057,60.84,5
APTV,2026-06-03,2026-06-04,2026-06-09,1-2%,-1.016,73.1,67.252,stop,78.8929,5767.07,-8.0,-461.37,3
BLDR,2026-06-03,2026-06-04,2026-06-09,1-2%,-1.765,74.04,75.37,tp_gap_filled,77.8817,5766.36,1.796,103.58,3
APP,2026-06-03,2026-06-05,2026-06-09,1-2%,-1.788,594.8,547.216,stop,9.6544,5742.41,-8.0,-459.39,2
APH,2026-06-04,2026-06-08,2026-06-09,1-2%,-1.592,72.635,73.81,tp_gap_filled,78.845,5726.91,1.618,92.64,1
AWK,2026-05-13,2026-05-14,2026-06-10,1-2%,-1.097,126.25,127.65,tp_gap_filled,44.3325,5596.98,1.109,62.07,18
CDW,2026-04-23,2026-06-01,2026-06-10,1-2%,-1.039,140.96,129.6832,stop,40.616,5725.24,-8.0,-458.02,7
COP,2026-05-26,2026-06-03,2026-06-10,1-2%,-1.42,118.75,120.46,tp_gap_filled,48.1338,5715.89,1.44,82.31,5
BLK,2026-06-03,2026-06-04,2026-06-10,1-2%,-1.752,1001.11,1018.96,tp_gap_filled,5.7636,5770.02,1.783,102.88,4
ALL,2026-05-21,2026-06-05,2026-06-10,1-2%,-1.288,219.12,221.98,tp_gap_filled,26.1954,5739.94,1.305,74.92,3
CMG,2026-06-02,2026-06-05,2026-06-10,1-2%,-1.408,30.12,30.55,tp_gap_filled,189.7168,5714.27,1.428,81.58,3
ACGL,2026-06-08,2026-06-09,2026-06-10,1-2%,-1.086,90.2,91.19,tp_gap_filled,63.8509,5759.35,1.098,63.21,1
AJG,2026-06-08,2026-06-09,2026-06-10,1-2%,-1.231,213.48,216.14,tp_gap_filled,26.9815,5760.02,1.246,71.77,1
ARE,2026-06-05,2026-06-09,2026-06-10,1-2%,-1.073,52.55,53.12,tp_gap_filled,109.7019,5764.84,1.085,62.53,1
BRO,2026-06-08,2026-06-09,2026-06-10,1-2%,-1.648,57.89,58.86,tp_gap_filled,99.5268,5761.61,1.676,96.54,1
CAH,2026-06-08,2026-06-09,2026-06-10,1-2%,-1.249,203.14,205.71,tp_gap_filled,28.3926,5767.68,1.265,72.97,1
ADP,2026-06-09,2026-06-10,2026-06-11,1-2%,-1.078,226.61,229.08,tp_gap_filled,25.4734,5772.53,1.09,62.92,1
AIZ,2026-06-08,2026-06-10,2026-06-11,1-2%,-1.072,254.59,257.35,tp_gap_filled,22.6963,5778.25,1.084,62.64,1
APA,2026-06-09,2026-06-10,2026-06-11,1-2%,-1.487,37.1,37.66,tp_gap_filled,155.8321,5781.37,1.509,87.27,1
CASY,2026-05-21,2026-06-10,2026-06-11,1-2%,-1.071,843.38,852.51,tp_gap_filled,6.8633,5788.38,1.083,62.66,1
STLD,2026-06-05,2026-06-10,2026-06-11,1-2%,-1.069,273.89,276.85,tp_gap_filled,21.2136,5810.19,1.081,62.79,1
BEN,2026-06-05,2026-06-08,2026-06-12,1-2%,-1.251,31.57,31.97,tp_gap_filled,181.2992,5723.61,1.267,72.52,4
BBY,2026-06-01,2026-06-09,2026-06-12,1-2%,-1.783,76.56,77.95,tp_gap_filled,75.3269,5767.03,1.816,104.7,3
CHTR,2026-06-03,2026-06-10,2026-06-12,1-2%,-1.027,138.83,140.27,tp_gap_filled,41.8725,5813.17,1.037,60.3,2
GDDY,2026-06-09,2026-06-10,2026-06-12,1-2%,-1.375,79.59,73.2228,stop,73.0115,5810.99,-8.0,-464.88,2
ADI,2026-06-10,2026-06-11,2026-06-12,1-2%,-1.251,399.56,404.62,tp_gap_filled,14.4043,5755.4,1.266,72.89,1
ADSK,2026-06-10,2026-06-11,2026-06-12,1-2%,-1.598,220.5,202.86,stop,26.1426,5764.45,-8.0,-461.16,1
AMD,2026-06-10,2026-06-11,2026-06-12,1-2%,-1.586,467.97,475.51,tp_gap_filled,12.2763,5744.94,1.611,92.56,1
AOS,2026-06-10,2026-06-11,2026-06-12,1-2%,-1.182,58.53,59.23,tp_gap_filled,98.3685,5757.51,1.196,68.86,1
AME,2026-05-15,2026-05-26,2026-06-15,1-2%,-1.137,229.5,232.14,tp_gap_filled,24.8709,5707.87,1.15,65.66,14
APP,2026-06-11,2026-06-12,2026-06-15,1-2%,-1.382,486.165,492.98,tp_gap_filled,11.8688,5770.18,1.402,80.89,1
CAT,2026-06-10,2026-06-12,2026-06-15,1-2%,-1.417,901.74,914.7,tp_gap_filled,6.4059,5776.47,1.437,83.02,1
CDW,2026-06-10,2026-06-12,2026-06-15,1-2%,-1.013,131.98,133.33,tp_gap_filled,43.7892,5779.3,1.023,59.12,1
DPZ,2026-06-11,2026-06-12,2026-06-15,1-2%,-1.042,311.49,314.77,tp_gap_filled,18.5552,5779.76,1.053,60.86,1
EME,2026-06-10,2026-06-12,2026-06-15,1-2%,-1.105,818.63,827.78,tp_gap_filled,7.0743,5791.26,1.118,64.73,1
KEYS,2026-06-04,2026-06-12,2026-06-15,1-2%,-1.783,344.23,350.48,tp_gap_filled,16.8283,5792.82,1.816,105.18,1
LUV,2026-06-11,2026-06-12,2026-06-15,1-2%,-1.377,40.83,41.4,tp_gap_filled,142.0092,5798.24,1.396,80.95,1
MRNA,2026-06-05,2026-06-12,2026-06-15,1-2%,-1.589,50.77,51.59,tp_gap_filled,114.8549,5831.18,1.615,94.18,1
ABNB,2026-05-08,2026-05-11,2026-06-16,1-2%,-1.662,138.125,140.46,tp_gap_filled,40.6108,5609.37,1.691,94.83,25
TDY,2026-05-15,2026-05-26,2026-06-16,1-2%,-1.087,631.62,638.56,tp_gap_filled,9.1069,5752.09,1.099,63.2,15
TT,2026-05-15,2026-06-10,2026-06-16,1-2%,-1.601,473.96,481.67,tp_gap_filled,12.2435,5802.91,1.627,94.4,4
CEG,2026-06-05,2026-06-15,2026-06-16,1-2%,-1.357,261.0,264.59,tp_gap_filled,22.2002,5794.26,1.375,79.7,1
DELL,2026-06-12,2026-06-15,2026-06-16,1-2%,-1.648,385.0,391.45,tp_gap_filled,15.0455,5792.51,1.675,97.04,1
EFX,2026-06-11,2026-06-15,2026-06-16,1-2%,-1.102,164.23,166.06,tp_gap_filled,35.381,5810.62,1.114,64.75,1
FCX,2026-06-04,2026-06-15,2026-06-16,1-2%,-1.019,69.92,70.64,tp_gap_filled,83.1266,5812.21,1.03,59.85,1
INTU,2026-06-11,2026-06-15,2026-06-16,1-2%,-1.534,279.86,284.22,tp_gap_filled,20.7683,5812.21,1.558,90.55,1
CPAY,2026-06-02,2026-06-04,2026-06-17,1-2%,-1.178,359.84,364.13,tp_gap_filled,16.1016,5794.01,1.192,69.08,9
ADM,2026-06-04,2026-06-05,2026-06-17,1-2%,-1.165,83.13,76.4796,stop,69.1396,5747.58,-8.0,-459.81,8
BG,2026-06-04,2026-06-05,2026-06-17,1-2%,-1.37,129.61,119.2412,stop,44.1653,5724.26,-8.0,-457.94,8
ACN,2026-06-10,2026-06-11,2026-06-17,1-2%,-1.943,170.1,156.492,stop,33.8611,5759.77,-8.0,-460.78,4
COIN,2026-06-03,2026-06-15,2026-06-17,1-2%,-1.408,171.54,173.99,tp_gap_filled,33.7866,5795.76,1.428,82.78,2
AWK,2026-06-15,2026-06-16,2026-06-17,1-2%,-1.987,123.8,126.31,tp_gap_filled,46.9154,5808.13,2.027,117.76,1
BRO,2026-06-15,2026-06-16,2026-06-17,1-2%,-1.084,59.34,59.99,tp_gap_filled,97.9958,5815.07,1.095,63.7,1
CMI,2026-05-15,2026-06-16,2026-06-17,1-2%,-1.873,703.03,716.45,tp_gap_filled,8.274,5816.84,1.909,111.04,1
VEEV,2026-06-09,2026-06-10,2026-06-18,1-2%,-1.034,165.51,152.2692,stop,34.9689,5787.7,-8.0,-463.02,6
FLEX,2026-06-12,2026-06-15,2026-06-18,1-2%,-1.526,149.67,151.99,tp_gap_filled,38.8394,5813.09,1.55,90.11,3
CDNS,2026-06-16,2026-06-17,2026-06-18,1-2%,-1.853,387.19,394.5,tp_gap_filled,14.8298,5741.94,1.888,108.41,1
EOG,2026-06-16,2026-06-17,2026-06-18,1-2%,-1.796,129.61,131.98,tp_gap_filled,44.2845,5739.72,1.829,104.95,1
ETN,2026-06-04,2026-06-17,2026-06-18,1-2%,-1.061,416.74,421.21,tp_gap_filled,13.7922,5747.78,1.073,61.65,1
CVS,2026-06-15,2026-06-16,2026-06-22,1-2%,-1.079,100.86,101.96,tp_gap_filled,57.6598,5815.57,1.091,63.43,3
FOXA,2026-06-16,2026-06-17,2026-06-22,1-2%,-1.717,53.82,49.5144,stop,106.7054,5742.88,-8.0,-459.43,2
COIN,2026-06-17,2026-06-18,2026-06-22,1-2%,-1.613,166.54,169.27,tp_gap_filled,34.2683,5707.04,1.639,93.55,1
KKR,2026-05-11,2026-06-15,2026-06-23,1-2%,-1.483,101.0,92.92,stop,57.5663,5814.2,-8.0,-465.14,5
EIX,2026-06-15,2026-06-16,2026-06-23,1-2%,-1.042,72.19,72.95,tp_gap_filled,80.5536,5815.17,1.053,61.22,4
DOW,2026-06-16,2026-06-17,2026-06-23,1-2%,-1.234,32.82,30.1944,stop,175.0069,5743.73,-8.0,-459.5,3
DVN,2026-06-16,2026-06-17,2026-06-23,1-2%,-1.769,42.76,43.53,tp_gap_filled,134.2593,5740.93,1.801,103.38,3
CIEN,2026-06-16,2026-06-22,2026-06-23,1-2%,-1.01,458.73,463.41,tp_gap_filled,12.3777,5678.01,1.02,57.93,1
HIG,2026-06-08,2026-06-10,2026-06-24,1-2%,-1.052,130.75,132.14,tp_gap_filled,44.4628,5813.51,1.063,61.8,9
BKR,2026-06-15,2026-06-16,2026-06-24,1-2%,-1.204,62.38,57.3896,stop,93.2844,5819.08,-8.0,-465.53,5
LYB,2026-06-16,2026-06-17,2026-06-24,1-2%,-1.422,62.4,57.408,stop,91.8196,5729.54,-8.0,-458.36,4
COO,2026-06-17,2026-06-18,2026-06-24,1-2%,-1.737,66.18,67.35,tp_gap_filled,86.1502,5701.42,1.768,100.8,3
ERIE,2026-06-17,2026-06-18,2026-06-24,1-2%,-1.143,223.06,225.64,tp_gap_filled,25.5548,5700.26,1.157,65.93,3
ABNB,2026-06-22,2026-06-23,2026-06-24,1-2%,-1.004,140.98,142.41,tp_gap_filled,40.3411,5687.29,1.014,57.69,1
ADSK,2026-06-22,2026-06-23,2026-06-24,1-2%,-1.971,190.0,193.82,tp_gap_filled,29.9105,5682.99,2.011,114.26,1
AXON,2026-06-22,2026-06-23,2026-06-24,1-2%,-1.5,417.05,423.4,tp_gap_filled,13.6223,5681.17,1.523,86.5,1
AZO,2026-06-22,2026-06-23,2026-06-24,1-2%,-1.386,3022.0,3064.48,tp_gap_filled,1.8835,5692.06,1.406,80.01,1
BDX,2026-06-22,2026-06-23,2026-06-24,1-2%,-1.07,142.44,143.98,tp_gap_filled,39.9773,5694.36,1.081,61.56,1
HUM,2026-06-15,2026-06-16,2026-06-25,1-2%,-1.366,374.04,379.22,tp_gap_filled,15.5455,5814.64,1.385,80.53,6
MPC,2026-06-16,2026-06-17,2026-06-25,1-2%,-1.288,247.63,250.86,tp_gap_filled,23.1266,5726.84,1.304,74.7,5
AMCR,2026-06-23,2026-06-24,2026-06-25,1-2%,-1.278,40.16,40.68,tp_gap_filled,142.7543,5733.01,1.295,74.23,1
AME,2026-06-23,2026-06-24,2026-06-25,1-2%,-1.623,237.63,241.55,tp_gap_filled,24.1723,5744.07,1.65,94.76,1
APP,2026-06-23,2026-06-24,2026-06-25,1-2%,-1.37,462.96,425.9232,stop,12.4014,5741.36,-8.0,-459.31,1
BLDR,2026-06-23,2026-06-24,2026-06-25,1-2%,-1.694,76.02,77.33,tp_gap_filled,75.5406,5742.6,1.723,98.96,1
C,2026-06-23,2026-06-24,2026-06-25,1-2%,-1.057,144.13,145.67,tp_gap_filled,40.0892,5778.06,1.068,61.74,1
COF,2026-06-23,2026-06-24,2026-06-25,1-2%,-1.206,198.28,200.7,tp_gap_filled,29.1355,5776.98,1.22,70.51,1
CRH,2026-06-23,2026-06-24,2026-06-25,1-2%,-1.456,109.63,111.25,tp_gap_filled,52.7245,5780.18,1.478,85.41,1
DAL,2026-06-23,2026-06-24,2026-06-25,1-2%,-1.618,84.53,85.92,tp_gap_filled,68.4548,5786.48,1.644,95.15,1
DE,2026-06-23,2026-06-24,2026-06-25,1-2%,-1.425,590.06,598.59,tp_gap_filled,9.8266,5798.31,1.446,83.82,1
KO,2026-06-15,2026-06-16,2026-06-26,1-2%,-1.864,81.08,82.62,tp_gap_filled,71.6713,5811.11,1.899,110.37,7
CMG,2026-06-17,2026-06-18,2026-06-26,1-2%,-1.503,32.12,32.61,tp_gap_filled,177.5765,5703.76,1.526,87.01,5
CVNA,2026-06-17,2026-06-22,2026-06-26,1-2%,-1.728,68.83,63.3236,stop,82.5035,5678.72,-8.0,-454.3,4
BG,2026-06-24,2026-06-25,2026-06-26,1-2%,-1.137,109.6,110.86,tp_gap_filled,52.3878,5741.7,1.15,66.01,1
DDOG,2026-06-24,2026-06-25,2026-06-26,1-2%,-1.074,218.2,220.57,tp_gap_filled,26.2804,5734.38,1.086,62.28,1
ESS,2026-06-24,2026-06-25,2026-06-26,1-2%,-1.536,275.01,279.3,tp_gap_filled,20.8646,5737.98,1.56,89.51,1
GNRC,2026-06-24,2026-06-25,2026-06-26,1-2%,-1.173,271.32,274.54,tp_gap_filled,21.189,5749.0,1.187,68.23,1
IBM,2026-06-24,2026-06-25,2026-06-26,1-2%,-1.17,261.84,264.94,tp_gap_filled,22.0345,5769.51,1.184,68.31,1
KHC,2026-06-17,2026-06-25,2026-06-26,1-2%,-1.008,23.56,23.8,tp_gap_filled,244.7189,5765.58,1.019,58.73,1
LRCX,2026-06-24,2026-06-25,2026-06-26,1-2%,-1.201,366.87,371.33,tp_gap_filled,15.6859,5754.68,1.216,69.96,1
KKR,2026-06-23,2026-06-25,2026-06-29,1-2%,-1.022,95.91,88.2372,stop,60.103,5764.48,-8.0,-461.16,2
ADSK,2026-06-25,2026-06-26,2026-06-29,1-2%,-1.838,189.07,192.61,tp_gap_filled,30.3332,5735.1,1.872,107.38,1
BF-B,2026-06-25,2026-06-26,2026-06-29,1-2%,-1.799,27.3,27.8,tp_gap_filled,210.4721,5745.89,1.832,105.24,1
BRO,2026-06-25,2026-06-26,2026-06-29,1-2%,-1.408,60.93,61.8,tp_gap_filled,94.4171,5752.83,1.428,82.14,1
CMS,2026-06-25,2026-06-26,2026-06-29,1-2%,-1.216,75.56,76.49,tp_gap_filled,76.3415,5768.36,1.231,71.0,1
COST,2026-06-25,2026-06-26,2026-06-29,1-2%,-1.199,949.57,961.09,tp_gap_filled,6.0878,5780.77,1.213,70.13,1
CSGP,2026-06-24,2026-06-26,2026-06-29,1-2%,-1.223,29.89,30.26,tp_gap_filled,193.4317,5781.67,1.238,71.57,1
DVN,2026-06-25,2026-06-26,2026-06-29,1-2%,-1.1,42.27,42.74,tp_gap_filled,136.9786,5790.08,1.112,64.38,1
EOG,2026-06-25,2026-06-26,2026-06-29,1-2%,-1.16,132.89,134.45,tp_gap_filled,43.5674,5789.67,1.174,67.97,1
AON,2026-06-17,2026-06-18,2026-06-30,1-2%,-1.337,327.02,331.45,tp_gap_filled,17.4664,5711.86,1.355,77.38,7
APH,2026-06-26,2026-06-29,2026-06-30,1-2%,-1.623,81.235,82.575,tp_gap_filled,70.359,5715.62,1.65,94.28,1
ATO,2026-06-26,2026-06-29,2026-06-30,1-2%,-1.134,171.7,173.67,tp_gap_filled,33.3289,5722.56,1.147,65.66,1
BKR,2026-06-26,2026-06-29,2026-06-30,1-2%,-1.212,56.25,56.94,tp_gap_filled,101.8275,5727.8,1.227,70.26,1
BLDR,2026-06-26,2026-06-29,2026-06-30,1-2%,-1.42,87.46,88.72,tp_gap_filled,65.494,5728.1,1.441,82.52,1
COO,2026-06-26,2026-06-29,2026-06-30,1-2%,-1.642,69.48,70.64,tp_gap_filled,82.3814,5723.86,1.67,95.56,1
CRL,2026-06-26,2026-06-29,2026-06-30,1-2%,-1.274,210.0,212.71,tp_gap_filled,27.2939,5731.73,1.29,73.97,1
AMP,2026-06-23,2026-06-25,2026-07-01,1-2%,-1.035,466.53,471.41,tp_gap_filled,12.3247,5749.86,1.046,60.14,4
IBKR,2026-06-24,2026-06-25,2026-07-01,1-2%,-1.056,93.7,94.7,tp_gap_filled,61.6249,5774.26,1.067,61.62,4
ALGN,2026-06-22,2026-06-26,2026-07-01,1-2%,-1.966,178.5,182.08,tp_gap_filled,32.1905,5746.0,2.006,115.24,3
AAPL,2026-06-25,2026-06-29,2026-07-01,1-2%,-1.938,287.4,293.08,tp_gap_filled,19.9069,5721.25,1.976,113.07,2
CEG,2026-06-26,2026-06-29,2026-07-01,1-2%,-1.28,265.25,244.03,stop,21.6033,5730.27,-8.0,-458.42,2
ACGL,2026-06-29,2026-06-30,2026-07-01,1-2%,-1.22,96.35,97.54,tp_gap_filled,59.3284,5716.29,1.235,70.6,1
BEN,2026-06-29,2026-06-30,2026-07-01,1-2%,-1.114,32.84,33.21,tp_gap_filled,174.1291,5718.4,1.127,64.43,1
DELL,2026-06-24,2026-06-30,2026-07-01,1-2%,-1.405,421.77,427.78,tp_gap_filled,13.567,5722.14,1.425,81.54,1
FOXA,2026-06-22,2026-06-30,2026-07-01,1-2%,-1.034,51.69,52.23,tp_gap_filled,110.8712,5730.93,1.045,59.87,1
INTC,2026-06-29,2026-06-30,2026-07-01,1-2%,-1.029,127.0,128.32,tp_gap_filled,45.146,5733.54,1.039,59.59,1
JCI,2026-06-26,2026-06-30,2026-07-01,1-2%,-1.299,143.6,145.49,tp_gap_filled,40.1257,5762.05,1.316,75.84,1
BR,2026-06-17,2026-06-25,2026-07-02,1-2%,-1.015,142.42,143.88,tp_gap_filled,40.3511,5746.81,1.025,58.91,5
ACN,2026-06-30,2026-07-01,2026-07-02,1-2%,-1.186,123.26,124.74,tp_gap_filled,46.8888,5779.52,1.201,69.4,1
ADP,2026-06-11,2026-07-01,2026-07-02,1-2%,-1.082,228.6,231.1,tp_gap_filled,25.3629,5797.97,1.094,63.41,1
ADSK,2026-06-30,2026-07-01,2026-07-02,1-2%,-1.019,193.25,195.24,tp_gap_filled,30.0492,5807.01,1.03,59.8,1
AVY,2026-06-29,2026-07-01,2026-07-02,1-2%,-1.116,163.91,165.76,tp_gap_filled,35.4877,5816.79,1.129,65.65,1
BKNG,2026-06-30,2026-07-01,2026-07-02,1-2%,-1.151,180.31,182.41,tp_gap_filled,32.2522,5815.39,1.165,67.73,1
BX,2026-06-23,2026-07-01,2026-07-02,1-2%,-1.858,120.97,123.26,tp_gap_filled,48.104,5819.15,1.893,110.16,1
BXP,2026-06-30,2026-07-01,2026-07-02,1-2%,-1.849,65.83,67.07,tp_gap_filled,88.3447,5815.73,1.884,109.55,1
CHTR,2026-06-30,2026-07-01,2026-07-02,1-2%,-1.163,144.47,132.9124,stop,40.3037,5822.67,-8.0,-465.81,1
CPT,2026-06-30,2026-07-01,2026-07-02,1-2%,-1.696,114.76,116.74,tp_gap_filled,50.6565,5813.34,1.725,100.3,1
BA,2026-06-01,2026-06-15,2026-07-06,1-2%,-1.207,228.36,231.15,tp_gap_filled,25.3701,5793.51,1.222,70.78,13
C,2026-06-30,2026-07-01,2026-07-06,1-2%,-1.046,141.0,142.49,tp_gap_filled,41.3068,5824.26,1.057,61.55,2
AON,2026-07-01,2026-07-02,2026-07-06,1-2%,-1.164,327.83,331.69,tp_gap_filled,17.6777,5795.27,1.177,68.24,1
AVGO,2026-07-01,2026-07-02,2026-07-06,1-2%,-1.557,371.87,377.75,tp_gap_filled,15.6332,5813.53,1.581,91.92,1
EFX,2026-06-17,2026-07-02,2026-07-06,1-2%,-1.867,164.01,167.13,tp_gap_filled,35.3918,5804.6,1.902,110.42,1
ETR,2026-07-01,2026-07-02,2026-07-06,1-2%,-1.419,113.23,114.86,tp_gap_filled,51.3898,5818.86,1.44,83.77,1
EVRG,2026-07-01,2026-07-02,2026-07-06,1-2%,-1.099,85.48,86.43,tp_gap_filled,68.1293,5823.7,1.111,64.72,1
FICO,2026-06-02,2026-07-02,2026-07-06,1-2%,-1.657,1263.46,1284.75,tp_gap_filled,4.6137,5829.27,1.685,98.23,1
HCA,2026-05-19,2026-07-02,2026-07-07,1-2%,-1.916,414.69,422.79,tp_gap_filled,14.061,5830.97,1.953,113.89,2
AXON,2026-07-02,2026-07-06,2026-07-07,1-2%,-1.162,587.06,593.96,tp_gap_filled,9.9429,5837.1,1.175,68.61,1
DDOG,2026-07-02,2026-07-06,2026-07-07,1-2%,-1.036,261.74,264.48,tp_gap_filled,22.3682,5854.65,1.047,61.29,1
IBM,2026-07-02,2026-07-06,2026-07-07,1-2%,-1.086,283.14,286.25,tp_gap_filled,20.6363,5842.95,1.098,64.18,1
ISRG,2026-05-27,2026-07-06,2026-07-07,1-2%,-1.012,432.22,436.64,tp_gap_filled,13.5576,5859.85,1.023,59.92,1
RDDT,2026-07-02,2026-07-06,2026-07-07,1-2%,-1.896,194.01,197.76,tp_gap_filled,30.206,5860.26,1.933,113.27,1
STLD,2026-07-01,2026-07-06,2026-07-07,1-2%,-1.46,226.11,229.46,tp_gap_filled,25.9497,5867.49,1.482,86.93,1
TRGP,2026-05-26,2026-06-10,2026-07-08,1-2%,-1.044,273.86,276.75,tp_gap_filled,21.1944,5804.31,1.055,61.25,18
COP,2026-06-18,2026-06-22,2026-07-08,1-2%,-1.259,109.81,111.21,tp_gap_filled,51.7166,5679.0,1.275,72.4,11
FCX,2026-07-01,2026-07-02,2026-07-08,1-2%,-1.892,61.7,56.764,stop,94.5336,5832.72,-8.0,-466.62,3
ACN,2026-07-06,2026-07-07,2026-07-08,1-2%,-1.012,135.96,137.35,tp_gap_filled,42.9719,5842.46,1.022,59.73,1
ADSK,2026-07-06,2026-07-07,2026-07-08,1-2%,-1.359,204.66,207.48,tp_gap_filled,28.5599,5845.06,1.378,80.54,1
CDW,2026-06-30,2026-07-01,2026-07-09,1-2%,-1.08,138.31,139.82,tp_gap_filled,42.0972,5822.46,1.092,63.57,5
ADI,2026-07-01,2026-07-02,2026-07-09,1-2%,-1.581,390.89,397.17,tp_gap_filled,14.8519,5805.47,1.607,93.27,4
CRL,2026-07-06,2026-07-07,2026-07-09,1-2%,-1.344,227.59,230.69,tp_gap_filled,25.7247,5854.69,1.362,79.75,2
AVGO,2026-07-07,2026-07-08,2026-07-09,1-2%,-1.963,366.56,373.9,tp_gap_filled,15.8531,5811.11,2.002,116.36,1
EIX,2026-07-07,2026-07-08,2026-07-09,1-2%,-1.176,73.96,74.84,tp_gap_filled,78.8082,5828.66,1.19,69.35,1
CDNS,2026-06-23,2026-06-29,2026-07-10,1-2%,-1.509,383.17,389.04,tp_gap_filled,14.9753,5738.09,1.532,87.9,8
BF-B,2026-07-06,2026-07-07,2026-07-10,1-2%,-1.567,25.75,26.16,tp_gap_filled,227.2284,5851.13,1.592,93.16,3
A,2026-07-08,2026-07-09,2026-07-10,1-2%,-1.563,129.09,131.14,tp_gap_filled,45.3153,5849.75,1.588,92.9,1
ABNB,2026-07-08,2026-07-09,2026-07-10,1-2%,-1.109,147.15,148.8,tp_gap_filled,39.823,5859.95,1.121,65.71,1
AMAT,2026-07-08,2026-07-09,2026-07-10,1-2%,-1.335,547.1,554.5,tp_gap_filled,10.71,5859.43,1.353,79.25,1
AME,2026-07-08,2026-07-09,2026-07-10,1-2%,-1.398,228.46,231.7,tp_gap_filled,25.7449,5881.69,1.418,83.41,1
APO,2026-07-08,2026-07-09,2026-07-10,1-2%,-1.115,118.0,119.33,tp_gap_filled,49.8942,5887.52,1.127,66.36,1
AXP,2026-07-08,2026-07-09,2026-07-10,1-2%,-1.181,345.45,349.58,tp_gap_filled,17.0563,5892.11,1.196,70.44,1
BEN,2026-07-08,2026-07-09,2026-07-10,1-2%,-1.251,33.93,34.36,tp_gap_filled,173.6752,5892.8,1.267,74.68,1
APTV,2026-07-01,2026-07-02,2026-07-13,1-2%,-1.369,60.54,61.38,tp_gap_filled,96.1589,5821.46,1.388,80.77,6
BAX,2026-07-08,2026-07-09,2026-07-13,1-2%,-1.619,22.49,22.86,tp_gap_filled,262.0361,5893.19,1.645,96.95,2
ADP,2026-07-09,2026-07-10,2026-07-13,1-2%,-1.636,237.42,241.37,tp_gap_filled,24.8479,5899.38,1.664,98.15,1
AKAM,2026-07-09,2026-07-10,2026-07-13,1-2%,-1.003,125.3,126.57,tp_gap_filled,47.1266,5904.97,1.014,59.85,1
BR,2026-07-09,2026-07-10,2026-07-13,1-2%,-1.21,145.29,147.07,tp_gap_filled,40.5974,5898.4,1.225,72.26,1
ADI,2026-07-10,2026-07-13,2026-07-14,1-2%,-1.56,387.5,393.64,tp_gap_filled,15.2234,5899.05,1.585,93.47,1
AMAT,2026-07-10,2026-07-13,2026-07-14,1-2%,-1.77,578.24,588.66,tp_gap_filled,10.1943,5894.75,1.802,106.22,1
ARES,2026-06-23,2026-07-10,2026-07-15,1-2%,-1.501,124.01,125.9,tp_gap_filled,47.6405,5907.9,1.524,90.04,3
BKNG,2026-07-08,2026-07-10,2026-07-15,1-2%,-1.407,179.39,181.95,tp_gap_filled,32.8895,5900.04,1.427,84.2,3
ADBE,2026-06-11,2026-07-07,2026-07-16,1-2%,-1.483,229.92,233.38,tp_gap_filled,25.4686,5855.73,1.505,88.12,7
BRO,2026-07-06,2026-07-07,2026-07-16,1-2%,-1.629,68.86,70.0,tp_gap_filled,84.9978,5852.95,1.656,96.9,7
ACN,2026-07-08,2026-07-10,2026-07-16,1-2%,-1.681,139.75,142.14,tp_gap_filled,42.2822,5908.93,1.71,101.05,4
AOS,2026-07-08,2026-07-10,2026-07-16,1-2%,-1.696,60.27,61.31,tp_gap_filled,98.01,5907.07,1.726,101.93,4
BALL,2026-07-08,2026-07-10,2026-07-16,1-2%,-1.404,61.78,62.66,tp_gap_filled,95.5078,5900.47,1.424,84.05,4
AAPL,2026-07-14,2026-07-15,2026-07-16,1-2%,-1.119,313.76,317.31,tp_gap_filled,18.7403,5879.95,1.131,66.53,1
AMP,2026-07-14,2026-07-15,2026-07-16,1-2%,-1.353,511.22,518.23,tp_gap_filled,11.527,5892.82,1.371,80.8,1
MO,2026-05-04,2026-05-05,2026-07-17,1-2%,-1.073,73.75,74.55,tp_gap_filled,75.478,5566.5,1.085,60.38,50
ETN,2026-07-01,2026-07-06,2026-07-17,1-2%,-1.439,419.99,386.3908,stop,13.923,5847.52,-8.0,-467.8,9
AVY,2026-07-08,2026-07-10,2026-07-17,1-2%,-1.485,161.91,164.35,tp_gap_filled,36.4564,5902.66,1.507,88.95,5
CL,2026-07-08,2026-07-13,2026-07-17,1-2%,-1.136,93.95,95.03,tp_gap_filled,62.728,5893.3,1.15,67.75,4
CMCSA,2026-07-01,2026-07-13,2026-07-17,1-2%,-1.222,24.25,24.55,tp_gap_filled,242.9269,5890.98,1.237,72.88,4
AVGO,2026-07-13,2026-07-14,2026-07-17,1-2%,-1.623,393.48,362.0016,stop,14.9021,5863.68,-8.0,-469.09,3
CAT,2026-07-13,2026-07-14,2026-07-17,1-2%,-1.386,939.21,864.0732,stop,6.2397,5860.43,-8.0,-468.83,3
ABT,2026-07-14,2026-07-16,2026-07-17,1-2%,-1.748,90.5,92.11,tp_gap_filled,65.7361,5949.11,1.779,105.84,1
ACGL,2026-07-15,2026-07-16,2026-07-17,1-2%,-1.458,100.05,101.53,tp_gap_filled,59.7351,5976.49,1.479,88.41,1
AIG,2026-07-15,2026-07-16,2026-07-17,1-2%,-1.747,77.62,79.0,tp_gap_filled,76.9964,5976.46,1.778,106.25,1
AIZ,2026-07-15,2026-07-16,2026-07-17,1-2%,-1.48,272.88,276.98,tp_gap_filled,21.9072,5978.04,1.502,89.82,1
CB,2026-07-15,2026-07-16,2026-07-17,1-2%,-1.332,341.61,346.22,tp_gap_filled,17.5078,5980.85,1.349,80.71,1
CLX,2026-07-15,2026-07-16,2026-07-17,1-2%,-1.425,93.4,94.75,tp_gap_filled,64.0543,5982.68,1.445,86.47,1
COST,2026-07-09,2026-07-16,2026-07-17,1-2%,-1.908,934.94,953.13,tp_gap_filled,6.4172,5999.68,1.946,116.73,1
DRI,2026-06-25,2026-06-26,2026-07-20,1-2%,-1.551,210.14,193.3288,stop,27.53,5785.16,-8.0,-462.81,15
AME,2026-07-16,2026-07-17,2026-07-20,1-2%,-1.049,231.07,233.52,tp_gap_filled,25.795,5960.45,1.06,63.2,1
AMP,2026-07-16,2026-07-17,2026-07-20,1-2%,-1.371,520.05,527.28,tp_gap_filled,11.476,5968.09,1.39,82.97,1
ANET,2026-07-16,2026-07-17,2026-07-20,1-2%,-1.576,169.21,171.92,tp_gap_filled,35.2969,5972.58,1.602,95.65,1
BXP,2026-07-16,2026-07-17,2026-07-20,1-2%,-1.001,68.25,68.94,tp_gap_filled,87.5028,5972.07,1.011,60.38,1
EMR,2026-07-16,2026-07-17,2026-07-20,1-2%,-1.717,133.91,136.25,tp_gap_filled,44.5609,5967.14,1.747,104.27,1
GEV,2026-07-16,2026-07-17,2026-07-20,1-2%,-1.923,1034.99,1055.28,tp_gap_filled,5.7739,5975.97,1.96,117.15,1
HIG,2026-07-14,2026-07-17,2026-07-20,1-2%,-1.122,139.2,140.78,tp_gap_filled,42.9782,5982.57,1.135,67.91,1
HWM,2026-07-16,2026-07-17,2026-07-21,1-2%,-1.221,275.83,279.24,tp_gap_filled,21.673,5978.05,1.236,73.9,2
AKAM,2026-07-17,2026-07-20,2026-07-21,1-2%,-1.734,116.75,118.81,tp_gap_filled,50.6892,5917.97,1.764,104.42,1
DELL,2026-07-16,2026-07-17,2026-07-22,1-2%,-1.985,404.49,412.68,tp_gap_filled,14.7817,5979.07,2.025,121.06,3
ATO,2026-07-17,2026-07-20,2026-07-22,1-2%,-1.123,176.04,178.04,tp_gap_filled,33.718,5935.71,1.136,67.44,2
ADM,2026-07-20,2026-07-21,2026-07-22,1-2%,-1.502,84.61,85.9,tp_gap_filled,69.9269,5916.51,1.525,90.21,1
ALGN,2026-07-08,2026-07-13,2026-07-23,1-2%,-1.442,182.55,167.946,stop,32.3085,5897.92,-8.0,-471.83,8
A,2026-07-17,2026-07-21,2026-07-23,1-2%,-1.234,134.42,136.1,tp_gap_filled,44.0407,5919.95,1.25,73.99,2
ABT,2026-07-21,2026-07-22,2026-07-23,1-2%,-1.121,100.52,101.66,tp_gap_filled,59.1295,5943.7,1.134,67.41,1
APO,2026-07-16,2026-07-17,2026-07-24,1-2%,-1.297,120.25,121.83,tp_gap_filled,49.6592,5971.52,1.314,78.46,5
ALL,2026-07-14,2026-07-20,2026-07-24,1-2%,-1.583,252.39,256.45,tp_gap_filled,23.5118,5934.14,1.609,95.46,4
AXP,2026-07-17,2026-07-20,2026-07-24,1-2%,-1.38,356.58,328.0536,stop,16.6523,5937.89,-8.0,-475.03,4
AAPL,2026-07-21,2026-07-22,2026-07-24,1-2%,-1.059,323.13,326.59,tp_gap_filled,18.3863,5941.16,1.071,63.62,2
AMCR,2026-07-22,2026-07-23,2026-07-24,1-2%,-1.657,42.72,43.44,tp_gap_filled,138.8378,5931.15,1.685,99.96,1
GE,2026-07-16,2026-07-17,2026-07-27,1-2%,-1.979,353.22,360.35,tp_gap_filled,16.9291,5979.69,2.019,120.7,6
BA,2026-07-17,2026-07-20,2026-07-27,1-2%,-1.325,211.5,214.34,tp_gap_filled,28.0568,5934.02,1.343,79.68,5
BEN,2026-07-17,2026-07-20,2026-07-27,1-2%,-1.95,32.68,33.33,tp_gap_filled,181.4928,5931.18,1.989,117.97,5
AON,2026-07-21,2026-07-22,2026-07-27,1-2%,-1.02,359.08,362.78,tp_gap_filled,16.553,5943.84,1.03,61.25,3
ABNB,2026-07-23,2026-07-24,2026-07-27,1-2%,-1.764,137.58,140.05,tp_gap_filled,43.3571,5965.08,1.795,107.09,1
ACGL,2026-07-21,2026-07-24,2026-07-27,1-2%,-1.1,100.71,101.83,tp_gap_filled,59.306,5972.71,1.112,66.42,1
ADP,2026-07-21,2026-07-24,2026-07-27,1-2%,-1.767,250.73,255.24,tp_gap_filled,23.8526,5980.56,1.799,107.58,1
AMD,2026-07-23,2026-07-24,2026-07-27,1-2%,-1.374,544.74,501.1608,stop,10.97,5975.81,-8.0,-478.06,1
AJG,2026-07-14,2026-07-17,2026-07-28,1-2%,-1.531,257.23,261.23,tp_gap_filled,23.1867,5964.31,1.555,92.75,7
ECL,2026-07-08,2026-07-17,2026-07-28,1-2%,-1.678,278.33,283.08,tp_gap_filled,21.4603,5973.05,1.707,101.94,7
HRL,2026-06-30,2026-07-17,2026-07-28,1-2%,-1.254,25.98,26.31,tp_gap_filled,230.3636,5984.85,1.27,76.02,7
BLK,2026-07-17,2026-07-20,2026-07-28,1-2%,-1.726,1068.29,1087.05,tp_gap_filled,5.5482,5927.1,1.756,104.08,6
AMT,2026-07-20,2026-07-23,2026-07-28,1-2%,-1.076,168.23,170.06,tp_gap_filled,35.2525,5930.53,1.088,64.51,3
ALGN,2026-07-23,2026-07-24,2026-07-28,1-2%,-1.844,169.28,172.46,tp_gap_filled,35.3249,5979.8,1.879,112.33,2
ALLE,2026-07-24,2026-07-27,2026-07-28,1-2%,-1.501,152.25,154.57,tp_gap_filled,39.3988,5998.46,1.524,91.41,1
ANET,2026-07-24,2026-07-27,2026-07-28,1-2%,-1.478,174.0,160.08,stop,34.5406,6010.06,-8.0,-480.81,1
APTV,2026-07-23,2026-07-27,2026-07-28,1-2%,-1.151,57.55,58.22,tp_gap_filled,104.3348,6004.47,1.164,69.9,1
BRO,2026-07-21,2026-07-27,2026-07-28,1-2%,-1.349,68.01,68.94,tp_gap_filled,88.2296,6000.49,1.367,82.05,1
COIN,2026-07-23,2026-07-27,2026-07-28,1-2%,-1.806,163.12,166.12,tp_gap_filled,36.8315,6007.95,1.839,110.49,1
CVNA,2026-07-22,2026-07-27,2026-07-28,1-2%,-1.998,64.27,65.58,tp_gap_filled,93.605,6016.0,2.038,122.62,1
EOG,2026-07-24,2026-07-27,2026-07-29,1-2%,-1.024,144.0,145.49,tp_gap_filled,41.7703,6014.92,1.035,62.24,2
CDW,2026-07-14,2026-07-28,2026-07-29,1-2%,-1.122,142.74,144.36,tp_gap_filled,42.1797,6020.73,1.135,68.33,1
CRM,2026-06-09,2026-07-28,2026-07-29,1-2%,-1.671,179.5,182.55,tp_gap_filled,33.5622,6024.41,1.699,102.36,1
EQT,2026-07-27,2026-07-28,2026-07-29,1-2%,-1.131,52.43,53.03,tp_gap_filled,114.9679,6027.76,1.144,68.98,1
ERIE,2026-07-14,2026-07-28,2026-07-29,1-2%,-1.44,243.61,247.17,tp_gap_filled,24.7253,6023.34,1.461,88.02,1
NWS,2026-07-21,2026-07-28,2026-07-29,1-2%,-1.18,31.83,32.21,tp_gap_filled,188.9877,6015.48,1.194,71.82,1
PSX,2026-07-27,2026-07-28,2026-07-29,1-2%,-1.388,203.9,206.77,tp_gap_filled,29.4975,6014.53,1.408,84.66,1
TRMB,2026-06-02,2026-07-28,2026-07-29,1-2%,-1.083,57.52,58.15,tp_gap_filled,104.6026,6016.74,1.095,65.9,1
BRO,2026-07-28,2026-07-29,2026-07-30,1-2%,-1.047,68.97,69.7,tp_gap_filled,86.4179,5960.24,1.058,63.08,1
CHRW,2026-07-28,2026-07-29,2026-07-30,1-2%,-1.576,171.71,157.9732,stop,34.8595,5985.73,-8.0,-478.86,1
DDOG,2026-07-21,2026-07-29,2026-07-30,1-2%,-1.786,258.5,263.2,tp_gap_filled,23.1694,5989.29,1.818,108.9,1
JCI,2026-07-28,2026-07-29,2026-07-30,1-2%,-1.304,141.52,143.39,tp_gap_filled,42.4298,6004.66,1.321,79.34,1
NEM,2026-07-28,2026-07-29,2026-07-30,1-2%,-1.07,92.47,93.47,tp_gap_filled,64.8459,5996.3,1.081,64.85,1
AVGO,2026-07-24,2026-07-27,2026-07-31,1-2%,-1.22,387.68,392.47,tp_gap_filled,15.4869,6003.95,1.236,74.18,4
ELV,2026-07-28,2026-07-29,2026-07-31,1-2%,-1.018,374.51,378.36,tp_gap_filled,16.01,5995.89,1.028,61.64,2
IT,2026-06-08,2026-07-29,2026-07-31,1-2%,-1.5,161.56,148.6352,stop,37.1198,5997.07,-8.0,-479.77,2
AME,2026-07-29,2026-07-30,2026-07-31,1-2%,-1.267,238.37,241.43,tp_gap_filled,24.9349,5943.73,1.284,76.3,1
AVY,2026-07-29,2026-07-30,2026-07-31,1-2%,-1.496,166.6,169.13,tp_gap_filled,35.5889,5929.11,1.519,90.04,1
FERG,2026-06-29,2026-06-30,2026-08-03,1-2%,-1.299,235.51,238.61,tp_gap_filled,24.3247,5728.72,1.316,75.41,23
ADM,2026-07-27,2026-07-28,2026-08-03,1-2%,-1.734,84.43,77.6756,stop,71.3632,6025.2,-8.0,-482.02,4
A,2026-07-30,2026-07-31,2026-08-03,1-2%,-1.126,138.72,140.3,tp_gap_filled,42.6798,5920.54,1.139,67.43,1
ABT,2026-07-30,2026-07-31,2026-08-03,1-2%,-1.843,106.01,108.0,tp_gap_filled,55.8418,5919.79,1.877,111.13,1
AMZN,2026-06-01,2026-07-31,2026-08-03,1-2%,-1.607,266.29,270.64,tp_gap_filled,22.2274,5918.93,1.634,96.69,1
APA,2026-07-30,2026-07-31,2026-08-03,1-2%,-1.417,36.18,36.7,tp_gap_filled,163.7591,5924.8,1.437,85.15,1
ARES,2026-07-29,2026-07-31,2026-08-03,1-2%,-1.048,126.56,127.9,tp_gap_filled,46.888,5934.14,1.059,62.83,1
DD,2026-06-23,2026-06-24,2026-08-04,1-2%,-1.577,142.29,130.9068,stop,40.8141,5807.43,-8.0,-464.59,28
ROK,2026-07-01,2026-07-06,2026-08-04,1-2%,-1.418,488.06,449.0152,stop,12.0285,5870.61,-8.0,-469.65,21
CI,2026-07-15,2026-07-28,2026-08-04,1-2%,-1.068,300.11,276.1012,stop,20.0708,6023.46,-8.0,-481.88,5
TDG,2026-07-08,2026-07-28,2026-08-04,1-2%,-1.411,1310.87,1329.63,tp_gap_filled,4.5904,6017.41,1.431,86.12,5
ACN,2026-07-31,2026-08-03,2026-08-04,1-2%,-1.513,160.82,163.29,tp_gap_filled,37.0255,5954.44,1.536,91.45,1
ADBE,2026-07-31,2026-08-03,2026-08-04,1-2%,-1.279,244.73,247.9,tp_gap_filled,24.368,5963.58,1.295,77.25,1
ADP,2026-07-31,2026-08-03,2026-08-04,1-2%,-1.414,260.14,263.87,tp_gap_filled,22.9555,5971.64,1.434,85.62,1
ADSK,2026-07-31,2026-08-03,2026-08-04,1-2%,-1.928,230.44,234.97,tp_gap_filled,25.9621,5982.7,1.966,117.61,1
ALGN,2026-07-31,2026-08-03,2026-08-04,1-2%,-1.499,170.81,173.41,tp_gap_filled,35.0591,5988.45,1.522,91.15,1
ALLE,2026-07-29,2026-08-03,2026-08-04,1-2%,-1.222,159.26,161.23,tp_gap_filled,37.6246,5992.09,1.237,74.12,1
ADI,2026-07-22,2026-07-23,2026-08-05,1-2%,-1.562,376.83,382.81,tp_gap_filled,15.7326,5928.5,1.587,94.08,9
AVGO,2026-08-03,2026-08-04,2026-08-05,1-2%,-1.251,384.41,389.28,tp_gap_filled,15.5659,5983.69,1.267,75.81,1
CBRE,2026-08-03,2026-08-04,2026-08-05,1-2%,-1.526,144.57,146.81,tp_gap_filled,41.5713,6009.96,1.549,93.12,1
CIEN,2026-07-24,2026-08-04,2026-08-05,1-2%,-1.394,401.85,407.53,tp_gap_filled,14.9892,6023.43,1.413,85.14,1
COHR,2026-07-23,2026-08-04,2026-08-05,1-2%,-1.105,308.74,312.19,tp_gap_filled,19.5322,6030.38,1.117,67.39,1
DELL,2026-08-03,2026-08-04,2026-08-05,1-2%,-1.897,397.68,405.37,tp_gap_filled,15.2007,6045.02,1.934,116.89,1
EME,2026-08-03,2026-08-04,2026-08-05,1-2%,-1.184,787.99,797.43,tp_gap_filled,7.7386,6097.91,1.198,73.05,1
GEV,2026-08-03,2026-08-04,2026-08-05,1-2%,-1.542,975.02,990.29,tp_gap_filled,6.2672,6110.6,1.566,95.7,1
HPE,2026-06-05,2026-08-04,2026-08-05,1-2%,-1.462,52.905,53.69,tp_gap_filled,115.7591,6124.24,1.484,90.87,1
INTC,2026-08-03,2026-08-04,2026-08-05,1-2%,-1.996,88.4,90.2,tp_gap_filled,69.245,6121.25,2.036,124.64,1
AEE,2026-06-29,2026-07-07,2026-08-06,1-2%,-1.623,116.4,107.088,stop,50.31,5856.09,-8.0,-468.49,22
ETR,2026-07-27,2026-07-28,2026-08-06,1-2%,-1.026,114.76,105.5792,stop,52.4737,6021.88,-8.0,-481.75,7
ABT,2026-08-04,2026-08-05,2026-08-06,1-2%,-1.26,105.77,107.12,tp_gap_filled,56.9391,6022.45,1.276,76.87,1
ADBE,2026-08-04,2026-08-05,2026-08-06,1-2%,-1.062,248.67,251.34,tp_gap_filled,24.2179,6022.27,1.074,64.66,1
ADP,2026-08-04,2026-08-05,2026-08-06,1-2%,-1.991,264.41,269.78,tp_gap_filled,22.825,6035.17,2.031,122.57,1
ADSK,2026-08-04,2026-08-05,2026-08-06,1-2%,-1.5,231.19,234.71,tp_gap_filled,26.1328,6041.65,1.523,91.99,1
AIG,2026-08-04,2026-08-05,2026-08-06,1-2%,-1.307,77.76,78.79,tp_gap_filled,77.8447,6053.2,1.325,80.18,1
AON,2026-08-04,2026-08-05,2026-08-06,1-2%,-1.191,353.37,357.63,tp_gap_filled,17.1559,6062.39,1.206,73.08,1
APH,2026-07-01,2026-08-05,2026-08-06,1-2%,-1.236,87.07,88.16,tp_gap_filled,69.6916,6068.05,1.252,75.96,1
APO,2026-08-04,2026-08-05,2026-08-06,1-2%,-1.136,127.95,129.42,tp_gap_filled,47.3993,6064.74,1.149,69.68,1
AWK,2026-08-04,2026-08-05,2026-08-06,1-2%,-1.028,129.95,131.3,tp_gap_filled,46.7024,6068.98,1.039,63.05,1
AOS,2026-07-29,2026-07-30,2026-08-07,1-2%,-1.015,63.36,64.01,tp_gap_filled,93.8411,5945.77,1.026,61.0,6
AZO,2026-07-29,2026-07-30,2026-08-07,1-2%,-1.139,3083.28,3118.8,tp_gap_filled,1.9277,5943.74,1.152,68.47,6
ALGN,2026-08-05,2026-08-06,2026-08-07,1-2%,-1.374,170.89,173.27,tp_gap_filled,35.3364,6038.64,1.393,84.1,1
COHR,2026-08-05,2026-08-06,2026-08-07,1-2%,-1.338,319.4,323.73,tp_gap_filled,18.9034,6037.75,1.356,81.85,1
INTC,2026-08-05,2026-08-06,2026-08-07,1-2%,-1.547,99.3,100.86,tp_gap_filled,60.9442,6051.76,1.571,95.07,1
MPWR,2026-08-05,2026-08-06,2026-08-07,1-2%,-1.125,1320.01,1335.03,tp_gap_filled,4.5764,6040.91,1.138,68.74,1
MRVL,2026-08-05,2026-08-06,2026-08-07,1-2%,-1.194,215.98,218.59,tp_gap_filled,28.0112,6049.85,1.208,73.11,1
T,2026-08-04,2026-08-06,2026-08-07,1-2%,-1.017,23.35,23.59,tp_gap_filled,258.768,6042.23,1.028,62.1,1
UNH,2026-08-05,2026-08-06,2026-08-07,1-2%,-1.07,403.19,407.55,tp_gap_filled,14.9976,6046.89,1.081,65.39,1
EQT,2026-08-03,2026-08-04,2026-08-10,1-2%,-1.088,52.71,53.29,tp_gap_filled,115.9221,6110.25,1.1,67.24,4
ADSK,2026-08-06,2026-08-07,2026-08-10,1-2%,-1.112,237.36,240.03,tp_gap_filled,25.5701,6069.31,1.125,68.27,1
CPAY,2026-08-06,2026-08-07,2026-08-10,1-2%,-1.44,388.85,394.53,tp_gap_filled,15.6263,6076.3,1.461,88.76,1
CSGP,2026-08-06,2026-08-07,2026-08-10,1-2%,-1.059,29.89,30.21,tp_gap_filled,203.3958,6079.5,1.071,65.09,1
CVNA,2026-08-06,2026-08-07,2026-08-10,1-2%,-1.54,68.41,69.48,tp_gap_filled,88.9206,6083.06,1.564,95.15,1
FCX,2026-08-06,2026-08-07,2026-08-10,1-2%,-1.311,68.48,69.39,tp_gap_filled,88.9881,6093.91,1.329,80.98,1
FLEX,2026-08-06,2026-08-07,2026-08-10,1-2%,-1.953,119.5,121.88,tp_gap_filled,51.0375,6098.98,1.992,121.47,1
GDDY,2026-08-06,2026-08-07,2026-08-10,1-2%,-1.624,90.28,91.77,tp_gap_filled,67.6086,6103.7,1.65,100.74,1
BNY,2026-07-17,2026-07-20,2026-08-11,1-2%,-1.71,158.11,160.86,tp_gap_filled,37.4623,5923.17,1.739,103.02,16
APH,2026-08-06,2026-08-07,2026-08-11,1-2%,-1.451,84.87,86.12,tp_gap_filled,71.6896,6084.3,1.473,89.61,2
APA,2026-08-07,2026-08-10,2026-08-11,1-2%,-1.478,35.99,36.53,tp_gap_filled,169.5182,6100.96,1.5,91.54,1
BDX,2026-08-07,2026-08-10,2026-08-11,1-2%,-1.022,175.26,177.07,tp_gap_filled,35.0542,6143.6,1.033,63.45,1
BKR,2026-08-07,2026-08-10,2026-08-11,1-2%,-1.052,62.09,62.75,tp_gap_filled,99.07,6151.25,1.063,65.39,1
CRL,2026-08-07,2026-08-10,2026-08-11,1-2%,-1.499,261.53,265.51,tp_gap_filled,23.536,6155.37,1.522,93.67,1
CVS,2026-08-07,2026-08-10,2026-08-11,1-2%,-1.06,95.2,96.22,tp_gap_filled,64.8485,6173.58,1.071,66.15,1
CVX,2026-08-07,2026-08-10,2026-08-11,1-2%,-1.596,186.21,189.23,tp_gap_filled,33.162,6175.1,1.622,100.15,1
CAT,2026-08-06,2026-08-07,2026-08-12,1-2%,-1.042,862.0,871.08,tp_gap_filled,7.0572,6083.3,1.053,64.08,3
ALLE,2026-08-07,2026-08-10,2026-08-12,1-2%,-1.049,166.93,168.7,tp_gap_filled,36.5634,6103.52,1.06,64.72,2
ADSK,2026-08-10,2026-08-11,2026-08-12,1-2%,-1.028,246.52,249.08,tp_gap_filled,24.8876,6135.28,1.038,63.71,1
AXON,2026-07-08,2026-08-11,2026-08-12,1-2%,-1.633,630.0,640.46,tp_gap_filled,9.7486,6141.59,1.66,101.97,1
CASY,2026-08-10,2026-08-11,2026-08-12,1-2%,-1.04,825.28,833.95,tp_gap_filled,7.4456,6144.67,1.051,64.55,1
CHTR,2026-08-10,2026-08-11,2026-08-12,1-2%,-1.003,151.04,152.57,tp_gap_filled,40.6938,6146.39,1.013,62.26,1
CRM,2026-08-10,2026-08-11,2026-08-12,1-2%,-1.333,190.17,192.74,tp_gap_filled,32.3917,6159.92,1.351,83.25,1
CTSH,2026-08-10,2026-08-11,2026-08-12,1-2%,-1.907,56.57,57.67,tp_gap_filled,109.0993,6171.75,1.944,120.01,1
DAL,2026-08-10,2026-08-11,2026-08-13,1-2%,-1.095,90.34,91.34,tp_gap_filled,68.4394,6182.82,1.107,68.44,2
DASH,2026-08-10,2026-08-11,2026-08-13,1-2%,-1.739,212.5,216.26,tp_gap_filled,29.0967,6183.06,1.769,109.4,2
ADP,2026-08-11,2026-08-12,2026-08-13,1-2%,-1.1,270.67,273.68,tp_gap_filled,22.7261,6151.28,1.112,68.41,1
AMD,2026-08-10,2026-08-12,2026-08-13,1-2%,-1.297,477.09,483.36,tp_gap_filled,12.8901,6149.76,1.314,80.82,1
AWK,2026-08-11,2026-08-12,2026-08-13,1-2%,-1.122,133.93,135.45,tp_gap_filled,45.9163,6149.57,1.135,69.79,1
BKNG,2026-08-11,2026-08-12,2026-08-13,1-2%,-1.353,210.0,212.88,tp_gap_filled,29.2945,6151.84,1.371,84.37,1
CVNA,2026-08-11,2026-08-12,2026-08-13,1-2%,-1.618,72.96,74.16,tp_gap_filled,84.3634,6155.15,1.645,101.24,1
DELL,2026-08-11,2026-08-12,2026-08-13,1-2%,-1.911,449.13,457.88,tp_gap_filled,13.7001,6153.13,1.948,119.88,1
GIS,2026-08-11,2026-08-12,2026-08-13,1-2%,-1.369,36.75,37.26,tp_gap_filled,168.0913,6177.36,1.388,85.73,1
CMS,2026-08-07,2026-08-10,2026-08-14,1-2%,-1.18,70.36,71.2,tp_gap_filled,87.5648,6161.06,1.194,73.55,4
ABNB,2026-08-12,2026-08-13,2026-08-14,1-2%,-1.936,181.398,184.98,tp_gap_filled,34.2451,6211.99,1.975,122.67,1
ABT,2026-08-12,2026-08-13,2026-08-14,1-2%,-1.522,108.05,109.72,tp_gap_filled,57.5509,6218.38,1.546,96.11,1
ADBE,2026-08-12,2026-08-13,2026-08-14,1-2%,-1.995,258.45,263.71,tp_gap_filled,24.0961,6227.64,2.035,126.75,1
AMAT,2026-07-24,2026-08-13,2026-08-14,1-2%,-1.171,556.21,511.7132,stop,11.2226,6242.15,-8.0,-499.37,1
BF-B,2026-08-12,2026-08-13,2026-08-14,1-2%,-1.391,27.64,28.03,tp_gap_filled,225.3976,6229.99,1.411,87.91,1
BSX,2026-08-12,2026-08-13,2026-08-14,1-2%,-1.348,50.5,51.19,tp_gap_filled,123.474,6235.44,1.366,85.2,1
CL,2026-08-12,2026-08-13,2026-08-14,1-2%,-1.072,91.32,92.31,tp_gap_filled,68.366,6243.19,1.084,67.68,1
KMI,2026-07-27,2026-07-29,2026-08-17,1-2%,-1.795,32.27,32.86,tp_gap_filled,185.9375,6000.2,1.828,109.7,13
APA,2026-08-11,2026-08-12,2026-08-17,1-2%,-1.292,40.49,41.02,tp_gap_filled,151.9763,6153.52,1.309,80.55,3
COP,2026-08-13,2026-08-14,2026-08-17,1-2%,-1.241,125.72,127.3,tp_gap_filled,49.4501,6216.87,1.257,78.13,1
DVN,2026-08-12,2026-08-14,2026-08-17,1-2%,-1.63,44.66,45.4,tp_gap_filled,139.1887,6216.17,1.657,103.0,1
FANG,2026-08-13,2026-08-14,2026-08-17,1-2%,-1.409,198.01,200.84,tp_gap_filled,31.4365,6224.75,1.429,88.97,1
NWS,2026-08-13,2026-08-14,2026-08-17,1-2%,-1.102,32.32,32.68,tp_gap_filled,192.8143,6231.76,1.114,69.41,1
OXY,2026-08-13,2026-08-14,2026-08-17,1-2%,-1.383,57.74,58.55,tp_gap_filled,108.0698,6239.95,1.403,87.54,1
BMY,2026-08-05,2026-08-06,2026-08-18,1-2%,-1.639,64.81,65.89,tp_gap_filled,93.2082,6040.83,1.666,100.67,8
BR,2026-08-11,2026-08-13,2026-08-18,1-2%,-1.003,171.66,173.4,tp_gap_filled,36.3182,6234.38,1.014,63.19,3
COR,2026-08-14,2026-08-17,2026-08-18,1-2%,-1.687,304.78,310.01,tp_gap_filled,20.2546,6173.2,1.716,105.93,1
CPRT,2026-06-02,2026-08-17,2026-08-18,1-2%,-1.021,31.99,32.32,tp_gap_filled,193.2178,6181.04,1.032,63.76,1
DUK,2026-08-14,2026-08-17,2026-08-18,1-2%,-1.052,123.18,124.49,tp_gap_filled,50.1561,6178.23,1.063,65.7,1
INCY,2026-08-14,2026-08-17,2026-08-18,1-2%,-1.137,119.15,120.52,tp_gap_filled,51.8697,6180.28,1.15,71.06,1
IVZ,2026-08-14,2026-08-17,2026-08-18,1-2%,-1.112,32.0,32.36,tp_gap_filled,193.4863,6191.56,1.125,69.66,1
EXE,2026-08-13,2026-08-14,2026-08-19,1-2%,-1.651,94.69,96.28,tp_gap_filled,65.735,6224.45,1.679,104.52,3
AVY,2026-08-14,2026-08-17,2026-08-19,1-2%,-1.867,176.65,180.01,tp_gap_filled,34.9462,6173.25,1.902,117.42,2
FCX,2026-08-13,2026-08-17,2026-08-19,1-2%,-1.546,68.15,69.22,tp_gap_filled,90.6711,6179.24,1.57,97.02,2
ABBV,2026-07-30,2026-08-18,2026-08-19,1-2%,-1.869,258.38,263.3,tp_gap_filled,24.0465,6213.14,1.904,118.31,1
ABT,2026-08-17,2026-08-18,2026-08-19,1-2%,-1.088,110.04,111.25,tp_gap_filled,56.4685,6213.79,1.1,68.33,1
ADBE,2026-08-17,2026-08-18,2026-08-19,1-2%,-1.56,259.9,264.02,tp_gap_filled,23.9371,6221.25,1.585,98.62,1
ADP,2026-08-17,2026-08-18,2026-08-19,1-2%,-1.253,269.54,272.96,tp_gap_filled,23.0954,6225.12,1.269,78.99,1
ADSK,2026-08-17,2026-08-18,2026-08-19,1-2%,-1.375,248.2,251.66,tp_gap_filled,25.08,6224.86,1.394,86.78,1
BEN,2026-08-17,2026-08-18,2026-08-19,1-2%,-1.565,33.33,33.86,tp_gap_filled,186.7114,6223.09,1.59,98.96,1
CHTR,2026-08-17,2026-08-18,2026-08-19,1-2%,-1.471,152.0,154.27,tp_gap_filled,40.9819,6229.25,1.493,93.03,1
AON,2026-08-18,2026-08-19,2026-08-20,1-2%,-1.158,343.2,347.22,tp_gap_filled,18.4115,6318.81,1.171,74.01,1
ARE,2026-08-10,2026-08-19,2026-08-20,1-2%,-1.246,49.12,49.74,tp_gap_filled,128.7616,6324.77,1.262,79.83,1
AXON,2026-08-12,2026-08-19,2026-08-20,1-2%,-1.157,628.95,636.31,tp_gap_filled,10.0707,6333.98,1.17,74.12,1
BX,2026-08-17,2026-08-19,2026-08-20,1-2%,-1.313,142.04,143.93,tp_gap_filled,44.6579,6343.2,1.331,84.4,1
CCL,2026-08-18,2026-08-19,2026-08-20,1-2%,-1.19,27.4,25.208,stop,231.7524,6350.01,-8.0,-508.0,1
CF,2026-08-03,2026-08-19,2026-08-20,1-2%,-1.749,123.0,125.19,tp_gap_filled,51.5592,6341.79,1.78,112.91,1
GEN,2026-08-17,2026-08-19,2026-08-21,1-2%,-1.545,28.04,28.48,tp_gap_filled,225.5671,6324.9,1.569,99.25,2
ADSK,2026-08-19,2026-08-20,2026-08-21,1-2%,-1.175,243.89,246.79,tp_gap_filled,25.6749,6261.85,1.189,74.46,1
COIN,2026-07-29,2026-08-20,2026-08-21,1-2%,-1.042,166.15,167.9,tp_gap_filled,37.7262,6268.21,1.053,66.02,1
DE,2026-07-29,2026-08-20,2026-08-21,1-2%,-1.314,631.43,639.84,tp_gap_filled,9.9455,6279.9,1.332,83.64,1
AJG,2026-07-29,2026-07-30,2026-08-24,1-2%,-1.402,261.59,265.31,tp_gap_filled,22.7438,5949.56,1.422,84.61,17
MDLZ,2026-07-30,2026-08-06,2026-08-24,1-2%,-1.739,63.86,64.99,tp_gap_filled,94.6785,6046.17,1.769,106.99,12
TAP,2026-08-10,2026-08-14,2026-08-24,1-2%,-1.499,42.72,43.37,tp_gap_filled,146.1447,6243.3,1.522,94.99,6
A,2026-08-20,2026-08-21,2026-08-24,1-2%,-1.107,153.69,155.41,tp_gap_filled,41.0956,6315.98,1.119,70.68,1
ABNB,2026-08-20,2026-08-21,2026-08-24,1-2%,-1.577,183.45,186.39,tp_gap_filled,34.4883,6326.89,1.603,101.4,1
ALB,2026-08-20,2026-08-21,2026-08-24,1-2%,-1.028,132.9,134.28,tp_gap_filled,47.6563,6333.53,1.038,65.77,1
ALLE,2026-08-20,2026-08-21,2026-08-24,1-2%,-1.13,160.92,162.76,tp_gap_filled,39.5115,6358.19,1.143,72.7,1
AMCR,2026-08-20,2026-08-21,2026-08-24,1-2%,-1.707,46.64,47.45,tp_gap_filled,136.3837,6360.93,1.737,110.47,1
AMGN,2026-08-20,2026-08-21,2026-08-24,1-2%,-1.487,435.78,442.36,tp_gap_filled,14.6272,6374.23,1.51,96.25,1
CAH,2026-08-20,2026-08-24,2026-08-25,1-2%,-1.107,232.25,234.85,tp_gap_filled,27.4732,6380.66,1.119,71.43,1
CHD,2026-08-12,2026-08-13,2026-08-26,1-2%,-1.547,101.19,102.78,tp_gap_filled,61.6937,6242.78,1.571,98.09,9
APO,2026-08-18,2026-08-19,2026-08-26,1-2%,-1.033,133.15,134.54,tp_gap_filled,47.4925,6323.63,1.044,66.01,5
FFIV,2026-08-18,2026-08-19,2026-08-26,1-2%,-1.196,390.81,395.54,tp_gap_filled,16.201,6331.53,1.21,76.63,5
AMT,2026-07-30,2026-08-20,2026-08-26,1-2%,-1.093,177.3,179.26,tp_gap_filled,35.3694,6271.0,1.105,69.32,4
MSFT,2026-08-17,2026-08-24,2026-08-26,1-2%,-1.062,490.14,495.4,tp_gap_filled,13.0062,6374.85,1.073,68.41,2
ANET,2026-08-24,2026-08-25,2026-08-26,1-2%,-1.405,186.0,188.65,tp_gap_filled,34.1543,6352.69,1.425,90.51,1
APH,2026-08-24,2026-08-25,2026-08-26,1-2%,-1.28,77.5,78.505,tp_gap_filled,82.0791,6361.13,1.297,82.49,1
DG,2026-08-10,2026-08-14,2026-08-27,1-2%,-1.564,124.61,126.59,tp_gap_filled,49.9116,6219.49,1.589,98.82,9
BBY,2026-07-30,2026-08-19,2026-08-27,1-2%,-1.309,88.99,81.8708,stop,71.2712,6342.42,-8.0,-507.39,6
MTD,2026-08-20,2026-08-24,2026-08-27,1-2%,-1.159,1408.5699,1425.09,tp_gap_filled,4.5245,6373.01,1.173,74.74,3
WSM,2026-08-20,2026-08-24,2026-08-27,1-2%,-1.539,238.58,242.31,tp_gap_filled,26.7068,6371.71,1.563,99.62,3
ACN,2026-08-25,2026-08-26,2026-08-27,1-2%,-1.474,183.78,186.53,tp_gap_filled,34.7525,6386.81,1.496,95.57,1
ADBE,2026-08-25,2026-08-26,2026-08-27,1-2%,-1.994,270.76,276.27,tp_gap_filled,23.573,6382.64,2.035,129.89,1
ADP,2026-08-25,2026-08-26,2026-08-27,1-2%,-1.039,280.07,283.01,tp_gap_filled,22.8008,6385.83,1.05,67.03,1
ADSK,2026-08-25,2026-08-26,2026-08-27,1-2%,-1.179,251.42,254.42,tp_gap_filled,25.4051,6387.34,1.193,76.22,1
BMY,2026-08-25,2026-08-26,2026-08-27,1-2%,-1.278,66.42,67.28,tp_gap_filled,96.1757,6387.99,1.295,82.71,1
AMZN,2026-08-20,2026-08-24,2026-08-28,1-2%,-1.008,263.16,265.84,tp_gap_filled,24.2359,6377.91,1.018,64.95,4
CRWD,2026-08-26,2026-08-27,2026-08-28,1-2%,-1.419,182.75,185.38,tp_gap_filled,34.7427,6349.22,1.439,91.37,1
DDOG,2026-08-26,2026-08-27,2026-08-28,1-2%,-1.135,220.46,222.99,tp_gap_filled,29.1124,6418.11,1.148,73.65,1
DHR,2026-08-26,2026-08-27,2026-08-28,1-2%,-1.269,213.23,215.97,tp_gap_filled,30.2529,6450.82,1.285,82.89,1
DVN,2026-08-26,2026-08-27,2026-08-28,1-2%,-1.492,46.21,46.91,tp_gap_filled,139.6781,6454.52,1.515,97.77,1
DXCM,2026-08-26,2026-08-27,2026-08-28,1-2%,-1.11,88.17,89.16,tp_gap_filled,73.2775,6460.88,1.123,72.55,1
EIX,2026-08-26,2026-08-27,2026-08-28,1-2%,-1.712,73.5,74.78,tp_gap_filled,87.959,6464.98,1.741,112.59,1
IP,2026-08-05,2026-08-06,2026-08-31,1-2%,-1.891,41.51,38.1892,stop,145.8278,6053.31,-8.0,-484.26,17
CCL,2026-08-20,2026-08-24,2026-08-31,1-2%,-1.836,26.2,24.104,stop,243.5428,6380.82,-8.0,-510.47,5
AJG,2026-08-27,2026-08-28,2026-08-31,1-2%,-1.672,260.6,265.03,tp_gap_filled,24.4844,6380.62,1.7,108.47,1
APA,2026-08-24,2026-08-28,2026-08-31,1-2%,-1.06,42.93,43.39,tp_gap_filled,148.8461,6389.96,1.072,68.47,1
AWK,2026-08-27,2026-08-28,2026-08-31,1-2%,-1.047,136.05,137.49,tp_gap_filled,46.9464,6387.06,1.058,67.6,1
PHM,2026-07-01,2026-07-28,2026-09-01,1-2%,-1.545,135.09,124.2828,stop,44.528,6015.29,-8.0,-481.22,25
BAX,2026-08-04,2026-08-05,2026-09-01,1-2%,-1.281,27.74,25.5208,stop,219.1353,6078.81,-8.0,-486.31,19
COR,2026-08-27,2026-08-31,2026-09-01,1-2%,-1.049,324.35,327.79,tp_gap_filled,19.5298,6334.48,1.061,67.18,1
AMGN,2026-08-27,2026-08-28,2026-09-02,1-2%,-1.649,433.08,440.34,tp_gap_filled,14.7558,6390.45,1.676,107.13,3
DOW,2026-08-25,2026-08-31,2026-09-02,1-2%,-1.527,30.96,31.44,tp_gap_filled,204.5785,6333.75,1.55,98.2,2
DRI,2026-08-27,2026-08-31,2026-09-02,1-2%,-1.17,216.25,218.81,tp_gap_filled,29.2682,6329.25,1.184,74.93,2
BG,2026-07-27,2026-09-01,2026-09-02,1-2%,-1.44,119.78,121.53,tp_gap_filled,52.4703,6284.89,1.461,91.82,1
AES,2026-07-31,2026-08-03,2026-09-03,1-2%,-1.01,14.7,14.85,tp_gap_filled,407.3635,5988.24,1.02,61.1,23
HPE,2026-08-28,2026-08-31,2026-09-03,1-2%,-1.38,53.659,49.3663,stop,117.8025,6321.17,-8.0,-505.69,3
ADBE,2026-08-31,2026-09-01,2026-09-03,1-2%,-1.328,287.65,291.52,tp_gap_filled,21.8639,6289.14,1.345,84.61,2
AJG,2026-08-31,2026-09-01,2026-09-03,1-2%,-1.282,264.13,267.56,tp_gap_filled,23.8043,6287.43,1.299,81.65,2
ACN,2026-09-01,2026-09-02,2026-09-03,1-2%,-1.286,187.32,189.76,tp_gap_filled,33.799,6331.22,1.303,82.47,1
ADI,2026-09-01,2026-09-02,2026-09-04,1-2%,-1.604,356.33,362.14,tp_gap_filled,17.7696,6331.83,1.631,103.24,2
AMZN,2026-09-01,2026-09-02,2026-09-04,1-2%,-1.902,254.83,259.77,tp_gap_filled,24.8451,6331.28,1.939,122.73,2
ALB,2026-09-02,2026-09-03,2026-09-04,1-2%,-1.18,133.94,123.2248,stop,47.3472,6341.68,-8.0,-507.33,1
APH,2026-09-02,2026-09-03,2026-09-04,1-2%,-1.912,80.03,81.59,tp_gap_filled,79.2276,6340.58,1.949,123.59,1
BKR,2026-09-02,2026-09-03,2026-09-04,1-2%,-1.005,63.02,63.66,tp_gap_filled,100.7404,6348.66,1.016,64.47,1
CF,2026-09-02,2026-09-03,2026-09-04,1-2%,-1.497,133.57,135.6,tp_gap_filled,47.554,6351.79,1.52,96.53,1
