ticker,gap_date,entry_date,exit_date,bucket,gap_pct,entry_price,exit_price,exit_reason,contracts_shares,position_dollars,pnl_pct,pnl_dollar,days_held
ALB,2024-09-04,2024-09-05,2024-09-06,1-2%,-1.177,83.13,76.4796,stop,24.0587,2000.0,-8.0,-160.0,1
AMZN,2024-09-04,2024-09-05,2024-09-06,1-2%,-1.004,174.48,176.25,tp_gap_filled,11.4615,1999.8,1.014,20.29,1
APH,2024-09-04,2024-09-05,2024-09-06,5-10%,-6.316,29.0,30.955,tp_gap_filled,68.9856,2000.58,6.741,134.87,1
AVGO,2024-09-04,2024-09-05,2024-09-06,1-2%,-1.63,150.3,138.276,stop,13.3283,2003.25,-8.0,-160.26,1
CMG,2024-09-04,2024-09-05,2024-09-06,1-2%,-1.626,52.65,53.52,tp_gap_filled,38.0667,2004.21,1.652,33.12,1
HOOD,2024-09-04,2024-09-05,2024-09-06,1-2%,-1.859,19.01,19.37,tp_gap_filled,105.4676,2004.94,1.894,37.97,1
HUM,2024-09-04,2024-09-05,2024-09-06,1-2%,-1.177,359.25,363.53,tp_gap_filled,5.5932,2009.37,1.191,23.94,1
LULU,2024-09-04,2024-09-05,2024-09-06,1-2%,-1.488,254.24,258.08,tp_gap_filled,7.9039,2009.48,1.51,30.35,1
MCHP,2024-09-04,2024-09-05,2024-09-06,1-2%,-1.322,75.39,76.4,tp_gap_filled,26.6533,2009.39,1.34,26.92,1
META,2024-09-04,2024-09-05,2024-09-06,1-2%,-1.112,506.07,511.76,tp_gap_filled,3.972,2010.12,1.124,22.6,1
NKE,2024-09-04,2024-09-05,2024-09-06,1-2%,-1.5,80.1,81.32,tp_gap_filled,25.1117,2011.45,1.523,30.64,1
NVDA,2024-09-04,2024-09-05,2024-09-06,2-3%,-2.398,105.41,108.0,tp_gap_filled,19.0856,2011.81,2.457,49.43,1
ON,2024-09-04,2024-09-05,2024-09-06,1-2%,-1.23,69.89,70.76,tp_gap_filled,28.7952,2012.5,1.245,25.05,1
PLTR,2024-09-04,2024-09-05,2024-09-06,1-2%,-1.672,30.0,30.51,tp_gap_filled,67.0919,2012.76,1.7,34.22,1
RDDT,2024-09-04,2024-09-05,2024-09-06,1-2%,-1.408,56.72,57.53,tp_gap_filled,35.4896,2012.97,1.428,28.75,1
RMD,2024-09-04,2024-09-05,2024-09-06,2-3%,-2.042,239.9,244.9,tp_gap_filled,8.3968,2014.38,2.084,41.98,1
VRT,2024-09-04,2024-09-05,2024-09-06,1-2%,-1.489,74.08,75.2,tp_gap_filled,27.2023,2015.14,1.512,30.47,1
WSM,2024-09-04,2024-09-05,2024-09-06,1-2%,-1.075,129.71,131.12,tp_gap_filled,15.5435,2016.15,1.087,21.92,1
FLEX,2024-09-04,2024-09-05,2024-09-09,1-2%,-1.248,30.07,30.45,tp_gap_filled,66.6611,2004.5,1.264,25.33,2
APP,2024-09-05,2024-09-06,2024-09-09,1-2%,-1.502,86.56,87.88,tp_gap_filled,23.043,1994.6,1.525,30.42,1
BKNG,2024-09-05,2024-09-06,2024-09-09,1-2%,-1.182,150.1716,151.9684,tp_gap_filled,13.2761,1993.69,1.196,23.85,1
GEV,2024-09-05,2024-09-06,2024-09-09,1-2%,-1.272,197.09,199.63,tp_gap_filled,10.1086,1992.31,1.289,25.68,1
CDNS,2024-09-04,2024-09-05,2024-09-10,2-3%,-2.829,249.03,256.28,tp_gap_filled,8.0469,2003.92,2.911,58.34,3
MRVL,2024-09-04,2024-09-05,2024-09-10,1-2%,-1.342,69.08,70.02,tp_gap_filled,29.1108,2010.97,1.361,27.36,3
UDR,2024-09-04,2024-09-05,2024-09-10,1-2%,-1.692,44.16,44.92,tp_gap_filled,45.6274,2014.91,1.721,34.68,3
WDC,2024-09-04,2024-09-05,2024-09-10,1-2%,-1.744,46.833,47.6644,tp_gap_filled,43.0408,2015.73,1.775,35.79,3
AMD,2024-09-05,2024-09-06,2024-09-10,1-2%,-1.895,138.2,140.87,tp_gap_filled,14.4471,1996.59,1.932,38.57,2
ANET,2024-09-05,2024-09-06,2024-09-10,1-2%,-1.451,80.33,81.5125,tp_gap_filled,24.8409,1995.47,1.472,29.37,2
AMAT,2024-09-04,2024-09-05,2024-09-11,1-2%,-1.843,179.99,183.37,tp_gap_filled,11.1103,1999.74,1.878,37.55,4
LRCX,2024-09-04,2024-09-05,2024-09-11,1-2%,-1.723,75.253,76.572,tp_gap_filled,26.7005,2009.3,1.753,35.22,4
SMCI,2024-09-04,2024-09-05,2024-09-11,3-5%,-4.903,42.012,44.178,tp_gap_filled,47.9674,2015.2,5.156,103.9,4
KLAC,2024-09-05,2024-09-06,2024-09-11,2-3%,-2.594,72.578,74.511,tp_gap_filled,27.4662,1993.44,2.663,53.09,3
MPWR,2024-09-05,2024-09-06,2024-09-11,1-2%,-1.741,835.7,850.51,tp_gap_filled,2.3838,1992.18,1.772,35.3,3
MU,2024-09-05,2024-09-06,2024-09-11,1-2%,-1.333,88.1,89.29,tp_gap_filled,22.5968,1990.78,1.351,26.89,3
QCOM,2024-09-05,2024-09-06,2024-09-11,1-2%,-1.361,163.08,165.33,tp_gap_filled,12.1897,1987.9,1.38,27.43,3
TER,2024-09-05,2024-09-06,2024-09-11,2-3%,-2.162,124.02,126.76,tp_gap_filled,16.0116,1985.76,2.209,43.87,3
APO,2024-09-09,2024-09-10,2024-09-11,1-2%,-1.657,106.21,108.0,tp_gap_filled,18.8471,2001.75,1.685,33.74,1
AVGO,2024-09-06,2024-09-10,2024-09-11,5-10%,-6.262,143.25,152.82,tp_gap_filled,13.9752,2001.95,6.681,133.74,1
CRH,2024-09-09,2024-09-10,2024-09-11,1-2%,-1.711,83.87,85.33,tp_gap_filled,23.8862,2003.33,1.741,34.87,1
DG,2024-09-04,2024-09-06,2024-09-12,2-3%,-2.459,81.73,83.79,tp_gap_filled,24.3853,1993.01,2.52,50.23,4
SPG,2024-09-09,2024-09-10,2024-09-12,1-2%,-1.465,162.09,164.5,tp_gap_filled,12.3693,2004.94,1.487,29.81,2
ADI,2024-09-05,2024-09-11,2024-09-12,1-2%,-1.046,219.48,221.8,tp_gap_filled,9.1929,2017.65,1.057,21.33,1
ALB,2024-09-06,2024-09-11,2024-09-12,1-2%,-1.646,81.24,82.6,tp_gap_filled,24.8484,2018.68,1.674,33.79,1
DECK,2024-09-10,2024-09-11,2024-09-12,1-2%,-1.352,147.0,149.015,tp_gap_filled,13.7574,2022.34,1.371,27.72,1
ON,2024-09-10,2024-09-11,2024-09-12,1-2%,-1.542,68.32,69.39,tp_gap_filled,29.6193,2023.59,1.566,31.69,1
SW,2024-09-04,2024-09-05,2024-09-13,1-2%,-1.357,45.08,45.7,tp_gap_filled,44.6911,2014.67,1.375,27.71,6
SWKS,2024-09-05,2024-09-06,2024-09-13,1-2%,-1.297,101.19,102.52,tp_gap_filled,19.6334,1986.71,1.314,26.11,5
APTV,2024-09-10,2024-09-12,2024-09-13,2-3%,-2.939,67.05,69.08,tp_gap_filled,30.182,2023.7,3.028,61.27,1
ARE,2024-09-11,2024-09-12,2024-09-13,1-2%,-1.119,118.42,119.76,tp_gap_filled,17.0889,2023.67,1.132,22.9,1
CBRE,2024-09-11,2024-09-12,2024-09-13,1-2%,-1.224,115.37,116.8,tp_gap_filled,17.551,2024.86,1.239,25.1,1
CFG,2024-09-11,2024-09-12,2024-09-13,1-2%,-1.275,39.49,40.0,tp_gap_filled,51.2941,2025.6,1.291,26.16,1
CI,2024-09-05,2024-09-12,2024-09-13,1-2%,-1.249,362.06,366.64,tp_gap_filled,5.5953,2025.83,1.265,25.63,1
CIEN,2024-09-05,2024-09-12,2024-09-13,1-2%,-1.675,54.01,54.93,tp_gap_filled,37.5087,2025.84,1.703,34.51,1
CPT,2024-09-11,2024-09-12,2024-09-13,1-2%,-1.275,121.6,123.17,tp_gap_filled,16.6631,2026.23,1.291,26.16,1
CRH,2024-09-11,2024-09-12,2024-09-13,1-2%,-1.145,84.63,85.61,tp_gap_filled,23.9482,2026.73,1.158,23.47,1
CVS,2024-09-11,2024-09-12,2024-09-13,1-2%,-1.036,56.35,56.94,tp_gap_filled,35.9841,2027.7,1.047,21.23,1
DELL,2024-09-04,2024-09-12,2024-09-13,1-2%,-1.598,109.0,110.77,tp_gap_filled,18.6106,2028.55,1.624,32.94,1
DHI,2024-09-11,2024-09-12,2024-09-13,1-2%,-1.216,185.25,187.53,tp_gap_filled,10.9567,2029.73,1.231,24.98,1
EQIX,2024-09-11,2024-09-12,2024-09-13,1-2%,-1.191,854.48,864.78,tp_gap_filled,2.3763,2030.51,1.205,24.48,1
EXR,2024-09-11,2024-09-12,2024-09-13,1-2%,-1.561,174.68,177.45,tp_gap_filled,11.6281,2031.19,1.586,32.21,1
F,2024-09-10,2024-09-12,2024-09-13,1-2%,-1.595,10.49,10.66,tp_gap_filled,193.6885,2031.79,1.621,32.93,1
FAST,2024-09-11,2024-09-12,2024-09-13,1-2%,-1.136,33.945,34.335,tp_gap_filled,59.8703,2032.3,1.149,23.35,1
FITB,2024-09-11,2024-09-12,2024-09-13,1-2%,-1.66,40.29,40.97,tp_gap_filled,50.4704,2033.45,1.688,34.32,1
HBAN,2024-09-11,2024-09-12,2024-09-13,1-2%,-1.19,14.12,14.29,tp_gap_filled,144.0838,2034.46,1.204,24.49,1
IRM,2024-09-11,2024-09-12,2024-09-13,1-2%,-1.051,112.96,114.16,tp_gap_filled,18.0061,2033.97,1.062,21.61,1
KR,2024-09-11,2024-09-12,2024-09-13,1-2%,-1.568,51.48,52.3,tp_gap_filled,39.5336,2035.19,1.593,32.42,1
LEN,2024-09-11,2024-09-12,2024-09-13,1-2%,-1.343,172.1297,174.4724,tp_gap_filled,11.8407,2038.13,1.361,27.74,1
MS,2024-09-11,2024-09-12,2024-09-13,1-2%,-1.17,95.49,96.62,tp_gap_filled,21.3525,2038.95,1.183,24.13,1
NTRS,2024-09-11,2024-09-12,2024-09-13,1-2%,-1.334,87.29,88.47,tp_gap_filled,23.364,2039.44,1.352,27.57,1
PHM,2024-09-11,2024-09-12,2024-09-13,1-2%,-1.281,131.0,132.7,tp_gap_filled,15.5688,2039.52,1.298,26.47,1
PLTR,2024-09-11,2024-09-12,2024-09-13,2-3%,-2.158,34.01,34.76,tp_gap_filled,60.0036,2040.72,2.205,45.0,1
PNC,2024-09-11,2024-09-12,2024-09-13,1-2%,-1.012,176.97,178.78,tp_gap_filled,11.5376,2041.8,1.023,20.88,1
PSA,2024-09-11,2024-09-12,2024-09-13,1-2%,-1.239,354.69,359.14,tp_gap_filled,5.757,2041.95,1.255,25.62,1
ROK,2024-09-11,2024-09-12,2024-09-13,1-2%,-1.42,258.27,261.99,tp_gap_filled,7.9078,2042.35,1.44,29.42,1
INTC,2024-09-04,2024-09-05,2024-09-16,1-2%,-1.692,19.76,20.1,tp_gap_filled,101.7221,2010.03,1.721,34.59,7
COR,2024-09-05,2024-09-09,2024-09-16,2-3%,-2.272,237.87,243.4,tp_gap_filled,8.4282,2004.82,2.325,46.61,5
PEP,2024-09-06,2024-09-09,2024-09-16,1-2%,-1.037,177.44,179.3,tp_gap_filled,11.2918,2003.62,1.048,21.0,5
MRK,2024-09-09,2024-09-10,2024-09-16,3-5%,-3.98,113.15,117.84,tp_gap_filled,17.7125,2004.17,4.145,83.07,4
AEE,2024-09-11,2024-09-12,2024-09-16,1-2%,-1.013,84.05,84.91,tp_gap_filled,24.0805,2023.97,1.023,20.71,2
GM,2024-09-10,2024-09-12,2024-09-16,2-3%,-2.996,45.98,47.4,tp_gap_filled,44.244,2034.34,3.088,62.83,2
RF,2024-09-11,2024-09-12,2024-09-16,1-2%,-1.478,21.99,22.32,tp_gap_filled,92.8812,2042.46,1.501,30.65,2
CRWD,2024-09-04,2024-09-13,2024-09-16,2-3%,-2.311,65.11,66.65,tp_gap_filled,31.3921,2043.94,2.365,48.34,1
GEV,2024-09-12,2024-09-13,2024-09-16,3-5%,-4.375,200.0,209.15,tp_gap_filled,10.2118,2042.36,4.575,93.44,1
MPWR,2024-09-12,2024-09-13,2024-09-16,1-2%,-1.032,885.92,895.16,tp_gap_filled,2.3114,2047.72,1.043,21.36,1
TSLA,2024-09-12,2024-09-13,2024-09-16,1-2%,-1.521,224.66,228.13,tp_gap_filled,9.1274,2050.57,1.545,31.67,1
UHS,2024-09-12,2024-09-13,2024-09-16,1-2%,-1.523,226.27,229.77,tp_gap_filled,9.067,2051.6,1.547,31.73,1
ULTA,2024-09-10,2024-09-13,2024-09-16,1-2%,-1.059,377.53,381.57,tp_gap_filled,5.4373,2052.74,1.07,21.97,1
ODFL,2024-09-05,2024-09-06,2024-09-17,3-5%,-4.309,187.21,195.64,tp_gap_filled,10.6213,1988.41,4.503,89.54,7
ROL,2024-09-11,2024-09-12,2024-09-17,2-3%,-2.23,49.99,51.13,tp_gap_filled,40.8543,2042.3,2.28,46.57,3
COF,2024-09-10,2024-09-13,2024-09-17,1-2%,-1.641,140.26,142.6,tp_gap_filled,14.5812,2045.16,1.668,34.12,2
FSLR,2024-09-12,2024-09-13,2024-09-17,1-2%,-1.288,236.75,239.84,tp_gap_filled,8.6324,2043.73,1.305,26.67,2
FERG,2024-09-04,2024-09-16,2024-09-17,2-3%,-2.486,197.32,202.35,tp_gap_filled,10.3997,2052.07,2.549,52.31,1
GILD,2024-09-13,2024-09-16,2024-09-17,1-2%,-1.455,81.95,83.16,tp_gap_filled,25.0403,2052.05,1.477,30.3,1
META,2024-09-13,2024-09-16,2024-09-17,1-2%,-1.001,520.34,525.6,tp_gap_filled,3.9446,2052.52,1.011,20.75,1
NRG,2024-09-13,2024-09-16,2024-09-17,1-2%,-1.316,78.75,79.8,tp_gap_filled,26.0767,2053.54,1.333,27.38,1
AAPL,2024-09-16,2024-09-17,2024-09-18,2-3%,-2.679,216.54,222.5,tp_gap_filled,9.5069,2058.63,2.752,56.66,1
ADI,2024-09-16,2024-09-17,2024-09-18,1-2%,-1.344,222.39,225.42,tp_gap_filled,9.2571,2058.68,1.362,28.05,1
AMAT,2024-09-16,2024-09-17,2024-09-18,1-2%,-1.841,185.0,188.47,tp_gap_filled,11.1309,2059.23,1.876,38.62,1
ANET,2024-09-16,2024-09-17,2024-09-18,1-2%,-1.287,88.7825,89.94,tp_gap_filled,23.2031,2060.02,1.304,26.86,1
APP,2024-09-16,2024-09-17,2024-09-18,1-2%,-1.048,111.4,112.58,tp_gap_filled,18.4982,2060.7,1.059,21.83,1
COHR,2024-09-16,2024-09-17,2024-09-18,3-5%,-3.001,75.64,77.98,tp_gap_filled,27.2944,2064.55,3.094,63.87,1
DELL,2024-09-16,2024-09-17,2024-09-18,1-2%,-1.68,112.38,114.3,tp_gap_filled,18.3822,2065.79,1.708,35.29,1
FLEX,2024-09-16,2024-09-17,2024-09-18,1-2%,-1.577,29.33,29.8,tp_gap_filled,70.5022,2067.83,1.602,33.14,1
HOOD,2024-09-16,2024-09-17,2024-09-18,1-2%,-1.658,21.704,22.07,tp_gap_filled,95.3728,2069.97,1.686,34.91,1
JBL,2024-09-16,2024-09-17,2024-09-18,1-2%,-1.728,104.07,105.9,tp_gap_filled,19.9027,2071.27,1.758,36.42,1
KLAC,2024-09-16,2024-09-17,2024-09-18,2-3%,-2.196,73.5,75.15,tp_gap_filled,28.1955,2072.37,2.245,46.52,1
LITE,2024-09-16,2024-09-17,2024-09-18,1-2%,-1.201,55.11,55.78,tp_gap_filled,37.6089,2072.63,1.216,25.2,1
LRCX,2024-09-16,2024-09-17,2024-09-18,2-3%,-2.372,75.146,76.972,tp_gap_filled,27.614,2075.08,2.43,50.42,1
MCHP,2024-09-16,2024-09-17,2024-09-18,1-2%,-1.044,76.81,77.62,tp_gap_filled,27.0262,2075.88,1.055,21.89,1
ON,2024-09-16,2024-09-17,2024-09-18,1-2%,-1.283,70.8,71.72,tp_gap_filled,29.3012,2074.52,1.299,26.96,1
QCOM,2024-09-16,2024-09-17,2024-09-18,1-2%,-1.669,164.93,167.73,tp_gap_filled,12.5804,2074.89,1.698,35.23,1
SMCI,2024-09-16,2024-09-17,2024-09-18,2-3%,-2.187,44.716,45.716,tp_gap_filled,46.4227,2075.84,2.236,46.42,1
SYF,2024-09-10,2024-09-17,2024-09-18,1-2%,-1.412,47.49,48.17,tp_gap_filled,43.6958,2075.11,1.432,29.71,1
TER,2024-09-16,2024-09-17,2024-09-18,2-3%,-2.202,128.34,131.23,tp_gap_filled,16.1805,2076.6,2.252,46.76,1
VRT,2024-09-16,2024-09-17,2024-09-18,1-2%,-1.539,84.44,85.76,tp_gap_filled,24.5979,2077.04,1.563,32.47,1
WDC,2024-09-16,2024-09-17,2024-09-18,1-2%,-1.446,48.4354,49.1459,tp_gap_filled,42.9117,2078.45,1.467,30.49,1
GDDY,2024-09-05,2024-09-06,2024-09-19,1-2%,-1.888,154.32,157.29,tp_gap_filled,12.9175,1993.43,1.925,38.36,9
HPE,2024-09-05,2024-09-06,2024-09-19,5-10%,-8.631,17.15,18.77,tp_gap_filled,116.1843,1992.56,9.446,188.22,9
NXPI,2024-09-05,2024-09-06,2024-09-19,1-2%,-1.126,236.17,238.86,tp_gap_filled,8.4261,1990.0,1.139,22.67,9
COIN,2024-09-04,2024-09-13,2024-09-19,1-2%,-1.555,166.5,169.13,tp_gap_filled,12.281,2044.78,1.58,32.3,4
MRVL,2024-09-12,2024-09-13,2024-09-19,1-2%,-1.095,74.07,74.89,tp_gap_filled,27.6665,2049.26,1.107,22.69,4
AVGO,2024-09-16,2024-09-17,2024-09-19,1-2%,-1.491,165.19,167.69,tp_gap_filled,12.5021,2065.23,1.513,31.26,2
MOS,2024-09-16,2024-09-17,2024-09-19,3-5%,-3.448,25.48,26.39,tp_gap_filled,81.4752,2075.99,3.571,74.14,2
MPWR,2024-09-16,2024-09-17,2024-09-19,2-3%,-2.018,895.65,914.1,tp_gap_filled,2.3182,2076.26,2.06,42.77,2
NVDA,2024-09-16,2024-09-17,2024-09-19,1-2%,-1.94,116.79,119.1,tp_gap_filled,17.7665,2074.95,1.978,41.04,2
NOC,2024-09-17,2024-09-18,2024-09-19,1-2%,-1.203,515.0,521.27,tp_gap_filled,4.0143,2067.34,1.217,25.17,1
NUE,2024-09-17,2024-09-18,2024-09-19,2-3%,-2.455,139.45,142.96,tp_gap_filled,14.8288,2067.87,2.517,52.05,1
MU,2024-09-12,2024-09-13,2024-09-20,3-5%,-3.916,87.1,90.65,tp_gap_filled,23.5302,2049.48,4.076,83.53,5
LMT,2024-09-17,2024-09-18,2024-09-20,1-2%,-1.093,566.66,572.92,tp_gap_filled,3.6484,2067.43,1.105,22.84,2
DVA,2024-09-18,2024-09-19,2024-09-20,1-2%,-1.157,162.32,164.22,tp_gap_filled,12.838,2083.86,1.171,24.39,1
GIS,2024-09-18,2024-09-19,2024-09-20,3-5%,-3.02,72.25,74.5,tp_gap_filled,28.8453,2084.07,3.114,64.9,1
PLTR,2024-09-18,2024-09-19,2024-09-20,1-2%,-1.509,35.9,36.45,tp_gap_filled,58.1226,2086.6,1.532,31.97,1
IRM,2024-09-17,2024-09-18,2024-09-23,1-2%,-1.007,117.0,118.19,tp_gap_filled,17.672,2067.62,1.017,21.03,3
ED,2024-09-19,2024-09-20,2024-09-23,1-2%,-1.857,101.49,103.41,tp_gap_filled,20.5268,2083.27,1.892,39.41,1
AMCR,2024-09-06,2024-09-09,2024-09-24,1-2%,-1.426,55.3,56.1,tp_gap_filled,36.2509,2004.68,1.447,29.0,11
HPQ,2024-09-05,2024-09-17,2024-09-24,1-2%,-1.387,34.84,35.33,tp_gap_filled,59.4649,2071.76,1.406,29.14,5
AMAT,2024-09-20,2024-09-23,2024-09-24,1-2%,-1.2,194.35,196.71,tp_gap_filled,10.7397,2087.26,1.214,25.35,1
DECK,2024-09-20,2024-09-23,2024-09-24,2-3%,-2.715,147.98,152.11,tp_gap_filled,14.1046,2087.19,2.791,58.25,1
DELL,2024-09-20,2024-09-23,2024-09-24,1-2%,-1.078,116.5,117.77,tp_gap_filled,17.9309,2088.95,1.09,22.77,1
FANG,2024-09-20,2024-09-23,2024-09-24,1-2%,-1.299,179.27,181.63,tp_gap_filled,11.6559,2089.55,1.316,27.51,1
FCX,2024-09-20,2024-09-23,2024-09-24,1-2%,-1.019,44.68,45.14,tp_gap_filled,46.7982,2090.94,1.03,21.53,1
FIS,2024-09-20,2024-09-23,2024-09-24,1-2%,-1.09,83.49,84.41,tp_gap_filled,25.0494,2091.37,1.102,23.05,1
FRT,2024-09-20,2024-09-23,2024-09-24,1-2%,-1.068,113.0,114.22,tp_gap_filled,18.5117,2091.82,1.08,22.58,1
FSLR,2024-09-20,2024-09-23,2024-09-24,1-2%,-1.788,236.15,240.45,tp_gap_filled,8.8606,2092.43,1.821,38.1,1
INTC,2024-09-20,2024-09-23,2024-09-24,1-2%,-1.183,20.89,21.14,tp_gap_filled,100.2757,2094.76,1.197,25.07,1
KLAC,2024-09-20,2024-09-23,2024-09-24,1-2%,-1.266,76.265,77.243,tp_gap_filled,27.5058,2097.73,1.282,26.9,1
LRCX,2024-09-20,2024-09-23,2024-09-24,1-2%,-1.625,77.625,78.907,tp_gap_filled,27.0238,2097.73,1.652,34.64,1
LYB,2024-09-20,2024-09-23,2024-09-24,1-2%,-1.311,94.83,96.09,tp_gap_filled,22.1254,2098.15,1.329,27.88,1
MCHP,2024-09-20,2024-09-23,2024-09-24,1-2%,-1.992,77.26,78.83,tp_gap_filled,27.1499,2097.61,2.032,42.63,1
MPWR,2024-09-20,2024-09-23,2024-09-24,1-2%,-1.293,899.34,911.12,tp_gap_filled,2.3323,2097.5,1.31,27.47,1
NXPI,2024-09-20,2024-09-23,2024-09-24,2-3%,-2.224,233.41,238.72,tp_gap_filled,8.9851,2097.21,2.275,47.71,1
PH,2024-09-20,2024-09-23,2024-09-24,1-2%,-1.002,619.78,626.05,tp_gap_filled,3.3832,2096.82,1.012,21.21,1
PLTR,2024-09-20,2024-09-23,2024-09-24,2-3%,-2.226,36.01,36.83,tp_gap_filled,58.2291,2096.83,2.277,47.75,1
PODD,2024-09-20,2024-09-23,2024-09-24,1-2%,-1.006,235.29,237.68,tp_gap_filled,8.9213,2099.09,1.016,21.32,1
RSG,2024-09-20,2024-09-23,2024-09-24,1-2%,-1.473,197.95,200.91,tp_gap_filled,10.6086,2099.97,1.495,31.4,1
MPC,2024-09-23,2024-09-24,2024-09-25,1-2%,-1.15,162.5,164.39,tp_gap_filled,12.9037,2096.85,1.163,24.39,1
NKE,2024-09-23,2024-09-24,2024-09-25,1-2%,-1.294,85.4,86.52,tp_gap_filled,24.5531,2096.84,1.311,27.5,1
SMCI,2024-09-23,2024-09-24,2024-09-25,1-2%,-1.456,45.061,45.727,tp_gap_filled,46.5483,2097.51,1.478,31.0,1
ULTA,2024-09-23,2024-09-24,2024-09-25,1-2%,-1.214,397.13,402.01,tp_gap_filled,5.2847,2098.72,1.229,25.79,1
PPG,2024-09-20,2024-09-23,2024-09-26,1-2%,-1.455,127.35,129.23,tp_gap_filled,16.488,2099.74,1.476,31.0,3
ON,2024-09-20,2024-09-24,2024-09-26,3-5%,-3.149,71.04,73.35,tp_gap_filled,29.5305,2097.85,3.252,68.22,2
RVTY,2024-09-20,2024-09-24,2024-09-26,1-2%,-1.225,124.93,126.48,tp_gap_filled,16.7895,2097.51,1.241,26.02,2
VLO,2024-09-20,2024-09-24,2024-09-26,1-2%,-1.464,136.66,138.69,tp_gap_filled,15.3614,2099.29,1.485,31.18,2
WBD,2024-09-20,2024-09-24,2024-09-26,1-2%,-1.19,8.3,8.4,tp_gap_filled,252.7846,2098.11,1.205,25.28,2
AZO,2024-09-24,2024-09-25,2024-09-26,3-5%,-4.229,2919.8799,3048.8201,tp_gap_filled,0.7118,2078.35,4.416,91.78,1
CEG,2024-09-24,2024-09-25,2024-09-26,1-2%,-1.182,254.08,257.12,tp_gap_filled,8.1905,2081.04,1.196,24.9,1
SW,2024-09-20,2024-09-25,2024-09-26,1-2%,-1.142,48.46,49.02,tp_gap_filled,42.9515,2081.43,1.156,24.05,1
TER,2024-09-20,2024-09-25,2024-09-26,1-2%,-1.203,132.21,133.82,tp_gap_filled,15.7391,2080.86,1.218,25.34,1
VTR,2024-09-24,2024-09-25,2024-09-26,1-2%,-1.199,63.44,64.21,tp_gap_filled,32.7912,2080.28,1.214,25.25,1
WELL,2024-09-24,2024-09-25,2024-09-26,1-2%,-1.143,127.12,128.59,tp_gap_filled,16.3721,2081.23,1.156,24.07,1
INCY,2024-09-18,2024-09-19,2024-09-27,1-2%,-1.776,65.25,66.43,tp_gap_filled,31.9632,2085.6,1.808,37.72,6
AAPL,2024-09-25,2024-09-26,2024-09-27,1-2%,-1.073,224.93,227.37,tp_gap_filled,9.3118,2094.51,1.085,22.72,1
ACN,2024-09-25,2024-09-26,2024-09-27,1-2%,-1.319,335.14,339.62,tp_gap_filled,6.2511,2094.99,1.337,28.0,1
ADI,2024-09-25,2024-09-26,2024-09-27,1-2%,-1.421,224.1,227.33,tp_gap_filled,9.36,2097.58,1.441,30.23,1
CDNS,2024-09-25,2024-09-26,2024-09-27,1-2%,-1.811,268.37,273.32,tp_gap_filled,7.8218,2099.14,1.844,38.72,1
EXPE,2024-09-25,2024-09-26,2024-09-27,1-2%,-1.548,145.63,147.92,tp_gap_filled,14.4205,2100.06,1.572,33.02,1
F,2024-09-25,2024-09-26,2024-09-27,2-3%,-2.576,10.59,10.87,tp_gap_filled,198.3833,2100.88,2.644,55.55,1
LVS,2024-09-25,2024-09-26,2024-09-27,1-2%,-1.104,43.89,44.38,tp_gap_filled,47.8795,2101.43,1.116,23.46,1
MCHP,2024-09-25,2024-09-26,2024-09-27,1-2%,-1.071,76.67,77.5,tp_gap_filled,27.4651,2105.75,1.083,22.8,1
MOS,2024-09-20,2024-09-26,2024-09-27,1-2%,-1.01,26.46,26.73,tp_gap_filled,79.6579,2107.75,1.02,21.51,1
ROK,2024-09-20,2024-09-26,2024-09-27,1-2%,-1.074,265.35,268.23,tp_gap_filled,7.9437,2107.86,1.085,22.88,1
TXT,2024-09-25,2024-09-26,2024-09-27,1-2%,-1.938,85.0,86.68,tp_gap_filled,24.8149,2109.26,1.976,41.69,1
CHD,2024-09-17,2024-09-18,2024-09-30,1-2%,-1.064,104.1,105.22,tp_gap_filled,19.8676,2068.21,1.076,22.25,8
CVNA,2024-09-23,2024-09-24,2024-09-30,1-2%,-1.927,34.1,34.77,tp_gap_filled,61.4455,2095.29,1.965,41.17,4
APA,2024-09-26,2024-09-27,2024-09-30,2-3%,-2.157,24.04,24.57,tp_gap_filled,87.6231,2106.46,2.205,46.44,1
BKR,2024-09-26,2024-09-27,2024-09-30,2-3%,-2.302,35.22,36.05,tp_gap_filled,59.833,2107.32,2.357,49.66,1
CI,2024-09-26,2024-09-27,2024-09-30,1-2%,-1.158,344.82,348.86,tp_gap_filled,6.1147,2108.47,1.172,24.7,1
CL,2024-09-26,2024-09-27,2024-09-30,1-2%,-1.07,102.64,103.75,tp_gap_filled,20.5458,2108.82,1.081,22.81,1
CVX,2024-09-26,2024-09-27,2024-09-30,2-3%,-2.132,140.9,143.97,tp_gap_filled,14.9748,2109.94,2.179,45.97,1
GEHC,2024-09-26,2024-09-27,2024-09-30,2-3%,-2.14,91.02,93.01,tp_gap_filled,23.1987,2111.55,2.186,46.17,1
HAL,2024-09-26,2024-09-27,2024-09-30,2-3%,-2.009,28.29,28.87,tp_gap_filled,74.6591,2112.11,2.05,43.3,1
OXY,2024-09-26,2024-09-27,2024-09-30,1-2%,-1.78,50.21,51.12,tp_gap_filled,42.0761,2112.64,1.812,38.29,1
PFE,2024-09-26,2024-09-27,2024-09-30,1-2%,-1.555,28.48,28.93,tp_gap_filled,74.2041,2113.33,1.58,33.39,1
PM,2024-09-26,2024-09-27,2024-09-30,1-2%,-1.224,120.2,121.69,tp_gap_filled,17.5893,2114.24,1.24,26.21,1
DXCM,2024-09-04,2024-09-09,2024-10-01,1-2%,-1.258,71.45,65.734,stop,28.0559,2004.6,-8.0,-160.37,16
HUM,2024-09-11,2024-09-12,2024-10-01,3-5%,-4.619,330.42,280.857,stop,6.1579,2034.69,-15.0,-305.2,13
PHM,2024-09-20,2024-09-23,2024-10-01,1-2%,-1.173,143.28,144.98,tp_gap_filled,14.6339,2096.75,1.186,24.88,6
COP,2024-09-26,2024-09-27,2024-10-01,2-3%,-2.582,103.0,105.73,tp_gap_filled,20.478,2109.24,2.65,55.91,2
EOG,2024-09-26,2024-09-27,2024-10-01,2-3%,-2.232,121.78,124.56,tp_gap_filled,17.3371,2111.32,2.283,48.2,2
DVN,2024-09-26,2024-09-30,2024-10-01,1-2%,-1.508,39.2,39.8,tp_gap_filled,54.0856,2120.16,1.531,32.45,1
WDAY,2024-09-05,2024-09-06,2024-10-02,1-2%,-1.102,255.75,235.29,stop,7.7613,1984.94,-8.0,-158.8,18
BLDR,2024-09-30,2024-10-01,2024-10-02,1-2%,-1.014,192.28,194.25,tp_gap_filled,10.9047,2096.75,1.025,21.48,1
CHTR,2024-09-30,2024-10-01,2024-10-02,1-2%,-1.686,320.72,326.22,tp_gap_filled,6.5395,2097.36,1.715,35.97,1
COHR,2024-09-30,2024-10-01,2024-10-02,1-2%,-1.414,88.56,89.83,tp_gap_filled,23.695,2098.43,1.434,30.09,1
CVNA,2024-09-30,2024-10-01,2024-10-02,1-2%,-1.107,33.58,33.956,tp_gap_filled,62.4977,2098.67,1.12,23.5,1
FANG,2024-09-26,2024-10-01,2024-10-02,2-3%,-2.487,176.04,180.53,tp_gap_filled,11.9389,2101.73,2.551,53.61,1
FSLR,2024-09-30,2024-10-01,2024-10-02,1-2%,-1.576,251.72,231.5824,stop,8.3509,2102.08,-8.0,-168.17,1
APA,2024-10-01,2024-10-02,2024-10-03,1-2%,-1.022,24.21,24.46,tp_gap_filled,86.3526,2090.6,1.033,21.59,1
EOG,2024-10-01,2024-10-02,2024-10-03,1-2%,-1.725,120.81,122.93,tp_gap_filled,17.3331,2094.02,1.755,36.75,1
EQT,2024-10-01,2024-10-02,2024-10-03,1-2%,-1.064,36.25,36.64,tp_gap_filled,57.8379,2096.62,1.076,22.56,1
INVH,2024-09-06,2024-09-13,2024-10-04,1-2%,-1.019,36.9,33.948,stop,55.4901,2047.58,-8.0,-163.81,15
ADI,2024-09-30,2024-10-01,2024-10-04,1-2%,-1.357,228.9,232.05,tp_gap_filled,9.1773,2100.69,1.376,28.91,3
AMAT,2024-09-30,2024-10-01,2024-10-04,1-2%,-1.913,201.0,204.92,tp_gap_filled,10.4464,2099.73,1.95,40.95,3
BXP,2024-09-30,2024-10-01,2024-10-04,1-2%,-1.461,79.59,80.77,tp_gap_filled,26.3514,2097.31,1.483,31.09,3
JPM,2024-09-30,2024-10-01,2024-10-04,1-2%,-1.99,206.31,210.5,tp_gap_filled,10.18,2100.24,2.031,42.65,3
CTVA,2024-10-01,2024-10-02,2024-10-04,1-2%,-1.191,58.09,58.79,tp_gap_filled,36.035,2093.27,1.205,25.22,2
CNP,2024-10-02,2024-10-03,2024-10-04,1-2%,-1.071,29.57,29.89,tp_gap_filled,70.0869,2072.47,1.082,22.43,1
PLD,2024-09-11,2024-09-12,2024-10-07,1-2%,-1.276,130.71,120.2532,stop,15.6136,2040.85,-8.0,-163.27,17
ODFL,2024-09-20,2024-09-25,2024-10-07,1-2%,-1.105,202.26,186.0792,stop,10.293,2081.86,-8.0,-166.55,8
ABNB,2024-10-03,2024-10-04,2024-10-07,1-2%,-1.252,124.6,126.18,tp_gap_filled,16.7232,2083.71,1.268,26.42,1
ALB,2024-10-03,2024-10-04,2024-10-07,2-3%,-2.147,92.05,94.07,tp_gap_filled,22.6557,2085.46,2.194,45.76,1
BKNG,2024-10-03,2024-10-04,2024-10-07,1-2%,-1.091,163.2,165.0004,tp_gap_filled,12.8067,2090.06,1.103,23.06,1
CCL,2024-10-02,2024-10-04,2024-10-07,1-2%,-1.72,17.71,18.02,tp_gap_filled,118.078,2091.16,1.75,36.6,1
PANW,2024-09-04,2024-09-05,2024-10-08,3-5%,-3.315,171.65,177.535,tp_gap_filled,11.7256,2012.71,3.428,69.01,23
CPRT,2024-09-05,2024-09-06,2024-10-08,5-10%,-5.749,50.0,53.05,tp_gap_filled,39.8688,1993.44,6.1,121.6,22
ECHO,2024-10-01,2024-10-02,2024-10-08,2-3%,-2.659,24.16,24.82,tp_gap_filled,86.6585,2093.67,2.732,57.19,4
AES,2024-10-02,2024-10-03,2024-10-08,1-2%,-1.136,20.01,18.4092,stop,103.6629,2074.29,-8.0,-165.94,3
CSGP,2024-10-02,2024-10-03,2024-10-08,1-2%,-1.045,73.87,74.65,tp_gap_filled,28.0695,2073.49,1.056,21.89,3
DAL,2024-10-02,2024-10-04,2024-10-08,1-2%,-1.161,49.38,49.96,tp_gap_filled,42.3653,2092.0,1.175,24.57,2
AMT,2024-09-11,2024-09-16,2024-10-09,1-2%,-1.079,240.21,220.9932,stop,8.5428,2052.06,-8.0,-164.16,17
CHTR,2024-10-03,2024-10-04,2024-10-09,1-2%,-1.133,325.51,329.24,tp_gap_filled,6.4265,2091.89,1.146,23.97,3
ADI,2024-10-07,2024-10-08,2024-10-09,1-2%,-1.13,225.65,228.23,tp_gap_filled,9.1975,2075.42,1.143,23.73,1
ADSK,2024-10-07,2024-10-08,2024-10-09,1-2%,-1.047,268.32,271.16,tp_gap_filled,7.7375,2076.11,1.058,21.97,1
ALB,2024-10-07,2024-10-08,2024-10-09,2-3%,-2.165,99.88,102.09,tp_gap_filled,20.7966,2077.16,2.213,45.96,1
AMAT,2024-10-07,2024-10-08,2024-10-09,1-2%,-1.282,199.38,201.97,tp_gap_filled,10.4189,2077.32,1.299,26.98,1
BA,2024-09-12,2024-09-13,2024-10-10,1-2%,-1.184,159.42,146.6664,stop,12.833,2045.84,-8.0,-163.67,19
HPQ,2024-09-27,2024-09-30,2024-10-10,2-3%,-2.958,35.76,36.85,tp_gap_filled,59.2861,2120.07,3.048,64.62,8
CB,2024-10-04,2024-10-07,2024-10-10,1-2%,-1.4,284.5,288.54,tp_gap_filled,7.2791,2070.91,1.42,29.41,3
AMZN,2024-10-07,2024-10-08,2024-10-10,1-2%,-1.909,182.95,186.51,tp_gap_filled,11.3572,2077.8,1.946,40.43,2
APA,2024-10-08,2024-10-09,2024-10-10,2-3%,-2.633,26.26,26.97,tp_gap_filled,79.4922,2087.47,2.704,56.44,1
APD,2024-10-08,2024-10-09,2024-10-10,1-2%,-1.097,309.26,312.69,tp_gap_filled,6.7502,2087.58,1.109,23.15,1
CF,2024-10-08,2024-10-09,2024-10-10,1-2%,-1.474,86.87,88.17,tp_gap_filled,24.0505,2089.27,1.496,31.27,1
PEP,2024-09-20,2024-09-23,2024-10-11,1-2%,-1.197,172.57,174.66,tp_gap_filled,12.1512,2096.94,1.211,25.4,14
FFIV,2024-09-25,2024-09-26,2024-10-11,1-2%,-1.462,220.33,223.6,tp_gap_filled,9.5368,2101.24,1.484,31.19,11
F,2024-09-30,2024-10-01,2024-10-11,2-3%,-2.783,10.48,10.78,tp_gap_filled,200.4436,2100.65,2.863,60.13,8
ALGN,2024-10-02,2024-10-04,2024-10-11,1-2%,-1.74,241.08,221.7936,stop,8.6694,2090.01,-8.0,-167.2,5
AME,2024-10-07,2024-10-08,2024-10-11,2-3%,-2.275,166.24,170.11,tp_gap_filled,12.4978,2077.63,2.328,48.37,3
ARES,2024-10-08,2024-10-09,2024-10-11,3-5%,-3.463,155.0,160.56,tp_gap_filled,13.4723,2088.21,3.587,74.91,2
CAT,2024-10-08,2024-10-09,2024-10-11,1-2%,-1.002,394.26,398.25,tp_gap_filled,5.2987,2089.06,1.012,21.14,2
BSX,2024-10-09,2024-10-10,2024-10-11,1-2%,-1.41,84.63,85.84,tp_gap_filled,24.6413,2085.4,1.43,29.82,1
DELL,2024-09-27,2024-10-10,2024-10-11,1-2%,-1.969,124.0,126.49,tp_gap_filled,16.8154,2085.1,2.008,41.87,1
NSC,2024-09-12,2024-09-13,2024-10-14,1-2%,-1.092,251.0,253.77,tp_gap_filled,8.173,2051.42,1.104,22.64,21
PCG,2024-09-24,2024-09-25,2024-10-14,1-2%,-1.048,19.82,20.03,tp_gap_filled,105.0092,2081.28,1.06,22.05,13
A,2024-10-10,2024-10-11,2024-10-14,1-2%,-1.098,143.21,144.8,tp_gap_filled,14.6231,2094.17,1.11,23.25,1
ADI,2024-10-10,2024-10-11,2024-10-14,1-2%,-1.518,229.7,233.24,tp_gap_filled,9.1178,2094.35,1.541,32.28,1
ALLE,2024-10-10,2024-10-11,2024-10-14,1-2%,-1.187,144.83,146.57,tp_gap_filled,14.4647,2094.93,1.201,25.17,1
AMAT,2024-10-10,2024-10-11,2024-10-14,1-2%,-1.97,201.02,205.06,tp_gap_filled,10.425,2095.64,2.01,42.12,1
APP,2024-10-10,2024-10-11,2024-10-14,1-2%,-1.262,141.59,143.4,tp_gap_filled,14.8067,2096.49,1.278,26.8,1
AWK,2024-10-10,2024-10-11,2024-10-14,1-2%,-1.895,133.6,136.18,tp_gap_filled,15.7043,2098.09,1.931,40.52,1
CARR,2024-10-10,2024-10-11,2024-10-14,1-2%,-1.231,81.07,82.08,tp_gap_filled,25.8933,2099.17,1.246,26.15,1
CCI,2024-10-10,2024-10-11,2024-10-14,1-2%,-1.265,110.06,111.47,tp_gap_filled,19.0755,2099.45,1.281,26.9,1
COR,2024-09-18,2024-09-20,2024-10-15,1-2%,-1.723,230.49,234.53,tp_gap_filled,9.0403,2083.7,1.753,36.52,17
ROP,2024-09-20,2024-09-23,2024-10-15,1-2%,-1.114,554.61,560.86,tp_gap_filled,3.786,2099.73,1.127,23.66,16
GM,2024-09-23,2024-09-24,2024-10-15,2-3%,-2.619,47.6,48.88,tp_gap_filled,44.0427,2096.43,2.689,56.37,15
TSN,2024-09-25,2024-09-26,2024-10-15,3-5%,-3.09,58.65,60.52,tp_gap_filled,35.9554,2108.78,3.188,67.24,13
GPN,2024-09-25,2024-09-27,2024-10-15,2-3%,-2.938,100.76,103.81,tp_gap_filled,20.9607,2112.0,3.027,63.93,12
CRH,2024-09-27,2024-09-30,2024-10-15,1-2%,-1.437,91.9,93.24,tp_gap_filled,23.066,2119.77,1.458,30.91,11
ARE,2024-09-30,2024-10-01,2024-10-15,1-2%,-1.785,118.86,121.02,tp_gap_filled,17.6536,2098.3,1.817,38.13,10
FCX,2024-09-27,2024-10-02,2024-10-15,1-2%,-1.291,51.24,47.1408,stop,40.9295,2097.23,-8.0,-167.78,9
AEE,2024-10-04,2024-10-07,2024-10-15,1-2%,-1.261,86.91,88.02,tp_gap_filled,23.8266,2070.77,1.277,26.45,6
D,2024-10-04,2024-10-07,2024-10-15,1-2%,-1.102,57.44,58.08,tp_gap_filled,36.0348,2069.84,1.114,23.06,6
DTE,2024-10-04,2024-10-07,2024-10-15,1-2%,-1.098,126.15,127.55,tp_gap_filled,16.4058,2069.59,1.11,22.97,6
AAPL,2024-10-01,2024-10-09,2024-10-15,1-2%,-1.494,229.52,233.0,tp_gap_filled,9.0949,2087.46,1.516,31.65,4
CRL,2024-10-01,2024-10-10,2024-10-15,1-2%,-1.061,194.88,196.97,tp_gap_filled,10.7032,2085.84,1.072,22.37,3
COIN,2024-09-30,2024-10-14,2024-10-15,3-5%,-3.681,184.19,191.23,tp_gap_filled,11.4621,2111.21,3.822,80.69,1
CVNA,2024-10-11,2024-10-14,2024-10-15,1-2%,-1.195,37.856,38.314,tp_gap_filled,55.843,2113.99,1.21,25.58,1
HUM,2024-10-11,2024-10-14,2024-10-15,1-2%,-1.786,246.95,251.44,tp_gap_filled,8.5602,2113.95,1.818,38.44,1
PEG,2024-10-11,2024-10-14,2024-10-15,1-2%,-1.883,87.03,88.7,tp_gap_filled,24.3296,2117.4,1.919,40.63,1
STZ,2024-10-07,2024-10-14,2024-10-15,1-2%,-1.119,243.91,246.67,tp_gap_filled,8.6853,2118.44,1.132,23.97,1
ES,2024-10-04,2024-10-07,2024-10-16,1-2%,-1.244,65.07,65.89,tp_gap_filled,31.8012,2069.31,1.26,26.08,7
AMT,2024-10-09,2024-10-15,2024-10-16,1-2%,-1.017,222.0,224.28,tp_gap_filled,9.5029,2109.65,1.027,21.67,1
AZO,2024-10-14,2024-10-15,2024-10-16,1-2%,-1.745,3075.1499,3129.78,tp_gap_filled,0.6867,2111.82,1.777,37.52,1
BA,2024-10-14,2024-10-15,2024-10-16,1-2%,-2.0,148.0,151.02,tp_gap_filled,14.2713,2112.16,2.041,43.1,1
EXPD,2024-10-14,2024-10-15,2024-10-16,1-2%,-1.723,120.9,123.02,tp_gap_filled,17.4806,2113.4,1.754,37.06,1
KEY,2024-10-14,2024-10-15,2024-10-16,1-2%,-1.103,17.03,17.22,tp_gap_filled,124.1079,2113.56,1.116,23.58,1
STLD,2024-10-14,2024-10-15,2024-10-16,1-2%,-1.178,128.33,129.86,tp_gap_filled,16.4694,2113.51,1.192,25.2,1
CEG,2024-10-09,2024-10-16,2024-10-17,1-2%,-1.195,276.05,279.39,tp_gap_filled,7.692,2123.38,1.21,25.69,1
ELV,2024-10-15,2024-10-16,2024-10-17,3-5%,-4.513,486.05,413.1425,stop,4.3671,2122.64,-15.0,-318.4,1
EQT,2024-10-15,2024-10-16,2024-10-17,1-2%,-1.366,36.1,36.6,tp_gap_filled,58.8252,2123.59,1.385,29.41,1
EXE,2024-10-15,2024-10-16,2024-10-17,1-2%,-1.639,85.2,86.62,tp_gap_filled,24.9328,2124.27,1.667,35.4,1
BEN,2024-09-30,2024-10-11,2024-10-18,1-2%,-1.924,20.39,20.79,tp_gap_filled,102.9791,2099.74,1.962,41.19,5
MGM,2024-10-08,2024-10-15,2024-10-18,1-2%,-1.825,40.35,41.1,tp_gap_filled,52.4045,2114.52,1.859,39.3,3
T,2024-10-10,2024-10-15,2024-10-18,1-2%,-1.505,21.6,21.93,tp_gap_filled,97.8499,2113.56,1.528,32.29,3
VZ,2024-10-10,2024-10-15,2024-10-18,1-2%,-1.519,43.44,44.11,tp_gap_filled,48.6597,2113.78,1.542,32.6,3
XEL,2024-10-04,2024-10-15,2024-10-18,1-2%,-1.118,63.68,64.4,tp_gap_filled,33.1983,2114.07,1.131,23.9,3
DRI,2024-10-07,2024-10-16,2024-10-18,1-2%,-1.068,163.08,164.84,tp_gap_filled,13.0208,2123.43,1.079,22.92,2
FCX,2024-10-15,2024-10-16,2024-10-18,1-2%,-1.781,47.99,48.86,tp_gap_filled,44.278,2124.9,1.813,38.52,2
APP,2024-10-14,2024-10-15,2024-10-21,3-5%,-3.898,141.27,147.0,tp_gap_filled,14.9434,2111.06,4.056,85.63,4
CVX,2024-10-15,2024-10-16,2024-10-21,1-2%,-1.963,148.8,151.78,tp_gap_filled,14.2763,2124.32,2.003,42.54,3
CAH,2024-10-17,2024-10-18,2024-10-21,1-2%,-1.128,111.28,112.55,tp_gap_filled,18.9887,2113.06,1.141,24.12,1
CI,2024-10-17,2024-10-18,2024-10-21,1-2%,-2.0,351.41,323.2972,stop,6.0147,2113.63,-8.0,-169.09,1
CEG,2024-10-18,2024-10-21,2024-10-22,1-2%,-1.261,267.78,271.2,tp_gap_filled,7.7994,2088.52,1.277,26.67,1
COP,2024-10-08,2024-10-10,2024-10-23,1-2%,-1.726,112.74,103.7208,stop,18.5043,2086.17,-8.0,-166.89,9
LII,2024-10-10,2024-10-14,2024-10-23,1-2%,-1.135,607.82,614.8,tp_gap_filled,3.4837,2117.49,1.148,24.32,7
DECK,2024-10-07,2024-10-16,2024-10-23,1-2%,-1.385,164.5,151.34,stop,12.9137,2124.3,-8.0,-169.94,5
IQV,2024-09-20,2024-09-23,2024-10-24,1-2%,-1.071,242.0,222.64,stop,8.6692,2097.95,-8.0,-167.84,23
TSLA,2024-10-11,2024-10-14,2024-10-24,5-10%,-7.807,220.13,238.77,tp_gap_filled,9.625,2118.75,8.468,179.41,8
APO,2024-10-22,2024-10-23,2024-10-24,1-2%,-1.009,143.3,144.76,tp_gap_filled,14.4027,2063.91,1.019,21.03,1
RMD,2024-09-18,2024-09-19,2024-10-25,5-10%,-6.876,233.63,250.88,tp_gap_filled,8.9359,2087.68,7.383,154.14,26
BKR,2024-10-15,2024-10-16,2024-10-25,2-3%,-2.896,36.55,37.64,tp_gap_filled,58.0884,2123.13,2.982,63.32,7
EOG,2024-10-08,2024-10-10,2024-10-28,1-2%,-1.296,132.5,121.9,stop,15.7331,2084.63,-8.0,-166.77,12
DAL,2024-10-17,2024-10-18,2024-10-28,1-2%,-1.438,55.5,56.31,tp_gap_filled,38.055,2112.06,1.459,30.82,6
AMGN,2024-10-23,2024-10-24,2024-10-28,1-2%,-1.142,316.01,319.66,tp_gap_filled,6.5504,2069.98,1.155,23.91,2
DHI,2024-09-20,2024-09-23,2024-10-29,2-3%,-2.329,192.47,171.2983,stop,10.8554,2089.33,-11.0,-229.83,26
DOW,2024-10-08,2024-10-10,2024-10-29,1-2%,-1.593,53.75,49.45,stop,38.7977,2085.37,-8.0,-166.83,13
IBKR,2024-10-16,2024-10-17,2024-10-29,3-5%,-3.105,37.0575,38.245,tp_gap_filled,56.8935,2108.33,3.204,67.56,8
COIN,2024-10-21,2024-10-22,2024-10-29,2-3%,-2.184,215.4,220.21,tp_gap_filled,9.6361,2075.61,2.233,46.35,5
ALGN,2024-10-11,2024-10-24,2024-10-29,1-2%,-1.25,226.78,208.6376,stop,9.1361,2071.87,-8.0,-165.75,3
AJG,2024-10-25,2024-10-28,2024-10-29,1-2%,-1.582,283.0,287.55,tp_gap_filled,7.335,2075.82,1.608,33.37,1
GRMN,2024-09-13,2024-09-16,2024-10-30,5-10%,-5.22,173.22,182.76,tp_gap_filled,11.85,2052.66,5.507,113.05,32
SWKS,2024-09-16,2024-09-19,2024-10-30,2-3%,-2.342,100.07,89.0623,stop,20.8789,2089.35,-11.0,-229.83,29
VTRS,2024-09-20,2024-10-15,2024-10-30,1-2%,-1.429,11.73,11.9,tp_gap_filled,180.1689,2113.38,1.449,30.63,11
AMP,2024-10-24,2024-10-25,2024-10-30,3-5%,-3.829,500.54,520.47,tp_gap_filled,4.1215,2062.95,3.982,82.14,3
APO,2024-10-25,2024-10-28,2024-10-30,1-2%,-1.087,144.7,146.29,tp_gap_filled,14.3487,2076.26,1.099,22.81,2
AMD,2024-10-15,2024-10-29,2024-10-30,1-2%,-1.246,163.21,150.1532,stop,12.6631,2066.74,-8.0,-165.34,1
BKR,2024-10-28,2024-10-29,2024-10-30,2-3%,-2.372,36.63,37.52,tp_gap_filled,56.4431,2067.51,2.43,50.23,1
CIEN,2024-10-28,2024-10-29,2024-10-30,1-2%,-1.107,63.41,64.12,tp_gap_filled,32.6136,2068.03,1.12,23.16,1
APTV,2024-09-30,2024-10-01,2024-10-31,3-5%,-3.543,71.61,60.8685,stop,29.3107,2098.94,-15.0,-314.84,22
BMY,2024-10-04,2024-10-07,2024-10-31,1-2%,-1.476,53.4,54.2,tp_gap_filled,38.7804,2070.88,1.498,31.02,18
EG,2024-10-07,2024-10-10,2024-10-31,1-2%,-1.73,400.0,368.0,stop,5.2132,2085.27,-8.0,-166.82,15
AVGO,2024-10-10,2024-10-14,2024-10-31,1-2%,-1.285,183.56,168.8752,stop,11.503,2111.49,-8.0,-168.92,13
COP,2024-10-28,2024-10-29,2024-10-31,2-3%,-2.64,101.8,104.56,tp_gap_filled,20.3269,2069.27,2.711,56.1,2
BA,2024-10-29,2024-10-30,2024-10-31,1-2%,-1.878,147.86,150.69,tp_gap_filled,13.9528,2063.06,1.914,39.49,1
CCL,2024-10-29,2024-10-30,2024-10-31,2-3%,-2.053,21.47,21.92,tp_gap_filled,96.1495,2064.33,2.096,43.27,1
DAL,2024-10-29,2024-10-30,2024-10-31,1-2%,-1.228,54.7,55.38,tp_gap_filled,37.7634,2065.66,1.243,25.68,1
CPT,2024-09-30,2024-10-01,2024-11-01,1-2%,-1.196,122.23,112.4516,stop,17.1688,2098.55,-8.0,-167.88,23
ERIE,2024-10-18,2024-10-21,2024-11-01,1-2%,-1.474,475.93,437.8556,stop,4.3913,2089.96,-8.0,-167.2,9
CVX,2024-10-28,2024-10-29,2024-11-01,1-2%,-1.697,148.25,150.81,tp_gap_filled,13.9594,2069.49,1.727,35.74,3
AMGN,2024-10-30,2024-10-31,2024-11-01,1-2%,-1.282,311.95,316.0,tp_gap_filled,6.5662,2048.32,1.298,26.59,1
CRH,2024-10-30,2024-10-31,2024-11-01,1-2%,-1.3,93.4,94.63,tp_gap_filled,21.9244,2047.74,1.317,26.97,1
EME,2024-10-22,2024-10-31,2024-11-01,1-2%,-1.121,450.0,455.1,tp_gap_filled,4.5525,2048.63,1.133,23.22,1
GPN,2024-10-30,2024-10-31,2024-11-01,1-2%,-1.06,98.0,99.05,tp_gap_filled,20.9007,2048.27,1.071,21.95,1
JBL,2024-10-30,2024-10-31,2024-11-01,1-2%,-1.001,123.59,124.84,tp_gap_filled,16.5924,2050.65,1.011,20.74,1
CVS,2024-10-15,2024-10-16,2024-11-04,3-5%,-4.432,64.47,54.7995,stop,32.9448,2123.95,-15.0,-318.59,13
EOG,2024-10-28,2024-10-29,2024-11-04,2-3%,-2.777,119.75,123.17,tp_gap_filled,17.2823,2069.56,2.856,59.11,4
ALGN,2024-10-29,2024-10-30,2024-11-04,3-5%,-4.05,207.06,215.8,tp_gap_filled,9.9615,2062.63,4.221,87.06,3
CDNS,2024-10-30,2024-10-31,2024-11-04,1-2%,-1.389,280.5,284.45,tp_gap_filled,7.3066,2049.51,1.408,28.86,2
AMZN,2024-10-31,2024-11-01,2024-11-04,1-2%,-1.152,190.51,192.73,tp_gap_filled,10.7839,2054.44,1.165,23.94,1
CRM,2024-10-31,2024-11-01,2024-11-04,1-2%,-1.282,292.6,296.4,tp_gap_filled,7.025,2055.53,1.299,26.7,1
DELL,2024-10-31,2024-11-01,2024-11-04,1-2%,-1.855,127.0,129.4,tp_gap_filled,16.1876,2055.82,1.89,38.85,1
ADM,2024-10-01,2024-10-02,2024-11-05,1-2%,-1.239,59.0,54.28,stop,35.4364,2090.75,-8.0,-167.26,24
CF,2024-10-15,2024-10-17,2024-11-05,1-2%,-1.356,85.82,87.0,tp_gap_filled,24.5694,2108.55,1.375,28.99,13
BLDR,2024-10-29,2024-10-30,2024-11-05,5-10%,-5.244,175.11,184.8,tp_gap_filled,11.7918,2064.86,5.534,114.26,4
CBOE,2024-11-01,2024-11-04,2024-11-05,3-5%,-3.001,207.16,213.57,tp_gap_filled,9.9597,2063.26,3.094,63.84,1
CPT,2024-11-01,2024-11-04,2024-11-05,5-10%,-5.182,109.79,115.79,tp_gap_filled,18.7972,2063.74,5.465,112.78,1
IR,2024-11-01,2024-11-04,2024-11-05,2-3%,-2.083,94.0,96.0,tp_gap_filled,21.9714,2065.31,2.128,43.94,1
LITE,2024-11-01,2024-11-04,2024-11-05,1-2%,-1.143,63.14,63.87,tp_gap_filled,32.7142,2065.58,1.156,23.88,1
INTU,2024-09-20,2024-09-23,2024-11-06,1-2%,-1.51,644.36,654.24,tp_gap_filled,3.2561,2098.11,1.533,32.17,32
FERG,2024-09-20,2024-09-24,2024-11-06,2-3%,-2.416,203.15,208.18,tp_gap_filled,10.3217,2096.85,2.476,51.92,31
CAT,2024-10-14,2024-10-16,2024-11-06,2-3%,-2.147,393.39,402.02,tp_gap_filled,5.3976,2123.35,2.194,46.58,15
CFG,2024-10-16,2024-10-17,2024-11-06,2-3%,-2.645,42.33,43.48,tp_gap_filled,49.8117,2108.53,2.717,57.28,14
CSX,2024-10-17,2024-10-18,2024-11-06,3-5%,-4.426,33.9,35.47,tp_gap_filled,62.2944,2111.78,4.631,97.8,13
ANET,2024-10-22,2024-10-23,2024-11-06,1-2%,-1.97,99.5025,101.5025,tp_gap_filled,20.7464,2064.32,2.01,41.49,10
BSX,2024-10-23,2024-10-24,2024-11-06,3-5%,-3.102,85.28,88.01,tp_gap_filled,24.2723,2069.94,3.201,66.26,9
BAC,2024-10-30,2024-10-31,2024-11-06,1-2%,-1.928,41.71,42.53,tp_gap_filled,49.1346,2049.4,1.966,40.29,4
ETN,2024-10-31,2024-11-01,2024-11-06,5-10%,-5.195,325.0,342.81,tp_gap_filled,6.3299,2057.21,5.48,112.74,3
DDOG,2024-10-31,2024-11-04,2024-11-06,1-2%,-1.49,126.25,128.16,tp_gap_filled,16.3647,2066.05,1.513,31.26,2
EBAY,2024-10-31,2024-11-04,2024-11-06,5-10%,-5.972,58.89,62.63,tp_gap_filled,35.0793,2065.82,6.351,131.2,2
FSLR,2024-10-10,2024-11-04,2024-11-06,2-3%,-2.676,220.0,195.8,stop,9.3944,2066.76,-11.0,-227.34,2
APP,2024-11-04,2024-11-05,2024-11-06,1-2%,-1.07,161.78,163.53,tp_gap_filled,12.9195,2090.12,1.082,22.61,1
ARES,2024-11-04,2024-11-05,2024-11-06,1-2%,-1.001,160.25,161.87,tp_gap_filled,13.0484,2091.0,1.011,21.14,1
BEN,2024-11-04,2024-11-05,2024-11-06,1-2%,-1.344,20.56,20.84,tp_gap_filled,101.7556,2092.09,1.362,28.49,1
C,2024-11-04,2024-11-05,2024-11-06,1-2%,-1.13,62.99,63.71,tp_gap_filled,33.2257,2092.89,1.143,23.92,1
CASY,2024-11-04,2024-11-05,2024-11-06,1-2%,-1.289,388.12,393.19,tp_gap_filled,5.3935,2093.34,1.306,27.35,1
CVNA,2024-11-04,2024-11-05,2024-11-06,1-2%,-1.131,45.298,45.816,tp_gap_filled,46.2385,2094.51,1.144,23.95,1
ALB,2024-10-11,2024-10-14,2024-11-07,2-3%,-2.244,100.65,102.96,tp_gap_filled,20.971,2110.74,2.295,48.44,18
COHR,2024-10-18,2024-10-21,2024-11-07,3-5%,-4.722,97.25,102.07,tp_gap_filled,21.4854,2089.45,4.956,103.56,13
DECK,2024-10-29,2024-10-30,2024-11-07,1-2%,-1.353,167.0,169.29,tp_gap_filled,12.3862,2068.5,1.371,28.36,6
APD,2024-10-31,2024-11-01,2024-11-07,1-2%,-1.285,308.75,312.77,tp_gap_filled,6.6592,2056.04,1.302,26.77,4
ALGN,2024-11-05,2024-11-06,2024-11-07,1-2%,-1.058,208.55,210.78,tp_gap_filled,10.0625,2098.53,1.069,22.44,1
AMAT,2024-10-30,2024-11-06,2024-11-07,1-2%,-1.641,187.0,190.12,tp_gap_filled,11.2396,2101.81,1.668,35.07,1
AVGO,2024-10-31,2024-11-06,2024-11-07,1-2%,-1.24,174.45,176.64,tp_gap_filled,12.0429,2100.89,1.255,26.37,1
AXP,2024-10-18,2024-11-06,2024-11-07,3-5%,-3.142,276.8,285.78,tp_gap_filled,7.5943,2102.11,3.244,68.2,1
COIN,2024-10-30,2024-11-06,2024-11-07,2-3%,-2.986,213.1,219.66,tp_gap_filled,9.876,2104.57,3.078,64.79,1
CRL,2024-10-22,2024-11-06,2024-11-07,2-3%,-2.066,191.01,195.04,tp_gap_filled,11.0607,2112.71,2.11,44.57,1
FIX,2024-10-22,2024-11-06,2024-11-07,1-2%,-1.018,419.95,424.27,tp_gap_filled,5.0414,2117.12,1.029,21.78,1
GEN,2024-11-01,2024-11-06,2024-11-07,1-2%,-1.134,28.78,29.11,tp_gap_filled,73.6439,2119.47,1.147,24.3,1
APA,2024-10-15,2024-10-21,2024-11-08,3-5%,-3.783,25.69,21.8365,stop,81.3339,2089.47,-15.0,-313.42,14
EQIX,2024-10-31,2024-11-01,2024-11-08,2-3%,-2.731,885.36,910.22,tp_gap_filled,2.3234,2057.08,2.808,57.76,5
FTV,2024-10-30,2024-11-06,2024-11-08,1-2%,-1.823,55.1922,56.217,tp_gap_filled,38.3907,2118.86,1.857,39.35,2
DLR,2024-11-06,2024-11-07,2024-11-08,2-3%,-2.221,177.0,181.02,tp_gap_filled,11.9302,2111.65,2.271,47.96,1
HD,2024-11-06,2024-11-07,2024-11-08,1-2%,-1.512,394.04,400.09,tp_gap_filled,5.3745,2117.76,1.535,32.52,1
LOW,2024-11-06,2024-11-07,2024-11-08,1-2%,-1.126,266.15,269.18,tp_gap_filled,7.9557,2117.4,1.138,24.11,1
MRNA,2024-09-12,2024-09-13,2024-11-11,10%+,-14.615,67.89,44.1285,stop,30.1815,2049.02,-35.0,-717.16,41
CHRW,2024-10-31,2024-11-01,2024-11-11,5-10%,-5.819,103.26,109.64,tp_gap_filled,19.9119,2056.1,6.179,127.04,6
AFL,2024-10-31,2024-11-06,2024-11-11,2-3%,-2.634,107.19,110.09,tp_gap_filled,19.5727,2098.0,2.705,56.76,3
BLDR,2024-11-06,2024-11-07,2024-11-11,3-5%,-4.299,173.21,180.99,tp_gap_filled,12.1829,2110.2,4.492,94.78,2
AEE,2024-11-07,2024-11-08,2024-11-11,1-2%,-1.037,86.86,87.77,tp_gap_filled,24.3348,2113.72,1.048,22.14,1
APO,2024-11-07,2024-11-08,2024-11-11,1-2%,-1.509,161.2,163.67,tp_gap_filled,13.1225,2115.34,1.532,32.41,1
C,2024-11-07,2024-11-08,2024-11-11,1-2%,-1.202,68.2,69.03,tp_gap_filled,31.0198,2115.55,1.217,25.75,1
CCL,2024-11-07,2024-11-08,2024-11-11,1-2%,-1.651,23.83,24.23,tp_gap_filled,88.788,2115.82,1.679,35.52,1
COIN,2024-11-07,2024-11-08,2024-11-11,3-5%,-3.413,245.63,254.31,tp_gap_filled,8.6156,2116.24,3.534,74.78,1
BAX,2024-09-30,2024-10-01,2024-11-12,2-3%,-2.981,37.75,33.5975,stop,55.5678,2097.68,-11.0,-230.75,30
CMG,2024-10-30,2024-10-31,2024-11-12,5-10%,-5.174,57.36,60.49,tp_gap_filled,35.7195,2048.87,5.457,111.8,8
DVA,2024-10-30,2024-11-06,2024-11-12,5-10%,-6.5,148.02,158.31,tp_gap_filled,14.3081,2117.88,6.952,147.23,4
ALB,2024-11-08,2024-11-11,2024-11-12,1-2%,-1.151,98.78,99.93,tp_gap_filled,21.4102,2114.9,1.164,24.62,1
CF,2024-11-08,2024-11-11,2024-11-12,1-2%,-1.134,83.68,84.64,tp_gap_filled,25.3166,2118.5,1.147,24.3,1
COF,2024-11-07,2024-11-11,2024-11-12,1-2%,-1.513,188.08,190.97,tp_gap_filled,11.2676,2119.21,1.537,32.56,1
COP,2024-11-08,2024-11-11,2024-11-12,1-2%,-1.157,111.1,112.4,tp_gap_filled,19.0791,2119.69,1.17,24.8,1
F,2024-11-07,2024-11-11,2024-11-12,1-2%,-1.609,11.01,11.19,tp_gap_filled,192.5619,2120.11,1.635,34.66,1
ACN,2024-10-30,2024-11-07,2024-11-13,1-2%,-1.388,358.0,363.04,tp_gap_filled,5.8943,2110.16,1.408,29.71,4
IQV,2024-10-24,2024-11-07,2024-11-13,1-2%,-1.901,223.97,206.0524,stop,9.4581,2118.34,-8.0,-169.47,4
HUM,2024-11-11,2024-11-12,2024-11-13,5-10%,-5.248,273.0,288.12,tp_gap_filled,7.6642,2092.32,5.538,115.88,1
BIIB,2024-10-31,2024-11-06,2024-11-14,1-2%,-1.694,178.11,163.8612,stop,11.818,2104.9,-8.0,-168.39,6
DOW,2024-11-04,2024-11-06,2024-11-14,1-2%,-1.368,48.3,44.436,stop,43.8476,2117.84,-8.0,-169.43,6
APP,2024-11-12,2024-11-13,2024-11-14,1-2%,-1.896,281.0,286.43,tp_gap_filled,7.4567,2095.34,1.932,40.49,1
CCL,2024-11-12,2024-11-13,2024-11-14,1-2%,-1.545,24.22,24.6,tp_gap_filled,86.4925,2094.85,1.569,32.87,1
DXCM,2024-11-12,2024-11-13,2024-11-14,1-2%,-1.209,69.46,70.31,tp_gap_filled,30.1009,2090.81,1.224,25.59,1
A,2024-10-16,2024-10-17,2024-11-15,2-3%,-2.123,141.51,125.9439,stop,14.909,2109.77,-11.0,-232.07,21
AMAT,2024-11-13,2024-11-14,2024-11-15,1-2%,-1.361,184.07,169.3444,stop,11.3487,2088.96,-8.0,-167.12,1
BBY,2024-11-05,2024-11-14,2024-11-15,1-2%,-1.142,91.76,92.82,tp_gap_filled,22.7702,2089.4,1.155,24.14,1
CINF,2024-11-13,2024-11-14,2024-11-15,1-2%,-1.33,149.17,151.18,tp_gap_filled,14.0063,2089.31,1.347,28.15,1
IP,2024-11-13,2024-11-14,2024-11-15,1-2%,-1.85,56.25,57.31,tp_gap_filled,37.1391,2089.07,1.884,39.37,1
EW,2024-10-30,2024-11-01,2024-11-18,1-2%,-1.225,68.52,69.37,tp_gap_filled,30.042,2058.48,1.241,25.54,11
COIN,2024-11-12,2024-11-13,2024-11-18,3-5%,-4.376,310.05,324.24,tp_gap_filled,6.7583,2095.42,4.577,95.9,3
JPM,2024-11-07,2024-11-15,2024-11-18,1-2%,-1.036,244.5,247.06,tp_gap_filled,8.4719,2071.38,1.047,21.69,1
NTAP,2024-11-14,2024-11-15,2024-11-18,2-3%,-2.248,116.99,119.68,tp_gap_filled,17.7068,2071.51,2.299,47.63,1
SBAC,2024-11-14,2024-11-15,2024-11-18,1-2%,-1.336,215.59,218.51,tp_gap_filled,9.6089,2071.59,1.354,28.06,1
SW,2024-11-12,2024-11-15,2024-11-18,1-2%,-1.759,51.39,52.31,tp_gap_filled,40.3318,2072.65,1.79,37.11,1
AWK,2024-11-06,2024-11-07,2024-11-19,2-3%,-2.458,133.74,137.11,tp_gap_filled,15.7805,2110.48,2.52,53.18,8
APO,2024-11-12,2024-11-13,2024-11-19,1-2%,-1.007,165.07,166.75,tp_gap_filled,12.6948,2095.52,1.018,21.33,4
AXON,2024-11-12,2024-11-13,2024-11-19,1-2%,-1.141,609.11,616.14,tp_gap_filled,3.4407,2095.78,1.154,24.19,4
CVNA,2024-11-12,2024-11-13,2024-11-19,1-2%,-1.224,49.4,50.012,tp_gap_filled,42.3481,2092.0,1.239,25.92,4
APP,2024-11-15,2024-11-18,2024-11-19,1-2%,-1.403,280.5,284.49,tp_gap_filled,7.4454,2088.42,1.422,29.71,1
CCL,2024-11-15,2024-11-18,2024-11-19,1-2%,-1.234,24.01,24.31,tp_gap_filled,87.0821,2090.84,1.249,26.12,1
CDNS,2024-11-15,2024-11-19,2024-11-20,1-2%,-1.515,298.45,303.04,tp_gap_filled,6.9844,2084.51,1.538,32.06,1
COHR,2024-11-15,2024-11-19,2024-11-20,1-2%,-1.04,98.97,100.01,tp_gap_filled,21.0637,2084.67,1.051,21.91,1
COIN,2024-11-18,2024-11-19,2024-11-20,1-2%,-1.314,301.83,305.85,tp_gap_filled,6.9141,2086.89,1.332,27.79,1
CRL,2024-11-18,2024-11-19,2024-11-20,1-2%,-1.31,185.28,187.74,tp_gap_filled,11.2804,2090.04,1.328,27.75,1
DDOG,2024-11-15,2024-11-19,2024-11-20,1-2%,-1.811,129.05,131.43,tp_gap_filled,16.197,2090.22,1.844,38.55,1
FRT,2024-11-18,2024-11-19,2024-11-20,2-3%,-2.501,110.7,113.54,tp_gap_filled,18.8946,2091.64,2.565,53.66,1
EG,2024-10-31,2024-11-06,2024-11-21,3-5%,-4.461,363.05,380.0,tp_gap_filled,5.8303,2116.7,4.669,98.82,11
DE,2024-11-08,2024-11-11,2024-11-21,2-3%,-2.204,402.1,411.16,tp_gap_filled,5.2724,2120.05,2.253,47.77,8
CMG,2024-11-15,2024-11-18,2024-11-21,1-2%,-1.068,59.27,59.91,tp_gap_filled,35.2913,2091.71,1.08,22.59,3
CRM,2024-11-15,2024-11-18,2024-11-21,1-2%,-1.423,326.93,331.65,tp_gap_filled,6.3971,2091.39,1.444,30.19,3
ADSK,2024-11-19,2024-11-20,2024-11-21,1-2%,-1.298,298.13,302.05,tp_gap_filled,7.0341,2097.07,1.315,27.57,1
AFL,2024-11-19,2024-11-20,2024-11-21,1-2%,-1.017,110.9,112.04,tp_gap_filled,18.9219,2098.44,1.028,21.57,1
AME,2024-11-19,2024-11-20,2024-11-21,1-2%,-1.107,191.1,193.24,tp_gap_filled,10.9774,2097.78,1.12,23.49,1
AMP,2024-11-19,2024-11-20,2024-11-21,1-2%,-1.069,559.0,565.04,tp_gap_filled,3.7536,2098.27,1.08,22.67,1
AXP,2024-11-19,2024-11-20,2024-11-21,1-2%,-1.278,281.89,285.54,tp_gap_filled,7.4442,2098.45,1.295,27.17,1
FDX,2024-09-20,2024-09-24,2024-11-22,10%+,-13.19,210.1289,242.0548,tp_gap_filled,9.974,2095.83,15.193,318.43,43
EXPE,2024-11-12,2024-11-13,2024-11-22,1-2%,-1.356,181.82,184.32,tp_gap_filled,11.5095,2092.66,1.375,28.77,7
CBOE,2024-11-06,2024-11-18,2024-11-22,2-3%,-2.578,206.69,212.16,tp_gap_filled,10.1167,2091.03,2.646,55.34,4
AIG,2024-11-19,2024-11-20,2024-11-22,1-2%,-1.206,75.39,76.31,tp_gap_filled,27.8312,2098.19,1.22,25.6,2
ALGN,2024-11-19,2024-11-21,2024-11-22,1-2%,-1.396,226.69,229.9,tp_gap_filled,9.3712,2124.35,1.416,30.08,1
APH,2024-11-15,2024-11-21,2024-11-22,1-2%,-1.241,35.825,36.275,tp_gap_filled,59.306,2124.64,1.256,26.69,1
BBY,2024-11-19,2024-11-21,2024-11-22,1-2%,-1.416,87.74,89.0,tp_gap_filled,24.2259,2125.58,1.436,30.52,1
COHR,2024-11-20,2024-11-21,2024-11-22,2-3%,-2.264,101.89,104.25,tp_gap_filled,20.8552,2124.94,2.316,49.22,1
GPC,2024-11-19,2024-11-21,2024-11-22,1-2%,-1.16,122.75,124.19,tp_gap_filled,17.3241,2126.54,1.173,24.95,1
HAS,2024-11-20,2024-11-21,2024-11-22,1-2%,-1.83,60.63,61.76,tp_gap_filled,35.0736,2126.51,1.864,39.63,1
IEX,2024-11-19,2024-11-21,2024-11-22,1-2%,-1.028,224.33,226.66,tp_gap_filled,9.4848,2127.72,1.039,22.1,1
ESS,2024-09-24,2024-09-25,2024-11-25,2-3%,-2.471,302.0,309.65,tp_gap_filled,6.8956,2082.48,2.533,52.75,43
MCO,2024-09-23,2024-10-15,2024-11-25,1-2%,-1.096,489.24,494.66,tp_gap_filled,4.3224,2114.7,1.108,23.43,29
EXPD,2024-11-06,2024-11-07,2024-11-25,3-5%,-4.598,116.41,122.02,tp_gap_filled,18.1389,2111.55,4.819,101.76,12
CTVA,2024-11-07,2024-11-08,2024-11-25,5-10%,-6.058,58.0,61.74,tp_gap_filled,36.5616,2120.57,6.448,136.74,11
ALB,2024-11-12,2024-11-13,2024-11-25,3-5%,-3.53,106.59,110.49,tp_gap_filled,19.6538,2094.89,3.659,76.65,8
BLDR,2024-11-12,2024-11-13,2024-11-25,1-2%,-1.095,181.58,183.59,tp_gap_filled,11.5389,2095.24,1.107,23.19,8
CRH,2024-11-12,2024-11-14,2024-11-25,1-2%,-1.535,100.71,102.28,tp_gap_filled,20.7469,2089.42,1.559,32.57,7
BIIB,2024-11-18,2024-11-21,2024-11-25,1-2%,-1.125,158.19,159.99,tp_gap_filled,13.4331,2124.99,1.138,24.18,2
ARE,2024-11-15,2024-11-22,2024-11-25,1-2%,-1.367,106.79,108.27,tp_gap_filled,20.0364,2139.69,1.386,29.65,1
CFG,2024-11-07,2024-11-22,2024-11-25,1-2%,-1.014,47.82,48.31,tp_gap_filled,44.7573,2140.3,1.025,21.93,1
CIEN,2024-11-15,2024-11-22,2024-11-25,1-2%,-1.09,68.99,69.75,tp_gap_filled,31.0211,2140.14,1.102,23.58,1
EVRG,2024-11-21,2024-11-22,2024-11-25,1-2%,-1.041,63.7,64.37,tp_gap_filled,33.6083,2140.85,1.052,22.52,1
F,2024-11-19,2024-11-22,2024-11-25,1-2%,-1.338,11.06,11.21,tp_gap_filled,193.6009,2141.23,1.356,29.04,1
IDXX,2024-11-21,2024-11-22,2024-11-25,2-3%,-2.164,409.55,418.61,tp_gap_filled,5.2294,2141.69,2.212,47.38,1
IP,2024-11-21,2024-11-22,2024-11-25,1-2%,-1.088,58.2,58.84,tp_gap_filled,36.8126,2142.5,1.1,23.56,1
J,2024-11-19,2024-11-22,2024-11-25,2-3%,-2.501,135.4852,138.9604,tp_gap_filled,15.8196,2143.32,2.565,54.98,1
KEY,2024-11-07,2024-11-22,2024-11-25,2-3%,-2.053,19.56,19.97,tp_gap_filled,109.585,2143.48,2.096,44.93,1
CEG,2024-11-04,2024-11-05,2024-11-26,5-10%,-9.919,232.5,258.1,tp_gap_filled,9.0077,2094.29,11.011,230.6,15
ED,2024-11-06,2024-11-07,2024-11-26,1-2%,-1.172,98.65,99.82,tp_gap_filled,21.4091,2112.0,1.186,25.05,13
CAT,2024-11-08,2024-11-11,2024-11-26,1-2%,-1.776,400.96,408.21,tp_gap_filled,5.2847,2118.96,1.808,38.31,11
APP,2024-11-22,2024-11-25,2024-11-26,2-3%,-2.903,309.0,318.24,tp_gap_filled,7.0237,2170.31,2.99,64.9,1
META,2024-11-15,2024-11-25,2024-11-26,1-2%,-1.029,571.22,577.16,tp_gap_filled,3.802,2171.8,1.04,22.58,1
MSFT,2024-11-15,2024-11-25,2024-11-26,1-2%,-1.656,419.82,426.89,tp_gap_filled,5.1721,2171.33,1.684,36.57,1
OMC,2024-11-15,2024-11-25,2024-11-26,1-2%,-1.618,103.34,105.04,tp_gap_filled,21.0105,2171.23,1.645,35.72,1
PLTR,2024-11-18,2024-11-25,2024-11-26,1-2%,-1.292,64.92,65.77,tp_gap_filled,33.4483,2171.47,1.309,28.43,1
TEL,2024-11-22,2024-11-25,2024-11-26,1-2%,-1.063,148.92,150.52,tp_gap_filled,14.6029,2174.67,1.074,23.36,1
UBER,2024-11-18,2024-11-25,2024-11-26,1-2%,-1.652,72.04,73.25,tp_gap_filled,30.2144,2176.64,1.68,36.56,1
VMRK,2024-09-24,2024-09-25,2024-11-27,2-3%,-2.699,75.35,77.44,tp_gap_filled,27.6094,2080.36,2.774,57.7,45
AEP,2024-11-06,2024-11-26,2024-11-27,1-2%,-1.265,99.13,100.4,tp_gap_filled,21.8289,2163.9,1.281,27.72,1
LLY,2024-11-15,2024-11-26,2024-11-27,1-2%,-1.404,775.19,786.23,tp_gap_filled,2.7927,2164.86,1.424,30.83,1
AAPL,2024-10-22,2024-10-23,2024-11-29,1-2%,-1.095,233.89,236.48,tp_gap_filled,8.8284,2064.87,1.107,22.87,26
ULTA,2024-11-15,2024-11-25,2024-11-29,5-10%,-5.251,362.67,382.77,tp_gap_filled,6.004,2177.48,5.542,120.68,3
VEEV,2024-11-15,2024-11-26,2024-11-29,1-2%,-1.001,227.41,229.71,tp_gap_filled,9.5231,2165.65,1.011,21.9,2
A,2024-11-26,2024-11-27,2024-11-29,5-10%,-5.554,127.02,134.49,tp_gap_filled,17.1051,2172.69,5.881,127.78,1
BEN,2024-11-26,2024-11-27,2024-11-29,1-2%,-1.188,22.45,22.72,tp_gap_filled,96.9753,2177.1,1.203,26.18,1
COIN,2024-11-26,2024-11-27,2024-11-29,3-5%,-4.471,298.26,312.22,tp_gap_filled,7.2996,2177.18,4.68,101.9,1
CPAY,2024-11-26,2024-11-27,2024-11-29,1-2%,-1.103,377.33,381.54,tp_gap_filled,5.7749,2179.03,1.116,24.31,1
DE,2024-11-26,2024-11-27,2024-11-29,1-2%,-1.308,456.64,462.69,tp_gap_filled,4.7719,2179.02,1.325,28.87,1
AMZN,2024-11-15,2024-11-26,2024-12-02,2-3%,-2.232,206.76,211.48,tp_gap_filled,10.4662,2163.98,2.283,49.4,3
ALB,2024-11-26,2024-11-27,2024-12-02,1-2%,-1.337,108.51,109.98,tp_gap_filled,20.058,2176.5,1.355,29.49,2
CRL,2024-11-26,2024-11-27,2024-12-02,1-2%,-1.267,198.75,201.3,tp_gap_filled,10.9656,2179.41,1.283,27.96,2
APP,2024-11-27,2024-11-29,2024-12-02,1-2%,-1.399,325.155,329.77,tp_gap_filled,6.7185,2184.56,1.419,31.01,1
COHR,2024-11-27,2024-11-29,2024-12-02,1-2%,-1.029,100.0,101.04,tp_gap_filled,21.8612,2186.12,1.04,22.74,1
NVDA,2024-11-27,2024-11-29,2024-12-02,1-2%,-1.395,135.01,136.92,tp_gap_filled,16.2028,2187.54,1.415,30.95,1
VRT,2024-11-27,2024-11-29,2024-12-02,1-2%,-1.287,130.045,131.74,tp_gap_filled,16.833,2189.05,1.303,28.53,1
WSM,2024-11-26,2024-12-02,2024-12-03,1-2%,-1.203,175.71,177.85,tp_gap_filled,12.5492,2205.03,1.218,26.86,1
HRL,2024-09-04,2024-09-05,2024-12-04,5-10%,-9.928,29.85,31.99,time_exit,67.2138,2006.33,7.169,143.84,63
ANET,2024-11-08,2024-11-11,2024-12-04,5-10%,-5.698,101.615,107.755,tp_gap_filled,20.8623,2119.92,6.042,128.09,16
IBM,2024-10-24,2024-11-21,2024-12-04,5-10%,-5.134,220.8,232.75,tp_gap_filled,9.635,2127.41,5.412,115.14,8
ON,2024-10-30,2024-12-02,2024-12-04,1-2%,-1.406,73.65,67.758,stop,29.9368,2204.85,-8.0,-176.39,2
EW,2024-12-02,2024-12-03,2024-12-04,1-2%,-1.514,70.27,71.35,tp_gap_filled,31.2643,2196.94,1.537,33.77,1
FISV,2024-11-27,2024-11-29,2024-12-05,1-2%,-1.155,219.88,202.2896,stop,9.9469,2187.12,-8.0,-174.97,4
HPE,2024-11-27,2024-11-29,2024-12-05,3-5%,-4.564,21.12,22.13,tp_gap_filled,103.5671,2187.34,4.782,104.6,4
AVGO,2024-11-15,2024-12-04,2024-12-05,1-2%,-1.121,168.47,170.38,tp_gap_filled,12.986,2187.76,1.134,24.8,1
CDNS,2024-12-03,2024-12-04,2024-12-05,1-2%,-1.134,306.75,310.27,tp_gap_filled,7.1338,2188.3,1.148,25.11,1
COIN,2024-12-03,2024-12-04,2024-12-05,1-2%,-1.858,296.78,302.4,tp_gap_filled,7.382,2190.84,1.894,41.49,1
CRM,2024-11-27,2024-12-04,2024-12-05,1-2%,-1.958,336.46,343.18,tp_gap_filled,6.5264,2195.88,1.997,43.86,1
DVN,2024-10-15,2024-10-16,2024-12-06,3-5%,-3.359,41.43,35.2155,stop,51.2526,2123.39,-15.0,-318.51,36
RDDT,2024-11-22,2024-11-25,2024-12-06,5-10%,-7.98,145.41,158.02,tp_gap_filled,14.9322,2171.29,8.672,188.29,8
MOS,2024-11-12,2024-12-02,2024-12-06,1-2%,-1.57,27.59,25.3828,stop,79.9153,2204.86,-8.0,-176.39,4
ACN,2024-12-03,2024-12-04,2024-12-06,3-5%,-3.481,348.8,361.38,tp_gap_filled,6.2682,2186.35,3.607,78.85,2
BF-B,2024-12-04,2024-12-05,2024-12-06,1-2%,-1.425,40.8,41.39,tp_gap_filled,53.1684,2169.27,1.446,31.37,1
DG,2024-11-06,2024-12-05,2024-12-06,1-2%,-1.557,80.3,81.57,tp_gap_filled,27.0752,2174.14,1.582,34.39,1
EQIX,2024-12-02,2024-12-05,2024-12-06,1-2%,-1.049,971.18,981.48,tp_gap_filled,2.2383,2173.76,1.061,23.05,1
HRL,2024-12-04,2024-12-05,2024-12-06,2-3%,-2.514,31.02,31.82,tp_gap_filled,70.0799,2173.88,2.579,56.06,1
HSIC,2024-12-04,2024-12-05,2024-12-09,1-2%,-1.17,74.33,75.21,tp_gap_filled,29.281,2176.46,1.184,25.77,2
ANET,2024-12-05,2024-12-06,2024-12-09,1-2%,-1.916,103.41,105.43,tp_gap_filled,20.9837,2169.93,1.953,42.39,1
DOC,2024-12-05,2024-12-06,2024-12-09,1-2%,-1.08,21.07,21.3,tp_gap_filled,103.1049,2172.42,1.092,23.71,1
CNC,2024-09-04,2024-09-11,2024-12-10,5-10%,-7.628,74.11,56.3236,stop,27.293,2022.69,-24.0,-485.44,63
BLDR,2024-11-26,2024-11-27,2024-12-10,1-2%,-1.439,186.31,171.4052,stop,11.6877,2177.54,-8.0,-174.2,8
CTVA,2024-11-26,2024-11-27,2024-12-10,1-2%,-1.232,63.34,58.2728,stop,34.4111,2179.6,-8.0,-174.37,8
DECK,2024-12-05,2024-12-06,2024-12-10,1-2%,-1.2,201.7,204.15,tp_gap_filled,10.7728,2172.88,1.215,26.39,2
ALGN,2024-11-26,2024-12-06,2024-12-11,1-2%,-1.355,237.26,240.52,tp_gap_filled,9.1496,2170.83,1.374,29.83,3
EW,2024-12-05,2024-12-06,2024-12-11,1-2%,-1.065,73.41,74.2,tp_gap_filled,29.6017,2173.06,1.076,23.39,3
QCOM,2024-12-09,2024-12-10,2024-12-11,1-2%,-1.273,157.48,159.51,tp_gap_filled,13.6528,2150.04,1.289,27.72,1
LEN,2024-09-20,2024-09-23,2024-12-12,3-5%,-3.617,179.5644,152.6297,stop,11.6819,2097.66,-15.0,-314.65,57
AZO,2024-12-10,2024-12-11,2024-12-12,1-2%,-1.378,3278.21,3324.01,tp_gap_filled,0.6555,2148.95,1.397,30.02,1
BKNG,2024-12-09,2024-12-11,2024-12-12,1-2%,-1.138,209.6,212.0136,tp_gap_filled,10.2567,2149.8,1.152,24.76,1
BKR,2024-12-10,2024-12-11,2024-12-12,1-2%,-1.303,40.89,41.43,tp_gap_filled,52.5858,2150.24,1.321,28.4,1
ADBE,2024-09-13,2024-09-16,2024-12-13,5-10%,-9.203,532.57,465.69,time_exit,3.8547,2052.91,-12.558,-257.8,63
PHM,2024-10-22,2024-11-25,2024-12-13,3-5%,-3.937,138.58,117.793,stop,15.6715,2171.76,-15.0,-325.76,13
DOW,2024-11-29,2024-12-02,2024-12-13,1-2%,-1.523,43.96,40.4432,stop,50.1496,2204.57,-8.0,-176.37,9
SWKS,2024-11-08,2024-12-09,2024-12-13,1-2%,-1.108,90.16,91.17,tp_gap_filled,24.1814,2180.2,1.12,24.42,4
TRV,2024-12-11,2024-12-12,2024-12-13,1-2%,-1.062,245.02,247.65,tp_gap_filled,8.7348,2140.21,1.073,22.97,1
DLTR,2024-09-04,2024-09-17,2024-12-16,10%+,-10.851,72.79,70.03,time_exit,28.4026,2067.43,-3.792,-78.39,63
FLEX,2024-12-09,2024-12-10,2024-12-16,1-2%,-1.008,38.3,38.69,tp_gap_filled,56.1792,2151.66,1.018,21.91,4
BLDR,2024-12-10,2024-12-11,2024-12-16,1-2%,-1.3,174.59,160.6228,stop,12.3254,2151.89,-8.0,-172.15,3
AVGO,2024-12-12,2024-12-13,2024-12-16,1-2%,-1.239,180.93,183.2,tp_gap_filled,11.7562,2127.05,1.255,26.69,1
GD,2024-12-12,2024-12-13,2024-12-16,2-3%,-2.046,260.0,265.43,tp_gap_filled,8.2206,2137.37,2.088,44.64,1
HOOD,2024-12-12,2024-12-13,2024-12-16,1-2%,-1.216,37.38,37.84,tp_gap_filled,57.1583,2136.58,1.231,26.29,1
KVUE,2024-12-12,2024-12-13,2024-12-16,1-2%,-1.08,21.98,22.22,tp_gap_filled,97.2984,2138.62,1.092,23.35,1
LDOS,2024-12-12,2024-12-13,2024-12-16,2-3%,-2.247,150.1,153.55,tp_gap_filled,14.2509,2139.07,2.298,49.17,1
CCI,2024-10-17,2024-10-18,2024-12-17,3-5%,-3.181,112.0,95.2,stop,18.8705,2113.49,-15.0,-317.02,41
ECL,2024-10-31,2024-11-06,2024-12-17,1-2%,-1.002,250.07,252.6,tp_gap_filled,8.4681,2117.61,1.012,21.42,28
MRNA,2024-12-13,2024-12-16,2024-12-17,1-2%,-1.366,42.235,42.82,tp_gap_filled,49.9878,2111.23,1.385,29.24,1
ADI,2024-10-30,2024-11-26,2024-12-18,1-2%,-1.892,230.78,212.3176,stop,9.386,2166.1,-8.0,-173.29,15
IRM,2024-11-06,2024-11-26,2024-12-18,3-5%,-3.142,121.78,103.513,stop,17.7715,2164.21,-15.0,-324.63,15
ECHO,2024-11-12,2024-11-27,2024-12-18,2-3%,-2.22,25.55,22.7395,stop,85.3195,2179.91,-11.0,-239.79,14
ED,2024-12-04,2024-12-05,2024-12-18,1-2%,-1.056,96.5,88.78,stop,22.526,2173.76,-8.0,-173.9,9
HAS,2024-12-12,2024-12-13,2024-12-18,1-2%,-1.056,63.7,58.604,stop,33.5617,2137.88,-8.0,-171.03,3
DOW,2024-12-16,2024-12-17,2024-12-18,1-2%,-1.248,40.35,40.86,tp_gap_filled,52.0812,2101.48,1.264,26.56,1
PLTR,2024-12-16,2024-12-17,2024-12-18,1-2%,-1.328,75.06,76.07,tp_gap_filled,28.0004,2101.71,1.346,28.28,1
RDDT,2024-12-16,2024-12-17,2024-12-18,1-2%,-1.958,169.27,172.65,tp_gap_filled,12.4141,2101.33,1.997,41.96,1
AMT,2024-10-29,2024-10-30,2024-12-19,3-5%,-3.177,215.16,182.886,stop,9.59,2063.38,-15.0,-309.51,35
FCX,2024-11-06,2024-11-07,2024-12-19,3-5%,-3.639,45.28,38.488,stop,46.6617,2112.84,-15.0,-316.93,29
BG,2024-10-18,2024-11-15,2024-12-19,3-5%,-4.069,91.71,77.9535,stop,22.5916,2071.88,-15.0,-310.78,23
CHTR,2024-12-13,2024-12-16,2024-12-19,1-2%,-1.455,382.8,352.176,stop,5.5194,2112.83,-8.0,-169.03,3
LEN,2024-12-12,2024-12-16,2024-12-19,1-2%,-1.296,151.1229,139.0331,stop,13.9781,2112.41,-8.0,-168.99,3
CI,2024-12-17,2024-12-18,2024-12-19,3-5%,-3.509,263.67,273.26,tp_gap_filled,7.7311,2038.46,3.637,74.14,1
CRM,2024-12-05,2024-12-06,2024-12-20,1-2%,-1.927,360.78,331.9176,stop,6.0223,2172.74,-8.0,-173.82,10
TTD,2024-12-09,2024-12-10,2024-12-20,1-2%,-1.804,136.6,125.672,stop,15.7376,2149.76,-8.0,-171.98,8
AIG,2024-12-17,2024-12-18,2024-12-20,1-2%,-1.137,71.27,72.09,tp_gap_filled,28.6796,2043.99,1.151,23.52,2
GEV,2024-12-17,2024-12-19,2024-12-20,1-2%,-1.395,333.0,337.71,tp_gap_filled,6.0708,2021.57,1.414,28.59,1
ALGN,2024-12-17,2024-12-18,2024-12-23,1-2%,-1.512,226.61,208.4812,stop,9.0166,2043.26,-8.0,-163.46,3
FDS,2024-12-19,2024-12-20,2024-12-23,2-3%,-2.938,459.15,473.05,tp_gap_filled,4.4577,2046.76,3.027,61.96,1
AMZN,2024-12-20,2024-12-23,2024-12-24,1-2%,-1.545,219.84,223.29,tp_gap_filled,9.3658,2058.98,1.569,32.31,1
APA,2024-12-17,2024-12-23,2024-12-24,1-2%,-1.96,21.51,21.94,tp_gap_filled,95.7676,2059.96,1.999,41.18,1
APO,2024-12-20,2024-12-23,2024-12-24,1-2%,-1.256,167.5,169.63,tp_gap_filled,12.2993,2060.13,1.272,26.2,1
MNST,2024-12-13,2024-12-16,2024-12-26,1-2%,-1.172,26.15,26.46,tp_gap_filled,80.7371,2111.28,1.185,25.03,7
AIZ,2024-12-17,2024-12-24,2024-12-26,1-2%,-1.026,215.1,217.33,tp_gap_filled,9.653,2076.37,1.037,21.53,1
EQT,2024-12-17,2024-12-18,2024-12-27,1-2%,-1.026,44.36,44.82,tp_gap_filled,45.9618,2038.87,1.037,21.14,6
MRNA,2024-12-18,2024-12-20,2024-12-27,1-2%,-1.742,40.05,40.76,tp_gap_filled,51.1539,2048.72,1.773,36.32,4
DVN,2024-12-17,2024-12-18,2024-12-31,1-2%,-1.258,32.18,32.59,tp_gap_filled,63.4356,2041.36,1.274,26.01,8
NVDA,2024-12-09,2024-12-10,2025-01-03,2-3%,-2.436,138.97,142.44,tp_gap_filled,15.4799,2151.25,2.497,53.72,16
LRCX,2024-12-19,2024-12-20,2025-01-03,3-5%,-3.258,72.75,75.2,tp_gap_filled,28.1685,2049.26,3.368,69.01,8
KLAC,2024-10-30,2024-11-07,2025-01-06,2-3%,-2.044,68.2,69.623,tp_gap_filled,31.0432,2117.15,2.087,44.17,39
INCY,2024-12-12,2024-12-13,2025-01-06,2-3%,-2.745,70.5,72.49,tp_gap_filled,30.3518,2139.8,2.823,60.4,14
EME,2024-12-17,2024-12-18,2025-01-06,1-2%,-1.449,477.53,484.55,tp_gap_filled,4.272,2039.99,1.47,29.99,11
PHM,2024-12-19,2024-12-20,2025-01-06,3-5%,-3.046,107.9,111.29,tp_gap_filled,18.9809,2048.04,3.142,64.35,9
ARES,2024-12-17,2024-12-24,2025-01-06,1-2%,-1.415,181.1,183.7,tp_gap_filled,11.4657,2076.43,1.436,29.81,7
ANET,2024-12-17,2024-12-26,2025-01-06,1-2%,-1.322,114.99,116.53,tp_gap_filled,18.0729,2078.21,1.339,27.83,6
ADI,2024-12-26,2024-12-27,2025-01-06,1-2%,-1.238,215.39,218.09,tp_gap_filled,9.5701,2061.3,1.254,25.84,5
CTVA,2024-12-26,2024-12-27,2025-01-06,1-2%,-1.026,56.89,57.48,tp_gap_filled,36.2385,2061.61,1.037,21.38,5
APO,2024-12-30,2025-01-03,2025-01-06,1-2%,-1.368,167.95,170.28,tp_gap_filled,12.2498,2057.36,1.387,28.54,1
AXP,2024-12-27,2025-01-03,2025-01-06,1-2%,-1.033,300.85,303.99,tp_gap_filled,6.8394,2057.63,1.044,21.48,1
ZBH,2024-11-19,2024-11-26,2025-01-07,1-2%,-1.018,111.87,102.9204,stop,19.3578,2165.55,-8.0,-173.24,27
CIEN,2024-12-16,2024-12-17,2025-01-07,1-2%,-1.193,88.65,81.558,stop,23.7081,2101.72,-8.0,-168.14,13
ESS,2024-12-17,2024-12-18,2025-01-07,1-2%,-1.354,295.0,271.4,stop,6.9057,2037.19,-8.0,-162.98,12
COF,2024-12-17,2025-01-06,2025-01-07,1-2%,-1.118,183.04,185.11,tp_gap_filled,11.3274,2073.37,1.131,23.45,1
CRWD,2024-12-27,2025-01-06,2025-01-07,1-2%,-1.076,90.2875,91.27,tp_gap_filled,22.9653,2073.48,1.088,22.56,1
GEV,2025-01-03,2025-01-06,2025-01-07,2-3%,-2.139,331.69,338.94,tp_gap_filled,6.2521,2073.75,2.186,45.33,1
LITE,2024-12-17,2025-01-06,2025-01-08,1-2%,-1.91,91.4,84.088,stop,22.7516,2079.5,-8.0,-166.36,2
PAYX,2025-01-06,2025-01-07,2025-01-08,1-2%,-1.532,137.53,139.67,tp_gap_filled,14.9261,2052.79,1.556,31.94,1
NOW,2024-12-13,2024-12-16,2025-01-10,1-2%,-1.604,226.0,207.92,stop,9.34,2110.84,-8.0,-168.87,16
BLDR,2024-12-19,2024-12-20,2025-01-10,1-2%,-1.546,149.68,137.7056,stop,13.6727,2046.54,-8.0,-163.72,12
TSCO,2024-12-30,2025-01-07,2025-01-10,1-2%,-1.026,54.0,54.56,tp_gap_filled,38.0018,2052.1,1.037,21.28,2
AAPL,2024-12-30,2024-12-31,2025-01-13,1-2%,-1.315,252.23,232.0516,stop,8.0823,2038.61,-8.0,-163.09,7
MRVL,2024-12-17,2025-01-06,2025-01-13,1-2%,-1.931,122.37,112.5804,stop,16.99,2079.06,-8.0,-166.33,4
ZTS,2025-01-07,2025-01-08,2025-01-13,1-2%,-1.627,163.2,165.9,tp_gap_filled,12.5734,2051.98,1.654,33.95,2
CF,2025-01-07,2025-01-10,2025-01-13,1-2%,-1.17,88.71,89.76,tp_gap_filled,22.776,2020.46,1.184,23.91,1
CVX,2025-01-08,2025-01-10,2025-01-13,1-2%,-1.036,148.04,149.59,tp_gap_filled,13.6482,2020.49,1.047,21.15,1
CFG,2024-12-17,2024-12-18,2025-01-14,1-2%,-1.051,45.2,45.68,tp_gap_filled,45.1494,2040.75,1.062,21.67,16
HOOD,2024-12-17,2025-01-06,2025-01-14,2-3%,-2.06,42.31,43.2,tp_gap_filled,49.1303,2078.7,2.104,43.73,5
CBOE,2025-01-06,2025-01-07,2025-01-14,1-2%,-1.342,192.62,195.24,tp_gap_filled,10.6592,2053.17,1.36,27.93,4
A,2025-01-10,2025-01-13,2025-01-14,1-2%,-1.642,134.75,137.0,tp_gap_filled,15.0342,2025.86,1.67,33.83,1
AFL,2025-01-10,2025-01-13,2025-01-14,1-2%,-1.168,102.36,103.57,tp_gap_filled,19.8126,2028.02,1.182,23.97,1
AME,2025-01-10,2025-01-13,2025-01-14,1-2%,-1.238,176.24,178.45,tp_gap_filled,11.5104,2028.59,1.254,25.44,1
AMT,2025-01-10,2025-01-13,2025-01-14,3-5%,-3.142,173.56,179.19,tp_gap_filled,11.6885,2028.65,3.244,65.81,1
AOS,2024-10-11,2024-10-14,2025-01-15,5-10%,-6.863,80.34,70.95,time_exit,26.2671,2110.3,-11.688,-246.65,63
HSY,2024-12-11,2024-12-12,2025-01-15,3-5%,-4.562,178.65,151.8525,stop,11.9728,2138.94,-15.0,-320.84,21
HPE,2024-12-10,2025-01-06,2025-01-15,2-3%,-2.077,22.63,23.11,tp_gap_filled,91.8734,2079.1,2.121,44.1,6
PNR,2025-01-06,2025-01-07,2025-01-15,1-2%,-1.049,100.0,101.06,tp_gap_filled,20.533,2053.3,1.06,21.76,5
CME,2025-01-06,2025-01-08,2025-01-15,1-2%,-1.355,229.35,232.5,tp_gap_filled,8.947,2051.99,1.373,28.18,4
BEN,2025-01-08,2025-01-10,2025-01-15,1-2%,-1.52,19.44,19.74,tp_gap_filled,103.9675,2021.13,1.543,31.19,3
ALGN,2025-01-10,2025-01-13,2025-01-15,2-3%,-2.029,211.0,215.37,tp_gap_filled,9.6117,2028.07,2.071,42.0,2
AAPL,2025-01-13,2025-01-14,2025-01-15,1-2%,-1.402,233.53,236.85,tp_gap_filled,8.7552,2044.6,1.422,29.07,1
AIG,2025-01-08,2025-01-14,2025-01-15,1-2%,-1.006,71.86,72.59,tp_gap_filled,28.452,2044.56,1.016,20.77,1
AIZ,2025-01-10,2025-01-14,2025-01-15,1-2%,-1.426,202.49,205.42,tp_gap_filled,10.0991,2044.97,1.447,29.59,1
ANET,2025-01-13,2025-01-14,2025-01-15,3-5%,-3.699,110.11,114.34,tp_gap_filled,18.5762,2045.43,3.842,78.58,1
ARES,2025-01-10,2025-01-14,2025-01-15,1-2%,-1.437,179.68,182.3,tp_gap_filled,11.3937,2047.21,1.458,29.85,1
AXON,2025-01-13,2025-01-14,2025-01-15,1-2%,-1.509,561.4,570.0,tp_gap_filled,3.6464,2047.1,1.532,31.36,1
BSX,2025-01-13,2025-01-14,2025-01-15,1-2%,-1.117,93.82,94.88,tp_gap_filled,21.8337,2048.44,1.13,23.14,1
AMAT,2024-11-15,2024-11-18,2025-01-16,5-10%,-9.495,168.34,186.0,tp_gap_filled,12.4025,2087.83,10.491,219.03,39
HRL,2024-12-18,2024-12-19,2025-01-16,1-2%,-1.244,31.75,29.21,stop,63.689,2022.13,-8.0,-161.77,17
ALL,2025-01-10,2025-01-15,2025-01-16,1-2%,-1.658,188.62,191.8,tp_gap_filled,10.9175,2059.26,1.686,34.72,1
AMP,2025-01-10,2025-01-15,2025-01-16,1-2%,-1.236,528.32,534.93,tp_gap_filled,3.8975,2059.13,1.251,25.76,1
APO,2025-01-10,2025-01-15,2025-01-16,1-2%,-1.222,160.0,161.98,tp_gap_filled,12.8742,2059.88,1.237,25.49,1
BKNG,2025-01-10,2025-01-15,2025-01-16,1-2%,-1.297,192.3684,194.8968,tp_gap_filled,10.7145,2061.13,1.314,27.09,1
BX,2025-01-10,2025-01-15,2025-01-16,1-2%,-1.322,171.67,173.97,tp_gap_filled,12.0073,2061.3,1.34,27.62,1
CEG,2025-01-13,2025-01-15,2025-01-16,2-3%,-2.521,297.495,305.19,tp_gap_filled,6.9317,2062.13,2.587,53.34,1
CRWD,2025-01-08,2025-01-15,2025-01-16,1-2%,-1.038,89.0485,89.9825,tp_gap_filled,23.1472,2061.22,1.049,21.62,1
CSGP,2025-01-10,2025-01-15,2025-01-16,1-2%,-1.416,70.33,71.34,tp_gap_filled,29.3174,2061.9,1.436,29.61,1
TMUS,2025-01-06,2025-01-07,2025-01-17,2-3%,-2.583,213.45,219.11,tp_gap_filled,9.6149,2052.31,2.652,54.42,7
ADI,2025-01-10,2025-01-15,2025-01-17,1-2%,-1.316,217.54,220.44,tp_gap_filled,9.4655,2059.13,1.333,27.45,2
DLR,2025-01-10,2025-01-15,2025-01-17,2-3%,-2.007,177.24,180.87,tp_gap_filled,11.6429,2063.59,2.048,42.26,2
DPZ,2025-01-07,2025-01-15,2025-01-17,1-2%,-1.088,419.88,424.5,tp_gap_filled,4.9134,2063.05,1.1,22.7,2
AJG,2024-12-09,2025-01-16,2025-01-17,1-2%,-1.25,293.0,296.71,tp_gap_filled,7.0635,2069.62,1.266,26.21,1
CVNA,2024-12-27,2025-01-16,2025-01-17,2-3%,-2.156,43.846,44.812,tp_gap_filled,47.211,2070.01,2.203,45.61,1
MDT,2025-01-15,2025-01-16,2025-01-17,1-2%,-1.56,83.92,85.25,tp_gap_filled,24.695,2072.41,1.585,32.84,1
ORCL,2025-01-10,2025-01-16,2025-01-17,2-3%,-2.415,159.2,163.14,tp_gap_filled,13.0203,2072.84,2.475,51.3,1
PM,2025-01-10,2025-01-16,2025-01-17,1-2%,-1.526,120.0,121.86,tp_gap_filled,17.2744,2072.93,1.55,32.13,1
IP,2024-12-05,2024-12-09,2025-01-21,1-2%,-1.143,57.06,57.72,tp_gap_filled,38.226,2181.17,1.157,25.23,27
ETN,2024-12-17,2025-01-06,2025-01-21,1-2%,-1.062,351.38,355.15,tp_gap_filled,5.9027,2074.08,1.073,22.25,9
RMD,2024-12-18,2025-01-07,2025-01-21,1-2%,-1.476,239.04,242.62,tp_gap_filled,8.5875,2052.76,1.498,30.74,8
APH,2025-01-10,2025-01-15,2025-01-21,1-2%,-1.336,35.435,35.915,tp_gap_filled,58.1298,2059.83,1.355,27.9,3
NVDA,2025-01-10,2025-01-16,2025-01-21,1-2%,-1.899,137.45,140.11,tp_gap_filled,15.0892,2074.01,1.935,40.14,2
BALL,2025-01-16,2025-01-17,2025-01-21,1-2%,-1.548,53.42,54.26,tp_gap_filled,38.9886,2082.77,1.572,32.75,1
CI,2025-01-16,2025-01-17,2025-01-21,1-2%,-1.585,280.07,284.58,tp_gap_filled,7.439,2083.45,1.61,33.55,1
CNC,2025-01-16,2025-01-17,2025-01-21,1-2%,-1.267,62.35,63.15,tp_gap_filled,33.4207,2083.78,1.283,26.74,1
DG,2025-01-16,2025-01-17,2025-01-21,1-2%,-1.108,67.81,68.57,tp_gap_filled,30.7287,2083.71,1.121,23.35,1
EW,2025-01-16,2025-01-17,2025-01-21,1-2%,-1.892,68.95,70.28,tp_gap_filled,30.225,2084.01,1.929,40.2,1
HBAN,2025-01-16,2025-01-17,2025-01-21,1-2%,-1.056,16.86,17.04,tp_gap_filled,123.6367,2084.51,1.068,22.25,1
HUM,2025-01-16,2025-01-17,2025-01-21,1-2%,-1.603,275.01,279.49,tp_gap_filled,7.5811,2084.89,1.629,33.96,1
LUV,2025-01-16,2025-01-17,2025-01-21,1-2%,-1.921,32.17,32.8,tp_gap_filled,64.8718,2086.93,1.958,40.87,1
PHM,2025-01-16,2025-01-17,2025-01-21,1-2%,-1.25,114.52,115.97,tp_gap_filled,18.2244,2087.06,1.266,26.43,1
EFX,2024-10-17,2024-10-18,2025-01-22,3-5%,-4.125,278.0,271.88,time_exit,7.5981,2112.28,-2.201,-46.5,63
ELV,2024-10-17,2024-10-18,2025-01-22,10%+,-18.523,404.91,390.73,time_exit,5.2182,2112.89,-3.502,-73.99,63
CFG,2025-01-17,2025-01-21,2025-01-22,1-2%,-1.09,46.29,46.8,tp_gap_filled,45.4534,2104.04,1.102,23.18,1
EQT,2025-01-17,2025-01-21,2025-01-22,1-2%,-1.822,52.8,53.78,tp_gap_filled,39.8777,2105.54,1.856,39.08,1
GPC,2025-01-17,2025-01-21,2025-01-22,1-2%,-1.189,118.0,119.42,tp_gap_filled,17.8479,2106.05,1.203,25.34,1
STX,2024-12-03,2025-01-21,2025-01-22,1-2%,-1.076,102.05,103.16,tp_gap_filled,20.6497,2107.3,1.088,22.92,1
VST,2025-01-17,2025-01-21,2025-01-22,2-3%,-2.856,169.03,174.0,tp_gap_filled,12.465,2106.97,2.94,61.95,1
SW,2024-11-27,2024-11-29,2025-01-23,1-2%,-1.945,54.45,55.53,tp_gap_filled,40.1946,2188.59,1.983,43.41,35
CDNS,2024-12-05,2025-01-22,2025-01-23,1-2%,-1.861,318.5,324.54,tp_gap_filled,6.5965,2100.98,1.896,39.84,1
GS,2025-01-21,2025-01-22,2025-01-23,1-2%,-1.459,616.81,625.94,tp_gap_filled,3.4064,2101.09,1.48,31.1,1
MAR,2025-01-21,2025-01-22,2025-01-23,2-3%,-2.132,271.27,277.18,tp_gap_filled,7.7494,2102.18,2.179,45.8,1
MS,2025-01-21,2025-01-22,2025-01-23,1-2%,-1.037,136.44,137.87,tp_gap_filled,15.4177,2103.6,1.048,22.05,1
MSCI,2025-01-21,2025-01-22,2025-01-23,1-2%,-1.154,604.96,612.02,tp_gap_filled,3.477,2103.46,1.167,24.55,1
PG,2025-01-06,2025-01-22,2025-01-23,1-2%,-1.405,162.81,165.13,tp_gap_filled,12.925,2104.32,1.425,29.99,1
APD,2024-12-05,2024-12-06,2025-01-24,3-5%,-3.967,314.49,327.48,tp_gap_filled,6.9063,2171.96,4.131,89.71,31
ADBE,2025-01-03,2025-01-06,2025-01-24,2-3%,-2.619,429.45,441.0,tp_gap_filled,4.8292,2073.9,2.689,55.78,12
PANW,2024-12-27,2025-01-22,2025-01-24,1-2%,-1.13,186.37,188.5,tp_gap_filled,11.2895,2104.02,1.143,24.05,2
ABT,2025-01-22,2025-01-23,2025-01-24,2-3%,-2.278,114.13,116.79,tp_gap_filled,18.4924,2110.54,2.331,49.19,1
CF,2025-01-21,2025-01-23,2025-01-24,1-2%,-1.557,95.5,87.86,stop,22.1262,2113.05,-8.0,-169.04,1
ELV,2025-01-22,2025-01-23,2025-01-24,1-2%,-1.732,382.48,389.22,tp_gap_filled,5.5229,2112.41,1.762,37.22,1
HUM,2025-01-22,2025-01-23,2025-01-24,1-2%,-1.244,281.13,284.67,tp_gap_filled,7.5199,2114.08,1.259,26.62,1
ACN,2024-12-23,2024-12-24,2025-01-27,1-2%,-1.58,360.58,366.37,tp_gap_filled,5.7581,2076.25,1.606,33.34,20
AVGO,2024-12-17,2024-12-26,2025-01-27,3-5%,-3.74,240.65,204.5525,stop,8.6356,2078.16,-15.0,-311.72,19
CLX,2025-01-06,2025-01-17,2025-01-27,1-2%,-1.001,161.26,162.89,tp_gap_filled,12.9234,2084.03,1.011,21.07,5
MTB,2025-01-16,2025-01-17,2025-01-27,2-3%,-2.569,195.71,200.87,tp_gap_filled,10.6629,2086.84,2.637,55.02,5
EG,2025-01-08,2025-01-21,2025-01-27,1-2%,-1.027,367.21,371.02,tp_gap_filled,5.7348,2105.87,1.038,21.85,4
IT,2024-11-15,2025-01-21,2025-01-27,1-2%,-1.581,528.61,537.1,tp_gap_filled,3.9855,2106.79,1.606,33.84,4
AAPL,2025-01-21,2025-01-22,2025-01-27,2-3%,-2.6,224.0,229.98,tp_gap_filled,9.3837,2101.96,2.67,56.11,3
CVS,2024-12-11,2025-01-23,2025-01-27,1-2%,-1.179,54.5,55.15,tp_gap_filled,38.7695,2112.94,1.193,25.2,2
FITB,2025-01-22,2025-01-23,2025-01-27,1-2%,-1.271,44.29,44.86,tp_gap_filled,47.7421,2114.5,1.287,27.21,2
ANET,2025-01-23,2025-01-24,2025-01-27,1-2%,-1.14,128.34,118.0728,stop,16.3881,2103.25,-8.0,-168.26,1
CIEN,2025-01-23,2025-01-24,2025-01-27,1-2%,-1.181,93.73,86.2316,stop,22.4424,2103.52,-8.0,-168.28,1
COHR,2025-01-23,2025-01-24,2025-01-27,2-3%,-2.019,105.78,94.1442,stop,19.8981,2104.82,-11.0,-231.53,1
EME,2025-01-23,2025-01-24,2025-01-27,1-2%,-1.039,530.42,487.9864,stop,3.9641,2102.65,-8.0,-168.21,1
ETN,2025-01-23,2025-01-24,2025-01-27,1-2%,-1.102,367.14,337.7688,stop,5.7274,2102.75,-8.0,-168.22,1
DVN,2025-01-16,2025-01-17,2025-01-28,1-2%,-1.041,38.03,34.9876,stop,54.8015,2084.1,-8.0,-166.73,6
CCL,2024-12-23,2025-01-21,2025-01-28,1-2%,-1.045,26.52,26.8,tp_gap_filled,79.3929,2105.5,1.056,22.23,5
STT,2025-01-17,2025-01-21,2025-01-28,3-5%,-4.806,95.66,100.49,tp_gap_filled,22.0137,2105.83,5.049,106.33,5
BA,2025-01-24,2025-01-27,2025-01-28,1-2%,-1.401,176.0,178.5,tp_gap_filled,11.8486,2085.36,1.42,29.62,1
CSX,2025-01-24,2025-01-27,2025-01-28,3-5%,-4.811,32.05,33.67,tp_gap_filled,65.0597,2085.16,5.055,105.4,1
ELV,2025-01-24,2025-01-27,2025-01-28,1-2%,-1.046,397.16,401.36,tp_gap_filled,5.2554,2087.23,1.058,22.07,1
ERIE,2025-01-21,2025-01-27,2025-01-28,2-3%,-2.707,394.59,405.57,tp_gap_filled,5.2934,2088.71,2.783,58.12,1
ESS,2025-01-22,2025-01-27,2025-01-28,1-2%,-1.125,282.03,285.24,tp_gap_filled,7.4095,2089.71,1.138,23.78,1
PFE,2025-01-24,2025-01-27,2025-01-28,1-2%,-1.589,26.02,26.44,tp_gap_filled,80.2878,2089.09,1.614,33.72,1
WDAY,2024-12-30,2025-01-27,2025-01-28,1-2%,-1.003,263.57,266.24,tp_gap_filled,7.9312,2090.44,1.013,21.18,1
ALLE,2024-10-24,2024-10-25,2025-01-29,5-10%,-5.648,142.34,131.0,time_exit,14.4926,2062.88,-7.967,-164.35,63
FISV,2024-12-05,2024-12-06,2025-01-29,5-10%,-5.953,203.0,215.85,tp_gap_filled,10.6992,2171.95,6.33,137.49,34
GS,2025-01-24,2025-01-27,2025-01-29,1-2%,-1.486,630.0,639.5,tp_gap_filled,3.3173,2089.87,1.508,31.51,2
ADBE,2025-01-27,2025-01-28,2025-01-29,1-2%,-1.183,430.23,435.38,tp_gap_filled,4.8359,2080.53,1.197,24.9,1
AMZN,2025-01-27,2025-01-28,2025-01-29,3-5%,-3.679,226.21,234.85,tp_gap_filled,9.2027,2081.75,3.819,79.51,1
APO,2025-01-27,2025-01-28,2025-01-29,2-3%,-2.395,167.94,172.06,tp_gap_filled,12.4099,2084.12,2.453,51.13,1
AXON,2025-01-27,2025-01-28,2025-01-29,2-3%,-2.053,597.79,610.32,tp_gap_filled,3.4877,2084.94,2.096,43.7,1
BLK,2025-01-27,2025-01-28,2025-01-29,1-2%,-1.024,1010.0,1020.45,tp_gap_filled,2.0673,2087.96,1.035,21.6,1
BX,2025-01-27,2025-01-28,2025-01-29,2-3%,-2.645,181.8,186.74,tp_gap_filled,11.4943,2089.66,2.717,56.78,1
CASY,2025-01-27,2025-01-28,2025-01-29,1-2%,-1.143,406.55,411.25,tp_gap_filled,5.1421,2090.53,1.156,24.17,1
CHTR,2025-01-27,2025-01-28,2025-01-29,1-2%,-1.287,362.85,367.58,tp_gap_filled,5.764,2091.47,1.304,27.26,1
COST,2025-01-27,2025-01-28,2025-01-29,1-2%,-1.03,930.0,939.68,tp_gap_filled,2.2492,2091.76,1.041,21.77,1
CARR,2024-10-24,2024-10-28,2025-01-30,5-10%,-5.316,75.7,65.97,time_exit,27.428,2076.3,-12.853,-266.87,63
KEY,2025-01-16,2025-01-17,2025-01-30,1-2%,-1.213,17.92,18.14,tp_gap_filled,116.4085,2086.04,1.228,25.61,8
APD,2025-01-27,2025-01-28,2025-01-30,1-2%,-1.084,325.69,329.26,tp_gap_filled,6.3986,2083.95,1.096,22.84,2
ARES,2025-01-27,2025-01-28,2025-01-30,2-3%,-2.995,191.41,197.32,tp_gap_filled,10.89,2084.46,3.088,64.36,2
BKNG,2025-01-27,2025-01-28,2025-01-30,2-3%,-2.267,186.2748,190.5956,tp_gap_filled,11.2077,2087.71,2.32,48.43,2
CPRT,2025-01-27,2025-01-28,2025-01-30,1-2%,-1.231,56.99,57.7,tp_gap_filled,36.7267,2093.05,1.246,26.08,2
IR,2025-01-27,2025-01-29,2025-01-30,1-2%,-1.267,91.93,93.11,tp_gap_filled,22.687,2085.61,1.284,26.77,1
LRCX,2025-01-27,2025-01-29,2025-01-30,3-5%,-3.627,76.79,79.68,tp_gap_filled,27.1529,2085.07,3.764,78.47,1
NSC,2025-01-28,2025-01-29,2025-01-30,1-2%,-1.082,256.95,259.76,tp_gap_filled,8.1112,2084.18,1.094,22.79,1
PCAR,2025-01-28,2025-01-29,2025-01-30,3-5%,-3.412,106.16,109.91,tp_gap_filled,19.6321,2084.15,3.532,73.62,1
PH,2025-01-27,2025-01-29,2025-01-30,1-2%,-1.404,669.8,679.34,tp_gap_filled,3.1144,2086.0,1.424,29.71,1
XYL,2024-12-12,2024-12-16,2025-01-31,1-2%,-1.054,122.08,123.38,tp_gap_filled,17.2911,2110.9,1.065,22.48,30
APA,2025-01-21,2025-01-23,2025-01-31,1-2%,-1.68,23.99,22.0708,stop,88.1159,2113.9,-8.0,-169.11,6
FDS,2025-01-28,2025-01-29,2025-01-31,1-2%,-1.142,470.0,475.43,tp_gap_filled,4.439,2086.35,1.155,24.1,2
KLAC,2025-01-27,2025-01-29,2025-01-31,3-5%,-4.43,71.66,74.982,tp_gap_filled,29.0997,2085.28,4.636,96.67,2
AAPL,2025-01-29,2025-01-30,2025-01-31,1-2%,-1.738,234.12,238.26,tp_gap_filled,9.0177,2111.22,1.768,37.33,1
CB,2025-01-29,2025-01-30,2025-01-31,1-2%,-1.565,268.01,272.27,tp_gap_filled,7.8829,2112.71,1.589,33.58,1
DHI,2024-10-29,2024-10-30,2025-02-03,10%+,-15.074,153.19,137.46,time_exit,13.5069,2069.12,-10.268,-212.46,63
ON,2025-01-24,2025-01-27,2025-02-03,1-2%,-1.209,55.58,51.1336,stop,37.6092,2090.32,-8.0,-167.23,5
BKR,2025-01-27,2025-01-31,2025-02-03,1-2%,-1.712,44.77,45.55,tp_gap_filled,46.9805,2103.32,1.742,36.64,1
CMI,2025-01-27,2025-01-30,2025-02-04,2-3%,-2.073,360.0,367.62,tp_gap_filled,5.8717,2113.8,2.117,44.74,3
BR,2025-01-31,2025-02-03,2025-02-04,3-5%,-3.383,231.03,239.12,tp_gap_filled,9.0108,2081.76,3.502,72.9,1
CDW,2024-10-30,2024-11-06,2025-02-05,5-10%,-8.954,200.21,219.9,tp_gap_filled,10.5091,2104.03,9.835,206.92,60
MRSH,2024-12-09,2025-01-27,2025-02-05,1-2%,-1.141,222.59,225.16,tp_gap_filled,9.3898,2090.09,1.155,24.13,7
CRH,2025-01-27,2025-01-28,2025-02-05,2-3%,-2.341,98.89,101.26,tp_gap_filled,21.1679,2093.29,2.397,50.17,6
CLX,2025-01-31,2025-02-03,2025-02-05,1-2%,-1.091,158.7,146.004,stop,13.1312,2083.91,-8.0,-166.71,2
ABT,2025-02-03,2025-02-04,2025-02-05,1-2%,-1.001,126.65,127.93,tp_gap_filled,16.585,2100.49,1.011,21.23,1
F,2025-01-22,2025-01-24,2025-02-06,1-2%,-1.726,10.25,9.43,stop,205.1669,2102.96,-8.0,-168.24,9
FLEX,2025-01-27,2025-01-29,2025-02-06,5-10%,-5.647,41.77,44.27,tp_gap_filled,49.9371,2085.87,5.985,124.84,6
COHR,2025-01-27,2025-01-30,2025-02-06,10%+,-12.289,88.0,100.33,tp_gap_filled,24.02,2113.76,14.011,296.17,5
ADP,2025-02-04,2025-02-05,2025-02-06,1-2%,-1.035,304.14,307.32,tp_gap_filled,6.981,2123.21,1.046,22.2,1
AMGN,2024-11-14,2025-02-05,2025-02-06,1-2%,-1.171,297.91,301.44,tp_gap_filled,7.1289,2123.77,1.185,25.16,1
ARE,2025-02-03,2025-02-05,2025-02-06,1-2%,-1.14,96.24,97.35,tp_gap_filled,22.0821,2125.18,1.153,24.51,1
BKR,2025-02-04,2025-02-05,2025-02-06,1-2%,-1.624,46.63,47.4,tp_gap_filled,45.5827,2125.52,1.651,35.1,1
CFG,2025-01-31,2025-02-06,2025-02-07,1-2%,-1.199,47.78,48.36,tp_gap_filled,44.5901,2130.52,1.214,25.86,1
ADM,2024-11-05,2024-11-06,2025-02-10,5-10%,-8.68,50.5,46.09,time_exit,41.4991,2095.71,-8.733,-183.01,63
AMCR,2024-11-01,2024-11-06,2025-02-10,5-10%,-6.02,52.3,50.2,time_exit,40.1899,2101.93,-4.015,-84.4,63
EQT,2025-01-27,2025-01-30,2025-02-10,3-5%,-4.508,51.26,53.68,tp_gap_filled,41.2519,2114.57,4.721,99.83,7
CMG,2025-02-05,2025-02-06,2025-02-10,5-10%,-5.083,56.02,59.02,tp_gap_filled,38.0399,2131.0,5.355,114.12,2
FSLR,2024-11-06,2024-11-07,2025-02-11,10%+,-12.668,188.54,161.6,time_exit,11.2227,2115.92,-14.289,-302.34,63
KO,2024-11-06,2024-11-22,2025-02-11,1-2%,-1.453,64.42,65.37,tp_gap_filled,33.2749,2143.57,1.475,31.61,52
SPG,2024-12-09,2024-12-16,2025-02-11,1-2%,-1.191,181.65,183.84,tp_gap_filled,11.6204,2110.84,1.206,25.45,37
SBAC,2024-12-18,2025-01-21,2025-02-11,1-2%,-1.0,206.9,208.99,tp_gap_filled,10.1805,2106.34,1.01,21.28,15
EXE,2025-01-27,2025-01-30,2025-02-11,2-3%,-2.019,103.86,106.0,tp_gap_filled,20.36,2114.59,2.06,43.57,8
COP,2025-02-06,2025-02-07,2025-02-11,1-2%,-1.317,98.89,100.21,tp_gap_filled,21.4174,2117.96,1.335,28.27,2
APA,2025-01-31,2025-02-10,2025-02-11,1-2%,-1.0,22.76,22.99,tp_gap_filled,94.5236,2151.36,1.011,21.74,1
FE,2025-02-07,2025-02-10,2025-02-11,1-2%,-1.121,39.68,40.13,tp_gap_filled,54.2119,2151.13,1.134,24.4,1
CAT,2025-01-27,2025-01-29,2025-02-12,2-3%,-2.561,397.19,353.4991,stop,5.2524,2086.2,-11.0,-229.48,10
AAPL,2025-02-03,2025-02-04,2025-02-12,2-3%,-2.547,229.99,236.0,tp_gap_filled,9.1307,2099.97,2.613,54.88,6
D,2025-02-04,2025-02-11,2025-02-12,1-2%,-1.048,55.73,56.32,tp_gap_filled,38.4267,2141.52,1.059,22.67,1
ABNB,2024-11-08,2024-11-11,2025-02-13,5-10%,-8.618,134.67,141.04,time_exit,15.698,2114.05,4.73,100.0,63
APP,2024-12-09,2025-01-22,2025-02-13,5-10%,-7.846,370.0,401.5,tp_gap_filled,5.6809,2101.92,8.514,178.95,16
CHTR,2025-01-30,2025-01-31,2025-02-13,5-10%,-6.437,336.2,359.33,tp_gap_filled,6.2599,2104.59,6.88,144.79,9
AES,2025-02-03,2025-02-06,2025-02-13,1-2%,-1.727,10.81,9.9452,stop,196.7669,2127.05,-8.0,-170.16,5
ECHO,2025-02-07,2025-02-10,2025-02-13,1-2%,-1.26,29.0,29.37,tp_gap_filled,74.1743,2151.06,1.276,27.44,3
AMGN,2025-02-11,2025-02-12,2025-02-13,1-2%,-1.435,290.56,294.79,tp_gap_filled,7.3255,2128.5,1.456,30.99,1
BXP,2025-02-11,2025-02-12,2025-02-13,1-2%,-1.504,70.05,71.12,tp_gap_filled,30.3948,2129.15,1.527,32.52,1
CCL,2025-02-11,2025-02-12,2025-02-13,1-2%,-1.149,25.8,26.1,tp_gap_filled,82.5343,2129.39,1.163,24.76,1
DPZ,2025-02-11,2025-02-12,2025-02-13,1-2%,-1.143,469.51,474.94,tp_gap_filled,4.5348,2129.15,1.157,24.62,1
DRI,2025-02-11,2025-02-12,2025-02-13,1-2%,-1.152,193.06,195.31,tp_gap_filled,11.0294,2129.33,1.165,24.82,1
EQIX,2025-01-10,2025-01-15,2025-02-14,2-3%,-2.809,924.33,951.04,tp_gap_filled,2.2313,2062.46,2.89,59.6,21
AMAT,2025-01-23,2025-01-24,2025-02-14,2-3%,-2.752,190.13,169.2157,stop,11.0661,2104.0,-11.0,-231.44,15
BMY,2025-02-04,2025-02-05,2025-02-14,1-2%,-1.802,58.87,54.1604,stop,36.1398,2127.55,-8.0,-170.2,7
CPAY,2025-02-11,2025-02-12,2025-02-14,1-2%,-1.154,370.82,375.15,tp_gap_filled,5.7428,2129.53,1.168,24.87,2
ACN,2025-02-12,2025-02-13,2025-02-14,1-2%,-1.015,386.05,390.01,tp_gap_filled,5.5511,2142.99,1.026,21.98,1
AEE,2025-02-12,2025-02-13,2025-02-14,1-2%,-1.273,96.93,98.18,tp_gap_filled,22.1161,2143.71,1.29,27.65,1
AEP,2025-02-12,2025-02-13,2025-02-14,1-2%,-1.129,100.73,101.88,tp_gap_filled,21.2876,2144.3,1.142,24.48,1
ALLE,2025-02-12,2025-02-13,2025-02-14,2-3%,-2.004,129.09,131.73,tp_gap_filled,16.6118,2144.41,2.045,43.86,1
AMT,2025-02-12,2025-02-13,2025-02-14,2-3%,-2.078,189.4,193.42,tp_gap_filled,11.3311,2146.12,2.122,45.55,1
ARE,2025-02-12,2025-02-13,2025-02-14,1-2%,-1.474,93.56,94.96,tp_gap_filled,22.9398,2146.25,1.496,32.12,1
ATO,2025-02-12,2025-02-13,2025-02-14,1-2%,-1.103,143.47,145.07,tp_gap_filled,14.9668,2147.29,1.115,23.95,1
AXON,2025-02-12,2025-02-13,2025-02-14,1-2%,-1.908,656.49,669.26,tp_gap_filled,3.2729,2148.64,1.945,41.8,1
SMCI,2024-10-30,2024-11-25,2025-02-18,10%+,-29.051,34.85,49.12,tp_gap_filled,62.2737,2170.24,40.947,888.65,55
AME,2025-02-12,2025-02-13,2025-02-18,1-2%,-1.29,182.93,185.32,tp_gap_filled,11.73,2145.76,1.307,28.03,2
APA,2025-02-12,2025-02-14,2025-02-18,1-2%,-1.073,23.06,23.31,tp_gap_filled,93.3594,2152.87,1.084,23.34,1
APO,2025-02-11,2025-02-14,2025-02-18,1-2%,-1.03,160.5,162.17,tp_gap_filled,13.4144,2153.02,1.04,22.4,1
CARR,2025-02-11,2025-02-14,2025-02-18,2-3%,-2.612,64.5,66.23,tp_gap_filled,33.3739,2152.62,2.682,57.74,1
DXCM,2025-02-12,2025-02-14,2025-02-18,1-2%,-1.517,85.07,86.38,tp_gap_filled,25.298,2152.1,1.54,33.14,1
HBAN,2025-02-12,2025-02-14,2025-02-18,1-2%,-1.127,16.67,16.86,tp_gap_filled,129.219,2154.08,1.14,24.55,1
NUE,2025-02-12,2025-02-14,2025-02-18,1-2%,-1.245,136.39,138.11,tp_gap_filled,15.7947,2154.24,1.261,27.17,1
NTAP,2025-02-10,2025-02-11,2025-02-19,1-2%,-1.757,120.75,122.91,tp_gap_filled,17.735,2141.5,1.789,38.31,5
ADM,2025-02-12,2025-02-13,2025-02-19,2-3%,-2.326,45.36,46.44,tp_gap_filled,47.2527,2143.38,2.381,51.03,3
CFG,2025-02-12,2025-02-14,2025-02-19,1-2%,-1.293,46.56,47.17,tp_gap_filled,46.2422,2153.04,1.31,28.21,2
CSGP,2025-02-12,2025-02-14,2025-02-19,2-3%,-2.487,74.11,76.0,tp_gap_filled,29.0493,2152.84,2.55,54.9,2
KDP,2025-02-04,2025-02-18,2025-02-19,1-2%,-1.014,32.21,32.54,tp_gap_filled,67.2662,2166.64,1.025,22.2,1
MPWR,2025-02-14,2025-02-18,2025-02-19,1-2%,-1.006,692.95,699.99,tp_gap_filled,3.1278,2167.38,1.016,22.02,1
PANW,2025-02-14,2025-02-18,2025-02-19,3-5%,-4.894,192.0,201.88,tp_gap_filled,11.288,2167.3,5.146,111.53,1
ABBV,2024-11-11,2024-11-22,2025-02-20,10%+,-10.491,178.57,199.5,tp_gap_filled,11.9845,2140.08,11.721,250.84,58
ADI,2025-01-24,2025-02-19,2025-02-20,1-2%,-1.633,224.62,228.35,tp_gap_filled,9.6549,2168.69,1.661,36.01,1
AWK,2025-01-28,2025-02-19,2025-02-20,1-2%,-1.385,128.15,129.95,tp_gap_filled,16.9473,2171.79,1.405,30.51,1
BG,2025-02-18,2025-02-19,2025-02-20,1-2%,-1.121,69.71,70.5,tp_gap_filled,31.1532,2171.69,1.133,24.61,1
CVS,2025-02-18,2025-02-19,2025-02-20,1-2%,-1.489,64.85,65.83,tp_gap_filled,33.5052,2172.81,1.511,32.84,1
EQIX,2025-02-18,2025-02-19,2025-02-20,1-2%,-1.44,920.16,933.6,tp_gap_filled,2.3625,2173.85,1.461,31.75,1
CI,2025-01-30,2025-01-31,2025-02-21,5-10%,-9.334,275.0,303.31,tp_gap_filled,7.6573,2105.76,10.295,216.78,14
CDNS,2025-01-27,2025-02-06,2025-02-21,3-5%,-4.64,305.61,259.7685,stop,6.9726,2130.89,-15.0,-319.63,10
ALGN,2025-02-12,2025-02-14,2025-02-21,1-2%,-1.606,207.14,190.5688,stop,10.3937,2152.94,-8.0,-172.24,4
BAX,2025-02-03,2025-02-20,2025-02-21,2-3%,-2.457,31.76,32.56,tp_gap_filled,67.9897,2159.35,2.519,54.39,1
CSGP,2025-02-19,2025-02-20,2025-02-21,3-5%,-3.485,72.83,75.46,tp_gap_filled,29.6798,2161.58,3.611,78.06,1
CF,2025-01-24,2025-01-29,2025-02-24,3-5%,-4.336,91.11,77.4435,stop,22.8922,2085.71,-15.0,-312.86,17
CL,2025-01-31,2025-02-03,2025-02-24,5-10%,-6.007,85.43,90.89,tp_gap_filled,24.3841,2083.13,6.391,133.14,14
BIIB,2025-02-11,2025-02-14,2025-02-24,1-2%,-1.319,140.66,142.54,tp_gap_filled,15.3109,2153.64,1.337,28.78,5
NOW,2025-02-12,2025-02-18,2025-02-24,1-2%,-1.269,199.25,183.31,stop,10.877,2167.25,-8.0,-173.38,4
ATO,2025-02-20,2025-02-21,2025-02-24,1-2%,-1.252,146.74,148.6,tp_gap_filled,14.4299,2117.44,1.268,26.84,1
CHD,2025-02-20,2025-02-21,2025-02-24,1-2%,-1.112,103.2,104.36,tp_gap_filled,20.5267,2118.35,1.124,23.81,1
AMZN,2025-02-05,2025-02-06,2025-02-25,2-3%,-2.082,237.02,210.9478,stop,8.9786,2128.1,-11.0,-234.09,12
BX,2025-02-11,2025-02-18,2025-02-25,1-2%,-1.234,166.53,153.2076,stop,13.0111,2166.73,-8.0,-173.34,5
CI,2025-02-21,2025-02-24,2025-02-25,1-2%,-1.732,294.49,299.68,tp_gap_filled,7.1343,2100.97,1.762,37.03,1
ELV,2025-02-21,2025-02-24,2025-02-25,2-3%,-2.945,379.0,390.5,tp_gap_filled,5.5462,2101.99,3.034,63.78,1
INCY,2025-02-10,2025-02-24,2025-02-25,1-2%,-1.511,73.01,74.13,tp_gap_filled,28.7796,2101.2,1.534,32.23,1
CNC,2025-02-06,2025-02-25,2025-02-26,1-2%,-1.054,60.09,60.73,tp_gap_filled,34.8486,2094.05,1.065,22.3,1
COR,2025-02-06,2025-02-25,2025-02-26,1-2%,-1.141,250.39,253.28,tp_gap_filled,8.3666,2094.92,1.154,24.18,1
DPZ,2025-02-24,2025-02-25,2025-02-26,3-5%,-4.622,441.0,462.37,tp_gap_filled,4.7504,2094.94,4.846,101.52,1
ACGL,2025-02-11,2025-02-12,2025-02-27,2-3%,-2.143,89.5,91.46,tp_gap_filled,23.7887,2129.09,2.19,46.63,10
EXE,2025-02-20,2025-02-21,2025-02-27,1-2%,-1.005,106.37,97.8604,stop,19.9232,2119.23,-8.0,-169.54,4
EMR,2025-02-25,2025-02-26,2025-02-27,1-2%,-1.003,119.47,120.68,tp_gap_filled,17.5981,2102.45,1.013,21.29,1
FSLR,2025-02-25,2025-02-26,2025-02-27,1-2%,-1.295,150.93,152.91,tp_gap_filled,13.9309,2102.59,1.312,27.58,1
GEV,2025-02-25,2025-02-26,2025-02-27,2-3%,-2.738,307.26,315.91,tp_gap_filled,6.8484,2104.23,2.815,59.24,1
TGT,2024-11-20,2024-11-25,2025-02-28,10%+,-17.949,128.0,124.24,time_exit,16.9983,2175.78,-2.938,-63.91,63
CVS,2025-02-21,2025-02-24,2025-02-28,3-5%,-3.395,62.88,65.09,tp_gap_filled,33.4271,2101.9,3.515,73.87,4
KR,2025-02-24,2025-02-25,2025-02-28,1-2%,-1.506,64.08,65.06,tp_gap_filled,32.7358,2097.71,1.529,32.08,3
CCI,2025-02-26,2025-02-27,2025-02-28,1-2%,-1.404,92.02,93.33,tp_gap_filled,22.5694,2076.84,1.424,29.57,1
L,2025-02-10,2025-02-27,2025-02-28,1-2%,-1.014,85.89,86.77,tp_gap_filled,24.183,2077.08,1.025,21.28,1
MMM,2025-02-26,2025-02-27,2025-02-28,1-2%,-1.467,144.39,146.54,tp_gap_filled,14.3823,2076.66,1.489,30.92,1
EOG,2025-01-21,2025-01-22,2025-03-03,1-2%,-1.208,134.93,124.1356,stop,15.5738,2101.38,-8.0,-168.11,27
BAC,2025-02-19,2025-02-20,2025-03-03,1-2%,-1.397,45.88,46.53,tp_gap_filled,47.0772,2159.9,1.417,30.6,7
HUM,2025-02-21,2025-02-24,2025-03-03,3-5%,-4.902,258.0,271.3,tp_gap_filled,8.1461,2101.69,5.155,108.34,5
ELV,2025-02-26,2025-02-27,2025-03-03,1-2%,-1.294,396.73,401.93,tp_gap_filled,5.2365,2077.48,1.311,27.23,2
LH,2025-02-26,2025-02-27,2025-03-03,1-2%,-1.135,250.0,252.87,tp_gap_filled,8.3081,2077.03,1.148,23.84,2
AWK,2025-02-27,2025-02-28,2025-03-03,1-2%,-1.207,133.43,135.06,tp_gap_filled,15.6827,2092.54,1.222,25.56,1
DOC,2025-02-03,2025-02-28,2025-03-03,1-2%,-1.016,20.45,20.66,tp_gap_filled,102.3637,2093.34,1.027,21.5,1
ED,2025-02-27,2025-02-28,2025-03-03,1-2%,-1.0,98.96,99.96,tp_gap_filled,21.1566,2093.65,1.011,21.16,1
KDP,2025-02-27,2025-02-28,2025-03-03,2-3%,-2.786,32.8,33.74,tp_gap_filled,63.8639,2094.74,2.866,60.03,1
PSKY,2025-02-27,2025-02-28,2025-03-03,2-3%,-2.406,10.95,11.22,tp_gap_filled,191.384,2095.66,2.466,51.67,1
BBY,2024-11-26,2024-11-27,2025-03-04,5-10%,-6.955,86.56,75.2,time_exit,25.1419,2176.29,-13.124,-285.61,63
CRM,2025-01-30,2025-01-31,2025-03-04,3-5%,-3.701,340.9,289.765,stop,6.1857,2108.7,-15.0,-316.3,21
SCHW,2025-02-10,2025-02-11,2025-03-04,1-2%,-1.96,81.55,75.026,stop,26.2548,2141.08,-8.0,-171.29,14
CFG,2025-02-19,2025-02-20,2025-03-04,1-2%,-1.197,46.24,42.5408,stop,46.7482,2161.64,-8.0,-172.93,8
AMGN,2025-02-26,2025-03-03,2025-03-04,1-2%,-1.166,311.95,315.63,tp_gap_filled,6.6071,2061.1,1.18,24.31,1
APA,2025-02-28,2025-03-03,2025-03-04,1-2%,-1.469,20.12,18.5104,stop,102.4325,2060.94,-8.0,-164.88,1
CI,2025-02-26,2025-03-03,2025-03-04,1-2%,-1.099,310.45,313.9,tp_gap_filled,6.6266,2057.23,1.111,22.86,1
FLEX,2025-02-28,2025-03-03,2025-03-04,1-2%,-1.111,37.37,34.3804,stop,54.9843,2054.76,-8.0,-164.38,1
GEV,2025-02-28,2025-03-03,2025-03-04,1-2%,-1.204,322.35,296.562,stop,6.3699,2053.33,-8.0,-164.27,1
HOOD,2025-02-28,2025-03-03,2025-03-04,1-2%,-1.22,48.185,44.3302,stop,42.6171,2053.51,-8.0,-164.28,1
DELL,2024-11-27,2024-11-29,2025-03-05,10%+,-11.867,124.92,97.25,time_exit,17.5007,2186.19,-22.15,-484.24,63
GD,2025-01-29,2025-01-30,2025-03-05,3-5%,-3.332,253.82,262.57,tp_gap_filled,8.3292,2114.12,3.447,72.88,23
FCX,2025-02-28,2025-03-03,2025-03-05,1-2%,-1.897,36.71,37.42,tp_gap_filled,56.0089,2056.09,1.934,39.77,2
HCA,2025-02-28,2025-03-03,2025-03-05,5-10%,-5.278,304.0,320.94,tp_gap_filled,6.7517,2052.52,5.572,114.37,2
PEP,2025-03-03,2025-03-04,2025-03-05,1-2%,-1.381,151.35,153.47,tp_gap_filled,13.3355,2018.33,1.401,28.27,1
ADSK,2024-11-27,2024-12-02,2025-03-06,5-10%,-7.787,293.2,260.39,time_exit,7.5172,2204.05,-11.19,-246.64,63
AKAM,2024-11-08,2024-12-02,2025-03-06,5-10%,-6.216,97.91,82.81,time_exit,22.5162,2204.57,-15.422,-340.0,63
HPQ,2024-11-27,2024-12-02,2025-03-06,5-10%,-6.496,36.56,29.97,time_exit,60.3117,2205.0,-18.025,-397.45,63
KR,2025-03-03,2025-03-04,2025-03-06,3-5%,-3.116,62.8,64.82,tp_gap_filled,32.1352,2018.09,3.217,64.91,2
ALGN,2025-03-04,2025-03-05,2025-03-06,1-2%,-1.194,173.0,175.09,tp_gap_filled,11.8202,2044.9,1.208,24.7,1
AMZN,2025-03-04,2025-03-05,2025-03-06,2-3%,-2.395,200.11,205.02,tp_gap_filled,10.2213,2045.39,2.454,50.19,1
APA,2025-03-04,2025-03-05,2025-03-06,1-2%,-1.747,18.56,18.89,tp_gap_filled,110.2951,2047.08,1.778,36.4,1
AZO,2025-03-04,2025-03-05,2025-03-06,1-2%,-1.496,3425.73,3477.76,tp_gap_filled,0.5975,2046.92,1.519,31.09,1
CARR,2025-03-04,2025-03-05,2025-03-06,1-2%,-1.755,62.15,63.26,tp_gap_filled,32.9694,2049.05,1.786,36.6,1
GIS,2024-12-18,2024-12-19,2025-03-07,3-5%,-4.292,63.1,65.93,tp_gap_filled,32.0371,2021.54,4.485,90.67,51
EBAY,2025-02-27,2025-02-28,2025-03-07,5-10%,-7.015,64.29,69.14,tp_gap_filled,32.5612,2093.36,7.544,157.92,5
KO,2025-03-03,2025-03-04,2025-03-07,1-2%,-1.362,70.24,71.21,tp_gap_filled,28.7318,2018.12,1.381,27.87,3
AMT,2025-03-05,2025-03-06,2025-03-07,1-2%,-1.313,204.4,207.12,tp_gap_filled,9.9283,2029.34,1.331,27.0,1
CCI,2025-03-05,2025-03-06,2025-03-07,1-2%,-1.199,93.08,94.21,tp_gap_filled,21.8075,2029.84,1.214,24.64,1
CPT,2025-03-05,2025-03-06,2025-03-07,1-2%,-1.274,121.67,123.24,tp_gap_filled,16.6857,2030.15,1.29,26.2,1
DHI,2025-02-26,2025-03-06,2025-03-07,1-2%,-1.09,130.67,132.11,tp_gap_filled,15.5369,2030.2,1.102,22.37,1
DPZ,2025-03-05,2025-03-06,2025-03-07,1-2%,-1.384,475.1,481.77,tp_gap_filled,4.2754,2031.22,1.404,28.52,1
ED,2025-03-05,2025-03-06,2025-03-07,1-2%,-1.106,101.02,102.15,tp_gap_filled,20.1115,2031.66,1.119,22.73,1
F,2025-02-06,2025-02-14,2025-03-10,5-10%,-5.195,9.49,10.01,tp_gap_filled,226.9891,2154.13,5.479,118.03,15
ALLE,2025-02-18,2025-02-25,2025-03-10,1-2%,-1.837,130.94,133.39,tp_gap_filled,15.995,2094.39,1.871,39.19,9
ACGL,2025-03-03,2025-03-04,2025-03-10,1-2%,-1.399,91.61,92.91,tp_gap_filled,22.0413,2019.2,1.419,28.65,4
AES,2025-03-03,2025-03-04,2025-03-10,3-5%,-3.796,11.15,11.59,tp_gap_filled,181.1044,2019.31,3.946,79.69,4
ZTS,2025-02-12,2025-03-04,2025-03-10,1-2%,-1.05,172.46,174.29,tp_gap_filled,11.7076,2019.09,1.061,21.42,4
AIG,2025-03-04,2025-03-05,2025-03-10,1-2%,-1.102,81.68,82.59,tp_gap_filled,25.0378,2045.09,1.114,22.78,3
APO,2025-03-04,2025-03-05,2025-03-10,2-3%,-2.531,140.92,125.4188,stop,14.5262,2047.03,-11.0,-225.17,3
BKNG,2025-03-04,2025-03-05,2025-03-10,1-2%,-1.956,193.9768,178.4587,stop,10.5604,2048.47,-8.0,-163.88,3
FTNT,2025-03-05,2025-03-06,2025-03-10,1-2%,-1.033,105.38,96.9496,stop,19.2758,2031.28,-8.0,-162.5,2
AKAM,2025-03-06,2025-03-07,2025-03-10,1-2%,-1.159,81.86,82.82,tp_gap_filled,25.1333,2057.41,1.173,24.13,1
BXP,2025-03-06,2025-03-07,2025-03-10,1-2%,-1.803,66.46,67.68,tp_gap_filled,31.0063,2060.68,1.836,37.83,1
COP,2025-03-04,2025-03-07,2025-03-10,1-2%,-1.695,91.06,92.63,tp_gap_filled,22.6552,2062.99,1.724,35.57,1
DD,2025-02-19,2025-02-20,2025-03-11,1-2%,-1.648,104.0962,95.7685,stop,20.798,2165.0,-8.0,-173.2,13
ADI,2025-03-06,2025-03-07,2025-03-11,1-2%,-1.652,225.68,207.6256,stop,9.1164,2057.38,-8.0,-164.59,2
CTSH,2025-03-07,2025-03-10,2025-03-11,1-2%,-1.077,82.66,83.56,tp_gap_filled,24.4774,2023.31,1.089,22.03,1
CVS,2025-03-07,2025-03-10,2025-03-11,1-2%,-1.287,64.41,65.25,tp_gap_filled,31.4231,2023.96,1.304,26.4,1
HII,2025-03-07,2025-03-10,2025-03-11,1-2%,-1.042,191.91,193.93,tp_gap_filled,10.5469,2024.05,1.053,21.3,1
IBM,2025-03-07,2025-03-10,2025-03-11,1-2%,-1.102,245.95,248.69,tp_gap_filled,8.2269,2023.41,1.114,22.54,1
KHC,2025-03-07,2025-03-10,2025-03-11,1-2%,-1.055,30.95,31.28,tp_gap_filled,65.4348,2025.21,1.066,21.59,1
KMB,2025-03-07,2025-03-10,2025-03-11,1-2%,-1.222,140.67,142.41,tp_gap_filled,14.4087,2026.87,1.237,25.07,1
KO,2025-03-07,2025-03-10,2025-03-11,1-2%,-1.15,69.65,70.46,tp_gap_filled,29.1286,2028.81,1.163,23.59,1
LVS,2025-03-07,2025-03-10,2025-03-11,1-2%,-1.124,44.88,45.39,tp_gap_filled,45.2286,2029.86,1.136,23.07,1
HD,2025-02-19,2025-02-21,2025-03-12,1-2%,-1.51,397.22,365.4424,stop,5.3329,2118.34,-8.0,-169.47,13
CDNS,2025-03-06,2025-03-07,2025-03-12,2-3%,-2.342,238.97,244.7,tp_gap_filled,8.6298,2062.25,2.398,49.45,3
DLTR,2025-03-07,2025-03-10,2025-03-12,1-2%,-1.36,68.16,62.7072,stop,29.7018,2024.48,-8.0,-161.96,2
ALL,2025-03-10,2025-03-11,2025-03-12,1-2%,-1.046,198.63,200.73,tp_gap_filled,10.0728,2000.77,1.057,21.15,1
APA,2025-03-10,2025-03-11,2025-03-12,1-2%,-1.38,18.58,18.84,tp_gap_filled,107.7159,2001.36,1.399,28.01,1
APO,2025-03-10,2025-03-11,2025-03-12,3-5%,-3.24,128.11,132.4,tp_gap_filled,15.6326,2002.7,3.349,67.06,1
BRK-B,2025-03-10,2025-03-11,2025-03-12,1-2%,-1.134,490.0,495.62,tp_gap_filled,4.0886,2003.42,1.147,22.98,1
CRM,2025-03-10,2025-03-11,2025-03-12,2-3%,-2.093,276.97,282.89,tp_gap_filled,7.232,2003.05,2.137,42.81,1
EVRG,2025-03-10,2025-03-11,2025-03-12,1-2%,-1.003,65.14,65.8,tp_gap_filled,30.7576,2003.55,1.013,20.3,1
J,2025-02-12,2025-02-18,2025-03-13,1-2%,-1.096,130.4554,120.019,stop,16.6117,2167.08,-8.0,-173.37,17
CTVA,2025-02-19,2025-02-20,2025-03-13,1-2%,-1.319,63.61,58.5212,stop,34.0331,2164.85,-8.0,-173.19,15
HST,2025-02-20,2025-02-21,2025-03-13,2-3%,-2.225,16.7,14.863,stop,126.7704,2117.07,-11.0,-232.88,14
CMI,2025-03-04,2025-03-06,2025-03-13,1-2%,-1.652,350.09,322.0828,stop,5.8007,2030.76,-8.0,-162.46,5
ADBE,2025-03-06,2025-03-07,2025-03-13,1-2%,-1.443,444.73,409.1516,stop,4.6252,2056.95,-8.0,-164.56,4
CASY,2025-03-06,2025-03-12,2025-03-13,1-2%,-1.02,400.69,404.82,tp_gap_filled,4.9965,2002.07,1.031,20.64,1
FCX,2025-03-07,2025-03-12,2025-03-13,1-2%,-1.327,37.18,37.68,tp_gap_filled,53.8554,2002.35,1.345,26.93,1
DELL,2025-03-06,2025-03-12,2025-03-14,3-5%,-3.085,94.25,97.25,tp_gap_filled,21.2436,2002.21,3.183,63.73,2
GLW,2025-03-06,2025-03-12,2025-03-14,1-2%,-1.701,46.24,47.04,tp_gap_filled,43.2373,1999.29,1.73,34.59,2
AEP,2025-03-12,2025-03-13,2025-03-14,1-2%,-1.484,102.88,104.43,tp_gap_filled,19.1348,1968.59,1.507,29.66,1
AES,2025-03-12,2025-03-13,2025-03-14,2-3%,-2.502,11.69,11.99,tp_gap_filled,168.444,1969.11,2.566,50.53,1
ALLE,2025-03-12,2025-03-13,2025-03-14,1-2%,-1.191,124.46,125.96,tp_gap_filled,15.8372,1971.1,1.205,23.76,1
AWK,2025-03-12,2025-03-13,2025-03-14,1-2%,-1.429,141.38,143.43,tp_gap_filled,13.9442,1971.42,1.45,28.59,1
BKR,2025-03-04,2025-03-07,2025-03-17,1-2%,-1.376,43.0,43.6,tp_gap_filled,47.9252,2060.78,1.395,28.76,6
ABBV,2025-03-10,2025-03-11,2025-03-17,2-3%,-2.007,209.99,214.29,tp_gap_filled,9.5247,2000.08,2.048,40.96,4
CARR,2025-03-10,2025-03-11,2025-03-17,1-2%,-1.914,66.1,67.39,tp_gap_filled,30.3167,2003.93,1.952,39.11,4
FICO,2025-03-10,2025-03-12,2025-03-17,2-3%,-2.373,1790.61,1834.13,tp_gap_filled,1.118,2001.91,2.43,48.66,3
GEV,2025-03-06,2025-03-12,2025-03-17,3-5%,-3.194,306.68,316.8,tp_gap_filled,6.5225,2000.33,3.3,66.01,3
ADM,2025-03-12,2025-03-13,2025-03-17,1-2%,-1.316,48.0,48.64,tp_gap_filled,41.0251,1969.21,1.333,26.26,2
BIIB,2025-03-12,2025-03-13,2025-03-17,1-2%,-1.149,142.01,143.66,tp_gap_filled,13.8846,1971.75,1.162,22.91,2
CF,2025-03-13,2025-03-14,2025-03-17,1-2%,-1.248,76.74,77.71,tp_gap_filled,26.156,2007.21,1.264,25.37,1
D,2025-03-12,2025-03-14,2025-03-17,1-2%,-1.124,54.52,55.14,tp_gap_filled,36.8223,2007.55,1.137,22.83,1
MPWR,2025-03-13,2025-03-14,2025-03-17,1-2%,-1.18,576.11,582.99,tp_gap_filled,3.4849,2007.67,1.194,23.98,1
MSCI,2025-03-10,2025-03-14,2025-03-17,1-2%,-1.226,555.0,561.89,tp_gap_filled,3.6212,2009.76,1.241,24.95,1
MU,2025-03-13,2025-03-14,2025-03-17,1-2%,-1.453,94.25,95.64,tp_gap_filled,21.3235,2009.74,1.475,29.64,1
DVN,2025-02-28,2025-03-03,2025-03-18,1-2%,-1.003,35.52,35.88,tp_gap_filled,57.9215,2057.37,1.014,20.85,11
HUM,2025-03-07,2025-03-10,2025-03-18,1-2%,-1.257,262.42,265.76,tp_gap_filled,7.7171,2025.13,1.273,25.78,6
AMGN,2025-03-12,2025-03-13,2025-03-18,2-3%,-2.352,311.39,318.89,tp_gap_filled,6.3305,1971.27,2.409,47.48,3
CBOE,2025-03-14,2025-03-17,2025-03-18,1-2%,-1.436,212.04,215.13,tp_gap_filled,9.6104,2037.79,1.457,29.7,1
EXR,2025-03-14,2025-03-17,2025-03-18,1-2%,-1.121,142.88,144.5,tp_gap_filled,14.2686,2038.7,1.134,23.12,1
GIS,2025-03-14,2025-03-17,2025-03-18,1-2%,-1.253,59.1,59.85,tp_gap_filled,34.5244,2040.39,1.269,25.89,1
IBM,2025-03-14,2025-03-17,2025-03-18,1-2%,-1.241,242.75,245.8,tp_gap_filled,8.4081,2041.07,1.256,25.64,1
KO,2025-03-14,2025-03-17,2025-03-18,1-2%,-1.594,68.51,69.62,tp_gap_filled,29.8173,2042.79,1.62,33.1,1
FLEX,2025-03-06,2025-03-12,2025-03-19,1-2%,-1.445,35.47,35.99,tp_gap_filled,56.4323,2001.65,1.466,29.34,5
HWM,2025-03-06,2025-03-12,2025-03-19,2-3%,-2.064,127.61,130.3,tp_gap_filled,15.6504,1997.15,2.108,42.1,5
ADSK,2025-03-06,2025-03-17,2025-03-19,1-2%,-1.807,262.41,267.24,tp_gap_filled,7.7674,2038.24,1.841,37.52,2
GE,2025-03-06,2025-03-17,2025-03-19,1-2%,-1.728,199.0,202.5,tp_gap_filled,10.2501,2039.77,1.759,35.88,2
CHTR,2025-03-17,2025-03-18,2025-03-19,1-2%,-1.07,347.74,351.5,tp_gap_filled,5.8266,2026.15,1.081,21.91,1
KLAC,2025-03-17,2025-03-18,2025-03-19,1-2%,-1.018,70.574,71.3,tp_gap_filled,28.7207,2026.93,1.029,20.85,1
LRCX,2025-03-17,2025-03-18,2025-03-19,2-3%,-2.008,77.11,78.69,tp_gap_filled,26.2895,2027.18,2.049,41.54,1
STLD,2025-03-17,2025-03-18,2025-03-19,1-2%,-1.015,125.85,127.14,tp_gap_filled,16.1025,2026.5,1.025,20.77,1
GL,2025-03-04,2025-03-17,2025-03-20,1-2%,-1.027,127.27,128.59,tp_gap_filled,16.042,2041.66,1.037,21.18,3
AES,2025-03-18,2025-03-19,2025-03-20,1-2%,-1.533,12.85,13.05,tp_gap_filled,159.2532,2046.4,1.556,31.85,1
BA,2025-03-04,2025-03-19,2025-03-20,1-2%,-1.582,167.37,170.06,tp_gap_filled,12.2293,2046.82,1.607,32.9,1
CCI,2025-03-18,2025-03-19,2025-03-20,1-2%,-1.011,101.87,102.91,tp_gap_filled,20.1051,2048.1,1.021,20.91,1
CDNS,2025-03-18,2025-03-19,2025-03-20,1-2%,-1.203,252.04,255.11,tp_gap_filled,8.1301,2049.1,1.218,24.96,1
COIN,2025-03-18,2025-03-19,2025-03-20,2-3%,-2.096,185.0,188.96,tp_gap_filled,11.0821,2050.18,2.141,43.89,1
EQT,2025-02-20,2025-03-19,2025-03-20,1-2%,-1.364,53.5,54.24,tp_gap_filled,38.3408,2051.24,1.383,28.37,1
MPWR,2025-03-18,2025-03-19,2025-03-20,1-2%,-1.38,631.8,640.64,tp_gap_filled,3.2479,2052.01,1.399,28.71,1
MU,2025-03-18,2025-03-19,2025-03-20,1-2%,-1.174,101.9,103.11,tp_gap_filled,20.1362,2051.88,1.187,24.36,1
NUE,2025-03-17,2025-03-18,2025-03-21,1-2%,-1.219,130.48,120.0416,stop,15.5373,2027.31,-8.0,-162.18,3
KO,2025-03-19,2025-03-20,2025-03-21,1-2%,-1.196,68.55,69.38,tp_gap_filled,29.821,2044.23,1.211,24.75,1
CMI,2025-03-13,2025-03-14,2025-03-24,3-5%,-3.677,318.55,330.71,tp_gap_filled,6.3009,2007.16,3.817,76.62,6
BKNG,2025-03-10,2025-03-17,2025-03-24,1-2%,-1.931,183.3264,186.9352,tp_gap_filled,11.1166,2037.96,1.969,40.12,5
GNRC,2025-03-10,2025-03-17,2025-03-24,1-2%,-1.289,134.82,136.58,tp_gap_filled,15.1445,2041.78,1.305,26.65,5
UBER,2025-03-10,2025-03-20,2025-03-24,1-2%,-1.744,74.94,76.27,tp_gap_filled,27.2798,2044.35,1.775,36.28,2
ADP,2025-03-20,2025-03-21,2025-03-24,1-2%,-1.222,295.14,298.79,tp_gap_filled,6.8977,2035.79,1.237,25.18,1
APO,2025-03-20,2025-03-21,2025-03-24,1-2%,-1.492,141.26,143.4,tp_gap_filled,14.4124,2035.89,1.515,30.84,1
CDNS,2025-03-20,2025-03-21,2025-03-24,1-2%,-1.071,255.93,258.7,tp_gap_filled,7.9573,2036.51,1.082,22.04,1
ESS,2025-03-05,2025-03-06,2025-03-25,1-2%,-1.183,303.95,307.59,tp_gap_filled,6.6841,2031.62,1.198,24.33,13
HUBB,2025-03-10,2025-03-12,2025-03-25,2-3%,-2.107,347.0,354.47,tp_gap_filled,5.7596,1998.56,2.153,43.02,9
PFG,2025-03-10,2025-03-18,2025-03-25,1-2%,-1.308,84.49,85.61,tp_gap_filled,23.9922,2027.1,1.326,26.87,5
LH,2025-03-19,2025-03-20,2025-03-25,1-2%,-1.247,236.69,239.68,tp_gap_filled,8.6397,2044.92,1.263,25.83,3
MA,2025-03-10,2025-03-20,2025-03-25,1-2%,-1.577,538.15,546.77,tp_gap_filled,3.7996,2044.76,1.602,32.75,3
ALB,2025-03-20,2025-03-21,2025-03-25,2-3%,-2.617,77.41,79.49,tp_gap_filled,26.2991,2035.81,2.687,54.7,2
ADI,2025-03-21,2025-03-24,2025-03-25,1-2%,-1.379,203.06,205.9,tp_gap_filled,10.1933,2069.85,1.399,28.95,1
ADSK,2025-03-21,2025-03-24,2025-03-25,2-3%,-2.005,262.45,267.82,tp_gap_filled,7.8938,2071.74,2.046,42.39,1
ALLE,2025-03-21,2025-03-24,2025-03-25,1-2%,-1.151,126.25,127.72,tp_gap_filled,16.4179,2072.75,1.164,24.13,1
BKR,2025-03-21,2025-03-24,2025-03-25,1-2%,-1.096,44.2,44.69,tp_gap_filled,46.9348,2074.52,1.109,23.0,1
CARR,2025-03-20,2025-03-24,2025-03-25,1-2%,-1.108,66.93,67.68,tp_gap_filled,31.001,2074.9,1.121,23.25,1
LEN,2024-12-19,2024-12-20,2025-03-26,5-10%,-6.119,132.6234,117.87,time_exit,15.4493,2048.93,-11.124,-227.93,63
DG,2025-03-24,2025-03-25,2025-03-26,1-2%,-1.41,82.48,83.66,tp_gap_filled,25.0666,2067.49,1.431,29.58,1
FOX,2025-03-10,2025-03-25,2025-03-26,1-2%,-1.143,51.01,51.6,tp_gap_filled,40.5213,2066.99,1.157,23.91,1
FOXA,2025-03-10,2025-03-25,2025-03-26,1-2%,-1.275,54.96,55.67,tp_gap_filled,37.6068,2066.87,1.292,26.7,1
LMT,2025-03-24,2025-03-25,2025-03-26,3-5%,-3.2,425.63,439.7,tp_gap_filled,4.8549,2066.38,3.306,68.31,1
ABT,2025-03-14,2025-03-17,2025-03-27,3-5%,-3.765,125.0,129.89,tp_gap_filled,16.299,2037.38,3.912,79.7,8
DPZ,2025-03-10,2025-03-20,2025-03-27,1-2%,-1.515,464.9,472.05,tp_gap_filled,4.3985,2044.85,1.538,31.45,5
BF-B,2025-03-24,2025-03-25,2025-03-27,1-2%,-1.385,34.17,34.65,tp_gap_filled,60.512,2067.69,1.405,29.05,2
AEP,2025-03-25,2025-03-26,2025-03-27,1-2%,-1.133,103.0,104.18,tp_gap_filled,19.964,2056.29,1.146,23.56,1
MKC,2025-03-25,2025-03-26,2025-03-27,5-10%,-5.153,76.2,80.34,tp_gap_filled,26.9837,2056.15,5.433,111.71,1
MO,2025-03-25,2025-03-26,2025-03-27,1-2%,-1.995,56.5,57.65,tp_gap_filled,36.4367,2058.67,2.035,41.9,1
ALGN,2025-03-06,2025-03-07,2025-03-28,1-2%,-1.544,171.5,157.78,stop,12.0132,2060.26,-8.0,-164.82,15
GIS,2025-03-19,2025-03-20,2025-03-28,1-2%,-1.787,59.36,60.44,tp_gap_filled,34.45,2044.95,1.819,37.21,6
AEE,2025-03-21,2025-03-24,2025-03-28,1-2%,-1.04,98.93,99.97,tp_gap_filled,20.9522,2072.8,1.051,21.79,4
MDLZ,2025-03-12,2025-03-27,2025-03-28,1-2%,-1.665,66.72,67.85,tp_gap_filled,30.6659,2046.03,1.694,34.65,1
AME,2025-03-04,2025-03-05,2025-03-31,1-2%,-1.308,184.11,169.3812,stop,11.1085,2045.18,-8.0,-163.61,18
ETR,2025-03-18,2025-03-19,2025-03-31,2-3%,-2.575,83.25,85.45,tp_gap_filled,24.6404,2051.31,2.643,54.21,8
PGR,2025-03-19,2025-03-20,2025-03-31,2-3%,-2.393,276.5,283.28,tp_gap_filled,7.3947,2044.63,2.452,50.14,7
AMZN,2025-03-06,2025-03-25,2025-03-31,1-2%,-1.901,204.4,188.048,stop,10.1146,2067.43,-8.0,-165.39,4
AMT,2025-03-24,2025-03-27,2025-03-31,1-2%,-1.073,213.91,216.23,tp_gap_filled,9.5648,2046.01,1.085,22.19,2
TSLA,2025-03-26,2025-03-27,2025-03-31,1-2%,-1.902,282.66,260.0472,stop,7.2402,2046.51,-8.0,-163.72,2
CNC,2025-03-27,2025-03-28,2025-03-31,1-2%,-1.255,59.78,60.54,tp_gap_filled,33.6612,2012.27,1.271,25.58,1
CTAS,2025-03-27,2025-03-28,2025-03-31,1-2%,-1.036,202.59,204.71,tp_gap_filled,9.9336,2012.44,1.046,21.06,1
LDOS,2025-03-28,2025-03-31,2025-04-01,1-2%,-1.091,134.2,135.68,tp_gap_filled,15.0322,2017.33,1.103,22.25,1
MCD,2025-03-28,2025-03-31,2025-04-01,1-2%,-1.18,309.0,312.69,tp_gap_filled,6.5293,2017.55,1.194,24.09,1
MDT,2025-03-28,2025-03-31,2025-04-01,1-2%,-1.27,87.85,88.98,tp_gap_filled,22.9708,2017.99,1.286,25.96,1
TJX,2025-03-06,2025-03-31,2025-04-02,1-2%,-1.203,121.56,123.04,tp_gap_filled,16.6084,2018.91,1.218,24.58,2
AES,2025-03-31,2025-04-01,2025-04-02,1-2%,-1.773,12.19,12.41,tp_gap_filled,166.0114,2023.68,1.805,36.52,1
AMZN,2025-03-31,2025-04-01,2025-04-02,2-3%,-2.351,188.19,192.72,tp_gap_filled,10.7566,2024.28,2.407,48.73,1
APA,2025-03-31,2025-04-01,2025-04-02,1-2%,-1.099,20.69,20.92,tp_gap_filled,97.8798,2025.13,1.112,22.51,1
APO,2025-03-31,2025-04-01,2025-04-02,1-2%,-1.562,134.82,136.96,tp_gap_filled,15.0274,2025.99,1.587,32.16,1
ANET,2025-01-27,2025-01-29,2025-04-03,10%+,-15.135,109.62,71.253,stop,19.0374,2086.88,-35.0,-730.41,45
CEG,2025-01-27,2025-01-29,2025-04-03,10%+,-15.824,292.46,190.099,stop,7.1319,2085.79,-35.0,-730.03,45
ARES,2025-02-05,2025-02-06,2025-04-03,5-10%,-7.269,181.16,137.6816,stop,11.7489,2128.42,-24.0,-510.82,39
DOW,2025-01-30,2025-02-14,2025-04-03,3-5%,-4.214,39.32,33.422,stop,54.7511,2152.81,-15.0,-322.92,33
APD,2025-02-07,2025-03-03,2025-04-03,2-3%,-2.508,319.9,284.711,stop,6.4346,2058.42,-11.0,-226.43,23
CAT,2025-03-10,2025-03-11,2025-04-03,1-2%,-1.513,345.0,317.4,stop,5.8077,2003.66,-8.0,-160.29,17
C,2025-03-04,2025-03-25,2025-04-03,3-5%,-3.408,74.54,63.359,stop,27.7317,2067.12,-15.0,-310.07,7
FFIV,2025-03-06,2025-03-25,2025-04-03,1-2%,-1.404,278.76,256.4592,stop,7.4169,2067.54,-8.0,-165.4,7
FTV,2025-03-07,2025-03-25,2025-04-03,1-2%,-1.127,57.5207,52.9191,stop,35.9326,2066.87,-8.0,-165.35,7
CPAY,2025-03-04,2025-03-26,2025-04-03,1-2%,-1.153,361.72,332.7824,stop,5.6857,2056.65,-8.0,-164.53,6
NTRS,2025-03-10,2025-03-26,2025-04-03,1-2%,-1.572,102.68,94.4656,stop,20.0583,2059.59,-8.0,-164.77,6
ALB,2025-03-27,2025-03-28,2025-04-03,1-2%,-1.506,74.58,68.6136,stop,27.008,2014.26,-8.0,-161.14,4
CDW,2025-03-27,2025-03-28,2025-04-03,1-2%,-1.769,164.37,151.2204,stop,12.2466,2012.97,-8.0,-161.04,4
DELL,2025-03-27,2025-03-28,2025-04-03,1-2%,-1.288,95.02,87.4184,stop,21.1805,2012.57,-8.0,-161.01,4
CCI,2025-03-24,2025-03-31,2025-04-03,1-2%,-1.184,105.13,106.39,tp_gap_filled,19.1911,2017.56,1.199,24.18,3
DGX,2025-03-19,2025-03-31,2025-04-03,2-3%,-2.157,168.73,172.45,tp_gap_filled,11.9553,2017.21,2.205,44.47,3
BA,2025-03-31,2025-04-01,2025-04-03,1-2%,-1.535,170.65,156.998,stop,11.8785,2027.06,-8.0,-162.16,2
GPC,2025-04-01,2025-04-02,2025-04-03,2-3%,-2.636,116.0,119.14,tp_gap_filled,17.6602,2048.58,2.707,55.45,1
GS,2025-03-27,2025-04-02,2025-04-03,1-2%,-1.554,565.0,519.8,stop,3.6284,2050.02,-8.0,-164.0,1
KR,2025-04-01,2025-04-02,2025-04-03,1-2%,-1.285,66.82,67.69,tp_gap_filled,30.6784,2049.93,1.302,26.69,1
CRL,2025-01-14,2025-01-15,2025-04-04,5-10%,-5.401,179.87,136.7012,stop,11.4671,2062.59,-24.0,-495.02,55
JBHT,2025-01-17,2025-01-21,2025-04-04,5-10%,-6.015,175.0,133.0,stop,12.037,2106.48,-24.0,-505.56,52
CIEN,2025-01-27,2025-01-30,2025-04-04,10%+,-12.44,84.6,54.99,stop,24.9855,2113.78,-35.0,-739.82,45
LII,2025-01-29,2025-02-18,2025-04-04,3-5%,-4.919,630.0,535.5,stop,3.4396,2166.97,-15.0,-325.05,33
AMAT,2025-02-14,2025-02-19,2025-04-04,5-10%,-5.117,174.84,132.8784,stop,12.4227,2171.98,-24.0,-521.28,32
BSX,2025-02-18,2025-02-19,2025-04-04,2-3%,-2.281,103.69,92.2841,stop,20.9469,2171.99,-11.0,-238.92,32
BBY,2025-03-04,2025-03-07,2025-04-04,5-10%,-8.416,79.44,60.3744,stop,25.9416,2060.8,-24.0,-494.59,20
BALL,2025-02-03,2025-03-10,2025-04-04,2-3%,-2.011,54.58,48.5762,stop,37.0788,2023.76,-11.0,-222.61,19
ERIE,2025-03-10,2025-03-11,2025-04-04,1-2%,-1.914,438.19,403.1348,stop,4.5712,2003.06,-8.0,-160.24,18
EMR,2025-03-10,2025-03-17,2025-04-04,3-5%,-4.645,113.1,96.135,stop,18.0241,2038.53,-15.0,-305.78,14
CTSH,2025-03-20,2025-03-25,2025-04-04,2-3%,-2.021,78.05,69.4645,stop,26.4841,2067.09,-11.0,-227.38,8
EG,2025-01-28,2025-03-28,2025-04-04,1-2%,-1.0,369.27,339.7284,stop,5.447,2011.41,-8.0,-160.91,5
ALGN,2025-03-28,2025-04-02,2025-04-04,1-2%,-1.242,162.25,149.27,stop,12.6234,2048.14,-8.0,-163.85,2
KLAC,2025-03-28,2025-04-02,2025-04-04,2-3%,-2.09,68.537,60.9979,stop,29.9091,2049.88,-11.0,-225.49,2
BXP,2025-04-02,2025-04-03,2025-04-04,1-2%,-1.016,66.28,60.9776,stop,29.2639,1939.61,-8.0,-155.17,1
CARR,2025-04-02,2025-04-03,2025-04-04,1-2%,-1.243,62.75,57.73,stop,30.8758,1937.46,-8.0,-155.0,1
CASY,2025-04-02,2025-04-03,2025-04-04,1-2%,-1.359,434.64,440.63,tp_gap_filled,4.4547,1936.2,1.378,26.68,1
CL,2025-03-11,2025-04-03,2025-04-04,1-2%,-1.313,96.22,97.5,tp_gap_filled,20.1288,1936.79,1.33,25.76,1
CMCSA,2025-04-02,2025-04-03,2025-04-04,1-2%,-1.117,34.03,31.3076,stop,56.9117,1936.71,-8.0,-154.94,1
DHI,2025-04-02,2025-04-03,2025-04-04,1-2%,-1.695,125.25,127.41,tp_gap_filled,15.451,1935.24,1.725,33.37,1
EQT,2025-04-02,2025-04-03,2025-04-04,1-2%,-1.429,53.11,48.8612,stop,36.4141,1933.95,-8.0,-154.72,1
FICO,2025-04-02,2025-04-03,2025-04-04,1-2%,-1.319,1843.83,1696.3236,stop,1.0486,1933.44,-8.0,-154.68,1
GEN,2025-04-02,2025-04-03,2025-04-04,1-2%,-1.01,26.47,24.3524,stop,73.0088,1932.54,-8.0,-154.6,1
GEV,2025-04-02,2025-04-03,2025-04-04,2-3%,-2.712,307.08,273.3012,stop,6.2911,1931.86,-11.0,-212.5,1
AVGO,2025-01-27,2025-01-30,2025-04-07,10%+,-12.791,213.4,138.71,stop,9.8981,2112.26,-35.0,-739.29,46
AMD,2025-02-05,2025-02-06,2025-04-07,5-10%,-9.95,107.61,81.7836,stop,19.7667,2127.09,-24.0,-510.5,41
SNA,2025-02-06,2025-03-10,2025-04-07,2-3%,-2.763,346.26,308.1714,stop,5.8634,2030.27,-11.0,-223.33,20
AMGN,2025-03-21,2025-03-24,2025-04-07,1-2%,-1.022,311.82,286.8744,stop,6.6518,2074.18,-8.0,-165.93,10
KMI,2025-01-27,2025-03-25,2025-04-07,3-5%,-4.063,29.04,24.684,stop,71.1666,2066.68,-15.0,-310.0,9
ADSK,2025-04-02,2025-04-03,2025-04-07,1-2%,-1.697,260.12,239.3104,stop,7.462,1941.02,-8.0,-155.28,2
ALLE,2025-04-02,2025-04-03,2025-04-07,1-2%,-1.046,129.63,119.2596,stop,14.9701,1940.58,-8.0,-155.25,2
AMCR,2025-04-02,2025-04-03,2025-04-07,1-2%,-1.835,48.15,44.298,stop,40.2877,1939.85,-8.0,-155.19,2
CDNS,2025-04-02,2025-04-03,2025-04-07,2-3%,-2.036,253.52,225.6328,stop,7.6424,1937.5,-11.0,-213.12,2
CPRT,2025-04-02,2025-04-03,2025-04-07,1-2%,-1.084,56.59,52.0628,stop,34.2123,1936.08,-8.0,-154.89,2
EBAY,2025-04-02,2025-04-03,2025-04-07,1-2%,-1.165,67.01,61.6492,stop,28.8663,1934.33,-8.0,-154.75,2
F,2025-04-02,2025-04-03,2025-04-07,1-2%,-1.006,9.84,9.0528,stop,196.5845,1934.39,-8.0,-154.75,2
ALL,2025-04-03,2025-04-04,2025-04-07,1-2%,-1.441,202.47,186.2724,stop,9.1312,1848.79,-8.0,-147.9,1
AZO,2025-04-03,2025-04-04,2025-04-07,1-2%,-1.007,3770.8999,3469.2279,stop,0.4895,1845.89,-8.0,-147.67,1
ECL,2025-04-03,2025-04-04,2025-04-07,1-2%,-1.289,250.39,230.3588,stop,7.3436,1838.77,-8.0,-147.1,1
GPC,2025-04-03,2025-04-04,2025-04-07,1-2%,-1.208,118.62,109.1304,stop,15.4858,1836.92,-8.0,-146.95,1
PGR,2025-04-03,2025-04-04,2025-04-07,1-2%,-1.038,278.31,256.0452,stop,6.5716,1828.94,-8.0,-146.32,1
WRB,2025-04-03,2025-04-04,2025-04-07,1-2%,-1.276,68.86,63.3512,stop,26.4678,1822.58,-8.0,-145.81,1
APTV,2024-10-31,2025-01-06,2025-04-08,5-10%,-9.613,62.43,49.36,time_exit,33.2223,2074.07,-20.935,-434.22,63
AVY,2025-01-30,2025-01-31,2025-04-08,3-5%,-3.043,187.04,158.984,stop,11.2468,2103.61,-15.0,-315.54,46
BDX,2025-02-06,2025-02-10,2025-04-08,3-5%,-4.697,183.6085,156.0672,stop,11.7195,2151.79,-15.0,-322.77,40
HON,2025-02-06,2025-02-24,2025-04-08,3-5%,-3.306,212.5213,180.6431,stop,9.894,2102.69,-15.0,-315.4,31
CVS,2025-04-03,2025-04-04,2025-04-08,3-5%,-3.085,65.97,68.07,tp_gap_filled,27.9006,1840.6,3.183,58.59,2
HUM,2025-04-03,2025-04-04,2025-04-08,1-2%,-1.17,262.69,265.8,tp_gap_filled,6.9899,1836.17,1.184,21.74,2
ALGN,2025-04-04,2025-04-07,2025-04-08,2-3%,-2.386,150.56,154.24,tp_gap_filled,11.9361,1797.1,2.444,43.92,1
AMAT,2025-04-04,2025-04-07,2025-04-08,3-5%,-4.723,129.11,135.51,tp_gap_filled,13.9243,1797.76,4.957,89.12,1
BBY,2025-04-04,2025-04-07,2025-04-08,3-5%,-4.757,59.26,62.22,tp_gap_filled,30.3545,1798.81,4.995,89.85,1
CIEN,2025-04-04,2025-04-07,2025-04-08,5-10%,-6.104,52.76,56.19,tp_gap_filled,34.0624,1797.13,6.501,116.83,1
CRL,2025-04-04,2025-04-07,2025-04-08,2-3%,-2.121,137.99,122.8111,stop,13.0358,1798.81,-11.0,-197.87,1
DHI,2025-04-04,2025-04-07,2025-04-08,1-2%,-1.406,120.59,122.31,tp_gap_filled,14.9075,1797.69,1.426,25.64,1
FSLR,2025-04-04,2025-04-07,2025-04-08,1-2%,-1.285,134.48,123.7216,stop,13.3511,1795.46,-8.0,-143.64,1
GEV,2025-04-04,2025-04-07,2025-04-08,5-10%,-6.887,277.16,297.66,tp_gap_filled,6.4738,1794.28,7.396,132.71,1
HUBB,2025-04-04,2025-04-07,2025-04-08,3-5%,-3.155,311.21,321.35,tp_gap_filled,5.7632,1793.55,3.258,58.44,1
JBHT,2025-04-04,2025-04-07,2025-04-08,1-2%,-1.505,134.18,136.23,tp_gap_filled,13.3713,1794.15,1.528,27.41,1
KLAC,2025-04-04,2025-04-07,2025-04-08,3-5%,-4.555,59.254,62.082,tp_gap_filled,30.2695,1793.59,4.773,85.6,1
LEN,2025-04-04,2025-04-07,2025-04-08,1-2%,-1.338,106.95,108.4,tp_gap_filled,16.7772,1794.32,1.356,24.33,1
MTD,2025-04-04,2025-04-07,2025-04-08,1-2%,-1.811,1075.41,989.3772,stop,1.6683,1794.11,-8.0,-143.53,1
CSGP,2025-04-02,2025-04-03,2025-04-09,1-2%,-1.351,78.11,71.8612,stop,24.787,1936.11,-8.0,-154.89,4
NEM,2025-04-03,2025-04-04,2025-04-09,3-5%,-4.166,46.7,48.73,tp_gap_filled,39.246,1832.79,4.347,79.67,3
NFLX,2025-04-03,2025-04-04,2025-04-09,3-5%,-3.604,90.18,93.552,tp_gap_filled,20.3017,1830.81,3.739,68.46,3
BXP,2025-04-04,2025-04-07,2025-04-09,2-3%,-2.204,61.22,54.4858,stop,29.4022,1800.0,-11.0,-198.0,2
CARR,2025-04-04,2025-04-07,2025-04-09,2-3%,-2.997,58.9,60.72,tp_gap_filled,30.533,1798.4,3.09,55.57,2
EMR,2025-04-04,2025-04-07,2025-04-09,3-5%,-4.75,97.05,101.89,tp_gap_filled,18.524,1797.76,4.987,89.66,2
FICO,2025-04-04,2025-04-07,2025-04-09,2-3%,-2.435,1757.2,1801.05,tp_gap_filled,1.0223,1796.36,2.495,44.83,2
GLW,2025-04-04,2025-04-07,2025-04-09,3-5%,-3.098,40.98,42.29,tp_gap_filled,43.8124,1795.43,3.197,57.39,2
HWM,2025-04-04,2025-04-07,2025-04-09,5-10%,-7.24,115.95,125.0,tp_gap_filled,15.474,1794.21,7.805,140.04,2
LII,2025-04-04,2025-04-07,2025-04-09,3-5%,-3.442,528.0,546.82,tp_gap_filled,3.3984,1794.37,3.564,63.96,2
ABT,2025-04-07,2025-04-08,2025-04-09,1-2%,-1.728,122.29,124.44,tp_gap_filled,14.4569,1767.94,1.758,31.08,1
ADSK,2025-04-07,2025-04-08,2025-04-09,3-5%,-3.21,237.63,245.51,tp_gap_filled,7.4419,1768.42,3.316,58.64,1
AEE,2025-04-07,2025-04-08,2025-04-09,1-2%,-1.587,94.27,95.79,tp_gap_filled,18.761,1768.6,1.612,28.52,1
AJG,2025-04-07,2025-04-08,2025-04-09,2-3%,-2.644,310.81,319.25,tp_gap_filled,5.6902,1768.58,2.715,48.03,1
ALL,2025-04-07,2025-04-08,2025-04-09,1-2%,-1.806,183.2,186.57,tp_gap_filled,9.6543,1768.66,1.84,32.54,1
ALLE,2025-04-07,2025-04-08,2025-04-09,1-2%,-1.755,121.47,123.64,tp_gap_filled,14.5609,1768.72,1.786,31.6,1
AMD,2025-04-07,2025-04-08,2025-04-09,5-10%,-5.924,80.68,85.76,tp_gap_filled,21.8938,1766.39,6.296,111.22,1
ATO,2025-04-07,2025-04-08,2025-04-09,2-3%,-2.185,144.58,147.81,tp_gap_filled,12.1912,1762.61,2.234,39.38,1
AVGO,2025-04-07,2025-04-08,2025-04-09,1-2%,-1.23,144.49,146.29,tp_gap_filled,12.2027,1763.16,1.246,21.96,1
AZO,2025-04-07,2025-04-08,2025-04-09,2-3%,-2.826,3550.0,3653.24,tp_gap_filled,0.4975,1765.98,2.908,51.36,1
CDNS,2025-04-07,2025-04-08,2025-04-09,1-2%,-1.387,229.65,232.88,tp_gap_filled,7.6716,1761.77,1.406,24.78,1
CHTR,2025-04-07,2025-04-08,2025-04-09,1-2%,-1.602,332.87,338.29,tp_gap_filled,5.2915,1761.4,1.628,28.68,1
ADI,2025-04-02,2025-04-09,2025-04-10,1-2%,-1.717,195.76,180.0992,stop,9.4028,1840.7,-8.0,-147.26,1
FTNT,2025-04-02,2025-04-09,2025-04-10,1-2%,-1.645,95.08,96.67,tp_gap_filled,19.4193,1846.39,1.672,30.88,1
GD,2025-04-04,2025-04-09,2025-04-10,1-2%,-1.728,264.96,269.62,tp_gap_filled,6.9757,1848.27,1.759,32.51,1
AMCR,2025-04-07,2025-04-08,2025-04-11,3-5%,-3.037,44.7,46.1,tp_gap_filled,39.5494,1767.86,3.132,55.37,3
CBOE,2025-04-07,2025-04-08,2025-04-11,1-2%,-1.255,212.39,215.09,tp_gap_filled,8.3052,1763.95,1.271,22.42,3
CASY,2025-04-04,2025-04-09,2025-04-11,2-3%,-2.64,437.31,449.17,tp_gap_filled,4.2078,1840.12,2.712,49.9,2
D,2025-04-07,2025-04-09,2025-04-11,2-3%,-2.314,51.51,52.73,tp_gap_filled,35.8025,1844.19,2.368,43.68,2
INTC,2025-04-04,2025-04-09,2025-04-11,3-5%,-3.255,21.7,18.445,stop,85.269,1850.34,-15.0,-277.55,2
ABT,2025-04-09,2025-04-10,2025-04-11,1-2%,-1.872,121.63,123.95,tp_gap_filled,14.8297,1803.73,1.907,34.4,1
ALGN,2025-04-09,2025-04-10,2025-04-11,1-2%,-1.261,142.5,144.32,tp_gap_filled,12.6637,1804.58,1.277,23.05,1
ALL,2025-04-09,2025-04-10,2025-04-11,1-2%,-1.891,180.0,183.47,tp_gap_filled,10.0503,1809.05,1.928,34.87,1
CTAS,2025-04-03,2025-04-04,2025-04-14,2-3%,-2.799,202.83,208.67,tp_gap_filled,9.0858,1842.87,2.879,53.06,6
AMGN,2025-04-07,2025-04-08,2025-04-14,2-3%,-2.276,287.69,294.39,tp_gap_filled,6.1362,1765.31,2.329,41.11,4
CHD,2025-04-07,2025-04-08,2025-04-14,2-3%,-2.338,103.61,106.09,tp_gap_filled,17.0068,1762.08,2.394,42.18,4
AWK,2025-04-07,2025-04-09,2025-04-14,1-2%,-1.474,145.06,147.23,tp_gap_filled,12.695,1841.54,1.496,27.55,3
BKNG,2025-04-02,2025-04-09,2025-04-14,1-2%,-1.309,184.9772,187.43,tp_gap_filled,9.9482,1840.19,1.326,24.4,3
CEG,2025-04-03,2025-04-09,2025-04-14,5-10%,-6.523,200.47,214.46,tp_gap_filled,9.1826,1840.84,6.979,128.46,3
DPZ,2025-04-03,2025-04-09,2025-04-14,2-3%,-2.669,455.85,468.35,tp_gap_filled,4.0482,1845.39,2.742,50.6,3
INTU,2025-04-04,2025-04-09,2025-04-14,1-2%,-1.743,588.1,598.53,tp_gap_filled,3.1458,1850.05,1.774,32.81,3
J,2025-04-04,2025-04-09,2025-04-14,2-3%,-2.549,114.3168,117.3069,tp_gap_filled,16.1881,1850.58,2.616,48.4,3
ADSK,2025-04-10,2025-04-11,2025-04-14,2-3%,-2.417,257.16,263.53,tp_gap_filled,7.1086,1828.04,2.477,45.28,1
ALLE,2025-04-10,2025-04-11,2025-04-14,1-2%,-1.131,123.24,124.65,tp_gap_filled,14.8346,1828.22,1.144,20.92,1
AMD,2025-04-10,2025-04-11,2025-04-14,5-10%,-6.031,91.0,96.84,tp_gap_filled,20.1042,1829.48,6.418,117.41,1
AVGO,2025-04-10,2025-04-11,2025-04-14,5-10%,-5.32,175.3,185.15,tp_gap_filled,10.4418,1830.45,5.619,102.85,1
CCI,2025-04-07,2025-04-08,2025-04-15,2-3%,-2.02,98.94,100.98,tp_gap_filled,17.8213,1763.24,2.062,36.36,5
AMT,2025-04-07,2025-04-14,2025-04-15,1-2%,-1.281,217.35,220.17,tp_gap_filled,8.5318,1854.39,1.297,24.06,1
CI,2025-04-11,2025-04-14,2025-04-15,1-2%,-1.082,323.73,327.27,tp_gap_filled,5.73,1854.97,1.093,20.28,1
CRL,2025-04-11,2025-04-14,2025-04-15,1-2%,-1.621,98.33,99.95,tp_gap_filled,18.8711,1855.6,1.648,30.57,1
ES,2025-04-07,2025-04-14,2025-04-15,2-3%,-2.297,57.0,58.34,tp_gap_filled,32.6003,1858.22,2.351,43.68,1
HOOD,2025-03-27,2025-04-14,2025-04-15,1-2%,-1.386,44.11,44.73,tp_gap_filled,42.1272,1858.23,1.406,26.12,1
EW,2025-04-02,2025-04-03,2025-04-16,1-2%,-1.461,70.82,71.87,tp_gap_filled,27.2975,1933.21,1.483,28.66,9
DLR,2025-04-03,2025-04-09,2025-04-16,3-5%,-3.726,143.14,148.68,tp_gap_filled,12.8875,1844.72,3.87,71.4,5
HRL,2025-04-14,2025-04-15,2025-04-16,1-2%,-1.353,29.9,30.31,tp_gap_filled,61.7633,1846.72,1.371,25.32,1
NEM,2025-04-14,2025-04-15,2025-04-16,2-3%,-2.31,53.7,54.97,tp_gap_filled,34.3945,1846.99,2.365,43.68,1
DLTR,2025-04-03,2025-04-04,2025-04-17,10%+,-11.628,68.55,77.57,tp_gap_filled,26.8317,1839.31,13.158,242.02,9
ADM,2025-04-04,2025-04-11,2025-04-17,3-5%,-3.826,45.75,47.57,tp_gap_filled,39.9555,1827.97,3.978,72.72,4
BG,2025-04-04,2025-04-11,2025-04-17,2-3%,-2.647,76.13,78.2,tp_gap_filled,24.0619,1831.84,2.719,49.81,4
APTV,2025-04-15,2025-04-16,2025-04-17,2-3%,-2.056,49.07,50.1,tp_gap_filled,37.1858,1824.71,2.099,38.3,1
VMRK,2025-04-04,2025-04-16,2025-04-17,1-2%,-1.342,67.63,68.55,tp_gap_filled,26.9811,1824.73,1.36,24.82,1
DG,2025-04-04,2025-04-07,2025-04-21,2-3%,-2.277,92.26,94.41,tp_gap_filled,19.4861,1797.79,2.33,41.9,9
AMZN,2025-04-02,2025-04-09,2025-04-21,2-3%,-2.347,187.66,167.0174,stop,9.8096,1840.86,-11.0,-202.49,7
CRM,2025-04-02,2025-04-09,2025-04-21,1-2%,-1.569,265.96,244.6832,stop,6.9328,1843.85,-8.0,-147.51,7
GOOG,2025-03-28,2025-04-14,2025-04-21,1-2%,-1.048,162.36,149.3712,stop,11.4484,1858.77,-8.0,-148.7,4
GOOGL,2025-03-28,2025-04-14,2025-04-21,1-2%,-1.079,160.49,147.6508,stop,11.5805,1858.56,-8.0,-148.68,4
BBY,2025-04-10,2025-04-14,2025-04-22,3-5%,-3.708,61.29,63.65,tp_gap_filled,30.2573,1854.47,3.851,71.41,5
CI,2025-04-17,2025-04-21,2025-04-22,1-2%,-1.515,324.45,329.44,tp_gap_filled,5.5469,1799.69,1.538,27.68,1
HSIC,2025-04-04,2025-04-07,2025-04-23,1-2%,-1.562,65.55,66.59,tp_gap_filled,27.372,1794.23,1.587,28.47,11
BSX,2025-04-04,2025-04-08,2025-04-23,3-5%,-3.827,94.73,98.5,tp_gap_filled,18.6369,1765.47,3.98,70.26,10
BA,2025-04-03,2025-04-09,2025-04-23,5-10%,-5.078,160.0,168.56,tp_gap_filled,11.5,1840.0,5.35,98.44,9
EMR,2025-04-10,2025-04-14,2025-04-23,2-3%,-2.777,101.53,104.43,tp_gap_filled,18.3039,1858.4,2.856,53.08,6
GLW,2025-04-10,2025-04-14,2025-04-23,2-3%,-2.728,42.08,43.26,tp_gap_filled,44.1821,1859.18,2.804,52.13,6
HWM,2025-04-15,2025-04-16,2025-04-23,3-5%,-3.028,123.6,127.46,tp_gap_filled,14.7729,1825.93,3.123,57.02,4
TRV,2025-04-04,2025-04-16,2025-04-23,2-3%,-2.235,257.22,263.1,tp_gap_filled,7.0967,1825.4,2.286,41.73,4
ADSK,2025-04-16,2025-04-17,2025-04-23,1-2%,-1.338,261.79,265.34,tp_gap_filled,7.0306,1840.53,1.356,24.96,3
AVGO,2025-04-16,2025-04-17,2025-04-23,3-5%,-4.761,170.43,178.95,tp_gap_filled,10.7972,1840.16,4.999,91.99,3
CARR,2025-04-16,2025-04-17,2025-04-23,1-2%,-1.637,59.48,60.47,tp_gap_filled,30.9395,1840.28,1.664,30.63,3
CDNS,2025-04-16,2025-04-17,2025-04-23,2-3%,-2.951,256.51,264.31,tp_gap_filled,7.1753,1840.54,3.041,55.97,3
AMGN,2025-04-17,2025-04-21,2025-04-23,1-2%,-1.981,277.04,282.64,tp_gap_filled,6.4977,1800.12,2.021,36.39,2
CNC,2025-04-17,2025-04-21,2025-04-23,5-10%,-5.292,58.7,61.98,tp_gap_filled,30.6597,1799.72,5.588,100.56,2
ALGN,2025-04-21,2025-04-22,2025-04-23,1-2%,-1.429,168.96,171.41,tp_gap_filled,10.917,1844.54,1.45,26.75,1
ALL,2025-04-21,2025-04-22,2025-04-23,1-2%,-1.336,192.06,194.66,tp_gap_filled,9.6095,1845.61,1.354,24.98,1
AMAT,2025-04-10,2025-04-11,2025-04-24,5-10%,-5.009,142.23,149.73,tp_gap_filled,12.858,1828.79,5.273,96.43,8
CEG,2025-04-21,2025-04-23,2025-04-24,1-2%,-1.543,203.49,206.68,tp_gap_filled,9.2352,1879.27,1.568,29.46,1
CHTR,2025-04-21,2025-04-23,2025-04-24,1-2%,-1.086,335.28,338.96,tp_gap_filled,5.6086,1880.44,1.098,20.64,1
FISV,2025-04-03,2025-04-23,2025-04-24,3-5%,-3.529,218.17,185.4445,stop,8.6125,1878.98,-15.0,-281.85,1
HII,2025-04-22,2025-04-23,2025-04-24,1-2%,-1.207,215.23,217.86,tp_gap_filled,8.7305,1879.08,1.222,22.96,1
JBL,2025-03-27,2025-04-23,2025-04-24,1-2%,-1.411,141.83,143.86,tp_gap_filled,13.2521,1879.55,1.431,26.9,1
ABBV,2025-04-07,2025-04-08,2025-04-25,3-5%,-3.172,181.03,186.96,tp_gap_filled,9.7718,1768.98,3.276,57.95,12
CAH,2025-04-04,2025-04-14,2025-04-25,1-2%,-1.904,134.48,137.09,tp_gap_filled,13.793,1854.89,1.941,36.0,8
DELL,2025-04-03,2025-04-14,2025-04-25,10%+,-10.049,85.75,95.33,tp_gap_filled,21.676,1858.72,11.172,207.66,8
AMD,2025-04-16,2025-04-17,2025-04-25,5-10%,-8.06,87.61,95.29,tp_gap_filled,21.0045,1840.21,8.766,161.31,5
DOC,2025-04-04,2025-04-23,2025-04-25,1-2%,-1.028,19.26,17.7192,stop,97.6472,1880.69,-8.0,-150.45,2
JCI,2025-04-02,2025-04-23,2025-04-25,1-2%,-1.708,80.01,81.4,tp_gap_filled,23.4803,1878.66,1.737,32.64,2
MGM,2025-03-28,2025-04-23,2025-04-25,1-2%,-1.107,31.26,31.61,tp_gap_filled,60.0464,1877.05,1.12,21.02,2
BALL,2025-04-04,2025-04-24,2025-04-25,1-2%,-1.168,49.91,50.5,tp_gap_filled,38.0266,1897.91,1.182,22.44,1
CME,2025-04-23,2025-04-24,2025-04-25,3-5%,-3.355,256.65,265.56,tp_gap_filled,7.3967,1898.37,3.472,65.9,1
FLEX,2025-03-27,2025-04-24,2025-04-25,1-2%,-1.046,35.0,35.37,tp_gap_filled,54.2626,1899.19,1.057,20.08,1
CF,2025-04-03,2025-04-04,2025-04-28,3-5%,-3.595,76.96,79.83,tp_gap_filled,23.9701,1844.74,3.729,68.79,15
CTSH,2025-04-04,2025-04-09,2025-04-28,1-2%,-1.692,72.03,73.27,tp_gap_filled,25.5969,1843.74,1.722,31.74,12
ARES,2025-04-03,2025-04-23,2025-04-28,5-10%,-5.612,145.83,154.5,tp_gap_filled,12.8915,1879.97,5.945,111.77,3
GD,2025-04-23,2025-04-24,2025-04-28,1-2%,-1.154,271.63,274.8,tp_gap_filled,6.9905,1898.82,1.167,22.16,2
CHTR,2025-04-24,2025-04-25,2025-04-28,3-5%,-4.192,323.36,337.51,tp_gap_filled,5.8779,1900.67,4.376,83.17,1
NDAQ,2025-04-24,2025-04-25,2025-04-28,1-2%,-1.905,72.1,73.5,tp_gap_filled,26.4435,1906.58,1.942,37.02,1
ROL,2025-04-24,2025-04-25,2025-04-28,1-2%,-1.802,53.94,54.93,tp_gap_filled,35.3743,1908.09,1.835,35.02,1
WAB,2025-04-24,2025-04-25,2025-04-28,1-2%,-1.495,179.25,181.97,tp_gap_filled,10.6503,1909.06,1.517,28.97,1
FE,2025-02-27,2025-04-03,2025-04-29,5-10%,-5.203,40.81,43.05,tp_gap_filled,47.371,1933.21,5.489,106.11,17
MSI,2025-04-03,2025-04-04,2025-04-29,2-3%,-2.071,427.94,436.99,tp_gap_filled,4.288,1835.0,2.115,38.81,16
ANET,2025-04-03,2025-04-08,2025-04-29,5-10%,-8.658,73.22,80.16,tp_gap_filled,24.0972,1764.4,9.478,167.23,14
ORLY,2025-04-24,2025-04-25,2025-04-29,1-2%,-1.566,90.592,92.0333,tp_gap_filled,21.0648,1908.3,1.591,30.36,2
AMAT,2025-04-25,2025-04-28,2025-04-29,1-2%,-1.312,148.2,150.17,tp_gap_filled,12.8774,1908.43,1.329,25.37,1
AMD,2025-04-25,2025-04-28,2025-04-29,1-2%,-1.26,93.28,94.47,tp_gap_filled,20.4663,1909.09,1.276,24.35,1
CRL,2025-04-25,2025-04-28,2025-04-29,1-2%,-1.65,113.85,115.76,tp_gap_filled,16.7888,1911.4,1.678,32.07,1
FSLR,2025-04-25,2025-04-28,2025-04-29,1-2%,-1.048,135.01,136.44,tp_gap_filled,14.1606,1911.82,1.059,20.25,1
SHW,2025-04-03,2025-04-04,2025-04-30,2-3%,-2.415,345.12,353.66,tp_gap_filled,5.2916,1826.23,2.475,45.19,17
V,2025-04-03,2025-04-04,2025-04-30,3-5%,-3.589,333.9,346.33,tp_gap_filled,5.4652,1824.85,3.723,67.93,17
MA,2025-04-02,2025-04-23,2025-04-30,1-2%,-1.03,542.86,548.51,tp_gap_filled,3.4593,1877.94,1.041,19.55,5
CLX,2025-04-23,2025-04-29,2025-04-30,1-2%,-1.267,140.23,142.03,tp_gap_filled,13.6929,1920.15,1.284,24.65,1
DPZ,2025-04-28,2025-04-29,2025-04-30,2-3%,-2.166,477.02,487.58,tp_gap_filled,4.025,1920.01,2.214,42.5,1
PANW,2025-03-27,2025-04-29,2025-04-30,1-2%,-1.222,182.7,184.96,tp_gap_filled,10.5163,1921.34,1.237,23.77,1
PFE,2025-04-04,2025-04-29,2025-04-30,1-2%,-1.441,23.94,24.29,tp_gap_filled,80.291,1922.17,1.462,28.1,1
ROP,2025-04-28,2025-04-29,2025-04-30,3-5%,-3.541,537.95,557.7,tp_gap_filled,3.5727,1921.93,3.671,70.56,1
APH,2025-01-27,2025-01-30,2025-05-01,5-10%,-8.058,35.485,38.595,tp_gap_filled,59.5139,2111.85,8.764,185.09,63
ETN,2025-01-27,2025-01-30,2025-05-01,10%+,-10.702,329.49,301.66,time_exit,6.4187,2114.89,-8.446,-178.63,63
GEN,2025-04-04,2025-04-09,2025-05-01,3-5%,-3.885,24.99,26.0,tp_gap_filled,73.9971,1849.19,4.042,74.74,15
HST,2025-04-03,2025-04-09,2025-05-01,3-5%,-4.3,14.02,14.65,tp_gap_filled,131.9408,1849.81,4.494,83.12,15
CVS,2025-04-17,2025-04-21,2025-05-01,3-5%,-4.566,65.42,68.55,tp_gap_filled,27.5038,1799.3,4.784,86.09,8
ADI,2025-04-10,2025-04-24,2025-05-01,3-5%,-3.56,189.63,196.63,tp_gap_filled,10.0026,1896.79,3.691,70.02,5
CHD,2025-04-24,2025-04-25,2025-05-01,1-2%,-1.057,101.05,92.966,stop,18.8156,1901.32,-8.0,-152.11,4
GE,2025-04-02,2025-04-25,2025-05-01,2-3%,-2.115,199.48,203.79,tp_gap_filled,9.5577,1906.58,2.161,41.19,4
ALGN,2025-04-25,2025-04-28,2025-05-01,1-2%,-1.498,181.51,184.27,tp_gap_filled,10.5147,1908.52,1.521,29.02,3
APO,2025-04-02,2025-04-28,2025-05-01,2-3%,-2.313,135.17,138.37,tp_gap_filled,14.1331,1910.37,2.367,45.23,3
AMAT,2025-04-29,2025-04-30,2025-05-01,1-2%,-1.187,149.0,150.79,tp_gap_filled,12.953,1930.0,1.201,23.19,1
AMZN,2025-04-29,2025-04-30,2025-05-01,1-2%,-1.977,183.99,187.7,tp_gap_filled,10.4921,1930.44,2.016,38.93,1
GLW,2025-04-29,2025-04-30,2025-05-01,2-3%,-2.041,43.2,44.1,tp_gap_filled,44.6882,1930.53,2.083,40.22,1
LH,2025-04-29,2025-04-30,2025-05-01,3-5%,-3.371,221.86,229.6,tp_gap_filled,8.7107,1932.55,3.489,67.42,1
MO,2025-04-29,2025-04-30,2025-05-01,2-3%,-2.045,57.0,58.19,tp_gap_filled,33.9629,1935.88,2.088,40.42,1
NUE,2025-04-29,2025-04-30,2025-05-01,1-2%,-1.252,115.11,116.57,tp_gap_filled,16.8304,1937.34,1.268,24.57,1
CHRW,2025-01-30,2025-01-31,2025-05-02,5-10%,-7.718,99.6,90.83,time_exit,21.1309,2104.64,-8.805,-185.32,63
CDW,2025-04-03,2025-04-09,2025-05-02,3-5%,-4.366,157.29,164.47,tp_gap_filled,11.7002,1840.33,4.565,84.01,16
BRK-B,2025-04-03,2025-04-14,2025-05-02,1-2%,-1.878,527.62,537.72,tp_gap_filled,3.5153,1854.75,1.914,35.5,13
GS,2025-04-03,2025-04-23,2025-05-02,5-10%,-6.69,525.43,563.1,tp_gap_filled,3.5757,1878.8,7.169,134.7,7
HIG,2025-04-03,2025-04-30,2025-05-02,1-2%,-1.458,123.04,124.86,tp_gap_filled,15.6988,1931.59,1.479,28.57,2
KLAC,2025-04-29,2025-04-30,2025-05-02,1-2%,-1.454,68.363,69.372,tp_gap_filled,28.2531,1931.47,1.476,28.51,2
ADP,2025-04-30,2025-05-01,2025-05-02,1-2%,-1.701,290.74,295.77,tp_gap_filled,6.6381,1929.96,1.73,33.39,1
AMD,2025-04-30,2025-05-01,2025-05-02,3-5%,-3.383,92.81,96.06,tp_gap_filled,20.8061,1931.02,3.502,67.62,1
ANET,2025-04-30,2025-05-01,2025-05-02,3-5%,-3.295,78.07,80.73,tp_gap_filled,24.7549,1932.61,3.407,65.85,1
APTV,2025-04-30,2025-05-01,2025-05-02,2-3%,-2.671,56.11,57.65,tp_gap_filled,34.5295,1937.45,2.745,53.18,1
ARES,2025-04-30,2025-05-01,2025-05-02,2-3%,-2.605,148.81,152.79,tp_gap_filled,13.0236,1938.04,2.675,51.83,1
AVGO,2025-04-30,2025-05-01,2025-05-02,2-3%,-2.757,185.9,191.17,tp_gap_filled,10.43,1938.94,2.835,54.97,1
BA,2025-04-30,2025-05-01,2025-05-02,1-2%,-1.94,178.47,182.0,tp_gap_filled,10.8776,1941.32,1.978,38.4,1
BBY,2025-04-30,2025-05-01,2025-05-02,1-2%,-1.74,65.52,66.68,tp_gap_filled,29.6442,1942.29,1.77,34.39,1
BKNG,2025-04-30,2025-05-01,2025-05-02,3-5%,-3.605,189.2892,196.3692,tp_gap_filled,10.2657,1943.19,3.74,72.68,1
BXP,2025-04-30,2025-05-01,2025-05-02,3-5%,-4.607,62.12,65.12,tp_gap_filled,31.33,1946.22,4.829,93.99,1
CDNS,2025-04-30,2025-05-01,2025-05-02,2-3%,-2.551,294.51,302.22,tp_gap_filled,6.6129,1947.57,2.618,50.99,1
CEG,2025-04-30,2025-05-01,2025-05-02,3-5%,-3.047,219.55,226.45,tp_gap_filled,8.8739,1948.26,3.143,61.23,1
CF,2025-04-30,2025-05-01,2025-05-02,2-3%,-2.857,77.51,79.79,tp_gap_filled,25.1839,1952.0,2.942,57.42,1
CIEN,2025-04-30,2025-05-01,2025-05-02,3-5%,-3.414,65.06,67.36,tp_gap_filled,30.0194,1953.06,3.535,69.04,1
COIN,2025-04-30,2025-05-01,2025-05-02,3-5%,-3.134,199.67,206.13,tp_gap_filled,9.8006,1956.89,3.235,63.31,1
CRL,2025-04-30,2025-05-01,2025-05-02,1-2%,-1.424,115.62,117.29,tp_gap_filled,16.9279,1957.21,1.444,28.27,1
EQT,2025-04-04,2025-04-07,2025-05-05,5-10%,-5.586,49.18,52.09,tp_gap_filled,36.554,1797.73,5.917,106.37,19
ABBV,2025-05-01,2025-05-02,2025-05-05,1-2%,-1.138,192.88,195.1,tp_gap_filled,10.2057,1968.47,1.151,22.66,1
AJG,2025-04-25,2025-05-02,2025-05-05,1-2%,-1.261,327.34,331.52,tp_gap_filled,6.017,1969.62,1.277,25.15,1
ALL,2025-05-01,2025-05-02,2025-05-05,1-2%,-1.865,194.69,198.39,tp_gap_filled,10.119,1970.07,1.9,37.44,1
AZO,2025-05-01,2025-05-02,2025-05-05,1-2%,-1.098,3721.28,3762.6001,tp_gap_filled,0.5294,1970.05,1.11,21.87,1
BALL,2025-05-01,2025-05-02,2025-05-05,1-2%,-1.02,51.41,51.94,tp_gap_filled,38.3276,1970.42,1.031,20.31,1
COR,2025-05-01,2025-05-02,2025-05-05,1-2%,-1.008,289.72,292.67,tp_gap_filled,6.8024,1970.79,1.018,20.07,1
CRWD,2025-02-20,2025-05-02,2025-05-05,1-2%,-1.826,110.48,112.535,tp_gap_filled,17.8414,1971.12,1.86,36.66,1
DGX,2025-05-01,2025-05-02,2025-05-05,1-2%,-1.027,176.39,178.22,tp_gap_filled,11.1739,1970.97,1.037,20.45,1
DXCM,2025-03-06,2025-05-02,2025-05-05,1-2%,-1.855,80.44,81.96,tp_gap_filled,24.5067,1971.32,1.89,37.25,1
ICE,2025-03-31,2025-05-02,2025-05-05,1-2%,-1.082,172.82,174.71,tp_gap_filled,11.4104,1971.95,1.094,21.57,1
KVUE,2025-05-01,2025-05-02,2025-05-05,1-2%,-1.059,23.35,23.6,tp_gap_filled,84.4579,1972.09,1.071,21.11,1
IBM,2025-04-03,2025-04-16,2025-05-06,2-3%,-2.908,242.71,249.98,tp_gap_filled,7.5235,1826.03,2.995,54.7,13
DUK,2025-04-23,2025-04-24,2025-05-06,1-2%,-1.077,121.21,122.53,tp_gap_filled,15.6699,1899.35,1.089,20.68,8
AWK,2025-04-23,2025-05-02,2025-05-06,1-2%,-1.072,147.66,149.26,tp_gap_filled,13.3428,1970.2,1.084,21.35,2
CBOE,2025-05-02,2025-05-05,2025-05-06,1-2%,-1.026,218.94,221.21,tp_gap_filled,8.9935,1969.04,1.037,20.42,1
XEL,2025-04-24,2025-04-25,2025-05-07,1-2%,-1.691,70.34,71.55,tp_gap_filled,27.155,1910.08,1.72,32.86,8
CNC,2025-04-25,2025-04-28,2025-05-07,5-10%,-5.164,58.4,61.58,tp_gap_filled,32.7175,1910.7,5.445,104.04,7
IFF,2025-03-21,2025-05-02,2025-05-07,1-2%,-1.104,78.86,79.74,tp_gap_filled,25.0075,1972.09,1.116,22.01,3
ETN,2025-05-02,2025-05-05,2025-05-07,2-3%,-2.632,293.72,301.66,tp_gap_filled,6.7106,1971.03,2.703,53.28,2
ADI,2025-05-05,2025-05-06,2025-05-07,1-2%,-1.224,196.16,198.59,tp_gap_filled,10.0266,1966.83,1.239,24.36,1
AMZN,2025-05-05,2025-05-06,2025-05-07,1-2%,-1.827,186.51,189.98,tp_gap_filled,10.5391,1965.64,1.86,36.57,1
APTV,2025-05-05,2025-05-06,2025-05-07,1-2%,-1.221,58.25,58.97,tp_gap_filled,33.7475,1965.79,1.236,24.3,1
AVGO,2025-05-05,2025-05-06,2025-05-07,1-2%,-1.665,200.25,203.64,tp_gap_filled,9.8165,1965.75,1.693,33.28,1
CDW,2025-05-05,2025-05-06,2025-05-07,1-2%,-1.163,164.89,166.83,tp_gap_filled,11.9214,1965.72,1.177,23.13,1
CEG,2025-05-05,2025-05-06,2025-05-07,1-2%,-1.614,243.27,247.26,tp_gap_filled,8.0795,1965.49,1.64,32.24,1
CIEN,2025-05-05,2025-05-06,2025-05-07,1-2%,-1.606,71.68,72.85,tp_gap_filled,27.4892,1970.43,1.632,32.16,1
EFX,2025-02-06,2025-02-12,2025-05-08,5-10%,-5.699,254.83,270.23,tp_gap_filled,8.3574,2129.71,6.043,128.7,59
FFIV,2025-04-03,2025-04-09,2025-05-08,5-10%,-5.595,257.47,272.73,tp_gap_filled,7.1676,1845.43,5.927,109.38,20
C,2025-04-03,2025-04-15,2025-05-08,5-10%,-7.79,66.17,71.76,tp_gap_filled,27.9243,1847.75,8.448,156.1,16
AME,2025-04-02,2025-04-29,2025-05-08,1-2%,-1.757,168.87,171.89,tp_gap_filled,11.3786,1921.51,1.788,34.36,7
CINF,2025-04-03,2025-04-29,2025-05-08,2-3%,-2.412,144.03,147.59,tp_gap_filled,13.3393,1921.26,2.472,47.49,7
CTVA,2025-04-03,2025-04-29,2025-05-08,2-3%,-2.422,62.45,64.0,tp_gap_filled,30.7512,1920.41,2.482,47.66,7
ALGN,2025-05-05,2025-05-06,2025-05-08,1-2%,-1.051,177.93,179.82,tp_gap_filled,11.0533,1966.71,1.062,20.89,2
AMAT,2025-05-06,2025-05-07,2025-05-08,1-2%,-1.688,152.0,154.61,tp_gap_filled,12.9819,1973.25,1.717,33.88,1
AMD,2025-05-06,2025-05-07,2025-05-08,2-3%,-2.167,98.41,100.59,tp_gap_filled,20.0571,1973.82,2.215,43.72,1
ARES,2025-05-06,2025-05-07,2025-05-08,1-2%,-1.051,159.07,160.76,tp_gap_filled,12.4134,1974.6,1.062,20.98,1
BBY,2025-05-05,2025-05-07,2025-05-08,1-2%,-1.352,67.15,68.07,tp_gap_filled,29.4169,1975.34,1.37,27.06,1
CARR,2025-05-06,2025-05-07,2025-05-08,1-2%,-1.356,69.85,70.81,tp_gap_filled,28.2881,1975.93,1.374,27.16,1
CDNS,2025-05-06,2025-05-07,2025-05-08,1-2%,-1.923,302.89,308.83,tp_gap_filled,6.5238,1976.01,1.961,38.75,1
CHRW,2025-05-06,2025-05-07,2025-05-08,1-2%,-1.034,89.01,89.94,tp_gap_filled,22.2078,1976.72,1.045,20.65,1
CLX,2025-05-06,2025-05-07,2025-05-08,3-5%,-3.172,134.0,138.39,tp_gap_filled,14.7468,1976.06,3.276,64.74,1
CRL,2025-05-06,2025-05-07,2025-05-08,1-2%,-1.674,117.44,119.44,tp_gap_filled,16.8324,1976.8,1.703,33.66,1
BLDR,2025-05-06,2025-05-08,2025-05-09,1-2%,-1.868,109.77,111.86,tp_gap_filled,18.1552,1992.9,1.904,37.94,1
COIN,2025-05-05,2025-05-08,2025-05-09,1-2%,-1.562,201.73,204.93,tp_gap_filled,9.8787,1992.84,1.586,31.61,1
CVNA,2025-02-20,2025-05-08,2025-05-09,5-10%,-6.007,52.978,56.364,tp_gap_filled,37.6338,1993.76,6.391,127.43,1
DIS,2025-03-10,2025-05-08,2025-05-09,1-2%,-1.024,104.43,105.51,tp_gap_filled,19.1216,1996.87,1.034,20.65,1
FDS,2025-04-03,2025-05-08,2025-05-09,1-2%,-1.986,442.75,451.72,tp_gap_filled,4.5108,1997.14,2.026,40.46,1
GS,2025-05-05,2025-05-08,2025-05-09,1-2%,-1.367,558.36,566.1,tp_gap_filled,3.5773,1997.45,1.386,27.69,1
HPE,2025-05-05,2025-05-08,2025-05-09,1-2%,-1.186,16.66,16.86,tp_gap_filled,119.9102,1997.7,1.2,23.98,1
INTC,2025-05-05,2025-05-08,2025-05-09,1-2%,-1.115,20.39,20.62,tp_gap_filled,97.9994,1998.21,1.128,22.54,1
JKHY,2025-05-07,2025-05-08,2025-05-09,3-5%,-4.558,164.18,172.02,tp_gap_filled,12.1781,1999.4,4.775,95.48,1
HD,2025-04-03,2025-04-04,2025-05-12,3-5%,-4.074,355.78,370.89,tp_gap_filled,5.1615,1836.36,4.247,77.99,25
MTB,2025-04-03,2025-04-23,2025-05-12,3-5%,-4.908,170.89,179.71,tp_gap_filled,10.9805,1876.46,5.161,96.85,13
HAL,2025-04-25,2025-04-28,2025-05-12,1-2%,-1.839,20.82,21.21,tp_gap_filled,91.9038,1913.44,1.873,35.84,10
AMGN,2025-05-01,2025-05-02,2025-05-12,1-2%,-1.334,287.04,264.0768,stop,6.8666,1971.0,-8.0,-157.68,6
CAT,2025-04-03,2025-05-02,2025-05-12,3-5%,-4.479,319.67,334.66,tp_gap_filled,6.1645,1970.62,4.689,92.41,6
CSCO,2025-04-03,2025-05-02,2025-05-12,3-5%,-3.947,59.38,61.82,tp_gap_filled,33.193,1971.0,4.109,80.99,6
KEY,2025-04-02,2025-05-02,2025-05-12,1-2%,-1.709,15.53,15.8,tp_gap_filled,126.9925,1972.19,1.739,34.29,6
APO,2025-05-02,2025-05-05,2025-05-12,2-3%,-2.712,134.15,137.89,tp_gap_filled,14.6782,1969.09,2.788,54.9,5
ANET,2025-05-05,2025-05-06,2025-05-12,1-2%,-1.45,89.7,91.02,tp_gap_filled,21.91,1965.32,1.472,28.92,4
AMCR,2025-05-06,2025-05-07,2025-05-12,1-2%,-1.074,46.05,46.55,tp_gap_filled,42.8717,1974.24,1.086,21.44,3
COF,2025-03-04,2025-05-08,2025-05-12,2-3%,-2.1,192.06,196.18,tp_gap_filled,10.3789,1993.37,2.145,42.76,2
CSX,2025-04-03,2025-05-08,2025-05-12,2-3%,-2.589,28.97,29.74,tp_gap_filled,68.8222,1993.78,2.658,52.99,2
GWW,2025-05-06,2025-05-08,2025-05-12,1-2%,-1.171,1053.0,1065.48,tp_gap_filled,1.8974,1997.97,1.185,23.68,2
JPM,2025-03-04,2025-05-08,2025-05-12,2-3%,-2.049,255.28,260.62,tp_gap_filled,7.8467,2003.11,2.092,41.9,2
LUV,2025-04-02,2025-05-08,2025-05-12,1-2%,-1.14,31.23,31.59,tp_gap_filled,64.1316,2002.83,1.153,23.09,2
ABBV,2025-05-08,2025-05-09,2025-05-12,2-3%,-2.105,184.13,188.09,tp_gap_filled,10.8221,1992.67,2.151,42.86,1
ADM,2025-05-08,2025-05-09,2025-05-12,1-2%,-1.629,47.1,47.88,tp_gap_filled,42.3094,1992.77,1.656,33.0,1
MCHP,2025-03-10,2025-05-09,2025-05-12,3-5%,-3.028,57.96,59.77,tp_gap_filled,34.4027,1993.98,3.123,62.27,1
LOW,2025-04-03,2025-04-04,2025-05-13,5-10%,-5.309,222.79,235.28,tp_gap_filled,8.2361,1834.92,5.606,102.87,26
ED,2025-05-02,2025-05-05,2025-05-13,1-2%,-1.955,110.36,101.5312,stop,17.8627,1971.33,-8.0,-157.71,6
XYZ,2025-05-02,2025-05-05,2025-05-13,10%+,-22.495,45.325,58.48,tp_gap_filled,43.545,1973.68,29.024,572.83,6
CRWD,2025-05-05,2025-05-06,2025-05-13,1-2%,-1.04,109.0,110.145,tp_gap_filled,18.0823,1970.97,1.05,20.7,5
AXON,2025-02-19,2025-05-12,2025-05-13,1-2%,-1.41,700.0,710.01,tp_gap_filled,2.8956,2026.92,1.43,28.99,1
AXP,2025-03-04,2025-05-12,2025-05-13,1-2%,-1.327,291.57,295.49,tp_gap_filled,6.9504,2026.52,1.344,27.25,1
BNY,2025-03-04,2025-05-12,2025-05-13,1-2%,-1.03,87.44,88.35,tp_gap_filled,23.1878,2027.55,1.041,21.1,1
CMI,2025-04-02,2025-05-12,2025-05-13,1-2%,-1.462,310.75,315.36,tp_gap_filled,6.5242,2027.39,1.484,30.08,1
FITB,2025-04-02,2025-05-12,2025-05-13,1-2%,-1.053,38.52,38.93,tp_gap_filled,52.7199,2030.77,1.064,21.62,1
FTV,2025-04-03,2025-05-12,2025-05-13,3-5%,-4.092,53.6925,55.9834,tp_gap_filled,37.8363,2031.53,4.267,86.68,1
GNRC,2025-04-02,2025-05-12,2025-05-13,1-2%,-1.575,124.34,126.33,tp_gap_filled,16.3396,2031.66,1.6,32.52,1
HPQ,2025-04-02,2025-05-12,2025-05-13,1-2%,-1.08,27.49,27.79,tp_gap_filled,73.9232,2032.15,1.091,22.18,1
IBKR,2025-03-06,2025-05-12,2025-05-13,2-3%,-2.049,48.165,49.1725,tp_gap_filled,42.215,2033.29,2.092,42.53,1
IP,2025-05-09,2025-05-12,2025-05-13,1-2%,-1.135,44.41,44.92,tp_gap_filled,45.8062,2034.25,1.148,23.36,1
ISRG,2025-03-06,2025-05-12,2025-05-13,1-2%,-1.597,558.95,568.02,tp_gap_filled,3.6452,2037.46,1.623,33.06,1
MAR,2025-03-06,2025-05-12,2025-05-13,1-2%,-1.003,268.38,271.1,tp_gap_filled,7.5946,2038.24,1.013,20.66,1
MET,2025-04-02,2025-05-12,2025-05-13,1-2%,-1.676,79.8,81.16,tp_gap_filled,25.5589,2039.6,1.704,34.76,1
ABBV,2025-05-12,2025-05-13,2025-05-14,2-3%,-2.492,180.0,184.6,tp_gap_filled,11.2774,2029.94,2.556,51.88,1
AES,2025-04-03,2025-05-13,2025-05-14,3-5%,-3.846,12.0,12.48,tp_gap_filled,169.312,2031.74,4.0,81.27,1
CVNA,2025-05-09,2025-05-13,2025-05-14,1-2%,-1.467,56.268,57.106,tp_gap_filled,36.1414,2033.61,1.489,30.29,1
META,2025-03-06,2025-05-13,2025-05-14,1-2%,-1.29,648.0,656.47,tp_gap_filled,3.1409,2035.3,1.307,26.6,1
NFLX,2025-05-12,2025-05-13,2025-05-14,1-2%,-1.4,112.426,114.022,tp_gap_filled,18.108,2035.81,1.42,28.9,1
VLO,2025-04-02,2025-05-13,2025-05-14,1-2%,-1.204,132.13,133.74,tp_gap_filled,15.401,2034.94,1.218,24.8,1
MSCI,2025-04-03,2025-04-15,2025-05-15,2-3%,-2.497,561.58,575.96,tp_gap_filled,3.2895,1847.32,2.561,47.3,21
DRI,2025-04-02,2025-04-23,2025-05-15,1-2%,-1.499,206.4,209.54,tp_gap_filled,9.1077,1879.83,1.521,28.6,16
HRL,2025-05-01,2025-05-02,2025-05-15,1-2%,-1.137,29.56,29.9,tp_gap_filled,66.7214,1972.28,1.15,22.69,9
AEE,2025-05-13,2025-05-14,2025-05-15,1-2%,-1.017,94.45,95.42,tp_gap_filled,21.4084,2022.03,1.027,20.77,1
CEG,2025-05-13,2025-05-14,2025-05-15,1-2%,-1.686,280.47,285.28,tp_gap_filled,7.2103,2022.28,1.715,34.68,1
TTWO,2025-05-02,2025-05-05,2025-05-16,5-10%,-8.811,214.45,235.17,tp_gap_filled,9.1941,1971.68,9.662,190.5,9
MCK,2025-05-08,2025-05-09,2025-05-16,1-2%,-1.25,713.34,722.37,tp_gap_filled,2.7927,1992.17,1.266,25.22,5
TAP,2025-05-08,2025-05-09,2025-05-16,5-10%,-7.899,52.35,56.84,tp_gap_filled,38.0337,1991.06,8.577,170.77,5
HBAN,2025-03-04,2025-05-12,2025-05-16,1-2%,-1.544,15.94,16.19,tp_gap_filled,127.5156,2032.6,1.568,31.88,4
ABT,2025-05-12,2025-05-15,2025-05-16,1-2%,-1.088,131.79,133.24,tp_gap_filled,15.5083,2043.84,1.1,22.49,1
CBOE,2025-05-14,2025-05-15,2025-05-16,1-2%,-1.461,217.16,220.38,tp_gap_filled,9.4139,2044.32,1.483,30.31,1
CNP,2025-05-12,2025-05-15,2025-05-16,1-2%,-1.012,37.16,37.54,tp_gap_filled,55.024,2044.69,1.023,20.91,1
DG,2025-05-12,2025-05-15,2025-05-16,1-2%,-1.266,90.5,91.66,tp_gap_filled,22.5942,2044.77,1.282,26.21,1
ED,2025-05-14,2025-05-15,2025-05-16,1-2%,-1.302,99.27,100.58,tp_gap_filled,20.6094,2045.9,1.32,27.0,1
FAST,2025-05-06,2025-05-15,2025-05-16,1-2%,-1.577,40.56,41.21,tp_gap_filled,50.4691,2047.03,1.603,32.8,1
J,2025-05-14,2025-05-15,2025-05-16,3-5%,-3.364,121.4554,125.6832,tp_gap_filled,16.8563,2047.29,3.481,71.26,1
KIM,2025-05-14,2025-05-15,2025-05-16,1-2%,-1.305,21.18,21.46,tp_gap_filled,96.7581,2049.34,1.322,27.09,1
KLAC,2025-05-14,2025-05-15,2025-05-16,1-2%,-1.15,78.675,79.59,tp_gap_filled,26.0533,2049.74,1.163,23.84,1
KVUE,2025-05-14,2025-05-15,2025-05-16,1-2%,-1.099,23.4,23.66,tp_gap_filled,87.6387,2050.75,1.111,22.79,1
NOC,2025-05-14,2025-05-15,2025-05-16,1-2%,-1.974,461.38,470.67,tp_gap_filled,4.4463,2051.44,2.014,41.31,1
DVA,2025-02-14,2025-02-18,2025-05-19,10%+,-13.024,154.0,144.96,time_exit,14.07,2166.79,-5.87,-127.19,63
KMB,2025-04-22,2025-04-23,2025-05-19,3-5%,-4.99,133.08,140.07,tp_gap_filled,14.1107,1877.85,5.252,98.63,18
ITW,2025-04-03,2025-05-12,2025-05-19,2-3%,-2.286,246.66,252.43,tp_gap_filled,8.2609,2037.64,2.339,47.67,5
T,2025-05-12,2025-05-13,2025-05-19,2-3%,-2.694,27.09,27.84,tp_gap_filled,75.1729,2036.43,2.769,56.38,4
TMUS,2025-05-12,2025-05-13,2025-05-19,2-3%,-2.047,238.82,243.81,tp_gap_filled,8.523,2035.47,2.089,42.53,4
MO,2025-05-12,2025-05-15,2025-05-19,1-2%,-1.952,58.27,59.43,tp_gap_filled,35.2083,2051.59,1.991,40.84,2
CEG,2025-05-15,2025-05-16,2025-05-19,1-2%,-1.229,284.61,288.15,tp_gap_filled,7.2764,2070.93,1.244,25.76,1
CIEN,2025-05-15,2025-05-16,2025-05-19,1-2%,-1.081,78.67,79.53,tp_gap_filled,26.3363,2071.88,1.093,22.65,1
COIN,2025-05-15,2025-05-16,2025-05-19,2-3%,-2.623,256.5,263.41,tp_gap_filled,8.0852,2073.85,2.694,55.87,1
CRWD,2025-05-15,2025-05-16,2025-05-19,2-3%,-2.833,105.8975,108.985,tp_gap_filled,19.5987,2075.46,2.916,60.51,1
DECK,2025-05-15,2025-05-16,2025-05-19,1-2%,-1.555,125.38,127.36,tp_gap_filled,16.5652,2076.95,1.579,32.8,1
CMCSA,2025-04-04,2025-04-09,2025-05-20,2-3%,-2.212,32.7366,33.477,tp_gap_filled,56.3158,1843.59,2.262,41.7,28
PG,2025-04-24,2025-04-25,2025-05-20,3-5%,-3.156,160.5,165.73,tp_gap_filled,11.8877,1907.97,3.259,62.17,17
CMS,2025-05-12,2025-05-16,2025-05-20,1-2%,-1.467,71.22,72.28,tp_gap_filled,29.1102,2073.23,1.488,30.86,2
ATO,2025-05-12,2025-05-19,2025-05-20,1-2%,-1.07,158.15,159.86,tp_gap_filled,13.1272,2076.07,1.081,22.45,1
BIIB,2025-04-04,2025-05-19,2025-05-20,1-2%,-1.14,129.22,130.71,tp_gap_filled,16.0699,2076.55,1.153,23.94,1
CTSH,2025-05-16,2025-05-19,2025-05-20,1-2%,-1.094,80.47,81.36,tp_gap_filled,25.8077,2076.74,1.106,22.97,1
HUM,2025-05-13,2025-05-19,2025-05-20,3-5%,-3.334,244.43,252.86,tp_gap_filled,8.4989,2077.39,3.449,71.65,1
SO,2025-05-12,2025-05-19,2025-05-20,1-2%,-1.107,89.35,90.35,tp_gap_filled,23.2577,2078.08,1.119,23.26,1
PSX,2025-03-27,2025-05-13,2025-05-21,1-2%,-1.067,125.22,115.2024,stop,16.2619,2036.32,-8.0,-162.91,6
ADI,2025-05-15,2025-05-16,2025-05-21,1-2%,-1.054,224.43,226.82,tp_gap_filled,9.2225,2069.8,1.065,22.04,3
APO,2025-05-15,2025-05-16,2025-05-21,1-2%,-1.179,142.54,131.1368,stop,14.5264,2070.59,-8.0,-165.65,3
COHR,2025-05-15,2025-05-16,2025-05-21,2-3%,-2.317,78.83,80.7,tp_gap_filled,26.3094,2073.97,2.372,49.2,3
APH,2025-05-19,2025-05-20,2025-05-21,2-3%,-2.348,42.42,43.44,tp_gap_filled,48.9415,2076.1,2.405,49.92,1
AVGO,2025-05-19,2025-05-20,2025-05-21,2-3%,-2.957,221.85,228.61,tp_gap_filled,9.3613,2076.81,3.047,63.28,1
AXON,2025-05-19,2025-05-20,2025-05-21,1-2%,-1.526,721.99,733.18,tp_gap_filled,2.879,2078.6,1.55,32.22,1
CL,2025-05-01,2025-05-02,2025-05-23,1-2%,-1.117,91.16,92.19,tp_gap_filled,21.6223,1971.09,1.13,22.27,15
ADSK,2025-05-19,2025-05-20,2025-05-23,1-2%,-1.171,294.59,298.08,tp_gap_filled,7.0488,2076.52,1.185,24.6,3
CME,2025-05-12,2025-05-21,2025-05-23,1-2%,-1.368,280.46,284.35,tp_gap_filled,7.2808,2041.97,1.387,28.32,2
CTAS,2025-05-20,2025-05-21,2025-05-23,1-2%,-1.731,219.17,223.03,tp_gap_filled,9.3177,2042.15,1.761,35.97,2
CDNS,2025-05-20,2025-05-21,2025-05-27,1-2%,-1.043,316.96,320.3,tp_gap_filled,6.4421,2041.89,1.054,21.52,3
CRH,2025-05-22,2025-05-23,2025-05-27,1-2%,-1.115,94.02,95.08,tp_gap_filled,21.4993,2021.36,1.127,22.79,1
EIX,2025-05-22,2025-05-23,2025-05-27,1-2%,-1.036,56.35,56.94,tp_gap_filled,35.8721,2021.39,1.047,21.16,1
GE,2025-05-22,2025-05-23,2025-05-27,1-2%,-1.006,231.19,233.54,tp_gap_filled,8.7443,2021.6,1.016,20.55,1
MRNA,2025-05-22,2025-05-23,2025-05-27,1-2%,-1.163,25.5,25.8,tp_gap_filled,79.2895,2021.88,1.176,23.79,1
AOS,2025-05-19,2025-05-20,2025-05-28,1-2%,-1.12,69.73,64.1516,stop,29.7743,2076.16,-8.0,-166.09,5
ABNB,2025-05-23,2025-05-27,2025-05-28,2-3%,-2.005,125.09,127.65,tp_gap_filled,16.4174,2053.65,2.047,42.03,1
ADI,2025-05-23,2025-05-27,2025-05-28,1-2%,-1.392,208.98,211.93,tp_gap_filled,9.8338,2055.07,1.412,29.01,1
AMCR,2025-05-22,2025-05-27,2025-05-28,1-2%,-1.198,45.35,45.9,tp_gap_filled,45.35,2056.62,1.213,24.94,1
AME,2025-05-23,2025-05-27,2025-05-28,1-2%,-1.35,176.13,178.54,tp_gap_filled,11.6793,2057.08,1.368,28.15,1
APH,2025-05-23,2025-05-27,2025-05-28,1-2%,-1.63,41.935,42.63,tp_gap_filled,49.08,2058.17,1.657,34.11,1
A,2025-05-19,2025-05-20,2025-05-29,1-2%,-1.116,112.5,113.77,tp_gap_filled,18.4547,2076.16,1.129,23.44,6
DXCM,2025-05-21,2025-05-28,2025-05-29,1-2%,-1.042,86.43,87.34,tp_gap_filled,23.591,2038.97,1.053,21.47,1
ANET,2025-05-15,2025-05-16,2025-05-30,2-3%,-2.932,95.34,84.8526,stop,21.7131,2070.13,-11.0,-227.71,9
COST,2025-03-06,2025-05-19,2025-05-30,1-2%,-1.413,1032.95,1047.75,tp_gap_filled,2.0104,2076.69,1.433,29.75,8
KEYS,2025-02-25,2025-05-21,2025-05-30,1-2%,-1.747,170.44,156.8048,stop,11.9837,2042.5,-8.0,-163.4,6
CHD,2025-05-01,2025-05-02,2025-06-02,5-10%,-6.392,92.99,99.34,tp_gap_filled,21.197,1971.11,6.829,134.6,20
NEM,2025-05-07,2025-05-08,2025-06-02,2-3%,-2.179,53.42,54.61,tp_gap_filled,37.4883,2002.62,2.228,44.61,16
D,2025-05-29,2025-05-30,2025-06-02,1-2%,-1.217,55.2,55.88,tp_gap_filled,37.0643,2045.95,1.232,25.2,1
INCY,2025-03-17,2025-03-18,2025-06-03,10%+,-11.583,60.0,67.86,tp_gap_filled,33.7822,2026.93,13.1,265.53,53
FERG,2025-02-19,2025-05-15,2025-06-03,1-2%,-1.757,182.24,185.5,tp_gap_filled,11.2347,2047.41,1.789,36.63,12
DDOG,2025-05-15,2025-05-16,2025-06-03,1-2%,-1.079,117.805,119.09,tp_gap_filled,17.6308,2076.99,1.091,22.66,11
AMD,2025-05-19,2025-05-21,2025-06-03,1-2%,-1.835,115.02,117.17,tp_gap_filled,17.7616,2042.94,1.869,38.19,8
TECH,2025-05-21,2025-05-28,2025-06-03,1-2%,-1.615,48.73,49.53,tp_gap_filled,41.8347,2038.61,1.642,33.47,4
ABNB,2025-05-30,2025-06-02,2025-06-03,2-3%,-2.228,125.5,128.36,tp_gap_filled,16.2469,2038.98,2.279,46.47,1
CIEN,2025-05-30,2025-06-02,2025-06-03,1-2%,-1.729,80.14,81.55,tp_gap_filled,25.4587,2040.26,1.759,35.9,1
WFC,2025-03-04,2025-05-13,2025-06-04,2-3%,-2.025,75.47,77.03,tp_gap_filled,26.9757,2035.85,2.067,42.08,15
MTD,2025-05-21,2025-05-29,2025-06-04,1-2%,-1.477,1168.48,1186.0,tp_gap_filled,1.752,2047.18,1.499,30.7,4
A,2025-05-30,2025-06-03,2025-06-04,1-2%,-1.103,112.03,113.28,tp_gap_filled,18.3403,2054.66,1.116,22.93,1
BALL,2025-06-02,2025-06-03,2025-06-04,1-2%,-1.25,52.91,53.58,tp_gap_filled,38.8406,2055.05,1.266,26.02,1
CDW,2025-06-02,2025-06-03,2025-06-04,1-2%,-1.935,176.87,180.36,tp_gap_filled,11.6214,2055.48,1.973,40.56,1
COHR,2025-05-30,2025-06-03,2025-06-04,2-3%,-2.892,77.22,79.52,tp_gap_filled,26.6257,2056.03,2.978,61.24,1
AMZN,2025-05-15,2025-05-16,2025-06-05,1-2%,-1.807,206.45,210.25,tp_gap_filled,10.0281,2070.3,1.841,38.11,13
MDT,2025-05-20,2025-05-21,2025-06-05,1-2%,-1.782,85.42,86.97,tp_gap_filled,23.8889,2040.59,1.815,37.03,10
GILD,2025-04-04,2025-05-29,2025-06-05,1-2%,-1.673,110.51,112.39,tp_gap_filled,18.5228,2046.96,1.701,34.82,5
ACN,2025-06-02,2025-06-03,2025-06-05,1-2%,-1.007,313.63,316.82,tp_gap_filled,6.5521,2054.93,1.017,20.9,2
AMGN,2025-06-03,2025-06-04,2025-06-05,1-2%,-1.023,285.52,288.47,tp_gap_filled,7.185,2051.46,1.033,21.2,1
CDNS,2025-06-03,2025-06-04,2025-06-05,1-2%,-1.166,289.12,292.53,tp_gap_filled,7.0963,2051.67,1.179,24.2,1
CRL,2025-05-21,2025-06-04,2025-06-05,1-2%,-1.491,141.39,143.53,tp_gap_filled,14.516,2052.42,1.514,31.06,1
DELL,2025-05-30,2025-06-04,2025-06-05,1-2%,-1.012,112.48,113.63,tp_gap_filled,18.2517,2052.95,1.022,20.99,1
EQIX,2025-03-06,2025-06-04,2025-06-05,1-2%,-1.186,910.1,921.02,tp_gap_filled,2.2558,2053.03,1.2,24.63,1
BR,2025-04-03,2025-04-23,2025-06-06,2-3%,-2.152,240.95,246.25,tp_gap_filled,7.8025,1880.0,2.2,41.35,31
BBY,2025-05-29,2025-06-02,2025-06-06,3-5%,-4.404,68.37,71.52,tp_gap_filled,29.8424,2040.32,4.607,94.0,4
CHTR,2025-06-02,2025-06-03,2025-06-06,1-2%,-1.322,391.03,396.27,tp_gap_filled,5.2581,2056.06,1.34,27.55,3
TER,2025-05-15,2025-06-05,2025-06-06,1-2%,-1.21,83.25,84.27,tp_gap_filled,24.7014,2056.39,1.225,25.2,1
AJG,2025-06-02,2025-06-03,2025-06-09,1-2%,-1.157,343.42,315.9464,stop,5.9834,2054.84,-8.0,-164.39,4
F,2025-06-02,2025-06-04,2025-06-09,1-2%,-1.06,10.27,10.38,tp_gap_filled,199.915,2053.13,1.071,21.99,3
DHR,2025-05-21,2025-06-06,2025-06-09,1-2%,-1.026,195.74,197.77,tp_gap_filled,10.5765,2070.24,1.037,21.47,1
MRK,2025-05-13,2025-05-14,2025-06-10,3-5%,-4.327,76.95,80.43,tp_gap_filled,26.2948,2023.38,4.522,91.51,18
APTV,2025-05-15,2025-05-16,2025-06-10,1-2%,-1.57,68.33,69.42,tp_gap_filled,30.3084,2070.97,1.595,33.04,16
ALGN,2025-05-19,2025-05-20,2025-06-10,2-3%,-2.103,184.33,188.29,tp_gap_filled,11.2662,2076.69,2.148,44.61,14
AMAT,2025-05-15,2025-06-09,2025-06-10,1-2%,-1.372,171.75,174.14,tp_gap_filled,12.018,2064.08,1.392,28.72,1
DG,2025-06-06,2025-06-09,2025-06-10,1-2%,-1.239,112.43,113.84,tp_gap_filled,18.3494,2063.02,1.254,25.87,1
MCK,2025-06-06,2025-06-09,2025-06-10,1-2%,-1.245,702.74,711.6,tp_gap_filled,2.9361,2063.35,1.261,26.01,1
DPZ,2025-05-21,2025-05-28,2025-06-11,1-2%,-1.026,488.01,448.9692,stop,4.179,2039.38,-8.0,-163.15,10
CVNA,2025-06-09,2025-06-10,2025-06-11,1-2%,-1.335,67.38,68.292,tp_gap_filled,30.7405,2071.29,1.354,28.04,1
HOOD,2025-06-09,2025-06-10,2025-06-11,3-5%,-3.766,72.06,74.88,tp_gap_filled,28.7813,2073.98,3.913,81.16,1
JBHT,2025-05-21,2025-06-10,2025-06-11,1-2%,-1.248,143.21,145.02,tp_gap_filled,14.4829,2074.09,1.264,26.21,1
ECHO,2025-06-09,2025-06-10,2025-06-12,5-10%,-9.84,15.76,17.48,tp_gap_filled,131.4398,2071.49,10.914,226.08,2
CSGP,2025-04-30,2025-06-11,2025-06-12,1-2%,-1.644,81.34,82.7,tp_gap_filled,25.4608,2070.98,1.672,34.63,1
DLTR,2025-06-04,2025-06-05,2025-06-13,5-10%,-5.986,90.93,96.72,tp_gap_filled,22.5866,2053.8,6.368,130.78,6
NCLH,2025-03-27,2025-06-09,2025-06-13,1-2%,-1.335,19.95,18.354,stop,103.4596,2064.02,-8.0,-165.12,4
CVS,2025-05-12,2025-06-11,2025-06-13,1-2%,-1.956,65.66,66.97,tp_gap_filled,31.5445,2071.21,1.995,41.32,2
ANET,2025-06-11,2025-06-12,2025-06-13,1-2%,-1.041,92.725,93.7,tp_gap_filled,22.4035,2077.37,1.051,21.84,1
DE,2025-05-21,2025-06-06,2025-06-16,1-2%,-1.284,519.57,526.33,tp_gap_filled,3.9845,2070.2,1.301,26.93,6
MOS,2025-06-06,2025-06-09,2025-06-16,5-10%,-5.769,34.3,36.4,tp_gap_filled,60.1653,2063.67,6.122,126.35,5
AMP,2025-06-12,2025-06-13,2025-06-16,1-2%,-1.15,509.72,515.65,tp_gap_filled,4.02,2049.08,1.163,23.84,1
FE,2025-05-07,2025-05-08,2025-06-17,1-2%,-1.066,42.71,39.2932,stop,46.7725,1997.65,-8.0,-159.81,27
CRWD,2025-06-04,2025-06-05,2025-06-17,5-10%,-6.958,113.6875,122.19,tp_gap_filled,18.0588,2053.06,7.479,153.55,8
CEG,2025-06-04,2025-06-09,2025-06-17,2-3%,-2.885,304.0,313.03,tp_gap_filled,6.7882,2063.61,2.97,61.3,6
APA,2025-04-02,2025-06-13,2025-06-17,1-2%,-1.325,20.85,21.13,tp_gap_filled,98.246,2048.43,1.343,27.51,2
EOG,2025-06-16,2025-06-17,2025-06-18,1-2%,-1.509,123.39,125.28,tp_gap_filled,16.563,2043.7,1.532,31.3,1
HST,2025-06-12,2025-06-17,2025-06-18,1-2%,-1.315,15.76,15.97,tp_gap_filled,129.7029,2044.12,1.332,27.24,1
BAC,2025-03-04,2025-05-14,2025-06-20,1-2%,-1.822,44.73,45.56,tp_gap_filled,45.2105,2022.27,1.856,37.52,25
ACN,2025-06-13,2025-06-16,2025-06-20,1-2%,-1.198,314.32,289.1744,stop,6.5653,2063.6,-8.0,-165.09,3
ADI,2025-06-17,2025-06-18,2025-06-20,1-2%,-1.122,229.2,231.8,tp_gap_filled,8.9061,2041.29,1.134,23.16,1
BKNG,2025-06-17,2025-06-18,2025-06-20,1-2%,-1.053,212.5004,214.7616,tp_gap_filled,9.6064,2041.37,1.064,21.72,1
CMG,2025-03-06,2025-06-05,2025-06-23,1-2%,-1.511,52.79,53.6,tp_gap_filled,38.8939,2053.21,1.534,31.5,11
EFX,2025-05-21,2025-06-10,2025-06-23,1-2%,-1.632,272.5,250.7,stop,7.6113,2074.07,-8.0,-165.93,8
AMT,2025-05-12,2025-06-12,2025-06-23,1-2%,-1.15,217.44,219.97,tp_gap_filled,9.5535,2077.32,1.164,24.17,6
DHI,2025-06-13,2025-06-17,2025-06-23,1-2%,-1.133,124.81,126.24,tp_gap_filled,16.3874,2045.31,1.146,23.43,3
ALL,2025-06-18,2025-06-20,2025-06-23,1-2%,-1.383,195.45,198.19,tp_gap_filled,10.4635,2045.09,1.402,28.67,1
DASH,2025-06-18,2025-06-20,2025-06-23,1-2%,-1.099,216.98,219.39,tp_gap_filled,9.4251,2045.06,1.111,22.71,1
GE,2025-06-12,2025-06-20,2025-06-23,2-3%,-2.248,240.0,245.52,tp_gap_filled,8.5238,2045.72,2.3,47.05,1
URI,2025-02-18,2025-05-13,2025-06-24,1-2%,-1.924,727.0,741.26,tp_gap_filled,2.7995,2035.22,1.961,39.92,28
APO,2025-05-21,2025-06-11,2025-06-24,1-2%,-1.73,136.88,139.29,tp_gap_filled,15.1252,2070.34,1.761,36.45,8
AVGO,2025-06-06,2025-06-11,2025-06-24,3-5%,-3.382,251.14,259.93,tp_gap_filled,8.2452,2070.69,3.5,72.47,8
LEN,2025-06-13,2025-06-17,2025-06-24,1-2%,-1.293,110.7,112.15,tp_gap_filled,18.4609,2043.62,1.31,26.77,4
ALGN,2025-06-12,2025-06-20,2025-06-24,1-2%,-1.046,183.54,185.48,tp_gap_filled,11.1446,2045.48,1.057,21.62,2
AVY,2025-06-13,2025-06-23,2025-06-24,1-2%,-1.288,177.03,179.34,tp_gap_filled,11.6719,2066.28,1.305,26.96,1
CRH,2025-06-20,2025-06-23,2025-06-24,1-2%,-1.651,87.56,89.03,tp_gap_filled,23.6047,2066.83,1.679,34.7,1
GNRC,2025-06-12,2025-06-23,2025-06-24,1-2%,-1.063,128.4,129.78,tp_gap_filled,16.1055,2067.94,1.075,22.23,1
IBM,2025-06-20,2025-06-23,2025-06-24,1-2%,-1.388,279.28,283.21,tp_gap_filled,7.4105,2069.6,1.407,29.12,1
PPG,2025-06-13,2025-06-23,2025-06-24,1-2%,-1.669,110.16,112.03,tp_gap_filled,18.8011,2071.13,1.698,35.16,1
A,2025-06-13,2025-06-16,2025-06-25,1-2%,-1.875,116.68,118.91,tp_gap_filled,17.676,2062.43,1.911,39.42,6
CCL,2025-06-23,2025-06-24,2025-06-25,1-2%,-1.767,23.35,23.77,tp_gap_filled,89.3836,2087.11,1.799,37.54,1
COHR,2025-06-23,2025-06-24,2025-06-25,1-2%,-1.478,80.0,81.2,tp_gap_filled,26.1583,2092.67,1.5,31.39,1
COIN,2025-06-23,2025-06-24,2025-06-25,2-3%,-2.043,302.08,308.38,tp_gap_filled,6.9292,2093.17,2.086,43.65,1
CRL,2025-06-17,2025-06-24,2025-06-25,1-2%,-1.092,149.38,151.03,tp_gap_filled,14.052,2099.09,1.105,23.19,1
CRWD,2025-06-23,2025-06-24,2025-06-25,1-2%,-1.164,117.6888,119.075,tp_gap_filled,17.8336,2098.82,1.178,24.72,1
DAL,2025-06-17,2025-06-24,2025-06-25,1-2%,-1.941,48.5,49.46,tp_gap_filled,43.3015,2100.12,1.979,41.57,1
EFX,2025-06-23,2025-06-24,2025-06-25,1-2%,-1.83,251.02,255.7,tp_gap_filled,8.3692,2100.84,1.864,39.17,1
AZO,2025-05-27,2025-05-28,2025-06-26,1-2%,-1.998,3750.0,3450.0,stop,0.5439,2039.44,-8.0,-163.16,20
BAX,2025-06-17,2025-06-24,2025-06-26,1-2%,-1.168,30.46,30.82,tp_gap_filled,68.5137,2086.93,1.182,24.66,2
APA,2025-06-24,2025-06-25,2025-06-26,2-3%,-2.066,18.01,18.39,tp_gap_filled,115.2892,2076.36,2.11,43.81,1
DHR,2025-06-17,2025-06-25,2025-06-26,1-2%,-1.049,199.0,201.11,tp_gap_filled,10.434,2076.36,1.06,22.02,1
HAL,2025-06-24,2025-06-25,2025-06-26,1-2%,-1.3,20.5,20.77,tp_gap_filled,101.3062,2076.78,1.317,27.35,1
HII,2025-06-24,2025-06-25,2025-06-26,1-2%,-1.383,233.82,237.1,tp_gap_filled,8.8799,2076.29,1.403,29.13,1
MPC,2025-06-24,2025-06-25,2025-06-26,1-2%,-1.206,164.6,166.61,tp_gap_filled,12.6115,2075.85,1.221,25.35,1
HLT,2025-03-06,2025-05-12,2025-06-27,1-2%,-1.699,255.08,259.49,tp_gap_filled,7.9684,2032.57,1.729,35.14,32
BSX,2025-05-28,2025-05-29,2025-06-27,1-2%,-1.799,104.26,106.17,tp_gap_filled,19.6323,2046.86,1.832,37.5,20
AME,2025-06-12,2025-06-13,2025-06-27,1-2%,-1.1,178.91,180.9,tp_gap_filled,11.4556,2049.52,1.112,22.8,9
LOW,2025-06-13,2025-06-25,2025-06-27,1-2%,-1.007,221.25,223.5,tp_gap_filled,9.3828,2075.95,1.017,21.11,2
HRL,2025-06-25,2025-06-26,2025-06-27,1-2%,-1.118,30.06,30.4,tp_gap_filled,69.5174,2089.69,1.131,23.64,1
NEE,2025-06-25,2025-06-26,2025-06-27,1-2%,-1.064,70.64,71.4,tp_gap_filled,29.5823,2089.7,1.076,22.48,1
GM,2025-03-27,2025-03-28,2025-06-30,5-10%,-7.772,46.99,49.21,time_exit,42.7882,2010.62,4.724,94.99,63
FDX,2025-06-25,2025-06-26,2025-06-30,3-5%,-4.762,176.1322,184.9396,tp_gap_filled,11.8693,2090.57,5.0,104.54,2
AEP,2025-05-12,2025-05-19,2025-07-01,1-2%,-1.471,103.14,104.68,tp_gap_filled,20.1262,2075.81,1.493,30.99,29
ALLE,2025-05-19,2025-05-20,2025-07-01,1-2%,-1.023,144.15,145.64,tp_gap_filled,14.4037,2076.3,1.034,21.46,28
PCAR,2025-05-21,2025-05-28,2025-07-01,1-2%,-1.016,95.52,96.5,tp_gap_filled,21.3488,2039.23,1.026,20.92,23
ARES,2025-05-15,2025-06-06,2025-07-01,1-2%,-1.541,173.12,175.83,tp_gap_filled,11.9506,2068.89,1.565,32.39,16
APTV,2025-06-12,2025-06-13,2025-07-01,1-2%,-1.695,69.0,70.19,tp_gap_filled,29.6919,2048.74,1.725,35.33,11
L,2025-04-03,2025-06-23,2025-07-01,1-2%,-1.641,90.52,92.03,tp_gap_filled,22.8796,2071.06,1.668,34.55,6
DG,2025-06-24,2025-06-25,2025-07-01,3-5%,-3.027,111.47,114.95,tp_gap_filled,18.6227,2075.87,3.122,64.81,4
GIS,2025-06-25,2025-06-26,2025-07-01,2-3%,-2.546,52.05,53.41,tp_gap_filled,40.1737,2091.04,2.613,54.64,3
LDOS,2025-05-23,2025-06-26,2025-07-01,1-2%,-1.996,155.14,158.3,tp_gap_filled,13.4714,2089.96,2.037,42.57,3
NDSN,2025-06-17,2025-06-26,2025-07-01,1-2%,-1.113,215.96,218.39,tp_gap_filled,9.6773,2089.9,1.125,23.52,3
DHI,2025-06-25,2025-06-27,2025-07-01,1-2%,-1.026,128.3,129.63,tp_gap_filled,16.3597,2098.95,1.037,21.76,2
ECL,2025-06-13,2025-06-27,2025-07-01,1-2%,-1.104,267.96,270.95,tp_gap_filled,7.8335,2099.08,1.116,23.42,2
MMM,2025-05-21,2025-06-27,2025-07-01,1-2%,-1.187,152.32,154.15,tp_gap_filled,13.7781,2098.68,1.201,25.21,2
CVNA,2025-06-12,2025-06-30,2025-07-01,1-2%,-1.319,67.166,68.064,tp_gap_filled,31.3765,2107.44,1.337,28.18,1
CNC,2025-05-13,2025-05-16,2025-07-02,3-5%,-3.118,60.91,51.7735,stop,34.04,2073.38,-15.0,-311.01,31
SBAC,2025-05-12,2025-05-19,2025-07-02,2-3%,-2.207,234.4,239.69,tp_gap_filled,8.8647,2077.88,2.257,46.89,30
CARR,2025-05-21,2025-06-27,2025-07-02,1-2%,-1.521,73.81,74.95,tp_gap_filled,28.4422,2099.32,1.545,32.42,3
DECK,2025-06-13,2025-06-27,2025-07-02,2-3%,-2.581,104.92,107.7,tp_gap_filled,20.008,2099.24,2.65,55.62,3
BLDR,2025-05-14,2025-07-01,2025-07-02,1-2%,-1.462,122.0,123.81,tp_gap_filled,17.4694,2131.26,1.484,31.62,1
HST,2025-06-30,2025-07-01,2025-07-02,1-2%,-1.206,15.57,15.76,tp_gap_filled,136.9874,2132.89,1.22,26.03,1
HSY,2025-06-25,2025-07-01,2025-07-02,1-2%,-1.203,169.98,172.05,tp_gap_filled,12.5527,2133.72,1.218,25.98,1
LII,2025-05-21,2025-07-01,2025-07-02,1-2%,-1.265,589.5,597.05,tp_gap_filled,3.6201,2134.07,1.281,27.33,1
LUV,2025-06-12,2025-07-01,2025-07-02,1-2%,-1.493,32.99,33.49,tp_gap_filled,64.7084,2134.73,1.516,32.35,1
NEE,2025-06-30,2025-07-01,2025-07-02,3-5%,-4.317,67.83,70.89,tp_gap_filled,31.4798,2135.27,4.511,96.33,1
NOW,2025-05-19,2025-05-21,2025-07-03,1-2%,-1.08,205.79,208.036,tp_gap_filled,9.9136,2040.11,1.091,22.27,29
BBY,2025-06-13,2025-07-01,2025-07-03,1-2%,-1.64,71.35,72.54,tp_gap_filled,29.8764,2131.68,1.668,35.55,2
PWR,2025-06-30,2025-07-01,2025-07-03,1-2%,-1.605,375.14,381.26,tp_gap_filled,5.7007,2138.57,1.631,34.89,2
GNRC,2025-07-01,2025-07-02,2025-07-03,1-2%,-1.718,140.75,143.21,tp_gap_filled,15.0697,2121.05,1.748,37.07,1
HPE,2025-07-01,2025-07-02,2025-07-03,1-2%,-1.614,20.12,20.45,tp_gap_filled,105.568,2124.03,1.64,34.84,1
INCY,2025-07-01,2025-07-02,2025-07-03,1-2%,-1.395,67.15,68.1,tp_gap_filled,31.6666,2126.41,1.415,30.08,1
IVZ,2025-07-01,2025-07-02,2025-07-03,1-2%,-1.015,15.61,15.77,tp_gap_filled,136.2627,2127.06,1.025,21.8,1
LOW,2025-07-01,2025-07-02,2025-07-03,1-2%,-1.059,219.52,221.87,tp_gap_filled,9.7018,2129.73,1.071,22.8,1
MCHP,2025-07-01,2025-07-02,2025-07-03,1-2%,-1.293,69.46,70.37,tp_gap_filled,30.682,2131.17,1.31,27.92,1
MRNA,2025-07-01,2025-07-02,2025-07-03,1-2%,-1.015,27.31,27.59,tp_gap_filled,78.1194,2133.44,1.025,21.87,1
HOOD,2025-07-02,2025-07-03,2025-07-07,1-2%,-1.17,91.25,92.33,tp_gap_filled,23.355,2131.15,1.184,25.22,1
KLAC,2025-07-02,2025-07-03,2025-07-07,1-2%,-1.184,88.821,89.885,tp_gap_filled,24.0052,2132.16,1.198,25.54,1
DD,2025-04-03,2025-05-12,2025-07-08,3-5%,-3.654,91.0042,94.4561,tp_gap_filled,22.3193,2031.15,3.793,77.04,38
ACN,2025-06-20,2025-06-23,2025-07-08,5-10%,-8.143,281.43,306.38,tp_gap_filled,7.335,2064.29,8.865,183.01,10
INTC,2025-07-02,2025-07-03,2025-07-08,1-2%,-1.4,22.53,22.85,tp_gap_filled,94.6401,2132.24,1.42,30.28,2
APD,2025-04-03,2025-07-02,2025-07-09,1-2%,-1.936,289.25,294.96,tp_gap_filled,7.3317,2120.7,1.974,41.86,4
ALGN,2025-07-07,2025-07-08,2025-07-09,1-2%,-1.26,194.34,196.82,tp_gap_filled,10.9224,2122.67,1.276,27.09,1
AMAT,2025-07-07,2025-07-08,2025-07-09,1-2%,-1.052,189.04,191.05,tp_gap_filled,11.23,2122.91,1.063,22.57,1
ACGL,2025-04-03,2025-05-12,2025-07-10,1-2%,-1.735,95.14,87.5288,stop,21.3069,2027.14,-8.0,-162.17,40
BXP,2025-06-25,2025-07-01,2025-07-10,1-2%,-1.379,69.37,70.34,tp_gap_filled,30.7479,2132.98,1.398,29.83,6
AMD,2025-07-01,2025-07-02,2025-07-10,2-3%,-2.206,138.77,141.9,tp_gap_filled,15.2826,2120.77,2.256,47.83,5
ALB,2025-04-03,2025-07-03,2025-07-10,3-5%,-4.18,69.23,72.25,tp_gap_filled,30.8002,2132.3,4.362,93.02,4
SYY,2025-07-03,2025-07-07,2025-07-10,1-2%,-1.004,76.9,77.68,tp_gap_filled,27.4301,2109.37,1.014,21.4,3
AES,2025-05-19,2025-07-09,2025-07-10,1-2%,-1.556,12.02,12.21,tp_gap_filled,176.7424,2124.44,1.581,33.58,1
COIN,2025-06-27,2025-07-09,2025-07-10,1-2%,-1.474,369.54,375.07,tp_gap_filled,5.7607,2128.83,1.496,31.86,1
NEM,2025-07-03,2025-07-07,2025-07-11,1-2%,-1.265,59.3,60.06,tp_gap_filled,35.5609,2108.76,1.282,27.03,4
INTC,2025-07-09,2025-07-10,2025-07-11,1-2%,-1.272,23.29,23.59,tp_gap_filled,91.561,2132.46,1.288,27.47,1
ON,2025-07-09,2025-07-10,2025-07-11,1-2%,-1.111,56.98,57.62,tp_gap_filled,37.4549,2134.18,1.123,23.97,1
WYNN,2025-07-09,2025-07-10,2025-07-11,1-2%,-1.05,109.3,110.46,tp_gap_filled,19.5433,2136.08,1.061,22.67,1
ABNB,2025-06-13,2025-06-16,2025-07-14,1-2%,-1.967,136.08,138.81,tp_gap_filled,15.1621,2063.26,2.006,41.39,18
NOC,2025-06-16,2025-07-10,2025-07-14,1-2%,-1.144,510.81,516.72,tp_gap_filled,4.1766,2133.43,1.157,24.68,2
ES,2025-07-10,2025-07-11,2025-07-14,1-2%,-1.152,64.36,65.11,tp_gap_filled,32.904,2117.7,1.165,24.68,1
GIS,2025-07-10,2025-07-11,2025-07-14,1-2%,-1.895,50.23,51.2,tp_gap_filled,42.1777,2118.59,1.931,40.91,1
KHC,2025-07-10,2025-07-11,2025-07-14,1-2%,-1.172,26.14,26.45,tp_gap_filled,81.0913,2119.73,1.186,25.14,1
VZ,2025-04-04,2025-04-16,2025-07-15,1-2%,-1.885,44.76,41.1792,stop,40.76,1824.42,-8.0,-145.95,60
HUM,2025-05-21,2025-07-01,2025-07-15,2-3%,-2.166,249.78,222.3042,stop,8.5482,2135.18,-11.0,-234.87,9
HWM,2025-06-30,2025-07-01,2025-07-15,1-2%,-1.006,183.04,184.9,tp_gap_filled,11.6677,2135.66,1.016,21.7,9
LITE,2025-07-01,2025-07-03,2025-07-15,2-3%,-2.199,92.97,95.06,tp_gap_filled,22.9527,2133.91,2.248,47.97,7
APA,2025-07-10,2025-07-11,2025-07-15,1-2%,-1.027,20.24,18.6208,stop,104.657,2118.26,-8.0,-169.46,2
AMD,2025-07-11,2025-07-14,2025-07-15,1-2%,-1.082,142.6,144.16,tp_gap_filled,14.8662,2119.91,1.094,23.19,1
APO,2025-07-11,2025-07-14,2025-07-15,1-2%,-1.019,146.7,148.21,tp_gap_filled,14.4581,2121.0,1.029,21.83,1
ARE,2025-07-11,2025-07-14,2025-07-15,1-2%,-1.627,78.0,79.29,tp_gap_filled,27.199,2121.53,1.654,35.09,1
EG,2025-04-04,2025-04-14,2025-07-16,2-3%,-2.209,353.77,331.91,time_exit,5.2533,1858.47,-6.179,-114.84,63
CIEN,2025-06-05,2025-06-24,2025-07-16,5-10%,-8.392,76.85,83.89,tp_gap_filled,27.2128,2091.31,9.161,191.58,15
MU,2025-06-25,2025-06-26,2025-07-16,1-2%,-1.016,126.61,116.4812,stop,16.5082,2090.1,-8.0,-167.21,13
PRU,2025-04-02,2025-07-03,2025-07-16,1-2%,-1.638,109.86,101.0712,stop,19.423,2133.81,-8.0,-170.7,8
UHS,2025-07-02,2025-07-03,2025-07-16,1-2%,-1.238,186.6,171.672,stop,11.4316,2133.13,-8.0,-170.65,8
DVN,2025-07-10,2025-07-11,2025-07-16,1-2%,-1.127,34.2,31.464,stop,61.9294,2117.98,-8.0,-169.44,3
AES,2025-07-10,2025-07-15,2025-07-16,1-2%,-1.282,13.09,13.26,tp_gap_filled,160.1648,2096.56,1.299,27.23,1
ALB,2025-07-11,2025-07-14,2025-07-17,5-10%,-5.345,70.3,74.27,tp_gap_filled,30.1505,2119.58,5.647,119.7,3
BNY,2025-07-15,2025-07-16,2025-07-17,1-2%,-1.627,93.7,95.25,tp_gap_filled,22.413,2100.1,1.654,34.74,1
CME,2025-07-15,2025-07-16,2025-07-17,1-2%,-1.068,274.1,277.06,tp_gap_filled,7.6647,2100.9,1.08,22.69,1
KKR,2025-07-11,2025-07-16,2025-07-17,1-2%,-1.23,141.29,143.05,tp_gap_filled,14.8731,2101.43,1.246,26.18,1
KVUE,2025-07-15,2025-07-16,2025-07-17,1-2%,-1.123,21.575,21.82,tp_gap_filled,97.4253,2101.95,1.136,23.87,1
MAA,2025-07-15,2025-07-16,2025-07-17,1-2%,-1.203,149.44,151.26,tp_gap_filled,14.0691,2102.49,1.218,25.61,1
XYZ,2025-07-15,2025-07-16,2025-07-17,1-2%,-1.019,67.98,68.68,tp_gap_filled,30.9318,2102.74,1.03,21.65,1
CCI,2025-05-12,2025-05-19,2025-07-18,2-3%,-2.076,102.82,105.0,tp_gap_filled,20.1967,2076.62,2.12,44.03,41
CB,2025-04-04,2025-05-30,2025-07-18,1-2%,-1.732,297.22,273.4424,stop,6.8836,2045.95,-8.0,-163.68,33
LRCX,2025-07-14,2025-07-15,2025-07-18,1-2%,-1.14,100.57,101.73,tp_gap_filled,20.8373,2095.6,1.153,24.17,3
BLK,2025-07-15,2025-07-16,2025-07-18,3-5%,-3.654,1070.85,1111.46,tp_gap_filled,1.9607,2099.65,3.792,79.63,2
ALLE,2025-07-11,2025-07-17,2025-07-18,1-2%,-1.161,149.77,151.53,tp_gap_filled,14.1067,2112.77,1.175,24.83,1
AOS,2025-07-11,2025-07-17,2025-07-18,1-2%,-1.008,69.76,70.47,tp_gap_filled,30.3014,2113.83,1.018,21.51,1
CRWD,2025-07-14,2025-07-15,2025-07-21,2-3%,-2.431,116.705,119.6125,tp_gap_filled,17.9727,2097.51,2.491,52.26,4
INTC,2025-07-11,2025-07-15,2025-07-21,1-2%,-1.092,23.56,23.82,tp_gap_filled,88.9959,2096.74,1.104,23.14,4
NUE,2025-07-14,2025-07-15,2025-07-21,1-2%,-1.081,140.86,142.4,tp_gap_filled,14.8787,2095.81,1.093,22.91,4
ADM,2025-07-17,2025-07-18,2025-07-21,1-2%,-1.722,53.07,54.0,tp_gap_filled,39.6995,2106.85,1.752,36.92,1
CTAS,2025-07-17,2025-07-18,2025-07-21,1-2%,-1.191,211.47,214.02,tp_gap_filled,9.9687,2108.08,1.206,25.42,1
ELV,2025-04-17,2025-04-21,2025-07-22,10%+,-10.353,390.0,281.72,time_exit,4.6132,1799.16,-27.764,-499.52,63
DUK,2025-05-12,2025-07-01,2025-07-22,1-2%,-1.097,119.01,120.33,tp_gap_filled,17.9162,2132.21,1.109,23.65,14
BALL,2025-07-09,2025-07-10,2025-07-22,1-2%,-1.923,57.63,58.76,tp_gap_filled,36.9927,2131.89,1.961,41.8,8
OMC,2025-07-09,2025-07-10,2025-07-22,2-3%,-2.786,72.58,74.66,tp_gap_filled,29.3977,2133.68,2.866,61.15,8
CHD,2025-07-14,2025-07-17,2025-07-22,1-2%,-1.02,97.05,98.05,tp_gap_filled,21.787,2114.43,1.03,21.79,3
IDXX,2025-07-16,2025-07-17,2025-07-22,1-2%,-1.834,517.0,526.66,tp_gap_filled,4.0875,2113.23,1.868,39.49,3
ALL,2025-07-17,2025-07-18,2025-07-22,1-2%,-1.206,193.26,195.62,tp_gap_filled,10.9071,2107.9,1.221,25.74,2
HCA,2025-07-16,2025-07-21,2025-07-22,1-2%,-1.608,365.82,371.8,tp_gap_filled,5.7545,2105.1,1.635,34.41,1
HSY,2025-07-08,2025-07-21,2025-07-22,1-2%,-1.088,173.64,175.55,tp_gap_filled,12.1225,2104.95,1.1,23.15,1
AIG,2025-04-03,2025-06-06,2025-07-23,1-2%,-1.961,86.0,79.12,stop,24.0493,2068.24,-8.0,-165.46,31
ALGN,2025-07-11,2025-07-14,2025-07-23,1-2%,-1.095,202.24,204.48,tp_gap_filled,10.4852,2120.53,1.108,23.49,7
HSIC,2025-07-14,2025-07-15,2025-07-23,3-5%,-4.141,70.38,73.42,tp_gap_filled,29.7895,2096.59,4.319,90.56,6
IEX,2025-07-11,2025-07-17,2025-07-23,1-2%,-1.23,183.14,185.42,tp_gap_filled,11.5396,2113.37,1.245,26.31,4
EOG,2025-07-17,2025-07-18,2025-07-23,1-2%,-1.33,117.22,118.8,tp_gap_filled,18.0018,2110.17,1.348,28.44,3
CRL,2025-07-11,2025-07-22,2025-07-23,1-2%,-1.13,161.81,163.66,tp_gap_filled,13.1844,2133.37,1.143,24.39,1
DGX,2025-07-10,2025-07-22,2025-07-23,1-2%,-1.014,171.86,173.62,tp_gap_filled,12.4158,2133.78,1.024,21.85,1
DHI,2025-07-11,2025-07-22,2025-07-23,1-2%,-1.167,137.99,139.62,tp_gap_filled,15.4748,2135.36,1.181,25.22,1
DOW,2025-07-11,2025-07-22,2025-07-23,2-3%,-2.018,29.62,30.23,tp_gap_filled,72.254,2140.16,2.059,44.07,1
GILD,2025-07-15,2025-07-22,2025-07-23,1-2%,-1.026,110.94,112.09,tp_gap_filled,19.2917,2140.22,1.037,22.19,1
LEN,2025-07-11,2025-07-22,2025-07-23,1-2%,-1.486,114.71,116.44,tp_gap_filled,18.6551,2139.92,1.508,32.27,1
LOW,2025-07-11,2025-07-22,2025-07-23,1-2%,-1.022,225.58,227.91,tp_gap_filled,9.4926,2141.35,1.033,22.12,1
RDDT,2025-07-21,2025-07-22,2025-07-23,2-3%,-2.172,145.02,148.24,tp_gap_filled,14.7675,2141.59,2.22,47.55,1
DRI,2025-06-23,2025-06-24,2025-07-24,1-2%,-1.736,221.86,204.1112,stop,9.4701,2101.04,-8.0,-168.08,21
BAC,2025-07-08,2025-07-21,2025-07-24,2-3%,-2.384,47.5,48.66,tp_gap_filled,44.3277,2105.56,2.442,51.42,3
DASH,2025-07-15,2025-07-21,2025-07-24,1-2%,-1.425,239.39,242.85,tp_gap_filled,8.7955,2105.55,1.445,30.43,3
AMCR,2025-07-11,2025-07-23,2025-07-24,1-2%,-1.221,48.55,49.15,tp_gap_filled,44.2433,2148.01,1.236,26.55,1
GEV,2025-07-22,2025-07-23,2025-07-24,1-2%,-1.308,558.51,565.91,tp_gap_filled,3.8458,2147.93,1.325,28.46,1
GM,2025-07-22,2025-07-23,2025-07-24,2-3%,-2.8,51.72,53.21,tp_gap_filled,41.6349,2153.36,2.881,62.04,1
GPC,2025-07-22,2025-07-23,2025-07-24,1-2%,-1.243,122.35,123.89,tp_gap_filled,17.6096,2154.53,1.259,27.12,1
HAL,2025-07-22,2025-07-23,2025-07-24,2-3%,-2.266,20.7,21.18,tp_gap_filled,104.2934,2158.87,2.319,50.06,1
HWM,2025-07-22,2025-07-23,2025-07-24,1-2%,-1.501,185.01,187.83,tp_gap_filled,11.6833,2161.52,1.524,32.95,1
IBKR,2025-07-21,2025-07-23,2025-07-24,1-2%,-1.952,62.8,64.05,tp_gap_filled,34.4243,2161.85,1.99,43.03,1
LH,2025-07-10,2025-07-23,2025-07-24,1-2%,-1.532,255.1,259.07,tp_gap_filled,8.4759,2162.21,1.556,33.65,1
DXCM,2025-07-01,2025-07-02,2025-07-25,3-5%,-4.708,83.18,87.29,tp_gap_filled,25.4971,2120.85,4.941,104.79,16
DHR,2025-07-14,2025-07-15,2025-07-25,2-3%,-2.368,200.0,204.85,tp_gap_filled,10.4904,2098.09,2.425,50.88,8
ALB,2025-07-23,2025-07-24,2025-07-25,2-3%,-2.21,81.4,83.24,tp_gap_filled,26.3593,2145.65,2.26,48.5,1
HLT,2025-07-23,2025-07-24,2025-07-25,3-5%,-3.265,264.9,273.84,tp_gap_filled,8.104,2146.76,3.375,72.45,1
MCO,2025-07-23,2025-07-24,2025-07-25,2-3%,-2.971,484.29,499.12,tp_gap_filled,4.4337,2147.19,3.062,65.75,1
NOW,2025-07-23,2025-07-24,2025-07-25,1-2%,-1.508,189.572,192.474,tp_gap_filled,11.34,2149.75,1.531,32.91,1
NTRS,2025-07-23,2025-07-24,2025-07-25,3-5%,-4.371,121.0,126.53,tp_gap_filled,17.7846,2151.94,4.57,98.35,1
T,2025-07-23,2025-07-24,2025-07-25,3-5%,-4.085,26.3,27.42,tp_gap_filled,81.9314,2154.79,4.259,91.76,1
VZ,2025-07-23,2025-07-24,2025-07-25,1-2%,-1.304,42.4,42.96,tp_gap_filled,50.8832,2157.45,1.321,28.49,1
KDP,2025-04-24,2025-04-25,2025-07-28,2-3%,-2.756,34.22,32.97,time_exit,55.7094,1906.38,-3.653,-69.64,63
MRVL,2025-07-21,2025-07-23,2025-07-28,1-2%,-1.554,73.49,74.65,tp_gap_filled,29.4065,2161.08,1.578,34.11,3
CNP,2025-07-24,2025-07-25,2025-07-28,1-2%,-1.105,36.71,37.12,tp_gap_filled,58.8303,2159.66,1.117,24.12,1
CRH,2025-07-24,2025-07-25,2025-07-28,1-2%,-1.012,95.85,96.83,tp_gap_filled,22.5519,2161.6,1.022,22.1,1
DPZ,2025-07-24,2025-07-25,2025-07-28,1-2%,-1.132,472.64,478.05,tp_gap_filled,4.5775,2163.51,1.145,24.76,1
CMCSA,2025-07-02,2025-07-03,2025-07-29,1-2%,-1.156,33.6551,30.9627,stop,63.3203,2131.05,-8.0,-170.48,17
SJM,2025-06-10,2025-07-03,2025-07-29,5-10%,-6.124,105.0,111.85,tp_gap_filled,20.3191,2133.51,6.524,139.19,17
KMI,2025-07-17,2025-07-18,2025-07-29,2-3%,-2.544,27.2,27.91,tp_gap_filled,77.5858,2110.33,2.61,55.09,7
ADSK,2025-07-10,2025-07-22,2025-07-29,2-3%,-2.366,300.0,307.27,tp_gap_filled,7.1115,2133.45,2.423,51.7,5
COIN,2025-07-23,2025-07-24,2025-07-29,1-2%,-1.1,399.99,367.9908,stop,5.3679,2147.11,-8.0,-171.77,3
EL,2025-07-11,2025-07-28,2025-07-29,1-2%,-1.14,91.05,92.1,tp_gap_filled,23.5403,2143.34,1.153,24.72,1
HCA,2025-07-25,2025-07-28,2025-07-29,1-2%,-1.614,335.97,341.48,tp_gap_filled,6.3815,2144.0,1.64,35.16,1
FCX,2025-07-11,2025-07-21,2025-07-30,2-3%,-2.775,45.9,40.851,stop,45.8768,2105.75,-11.0,-231.63,7
AVY,2025-07-11,2025-07-23,2025-07-30,1-2%,-1.045,182.7,168.084,stop,11.7595,2148.45,-8.0,-171.88,5
CNP,2025-07-28,2025-07-29,2025-07-30,1-2%,-1.59,37.75,38.36,tp_gap_filled,56.8879,2147.52,1.616,34.7,1
JBL,2025-07-24,2025-07-29,2025-07-30,1-2%,-1.283,226.21,229.15,tp_gap_filled,9.4936,2147.54,1.3,27.91,1
MAS,2025-04-03,2025-05-12,2025-07-31,3-5%,-4.574,67.81,71.06,tp_gap_filled,30.0662,2038.79,4.793,97.72,55
IFF,2025-06-13,2025-07-03,2025-07-31,1-2%,-1.735,77.01,70.8492,stop,27.6927,2132.62,-8.0,-170.61,19
AMAT,2025-07-14,2025-07-15,2025-07-31,1-2%,-1.172,195.61,179.9612,stop,10.7189,2096.72,-8.0,-167.74,12
BAX,2025-07-11,2025-07-25,2025-07-31,1-2%,-1.481,29.26,26.9192,stop,73.7934,2159.19,-8.0,-172.74,4
CSCO,2025-07-28,2025-07-29,2025-07-31,1-2%,-1.368,67.75,68.69,tp_gap_filled,31.7068,2148.13,1.387,29.8,2
FDX,2025-07-28,2025-07-29,2025-07-31,1-2%,-1.164,193.6906,178.1953,stop,11.0912,2148.27,-8.0,-171.86,2
HUBB,2025-07-29,2025-07-30,2025-07-31,3-5%,-3.037,425.0,438.31,tp_gap_filled,4.9791,2116.12,3.132,66.27,1
ESS,2025-04-04,2025-05-02,2025-08-01,2-3%,-2.028,288.38,256.6582,stop,6.8378,1971.9,-11.0,-216.91,62
EXC,2025-05-12,2025-05-19,2025-08-01,1-2%,-1.991,44.31,45.21,tp_gap_filled,46.8813,2077.31,2.031,42.19,51
A,2025-07-14,2025-07-24,2025-08-01,1-2%,-1.168,121.84,112.0928,stop,17.6147,2146.17,-8.0,-171.69,6
DD,2025-07-24,2025-07-25,2025-08-01,1-2%,-1.084,95.0837,87.477,stop,22.7536,2163.5,-8.0,-173.08,5
FRT,2025-04-03,2025-05-02,2025-08-04,2-3%,-2.039,97.06,91.54,time_exit,20.3225,1972.5,-5.687,-112.18,63
AWK,2025-05-12,2025-05-20,2025-08-04,2-3%,-2.001,144.0,146.94,tp_gap_filled,14.4351,2078.65,2.042,42.44,51
EIX,2025-06-09,2025-07-01,2025-08-04,1-2%,-1.228,53.1,53.76,tp_gap_filled,40.1537,2132.16,1.243,26.5,23
AMD,2025-07-30,2025-07-31,2025-08-04,1-2%,-1.031,175.61,177.44,tp_gap_filled,11.9274,2094.56,1.042,21.83,2
EXPE,2025-07-30,2025-07-31,2025-08-04,1-2%,-1.603,179.88,182.81,tp_gap_filled,11.6458,2094.84,1.629,34.12,2
AJG,2025-07-31,2025-08-01,2025-08-04,1-2%,-1.336,282.02,285.84,tp_gap_filled,7.3449,2071.4,1.355,28.06,1
BALL,2025-07-31,2025-08-01,2025-08-05,1-2%,-1.876,57.0,58.09,tp_gap_filled,36.3596,2072.5,1.912,39.63,2
A,2025-08-01,2025-08-04,2025-08-05,1-2%,-1.185,113.45,114.81,tp_gap_filled,18.4493,2093.08,1.199,25.09,1
APH,2025-08-01,2025-08-04,2025-08-05,1-2%,-1.145,52.645,53.255,tp_gap_filled,39.744,2092.32,1.159,24.24,1
COR,2025-05-08,2025-06-30,2025-08-06,1-2%,-1.175,301.0,276.92,stop,7.002,2107.6,-8.0,-168.61,26
MPC,2025-07-14,2025-07-18,2025-08-06,1-2%,-1.095,177.89,163.6588,stop,11.8691,2111.39,-8.0,-168.91,13
AOS,2025-07-31,2025-08-01,2025-08-06,1-2%,-1.271,69.93,70.83,tp_gap_filled,29.6327,2072.21,1.287,26.67,3
ANET,2025-08-01,2025-08-04,2025-08-06,3-5%,-4.374,117.83,123.22,tp_gap_filled,17.7495,2091.43,4.574,95.67,2
JBHT,2025-08-01,2025-08-05,2025-08-06,1-2%,-1.076,142.5,144.05,tp_gap_filled,14.6507,2087.73,1.088,22.71,1
BRK-B,2025-05-05,2025-05-07,2025-08-07,3-5%,-3.653,520.08,461.47,time_exit,3.7995,1976.07,-11.269,-222.69,63
KR,2025-06-24,2025-06-25,2025-08-07,1-2%,-1.054,73.22,74.0,tp_gap_filled,28.36,2076.52,1.065,22.12,30
ABT,2025-07-17,2025-07-23,2025-08-07,3-5%,-3.94,126.55,131.74,tp_gap_filled,16.9756,2148.26,4.101,88.1,11
LLY,2025-07-29,2025-07-30,2025-08-07,3-5%,-4.159,774.5,658.325,stop,2.7338,2117.36,-15.0,-317.6,6
ABNB,2025-08-01,2025-08-04,2025-08-07,1-2%,-1.79,130.04,119.6368,stop,16.0996,2093.59,-8.0,-167.49,3
MAR,2025-08-01,2025-08-05,2025-08-07,1-2%,-1.118,260.88,263.83,tp_gap_filled,8.0035,2087.95,1.131,23.61,2
ECL,2025-07-29,2025-08-06,2025-08-07,1-2%,-1.063,267.12,269.99,tp_gap_filled,7.8166,2087.96,1.074,22.43,1
GILD,2025-07-28,2025-07-29,2025-08-08,2-3%,-2.418,113.39,116.2,tp_gap_filled,18.9366,2147.23,2.478,53.21,8
AMD,2025-08-06,2025-08-07,2025-08-08,5-10%,-5.312,165.05,174.31,tp_gap_filled,12.5958,2078.94,5.61,116.64,1
APA,2025-07-31,2025-08-07,2025-08-08,1-2%,-1.54,19.18,19.48,tp_gap_filled,108.4878,2080.8,1.564,32.55,1
APP,2025-06-09,2025-08-07,2025-08-08,3-5%,-3.982,401.25,417.89,tp_gap_filled,5.1873,2081.4,4.147,86.32,1
DELL,2025-08-06,2025-08-07,2025-08-08,1-2%,-1.908,127.99,130.48,tp_gap_filled,16.2872,2084.6,1.945,40.56,1
DG,2025-07-08,2025-08-07,2025-08-08,1-2%,-1.273,114.82,116.3,tp_gap_filled,18.1722,2086.53,1.289,26.89,1
F,2025-07-16,2025-07-17,2025-08-11,1-2%,-1.901,11.35,11.57,tp_gap_filled,186.2923,2114.42,1.938,40.98,17
ELV,2025-07-24,2025-07-25,2025-08-11,2-3%,-2.225,290.0,296.6,tp_gap_filled,7.4645,2164.69,2.276,49.27,11
AMAT,2025-07-31,2025-08-01,2025-08-11,5-10%,-6.077,177.88,189.39,tp_gap_filled,11.6467,2071.72,6.471,134.05,6
COR,2025-08-06,2025-08-07,2025-08-11,3-5%,-3.503,282.11,292.35,tp_gap_filled,7.3913,2085.15,3.63,75.69,2
AIG,2025-08-07,2025-08-08,2025-08-11,1-2%,-1.493,77.88,79.06,tp_gap_filled,26.8679,2092.47,1.515,31.7,1
BEN,2025-08-07,2025-08-08,2025-08-11,2-3%,-2.104,24.66,25.19,tp_gap_filled,84.8534,2092.49,2.149,44.97,1
COP,2025-08-07,2025-08-08,2025-08-11,1-2%,-1.149,92.04,93.11,tp_gap_filled,22.7406,2093.05,1.163,24.33,1
FE,2025-08-07,2025-08-08,2025-08-11,1-2%,-1.197,42.92,43.44,tp_gap_filled,48.786,2093.9,1.212,25.37,1
CPAY,2025-04-03,2025-05-12,2025-08-12,5-10%,-5.199,339.88,309.37,time_exit,5.9726,2029.98,-8.977,-182.22,63
EXPD,2025-04-03,2025-05-12,2025-08-12,5-10%,-5.497,115.19,120.72,time_exit,17.627,2030.46,4.801,97.48,63
GEHC,2025-04-03,2025-05-12,2025-08-12,3-5%,-3.56,76.535,74.41,time_exit,26.5623,2032.95,-2.777,-56.44,63
HPE,2025-07-11,2025-07-17,2025-08-12,1-2%,-1.127,21.05,21.29,tp_gap_filled,100.412,2113.67,1.14,24.1,18
TAP,2025-07-28,2025-07-29,2025-08-12,1-2%,-1.055,50.65,51.19,tp_gap_filled,42.4202,2148.58,1.066,22.91,10
COF,2025-08-01,2025-08-05,2025-08-12,1-2%,-1.595,211.57,215.0,tp_gap_filled,9.8674,2087.64,1.621,33.85,5
BAC,2025-08-01,2025-08-11,2025-08-12,1-2%,-1.925,46.36,47.27,tp_gap_filled,45.0647,2089.2,1.963,41.01,1
DHR,2025-07-31,2025-08-11,2025-08-12,1-2%,-1.221,201.5,203.99,tp_gap_filled,10.3673,2089.02,1.236,25.81,1
LVS,2025-08-08,2025-08-11,2025-08-12,1-2%,-1.717,52.1,53.01,tp_gap_filled,40.0894,2088.66,1.747,36.48,1
MCHP,2025-08-08,2025-08-11,2025-08-12,5-10%,-7.007,61.58,66.22,tp_gap_filled,33.9297,2089.39,7.535,157.43,1
SNDK,2025-07-11,2025-08-11,2025-08-12,1-2%,-1.406,46.29,46.95,tp_gap_filled,45.1096,2088.12,1.426,29.77,1
HPQ,2025-05-29,2025-05-30,2025-08-13,10%+,-12.426,23.82,27.2,tp_gap_filled,85.9378,2047.04,14.19,290.47,51
APTV,2025-07-07,2025-07-08,2025-08-13,2-3%,-2.122,71.02,72.56,tp_gap_filled,29.9106,2124.25,2.168,46.06,26
ADI,2025-07-23,2025-07-28,2025-08-13,2-3%,-2.008,230.77,235.5,tp_gap_filled,9.2878,2143.34,2.05,43.93,12
MET,2025-07-30,2025-08-11,2025-08-13,1-2%,-1.068,76.85,77.68,tp_gap_filled,27.1824,2088.97,1.08,22.56,2
AMD,2025-08-11,2025-08-12,2025-08-13,1-2%,-1.574,170.04,172.76,tp_gap_filled,12.4693,2120.27,1.6,33.92,1
ANET,2025-08-11,2025-08-12,2025-08-13,1-2%,-1.027,137.75,139.18,tp_gap_filled,15.4011,2121.5,1.038,22.02,1
DOV,2025-08-01,2025-08-12,2025-08-13,1-2%,-1.706,178.05,181.14,tp_gap_filled,11.9219,2122.7,1.735,36.84,1
GEV,2025-08-11,2025-08-12,2025-08-13,1-2%,-1.246,641.0,649.09,tp_gap_filled,3.3115,2122.66,1.262,26.79,1
NEM,2025-08-11,2025-08-12,2025-08-13,2-3%,-2.146,67.5,68.98,tp_gap_filled,31.4569,2123.34,2.193,46.56,1
RL,2025-08-07,2025-08-12,2025-08-13,2-3%,-2.723,294.71,302.96,tp_gap_filled,7.2085,2124.41,2.799,59.47,1
DVN,2025-07-31,2025-08-06,2025-08-14,1-2%,-1.007,33.42,33.76,tp_gap_filled,62.5127,2089.17,1.017,21.25,6
CFG,2025-07-31,2025-08-12,2025-08-14,1-2%,-1.417,48.0,48.69,tp_gap_filled,44.2203,2122.58,1.437,30.51,2
COR,2025-08-12,2025-08-13,2025-08-14,1-2%,-1.424,286.56,290.7,tp_gap_filled,7.5128,2152.88,1.445,31.1,1
MRVL,2025-08-12,2025-08-13,2025-08-14,1-2%,-1.203,76.35,77.28,tp_gap_filled,28.2102,2153.85,1.218,26.24,1
PSKY,2025-08-08,2025-08-13,2025-08-14,2-3%,-2.726,11.42,11.74,tp_gap_filled,188.8023,2156.12,2.802,60.42,1
DDOG,2025-07-08,2025-07-09,2025-08-15,3-5%,-4.166,146.06,124.151,stop,14.5784,2129.32,-15.0,-319.4,27
MRK,2025-07-29,2025-07-30,2025-08-15,5-10%,-5.008,79.85,84.06,tp_gap_filled,26.5069,2116.57,5.272,111.59,12
QCOM,2025-07-31,2025-08-12,2025-08-15,3-5%,-3.741,153.11,159.06,tp_gap_filled,13.8739,2124.24,3.886,82.55,3
IQV,2025-07-31,2025-08-13,2025-08-15,1-2%,-1.363,188.93,191.54,tp_gap_filled,11.3987,2153.55,1.381,29.75,2
CLX,2025-08-13,2025-08-14,2025-08-15,1-2%,-1.286,121.24,122.82,tp_gap_filled,17.6784,2143.32,1.303,27.93,1
ADBE,2025-03-13,2025-05-16,2025-08-18,5-10%,-7.599,405.27,357.24,time_exit,5.1042,2068.59,-11.851,-245.16,63
ALB,2025-07-28,2025-08-11,2025-08-18,5-10%,-5.66,79.0,83.74,tp_gap_filled,26.4338,2088.27,6.0,125.3,5
AES,2025-08-14,2025-08-15,2025-08-18,1-2%,-1.686,12.83,13.05,tp_gap_filled,167.0784,2143.62,1.715,36.76,1
BKNG,2025-07-30,2025-07-31,2025-08-19,1-2%,-1.802,219.6,223.6308,tp_gap_filled,9.5388,2094.73,1.836,38.45,13
BBY,2025-07-11,2025-08-13,2025-08-19,1-2%,-1.424,72.67,73.72,tp_gap_filled,29.605,2151.39,1.445,31.09,4
PFE,2025-07-25,2025-08-13,2025-08-19,1-2%,-1.499,24.97,25.35,tp_gap_filled,86.3354,2155.79,1.522,32.81,4
TGT,2025-08-13,2025-08-14,2025-08-19,2-3%,-2.306,103.81,106.26,tp_gap_filled,20.6413,2142.78,2.36,50.57,3
AKAM,2025-08-14,2025-08-15,2025-08-19,1-2%,-1.365,74.41,75.44,tp_gap_filled,28.8297,2145.22,1.384,29.69,2
ADP,2025-07-30,2025-07-31,2025-08-20,3-5%,-3.023,299.31,308.64,tp_gap_filled,6.9932,2093.14,3.117,65.25,14
AWK,2025-08-05,2025-08-06,2025-08-20,3-5%,-3.313,142.13,147.0,tp_gap_filled,14.6994,2089.23,3.426,71.59,10
CB,2025-07-23,2025-08-13,2025-08-20,2-3%,-2.052,273.01,278.73,tp_gap_filled,7.8884,2153.6,2.095,45.12,5
ADI,2025-08-14,2025-08-15,2025-08-20,1-2%,-1.166,234.86,237.63,tp_gap_filled,9.1297,2144.21,1.179,25.29,3
AMD,2025-08-14,2025-08-15,2025-08-20,2-3%,-2.489,179.83,160.0487,stop,11.9292,2145.23,-11.0,-235.97,3
AMGN,2025-08-06,2025-08-15,2025-08-20,1-2%,-1.523,295.51,300.08,tp_gap_filled,7.2575,2144.67,1.546,33.17,3
ED,2025-08-15,2025-08-18,2025-08-20,2-3%,-2.654,100.13,102.86,tp_gap_filled,21.4508,2147.87,2.726,58.56,2
HOOD,2025-08-18,2025-08-19,2025-08-20,1-2%,-1.025,113.0,103.96,stop,19.0342,2150.86,-8.0,-172.07,1
INTC,2025-08-18,2025-08-19,2025-08-20,2-3%,-2.28,24.0,24.56,tp_gap_filled,89.5319,2148.77,2.333,50.14,1
DVA,2025-08-06,2025-08-18,2025-08-21,3-5%,-3.003,136.3,140.52,tp_gap_filled,15.7655,2148.83,3.096,66.53,3
OXY,2025-08-18,2025-08-19,2025-08-21,1-2%,-1.412,43.98,44.61,tp_gap_filled,48.9111,2151.11,1.432,30.81,2
CVX,2025-08-19,2025-08-20,2025-08-21,1-2%,-1.198,153.46,155.32,tp_gap_filled,14.034,2153.66,1.212,26.1,1
MCK,2025-08-07,2025-08-20,2025-08-21,2-3%,-2.879,683.5,703.76,tp_gap_filled,3.1508,2153.6,2.964,63.84,1
MDT,2025-08-19,2025-08-20,2025-08-21,5-10%,-5.355,87.84,92.81,tp_gap_filled,24.5312,2154.82,5.658,121.92,1
PRU,2025-08-19,2025-08-20,2025-08-21,1-2%,-1.322,105.21,106.62,tp_gap_filled,20.5062,2157.46,1.34,28.91,1
PSX,2025-08-19,2025-08-20,2025-08-21,1-2%,-1.05,121.55,122.84,tp_gap_filled,17.7561,2158.25,1.061,22.91,1
AXP,2025-07-18,2025-07-25,2025-08-22,1-2%,-1.107,311.86,315.35,tp_gap_filled,6.9237,2159.23,1.119,24.16,20
MSCI,2025-07-22,2025-07-31,2025-08-22,2-3%,-2.242,565.01,577.97,tp_gap_filled,3.7067,2094.3,2.294,48.04,16
CAT,2025-08-05,2025-08-06,2025-08-22,1-2%,-1.395,427.65,433.7,tp_gap_filled,4.8852,2089.17,1.415,29.56,12
DIS,2025-08-06,2025-08-07,2025-08-22,2-3%,-2.147,115.78,118.32,tp_gap_filled,18.0241,2086.83,2.194,45.78,11
RMD,2025-08-05,2025-08-12,2025-08-22,1-2%,-1.726,286.41,291.44,tp_gap_filled,7.4199,2125.13,1.756,37.32,8
ALB,2025-08-20,2025-08-21,2025-08-22,3-5%,-4.345,77.05,80.55,tp_gap_filled,27.913,2150.7,4.543,97.7,1
AMD,2025-08-20,2025-08-21,2025-08-22,1-2%,-1.471,164.1,166.55,tp_gap_filled,13.1124,2151.75,1.493,32.13,1
ANET,2025-08-20,2025-08-21,2025-08-22,1-2%,-1.115,131.3,132.78,tp_gap_filled,16.3873,2151.65,1.127,24.25,1
APP,2025-08-19,2025-08-21,2025-08-22,1-2%,-1.801,430.64,438.54,tp_gap_filled,4.997,2151.89,1.834,39.48,1
CEG,2025-08-20,2025-08-21,2025-08-22,1-2%,-1.043,313.925,317.235,tp_gap_filled,6.851,2150.7,1.054,22.68,1
EME,2025-08-20,2025-08-21,2025-08-22,1-2%,-1.169,600.0,607.1,tp_gap_filled,3.5842,2150.51,1.183,25.45,1
FIX,2025-08-20,2025-08-21,2025-08-22,1-2%,-1.354,674.67,683.93,tp_gap_filled,3.1886,2151.29,1.373,29.53,1
JKHY,2025-08-20,2025-08-21,2025-08-22,1-2%,-1.015,159.0,160.63,tp_gap_filled,13.5379,2152.52,1.025,22.07,1
LITE,2025-08-19,2025-08-21,2025-08-22,1-2%,-1.16,117.6,118.98,tp_gap_filled,18.3135,2153.67,1.173,25.27,1
ORCL,2025-08-20,2025-08-21,2025-08-22,1-2%,-1.04,232.18,234.62,tp_gap_filled,9.2756,2153.61,1.051,22.63,1
APTV,2025-08-20,2025-08-22,2025-08-25,1-2%,-1.3,75.15,76.14,tp_gap_filled,29.1723,2192.3,1.317,28.88,1
BBY,2025-08-20,2025-08-22,2025-08-25,1-2%,-1.484,73.0,74.1,tp_gap_filled,30.0474,2193.46,1.507,33.05,1
DAL,2025-08-20,2025-08-22,2025-08-25,1-2%,-1.074,59.85,60.5,tp_gap_filled,36.6733,2194.9,1.086,23.84,1
DOV,2025-08-14,2025-08-22,2025-08-25,1-2%,-1.127,180.77,182.83,tp_gap_filled,12.1494,2196.25,1.14,25.03,1
INTC,2025-08-20,2025-08-22,2025-08-25,1-2%,-1.62,24.9,25.31,tp_gap_filled,88.2195,2196.66,1.647,36.17,1
MPWR,2025-08-21,2025-08-22,2025-08-25,1-2%,-1.458,814.22,826.27,tp_gap_filled,2.6977,2196.5,1.48,32.51,1
MRVL,2025-08-21,2025-08-22,2025-08-25,1-2%,-1.067,70.46,71.22,tp_gap_filled,31.1965,2198.1,1.079,23.71,1
NCLH,2025-08-21,2025-08-22,2025-08-25,1-2%,-1.635,23.46,23.85,tp_gap_filled,93.7472,2199.31,1.662,36.56,1
PLD,2025-08-21,2025-08-22,2025-08-25,1-2%,-1.026,109.05,110.18,tp_gap_filled,20.1952,2202.29,1.036,22.82,1
FLEX,2025-07-24,2025-07-28,2025-08-26,5-10%,-6.078,50.53,53.8,tp_gap_filled,42.4309,2144.03,6.471,138.75,21
AZO,2025-08-21,2025-08-22,2025-08-26,1-2%,-1.174,4109.29,4158.1001,tp_gap_filled,0.5338,2193.45,1.188,26.05,2
ALB,2025-08-22,2025-08-25,2025-08-26,2-3%,-2.04,77.33,78.94,tp_gap_filled,28.1782,2179.02,2.082,45.37,1
ANET,2025-08-22,2025-08-25,2025-08-26,1-2%,-1.007,130.7,132.03,tp_gap_filled,16.689,2181.25,1.018,22.2,1
NEM,2025-08-22,2025-08-25,2025-08-26,1-2%,-1.298,69.18,70.09,tp_gap_filled,31.535,2181.59,1.315,28.7,1
NVDA,2025-08-22,2025-08-25,2025-08-26,1-2%,-1.354,172.61,174.98,tp_gap_filled,12.6459,2182.8,1.373,29.97,1
SMCI,2025-08-22,2025-08-25,2025-08-26,1-2%,-1.56,41.65,42.31,tp_gap_filled,52.4783,2185.72,1.585,34.64,1
LLY,2025-08-07,2025-08-14,2025-08-27,5-10%,-9.474,675.66,746.37,tp_gap_filled,3.1711,2142.61,10.465,224.23,9
HUBB,2025-08-14,2025-08-22,2025-08-27,1-2%,-1.009,439.47,443.95,tp_gap_filled,4.9981,2196.53,1.019,22.39,3
WDAY,2025-08-22,2025-08-25,2025-08-27,5-10%,-6.02,213.88,227.58,tp_gap_filled,10.2312,2188.26,6.405,140.17,2
DGX,2025-08-25,2025-08-26,2025-08-27,1-2%,-1.67,177.22,180.23,tp_gap_filled,12.3699,2192.19,1.698,37.23,1
ECHO,2025-07-31,2025-08-26,2025-08-27,1-2%,-1.432,32.35,32.82,tp_gap_filled,67.7888,2192.97,1.453,31.86,1
ABNB,2025-08-07,2025-08-08,2025-08-28,5-10%,-7.755,120.38,130.5,tp_gap_filled,17.3804,2092.25,8.407,175.89,14
GEV,2025-08-14,2025-08-18,2025-08-28,1-2%,-1.152,627.0,634.31,tp_gap_filled,3.4254,2147.7,1.166,25.04,8
AVGO,2025-08-18,2025-08-19,2025-08-28,1-2%,-1.188,302.7,306.34,tp_gap_filled,7.1093,2151.98,1.203,25.88,7
AXON,2025-08-19,2025-08-22,2025-08-28,1-2%,-1.489,779.83,791.62,tp_gap_filled,2.8137,2194.21,1.512,33.17,4
MU,2025-08-20,2025-08-22,2025-08-28,2-3%,-2.745,118.7,122.05,tp_gap_filled,18.5315,2199.69,2.822,62.08,4
AMD,2025-08-25,2025-08-26,2025-08-28,1-2%,-1.317,165.55,167.76,tp_gap_filled,13.2413,2192.1,1.335,29.26,2
COHR,2025-08-18,2025-08-26,2025-08-28,1-2%,-1.413,92.08,93.4,tp_gap_filled,23.81,2192.43,1.434,31.43,2
APA,2025-08-26,2025-08-27,2025-08-28,1-2%,-1.208,22.09,22.36,tp_gap_filled,99.4412,2196.66,1.222,26.85,1
CIEN,2025-08-14,2025-08-27,2025-08-28,1-2%,-1.88,92.88,94.66,tp_gap_filled,23.6552,2197.1,1.916,42.11,1
CSX,2025-08-26,2025-08-27,2025-08-28,1-2%,-1.524,32.31,32.81,tp_gap_filled,67.9985,2197.03,1.548,34.0,1
PYPL,2025-08-27,2025-08-28,2025-08-29,2-3%,-2.066,68.73,70.18,tp_gap_filled,31.9169,2193.65,2.11,46.28,1
SJM,2025-08-27,2025-08-28,2025-08-29,5-10%,-9.342,100.25,110.58,tp_gap_filled,21.8898,2194.45,10.304,226.12,1
IBKR,2025-08-27,2025-08-28,2025-09-02,1-2%,-1.137,62.58,63.3,tp_gap_filled,35.0729,2194.86,1.151,25.25,2
RL,2025-08-14,2025-08-28,2025-09-02,1-2%,-1.393,297.93,302.14,tp_gap_filled,7.3658,2194.49,1.413,31.01,2
VRT,2025-08-19,2025-08-28,2025-09-02,1-2%,-1.975,133.01,122.3692,stop,16.5197,2197.28,-8.0,-175.78,2
ALB,2025-08-28,2025-08-29,2025-09-02,1-2%,-1.118,86.7,79.764,stop,25.3152,2194.83,-8.0,-175.59,1
ANET,2025-08-28,2025-08-29,2025-09-02,1-2%,-1.328,131.5,133.27,tp_gap_filled,16.6839,2193.93,1.346,29.53,1
NTAP,2025-08-28,2025-08-29,2025-09-02,3-5%,-3.139,108.61,112.13,tp_gap_filled,20.2291,2197.08,3.241,71.21,1
ISRG,2025-06-09,2025-06-10,2025-09-03,3-5%,-4.592,531.5,451.775,stop,3.9026,2074.24,-15.0,-311.14,58
EL,2025-08-29,2025-09-02,2025-09-03,1-2%,-1.504,90.39,91.77,tp_gap_filled,23.9951,2168.92,1.527,33.11,1
VLO,2025-07-11,2025-09-02,2025-09-03,1-2%,-1.001,153.26,154.81,tp_gap_filled,14.1534,2169.16,1.011,21.94,1
BKR,2025-07-29,2025-07-30,2025-09-04,3-5%,-3.33,45.0,46.55,tp_gap_filled,47.0139,2115.63,3.444,72.87,25
PANW,2025-07-30,2025-07-31,2025-09-04,5-10%,-7.001,180.27,193.84,tp_gap_filled,11.6161,2094.03,7.528,157.63,24
AMZN,2025-08-01,2025-08-04,2025-09-04,5-10%,-7.219,217.21,234.11,tp_gap_filled,9.6335,2092.5,7.78,162.81,22
MCHP,2025-08-27,2025-08-28,2025-09-04,1-2%,-1.006,66.94,61.5848,stop,32.7869,2194.75,-8.0,-175.58,4
AAPL,2025-09-02,2025-09-03,2025-09-04,1-2%,-1.245,229.25,232.14,tp_gap_filled,9.4331,2162.53,1.261,27.26,1
ALLE,2025-09-02,2025-09-03,2025-09-04,1-2%,-1.502,167.25,169.8,tp_gap_filled,12.936,2163.54,1.525,32.99,1
ANET,2025-09-02,2025-09-03,2025-09-04,3-5%,-3.032,132.41,136.55,tp_gap_filled,16.3406,2163.66,3.127,67.65,1
APH,2025-09-02,2025-09-03,2025-09-04,1-2%,-1.81,53.445,54.43,tp_gap_filled,40.5142,2165.28,1.843,39.91,1
LMT,2025-07-22,2025-07-23,2025-09-05,5-10%,-8.204,422.75,460.53,tp_gap_filled,5.1128,2161.43,8.937,193.16,31
BLDR,2025-08-25,2025-08-26,2025-09-05,1-2%,-1.571,142.18,144.45,tp_gap_filled,15.419,2192.28,1.597,35.0,7
ADP,2025-09-03,2025-09-04,2025-09-05,1-2%,-1.067,296.57,299.77,tp_gap_filled,7.3466,2178.79,1.079,23.51,1
AIZ,2025-09-03,2025-09-04,2025-09-05,1-2%,-1.044,212.33,214.57,tp_gap_filled,10.2645,2179.47,1.055,22.99,1
COHR,2025-08-29,2025-09-04,2025-09-05,1-2%,-1.261,94.0,95.2,tp_gap_filled,23.1965,2180.47,1.277,27.84,1
DOV,2025-09-02,2025-09-04,2025-09-05,1-2%,-1.208,176.7,178.86,tp_gap_filled,12.3421,2180.85,1.222,26.66,1
GEHC,2025-09-02,2025-09-04,2025-09-05,1-2%,-1.031,72.97,73.73,tp_gap_filled,29.8925,2181.26,1.042,22.72,1
BF-B,2025-06-05,2025-06-06,2025-09-08,10%+,-17.199,27.49,27.59,time_exit,75.2663,2069.07,0.364,7.53,63
COO,2025-05-30,2025-06-06,2025-09-08,5-10%,-9.98,71.98,68.79,time_exit,28.758,2070.0,-4.432,-91.74,63
CCI,2025-08-26,2025-08-27,2025-09-08,1-2%,-1.923,100.99,92.9108,stop,21.7592,2197.46,-8.0,-175.8,7
CRWD,2025-08-28,2025-08-29,2025-09-08,2-3%,-2.984,102.5,105.6525,tp_gap_filled,21.4206,2195.61,3.076,67.53,5
DG,2025-09-03,2025-09-04,2025-09-08,1-2%,-1.512,108.79,110.46,tp_gap_filled,20.0499,2181.22,1.535,33.48,2
ADBE,2025-09-02,2025-09-05,2025-09-08,1-2%,-1.811,350.24,356.7,tp_gap_filled,6.2473,2188.05,1.844,40.36,1
AKAM,2025-09-02,2025-09-05,2025-09-08,1-2%,-1.213,78.17,79.13,tp_gap_filled,27.9889,2187.89,1.228,26.87,1
GEN,2025-09-02,2025-09-08,2025-09-09,1-2%,-1.192,29.84,30.2,tp_gap_filled,73.3696,2189.35,1.206,26.41,1
ORCL,2025-08-29,2025-09-08,2025-09-09,1-2%,-1.128,237.61,240.32,tp_gap_filled,9.2088,2188.11,1.141,24.96,1
SLB,2025-09-05,2025-09-08,2025-09-09,1-2%,-1.111,35.61,36.01,tp_gap_filled,61.451,2188.27,1.123,24.58,1
GDDY,2025-08-08,2025-08-12,2025-09-10,5-10%,-6.502,140.48,150.25,tp_gap_filled,15.1102,2122.69,6.955,147.63,20
JBL,2025-08-19,2025-08-25,2025-09-10,1-2%,-1.883,211.6,215.66,tp_gap_filled,10.3127,2182.16,1.919,41.87,11
LRCX,2025-08-15,2025-08-28,2025-09-10,2-3%,-2.514,104.68,107.38,tp_gap_filled,20.9687,2195.0,2.579,56.62,8
APO,2025-09-02,2025-09-03,2025-09-10,1-2%,-1.38,134.35,136.23,tp_gap_filled,16.1282,2166.82,1.399,30.32,5
CBOE,2025-09-04,2025-09-05,2025-09-10,1-2%,-1.147,232.71,235.41,tp_gap_filled,9.4017,2187.87,1.16,25.38,3
HAL,2025-09-05,2025-09-08,2025-09-10,1-2%,-1.647,22.1,22.47,tp_gap_filled,99.0701,2189.45,1.674,36.66,2
BMY,2025-09-08,2025-09-09,2025-09-10,1-2%,-1.039,46.65,47.14,tp_gap_filled,46.7974,2183.1,1.05,22.93,1
EFX,2025-07-22,2025-07-23,2025-09-11,5-10%,-5.731,244.76,259.64,tp_gap_filled,8.7749,2147.74,6.079,130.57,35
PSKY,2025-08-22,2025-08-25,2025-09-11,2-3%,-2.87,15.57,16.03,tp_gap_filled,140.3099,2184.63,2.954,64.54,12
KLAC,2025-08-15,2025-09-08,2025-09-11,3-5%,-3.264,92.423,95.541,tp_gap_filled,23.6828,2188.83,3.374,73.84,3
ARE,2025-09-08,2025-09-09,2025-09-11,1-2%,-1.086,83.78,84.7,tp_gap_filled,26.0579,2183.13,1.098,23.97,2
AEE,2025-09-09,2025-09-10,2025-09-11,1-2%,-1.02,98.97,99.99,tp_gap_filled,21.984,2175.75,1.031,22.42,1
CASY,2025-09-09,2025-09-10,2025-09-11,1-2%,-1.388,514.26,521.5,tp_gap_filled,4.2311,2175.89,1.408,30.63,1
CAT,2025-08-29,2025-09-10,2025-09-11,2-3%,-2.184,425.41,434.91,tp_gap_filled,5.1196,2177.95,2.233,48.64,1
DELL,2025-09-09,2025-09-10,2025-09-11,1-2%,-1.732,120.87,123.0,tp_gap_filled,18.0018,2175.88,1.762,38.34,1
BXP,2025-09-08,2025-09-09,2025-09-12,2-3%,-2.382,75.0,76.83,tp_gap_filled,29.1152,2183.64,2.44,53.28,3
BBY,2025-09-10,2025-09-11,2025-09-12,1-2%,-1.194,76.1,77.02,tp_gap_filled,28.9554,2203.51,1.209,26.64,1
ELV,2025-09-10,2025-09-11,2025-09-12,1-2%,-1.546,310.22,315.09,tp_gap_filled,7.1089,2205.33,1.57,34.62,1
HUM,2025-09-10,2025-09-11,2025-09-12,1-2%,-1.102,270.01,273.02,tp_gap_filled,8.1696,2205.87,1.115,24.59,1
KHC,2025-07-31,2025-08-22,2025-09-15,1-2%,-1.527,28.055,25.8106,stop,78.2922,2196.49,-8.0,-175.72,15
FDX,2025-09-11,2025-09-12,2025-09-15,1-2%,-1.493,179.1458,181.8614,tp_gap_filled,12.1896,2183.71,1.516,33.1,1
TPL,2025-09-11,2025-09-12,2025-09-15,1-2%,-1.0,309.4167,312.5433,tp_gap_filled,7.062,2185.11,1.011,22.08,1
APA,2025-09-03,2025-09-04,2025-09-16,2-3%,-2.013,23.36,23.84,tp_gap_filled,93.3358,2180.32,2.055,44.8,8
EL,2025-09-10,2025-09-11,2025-09-16,1-2%,-1.172,87.66,88.7,tp_gap_filled,25.1626,2205.75,1.186,26.17,3
OXY,2025-09-11,2025-09-12,2025-09-16,1-2%,-1.317,45.7,46.31,tp_gap_filled,47.8147,2185.13,1.335,29.17,2
COHR,2025-09-12,2025-09-15,2025-09-16,1-2%,-1.836,101.61,103.51,tp_gap_filled,21.5206,2186.71,1.87,40.89,1
BLDR,2025-09-09,2025-09-11,2025-09-17,1-2%,-1.109,146.25,134.55,stop,15.0761,2204.88,-8.0,-176.39,4
MTD,2025-09-10,2025-09-11,2025-09-17,1-2%,-1.187,1270.05,1285.3101,tp_gap_filled,1.738,2207.29,1.202,26.52,4
CSCO,2025-09-12,2025-09-15,2025-09-17,1-2%,-1.197,66.88,67.69,tp_gap_filled,32.7264,2188.74,1.211,26.51,2
IQV,2025-09-12,2025-09-15,2025-09-17,1-2%,-1.211,188.38,190.69,tp_gap_filled,11.6211,2189.18,1.226,26.84,2
FERG,2025-09-12,2025-09-16,2025-09-17,2-3%,-2.069,221.05,225.72,tp_gap_filled,9.8783,2183.59,2.113,46.13,1
MCHP,2025-09-15,2025-09-16,2025-09-17,1-2%,-1.082,64.0,64.7,tp_gap_filled,34.151,2185.66,1.094,23.91,1
ADI,2025-09-02,2025-09-03,2025-09-18,1-2%,-1.914,246.5,251.31,tp_gap_filled,8.78,2164.27,1.951,42.23,11
CVNA,2025-08-01,2025-09-10,2025-09-18,2-3%,-2.353,76.198,78.034,tp_gap_filled,28.5794,2177.69,2.41,52.47,6
CDNS,2025-09-10,2025-09-11,2025-09-18,3-5%,-3.668,348.5,361.77,tp_gap_filled,6.327,2204.97,3.808,83.96,5
HWM,2025-07-31,2025-09-15,2025-09-18,2-3%,-2.269,187.78,192.14,tp_gap_filled,11.6564,2188.83,2.322,50.82,3
META,2025-08-18,2025-09-16,2025-09-18,1-2%,-1.291,775.09,785.23,tp_gap_filled,2.8203,2185.97,1.308,28.6,2
CRL,2025-09-16,2025-09-17,2025-09-18,1-2%,-1.104,150.56,152.24,tp_gap_filled,14.5365,2188.61,1.116,24.42,1
INTU,2025-08-22,2025-08-25,2025-09-19,5-10%,-6.128,655.0,697.76,tp_gap_filled,3.3313,2182.03,6.528,142.45,18
ES,2025-08-25,2025-08-26,2025-09-19,3-5%,-4.554,63.5,66.53,tp_gap_filled,34.9303,2218.08,4.772,105.84,17
DDOG,2025-09-16,2025-09-17,2025-09-19,2-3%,-2.019,135.85,138.65,tp_gap_filled,16.1151,2189.24,2.061,45.12,2
AMAT,2025-08-14,2025-09-18,2025-09-19,1-2%,-1.142,187.86,190.03,tp_gap_filled,11.7522,2207.77,1.155,25.5,1
GIS,2025-09-17,2025-09-18,2025-09-19,1-2%,-1.715,48.71,49.56,tp_gap_filled,45.3316,2208.1,1.745,38.53,1
LITE,2025-09-17,2025-09-18,2025-09-19,1-2%,-1.281,168.71,170.9,tp_gap_filled,13.0943,2209.13,1.298,28.68,1
NEM,2025-09-17,2025-09-18,2025-09-19,1-2%,-1.063,78.18,79.02,tp_gap_filled,28.2664,2209.86,1.074,23.74,1
NVDA,2025-09-17,2025-09-18,2025-09-19,1-2%,-1.281,172.64,174.88,tp_gap_filled,12.8009,2209.94,1.298,28.67,1
JBHT,2025-09-05,2025-09-08,2025-09-22,1-2%,-1.659,142.87,131.4404,stop,15.3202,2188.8,-8.0,-175.1,10
FOXA,2025-09-09,2025-09-17,2025-09-22,3-5%,-4.526,59.652,62.48,tp_gap_filled,36.6772,2187.87,4.741,103.72,3
AWK,2025-09-18,2025-09-19,2025-09-22,1-2%,-1.44,134.13,136.09,tp_gap_filled,16.4733,2209.56,1.461,32.29,1
FSLR,2025-08-19,2025-09-19,2025-09-22,1-2%,-1.824,215.33,219.33,tp_gap_filled,10.2624,2209.79,1.858,41.05,1
HSY,2025-09-18,2025-09-19,2025-09-22,1-2%,-1.031,189.12,191.09,tp_gap_filled,11.6815,2209.21,1.042,23.01,1
EG,2025-09-16,2025-09-17,2025-09-23,1-2%,-1.492,334.77,339.84,tp_gap_filled,6.5364,2188.21,1.514,33.14,4
PLTR,2025-08-14,2025-09-19,2025-09-23,1-2%,-1.063,182.41,184.37,tp_gap_filled,12.1133,2209.59,1.074,23.74,2
CBOE,2025-09-19,2025-09-22,2025-09-23,1-2%,-1.169,231.69,234.43,tp_gap_filled,9.5398,2210.28,1.183,26.14,1
MU,2025-09-19,2025-09-22,2025-09-23,3-5%,-3.636,162.75,168.89,tp_gap_filled,13.5866,2211.22,3.773,83.42,1
BEN,2025-08-14,2025-08-27,2025-09-24,1-2%,-1.076,25.75,23.69,stop,85.3456,2197.65,-8.0,-175.81,19
MRVL,2025-08-29,2025-09-02,2025-09-24,10%+,-16.444,64.53,77.23,tp_gap_filled,33.614,2169.11,19.681,426.9,16
ALB,2025-09-02,2025-09-05,2025-09-24,3-5%,-3.45,81.99,84.92,tp_gap_filled,26.6875,2188.11,3.574,78.19,13
CPAY,2025-09-02,2025-09-05,2025-09-24,1-2%,-1.382,321.17,295.4764,stop,6.8121,2187.85,-8.0,-175.03,13
FCX,2025-09-09,2025-09-10,2025-09-24,2-3%,-2.872,45.32,40.3348,stop,48.0426,2177.29,-11.0,-239.5,10
ACGL,2025-09-16,2025-09-19,2025-09-24,1-2%,-1.002,88.96,89.86,tp_gap_filled,24.8394,2209.71,1.012,22.36,3
MCD,2025-09-18,2025-09-19,2025-09-24,1-2%,-1.148,301.47,304.97,tp_gap_filled,7.329,2209.46,1.161,25.65,3
APA,2025-09-22,2025-09-23,2025-09-24,1-2%,-1.022,23.24,23.48,tp_gap_filled,95.2305,2213.16,1.033,22.86,1
APO,2025-09-22,2025-09-23,2025-09-24,1-2%,-1.831,142.1,144.75,tp_gap_filled,15.5847,2214.59,1.865,41.3,1
AXON,2025-09-22,2025-09-23,2025-09-24,1-2%,-1.059,766.33,705.0236,stop,2.891,2215.46,-8.0,-177.24,1
CFG,2025-09-22,2025-09-23,2025-09-24,1-2%,-1.027,53.0,53.55,tp_gap_filled,41.8195,2216.43,1.038,23.0,1
IBM,2025-07-24,2025-07-28,2025-09-25,5-10%,-7.361,261.25,282.01,tp_gap_filled,8.2089,2144.58,7.946,170.42,42
ATO,2025-08-25,2025-08-26,2025-09-25,1-2%,-1.058,166.43,168.21,tp_gap_filled,13.173,2192.39,1.07,23.45,21
CINF,2025-09-22,2025-09-23,2025-09-25,1-2%,-1.051,154.47,156.11,tp_gap_filled,14.3492,2216.53,1.062,23.53,2
AZO,2025-09-23,2025-09-24,2025-09-25,2-3%,-2.093,4034.73,4121.0,tp_gap_filled,0.5473,2208.12,2.138,47.21,1
EQIX,2025-06-26,2025-06-27,2025-09-26,3-5%,-4.036,791.04,790.34,time_exit,2.6535,2099.0,-0.088,-1.86,63
DVN,2025-09-03,2025-09-17,2025-09-26,1-2%,-1.62,35.83,36.42,tp_gap_filled,61.0862,2188.72,1.647,36.04,7
FANG,2025-09-03,2025-09-24,2025-09-26,1-2%,-1.234,148.01,149.86,tp_gap_filled,14.9265,2209.27,1.25,27.61,2
HD,2025-09-24,2025-09-25,2025-09-26,1-2%,-1.003,406.79,410.91,tp_gap_filled,5.3906,2192.82,1.013,22.21,1
WSM,2025-09-24,2025-09-25,2025-09-26,1-2%,-1.123,198.13,200.38,tp_gap_filled,11.068,2192.89,1.136,24.9,1
FOX,2025-09-09,2025-09-18,2025-09-29,3-5%,-4.665,54.16,56.81,tp_gap_filled,40.7721,2208.21,4.893,108.05,7
LRCX,2025-09-23,2025-09-24,2025-09-29,1-2%,-1.853,129.75,132.2,tp_gap_filled,17.0171,2207.97,1.888,41.69,3
PWR,2025-07-31,2025-09-24,2025-09-29,1-2%,-1.221,406.09,411.11,tp_gap_filled,5.4347,2206.98,1.236,27.28,3
ADBE,2025-09-24,2025-09-25,2025-09-29,1-2%,-1.708,355.6,361.78,tp_gap_filled,6.167,2193.0,1.738,38.11,2
AMAT,2025-09-25,2025-09-26,2025-09-29,1-2%,-1.191,199.04,201.44,tp_gap_filled,11.1011,2209.57,1.206,26.64,1
APH,2025-09-25,2025-09-26,2025-09-29,1-2%,-1.649,60.55,61.565,tp_gap_filled,36.5277,2211.75,1.676,37.08,1
APO,2025-09-25,2025-09-26,2025-09-29,1-2%,-1.407,135.23,137.16,tp_gap_filled,16.3595,2212.3,1.427,31.57,1
APP,2025-09-25,2025-09-26,2025-09-29,2-3%,-2.656,624.87,641.92,tp_gap_filled,3.5417,2213.08,2.729,60.39,1
APTV,2025-09-25,2025-09-26,2025-09-29,1-2%,-1.47,83.79,85.04,tp_gap_filled,26.4503,2216.27,1.492,33.06,1
AVGO,2025-09-25,2025-09-26,2025-09-29,1-2%,-1.863,332.99,339.31,tp_gap_filled,6.6581,2217.1,1.898,42.08,1
AXP,2025-09-25,2025-09-26,2025-09-29,1-2%,-1.049,336.91,340.48,tp_gap_filled,6.5813,2217.3,1.06,23.5,1
FTV,2025-06-30,2025-07-01,2025-09-30,3-5%,-3.533,52.05,48.99,time_exit,40.9603,2131.98,-5.879,-125.34,63
CAH,2025-08-12,2025-08-13,2025-09-30,10%+,-10.567,141.0,157.66,tp_gap_filled,15.2584,2151.43,11.816,254.2,33
FISV,2025-07-31,2025-08-19,2025-09-30,1-2%,-1.214,139.14,128.0088,stop,15.4583,2150.87,-8.0,-172.07,29
ALB,2025-09-26,2025-09-29,2025-09-30,1-2%,-1.085,83.91,84.83,tp_gap_filled,26.5379,2226.79,1.096,24.41,1
LULU,2025-09-25,2025-09-29,2025-09-30,1-2%,-1.177,177.11,179.22,tp_gap_filled,12.5773,2227.56,1.191,26.54,1
MPWR,2025-09-25,2025-09-29,2025-09-30,1-2%,-1.189,897.65,908.45,tp_gap_filled,2.4821,2228.06,1.203,26.81,1
SNDK,2025-09-24,2025-09-29,2025-09-30,2-3%,-2.674,103.555,106.4,tp_gap_filled,21.5104,2227.51,2.747,61.2,1
AES,2025-09-02,2025-09-03,2025-10-01,1-2%,-1.403,13.35,13.54,tp_gap_filled,162.0922,2163.93,1.423,30.8,20
PHM,2025-09-19,2025-09-24,2025-10-01,1-2%,-1.253,132.42,134.1,tp_gap_filled,16.6703,2207.49,1.269,28.01,5
APA,2025-09-25,2025-09-26,2025-10-01,1-2%,-1.351,24.09,24.42,tp_gap_filled,91.7663,2210.65,1.37,30.28,3
AAPL,2025-09-26,2025-09-29,2025-10-01,1-2%,-1.078,254.1,256.87,tp_gap_filled,8.7632,2226.74,1.09,24.27,2
CEG,2025-09-25,2025-09-29,2025-10-01,1-2%,-1.218,335.0,339.13,tp_gap_filled,6.6503,2227.86,1.233,27.47,2
SWK,2025-09-25,2025-09-29,2025-10-01,1-2%,-1.305,74.11,75.09,tp_gap_filled,30.1146,2231.79,1.322,29.51,2
ESS,2025-09-29,2025-09-30,2025-10-01,1-2%,-1.113,264.82,267.8,tp_gap_filled,8.3959,2223.41,1.125,25.02,1
TPR,2025-09-25,2025-09-30,2025-10-01,1-2%,-1.587,111.62,113.42,tp_gap_filled,19.9237,2223.89,1.613,35.86,1
EOG,2025-09-05,2025-09-10,2025-10-02,1-2%,-1.39,119.91,110.3172,stop,18.1567,2177.16,-8.0,-174.17,16
XYZ,2025-09-25,2025-09-29,2025-10-02,1-2%,-1.896,75.04,76.49,tp_gap_filled,29.7243,2230.51,1.932,43.1,3
ALB,2025-09-30,2025-10-01,2025-10-02,1-2%,-1.588,85.5,86.88,tp_gap_filled,26.0463,2226.95,1.614,35.94,1
ECHO,2025-09-11,2025-10-01,2025-10-02,1-2%,-1.039,79.06,79.89,tp_gap_filled,28.1557,2225.99,1.05,23.37,1
HAL,2025-09-30,2025-10-01,2025-10-02,2-3%,-2.12,24.47,25.0,tp_gap_filled,90.9781,2226.23,2.166,48.22,1
INTC,2025-09-29,2025-10-01,2025-10-02,2-3%,-2.761,34.52,35.5,tp_gap_filled,64.507,2226.78,2.839,63.22,1
NEM,2025-09-30,2025-10-01,2025-10-02,1-2%,-1.147,83.57,84.54,tp_gap_filled,26.6676,2228.61,1.161,25.87,1
REGN,2025-09-23,2025-10-01,2025-10-02,2-3%,-2.632,580.0,595.68,tp_gap_filled,3.8466,2231.03,2.703,60.31,1
COIN,2025-08-01,2025-08-13,2025-10-03,10%+,-11.282,335.14,377.76,tp_gap_filled,6.4269,2153.92,12.717,273.92,36
EMR,2025-09-16,2025-09-17,2025-10-03,3-5%,-3.008,131.58,135.66,tp_gap_filled,16.6291,2188.06,3.101,67.85,12
EXPD,2025-09-19,2025-09-24,2025-10-03,1-2%,-1.58,122.09,124.05,tp_gap_filled,18.0987,2209.67,1.605,35.47,7
WSM,2025-09-26,2025-09-29,2025-10-03,2-3%,-2.009,197.07,201.11,tp_gap_filled,11.3242,2231.66,2.05,45.75,4
ARE,2025-09-30,2025-10-01,2025-10-03,1-2%,-1.741,82.95,84.42,tp_gap_filled,26.8405,2226.42,1.772,39.46,2
BEN,2025-09-30,2025-10-01,2025-10-03,1-2%,-1.198,23.09,23.37,tp_gap_filled,96.4353,2226.69,1.213,27.0,2
AMD,2025-08-29,2025-10-02,2025-10-03,1-2%,-1.05,166.81,168.58,tp_gap_filled,13.402,2235.59,1.061,23.72,1
AMZN,2025-10-01,2025-10-02,2025-10-03,1-2%,-1.007,217.36,219.57,tp_gap_filled,10.2888,2236.37,1.017,22.74,1
APA,2025-10-01,2025-10-02,2025-10-03,1-2%,-1.565,23.9,24.28,tp_gap_filled,93.6155,2237.41,1.59,35.57,1
AXON,2025-10-01,2025-10-02,2025-10-03,1-2%,-1.254,708.64,717.64,tp_gap_filled,3.1575,2237.56,1.27,28.42,1
BLDR,2025-09-19,2025-10-02,2025-10-03,1-2%,-1.14,127.46,128.93,tp_gap_filled,17.5501,2236.93,1.153,25.8,1
ETN,2025-08-05,2025-08-06,2025-10-06,5-10%,-6.191,360.94,384.76,tp_gap_filled,5.7855,2088.22,6.599,137.81,42
ANET,2025-09-12,2025-09-19,2025-10-06,2-3%,-2.522,149.18,153.04,tp_gap_filled,14.8105,2209.44,2.587,57.17,11
CRWD,2025-09-22,2025-10-01,2025-10-06,1-2%,-1.303,124.0,125.6375,tp_gap_filled,17.9486,2225.63,1.321,29.39,3
ADBE,2025-10-01,2025-10-02,2025-10-06,1-2%,-1.585,347.16,352.75,tp_gap_filled,6.438,2235.03,1.61,35.99,2
APD,2025-10-01,2025-10-02,2025-10-06,1-2%,-1.195,269.46,272.72,tp_gap_filled,8.3032,2237.37,1.21,27.07,2
ELV,2025-10-02,2025-10-03,2025-10-06,1-2%,-1.1,329.0,332.66,tp_gap_filled,6.8335,2248.23,1.112,25.01,1
EW,2025-10-02,2025-10-03,2025-10-06,1-2%,-1.088,75.48,76.31,tp_gap_filled,29.8247,2251.17,1.1,24.75,1
LLY,2025-10-02,2025-10-03,2025-10-06,1-2%,-1.34,814.36,825.42,tp_gap_filled,2.765,2251.69,1.358,30.58,1
AMAT,2025-10-03,2025-10-06,2025-10-07,1-2%,-1.646,219.91,223.59,tp_gap_filled,10.2242,2248.4,1.673,37.62,1
PYPL,2025-10-03,2025-10-06,2025-10-07,1-2%,-1.204,68.1,68.93,tp_gap_filled,33.0105,2248.01,1.219,27.4,1
CAH,2025-10-02,2025-10-03,2025-10-08,1-2%,-1.013,156.33,157.93,tp_gap_filled,14.3875,2249.19,1.023,23.02,3
NVDA,2025-10-06,2025-10-07,2025-10-08,1-2%,-1.13,185.5,187.62,tp_gap_filled,12.0653,2238.11,1.143,25.58,1
SW,2025-10-06,2025-10-07,2025-10-08,2-3%,-2.358,40.99,41.98,tp_gap_filled,54.5987,2238.0,2.415,54.05,1
GILD,2025-08-21,2025-08-22,2025-10-09,2-3%,-2.72,115.5,118.73,tp_gap_filled,19.0199,2196.8,2.797,61.43,33
ARES,2025-09-25,2025-09-26,2025-10-09,2-3%,-2.063,164.76,146.6364,stop,13.4593,2217.56,-11.0,-243.93,9
BX,2025-09-25,2025-09-26,2025-10-09,1-2%,-1.73,175.0,161.0,stop,12.6739,2217.93,-8.0,-177.43,9
COST,2025-09-26,2025-09-30,2025-10-09,1-2%,-1.883,925.55,943.31,tp_gap_filled,2.4023,2223.4,1.919,42.66,7
COR,2025-10-02,2025-10-03,2025-10-09,1-2%,-1.126,308.26,311.77,tp_gap_filled,7.294,2248.45,1.139,25.6,4
JNJ,2025-10-07,2025-10-08,2025-10-09,2-3%,-2.333,183.77,188.16,tp_gap_filled,12.2285,2247.24,2.389,53.68,1
CTAS,2025-09-02,2025-09-05,2025-10-10,1-2%,-1.186,207.54,190.9368,stop,10.5482,2189.18,-8.0,-175.13,25
BXP,2025-09-22,2025-09-23,2025-10-10,1-2%,-1.06,75.63,69.5796,stop,29.3019,2216.11,-8.0,-177.29,13
COF,2025-09-22,2025-09-23,2025-10-10,1-2%,-1.016,226.0,207.92,stop,9.8076,2216.52,-8.0,-177.32,13
OXY,2025-09-30,2025-10-01,2025-10-10,1-2%,-1.372,47.44,43.6448,stop,47.0043,2229.88,-8.0,-178.39,7
KKR,2025-10-01,2025-10-03,2025-10-10,1-2%,-1.301,128.26,117.9992,stop,17.5573,2251.91,-8.0,-180.15,5
INTC,2025-10-08,2025-10-09,2025-10-10,1-2%,-1.668,36.55,37.17,tp_gap_filled,61.0905,2232.86,1.696,37.88,1
LRCX,2025-10-08,2025-10-09,2025-10-10,1-2%,-1.739,137.91,140.35,tp_gap_filled,16.1987,2233.96,1.769,39.52,1
PM,2025-10-03,2025-10-09,2025-10-10,1-2%,-1.336,155.8,157.91,tp_gap_filled,14.3451,2234.96,1.354,30.27,1
FAST,2025-09-05,2025-09-29,2025-10-13,2-3%,-2.327,49.1,43.699,stop,45.372,2227.77,-11.0,-245.05,10
NOW,2025-10-09,2025-10-10,2025-10-13,1-2%,-1.14,180.78,182.864,tp_gap_filled,12.0774,2183.34,1.153,25.17,1
SNDK,2025-10-09,2025-10-10,2025-10-13,3-5%,-3.7,127.0,131.88,tp_gap_filled,17.1575,2179.0,3.843,83.73,1
WDC,2025-10-09,2025-10-10,2025-10-13,1-2%,-1.155,119.78,121.18,tp_gap_filled,18.1628,2175.54,1.169,25.43,1
CDNS,2025-09-25,2025-09-29,2025-10-14,1-2%,-1.244,352.52,324.3184,stop,6.3213,2228.37,-8.0,-178.27,11
PAYX,2025-09-30,2025-10-01,2025-10-14,5-10%,-5.384,121.61,128.53,tp_gap_filled,18.3385,2230.15,5.69,126.9,9
SMCI,2025-10-09,2025-10-10,2025-10-14,1-2%,-1.789,57.63,53.0196,stop,37.8728,2182.61,-8.0,-174.61,2
ALB,2025-10-10,2025-10-13,2025-10-14,1-2%,-1.14,95.4,96.5,tp_gap_filled,23.1241,2206.04,1.153,25.44,1
TPL,2025-10-10,2025-10-13,2025-10-14,1-2%,-1.076,300.0,303.2633,tp_gap_filled,7.3589,2207.67,1.088,24.01,1
EIX,2025-10-02,2025-10-03,2025-10-15,2-3%,-2.168,55.06,56.28,tp_gap_filled,40.829,2248.04,2.216,49.81,8
NTAP,2025-09-25,2025-10-07,2025-10-15,1-2%,-1.12,121.87,123.25,tp_gap_filled,18.3765,2239.54,1.132,25.36,6
KLAC,2025-10-08,2025-10-09,2025-10-15,1-2%,-1.957,106.351,108.474,tp_gap_filled,21.0095,2234.39,1.996,44.6,4
AWK,2025-10-13,2025-10-14,2025-10-15,1-2%,-1.385,141.0,142.98,tp_gap_filled,15.765,2222.86,1.404,31.21,1
CCI,2025-10-13,2025-10-14,2025-10-15,1-2%,-1.414,96.2,97.58,tp_gap_filled,23.1085,2223.04,1.435,31.89,1
COR,2025-10-13,2025-10-14,2025-10-15,1-2%,-1.39,313.58,318.0,tp_gap_filled,7.0907,2223.5,1.41,31.34,1
KO,2025-10-13,2025-10-14,2025-10-15,1-2%,-1.208,66.23,67.04,tp_gap_filled,33.5843,2224.29,1.223,27.2,1
CRM,2025-09-04,2025-09-05,2025-10-16,5-10%,-6.391,240.06,256.45,tp_gap_filled,9.1112,2187.23,6.827,149.33,29
CPRT,2025-09-05,2025-09-08,2025-10-16,2-3%,-2.421,48.76,43.3964,stop,44.9007,2189.36,-11.0,-240.83,28
FITB,2025-09-30,2025-10-06,2025-10-16,1-2%,-1.035,44.93,41.3356,stop,50.0591,2249.15,-8.0,-179.93,8
MU,2025-10-09,2025-10-10,2025-10-16,1-2%,-1.816,192.97,196.54,tp_gap_filled,11.3278,2185.92,1.85,40.44,4
CHD,2025-10-13,2025-10-14,2025-10-16,1-2%,-1.186,86.66,87.7,tp_gap_filled,25.6582,2223.54,1.2,26.68,2
HSY,2025-10-13,2025-10-14,2025-10-16,1-2%,-1.785,188.7,192.13,tp_gap_filled,11.7865,2224.11,1.818,40.43,2
A,2025-10-14,2025-10-15,2025-10-16,1-2%,-1.418,136.27,138.23,tp_gap_filled,16.3317,2225.52,1.438,32.01,1
ADI,2025-10-14,2025-10-15,2025-10-16,1-2%,-1.5,231.15,234.67,tp_gap_filled,9.6302,2226.02,1.523,33.9,1
ADM,2025-10-14,2025-10-15,2025-10-16,1-2%,-1.444,60.75,61.64,tp_gap_filled,36.6645,2227.37,1.465,32.63,1
ADSK,2025-10-14,2025-10-15,2025-10-16,1-2%,-1.101,304.58,307.97,tp_gap_filled,7.3192,2229.29,1.113,24.81,1
AKAM,2025-10-14,2025-10-15,2025-10-16,1-2%,-1.396,72.77,73.8,tp_gap_filled,30.6358,2229.37,1.415,31.56,1
ALB,2025-10-14,2025-10-15,2025-10-16,3-5%,-3.83,92.65,96.34,tp_gap_filled,24.0682,2229.92,3.983,88.81,1
ZTS,2025-10-15,2025-10-16,2025-10-17,1-2%,-1.443,141.39,143.46,tp_gap_filled,15.6725,2215.94,1.464,32.44,1
BF-B,2025-09-08,2025-10-02,2025-10-20,1-2%,-1.211,28.56,28.91,tp_gap_filled,78.3723,2238.31,1.225,27.43,12
ADBE,2025-10-14,2025-10-15,2025-10-20,1-2%,-1.208,335.22,339.32,tp_gap_filled,6.6423,2226.63,1.223,27.23,3
MAA,2025-10-15,2025-10-16,2025-10-20,1-2%,-1.241,132.1,133.76,tp_gap_filled,16.7829,2217.02,1.257,27.86,2
BDX,2025-10-16,2025-10-17,2025-10-20,2-3%,-2.12,143.7186,146.8318,tp_gap_filled,15.5123,2229.4,2.166,48.29,1
EG,2025-10-16,2025-10-17,2025-10-20,1-2%,-1.595,342.99,348.55,tp_gap_filled,6.5036,2230.66,1.621,36.16,1
WAT,2025-10-16,2025-10-17,2025-10-20,1-2%,-1.357,327.9,332.41,tp_gap_filled,6.8047,2231.27,1.375,30.69,1
JCI,2025-07-29,2025-07-31,2025-10-21,3-5%,-4.448,106.56,111.52,tp_gap_filled,19.6595,2094.92,4.655,97.51,57
GEHC,2025-10-07,2025-10-08,2025-10-21,1-2%,-1.675,75.13,76.41,tp_gap_filled,29.9114,2247.24,1.704,38.29,9
FDX,2025-10-08,2025-10-09,2025-10-21,1-2%,-1.708,191.9339,195.2699,tp_gap_filled,11.6346,2233.08,1.738,38.81,8
APP,2025-10-09,2025-10-16,2025-10-21,2-3%,-2.185,615.94,548.1866,stop,3.6006,2217.76,-11.0,-243.95,3
CINF,2025-10-16,2025-10-17,2025-10-21,1-2%,-1.516,153.98,156.35,tp_gap_filled,14.4885,2230.94,1.539,34.34,2
ANET,2025-10-17,2025-10-20,2025-10-21,2-3%,-2.055,143.01,146.01,tp_gap_filled,15.7158,2247.51,2.098,47.15,1
AXON,2025-10-17,2025-10-20,2025-10-21,1-2%,-1.021,645.51,652.17,tp_gap_filled,3.4834,2248.56,1.032,23.2,1
CEG,2025-10-17,2025-10-20,2025-10-21,1-2%,-1.319,391.3,359.996,stop,5.7539,2251.51,-8.0,-180.12,1
OTIS,2025-07-23,2025-07-24,2025-10-22,10%+,-11.872,89.0,91.42,time_exit,24.2101,2154.7,2.719,58.59,63
INTU,2025-10-06,2025-10-07,2025-10-22,1-2%,-1.9,667.02,679.94,tp_gap_filled,3.3584,2240.15,1.937,43.39,11
EW,2025-10-08,2025-10-09,2025-10-22,2-3%,-2.894,74.5,76.72,tp_gap_filled,29.9687,2232.67,2.98,66.53,9
FANG,2025-10-10,2025-10-13,2025-10-22,1-2%,-1.761,141.67,144.21,tp_gap_filled,15.5782,2206.97,1.793,39.57,7
CME,2025-10-13,2025-10-14,2025-10-22,1-2%,-1.164,268.29,271.45,tp_gap_filled,8.2883,2223.68,1.178,26.19,6
MKC,2025-10-07,2025-10-17,2025-10-22,1-2%,-1.23,67.45,68.29,tp_gap_filled,33.0795,2231.21,1.245,27.79,3
HUM,2025-10-10,2025-10-21,2025-10-22,1-2%,-1.593,285.97,290.6,tp_gap_filled,7.8768,2252.54,1.619,36.47,1
MSCI,2025-10-20,2025-10-21,2025-10-22,1-2%,-1.061,528.68,534.35,tp_gap_filled,4.2631,2253.82,1.072,24.17,1
ROP,2025-10-15,2025-10-21,2025-10-22,1-2%,-1.172,507.8,513.82,tp_gap_filled,4.44,2254.62,1.186,26.73,1
AMP,2025-07-24,2025-07-25,2025-10-23,3-5%,-3.313,519.17,478.15,time_exit,4.1587,2159.07,-7.901,-170.59,63
CMG,2025-07-24,2025-07-25,2025-10-23,10%+,-12.467,46.2,41.8,time_exit,46.7345,2159.14,-9.524,-205.63,63
HON,2025-07-24,2025-07-25,2025-10-23,5-10%,-5.496,223.5131,218.1259,time_exit,9.6843,2164.56,-2.41,-52.17,63
NFLX,2025-07-18,2025-08-14,2025-10-23,2-3%,-2.528,124.196,110.5344,stop,17.2563,2143.17,-11.0,-235.75,49
ALB,2025-10-17,2025-10-20,2025-10-23,1-2%,-1.952,93.43,95.29,tp_gap_filled,24.0417,2246.21,1.991,44.72,3
BLDR,2025-10-21,2025-10-22,2025-10-23,2-3%,-2.009,120.0,122.46,tp_gap_filled,18.7184,2246.2,2.05,46.05,1
CB,2025-10-16,2025-10-22,2025-10-23,2-3%,-2.472,271.43,278.31,tp_gap_filled,8.2755,2246.21,2.535,56.94,1
CDW,2025-10-21,2025-10-22,2025-10-23,1-2%,-1.017,153.8,155.38,tp_gap_filled,14.6102,2247.05,1.027,23.08,1
FTNT,2025-10-21,2025-10-22,2025-10-23,1-2%,-1.709,83.41,84.86,tp_gap_filled,26.9506,2247.95,1.738,39.08,1
KLAC,2025-10-21,2025-10-22,2025-10-23,1-2%,-1.048,114.081,115.289,tp_gap_filled,19.7108,2248.63,1.059,23.81,1
FRT,2025-10-01,2025-10-03,2025-10-24,1-2%,-1.392,99.9,101.31,tp_gap_filled,22.5437,2252.12,1.411,31.79,15
AVGO,2025-10-17,2025-10-20,2025-10-24,1-2%,-1.282,349.61,354.15,tp_gap_filled,6.4318,2248.61,1.299,29.2,4
CMI,2025-10-17,2025-10-21,2025-10-24,1-2%,-1.01,418.4,422.67,tp_gap_filled,5.3833,2252.37,1.021,22.99,3
F,2025-10-07,2025-10-21,2025-10-24,1-2%,-1.575,12.5,12.7,tp_gap_filled,180.1858,2252.32,1.6,36.04,3
KEYS,2025-10-10,2025-10-21,2025-10-24,1-2%,-1.812,168.0,171.1,tp_gap_filled,13.4166,2253.99,1.845,41.59,3
AMZN,2025-10-22,2025-10-23,2025-10-24,1-2%,-1.23,219.3,222.03,tp_gap_filled,10.2907,2256.74,1.245,28.09,1
CME,2025-10-22,2025-10-23,2025-10-24,1-2%,-1.835,263.68,268.61,tp_gap_filled,8.56,2257.11,1.87,42.2,1
ECHO,2025-10-22,2025-10-23,2025-10-24,1-2%,-1.03,73.01,73.77,tp_gap_filled,30.9273,2258.0,1.041,23.5,1
GPN,2025-10-22,2025-10-23,2025-10-24,1-2%,-1.323,86.5,87.66,tp_gap_filled,26.1042,2258.02,1.341,30.28,1
LVS,2025-10-03,2025-10-23,2025-10-24,1-2%,-1.054,54.47,55.05,tp_gap_filled,41.4637,2258.53,1.065,24.05,1
MPWR,2025-10-22,2025-10-23,2025-10-24,1-2%,-1.47,1013.55,1028.67,tp_gap_filled,2.2302,2260.45,1.492,33.72,1
MRVL,2025-10-22,2025-10-23,2025-10-24,3-5%,-3.596,81.23,84.26,tp_gap_filled,27.8592,2263.0,3.73,84.41,1
RVTY,2025-07-28,2025-07-29,2025-10-27,5-10%,-9.395,93.93,97.16,time_exit,22.8717,2148.33,3.439,73.88,63
EMR,2025-10-06,2025-10-07,2025-10-27,1-2%,-1.158,133.2,134.76,tp_gap_filled,16.8222,2240.72,1.171,26.24,14
ACN,2025-10-23,2025-10-24,2025-10-27,1-2%,-1.236,246.06,249.14,tp_gap_filled,9.1886,2260.96,1.252,28.3,1
ADSK,2025-10-23,2025-10-24,2025-10-27,1-2%,-1.347,304.0,308.15,tp_gap_filled,7.4383,2261.25,1.365,30.87,1
COIN,2025-10-22,2025-10-24,2025-10-27,1-2%,-1.4,333.88,338.62,tp_gap_filled,6.7655,2258.87,1.42,32.07,1
CVNA,2025-10-22,2025-10-24,2025-10-27,1-2%,-1.801,69.892,71.174,tp_gap_filled,32.3593,2261.65,1.834,41.48,1
HAS,2025-10-23,2025-10-24,2025-10-27,5-10%,-5.535,71.0,75.16,tp_gap_filled,31.851,2261.42,5.859,132.5,1
HUM,2025-10-23,2025-10-24,2025-10-27,1-2%,-1.508,283.38,287.72,tp_gap_filled,7.993,2265.05,1.532,34.69,1
IBM,2025-10-23,2025-10-24,2025-10-27,5-10%,-7.847,264.95,287.51,tp_gap_filled,8.5534,2266.21,8.515,192.96,1
ACGL,2025-10-13,2025-10-14,2025-10-28,1-2%,-1.73,90.87,83.6004,stop,24.4547,2222.2,-8.0,-177.78,10
CMCSA,2025-10-01,2025-10-03,2025-10-29,1-2%,-1.209,29.0909,26.7636,stop,77.2975,2248.66,-8.0,-179.89,18
NXPI,2025-10-09,2025-10-21,2025-10-29,1-2%,-1.033,223.31,205.4452,stop,10.0972,2254.81,-8.0,-180.38,6
CAT,2025-10-21,2025-10-22,2025-10-29,1-2%,-1.15,525.07,531.18,tp_gap_filled,4.2797,2247.17,1.164,26.15,5
CNC,2025-10-21,2025-10-22,2025-10-29,3-5%,-3.145,34.49,35.61,tp_gap_filled,65.1726,2247.8,3.247,72.99,5
EQT,2025-10-21,2025-10-22,2025-10-29,1-2%,-1.045,55.86,51.3912,stop,40.2768,2249.86,-8.0,-179.99,5
NTRS,2025-10-22,2025-10-23,2025-10-29,3-5%,-3.128,124.5,128.52,tp_gap_filled,18.1836,2263.86,3.229,73.1,4
GNRC,2025-10-21,2025-10-24,2025-10-29,1-2%,-1.037,193.74,178.2408,stop,11.6746,2261.84,-8.0,-180.95,3
SMCI,2025-10-23,2025-10-28,2025-10-29,1-2%,-1.467,51.73,52.5,tp_gap_filled,43.5138,2250.97,1.488,33.51,1
BMY,2025-10-03,2025-10-06,2025-10-30,1-2%,-1.159,45.2,45.73,tp_gap_filled,49.7614,2249.21,1.173,26.37,18
AWK,2025-10-27,2025-10-28,2025-10-30,1-2%,-1.808,139.03,127.9076,stop,16.1986,2252.09,-8.0,-180.17,2
GLW,2025-10-28,2025-10-29,2025-10-30,5-10%,-5.662,84.31,89.37,tp_gap_filled,26.3898,2224.92,6.002,133.53,1
HUBB,2025-10-28,2025-10-29,2025-10-30,1-2%,-1.954,425.5,433.98,tp_gap_filled,5.2364,2228.08,1.993,44.4,1
INCY,2025-10-28,2025-10-29,2025-10-30,1-2%,-1.01,92.14,93.08,tp_gap_filled,24.2349,2233.01,1.02,22.78,1
IQV,2025-10-28,2025-10-29,2025-10-30,3-5%,-3.311,210.23,217.43,tp_gap_filled,10.6172,2232.06,3.425,76.44,1
ALGN,2025-07-31,2025-08-04,2025-10-31,10%+,-30.0,142.5,137.88,time_exit,14.6939,2093.89,-3.242,-67.89,63
CL,2025-09-18,2025-09-19,2025-10-31,1-2%,-1.107,81.31,74.8052,stop,27.1783,2209.87,-8.0,-176.79,30
HST,2025-09-30,2025-10-01,2025-10-31,1-2%,-1.664,17.14,15.7688,stop,129.931,2227.02,-8.0,-178.16,22
CARR,2025-10-29,2025-10-30,2025-10-31,1-2%,-1.6,57.8,58.74,tp_gap_filled,38.3088,2214.25,1.626,36.01,1
COF,2025-10-29,2025-10-30,2025-10-31,1-2%,-1.127,218.5,220.99,tp_gap_filled,10.1386,2215.29,1.14,25.25,1
CRWD,2025-10-29,2025-10-30,2025-10-31,1-2%,-1.086,135.25,136.735,tp_gap_filled,16.3791,2215.27,1.098,24.32,1
KVUE,2025-10-28,2025-10-29,2025-11-03,1-2%,-1.194,14.9,15.08,tp_gap_filled,149.9109,2233.67,1.208,26.98,3
ARES,2025-10-29,2025-10-30,2025-11-03,1-2%,-1.179,149.15,150.93,tp_gap_filled,14.8707,2217.97,1.193,26.47,2
AMZN,2025-10-30,2025-10-31,2025-11-03,1-2%,-1.407,227.06,230.3,tp_gap_filled,9.7585,2215.75,1.427,31.62,1
APP,2025-10-30,2025-10-31,2025-11-03,1-2%,-1.307,622.95,631.2,tp_gap_filled,3.5622,2219.1,1.324,29.39,1
BIIB,2025-10-30,2025-10-31,2025-11-03,5-10%,-5.248,140.1,147.86,tp_gap_filled,15.8461,2220.04,5.539,122.97,1
HSIC,2025-09-25,2025-10-03,2025-11-04,1-2%,-1.077,67.02,67.75,tp_gap_filled,33.6004,2251.9,1.089,24.53,22
AIG,2025-10-16,2025-10-21,2025-11-04,3-5%,-3.63,78.31,81.26,tp_gap_filled,28.7617,2252.33,3.767,84.85,10
AIZ,2025-10-16,2025-10-24,2025-11-04,1-2%,-1.047,212.6,214.85,tp_gap_filled,10.6424,2262.57,1.058,23.95,7
BKR,2025-09-30,2025-10-24,2025-11-04,1-2%,-1.227,49.93,45.9356,stop,45.2884,2261.25,-8.0,-180.9,7
TRV,2025-10-15,2025-10-28,2025-11-04,1-2%,-1.386,271.82,275.64,tp_gap_filled,8.2831,2251.51,1.405,31.64,5
AMGN,2025-10-31,2025-11-03,2025-11-04,1-2%,-1.212,288.46,292.0,tp_gap_filled,7.667,2211.62,1.227,27.14,1
AMT,2025-10-31,2025-11-03,2025-11-04,1-2%,-1.293,177.13,179.45,tp_gap_filled,12.4926,2212.82,1.31,28.98,1
CASY,2025-10-31,2025-11-03,2025-11-04,1-2%,-1.126,512.7,518.54,tp_gap_filled,4.3154,2212.51,1.139,25.2,1
HIG,2025-10-16,2025-10-17,2025-11-05,2-3%,-2.767,125.1,128.66,tp_gap_filled,17.8374,2231.46,2.846,63.5,13
BNY,2025-10-16,2025-10-20,2025-11-05,1-2%,-1.129,107.7,108.93,tp_gap_filled,20.9023,2251.18,1.142,25.71,12
CFG,2025-10-29,2025-10-30,2025-11-05,2-3%,-2.007,50.3,51.33,tp_gap_filled,44.0369,2215.05,2.048,45.36,4
AZO,2025-10-30,2025-10-31,2025-11-05,1-2%,-1.039,3670.6001,3709.1201,tp_gap_filled,0.6048,2219.99,1.049,23.3,3
AES,2025-10-31,2025-11-03,2025-11-05,1-2%,-1.783,13.77,14.02,tp_gap_filled,160.6465,2212.1,1.816,40.16,2
APO,2025-10-01,2025-11-04,2025-11-05,1-2%,-1.403,131.4,133.27,tp_gap_filled,16.757,2201.87,1.423,31.34,1
CHRW,2025-11-03,2025-11-04,2025-11-05,1-2%,-1.156,152.21,153.99,tp_gap_filled,14.464,2201.57,1.169,25.75,1
CPT,2025-11-03,2025-11-04,2025-11-05,1-2%,-1.176,98.31,99.48,tp_gap_filled,22.4018,2202.32,1.19,26.21,1
DD,2025-11-03,2025-11-04,2025-11-05,1-2%,-1.385,101.07,102.4895,tp_gap_filled,21.8037,2203.7,1.405,30.95,1
ESS,2025-11-03,2025-11-04,2025-11-05,1-2%,-1.386,248.28,251.77,tp_gap_filled,8.898,2209.21,1.406,31.05,1
FRT,2025-11-03,2025-11-04,2025-11-05,2-3%,-2.1,94.17,96.19,tp_gap_filled,23.4754,2210.68,2.145,47.42,1
BAX,2025-07-31,2025-08-08,2025-11-06,10%+,-15.294,23.76,17.98,time_exit,88.0728,2092.61,-24.327,-509.06,63
CF,2025-10-10,2025-10-13,2025-11-06,1-2%,-1.557,87.23,80.2516,stop,25.2949,2206.47,-8.0,-176.52,18
AMD,2025-10-30,2025-10-31,2025-11-06,1-2%,-1.668,259.92,239.1264,stop,8.5272,2216.4,-8.0,-177.31,4
AOS,2025-10-31,2025-11-03,2025-11-06,1-2%,-1.124,65.95,66.7,tp_gap_filled,33.5512,2212.7,1.137,25.16,3
AMAT,2025-11-04,2025-11-05,2025-11-06,2-3%,-2.646,231.42,237.71,tp_gap_filled,9.6004,2221.71,2.718,60.39,1
APA,2025-11-04,2025-11-05,2025-11-06,2-3%,-2.001,22.04,22.49,tp_gap_filled,100.8847,2223.5,2.042,45.4,1
AVGO,2025-11-04,2025-11-05,2025-11-06,1-2%,-1.112,358.52,362.55,tp_gap_filled,6.2018,2223.46,1.124,24.99,1
BAC,2025-11-04,2025-11-05,2025-11-06,1-2%,-1.008,53.02,53.56,tp_gap_filled,41.9374,2223.52,1.018,22.65,1
BG,2025-11-04,2025-11-05,2025-11-06,1-2%,-1.276,92.82,94.02,tp_gap_filled,23.9537,2223.38,1.293,28.74,1
BMY,2025-11-04,2025-11-05,2025-11-06,1-2%,-1.152,45.49,46.02,tp_gap_filled,48.9052,2224.7,1.165,25.92,1
BX,2025-11-04,2025-11-05,2025-11-06,1-2%,-1.253,142.61,144.42,tp_gap_filled,15.6066,2225.65,1.269,28.25,1
TTD,2025-08-08,2025-08-11,2025-11-07,10%+,-35.877,56.64,43.0,time_exit,36.8201,2085.49,-24.082,-502.23,63
ABNB,2025-09-02,2025-10-20,2025-11-07,1-2%,-1.616,128.42,118.1464,stop,17.4944,2246.64,-8.0,-179.73,14
MCHP,2025-10-22,2025-10-23,2025-11-07,3-5%,-3.421,65.21,55.4285,stop,34.6655,2260.53,-15.0,-339.08,11
A,2025-11-05,2025-11-06,2025-11-07,2-3%,-2.006,143.15,146.08,tp_gap_filled,15.3594,2198.7,2.047,45.0,1
ARES,2025-11-05,2025-11-06,2025-11-07,1-2%,-1.294,151.03,153.01,tp_gap_filled,14.5668,2200.03,1.311,28.84,1
EXPD,2025-11-05,2025-11-06,2025-11-07,1-2%,-1.149,134.17,135.73,tp_gap_filled,16.3827,2198.07,1.163,25.56,1
MGM,2025-10-28,2025-11-06,2025-11-07,1-2%,-1.246,32.5,32.91,tp_gap_filled,67.5866,2196.57,1.262,27.71,1
MTD,2025-11-05,2025-11-06,2025-11-07,2-3%,-2.138,1389.99,1420.35,tp_gap_filled,1.5795,2195.51,2.184,47.95,1
PODD,2025-11-05,2025-11-06,2025-11-07,1-2%,-1.574,315.23,320.27,tp_gap_filled,6.9698,2197.08,1.599,35.13,1
IR,2025-08-01,2025-08-12,2025-11-10,5-10%,-6.416,79.2,77.25,time_exit,26.8151,2123.75,-2.462,-52.29,63
HPQ,2025-09-10,2025-09-11,2025-11-10,2-3%,-2.135,28.42,25.2938,stop,77.621,2205.99,-11.0,-242.66,42
ELV,2025-10-21,2025-10-22,2025-11-10,2-3%,-2.646,344.7,306.783,stop,6.5268,2249.8,-11.0,-247.48,13
BLDR,2025-10-28,2025-10-30,2025-11-10,2-3%,-2.37,120.27,107.0403,stop,18.437,2217.41,-11.0,-243.92,7
CMS,2025-11-03,2025-11-04,2025-11-10,2-3%,-2.053,72.04,73.55,tp_gap_filled,30.5632,2201.77,2.096,46.15,4
APH,2025-11-04,2025-11-05,2025-11-10,3-5%,-3.476,68.315,70.775,tp_gap_filled,32.5365,2222.73,3.601,80.04,3
BKR,2025-11-04,2025-11-06,2025-11-10,1-2%,-1.933,47.7,48.64,tp_gap_filled,46.1236,2200.1,1.971,43.36,2
CRWD,2025-11-04,2025-11-06,2025-11-10,2-3%,-2.198,134.9475,137.98,tp_gap_filled,16.2982,2199.4,2.247,49.42,2
BDX,2025-11-06,2025-11-07,2025-11-10,5-10%,-6.741,129.3239,138.6714,tp_gap_filled,17.105,2212.09,7.228,159.89,1
BF-B,2025-11-06,2025-11-07,2025-11-10,1-2%,-1.071,26.78,27.07,tp_gap_filled,82.7362,2215.68,1.083,23.99,1
DAL,2025-11-06,2025-11-07,2025-11-10,1-2%,-1.093,57.9,58.54,tp_gap_filled,38.2594,2215.22,1.105,24.49,1
DTE,2025-10-31,2025-11-07,2025-11-10,1-2%,-1.065,136.59,138.06,tp_gap_filled,16.2235,2215.97,1.076,23.85,1
ES,2025-11-06,2025-11-07,2025-11-10,1-2%,-1.577,71.76,72.91,tp_gap_filled,30.881,2216.02,1.603,35.51,1
EVRG,2025-11-06,2025-11-07,2025-11-10,1-2%,-1.602,75.54,76.77,tp_gap_filled,29.3462,2216.81,1.628,36.1,1
FDS,2025-11-06,2025-11-07,2025-11-10,1-2%,-1.141,258.16,261.14,tp_gap_filled,8.5871,2216.84,1.154,25.59,1
ODFL,2025-07-30,2025-08-13,2025-11-11,5-10%,-5.934,152.5,139.51,time_exit,14.1346,2155.52,-8.518,-183.61,63
DHR,2025-11-03,2025-11-04,2025-11-11,1-2%,-1.114,212.98,215.38,tp_gap_filled,10.372,2209.03,1.127,24.89,5
CPAY,2025-10-29,2025-11-06,2025-11-11,1-2%,-1.957,280.0,285.59,tp_gap_filled,7.8561,2199.72,1.996,43.92,3
AES,2025-11-07,2025-11-10,2025-11-11,1-2%,-1.339,14.0,14.19,tp_gap_filled,158.6124,2220.57,1.357,30.14,1
ALGN,2025-11-07,2025-11-10,2025-11-11,1-2%,-1.002,132.39,133.73,tp_gap_filled,16.7774,2221.16,1.012,22.48,1
APP,2025-11-07,2025-11-10,2025-11-11,1-2%,-1.184,614.0,621.36,tp_gap_filled,3.6207,2223.12,1.199,26.65,1
ARES,2025-11-07,2025-11-10,2025-11-11,1-2%,-1.19,149.46,151.26,tp_gap_filled,14.8924,2225.82,1.204,26.81,1
CARR,2025-11-07,2025-11-10,2025-11-11,1-2%,-1.061,55.97,56.57,tp_gap_filled,39.7888,2226.98,1.072,23.87,1
CAT,2025-11-07,2025-11-10,2025-11-11,1-2%,-1.093,563.55,569.78,tp_gap_filled,3.9536,2228.06,1.105,24.63,1
CIEN,2025-11-07,2025-11-10,2025-11-11,3-5%,-4.199,193.0,201.46,tp_gap_filled,11.5464,2228.46,4.383,97.68,1
COHR,2025-11-07,2025-11-10,2025-11-11,5-10%,-8.035,146.5,159.3,tp_gap_filled,15.2362,2232.1,8.737,195.02,1
COIN,2025-11-07,2025-11-10,2025-11-11,1-2%,-1.7,290.2,295.22,tp_gap_filled,7.7128,2238.26,1.73,38.72,1
CVNA,2025-11-07,2025-11-10,2025-11-11,1-2%,-1.554,57.126,58.028,tp_gap_filled,39.256,2242.54,1.579,35.41,1
DDOG,2025-11-07,2025-11-10,2025-11-11,3-5%,-3.422,184.29,190.82,tp_gap_filled,12.1998,2248.29,3.543,79.66,1
DE,2025-11-07,2025-11-10,2025-11-11,2-3%,-2.411,463.92,475.38,tp_gap_filled,4.8544,2252.06,2.47,55.63,1
DVN,2025-10-10,2025-11-10,2025-11-11,1-2%,-1.31,33.9,34.35,tp_gap_filled,66.4624,2253.07,1.327,29.91,1
KR,2025-08-13,2025-08-14,2025-11-12,3-5%,-4.011,70.6,65.4,time_exit,30.3604,2143.44,-7.365,-157.87,63
HBAN,2025-10-27,2025-10-28,2025-11-12,3-5%,-3.423,15.52,16.07,tp_gap_filled,145.0206,2250.72,3.544,79.76,11
ALB,2025-10-27,2025-11-10,2025-11-12,1-2%,-1.77,103.77,105.64,tp_gap_filled,21.4054,2221.24,1.802,40.03,2
CF,2025-11-06,2025-11-10,2025-11-12,2-3%,-2.21,83.17,85.05,tp_gap_filled,26.7962,2228.64,2.26,50.38,2
ALL,2025-10-15,2025-11-11,2025-11-12,1-2%,-1.647,206.07,209.52,tp_gap_filled,10.8778,2241.6,1.674,37.53,1
CAH,2025-11-10,2025-11-11,2025-11-12,1-2%,-1.36,200.9,203.67,tp_gap_filled,11.1599,2242.03,1.379,30.91,1
CI,2025-11-10,2025-11-11,2025-11-12,1-2%,-1.315,261.1,264.58,tp_gap_filled,8.5902,2242.9,1.333,29.89,1
COR,2025-11-10,2025-11-11,2025-11-12,1-2%,-1.076,356.82,360.7,tp_gap_filled,6.2891,2244.09,1.087,24.4,1
CVS,2025-11-10,2025-11-11,2025-11-12,1-2%,-1.19,78.05,78.99,tp_gap_filled,28.7652,2245.13,1.204,27.04,1
ELV,2025-11-10,2025-11-11,2025-11-12,2-3%,-2.593,309.54,317.78,tp_gap_filled,7.2593,2247.04,2.662,59.82,1
EW,2025-11-10,2025-11-11,2025-11-12,1-2%,-1.007,82.55,83.39,tp_gap_filled,27.2304,2247.87,1.018,22.87,1
HCA,2025-11-10,2025-11-11,2025-11-12,3-5%,-4.53,455.02,476.61,tp_gap_filled,4.942,2248.71,4.745,106.7,1
HSY,2025-10-30,2025-11-11,2025-11-12,1-2%,-1.797,172.13,175.28,tp_gap_filled,13.0682,2249.43,1.83,41.16,1
LIN,2025-10-31,2025-11-11,2025-11-12,1-2%,-1.142,425.0,429.91,tp_gap_filled,5.2945,2250.15,1.155,26.0,1
MCK,2025-11-10,2025-11-11,2025-11-12,1-2%,-1.066,842.91,851.99,tp_gap_filled,2.6697,2250.32,1.077,24.24,1
AMD,2025-11-06,2025-11-12,2025-11-13,1-2%,-1.116,253.47,256.33,tp_gap_filled,8.9069,2257.63,1.128,25.47,1
COHR,2025-11-11,2025-11-12,2025-11-13,2-3%,-2.633,162.33,144.4737,stop,13.9215,2259.87,-11.0,-248.59,1
FIX,2025-11-11,2025-11-12,2025-11-13,1-2%,-1.669,957.88,974.14,tp_gap_filled,2.3571,2257.84,1.697,38.33,1
GLW,2025-11-11,2025-11-12,2025-11-13,1-2%,-1.073,87.61,88.56,tp_gap_filled,25.7769,2258.32,1.084,24.49,1
NRG,2025-11-11,2025-11-12,2025-11-13,1-2%,-1.35,164.47,166.72,tp_gap_filled,13.7229,2257.01,1.368,30.88,1
FSLR,2025-11-11,2025-11-12,2025-11-14,1-2%,-1.346,268.97,247.4524,stop,8.3971,2258.56,-8.0,-180.68,2
MRVL,2025-11-11,2025-11-12,2025-11-14,1-2%,-1.287,92.03,84.6676,stop,24.5459,2258.96,-8.0,-180.72,2
MU,2025-11-11,2025-11-12,2025-11-14,1-2%,-1.958,248.34,253.3,tp_gap_filled,9.0909,2257.64,1.997,45.09,2
AMZN,2025-11-04,2025-11-05,2025-11-17,1-2%,-1.425,250.38,230.3496,stop,8.8806,2223.53,-8.0,-177.88,8
CNC,2025-11-10,2025-11-12,2025-11-17,5-10%,-5.431,35.52,37.56,tp_gap_filled,63.5983,2259.01,5.743,129.74,3
COO,2025-11-13,2025-11-14,2025-11-17,1-2%,-1.462,71.43,72.49,tp_gap_filled,31.0306,2216.51,1.484,32.89,1
BRO,2025-07-29,2025-08-20,2025-11-18,5-10%,-5.167,97.28,79.93,time_exit,22.141,2153.88,-17.835,-384.15,63
ON,2025-10-22,2025-10-27,2025-11-18,3-5%,-3.431,53.19,45.2115,stop,42.7365,2273.15,-15.0,-340.97,16
ADM,2025-11-04,2025-11-05,2025-11-18,5-10%,-6.557,56.15,60.09,tp_gap_filled,39.5655,2221.6,7.017,155.89,9
BBY,2025-11-04,2025-11-05,2025-11-18,1-2%,-1.533,80.27,73.8484,stop,27.6945,2223.04,-8.0,-177.84,9
KLAC,2025-11-11,2025-11-12,2025-11-18,1-2%,-1.219,120.31,110.6852,stop,18.7768,2259.04,-8.0,-180.72,4
AES,2025-11-14,2025-11-17,2025-11-18,1-2%,-1.39,13.48,13.67,tp_gap_filled,162.3044,2187.86,1.409,30.84,1
AKAM,2025-11-14,2025-11-17,2025-11-18,1-2%,-1.41,87.42,88.67,tp_gap_filled,25.0434,2189.29,1.43,31.3,1
ALB,2025-11-14,2025-11-17,2025-11-18,3-5%,-4.949,108.9,114.57,tp_gap_filled,20.1046,2189.39,5.207,113.99,1
WM,2025-10-28,2025-10-29,2025-11-19,5-10%,-6.919,198.98,213.77,tp_gap_filled,11.2167,2231.9,7.433,165.9,15
DVA,2025-10-30,2025-11-12,2025-11-19,1-2%,-1.335,124.87,114.8804,stop,18.0852,2258.3,-8.0,-180.66,5
LITE,2025-11-11,2025-11-12,2025-11-19,3-5%,-3.032,252.01,259.89,tp_gap_filled,8.9625,2258.64,3.127,70.62,5
AMD,2025-11-13,2025-11-14,2025-11-19,2-3%,-2.7,251.9,224.191,stop,8.8027,2217.41,-11.0,-243.92,3
EIX,2025-11-17,2025-11-18,2025-11-19,1-2%,-1.107,58.06,58.71,tp_gap_filled,37.692,2188.4,1.12,24.5,1
CIEN,2025-11-11,2025-11-12,2025-11-20,2-3%,-2.017,204.53,182.0317,stop,11.0395,2257.91,-11.0,-248.37,6
AAPL,2025-11-17,2025-11-18,2025-11-20,1-2%,-1.318,268.82,272.41,tp_gap_filled,8.141,2188.45,1.335,29.23,2
ALB,2025-11-18,2025-11-19,2025-11-20,1-2%,-1.13,116.37,117.7,tp_gap_filled,18.7459,2181.46,1.143,24.93,1
AMAT,2025-11-11,2025-11-19,2025-11-20,1-2%,-1.068,232.57,235.08,tp_gap_filled,9.3948,2184.95,1.079,23.58,1
APO,2025-11-18,2025-11-19,2025-11-20,1-2%,-1.054,123.03,124.34,tp_gap_filled,17.7634,2185.43,1.065,23.27,1
APP,2025-11-18,2025-11-19,2025-11-20,1-2%,-1.097,533.355,539.27,tp_gap_filled,4.1003,2186.91,1.109,24.25,1
AXP,2025-11-18,2025-11-19,2025-11-20,1-2%,-1.289,336.85,341.25,tp_gap_filled,6.4914,2186.64,1.306,28.56,1
CAT,2025-11-18,2025-11-19,2025-11-20,1-2%,-1.576,543.35,552.05,tp_gap_filled,4.0262,2187.65,1.601,35.03,1
CVNA,2025-11-18,2025-11-19,2025-11-20,1-2%,-1.083,63.924,64.624,tp_gap_filled,34.2349,2188.43,1.095,23.96,1
DDOG,2025-11-18,2025-11-19,2025-11-20,1-2%,-1.564,177.44,163.2448,stop,12.3412,2189.82,-8.0,-175.19,1
EME,2025-11-18,2025-11-19,2025-11-20,1-2%,-1.438,602.61,611.4,tp_gap_filled,3.6334,2189.54,1.459,31.94,1
RVTY,2025-10-27,2025-10-28,2025-11-21,3-5%,-4.075,94.86,98.89,tp_gap_filled,23.7214,2250.21,4.248,95.6,18
BR,2025-10-29,2025-11-12,2025-11-21,1-2%,-1.162,227.13,229.8,tp_gap_filled,9.9441,2258.6,1.176,26.55,7
CMG,2025-11-06,2025-11-13,2025-11-21,1-2%,-1.282,31.56,31.97,tp_gap_filled,70.4472,2223.31,1.299,28.88,6
EQT,2025-11-12,2025-11-13,2025-11-21,1-2%,-1.087,60.03,55.2276,stop,37.0247,2222.59,-8.0,-177.81,6
KHC,2025-10-29,2025-11-13,2025-11-21,1-2%,-1.998,25.01,25.52,tp_gap_filled,88.8747,2222.76,2.039,45.33,6
ORLY,2025-10-23,2025-11-13,2025-11-21,1-2%,-1.69,99.5,101.21,tp_gap_filled,22.3384,2222.67,1.719,38.2,6
ALGN,2025-11-14,2025-11-20,2025-11-21,1-2%,-1.729,137.01,139.42,tp_gap_filled,15.7839,2162.55,1.759,38.04,1
BKR,2025-11-19,2025-11-20,2025-11-21,1-2%,-1.665,47.26,48.06,tp_gap_filled,45.708,2160.16,1.693,36.57,1
COHR,2025-11-13,2025-11-20,2025-11-21,2-3%,-2.84,152.22,135.4758,stop,14.1959,2160.9,-11.0,-237.7,1
DVN,2025-11-19,2025-11-20,2025-11-21,2-3%,-2.425,35.0,35.87,tp_gap_filled,61.6052,2156.18,2.486,53.6,1
EL,2025-11-14,2025-11-20,2025-11-21,1-2%,-1.234,88.81,89.92,tp_gap_filled,24.2808,2156.38,1.25,26.95,1
IQV,2025-11-19,2025-11-20,2025-11-21,1-2%,-1.068,214.96,217.28,tp_gap_filled,10.0212,2154.16,1.079,23.25,1
A,2025-11-13,2025-11-21,2025-11-24,1-2%,-1.373,149.44,151.52,tp_gap_filled,14.6854,2194.58,1.392,30.55,1
IFF,2025-11-14,2025-11-21,2025-11-24,1-2%,-1.038,66.73,67.43,tp_gap_filled,32.8892,2194.69,1.049,23.02,1
MGM,2025-11-14,2025-11-21,2025-11-24,1-2%,-1.341,32.38,32.82,tp_gap_filled,67.7939,2195.17,1.359,29.83,1
SWK,2025-11-14,2025-11-21,2025-11-24,1-2%,-1.113,66.65,67.4,tp_gap_filled,32.9356,2195.16,1.125,24.7,1
TXN,2025-11-14,2025-11-21,2025-11-24,1-2%,-1.066,160.5,162.23,tp_gap_filled,13.6736,2194.62,1.078,23.66,1
WST,2025-11-13,2025-11-21,2025-11-24,1-2%,-1.567,269.56,273.85,tp_gap_filled,8.1411,2194.52,1.591,34.93,1
ADI,2025-10-22,2025-10-23,2025-11-25,2-3%,-2.366,240.54,246.37,tp_gap_filled,9.3798,2256.23,2.424,54.68,23
GL,2025-10-23,2025-10-24,2025-11-25,1-2%,-1.386,133.75,135.63,tp_gap_filled,16.9113,2261.88,1.406,31.79,22
CRH,2025-11-06,2025-11-07,2025-11-25,2-3%,-2.127,113.21,115.67,tp_gap_filled,19.5681,2215.3,2.173,48.14,12
IVZ,2025-11-14,2025-11-20,2025-11-25,1-2%,-1.835,23.54,23.98,tp_gap_filled,91.5287,2154.59,1.869,40.27,3
PNR,2025-11-14,2025-11-21,2025-11-25,1-2%,-1.293,105.37,106.75,tp_gap_filled,20.8351,2195.4,1.31,28.75,2
STX,2025-11-21,2025-11-24,2025-11-25,1-2%,-1.289,237.4,240.5,tp_gap_filled,9.2243,2189.86,1.306,28.6,1
LEN,2025-09-19,2025-09-24,2025-11-26,3-5%,-4.794,126.5,132.87,tp_gap_filled,17.4566,2208.26,5.036,111.2,45
CVS,2025-11-13,2025-11-14,2025-11-26,1-2%,-1.283,79.23,80.26,tp_gap_filled,27.9812,2216.95,1.3,28.82,8
APA,2025-11-19,2025-11-20,2025-11-26,3-5%,-3.812,23.97,24.92,tp_gap_filled,90.1636,2161.22,3.963,85.66,4
FANG,2025-11-19,2025-11-20,2025-11-26,2-3%,-2.594,145.7,149.58,tp_gap_filled,14.7894,2154.82,2.663,57.38,4
ALB,2025-11-20,2025-11-25,2025-11-26,3-5%,-3.66,121.08,125.68,tp_gap_filled,18.3394,2220.54,3.799,84.36,1
ARES,2025-11-13,2025-11-25,2025-11-26,1-2%,-1.366,151.59,153.69,tp_gap_filled,14.6605,2222.38,1.385,30.79,1
COF,2025-11-14,2025-11-25,2025-11-26,1-2%,-1.31,213.96,216.8,tp_gap_filled,10.3869,2222.38,1.327,29.5,1
CRL,2025-11-04,2025-11-25,2025-11-26,1-2%,-1.577,176.04,178.86,tp_gap_filled,12.6248,2222.48,1.602,35.6,1
FDS,2025-11-24,2025-11-25,2025-11-26,1-2%,-1.206,273.68,277.02,tp_gap_filled,8.1226,2222.98,1.22,27.13,1
HII,2025-11-24,2025-11-25,2025-11-26,1-2%,-1.084,302.18,305.49,tp_gap_filled,7.3586,2223.63,1.095,24.36,1
KIM,2025-11-24,2025-11-25,2025-11-26,1-2%,-1.031,20.15,20.36,tp_gap_filled,110.4117,2224.8,1.042,23.19,1
DLTR,2025-09-03,2025-09-04,2025-11-28,5-10%,-9.475,100.8,111.35,tp_gap_filled,21.6377,2181.08,10.466,228.28,60
CTVA,2025-10-01,2025-11-13,2025-11-28,1-2%,-1.079,66.9,67.63,tp_gap_filled,33.2296,2223.06,1.091,24.26,10
UPS,2025-11-17,2025-11-21,2025-11-28,1-2%,-1.834,94.22,95.98,tp_gap_filled,23.2893,2194.31,1.868,40.99,4
AMZN,2025-11-18,2025-11-25,2025-11-28,2-3%,-2.048,228.1,232.87,tp_gap_filled,9.7417,2222.07,2.091,46.47,2
FOXA,2025-11-24,2025-11-25,2025-11-28,1-2%,-1.081,64.98,65.69,tp_gap_filled,34.2229,2223.81,1.093,24.3,2
A,2025-11-25,2025-11-26,2025-11-28,1-2%,-1.836,150.78,153.6,tp_gap_filled,14.8443,2238.22,1.87,41.86,1
ADI,2025-11-25,2025-11-26,2025-11-28,3-5%,-3.676,230.6,239.4,tp_gap_filled,9.7107,2239.29,3.816,85.45,1
ADM,2025-11-19,2025-11-26,2025-11-28,1-2%,-1.196,60.3,61.03,tp_gap_filled,37.2238,2244.6,1.211,27.17,1
AMD,2025-11-25,2025-11-26,2025-11-28,5-10%,-6.31,201.48,215.05,tp_gap_filled,11.1377,2244.03,6.735,151.14,1
CIEN,2025-11-25,2025-11-26,2025-11-28,1-2%,-1.638,191.51,194.7,tp_gap_filled,11.7315,2246.7,1.666,37.42,1
COHR,2025-11-25,2025-11-26,2025-11-28,3-5%,-3.695,146.2,151.81,tp_gap_filled,15.3814,2248.76,3.837,86.29,1
EL,2025-11-25,2025-11-26,2025-11-28,1-2%,-1.788,91.72,93.39,tp_gap_filled,24.5438,2251.16,1.821,40.99,1
EQT,2025-11-25,2025-11-26,2025-11-28,1-2%,-1.112,56.9,57.54,tp_gap_filled,39.5805,2252.13,1.125,25.33,1
EXE,2025-11-25,2025-11-26,2025-11-28,1-2%,-1.081,115.29,116.55,tp_gap_filled,19.5489,2253.79,1.093,24.63,1
EOG,2025-11-19,2025-11-20,2025-12-01,2-3%,-2.081,107.29,109.57,tp_gap_filled,20.0887,2155.31,2.125,45.8,6
INTC,2025-11-13,2025-11-28,2025-12-01,1-2%,-1.636,37.27,37.89,tp_gap_filled,60.6784,2261.48,1.664,37.62,1
MRK,2025-11-26,2025-11-28,2025-12-01,1-2%,-1.003,104.6,105.66,tp_gap_filled,21.6585,2265.48,1.013,22.96,1
MU,2025-11-18,2025-11-28,2025-12-01,2-3%,-2.674,235.48,241.95,tp_gap_filled,9.6211,2265.57,2.748,62.25,1
SWK,2025-11-26,2025-11-28,2025-12-01,1-2%,-1.131,69.93,70.73,tp_gap_filled,32.3999,2265.73,1.144,25.92,1
TMUS,2025-11-21,2025-11-24,2025-12-02,1-2%,-1.173,208.04,210.51,tp_gap_filled,10.5403,2192.81,1.187,26.03,5
HPQ,2025-11-14,2025-11-25,2025-12-02,1-2%,-1.121,24.7,24.98,tp_gap_filled,90.1005,2225.48,1.134,25.23,4
ECHO,2025-11-11,2025-11-28,2025-12-02,1-2%,-1.058,72.97,73.75,tp_gap_filled,30.9892,2261.28,1.069,24.17,2
BAX,2025-11-28,2025-12-01,2025-12-02,1-2%,-1.005,18.72,18.91,tp_gap_filled,120.7767,2260.94,1.015,22.95,1
MRVL,2025-11-28,2025-12-01,2025-12-02,2-3%,-2.075,85.9,87.72,tp_gap_filled,26.3332,2262.03,2.119,47.93,1
NXPI,2025-11-14,2025-12-01,2025-12-02,1-2%,-1.188,198.83,201.22,tp_gap_filled,11.392,2265.08,1.202,27.23,1
SNPS,2025-11-04,2025-12-01,2025-12-02,2-3%,-2.405,435.0,445.72,tp_gap_filled,5.2074,2265.23,2.464,55.82,1
ADSK,2025-10-29,2025-11-26,2025-12-03,1-2%,-1.463,306.53,311.08,tp_gap_filled,7.3232,2244.78,1.484,33.32,4
TROW,2025-11-14,2025-11-28,2025-12-03,1-2%,-1.138,102.54,103.72,tp_gap_filled,22.1061,2266.76,1.151,26.09,3
NKE,2025-11-14,2025-12-01,2025-12-03,1-2%,-1.651,64.94,66.03,tp_gap_filled,34.8747,2264.76,1.678,38.01,2
ALGN,2025-12-01,2025-12-02,2025-12-03,1-2%,-1.42,145.1,147.19,tp_gap_filled,15.6031,2264.01,1.44,32.61,1
AMD,2025-12-01,2025-12-02,2025-12-03,1-2%,-1.678,213.88,217.53,tp_gap_filled,10.5939,2265.83,1.707,38.67,1
APO,2025-12-01,2025-12-02,2025-12-03,1-2%,-1.259,130.19,131.85,tp_gap_filled,17.4062,2266.11,1.275,28.89,1
APP,2025-12-01,2025-12-02,2025-12-03,1-2%,-1.893,588.13,599.48,tp_gap_filled,3.8542,2266.77,1.93,43.75,1
ARES,2025-12-01,2025-12-02,2025-12-03,1-2%,-1.479,154.53,156.85,tp_gap_filled,14.7012,2271.77,1.501,34.11,1
BIIB,2025-12-01,2025-12-02,2025-12-03,1-2%,-1.065,180.15,182.09,tp_gap_filled,12.6192,2273.36,1.077,24.48,1
BLDR,2025-12-01,2025-12-02,2025-12-03,1-2%,-1.987,110.0,112.23,tp_gap_filled,20.6669,2273.36,2.027,46.09,1
BX,2025-12-01,2025-12-02,2025-12-03,1-2%,-1.591,144.09,146.42,tp_gap_filled,15.7834,2274.23,1.617,36.78,1
CBRE,2025-12-01,2025-12-02,2025-12-03,1-2%,-1.001,160.21,161.83,tp_gap_filled,14.2005,2275.07,1.011,23.0,1
BEN,2025-11-07,2025-11-11,2025-12-04,1-2%,-1.892,22.81,23.25,tp_gap_filled,98.2906,2242.01,1.929,43.25,16
HRL,2025-10-29,2025-11-21,2025-12-04,3-5%,-3.129,22.91,23.65,tp_gap_filled,95.8147,2195.11,3.23,70.9,8
ALB,2025-12-01,2025-12-02,2025-12-04,1-2%,-1.169,128.47,118.1924,stop,17.6237,2264.12,-8.0,-181.13,2
CRL,2025-12-02,2025-12-03,2025-12-04,1-2%,-1.193,173.99,176.09,tp_gap_filled,13.1194,2282.65,1.207,27.55,1
DLR,2025-12-01,2025-12-03,2025-12-04,1-2%,-1.318,158.01,160.12,tp_gap_filled,14.4668,2285.9,1.335,30.53,1
SBUX,2025-12-01,2025-12-03,2025-12-04,1-2%,-1.033,86.21,87.11,tp_gap_filled,26.4947,2284.11,1.044,23.85,1
WST,2025-12-02,2025-12-03,2025-12-04,1-2%,-1.291,270.6,274.14,tp_gap_filled,8.4427,2284.59,1.308,29.89,1
FCX,2025-09-24,2025-10-08,2025-12-05,5-10%,-7.782,41.83,45.36,tp_gap_filled,53.697,2246.14,8.439,189.55,41
DD,2025-11-14,2025-12-01,2025-12-05,1-2%,-1.429,120.06,121.8,tp_gap_filled,18.839,2261.81,1.449,32.78,4
ABNB,2025-11-17,2025-12-04,2025-12-05,1-2%,-1.049,120.74,122.02,tp_gap_filled,18.8432,2275.13,1.06,24.12,1
CRWD,2025-12-03,2025-12-04,2025-12-05,3-5%,-3.593,124.4975,129.1375,tp_gap_filled,18.2725,2274.88,3.727,84.78,1
GNRC,2025-11-13,2025-12-04,2025-12-05,1-2%,-1.059,160.7,162.42,tp_gap_filled,14.1647,2276.26,1.07,24.36,1
JBL,2025-11-11,2025-12-04,2025-12-05,1-2%,-1.049,216.96,219.26,tp_gap_filled,10.4963,2277.27,1.06,24.14,1
VRT,2025-12-03,2025-12-04,2025-12-05,1-2%,-1.045,179.02,180.91,tp_gap_filled,12.7228,2277.64,1.056,24.05,1
WBD,2025-12-03,2025-12-04,2025-12-05,1-2%,-1.182,24.24,24.53,tp_gap_filled,93.9989,2278.53,1.196,27.26,1
AMT,2025-12-01,2025-12-04,2025-12-08,1-2%,-1.528,178.5,181.27,tp_gap_filled,12.744,2274.8,1.552,35.3,2
CIEN,2025-12-04,2025-12-05,2025-12-08,1-2%,-1.443,190.56,193.35,tp_gap_filled,11.9591,2278.92,1.464,33.37,1
CRH,2025-12-04,2025-12-05,2025-12-08,1-2%,-1.121,120.0,121.36,tp_gap_filled,19.0132,2281.59,1.133,25.86,1
CRM,2025-11-04,2025-12-05,2025-12-08,1-2%,-1.221,258.15,261.34,tp_gap_filled,8.8375,2281.39,1.236,28.19,1
EQIX,2025-12-04,2025-12-05,2025-12-08,1-2%,-1.449,722.1,732.72,tp_gap_filled,3.1598,2281.69,1.471,33.56,1
FLEX,2025-11-13,2025-12-05,2025-12-08,1-2%,-1.144,62.2,62.92,tp_gap_filled,36.7029,2282.92,1.158,26.43,1
MU,2025-12-03,2025-12-05,2025-12-08,1-2%,-1.294,236.39,239.49,tp_gap_filled,9.6565,2282.69,1.311,29.94,1
AMP,2025-10-29,2025-12-04,2025-12-09,1-2%,-1.36,477.95,484.54,tp_gap_filled,4.7603,2275.16,1.379,31.37,3
AVGO,2025-12-01,2025-12-08,2025-12-09,2-3%,-2.013,394.85,402.96,tp_gap_filled,5.7623,2275.23,2.054,46.73,1
LMT,2025-12-01,2025-12-08,2025-12-09,1-2%,-1.0,453.28,457.86,tp_gap_filled,5.0182,2274.63,1.01,22.98,1
LUV,2025-12-05,2025-12-08,2025-12-09,1-2%,-1.396,35.31,35.81,tp_gap_filled,64.442,2275.45,1.416,32.22,1
HPE,2025-10-16,2025-10-17,2025-12-10,5-10%,-8.267,22.97,25.04,tp_gap_filled,97.1367,2231.23,9.012,201.07,37
IRM,2025-12-01,2025-12-04,2025-12-10,2-3%,-2.142,84.5,86.35,tp_gap_filled,26.9466,2276.98,2.189,49.85,4
PLTR,2025-11-13,2025-12-05,2025-12-10,1-2%,-1.333,181.715,184.17,tp_gap_filled,12.5628,2282.85,1.351,30.84,3
PSX,2025-11-17,2025-12-05,2025-12-10,1-2%,-1.117,140.73,142.32,tp_gap_filled,16.2216,2282.87,1.13,25.79,3
LRCX,2025-11-11,2025-12-08,2025-12-10,1-2%,-1.322,164.17,166.37,tp_gap_filled,13.8627,2275.84,1.34,30.5,2
ARES,2025-12-08,2025-12-09,2025-12-10,1-2%,-1.994,162.16,165.46,tp_gap_filled,14.0265,2274.55,2.035,46.29,1
MPC,2025-12-08,2025-12-09,2025-12-10,1-2%,-1.123,188.39,190.53,tp_gap_filled,12.0909,2277.81,1.136,25.87,1
ITW,2025-10-24,2025-10-28,2025-12-11,3-5%,-3.278,249.0,257.44,tp_gap_filled,9.0393,2250.78,3.39,76.29,31
DOW,2025-10-30,2025-12-03,2025-12-11,1-2%,-1.971,24.37,24.86,tp_gap_filled,93.8198,2286.39,2.011,45.97,6
REGN,2025-12-02,2025-12-03,2025-12-11,1-2%,-1.065,742.12,750.11,tp_gap_filled,3.0793,2285.24,1.077,24.6,6
EMR,2025-11-04,2025-12-05,2025-12-11,1-2%,-1.607,137.78,140.03,tp_gap_filled,16.5613,2281.82,1.633,37.26,4
IEX,2025-12-05,2025-12-08,2025-12-11,1-2%,-1.05,177.15,179.03,tp_gap_filled,12.8452,2275.53,1.061,24.15,3
BDX,2025-12-08,2025-12-10,2025-12-11,1-2%,-1.011,150.9434,152.4843,tp_gap_filled,15.2061,2295.27,1.021,23.43,1
BLDR,2025-12-09,2025-12-10,2025-12-11,1-2%,-1.033,106.35,107.46,tp_gap_filled,21.5966,2296.8,1.044,23.97,1
COHR,2025-12-09,2025-12-10,2025-12-11,2-3%,-2.83,180.6,185.86,tp_gap_filled,12.7253,2298.19,2.913,66.94,1
CVNA,2025-12-09,2025-12-10,2025-12-11,1-2%,-1.446,88.3,89.596,tp_gap_filled,26.0735,2302.29,1.468,33.79,1
FCX,2025-12-09,2025-12-10,2025-12-11,1-2%,-1.933,44.13,45.0,tp_gap_filled,52.2319,2305.0,1.971,45.44,1
DECK,2025-10-24,2025-10-27,2025-12-12,10%+,-13.692,88.5,102.54,tp_gap_filled,25.6739,2272.14,15.864,360.46,33
KIM,2025-12-05,2025-12-08,2025-12-12,1-2%,-1.572,20.04,20.36,tp_gap_filled,113.5339,2275.22,1.597,36.33,4
ADBE,2025-10-29,2025-12-11,2025-12-12,1-2%,-1.22,355.52,359.91,tp_gap_filled,6.5445,2326.72,1.235,28.73,1
AVGO,2025-12-10,2025-12-11,2025-12-12,1-2%,-1.007,402.2,370.024,stop,5.7833,2326.04,-8.0,-186.08,1
CTSH,2025-12-10,2025-12-11,2025-12-12,1-2%,-1.878,79.43,80.95,tp_gap_filled,29.292,2326.66,1.914,44.52,1
FSLR,2025-12-01,2025-12-11,2025-12-12,1-2%,-1.337,269.27,272.92,tp_gap_filled,8.6502,2329.23,1.356,31.57,1
HLT,2025-12-04,2025-12-11,2025-12-12,1-2%,-1.495,276.05,280.24,tp_gap_filled,8.4408,2330.09,1.518,35.37,1
LITE,2025-12-10,2025-12-11,2025-12-12,1-2%,-1.807,353.82,325.5144,stop,6.5865,2330.45,-8.0,-186.44,1
CVX,2025-09-03,2025-09-16,2025-12-15,1-2%,-1.131,160.0,149.8,time_exit,13.6482,2183.71,-6.375,-139.21,63
CTAS,2025-10-29,2025-10-30,2025-12-15,1-2%,-1.601,186.85,189.89,tp_gap_filled,11.8548,2215.08,1.627,36.04,31
HON,2025-11-18,2025-11-20,2025-12-15,2-3%,-2.167,201.1851,205.6424,tp_gap_filled,10.7114,2154.98,2.216,47.74,16
D,2025-12-05,2025-12-08,2025-12-15,1-2%,-1.42,58.99,59.84,tp_gap_filled,38.582,2275.95,1.441,32.79,5
BIIB,2025-12-10,2025-12-11,2025-12-15,1-2%,-1.444,173.3,175.84,tp_gap_filled,13.4248,2326.52,1.466,34.1,2
CFG,2025-12-11,2025-12-12,2025-12-15,1-2%,-1.215,57.75,58.46,tp_gap_filled,40.1579,2319.12,1.229,28.51,1
ISRG,2025-12-11,2025-12-12,2025-12-15,1-2%,-1.88,545.47,555.92,tp_gap_filled,4.2428,2314.34,1.916,44.34,1
COST,2025-11-06,2025-11-07,2025-12-16,1-2%,-1.141,924.36,850.4112,stop,2.3967,2215.38,-8.0,-177.23,26
RVTY,2025-11-26,2025-11-28,2025-12-16,1-2%,-1.014,104.5,96.14,stop,21.682,2265.77,-8.0,-181.26,12
EOG,2025-12-08,2025-12-09,2025-12-16,1-2%,-1.016,111.03,102.1476,stop,20.5213,2278.48,-8.0,-182.28,5
APP,2025-12-10,2025-12-11,2025-12-16,1-2%,-1.03,717.16,659.7872,stop,3.2434,2326.05,-8.0,-186.08,3
DVN,2025-12-11,2025-12-12,2025-12-16,1-2%,-1.198,37.95,34.914,stop,61.0325,2316.18,-8.0,-185.29,2
MAR,2025-12-04,2025-12-15,2025-12-16,1-2%,-1.213,302.93,306.65,tp_gap_filled,7.6112,2305.66,1.228,28.31,1
FTNT,2025-11-04,2025-12-05,2025-12-17,1-2%,-1.165,86.5,79.58,stop,26.3939,2283.08,-8.0,-182.65,8
AMD,2025-12-11,2025-12-12,2025-12-17,1-2%,-1.63,217.81,200.3852,stop,10.6543,2320.62,-8.0,-185.65,3
COHR,2025-12-11,2025-12-12,2025-12-17,2-3%,-2.426,192.66,171.4674,stop,12.04,2319.63,-11.0,-255.16,3
IFF,2025-12-11,2025-12-12,2025-12-17,2-3%,-2.89,63.5,65.39,tp_gap_filled,36.4491,2314.52,2.976,68.89,3
ADBE,2025-12-15,2025-12-16,2025-12-17,1-2%,-1.075,352.6,356.43,tp_gap_filled,6.4873,2287.43,1.086,24.85,1
TXN,2025-12-15,2025-12-16,2025-12-17,2-3%,-2.268,175.35,179.42,tp_gap_filled,13.0386,2286.32,2.321,53.07,1
HPQ,2025-12-11,2025-12-12,2025-12-18,1-2%,-1.373,25.14,23.1288,stop,92.0944,2315.25,-8.0,-185.22,4
PPG,2025-10-29,2025-12-15,2025-12-18,1-2%,-1.291,103.95,105.31,tp_gap_filled,22.1886,2306.5,1.308,30.18,3
ADP,2025-12-16,2025-12-17,2025-12-18,1-2%,-1.196,261.78,264.95,tp_gap_filled,8.7254,2284.12,1.211,27.66,1
DVN,2025-12-16,2025-12-17,2025-12-18,1-2%,-1.244,35.72,36.17,tp_gap_filled,63.9369,2283.83,1.26,28.77,1
GE,2025-12-16,2025-12-17,2025-12-18,1-2%,-1.103,297.66,300.98,tp_gap_filled,7.6779,2285.4,1.115,25.49,1
HWM,2025-12-16,2025-12-17,2025-12-18,1-2%,-1.303,194.67,197.24,tp_gap_filled,11.7231,2282.14,1.32,30.13,1
CCL,2025-10-28,2025-10-29,2025-12-19,3-5%,-3.569,28.37,29.42,tp_gap_filled,78.4416,2225.39,3.701,82.36,36
DASH,2025-11-06,2025-11-18,2025-12-19,10%+,-11.235,211.26,238.0,tp_gap_filled,10.358,2188.23,12.657,276.97,22
KLAC,2025-12-12,2025-12-15,2025-12-19,1-2%,-1.294,123.005,124.618,tp_gap_filled,18.7459,2305.84,1.311,30.24,4
BA,2025-10-30,2025-12-17,2025-12-19,1-2%,-1.672,210.01,213.58,tp_gap_filled,10.88,2284.9,1.7,38.84,2
DOW,2025-12-16,2025-12-17,2025-12-19,1-2%,-1.023,23.21,23.45,tp_gap_filled,98.4102,2284.1,1.034,23.62,2
CRH,2025-12-17,2025-12-18,2025-12-19,1-2%,-1.245,125.34,126.92,tp_gap_filled,18.1758,2278.15,1.261,28.72,1
LHX,2025-12-17,2025-12-18,2025-12-19,1-2%,-1.343,279.05,282.85,tp_gap_filled,8.165,2278.44,1.362,31.03,1
MGM,2025-12-17,2025-12-18,2025-12-19,1-2%,-1.249,36.38,36.84,tp_gap_filled,62.6432,2278.96,1.264,28.82,1
MU,2025-12-12,2025-12-18,2025-12-19,1-2%,-1.079,255.67,258.46,tp_gap_filled,8.9156,2279.45,1.091,24.87,1
AON,2025-10-16,2025-11-11,2025-12-22,1-2%,-1.934,348.92,355.8,tp_gap_filled,6.4252,2241.88,1.972,44.21,28
CASY,2025-12-10,2025-12-11,2025-12-22,3-5%,-4.384,538.55,563.24,tp_gap_filled,4.3196,2326.3,4.585,106.65,7
GOOG,2025-12-16,2025-12-17,2025-12-22,1-2%,-1.073,306.0,309.32,tp_gap_filled,7.4659,2284.56,1.085,24.79,3
GOOGL,2025-12-16,2025-12-17,2025-12-22,1-2%,-1.061,304.95,308.22,tp_gap_filled,7.4877,2283.37,1.072,24.48,3
LMT,2025-12-17,2025-12-18,2025-12-22,1-2%,-1.27,471.0,477.06,tp_gap_filled,4.8387,2279.04,1.287,29.32,2
ELV,2025-12-18,2025-12-19,2025-12-22,1-2%,-1.122,342.08,345.96,tp_gap_filled,6.6811,2285.46,1.134,25.92,1
INCY,2025-12-08,2025-12-19,2025-12-22,2-3%,-2.331,100.13,102.52,tp_gap_filled,22.8231,2285.27,2.387,54.55,1
LITE,2025-12-12,2025-12-19,2025-12-22,2-3%,-2.561,362.56,372.09,tp_gap_filled,6.3064,2286.44,2.629,60.1,1
NCLH,2025-10-28,2025-12-19,2025-12-22,2-3%,-2.807,22.85,23.51,tp_gap_filled,100.1121,2287.56,2.888,66.07,1
NEM,2025-12-18,2025-12-19,2025-12-22,1-2%,-1.096,98.36,99.45,tp_gap_filled,23.2609,2287.94,1.108,25.35,1
CIEN,2025-12-12,2025-12-22,2025-12-23,2-3%,-2.628,236.0,242.37,tp_gap_filled,9.7284,2295.9,2.699,61.97,1
DECK,2025-12-19,2025-12-22,2025-12-23,1-2%,-1.651,98.89,100.55,tp_gap_filled,23.2181,2296.04,1.679,38.54,1
FDX,2025-12-19,2025-12-22,2025-12-23,5-10%,-5.245,219.2264,231.3618,tp_gap_filled,10.4798,2297.44,5.536,127.18,1
HAL,2025-12-16,2025-12-22,2025-12-23,1-2%,-1.408,28.01,28.41,tp_gap_filled,82.1472,2300.94,1.428,32.86,1
NWSA,2025-12-19,2025-12-22,2025-12-23,1-2%,-1.372,25.87,26.23,tp_gap_filled,88.9518,2301.18,1.392,32.02,1
WBD,2025-12-17,2025-12-22,2025-12-23,1-2%,-1.211,28.55,28.9,tp_gap_filled,80.6268,2301.89,1.226,28.22,1
CHD,2025-12-22,2025-12-23,2025-12-24,1-2%,-1.023,84.21,85.08,tp_gap_filled,27.2433,2294.16,1.033,23.7,1
CI,2025-12-22,2025-12-23,2025-12-24,1-2%,-1.067,268.99,271.89,tp_gap_filled,8.5309,2294.72,1.078,24.74,1
ERIE,2025-12-22,2025-12-23,2025-12-24,1-2%,-1.11,280.67,283.82,tp_gap_filled,8.1788,2295.54,1.122,25.76,1
FANG,2025-12-11,2025-12-12,2025-12-26,1-2%,-1.385,158.06,145.4152,stop,14.6505,2315.66,-8.0,-185.25,9
APH,2025-12-23,2025-12-24,2025-12-26,1-2%,-1.095,66.83,67.57,tp_gap_filled,34.4538,2302.55,1.107,25.5,1
COHR,2025-12-23,2025-12-24,2025-12-26,1-2%,-1.791,187.56,190.98,tp_gap_filled,12.2842,2304.02,1.823,42.01,1
JNJ,2025-12-23,2025-12-24,2025-12-26,1-2%,-1.109,205.02,207.32,tp_gap_filled,11.2446,2305.38,1.122,25.86,1
LITE,2025-12-23,2025-12-24,2025-12-26,2-3%,-2.288,380.96,389.88,tp_gap_filled,6.0531,2306.0,2.341,53.99,1
LLY,2025-12-23,2025-12-24,2025-12-26,1-2%,-1.206,1063.5,1076.48,tp_gap_filled,2.17,2307.81,1.22,28.17,1
D,2025-12-22,2025-12-24,2025-12-29,1-2%,-1.599,58.48,59.43,tp_gap_filled,39.4145,2304.96,1.624,37.44,2
AMD,2025-12-29,2025-12-30,2025-12-31,1-2%,-1.586,211.58,214.99,tp_gap_filled,10.902,2306.65,1.612,37.18,1
ECHO,2025-12-29,2025-12-30,2025-12-31,1-2%,-1.951,103.54,105.6,tp_gap_filled,22.2852,2307.41,1.99,45.91,1
BXP,2025-10-29,2025-11-25,2026-01-02,1-2%,-1.404,73.05,67.206,stop,30.4278,2222.75,-8.0,-177.82,25
LYB,2025-12-15,2025-12-17,2026-01-02,1-2%,-1.442,43.75,44.39,tp_gap_filled,52.1445,2281.32,1.463,33.37,10
BLDR,2025-12-19,2025-12-22,2026-01-02,1-2%,-1.193,104.36,105.62,tp_gap_filled,22.0028,2296.21,1.207,27.72,7
SNDK,2025-11-18,2025-12-24,2026-01-02,3-5%,-3.283,257.15,265.88,tp_gap_filled,8.98,2309.2,3.395,78.4,5
CIEN,2025-12-29,2025-12-30,2026-01-02,1-2%,-1.829,237.26,241.68,tp_gap_filled,9.7255,2307.47,1.863,42.99,2
COHR,2025-12-29,2025-12-30,2026-01-02,1-2%,-1.966,187.95,191.72,tp_gap_filled,12.2782,2307.69,2.006,46.29,2
EFX,2025-10-02,2025-10-03,2026-01-05,5-10%,-7.576,234.61,220.79,time_exit,9.5804,2247.65,-5.891,-132.4,63
APA,2025-12-08,2025-12-09,2026-01-05,2-3%,-2.177,26.51,23.5939,stop,85.8073,2274.75,-11.0,-250.22,17
COP,2025-09-29,2025-12-10,2026-01-05,1-2%,-1.3,97.2,98.48,tp_gap_filled,23.6881,2302.48,1.317,30.32,16
CMCSA,2025-12-18,2025-12-19,2026-01-05,1-2%,-1.319,28.0412,28.4161,tp_gap_filled,81.5226,2285.99,1.337,30.56,9
ALB,2025-12-24,2025-12-26,2026-01-05,1-2%,-1.84,144.0,146.7,tp_gap_filled,16.0209,2307.01,1.875,43.26,5
FCX,2025-12-29,2025-12-30,2026-01-05,2-3%,-2.771,51.57,53.04,tp_gap_filled,44.7921,2309.93,2.85,65.84,3
BEN,2025-12-30,2025-12-31,2026-01-05,1-2%,-1.436,24.03,24.38,tp_gap_filled,95.3341,2290.88,1.457,33.37,2
AMAT,2025-12-11,2026-01-02,2026-01-05,1-2%,-1.428,271.22,275.15,tp_gap_filled,8.4806,2300.11,1.449,33.33,1
NEM,2025-12-31,2026-01-02,2026-01-05,1-2%,-1.119,100.72,101.86,tp_gap_filled,22.8394,2300.38,1.132,26.04,1
OXY,2025-12-08,2026-01-02,2026-01-05,1-2%,-1.367,41.85,42.43,tp_gap_filled,54.9728,2300.61,1.386,31.88,1
HUM,2025-11-05,2025-11-06,2026-01-06,5-10%,-7.496,260.74,281.87,tp_gap_filled,8.4306,2198.19,8.104,178.14,40
HCA,2025-12-15,2025-12-16,2026-01-06,2-3%,-2.03,474.93,484.77,tp_gap_filled,4.8151,2286.82,2.072,47.38,13
ADM,2025-12-16,2025-12-17,2026-01-06,2-3%,-2.359,58.78,60.2,tp_gap_filled,38.8618,2284.29,2.416,55.18,12
ACN,2025-12-18,2025-12-19,2026-01-06,3-5%,-3.193,265.0,273.74,tp_gap_filled,8.6217,2284.74,3.298,75.35,10
HST,2025-12-31,2026-01-02,2026-01-06,2-3%,-2.132,17.9,18.29,tp_gap_filled,128.4757,2299.71,2.179,50.11,2
UBER,2025-12-15,2026-01-02,2026-01-06,1-2%,-1.939,83.46,85.11,tp_gap_filled,27.5724,2301.19,1.977,45.49,2
BMY,2026-01-02,2026-01-05,2026-01-06,1-2%,-1.353,53.21,53.94,tp_gap_filled,43.4338,2311.11,1.372,31.71,1
DAL,2025-12-29,2026-01-05,2026-01-06,1-2%,-1.044,70.11,70.85,tp_gap_filled,32.9623,2310.98,1.055,24.39,1
FIX,2025-12-12,2026-01-05,2026-01-06,1-2%,-1.291,1011.69,1024.92,tp_gap_filled,2.2854,2312.11,1.308,30.24,1
FRT,2026-01-02,2026-01-05,2026-01-06,1-2%,-1.438,99.35,100.8,tp_gap_filled,23.2819,2313.05,1.459,33.76,1
MRVL,2025-12-11,2026-01-05,2026-01-06,1-2%,-1.611,90.98,92.47,tp_gap_filled,25.4248,2313.15,1.638,37.88,1
VLO,2025-12-11,2026-01-05,2026-01-06,2-3%,-2.114,172.28,176.0,tp_gap_filled,13.4245,2312.77,2.159,49.94,1
AMCR,2025-11-28,2025-12-01,2026-01-07,1-2%,-1.856,42.3,43.1,tp_gap_filled,53.44,2260.51,1.891,42.75,25
KHC,2025-11-28,2025-12-01,2026-01-07,1-2%,-1.641,25.18,23.1656,stop,89.8207,2261.68,-8.0,-180.93,25
APD,2025-12-08,2026-01-05,2026-01-07,2-3%,-2.175,255.02,260.69,tp_gap_filled,9.0633,2311.33,2.223,51.39,2
ACGL,2026-01-05,2026-01-06,2026-01-07,1-2%,-1.119,92.81,93.86,tp_gap_filled,25.1109,2330.54,1.131,26.37,1
AVY,2026-01-05,2026-01-06,2026-01-07,1-2%,-1.178,180.29,182.44,tp_gap_filled,12.9297,2331.1,1.193,27.8,1
BIIB,2026-01-05,2026-01-06,2026-01-07,1-2%,-1.175,175.73,177.82,tp_gap_filled,13.2678,2331.55,1.189,27.73,1
BXP,2026-01-05,2026-01-06,2026-01-07,1-2%,-1.121,67.06,67.82,tp_gap_filled,34.7954,2333.38,1.133,26.44,1
CCL,2026-01-05,2026-01-06,2026-01-07,1-2%,-1.326,30.51,30.92,tp_gap_filled,76.5029,2334.1,1.344,31.37,1
CRL,2026-01-05,2026-01-06,2026-01-07,2-3%,-2.678,197.0,202.42,tp_gap_filled,11.8621,2336.84,2.751,64.29,1
FDS,2026-01-05,2026-01-06,2026-01-07,1-2%,-1.52,280.57,284.9,tp_gap_filled,8.3451,2341.38,1.543,36.13,1
FTV,2026-01-05,2026-01-06,2026-01-07,1-2%,-1.201,54.725,55.39,tp_gap_filled,42.8217,2343.42,1.215,28.48,1
GL,2026-01-05,2026-01-06,2026-01-07,1-2%,-1.438,136.43,138.42,tp_gap_filled,17.1812,2344.04,1.459,34.19,1
IFF,2026-01-05,2026-01-06,2026-01-07,1-2%,-1.088,67.29,68.03,tp_gap_filled,34.8512,2345.14,1.1,25.79,1
IQV,2026-01-05,2026-01-06,2026-01-07,1-2%,-1.251,222.55,225.37,tp_gap_filled,10.5425,2346.24,1.267,29.73,1
LLY,2026-01-05,2026-01-06,2026-01-07,1-2%,-1.03,1069.23,1080.36,tp_gap_filled,2.1979,2350.03,1.041,24.46,1
MSCI,2026-01-05,2026-01-06,2026-01-07,1-2%,-1.237,558.26,565.25,tp_gap_filled,4.2084,2349.39,1.252,29.42,1
NCLH,2026-01-05,2026-01-06,2026-01-07,1-2%,-1.229,22.5,22.78,tp_gap_filled,104.5246,2351.8,1.244,29.27,1
ORLY,2026-01-05,2026-01-06,2026-01-07,1-2%,-1.018,89.42,90.34,tp_gap_filled,26.3335,2354.74,1.029,24.23,1
APTV,2025-10-30,2025-10-31,2026-01-08,5-10%,-5.153,81.35,85.77,tp_gap_filled,27.2911,2220.13,5.433,120.63,46
DE,2025-11-26,2025-12-03,2026-01-08,3-5%,-4.216,477.13,498.13,tp_gap_filled,4.79,2285.45,4.401,100.59,24
HPE,2025-12-11,2025-12-22,2026-01-08,2-3%,-2.098,24.73,22.0097,stop,93.0545,2301.24,-11.0,-253.14,11
NKE,2025-12-19,2025-12-24,2026-01-08,5-10%,-9.797,59.2,65.63,tp_gap_filled,38.9962,2308.58,10.861,250.75,9
AOS,2026-01-06,2026-01-07,2026-01-08,1-2%,-1.08,67.77,68.51,tp_gap_filled,34.2667,2322.26,1.092,25.36,1
CMCSA,2026-01-06,2026-01-07,2026-01-08,1-2%,-1.031,27.84,28.13,tp_gap_filled,83.4135,2322.23,1.042,24.19,1
COHR,2026-01-06,2026-01-07,2026-01-08,2-3%,-2.168,182.32,186.36,tp_gap_filled,12.7377,2322.33,2.216,51.46,1
ERIE,2026-01-06,2026-01-07,2026-01-08,1-2%,-1.146,278.7,281.93,tp_gap_filled,8.3429,2325.18,1.159,26.95,1
FIS,2026-01-06,2026-01-07,2026-01-08,1-2%,-1.085,65.65,66.37,tp_gap_filled,35.4259,2325.71,1.097,25.51,1
JBL,2026-01-06,2026-01-07,2026-01-08,1-2%,-1.092,221.0,223.44,tp_gap_filled,10.524,2325.8,1.104,25.68,1
KEY,2026-01-06,2026-01-07,2026-01-08,1-2%,-1.123,21.13,21.37,tp_gap_filled,110.1017,2326.45,1.136,26.42,1
LII,2026-01-06,2026-01-07,2026-01-08,1-2%,-1.766,495.0,503.9,tp_gap_filled,4.7007,2326.82,1.798,41.84,1
LOW,2026-01-06,2026-01-07,2026-01-08,1-2%,-1.332,241.49,244.75,tp_gap_filled,9.6392,2327.76,1.35,31.42,1
MAS,2026-01-06,2026-01-07,2026-01-08,1-2%,-1.019,63.14,63.79,tp_gap_filled,36.8838,2328.85,1.029,23.97,1
SWK,2026-01-06,2026-01-07,2026-01-08,1-2%,-1.917,75.73,77.21,tp_gap_filled,30.7441,2328.25,1.954,45.5,1
CARR,2025-11-14,2025-11-26,2026-01-09,1-2%,-1.07,54.57,55.16,tp_gap_filled,41.1741,2246.87,1.081,24.29,29
RMD,2025-12-16,2025-12-17,2026-01-09,1-2%,-1.999,248.01,253.07,tp_gap_filled,9.1986,2281.33,2.04,46.54,15
DHI,2025-12-17,2025-12-18,2026-01-09,2-3%,-2.011,152.0,155.12,tp_gap_filled,14.9922,2278.82,2.053,46.78,14
APH,2026-01-06,2026-01-07,2026-01-09,1-2%,-1.587,68.83,69.94,tp_gap_filled,33.7325,2321.81,1.613,37.44,2
EFX,2026-01-06,2026-01-07,2026-01-09,3-5%,-3.483,213.1,220.79,tp_gap_filled,10.909,2324.7,3.609,83.89,2
INTC,2025-12-04,2026-01-07,2026-01-09,1-2%,-1.143,43.26,43.76,tp_gap_filled,53.7789,2326.47,1.156,26.89,2
ADI,2026-01-07,2026-01-08,2026-01-09,1-2%,-1.383,288.89,292.94,tp_gap_filled,8.1219,2346.34,1.402,32.89,1
DECK,2026-01-07,2026-01-08,2026-01-09,5-10%,-6.012,101.0,107.46,tp_gap_filled,23.2508,2348.33,6.396,150.2,1
EIX,2026-01-07,2026-01-08,2026-01-09,1-2%,-1.273,59.74,60.51,tp_gap_filled,39.3586,2351.28,1.289,30.31,1
HUM,2026-01-07,2026-01-08,2026-01-09,1-2%,-1.172,276.56,279.84,tp_gap_filled,8.5015,2351.18,1.186,27.88,1
LRCX,2026-01-07,2026-01-08,2026-01-09,2-3%,-2.116,202.58,206.96,tp_gap_filled,11.5878,2347.46,2.162,50.75,1
MCHP,2026-01-07,2026-01-08,2026-01-09,2-3%,-2.418,73.06,74.87,tp_gap_filled,32.1254,2347.08,2.477,58.15,1
SNDK,2026-01-07,2026-01-08,2026-01-09,2-3%,-2.503,340.88,349.63,tp_gap_filled,6.8851,2347.0,2.567,60.24,1
SW,2025-10-29,2026-01-08,2026-01-09,3-5%,-3.783,41.46,43.09,tp_gap_filled,56.5878,2346.13,3.932,92.24,1
TAP,2026-01-05,2026-01-08,2026-01-09,1-2%,-1.181,46.84,47.4,tp_gap_filled,50.1085,2347.08,1.196,28.06,1
NEM,2026-01-07,2026-01-08,2026-01-12,3-5%,-3.123,105.79,109.2,tp_gap_filled,22.1809,2346.52,3.223,75.64,2
AAPL,2026-01-08,2026-01-09,2026-01-12,1-2%,-1.271,257.02,260.33,tp_gap_filled,9.2149,2368.4,1.288,30.5,1
AKAM,2026-01-08,2026-01-09,2026-01-12,1-2%,-1.077,87.23,88.18,tp_gap_filled,27.1562,2368.84,1.089,25.8,1
ALB,2026-01-08,2026-01-09,2026-01-12,1-2%,-1.405,159.3,161.57,tp_gap_filled,14.8733,2369.32,1.425,33.76,1
AMAT,2026-01-07,2026-01-09,2026-01-12,1-2%,-1.355,292.0,296.01,tp_gap_filled,8.1161,2369.91,1.373,32.55,1
BLK,2026-01-08,2026-01-09,2026-01-12,1-2%,-1.392,1060.13,1075.09,tp_gap_filled,2.2369,2371.4,1.411,33.46,1
COO,2026-01-08,2026-01-09,2026-01-12,1-2%,-1.228,82.87,83.9,tp_gap_filled,28.6294,2372.52,1.243,29.49,1
CRL,2026-01-08,2026-01-09,2026-01-12,1-2%,-1.324,213.9,216.77,tp_gap_filled,11.0933,2372.85,1.342,31.84,1
DLR,2026-01-08,2026-01-09,2026-01-12,1-2%,-1.737,152.18,154.87,tp_gap_filled,15.6026,2374.41,1.768,41.97,1
DOW,2026-01-08,2026-01-09,2026-01-12,1-2%,-1.21,24.5,24.8,tp_gap_filled,96.9956,2376.39,1.224,29.1,1
DRI,2026-01-08,2026-01-09,2026-01-12,1-2%,-1.547,196.68,199.77,tp_gap_filled,12.1006,2379.94,1.571,37.39,1
FCX,2026-01-07,2026-01-09,2026-01-12,1-2%,-1.638,55.23,56.15,tp_gap_filled,43.1164,2381.32,1.666,39.67,1
HD,2026-01-08,2026-01-09,2026-01-12,1-2%,-1.074,345.31,349.06,tp_gap_filled,6.8994,2382.44,1.086,25.87,1
MOS,2025-10-10,2025-10-13,2026-01-13,5-10%,-8.493,30.6,26.21,time_exit,72.1276,2207.1,-14.346,-316.64,63
WBD,2025-12-26,2025-12-29,2026-01-13,2-3%,-2.053,28.63,29.23,tp_gap_filled,80.625,2308.29,2.096,48.38,10
TT,2026-01-06,2026-01-07,2026-01-13,5-10%,-6.1,367.12,390.97,tp_gap_filled,6.3469,2330.07,6.497,151.37,4
MRNA,2026-01-07,2026-01-08,2026-01-13,3-5%,-3.253,34.5,35.66,tp_gap_filled,68.0402,2347.39,3.362,78.93,3
IQV,2026-01-08,2026-01-09,2026-01-13,1-2%,-1.081,241.65,244.29,tp_gap_filled,9.8808,2387.69,1.092,26.09,2
CIEN,2026-01-09,2026-01-12,2026-01-13,2-3%,-2.633,219.28,225.21,tp_gap_filled,10.8086,2370.11,2.704,64.09,1
COHR,2026-01-09,2026-01-12,2026-01-13,2-3%,-2.397,169.0,173.15,tp_gap_filled,14.0435,2373.34,2.456,58.28,1
DXCM,2026-01-08,2026-01-12,2026-01-13,1-2%,-1.098,69.33,70.1,tp_gap_filled,34.298,2377.88,1.111,26.41,1
GIS,2026-01-09,2026-01-12,2026-01-13,1-2%,-1.184,43.4,43.92,tp_gap_filled,54.816,2379.02,1.198,28.5,1
STX,2026-01-07,2026-01-12,2026-01-13,3-5%,-3.453,319.01,330.42,tp_gap_filled,7.4575,2379.02,3.577,85.09,1
SW,2026-01-09,2026-01-12,2026-01-13,1-2%,-1.418,41.7,42.3,tp_gap_filled,57.0596,2379.39,1.439,34.24,1
TER,2026-01-07,2026-01-12,2026-01-13,1-2%,-1.411,225.61,228.84,tp_gap_filled,10.5527,2380.8,1.432,34.09,1
TXN,2026-01-07,2026-01-08,2026-01-14,1-2%,-1.89,188.47,192.1,tp_gap_filled,12.4555,2347.49,1.926,45.21,4
INTU,2026-01-08,2026-01-09,2026-01-14,1-2%,-1.62,640.6,589.352,stop,3.7254,2386.49,-8.0,-190.92,3
STLD,2026-01-09,2026-01-12,2026-01-14,1-2%,-1.057,170.34,172.16,tp_gap_filled,13.9679,2379.29,1.068,25.42,2
AEP,2026-01-12,2026-01-13,2026-01-14,1-2%,-1.121,115.6,116.91,tp_gap_filled,20.5405,2374.48,1.133,26.91,1
AMD,2026-01-07,2026-01-13,2026-01-14,1-2%,-1.036,212.13,214.35,tp_gap_filled,11.1835,2372.35,1.047,24.83,1
AMP,2026-01-12,2026-01-13,2026-01-14,1-2%,-1.528,500.0,507.76,tp_gap_filled,4.7487,2374.33,1.552,36.85,1
BLDR,2026-01-12,2026-01-13,2026-01-14,1-2%,-1.027,123.38,124.66,tp_gap_filled,19.2266,2372.17,1.037,24.61,1
BX,2026-01-12,2026-01-13,2026-01-14,1-2%,-1.383,155.44,157.62,tp_gap_filled,15.2647,2372.74,1.402,33.28,1
CF,2026-01-12,2026-01-13,2026-01-14,1-2%,-1.15,81.65,82.6,tp_gap_filled,29.0562,2372.44,1.163,27.6,1
SYY,2025-10-28,2025-11-21,2026-01-15,1-2%,-1.282,77.0,78.0,tp_gap_filled,28.5042,2194.83,1.299,28.5,36
CPRT,2025-11-21,2025-11-24,2026-01-15,2-3%,-2.218,40.11,41.02,tp_gap_filled,54.629,2191.17,2.269,49.71,35
EQT,2025-12-31,2026-01-07,2026-01-15,1-2%,-1.08,54.04,49.7168,stop,43.0198,2324.79,-8.0,-185.98,6
REG,2026-01-09,2026-01-12,2026-01-15,1-2%,-1.005,69.91,70.62,tp_gap_filled,34.0309,2379.1,1.016,24.16,3
WDC,2026-01-07,2026-01-12,2026-01-15,3-5%,-3.369,211.99,219.38,tp_gap_filled,11.2291,2380.46,3.486,82.98,3
ADI,2026-01-12,2026-01-13,2026-01-15,1-2%,-1.14,297.5,300.93,tp_gap_filled,7.9822,2374.69,1.153,27.38,2
APO,2026-01-12,2026-01-13,2026-01-15,1-2%,-1.92,143.02,145.82,tp_gap_filled,16.5983,2373.89,1.958,46.48,2
CFG,2026-01-12,2026-01-13,2026-01-15,1-2%,-1.189,59.81,60.53,tp_gap_filled,39.6782,2373.15,1.204,28.57,2
CMG,2026-01-13,2026-01-14,2026-01-15,1-2%,-1.438,39.76,40.34,tp_gap_filled,59.5088,2366.07,1.459,34.52,1
ABT,2025-10-15,2025-10-16,2026-01-16,3-5%,-3.947,128.01,121.76,time_exit,17.3259,2217.89,-4.882,-108.29,63
PGR,2025-10-15,2025-10-16,2026-01-16,5-10%,-5.932,226.14,202.37,time_exit,9.8028,2216.8,-10.511,-233.01,63
LITE,2026-01-07,2026-01-08,2026-01-16,3-5%,-4.881,378.02,321.317,stop,6.2197,2351.16,-15.0,-352.67,6
ALL,2026-01-12,2026-01-13,2026-01-16,1-2%,-1.569,208.88,192.1696,stop,11.3697,2374.9,-8.0,-189.99,3
AMAT,2026-01-14,2026-01-15,2026-01-16,1-2%,-1.115,301.47,304.87,tp_gap_filled,7.8853,2377.17,1.128,26.81,1
AMD,2026-01-14,2026-01-15,2026-01-16,1-2%,-1.552,217.54,220.97,tp_gap_filled,10.9403,2379.95,1.577,37.53,1
BLK,2026-01-14,2026-01-15,2026-01-16,1-2%,-1.745,1070.53,1089.54,tp_gap_filled,2.2249,2381.81,1.776,42.3,1
DHI,2026-01-14,2026-01-15,2026-01-16,1-2%,-1.43,158.55,160.85,tp_gap_filled,15.0498,2386.15,1.451,34.61,1
EXR,2025-10-29,2026-01-15,2026-01-16,1-2%,-1.103,145.3,146.92,tp_gap_filled,16.4283,2387.03,1.115,26.61,1
KKR,2026-01-14,2026-01-15,2026-01-16,1-2%,-1.03,128.74,130.08,tp_gap_filled,18.5513,2388.29,1.041,24.86,1
LRCX,2026-01-14,2026-01-15,2026-01-16,1-2%,-1.516,211.13,214.38,tp_gap_filled,11.3165,2389.25,1.539,36.78,1
NXPI,2026-01-14,2026-01-15,2026-01-16,1-2%,-1.033,236.62,239.09,tp_gap_filled,10.1028,2390.53,1.044,24.95,1
Q,2026-01-14,2026-01-15,2026-01-16,1-2%,-1.361,88.45,89.67,tp_gap_filled,27.0314,2390.93,1.379,32.98,1
TKO,2026-01-14,2026-01-15,2026-01-16,1-2%,-1.015,206.77,208.89,tp_gap_filled,11.5754,2393.45,1.025,24.54,1
FICO,2025-10-08,2025-11-11,2026-01-20,3-5%,-3.094,1821.39,1548.1815,stop,1.2349,2249.29,-15.0,-337.39,46
MO,2025-10-30,2025-11-18,2026-01-20,3-5%,-4.518,59.17,61.97,tp_gap_filled,36.9895,2188.67,4.732,103.57,41
ATO,2025-12-16,2025-12-17,2026-01-20,1-2%,-1.218,168.67,170.75,tp_gap_filled,13.5458,2284.77,1.233,28.18,21
CCL,2026-01-07,2026-01-08,2026-01-20,2-3%,-2.539,31.48,28.0172,stop,74.5875,2348.01,-11.0,-258.28,7
JPM,2026-01-07,2026-01-08,2026-01-20,1-2%,-1.037,331.14,304.6488,stop,7.1008,2351.35,-8.0,-188.11,7
CMCSA,2026-01-14,2026-01-15,2026-01-20,1-2%,-1.51,28.05,28.48,tp_gap_filled,85.0496,2385.64,1.533,36.57,2
EQT,2026-01-15,2026-01-16,2026-01-20,1-2%,-1.134,49.69,50.26,tp_gap_filled,47.6784,2369.14,1.147,27.18,1
NOC,2026-01-15,2026-01-16,2026-01-20,1-2%,-1.955,640.37,653.14,tp_gap_filled,3.7018,2370.5,1.994,47.27,1
VLO,2026-01-15,2026-01-16,2026-01-20,1-2%,-1.078,184.5,186.51,tp_gap_filled,12.8589,2372.47,1.089,25.85,1
ECL,2025-10-28,2026-01-15,2026-01-21,1-2%,-1.005,276.9,279.71,tp_gap_filled,8.62,2386.89,1.015,24.22,3
HAL,2026-01-15,2026-01-16,2026-01-21,1-2%,-1.059,32.69,33.04,tp_gap_filled,72.4935,2369.81,1.071,25.37,2
ALB,2026-01-16,2026-01-20,2026-01-21,3-5%,-4.362,166.2,173.78,tp_gap_filled,14.101,2343.59,4.561,106.89,1
BG,2026-01-16,2026-01-20,2026-01-21,1-2%,-1.093,107.64,108.83,tp_gap_filled,21.7844,2344.87,1.106,25.92,1
CF,2026-01-16,2026-01-20,2026-01-21,2-3%,-2.079,84.8,86.6,tp_gap_filled,27.6643,2345.93,2.123,49.8,1
CTVA,2026-01-16,2026-01-20,2026-01-21,1-2%,-1.433,69.49,70.5,tp_gap_filled,33.788,2347.93,1.453,34.13,1
FANG,2026-01-15,2026-01-20,2026-01-21,1-2%,-1.008,152.18,153.73,tp_gap_filled,15.426,2347.53,1.019,23.91,1
FCX,2026-01-15,2026-01-20,2026-01-21,2-3%,-2.27,58.98,60.35,tp_gap_filled,39.784,2346.46,2.323,54.5,1
JBHT,2026-01-16,2026-01-20,2026-01-21,3-5%,-3.249,199.81,206.52,tp_gap_filled,11.7478,2347.33,3.358,78.83,1
MOS,2026-01-16,2026-01-20,2026-01-21,3-5%,-3.988,26.48,27.58,tp_gap_filled,88.672,2348.04,4.154,97.54,1
OKE,2026-01-15,2026-01-20,2026-01-21,1-2%,-1.292,74.87,75.85,tp_gap_filled,31.3745,2349.01,1.309,30.75,1
RF,2026-01-16,2026-01-20,2026-01-21,3-5%,-3.05,27.65,28.52,tp_gap_filled,84.9368,2348.5,3.146,73.9,1
STZ,2026-01-16,2026-01-20,2026-01-21,1-2%,-1.367,156.58,158.75,tp_gap_filled,14.9979,2348.38,1.386,32.55,1
MAA,2026-01-15,2026-01-16,2026-01-22,1-2%,-1.203,134.63,136.27,tp_gap_filled,17.6011,2369.64,1.218,28.87,3
TAP,2026-01-16,2026-01-20,2026-01-22,1-2%,-1.461,49.9,50.64,tp_gap_filled,47.1041,2350.5,1.483,34.86,2
A,2026-01-20,2026-01-21,2026-01-22,1-2%,-1.174,138.0,139.64,tp_gap_filled,17.1769,2370.41,1.188,28.17,1
ABBV,2026-01-20,2026-01-21,2026-01-22,1-2%,-1.236,211.7,214.35,tp_gap_filled,11.1999,2371.02,1.252,29.68,1
ABNB,2026-01-20,2026-01-21,2026-01-22,2-3%,-2.166,127.83,130.66,tp_gap_filled,18.556,2372.02,2.214,52.51,1
ACN,2026-01-20,2026-01-21,2026-01-22,1-2%,-1.317,282.44,286.21,tp_gap_filled,8.4059,2374.16,1.335,31.69,1
ADI,2026-01-20,2026-01-21,2026-01-22,1-2%,-1.086,296.99,300.25,tp_gap_filled,7.9931,2373.87,1.098,26.06,1
AES,2026-01-20,2026-01-21,2026-01-22,1-2%,-1.691,13.95,14.19,tp_gap_filled,170.2612,2375.14,1.72,40.86,1
AKAM,2026-01-20,2026-01-21,2026-01-22,1-2%,-1.508,92.08,93.49,tp_gap_filled,25.8051,2376.13,1.531,36.39,1
ALGN,2026-01-20,2026-01-21,2026-01-22,2-3%,-2.455,167.28,171.49,tp_gap_filled,14.2096,2376.98,2.517,59.82,1
AMAT,2026-01-20,2026-01-21,2026-01-22,3-5%,-3.336,316.1,327.01,tp_gap_filled,7.5221,2377.74,3.451,82.07,1
AMD,2026-01-20,2026-01-21,2026-01-22,2-3%,-2.48,226.08,231.83,tp_gap_filled,10.5233,2379.11,2.543,60.51,1
AME,2026-01-20,2026-01-21,2026-01-22,1-2%,-1.173,213.12,215.65,tp_gap_filled,11.1867,2384.1,1.187,28.3,1
AMGN,2026-01-08,2026-01-21,2026-01-22,1-2%,-1.136,337.76,341.64,tp_gap_filled,7.0634,2385.74,1.149,27.41,1
AMP,2026-01-20,2026-01-21,2026-01-22,1-2%,-1.773,500.29,509.32,tp_gap_filled,4.7704,2386.56,1.805,43.08,1
FTNT,2025-12-17,2025-12-18,2026-01-23,2-3%,-2.886,80.09,82.47,tp_gap_filled,28.451,2278.64,2.972,67.71,23
OMC,2026-01-05,2026-01-06,2026-01-23,2-3%,-2.533,79.26,81.32,tp_gap_filled,29.7063,2354.52,2.599,61.19,12
ARES,2026-01-12,2026-01-13,2026-01-23,1-2%,-1.438,173.38,159.5096,stop,13.6922,2373.96,-8.0,-189.92,7
ADSK,2026-01-20,2026-01-22,2026-01-23,1-2%,-1.562,261.54,265.69,tp_gap_filled,9.1375,2389.81,1.587,37.92,1
AMZN,2026-01-20,2026-01-22,2026-01-23,2-3%,-2.242,233.76,239.12,tp_gap_filled,10.2298,2391.32,2.293,54.83,1
JNJ,2026-01-21,2026-01-22,2026-01-23,3-5%,-3.304,211.0,218.21,tp_gap_filled,11.3208,2388.69,3.417,81.62,1
LYV,2026-01-13,2026-01-15,2026-01-26,1-2%,-1.149,147.14,148.85,tp_gap_filled,16.2477,2390.69,1.162,27.78,6
BSX,2026-01-15,2026-01-16,2026-01-26,5-10%,-5.846,88.26,93.74,tp_gap_filled,26.8439,2369.24,6.209,147.1,5
AMT,2026-01-16,2026-01-20,2026-01-26,1-2%,-1.03,179.68,181.55,tp_gap_filled,13.0531,2345.38,1.041,24.41,4
AVY,2026-01-20,2026-01-22,2026-01-26,1-2%,-1.182,186.42,188.65,tp_gap_filled,12.8282,2391.43,1.196,28.61,2
AZO,2025-12-09,2026-01-22,2026-01-26,1-2%,-1.913,3694.8899,3766.96,tp_gap_filled,0.6472,2391.31,1.951,46.64,2
ELV,2026-01-20,2026-01-22,2026-01-26,1-2%,-1.28,370.07,374.87,tp_gap_filled,6.4538,2388.34,1.297,30.98,2
FANG,2026-01-22,2026-01-23,2026-01-26,1-2%,-1.484,150.73,153.0,tp_gap_filled,15.8603,2390.62,1.506,36.0,1
PM,2026-01-20,2026-01-23,2026-01-26,1-2%,-1.549,170.93,173.62,tp_gap_filled,13.9921,2391.67,1.574,37.64,1
ALLE,2025-10-23,2025-10-24,2026-01-27,2-3%,-2.165,171.7,166.89,time_exit,13.1765,2262.41,-2.801,-63.38,63
SJM,2026-01-16,2026-01-20,2026-01-27,1-2%,-1.317,103.4,104.78,tp_gap_filled,22.7125,2348.47,1.335,31.34,5
DLTR,2026-01-21,2026-01-22,2026-01-27,1-2%,-1.686,131.8,121.256,stop,18.1373,2390.5,-8.0,-191.24,3
EIX,2026-01-20,2026-01-22,2026-01-27,1-2%,-1.955,61.17,62.39,tp_gap_filled,39.0498,2388.68,1.994,47.64,3
CPT,2026-01-22,2026-01-23,2026-01-27,1-2%,-1.033,107.31,108.43,tp_gap_filled,22.2755,2390.38,1.044,24.95,2
AAPL,2026-01-20,2026-01-26,2026-01-27,1-2%,-1.096,252.73,255.53,tp_gap_filled,9.5085,2403.08,1.108,26.62,1
BKNG,2026-01-23,2026-01-26,2026-01-27,1-2%,-1.624,202.6896,206.036,tp_gap_filled,11.8585,2403.59,1.651,39.68,1
COHR,2026-01-23,2026-01-26,2026-01-27,2-3%,-2.215,198.23,202.72,tp_gap_filled,12.1285,2404.24,2.265,54.46,1
GLW,2026-01-23,2026-01-26,2026-01-27,1-2%,-1.135,93.21,94.28,tp_gap_filled,25.7982,2404.65,1.148,27.6,1
KLAC,2026-01-23,2026-01-26,2026-01-27,1-2%,-1.051,148.423,150.0,tp_gap_filled,16.2074,2405.55,1.063,25.56,1
MCD,2025-12-23,2025-12-24,2026-01-28,1-2%,-1.303,312.1,316.22,tp_gap_filled,7.3963,2308.39,1.32,30.47,22
MGM,2026-01-05,2026-01-06,2026-01-28,1-2%,-1.178,36.06,33.1752,stop,65.1637,2349.8,-8.0,-187.98,15
COP,2026-01-15,2026-01-23,2026-01-28,1-2%,-1.345,98.99,100.34,tp_gap_filled,24.1508,2390.69,1.364,32.6,3
DXCM,2026-01-23,2026-01-26,2026-01-28,1-2%,-1.177,73.05,73.92,tp_gap_filled,32.9107,2404.12,1.191,28.63,2
DECK,2026-01-26,2026-01-27,2026-01-28,1-2%,-1.1,98.88,99.98,tp_gap_filled,24.2874,2401.54,1.112,26.72,1
HII,2026-01-26,2026-01-27,2026-01-28,1-2%,-1.001,414.39,418.58,tp_gap_filled,5.7969,2402.16,1.011,24.29,1
MU,2026-01-26,2026-01-27,2026-01-28,1-2%,-1.038,395.5,399.65,tp_gap_filled,6.0658,2399.02,1.049,25.17,1
RCL,2025-10-28,2025-12-19,2026-01-29,5-10%,-7.688,295.64,320.26,tp_gap_filled,7.7436,2289.3,8.328,190.65,26
URI,2025-10-23,2026-01-12,2026-01-29,3-5%,-4.185,950.01,807.5085,stop,2.5058,2380.54,-15.0,-357.08,12
BEN,2026-01-20,2026-01-22,2026-01-29,1-2%,-1.538,25.6,26.0,tp_gap_filled,93.4125,2391.36,1.562,37.36,5
APA,2026-01-22,2026-01-23,2026-01-29,2-3%,-2.035,26.0,26.54,tp_gap_filled,91.9637,2391.06,2.077,49.66,4
FICO,2026-01-23,2026-01-26,2026-01-29,1-2%,-1.083,1540.09,1556.95,tp_gap_filled,1.5612,2404.32,1.095,26.32,3
AMD,2026-01-26,2026-01-28,2026-01-29,1-2%,-1.128,256.75,259.68,tp_gap_filled,9.293,2385.97,1.141,27.23,1
ECHO,2026-01-15,2026-01-28,2026-01-29,1-2%,-1.03,129.74,119.3608,stop,18.3575,2381.71,-8.0,-190.54,1
GS,2026-01-23,2026-01-28,2026-01-29,2-3%,-2.155,934.08,954.65,tp_gap_filled,2.5494,2381.31,2.202,52.44,1
NEE,2026-01-27,2026-01-28,2026-01-29,1-2%,-1.135,84.5,85.47,tp_gap_filled,28.2059,2383.4,1.148,27.36,1
NEM,2026-01-27,2026-01-28,2026-01-29,1-2%,-1.302,124.28,125.92,tp_gap_filled,19.1916,2385.13,1.32,31.47,1
CCI,2025-10-28,2025-10-29,2026-01-30,3-5%,-3.689,94.0,86.81,time_exit,23.6828,2226.19,-7.649,-170.28,63
CDNS,2025-10-28,2025-10-29,2026-01-30,3-5%,-3.526,339.01,296.36,time_exit,6.5621,2224.6,-12.581,-279.87,63
GEV,2025-12-11,2026-01-28,2026-01-30,1-2%,-1.639,711.15,723.0,tp_gap_filled,3.3485,2381.28,1.666,39.68,2
BXP,2026-01-28,2026-01-29,2026-01-30,2-3%,-2.024,63.9,65.22,tp_gap_filled,37.3171,2384.56,2.066,49.26,1
CARR,2026-01-28,2026-01-29,2026-01-30,2-3%,-2.085,55.88,57.07,tp_gap_filled,42.6877,2385.39,2.13,50.8,1
HII,2026-01-28,2026-01-29,2026-01-30,1-2%,-1.445,416.68,422.79,tp_gap_filled,5.7322,2388.48,1.466,35.02,1
IBM,2026-01-20,2026-01-29,2026-01-30,1-2%,-1.413,301.35,305.67,tp_gap_filled,7.9302,2389.76,1.434,34.26,1
LLY,2026-01-28,2026-01-29,2026-01-30,1-2%,-1.0,1029.11,1039.51,tp_gap_filled,2.3245,2392.17,1.011,24.17,1
JCI,2026-01-06,2026-01-07,2026-02-02,5-10%,-7.356,112.59,121.53,tp_gap_filled,20.6637,2326.52,7.94,184.73,17
MRNA,2026-01-23,2026-01-27,2026-02-02,3-5%,-3.968,49.812,42.3402,stop,48.2459,2403.23,-15.0,-360.48,4
CLX,2026-01-28,2026-01-30,2026-02-02,1-2%,-1.458,111.54,113.19,tp_gap_filled,21.3797,2384.69,1.479,35.28,1
CMCSA,2026-01-29,2026-01-30,2026-02-02,2-3%,-2.746,27.63,28.41,tp_gap_filled,86.3275,2385.23,2.823,67.34,1
DOW,2026-01-29,2026-01-30,2026-02-02,3-5%,-4.248,26.6,27.78,tp_gap_filled,89.8078,2388.89,4.436,105.97,1
WDAY,2025-11-26,2025-11-28,2026-02-03,5-10%,-7.852,215.34,163.6584,stop,10.5261,2266.69,-24.0,-544.01,44
GPN,2025-10-29,2025-12-11,2026-02-03,3-5%,-4.823,81.5,69.275,stop,28.5871,2329.85,-15.0,-349.48,35
VMC,2026-01-14,2026-01-16,2026-02-03,1-2%,-1.781,305.5,311.04,tp_gap_filled,7.765,2372.2,1.813,43.02,11
BLK,2026-01-20,2026-01-22,2026-02-03,1-2%,-1.648,1144.0,1052.48,stop,2.0906,2391.68,-8.0,-191.33,8
CASY,2026-01-21,2026-01-22,2026-02-03,1-2%,-1.019,632.06,638.57,tp_gap_filled,3.7837,2391.5,1.03,24.63,8
EXPE,2026-01-20,2026-01-22,2026-02-03,2-3%,-2.936,276.74,246.2986,stop,8.6313,2388.62,-11.0,-262.75,8
IRM,2026-01-20,2026-01-22,2026-02-03,1-2%,-1.261,94.72,87.1424,stop,25.223,2389.13,-8.0,-191.13,8
JPM,2026-01-20,2026-01-22,2026-02-03,2-3%,-2.003,306.21,312.47,tp_gap_filled,7.8064,2390.38,2.044,48.87,8
MLM,2026-01-14,2026-01-22,2026-02-03,1-2%,-1.459,656.0,665.71,tp_gap_filled,3.6433,2389.98,1.48,35.38,8
BR,2026-01-23,2026-01-26,2026-02-03,1-2%,-1.001,207.69,191.0748,stop,11.5748,2403.97,-8.0,-192.32,6
STE,2026-01-20,2026-01-27,2026-02-03,1-2%,-1.109,265.67,268.65,tp_gap_filled,9.0368,2400.8,1.122,26.93,5
LII,2026-01-28,2026-01-29,2026-02-03,2-3%,-2.903,484.32,498.8,tp_gap_filled,4.9368,2391.01,2.99,71.49,3
MO,2026-01-29,2026-01-30,2026-02-03,3-5%,-3.231,61.09,63.13,tp_gap_filled,39.1323,2390.59,3.339,79.83,2
AAPL,2026-01-30,2026-02-02,2026-02-03,1-2%,-1.204,255.17,258.28,tp_gap_filled,9.3722,2391.51,1.219,29.15,1
ADI,2026-01-30,2026-02-02,2026-02-03,1-2%,-1.174,314.96,318.7,tp_gap_filled,7.6019,2394.29,1.187,28.43,1
AES,2026-01-30,2026-02-02,2026-02-03,1-2%,-1.396,14.83,15.04,tp_gap_filled,161.4686,2394.58,1.416,33.91,1
AMD,2026-01-30,2026-02-02,2026-02-03,5-10%,-6.047,236.93,252.18,tp_gap_filled,10.1023,2393.55,6.437,154.06,1
LH,2025-10-28,2025-11-11,2026-02-04,3-5%,-3.903,264.9,275.66,tp_gap_filled,8.4922,2249.58,4.062,91.38,57
KR,2025-12-04,2025-12-05,2026-02-04,3-5%,-4.003,63.55,66.2,tp_gap_filled,35.9291,2283.3,4.17,95.21,40
IP,2025-10-30,2026-01-09,2026-02-04,3-5%,-3.504,42.68,44.23,tp_gap_filled,55.9268,2386.96,3.632,86.69,17
BAC,2026-01-12,2026-01-13,2026-02-04,1-2%,-1.003,55.29,55.85,tp_gap_filled,42.9159,2372.82,1.013,24.03,15
NRG,2026-01-07,2026-01-15,2026-02-04,1-2%,-1.328,157.51,144.9092,stop,15.1751,2390.23,-8.0,-191.22,13
KHC,2026-01-16,2026-01-20,2026-02-04,1-2%,-1.65,23.84,24.24,tp_gap_filled,98.498,2348.19,1.678,39.4,11
MKC,2026-01-22,2026-01-27,2026-02-04,3-5%,-4.913,63.29,66.56,tp_gap_filled,37.9702,2403.13,5.167,124.16,6
AMAT,2026-01-30,2026-02-03,2026-02-04,2-3%,-2.464,332.93,296.3077,stop,7.1631,2384.81,-11.0,-262.33,1
APA,2026-02-02,2026-02-03,2026-02-04,3-5%,-3.938,25.37,26.41,tp_gap_filled,93.9207,2382.77,4.099,97.68,1
CF,2026-02-02,2026-02-03,2026-02-04,1-2%,-1.877,91.48,93.23,tp_gap_filled,26.0693,2384.82,1.913,45.62,1
CIEN,2026-02-02,2026-02-03,2026-02-04,1-2%,-1.541,247.93,251.81,tp_gap_filled,9.6211,2385.35,1.565,37.33,1
COHR,2026-02-02,2026-02-03,2026-02-04,1-2%,-1.598,208.79,212.18,tp_gap_filled,11.451,2390.85,1.624,38.82,1
COP,2026-02-02,2026-02-03,2026-02-04,2-3%,-2.61,101.51,104.23,tp_gap_filled,23.5988,2395.52,2.68,64.19,1
CVNA,2026-02-02,2026-02-03,2026-02-04,2-3%,-2.473,78.238,80.222,tp_gap_filled,30.6107,2394.92,2.536,60.73,1
CVX,2026-02-02,2026-02-03,2026-02-04,1-2%,-1.956,173.44,176.9,tp_gap_filled,13.8219,2397.27,1.995,47.82,1
DVN,2026-02-02,2026-02-03,2026-02-04,1-2%,-1.865,39.46,40.21,tp_gap_filled,60.7841,2398.54,1.901,45.59,1
ECHO,2026-02-02,2026-02-03,2026-02-04,1-2%,-1.908,111.06,113.22,tp_gap_filled,21.6149,2400.55,1.945,46.69,1
EOG,2026-02-02,2026-02-03,2026-02-04,3-5%,-3.014,108.75,112.13,tp_gap_filled,22.0889,2402.17,3.108,74.66,1
FANG,2026-02-02,2026-02-03,2026-02-04,3-5%,-3.257,158.61,163.95,tp_gap_filled,15.1504,2403.0,3.367,80.9,1
FCX,2026-01-30,2026-02-03,2026-02-04,5-10%,-5.205,61.74,65.13,tp_gap_filled,38.9423,2404.29,5.491,132.01,1
FITB,2026-02-02,2026-02-03,2026-02-04,1-2%,-1.593,49.42,50.22,tp_gap_filled,48.6964,2406.58,1.619,38.96,1
HAL,2026-02-02,2026-02-03,2026-02-04,2-3%,-2.416,32.71,33.52,tp_gap_filled,73.6723,2409.82,2.476,59.67,1
TEL,2026-01-23,2026-01-27,2026-02-05,1-2%,-1.232,228.5,210.22,stop,10.5047,2400.33,-8.0,-192.03,7
DHR,2026-01-27,2026-01-28,2026-02-05,1-2%,-1.136,234.02,215.2984,stop,10.1856,2383.64,-8.0,-190.69,6
OTIS,2026-01-28,2026-01-29,2026-02-05,5-10%,-6.306,84.84,90.55,tp_gap_filled,28.1935,2391.94,6.73,160.99,5
AME,2026-02-03,2026-02-04,2026-02-05,1-2%,-1.287,224.79,227.72,tp_gap_filled,10.6902,2403.06,1.303,31.32,1
BAX,2026-02-03,2026-02-04,2026-02-05,1-2%,-1.61,19.55,19.87,tp_gap_filled,122.9746,2404.15,1.637,39.35,1
BG,2026-02-03,2026-02-04,2026-02-05,1-2%,-1.869,111.85,113.98,tp_gap_filled,21.527,2407.79,1.904,45.85,1
CCL,2026-02-03,2026-02-04,2026-02-05,1-2%,-1.602,31.93,32.45,tp_gap_filled,75.481,2410.11,1.629,39.25,1
CHD,2026-02-03,2026-02-04,2026-02-05,1-2%,-1.13,96.24,97.34,tp_gap_filled,25.0452,2410.35,1.143,27.55,1
CHTR,2026-02-03,2026-02-04,2026-02-05,1-2%,-1.727,209.92,213.61,tp_gap_filled,11.4926,2412.53,1.758,42.41,1
CLX,2026-02-03,2026-02-04,2026-02-05,1-2%,-1.209,111.92,113.29,tp_gap_filled,21.5851,2415.81,1.224,29.57,1
CPAY,2026-02-03,2026-02-04,2026-02-05,1-2%,-1.896,299.09,304.87,tp_gap_filled,8.0856,2418.33,1.933,46.73,1
CTAS,2026-02-03,2026-02-04,2026-02-05,1-2%,-1.681,187.7,190.91,tp_gap_filled,12.8851,2418.53,1.71,41.36,1
DOC,2026-02-03,2026-02-04,2026-02-05,2-3%,-2.482,16.5,16.92,tp_gap_filled,146.654,2419.79,2.545,61.59,1
ETN,2026-02-03,2026-02-04,2026-02-05,2-3%,-2.763,349.51,359.44,tp_gap_filled,6.9257,2420.61,2.841,68.77,1
GPN,2026-02-03,2026-02-04,2026-02-05,2-3%,-2.278,70.35,71.99,tp_gap_filled,34.4257,2421.85,2.331,56.46,1
MDLZ,2026-02-03,2026-02-04,2026-02-05,1-2%,-1.073,58.06,58.69,tp_gap_filled,41.774,2425.4,1.085,26.32,1
MPC,2025-12-11,2026-02-04,2026-02-05,1-2%,-1.343,188.73,191.3,tp_gap_filled,12.8571,2426.52,1.362,33.04,1
MRK,2026-02-03,2026-02-04,2026-02-05,1-2%,-1.5,111.67,113.37,tp_gap_filled,21.7459,2428.37,1.522,36.97,1
PFE,2026-02-03,2026-02-04,2026-02-05,3-5%,-4.876,25.36,26.66,tp_gap_filled,95.9318,2432.83,5.126,124.71,1
ROL,2026-02-03,2026-02-04,2026-02-05,1-2%,-1.102,62.81,63.51,tp_gap_filled,38.7765,2435.55,1.114,27.14,1
C,2026-01-12,2026-01-13,2026-02-06,3-5%,-3.643,116.9,121.32,tp_gap_filled,20.2967,2372.69,3.781,89.71,17
APO,2026-02-03,2026-02-04,2026-02-06,1-2%,-1.209,131.58,133.19,tp_gap_filled,18.268,2403.71,1.224,29.41,2
ABBV,2026-02-04,2026-02-05,2026-02-06,5-10%,-7.037,209.78,225.66,tp_gap_filled,11.4303,2397.85,7.57,181.51,1
CAH,2026-02-04,2026-02-05,2026-02-06,1-2%,-1.138,215.52,218.0,tp_gap_filled,11.1357,2399.96,1.151,27.62,1
CF,2026-02-04,2026-02-05,2026-02-06,2-3%,-2.27,90.4,92.5,tp_gap_filled,26.577,2402.56,2.323,55.81,1
CI,2026-02-04,2026-02-05,2026-02-06,2-3%,-2.03,269.8,275.39,tp_gap_filled,8.9068,2403.05,2.072,49.79,1
CMG,2026-02-04,2026-02-05,2026-02-06,3-5%,-3.702,37.72,39.17,tp_gap_filled,63.7772,2405.67,3.844,92.48,1
DLTR,2026-02-04,2026-02-05,2026-02-06,1-2%,-1.788,117.55,119.69,tp_gap_filled,20.4781,2407.2,1.821,43.82,1
GRMN,2026-02-04,2026-02-05,2026-02-06,1-2%,-1.183,198.84,201.22,tp_gap_filled,12.1104,2408.04,1.197,28.82,1
ICE,2026-02-03,2026-02-05,2026-02-06,1-2%,-1.501,170.58,173.18,tp_gap_filled,14.1165,2408.0,1.524,36.7,1
TXN,2026-02-04,2026-02-05,2026-02-06,1-2%,-1.368,222.13,225.21,tp_gap_filled,10.8303,2405.73,1.387,33.36,1
EG,2025-10-28,2025-11-06,2026-02-09,5-10%,-5.489,325.1,322.12,time_exit,6.7635,2198.81,-0.917,-20.16,63
ADP,2026-01-28,2026-01-29,2026-02-09,1-2%,-1.91,249.65,229.678,stop,9.5428,2382.36,-8.0,-190.59,7
AJG,2026-01-27,2026-01-30,2026-02-09,2-3%,-2.095,250.06,222.5534,stop,9.537,2384.82,-11.0,-262.33,6
COR,2026-02-04,2026-02-05,2026-02-09,3-5%,-4.63,345.0,361.75,tp_gap_filled,6.9757,2406.61,4.855,116.84,2
ADI,2026-02-05,2026-02-06,2026-02-09,1-2%,-1.279,316.34,320.44,tp_gap_filled,7.6988,2435.43,1.296,31.57,1
AES,2026-02-04,2026-02-06,2026-02-09,1-2%,-1.305,15.88,16.09,tp_gap_filled,153.4044,2436.06,1.322,32.21,1
AFL,2026-02-05,2026-02-06,2026-02-09,1-2%,-1.012,112.47,113.62,tp_gap_filled,21.6643,2436.58,1.022,24.91,1
APA,2026-02-05,2026-02-06,2026-02-09,1-2%,-1.497,26.97,27.38,tp_gap_filled,90.4057,2438.24,1.52,37.07,1
BKR,2026-02-05,2026-02-06,2026-02-09,1-2%,-1.487,58.29,59.17,tp_gap_filled,41.8465,2439.23,1.51,36.82,1
CAT,2026-02-05,2026-02-06,2026-02-09,1-2%,-1.486,681.54,691.82,tp_gap_filled,3.5798,2439.76,1.508,36.8,1
CIEN,2026-02-05,2026-02-06,2026-02-09,3-5%,-4.284,242.64,253.5,tp_gap_filled,10.0711,2443.65,4.476,109.37,1
COHR,2026-02-05,2026-02-06,2026-02-09,10%+,-15.114,179.11,211.0,tp_gap_filled,13.6819,2450.57,17.805,436.32,1
CVNA,2026-02-05,2026-02-06,2026-02-09,1-2%,-1.979,77.052,78.608,tp_gap_filled,31.9766,2463.86,2.019,49.76,1
DVN,2026-02-05,2026-02-06,2026-02-09,1-2%,-1.314,42.82,43.39,tp_gap_filled,57.5949,2466.21,1.331,32.83,1
ECHO,2026-02-05,2026-02-06,2026-02-09,1-2%,-1.427,109.11,110.69,tp_gap_filled,22.6134,2467.35,1.448,35.73,1
ESS,2026-01-02,2026-01-16,2026-02-10,1-2%,-1.017,259.02,261.68,tp_gap_filled,9.1497,2369.95,1.027,24.34,16
ADM,2026-02-03,2026-02-04,2026-02-10,5-10%,-8.314,62.42,68.08,tp_gap_filled,38.4376,2399.28,9.068,217.56,4
NXPI,2026-02-03,2026-02-04,2026-02-10,3-5%,-4.894,219.77,231.08,tp_gap_filled,11.0628,2431.26,5.146,125.12,4
AMT,2026-02-05,2026-02-06,2026-02-10,2-3%,-2.249,172.58,176.55,tp_gap_filled,14.1303,2438.61,2.3,56.1,2
CBOE,2026-02-06,2026-02-09,2026-02-10,2-3%,-2.826,267.5,275.28,tp_gap_filled,9.1677,2452.36,2.908,71.32,1
DD,2026-02-05,2026-02-09,2026-02-10,1-2%,-1.526,141.3,143.49,tp_gap_filled,17.3731,2454.82,1.55,38.05,1
DOW,2026-02-05,2026-02-09,2026-02-10,1-2%,-1.543,31.9,32.4,tp_gap_filled,76.9535,2454.82,1.567,38.48,1
MSFT,2026-02-05,2026-02-09,2026-02-10,1-2%,-1.63,407.44,414.19,tp_gap_filled,6.0233,2454.13,1.657,40.66,1
NSC,2026-02-06,2026-02-09,2026-02-10,1-2%,-1.121,303.47,306.91,tp_gap_filled,8.0893,2454.87,1.134,27.83,1
PM,2026-02-06,2026-02-09,2026-02-10,1-2%,-1.192,179.83,182.0,tp_gap_filled,13.6531,2455.24,1.207,29.63,1
SNA,2026-02-06,2026-02-09,2026-02-10,1-2%,-1.146,366.55,370.8,tp_gap_filled,6.6997,2455.79,1.159,28.47,1
WDC,2026-02-04,2026-02-09,2026-02-10,1-2%,-1.678,285.37,262.5404,stop,8.6064,2456.0,-8.0,-196.48,1
CTVA,2026-02-04,2026-02-05,2026-02-11,2-3%,-2.599,73.09,75.04,tp_gap_filled,32.9403,2407.6,2.668,64.23,4
AZO,2026-02-05,2026-02-06,2026-02-11,1-2%,-1.265,3673.4299,3720.5,tp_gap_filled,0.664,2439.13,1.281,31.25,3
CCI,2026-02-05,2026-02-06,2026-02-11,5-10%,-7.386,79.75,86.11,tp_gap_filled,30.6327,2442.96,7.975,194.82,3
CMI,2026-02-05,2026-02-06,2026-02-11,5-10%,-6.78,564.57,605.63,tp_gap_filled,4.3386,2449.42,7.273,178.14,3
AMAT,2026-02-09,2026-02-10,2026-02-11,1-2%,-1.535,317.56,322.51,tp_gap_filled,7.7269,2453.76,1.559,38.25,1
BAX,2026-02-09,2026-02-10,2026-02-11,1-2%,-1.104,21.49,21.73,tp_gap_filled,114.2644,2455.54,1.117,27.42,1
BDX,2026-02-09,2026-02-10,2026-02-11,2-3%,-2.866,160.3774,165.1101,tp_gap_filled,15.3174,2456.57,2.951,72.49,1
BLK,2026-02-09,2026-02-10,2026-02-11,1-2%,-1.069,1045.09,1056.38,tp_gap_filled,2.354,2460.15,1.08,26.58,1
CDW,2026-02-09,2026-02-10,2026-02-11,1-2%,-1.024,141.16,142.62,tp_gap_filled,17.4388,2461.66,1.034,25.46,1
CLX,2026-02-09,2026-02-10,2026-02-11,1-2%,-1.005,118.16,119.36,tp_gap_filled,20.8383,2462.25,1.016,25.01,1
FISV,2026-02-03,2026-02-10,2026-02-11,2-3%,-2.622,61.29,62.94,tp_gap_filled,40.1672,2461.85,2.692,66.28,1
GPN,2026-02-09,2026-02-10,2026-02-11,1-2%,-1.18,72.0,72.86,tp_gap_filled,34.2068,2462.89,1.194,29.42,1
JCI,2026-02-09,2026-02-10,2026-02-11,1-2%,-1.199,136.0,137.65,tp_gap_filled,18.1109,2463.08,1.213,29.88,1
EBAY,2025-10-30,2025-11-11,2026-02-12,10%+,-14.004,85.6,79.41,time_exit,26.2403,2246.17,-7.231,-162.43,63
TMO,2026-01-29,2026-01-30,2026-02-12,3-5%,-3.654,585.8,497.93,stop,4.082,2391.24,-15.0,-358.69,9
ALB,2026-01-30,2026-02-02,2026-02-12,5-10%,-7.355,167.41,180.7,tp_gap_filled,14.3017,2394.26,7.939,190.07,8
EQT,2026-02-02,2026-02-03,2026-02-12,3-5%,-3.863,55.5,57.73,tp_gap_filled,43.2958,2402.91,4.018,96.55,7
GEHC,2026-01-15,2026-02-04,2026-02-12,1-2%,-1.278,84.21,77.4732,stop,28.7704,2422.76,-8.0,-193.82,6
JKHY,2026-02-03,2026-02-05,2026-02-12,1-2%,-1.468,176.55,162.426,stop,13.6355,2407.35,-8.0,-192.59,5
NDAQ,2026-02-04,2026-02-05,2026-02-12,1-2%,-1.152,86.7,79.764,stop,27.7678,2407.46,-8.0,-192.6,5
BF-B,2025-12-17,2026-02-10,2026-02-12,1-2%,-1.874,29.84,30.41,tp_gap_filled,82.4408,2460.03,1.91,46.99,2
CVS,2026-02-09,2026-02-10,2026-02-12,1-2%,-1.034,77.54,78.35,tp_gap_filled,31.7723,2463.62,1.045,25.74,2
IBM,2026-02-09,2026-02-10,2026-02-12,1-2%,-1.01,295.91,272.2372,stop,8.3261,2463.77,-8.0,-197.1,2
CRL,2026-02-10,2026-02-11,2026-02-12,1-2%,-1.992,182.0,167.44,stop,13.4357,2445.31,-8.0,-195.62,1
GLW,2026-02-10,2026-02-11,2026-02-12,1-2%,-1.811,129.01,131.39,tp_gap_filled,18.921,2441.0,1.845,45.03,1
ICE,2026-02-10,2026-02-11,2026-02-12,2-3%,-2.938,164.5,146.405,stop,14.8203,2437.94,-11.0,-268.17,1
KO,2026-02-10,2026-02-11,2026-02-12,1-2%,-1.719,76.63,77.97,tp_gap_filled,31.766,2434.23,1.749,42.57,1
L,2026-02-10,2026-02-11,2026-02-12,1-2%,-1.181,109.59,110.9,tp_gap_filled,22.2236,2435.48,1.195,29.11,1
LITE,2026-02-10,2026-02-11,2026-02-12,5-10%,-5.013,548.22,577.15,tp_gap_filled,4.443,2435.74,5.277,128.54,1
KMB,2025-11-03,2025-11-12,2026-02-13,10%+,-12.547,104.69,109.41,time_exit,21.5769,2258.88,4.509,101.84,63
DXCM,2026-02-09,2026-02-10,2026-02-13,1-2%,-1.372,69.01,63.4892,stop,35.6826,2462.45,-8.0,-197.0,3
EXC,2025-12-01,2026-02-12,2026-02-13,1-2%,-1.91,46.22,47.12,tp_gap_filled,51.9857,2402.78,1.947,46.79,1
GIS,2026-02-11,2026-02-12,2026-02-13,1-2%,-1.541,47.91,48.66,tp_gap_filled,50.1808,2404.16,1.565,37.64,1
HD,2026-02-11,2026-02-12,2026-02-13,1-2%,-1.201,385.0,389.68,tp_gap_filled,6.2463,2404.83,1.216,29.23,1
KHC,2026-02-11,2026-02-12,2026-02-13,3-5%,-4.418,23.8,24.9,tp_gap_filled,100.8955,2401.31,4.622,110.99,1
KVUE,2026-02-11,2026-02-12,2026-02-13,1-2%,-1.201,18.1,18.32,tp_gap_filled,132.7272,2402.36,1.215,29.2,1
MRNA,2026-02-11,2026-02-12,2026-02-13,10%+,-10.454,37.605,41.995,tp_gap_filled,63.8637,2401.59,11.674,280.36,1
PHM,2026-02-11,2026-02-12,2026-02-13,1-2%,-1.005,135.95,137.33,tp_gap_filled,17.6925,2405.3,1.015,24.42,1
STX,2026-02-09,2026-02-12,2026-02-13,1-2%,-1.23,424.04,429.32,tp_gap_filled,5.6674,2403.2,1.245,29.92,1
ES,2025-11-19,2026-01-14,2026-02-17,5-10%,-5.541,70.41,74.54,tp_gap_filled,33.6182,2367.06,5.866,138.84,22
BLDR,2026-02-11,2026-02-12,2026-02-17,2-3%,-2.733,124.91,111.1699,stop,19.2534,2404.95,-11.0,-264.54,2
DRI,2026-02-10,2026-02-12,2026-02-17,1-2%,-1.344,215.08,218.01,tp_gap_filled,11.1739,2403.27,1.362,32.74,2
NCLH,2026-02-11,2026-02-12,2026-02-17,2-3%,-2.334,23.01,23.56,tp_gap_filled,104.5108,2404.79,2.39,57.48,2
ANET,2026-02-12,2026-02-13,2026-02-17,1-2%,-1.891,138.0,140.66,tp_gap_filled,17.4831,2412.67,1.928,46.51,1
CDNS,2026-01-30,2026-02-10,2026-02-18,1-2%,-1.391,298.46,302.67,tp_gap_filled,8.2476,2461.57,1.411,34.72,5
MAS,2026-02-11,2026-02-12,2026-02-18,1-2%,-1.208,76.88,77.82,tp_gap_filled,31.2637,2403.56,1.223,29.39,3
GILD,2026-02-12,2026-02-13,2026-02-18,1-2%,-1.528,153.42,155.8,tp_gap_filled,15.7462,2415.78,1.551,37.48,2
NEM,2026-02-12,2026-02-13,2026-02-18,1-2%,-1.364,122.9,124.6,tp_gap_filled,19.6526,2415.31,1.383,33.41,2
BAC,2026-02-13,2026-02-17,2026-02-18,1-2%,-1.161,51.91,52.52,tp_gap_filled,46.5948,2418.73,1.175,28.42,1
C,2026-02-13,2026-02-17,2026-02-18,1-2%,-1.242,109.77,111.15,tp_gap_filled,22.0416,2419.51,1.257,30.42,1
CSX,2026-02-13,2026-02-17,2026-02-18,1-2%,-1.179,40.22,40.7,tp_gap_filled,60.2008,2421.27,1.193,28.9,1
DLTR,2026-02-13,2026-02-17,2026-02-18,1-2%,-1.869,126.03,128.43,tp_gap_filled,19.2196,2422.25,1.904,46.13,1
DVA,2026-02-13,2026-02-17,2026-02-18,1-2%,-1.28,148.05,149.97,tp_gap_filled,16.3675,2423.21,1.297,31.43,1
AMAT,2026-02-17,2026-02-18,2026-02-19,1-2%,-1.102,351.0,354.91,tp_gap_filled,6.9598,2442.9,1.114,27.21,1
CIEN,2026-02-17,2026-02-18,2026-02-19,1-2%,-1.977,297.91,303.92,tp_gap_filled,8.2059,2444.61,2.017,49.32,1
COIN,2026-02-17,2026-02-18,2026-02-19,1-2%,-1.12,162.48,164.32,tp_gap_filled,15.0588,2446.75,1.132,27.71,1
CVNA,2026-02-17,2026-02-18,2026-02-19,1-2%,-1.578,67.492,68.574,tp_gap_filled,36.2595,2447.23,1.603,39.23,1
DE,2026-02-17,2026-02-18,2026-02-19,1-2%,-1.637,593.05,602.92,tp_gap_filled,4.1324,2450.72,1.664,40.79,1
COHR,2026-02-10,2026-02-11,2026-02-20,3-5%,-4.232,232.2,242.46,tp_gap_filled,10.5388,2447.1,4.419,108.13,6
CRL,2026-02-12,2026-02-13,2026-02-20,5-10%,-5.115,157.49,165.98,tp_gap_filled,15.3317,2414.6,5.391,130.17,4
DHR,2026-02-17,2026-02-18,2026-02-20,5-10%,-5.071,201.8,212.58,tp_gap_filled,12.1444,2450.73,5.342,130.92,2
BF-B,2026-02-18,2026-02-19,2026-02-20,1-2%,-1.333,28.87,29.26,tp_gap_filled,84.809,2448.44,1.351,33.08,1
EQT,2026-02-18,2026-02-19,2026-02-20,2-3%,-2.545,56.28,57.75,tp_gap_filled,43.4992,2448.14,2.612,63.94,1
NCLH,2026-02-18,2026-02-19,2026-02-20,1-2%,-1.162,23.82,24.1,tp_gap_filled,102.8426,2449.71,1.175,28.8,1
MET,2026-01-06,2026-01-07,2026-02-23,1-2%,-1.211,80.78,74.3176,stop,28.8401,2329.7,-8.0,-186.38,31
PAYX,2026-02-03,2026-02-05,2026-02-23,2-3%,-2.001,100.42,89.3738,stop,23.9674,2406.8,-11.0,-264.75,11
CCL,2026-02-09,2026-02-10,2026-02-23,1-2%,-1.53,33.47,30.7924,stop,73.5509,2461.75,-8.0,-196.94,8
ADP,2026-02-10,2026-02-11,2026-02-23,1-2%,-1.152,224.01,206.0892,stop,10.9351,2449.56,-8.0,-195.96,7
DELL,2026-02-12,2026-02-13,2026-02-23,5-10%,-5.364,117.5,124.16,tp_gap_filled,20.5598,2415.78,5.668,136.93,5
ALB,2026-02-12,2026-02-18,2026-02-23,1-2%,-1.379,173.01,175.43,tp_gap_filled,14.1229,2443.4,1.399,34.18,3
AMAT,2026-02-19,2026-02-20,2026-02-23,1-2%,-1.923,362.2,369.3,tp_gap_filled,6.7981,2462.27,1.96,48.27,1
BLK,2026-02-19,2026-02-20,2026-02-23,1-2%,-1.315,1077.9,1092.26,tp_gap_filled,2.287,2465.15,1.332,32.84,1
C,2026-02-19,2026-02-20,2026-02-23,1-2%,-1.101,114.99,116.27,tp_gap_filled,21.4442,2465.87,1.113,27.45,1
CARR,2026-02-19,2026-02-20,2026-02-23,1-2%,-1.679,63.25,64.33,tp_gap_filled,38.9929,2466.3,1.708,42.11,1
CPAY,2026-02-19,2026-02-20,2026-02-23,1-2%,-1.251,344.82,349.19,tp_gap_filled,7.1544,2467.0,1.267,31.26,1
MPWR,2026-02-09,2026-02-12,2026-02-24,1-2%,-1.124,1216.0,1229.8199,tp_gap_filled,1.9769,2403.97,1.137,27.32,7
CRL,2026-02-20,2026-02-23,2026-02-24,1-2%,-1.035,162.54,164.24,tp_gap_filled,15.0121,2440.07,1.046,25.52,1
CTAS,2026-02-20,2026-02-23,2026-02-24,1-2%,-1.066,195.86,197.97,tp_gap_filled,12.4598,2440.37,1.077,26.29,1
DHR,2026-02-20,2026-02-23,2026-02-24,1-2%,-1.188,208.74,211.25,tp_gap_filled,11.6939,2440.98,1.202,29.35,1
LYB,2026-02-20,2026-02-23,2026-02-24,1-2%,-1.88,54.29,55.33,tp_gap_filled,44.9713,2441.49,1.916,46.77,1
MCHP,2026-02-20,2026-02-23,2026-02-24,1-2%,-1.14,76.28,77.16,tp_gap_filled,32.0349,2443.62,1.154,28.19,1
MRNA,2026-02-20,2026-02-23,2026-02-24,1-2%,-1.087,49.16,49.7,tp_gap_filled,49.7118,2443.83,1.098,26.84,1
ON,2026-02-19,2026-02-23,2026-02-24,1-2%,-1.203,69.81,70.66,tp_gap_filled,35.023,2444.95,1.218,29.77,1
Q,2026-02-20,2026-02-23,2026-02-24,1-2%,-1.054,111.67,112.86,tp_gap_filled,21.8868,2444.1,1.066,26.05,1
BMY,2026-02-09,2026-02-10,2026-02-25,1-2%,-1.0,61.37,61.99,tp_gap_filled,40.1199,2462.16,1.01,24.87,10
CAT,2026-02-17,2026-02-18,2026-02-25,1-2%,-1.188,765.0,774.2,tp_gap_filled,3.1967,2445.44,1.203,29.41,5
AXON,2026-02-20,2026-02-24,2026-02-25,1-2%,-1.349,435.17,441.12,tp_gap_filled,5.6526,2459.83,1.367,33.63,1
CDNS,2026-02-23,2026-02-24,2026-02-25,1-2%,-1.634,291.44,296.28,tp_gap_filled,8.4431,2460.66,1.661,40.86,1
CNP,2026-02-23,2026-02-24,2026-02-25,1-2%,-1.302,42.44,43.0,tp_gap_filled,57.9335,2458.7,1.32,32.44,1
ETN,2026-02-23,2026-02-24,2026-02-25,1-2%,-1.677,367.12,373.38,tp_gap_filled,6.6982,2459.05,1.705,41.93,1
A,2026-02-09,2026-02-10,2026-02-26,1-2%,-1.381,127.79,117.5668,stop,19.1979,2453.3,-8.0,-196.26,11
DAL,2026-02-18,2026-02-19,2026-02-26,2-3%,-2.357,69.18,70.85,tp_gap_filled,35.4057,2449.37,2.414,59.13,5
COO,2026-02-23,2026-02-24,2026-02-26,1-2%,-1.094,83.15,84.07,tp_gap_filled,29.5744,2459.11,1.106,27.21,2
ALGN,2026-02-23,2026-02-25,2026-02-26,1-2%,-1.973,186.27,190.02,tp_gap_filled,13.206,2459.87,2.013,49.52,1
BXP,2026-02-24,2026-02-25,2026-02-26,1-2%,-1.543,58.7,59.62,tp_gap_filled,41.9139,2460.34,1.567,38.56,1
C,2026-02-24,2026-02-25,2026-02-26,1-2%,-1.174,109.45,110.75,tp_gap_filled,22.4914,2461.68,1.188,29.24,1
CIEN,2026-02-24,2026-02-25,2026-02-26,1-2%,-1.114,341.0,344.84,tp_gap_filled,7.2255,2463.88,1.126,27.75,1
CMG,2026-02-23,2026-02-25,2026-02-26,1-2%,-1.092,37.13,37.54,tp_gap_filled,66.4063,2465.67,1.104,27.23,1
COIN,2026-02-23,2026-02-25,2026-02-26,3-5%,-3.029,166.16,171.35,tp_gap_filled,14.8421,2466.16,3.123,77.03,1
LUV,2026-02-18,2026-02-19,2026-02-27,1-2%,-1.069,53.68,49.3856,stop,45.6627,2451.17,-8.0,-196.09,6
CPRT,2026-02-20,2026-02-23,2026-02-27,5-10%,-8.898,34.3,37.65,tp_gap_filled,71.0952,2438.57,9.767,238.17,4
CARR,2026-02-25,2026-02-26,2026-02-27,2-3%,-2.574,61.895,63.53,tp_gap_filled,39.891,2469.05,2.642,65.22,1
DELL,2026-02-25,2026-02-26,2026-02-27,1-2%,-1.386,118.12,119.78,tp_gap_filled,20.9076,2469.61,1.405,34.71,1
NOW,2026-02-20,2026-02-26,2026-02-27,1-2%,-1.276,106.0,107.37,tp_gap_filled,23.3114,2471.01,1.292,31.94,1
OKE,2026-02-25,2026-02-26,2026-02-27,1-2%,-1.098,81.98,82.89,tp_gap_filled,30.1604,2472.55,1.11,27.45,1
PNW,2026-02-25,2026-02-26,2026-02-27,1-2%,-1.589,98.46,100.05,tp_gap_filled,25.1247,2473.78,1.615,39.95,1
AXP,2026-01-12,2026-01-15,2026-03-02,3-5%,-4.023,360.5,306.425,stop,6.6081,2382.22,-15.0,-357.33,30
CINF,2026-02-10,2026-02-11,2026-03-02,2-3%,-2.537,164.42,168.7,tp_gap_filled,14.885,2447.38,2.603,63.71,12
HBAN,2026-02-10,2026-02-11,2026-03-02,2-3%,-2.526,18.52,16.4828,stop,131.722,2439.49,-11.0,-268.34,12
ADM,2026-02-17,2026-02-18,2026-03-02,1-2%,-1.065,68.77,69.51,tp_gap_filled,35.543,2444.29,1.076,26.3,8
PPG,2026-02-19,2026-02-23,2026-03-02,1-2%,-1.014,126.95,116.794,stop,19.2573,2444.72,-8.0,-195.58,5
DLTR,2026-02-23,2026-02-24,2026-03-02,1-2%,-1.204,132.89,122.2588,stop,18.5067,2459.36,-8.0,-196.75,4
DOW,2026-02-20,2026-02-24,2026-03-02,1-2%,-1.338,30.97,31.39,tp_gap_filled,79.3968,2458.92,1.356,33.35,4
DVN,2026-02-26,2026-02-27,2026-03-02,1-2%,-1.103,42.15,42.62,tp_gap_filled,58.4627,2464.2,1.115,27.48,1
EOG,2026-02-26,2026-02-27,2026-03-02,1-2%,-1.208,121.02,122.5,tp_gap_filled,20.3753,2465.82,1.223,30.16,1
EQT,2026-02-26,2026-02-27,2026-03-02,1-2%,-1.314,58.6,59.38,tp_gap_filled,42.1,2467.06,1.331,32.84,1
HAL,2026-02-26,2026-02-27,2026-03-02,1-2%,-1.333,34.8,35.27,tp_gap_filled,70.9608,2469.44,1.351,33.35,1
CRH,2026-01-13,2026-02-03,2026-03-03,2-3%,-2.664,127.88,113.8132,stop,18.7451,2397.12,-11.0,-263.68,19
FTNT,2026-02-23,2026-02-26,2026-03-03,1-2%,-1.975,78.42,80.0,tp_gap_filled,31.5099,2471.0,2.015,49.79,3
KR,2026-02-25,2026-02-26,2026-03-03,2-3%,-2.91,67.73,69.76,tp_gap_filled,36.4892,2471.41,2.997,74.07,3
AXON,2026-02-27,2026-03-02,2026-03-03,1-2%,-1.761,540.5,550.19,tp_gap_filled,4.5334,2450.33,1.793,43.93,1
CDNS,2026-02-27,2026-03-02,2026-03-03,2-3%,-2.977,288.74,297.6,tp_gap_filled,8.497,2453.42,3.069,75.28,1
CDW,2026-02-27,2026-03-02,2026-03-03,1-2%,-1.516,121.52,123.39,tp_gap_filled,20.2099,2455.91,1.539,37.79,1
GD,2026-01-28,2026-01-29,2026-03-04,3-5%,-4.045,351.79,366.62,tp_gap_filled,6.7902,2388.73,4.216,100.7,23
AMCR,2026-02-23,2026-02-24,2026-03-04,1-2%,-1.089,49.94,45.9448,stop,49.2509,2459.59,-8.0,-196.77,6
ABNB,2026-02-27,2026-03-02,2026-03-04,1-2%,-1.854,134.43,136.97,tp_gap_filled,18.2176,2448.99,1.889,46.27,2
ADP,2026-02-27,2026-03-02,2026-03-04,1-2%,-1.58,214.91,218.36,tp_gap_filled,11.3934,2448.56,1.605,39.31,2
AON,2026-03-02,2026-03-03,2026-03-04,1-2%,-1.028,332.02,335.47,tp_gap_filled,7.2887,2420.0,1.039,25.15,1
AXP,2026-03-02,2026-03-03,2026-03-04,1-2%,-1.845,303.2,308.9,tp_gap_filled,7.9849,2421.03,1.88,45.51,1
BR,2026-03-02,2026-03-03,2026-03-04,1-2%,-1.754,182.61,185.87,tp_gap_filled,13.2622,2421.81,1.785,43.23,1
UBER,2026-02-04,2026-02-05,2026-03-05,2-3%,-2.958,75.625,77.93,tp_gap_filled,31.8165,2406.13,3.048,73.34,19
CHTR,2026-03-02,2026-03-03,2026-03-05,1-2%,-1.351,231.46,234.63,tp_gap_filled,10.4688,2423.11,1.37,33.19,2
ALL,2026-03-03,2026-03-04,2026-03-05,1-2%,-1.231,210.14,212.76,tp_gap_filled,11.5911,2435.75,1.247,30.37,1
GOOGL,2026-02-10,2026-02-11,2026-03-06,1-2%,-1.033,320.97,295.2924,stop,7.6051,2441.01,-8.0,-195.28,16
CBRE,2026-02-19,2026-02-26,2026-03-06,1-2%,-1.059,150.4,138.368,stop,16.4212,2469.74,-8.0,-197.58,6
IP,2026-02-26,2026-02-27,2026-03-06,1-2%,-1.099,43.18,39.7256,stop,57.2288,2471.14,-8.0,-197.69,5
ALGN,2026-02-27,2026-03-02,2026-03-06,1-2%,-1.929,185.55,170.706,stop,13.1963,2448.58,-8.0,-195.89,4
AMAT,2026-02-27,2026-03-02,2026-03-06,2-3%,-2.603,365.94,325.6866,stop,6.6937,2449.49,-11.0,-269.44,4
BLK,2026-02-27,2026-03-02,2026-03-06,1-2%,-1.578,1073.0699,987.2244,stop,2.2862,2453.28,-8.0,-196.26,4
CAT,2026-02-27,2026-03-02,2026-03-06,1-2%,-1.024,745.22,685.6024,stop,3.2916,2452.96,-8.0,-196.24,4
APA,2026-03-04,2026-03-05,2026-03-06,2-3%,-2.826,30.95,31.85,tp_gap_filled,77.983,2413.57,2.908,70.18,1
AXON,2026-03-04,2026-03-05,2026-03-06,1-2%,-1.022,573.17,579.09,tp_gap_filled,4.2148,2415.8,1.033,24.95,1
GOOG,2026-02-10,2026-02-11,2026-03-09,1-2%,-1.076,320.91,295.2372,stop,7.6111,2442.47,-8.0,-195.4,17
PNR,2026-02-03,2026-02-12,2026-03-09,2-3%,-2.635,102.73,91.4297,stop,23.4239,2406.34,-11.0,-264.7,16
BF-B,2026-02-25,2026-02-27,2026-03-09,3-5%,-3.419,29.38,24.973,stop,83.9032,2465.07,-15.0,-369.76,6
BEN,2026-02-27,2026-03-02,2026-03-09,1-2%,-1.75,26.95,24.794,stop,91.0273,2453.18,-8.0,-196.25,5
CEG,2026-03-05,2026-03-06,2026-03-09,1-2%,-1.629,317.59,322.85,tp_gap_filled,7.4818,2376.16,1.656,39.35,1
COST,2026-03-05,2026-03-06,2026-03-09,1-2%,-1.017,996.5,1006.74,tp_gap_filled,2.3804,2372.1,1.028,24.38,1
DTE,2026-03-05,2026-03-06,2026-03-09,1-2%,-1.086,148.48,150.11,tp_gap_filled,15.974,2371.82,1.098,26.04,1
CNC,2026-01-27,2026-02-24,2026-03-10,3-5%,-4.927,44.0,37.4,stop,55.9209,2460.52,-15.0,-369.08,10
ADM,2026-03-03,2026-03-04,2026-03-10,1-2%,-1.681,68.44,69.61,tp_gap_filled,35.5955,2436.16,1.71,41.65,4
CIEN,2026-03-05,2026-03-06,2026-03-10,5-10%,-9.181,312.01,343.55,tp_gap_filled,7.6113,2374.82,10.109,240.06,2
DRI,2026-03-05,2026-03-06,2026-03-10,1-2%,-1.155,201.06,203.41,tp_gap_filled,11.7941,2371.32,1.169,27.72,2
ALGN,2026-03-06,2026-03-09,2026-03-10,2-3%,-2.506,171.2,175.6,tp_gap_filled,13.9115,2381.65,2.57,61.21,1
AMAT,2026-03-06,2026-03-09,2026-03-10,3-5%,-4.909,329.52,346.53,tp_gap_filled,7.2309,2382.72,5.162,123.0,1
BG,2026-03-03,2026-03-09,2026-03-10,2-3%,-2.214,117.94,120.61,tp_gap_filled,20.2144,2384.08,2.264,53.97,1
BIIB,2026-03-05,2026-03-09,2026-03-10,1-2%,-1.037,187.97,189.94,tp_gap_filled,12.6851,2384.43,1.048,24.99,1
CAT,2026-03-06,2026-03-09,2026-03-10,3-5%,-3.344,682.47,706.08,tp_gap_filled,3.4939,2384.5,3.459,82.49,1
BA,2026-01-27,2026-01-28,2026-03-11,2-3%,-2.387,242.5,215.825,stop,9.836,2385.23,-11.0,-262.38,29
CI,2026-03-05,2026-03-06,2026-03-11,1-2%,-1.37,280.84,258.3728,stop,8.4617,2376.38,-8.0,-190.11,3
EQIX,2026-03-05,2026-03-06,2026-03-11,1-2%,-1.49,954.6,969.04,tp_gap_filled,2.4852,2372.34,1.513,35.89,3
BF-B,2026-03-09,2026-03-10,2026-03-11,1-2%,-1.979,24.76,25.26,tp_gap_filled,95.6106,2367.32,2.019,47.81,1
CASY,2026-03-05,2026-03-10,2026-03-11,1-2%,-1.16,675.96,683.89,tp_gap_filled,3.504,2368.54,1.173,27.79,1
APD,2026-02-13,2026-02-23,2026-03-12,2-3%,-2.607,283.9,291.5,tp_gap_filled,8.5899,2438.68,2.677,65.28,13
AME,2026-03-02,2026-03-03,2026-03-12,1-2%,-1.204,236.34,217.4328,stop,10.2405,2420.23,-8.0,-193.62,7
BDX,2026-03-02,2026-03-03,2026-03-12,1-2%,-1.36,174.08,160.1536,stop,13.9118,2421.77,-8.0,-193.74,7
ATO,2026-03-03,2026-03-04,2026-03-12,1-2%,-1.187,184.85,187.07,tp_gap_filled,13.1875,2437.7,1.201,29.28,6
CRL,2026-03-05,2026-03-06,2026-03-12,1-2%,-1.058,177.68,163.4656,stop,13.3508,2372.18,-8.0,-189.77,4
AEE,2026-03-10,2026-03-11,2026-03-12,1-2%,-1.143,109.89,111.16,tp_gap_filled,21.5244,2365.32,1.156,27.34,1
APA,2026-03-10,2026-03-11,2026-03-12,1-2%,-1.626,32.06,32.59,tp_gap_filled,73.7707,2365.09,1.653,39.1,1
DRI,2026-03-10,2026-03-11,2026-03-12,1-2%,-1.126,199.37,201.64,tp_gap_filled,11.8695,2366.43,1.139,26.94,1
DUK,2026-03-10,2026-03-11,2026-03-12,1-2%,-1.205,129.5,131.08,tp_gap_filled,18.2811,2367.4,1.22,28.88,1
EOG,2026-03-10,2026-03-11,2026-03-12,1-2%,-1.124,130.19,131.67,tp_gap_filled,18.1857,2367.59,1.137,26.91,1
DIS,2025-11-13,2025-12-10,2026-03-13,5-10%,-6.652,108.89,99.29,time_exit,21.1683,2305.02,-8.816,-203.22,63
J,2026-02-19,2026-02-26,2026-03-13,1-2%,-1.053,140.0,128.8,stop,17.6535,2471.5,-8.0,-197.72,11
CIEN,2026-03-11,2026-03-12,2026-03-13,1-2%,-1.029,333.89,337.36,tp_gap_filled,6.9775,2329.73,1.039,24.21,1
FANG,2026-03-11,2026-03-12,2026-03-13,3-5%,-3.011,173.0,178.37,tp_gap_filled,13.471,2330.49,3.104,72.34,1
TPL,2026-03-10,2026-03-12,2026-03-13,1-2%,-1.388,532.3,539.79,tp_gap_filled,4.3732,2327.83,1.407,32.75,1
SNDK,2026-02-04,2026-02-12,2026-03-16,5-10%,-5.968,654.0,695.51,tp_gap_filled,3.6773,2404.94,6.347,152.64,21
BALL,2026-03-09,2026-03-10,2026-03-16,1-2%,-1.183,61.79,62.53,tp_gap_filled,38.3264,2368.19,1.198,28.36,4
DELL,2026-03-03,2026-03-12,2026-03-16,2-3%,-2.488,149.73,153.55,tp_gap_filled,15.5643,2330.44,2.551,59.46,2
LITE,2026-03-11,2026-03-12,2026-03-16,3-5%,-3.115,651.07,672.0,tp_gap_filled,3.5811,2331.57,3.215,74.95,2
CAT,2026-03-12,2026-03-13,2026-03-16,2-3%,-2.062,693.0,707.59,tp_gap_filled,3.3658,2332.51,2.105,49.11,1
CDNS,2026-03-12,2026-03-13,2026-03-16,1-2%,-1.098,290.93,294.16,tp_gap_filled,8.0177,2332.58,1.11,25.9,1
AMAT,2026-03-12,2026-03-13,2026-03-17,1-2%,-1.96,344.19,351.07,tp_gap_filled,6.7826,2334.51,1.999,46.66,2
BMY,2026-03-12,2026-03-13,2026-03-17,1-2%,-1.35,59.17,59.98,tp_gap_filled,39.4217,2332.58,1.369,31.93,2
DOV,2026-03-12,2026-03-16,2026-03-17,1-2%,-1.179,207.86,210.34,tp_gap_filled,11.3192,2352.8,1.193,28.07,1
DVN,2026-03-13,2026-03-16,2026-03-17,1-2%,-1.451,45.52,46.19,tp_gap_filled,51.685,2352.7,1.472,34.63,1
ECHO,2026-03-12,2026-03-16,2026-03-17,1-2%,-1.578,110.41,112.18,tp_gap_filled,21.3193,2353.87,1.603,37.74,1
EIX,2026-03-05,2026-03-16,2026-03-17,1-2%,-1.705,72.63,73.89,tp_gap_filled,32.432,2355.54,1.735,40.86,1
FANG,2026-03-13,2026-03-16,2026-03-17,1-2%,-1.192,174.9,177.01,tp_gap_filled,13.4692,2355.76,1.206,28.42,1
LLY,2026-02-05,2026-02-09,2026-03-18,3-5%,-3.759,1065.5,905.675,stop,2.3042,2455.09,-15.0,-368.26,26
MLM,2026-02-11,2026-02-13,2026-03-18,3-5%,-3.998,679.8,577.83,stop,3.5531,2415.38,-15.0,-362.31,22
AIZ,2026-03-03,2026-03-04,2026-03-18,1-2%,-1.096,230.99,212.5108,stop,10.5439,2435.55,-8.0,-194.84,10
CEG,2026-03-09,2026-03-10,2026-03-18,2-3%,-2.131,312.26,319.06,tp_gap_filled,7.584,2368.17,2.178,51.57,6
ALGN,2026-03-12,2026-03-17,2026-03-18,1-2%,-1.15,172.8,174.81,tp_gap_filled,13.6506,2358.82,1.163,27.44,1
HAL,2026-03-12,2026-03-17,2026-03-18,1-2%,-1.976,35.22,35.93,tp_gap_filled,66.9875,2359.3,2.016,47.56,1
MOS,2026-03-16,2026-03-17,2026-03-18,2-3%,-2.354,28.62,29.31,tp_gap_filled,82.4434,2359.53,2.411,56.89,1
BAC,2026-02-19,2026-02-20,2026-03-19,2-3%,-2.717,51.91,46.1999,stop,47.4679,2464.06,-11.0,-271.05,19
NEM,2026-03-11,2026-03-12,2026-03-19,2-3%,-2.111,116.39,103.5871,stop,20.0093,2328.88,-11.0,-256.18,5
BKR,2026-03-12,2026-03-18,2026-03-19,1-2%,-1.509,58.08,58.97,tp_gap_filled,40.0554,2326.41,1.532,35.65,1
CIEN,2026-03-17,2026-03-18,2026-03-19,1-2%,-1.531,358.31,363.88,tp_gap_filled,6.4914,2325.93,1.555,36.16,1
COHR,2026-03-17,2026-03-18,2026-03-19,3-5%,-4.896,235.26,247.37,tp_gap_filled,9.9015,2329.43,5.147,119.91,1
DELL,2026-03-17,2026-03-18,2026-03-19,1-2%,-1.143,154.75,156.54,tp_gap_filled,15.081,2333.78,1.157,26.99,1
GLW,2026-03-17,2026-03-18,2026-03-19,2-3%,-2.794,128.36,132.05,tp_gap_filled,18.1685,2332.11,2.875,67.04,1
LITE,2026-03-17,2026-03-18,2026-03-19,3-5%,-4.456,597.0,624.84,tp_gap_filled,3.9073,2332.65,4.663,108.78,1
DPZ,2026-01-05,2026-01-12,2026-03-20,2-3%,-2.182,416.0,370.24,stop,5.7161,2377.89,-11.0,-261.57,47
ANET,2026-02-18,2026-03-10,2026-03-20,1-2%,-1.487,140.46,129.2232,stop,16.8663,2369.05,-8.0,-189.52,8
AKAM,2026-02-17,2026-03-18,2026-03-20,1-2%,-1.056,110.58,111.76,tp_gap_filled,21.0448,2327.14,1.067,24.83,2
ADP,2026-03-18,2026-03-19,2026-03-20,1-2%,-1.13,207.36,209.73,tp_gap_filled,11.2696,2336.86,1.143,26.71,1
ALGN,2026-03-18,2026-03-19,2026-03-20,1-2%,-1.789,172.97,176.12,tp_gap_filled,13.5145,2337.61,1.821,42.57,1
FLEX,2026-03-18,2026-03-19,2026-03-20,1-2%,-1.208,64.6,65.39,tp_gap_filled,36.2105,2339.2,1.223,28.61,1
CMI,2026-03-12,2026-03-16,2026-03-23,1-2%,-1.728,546.53,556.14,tp_gap_filled,4.3052,2352.93,1.758,41.37,5
ACGL,2026-03-18,2026-03-19,2026-03-23,1-2%,-1.059,93.4,94.4,tp_gap_filled,25.0265,2337.48,1.071,25.03,2
DDOG,2026-03-18,2026-03-19,2026-03-23,1-2%,-1.148,127.391,128.87,tp_gap_filled,18.3511,2337.76,1.161,27.14,2
EXPE,2026-03-18,2026-03-19,2026-03-23,1-2%,-1.807,236.89,241.25,tp_gap_filled,9.8725,2338.7,1.841,43.04,2
GRMN,2026-03-18,2026-03-19,2026-03-23,1-2%,-1.004,232.74,235.1,tp_gap_filled,10.0544,2340.06,1.014,23.73,2
AMAT,2026-03-19,2026-03-20,2026-03-23,2-3%,-2.498,340.74,349.47,tp_gap_filled,6.7905,2313.8,2.562,59.28,1
AME,2026-03-19,2026-03-20,2026-03-23,1-2%,-1.01,210.62,212.77,tp_gap_filled,10.9962,2316.01,1.021,23.64,1
AVGO,2026-03-19,2026-03-20,2026-03-23,1-2%,-1.095,312.47,315.93,tp_gap_filled,7.4111,2315.74,1.107,25.64,1
CAT,2026-03-19,2026-03-20,2026-03-23,2-3%,-2.47,676.49,693.62,tp_gap_filled,3.4227,2315.45,2.532,58.63,1
CEG,2026-03-19,2026-03-20,2026-03-23,1-2%,-1.032,313.945,288.8294,stop,7.3763,2315.75,-8.0,-185.26,1
CIEN,2026-03-19,2026-03-20,2026-03-23,3-5%,-3.151,373.12,385.26,tp_gap_filled,6.1938,2311.04,3.254,75.19,1
AMT,2026-03-03,2026-03-04,2026-03-24,1-2%,-1.404,187.53,172.5276,stop,12.9945,2436.85,-8.0,-194.95,14
WST,2026-03-10,2026-03-12,2026-03-24,3-5%,-3.092,240.39,248.06,tp_gap_filled,9.6823,2327.54,3.191,74.26,8
CSCO,2026-03-05,2026-03-17,2026-03-24,1-2%,-1.088,79.99,80.87,tp_gap_filled,29.5003,2359.73,1.1,25.96,5
FLEX,2026-03-20,2026-03-23,2026-03-24,1-2%,-1.079,65.08,65.79,tp_gap_filled,35.8462,2332.87,1.091,25.45,1
LYV,2026-03-20,2026-03-23,2026-03-24,1-2%,-1.057,152.56,154.19,tp_gap_filled,15.2764,2330.56,1.068,24.9,1
NTAP,2026-02-12,2026-02-13,2026-03-25,3-5%,-3.872,101.8,105.9,tp_gap_filled,23.7372,2416.45,4.028,97.32,27
HWM,2026-03-19,2026-03-23,2026-03-25,1-2%,-1.678,237.87,241.93,tp_gap_filled,9.8033,2331.92,1.707,39.8,2
APA,2026-03-23,2026-03-24,2026-03-25,2-3%,-2.403,38.17,39.11,tp_gap_filled,60.6888,2316.49,2.463,57.05,1
COP,2026-03-23,2026-03-24,2026-03-25,2-3%,-2.592,123.63,126.92,tp_gap_filled,18.7631,2319.69,2.661,61.73,1
CVX,2026-03-23,2026-03-24,2026-03-25,1-2%,-1.537,198.63,201.73,tp_gap_filled,11.6892,2321.83,1.561,36.24,1
DOW,2026-03-23,2026-03-24,2026-03-25,1-2%,-1.992,35.92,36.65,tp_gap_filled,64.6921,2323.74,2.032,47.23,1
DVN,2026-03-23,2026-03-24,2026-03-25,2-3%,-2.384,47.5,48.66,tp_gap_filled,48.9859,2326.83,2.442,56.82,1
BIIB,2026-03-12,2026-03-13,2026-03-26,1-2%,-1.375,187.86,190.48,tp_gap_filled,12.425,2334.15,1.395,32.55,9
PFG,2026-03-11,2026-03-17,2026-03-26,1-2%,-1.348,88.52,89.73,tp_gap_filled,26.6592,2359.88,1.367,32.26,7
ANET,2026-03-20,2026-03-23,2026-03-26,1-2%,-1.659,134.0,123.28,stop,17.4107,2333.03,-8.0,-186.64,3
JBHT,2026-03-12,2026-03-23,2026-03-26,1-2%,-1.502,207.2,210.36,tp_gap_filled,11.2527,2331.56,1.525,35.56,3
AKAM,2026-03-24,2026-03-25,2026-03-26,1-2%,-1.119,113.15,114.43,tp_gap_filled,20.6545,2337.06,1.131,26.44,1
ALGN,2026-03-24,2026-03-25,2026-03-26,1-2%,-1.626,177.92,180.86,tp_gap_filled,13.1494,2339.54,1.652,38.66,1
AME,2026-03-24,2026-03-25,2026-03-26,1-2%,-1.236,210.18,212.81,tp_gap_filled,11.141,2341.62,1.251,29.3,1
CAT,2026-03-24,2026-03-25,2026-03-26,1-2%,-1.126,693.8,701.7,tp_gap_filled,3.376,2342.29,1.139,26.67,1
ISRG,2026-01-14,2026-01-15,2026-03-27,3-5%,-4.959,533.96,453.866,stop,4.4716,2387.63,-15.0,-358.15,49
EL,2026-02-05,2026-02-06,2026-03-27,10%+,-12.424,104.75,68.0875,stop,23.5655,2468.48,-35.0,-863.97,34
ABNB,2026-03-06,2026-03-09,2026-03-27,1-2%,-1.443,133.89,123.1788,stop,17.7877,2381.6,-8.0,-190.53,14
BEN,2026-03-09,2026-03-10,2026-03-27,2-3%,-2.172,25.67,22.8463,stop,92.2535,2368.15,-11.0,-260.5,13
IBM,2026-03-09,2026-03-17,2026-03-27,1-2%,-1.341,255.38,234.9496,stop,9.2406,2359.86,-8.0,-188.79,8
APA,2026-03-25,2026-03-26,2026-03-27,1-2%,-1.495,40.19,40.8,tp_gap_filled,57.6999,2318.96,1.518,35.2,1
BF-B,2026-03-11,2026-03-26,2026-03-27,1-2%,-1.496,25.02,25.4,tp_gap_filled,92.7761,2321.26,1.519,35.25,1
BG,2026-03-25,2026-03-26,2026-03-27,1-2%,-1.048,122.79,124.09,tp_gap_filled,18.9152,2322.59,1.059,24.59,1
CF,2026-03-13,2026-03-26,2026-03-27,2-3%,-2.868,132.1,136.0,tp_gap_filled,17.5906,2323.72,2.952,68.6,1
COP,2026-03-25,2026-03-26,2026-03-27,1-2%,-1.044,128.0,129.35,tp_gap_filled,18.1553,2323.88,1.055,24.51,1
FANG,2026-03-25,2026-03-26,2026-03-27,1-2%,-1.233,194.63,197.06,tp_gap_filled,11.9484,2325.52,1.249,29.03,1
AMAT,2026-03-24,2026-03-25,2026-03-30,1-2%,-1.003,358.16,329.5072,stop,6.5338,2340.16,-8.0,-187.21,3
EBAY,2026-03-26,2026-03-27,2026-03-30,1-2%,-1.396,88.3,89.55,tp_gap_filled,25.8249,2280.34,1.416,32.28,1
EXPE,2026-03-26,2026-03-27,2026-03-30,1-2%,-1.388,232.98,236.26,tp_gap_filled,9.787,2280.17,1.408,32.1,1
MO,2026-03-18,2026-03-27,2026-03-30,1-2%,-1.0,66.3,66.97,tp_gap_filled,34.3706,2278.77,1.011,23.03,1
MRNA,2026-03-26,2026-03-27,2026-03-30,1-2%,-1.457,52.76,48.5392,stop,43.18,2278.18,-8.0,-182.25,1
NEM,2026-03-26,2026-03-27,2026-03-30,2-3%,-2.492,98.99,101.52,tp_gap_filled,22.9863,2275.41,2.556,58.16,1
TTWO,2026-03-26,2026-03-27,2026-03-30,1-2%,-1.321,190.5,193.05,tp_gap_filled,11.9386,2274.31,1.339,30.44,1
CRL,2026-03-12,2026-03-26,2026-03-31,1-2%,-1.681,166.07,168.91,tp_gap_filled,14.0048,2325.78,1.71,39.77,3
CCI,2026-03-24,2026-03-30,2026-03-31,1-2%,-1.328,80.25,81.33,tp_gap_filled,28.3629,2276.12,1.346,30.63,1
ECHO,2026-03-26,2026-03-30,2026-03-31,1-2%,-1.503,117.28,119.07,tp_gap_filled,19.4049,2275.8,1.526,34.73,1
FTNT,2026-03-27,2026-03-30,2026-03-31,1-2%,-1.654,79.69,81.03,tp_gap_filled,28.5336,2273.84,1.682,38.23,1
IBM,2026-03-27,2026-03-30,2026-03-31,1-2%,-1.167,238.85,241.67,tp_gap_filled,9.5184,2273.48,1.181,26.84,1
MSFT,2026-03-27,2026-03-30,2026-03-31,1-2%,-1.112,361.9,365.97,tp_gap_filled,6.2812,2273.17,1.125,25.56,1
NDAQ,2026-03-27,2026-03-30,2026-03-31,1-2%,-1.098,82.86,83.78,tp_gap_filled,27.4294,2272.8,1.11,25.24,1
PNR,2026-03-27,2026-03-30,2026-03-31,1-2%,-1.071,85.01,85.93,tp_gap_filled,26.74,2273.16,1.082,24.6,1
BNY,2026-02-27,2026-03-02,2026-04-01,1-2%,-1.554,119.72,121.61,tp_gap_filled,20.49,2453.06,1.579,38.73,22
C,2026-02-27,2026-03-23,2026-04-01,2-3%,-2.591,113.18,116.19,tp_gap_filled,20.6192,2333.69,2.659,62.06,7
MOS,2026-03-26,2026-03-27,2026-04-01,3-5%,-3.016,25.4,26.19,tp_gap_filled,89.7203,2278.9,3.11,70.88,3
TSN,2026-03-03,2026-03-27,2026-04-01,1-2%,-1.04,63.73,64.4,tp_gap_filled,35.6846,2274.18,1.051,23.91,3
AKAM,2026-03-27,2026-03-30,2026-04-01,1-2%,-1.288,115.74,117.25,tp_gap_filled,19.6846,2278.3,1.305,29.72,2
AME,2026-03-26,2026-03-31,2026-04-01,1-2%,-1.24,212.66,215.33,tp_gap_filled,10.9196,2322.17,1.256,29.16,1
DAL,2026-03-27,2026-03-31,2026-04-01,1-2%,-1.241,66.03,66.86,tp_gap_filled,35.174,2322.54,1.257,29.19,1
EL,2026-03-27,2026-03-31,2026-04-01,1-2%,-1.075,69.0,69.75,tp_gap_filled,33.6646,2322.86,1.087,25.25,1
FFIV,2026-03-27,2026-03-31,2026-04-01,1-2%,-1.061,290.04,293.15,tp_gap_filled,8.0152,2324.72,1.072,24.93,1
GOOG,2026-03-26,2026-03-31,2026-04-01,1-2%,-1.174,286.19,289.59,tp_gap_filled,8.1226,2324.61,1.188,27.62,1
GOOGL,2026-03-26,2026-03-31,2026-04-01,1-2%,-1.038,287.91,290.93,tp_gap_filled,8.0745,2324.72,1.049,24.38,1
GRMN,2026-03-27,2026-03-31,2026-04-01,1-2%,-1.067,233.55,236.07,tp_gap_filled,9.9536,2324.66,1.079,25.08,1
IBKR,2026-03-27,2026-03-31,2026-04-01,1-2%,-1.057,65.5,66.2,tp_gap_filled,35.4863,2324.35,1.069,24.84,1
PWR,2026-03-26,2026-03-27,2026-04-02,1-2%,-1.793,563.22,573.5,tp_gap_filled,4.0425,2276.84,1.825,41.56,4
BA,2026-03-19,2026-04-01,2026-04-02,1-2%,-1.427,203.05,205.99,tp_gap_filled,11.5056,2336.22,1.448,33.83,1
CAT,2026-03-26,2026-04-01,2026-04-02,1-2%,-1.247,710.07,719.04,tp_gap_filled,3.2931,2338.33,1.263,29.54,1
CMI,2026-03-26,2026-04-01,2026-04-02,1-2%,-1.48,545.17,553.36,tp_gap_filled,4.293,2340.41,1.502,35.16,1
GLW,2026-03-26,2026-04-01,2026-04-02,2-3%,-2.699,142.4,146.35,tp_gap_filled,16.4294,2339.55,2.774,64.9,1
KEYS,2026-03-26,2026-04-01,2026-04-02,1-2%,-1.426,288.94,293.12,tp_gap_filled,8.098,2339.84,1.447,33.85,1
PYPL,2026-03-18,2026-03-23,2026-04-06,1-2%,-1.116,45.615,46.13,tp_gap_filled,51.0637,2329.27,1.129,26.3,9
SWKS,2026-03-26,2026-03-27,2026-04-06,1-2%,-1.05,55.6,56.19,tp_gap_filled,40.9312,2275.77,1.061,24.15,5
APA,2026-04-01,2026-04-02,2026-04-06,2-3%,-2.568,41.35,42.44,tp_gap_filled,56.8666,2351.43,2.636,61.98,1
CIEN,2026-03-26,2026-04-02,2026-04-06,2-3%,-2.109,428.47,437.7,tp_gap_filled,5.4897,2352.18,2.154,50.67,1
AMGN,2026-03-03,2026-03-04,2026-04-07,2-3%,-2.004,377.97,336.3933,stop,6.4468,2436.68,-11.0,-268.04,23
CDW,2026-03-06,2026-03-10,2026-04-07,1-2%,-1.754,122.13,124.31,tp_gap_filled,19.4016,2369.52,1.785,42.3,19
AVGO,2026-03-26,2026-04-01,2026-04-07,1-2%,-1.502,314.02,318.81,tp_gap_filled,7.44,2336.3,1.525,35.64,3
BKR,2026-04-01,2026-04-02,2026-04-07,1-2%,-1.016,60.43,61.05,tp_gap_filled,38.9247,2352.22,1.026,24.13,2
COP,2026-04-01,2026-04-02,2026-04-07,2-3%,-2.917,128.15,132.0,tp_gap_filled,18.3672,2353.76,3.004,70.71,2
AKAM,2026-04-02,2026-04-06,2026-04-07,2-3%,-2.635,112.7,115.75,tp_gap_filled,20.892,2354.52,2.706,63.72,1
AMAT,2026-04-02,2026-04-06,2026-04-07,3-5%,-4.466,338.0,353.8,tp_gap_filled,6.9684,2355.32,4.675,110.1,1
AME,2026-04-02,2026-04-06,2026-04-07,2-3%,-2.433,213.31,218.63,tp_gap_filled,11.0513,2357.35,2.494,58.79,1
APP,2026-04-02,2026-04-06,2026-04-07,2-3%,-2.862,376.74,387.84,tp_gap_filled,6.2602,2358.48,2.946,69.49,1
INTC,2026-01-23,2026-01-28,2026-04-08,10%+,-13.733,46.86,54.32,tp_gap_filled,50.8204,2381.44,15.92,379.12,48
STT,2026-01-16,2026-01-30,2026-04-08,3-5%,-3.14,132.01,136.29,tp_gap_filled,18.1172,2391.65,3.242,77.54,46
CBRE,2026-03-06,2026-03-09,2026-04-08,2-3%,-2.805,137.23,141.19,tp_gap_filled,17.3873,2386.06,2.886,68.85,21
AXP,2026-03-05,2026-03-10,2026-04-08,1-2%,-1.398,306.86,311.21,tp_gap_filled,7.7194,2368.76,1.418,33.58,20
IDXX,2026-03-12,2026-03-17,2026-04-08,1-2%,-1.274,592.87,600.52,tp_gap_filled,3.9806,2360.0,1.29,30.45,15
CPRT,2026-03-18,2026-03-23,2026-04-08,1-2%,-1.557,33.52,34.05,tp_gap_filled,69.6017,2333.05,1.581,36.89,11
HUBB,2026-03-03,2026-03-23,2026-04-08,3-5%,-3.484,498.97,516.98,tp_gap_filled,4.6753,2332.84,3.609,84.2,11
PH,2026-03-12,2026-03-23,2026-04-08,1-2%,-1.398,927.33,940.48,tp_gap_filled,2.513,2330.34,1.418,33.05,11
ALGN,2026-03-26,2026-04-01,2026-04-08,1-2%,-1.448,177.66,180.27,tp_gap_filled,13.1577,2337.59,1.469,34.34,4
FIX,2026-03-26,2026-04-01,2026-04-08,1-2%,-1.638,1446.55,1470.64,tp_gap_filled,1.6179,2340.31,1.665,38.97,4
FLEX,2026-03-26,2026-04-01,2026-04-08,2-3%,-2.157,68.51,70.02,tp_gap_filled,34.1517,2339.73,2.204,51.57,4
HWM,2026-03-26,2026-04-01,2026-04-08,1-2%,-1.705,237.5,241.62,tp_gap_filled,9.8507,2339.54,1.735,40.58,4
COHR,2026-03-26,2026-04-02,2026-04-08,3-5%,-4.007,261.14,272.04,tp_gap_filled,9.0155,2354.3,4.174,98.27,3
ANET,2026-03-26,2026-04-07,2026-04-08,2-3%,-2.385,131.79,135.01,tp_gap_filled,17.9173,2361.32,2.443,57.69,1
CF,2026-03-31,2026-04-07,2026-04-08,1-2%,-1.228,135.91,125.0372,stop,17.379,2361.98,-8.0,-188.96,1
DOW,2026-04-06,2026-04-07,2026-04-08,2-3%,-2.295,40.45,36.0005,stop,58.3743,2361.24,-11.0,-259.74,1
JBHT,2026-04-06,2026-04-07,2026-04-08,1-2%,-1.284,212.15,214.91,tp_gap_filled,11.133,2361.88,1.301,30.73,1
L,2026-04-06,2026-04-07,2026-04-08,1-2%,-1.866,105.68,107.69,tp_gap_filled,22.361,2363.11,1.902,44.95,1
LYB,2026-04-06,2026-04-07,2026-04-08,1-2%,-1.872,78.11,71.8612,stop,30.2475,2362.63,-8.0,-189.01,1
AFL,2026-03-03,2026-03-04,2026-04-09,1-2%,-1.288,111.89,113.35,tp_gap_filled,21.765,2435.29,1.305,31.78,25
ADSK,2026-01-29,2026-03-05,2026-04-09,3-5%,-3.104,260.0,221.0,stop,9.28,2412.81,-15.0,-361.92,24
ALL,2026-03-05,2026-03-06,2026-04-09,1-2%,-1.373,211.24,214.18,tp_gap_filled,11.2475,2375.91,1.392,33.07,23
REG,2026-03-11,2026-03-12,2026-04-09,1-2%,-1.446,77.03,78.16,tp_gap_filled,30.2235,2328.12,1.467,34.15,19
TYL,2026-03-20,2026-03-23,2026-04-09,1-2%,-1.445,345.01,317.4092,stop,6.7509,2329.14,-8.0,-186.33,12
AAPL,2026-04-07,2026-04-08,2026-04-09,1-2%,-1.043,256.16,258.86,tp_gap_filled,9.3454,2393.92,1.054,25.23,1
AMAT,2026-04-07,2026-04-08,2026-04-09,1-2%,-1.268,348.15,352.62,tp_gap_filled,6.8789,2394.89,1.284,30.75,1
AMZN,2026-02-05,2026-04-08,2026-04-09,3-5%,-3.468,224.91,232.99,tp_gap_filled,10.6712,2400.06,3.593,86.22,1
APP,2026-04-07,2026-04-08,2026-04-09,1-2%,-1.287,407.37,374.7804,stop,5.8897,2399.28,-8.0,-191.94,1
CFG,2026-02-27,2026-04-08,2026-04-09,1-2%,-1.715,62.765,63.86,tp_gap_filled,38.196,2397.37,1.745,41.82,1
CRH,2026-03-05,2026-04-08,2026-04-09,1-2%,-1.183,111.92,113.26,tp_gap_filled,21.4274,2398.15,1.197,28.71,1
DAL,2026-04-07,2026-04-08,2026-04-09,1-2%,-1.228,65.96,66.78,tp_gap_filled,36.3594,2398.26,1.243,29.81,1
EIX,2026-04-07,2026-04-08,2026-04-09,1-2%,-1.889,72.2,73.59,tp_gap_filled,33.2256,2398.89,1.925,46.18,1
EL,2026-04-07,2026-04-08,2026-04-09,1-2%,-1.199,70.06,70.91,tp_gap_filled,34.2608,2400.31,1.213,29.12,1
EME,2026-02-26,2026-04-08,2026-04-09,2-3%,-2.719,780.0,801.8,tp_gap_filled,3.0785,2401.26,2.795,67.11,1
EMR,2026-03-05,2026-04-08,2026-04-09,1-2%,-1.522,143.0,145.21,tp_gap_filled,16.796,2401.83,1.545,37.12,1
EQIX,2026-04-07,2026-04-08,2026-04-09,1-2%,-1.265,1003.23,1016.08,tp_gap_filled,2.394,2401.71,1.281,30.76,1
ETN,2026-03-26,2026-04-08,2026-04-09,1-2%,-1.133,370.75,375.0,tp_gap_filled,6.4798,2402.4,1.146,27.54,1
EXPE,2026-04-07,2026-04-08,2026-04-09,1-2%,-1.057,226.62,229.04,tp_gap_filled,10.6095,2404.32,1.068,25.67,1
FCX,2026-03-05,2026-04-08,2026-04-09,2-3%,-2.7,64.15,65.93,tp_gap_filled,37.5137,2406.51,2.775,66.77,1
AMD,2026-02-04,2026-02-09,2026-04-10,10%+,-11.197,215.0,242.11,tp_gap_filled,11.4053,2452.13,12.609,309.2,42
CDNS,2026-03-24,2026-03-25,2026-04-10,1-2%,-1.029,289.51,266.3492,stop,8.0964,2344.0,-8.0,-187.52,11
DDOG,2026-03-27,2026-04-01,2026-04-10,3-5%,-3.459,120.0,102.0,stop,19.5069,2340.83,-15.0,-351.12,6
ECHO,2026-04-07,2026-04-08,2026-04-10,1-2%,-1.363,125.22,126.95,tp_gap_filled,19.1647,2399.81,1.382,33.15,2
APD,2026-04-08,2026-04-09,2026-04-10,2-3%,-2.319,285.61,292.39,tp_gap_filled,8.3689,2390.24,2.374,56.74,1
ATO,2026-04-08,2026-04-09,2026-04-10,1-2%,-1.06,186.7,188.7,tp_gap_filled,12.8134,2392.27,1.071,25.63,1
AWK,2026-04-08,2026-04-09,2026-04-10,1-2%,-1.751,133.0,135.37,tp_gap_filled,17.9978,2393.7,1.782,42.65,1
BKR,2026-04-08,2026-04-09,2026-04-10,2-3%,-2.139,59.94,61.25,tp_gap_filled,39.9902,2397.01,2.186,52.39,1
CBOE,2026-04-08,2026-04-09,2026-04-10,1-2%,-1.783,290.37,295.64,tp_gap_filled,8.2646,2399.79,1.815,43.55,1
D,2026-04-08,2026-04-09,2026-04-10,1-2%,-1.228,61.92,62.69,tp_gap_filled,38.8114,2403.2,1.244,29.88,1
DUK,2026-04-08,2026-04-09,2026-04-10,1-2%,-1.138,130.32,131.82,tp_gap_filled,18.4681,2406.76,1.151,27.7,1
ED,2026-04-08,2026-04-09,2026-04-10,2-3%,-2.071,112.09,114.46,tp_gap_filled,21.4955,2409.43,2.114,50.94,1
CVNA,2026-02-27,2026-04-08,2026-04-13,2-3%,-2.847,68.765,70.78,tp_gap_filled,34.8864,2398.96,2.93,70.3,3
ALGN,2026-04-09,2026-04-10,2026-04-13,2-3%,-2.047,173.21,176.83,tp_gap_filled,13.8205,2393.84,2.09,50.03,1
BF-B,2026-04-09,2026-04-10,2026-04-13,1-2%,-1.192,26.53,26.85,tp_gap_filled,90.2308,2393.82,1.206,28.87,1
CARR,2026-03-02,2026-04-10,2026-04-13,1-2%,-1.506,63.43,64.4,tp_gap_filled,37.8238,2399.17,1.529,36.69,1
CDW,2026-04-09,2026-04-10,2026-04-13,1-2%,-1.01,125.45,126.73,tp_gap_filled,19.1239,2399.1,1.02,24.48,1
CMS,2026-04-09,2026-04-10,2026-04-13,1-2%,-1.015,78.02,78.82,tp_gap_filled,30.7502,2399.13,1.025,24.6,1
EL,2026-04-09,2026-04-10,2026-04-13,1-2%,-1.33,70.49,71.44,tp_gap_filled,34.0469,2399.96,1.348,32.34,1
ERIE,2026-04-09,2026-04-10,2026-04-13,1-2%,-1.176,250.4,253.38,tp_gap_filled,9.5905,2401.45,1.19,28.58,1
MDLZ,2026-04-09,2026-04-10,2026-04-13,1-2%,-1.105,58.18,58.83,tp_gap_filled,41.2668,2400.9,1.117,26.82,1
BLK,2026-03-06,2026-03-25,2026-04-14,3-5%,-4.223,991.29,1035.0,tp_gap_filled,2.3633,2342.76,4.409,103.3,13
ELV,2026-03-02,2026-04-07,2026-04-14,1-2%,-1.544,315.06,320.0,tp_gap_filled,7.4981,2362.36,1.568,37.04,5
ABNB,2026-03-27,2026-04-08,2026-04-14,1-2%,-1.404,129.22,131.06,tp_gap_filled,18.5299,2394.44,1.424,34.09,4
MAR,2026-02-18,2026-04-10,2026-04-14,1-2%,-1.225,355.53,359.94,tp_gap_filled,6.7536,2401.1,1.24,29.78,2
MPC,2026-04-10,2026-04-13,2026-04-14,1-2%,-1.11,221.04,223.52,tp_gap_filled,10.9512,2420.66,1.122,27.16,1
PLTR,2026-04-10,2026-04-13,2026-04-14,1-2%,-1.54,128.48,130.49,tp_gap_filled,18.8484,2421.64,1.564,37.89,1
VEEV,2026-04-10,2026-04-13,2026-04-14,2-3%,-2.559,153.06,157.08,tp_gap_filled,15.8311,2423.11,2.626,63.64,1
HOOD,2026-02-11,2026-02-12,2026-04-15,5-10%,-9.025,77.875,85.6,tp_gap_filled,30.8891,2405.49,9.92,238.62,42
CEG,2026-03-31,2026-04-01,2026-04-15,5-10%,-7.89,275.05,298.61,tp_gap_filled,8.5063,2339.66,8.566,200.41,9
MRSH,2026-04-09,2026-04-13,2026-04-15,1-2%,-1.394,173.36,175.81,tp_gap_filled,13.9686,2421.59,1.413,34.22,2
BALL,2026-04-13,2026-04-14,2026-04-15,1-2%,-1.108,61.6,62.29,tp_gap_filled,39.2901,2420.27,1.12,27.11,1
C,2026-04-13,2026-04-14,2026-04-15,1-2%,-1.109,123.01,124.39,tp_gap_filled,19.6876,2421.77,1.122,27.17,1
DAL,2026-04-13,2026-04-14,2026-04-15,1-2%,-1.357,66.9,67.82,tp_gap_filled,36.243,2424.66,1.375,33.34,1
FCX,2026-04-13,2026-04-14,2026-04-15,1-2%,-1.401,66.85,67.8,tp_gap_filled,36.3221,2428.14,1.421,34.51,1
FLEX,2026-04-13,2026-04-14,2026-04-15,1-2%,-1.016,75.96,76.74,tp_gap_filled,31.9793,2429.15,1.027,24.94,1
GS,2026-04-13,2026-04-14,2026-04-15,3-5%,-3.553,875.55,907.8,tp_gap_filled,2.7774,2431.73,3.683,89.57,1
ADI,2026-03-02,2026-04-08,2026-04-16,1-2%,-1.97,348.78,355.79,tp_gap_filled,6.8675,2395.24,2.01,48.14,6
CMCSA,2026-04-01,2026-04-09,2026-04-16,1-2%,-1.672,28.23,28.71,tp_gap_filled,85.1131,2402.74,1.7,40.85,5
CSX,2026-03-05,2026-04-09,2026-04-16,1-2%,-1.029,42.34,42.78,tp_gap_filled,56.7641,2403.39,1.039,24.98,5
FDX,2026-04-13,2026-04-14,2026-04-16,1-2%,-1.018,298.3642,301.4343,tp_gap_filled,8.1416,2429.17,1.029,25.0,2
HPE,2026-04-13,2026-04-14,2026-04-16,1-2%,-1.607,24.49,24.89,tp_gap_filled,99.3719,2433.62,1.633,39.75,2
ACGL,2026-04-14,2026-04-15,2026-04-16,1-2%,-1.009,96.12,97.1,tp_gap_filled,25.2158,2423.74,1.02,24.71,1
ADSK,2026-04-09,2026-04-15,2026-04-16,1-2%,-1.305,237.51,240.65,tp_gap_filled,10.2077,2424.43,1.322,32.05,1
AMGN,2026-04-14,2026-04-15,2026-04-16,1-2%,-1.041,346.18,349.82,tp_gap_filled,7.0044,2424.79,1.051,25.5,1
AON,2026-04-14,2026-04-15,2026-04-16,1-2%,-1.122,321.75,325.4,tp_gap_filled,7.5359,2424.69,1.134,27.51,1
CPAY,2026-03-12,2026-04-15,2026-04-16,1-2%,-1.531,325.43,330.49,tp_gap_filled,7.4536,2425.64,1.555,37.72,1
FTV,2026-04-14,2026-04-15,2026-04-16,2-3%,-2.148,58.535,59.82,tp_gap_filled,41.4354,2425.42,2.195,53.24,1
HPQ,2026-04-14,2026-04-15,2026-04-16,2-3%,-2.392,18.77,19.23,tp_gap_filled,129.2548,2426.11,2.451,59.46,1
JNJ,2026-04-14,2026-04-15,2026-04-16,1-2%,-1.24,235.01,237.96,tp_gap_filled,10.3285,2427.3,1.255,30.47,1
CVX,2026-04-01,2026-04-02,2026-04-17,2-3%,-2.373,201.99,179.7711,stop,11.6572,2354.63,-11.0,-259.01,10
IFF,2026-04-09,2026-04-10,2026-04-17,1-2%,-1.288,72.82,73.77,tp_gap_filled,32.9758,2401.3,1.305,31.33,5
COF,2026-02-27,2026-04-14,2026-04-17,3-5%,-3.895,200.35,208.47,tp_gap_filled,12.1006,2424.36,4.053,98.26,3
CRH,2026-04-13,2026-04-14,2026-04-17,1-2%,-1.909,115.64,117.89,tp_gap_filled,20.9637,2424.24,1.946,47.17,3
AMT,2026-04-14,2026-04-15,2026-04-17,1-2%,-1.382,178.44,180.94,tp_gap_filled,13.5905,2425.08,1.401,33.98,2
ALB,2026-02-26,2026-04-16,2026-04-17,2-3%,-2.032,191.89,195.87,tp_gap_filled,12.73,2442.76,2.074,50.67,1
AMAT,2026-04-15,2026-04-16,2026-04-17,1-2%,-1.625,389.21,395.64,tp_gap_filled,6.2917,2448.81,1.652,40.46,1
APO,2026-02-19,2026-04-16,2026-04-17,2-3%,-2.281,122.5,125.36,tp_gap_filled,19.991,2448.89,2.335,57.17,1
CHTR,2026-03-09,2026-04-16,2026-04-17,1-2%,-1.292,229.24,232.24,tp_gap_filled,10.6797,2448.22,1.309,32.04,1
DELL,2026-04-14,2026-04-16,2026-04-17,2-3%,-2.234,185.55,189.79,tp_gap_filled,13.2021,2449.65,2.285,55.98,1
LYB,2026-04-14,2026-04-16,2026-04-17,1-2%,-1.099,74.68,68.7056,stop,32.8287,2451.65,-8.0,-196.13,1
MAA,2026-04-15,2026-04-16,2026-04-17,1-2%,-1.266,124.74,126.34,tp_gap_filled,19.6573,2452.05,1.283,31.45,1
MPWR,2026-04-15,2026-04-16,2026-04-17,1-2%,-1.298,1345.72,1363.42,tp_gap_filled,1.8216,2451.4,1.315,32.24,1
MRVL,2026-04-15,2026-04-16,2026-04-17,1-2%,-1.076,132.39,133.83,tp_gap_filled,18.5322,2453.48,1.088,26.69,1
MU,2026-04-15,2026-04-16,2026-04-17,1-2%,-1.724,457.63,465.66,tp_gap_filled,5.3621,2453.84,1.755,43.06,1
NEE,2026-04-15,2026-04-16,2026-04-17,1-2%,-1.248,90.17,91.31,tp_gap_filled,27.2131,2453.8,1.264,31.02,1
ODFL,2026-03-05,2026-04-16,2026-04-17,1-2%,-1.295,213.39,216.19,tp_gap_filled,11.5034,2454.7,1.312,32.21,1
OXY,2026-04-14,2026-04-16,2026-04-17,1-2%,-1.963,56.92,52.3664,stop,43.1262,2454.75,-8.0,-196.38,1
BBY,2026-03-09,2026-03-10,2026-04-20,2-3%,-2.37,65.1,66.68,tp_gap_filled,36.3804,2368.37,2.427,57.48,28
BF-B,2026-04-16,2026-04-17,2026-04-20,1-2%,-1.15,29.23,29.57,tp_gap_filled,83.1996,2431.92,1.163,28.29,1
CFG,2026-04-16,2026-04-17,2026-04-20,1-2%,-1.825,64.0,65.19,tp_gap_filled,37.996,2431.74,1.859,45.22,1
COIN,2026-03-18,2026-04-17,2026-04-20,1-2%,-1.646,206.77,210.23,tp_gap_filled,11.7623,2432.09,1.673,40.7,1
FISV,2026-03-06,2026-04-17,2026-04-20,1-2%,-1.566,62.86,63.86,tp_gap_filled,38.6844,2431.7,1.591,38.68,1
GLW,2026-04-16,2026-04-17,2026-04-20,2-3%,-2.906,163.38,168.27,tp_gap_filled,14.8856,2432.01,2.993,72.79,1
JBL,2026-04-16,2026-04-17,2026-04-20,1-2%,-1.984,298.9,304.95,tp_gap_filled,8.1363,2431.94,2.024,49.22,1
KLAC,2026-04-15,2026-04-17,2026-04-20,1-2%,-1.665,176.6,179.591,tp_gap_filled,13.7926,2435.77,1.694,41.25,1
PYPL,2026-04-16,2026-04-17,2026-04-20,2-3%,-2.38,48.39,49.57,tp_gap_filled,50.3172,2434.85,2.439,59.37,1
Q,2026-04-16,2026-04-17,2026-04-20,1-2%,-1.062,130.39,131.79,tp_gap_filled,18.6923,2437.29,1.074,26.17,1
A,2026-02-26,2026-02-27,2026-04-21,2-3%,-2.269,121.89,124.72,tp_gap_filled,20.2255,2465.28,2.322,57.24,36
BIIB,2026-03-31,2026-04-01,2026-04-21,3-5%,-4.324,179.46,187.57,tp_gap_filled,13.0235,2337.2,4.519,105.62,13
FERG,2026-02-27,2026-04-17,2026-04-21,1-2%,-1.091,262.0,264.89,tp_gap_filled,9.2824,2431.98,1.103,26.83,2
HSIC,2026-03-05,2026-04-17,2026-04-21,1-2%,-1.427,79.43,80.58,tp_gap_filled,30.622,2432.3,1.448,35.22,2
JCI,2026-04-15,2026-04-17,2026-04-21,1-2%,-1.091,140.5,142.05,tp_gap_filled,17.3355,2435.64,1.103,26.87,2
APD,2026-04-17,2026-04-20,2026-04-21,2-3%,-2.476,289.88,297.24,tp_gap_filled,8.4318,2444.21,2.539,62.06,1
HAL,2026-04-17,2026-04-20,2026-04-21,5-10%,-5.557,36.03,38.15,tp_gap_filled,67.8759,2445.57,5.884,143.9,1
KMI,2026-04-17,2026-04-20,2026-04-21,2-3%,-2.013,31.15,31.79,tp_gap_filled,78.5378,2446.45,2.055,50.26,1
MO,2026-04-17,2026-04-20,2026-04-21,1-2%,-1.201,64.16,64.94,tp_gap_filled,38.1498,2447.69,1.216,29.76,1
BG,2026-04-08,2026-04-09,2026-04-22,5-10%,-5.298,120.3,127.03,tp_gap_filled,19.9165,2395.95,5.594,134.04,9
GE,2026-03-12,2026-04-14,2026-04-22,2-3%,-2.002,318.64,283.5896,stop,7.6319,2431.82,-11.0,-267.5,6
MAS,2026-03-05,2026-04-17,2026-04-22,1-2%,-1.242,67.59,68.44,tp_gap_filled,36.0495,2436.58,1.258,30.64,3
BKR,2026-04-17,2026-04-20,2026-04-22,1-2%,-1.502,59.69,60.6,tp_gap_filled,40.9661,2445.27,1.525,37.28,2
CVX,2026-04-17,2026-04-20,2026-04-22,3-5%,-3.327,181.89,188.15,tp_gap_filled,13.4413,2444.84,3.442,84.14,2
MOS,2026-04-17,2026-04-20,2026-04-22,2-3%,-2.022,24.23,24.73,tp_gap_filled,101.0332,2448.04,2.064,50.52,2
OKE,2026-04-17,2026-04-20,2026-04-22,2-3%,-2.723,82.89,85.21,tp_gap_filled,29.5212,2447.01,2.799,68.49,2
ALGN,2026-04-20,2026-04-21,2026-04-22,1-2%,-1.431,187.35,190.07,tp_gap_filled,13.1139,2456.9,1.452,35.67,1
APP,2026-04-20,2026-04-21,2026-04-22,1-2%,-1.402,470.51,477.2,tp_gap_filled,5.2261,2458.95,1.422,34.96,1
COIN,2026-04-20,2026-04-21,2026-04-22,2-3%,-2.564,201.04,206.33,tp_gap_filled,12.2326,2459.23,2.631,64.71,1
CRL,2026-04-20,2026-04-21,2026-04-22,1-2%,-1.501,181.12,183.88,tp_gap_filled,13.5711,2457.99,1.524,37.46,1
DASH,2026-04-20,2026-04-21,2026-04-22,1-2%,-1.224,181.64,183.89,tp_gap_filled,13.5352,2458.53,1.239,30.45,1
DDOG,2026-04-20,2026-04-21,2026-04-22,1-2%,-1.264,125.01,126.61,tp_gap_filled,19.6684,2458.75,1.28,31.47,1
DHI,2026-03-02,2026-04-21,2026-04-22,2-3%,-2.188,156.88,160.39,tp_gap_filled,15.6817,2460.15,2.237,55.04,1
EIX,2026-04-20,2026-04-21,2026-04-22,1-2%,-1.102,69.97,70.75,tp_gap_filled,35.1839,2461.82,1.115,27.44,1
FANG,2026-04-08,2026-04-09,2026-04-23,5-10%,-9.376,177.17,195.5,tp_gap_filled,13.6088,2411.08,10.346,249.45,10
HRL,2026-04-09,2026-04-10,2026-04-23,2-3%,-2.726,21.05,21.64,tp_gap_filled,114.0953,2401.71,2.803,67.32,9
CVS,2026-04-13,2026-04-14,2026-04-23,1-2%,-1.5,78.14,79.33,tp_gap_filled,31.0338,2424.98,1.523,36.93,7
LRCX,2026-04-15,2026-04-17,2026-04-23,1-2%,-1.986,267.0,272.41,tp_gap_filled,9.1254,2436.47,2.026,49.37,4
NEM,2026-04-15,2026-04-17,2026-04-23,1-2%,-1.593,117.4,108.008,stop,20.7483,2435.86,-8.0,-194.87,4
LLY,2026-04-21,2026-04-22,2026-04-23,1-2%,-1.054,910.2,919.9,tp_gap_filled,2.7117,2468.16,1.066,26.3,1
MRNA,2026-04-21,2026-04-22,2026-04-23,1-2%,-1.154,53.96,54.59,tp_gap_filled,45.7518,2468.77,1.168,28.82,1
SYF,2026-04-21,2026-04-22,2026-04-23,1-2%,-1.514,77.39,78.58,tp_gap_filled,31.917,2470.05,1.538,37.98,1
TRGP,2026-04-17,2026-04-22,2026-04-23,1-2%,-1.622,235.92,239.81,tp_gap_filled,10.4677,2469.53,1.649,40.72,1
ABT,2026-01-22,2026-01-23,2026-04-24,10%+,-10.933,107.53,91.13,time_exit,22.2366,2391.11,-15.252,-364.68,63
LIN,2026-04-14,2026-04-23,2026-04-24,1-2%,-1.252,502.5,508.87,tp_gap_filled,4.9111,2467.81,1.268,31.28,1
NXPI,2026-02-27,2026-04-23,2026-04-24,1-2%,-1.365,229.06,232.23,tp_gap_filled,10.7769,2468.57,1.384,34.16,1
T,2026-04-22,2026-04-23,2026-04-24,2-3%,-2.821,25.15,25.88,tp_gap_filled,98.2356,2470.62,2.903,71.71,1
URI,2026-03-05,2026-04-23,2026-04-24,1-2%,-1.685,837.53,851.88,tp_gap_filled,2.954,2474.05,1.713,42.39,1
VRT,2026-04-22,2026-04-23,2026-04-24,2-3%,-2.279,305.32,312.44,tp_gap_filled,8.132,2482.87,2.332,57.9,1
WAB,2026-04-22,2026-04-23,2026-04-24,1-2%,-1.615,253.47,257.63,tp_gap_filled,9.8066,2485.68,1.641,40.8,1
GILD,2026-04-09,2026-04-10,2026-04-27,1-2%,-1.003,140.12,128.9104,stop,17.1431,2402.09,-8.0,-192.17,11
PANW,2026-01-29,2026-04-22,2026-04-27,1-2%,-1.448,181.08,183.74,tp_gap_filled,13.6405,2470.02,1.469,36.28,3
VZ,2026-04-10,2026-04-23,2026-04-27,1-2%,-1.444,47.09,47.78,tp_gap_filled,52.7828,2485.54,1.465,36.42,2
CDNS,2026-04-23,2026-04-24,2026-04-27,1-2%,-1.734,325.86,331.61,tp_gap_filled,7.539,2456.67,1.765,43.35,1
DDOG,2026-04-23,2026-04-24,2026-04-27,3-5%,-3.262,127.83,132.14,tp_gap_filled,19.2154,2456.31,3.372,82.82,1
CHD,2026-03-18,2026-03-19,2026-04-28,1-2%,-1.264,96.08,97.31,tp_gap_filled,24.339,2338.49,1.28,29.94,27
ADM,2026-04-08,2026-04-09,2026-04-28,3-5%,-4.615,68.82,72.15,tp_gap_filled,34.679,2386.61,4.839,115.48,13
PRU,2026-04-22,2026-04-23,2026-04-28,3-5%,-3.401,93.17,96.45,tp_gap_filled,26.5233,2471.17,3.52,87.0,3
COHR,2026-04-23,2026-04-24,2026-04-28,2-3%,-2.146,342.95,305.2255,stop,7.1664,2457.73,-11.0,-270.35,2
ACGL,2026-04-24,2026-04-27,2026-04-28,1-2%,-1.02,97.07,98.07,tp_gap_filled,25.289,2454.81,1.03,25.29,1
AZO,2026-04-24,2026-04-27,2026-04-28,1-2%,-1.998,3525.3301,3597.2,tp_gap_filled,0.6959,2453.35,2.039,50.02,1
CHRW,2026-03-05,2026-04-27,2026-04-28,1-2%,-1.248,187.5,189.87,tp_gap_filled,13.0873,2453.87,1.264,31.02,1
BRO,2026-01-27,2026-01-28,2026-04-29,5-10%,-6.682,74.3,61.64,time_exit,32.1003,2385.05,-17.039,-406.39,63
BDX,2026-03-18,2026-03-26,2026-04-29,1-2%,-1.114,159.84,147.0528,stop,14.5268,2321.97,-8.0,-185.76,23
LH,2026-03-05,2026-04-07,2026-04-29,1-2%,-1.061,277.87,255.6404,stop,8.508,2364.12,-8.0,-189.13,16
DVN,2026-04-08,2026-04-09,2026-04-29,5-10%,-7.367,46.27,49.95,tp_gap_filled,52.037,2407.75,7.953,191.5,14
PPG,2026-03-05,2026-04-17,2026-04-29,1-2%,-1.138,116.36,107.0512,stop,20.9306,2435.48,-8.0,-194.84,8
DGX,2026-03-05,2026-04-21,2026-04-29,1-2%,-1.075,206.21,189.7132,stop,11.9317,2460.43,-8.0,-196.83,6
TMUS,2026-04-22,2026-04-23,2026-04-29,1-2%,-1.356,192.74,195.39,tp_gap_filled,12.8344,2473.71,1.375,34.01,4
COIN,2026-04-23,2026-04-24,2026-04-29,1-2%,-1.92,202.28,186.0976,stop,12.1453,2456.75,-8.0,-196.54,3
CPT,2026-03-09,2026-04-28,2026-04-29,1-2%,-1.173,105.28,106.53,tp_gap_filled,23.3107,2454.16,1.187,29.14,1
ESS,2026-02-27,2026-04-28,2026-04-29,1-2%,-1.108,259.83,262.74,tp_gap_filled,9.4458,2454.31,1.12,27.49,1
APH,2026-01-28,2026-01-29,2026-04-30,10%+,-15.188,70.5,73.635,time_exit,33.7824,2381.66,4.447,105.91,63
MCK,2026-03-05,2026-03-12,2026-04-30,3-5%,-3.128,948.1,805.885,stop,2.4566,2329.07,-15.0,-349.36,34
EXC,2026-04-17,2026-04-20,2026-04-30,3-5%,-3.215,46.06,47.59,tp_gap_filled,53.0874,2445.21,3.322,81.22,8
IBKR,2026-04-22,2026-04-23,2026-04-30,1-2%,-1.959,78.06,79.62,tp_gap_filled,31.6317,2469.17,1.998,49.35,5
ABNB,2026-04-24,2026-04-27,2026-04-30,1-2%,-1.198,140.17,141.87,tp_gap_filled,17.5108,2454.5,1.213,29.77,3
AAPL,2026-04-27,2026-04-28,2026-04-30,1-2%,-1.834,266.09,271.06,tp_gap_filled,9.2223,2453.96,1.868,45.83,2
AMD,2026-04-28,2026-04-29,2026-04-30,5-10%,-6.805,311.86,334.63,tp_gap_filled,7.8508,2448.35,7.301,178.76,1
AMZN,2026-04-28,2026-04-29,2026-04-30,1-2%,-1.045,258.39,261.12,tp_gap_filled,9.4908,2452.32,1.057,25.91,1
ANET,2026-04-28,2026-04-29,2026-04-30,3-5%,-3.473,166.48,172.47,tp_gap_filled,14.7357,2453.2,3.598,88.27,1
AVGO,2026-04-28,2026-04-29,2026-04-30,3-5%,-4.278,400.31,418.2,tp_gap_filled,6.1299,2453.85,4.469,109.66,1
CAT,2026-04-28,2026-04-29,2026-04-30,1-2%,-1.742,814.35,828.79,tp_gap_filled,3.014,2454.48,1.773,43.52,1
EME,2026-04-28,2026-04-29,2026-04-30,2-3%,-2.136,866.51,885.42,tp_gap_filled,2.8324,2454.34,2.182,53.56,1
ROP,2026-01-27,2026-01-30,2026-05-01,5-10%,-9.829,368.5,358.22,time_exit,6.4893,2391.3,-2.79,-66.71,63
DOW,2026-04-08,2026-04-09,2026-05-01,10%+,-11.567,36.62,41.41,tp_gap_filled,65.6717,2404.9,13.08,314.57,16
CDNS,2026-04-28,2026-04-29,2026-05-01,2-3%,-2.032,329.7,336.54,tp_gap_filled,7.4438,2454.22,2.075,50.92,2
COHR,2026-04-28,2026-04-29,2026-05-01,5-10%,-5.297,304.5,321.53,tp_gap_filled,8.06,2454.27,5.593,137.26,2
APO,2026-04-23,2026-04-30,2026-05-01,1-2%,-1.34,127.33,129.06,tp_gap_filled,19.4491,2476.45,1.359,33.65,1
BG,2026-04-29,2026-04-30,2026-05-01,3-5%,-3.079,122.47,126.36,tp_gap_filled,20.2293,2477.48,3.176,78.69,1
CARR,2026-04-15,2026-04-30,2026-05-01,1-2%,-1.005,64.01,64.66,tp_gap_filled,38.7336,2479.34,1.015,25.18,1
CIEN,2026-04-28,2026-04-30,2026-05-01,3-5%,-4.215,485.0,506.34,tp_gap_filled,5.1171,2481.79,4.4,109.2,1
CMI,2026-04-28,2026-04-30,2026-05-01,1-2%,-1.015,654.07,660.78,tp_gap_filled,3.801,2486.14,1.026,25.51,1
COIN,2026-04-29,2026-04-30,2026-05-01,3-5%,-3.519,187.27,194.1,tp_gap_filled,13.2826,2487.43,3.647,90.72,1
CVNA,2026-04-23,2026-04-30,2026-05-01,1-2%,-1.06,82.474,75.8761,stop,30.1618,2487.56,-8.0,-199.01,1
DASH,2026-04-29,2026-04-30,2026-05-01,1-2%,-1.474,169.435,171.97,tp_gap_filled,14.6697,2485.57,1.496,37.19,1
EIX,2026-04-29,2026-04-30,2026-05-01,2-3%,-2.016,66.57,67.94,tp_gap_filled,37.3342,2485.34,2.058,51.15,1
EL,2026-04-29,2026-04-30,2026-05-01,1-2%,-1.608,75.86,77.1,tp_gap_filled,32.7909,2487.52,1.635,40.66,1
CRWD,2026-01-29,2026-04-22,2026-05-04,1-2%,-1.801,115.185,117.2975,tp_gap_filled,21.4222,2467.52,1.834,45.25,8
CRM,2026-04-23,2026-04-24,2026-05-04,5-10%,-6.449,177.56,189.8,tp_gap_filled,13.8327,2456.14,6.893,169.31,6
INTU,2026-04-23,2026-04-24,2026-05-04,5-10%,-5.794,385.0,408.68,tp_gap_filled,6.379,2455.92,6.151,151.05,6
ADSK,2026-04-23,2026-04-27,2026-05-04,2-3%,-2.912,240.36,247.57,tp_gap_filled,10.2115,2454.44,3.0,73.63,5
ADP,2026-04-30,2026-05-01,2026-05-04,1-2%,-1.121,212.65,215.06,tp_gap_filled,11.6501,2477.39,1.133,28.08,1
CPAY,2026-04-30,2026-05-01,2026-05-04,1-2%,-1.365,302.79,306.98,tp_gap_filled,8.173,2474.7,1.384,34.24,1
CVX,2026-04-30,2026-05-01,2026-05-04,1-2%,-1.025,190.25,192.22,tp_gap_filled,13.0114,2475.42,1.035,25.63,1
DVN,2026-04-30,2026-05-01,2026-05-04,1-2%,-1.899,50.11,51.08,tp_gap_filled,49.4027,2475.57,1.936,47.92,1
EBAY,2026-04-30,2026-05-01,2026-05-04,3-5%,-3.584,100.07,103.79,tp_gap_filled,24.7428,2476.01,3.717,92.04,1
RJF,2026-02-27,2026-04-23,2026-05-05,1-2%,-1.584,157.15,159.68,tp_gap_filled,15.7289,2471.8,1.61,39.79,8
ADBE,2026-04-23,2026-04-24,2026-05-05,3-5%,-4.321,244.88,255.94,tp_gap_filled,10.0317,2456.56,4.516,110.95,7
AMAT,2026-04-28,2026-04-29,2026-05-05,3-5%,-4.658,386.0,404.86,tp_gap_filled,6.344,2448.78,4.886,119.65,4
APD,2026-04-30,2026-05-01,2026-05-05,1-2%,-1.157,299.0,302.5,tp_gap_filled,8.2872,2477.87,1.171,29.01,2
DELL,2026-04-28,2026-05-01,2026-05-05,2-3%,-2.778,209.97,215.97,tp_gap_filled,11.7899,2475.52,2.858,70.74,2
ADI,2026-05-01,2026-05-04,2026-05-05,1-2%,-1.293,397.06,402.26,tp_gap_filled,6.2347,2475.56,1.31,32.42,1
GLW,2026-05-01,2026-05-04,2026-05-05,1-2%,-1.352,162.02,164.24,tp_gap_filled,15.2821,2476.0,1.37,33.93,1
GOOG,2026-05-01,2026-05-04,2026-05-05,1-2%,-1.037,377.98,381.94,tp_gap_filled,6.5489,2475.37,1.048,25.93,1
INTC,2026-05-01,2026-05-04,2026-05-05,1-2%,-1.355,93.2,94.48,tp_gap_filled,26.5621,2475.59,1.373,34.0,1
LRCX,2026-05-01,2026-05-04,2026-05-05,1-2%,-1.055,255.14,257.86,tp_gap_filled,9.7082,2476.96,1.066,26.41,1
MRVL,2026-05-01,2026-05-04,2026-05-05,1-2%,-1.695,162.35,165.15,tp_gap_filled,15.2627,2477.9,1.725,42.74,1
MU,2026-05-01,2026-05-04,2026-05-05,1-2%,-1.04,511.78,517.16,tp_gap_filled,4.8425,2478.3,1.051,26.05,1
IT,2026-02-03,2026-02-04,2026-05-06,10%+,-26.907,147.94,151.05,time_exit,16.3726,2422.16,2.102,50.92,63
AJG,2026-04-24,2026-04-28,2026-05-06,1-2%,-1.108,216.94,199.5848,stop,11.3156,2454.81,-8.0,-196.38,6
MPWR,2026-05-01,2026-05-04,2026-05-06,3-5%,-3.088,1564.5601,1614.41,tp_gap_filled,1.5836,2477.63,3.186,78.94,2
CRH,2026-05-04,2026-05-05,2026-05-06,1-2%,-1.126,114.15,115.45,tp_gap_filled,21.8781,2497.39,1.139,28.44,1
CRL,2026-04-23,2026-05-05,2026-05-06,3-5%,-3.328,178.65,184.8,tp_gap_filled,13.9752,2496.67,3.442,85.95,1
DHI,2026-05-04,2026-05-05,2026-05-06,1-2%,-1.253,148.1,149.98,tp_gap_filled,16.8711,2498.61,1.269,31.72,1
EFX,2026-05-04,2026-05-05,2026-05-06,1-2%,-1.231,171.71,173.85,tp_gap_filled,14.5481,2498.06,1.246,31.13,1
EXC,2026-05-04,2026-05-05,2026-05-06,1-2%,-1.011,46.03,46.5,tp_gap_filled,54.2596,2497.57,1.021,25.5,1
HLT,2026-05-04,2026-05-05,2026-05-06,1-2%,-1.212,314.75,318.61,tp_gap_filled,7.9356,2497.73,1.226,30.63,1
JBHT,2026-05-04,2026-05-05,2026-05-06,1-2%,-1.749,244.38,248.73,tp_gap_filled,10.2194,2497.42,1.78,44.45,1
LEN,2026-05-04,2026-05-05,2026-05-06,1-2%,-1.278,87.32,88.45,tp_gap_filled,28.5976,2497.15,1.294,32.32,1
MAR,2026-05-01,2026-05-05,2026-05-06,1-2%,-1.158,357.5,361.69,tp_gap_filled,6.9832,2496.5,1.172,29.26,1
MLM,2026-05-04,2026-05-05,2026-05-06,1-2%,-1.471,605.45,614.49,tp_gap_filled,4.1227,2496.09,1.493,37.27,1
CBRE,2026-04-27,2026-04-28,2026-05-07,1-2%,-1.2,146.51,148.29,tp_gap_filled,16.7498,2454.01,1.215,29.81,7
GEN,2026-04-23,2026-04-28,2026-05-07,3-5%,-3.002,19.39,19.99,tp_gap_filled,126.6547,2455.83,3.094,75.99,7
BF-B,2026-04-29,2026-04-30,2026-05-07,5-10%,-7.97,25.52,27.73,tp_gap_filled,97.0608,2476.99,8.66,214.5,5
APP,2026-04-23,2026-05-04,2026-05-07,2-3%,-2.688,470.71,483.71,tp_gap_filled,5.2592,2475.55,2.762,68.37,3
COHR,2026-05-05,2026-05-06,2026-05-07,1-2%,-1.473,325.03,329.89,tp_gap_filled,7.6773,2495.35,1.495,37.31,1
DVA,2026-05-05,2026-05-06,2026-05-07,1-2%,-1.992,151.01,154.08,tp_gap_filled,16.5444,2498.36,2.033,50.79,1
EBAY,2026-05-05,2026-05-06,2026-05-07,1-2%,-1.674,107.5,109.33,tp_gap_filled,23.3726,2512.55,1.702,42.77,1
GDDY,2026-05-05,2026-05-06,2026-05-07,1-2%,-1.133,87.28,88.28,tp_gap_filled,28.7898,2512.78,1.146,28.79,1
HBAN,2026-05-04,2026-05-06,2026-05-07,1-2%,-1.022,16.46,16.63,tp_gap_filled,152.5868,2511.58,1.033,25.94,1
ON,2026-05-05,2026-05-06,2026-05-07,3-5%,-4.302,97.65,102.04,tp_gap_filled,25.7274,2512.28,4.496,112.94,1
TDY,2026-03-05,2026-04-22,2026-05-08,1-2%,-1.119,675.13,621.1196,stop,3.6599,2470.88,-8.0,-197.67,12
EXPD,2026-02-23,2026-05-06,2026-05-08,1-2%,-1.011,154.72,156.3,tp_gap_filled,16.2606,2515.84,1.021,25.69,2
ADP,2026-05-06,2026-05-07,2026-05-08,1-2%,-1.04,208.41,210.6,tp_gap_filled,11.9587,2492.31,1.051,26.19,1
CBOE,2026-05-06,2026-05-07,2026-05-08,1-2%,-1.689,338.17,343.98,tp_gap_filled,7.364,2490.3,1.718,42.79,1
CRWD,2026-05-06,2026-05-07,2026-05-08,1-2%,-1.706,117.1,119.1325,tp_gap_filled,21.2665,2490.31,1.736,43.22,1
CSCO,2026-05-06,2026-05-07,2026-05-08,1-2%,-1.76,92.64,94.3,tp_gap_filled,26.9244,2494.28,1.792,44.69,1
BRO,2026-04-30,2026-05-01,2026-05-11,1-2%,-1.217,60.89,56.0188,stop,40.6999,2478.22,-8.0,-198.26,6
ALB,2026-04-17,2026-05-07,2026-05-11,3-5%,-3.738,207.56,215.62,tp_gap_filled,12.0187,2494.59,3.883,96.87,2
AJG,2026-05-07,2026-05-08,2026-05-11,1-2%,-1.341,194.27,196.91,tp_gap_filled,12.7618,2479.23,1.359,33.69,1
AKAM,2026-05-07,2026-05-08,2026-05-11,3-5%,-4.804,116.13,121.99,tp_gap_filled,21.3588,2480.4,5.046,125.16,1
AMD,2026-05-07,2026-05-08,2026-05-11,1-2%,-1.025,417.07,421.39,tp_gap_filled,5.9796,2493.93,1.036,25.83,1
APP,2026-05-07,2026-05-08,2026-05-11,2-3%,-2.977,454.875,468.83,tp_gap_filled,5.4927,2498.48,3.068,76.65,1
CIEN,2026-05-07,2026-05-08,2026-05-11,2-3%,-2.15,564.39,576.79,tp_gap_filled,4.4295,2499.99,2.197,54.93,1
AFL,2026-04-30,2026-05-01,2026-05-12,3-5%,-3.39,112.27,116.21,tp_gap_filled,22.0696,2477.75,3.509,86.95,7
ALL,2026-05-07,2026-05-08,2026-05-12,2-3%,-2.253,213.01,217.92,tp_gap_filled,11.7079,2493.89,2.305,57.49,2
COIN,2026-05-08,2026-05-11,2026-05-12,3-5%,-3.581,186.05,192.96,tp_gap_filled,13.3402,2481.95,3.714,92.18,1
CRWD,2026-05-08,2026-05-11,2026-05-12,1-2%,-1.294,124.7937,126.43,tp_gap_filled,19.9488,2489.49,1.311,32.64,1
DDOG,2026-05-08,2026-05-11,2026-05-12,1-2%,-1.711,185.5,188.73,tp_gap_filled,13.4436,2493.79,1.741,43.42,1
AIG,2026-01-06,2026-02-11,2026-05-13,5-10%,-5.558,79.69,75.78,time_exit,30.721,2448.15,-4.907,-120.12,63
EXPE,2026-04-23,2026-05-06,2026-05-13,3-5%,-3.061,256.5,218.025,stop,9.8039,2514.71,-15.0,-377.21,5
ADSK,2026-05-06,2026-05-07,2026-05-13,1-2%,-1.624,245.38,225.7496,stop,10.1625,2493.66,-8.0,-199.49,4
ALGN,2026-05-04,2026-05-07,2026-05-13,1-2%,-1.777,175.73,161.6716,stop,14.183,2492.38,-8.0,-199.39,4
ACN,2026-05-08,2026-05-11,2026-05-13,1-2%,-1.199,178.03,163.7876,stop,13.9501,2483.53,-8.0,-198.68,2
ADI,2026-05-11,2026-05-12,2026-05-13,1-2%,-1.035,412.21,416.52,tp_gap_filled,6.0479,2493.0,1.046,26.07,1
APP,2026-05-11,2026-05-12,2026-05-13,2-3%,-2.664,456.07,468.55,tp_gap_filled,5.4682,2493.9,2.736,68.24,1
FTNT,2026-05-11,2026-05-12,2026-05-13,1-2%,-1.727,112.1,114.07,tp_gap_filled,22.2805,2497.64,1.757,43.89,1
DGX,2026-05-04,2026-05-05,2026-05-14,1-2%,-1.069,190.61,192.67,tp_gap_filled,13.1082,2498.55,1.081,27.0,7
CHD,2026-05-04,2026-05-06,2026-05-14,1-2%,-1.562,94.52,96.02,tp_gap_filled,26.3978,2495.12,1.587,39.6,6
ADBE,2026-05-06,2026-05-07,2026-05-14,1-2%,-1.408,252.02,231.8584,stop,9.8858,2491.42,-8.0,-199.31,5
ALB,2026-05-12,2026-05-13,2026-05-14,1-2%,-1.929,205.94,189.4648,stop,12.0309,2477.63,-8.0,-198.21,1
AMAT,2026-05-12,2026-05-13,2026-05-14,1-2%,-1.537,436.8,443.62,tp_gap_filled,5.6695,2476.43,1.561,38.67,1
CIEN,2026-05-12,2026-05-13,2026-05-14,2-3%,-2.354,567.78,581.47,tp_gap_filled,4.3585,2474.68,2.411,59.67,1
BAX,2026-02-12,2026-02-13,2026-05-15,10%+,-12.348,19.52,17.3,time_exit,123.6643,2413.93,-11.373,-274.53,63
INCY,2026-02-10,2026-02-13,2026-05-15,5-10%,-5.531,103.0,95.31,time_exit,23.4589,2416.27,-7.466,-180.4,63
ROL,2026-02-12,2026-02-13,2026-05-15,10%+,-15.168,55.65,53.42,time_exit,43.4275,2416.74,-4.007,-96.84,63
NVR,2026-04-22,2026-04-23,2026-05-15,3-5%,-4.23,6640.2402,5644.2042,stop,0.3717,2468.35,-15.0,-370.25,16
CINF,2026-04-28,2026-04-29,2026-05-15,1-2%,-1.497,163.16,165.64,tp_gap_filled,15.042,2454.25,1.52,37.3,12
ABT,2026-05-13,2026-05-14,2026-05-15,1-2%,-1.126,83.4,84.35,tp_gap_filled,29.7794,2483.6,1.139,28.29,1
ADSK,2026-05-13,2026-05-14,2026-05-15,2-3%,-2.329,229.4,234.87,tp_gap_filled,10.8304,2484.5,2.384,59.24,1
AJG,2026-05-13,2026-05-14,2026-05-15,1-2%,-1.327,194.78,197.4,tp_gap_filled,12.7637,2486.12,1.345,33.44,1
ALL,2026-05-13,2026-05-14,2026-05-15,1-2%,-1.016,213.28,215.47,tp_gap_filled,11.6601,2486.86,1.027,25.54,1
ARES,2026-05-13,2026-05-14,2026-05-15,1-2%,-1.221,122.15,123.66,tp_gap_filled,20.3651,2487.6,1.236,30.75,1
AON,2026-04-30,2026-05-01,2026-05-18,3-5%,-3.119,312.43,322.49,tp_gap_filled,7.9314,2478.02,3.22,79.79,11
CL,2026-03-18,2026-05-01,2026-05-18,1-2%,-1.256,88.81,89.94,tp_gap_filled,27.8748,2475.56,1.272,31.5,11
ODFL,2026-05-04,2026-05-06,2026-05-18,2-3%,-2.808,200.03,205.81,tp_gap_filled,12.5588,2512.13,2.89,72.59,8
PKG,2026-03-05,2026-05-06,2026-05-18,1-2%,-1.114,229.96,211.5632,stop,10.943,2516.45,-8.0,-201.32,8
CVX,2026-05-06,2026-05-12,2026-05-18,3-5%,-3.66,185.59,192.64,tp_gap_filled,13.4573,2497.55,3.799,94.87,4
AMT,2026-05-12,2026-05-13,2026-05-18,1-2%,-1.623,174.59,177.47,tp_gap_filled,14.1818,2476.0,1.65,40.84,3
ACN,2026-05-13,2026-05-15,2026-05-18,1-2%,-1.325,167.52,169.77,tp_gap_filled,14.791,2477.78,1.343,33.28,1
ADP,2026-05-13,2026-05-15,2026-05-18,1-2%,-1.094,211.47,213.81,tp_gap_filled,11.7188,2478.17,1.107,27.42,1
GOOG,2026-05-14,2026-05-15,2026-05-18,1-2%,-1.316,393.79,399.04,tp_gap_filled,6.3002,2480.95,1.333,33.08,1
GOOGL,2026-05-14,2026-05-15,2026-05-18,1-2%,-1.326,397.28,402.62,tp_gap_filled,6.2447,2480.89,1.344,33.35,1
MRNA,2026-05-14,2026-05-15,2026-05-18,1-2%,-1.825,49.5,50.42,tp_gap_filled,50.1015,2480.02,1.859,46.09,1
WDC,2026-05-14,2026-05-15,2026-05-18,1-2%,-1.888,484.76,445.9792,stop,5.116,2480.02,-8.0,-198.4,1
EOG,2026-04-08,2026-04-09,2026-05-19,5-10%,-6.094,135.44,144.23,tp_gap_filled,17.7988,2410.67,6.49,156.45,28
ACGL,2026-04-29,2026-05-01,2026-05-19,1-2%,-1.247,95.85,97.06,tp_gap_filled,25.8574,2478.44,1.262,31.29,12
CAH,2026-04-30,2026-05-01,2026-05-19,3-5%,-3.713,195.29,202.82,tp_gap_filled,12.6764,2475.57,3.856,95.45,12
CRM,2026-05-08,2026-05-11,2026-05-19,3-5%,-3.574,179.68,186.34,tp_gap_filled,13.8585,2490.1,3.707,92.3,6
AMD,2026-05-12,2026-05-13,2026-05-19,2-3%,-2.079,449.25,399.8325,stop,5.5123,2476.41,-11.0,-272.41,4
MAA,2026-05-14,2026-05-15,2026-05-19,1-2%,-1.206,127.78,129.34,tp_gap_filled,19.4148,2480.83,1.221,30.29,2
OXY,2026-05-05,2026-05-15,2026-05-19,1-2%,-1.062,59.63,60.27,tp_gap_filled,41.5824,2479.56,1.073,26.61,2
APP,2026-05-15,2026-05-18,2026-05-19,1-2%,-1.066,479.99,485.16,tp_gap_filled,5.191,2491.63,1.077,26.84,1
BNY,2026-05-15,2026-05-18,2026-05-19,1-2%,-1.007,134.61,135.98,tp_gap_filled,18.5195,2492.92,1.018,25.37,1
CBRE,2026-05-15,2026-05-18,2026-05-19,1-2%,-1.291,130.74,132.45,tp_gap_filled,19.0733,2493.65,1.308,32.62,1
CRWD,2026-05-15,2026-05-18,2026-05-19,1-2%,-1.169,143.2925,144.9875,tp_gap_filled,17.3836,2490.94,1.183,29.47,1
DDOG,2026-05-15,2026-05-18,2026-05-19,1-2%,-1.159,200.49,202.84,tp_gap_filled,12.4384,2493.78,1.172,29.23,1
CHRW,2026-05-04,2026-05-07,2026-05-20,3-5%,-3.232,171.57,177.3,tp_gap_filled,14.5152,2490.37,3.34,83.17,9
DAL,2026-05-15,2026-05-18,2026-05-20,1-2%,-1.426,70.53,71.55,tp_gap_filled,35.3737,2494.91,1.446,36.08,2
CBOE,2026-05-18,2026-05-19,2026-05-20,1-2%,-1.358,358.09,363.02,tp_gap_filled,6.9211,2478.38,1.377,34.12,1
DRI,2026-05-18,2026-05-19,2026-05-20,1-2%,-1.001,193.93,195.89,tp_gap_filled,12.7772,2477.88,1.011,25.04,1
EXPE,2026-05-18,2026-05-19,2026-05-20,1-2%,-1.006,215.54,217.73,tp_gap_filled,11.4959,2477.83,1.016,25.18,1
GEN,2026-05-18,2026-05-19,2026-05-20,1-2%,-1.066,23.2,23.45,tp_gap_filled,106.7496,2476.59,1.078,26.69,1
GRMN,2026-05-15,2026-05-19,2026-05-20,1-2%,-1.966,229.82,234.43,tp_gap_filled,10.7866,2478.98,2.006,49.73,1
HUM,2026-05-18,2026-05-19,2026-05-20,1-2%,-1.501,300.54,305.12,tp_gap_filled,8.2476,2478.74,1.524,37.77,1
MPC,2026-05-18,2026-05-19,2026-05-20,1-2%,-1.168,252.05,255.03,tp_gap_filled,9.8386,2479.82,1.182,29.32,1
IBM,2026-04-23,2026-04-24,2026-05-21,5-10%,-7.778,232.27,251.86,tp_gap_filled,10.5738,2455.98,8.434,207.14,19
SNDK,2026-05-14,2026-05-15,2026-05-21,3-5%,-3.65,1394.4,1447.23,tp_gap_filled,1.7782,2479.55,3.789,93.94,4
DELL,2026-05-15,2026-05-18,2026-05-21,3-5%,-3.017,240.41,247.89,tp_gap_filled,10.3816,2495.85,3.111,77.65,3
AMD,2026-05-19,2026-05-20,2026-05-21,1-2%,-1.993,412.6,420.99,tp_gap_filled,6.0391,2491.73,2.033,50.67,1
APH,2026-05-19,2026-05-20,2026-05-21,1-2%,-1.643,59.86,60.86,tp_gap_filled,41.6966,2495.96,1.671,41.7,1
DHI,2026-05-19,2026-05-20,2026-05-21,1-2%,-1.52,135.4,137.49,tp_gap_filled,18.4341,2495.98,1.544,38.53,1
DXCM,2026-03-06,2026-05-20,2026-05-21,1-2%,-1.372,69.72,70.69,tp_gap_filled,35.8337,2498.32,1.391,34.76,1
ECHO,2026-05-19,2026-05-20,2026-05-21,1-2%,-1.429,134.5,136.45,tp_gap_filled,18.5841,2499.56,1.45,36.24,1
AMGN,2026-04-29,2026-04-30,2026-05-22,1-2%,-1.343,335.01,339.57,tp_gap_filled,7.3872,2474.79,1.361,33.69,16
CDNS,2026-05-11,2026-05-12,2026-05-22,1-2%,-1.001,359.07,362.7,tp_gap_filled,6.956,2497.69,1.011,25.25,8
MCO,2026-05-13,2026-05-19,2026-05-22,1-2%,-1.08,446.87,451.75,tp_gap_filled,5.5524,2481.2,1.092,27.1,3
CIEN,2026-05-15,2026-05-20,2026-05-22,3-5%,-3.536,570.65,591.57,tp_gap_filled,4.3764,2497.37,3.666,91.55,2
ACN,2026-05-20,2026-05-21,2026-05-22,1-2%,-1.018,175.0,176.8,tp_gap_filled,14.3313,2507.98,1.029,25.8,1
ADP,2026-05-20,2026-05-21,2026-05-22,1-2%,-1.007,218.22,220.44,tp_gap_filled,11.4967,2508.81,1.017,25.52,1
ADSK,2026-05-20,2026-05-21,2026-05-22,1-2%,-1.806,239.75,244.16,tp_gap_filled,10.466,2509.23,1.839,46.16,1
CCI,2026-05-20,2026-05-21,2026-05-22,1-2%,-1.321,91.12,92.34,tp_gap_filled,27.5387,2509.33,1.339,33.6,1
CRM,2026-05-20,2026-05-21,2026-05-22,1-2%,-1.884,176.04,179.42,tp_gap_filled,14.2572,2509.83,1.92,48.19,1
CSCO,2026-05-19,2026-05-21,2026-05-22,1-2%,-1.548,117.04,118.88,tp_gap_filled,21.4449,2509.91,1.572,39.46,1
DASH,2026-05-20,2026-05-21,2026-05-22,1-2%,-1.06,153.01,154.65,tp_gap_filled,16.4068,2510.41,1.072,26.91,1
DDOG,2026-05-20,2026-05-21,2026-05-22,1-2%,-1.283,212.39,215.15,tp_gap_filled,11.8295,2512.46,1.299,32.65,1
AEE,2026-05-06,2026-05-07,2026-05-26,2-3%,-2.141,109.25,111.64,tp_gap_filled,22.8358,2494.81,2.188,54.58,12
AEP,2026-05-13,2026-05-14,2026-05-26,3-5%,-3.797,126.93,131.94,tp_gap_filled,19.5814,2485.46,3.947,98.1,7
AMAT,2026-05-15,2026-05-18,2026-05-26,2-3%,-2.756,428.42,440.56,tp_gap_filled,5.8199,2493.36,2.834,70.65,5
DOV,2026-05-15,2026-05-18,2026-05-26,1-2%,-1.162,211.87,214.36,tp_gap_filled,11.7778,2495.35,1.175,29.33,5
BKR,2026-05-06,2026-05-20,2026-05-26,1-2%,-1.505,66.76,67.78,tp_gap_filled,37.4078,2497.35,1.528,38.16,3
ETR,2026-05-15,2026-05-20,2026-05-26,1-2%,-1.178,111.57,112.9,tp_gap_filled,22.4244,2501.89,1.192,29.82,3
AFL,2026-05-21,2026-05-22,2026-05-26,1-2%,-1.041,116.0,117.22,tp_gap_filled,21.7502,2523.03,1.052,26.54,1
AMD,2026-05-21,2026-05-22,2026-05-26,1-2%,-1.249,441.99,447.58,tp_gap_filled,5.7102,2523.84,1.265,31.92,1
BAX,2026-05-21,2026-05-22,2026-05-26,1-2%,-1.492,18.49,18.77,tp_gap_filled,136.6734,2527.09,1.514,38.27,1
BDX,2026-05-21,2026-05-22,2026-05-26,1-2%,-1.218,145.16,146.95,tp_gap_filled,17.422,2528.98,1.233,31.19,1
BSX,2026-05-21,2026-05-22,2026-05-26,1-2%,-1.129,56.03,56.67,tp_gap_filled,45.1503,2529.77,1.142,28.9,1
CBRE,2026-05-21,2026-05-22,2026-05-26,1-2%,-1.091,129.69,131.12,tp_gap_filled,19.5185,2531.35,1.103,27.91,1
CEG,2026-05-13,2026-05-22,2026-05-26,1-2%,-1.499,289.2,293.6,tp_gap_filled,8.7548,2531.89,1.521,38.52,1
DAL,2026-05-21,2026-05-22,2026-05-26,1-2%,-1.646,72.9,74.12,tp_gap_filled,34.7472,2533.07,1.674,42.39,1
DHI,2026-05-21,2026-05-22,2026-05-26,1-2%,-1.503,139.63,141.76,tp_gap_filled,18.1574,2535.32,1.525,38.68,1
BXP,2026-02-27,2026-05-06,2026-05-27,1-2%,-1.504,60.25,61.17,tp_gap_filled,41.4184,2495.46,1.527,38.1,14
ADI,2026-05-15,2026-05-18,2026-05-27,2-3%,-2.72,415.18,426.79,tp_gap_filled,6.0045,2492.95,2.796,69.71,6
EME,2026-05-19,2026-05-20,2026-05-27,1-2%,-2.0,859.65,877.19,tp_gap_filled,2.9108,2502.27,2.04,51.06,4
CPAY,2026-05-21,2026-05-22,2026-05-27,1-2%,-1.375,345.66,350.48,tp_gap_filled,7.3273,2532.74,1.394,35.32,2
FERG,2026-05-15,2026-05-26,2026-05-27,1-2%,-1.935,227.51,232.0,tp_gap_filled,11.1071,2526.99,1.974,49.87,1
FLEX,2026-05-15,2026-05-26,2026-05-27,3-5%,-3.001,139.29,143.6,tp_gap_filled,18.1416,2526.94,3.094,78.19,1
LVS,2026-05-22,2026-05-26,2026-05-27,1-2%,-1.719,48.6,49.45,tp_gap_filled,52.0241,2528.37,1.749,44.22,1
MAS,2026-05-13,2026-05-26,2026-05-27,1-2%,-1.175,68.98,69.8,tp_gap_filled,36.6711,2529.57,1.189,30.07,1
MU,2026-05-14,2026-05-26,2026-05-27,1-2%,-1.992,787.62,803.63,tp_gap_filled,3.2116,2529.51,2.033,51.42,1
PNW,2026-05-22,2026-05-26,2026-05-27,1-2%,-1.11,100.71,101.84,tp_gap_filled,25.1858,2536.46,1.122,28.46,1
TER,2026-04-28,2026-05-26,2026-05-27,3-5%,-3.234,389.0,402.0,tp_gap_filled,6.5225,2537.24,3.342,84.79,1
TSLA,2026-05-15,2026-05-26,2026-05-27,2-3%,-2.102,433.98,443.3,tp_gap_filled,5.8465,2537.26,2.148,54.49,1
MSCI,2026-02-03,2026-04-22,2026-05-28,2-3%,-2.185,611.1,624.75,tp_gap_filled,4.0423,2470.27,2.234,55.18,25
A,2026-04-23,2026-04-24,2026-05-28,3-5%,-3.295,116.5,120.47,tp_gap_filled,21.0898,2456.96,3.408,83.73,23
AMZN,2026-05-11,2026-05-13,2026-05-28,1-2%,-1.042,269.84,272.68,tp_gap_filled,9.175,2475.79,1.052,26.06,10
KR,2026-04-10,2026-05-19,2026-05-28,1-2%,-1.251,69.47,63.9124,stop,35.7045,2480.39,-8.0,-198.43,6
ADSK,2026-05-26,2026-05-27,2026-05-28,1-2%,-1.208,238.08,240.99,tp_gap_filled,10.626,2529.83,1.222,30.92,1
BA,2026-05-15,2026-05-27,2026-05-28,1-2%,-1.03,226.85,229.21,tp_gap_filled,11.151,2529.6,1.04,26.32,1
CI,2026-05-26,2026-05-27,2026-05-28,1-2%,-1.132,283.0,286.24,tp_gap_filled,8.9322,2527.81,1.145,28.94,1
CTSH,2026-05-26,2026-05-27,2026-05-28,1-2%,-1.327,52.05,52.75,tp_gap_filled,48.5867,2528.94,1.345,34.01,1
F,2026-05-26,2026-05-27,2026-05-28,1-2%,-1.005,14.78,14.93,tp_gap_filled,171.201,2530.35,1.015,25.68,1
GPC,2026-05-26,2026-05-27,2026-05-28,1-2%,-1.379,96.52,97.87,tp_gap_filled,26.2425,2532.93,1.399,35.43,1
IQV,2026-05-26,2026-05-27,2026-05-28,1-2%,-1.024,166.18,167.9,tp_gap_filled,15.248,2533.91,1.035,26.23,1
IT,2026-05-26,2026-05-27,2026-05-28,1-2%,-1.481,157.64,160.01,tp_gap_filled,16.073,2533.74,1.503,38.09,1
MLM,2026-05-15,2026-05-27,2026-05-28,1-2%,-1.163,568.54,575.23,tp_gap_filled,4.4555,2533.11,1.177,29.81,1
AVGO,2026-05-15,2026-05-26,2026-05-29,1-2%,-1.587,432.81,439.79,tp_gap_filled,5.8415,2528.25,1.613,40.77,3
CRH,2026-05-15,2026-05-27,2026-05-29,2-3%,-2.518,104.92,107.63,tp_gap_filled,24.0974,2528.3,2.583,65.3,2
ELV,2026-05-26,2026-05-27,2026-05-29,1-2%,-1.464,388.91,394.69,tp_gap_filled,6.5054,2530.02,1.486,37.6,2
BBY,2026-04-21,2026-05-28,2026-05-29,1-2%,-1.688,65.81,66.94,tp_gap_filled,38.4953,2533.37,1.717,43.5,1
CRWD,2026-05-27,2026-05-28,2026-05-29,3-5%,-4.548,160.2525,167.8875,tp_gap_filled,15.8515,2540.25,4.764,121.03,1
DDOG,2026-05-27,2026-05-28,2026-05-29,1-2%,-1.113,221.16,223.65,tp_gap_filled,11.4935,2541.89,1.126,28.62,1
FDS,2026-04-23,2026-05-28,2026-05-29,1-2%,-1.318,239.52,242.72,tp_gap_filled,10.6198,2543.66,1.336,33.98,1
FTNT,2026-05-27,2026-05-28,2026-05-29,3-5%,-3.292,129.55,133.96,tp_gap_filled,19.6335,2543.53,3.404,86.58,1
MSFT,2026-05-27,2026-05-28,2026-05-29,1-2%,-1.207,411.01,416.03,tp_gap_filled,6.1894,2543.92,1.221,31.07,1
CME,2026-03-10,2026-03-12,2026-06-01,3-5%,-3.081,309.26,262.871,stop,7.5346,2330.14,-15.0,-349.52,55
CTVA,2026-04-08,2026-04-09,2026-06-01,1-2%,-1.324,84.2,77.464,stop,28.5459,2403.56,-8.0,-192.29,36
ANET,2026-05-06,2026-05-22,2026-06-01,10%+,-10.116,153.0,170.22,tp_gap_filled,16.5147,2526.75,11.255,284.38,5
GDDY,2026-05-26,2026-05-27,2026-06-01,1-2%,-1.094,89.47,90.46,tp_gap_filled,28.3236,2534.12,1.107,28.04,3
KEYS,2026-05-15,2026-05-27,2026-06-01,1-2%,-1.155,357.374,328.7841,stop,7.092,2534.49,-8.0,-202.76,3
CVX,2026-05-27,2026-05-28,2026-06-01,1-2%,-1.548,181.85,184.71,tp_gap_filled,13.9761,2541.56,1.573,39.97,2
EOG,2026-05-27,2026-05-28,2026-06-01,1-2%,-1.674,133.92,136.2,tp_gap_filled,18.9877,2542.83,1.703,43.29,2
FANG,2026-05-27,2026-05-28,2026-06-01,1-2%,-1.625,191.96,195.13,tp_gap_filled,13.248,2543.08,1.651,42.0,2
MPC,2026-05-26,2026-05-28,2026-06-01,1-2%,-1.096,251.86,254.65,tp_gap_filled,10.101,2544.03,1.108,28.18,2
ADBE,2026-05-20,2026-05-29,2026-06-01,1-2%,-1.847,250.28,254.99,tp_gap_filled,10.0968,2527.02,1.882,47.56,1
ADP,2026-05-26,2026-05-29,2026-06-01,1-2%,-1.54,221.84,225.31,tp_gap_filled,11.3993,2528.82,1.564,39.56,1
DAL,2026-05-28,2026-05-29,2026-06-01,1-2%,-1.1,80.9,81.8,tp_gap_filled,31.2513,2528.23,1.112,28.13,1
DHI,2026-05-28,2026-05-29,2026-06-01,2-3%,-2.3,144.41,147.81,tp_gap_filled,17.5142,2529.22,2.354,59.55,1
GRMN,2026-05-28,2026-05-29,2026-06-01,1-2%,-1.177,235.17,237.97,tp_gap_filled,10.7589,2530.16,1.191,30.12,1
GS,2026-05-28,2026-05-29,2026-06-01,1-2%,-1.009,986.42,996.47,tp_gap_filled,2.5647,2529.89,1.019,25.78,1
FCX,2026-04-23,2026-04-24,2026-06-02,10%+,-11.498,62.27,70.36,tp_gap_filled,39.4562,2456.94,12.992,319.2,26
COHR,2026-05-15,2026-05-18,2026-06-02,5-10%,-5.487,382.72,404.94,tp_gap_filled,6.5153,2493.53,5.806,144.77,10
CSGP,2026-05-08,2026-05-19,2026-06-02,1-2%,-1.029,34.62,31.8504,stop,71.6075,2479.05,-8.0,-198.32,9
CARR,2026-05-15,2026-05-27,2026-06-02,1-2%,-1.424,65.78,66.73,tp_gap_filled,38.443,2528.78,1.444,36.52,4
CVNA,2026-05-12,2026-05-28,2026-06-02,1-2%,-1.535,75.06,69.0552,stop,33.8746,2542.63,-8.0,-203.41,3
CEG,2026-05-28,2026-05-29,2026-06-02,1-2%,-1.197,285.225,262.407,stop,8.8624,2527.79,-8.0,-202.22,2
ADSK,2026-05-29,2026-06-01,2026-06-02,5-10%,-6.387,225.56,240.95,tp_gap_filled,11.2407,2535.45,6.823,172.99,1
BG,2026-05-06,2026-06-01,2026-06-02,1-2%,-1.097,128.95,130.38,tp_gap_filled,19.7017,2540.54,1.109,28.17,1
CFG,2026-05-29,2026-06-01,2026-06-02,2-3%,-2.211,61.03,62.41,tp_gap_filled,41.6344,2540.94,2.261,57.46,1
FTV,2026-05-29,2026-06-01,2026-06-02,1-2%,-1.048,58.55,59.17,tp_gap_filled,43.4128,2541.82,1.059,26.92,1
J,2026-05-29,2026-06-01,2026-06-02,1-2%,-1.303,117.41,118.96,tp_gap_filled,21.6503,2541.97,1.32,33.56,1
OMC,2026-05-28,2026-06-01,2026-06-02,1-2%,-1.389,73.81,74.85,tp_gap_filled,34.4722,2544.39,1.409,35.85,1
PAYX,2026-03-09,2026-06-01,2026-06-02,1-2%,-1.319,99.52,100.85,tp_gap_filled,25.5816,2545.88,1.336,34.02,1
TMO,2026-05-29,2026-06-01,2026-06-02,1-2%,-1.036,482.17,487.22,tp_gap_filled,5.2832,2547.38,1.047,26.68,1
BX,2026-04-23,2026-05-01,2026-06-03,2-3%,-2.629,126.32,112.4248,stop,19.5975,2475.56,-11.0,-272.31,22
ETN,2026-05-05,2026-05-06,2026-06-03,5-10%,-5.84,397.77,422.44,tp_gap_filled,6.3174,2512.85,6.202,155.85,19
CAT,2026-05-12,2026-05-13,2026-06-03,1-2%,-1.596,912.0,926.79,tp_gap_filled,2.714,2475.21,1.622,40.14,14
APO,2026-05-18,2026-05-19,2026-06-03,1-2%,-1.108,133.88,123.1696,stop,18.5195,2479.39,-8.0,-198.35,10
BLK,2026-05-19,2026-05-22,2026-06-03,1-2%,-1.052,1074.46,988.5032,stop,2.3545,2529.84,-8.0,-202.39,7
A,2026-06-01,2026-06-02,2026-06-03,1-2%,-1.498,133.5,135.53,tp_gap_filled,19.12,2552.52,1.521,38.81,1
ADI,2026-06-01,2026-06-02,2026-06-03,2-3%,-2.32,404.25,413.85,tp_gap_filled,6.3157,2553.12,2.375,60.63,1
AEE,2026-06-01,2026-06-02,2026-06-03,1-2%,-1.186,106.69,107.97,tp_gap_filled,23.9527,2555.51,1.2,30.66,1
AKAM,2026-05-14,2026-06-02,2026-06-03,2-3%,-2.644,156.88,161.14,tp_gap_filled,16.2915,2555.8,2.715,69.4,1
AMAT,2026-06-01,2026-06-02,2026-06-03,1-2%,-1.227,444.54,450.06,tp_gap_filled,5.748,2555.23,1.242,31.73,1
AMD,2026-06-01,2026-06-02,2026-06-03,3-5%,-3.089,500.16,516.1,tp_gap_filled,5.1193,2560.46,3.187,81.6,1
AMT,2026-06-01,2026-06-02,2026-06-03,1-2%,-1.145,184.82,186.96,tp_gap_filled,13.8657,2562.65,1.158,29.67,1
APH,2026-06-01,2026-06-02,2026-06-03,1-2%,-1.217,73.475,74.38,tp_gap_filled,34.8806,2562.85,1.232,31.57,1
C,2026-06-01,2026-06-02,2026-06-03,1-2%,-1.446,124.08,125.9,tp_gap_filled,20.6627,2563.83,1.467,37.61,1
CIEN,2026-06-01,2026-06-02,2026-06-03,3-5%,-3.569,559.52,580.23,tp_gap_filled,4.5864,2566.17,3.701,94.98,1
D,2026-06-01,2026-06-02,2026-06-03,1-2%,-1.031,66.25,66.94,tp_gap_filled,38.8193,2571.78,1.042,26.79,1
BAX,2026-05-28,2026-05-29,2026-06-04,2-3%,-2.949,18.76,19.33,tp_gap_filled,134.7405,2527.73,3.038,76.8,4
AIG,2026-06-01,2026-06-02,2026-06-04,1-2%,-1.064,73.44,74.23,tp_gap_filled,34.7978,2555.55,1.076,27.49,2
BEN,2026-06-01,2026-06-02,2026-06-04,1-2%,-1.289,30.62,31.02,tp_gap_filled,83.7033,2563.0,1.306,33.48,2
CBRE,2026-05-28,2026-06-02,2026-06-04,1-2%,-1.206,128.58,130.15,tp_gap_filled,19.9627,2566.8,1.221,31.34,2
CCI,2026-06-01,2026-06-02,2026-06-04,1-2%,-1.06,90.53,91.5,tp_gap_filled,28.3499,2566.51,1.071,27.5,2
ADP,2026-06-02,2026-06-03,2026-06-04,1-2%,-1.814,229.5,233.74,tp_gap_filled,11.096,2546.54,1.847,47.05,1
AMGN,2026-06-01,2026-06-03,2026-06-04,1-2%,-1.013,333.38,336.79,tp_gap_filled,7.6374,2546.15,1.023,26.04,1
CDNS,2026-06-02,2026-06-03,2026-06-04,1-2%,-1.975,405.98,414.16,tp_gap_filled,6.2734,2546.89,2.015,51.32,1
CRL,2026-06-02,2026-06-03,2026-06-04,1-2%,-1.686,179.0,182.07,tp_gap_filled,14.2298,2547.14,1.715,43.69,1
CRWD,2026-06-02,2026-06-03,2026-06-04,2-3%,-2.214,191.2125,170.1791,stop,13.3223,2547.39,-11.0,-280.21,1
CSGP,2026-06-02,2026-06-03,2026-06-04,2-3%,-2.304,33.08,33.86,tp_gap_filled,76.9722,2546.24,2.358,60.04,1
FTNT,2026-06-02,2026-06-03,2026-06-04,1-2%,-1.903,144.34,147.14,tp_gap_filled,17.6429,2546.57,1.94,49.4,1
GLW,2026-05-14,2026-06-03,2026-06-04,1-2%,-1.521,203.37,187.1004,stop,12.521,2546.4,-8.0,-203.71,1
HAL,2026-05-27,2026-06-03,2026-06-04,1-2%,-1.534,40.45,41.08,tp_gap_filled,62.9357,2545.75,1.557,39.65,1
J,2026-06-02,2026-06-03,2026-06-04,1-2%,-1.65,120.99,123.02,tp_gap_filled,21.0488,2546.69,1.678,42.73,1
KEY,2026-06-02,2026-06-03,2026-06-04,1-2%,-1.435,20.6,20.9,tp_gap_filled,123.6316,2546.81,1.456,37.09,1
FITB,2026-02-27,2026-04-17,2026-06-05,2-3%,-2.02,50.92,51.97,tp_gap_filled,47.7722,2432.56,2.062,50.16,34
BKNG,2026-05-08,2026-05-27,2026-06-05,1-2%,-1.214,169.2,171.28,tp_gap_filled,14.947,2529.03,1.229,31.09,7
DUK,2026-06-01,2026-06-03,2026-06-05,1-2%,-1.067,121.42,122.73,tp_gap_filled,20.9746,2546.73,1.079,27.48,2
GILD,2026-06-02,2026-06-03,2026-06-05,1-2%,-1.609,128.99,131.1,tp_gap_filled,19.7411,2546.4,1.636,41.65,2
ARES,2026-06-03,2026-06-04,2026-06-05,5-10%,-5.597,121.1,128.28,tp_gap_filled,21.206,2568.04,5.929,152.26,1
BX,2026-06-03,2026-06-04,2026-06-05,3-5%,-4.282,109.99,114.91,tp_gap_filled,23.4063,2574.46,4.473,115.16,1
CCL,2026-06-03,2026-06-04,2026-06-05,1-2%,-1.411,27.25,27.64,tp_gap_filled,94.6225,2578.46,1.431,36.9,1
CSCO,2026-06-03,2026-06-04,2026-06-05,1-2%,-1.437,126.16,128.0,tp_gap_filled,20.444,2579.22,1.458,37.62,1
BF-B,2026-05-12,2026-05-13,2026-06-08,1-2%,-1.23,26.5,26.83,tp_gap_filled,93.4281,2475.85,1.245,30.83,17
AKAM,2026-06-03,2026-06-04,2026-06-08,1-2%,-1.341,158.17,145.5164,stop,16.2236,2566.08,-8.0,-205.29,2
APO,2026-06-03,2026-06-04,2026-06-08,3-5%,-3.697,124.0,128.76,tp_gap_filled,20.6963,2566.34,3.839,98.51,2
DECK,2026-06-03,2026-06-04,2026-06-08,2-3%,-2.013,108.56,110.79,tp_gap_filled,23.7715,2580.64,2.054,53.01,2
CAT,2026-06-04,2026-06-05,2026-06-08,1-2%,-1.316,913.99,926.18,tp_gap_filled,2.7685,2530.41,1.334,33.75,1
LYB,2026-05-27,2026-05-28,2026-06-09,1-2%,-1.811,67.76,62.3392,stop,37.5381,2543.58,-8.0,-203.49,8
ALGN,2026-06-01,2026-06-02,2026-06-09,1-2%,-1.458,172.4,174.95,tp_gap_filled,14.8314,2556.93,1.479,37.82,5
AXP,2026-06-01,2026-06-02,2026-06-09,1-2%,-1.046,313.16,316.47,tp_gap_filled,8.1854,2563.35,1.057,27.09,5
IBM,2026-06-02,2026-06-03,2026-06-09,2-3%,-2.082,313.75,279.2375,stop,8.1163,2546.48,-11.0,-280.11,4
APTV,2026-06-03,2026-06-04,2026-06-09,1-2%,-1.016,73.1,67.252,stop,35.1323,2568.17,-8.0,-205.45,3
BLDR,2026-06-03,2026-06-04,2026-06-09,1-2%,-1.765,74.04,75.37,tp_gap_filled,34.7474,2572.7,1.796,46.21,3
DHI,2026-06-03,2026-06-04,2026-06-09,1-2%,-1.433,145.79,147.91,tp_gap_filled,17.7024,2580.83,1.454,37.53,3
EMR,2026-06-03,2026-06-04,2026-06-09,1-2%,-1.169,140.37,142.03,tp_gap_filled,18.3816,2580.23,1.183,30.51,3
APP,2026-06-03,2026-06-05,2026-06-09,1-2%,-1.788,594.8,547.216,stop,4.2686,2538.98,-8.0,-203.12,2
AMAT,2026-06-04,2026-06-08,2026-06-09,3-5%,-3.017,485.66,500.77,tp_gap_filled,5.2071,2528.9,3.111,78.68,1
APH,2026-06-04,2026-06-08,2026-06-09,1-2%,-1.592,72.635,73.81,tp_gap_filled,34.8259,2529.58,1.618,40.92,1
BXP,2026-06-05,2026-06-08,2026-06-09,1-2%,-1.048,61.4,62.05,tp_gap_filled,41.1841,2528.71,1.059,26.77,1
CARR,2026-06-05,2026-06-08,2026-06-09,1-2%,-1.284,67.66,68.54,tp_gap_filled,37.4118,2531.28,1.301,32.92,1
OKE,2026-05-27,2026-05-28,2026-06-10,1-2%,-1.283,89.28,90.44,tp_gap_filled,28.5159,2545.9,1.299,33.08,9
CDW,2026-04-23,2026-06-01,2026-06-10,1-2%,-1.039,140.96,129.6832,stop,18.0259,2540.94,-8.0,-203.28,7
BLK,2026-06-03,2026-06-04,2026-06-10,1-2%,-1.752,1001.11,1018.96,tp_gap_filled,2.5705,2573.35,1.783,45.88,4
ALL,2026-05-21,2026-06-05,2026-06-10,1-2%,-1.288,219.12,221.98,tp_gap_filled,11.5852,2538.54,1.305,33.13,3
CMG,2026-06-02,2026-06-05,2026-06-10,1-2%,-1.408,30.12,30.55,tp_gap_filled,83.9932,2529.88,1.428,36.12,3
ACGL,2026-06-08,2026-06-09,2026-06-10,1-2%,-1.086,90.2,91.19,tp_gap_filled,28.1382,2538.06,1.098,27.86,1
AJG,2026-06-08,2026-06-09,2026-06-10,1-2%,-1.231,213.48,216.14,tp_gap_filled,11.8896,2538.18,1.246,31.63,1
ARE,2026-06-05,2026-06-09,2026-06-10,1-2%,-1.073,52.55,53.12,tp_gap_filled,48.3165,2539.03,1.085,27.54,1
BRO,2026-06-08,2026-06-09,2026-06-10,1-2%,-1.648,57.89,58.86,tp_gap_filled,43.8497,2538.46,1.676,42.53,1
CAH,2026-06-08,2026-06-09,2026-06-10,1-2%,-1.249,203.14,205.71,tp_gap_filled,12.5014,2539.53,1.265,32.13,1
CL,2026-06-08,2026-06-09,2026-06-10,1-2%,-1.795,86.99,88.58,tp_gap_filled,29.2046,2540.51,1.828,46.44,1
COO,2026-06-08,2026-06-09,2026-06-10,1-2%,-1.723,66.18,67.34,tp_gap_filled,38.395,2540.98,1.753,44.54,1
CSGP,2026-06-08,2026-06-09,2026-06-10,1-2%,-1.711,33.31,33.89,tp_gap_filled,76.3392,2542.86,1.741,44.28,1
DRI,2026-06-08,2026-06-09,2026-06-10,1-2%,-1.11,195.92,198.12,tp_gap_filled,12.9839,2543.8,1.123,28.56,1
ECL,2026-06-08,2026-06-09,2026-06-10,1-2%,-1.058,255.24,257.97,tp_gap_filled,9.9714,2545.1,1.07,27.22,1
GEN,2026-06-02,2026-06-03,2026-06-11,2-3%,-2.774,26.99,24.0211,stop,94.3805,2547.33,-11.0,-280.21,6
INTC,2026-06-01,2026-06-03,2026-06-11,3-5%,-4.578,109.43,114.68,tp_gap_filled,23.2584,2545.16,4.798,122.11,6
EFX,2026-06-03,2026-06-04,2026-06-11,1-2%,-1.34,173.75,159.85,stop,14.8549,2581.05,-8.0,-206.48,5
EL,2026-06-01,2026-06-09,2026-06-11,1-2%,-1.327,87.77,88.95,tp_gap_filled,29.0183,2546.93,1.344,34.24,2
ADP,2026-06-09,2026-06-10,2026-06-11,1-2%,-1.078,226.61,229.08,tp_gap_filled,11.1673,2530.61,1.09,27.58,1
AIZ,2026-06-08,2026-06-10,2026-06-11,1-2%,-1.072,254.59,257.35,tp_gap_filled,9.9439,2531.62,1.084,27.45,1
CASY,2026-05-21,2026-06-10,2026-06-11,1-2%,-1.071,843.38,852.51,tp_gap_filled,3.0024,2532.16,1.083,27.41,1
STLD,2026-06-05,2026-06-10,2026-06-11,1-2%,-1.069,273.89,276.85,tp_gap_filled,9.2515,2533.9,1.081,27.38,1
BALL,2026-05-28,2026-05-29,2026-06-12,1-2%,-1.133,55.87,56.51,tp_gap_filled,45.2626,2528.82,1.146,28.97,10
BEN,2026-06-05,2026-06-08,2026-06-12,1-2%,-1.251,31.57,31.97,tp_gap_filled,80.1075,2529.0,1.267,32.04,4
BBY,2026-06-01,2026-06-09,2026-06-12,1-2%,-1.783,76.56,77.95,tp_gap_filled,33.169,2539.42,1.816,46.1,3
HOOD,2026-06-01,2026-06-10,2026-06-12,3-5%,-4.624,89.94,94.3,tp_gap_filled,28.1957,2535.92,4.848,122.93,2
TTD,2026-06-09,2026-06-10,2026-06-12,1-2%,-1.364,19.165,19.43,tp_gap_filled,132.0103,2529.98,1.383,34.98,2
AOS,2026-06-10,2026-06-11,2026-06-12,1-2%,-1.182,58.53,59.23,tp_gap_filled,43.3647,2538.14,1.196,30.36,1
APTV,2026-06-10,2026-06-11,2026-06-12,1-2%,-1.577,67.4,68.48,tp_gap_filled,37.6595,2538.25,1.602,40.67,1
CCL,2026-06-10,2026-06-11,2026-06-12,1-2%,-1.551,27.3,27.73,tp_gap_filled,92.9916,2538.67,1.575,39.99,1
CHRW,2026-06-10,2026-06-11,2026-06-12,1-2%,-1.544,188.69,191.65,tp_gap_filled,13.4623,2540.2,1.569,39.85,1
DAL,2026-06-10,2026-06-11,2026-06-12,2-3%,-2.291,79.31,81.17,tp_gap_filled,32.0192,2539.44,2.345,59.56,1
DELL,2026-06-10,2026-06-11,2026-06-12,1-2%,-1.273,376.92,381.78,tp_gap_filled,6.7416,2541.05,1.289,32.76,1
EBAY,2026-06-10,2026-06-11,2026-06-12,1-2%,-1.123,107.44,108.66,tp_gap_filled,23.6692,2543.01,1.136,28.88,1
FDX,2026-06-10,2026-06-11,2026-06-12,1-2%,-1.561,326.58,331.76,tp_gap_filled,7.7885,2543.55,1.586,40.34,1
FLEX,2026-06-10,2026-06-11,2026-06-12,1-2%,-1.719,144.68,147.21,tp_gap_filled,17.6019,2546.64,1.749,44.53,1
GNRC,2026-06-10,2026-06-11,2026-06-12,1-2%,-1.245,257.74,260.99,tp_gap_filled,9.8906,2549.21,1.261,32.14,1
AME,2026-05-15,2026-05-26,2026-06-15,1-2%,-1.137,229.5,232.14,tp_gap_filled,11.0164,2528.26,1.15,29.08,14
ORLY,2026-05-26,2026-05-27,2026-06-15,2-3%,-2.213,89.71,91.74,tp_gap_filled,28.2425,2533.63,2.263,57.33,13
COF,2026-06-01,2026-06-02,2026-06-15,1-2%,-1.245,185.59,187.93,tp_gap_filled,13.8604,2572.36,1.261,32.43,9
CRH,2026-06-01,2026-06-02,2026-06-15,1-2%,-1.903,106.72,108.79,tp_gap_filled,24.0992,2571.87,1.94,49.89,9
DASH,2026-06-02,2026-06-04,2026-06-15,2-3%,-2.573,160.54,164.78,tp_gap_filled,16.0757,2580.79,2.641,68.16,7
CSGP,2026-06-10,2026-06-11,2026-06-15,1-2%,-1.032,33.58,33.93,tp_gap_filled,75.6655,2540.85,1.042,26.48,2
AMD,2026-06-04,2026-06-12,2026-06-15,5-10%,-5.119,514.75,542.52,tp_gap_filled,4.9716,2559.14,5.395,138.06,1
CAT,2026-06-10,2026-06-12,2026-06-15,1-2%,-1.417,901.74,914.7,tp_gap_filled,2.8377,2558.88,1.437,36.78,1
CDW,2026-06-10,2026-06-12,2026-06-15,1-2%,-1.013,131.98,133.33,tp_gap_filled,19.3922,2559.38,1.023,26.18,1
EME,2026-06-10,2026-06-12,2026-06-15,1-2%,-1.105,818.63,827.78,tp_gap_filled,3.1265,2559.46,1.118,28.61,1
GEN,2026-06-11,2026-06-12,2026-06-15,1-2%,-1.381,24.28,24.62,tp_gap_filled,105.4257,2559.73,1.4,35.84,1
HWM,2026-05-15,2026-06-12,2026-06-15,2-3%,-2.258,266.22,272.37,tp_gap_filled,9.6154,2559.82,2.31,59.13,1
KEYS,2026-06-04,2026-06-12,2026-06-15,1-2%,-1.783,344.23,350.48,tp_gap_filled,7.4355,2559.52,1.816,46.47,1
LUV,2026-06-11,2026-06-12,2026-06-15,1-2%,-1.377,40.83,41.4,tp_gap_filled,62.7107,2560.48,1.396,35.75,1
MRNA,2026-06-05,2026-06-12,2026-06-15,1-2%,-1.589,50.77,51.59,tp_gap_filled,50.5475,2566.3,1.615,41.45,1
MU,2026-06-04,2026-06-12,2026-06-15,5-10%,-6.713,1007.1,1079.5699,tp_gap_filled,2.5473,2565.43,7.196,184.61,1
PAYX,2026-06-11,2026-06-12,2026-06-15,1-2%,-1.929,99.15,101.1,tp_gap_filled,25.8611,2564.13,1.967,50.43,1
PWR,2026-06-10,2026-06-12,2026-06-15,1-2%,-1.049,684.69,691.95,tp_gap_filled,3.7461,2564.9,1.06,27.2,1
Q,2026-06-04,2026-06-12,2026-06-15,2-3%,-2.303,151.43,155.0,tp_gap_filled,16.9492,2566.62,2.358,60.51,1
ABNB,2026-05-08,2026-05-11,2026-06-16,1-2%,-1.662,138.125,140.46,tp_gap_filled,17.9831,2483.92,1.691,41.99,25
TDY,2026-05-15,2026-05-26,2026-06-16,1-2%,-1.087,631.62,638.56,tp_gap_filled,4.0175,2537.53,1.099,27.88,15
TT,2026-05-15,2026-06-10,2026-06-16,1-2%,-1.601,473.96,481.67,tp_gap_filled,5.3436,2532.63,1.627,41.2,4
EW,2026-06-10,2026-06-11,2026-06-16,1-2%,-1.085,86.59,87.54,tp_gap_filled,29.3803,2544.04,1.097,27.91,3
AKAM,2026-06-10,2026-06-12,2026-06-16,2-3%,-2.366,134.55,137.81,tp_gap_filled,19.023,2559.54,2.423,62.01,2
ADI,2026-06-04,2026-06-15,2026-06-16,2-3%,-2.26,427.78,437.67,tp_gap_filled,6.0129,2572.18,2.312,59.47,1
APP,2026-06-10,2026-06-15,2026-06-16,2-3%,-2.851,505.99,520.84,tp_gap_filled,5.0834,2572.15,2.935,75.49,1
CEG,2026-06-05,2026-06-15,2026-06-16,1-2%,-1.357,261.0,264.59,tp_gap_filled,9.8613,2573.8,1.375,35.4,1
DELL,2026-06-12,2026-06-15,2026-06-16,1-2%,-1.648,385.0,391.45,tp_gap_filled,6.6859,2574.07,1.675,43.12,1
EFX,2026-06-11,2026-06-15,2026-06-16,1-2%,-1.102,164.23,166.06,tp_gap_filled,15.6931,2577.28,1.114,28.72,1
FCX,2026-06-04,2026-06-15,2026-06-16,1-2%,-1.019,69.92,70.64,tp_gap_filled,36.8645,2577.57,1.03,26.54,1
KLAC,2026-06-12,2026-06-15,2026-06-16,1-2%,-1.478,237.6,241.164,tp_gap_filled,10.8421,2576.08,1.5,38.64,1
MRVL,2026-06-12,2026-06-15,2026-06-16,3-5%,-3.79,270.07,280.71,tp_gap_filled,9.5523,2579.78,3.94,101.64,1
RDDT,2026-06-10,2026-06-15,2026-06-16,2-3%,-2.055,174.45,178.11,tp_gap_filled,14.8323,2587.49,2.098,54.29,1
VRTX,2026-06-12,2026-06-15,2026-06-16,1-2%,-1.128,440.02,445.04,tp_gap_filled,5.8854,2589.7,1.141,29.54,1
XYZ,2026-06-03,2026-06-15,2026-06-16,1-2%,-1.025,73.39,74.15,tp_gap_filled,35.3035,2590.93,1.036,26.83,1
CPAY,2026-06-02,2026-06-04,2026-06-17,1-2%,-1.178,359.84,364.13,tp_gap_filled,7.1687,2579.6,1.192,30.75,9
ADM,2026-06-04,2026-06-05,2026-06-17,1-2%,-1.165,83.13,76.4796,stop,30.5533,2539.89,-8.0,-203.19,8
BG,2026-06-04,2026-06-05,2026-06-17,1-2%,-1.37,129.61,119.2412,stop,19.5424,2532.89,-8.0,-202.63,8
AWK,2026-06-15,2026-06-16,2026-06-17,1-2%,-1.987,123.8,126.31,tp_gap_filled,20.7351,2567.0,2.027,52.04,1
BRO,2026-06-15,2026-06-16,2026-06-17,1-2%,-1.084,59.34,59.99,tp_gap_filled,43.2918,2568.94,1.095,28.14,1
CMI,2026-05-15,2026-06-16,2026-06-17,1-2%,-1.873,703.03,716.45,tp_gap_filled,3.6545,2569.25,1.909,49.04,1
NRG,2026-06-05,2026-06-16,2026-06-17,1-2%,-1.349,131.59,133.39,tp_gap_filled,19.5268,2569.53,1.368,35.15,1
RSG,2026-06-15,2026-06-16,2026-06-17,1-2%,-1.377,207.02,209.91,tp_gap_filled,12.3986,2566.75,1.396,35.83,1
BMY,2026-04-02,2026-04-17,2026-06-18,2-3%,-2.43,60.23,53.6047,stop,40.3751,2431.79,-11.0,-267.5,43
BKR,2026-05-27,2026-06-04,2026-06-18,2-3%,-2.203,65.26,58.0814,stop,39.412,2572.03,-11.0,-282.92,10
VEEV,2026-06-09,2026-06-10,2026-06-18,1-2%,-1.034,165.51,152.2692,stop,15.2879,2530.31,-8.0,-202.42,6
FLEX,2026-06-12,2026-06-15,2026-06-18,1-2%,-1.526,149.67,151.99,tp_gap_filled,17.2227,2577.72,1.55,39.96,3
MOS,2026-06-04,2026-06-15,2026-06-18,1-2%,-1.288,23.0,23.3,tp_gap_filled,112.1807,2580.16,1.304,33.65,3
KR,2026-06-15,2026-06-16,2026-06-18,1-2%,-1.375,63.82,58.7144,stop,40.2549,2569.07,-8.0,-205.53,2
ETN,2026-06-04,2026-06-17,2026-06-18,1-2%,-1.061,416.74,421.21,tp_gap_filled,6.1041,2543.8,1.073,27.29,1
INTC,2026-06-16,2026-06-17,2026-06-18,2-3%,-2.151,125.11,127.86,tp_gap_filled,20.3256,2542.94,2.198,55.9,1
MAR,2026-06-16,2026-06-17,2026-06-18,2-3%,-2.279,391.5,400.63,tp_gap_filled,6.4912,2541.31,2.332,59.26,1
MRVL,2026-06-16,2026-06-17,2026-06-18,3-5%,-3.157,299.13,308.88,tp_gap_filled,8.497,2541.71,3.259,82.85,1
VRT,2026-06-04,2026-06-17,2026-06-18,3-5%,-3.121,321.095,331.44,tp_gap_filled,7.8951,2535.09,3.222,81.68,1
ANET,2026-06-04,2026-06-12,2026-06-22,5-10%,-6.475,163.08,174.37,tp_gap_filled,15.6906,2558.83,6.923,177.15,5
NXPI,2026-06-05,2026-06-15,2026-06-22,3-5%,-3.013,312.51,322.22,tp_gap_filled,8.2788,2587.2,3.107,80.39,4
CVS,2026-06-15,2026-06-16,2026-06-22,1-2%,-1.079,100.86,101.96,tp_gap_filled,25.4712,2569.03,1.091,28.02,3
KMI,2026-06-15,2026-06-16,2026-06-22,2-3%,-2.63,31.1,31.94,tp_gap_filled,82.6049,2569.01,2.701,69.39,3
TSLA,2026-06-16,2026-06-17,2026-06-22,1-2%,-1.712,404.11,411.15,tp_gap_filled,6.2785,2537.19,1.742,44.2,2
NWSA,2026-06-17,2026-06-18,2026-06-22,1-2%,-1.735,25.48,25.93,tp_gap_filled,99.5921,2537.61,1.766,44.82,1
KKR,2026-05-11,2026-06-15,2026-06-23,1-2%,-1.483,101.0,92.92,stop,25.5205,2577.57,-8.0,-206.21,5
EIX,2026-06-15,2026-06-16,2026-06-23,1-2%,-1.042,72.19,72.95,tp_gap_filled,35.5908,2569.3,1.053,27.05,4
DHR,2026-06-18,2026-06-22,2026-06-23,1-2%,-1.243,175.55,177.76,tp_gap_filled,14.401,2528.1,1.259,31.83,1
GEHC,2026-06-18,2026-06-22,2026-06-23,1-2%,-1.194,60.42,61.15,tp_gap_filled,41.8548,2528.86,1.208,30.55,1
GEV,2026-04-27,2026-06-22,2026-06-23,1-2%,-1.214,1135.235,1044.4162,stop,2.2278,2529.05,-8.0,-202.32,1
HSY,2026-06-18,2026-06-22,2026-06-23,1-2%,-1.072,173.43,175.31,tp_gap_filled,14.5806,2528.71,1.084,27.41,1
STZ,2026-06-17,2026-06-22,2026-06-23,1-2%,-1.117,142.5,144.11,tp_gap_filled,17.7401,2527.97,1.13,28.56,1
DOW,2026-05-06,2026-05-11,2026-06-24,5-10%,-6.691,38.07,28.9332,stop,65.6241,2498.31,-24.0,-599.59,30
HIG,2026-06-08,2026-06-10,2026-06-24,1-2%,-1.052,130.75,132.14,tp_gap_filled,19.3996,2536.5,1.063,26.97,9
OXY,2026-06-12,2026-06-15,2026-06-24,1-2%,-1.316,54.74,50.3608,stop,47.2736,2587.76,-8.0,-207.02,6
PCG,2026-06-15,2026-06-16,2026-06-24,1-2%,-1.416,16.71,16.95,tp_gap_filled,153.5653,2566.08,1.436,36.86,5
COO,2026-06-17,2026-06-18,2026-06-24,1-2%,-1.737,66.18,67.35,tp_gap_filled,38.4299,2543.29,1.768,44.96,3
ERIE,2026-06-17,2026-06-18,2026-06-24,1-2%,-1.143,223.06,225.64,tp_gap_filled,11.4009,2543.08,1.157,29.41,3
ABNB,2026-06-22,2026-06-23,2026-06-24,1-2%,-1.004,140.98,142.41,tp_gap_filled,17.862,2518.18,1.014,25.54,1
APP,2026-06-22,2026-06-23,2026-06-24,2-3%,-2.634,457.34,469.71,tp_gap_filled,5.5045,2517.42,2.705,68.09,1
AXON,2026-06-22,2026-06-23,2026-06-24,1-2%,-1.5,417.05,423.4,tp_gap_filled,6.0388,2518.49,1.523,38.35,1
BDX,2026-06-22,2026-06-23,2026-06-24,1-2%,-1.07,142.44,143.98,tp_gap_filled,17.6946,2520.42,1.081,27.25,1
BKNG,2026-06-22,2026-06-23,2026-06-24,1-2%,-1.333,169.49,171.78,tp_gap_filled,14.8737,2520.94,1.351,34.06,1
CBRE,2026-06-22,2026-06-23,2026-06-24,1-2%,-1.087,130.12,131.55,tp_gap_filled,19.3727,2520.78,1.099,27.7,1
CNP,2026-06-22,2026-06-23,2026-06-24,2-3%,-2.849,41.6,42.82,tp_gap_filled,60.6244,2521.98,2.933,73.96,1
BIIB,2026-05-14,2026-06-05,2026-06-25,2-3%,-2.093,200.25,204.53,tp_gap_filled,12.6425,2531.66,2.137,54.11,13
MPWR,2026-06-04,2026-06-15,2026-06-25,3-5%,-3.542,1630.04,1385.534,stop,1.5822,2579.08,-15.0,-386.86,7
HUM,2026-06-15,2026-06-16,2026-06-25,1-2%,-1.366,374.04,379.22,tp_gap_filled,6.87,2569.64,1.385,35.59,6
UDR,2026-06-16,2026-06-17,2026-06-25,1-2%,-1.003,38.51,38.9,tp_gap_filled,65.8588,2536.22,1.013,25.69,5
AMAT,2026-06-23,2026-06-24,2026-06-25,5-10%,-9.099,581.93,640.18,tp_gap_filled,4.3292,2519.29,10.01,252.18,1
AMCR,2026-06-23,2026-06-24,2026-06-25,1-2%,-1.278,40.16,40.68,tp_gap_filled,62.7464,2519.9,1.295,32.63,1
AME,2026-06-23,2026-06-24,2026-06-25,1-2%,-1.623,237.63,241.55,tp_gap_filled,10.6169,2522.9,1.65,41.62,1
AOS,2026-06-23,2026-06-24,2026-06-25,2-3%,-2.556,57.19,58.69,tp_gap_filled,44.0863,2521.3,2.623,66.13,1
APH,2026-06-23,2026-06-24,2026-06-25,3-5%,-3.766,79.855,82.98,tp_gap_filled,31.6064,2523.93,3.913,98.77,1
BBY,2026-06-23,2026-06-24,2026-06-25,2-3%,-2.855,73.84,76.01,tp_gap_filled,34.1739,2523.4,2.939,74.16,1
BLDR,2026-06-23,2026-06-24,2026-06-25,1-2%,-1.694,76.02,77.33,tp_gap_filled,33.228,2525.99,1.723,43.53,1
C,2026-06-23,2026-06-24,2026-06-25,1-2%,-1.057,144.13,145.67,tp_gap_filled,17.5691,2532.23,1.068,27.06,1
CARR,2026-06-23,2026-06-24,2026-06-25,2-3%,-2.296,70.2,71.85,tp_gap_filled,36.069,2532.04,2.35,59.51,1
CAT,2026-06-23,2026-06-24,2026-06-25,3-5%,-3.622,985.25,1022.28,tp_gap_filled,2.5728,2534.83,3.758,95.27,1
DD,2026-05-15,2026-05-18,2026-06-26,2-3%,-2.055,148.68,132.3252,stop,16.779,2494.7,-11.0,-274.42,27
KO,2026-06-15,2026-06-16,2026-06-26,1-2%,-1.864,81.08,82.62,tp_gap_filled,31.6918,2569.57,1.899,48.81,7
ON,2026-06-04,2026-06-16,2026-06-26,3-5%,-4.95,127.3,108.205,stop,20.1864,2569.73,-15.0,-385.46,7
CMG,2026-06-17,2026-06-18,2026-06-26,1-2%,-1.503,32.12,32.61,tp_gap_filled,79.1626,2542.7,1.526,38.79,5
PSKY,2026-06-17,2026-06-18,2026-06-26,1-2%,-1.068,10.19,9.3748,stop,248.99,2537.21,-8.0,-202.98,5
CVNA,2026-06-17,2026-06-22,2026-06-26,1-2%,-1.728,68.83,63.3236,stop,36.7527,2529.69,-8.0,-202.38,4
BG,2026-06-24,2026-06-25,2026-06-26,1-2%,-1.137,109.6,110.86,tp_gap_filled,23.1096,2532.81,1.15,29.12,1
ESS,2026-06-24,2026-06-25,2026-06-26,1-2%,-1.536,275.01,279.3,tp_gap_filled,9.2026,2530.79,1.56,39.48,1
IBM,2026-06-24,2026-06-25,2026-06-26,1-2%,-1.17,261.84,264.94,tp_gap_filled,9.6761,2533.6,1.184,30.0,1
KHC,2026-06-17,2026-06-25,2026-06-26,1-2%,-1.008,23.56,23.8,tp_gap_filled,107.509,2532.91,1.019,25.8,1
GEN,2026-06-17,2026-06-18,2026-06-29,1-2%,-1.872,24.11,24.57,tp_gap_filled,105.4601,2542.64,1.908,48.51,6
KKR,2026-06-23,2026-06-25,2026-06-29,1-2%,-1.022,95.91,88.2372,stop,26.4072,2532.72,-8.0,-202.62,2
KLAC,2026-06-23,2026-06-25,2026-06-29,5-10%,-7.839,248.06,269.16,tp_gap_filled,10.2032,2531.0,8.506,215.29,2
APP,2026-06-24,2026-06-26,2026-06-29,1-2%,-1.674,459.2,467.02,tp_gap_filled,5.4834,2517.99,1.703,42.88,1
BF-B,2026-06-25,2026-06-26,2026-06-29,1-2%,-1.799,27.3,27.8,tp_gap_filled,92.306,2519.95,1.832,46.15,1
BRO,2026-06-25,2026-06-26,2026-06-29,1-2%,-1.408,60.93,61.8,tp_gap_filled,41.3782,2521.17,1.428,36.0,1
CMS,2026-06-25,2026-06-26,2026-06-29,1-2%,-1.216,75.56,76.49,tp_gap_filled,33.4025,2523.89,1.231,31.06,1
COST,2026-06-25,2026-06-26,2026-06-29,1-2%,-1.199,949.57,961.09,tp_gap_filled,2.6602,2526.07,1.213,30.65,1
CSGP,2026-06-24,2026-06-26,2026-06-29,1-2%,-1.223,29.89,30.26,tp_gap_filled,84.5174,2526.22,1.238,31.27,1
DLTR,2026-06-25,2026-06-26,2026-06-29,3-5%,-3.226,115.5,119.35,tp_gap_filled,21.8773,2526.83,3.333,84.23,1
DVA,2026-06-25,2026-06-26,2026-06-29,2-3%,-2.366,208.0,213.04,tp_gap_filled,12.17,2531.36,2.423,61.34,1
LYB,2026-06-15,2026-06-16,2026-06-30,3-5%,-3.484,62.33,52.9805,stop,41.2212,2569.32,-15.0,-385.4,9
PM,2026-06-15,2026-06-16,2026-06-30,1-2%,-1.248,182.0,184.3,tp_gap_filled,14.0998,2566.17,1.264,32.43,9
AON,2026-06-17,2026-06-18,2026-06-30,1-2%,-1.337,327.02,331.45,tp_gap_filled,7.7834,2545.32,1.355,34.48,7
AMD,2026-06-23,2026-06-24,2026-06-30,5-10%,-7.714,509.08,551.63,tp_gap_filled,4.9537,2521.84,8.358,210.78,4
AMAT,2026-06-26,2026-06-29,2026-06-30,3-5%,-3.778,642.76,668.0,tp_gap_filled,3.9157,2516.88,3.927,98.83,1
APH,2026-06-26,2026-06-29,2026-06-30,1-2%,-1.623,81.235,82.575,tp_gap_filled,31.0327,2520.94,1.65,41.58,1
ATO,2026-06-26,2026-06-29,2026-06-30,1-2%,-1.134,171.7,173.67,tp_gap_filled,14.6894,2522.17,1.147,28.94,1
BLDR,2026-06-26,2026-06-29,2026-06-30,1-2%,-1.42,87.46,88.72,tp_gap_filled,28.8375,2522.13,1.441,36.34,1
CAT,2026-06-26,2026-06-29,2026-06-30,2-3%,-2.38,1031.85,1057.01,tp_gap_filled,2.446,2523.89,2.438,61.54,1
COO,2026-06-26,2026-06-29,2026-06-30,1-2%,-1.642,69.48,70.64,tp_gap_filled,36.3101,2522.82,1.67,42.12,1
CRL,2026-06-26,2026-06-29,2026-06-30,1-2%,-1.274,210.0,212.71,tp_gap_filled,12.0201,2524.21,1.29,32.57,1
AMP,2026-06-23,2026-06-25,2026-07-01,1-2%,-1.035,466.53,471.41,tp_gap_filled,5.4321,2534.25,1.046,26.51,4
ALGN,2026-06-22,2026-06-26,2026-07-01,1-2%,-1.966,178.5,182.08,tp_gap_filled,14.1065,2518.01,2.006,50.5,3
AAPL,2026-06-25,2026-06-29,2026-07-01,1-2%,-1.938,287.4,293.08,tp_gap_filled,8.7609,2517.87,1.976,49.76,2
CEG,2026-06-26,2026-06-29,2026-07-01,1-2%,-1.28,265.25,244.03,stop,9.5154,2523.95,-8.0,-201.92,2
CVNA,2026-06-26,2026-06-29,2026-07-01,1-2%,-1.057,65.5,66.2,tp_gap_filled,38.5947,2527.95,1.069,27.02,2
ACGL,2026-06-29,2026-06-30,2026-07-01,1-2%,-1.22,96.35,97.54,tp_gap_filled,26.2515,2529.33,1.235,31.24,1
BEN,2026-06-29,2026-06-30,2026-07-01,1-2%,-1.114,32.84,33.21,tp_gap_filled,77.0311,2529.7,1.127,28.5,1
DD,2026-06-26,2026-06-30,2026-07-01,1-2%,-1.052,136.35,137.8,tp_gap_filled,18.5527,2529.66,1.063,26.9,1
JCI,2026-06-26,2026-06-30,2026-07-01,1-2%,-1.299,143.6,145.49,tp_gap_filled,17.6253,2531.0,1.316,33.31,1
PYPL,2026-06-02,2026-06-17,2026-07-02,1-2%,-1.272,44.615,45.19,tp_gap_filled,56.9333,2540.08,1.289,32.74,10
LMT,2026-06-17,2026-06-18,2026-07-02,1-2%,-1.064,530.25,535.95,tp_gap_filled,4.7922,2541.06,1.075,27.32,9
MCK,2026-06-17,2026-06-18,2026-07-02,1-2%,-1.311,775.13,785.43,tp_gap_filled,3.2759,2539.21,1.329,33.74,9
BR,2026-06-17,2026-06-25,2026-07-02,1-2%,-1.015,142.42,143.88,tp_gap_filled,17.789,2533.5,1.025,25.97,5
COHR,2026-06-26,2026-06-30,2026-07-02,3-5%,-3.548,392.8,333.88,stop,6.4426,2530.66,-15.0,-379.6,2
KEYS,2026-06-26,2026-06-30,2026-07-02,1-2%,-1.561,354.44,326.0848,stop,7.1433,2531.88,-8.0,-202.55,2
ADP,2026-06-11,2026-07-01,2026-07-02,1-2%,-1.082,228.6,231.1,tp_gap_filled,11.0229,2519.83,1.094,27.56,1
AVY,2026-06-29,2026-07-01,2026-07-02,1-2%,-1.116,163.91,165.76,tp_gap_filled,15.3769,2520.42,1.129,28.45,1
BKNG,2026-06-30,2026-07-01,2026-07-02,1-2%,-1.151,180.31,182.41,tp_gap_filled,13.9769,2520.18,1.165,29.35,1
BX,2026-06-23,2026-07-01,2026-07-02,1-2%,-1.858,120.97,123.26,tp_gap_filled,20.8385,2520.83,1.893,47.72,1
BXP,2026-06-30,2026-07-01,2026-07-02,1-2%,-1.849,65.83,67.07,tp_gap_filled,38.2841,2520.24,1.884,47.47,1
CPT,2026-06-30,2026-07-01,2026-07-02,1-2%,-1.696,114.76,116.74,tp_gap_filled,21.9714,2521.44,1.725,43.5,1
BA,2026-06-01,2026-06-15,2026-07-06,1-2%,-1.207,228.36,231.15,tp_gap_filled,11.2702,2573.67,1.222,31.44,13
ANET,2026-06-23,2026-06-24,2026-07-06,5-10%,-5.23,165.43,174.56,tp_gap_filled,15.2477,2522.42,5.519,139.21,7
C,2026-06-30,2026-07-01,2026-07-06,1-2%,-1.046,141.0,142.49,tp_gap_filled,17.8845,2521.72,1.057,26.65,2
AON,2026-07-01,2026-07-02,2026-07-06,1-2%,-1.164,327.83,331.69,tp_gap_filled,7.6853,2519.47,1.177,29.67,1
EFX,2026-06-17,2026-07-02,2026-07-06,1-2%,-1.867,164.01,167.13,tp_gap_filled,15.372,2521.16,1.902,47.96,1
ETR,2026-07-01,2026-07-02,2026-07-06,1-2%,-1.419,113.23,114.86,tp_gap_filled,22.2877,2523.64,1.44,36.33,1
EVRG,2026-07-01,2026-07-02,2026-07-06,1-2%,-1.099,85.48,86.43,tp_gap_filled,29.533,2524.48,1.111,28.06,1
LYB,2026-07-01,2026-07-02,2026-07-06,1-2%,-1.102,52.07,52.65,tp_gap_filled,48.4792,2524.31,1.114,28.12,1
GNRC,2026-06-26,2026-06-30,2026-07-07,3-5%,-3.114,285.97,243.0745,stop,8.8463,2529.79,-15.0,-379.47,4
HCA,2026-05-19,2026-07-02,2026-07-07,1-2%,-1.916,414.69,422.79,tp_gap_filled,6.0914,2526.04,1.953,49.34,2
AXON,2026-07-02,2026-07-06,2026-07-07,1-2%,-1.162,587.06,593.96,tp_gap_filled,4.3077,2528.91,1.175,29.72,1
DDOG,2026-07-02,2026-07-06,2026-07-07,1-2%,-1.036,261.74,264.48,tp_gap_filled,9.6735,2531.95,1.047,26.51,1
IBM,2026-07-02,2026-07-06,2026-07-07,1-2%,-1.086,283.14,286.25,tp_gap_filled,8.9389,2530.96,1.098,27.8,1
ISRG,2026-05-27,2026-07-06,2026-07-07,1-2%,-1.012,432.22,436.64,tp_gap_filled,5.8625,2533.89,1.023,25.91,1
RDDT,2026-07-02,2026-07-06,2026-07-07,1-2%,-1.896,194.01,197.76,tp_gap_filled,13.0514,2532.11,1.933,48.94,1
AES,2026-03-02,2026-04-07,2026-07-08,10%+,-16.956,14.35,14.64,time_exit,164.5333,2361.05,2.021,47.71,63
TRGP,2026-05-26,2026-06-10,2026-07-08,1-2%,-1.044,273.86,276.75,tp_gap_filled,9.2488,2532.88,1.055,26.73,18
EOG,2026-06-15,2026-06-16,2026-07-08,3-5%,-4.164,130.96,136.65,tp_gap_filled,19.6183,2569.21,4.345,111.63,14
ARE,2026-06-30,2026-07-01,2026-07-08,2-3%,-2.752,54.06,48.1134,stop,46.6408,2521.4,-11.0,-277.35,4
DELL,2026-07-01,2026-07-02,2026-07-08,3-5%,-3.12,418.0,431.46,tp_gap_filled,6.0383,2524.02,3.22,81.28,3
CRWD,2026-07-06,2026-07-07,2026-07-08,2-3%,-2.304,189.51,193.98,tp_gap_filled,13.3183,2523.95,2.359,59.53,1
CDW,2026-06-30,2026-07-01,2026-07-09,1-2%,-1.08,138.31,139.82,tp_gap_filled,18.2301,2521.41,1.092,27.53,5
MPWR,2026-07-01,2026-07-02,2026-07-09,2-3%,-2.711,1344.89,1382.36,tp_gap_filled,1.8777,2525.35,2.786,70.36,4
CRL,2026-07-06,2026-07-07,2026-07-09,1-2%,-1.344,227.59,230.69,tp_gap_filled,11.0888,2523.71,1.362,34.38,2
ANET,2026-07-07,2026-07-08,2026-07-09,2-3%,-2.412,169.1,173.28,tp_gap_filled,14.946,2527.36,2.472,62.47,1
EIX,2026-07-07,2026-07-08,2026-07-09,1-2%,-1.176,73.96,74.84,tp_gap_filled,34.2203,2530.94,1.19,30.11,1
STX,2026-07-07,2026-07-08,2026-07-09,5-10%,-5.41,821.29,868.26,tp_gap_filled,3.0823,2531.5,5.719,144.78,1
TXN,2026-07-07,2026-07-08,2026-07-09,3-5%,-3.565,292.68,303.5,tp_gap_filled,8.6575,2533.88,3.697,93.67,1
VRT,2026-07-07,2026-07-08,2026-07-09,3-5%,-4.31,304.745,318.47,tp_gap_filled,8.3193,2535.26,4.504,114.18,1
APA,2026-04-08,2026-04-09,2026-07-10,10%+,-13.92,36.98,33.44,time_exit,64.5665,2387.67,-9.573,-228.57,63
CF,2026-04-08,2026-04-09,2026-07-10,10%+,-14.696,114.12,116.92,time_exit,21.0351,2400.53,2.454,58.9,63
COP,2026-04-08,2026-04-09,2026-07-10,5-10%,-7.293,122.16,109.04,time_exit,19.6699,2402.88,-10.74,-258.07,63
NSC,2026-05-28,2026-07-02,2026-07-10,1-2%,-1.026,322.34,325.68,tp_gap_filled,7.8259,2522.62,1.036,26.14,5
BF-B,2026-07-06,2026-07-07,2026-07-10,1-2%,-1.567,25.75,26.16,tp_gap_filled,97.9843,2523.1,1.592,40.17,3
CSGP,2026-07-06,2026-07-07,2026-07-10,1-2%,-1.067,29.68,30.0,tp_gap_filled,85.0847,2525.31,1.078,27.23,3
DHR,2026-07-06,2026-07-07,2026-07-10,1-2%,-1.324,195.31,197.93,tp_gap_filled,12.9314,2525.64,1.341,33.88,3
A,2026-07-08,2026-07-09,2026-07-10,1-2%,-1.563,129.09,131.14,tp_gap_filled,19.7661,2551.61,1.588,40.52,1
ABNB,2026-07-08,2026-07-09,2026-07-10,1-2%,-1.109,147.15,148.8,tp_gap_filled,17.3523,2553.39,1.121,28.63,1
AME,2026-07-08,2026-07-09,2026-07-10,1-2%,-1.398,228.46,231.7,tp_gap_filled,11.1761,2553.3,1.418,36.21,1
AXP,2026-07-08,2026-07-09,2026-07-10,1-2%,-1.181,345.45,349.58,tp_gap_filled,7.3942,2554.31,1.196,30.54,1
BEN,2026-07-08,2026-07-09,2026-07-10,1-2%,-1.251,33.93,34.36,tp_gap_filled,75.2853,2554.43,1.267,32.37,1
BX,2026-07-08,2026-07-09,2026-07-10,1-2%,-1.489,119.09,120.89,tp_gap_filled,21.4464,2554.05,1.511,38.6,1
CCL,2026-07-08,2026-07-09,2026-07-10,2-3%,-2.174,26.1,26.68,tp_gap_filled,97.9067,2555.37,2.222,56.79,1
BKR,2026-06-24,2026-06-25,2026-07-13,2-3%,-2.556,57.18,58.68,tp_gap_filled,44.3112,2533.72,2.623,66.47,11
V,2026-07-07,2026-07-08,2026-07-13,2-3%,-2.48,348.39,357.25,tp_gap_filled,7.2774,2535.38,2.543,64.48,3
BAX,2026-07-08,2026-07-09,2026-07-13,1-2%,-1.619,22.49,22.86,tp_gap_filled,113.5837,2554.5,1.645,42.03,2
ADP,2026-07-09,2026-07-10,2026-07-13,1-2%,-1.636,237.42,241.37,tp_gap_filled,10.8288,2570.98,1.664,42.77,1
AKAM,2026-07-09,2026-07-10,2026-07-13,1-2%,-1.003,125.3,126.57,tp_gap_filled,20.5264,2571.95,1.014,26.07,1
BR,2026-07-09,2026-07-10,2026-07-13,1-2%,-1.21,145.29,147.07,tp_gap_filled,17.692,2570.47,1.225,31.49,1
CLX,2026-07-08,2026-07-10,2026-07-13,2-3%,-2.258,95.21,97.41,tp_gap_filled,27.006,2571.24,2.311,59.41,1
CTAS,2026-07-09,2026-07-10,2026-07-13,1-2%,-1.093,178.2,180.17,tp_gap_filled,14.4313,2571.66,1.106,28.43,1
EFX,2026-07-09,2026-07-10,2026-07-13,1-2%,-1.005,165.41,167.09,tp_gap_filled,15.5497,2572.07,1.016,26.12,1
EG,2026-07-09,2026-07-10,2026-07-13,1-2%,-1.102,367.2,371.29,tp_gap_filled,7.0054,2572.39,1.114,28.65,1
JCI,2026-07-01,2026-07-02,2026-07-14,1-2%,-1.273,144.25,146.11,tp_gap_filled,17.508,2525.53,1.289,32.56,7
CRWD,2026-07-09,2026-07-10,2026-07-14,1-2%,-1.473,188.305,191.12,tp_gap_filled,13.6585,2571.97,1.495,38.45,2
DOW,2026-06-24,2026-07-13,2026-07-14,1-2%,-1.088,30.0,30.33,tp_gap_filled,85.2532,2557.6,1.1,28.13,1
EOG,2026-07-09,2026-07-13,2026-07-14,1-2%,-1.127,136.04,137.59,tp_gap_filled,18.805,2558.23,1.139,29.15,1
GIS,2026-07-10,2026-07-13,2026-07-14,1-2%,-1.506,35.31,35.85,tp_gap_filled,72.4885,2559.57,1.529,39.14,1
STX,2026-07-10,2026-07-13,2026-07-14,3-5%,-3.197,861.63,890.09,tp_gap_filled,2.9709,2559.78,3.303,84.55,1
GEV,2026-07-01,2026-07-06,2026-07-15,2-3%,-2.422,1146.4,1020.296,stop,2.2075,2530.71,-11.0,-278.38,7
ARES,2026-06-23,2026-07-10,2026-07-15,1-2%,-1.501,124.01,125.9,tp_gap_filled,20.7412,2572.12,1.524,39.2,3
BKNG,2026-07-08,2026-07-10,2026-07-15,1-2%,-1.407,179.39,181.95,tp_gap_filled,14.3305,2570.75,1.427,36.69,3
CCL,2026-07-13,2026-07-14,2026-07-15,1-2%,-1.193,26.51,26.83,tp_gap_filled,96.4977,2558.15,1.207,30.88,1
META,2026-07-13,2026-07-14,2026-07-15,1-2%,-1.17,661.38,669.21,tp_gap_filled,3.867,2557.53,1.184,30.28,1
MOS,2026-06-22,2026-07-14,2026-07-15,1-2%,-1.179,22.63,22.9,tp_gap_filled,112.9715,2556.55,1.193,30.5,1
HII,2026-06-17,2026-06-18,2026-07-16,1-2%,-1.015,295.48,271.8416,stop,8.6056,2542.79,-8.0,-203.42,18
BRO,2026-07-06,2026-07-07,2026-07-16,1-2%,-1.629,68.86,70.0,tp_gap_filled,36.6455,2523.41,1.656,41.78,7
AMCR,2026-07-08,2026-07-10,2026-07-16,2-3%,-2.205,43.47,44.45,tp_gap_filled,59.1746,2572.32,2.254,57.99,4
AOS,2026-07-08,2026-07-10,2026-07-16,1-2%,-1.696,60.27,61.31,tp_gap_filled,42.6742,2571.98,1.726,44.38,4
BALL,2026-07-08,2026-07-10,2026-07-16,1-2%,-1.404,61.78,62.66,tp_gap_filled,41.6126,2570.83,1.424,36.62,4
DECK,2026-06-22,2026-07-13,2026-07-16,1-2%,-1.045,107.97,109.11,tp_gap_filled,23.6888,2557.68,1.056,27.01,3
CFG,2026-07-08,2026-07-14,2026-07-16,1-2%,-1.31,70.84,71.78,tp_gap_filled,36.1114,2558.13,1.327,33.94,2
LITE,2026-07-01,2026-07-14,2026-07-16,3-5%,-4.621,818.405,695.6443,stop,3.1253,2557.76,-15.0,-383.66,2
AAPL,2026-07-14,2026-07-15,2026-07-16,1-2%,-1.119,313.76,317.31,tp_gap_filled,8.1165,2546.62,1.131,28.81,1
ADP,2026-07-14,2026-07-15,2026-07-16,2-3%,-2.426,244.96,251.05,tp_gap_filled,10.4052,2548.85,2.486,63.37,1
AMP,2026-07-14,2026-07-15,2026-07-16,1-2%,-1.353,511.22,518.23,tp_gap_filled,4.9868,2549.37,1.371,34.96,1
BAX,2026-07-14,2026-07-15,2026-07-16,2-3%,-2.836,21.93,22.57,tp_gap_filled,116.3234,2550.97,2.918,74.45,1
BDX,2026-07-14,2026-07-15,2026-07-16,1-2%,-1.3,151.83,153.83,tp_gap_filled,16.8049,2551.48,1.317,33.61,1
BR,2026-07-14,2026-07-15,2026-07-16,3-5%,-3.132,146.31,151.04,tp_gap_filled,17.4459,2552.51,3.233,82.52,1
MO,2026-05-04,2026-05-05,2026-07-17,1-2%,-1.073,73.75,74.55,tp_gap_filled,33.846,2496.14,1.085,27.08,50
CDNS,2026-06-05,2026-06-09,2026-07-17,2-3%,-2.351,402.0,357.78,stop,6.3232,2541.91,-11.0,-279.61,26
CVX,2026-06-15,2026-06-16,2026-07-17,3-5%,-4.444,178.9,187.22,tp_gap_filled,14.3597,2568.96,4.651,119.47,21
CMI,2026-06-26,2026-06-30,2026-07-17,2-3%,-2.547,709.06,631.0634,stop,3.5686,2530.37,-11.0,-278.34,12
AMD,2026-07-01,2026-07-06,2026-07-17,3-5%,-4.025,557.53,473.9005,stop,4.5368,2529.4,-15.0,-379.41,9
AVY,2026-07-08,2026-07-10,2026-07-17,1-2%,-1.485,161.91,164.35,tp_gap_filled,15.8805,2571.21,1.507,38.75,5
CL,2026-07-08,2026-07-13,2026-07-17,1-2%,-1.136,93.95,95.03,tp_gap_filled,27.2394,2559.14,1.15,29.42,4
COR,2026-07-09,2026-07-13,2026-07-17,1-2%,-1.021,306.41,309.57,tp_gap_filled,8.3507,2558.74,1.031,26.39,4
KEYS,2026-07-02,2026-07-13,2026-07-17,1-2%,-1.195,331.59,305.0628,stop,7.7247,2561.44,-8.0,-204.92,4
ABT,2026-07-14,2026-07-16,2026-07-17,1-2%,-1.748,90.5,92.11,tp_gap_filled,28.3854,2568.88,1.779,45.7,1
ACGL,2026-07-15,2026-07-16,2026-07-17,1-2%,-1.458,100.05,101.53,tp_gap_filled,25.7232,2573.61,1.479,38.07,1
AIG,2026-07-15,2026-07-16,2026-07-17,1-2%,-1.747,77.62,79.0,tp_gap_filled,33.1565,2573.6,1.778,45.76,1
AIZ,2026-07-15,2026-07-16,2026-07-17,1-2%,-1.48,272.88,276.98,tp_gap_filled,9.4323,2573.88,1.502,38.67,1
APA,2026-07-15,2026-07-16,2026-07-17,1-2%,-1.014,34.18,34.53,tp_gap_filled,75.3177,2574.36,1.024,26.36,1
BIIB,2026-07-14,2026-07-16,2026-07-17,3-5%,-4.157,200.34,209.03,tp_gap_filled,12.8507,2574.51,4.338,111.67,1
CB,2026-07-15,2026-07-16,2026-07-17,1-2%,-1.332,341.61,346.22,tp_gap_filled,7.5429,2576.72,1.349,34.77,1
CLX,2026-07-15,2026-07-16,2026-07-17,1-2%,-1.425,93.4,94.75,tp_gap_filled,27.5913,2577.03,1.445,37.25,1
COST,2026-07-09,2026-07-16,2026-07-17,1-2%,-1.908,934.94,953.13,tp_gap_filled,2.757,2577.6,1.946,50.15,1
DVA,2026-07-15,2026-07-16,2026-07-17,1-2%,-1.218,229.58,232.41,tp_gap_filled,11.23,2578.18,1.233,31.78,1
FAST,2026-07-14,2026-07-16,2026-07-17,1-2%,-1.02,46.57,47.05,tp_gap_filled,55.3266,2576.56,1.031,26.56,1
FRT,2026-06-30,2026-07-16,2026-07-17,1-2%,-1.044,124.11,125.42,tp_gap_filled,20.7612,2576.67,1.056,27.2,1
DRI,2026-06-25,2026-06-26,2026-07-20,1-2%,-1.551,210.14,193.3288,stop,12.0419,2530.49,-8.0,-202.44,15
AME,2026-07-16,2026-07-17,2026-07-20,1-2%,-1.049,231.07,233.52,tp_gap_filled,11.0693,2557.78,1.06,27.12,1
AMP,2026-07-16,2026-07-17,2026-07-20,1-2%,-1.371,520.05,527.28,tp_gap_filled,4.9209,2559.09,1.39,35.58,1
ANET,2026-07-16,2026-07-17,2026-07-20,1-2%,-1.576,169.21,171.92,tp_gap_filled,15.1283,2559.86,1.602,41.0,1
BXP,2026-07-16,2026-07-17,2026-07-20,1-2%,-1.001,68.25,68.94,tp_gap_filled,37.5045,2559.68,1.011,25.88,1
GEV,2026-07-16,2026-07-17,2026-07-20,1-2%,-1.923,1034.99,1055.28,tp_gap_filled,2.4709,2557.36,1.96,50.13,1
HIG,2026-07-14,2026-07-17,2026-07-20,1-2%,-1.122,139.2,140.78,tp_gap_filled,18.38,2558.49,1.135,29.04,1
JCI,2026-07-16,2026-07-17,2026-07-20,1-2%,-1.709,140.32,142.76,tp_gap_filled,18.2151,2555.94,1.739,44.44,1
LH,2026-07-16,2026-07-17,2026-07-20,1-2%,-1.195,268.74,271.99,tp_gap_filled,9.511,2555.99,1.209,30.91,1
LITE,2026-07-16,2026-07-17,2026-07-20,2-3%,-2.741,731.39,752.0,tp_gap_filled,3.4987,2558.9,2.818,72.11,1
MPWR,2026-07-16,2026-07-17,2026-07-20,2-3%,-2.56,1318.03,1352.66,tp_gap_filled,1.94,2557.03,2.627,67.18,1
NFLX,2026-04-17,2026-04-20,2026-07-21,10%+,-10.595,96.37,68.67,time_exit,25.3999,2447.79,-28.743,-703.58,63
HWM,2026-07-16,2026-07-17,2026-07-21,1-2%,-1.221,275.83,279.24,tp_gap_filled,9.2728,2557.72,1.236,31.62,2
AKAM,2026-07-17,2026-07-20,2026-07-21,1-2%,-1.734,116.75,118.81,tp_gap_filled,21.801,2545.27,1.764,44.91,1
AMD,2026-07-17,2026-07-20,2026-07-21,3-5%,-4.803,476.88,500.94,tp_gap_filled,5.3437,2548.32,5.045,128.57,1
DELL,2026-07-16,2026-07-17,2026-07-22,1-2%,-1.985,404.49,412.68,tp_gap_filled,6.3311,2560.88,2.025,51.85,3
ATO,2026-07-17,2026-07-20,2026-07-22,1-2%,-1.123,176.04,178.04,tp_gap_filled,14.4893,2550.7,1.136,28.98,2
ADM,2026-07-20,2026-07-21,2026-07-22,1-2%,-1.502,84.61,85.9,tp_gap_filled,30.1444,2550.52,1.525,38.89,1
APA,2026-07-20,2026-07-21,2026-07-22,1-2%,-1.391,34.73,35.22,tp_gap_filled,73.466,2551.47,1.411,36.0,1
OXY,2026-07-20,2026-07-21,2026-07-22,1-2%,-1.185,54.21,54.86,tp_gap_filled,47.0947,2553.0,1.199,30.61,1
CRH,2026-06-29,2026-06-30,2026-07-23,2-3%,-2.386,109.64,97.5796,stop,23.0835,2530.88,-11.0,-278.4,16
NKE,2026-06-22,2026-07-02,2026-07-23,1-2%,-1.283,44.62,41.0504,stop,56.549,2523.21,-8.0,-201.86,14
ALGN,2026-07-08,2026-07-13,2026-07-23,1-2%,-1.442,182.55,167.946,stop,14.0219,2559.69,-8.0,-204.78,8
DAL,2026-07-10,2026-07-13,2026-07-23,1-2%,-1.191,87.94,80.9048,stop,29.0959,2558.69,-8.0,-204.7,8
LOW,2026-07-08,2026-07-17,2026-07-23,1-2%,-1.729,217.08,199.7136,stop,11.7883,2559.0,-8.0,-204.72,4
A,2026-07-17,2026-07-21,2026-07-23,1-2%,-1.234,134.42,136.1,tp_gap_filled,18.9786,2551.11,1.25,31.88,2
ABT,2026-07-21,2026-07-22,2026-07-23,1-2%,-1.121,100.52,101.66,tp_gap_filled,25.3933,2552.54,1.134,28.95,1
BALL,2026-07-21,2026-07-22,2026-07-23,1-2%,-1.044,61.6,62.25,tp_gap_filled,41.4221,2551.6,1.055,26.92,1
TEL,2026-04-22,2026-04-23,2026-07-24,10%+,-10.856,216.78,202.94,time_exit,11.4102,2473.49,-6.384,-157.92,63
ALL,2026-07-14,2026-07-20,2026-07-24,1-2%,-1.583,252.39,256.45,tp_gap_filled,10.0957,2548.05,1.609,40.99,4
ARES,2026-07-17,2026-07-20,2026-07-24,2-3%,-2.416,122.4,125.43,tp_gap_filled,20.8429,2551.18,2.475,63.15,4
AXP,2026-07-17,2026-07-20,2026-07-24,1-2%,-1.38,356.58,328.0536,stop,7.1543,2551.08,-8.0,-204.09,4
BX,2026-07-17,2026-07-20,2026-07-24,1-2%,-1.745,126.72,128.97,tp_gap_filled,20.1125,2548.65,1.776,45.25,4
CCL,2026-07-17,2026-07-20,2026-07-24,3-5%,-3.165,26.01,26.86,tp_gap_filled,97.9393,2547.4,3.268,83.25,4
AAPL,2026-07-21,2026-07-22,2026-07-24,1-2%,-1.059,323.13,326.59,tp_gap_filled,7.8981,2552.1,1.071,27.33,2
BDX,2026-07-21,2026-07-22,2026-07-24,1-2%,-1.243,152.56,154.48,tp_gap_filled,16.7293,2552.22,1.259,32.12,2
AMCR,2026-07-22,2026-07-23,2026-07-24,1-2%,-1.657,42.72,43.44,tp_gap_filled,59.3482,2535.36,1.685,42.73,1
AMD,2026-07-22,2026-07-23,2026-07-24,3-5%,-3.224,526.88,544.43,tp_gap_filled,4.8118,2535.25,3.331,84.45,1
ANET,2026-07-22,2026-07-23,2026-07-24,1-2%,-1.973,171.135,174.58,tp_gap_filled,14.8152,2535.4,2.013,51.04,1
CRL,2026-07-17,2026-07-23,2026-07-24,1-2%,-1.842,224.94,229.16,tp_gap_filled,11.273,2535.74,1.876,47.57,1
ADI,2026-06-23,2026-06-25,2026-07-27,3-5%,-4.18,426.86,362.831,stop,5.9395,2535.31,-15.0,-380.3,21
EMR,2026-06-23,2026-06-25,2026-07-27,2-3%,-2.244,146.84,150.21,tp_gap_filled,17.2386,2531.31,2.295,58.09,21
MCHP,2026-06-26,2026-06-30,2026-07-27,3-5%,-3.23,91.08,77.418,stop,27.7916,2531.26,-15.0,-379.69,18
GE,2026-07-16,2026-07-17,2026-07-27,1-2%,-1.979,353.22,360.35,tp_gap_filled,7.2419,2558.0,2.019,51.64,6
LII,2026-07-16,2026-07-17,2026-07-27,1-2%,-1.117,542.54,548.67,tp_gap_filled,4.7163,2558.77,1.13,28.91,6
BEN,2026-07-17,2026-07-20,2026-07-27,1-2%,-1.95,32.68,33.33,tp_gap_filled,78.042,2550.41,1.989,50.73,5
AON,2026-07-21,2026-07-22,2026-07-27,1-2%,-1.02,359.08,362.78,tp_gap_filled,7.1086,2552.56,1.03,26.3,3
ABNB,2026-07-23,2026-07-24,2026-07-27,1-2%,-1.764,137.58,140.05,tp_gap_filled,18.5558,2552.91,1.795,45.83,1
ACGL,2026-07-21,2026-07-24,2026-07-27,1-2%,-1.1,100.71,101.83,tp_gap_filled,25.3621,2554.22,1.112,28.41,1
ADP,2026-07-21,2026-07-24,2026-07-27,1-2%,-1.767,250.73,255.24,tp_gap_filled,10.1925,2555.56,1.799,45.97,1
AMGN,2026-07-23,2026-07-24,2026-07-27,1-2%,-1.658,359.98,366.05,tp_gap_filled,7.0969,2554.75,1.686,43.08,1
AVY,2026-07-23,2026-07-24,2026-07-27,1-2%,-1.116,155.92,157.68,tp_gap_filled,16.3996,2557.03,1.129,28.86,1
BF-B,2026-07-23,2026-07-24,2026-07-27,1-2%,-1.174,26.1,26.41,tp_gap_filled,98.033,2558.66,1.188,30.39,1
BKNG,2026-07-23,2026-07-24,2026-07-27,2-3%,-2.131,174.07,177.86,tp_gap_filled,14.6988,2558.62,2.177,55.71,1
BR,2026-07-21,2026-07-24,2026-07-27,2-3%,-2.026,146.98,150.02,tp_gap_filled,17.4147,2559.62,2.068,52.94,1
CBRE,2026-07-23,2026-07-24,2026-07-27,1-2%,-1.452,135.1,137.09,tp_gap_filled,18.9511,2560.29,1.473,37.71,1
CEG,2026-07-23,2026-07-24,2026-07-27,1-2%,-1.084,271.92,274.9,tp_gap_filled,9.4217,2561.95,1.096,28.08,1
CFG,2026-07-23,2026-07-24,2026-07-27,1-2%,-1.27,71.52,72.44,tp_gap_filled,35.8278,2562.4,1.286,32.96,1
CME,2026-06-17,2026-06-18,2026-07-28,3-5%,-3.601,252.18,261.6,tp_gap_filled,10.0875,2543.87,3.735,95.02,26
HUBB,2026-06-23,2026-06-25,2026-07-28,2-3%,-2.67,524.99,467.2411,stop,4.824,2532.54,-11.0,-278.58,22
CNC,2026-07-15,2026-07-16,2026-07-28,2-3%,-2.561,66.96,59.5944,stop,38.5299,2579.96,-11.0,-283.8,8
AJG,2026-07-14,2026-07-17,2026-07-28,1-2%,-1.531,257.23,261.23,tp_gap_filled,9.9461,2558.44,1.555,39.78,7
ECL,2026-07-08,2026-07-17,2026-07-28,1-2%,-1.678,278.33,283.08,tp_gap_filled,9.1972,2559.85,1.707,43.69,7
FDS,2026-06-02,2026-07-17,2026-07-28,2-3%,-2.005,265.42,270.85,tp_gap_filled,9.6407,2558.84,2.046,52.35,7
HRL,2026-06-30,2026-07-17,2026-07-28,1-2%,-1.254,25.98,26.31,tp_gap_filled,98.4943,2558.88,1.27,32.5,7
BLK,2026-07-17,2026-07-20,2026-07-28,1-2%,-1.726,1068.29,1087.05,tp_gap_filled,2.3867,2549.71,1.756,44.77,6
AMT,2026-07-20,2026-07-23,2026-07-28,1-2%,-1.076,168.23,170.06,tp_gap_filled,15.0775,2536.48,1.088,27.59,3
CDNS,2026-07-22,2026-07-23,2026-07-28,1-2%,-1.619,339.06,344.64,tp_gap_filled,7.4825,2537.03,1.646,41.75,3
FANG,2026-06-04,2026-07-23,2026-07-28,1-2%,-1.629,207.16,190.5872,stop,12.2452,2536.72,-8.0,-202.94,3
ALGN,2026-07-23,2026-07-24,2026-07-28,1-2%,-1.844,169.28,172.46,tp_gap_filled,15.0959,2555.43,1.879,48.01,2
ALLE,2026-07-24,2026-07-27,2026-07-28,1-2%,-1.501,152.25,154.57,tp_gap_filled,16.9302,2577.63,1.524,39.28,1
ANET,2026-07-24,2026-07-27,2026-07-28,1-2%,-1.478,174.0,160.08,stop,14.8254,2579.62,-8.0,-206.37,1
BRO,2026-07-21,2026-07-27,2026-07-28,1-2%,-1.349,68.01,68.94,tp_gap_filled,37.9375,2580.13,1.367,35.28,1
EBAY,2026-07-24,2026-07-27,2026-07-28,2-3%,-2.323,106.78,109.32,tp_gap_filled,24.175,2581.41,2.379,61.4,1
GIS,2026-07-23,2026-07-27,2026-07-28,1-2%,-1.057,36.52,36.91,tp_gap_filled,70.7337,2583.2,1.068,27.59,1
GWW,2026-07-24,2026-07-27,2026-07-28,1-2%,-1.256,1350.28,1367.46,tp_gap_filled,1.9132,2583.32,1.272,32.87,1
HIG,2026-07-24,2026-07-27,2026-07-28,3-5%,-3.693,136.93,142.18,tp_gap_filled,18.8796,2585.19,3.834,99.12,1
HPQ,2026-06-05,2026-07-27,2026-07-28,1-2%,-1.103,26.01,26.3,tp_gap_filled,99.4386,2586.4,1.115,28.84,1
HST,2026-06-29,2026-07-27,2026-07-28,1-2%,-1.077,24.79,25.06,tp_gap_filled,104.3756,2587.47,1.089,28.18,1
L,2026-07-24,2026-07-27,2026-07-28,1-2%,-1.012,114.46,115.63,tp_gap_filled,22.6092,2587.85,1.022,26.45,1
MNST,2026-07-23,2026-07-27,2026-07-28,1-2%,-1.463,47.135,47.835,tp_gap_filled,54.9557,2590.33,1.485,38.47,1
MSCI,2026-07-23,2026-07-27,2026-07-28,1-2%,-1.363,563.17,570.95,tp_gap_filled,4.6006,2590.92,1.381,35.79,1
OMC,2026-07-21,2026-07-27,2026-07-28,1-2%,-1.53,81.11,82.37,tp_gap_filled,31.9522,2591.64,1.553,40.26,1
OTIS,2026-07-21,2026-07-27,2026-07-28,1-2%,-1.062,72.7,73.48,tp_gap_filled,35.6599,2592.47,1.073,27.81,1
PFE,2026-07-24,2026-07-27,2026-07-28,1-2%,-1.559,24.62,25.01,tp_gap_filled,105.3136,2592.82,1.584,41.07,1
DPZ,2026-04-27,2026-04-28,2026-07-29,5-10%,-7.166,341.47,360.0,time_exit,7.1879,2454.46,5.427,133.19,63
ETN,2026-06-23,2026-06-25,2026-07-29,3-5%,-3.265,421.55,358.3175,stop,6.0082,2532.74,-15.0,-379.91,23
EOG,2026-07-24,2026-07-27,2026-07-29,1-2%,-1.024,144.0,145.49,tp_gap_filled,17.9481,2584.52,1.035,26.74,2
ADSK,2026-06-02,2026-07-28,2026-07-29,2-3%,-2.635,241.62,248.16,tp_gap_filled,10.7411,2595.26,2.707,70.25,1
APA,2026-07-27,2026-07-28,2026-07-29,3-5%,-4.205,34.63,36.15,tp_gap_filled,74.9163,2594.35,4.389,113.87,1
CDW,2026-07-14,2026-07-28,2026-07-29,1-2%,-1.122,142.74,144.36,tp_gap_filled,18.1785,2594.8,1.135,29.45,1
CF,2026-07-27,2026-07-28,2026-07-29,2-3%,-2.639,121.77,125.07,tp_gap_filled,21.3129,2595.27,2.71,70.33,1
DOW,2026-07-27,2026-07-28,2026-07-29,3-5%,-3.05,28.93,29.84,tp_gap_filled,89.7209,2595.63,3.146,81.65,1
EQT,2026-07-27,2026-07-28,2026-07-29,1-2%,-1.131,52.43,53.03,tp_gap_filled,49.5038,2595.48,1.144,29.7,1
ERIE,2026-07-14,2026-07-28,2026-07-29,1-2%,-1.44,243.61,247.17,tp_gap_filled,10.6511,2594.72,1.461,37.92,1
LYB,2026-07-27,2026-07-28,2026-07-29,3-5%,-3.349,58.3,60.32,tp_gap_filled,44.4752,2592.91,3.465,89.84,1
NWS,2026-07-21,2026-07-28,2026-07-29,1-2%,-1.18,31.83,32.21,tp_gap_filled,81.4588,2592.84,1.194,30.95,1
PSX,2026-07-27,2026-07-28,2026-07-29,1-2%,-1.388,203.9,206.77,tp_gap_filled,12.7154,2592.67,1.408,36.49,1
TRMB,2026-06-02,2026-07-28,2026-07-29,1-2%,-1.083,57.52,58.15,tp_gap_filled,45.0809,2593.05,1.095,28.4,1
VLO,2026-07-27,2026-07-28,2026-07-29,2-3%,-2.231,295.75,302.5,tp_gap_filled,8.7703,2593.83,2.282,59.2,1
WBD,2026-07-27,2026-07-28,2026-07-29,1-2%,-1.048,25.5,25.77,tp_gap_filled,101.7403,2594.38,1.059,27.47,1
XOM,2026-07-27,2026-07-28,2026-07-29,2-3%,-2.466,153.07,156.94,tp_gap_filled,16.9504,2594.6,2.528,65.6,1
MLM,2026-07-08,2026-07-14,2026-07-30,1-2%,-1.587,584.74,537.9608,stop,4.3738,2557.51,-8.0,-204.6,12
ANET,2026-07-28,2026-07-29,2026-07-30,3-5%,-3.039,165.57,170.76,tp_gap_filled,15.6556,2592.09,3.135,81.25,1
BRO,2026-07-28,2026-07-29,2026-07-30,1-2%,-1.047,68.97,69.7,tp_gap_filled,37.5484,2589.71,1.058,27.41,1
CDNS,2026-07-28,2026-07-29,2026-07-30,1-2%,-1.019,335.16,338.61,tp_gap_filled,7.74,2594.14,1.029,26.7,1
CEG,2026-07-28,2026-07-29,2026-07-30,2-3%,-2.461,263.355,270.0,tp_gap_filled,9.849,2593.77,2.523,65.45,1
CVNA,2026-07-17,2026-07-29,2026-07-30,2-3%,-2.618,68.81,61.2409,stop,37.7356,2596.59,-11.0,-285.62,1
DDOG,2026-07-21,2026-07-29,2026-07-30,1-2%,-1.786,258.5,263.2,tp_gap_filled,10.0376,2594.71,1.818,47.18,1
JCI,2026-07-28,2026-07-29,2026-07-30,1-2%,-1.304,141.52,143.39,tp_gap_filled,18.3085,2591.02,1.321,34.24,1
PCAR,2026-07-28,2026-07-29,2026-07-30,1-2%,-1.124,131.94,133.44,tp_gap_filled,19.6183,2588.44,1.137,29.43,1
APTV,2026-06-23,2026-06-24,2026-07-31,2-3%,-2.045,62.27,55.4203,stop,40.5476,2524.9,-11.0,-277.74,26
CVX,2026-07-27,2026-07-28,2026-07-31,3-5%,-3.142,188.67,194.79,tp_gap_filled,13.7591,2595.93,3.244,84.21,3
ADI,2026-07-28,2026-07-29,2026-07-31,1-2%,-1.465,366.44,371.89,tp_gap_filled,7.0788,2593.94,1.487,38.58,2
COP,2026-07-27,2026-07-29,2026-07-31,2-3%,-2.528,117.22,120.26,tp_gap_filled,22.1477,2596.15,2.593,67.33,2
GEV,2026-07-28,2026-07-29,2026-07-31,3-5%,-4.79,948.83,996.57,tp_gap_filled,2.7349,2594.93,5.031,130.56,2
NTAP,2026-06-05,2026-07-29,2026-07-31,1-2%,-1.045,177.0,178.87,tp_gap_filled,14.6304,2589.57,1.056,27.36,2
AMD,2026-07-28,2026-07-30,2026-07-31,5-10%,-5.647,467.0,494.95,tp_gap_filled,5.5312,2583.06,5.985,154.6,1
AME,2026-07-29,2026-07-30,2026-07-31,1-2%,-1.267,238.37,241.43,tp_gap_filled,10.8449,2585.1,1.284,33.19,1
AVY,2026-07-29,2026-07-30,2026-07-31,1-2%,-1.496,166.6,169.13,tp_gap_filled,15.5006,2582.4,1.519,39.22,1
BF-B,2026-07-29,2026-07-30,2026-07-31,1-2%,-1.557,28.45,28.9,tp_gap_filled,90.8595,2584.95,1.582,40.89,1
FERG,2026-06-29,2026-06-30,2026-08-03,1-2%,-1.299,235.51,238.61,tp_gap_filled,10.7401,2529.39,1.316,33.29,23
AXP,2026-07-24,2026-07-27,2026-08-03,3-5%,-4.319,326.12,340.84,tp_gap_filled,7.9071,2578.66,4.514,116.39,5
MCO,2026-07-23,2026-07-27,2026-08-03,1-2%,-1.981,480.0,489.7,tp_gap_filled,5.3952,2589.69,2.021,52.33,5
ADM,2026-07-27,2026-07-28,2026-08-03,1-2%,-1.734,84.43,77.6756,stop,30.7477,2596.03,-8.0,-207.68,4
CTSH,2026-06-02,2026-07-29,2026-08-03,2-3%,-2.204,55.9,57.16,tp_gap_filled,46.4494,2596.52,2.254,58.53,3
FFIV,2026-07-28,2026-07-29,2026-08-03,3-5%,-3.424,393.99,407.96,tp_gap_filled,6.5886,2595.85,3.546,92.04,3
A,2026-07-30,2026-07-31,2026-08-03,1-2%,-1.126,138.72,140.3,tp_gap_filled,18.6651,2589.22,1.139,29.49,1
ABT,2026-07-30,2026-07-31,2026-08-03,1-2%,-1.843,106.01,108.0,tp_gap_filled,24.423,2589.09,1.877,48.6,1
ADP,2026-07-30,2026-07-31,2026-08-03,2-3%,-2.901,265.44,273.37,tp_gap_filled,9.7534,2588.94,2.987,77.34,1
AMGN,2026-07-30,2026-07-31,2026-08-03,2-3%,-2.035,379.75,387.64,tp_gap_filled,6.818,2589.13,2.078,53.79,1
AMZN,2026-06-01,2026-07-31,2026-08-03,1-2%,-1.607,266.29,270.64,tp_gap_filled,9.7258,2589.87,1.634,42.31,1
APA,2026-07-30,2026-07-31,2026-08-03,1-2%,-1.417,36.18,36.7,tp_gap_filled,71.6114,2590.9,1.437,37.24,1
ARES,2026-07-29,2026-07-31,2026-08-03,1-2%,-1.048,126.56,127.9,tp_gap_filled,20.4846,2592.53,1.059,27.45,1
BDX,2026-07-30,2026-07-31,2026-08-03,1-2%,-1.479,165.91,168.4,tp_gap_filled,15.6299,2593.16,1.501,38.92,1
CAH,2026-07-30,2026-07-31,2026-08-03,1-2%,-1.24,226.28,229.12,tp_gap_filled,11.458,2592.71,1.255,32.54,1
CI,2026-07-15,2026-07-28,2026-08-04,1-2%,-1.068,300.11,276.1012,stop,8.6494,2595.76,-8.0,-207.66,5
TDG,2026-07-08,2026-07-28,2026-08-04,1-2%,-1.411,1310.87,1329.63,tp_gap_filled,1.9782,2593.17,1.431,37.11,5
CNC,2026-07-28,2026-07-29,2026-08-04,5-10%,-7.132,59.51,64.08,tp_gap_filled,43.5916,2594.14,7.679,199.21,4
HUBB,2026-07-28,2026-07-29,2026-08-04,3-5%,-4.804,474.04,497.96,tp_gap_filled,5.4688,2592.45,5.046,130.81,4
RMD,2026-07-08,2026-07-29,2026-08-04,3-5%,-3.286,212.53,219.75,tp_gap_filled,12.1827,2589.19,3.397,87.96,4
AMCR,2026-07-29,2026-07-30,2026-08-04,2-3%,-2.335,45.6,46.69,tp_gap_filled,56.6573,2583.57,2.39,61.76,3
BIIB,2026-07-30,2026-07-31,2026-08-04,2-3%,-2.318,204.38,209.23,tp_gap_filled,12.6875,2593.07,2.373,61.53,2
ALGN,2026-07-31,2026-08-03,2026-08-04,1-2%,-1.499,170.81,173.41,tp_gap_filled,15.2694,2608.17,1.522,39.7,1
ALLE,2026-07-29,2026-08-03,2026-08-04,1-2%,-1.222,159.26,161.23,tp_gap_filled,16.3808,2608.81,1.237,32.27,1
BA,2026-07-08,2026-08-03,2026-08-04,2-3%,-2.02,227.0,231.68,tp_gap_filled,11.4955,2609.47,2.062,53.8,1
BR,2026-07-30,2026-08-03,2026-08-04,1-2%,-1.859,156.24,159.2,tp_gap_filled,16.7112,2610.96,1.895,49.47,1
CHD,2026-07-31,2026-08-03,2026-08-04,2-3%,-2.017,95.71,97.68,tp_gap_filled,27.2838,2611.33,2.058,53.75,1
CHTR,2026-07-31,2026-08-03,2026-08-04,1-2%,-1.056,140.5,142.0,tp_gap_filled,18.6027,2613.67,1.068,27.9,1
CLX,2026-07-29,2026-08-03,2026-08-04,1-2%,-1.984,98.33,100.32,tp_gap_filled,26.5943,2615.01,2.024,52.92,1
CMG,2026-07-31,2026-08-03,2026-08-04,1-2%,-1.428,37.97,34.9324,stop,68.8695,2614.98,-8.0,-209.2,1
CSGP,2026-07-31,2026-08-03,2026-08-04,1-2%,-1.494,29.02,29.46,tp_gap_filled,90.0853,2614.27,1.516,39.64,1
DIS,2026-07-30,2026-08-03,2026-08-04,1-2%,-1.087,97.41,98.48,tp_gap_filled,26.8565,2616.09,1.098,28.74,1
DPZ,2026-07-30,2026-08-03,2026-08-04,1-2%,-1.892,353.19,360.0,tp_gap_filled,7.4082,2616.49,1.928,50.45,1
ECL,2026-07-31,2026-08-03,2026-08-04,1-2%,-1.768,274.4,279.34,tp_gap_filled,9.5414,2618.15,1.8,47.13,1
IFF,2026-07-08,2026-07-17,2026-08-05,2-3%,-2.236,80.0,81.83,tp_gap_filled,31.9636,2557.09,2.288,58.49,13
FCX,2026-06-23,2026-07-23,2026-08-05,5-10%,-5.462,65.43,69.21,tp_gap_filled,38.7637,2536.31,5.777,146.53,9
AVY,2026-07-31,2026-08-03,2026-08-05,1-2%,-1.459,172.27,174.82,tp_gap_filled,15.1475,2609.47,1.48,38.63,2
ADI,2026-08-03,2026-08-04,2026-08-05,1-2%,-1.2,363.0,367.41,tp_gap_filled,7.2453,2630.05,1.215,31.95,1
AMD,2026-08-03,2026-08-04,2026-08-05,3-5%,-3.016,461.79,476.15,tp_gap_filled,5.7008,2632.56,3.11,81.86,1
ANET,2026-08-03,2026-08-04,2026-08-05,3-5%,-3.288,174.42,180.35,tp_gap_filled,15.1303,2639.03,3.4,89.72,1
APO,2026-06-23,2026-08-04,2026-08-05,2-3%,-2.374,132.0,135.21,tp_gap_filled,20.0295,2643.9,2.432,64.29,1
CBRE,2026-08-03,2026-08-04,2026-08-05,1-2%,-1.526,144.57,146.81,tp_gap_filled,18.289,2644.05,1.549,40.97,1
DELL,2026-08-03,2026-08-04,2026-08-05,1-2%,-1.897,397.68,405.37,tp_gap_filled,6.6546,2646.42,1.934,51.17,1
GEV,2026-08-03,2026-08-04,2026-08-05,1-2%,-1.542,975.02,990.29,tp_gap_filled,2.7238,2655.74,1.566,41.59,1
HPE,2026-06-05,2026-08-04,2026-08-05,1-2%,-1.462,52.905,53.69,tp_gap_filled,50.2431,2658.11,1.484,39.44,1
IT,2026-06-02,2026-08-04,2026-08-05,2-3%,-2.845,174.48,179.59,tp_gap_filled,15.2315,2657.59,2.929,77.83,1
LITE,2026-07-24,2026-08-04,2026-08-05,2-3%,-2.776,810.5,833.64,tp_gap_filled,3.2832,2661.04,2.855,75.97,1
LOW,2026-07-29,2026-08-04,2026-08-05,1-2%,-1.049,215.95,218.24,tp_gap_filled,12.3343,2663.6,1.06,28.25,1
LUV,2026-07-22,2026-08-04,2026-08-05,2-3%,-2.177,47.63,48.69,tp_gap_filled,55.9337,2664.12,2.225,59.29,1
MCHP,2026-08-03,2026-08-04,2026-08-05,1-2%,-1.117,73.46,74.29,tp_gap_filled,36.2946,2666.2,1.13,30.12,1
PLTR,2026-06-02,2026-08-04,2026-08-05,2-3%,-2.465,156.69,160.65,tp_gap_filled,17.0508,2671.69,2.527,67.52,1
PNW,2026-08-03,2026-08-04,2026-08-05,1-2%,-1.327,99.65,100.99,tp_gap_filled,26.8312,2673.73,1.345,35.95,1
AEE,2026-06-29,2026-07-07,2026-08-06,1-2%,-1.623,116.4,107.088,stop,21.6834,2523.95,-8.0,-201.92,22
ETR,2026-07-27,2026-07-28,2026-08-06,1-2%,-1.026,114.76,105.5792,stop,22.6078,2594.47,-8.0,-207.56,7
OXY,2026-07-27,2026-07-29,2026-08-06,3-5%,-3.072,55.54,57.3,tp_gap_filled,46.5967,2587.98,3.169,82.01,6
ABT,2026-08-04,2026-08-05,2026-08-06,1-2%,-1.26,105.77,107.12,tp_gap_filled,24.9825,2642.4,1.276,33.73,1
ADP,2026-08-04,2026-08-05,2026-08-06,1-2%,-1.991,264.41,269.78,tp_gap_filled,9.9934,2642.37,2.031,53.66,1
AIG,2026-08-04,2026-08-05,2026-08-06,1-2%,-1.307,77.76,78.79,tp_gap_filled,33.9957,2643.5,1.325,35.02,1
APH,2026-07-01,2026-08-05,2026-08-06,1-2%,-1.236,87.07,88.16,tp_gap_filled,30.3716,2644.45,1.252,33.11,1
AWK,2026-08-04,2026-08-05,2026-08-06,1-2%,-1.028,129.95,131.3,tp_gap_filled,20.3453,2643.88,1.039,27.47,1
BDX,2026-08-04,2026-08-05,2026-08-06,1-2%,-1.298,168.0,170.21,tp_gap_filled,15.7429,2644.81,1.315,34.79,1
CB,2026-08-04,2026-08-05,2026-08-06,1-2%,-1.088,344.44,348.23,tp_gap_filled,7.681,2645.65,1.1,29.11,1
CME,2026-08-04,2026-08-05,2026-08-06,1-2%,-1.503,262.17,266.17,tp_gap_filled,10.0961,2646.89,1.526,40.38,1
CMI,2026-08-04,2026-08-05,2026-08-06,10%+,-10.781,578.9,648.85,tp_gap_filled,4.5732,2647.42,12.083,319.89,1
CSGP,2026-08-04,2026-08-05,2026-08-06,2-3%,-2.031,29.42,30.03,tp_gap_filled,90.1555,2652.38,2.073,54.99,1
CTSH,2026-08-04,2026-08-05,2026-08-06,2-3%,-2.574,53.75,55.17,tp_gap_filled,49.373,2653.8,2.642,70.11,1
DD,2026-08-04,2026-08-05,2026-08-06,5-10%,-7.85,130.19,141.28,tp_gap_filled,20.3914,2654.76,8.518,226.14,1
DG,2026-08-04,2026-08-05,2026-08-06,2-3%,-2.091,125.05,127.72,tp_gap_filled,21.2856,2661.77,2.135,56.83,1
DOW,2026-08-04,2026-08-05,2026-08-06,2-3%,-2.877,29.03,29.89,tp_gap_filled,91.7179,2662.57,2.962,78.88,1
AOS,2026-07-29,2026-07-30,2026-08-07,1-2%,-1.015,63.36,64.01,tp_gap_filled,40.8034,2585.3,1.026,26.52,6
ADSK,2026-07-30,2026-08-03,2026-08-07,2-3%,-2.919,238.09,245.25,tp_gap_filled,10.9575,2608.88,3.007,78.46,4
ALGN,2026-08-05,2026-08-06,2026-08-07,1-2%,-1.374,170.89,173.27,tp_gap_filled,15.6022,2666.26,1.393,37.13,1
APA,2026-08-03,2026-08-06,2026-08-07,2-3%,-2.197,36.5,37.32,tp_gap_filled,73.0732,2667.17,2.247,59.92,1
CI,2026-08-04,2026-08-06,2026-08-07,2-3%,-2.053,276.27,282.06,tp_gap_filled,9.6968,2678.92,2.096,56.14,1
EBAY,2026-08-03,2026-08-06,2026-08-07,2-3%,-2.14,111.57,114.01,tp_gap_filled,24.0301,2681.04,2.187,58.63,1
LITE,2026-08-05,2026-08-06,2026-08-07,2-3%,-2.905,824.79,849.47,tp_gap_filled,3.2482,2679.09,2.992,80.17,1
MOS,2026-08-05,2026-08-06,2026-08-07,3-5%,-4.447,21.7,22.71,tp_gap_filled,123.4571,2679.02,4.654,124.69,1
MPWR,2026-08-05,2026-08-06,2026-08-07,1-2%,-1.125,1320.01,1335.03,tp_gap_filled,2.0328,2683.36,1.138,30.53,1
EQT,2026-08-03,2026-08-04,2026-08-10,1-2%,-1.088,52.71,53.29,tp_gap_filled,50.3828,2655.68,1.1,29.22,4
MPC,2026-08-03,2026-08-04,2026-08-10,1-2%,-1.691,311.12,316.47,tp_gap_filled,8.5865,2671.44,1.72,45.94,4
COP,2026-08-03,2026-08-05,2026-08-10,1-2%,-1.61,118.54,120.48,tp_gap_filled,22.3886,2653.94,1.637,43.43,3
CVX,2026-08-04,2026-08-05,2026-08-10,1-2%,-1.568,190.15,193.18,tp_gap_filled,13.9669,2655.8,1.593,42.32,3
COHR,2026-07-02,2026-08-07,2026-08-10,2-3%,-2.867,358.08,368.65,tp_gap_filled,7.501,2685.96,2.952,79.29,1
CPAY,2026-08-06,2026-08-07,2026-08-10,1-2%,-1.44,388.85,394.53,tp_gap_filled,6.9156,2689.12,1.461,39.28,1
CRWD,2026-08-06,2026-08-07,2026-08-10,3-5%,-3.269,203.0,209.86,tp_gap_filled,13.2497,2689.68,3.379,90.89,1
CSGP,2026-08-06,2026-08-07,2026-08-10,1-2%,-1.059,29.89,30.21,tp_gap_filled,90.0873,2692.71,1.071,28.83,1
CTSH,2026-08-06,2026-08-07,2026-08-10,3-5%,-3.37,53.9,55.78,tp_gap_filled,49.9692,2693.34,3.488,93.94,1
BNY,2026-07-17,2026-07-20,2026-08-11,1-2%,-1.71,158.11,160.86,tp_gap_filled,16.1219,2549.03,1.739,44.34,16
OMC,2026-07-29,2026-08-06,2026-08-11,3-5%,-3.004,83.63,86.22,tp_gap_filled,32.1114,2685.48,3.097,83.17,3
ANET,2026-08-06,2026-08-07,2026-08-11,2-3%,-2.483,192.41,197.31,tp_gap_filled,13.9659,2687.18,2.547,68.43,2
APH,2026-08-06,2026-08-07,2026-08-11,1-2%,-1.451,84.87,86.12,tp_gap_filled,31.65,2686.14,1.473,39.56,2
APA,2026-08-07,2026-08-10,2026-08-11,1-2%,-1.478,35.99,36.53,tp_gap_filled,75.1232,2703.68,1.5,40.57,1
BDX,2026-08-07,2026-08-10,2026-08-11,1-2%,-1.022,175.26,177.07,tp_gap_filled,15.4698,2711.24,1.033,28.0,1
BKR,2026-08-07,2026-08-10,2026-08-11,1-2%,-1.052,62.09,62.75,tp_gap_filled,43.6881,2712.59,1.063,28.83,1
CRL,2026-08-07,2026-08-10,2026-08-11,1-2%,-1.499,261.53,265.51,tp_gap_filled,10.3748,2713.32,1.522,41.29,1
DOW,2026-08-07,2026-08-10,2026-08-11,1-2%,-1.65,29.8,30.3,tp_gap_filled,91.1788,2717.13,1.678,45.59,1
ISRG,2026-07-17,2026-07-28,2026-08-12,5-10%,-9.271,365.03,402.33,tp_gap_filled,7.1045,2593.37,10.218,265.0,11
COF,2026-08-05,2026-08-06,2026-08-12,2-3%,-2.474,216.42,221.91,tp_gap_filled,12.3774,2678.73,2.537,67.95,4
AKAM,2026-08-06,2026-08-07,2026-08-12,3-5%,-4.637,116.6,122.27,tp_gap_filled,23.0701,2689.98,4.863,130.81,3
ALLE,2026-08-07,2026-08-10,2026-08-12,1-2%,-1.049,166.93,168.7,tp_gap_filled,16.1992,2704.14,1.06,28.67,2
DLTR,2026-08-07,2026-08-10,2026-08-12,1-2%,-1.326,127.96,129.68,tp_gap_filled,21.2295,2716.53,1.344,36.51,2
ADSK,2026-08-10,2026-08-11,2026-08-12,1-2%,-1.028,246.52,249.08,tp_gap_filled,10.9825,2707.4,1.038,28.12,1
AXON,2026-07-08,2026-08-11,2026-08-12,1-2%,-1.633,630.0,640.46,tp_gap_filled,4.2978,2707.63,1.66,44.96,1
CASY,2026-08-10,2026-08-11,2026-08-12,1-2%,-1.04,825.28,833.95,tp_gap_filled,3.2815,2708.17,1.051,28.45,1
CHTR,2026-08-10,2026-08-11,2026-08-12,1-2%,-1.003,151.04,152.57,tp_gap_filled,17.9249,2707.38,1.013,27.43,1
CTSH,2026-08-10,2026-08-11,2026-08-12,1-2%,-1.907,56.57,57.67,tp_gap_filled,47.9011,2709.77,1.944,52.69,1
MKC,2026-04-20,2026-07-02,2026-08-13,1-2%,-1.196,53.68,54.33,tp_gap_filled,47.0485,2525.56,1.211,30.58,29
OKE,2026-07-27,2026-07-29,2026-08-13,2-3%,-2.469,90.86,93.16,tp_gap_filled,28.4886,2588.47,2.531,65.52,11
DAL,2026-08-10,2026-08-11,2026-08-13,1-2%,-1.095,90.34,91.34,tp_gap_filled,30.0167,2711.71,1.107,30.02,2
DASH,2026-08-10,2026-08-11,2026-08-13,1-2%,-1.739,212.5,216.26,tp_gap_filled,12.7612,2711.75,1.769,47.98,2
ABNB,2026-08-11,2026-08-12,2026-08-13,2-3%,-2.823,179.485,184.7,tp_gap_filled,15.0984,2709.94,2.906,78.74,1
ADP,2026-08-11,2026-08-12,2026-08-13,1-2%,-1.1,270.67,273.68,tp_gap_filled,10.0127,2710.13,1.112,30.14,1
AWK,2026-08-11,2026-08-12,2026-08-13,1-2%,-1.122,133.93,135.45,tp_gap_filled,20.2282,2709.16,1.135,30.75,1
BKNG,2026-08-11,2026-08-12,2026-08-13,1-2%,-1.353,210.0,212.88,tp_gap_filled,12.9027,2709.56,1.371,37.16,1
CVNA,2026-08-11,2026-08-12,2026-08-13,1-2%,-1.618,72.96,74.16,tp_gap_filled,37.1456,2710.15,1.645,44.57,1
DELL,2026-08-11,2026-08-12,2026-08-13,1-2%,-1.911,449.13,457.88,tp_gap_filled,6.0334,2709.79,1.948,52.79,1
GIS,2026-08-11,2026-08-12,2026-08-13,1-2%,-1.369,36.75,37.26,tp_gap_filled,73.8392,2713.59,1.388,37.66,1
FOXA,2026-06-15,2026-07-17,2026-08-14,10%+,-13.47,56.98,65.85,tp_gap_filled,44.8828,2557.42,15.567,398.11,20
CMS,2026-08-07,2026-08-10,2026-08-14,1-2%,-1.18,70.36,71.2,tp_gap_filled,38.5776,2714.32,1.194,32.41,4
EG,2026-08-07,2026-08-10,2026-08-14,1-2%,-1.231,365.79,370.35,tp_gap_filled,7.432,2718.55,1.247,33.89,4
ABT,2026-08-12,2026-08-13,2026-08-14,1-2%,-1.522,108.05,109.72,tp_gap_filled,25.3855,2742.91,1.546,42.39,1
ADSK,2026-08-12,2026-08-13,2026-08-14,2-3%,-2.337,245.71,251.59,tp_gap_filled,11.1698,2744.54,2.393,65.68,1
BDX,2026-08-12,2026-08-13,2026-08-14,2-3%,-2.095,177.61,181.41,tp_gap_filled,15.468,2747.28,2.14,58.78,1
BF-B,2026-08-12,2026-08-13,2026-08-14,1-2%,-1.391,27.64,28.03,tp_gap_filled,99.4438,2748.63,1.411,38.78,1
CL,2026-08-12,2026-08-13,2026-08-14,1-2%,-1.072,91.32,92.31,tp_gap_filled,30.1102,2749.66,1.084,29.81,1
CMG,2026-08-07,2026-08-13,2026-08-14,1-2%,-1.068,33.35,33.71,tp_gap_filled,82.486,2750.91,1.079,29.7,1
CSGP,2026-08-12,2026-08-13,2026-08-14,1-2%,-1.51,30.65,31.12,tp_gap_filled,89.7156,2749.78,1.533,42.17,1
DVN,2026-05-06,2026-05-15,2026-08-17,5-10%,-6.844,47.5,47.57,time_exit,52.1867,2478.87,0.147,3.65,63
KMI,2026-07-27,2026-07-29,2026-08-17,1-2%,-1.795,32.27,32.86,tp_gap_filled,80.268,2590.25,1.828,47.36,13
C,2026-07-14,2026-08-04,2026-08-17,2-3%,-2.111,137.74,140.71,tp_gap_filled,19.1983,2644.38,2.156,57.02,9
APA,2026-08-11,2026-08-12,2026-08-17,1-2%,-1.292,40.49,41.02,tp_gap_filled,66.9266,2709.86,1.309,35.47,3
EME,2026-06-26,2026-08-12,2026-08-17,2-3%,-2.554,840.63,862.66,tp_gap_filled,3.2286,2714.06,2.621,71.13,3
COHR,2026-08-13,2026-08-14,2026-08-17,3-5%,-3.026,344.88,355.64,tp_gap_filled,7.9681,2748.04,3.12,85.74,1
COP,2026-08-13,2026-08-14,2026-08-17,1-2%,-1.241,125.72,127.3,tp_gap_filled,21.8343,2745.0,1.257,34.5,1
FANG,2026-08-13,2026-08-14,2026-08-17,1-2%,-1.409,198.01,200.84,tp_gap_filled,13.8626,2744.93,1.429,39.23,1
NEM,2026-08-13,2026-08-14,2026-08-17,2-3%,-2.402,115.01,117.84,tp_gap_filled,23.8777,2746.17,2.461,67.57,1
NWS,2026-08-13,2026-08-14,2026-08-17,1-2%,-1.102,32.32,32.68,tp_gap_filled,85.0088,2747.48,1.114,30.6,1
OXY,2026-08-13,2026-08-14,2026-08-17,1-2%,-1.383,57.74,58.55,tp_gap_filled,47.6087,2748.93,1.403,38.56,1
HLT,2026-07-28,2026-07-29,2026-08-18,3-5%,-3.092,320.62,330.85,tp_gap_filled,8.0852,2592.27,3.191,82.71,14
BMY,2026-08-05,2026-08-06,2026-08-18,1-2%,-1.639,64.81,65.89,tp_gap_filled,41.1544,2667.22,1.666,44.45,8
BR,2026-08-11,2026-08-13,2026-08-18,1-2%,-1.003,171.66,173.4,tp_gap_filled,16.0166,2749.4,1.014,27.87,3
TPL,2026-08-12,2026-08-14,2026-08-18,1-2%,-1.123,360.87,364.97,tp_gap_filled,7.6193,2749.58,1.136,31.24,2
CPRT,2026-06-02,2026-08-17,2026-08-18,1-2%,-1.021,31.99,32.32,tp_gap_filled,85.2273,2726.42,1.032,28.13,1
DUK,2026-08-14,2026-08-17,2026-08-18,1-2%,-1.052,123.18,124.49,tp_gap_filled,22.1296,2725.93,1.063,28.99,1
EOG,2026-08-03,2026-08-17,2026-08-18,2-3%,-2.475,145.01,148.69,tp_gap_filled,18.7994,2726.1,2.538,69.18,1
INCY,2026-08-14,2026-08-17,2026-08-18,1-2%,-1.137,119.15,120.52,tp_gap_filled,22.8847,2726.72,1.15,31.35,1
IVZ,2026-08-14,2026-08-17,2026-08-18,1-2%,-1.112,32.0,32.36,tp_gap_filled,85.2721,2728.71,1.125,30.7,1
LH,2026-08-14,2026-08-17,2026-08-18,1-2%,-1.624,317.35,322.59,tp_gap_filled,8.6015,2729.68,1.651,45.07,1
LLY,2026-08-14,2026-08-17,2026-08-18,1-2%,-1.24,1194.01,1209.0,tp_gap_filled,2.287,2730.71,1.255,34.28,1
FIS,2026-05-08,2026-05-19,2026-08-19,5-10%,-5.82,44.5,40.66,time_exit,55.6787,2477.7,-8.629,-213.81,63
ADBE,2026-06-02,2026-08-07,2026-08-19,2-3%,-2.208,267.98,274.03,tp_gap_filled,10.0401,2690.53,2.258,60.74,8
J,2026-08-11,2026-08-12,2026-08-19,1-2%,-1.486,145.14,147.33,tp_gap_filled,18.7109,2715.7,1.509,40.98,5
CLX,2026-08-12,2026-08-13,2026-08-19,2-3%,-2.079,106.0,108.25,tp_gap_filled,25.9493,2750.63,2.123,58.39,4
EXE,2026-08-13,2026-08-14,2026-08-19,1-2%,-1.651,94.69,96.28,tp_gap_filled,28.9881,2744.88,1.679,46.09,3
AVY,2026-08-14,2026-08-17,2026-08-19,1-2%,-1.867,176.65,180.01,tp_gap_filled,15.4341,2726.43,1.902,51.86,2
FCX,2026-08-13,2026-08-17,2026-08-19,1-2%,-1.546,68.15,69.22,tp_gap_filled,40.0078,2726.53,1.57,42.81,2
TKO,2026-08-14,2026-08-17,2026-08-19,1-2%,-1.097,197.49,199.68,tp_gap_filled,13.8297,2731.23,1.109,30.29,2
ABBV,2026-07-30,2026-08-18,2026-08-19,1-2%,-1.869,258.38,263.3,tp_gap_filled,10.5629,2729.24,1.904,51.97,1
ABT,2026-08-17,2026-08-18,2026-08-19,1-2%,-1.088,110.04,111.25,tp_gap_filled,24.8033,2729.36,1.1,30.01,1
ADP,2026-08-17,2026-08-18,2026-08-19,1-2%,-1.253,269.54,272.96,tp_gap_filled,10.1308,2730.67,1.269,34.65,1
ADSK,2026-08-17,2026-08-18,2026-08-19,1-2%,-1.375,248.2,251.66,tp_gap_filled,11.0017,2730.62,1.394,38.07,1
AMCR,2026-08-17,2026-08-18,2026-08-19,2-3%,-2.107,45.06,46.03,tp_gap_filled,60.5928,2730.31,2.153,58.77,1
BEN,2026-08-17,2026-08-18,2026-08-19,1-2%,-1.565,33.33,33.86,tp_gap_filled,81.9466,2731.28,1.59,43.43,1
CHTR,2026-08-17,2026-08-18,2026-08-19,1-2%,-1.471,152.0,154.27,tp_gap_filled,17.9761,2732.36,1.493,40.81,1
CMCSA,2026-08-17,2026-08-18,2026-08-19,1-2%,-1.146,25.88,26.18,tp_gap_filled,105.5275,2731.05,1.159,31.66,1
CSGP,2026-08-17,2026-08-18,2026-08-19,1-2%,-1.328,31.95,32.38,tp_gap_filled,85.456,2730.32,1.346,36.75,1
FDXF,2026-06-10,2026-06-11,2026-08-20,5-10%,-6.877,175.5,133.38,stop,14.5033,2545.33,-24.0,-610.88,48
ALB,2026-08-18,2026-08-19,2026-08-20,2-3%,-2.232,131.0,133.99,tp_gap_filled,21.008,2752.05,2.282,62.81,1
AXON,2026-08-12,2026-08-19,2026-08-20,1-2%,-1.157,628.95,636.31,tp_gap_filled,4.3781,2753.63,1.17,32.22,1
BX,2026-08-17,2026-08-19,2026-08-20,1-2%,-1.313,142.04,143.93,tp_gap_filled,19.3976,2755.24,1.331,36.66,1
CF,2026-08-03,2026-08-19,2026-08-20,1-2%,-1.749,123.0,125.19,tp_gap_filled,22.4099,2756.42,1.78,49.08,1
GIS,2026-08-17,2026-08-19,2026-08-20,1-2%,-1.046,38.79,39.2,tp_gap_filled,70.8839,2749.58,1.057,29.06,1
KHC,2026-08-17,2026-08-19,2026-08-20,1-2%,-1.019,25.25,25.51,tp_gap_filled,108.6269,2742.83,1.03,28.24,1
CRM,2026-06-02,2026-08-13,2026-08-21,3-5%,-4.094,201.02,209.6,tp_gap_filled,13.6787,2749.69,4.268,117.36,6
PWR,2026-07-01,2026-08-17,2026-08-21,1-2%,-1.524,709.07,652.3444,stop,3.8504,2730.21,-8.0,-218.42,4
CPAY,2026-08-17,2026-08-18,2026-08-21,1-2%,-1.109,412.97,417.6,tp_gap_filled,6.6134,2731.13,1.121,30.62,3
GEN,2026-08-17,2026-08-19,2026-08-21,1-2%,-1.545,28.04,28.48,tp_gap_filled,98.0943,2750.57,1.569,43.16,2
ADSK,2026-08-19,2026-08-20,2026-08-21,1-2%,-1.175,243.89,246.79,tp_gap_filled,11.1447,2718.08,1.189,32.32,1
ARE,2026-08-04,2026-08-20,2026-08-21,2-3%,-2.131,51.9,53.03,tp_gap_filled,52.3927,2719.18,2.177,59.2,1
DE,2026-07-29,2026-08-20,2026-08-21,1-2%,-1.314,631.43,639.84,tp_gap_filled,4.3081,2720.27,1.332,36.23,1
TGT,2026-08-19,2026-08-20,2026-08-21,3-5%,-3.069,147.8,152.48,tp_gap_filled,18.3963,2718.98,3.166,86.09,1
AJG,2026-07-29,2026-07-30,2026-08-24,1-2%,-1.402,261.59,265.31,tp_gap_filled,9.8803,2584.58,1.422,36.75,17
MDLZ,2026-07-30,2026-08-06,2026-08-24,1-2%,-1.739,63.86,64.99,tp_gap_filled,41.966,2679.95,1.769,47.42,12
TAP,2026-08-10,2026-08-14,2026-08-24,1-2%,-1.499,42.72,43.37,tp_gap_filled,64.3614,2749.52,1.522,41.83,6
A,2026-08-20,2026-08-21,2026-08-24,1-2%,-1.107,153.69,155.41,tp_gap_filled,17.8465,2742.82,1.119,30.7,1
ABNB,2026-08-20,2026-08-21,2026-08-24,1-2%,-1.577,183.45,186.39,tp_gap_filled,14.9617,2744.72,1.603,43.99,1
ALB,2026-08-20,2026-08-21,2026-08-24,1-2%,-1.028,132.9,134.28,tp_gap_filled,20.6612,2745.87,1.038,28.51,1
ALLE,2026-08-20,2026-08-21,2026-08-24,1-2%,-1.13,160.92,162.76,tp_gap_filled,17.0902,2750.15,1.143,31.45,1
AMCR,2026-08-20,2026-08-21,2026-08-24,1-2%,-1.707,46.64,47.45,tp_gap_filled,58.9756,2750.62,1.737,47.77,1
AMGN,2026-08-20,2026-08-21,2026-08-24,1-2%,-1.487,435.78,442.36,tp_gap_filled,6.3172,2752.92,1.51,41.57,1
AOS,2026-08-20,2026-08-21,2026-08-24,1-2%,-1.708,62.71,63.8,tp_gap_filled,43.9064,2753.37,1.738,47.86,1
AVY,2026-08-20,2026-08-21,2026-08-24,1-2%,-1.267,180.84,183.16,tp_gap_filled,15.2273,2753.7,1.283,35.33,1
GS,2026-08-18,2026-08-19,2026-08-25,1-2%,-1.076,1040.0,1051.3101,tp_gap_filled,2.6455,2751.29,1.088,29.92,4
CAH,2026-08-20,2026-08-24,2026-08-25,1-2%,-1.107,232.25,234.85,tp_gap_filled,11.8572,2753.83,1.119,30.83,1
META,2026-08-18,2026-08-24,2026-08-25,2-3%,-2.019,557.48,568.97,tp_gap_filled,4.9385,2753.09,2.061,56.74,1
CHD,2026-08-12,2026-08-13,2026-08-26,1-2%,-1.547,101.19,102.78,tp_gap_filled,27.1725,2749.59,1.571,43.2,9
APO,2026-08-18,2026-08-19,2026-08-26,1-2%,-1.033,133.15,134.54,tp_gap_filled,20.6792,2753.43,1.044,28.74,5
FFIV,2026-08-18,2026-08-19,2026-08-26,1-2%,-1.196,390.81,395.54,tp_gap_filled,7.0396,2751.16,1.21,33.3,5
AMT,2026-07-30,2026-08-20,2026-08-26,1-2%,-1.093,177.3,179.26,tp_gap_filled,15.3393,2719.66,1.105,30.06,4
SJM,2026-07-30,2026-08-20,2026-08-26,2-3%,-2.026,123.79,126.35,tp_gap_filled,21.9671,2719.3,2.068,56.24,4
MSFT,2026-08-17,2026-08-24,2026-08-26,1-2%,-1.062,490.14,495.4,tp_gap_filled,5.6173,2753.24,1.073,29.55,2
CDNS,2026-08-24,2026-08-25,2026-08-26,1-2%,-1.417,314.5,319.02,tp_gap_filled,8.7675,2757.37,1.437,39.63,1
CMG,2026-08-24,2026-08-25,2026-08-26,1-2%,-1.084,36.5,36.9,tp_gap_filled,75.628,2760.42,1.096,30.25,1
CVNA,2026-08-17,2026-08-25,2026-08-26,1-2%,-1.296,74.61,75.59,tp_gap_filled,37.0169,2761.83,1.313,36.28,1
DPZ,2026-08-24,2026-08-25,2026-08-26,1-2%,-1.205,337.73,341.85,tp_gap_filled,8.1802,2762.69,1.22,33.7,1
IBKR,2026-07-16,2026-08-25,2026-08-26,1-2%,-1.242,96.2,97.41,tp_gap_filled,28.7389,2764.68,1.258,34.77,1
IFF,2026-08-06,2026-08-25,2026-08-26,1-2%,-1.351,86.88,88.07,tp_gap_filled,31.835,2765.82,1.37,37.88,1
SPGI,2026-07-28,2026-07-29,2026-08-27,3-5%,-4.8,418.72,439.83,tp_gap_filled,6.1846,2589.62,5.042,130.56,21
CCL,2026-08-10,2026-08-11,2026-08-27,2-3%,-2.38,28.3,25.187,stop,95.7058,2708.47,-11.0,-297.93,12
DG,2026-08-10,2026-08-14,2026-08-27,1-2%,-1.564,124.61,126.59,tp_gap_filled,22.0325,2745.47,1.589,43.62,9
BBY,2026-07-30,2026-08-19,2026-08-27,1-2%,-1.309,88.99,81.8708,stop,30.9597,2755.1,-8.0,-220.41,6
NOW,2026-06-02,2026-08-20,2026-08-27,3-5%,-4.387,129.9,135.86,tp_gap_filled,20.9343,2719.37,4.588,124.77,5
MTD,2026-08-20,2026-08-24,2026-08-27,1-2%,-1.159,1408.5699,1425.09,tp_gap_filled,1.9544,2752.92,1.173,32.29,3
WSM,2026-08-20,2026-08-24,2026-08-27,1-2%,-1.539,238.58,242.31,tp_gap_filled,11.5378,2752.7,1.563,43.04,3
ADBE,2026-08-25,2026-08-26,2026-08-27,1-2%,-1.994,270.76,276.27,tp_gap_filled,10.2344,2771.07,2.035,56.39,1
ADP,2026-08-25,2026-08-26,2026-08-27,1-2%,-1.039,280.07,283.01,tp_gap_filled,9.8962,2771.63,1.05,29.09,1
ADSK,2026-08-25,2026-08-26,2026-08-27,1-2%,-1.179,251.42,254.42,tp_gap_filled,11.0249,2771.89,1.193,33.07,1
ANET,2026-08-18,2026-08-26,2026-08-27,2-3%,-2.874,196.0,201.8,tp_gap_filled,14.146,2772.63,2.959,82.05,1
BMY,2026-08-25,2026-08-26,2026-08-27,1-2%,-1.278,66.42,67.28,tp_gap_filled,41.761,2773.77,1.295,35.91,1
CHTR,2026-08-25,2026-08-26,2026-08-27,1-2%,-1.111,148.63,150.3,tp_gap_filled,18.6635,2773.96,1.124,31.17,1
COIN,2026-08-25,2026-08-26,2026-08-27,1-2%,-1.939,176.0,179.48,tp_gap_filled,15.7665,2774.9,1.977,54.87,1
CDW,2026-08-05,2026-08-06,2026-08-28,10%+,-25.032,115.45,154.0,tp_gap_filled,23.0981,2666.67,33.391,890.43,16
CF,2026-08-25,2026-08-26,2026-08-28,2-3%,-2.167,126.44,129.24,tp_gap_filled,21.9415,2774.28,2.214,61.44,2
CDNS,2026-08-26,2026-08-27,2026-08-28,1-2%,-1.024,328.5,331.9,tp_gap_filled,8.4263,2768.03,1.035,28.65,1
CRWD,2026-08-20,2026-08-27,2026-08-28,2-3%,-2.155,197.285,201.63,tp_gap_filled,14.05,2771.86,2.202,61.05,1
CTSH,2026-08-26,2026-08-27,2026-08-28,2-3%,-2.22,61.66,63.06,tp_gap_filled,45.0666,2778.81,2.271,63.09,1
DDOG,2026-08-26,2026-08-27,2026-08-28,1-2%,-1.135,220.46,222.99,tp_gap_filled,12.6132,2780.7,1.148,31.91,1
DHR,2026-08-26,2026-08-27,2026-08-28,1-2%,-1.269,213.23,215.97,tp_gap_filled,13.0674,2786.37,1.285,35.8,1
DXCM,2026-08-26,2026-08-27,2026-08-28,1-2%,-1.11,88.17,89.16,tp_gap_filled,31.6095,2787.01,1.123,31.29,1
FDS,2026-08-25,2026-08-27,2026-08-28,2-3%,-2.08,298.96,305.31,tp_gap_filled,9.3247,2787.71,2.124,59.21,1
FTNT,2026-08-26,2026-08-27,2026-08-28,1-2%,-1.406,151.5,153.66,tp_gap_filled,18.4075,2788.74,1.426,39.76,1
GEN,2026-08-26,2026-08-27,2026-08-28,1-2%,-1.433,28.89,29.31,tp_gap_filled,96.8009,2796.58,1.454,40.66,1
IQV,2026-08-26,2026-08-27,2026-08-28,1-2%,-1.738,254.91,259.42,tp_gap_filled,10.9831,2799.69,1.769,49.53,1
FISV,2026-05-05,2026-06-01,2026-08-31,5-10%,-7.945,57.82,53.31,time_exit,43.9422,2540.74,-7.8,-198.18,63
IP,2026-08-05,2026-08-06,2026-08-31,1-2%,-1.891,41.51,38.1892,stop,64.5713,2680.35,-8.0,-214.43,17
COP,2026-08-25,2026-08-26,2026-08-31,1-2%,-1.695,131.09,133.35,tp_gap_filled,21.1818,2776.72,1.724,47.87,3
AJG,2026-08-27,2026-08-28,2026-08-31,1-2%,-1.672,260.6,265.03,tp_gap_filled,10.6561,2776.99,1.7,47.21,1
APA,2026-08-24,2026-08-28,2026-08-31,1-2%,-1.06,42.93,43.39,tp_gap_filled,64.7242,2778.61,1.072,29.77,1
AWK,2026-08-27,2026-08-28,2026-08-31,1-2%,-1.047,136.05,137.49,tp_gap_filled,20.4197,2778.11,1.058,29.4,1
PHM,2026-07-01,2026-07-28,2026-09-01,1-2%,-1.545,135.09,124.2828,stop,19.1931,2592.8,-8.0,-207.42,25
BAX,2026-08-04,2026-08-05,2026-09-01,1-2%,-1.281,27.74,25.5208,stop,95.371,2645.59,-8.0,-211.65,19
BMY,2026-08-27,2026-08-28,2026-09-01,1-2%,-1.45,66.59,67.57,tp_gap_filled,41.7524,2780.29,1.472,40.92,2
COR,2026-08-12,2026-08-18,2026-09-02,3-5%,-4.277,319.59,333.87,tp_gap_filled,8.5476,2731.73,4.468,122.06,11
DELL,2026-08-18,2026-08-19,2026-09-02,2-3%,-2.674,466.98,479.81,tp_gap_filled,5.8988,2754.64,2.747,75.68,10
CTVA,2026-07-31,2026-08-24,2026-09-02,5-10%,-5.988,83.99,89.34,tp_gap_filled,32.788,2753.86,6.37,175.42,7
CNC,2026-08-17,2026-08-26,2026-09-02,1-2%,-1.141,66.7,67.47,tp_gap_filled,41.618,2775.92,1.154,32.05,5
AMGN,2026-08-27,2026-08-28,2026-09-02,1-2%,-1.649,433.08,440.34,tp_gap_filled,6.4161,2778.7,1.676,46.58,3
BBY,2026-08-27,2026-08-28,2026-09-02,5-10%,-7.823,80.6,87.44,tp_gap_filled,34.4792,2779.03,8.486,235.84,3
CFG,2026-08-27,2026-08-28,2026-09-02,1-2%,-1.092,69.72,70.49,tp_gap_filled,39.8779,2780.29,1.104,30.71,3
DOW,2026-08-25,2026-08-31,2026-09-02,1-2%,-1.527,30.96,31.44,tp_gap_filled,89.2105,2761.96,1.55,42.82,2
DRI,2026-08-27,2026-08-31,2026-09-02,1-2%,-1.17,216.25,218.81,tp_gap_filled,12.7684,2761.17,1.184,32.69,2
BG,2026-07-27,2026-09-01,2026-09-02,1-2%,-1.44,119.78,121.53,tp_gap_filled,22.9016,2743.16,1.461,40.08,1
AES,2026-07-31,2026-08-03,2026-09-03,1-2%,-1.01,14.7,14.85,tp_gap_filled,177.4242,2608.14,1.02,26.61,23
HPE,2026-08-18,2026-08-19,2026-09-03,3-5%,-3.038,55.86,47.481,stop,49.2359,2750.32,-15.0,-412.55,11
COIN,2026-08-28,2026-08-31,2026-09-03,2-3%,-2.459,186.03,190.72,tp_gap_filled,14.8435,2761.34,2.521,69.62,3
ADBE,2026-08-31,2026-09-01,2026-09-03,1-2%,-1.328,287.65,291.52,tp_gap_filled,9.539,2743.9,1.345,36.92,2
AJG,2026-08-31,2026-09-01,2026-09-03,1-2%,-1.282,264.13,267.56,tp_gap_filled,10.3873,2743.6,1.299,35.63,2
ARES,2026-09-01,2026-09-02,2026-09-03,2-3%,-2.214,140.0,143.17,tp_gap_filled,19.7568,2765.95,2.264,62.63,1
CEG,2026-09-01,2026-09-02,2026-09-03,1-2%,-1.889,269.58,274.77,tp_gap_filled,10.2541,2764.31,1.925,53.22,1
CHTR,2026-08-31,2026-09-02,2026-09-03,1-2%,-1.081,151.96,153.62,tp_gap_filled,18.2186,2768.5,1.092,30.24,1
CVNA,2026-08-31,2026-09-02,2026-09-03,1-2%,-1.121,73.21,74.04,tp_gap_filled,37.8508,2771.06,1.134,31.42,1
ECHO,2026-09-01,2026-09-02,2026-09-03,1-2%,-1.041,85.54,86.44,tp_gap_filled,32.4033,2771.77,1.052,29.16,1
GS,2026-09-01,2026-09-02,2026-09-03,2-3%,-2.065,1004.72,1025.9,tp_gap_filled,2.7593,2772.34,2.108,58.44,1
AVGO,2026-06-04,2026-06-05,2026-09-04,10%+,-14.657,408.99,357.9,time_exit,6.2001,2535.77,-12.492,-316.76,63
ADSK,2026-08-28,2026-08-31,2026-09-04,3-5%,-3.481,261.16,221.986,stop,10.5755,2761.89,-15.0,-414.28,4
INTU,2026-08-25,2026-08-31,2026-09-04,1-2%,-1.506,364.35,335.202,stop,7.5745,2759.76,-8.0,-220.78,4
FISV,2026-09-01,2026-09-02,2026-09-04,1-2%,-1.669,52.42,53.31,tp_gap_filled,52.896,2772.81,1.698,47.08,2
BKR,2026-09-02,2026-09-03,2026-09-04,1-2%,-1.005,63.02,63.66,tp_gap_filled,44.119,2780.38,1.016,28.24,1
CF,2026-09-02,2026-09-03,2026-09-04,1-2%,-1.497,133.57,135.6,tp_gap_filled,20.82,2780.93,1.52,42.26,1
EFX,2026-08-31,2026-09-03,2026-09-04,1-2%,-1.652,191.14,175.8488,stop,14.5515,2781.38,-8.0,-222.51,1
FDS,2026-09-02,2026-09-03,2026-09-04,1-2%,-1.293,301.49,305.44,tp_gap_filled,9.2254,2781.37,1.31,36.44,1
HOOD,2026-07-16,2026-09-03,2026-09-04,1-2%,-1.22,114.13,115.54,tp_gap_filled,24.3887,2783.49,1.235,34.39,1
NOW,2026-09-02,2026-09-03,2026-09-04,1-2%,-1.819,140.3,142.9,tp_gap_filled,19.8749,2788.44,1.853,51.67,1
