ticker,gap_date,entry_date,exit_date,bucket,gap_pct,entry_price,exit_price,exit_reason,units,position_dollars,cash_cost,proceeds,pnl_pct,pnl_dollar,days_held
TPR,2016-09-14,2016-09-16,2016-09-19,3-5%,-3.004,35.2352,36.2537,tp_gap_filled,141.7595,4994.93,4994.93,5139.31,2.891,144.38,1
FCX,2016-09-13,2016-09-23,2016-09-30,3-5%,-3.881,10.6606,11.0689,tp_gap_filled,468.7309,4996.98,4996.98,5188.34,3.83,191.37,5
KR,2016-09-07,2016-09-08,2016-10-11,3-5%,-3.092,31.6917,30.0799,time_exit,157.7702,5000.0,5000.0,4745.71,-5.086,-254.29,23
TTD,2016-10-07,2016-10-10,2016-10-12,3-5%,-3.067,2.5305,2.6054,tp_gap_filled,1966.6007,4976.54,4976.54,5123.77,2.958,147.23,2
FERG,2016-09-14,2016-09-15,2016-10-18,3-5%,-3.515,60.3454,58.5475,time_exit,82.7986,4996.52,4996.52,4847.65,-2.979,-148.86,23
ORCL,2016-09-16,2016-09-22,2016-10-25,3-5%,-3.059,39.6496,38.3216,time_exit,126.1548,5001.99,5001.99,4834.46,-3.349,-167.53,23
AMD,2016-09-07,2016-10-03,2016-10-25,3-5%,-3.951,7.0571,7.3327,tp_gap_filled,707.9163,4995.8,4995.8,5190.91,3.905,195.11,16
NEM,2016-10-04,2016-10-19,2016-11-01,3-5%,-3.727,36.7167,38.0619,tp_gap_filled,135.7866,4985.63,4985.63,5168.3,3.664,182.66,9
IBM,2016-10-18,2016-10-21,2016-11-07,3-5%,-3.069,143.566,147.8157,tp_gap_filled,34.6297,4971.65,4971.65,5118.81,2.96,147.17,11
HPQ,2016-10-14,2016-11-02,2016-11-07,3-5%,-3.432,14.6446,15.1348,tp_gap_filled,341.3078,4998.33,4998.33,5165.64,3.347,167.32,3
CMI,2016-11-01,2016-11-03,2016-11-07,3-5%,-3.513,123.4533,127.6922,tp_gap_filled,40.4395,4992.39,4992.39,5163.81,3.434,171.42,2
XYL,2016-11-01,2016-11-03,2016-11-07,3-5%,-3.104,46.8768,48.2817,tp_gap_filled,106.4267,4988.95,4988.95,5138.46,2.997,149.51,2
TRMB,2016-11-02,2016-11-04,2016-11-08,3-5%,-3.558,26.046,26.953,tp_gap_filled,191.4776,4987.23,4987.23,5160.9,3.482,173.67,2
NTAP,2016-11-04,2016-11-07,2016-11-08,3-5%,-3.451,31.3613,32.4176,tp_gap_filled,160.7456,5041.2,5041.2,5210.98,3.368,169.78,1
AIG,2016-11-03,2016-11-04,2016-11-09,3-5%,-3.98,58.1981,60.4894,tp_gap_filled,85.7542,4990.74,4990.74,5187.23,3.937,196.49,3
TPL,2016-10-28,2016-11-04,2016-11-09,3-5%,-3.031,28.0402,28.8589,tp_gap_filled,177.7282,4983.54,4983.54,5129.04,2.92,145.5,3
CBRE,2016-10-27,2016-11-08,2016-11-10,3-5%,-3.38,26.8969,27.7822,tp_gap_filled,187.8982,5053.87,5053.87,5220.22,3.292,166.35,2
HII,2016-11-03,2016-11-09,2016-11-10,3-5%,-3.107,155.155,159.81,tp_gap_filled,32.6754,5069.74,5069.74,5221.85,3.0,152.1,1
BBY,2016-11-08,2016-11-09,2016-11-10,3-5%,-3.071,37.9079,39.0309,tp_gap_filled,134.2745,5090.06,5090.06,5240.86,2.963,150.8,1
SWKS,2016-11-09,2016-11-10,2016-11-11,3-5%,-3.285,74.8648,77.2527,tp_gap_filled,67.8208,5077.39,5077.39,5239.34,3.19,161.95,1
GPC,2016-10-19,2016-11-10,2016-11-14,3-5%,-3.788,92.7927,96.2536,tp_gap_filled,54.6967,5075.45,5075.45,5264.76,3.73,189.3,2
LITE,2016-10-28,2016-10-31,2016-11-15,3-5%,-3.599,37.5375,38.8611,tp_gap_filled,133.5055,5011.46,5011.46,5188.17,3.526,176.71,11
PODD,2016-11-02,2016-11-04,2016-11-15,3-5%,-3.192,35.5155,36.6134,tp_gap_filled,140.3767,4985.54,4985.54,5139.66,3.091,154.12,7
DOC,2016-11-09,2016-11-10,2016-11-15,3-5%,-3.198,28.7888,29.6803,tp_gap_filled,176.1758,5071.88,5071.88,5228.95,3.097,157.07,3
BBY,2016-11-11,2016-11-14,2016-11-15,3-5%,-3.227,38.7287,39.94,tp_gap_filled,131.2697,5083.9,5083.9,5242.91,3.128,159.01,1
ACN,2016-11-09,2016-11-15,2016-11-21,3-5%,-3.28,115.9959,119.6902,tp_gap_filled,44.1767,5124.32,5124.32,5287.52,3.185,163.2,4
URI,2016-11-16,2016-11-18,2016-11-21,3-5%,-3.325,91.101,94.0459,tp_gap_filled,56.4288,5140.72,5140.72,5306.9,3.233,166.17,1
MNST,2016-11-09,2016-11-10,2016-11-22,3-5%,-3.272,10.9735,11.322,tp_gap_filled,463.0201,5080.93,5080.93,5242.31,3.176,161.38,8
CNP,2016-11-09,2016-11-10,2016-11-22,3-5%,-3.165,22.973,23.6763,tp_gap_filled,220.4508,5064.41,5064.41,5219.46,3.062,155.05,8
WMT,2016-11-17,2016-11-18,2016-11-25,3-5%,-3.236,23.0497,23.7729,tp_gap_filled,223.0094,5140.3,5140.3,5301.57,3.137,161.28,4
CTSH,2016-11-22,2016-11-25,2016-11-28,3-5%,-3.612,53.1631,55.0449,tp_gap_filled,97.635,5190.58,5190.58,5374.31,3.54,183.73,1
AAPL,2016-10-26,2016-10-27,2016-11-30,3-5%,-3.332,28.6061,27.6024,time_exit,174.7025,4997.55,4997.55,4822.2,-3.509,-175.35,23
FCX,2016-11-29,2016-11-30,2016-12-01,3-5%,-3.422,15.2552,15.7642,tp_gap_filled,339.3283,5176.53,5176.53,5349.25,3.336,172.71,1
ADSK,2016-11-30,2016-12-01,2016-12-06,3-5%,-3.388,72.7827,75.1847,tp_gap_filled,70.9164,5161.49,5161.49,5331.83,3.3,170.34,3
ADM,2016-11-11,2016-11-16,2016-12-07,3-5%,-3.564,43.6136,45.1348,tp_gap_filled,117.6509,5131.18,5131.18,5310.15,3.488,178.98,14
HPQ,2016-11-23,2016-11-30,2016-12-07,3-5%,-3.762,15.3654,15.934,tp_gap_filled,336.8586,5175.95,5175.95,5367.52,3.701,191.57,5
FTNT,2016-11-22,2016-12-01,2016-12-07,3-5%,-3.489,5.9259,6.1279,tp_gap_filled,871.855,5166.54,5166.54,5342.61,3.408,176.07,4
COHR,2016-11-25,2016-11-30,2016-12-09,3-5%,-3.84,30.08,31.2188,tp_gap_filled,172.0382,5174.92,5174.92,5370.82,3.786,195.9,7
SNPS,2016-12-01,2016-12-06,2016-12-13,3-5%,-3.241,58.5785,60.4195,tp_gap_filled,88.7507,5198.89,5198.89,5362.28,3.143,163.39,5
MAS,2016-10-25,2016-11-15,2016-12-19,3-5%,-3.546,32.4024,32.3676,time_exit,158.2618,5128.06,5128.06,5122.55,-0.107,-5.5,23
ED,2016-11-09,2016-11-29,2017-01-03,3-5%,-3.159,73.0229,73.5564,time_exit,71.0804,5190.5,5190.5,5228.41,0.73,37.92,23
SBUX,2016-12-02,2016-12-28,2017-01-18,3-5%,-3.179,56.7067,58.4515,tp_gap_filled,92.7057,5257.03,5257.03,5418.79,3.077,161.76,13
TPR,2017-01-05,2017-01-09,2017-01-24,3-5%,-3.394,35.045,36.2038,tp_gap_filled,150.4497,5272.51,5272.51,5446.85,3.306,174.33,10
NVDA,2016-12-29,2017-01-03,2017-01-25,3-5%,-3.982,2.6251,2.7285,tp_gap_filled,2000.8475,5252.47,5252.47,5459.35,3.939,206.88,15
GIS,2016-12-20,2017-01-09,2017-01-25,3-5%,-3.172,61.1211,62.9969,tp_gap_filled,86.2567,5272.1,5272.1,5433.91,3.069,161.81,11
AMD,2017-01-17,2017-01-19,2017-01-25,3-5%,-3.875,10.1802,10.5694,tp_gap_filled,517.7716,5271.0,5271.0,5472.55,3.824,201.54,4
STLD,2016-11-29,2017-01-25,2017-01-26,3-5%,-3.608,34.2342,35.4445,tp_gap_filled,155.4283,5320.96,5320.96,5509.08,3.535,188.12,1
HPE,2016-11-09,2017-01-06,2017-02-03,3-5%,-3.442,13.0553,13.4937,tp_gap_filled,402.5909,5255.96,5255.96,5432.46,3.358,176.5,19
IBKR,2017-01-18,2017-01-19,2017-02-06,3-5%,-3.34,9.1967,9.4955,tp_gap_filled,571.9869,5260.38,5260.38,5431.3,3.249,170.91,12
CAH,2017-01-26,2017-01-27,2017-02-06,3-5%,-3.335,73.4133,75.7941,tp_gap_filled,72.3408,5310.78,5310.78,5483.01,3.243,172.23,6
GNRC,2017-01-13,2017-01-24,2017-02-07,3-5%,-3.715,39.4294,40.8691,tp_gap_filled,134.3455,5297.16,5297.16,5490.58,3.651,193.42,10
STT,2016-11-16,2017-01-25,2017-02-13,3-5%,-3.369,76.6566,79.1707,tp_gap_filled,69.3751,5318.05,5318.05,5492.48,3.28,174.42,13
IEX,2017-01-31,2017-02-02,2017-02-13,3-5%,-3.608,88.7887,91.928,tp_gap_filled,60.0258,5329.61,5329.61,5518.05,3.536,188.44,7
AMZN,2017-02-03,2017-02-06,2017-02-13,3-5%,-3.956,40.3763,41.9555,tp_gap_filled,132.1292,5334.89,5334.89,5543.55,3.911,208.65,5
MOS,2017-01-26,2017-02-06,2017-02-13,3-5%,-3.758,32.042,33.2267,tp_gap_filled,166.498,5334.93,5334.93,5532.19,3.697,197.26,5
LH,2016-10-26,2017-01-11,2017-02-14,3-5%,-3.266,115.1408,116.6187,time_exit,45.763,5269.19,5269.19,5336.82,1.284,67.63,23
SCHW,2017-02-02,2017-02-03,2017-02-14,3-5%,-3.556,39.9099,41.2987,tp_gap_filled,134.0343,5349.29,5349.29,5535.44,3.48,186.15,7
FCX,2017-01-25,2017-01-27,2017-02-22,3-5%,-3.408,16.4564,13.8096,stop,322.8023,5312.18,5312.18,4457.77,-16.084,-854.41,17
FSLR,2017-02-22,2017-02-23,2017-02-24,3-5%,-3.031,35.5455,36.5834,tp_gap_filled,150.781,5359.59,5359.59,5516.08,2.92,156.49,1
EL,2016-11-02,2017-01-26,2017-03-01,3-5%,-3.511,83.3533,83.966,time_exit,63.891,5325.53,5325.53,5364.67,0.735,39.15,23
BBY,2017-03-01,2017-03-02,2017-03-03,3-5%,-3.58,42.5925,44.0859,tp_gap_filled,125.6658,5352.43,5352.43,5540.09,3.506,187.66,1
NVDA,2017-02-24,2017-03-03,2017-03-08,3-5%,-3.403,2.4292,2.5097,tp_gap_filled,2198.7324,5341.11,5341.11,5518.24,3.316,177.13,3
LVS,2017-01-26,2017-03-01,2017-03-16,3-5%,-3.425,54.7647,56.5934,tp_gap_filled,98.0442,5369.36,5369.36,5548.65,3.339,179.29,11
FSLR,2017-02-28,2017-03-01,2017-03-20,3-5%,-3.146,36.6766,30.7776,stop,146.4234,5370.32,5370.32,4506.56,-16.084,-863.76,13
TROW,2017-01-26,2017-02-23,2017-03-28,3-5%,-3.06,71.9819,68.3216,time_exit,74.4586,5359.67,5359.67,5087.13,-5.085,-272.54,23
TSLA,2017-02-23,2017-03-16,2017-03-28,3-5%,-3.477,17.6176,18.2158,tp_gap_filled,303.5165,5347.23,5347.23,5528.79,3.395,181.55,8
REGN,2017-03-17,2017-03-20,2017-03-29,3-5%,-3.194,380.43,392.1974,tp_gap_filled,13.9671,5313.52,5313.52,5477.88,3.093,164.36,7
KR,2016-12-01,2017-03-02,2017-04-04,3-5%,-3.529,31.1912,29.6603,time_exit,172.0555,5366.61,5366.61,5103.22,-4.908,-263.39,23
BMY,2017-01-11,2017-03-10,2017-04-12,3-5%,-3.101,58.1781,52.937,time_exit,91.5942,5328.78,5328.78,4848.73,-9.009,-480.06,23
BAC,2017-03-27,2017-04-17,2017-04-18,3-5%,-3.633,22.3023,23.0969,tp_gap_filled,236.9432,5284.37,5284.37,5472.65,3.563,188.28,1
CFG,2017-03-27,2017-04-13,2017-04-20,3-5%,-3.072,33.4835,34.4755,tp_gap_filled,157.2309,5264.63,5264.63,5420.61,2.963,155.98,4
SCHW,2017-02-28,2017-03-22,2017-04-25,3-5%,-3.834,40.1701,39.5804,time_exit,131.8066,5294.69,5294.69,5216.95,-1.468,-77.73,23
GNRC,2017-04-05,2017-04-06,2017-04-25,3-5%,-3.196,35.7757,36.8831,tp_gap_filled,148.2429,5303.5,5303.5,5467.65,3.095,164.15,12
HBAN,2017-03-27,2017-04-13,2017-04-25,3-5%,-3.127,12.7127,13.0969,tp_gap_filled,414.324,5267.18,5267.18,5426.36,3.022,159.18,7
LII,2017-02-17,2017-04-24,2017-04-25,3-5%,-3.333,162.2821,167.5423,tp_gap_filled,32.7154,5309.13,5309.13,5481.22,3.241,172.09,1
SJM,2017-02-17,2017-03-27,2017-04-28,3-5%,-3.932,132.5524,126.5933,time_exit,40.0539,5309.24,5309.24,5070.56,-4.496,-238.69,23
VTRS,2017-03-24,2017-03-29,2017-05-02,3-5%,-3.196,40.3203,38.1318,time_exit,132.2113,5330.8,5330.8,5041.46,-5.428,-289.34,23
FTNT,2017-04-28,2017-05-01,2017-05-09,3-5%,-3.34,7.8218,8.0759,tp_gap_filled,680.3497,5321.57,5321.57,5494.45,3.249,172.88,6
AXON,2017-03-01,2017-05-01,2017-05-10,3-5%,-3.506,24.7948,25.6443,tp_gap_filled,214.644,5322.05,5322.05,5504.4,3.426,182.35,7
MCK,2017-04-18,2017-04-27,2017-05-11,3-5%,-3.626,139.129,144.0758,tp_gap_filled,38.2849,5326.54,5326.54,5515.93,3.556,189.39,10
ARES,2017-05-08,2017-05-10,2017-05-11,3-5%,-3.958,18.2182,18.9311,tp_gap_filled,294.3025,5361.66,5361.66,5571.45,3.913,209.79,1
PHM,2017-04-25,2017-04-26,2017-05-16,3-5%,-3.986,22.1822,23.0569,tp_gap_filled,239.8779,5321.01,5321.01,5530.85,3.944,209.84,14
HCA,2017-04-17,2017-04-18,2017-05-19,3-5%,-3.101,85.085,82.0679,time_exit,62.1094,5284.58,5284.58,5097.19,-3.546,-187.39,23
TDG,2017-05-09,2017-05-11,2017-05-19,3-5%,-3.745,245.7255,254.775,tp_gap_filled,21.8402,5366.7,5366.7,5564.34,3.683,197.64,6
TAP,2017-05-03,2017-05-04,2017-05-22,3-5%,-3.503,92.112,95.2646,tp_gap_filled,57.8897,5332.34,5332.34,5514.84,3.423,182.5,12
NWS,2017-05-10,2017-05-11,2017-05-22,3-5%,-3.358,12.9629,13.3866,tp_gap_filled,413.7857,5363.88,5363.88,5539.18,3.268,175.3,7
LITE,2017-05-17,2017-05-19,2017-05-22,3-5%,-3.802,54.4544,56.4934,tp_gap_filled,98.6147,5370.01,5370.01,5571.09,3.745,201.08,1
APO,2017-05-17,2017-05-22,2017-05-23,3-5%,-3.183,26.4865,27.3027,tp_gap_filled,203.7118,5395.6,5395.6,5561.88,3.082,166.27,1
KDP,2017-02-14,2017-05-02,2017-05-24,3-5%,-3.188,90.6005,93.3965,tp_gap_filled,58.8597,5332.72,5332.72,5497.29,3.086,164.57,16
KLAC,2017-04-28,2017-05-04,2017-05-24,3-5%,-3.195,10.038,10.3486,tp_gap_filled,531.1035,5331.23,5331.23,5496.2,3.094,164.97,14
STLD,2017-04-26,2017-05-04,2017-05-24,3-5%,-3.137,35.2352,36.3037,tp_gap_filled,151.3365,5332.37,5332.37,5494.07,3.032,161.7,14
SLB,2017-04-21,2017-04-24,2017-05-25,3-5%,-3.32,74.044,69.3206,time_exit,71.8357,5319.0,5319.0,4979.7,-6.379,-339.31,23
ORLY,2017-05-23,2017-05-24,2017-05-26,3-5%,-3.807,15.9493,16.5474,tp_gap_filled,340.4847,5430.48,5430.48,5634.15,3.75,203.67,2
COST,2017-05-08,2017-05-25,2017-05-26,3-5%,-3.074,174.8347,180.0198,tp_gap_filled,31.0102,5421.66,5421.66,5582.46,2.966,160.79,1
LH,2017-04-25,2017-04-26,2017-05-30,3-5%,-3.969,119.4234,118.8844,time_exit,44.6078,5327.22,5327.22,5303.18,-0.451,-24.04,23
CIEN,2017-05-24,2017-05-25,2017-06-01,3-5%,-3.943,23.4134,24.3257,tp_gap_filled,232.037,5432.77,5432.77,5644.45,3.896,211.68,4
INTC,2017-04-28,2017-05-01,2017-06-02,3-5%,-3.553,36.1361,36.2837,time_exit,147.2425,5320.77,5320.77,5342.5,0.408,21.73,23
FAST,2017-05-24,2017-05-31,2017-06-02,3-5%,-3.006,10.7382,11.0489,tp_gap_filled,505.729,5430.63,5430.63,5587.77,2.894,157.14,2
IR,2017-06-06,2017-06-07,2017-06-09,3-5%,-3.535,21.8518,22.6074,tp_gap_filled,249.3291,5448.3,5448.3,5636.67,3.458,188.38,2
ADP,2017-06-02,2017-06-09,2017-06-16,3-5%,-3.125,100.2201,103.2466,tp_gap_filled,54.5136,5463.36,5463.36,5628.34,3.02,164.99,5
IBM,2017-05-05,2017-05-16,2017-06-19,3-5%,-3.477,146.9154,147.8826,time_exit,36.6233,5380.53,5380.53,5415.95,0.658,35.42,23
AMD,2017-06-15,2017-06-16,2017-06-19,3-5%,-3.653,11.3513,11.7582,tp_gap_filled,482.5109,5477.15,5477.15,5673.47,3.585,196.33,1
BKR,2017-04-25,2017-05-25,2017-06-28,3-5%,-3.137,56.8668,53.4465,time_exit,95.5099,5431.34,5431.34,5104.67,-6.015,-326.67,23
BKNG,2017-05-10,2017-05-25,2017-06-28,3-5%,-3.001,74.2254,75.5328,time_exit,73.0411,5421.5,5421.5,5517.0,1.761,95.5,23
NVDA,2017-06-15,2017-06-27,2017-06-28,3-5%,-3.137,3.6777,3.7892,tp_gap_filled,1481.1488,5447.18,5447.18,5612.38,3.033,165.2,1
LOW,2017-05-24,2017-05-30,2017-06-30,3-5%,-3.656,79.4093,77.4525,time_exit,68.3772,5429.78,5429.78,5295.98,-2.464,-133.8,23
HRL,2017-05-25,2017-06-02,2017-07-06,3-5%,-3.814,34.084,33.1169,time_exit,160.055,5455.32,5455.32,5300.52,-2.838,-154.8,23
TSLA,2017-07-06,2017-07-10,2017-07-11,3-5%,-3.005,21.1718,21.7842,tp_gap_filled,257.3127,5447.78,5447.78,5605.35,2.892,157.57,1
ACN,2017-06-22,2017-06-23,2017-07-18,3-5%,-3.257,123.093,126.9829,tp_gap_filled,44.3846,5463.44,5463.44,5636.09,3.16,172.65,16
FDS,2017-03-28,2017-06-15,2017-07-19,3-5%,-3.896,167.9177,163.3065,time_exit,32.59,5472.43,5472.43,5322.16,-2.746,-150.28,23
TMUS,2017-06-27,2017-06-28,2017-07-20,3-5%,-3.009,61.3112,63.0869,tp_gap_filled,89.3354,5477.26,5477.26,5635.89,2.896,158.62,15
CMCSA,2017-06-20,2017-06-21,2017-07-25,3-5%,-3.11,37.9948,37.2167,time_exit,144.1009,5475.09,5475.09,5362.97,-2.048,-112.13,23
LVS,2017-07-14,2017-07-28,2017-07-31,3-5%,-3.201,60.2402,62.1078,tp_gap_filled,90.8128,5470.58,5470.58,5640.19,3.1,169.61,1
ANET,2017-07-21,2017-07-27,2017-08-04,3-5%,-3.699,9.4469,9.7902,tp_gap_filled,580.3401,5482.44,5482.44,5681.65,3.634,199.21,6
COHR,2017-07-26,2017-07-27,2017-08-07,3-5%,-3.019,38.5885,39.7103,tp_gap_filled,142.116,5484.05,5484.05,5643.46,2.907,159.41,7
CVNA,2017-08-11,2017-08-14,2017-08-18,3-5%,-3.951,3.3093,2.777,stop,1639.6057,5425.96,5425.96,4553.25,-16.084,-872.71,4
STLD,2017-07-20,2017-07-26,2017-08-28,3-5%,-3.014,36.3964,34.4455,time_exit,150.6059,5481.51,5481.51,5187.7,-5.36,-293.81,23
WST,2017-07-27,2017-07-28,2017-08-30,3-5%,-3.96,89.089,85.8441,time_exit,61.3449,5465.15,5465.15,5266.09,-3.642,-199.06,23
MCK,2017-07-27,2017-07-28,2017-08-30,3-5%,-3.817,160.16,146.5533,time_exit,34.1319,5466.57,5466.57,5002.15,-8.496,-464.42,23
AMZN,2017-07-28,2017-07-31,2017-08-31,3-5%,-3.237,50.6576,48.981,time_exit,108.1266,5477.44,5477.44,5296.15,-3.31,-181.29,23
REGN,2017-07-31,2017-08-01,2017-09-01,3-5%,-3.743,490.1597,503.496,time_exit,11.151,5465.76,5465.76,5614.47,2.721,148.71,23
MMM,2017-07-25,2017-08-01,2017-09-01,3-5%,-3.5,169.6092,170.0305,time_exit,32.1659,5455.63,5455.63,5469.18,0.248,13.55,23
EXPE,2017-08-28,2017-08-29,2017-09-01,3-5%,-3.712,143.8637,149.1107,tp_gap_filled,37.0281,5327.0,5327.0,5521.29,3.647,194.29,3
AMD,2017-07-18,2017-08-02,2017-09-05,3-5%,-3.696,13.3033,12.9071,time_exit,408.3383,5432.24,5432.24,5270.46,-2.978,-161.79,23
NFLX,2017-08-09,2017-08-10,2017-09-06,3-5%,-3.885,17.1601,17.8182,tp_gap_filled,314.3628,5394.51,5394.51,5601.37,3.835,206.86,18
MET,2017-08-03,2017-08-04,2017-09-07,3-5%,-3.407,47.8107,46.7632,time_exit,113.6719,5434.73,5434.73,5315.66,-2.191,-119.07,23
CHD,2017-08-03,2017-08-04,2017-09-07,3-5%,-3.338,51.021,49.4305,time_exit,106.5471,5436.13,5436.13,5266.68,-3.117,-169.46,23
BKR,2017-07-28,2017-08-07,2017-09-08,3-5%,-3.623,34.8848,34.3856,time_exit,157.145,5481.98,5481.98,5403.52,-1.431,-78.46,23
ALB,2017-08-08,2017-09-05,2017-09-11,3-5%,-3.209,119.2491,122.9569,tp_gap_filled,45.2971,5401.64,5401.64,5569.6,3.109,167.95,4
IT,2017-08-08,2017-08-09,2017-09-12,3-5%,-3.58,121.8517,125.884,time_exit,44.7978,5458.69,5458.69,5639.33,3.309,180.64,23
FISV,2017-08-02,2017-08-15,2017-09-18,3-5%,-3.659,62.3323,62.7022,time_exit,86.5988,5397.9,5397.9,5429.94,0.594,32.04,23
ETN,2017-08-01,2017-09-14,2017-09-21,3-5%,-3.527,75.5655,78.1718,tp_gap_filled,71.2429,5383.5,5383.5,5569.18,3.449,185.68,5
WDC,2017-07-25,2017-08-28,2017-09-29,3-5%,-3.784,68.8821,65.2408,time_exit,77.3851,5330.45,5330.45,5048.67,-5.286,-281.78,23
PPG,2017-07-20,2017-09-21,2017-10-06,3-5%,-3.53,109.6996,113.4864,tp_gap_filled,49.0842,5384.51,5384.51,5570.39,3.452,185.87,11
HSIC,2017-08-08,2017-09-11,2017-10-12,3-5%,-3.694,69.4812,63.082,time_exit,77.9162,5413.71,5413.71,4915.11,-9.21,-498.6,23
BDX,2017-08-03,2017-09-19,2017-10-13,3-5%,-3.972,148.1385,153.9569,tp_gap_filled,36.4465,5399.13,5399.13,5611.2,3.928,212.06,18
BG,2017-09-12,2017-09-13,2017-10-16,3-5%,-3.776,72.9629,70.7092,time_exit,73.9638,5396.61,5396.61,5229.92,-3.089,-166.69,23
ULTA,2017-10-12,2017-10-17,2017-10-19,3-5%,-3.064,201.7215,207.6821,tp_gap_filled,26.6522,5376.31,5376.31,5535.18,2.955,158.86,2
DRI,2017-09-26,2017-10-06,2017-10-20,3-5%,-3.151,80.6005,83.0569,tp_gap_filled,66.9171,5393.56,5393.56,5557.93,3.048,164.37,10
WFC,2017-10-13,2017-10-16,2017-10-24,3-5%,-3.115,53.5435,55.1548,tp_gap_filled,100.4454,5378.2,5378.2,5540.04,3.009,161.85,6
TYL,2017-07-27,2017-10-02,2017-10-26,3-5%,-3.0,176.0659,181.1487,tp_gap_filled,30.6678,5399.56,5399.56,5555.44,2.887,155.88,18
WST,2017-10-17,2017-10-18,2017-10-26,3-5%,-3.303,92.6025,95.5743,tp_gap_filled,58.0246,5373.23,5373.23,5545.67,3.209,172.44,6
LH,2017-09-25,2017-09-27,2017-10-27,3-5%,-3.508,128.6767,133.0884,tp_gap_filled,41.9389,5396.56,5396.56,5581.58,3.429,185.02,22
ORLY,2017-08-15,2017-10-26,2017-10-27,3-5%,-3.921,12.7234,13.2161,tp_gap_filled,423.0103,5382.12,5382.12,5590.55,3.873,208.43,1
EBAY,2017-10-19,2017-10-25,2017-11-01,3-5%,-3.924,36.5165,37.932,tp_gap_filled,146.3753,5345.11,5345.11,5552.31,3.876,207.2,5
VTRS,2017-08-03,2017-10-31,2017-11-01,3-5%,-3.873,35.5255,36.8831,tp_gap_filled,151.8155,5393.32,5393.32,5599.42,3.821,206.1,1
FFIV,2017-07-14,2017-10-02,2017-11-02,3-5%,-3.703,123.6635,120.889,time_exit,43.6623,5399.43,5399.43,5278.29,-2.244,-121.14,23
DPZ,2017-07-25,2017-10-06,2017-11-06,3-5%,-3.257,207.207,173.8798,stop,26.0412,5395.92,5395.92,4528.04,-16.084,-867.88,21
BKR,2017-10-20,2017-10-23,2017-11-06,3-5%,-3.439,32.042,33.1169,tp_gap_filled,167.7956,5376.51,5376.51,5556.86,3.354,180.35,10
MGM,2017-10-02,2017-10-25,2017-11-08,3-5%,-3.805,31.3814,32.5574,tp_gap_filled,170.3657,5346.31,5346.31,5546.67,3.748,200.36,10
LEN,2017-10-30,2017-11-01,2017-11-08,3-5%,-3.189,53.5106,55.1629,tp_gap_filled,100.7758,5392.57,5392.57,5559.08,3.088,166.51,5
AXON,2017-08-09,2017-10-12,2017-11-14,3-5%,-3.991,24.3243,21.3786,time_exit,220.8443,5371.88,5371.88,4721.34,-12.11,-650.54,23
AMD,2017-11-09,2017-11-10,2017-11-17,3-5%,-3.928,11.2612,11.6983,tp_gap_filled,478.9231,5393.27,5393.27,5602.58,3.881,209.31,5
GM,2017-10-30,2017-10-31,2017-11-20,3-5%,-3.584,43.083,44.5954,tp_gap_filled,125.2064,5394.27,5394.27,5583.62,3.51,189.35,14
FIX,2017-11-10,2017-11-13,2017-11-21,3-5%,-3.695,40.4404,41.9081,tp_gap_filled,133.5303,5400.02,5400.02,5595.99,3.629,195.98,6
PM,2017-10-19,2017-10-20,2017-11-22,3-5%,-3.084,109.149,103.4365,time_exit,49.3905,5390.93,5390.93,5108.78,-5.234,-282.15,23
LYV,2017-11-20,2017-11-21,2017-11-27,3-5%,-3.11,43.9739,45.2947,tp_gap_filled,123.5354,5432.34,5432.34,5595.49,3.003,163.16,3
OMC,2017-10-24,2017-10-25,2017-11-28,3-5%,-3.041,70.8608,70.5794,time_exit,75.3986,5342.8,5342.8,5321.58,-0.397,-21.22,23
CDW,2017-10-13,2017-11-09,2017-11-28,3-5%,-3.292,66.7467,68.881,tp_gap_filled,80.8081,5393.67,5393.67,5566.15,3.198,172.47,12
KEY,2017-10-19,2017-11-08,2017-11-29,3-5%,-3.283,17.988,18.5614,tp_gap_filled,299.6115,5389.4,5389.4,5561.21,3.188,171.81,14
BSX,2017-10-26,2017-10-27,2017-11-30,3-5%,-3.951,28.4684,26.2537,time_exit,189.619,5398.16,5398.16,4978.2,-7.78,-419.95,23
INTU,2017-11-21,2017-11-24,2017-11-30,3-5%,-3.346,152.6525,157.6222,tp_gap_filled,35.5799,5431.36,5431.36,5608.18,3.256,176.82,4
WBD,2017-11-02,2017-11-29,2017-11-30,3-5%,-3.392,18.5285,19.1408,tp_gap_filled,292.585,5421.16,5421.16,5600.32,3.305,179.16,1
AMGN,2017-10-26,2017-11-06,2017-12-01,3-5%,-3.735,171.0409,177.3225,tp_gap_filled,31.4856,5385.33,5385.33,5583.11,3.673,197.78,18
MU,2017-11-27,2017-11-28,2017-12-01,3-5%,-3.462,48.008,40.2864,stop,113.3408,5441.26,5441.26,4566.09,-16.084,-875.17,3
GILD,2017-10-27,2017-10-31,2017-12-04,3-5%,-3.685,75.085,73.0169,time_exit,71.8482,5394.72,5394.72,5246.13,-2.754,-148.59,23
CF,2017-11-07,2017-11-08,2017-12-08,3-5%,-3.749,37.7777,39.1708,tp_gap_filled,142.6604,5389.39,5389.39,5588.12,3.687,198.73,21
NOW,2017-10-26,2017-12-04,2017-12-14,3-5%,-3.723,24.02,24.8991,tp_gap_filled,225.8747,5425.51,5425.51,5624.07,3.66,198.56,8
LOW,2017-12-06,2017-12-07,2017-12-14,3-5%,-3.256,83.5835,86.2237,tp_gap_filled,65.0482,5436.96,5436.96,5608.7,3.159,171.74,5
RL,2017-12-13,2017-12-14,2017-12-21,3-5%,-3.974,96.2562,100.0399,tp_gap_filled,56.7281,5460.43,5460.43,5675.07,3.931,214.64,5
CNP,2017-11-03,2017-12-12,2018-01-17,3-5%,-3.934,28.5986,27.8521,time_exit,190.5108,5448.34,5448.34,5306.13,-2.61,-142.21,23
ORCL,2017-12-15,2017-12-18,2018-01-17,3-5%,-3.407,48.5285,50.1398,tp_gap_filled,112.5941,5464.02,5464.02,5645.44,3.32,181.43,19
INTC,2018-01-04,2018-01-09,2018-01-22,3-5%,-3.844,43.5635,45.2147,tp_gap_filled,125.471,5465.96,5465.96,5673.14,3.79,207.18,8
MTD,2017-11-03,2018-01-09,2018-01-22,3-5%,-3.343,649.7992,670.9284,tp_gap_filled,8.4123,5466.31,5466.31,5644.06,3.252,177.75,8
GEN,2018-01-18,2018-01-22,2018-01-26,3-5%,-3.743,26.5165,27.4925,tp_gap_filled,207.2728,5496.15,5496.15,5698.44,3.681,202.3,4
ARE,2018-01-04,2018-01-10,2018-01-31,3-5%,-3.062,125.4854,129.1907,tp_gap_filled,43.4437,5451.54,5451.54,5612.52,2.953,160.97,14
XYZ,2017-11-27,2018-01-31,2018-02-06,3-5%,-3.377,47.2572,39.6564,stop,116.6028,5510.33,5510.33,4624.04,-16.084,-886.28,4
FTNT,2018-01-23,2018-02-05,2018-02-06,3-5%,-3.402,8.8669,9.1608,tp_gap_filled,599.7621,5318.0,5318.0,5494.32,3.315,176.31,1
ALGN,2018-01-31,2018-02-01,2018-02-09,3-5%,-3.358,261.271,219.2482,stop,20.9733,5479.7,5479.7,4598.35,-16.084,-881.36,6
CMG,2018-02-01,2018-02-02,2018-02-09,3-5%,-3.295,6.2875,5.2762,stop,863.2238,5427.5,5427.5,4554.54,-16.084,-872.96,5
UNH,2018-02-06,2018-02-09,2018-02-12,3-5%,-3.554,212.4122,219.8,tp_gap_filled,24.4592,5195.44,5195.44,5376.14,3.478,180.7,1
MCK,2018-01-30,2018-01-31,2018-02-13,3-5%,-3.13,170.9808,143.4803,stop,32.1735,5501.05,5501.05,4616.26,-16.084,-884.79,9
CRL,2018-01-22,2018-02-02,2018-02-13,3-5%,-3.235,104.5044,107.7821,tp_gap_filled,51.9131,5425.14,5425.14,5595.3,3.136,170.16,7
AMP,2018-02-06,2018-02-08,2018-02-14,3-5%,-3.66,154.6745,160.2296,tp_gap_filled,33.4305,5170.84,5170.84,5356.55,3.591,185.71,4
AMD,2018-02-05,2018-02-14,2018-02-15,3-5%,-3.213,12.0621,12.4375,tp_gap_filled,437.5806,5278.12,5278.12,5442.43,3.113,164.31,1
FSLR,2018-02-05,2018-02-06,2018-02-16,3-5%,-3.657,64.074,66.3736,tp_gap_filled,83.2317,5332.99,5332.99,5524.39,3.589,191.4,8
DOC,2018-02-14,2018-02-15,2018-02-16,3-5%,-3.684,21.982,22.7772,tp_gap_filled,241.4679,5307.94,5307.94,5499.96,3.618,192.02,1
AOS,2018-01-30,2018-02-05,2018-02-21,3-5%,-3.921,64.2642,66.7532,tp_gap_filled,82.9265,5329.2,5329.2,5535.6,3.873,206.4,11
CHRW,2018-01-31,2018-02-01,2018-02-27,3-5%,-3.15,92.0319,94.8351,tp_gap_filled,59.4764,5473.72,5473.72,5640.44,3.046,166.72,17
PCAR,2018-01-30,2018-01-31,2018-03-06,3-5%,-3.165,51.051,46.5601,time_exit,107.898,5508.3,5508.3,5023.74,-8.797,-484.56,23
EIX,2017-12-21,2018-02-01,2018-03-07,3-5%,-3.089,66.2562,59.0509,time_exit,82.6122,5473.57,5473.57,4878.32,-10.875,-595.25,23
FIX,2018-02-23,2018-03-02,2018-03-07,3-5%,-3.81,40.4404,41.958,tp_gap_filled,131.0941,5301.5,5301.5,5500.45,3.753,198.95,3
BAX,2018-02-01,2018-02-02,2018-03-08,3-5%,-3.401,69.6496,67.7522,time_exit,77.9874,5431.79,5431.79,5283.82,-2.724,-147.97,23
ZBH,2018-01-30,2018-02-05,2018-03-09,3-5%,-3.407,119.5855,117.2225,time_exit,44.4702,5317.99,5317.99,5212.91,-1.976,-105.08,23
TTWO,2018-02-06,2018-02-08,2018-03-12,3-5%,-3.69,113.113,117.2127,tp_gap_filled,45.9088,5192.89,5192.89,5381.1,3.624,188.21,21
GOOG,2018-02-02,2018-02-21,2018-03-12,3-5%,-3.914,56.1561,58.3266,tp_gap_filled,94.4843,5305.87,5305.87,5510.95,3.865,205.08,13
KHC,2018-02-16,2018-02-20,2018-03-23,3-5%,-3.81,70.0099,59.97,time_exit,75.8644,5311.26,5311.26,4549.59,-14.341,-761.68,23
TSLA,2018-04-02,2018-04-03,2018-04-04,3-5%,-3.709,17.1011,17.7243,tp_gap_filled,309.8792,5299.27,5299.27,5492.38,3.644,193.11,1
TGT,2018-02-20,2018-03-06,2018-04-09,3-5%,-3.778,72.9128,71.4085,time_exit,73.1102,5330.67,5330.67,5220.69,-2.063,-109.98,23
LRCX,2018-04-04,2018-04-06,2018-04-09,3-5%,-3.773,19.069,19.7772,tp_gap_filled,278.3183,5307.27,5307.27,5504.36,3.714,197.09,1
STX,2018-04-04,2018-04-06,2018-04-10,3-5%,-3.585,56.2662,58.2417,tp_gap_filled,94.3232,5307.21,5307.21,5493.54,3.511,186.33,2
WDC,2018-04-04,2018-04-06,2018-04-10,3-5%,-3.421,66.6501,68.8729,tp_gap_filled,79.653,5308.88,5308.88,5485.93,3.335,177.05,2
MU,2018-04-04,2018-04-05,2018-04-11,3-5%,-3.744,49.6696,51.4984,tp_gap_filled,107.575,5343.21,5343.21,5539.95,3.682,196.74,4
AMZN,2018-03-28,2018-03-29,2018-04-17,3-5%,-3.343,72.4223,74.7776,tp_gap_filled,73.435,5318.34,5318.34,5491.3,3.252,172.96,12
IR,2018-03-20,2018-03-22,2018-04-18,3-5%,-3.027,31.7517,32.6773,tp_gap_filled,167.7515,5326.4,5326.4,5481.66,2.915,155.27,18
MCO,2018-03-05,2018-03-22,2018-04-25,3-5%,-3.109,161.9117,162.3775,time_exit,32.9071,5328.05,5328.05,5343.37,0.288,15.32,23
LII,2018-03-16,2018-03-23,2018-04-26,3-5%,-3.599,204.0338,196.1337,time_exit,25.998,5304.48,5304.48,5099.09,-3.872,-205.39,23
CAT,2018-04-04,2018-05-03,2018-05-04,3-5%,-3.571,140.0199,144.9149,tp_gap_filled,38.157,5342.74,5342.74,5529.52,3.496,186.78,1
LDOS,2018-05-03,2018-05-04,2018-05-09,3-5%,-3.53,59.9098,61.978,tp_gap_filled,89.5661,5365.89,5365.89,5551.12,3.452,185.23,3
ON,2018-04-04,2018-04-30,2018-05-10,3-5%,-3.315,22.7727,23.5065,tp_gap_filled,235.4092,5360.91,5360.91,5533.64,3.222,172.72,8
WMT,2018-05-09,2018-05-10,2018-05-16,3-5%,-3.709,27.5475,28.5514,tp_gap_filled,195.9086,5396.8,5396.8,5593.47,3.644,196.67,4
COF,2018-04-25,2018-05-08,2018-05-21,3-5%,-3.459,94.1441,97.3226,tp_gap_filled,57.1141,5376.95,5376.95,5558.49,3.376,181.54,9
HUBB,2018-04-25,2018-04-27,2018-05-22,3-5%,-3.676,105.4353,109.2406,tp_gap_filled,50.9527,5372.21,5372.21,5566.1,3.609,193.89,17
INCY,2018-04-19,2018-04-23,2018-05-24,3-5%,-3.354,67.7877,66.6033,time_exit,79.554,5392.78,5392.78,5298.56,-1.747,-94.22,23
TRV,2018-04-24,2018-04-25,2018-05-29,3-5%,-3.709,132.2721,128.0818,time_exit,40.5839,5368.12,5368.12,5198.06,-3.168,-170.06,23
NXPI,2018-06-04,2018-06-05,2018-06-06,3-5%,-3.202,110.4603,113.886,tp_gap_filled,48.8486,5395.84,5395.84,5563.18,3.101,167.34,1
NCLH,2018-06-05,2018-06-06,2018-06-12,3-5%,-3.564,51.1911,52.977,tp_gap_filled,105.6202,5406.82,5406.82,5595.44,3.489,188.62,4
COR,2018-05-03,2018-06-13,2018-06-14,3-5%,-3.179,89.3392,92.0878,tp_gap_filled,60.5584,5410.24,5410.24,5576.69,3.077,166.45,1
PLD,2018-04-30,2018-05-15,2018-06-18,3-5%,-3.71,64.1741,64.1058,time_exit,84.4052,5416.63,5416.63,5410.86,-0.106,-5.76,23
WDAY,2018-06-01,2018-06-04,2018-06-18,3-5%,-3.917,125.9558,130.829,tp_gap_filled,42.7912,5389.8,5389.8,5598.33,3.869,208.53,10
AXON,2018-06-07,2018-06-08,2018-06-20,3-5%,-3.608,65.5154,67.8321,tp_gap_filled,82.7501,5421.41,5421.41,5613.11,3.536,191.7,8
SWK,2018-04-20,2018-05-21,2018-06-22,3-5%,-3.739,148.9388,134.865,time_exit,36.4686,5431.59,5431.59,4918.34,-9.449,-513.25,23
URI,2018-04-19,2018-05-21,2018-06-22,3-5%,-3.333,174.174,154.795,time_exit,31.1758,5430.01,5430.01,4825.86,-11.126,-604.15,23
AZO,2018-02-27,2018-05-22,2018-06-25,3-5%,-3.717,709.2585,677.7816,time_exit,7.646,5423.0,5423.0,5182.33,-4.438,-240.67,23
PG,2018-04-19,2018-06-07,2018-06-26,3-5%,-3.593,75.4654,78.1218,tp_gap_filled,71.6835,5409.62,5409.62,5600.04,3.52,190.42,13
BIIB,2018-06-18,2018-06-19,2018-07-06,3-5%,-3.6,294.344,304.725,tp_gap_filled,18.3657,5405.84,5405.84,5596.5,3.527,190.65,12
AVGO,2018-06-19,2018-06-25,2018-07-12,3-5%,-3.214,25.6256,21.504,stop,210.0212,5381.92,5381.92,4516.29,-16.084,-865.63,12
IR,2018-05-01,2018-06-11,2018-07-13,3-5%,-3.952,30.4104,28.1518,time_exit,178.4492,5426.71,5426.71,5023.67,-7.427,-403.04,23
SWKS,2018-06-08,2018-06-19,2018-07-18,3-5%,-3.337,99.1691,102.3875,tp_gap_filled,54.49,5403.73,5403.73,5579.1,3.245,175.37,20
T,2018-06-13,2018-06-15,2018-07-19,3-5%,-3.93,24.9494,23.5942,time_exit,217.1621,5418.06,5418.06,5123.77,-5.432,-294.3,23
WAT,2018-07-16,2018-07-17,2018-07-19,3-5%,-3.574,191.201,197.8919,tp_gap_filled,27.9833,5350.44,5350.44,5537.67,3.499,187.23,2
GNRC,2018-07-17,2018-07-18,2018-07-26,3-5%,-3.303,50.7007,52.3276,tp_gap_filled,105.7373,5360.95,5360.95,5532.98,3.209,172.03,6
STX,2018-05-02,2018-07-30,2018-07-31,3-5%,-3.689,52.2622,54.1558,tp_gap_filled,101.2408,5291.07,5291.07,5482.77,3.623,191.71,1
TSLA,2018-07-23,2018-07-24,2018-08-02,3-5%,-3.744,20.1428,20.8844,tp_gap_filled,264.3462,5324.67,5324.67,5520.72,3.682,196.05,7
CMG,2018-07-31,2018-08-02,2018-08-03,3-5%,-3.753,8.969,9.3001,tp_gap_filled,592.852,5317.27,5317.27,5513.58,3.692,196.31,1
FFIV,2018-07-19,2018-07-20,2018-08-08,3-5%,-3.41,173.5033,179.2705,tp_gap_filled,30.7933,5342.74,5342.74,5520.33,3.324,177.59,13
DPZ,2018-07-19,2018-07-20,2018-08-08,3-5%,-3.06,275.275,283.3963,tp_gap_filled,19.4034,5341.26,5341.26,5498.84,2.95,157.58,13
PODD,2018-08-03,2018-08-06,2018-08-13,3-5%,-3.873,84.2342,87.4525,tp_gap_filled,63.4577,5345.31,5345.31,5549.54,3.821,204.23,5
FCX,2018-07-11,2018-07-12,2018-08-14,3-5%,-3.258,17.5375,14.7168,stop,305.6011,5359.48,5359.48,4497.47,-16.084,-862.02,23
NXPI,2018-07-19,2018-07-20,2018-08-15,3-5%,-3.136,103.2532,86.6459,stop,51.7273,5341.01,5341.01,4481.96,-16.084,-859.05,18
URI,2018-07-19,2018-07-23,2018-08-20,3-5%,-3.124,150.2201,154.7551,tp_gap_filled,35.5872,5345.92,5345.92,5507.31,3.019,161.39,20
NTAP,2018-08-16,2018-08-17,2018-08-20,3-5%,-3.613,79.5695,82.3875,tp_gap_filled,66.423,5285.25,5285.25,5472.43,3.542,187.18,1
EG,2018-07-20,2018-07-23,2018-08-23,3-5%,-3.756,225.7255,219.8699,time_exit,23.6857,5346.47,5346.47,5207.78,-2.594,-138.69,23
FCX,2018-08-15,2018-08-16,2018-08-27,3-5%,-3.986,14.2242,14.7852,tp_gap_filled,372.1587,5293.66,5293.66,5502.44,3.944,208.78,7
XOM,2018-07-27,2018-07-30,2018-08-30,3-5%,-3.882,81.051,80.4295,time_exit,65.253,5288.82,5288.82,5248.26,-0.767,-40.55,23
LRCX,2018-05-18,2018-07-31,2018-08-31,3-5%,-3.974,19.5445,17.2917,time_exit,272.3129,5322.23,5322.23,4708.75,-11.527,-613.48,23
HSIC,2018-08-30,2018-08-31,2018-09-06,3-5%,-3.822,61.2376,63.5442,tp_gap_filled,86.3702,5289.11,5289.11,5488.33,3.767,199.22,3
AIG,2018-08-03,2018-08-06,2018-09-07,3-5%,-3.716,53.1631,53.6163,time_exit,100.6323,5349.93,5349.93,5395.54,0.853,45.61,23
TSLA,2018-08-17,2018-08-21,2018-09-07,3-5%,-3.562,21.5882,18.116,stop,246.4119,5319.6,5319.6,4463.99,-16.084,-855.6,12
COO,2018-08-31,2018-09-05,2018-09-10,3-5%,-3.485,63.6886,65.8566,tp_gap_filled,83.0205,5287.46,5287.46,5467.44,3.404,179.98,3
NKE,2018-09-04,2018-09-05,2018-09-10,3-5%,-3.418,79.4694,82.1178,tp_gap_filled,66.5422,5288.07,5288.07,5464.3,3.333,176.23,3
AES,2018-08-07,2018-09-04,2018-09-18,3-5%,-3.98,13.2833,13.8062,tp_gap_filled,396.8874,5271.96,5271.96,5479.5,3.937,207.54,10
SO,2018-08-08,2018-08-16,2018-09-19,3-5%,-3.321,47.4975,43.6563,time_exit,111.2736,5285.21,5285.21,4857.79,-8.087,-427.42,23
HAL,2018-09-05,2018-09-12,2018-09-19,3-5%,-3.242,38.2382,39.4405,tp_gap_filled,137.6029,5261.69,5261.69,5427.13,3.144,165.44,5
PM,2018-07-19,2018-08-29,2018-09-20,3-5%,-3.834,79.079,82.0679,tp_gap_filled,67.1611,5311.03,5311.03,5511.76,3.78,200.73,15
GL,2018-09-10,2018-09-14,2018-09-20,3-5%,-3.394,85.4754,88.3016,tp_gap_filled,61.7617,5279.11,5279.11,5453.66,3.306,174.55,4
NWSA,2018-08-20,2018-08-23,2018-09-26,3-5%,-3.741,13.3934,12.8372,time_exit,395.814,5301.29,5301.29,5081.12,-4.153,-220.16,23
TEL,2018-07-25,2018-08-23,2018-09-26,3-5%,-3.383,90.9108,88.901,time_exit,58.3167,5301.62,5301.62,5184.41,-2.211,-117.21,23
MU,2018-09-21,2018-09-24,2018-10-01,3-5%,-3.604,44.4444,46.0139,tp_gap_filled,119.6715,5318.73,5318.73,5506.56,3.531,187.83,5
AMD,2018-09-07,2018-10-03,2018-10-04,3-5%,-3.161,26.987,27.8122,tp_gap_filled,196.7438,5309.52,5309.52,5471.87,3.058,162.35,1
ANET,2018-09-04,2018-09-05,2018-10-08,3-5%,-3.371,18.0743,15.1672,stop,292.6566,5289.57,5289.57,4438.79,-16.084,-850.77,23
CVNA,2018-08-07,2018-10-11,2018-10-12,3-5%,-3.518,9.0591,9.3706,tp_gap_filled,573.7729,5197.84,5197.84,5376.61,3.439,178.77,1
ADI,2018-08-22,2018-09-12,2018-10-15,3-5%,-3.513,92.6426,83.8161,time_exit,56.8454,5266.3,5266.3,4764.56,-9.527,-501.74,23
CHD,2018-10-10,2018-10-15,2018-10-18,3-5%,-3.837,57.1971,59.3606,tp_gap_filled,91.1797,5215.22,5215.22,5412.48,3.782,197.26,3
RCL,2018-09-27,2018-10-04,2018-10-25,3-5%,-3.357,125.085,104.9663,stop,42.3686,5299.67,5299.67,4447.28,-16.084,-852.4,15
NVR,2018-10-18,2018-10-19,2018-10-26,3-5%,-3.349,2177.175,2248.1197,tp_gap_filled,2.3956,5215.75,5215.75,5385.71,3.259,169.96,5
KLAC,2018-09-12,2018-09-26,2018-10-29,3-5%,-3.541,10.1982,8.5579,stop,519.496,5297.92,5297.92,4445.8,-16.084,-852.12,23
LRCX,2018-09-12,2018-09-26,2018-10-29,3-5%,-3.314,15.04,13.5644,time_exit,352.0125,5294.28,5294.28,4774.85,-9.811,-519.43,23
URI,2018-10-23,2018-10-24,2018-10-30,3-5%,-3.934,110.5004,114.7951,tp_gap_filled,46.245,5110.09,5110.09,5308.7,3.887,198.61,4
NTAP,2018-10-26,2018-10-29,2018-10-30,3-5%,-3.764,73.4434,76.1638,tp_gap_filled,68.7904,5052.2,5052.2,5239.33,3.704,187.14,1
TTWO,2018-10-26,2018-10-29,2018-10-30,3-5%,-3.745,116.2962,120.5793,tp_gap_filled,43.3971,5046.92,5046.92,5232.8,3.683,185.88,1
ORCL,2018-09-18,2018-10-10,2018-10-31,3-5%,-3.396,47.5575,49.1308,tp_gap_filled,109.7497,5219.42,5219.42,5392.09,3.308,172.67,15
MLM,2018-10-17,2018-10-18,2018-10-31,3-5%,-3.686,165.5554,171.5483,tp_gap_filled,31.5923,5230.27,5230.27,5419.6,3.62,189.33,9
BAC,2018-10-23,2018-10-24,2018-10-31,3-5%,-3.616,26.4164,27.3526,tp_gap_filled,191.9507,5070.65,5070.65,5250.36,3.544,179.71,5
BX,2018-10-26,2018-10-29,2018-10-31,3-5%,-3.818,31.5215,32.7073,tp_gap_filled,160.5558,5060.96,5060.96,5251.34,3.762,190.38,2
MAS,2018-10-26,2018-10-30,2018-10-31,3-5%,-3.846,29.029,30.1298,tp_gap_filled,177.8992,5164.24,5164.24,5360.07,3.792,195.84,1
XYZ,2018-10-23,2018-10-24,2018-11-01,3-5%,-3.87,72.8628,75.6443,tp_gap_filled,70.0217,5101.98,5101.98,5296.74,3.817,194.76,6
CMI,2018-10-23,2018-10-24,2018-11-01,3-5%,-3.659,134.9448,139.7901,tp_gap_filled,37.6717,5083.59,5083.59,5266.12,3.591,182.53,6
NFLX,2018-10-26,2018-10-29,2018-11-01,3-5%,-3.951,30.0811,31.2557,tp_gap_filled,168.6919,5074.43,5074.43,5272.58,3.905,198.16,3
C,2018-10-23,2018-10-24,2018-11-02,3-5%,-3.664,64.2142,66.5234,tp_gap_filled,79.1918,5085.23,5085.23,5268.11,3.596,182.87,7
CTSH,2018-10-30,2018-10-31,2018-11-02,3-5%,-3.713,66.7167,69.1508,tp_gap_filled,78.6488,5247.18,5247.18,5438.62,3.648,191.44,2
WYNN,2018-10-23,2018-11-01,2018-11-02,3-5%,-3.542,104.9548,108.5913,tp_gap_filled,50.454,5295.39,5295.39,5478.87,3.465,183.47,1
DVA,2018-10-17,2018-10-18,2018-11-07,3-5%,-3.777,67.8378,70.3596,tp_gap_filled,77.0366,5225.99,5225.99,5420.26,3.717,194.27,14
TECH,2018-10-30,2018-11-02,2018-11-07,3-5%,-3.184,42.9955,44.3206,tp_gap_filled,123.2247,5298.1,5298.1,5461.4,3.082,163.3,3
CRH,2018-10-18,2018-11-06,2018-11-07,3-5%,-3.224,29.4494,30.3696,tp_gap_filled,180.7366,5322.59,5322.59,5488.9,3.125,166.31,1
BNY,2018-10-18,2018-10-19,2018-11-08,3-5%,-3.235,47.6076,49.1009,tp_gap_filled,109.5391,5214.89,5214.89,5378.46,3.137,163.57,14
BRO,2018-07-24,2018-10-11,2018-11-13,3-5%,-3.851,28.4885,28.8611,time_exit,182.5754,5201.29,5201.29,5269.33,1.308,68.04,23
ECHO,2018-11-08,2018-11-13,2018-11-16,3-5%,-3.826,32.8286,34.0664,tp_gap_filled,161.0387,5286.67,5286.67,5486.01,3.771,199.33,3
BLK,2018-10-16,2018-10-17,2018-11-19,3-5%,-3.968,410.41,407.3722,time_exit,12.7983,5252.55,5252.55,5213.68,-0.74,-38.88,23
LOW,2018-10-17,2018-10-18,2018-11-20,3-5%,-3.406,102.4724,85.9907,stop,50.9976,5225.84,5225.84,4385.32,-16.084,-840.52,23
LEN,2018-11-08,2018-11-12,2018-11-21,3-5%,-3.491,40.1854,41.5557,tp_gap_filled,131.4607,5282.8,5282.8,5462.94,3.41,180.15,7
AMZN,2018-10-30,2018-11-20,2018-11-21,3-5%,-3.426,74.3823,76.8671,tp_gap_filled,69.9431,5202.53,5202.53,5376.32,3.341,173.79,1
GE,2018-11-09,2018-11-13,2018-11-26,3-5%,-3.407,42.1677,35.3854,stop,125.2078,5279.72,5279.72,4430.53,-16.084,-849.19,8
QCOM,2018-10-23,2018-10-24,2018-11-27,3-5%,-3.721,63.7237,55.5144,time_exit,79.8705,5089.64,5089.64,4433.97,-12.883,-655.68,23
JBL,2018-11-12,2018-11-13,2018-11-28,3-5%,-3.677,24.3844,25.2647,tp_gap_filled,216.6667,5283.28,5283.28,5474.02,3.61,190.74,10
APA,2018-11-23,2018-11-27,2018-11-29,3-5%,-3.553,34.7847,35.994,tp_gap_filled,150.362,5230.3,5230.3,5412.12,3.476,181.82,2
CL,2018-10-26,2018-11-09,2018-12-03,3-5%,-3.651,61.5515,63.7562,tp_gap_filled,86.4602,5321.75,5321.75,5512.37,3.582,190.62,15
MU,2018-11-16,2018-11-19,2018-12-03,3-5%,-3.658,38.4885,39.8701,tp_gap_filled,136.463,5252.25,5252.25,5440.79,3.59,188.54,9
FANG,2018-11-23,2018-11-30,2018-12-03,3-5%,-3.616,105.3853,109.1208,tp_gap_filled,49.9973,5268.98,5268.98,5455.75,3.545,186.76,1
CVNA,2018-11-20,2018-12-03,2018-12-07,3-5%,-3.705,8.1702,6.8561,stop,648.1851,5295.78,5295.78,4444.0,-16.084,-851.77,3
ALB,2018-11-08,2018-11-09,2018-12-10,3-5%,-3.417,104.4043,87.6119,stop,51.0656,5331.47,5331.47,4473.96,-16.084,-857.51,19
SWKS,2018-11-12,2018-11-13,2018-12-18,3-5%,-3.561,74.0039,68.6912,time_exit,71.4366,5286.59,5286.59,4907.07,-7.179,-379.52,23
GE,2018-11-30,2018-12-03,2018-12-19,3-5%,-3.526,36.7468,38.0139,tp_gap_filled,144.4698,5308.8,5308.8,5491.86,3.448,183.06,11
VRTX,2018-10-25,2018-12-19,2018-12-20,3-5%,-3.734,157.157,162.9269,tp_gap_filled,32.6522,5131.52,5131.52,5319.92,3.671,188.4,1
DAL,2018-12-04,2018-12-06,2018-12-24,3-5%,-3.56,58.038,48.7032,stop,90.1389,5231.48,5231.48,4390.05,-16.084,-841.43,12
NVDA,2018-12-06,2018-12-07,2018-12-24,3-5%,-3.609,3.7898,3.1802,stop,1360.7175,5156.83,5156.83,4327.4,-16.084,-829.42,11
PYPL,2018-11-20,2018-12-24,2018-12-26,3-5%,-3.906,77.077,80.0499,tp_gap_filled,64.3706,4961.49,4961.49,5152.85,3.857,191.37,1
UPS,2018-12-19,2018-12-20,2018-12-27,3-5%,-3.67,93.8037,97.1827,tp_gap_filled,54.2771,5091.4,5091.4,5274.8,3.602,183.4,4
MA,2018-11-20,2018-12-20,2018-12-28,3-5%,-3.857,182.162,189.0907,tp_gap_filled,27.9456,5090.63,5090.63,5284.26,3.804,193.63,5
BMY,2018-11-27,2018-12-19,2019-01-02,3-5%,-3.869,50.7407,52.6773,tp_gap_filled,101.1671,5133.29,5133.29,5329.21,3.817,195.92,8
WYNN,2018-11-20,2018-12-19,2019-01-02,3-5%,-3.675,100.4904,104.1158,tp_gap_filled,51.0892,5133.97,5133.97,5319.19,3.608,185.22,8
TTD,2019-01-02,2019-01-03,2019-01-04,3-5%,-3.619,11.1972,11.5944,tp_gap_filled,456.584,5112.46,5112.46,5293.81,3.547,181.36,1
CVNA,2018-12-27,2018-12-28,2019-01-07,3-5%,-3.764,6.5005,6.7413,tp_gap_filled,786.6621,5113.69,5113.69,5303.09,3.704,189.4,5
AKAM,2019-01-02,2019-01-04,2019-01-07,3-5%,-3.618,58.9289,61.0189,tp_gap_filled,87.7551,5171.31,5171.31,5354.72,3.547,183.41,1
T,2018-10-24,2018-12-03,2019-01-08,3-5%,-3.907,23.9892,23.6018,time_exit,220.7745,5296.21,5296.21,5210.66,-1.615,-85.54,23
MTD,2019-01-03,2019-01-04,2019-01-08,3-5%,-3.677,526.486,545.4939,tp_gap_filled,9.8217,5170.99,5170.99,5357.68,3.61,186.69,2
BA,2018-12-06,2018-12-07,2019-01-09,3-5%,-3.653,330.32,342.1575,tp_gap_filled,15.6284,5162.38,5162.38,5347.38,3.584,185.0,21
COP,2018-11-23,2018-12-17,2019-01-09,3-5%,-3.971,62.9429,65.4145,tp_gap_filled,81.4073,5124.01,5124.01,5325.22,3.927,201.21,15
LULU,2019-01-10,2019-01-11,2019-01-14,3-5%,-3.654,131.161,135.864,tp_gap_filled,40.0701,5255.63,5255.63,5444.08,3.586,188.45,1
AVGO,2019-01-03,2019-01-09,2019-01-15,3-5%,-3.53,24.4805,25.3256,tp_gap_filled,214.2142,5244.06,5244.06,5425.11,3.453,181.05,4
DAL,2019-01-10,2019-01-14,2019-01-15,3-5%,-3.693,46.7267,48.4215,tp_gap_filled,112.5413,5258.68,5258.68,5449.42,3.627,190.74,1
UAL,2019-01-10,2019-01-11,2019-01-16,3-5%,-3.617,80.8107,83.6762,tp_gap_filled,65.0611,5257.63,5257.63,5444.07,3.546,186.43,3
ETN,2018-10-30,2018-12-18,2019-01-17,3-5%,-3.66,68.4984,70.959,tp_gap_filled,75.0898,5143.53,5143.53,5328.29,3.592,184.76,20
TPR,2019-01-10,2019-01-14,2019-01-18,3-5%,-3.541,35.7257,36.963,tp_gap_filled,147.3573,5264.44,5264.44,5446.77,3.463,182.33,4
MU,2019-01-14,2019-01-15,2019-01-18,3-5%,-3.582,34.7547,35.974,tp_gap_filled,151.9033,5279.36,5279.36,5464.57,3.508,185.21,3
SBUX,2018-12-14,2018-12-17,2019-01-22,3-5%,-3.692,64.5044,65.3246,time_exit,79.4477,5124.73,5124.73,5189.89,1.271,65.16,23
JNJ,2018-12-17,2018-12-19,2019-01-24,3-5%,-3.519,128.4483,126.903,time_exit,39.9274,5128.6,5128.6,5066.9,-1.203,-61.7,23
MRVL,2019-01-28,2019-01-29,2019-01-31,3-5%,-3.393,17.9579,18.5514,tp_gap_filled,294.9372,5296.46,5296.46,5471.51,3.305,175.04,2
TSCO,2019-01-31,2019-02-01,2019-02-05,3-5%,-3.548,17.3053,17.9061,tp_gap_filled,307.7551,5325.79,5325.79,5510.69,3.472,184.9,2
KMB,2019-01-23,2019-01-24,2019-02-08,3-5%,-3.61,111.1811,115.1148,tp_gap_filled,47.7473,5308.59,5308.59,5496.42,3.538,187.82,11
EIX,2019-01-15,2019-01-24,2019-02-08,3-5%,-3.422,56.2162,58.0919,tp_gap_filled,94.4428,5309.21,5309.21,5486.36,3.337,177.15,11
PYPL,2019-01-31,2019-02-01,2019-02-11,3-5%,-3.679,89.109,92.3276,tp_gap_filled,59.7369,5323.1,5323.1,5515.37,3.612,192.27,6
ISRG,2019-01-25,2019-01-31,2019-02-12,3-5%,-3.753,172.172,178.528,tp_gap_filled,30.9073,5321.38,5321.38,5517.83,3.692,196.45,8
ALLE,2019-02-19,2019-02-20,2019-03-01,3-5%,-3.757,88.2081,91.4684,tp_gap_filled,60.8212,5364.92,5364.92,5563.22,3.696,198.3,7
GD,2019-01-30,2019-01-31,2019-03-06,3-5%,-3.5,170.0098,166.3035,time_exit,31.322,5325.05,5325.05,5208.96,-2.18,-116.09,23
COST,2018-12-14,2019-02-19,2019-03-08,3-5%,-3.757,218.218,226.2835,tp_gap_filled,24.6007,5368.32,5368.32,5566.74,3.696,198.42,13
BR,2019-02-07,2019-02-11,2019-03-13,3-5%,-3.564,99.9498,103.4365,tp_gap_filled,53.6525,5362.56,5362.56,5549.63,3.488,187.07,21
HPE,2019-03-12,2019-03-13,2019-03-15,3-5%,-3.398,15.3654,15.8741,tp_gap_filled,349.112,5364.23,5364.23,5541.84,3.311,177.61,2
ROL,2018-12-06,2019-02-15,2019-03-21,3-5%,-3.695,26.7823,27.3659,time_exit,200.6376,5373.54,5373.54,5490.64,2.179,117.1,23
ADBE,2019-03-15,2019-03-18,2019-03-26,3-5%,-3.609,258.288,267.4223,tp_gap_filled,20.7958,5371.31,5371.31,5561.27,3.536,189.95,6
ADM,2019-02-05,2019-02-22,2019-03-27,3-5%,-3.506,42.9729,42.4475,time_exit,124.9116,5367.82,5367.82,5302.19,-1.223,-65.63,23
MCK,2019-02-01,2019-03-04,2019-04-04,3-5%,-3.657,123.6836,114.895,time_exit,43.3751,5364.78,5364.78,4983.58,-7.106,-381.2,23
WBD,2019-02-26,2019-03-11,2019-04-05,3-5%,-3.766,28.1381,29.1808,tp_gap_filled,190.158,5350.69,5350.69,5548.96,3.706,198.27,19
CAT,2019-02-26,2019-03-06,2019-04-08,3-5%,-3.451,136.6665,139.6802,time_exit,39.0702,5339.59,5339.59,5457.34,2.205,117.74,23
BA,2019-03-12,2019-03-15,2019-04-17,3-5%,-3.825,385.0947,377.1425,time_exit,13.9592,5375.62,5375.62,5264.61,-2.065,-111.01,23
MU,2019-04-04,2019-04-08,2019-04-17,3-5%,-3.508,42.4024,43.8561,tp_gap_filled,127.2853,5397.2,5397.2,5582.24,3.428,185.04,7
AIZ,2019-03-14,2019-03-19,2019-04-22,3-5%,-3.979,97.3472,91.898,time_exit,55.2604,5379.45,5379.45,5078.32,-5.598,-301.13,23
HWM,2019-04-17,2019-04-18,2019-04-23,3-5%,-3.288,15.3528,15.843,tp_gap_filled,350.2445,5377.22,5377.22,5548.94,3.193,171.72,2
KDP,2019-04-11,2019-04-23,2019-04-26,3-5%,-3.421,27.1271,28.0319,tp_gap_filled,198.7112,5390.46,5390.46,5570.26,3.336,179.8,3
ABBV,2019-01-25,2019-04-02,2019-05-06,3-5%,-3.924,82.5925,79.1807,time_exit,65.2335,5387.8,5387.8,5165.24,-4.131,-222.56,23
WDC,2019-05-13,2019-05-14,2019-05-15,3-5%,-3.99,33.3137,34.629,tp_gap_filled,156.3193,5207.58,5207.58,5413.18,3.948,205.6,1
AOS,2019-04-30,2019-05-03,2019-05-16,3-5%,-3.996,53.6336,45.0072,stop,100.4203,5385.9,5385.9,4519.63,-16.084,-866.27,9
LITE,2019-05-06,2019-05-07,2019-05-16,3-5%,-3.828,61.3613,51.4919,stop,86.9866,5337.61,5337.61,4479.11,-16.084,-858.5,7
ON,2019-05-06,2019-05-07,2019-05-17,3-5%,-3.997,22.6026,18.9672,stop,236.403,5343.32,5343.32,4483.9,-16.084,-859.42,8
T,2019-04-24,2019-04-29,2019-05-20,3-5%,-3.209,23.4902,24.2205,tp_gap_filled,228.8067,5374.72,5374.72,5541.8,3.109,167.08,15
NVDA,2019-04-26,2019-04-30,2019-05-20,3-5%,-3.317,4.5223,3.7949,stop,1188.6457,5375.37,5375.37,4510.8,-16.084,-864.58,14
CVX,2019-04-12,2019-04-17,2019-05-21,3-5%,-3.5,121.7016,121.2187,time_exit,44.247,5384.93,5384.93,5363.56,-0.397,-21.37,23
STX,2019-04-26,2019-05-13,2019-05-21,3-5%,-3.907,44.3143,46.0239,tp_gap_filled,116.4018,5158.26,5158.26,5357.27,3.858,199.01,6
HRL,2019-04-23,2019-05-02,2019-05-24,3-5%,-3.834,38.9189,40.3896,tp_gap_filled,138.0839,5374.07,5374.07,5577.15,3.779,203.08,16
COHR,2019-05-20,2019-05-23,2019-05-24,3-5%,-3.551,31.5415,32.6373,tp_gap_filled,161.4721,5093.07,5093.07,5270.02,3.474,176.94,1
CHRW,2019-04-16,2019-04-26,2019-05-30,3-5%,-3.477,87.8077,78.7112,time_exit,61.4064,5391.96,5391.96,4833.37,-10.36,-558.58,23
GPN,2019-05-28,2019-05-29,2019-05-30,3-5%,-3.656,147.9778,153.2866,tp_gap_filled,34.1328,5050.9,5050.9,5232.1,3.588,181.2,1
JBL,2019-05-06,2019-05-07,2019-05-31,3-5%,-3.544,29.9699,25.1496,stop,177.8097,5328.95,5328.95,4471.84,-16.084,-857.11,17
GIS,2019-05-29,2019-05-31,2019-06-04,3-5%,-3.993,49.099,51.0389,tp_gap_filled,102.13,5014.49,5014.49,5212.6,3.951,198.12,2
WTW,2019-05-01,2019-05-02,2019-06-05,3-5%,-3.955,177.2271,182.6672,time_exit,30.3122,5372.14,5372.14,5537.04,3.07,164.9,23
AMAT,2019-05-13,2019-05-23,2019-06-05,3-5%,-3.775,39.2993,40.7592,tp_gap_filled,129.4917,5088.93,5088.93,5277.98,3.715,189.05,8
GDDY,2019-05-03,2019-05-06,2019-06-07,3-5%,-3.152,78.7487,73.1268,time_exit,68.1879,5369.7,5369.7,4986.36,-7.139,-383.34,23
CLX,2019-05-01,2019-06-04,2019-06-07,3-5%,-3.844,153.7436,159.5703,tp_gap_filled,33.2953,5118.94,5118.94,5312.95,3.79,194.0,3
CMG,2019-05-23,2019-06-06,2019-06-07,3-5%,-3.405,13.6536,14.1067,tp_gap_filled,378.0507,5161.77,5161.77,5333.04,3.318,171.27,1
ANET,2019-05-06,2019-05-07,2019-06-10,3-5%,-3.739,16.7667,15.6137,time_exit,318.0595,5332.82,5332.82,4966.1,-6.877,-366.72,23
LRCX,2019-05-06,2019-05-07,2019-06-10,3-5%,-3.586,20.053,19.0979,time_exit,265.8072,5330.24,5330.24,5076.36,-4.763,-253.89,23
PH,2019-05-02,2019-05-07,2019-06-10,3-5%,-3.584,173.7135,166.6332,time_exit,30.6796,5329.46,5329.46,5112.24,-4.076,-217.22,23
TSLA,2019-05-20,2019-05-21,2019-06-10,3-5%,-3.9,13.5335,14.0546,tp_gap_filled,380.8878,5154.75,5154.75,5353.23,3.85,198.47,13
LITE,2019-05-20,2019-05-23,2019-06-10,3-5%,-3.951,44.5345,46.2737,tp_gap_filled,114.3187,5091.12,5091.12,5289.95,3.905,198.82,11
TER,2019-05-13,2019-05-14,2019-06-17,3-5%,-3.813,46.4564,44.0459,time_exit,112.1667,5210.86,5210.86,4940.48,-5.189,-270.38,23
GOOGL,2019-06-03,2019-06-07,2019-06-18,3-5%,-3.576,53.3998,55.2697,tp_gap_filled,96.9762,5178.51,5178.51,5359.84,3.502,181.33,7
GOOG,2019-06-03,2019-06-07,2019-06-18,3-5%,-3.455,53.3283,55.1263,tp_gap_filled,97.108,5178.6,5178.6,5353.21,3.372,174.6,7
TXN,2019-06-14,2019-06-17,2019-06-18,3-5%,-3.904,106.9468,111.0688,tp_gap_filled,48.4244,5178.83,5178.83,5378.44,3.854,199.6,1
DE,2019-05-06,2019-06-19,2019-06-24,3-5%,-3.391,161.4112,166.7431,tp_gap_filled,32.2758,5209.68,5209.68,5381.77,3.303,172.09,3
MU,2019-05-20,2019-05-22,2019-06-25,3-5%,-3.633,34.7847,32.6473,time_exit,147.4153,5127.8,5127.8,4812.71,-6.145,-315.09,23
PCG,2019-06-21,2019-06-24,2019-06-27,3-5%,-3.479,22.7727,23.5464,tp_gap_filled,228.7543,5209.37,5209.37,5386.35,3.397,176.98,3
MPWR,2019-05-13,2019-06-10,2019-06-28,3-5%,-3.489,131.5314,136.0138,tp_gap_filled,39.7479,5228.09,5228.09,5406.26,3.408,178.17,14
FFIV,2019-06-14,2019-06-18,2019-06-28,3-5%,-3.225,140.5904,144.9849,tp_gap_filled,37.0842,5213.69,5213.69,5376.65,3.126,162.96,8
LRCX,2019-06-12,2019-06-18,2019-07-01,3-5%,-3.449,18.3553,18.973,tp_gap_filled,284.2832,5218.11,5218.11,5393.71,3.365,175.59,9
NCLH,2019-06-20,2019-06-21,2019-07-01,3-5%,-3.543,52.052,53.8561,tp_gap_filled,100.281,5219.82,5219.82,5400.74,3.466,180.92,6
CRWD,2019-06-21,2019-07-10,2019-07-11,3-5%,-3.193,18.1331,18.6938,tp_gap_filled,289.6497,5252.25,5252.25,5414.65,3.092,162.4,1
CRH,2019-05-07,2019-06-11,2019-07-15,3-5%,-3.34,33.023,33.3766,time_exit,158.3243,5228.34,5228.34,5284.32,1.071,55.98,23
QCOM,2019-07-05,2019-07-10,2019-07-17,3-5%,-3.171,74.2742,76.5534,tp_gap_filled,70.8025,5258.8,5258.8,5420.17,3.069,161.37,5
SWKS,2019-05-13,2019-07-03,2019-07-22,3-5%,-3.101,80.08,82.4774,tp_gap_filled,65.7791,5267.59,5267.59,5425.29,2.994,157.7,12
PCG,2019-07-18,2019-07-19,2019-07-23,3-5%,-3.523,17.8178,18.4316,tp_gap_filled,296.2657,5278.8,5278.8,5460.64,3.445,181.83,2
AVGO,2019-05-13,2019-07-15,2019-07-24,3-5%,-3.336,29.4114,30.3656,tp_gap_filled,179.6055,5282.45,5282.45,5453.83,3.244,171.38,7
SMCI,2019-07-25,2019-07-26,2019-07-30,3-5%,-3.427,1.8619,1.9241,tp_gap_filled,2855.709,5316.93,5316.93,5494.6,3.341,177.67,2
EMR,2019-05-07,2019-07-01,2019-08-02,3-5%,-3.778,67.5675,61.5983,time_exit,77.986,5269.32,5269.32,4803.81,-8.834,-465.51,23
VTRS,2019-05-13,2019-07-29,2019-08-06,3-5%,-3.969,21.3113,17.8836,stop,249.6678,5320.74,5320.74,4464.95,-16.084,-855.79,6
GNRC,2019-08-01,2019-08-05,2019-08-06,3-5%,-3.596,69.7697,72.2277,tp_gap_filled,73.6882,5141.2,5141.2,5322.33,3.523,181.13,1
CHRW,2019-07-31,2019-08-01,2019-08-08,3-5%,-3.551,81.8418,84.6852,tp_gap_filled,63.9032,5229.95,5229.95,5411.66,3.474,181.71,5
LDOS,2019-07-30,2019-08-02,2019-08-08,3-5%,-3.193,80.7407,83.2367,tp_gap_filled,64.4196,5201.28,5201.28,5362.08,3.091,160.79,4
MSCI,2019-08-05,2019-08-06,2019-08-08,3-5%,-3.829,211.9617,219.9598,tp_gap_filled,24.3418,5159.54,5159.54,5354.22,3.773,194.69,2
RL,2019-07-17,2019-07-19,2019-08-09,3-5%,-3.22,111.6015,93.6515,stop,47.2968,5278.39,5278.39,4429.41,-16.084,-848.98,15
MU,2019-08-05,2019-08-06,2019-08-13,3-5%,-3.811,42.4424,44.0359,tp_gap_filled,121.6338,5162.43,5162.43,5356.26,3.755,193.83,5
SMCI,2019-08-09,2019-08-12,2019-08-16,3-5%,-3.558,1.7367,1.7972,tp_gap_filled,2968.1335,5154.86,5154.86,5334.33,3.482,179.47,4
LITE,2019-08-09,2019-08-12,2019-08-19,3-5%,-3.694,58.4584,60.5794,tp_gap_filled,88.247,5158.78,5158.78,5345.95,3.628,187.17,5
ON,2019-08-14,2019-08-15,2019-08-19,3-5%,-3.766,17.1371,17.7722,tp_gap_filled,297.905,5105.23,5105.23,5294.43,3.706,189.2,2
APA,2019-08-14,2019-08-19,2019-08-20,3-5%,-3.513,21.1711,21.8981,tp_gap_filled,246.9773,5228.79,5228.79,5408.33,3.434,179.54,1
CDW,2019-08-05,2019-08-08,2019-08-21,3-5%,-3.997,111.8017,116.2237,tp_gap_filled,46.7027,5221.44,5221.44,5427.96,3.955,206.52,9
VEEV,2019-08-05,2019-08-14,2019-08-22,3-5%,-3.722,156.9067,162.6472,tp_gap_filled,32.6152,5117.54,5117.54,5304.77,3.659,187.23,6
MCHP,2019-05-06,2019-07-24,2019-08-26,3-5%,-3.99,48.4134,42.3226,time_exit,109.623,5307.22,5307.22,4639.54,-12.581,-667.68,23
ELV,2019-07-24,2019-07-25,2019-08-27,3-5%,-3.011,293.7735,251.0487,time_exit,18.0769,5310.52,5310.52,4538.18,-14.543,-772.33,23
APH,2019-07-24,2019-07-26,2019-08-28,3-5%,-3.985,11.8168,10.6381,time_exit,449.7692,5314.83,5314.83,4784.69,-9.975,-530.14,23
CRL,2019-07-31,2019-08-01,2019-09-04,3-5%,-3.579,136.1961,131.5783,time_exit,38.4324,5234.34,5234.34,5056.87,-3.391,-177.47,23
RL,2019-08-14,2019-08-29,2019-09-05,3-5%,-3.779,89.9699,93.3166,tp_gap_filled,57.3675,5161.35,5161.35,5353.34,3.72,191.99,4
ECHO,2019-08-08,2019-08-29,2019-09-05,3-5%,-3.455,33.7777,34.9164,tp_gap_filled,152.6355,5155.67,5155.67,5329.49,3.371,173.82,4
SWKS,2019-08-08,2019-08-09,2019-09-06,3-5%,-3.955,76.8167,79.8201,tp_gap_filled,67.5641,5190.06,5190.06,5392.98,3.91,202.92,19
IBKR,2019-07-18,2019-08-09,2019-09-06,3-5%,-3.605,11.8443,12.2627,tp_gap_filled,438.3897,5192.43,5192.43,5375.85,3.532,183.42,19
FTV,2019-08-05,2019-08-06,2019-09-09,3-5%,-3.789,44.7234,42.8449,time_exit,115.4543,5163.51,5163.51,4946.63,-4.2,-216.88,23
FCX,2019-08-14,2019-09-05,2019-09-10,3-5%,-3.539,9.5495,9.8801,tp_gap_filled,544.691,5201.55,5201.55,5381.61,3.462,180.06,3
WSM,2019-08-29,2019-09-09,2019-09-10,3-5%,-3.329,33.2782,34.3556,tp_gap_filled,157.0484,5226.29,5226.29,5395.49,3.237,169.2,1
ZBRA,2019-08-05,2019-09-10,2019-09-11,3-5%,-3.428,192.3021,198.7311,tp_gap_filled,27.3041,5250.64,5250.64,5426.17,3.343,175.54,1
FANG,2019-08-01,2019-08-13,2019-09-16,3-5%,-3.606,99.7997,103.3266,tp_gap_filled,52.1665,5206.2,5206.2,5390.19,3.534,183.98,23
CRWD,2019-09-11,2019-09-12,2019-09-18,3-5%,-3.405,17.3198,17.8946,tp_gap_filled,302.8022,5244.47,5244.47,5418.52,3.319,174.05,4
BKR,2019-09-11,2019-09-16,2019-09-23,3-5%,-3.567,23.2732,24.0859,tp_gap_filled,225.4581,5247.14,5247.14,5430.36,3.492,183.22,5
BBY,2019-08-14,2019-08-21,2019-09-24,3-5%,-3.914,68.5685,67.6423,time_exit,76.369,5236.51,5236.51,5165.77,-1.351,-70.73,23
PM,2019-08-27,2019-08-28,2019-09-25,3-5%,-3.384,75.1751,77.6523,tp_gap_filled,68.7741,5170.1,5170.1,5340.47,3.295,170.37,19
ADBE,2019-09-18,2019-09-20,2019-09-26,3-5%,-3.281,275.6254,284.4053,tp_gap_filled,19.0336,5246.15,5246.15,5413.27,3.185,167.11,4
IBKR,2019-09-23,2019-09-24,2019-09-26,3-5%,-3.394,12.6076,13.0245,tp_gap_filled,416.4348,5250.24,5250.24,5423.84,3.306,173.6,2
HAL,2019-09-03,2019-10-02,2019-10-04,3-5%,-3.397,18.2182,18.8212,tp_gap_filled,285.937,5209.26,5209.26,5381.67,3.31,172.41,2
ORCL,2019-09-12,2019-09-13,2019-10-11,3-5%,-3.464,54.3943,56.2337,tp_gap_filled,95.9211,5217.57,5217.57,5394.0,3.382,176.43,20
ITW,2019-09-23,2019-10-02,2019-10-11,3-5%,-3.799,149.3192,154.9049,tp_gap_filled,34.9013,5211.44,5211.44,5406.39,3.741,194.95,7
AVGO,2019-09-25,2019-10-02,2019-10-11,3-5%,-3.741,27.2022,28.2028,tp_gap_filled,191.5702,5211.13,5211.13,5402.81,3.678,191.68,7
WYNN,2019-09-03,2019-10-07,2019-10-11,3-5%,-3.259,106.6666,110.0399,tp_gap_filled,49.105,5237.86,5237.86,5403.5,3.162,165.65,4
SLB,2019-09-03,2019-10-08,2019-10-11,3-5%,-3.854,31.2112,32.3976,tp_gap_filled,166.2482,5188.8,5188.8,5386.04,3.801,197.24,3
URI,2019-10-08,2019-10-09,2019-10-11,3-5%,-3.925,111.2311,115.5443,tp_gap_filled,46.8636,5212.69,5212.69,5414.82,3.878,202.13,2
TPR,2019-08-14,2019-09-11,2019-10-14,3-5%,-3.107,25.9059,25.2248,time_exit,202.8473,5254.94,5254.94,5116.77,-2.629,-138.17,23
DVN,2019-09-12,2019-09-26,2019-10-14,3-5%,-3.364,24.1541,20.2692,stop,219.5286,5302.52,5302.52,4449.66,-16.084,-852.86,12
RCL,2019-09-26,2019-09-27,2019-10-15,3-5%,-3.082,106.3863,109.5503,tp_gap_filled,49.859,5304.32,5304.32,5462.07,2.974,157.76,12
TPR,2019-10-14,2019-10-15,2019-10-17,3-5%,-3.272,25.1551,25.954,tp_gap_filled,211.0322,5308.54,5308.54,5477.13,3.176,168.59,2
KHC,2019-09-17,2019-09-18,2019-10-21,3-5%,-3.815,28.5185,27.7822,time_exit,183.8914,5244.3,5244.3,5108.91,-2.582,-135.4,23
UAL,2019-09-16,2019-09-23,2019-10-21,3-5%,-3.339,88.3883,91.2586,tp_gap_filled,59.5311,5261.85,5261.85,5432.73,3.247,170.87,20
DDOG,2019-10-16,2019-10-17,2019-10-22,3-5%,-3.563,33.5936,28.1904,stop,158.2591,5316.49,5316.49,4461.38,-16.084,-855.1,3
MPWR,2019-08-05,2019-10-14,2019-10-23,3-5%,-3.499,141.6215,146.4634,tp_gap_filled,37.3524,5289.9,5289.9,5470.76,3.419,180.86,7
DAL,2019-09-16,2019-09-23,2019-10-24,3-5%,-3.299,58.088,53.7362,time_exit,90.575,5261.32,5261.32,4867.16,-7.492,-394.17,23
MA,2019-08-05,2019-10-23,2019-10-25,3-5%,-3.507,260.26,269.1806,tp_gap_filled,20.2756,5276.92,5276.92,5457.79,3.428,180.87,2
CRM,2019-10-16,2019-10-17,2019-10-28,3-5%,-3.588,147.4073,152.5873,tp_gap_filled,36.0818,5318.72,5318.72,5505.62,3.514,186.9,7
ADI,2019-10-23,2019-10-28,2019-10-30,3-5%,-3.048,107.6075,110.7691,tp_gap_filled,49.3637,5311.91,5311.91,5467.98,2.938,156.07,2
ADBE,2019-10-16,2019-10-17,2019-11-01,3-5%,-3.279,270.5002,279.1106,tp_gap_filled,19.665,5319.39,5319.39,5488.71,3.183,169.32,11
GWW,2019-10-23,2019-10-30,2019-11-04,3-5%,-3.691,307.7074,318.8608,tp_gap_filled,17.2681,5313.51,5313.51,5506.11,3.625,192.6,3
TEL,2019-10-30,2019-11-01,2019-11-04,3-5%,-3.632,91.091,94.3356,tp_gap_filled,58.4121,5320.81,5320.81,5510.34,3.562,189.52,1
AOS,2019-10-29,2019-10-30,2019-11-05,3-5%,-3.603,49.5495,51.2986,tp_gap_filled,107.2829,5315.81,5315.81,5503.47,3.53,187.65,4
PCG,2019-10-24,2019-11-05,2019-11-06,3-5%,-3.902,7.8879,6.6192,stop,674.9007,5323.54,5323.54,4467.3,-16.084,-856.24,1
PRU,2019-11-05,2019-11-06,2019-11-08,3-5%,-3.704,91.091,94.4055,tp_gap_filled,57.9761,5281.11,5281.11,5473.27,3.639,192.16,2
WAT,2019-10-08,2019-10-11,2019-11-13,3-5%,-3.982,214.7946,213.1766,time_exit,24.7062,5306.76,5306.76,5266.78,-0.753,-39.97,23
EL,2019-10-31,2019-11-01,2019-11-18,3-5%,-3.591,186.5163,193.0767,tp_gap_filled,28.5341,5322.07,5322.07,5509.26,3.517,187.19,11
PLD,2019-10-28,2019-10-30,2019-11-19,3-5%,-3.456,87.8077,90.7691,tp_gap_filled,60.59,5320.27,5320.27,5499.7,3.373,179.43,14
BR,2019-11-06,2019-11-07,2019-11-20,3-5%,-3.995,118.5885,123.2766,tp_gap_filled,44.4942,5276.5,5276.5,5485.09,3.953,208.59,9
LYV,2019-11-01,2019-11-19,2019-11-27,3-5%,-3.546,68.068,70.4295,tp_gap_filled,78.0614,5313.49,5313.49,5497.83,3.469,184.34,6
FSLR,2019-10-25,2019-10-28,2019-11-29,3-5%,-3.382,54.054,55.1848,time_exit,98.3445,5315.91,5315.91,5427.12,2.092,111.2,23
PSA,2019-10-30,2019-10-31,2019-12-04,3-5%,-3.464,226.7966,212.737,time_exit,23.4135,5310.1,5310.1,4980.92,-6.199,-329.18,23
WSM,2019-11-22,2019-12-03,2019-12-04,3-5%,-3.505,33.2032,34.3406,tp_gap_filled,159.4392,5293.89,5293.89,5475.24,3.426,181.36,1
F,2019-10-24,2019-11-01,2019-12-05,3-5%,-3.692,8.8789,8.9211,time_exit,599.2295,5320.48,5320.48,5345.77,0.475,25.29,23
CTVA,2019-10-31,2019-11-01,2019-12-05,3-5%,-3.566,26.5265,24.7952,time_exit,200.6355,5322.16,5322.16,4974.79,-6.527,-347.36,23
SYK,2019-11-04,2019-11-05,2019-12-09,3-5%,-3.182,206.206,200.1996,time_exit,25.8349,5327.32,5327.32,5172.14,-2.913,-155.18,23
BKNG,2019-11-07,2019-11-08,2019-12-12,3-5%,-3.473,77.7657,77.8613,time_exit,67.8989,5280.21,5280.21,5286.7,0.123,6.49,23
NWS,2019-11-08,2019-11-11,2019-12-12,3-5%,-3.481,13.3233,13.7762,tp_gap_filled,396.2349,5279.16,5279.16,5458.62,3.399,179.45,22
DDOG,2019-12-09,2019-12-10,2019-12-12,3-5%,-3.564,34.6646,35.8741,tp_gap_filled,153.2243,5311.46,5311.46,5496.78,3.489,185.32,2
MRVL,2019-12-03,2019-12-12,2019-12-13,3-5%,-3.371,24.9649,25.7842,tp_gap_filled,213.4792,5329.49,5329.49,5504.39,3.282,174.89,1
CNP,2019-11-15,2019-12-13,2019-12-17,3-5%,-3.784,25.7057,26.6633,tp_gap_filled,207.8461,5342.83,5342.83,5541.86,3.725,199.04,2
GLW,2019-10-30,2019-11-14,2019-12-18,3-5%,-3.933,29.0991,28.2817,time_exit,181.6571,5286.05,5286.05,5137.57,-2.809,-148.48,23
DOC,2019-11-06,2019-11-15,2019-12-19,3-5%,-3.857,34.4344,32.8571,time_exit,153.7038,5292.7,5292.7,5050.26,-4.581,-242.44,23
CRWD,2019-12-09,2019-12-10,2020-01-03,3-5%,-3.439,12.2973,12.7098,tp_gap_filled,432.0123,5312.58,5312.58,5490.78,3.354,178.2,16
EME,2019-10-29,2019-12-03,2020-01-07,3-5%,-3.756,86.4464,85.1647,time_exit,61.2477,5294.64,5294.64,5216.14,-1.483,-78.5,23
PGR,2020-01-07,2020-01-08,2020-01-15,3-5%,-3.528,73.073,75.5943,tp_gap_filled,73.329,5358.37,5358.37,5543.26,3.45,184.89,5
UAL,2020-01-03,2020-01-06,2020-01-17,3-5%,-3.276,86.8868,89.6503,tp_gap_filled,61.6637,5357.76,5357.76,5528.17,3.181,170.4,9
DRI,2019-12-19,2020-01-02,2020-01-23,3-5%,-3.671,112.152,116.1937,tp_gap_filled,47.7008,5349.74,5349.74,5542.53,3.604,192.79,14
ON,2020-01-27,2020-01-28,2020-02-03,3-5%,-3.762,24.074,20.202,stop,221.9724,5343.77,5343.77,4484.28,-16.084,-859.49,4
CVNA,2020-01-27,2020-01-30,2020-02-03,3-5%,-3.61,16.038,16.6054,tp_gap_filled,331.4284,5315.46,5315.46,5503.49,3.538,188.04,2
FCX,2020-01-27,2020-01-28,2020-02-04,3-5%,-3.97,11.3814,11.8282,tp_gap_filled,469.6483,5345.24,5345.24,5555.08,3.926,209.83,5
NKE,2020-01-27,2020-01-30,2020-02-04,3-5%,-3.744,98.3082,101.928,tp_gap_filled,54.0256,5311.16,5311.16,5506.72,3.682,195.56,3
TTD,2020-01-27,2020-01-31,2020-02-04,3-5%,-3.841,26.9679,27.989,tp_gap_filled,194.472,5244.51,5244.51,5443.07,3.786,198.56,2
BX,2020-01-27,2020-01-31,2020-02-04,3-5%,-3.81,59.8998,62.1478,tp_gap_filled,87.5465,5244.02,5244.02,5440.82,3.753,196.8,2
DAL,2020-01-27,2020-01-30,2020-02-05,3-5%,-3.945,56.5465,58.7512,tp_gap_filled,93.8796,5308.56,5308.56,5515.54,3.899,206.98,4
ADP,2020-01-29,2020-01-30,2020-02-05,3-5%,-3.617,172.0219,178.1217,tp_gap_filled,30.8731,5310.84,5310.84,5499.16,3.546,188.32,4
TRGP,2020-01-30,2020-02-03,2020-02-05,3-5%,-3.706,36.6766,38.0119,tp_gap_filled,143.6278,5267.79,5267.79,5459.57,3.641,191.79,2
LYB,2020-01-31,2020-02-04,2020-02-05,3-5%,-3.871,80.3002,83.3665,tp_gap_filled,66.6302,5350.42,5350.42,5554.73,3.819,204.31,1
HD,2019-11-19,2020-01-17,2020-02-06,3-5%,-3.454,230.8306,238.6112,tp_gap_filled,23.2581,5368.68,5368.68,5549.64,3.371,180.96,13
BBY,2020-01-15,2020-01-27,2020-02-06,3-5%,-3.172,87.6876,90.3795,tp_gap_filled,60.7565,5327.59,5327.59,5491.15,3.07,163.55,8
TECH,2020-02-04,2020-02-07,2020-02-11,3-5%,-3.498,50.05,51.7607,tp_gap_filled,106.3053,5320.58,5320.58,5502.43,3.418,181.86,2
ELV,2020-01-29,2020-02-05,2020-02-12,3-5%,-3.727,279.7795,290.0297,tp_gap_filled,19.3225,5406.04,5406.04,5604.1,3.664,198.06,5
TPR,2020-02-07,2020-02-10,2020-02-12,3-5%,-3.621,27.978,28.971,tp_gap_filled,190.537,5330.84,5330.84,5520.05,3.549,189.21,2
ALGN,2020-01-14,2020-01-15,2020-02-19,3-5%,-3.989,286.4662,276.8728,time_exit,18.7267,5364.56,5364.56,5184.91,-3.349,-179.65,23
PPG,2020-01-16,2020-01-17,2020-02-21,3-5%,-3.358,126.4763,118.7911,time_exit,42.458,5369.93,5369.93,5043.63,-6.076,-326.3,23
WYNN,2020-01-23,2020-01-24,2020-02-25,3-5%,-3.805,134.8948,113.1983,stop,39.7715,5364.96,5364.96,4502.06,-16.084,-862.9,21
MRVL,2020-01-27,2020-01-28,2020-02-27,3-5%,-3.845,26.2863,22.0584,stop,203.2746,5343.33,5343.33,4483.91,-16.084,-859.42,21
COP,2020-02-24,2020-02-25,2020-02-27,3-5%,-3.919,56.2062,47.166,stop,91.4641,5140.85,5140.85,4313.99,-16.084,-826.85,2
TSN,2020-02-06,2020-02-07,2020-02-28,3-5%,-3.698,81.081,68.0399,stop,65.6501,5322.98,5322.98,4466.83,-16.084,-856.15,14
VTRS,2020-01-27,2020-02-18,2020-02-28,3-5%,-3.707,21.061,17.6736,stop,256.1569,5394.93,5394.93,4527.21,-16.084,-867.72,8
TRGP,2020-02-24,2020-02-25,2020-02-28,3-5%,-3.96,37.6276,31.5756,stop,137.3129,5166.75,5166.75,4335.73,-16.084,-831.02,3
IVZ,2020-02-24,2020-02-25,2020-02-28,3-5%,-3.89,16.8168,14.112,stop,304.2209,5116.02,5116.02,4293.16,-16.084,-822.86,3
SBUX,2020-01-27,2020-01-28,2020-03-02,3-5%,-3.694,88.7186,82.2976,time_exit,60.2448,5344.84,5344.84,4958.01,-7.237,-386.83,23
CRWD,2020-02-27,2020-02-28,2020-03-02,3-5%,-3.951,14.0515,14.6004,tp_gap_filled,346.4017,4867.48,4867.48,5057.6,3.906,190.12,1
AAPL,2020-02-27,2020-03-02,2020-03-03,3-5%,-3.947,70.3453,73.0893,tp_gap_filled,70.8444,4983.57,4983.57,5177.97,3.901,194.4,1
TRV,2020-01-23,2020-02-05,2020-03-09,3-5%,-3.573,136.4263,114.4835,stop,39.6796,5413.34,5413.34,4542.66,-16.084,-870.68,22
GWW,2020-01-30,2020-02-06,2020-03-09,3-5%,-3.353,316.8265,265.8681,stop,17.1078,5420.19,5420.19,4548.41,-16.084,-871.78,21
AMAT,2020-02-18,2020-02-21,2020-03-09,3-5%,-3.919,64.2942,53.9531,stop,83.4924,5368.08,5368.08,4504.68,-16.084,-863.4,11
HLT,2020-01-27,2020-02-24,2020-03-09,3-5%,-3.862,104.4043,87.6119,stop,50.5274,5275.28,5275.28,4426.8,-16.084,-848.48,10
META,2020-02-24,2020-02-25,2020-03-09,3-5%,-3.987,202.0018,169.5118,stop,25.646,5180.55,5180.55,4347.31,-16.084,-833.24,9
LYB,2020-02-24,2020-02-25,2020-03-09,3-5%,-3.908,79.7497,66.9227,stop,64.326,5129.98,5129.98,4304.87,-16.084,-825.11,9
MCHP,2020-02-24,2020-02-25,2020-03-09,3-5%,-3.883,50.5505,42.42,stop,100.9183,5101.47,5101.47,4280.95,-16.084,-820.52,9
URI,2020-02-28,2020-03-05,2020-03-09,3-5%,-3.934,124.6645,104.6135,stop,39.5862,4934.99,4934.99,4141.25,-16.084,-793.74,2
XEL,2020-03-06,2020-03-09,2020-03-10,3-5%,-3.957,66.5765,69.1808,tp_gap_filled,70.1767,4672.12,4672.12,4854.88,3.912,182.76,1
GNRC,2020-02-28,2020-03-09,2020-03-10,3-5%,-3.92,101.5815,105.5144,tp_gap_filled,46.0427,4677.08,4677.08,4858.16,3.872,181.08,1
TTWO,2020-02-05,2020-02-06,2020-03-11,3-5%,-3.53,122.5724,118.931,time_exit,44.1273,5408.79,5408.79,5248.1,-2.971,-160.69,23
VRSN,2020-02-07,2020-02-13,2020-03-11,3-5%,-3.66,209.209,175.5598,stop,25.8382,5405.59,5405.59,4536.16,-16.084,-869.44,18
GOOG,2020-02-24,2020-02-25,2020-03-11,3-5%,-3.973,71.3768,59.8966,stop,72.4862,5173.84,5173.84,4341.68,-16.084,-832.16,11
KLAC,2020-02-24,2020-02-25,2020-03-12,3-5%,-3.954,15.4905,12.999,stop,332.6763,5153.31,5153.31,4324.45,-16.084,-828.86,12
LUV,2020-03-05,2020-03-06,2020-03-12,3-5%,-3.985,45.1051,37.8504,stop,108.1281,4877.12,4877.12,4092.69,-16.084,-784.44,4
EME,2020-02-28,2020-03-06,2020-03-12,3-5%,-3.942,75.3753,63.2519,stop,64.7493,4880.5,4880.5,4095.52,-16.084,-784.98,4
JCI,2020-03-06,2020-03-10,2020-03-12,3-5%,-3.967,37.3173,31.3152,stop,127.3589,4752.69,4752.69,3988.26,-16.084,-764.42,2
EXR,2020-03-09,2020-03-10,2020-03-16,3-5%,-3.99,105.7356,88.7291,stop,44.9096,4748.55,4748.55,3984.79,-16.084,-763.76,4
HSY,2020-03-09,2020-03-10,2020-03-16,3-5%,-3.929,150.3001,126.1259,stop,31.6312,4754.17,4754.17,3989.51,-16.084,-764.66,4
AEE,2020-03-09,2020-03-10,2020-03-16,3-5%,-3.925,82.082,68.8799,stop,58.0016,4760.89,4760.89,3995.15,-16.084,-765.74,4
BEN,2020-03-06,2020-03-18,2020-03-20,3-5%,-3.976,21.2712,17.85,stop,209.9688,4466.3,4466.3,3747.94,-16.084,-718.36,2
MLM,2020-03-18,2020-03-19,2020-03-20,3-5%,-3.985,165.9458,172.4873,tp_gap_filled,26.7977,4446.97,4446.97,4622.27,3.942,175.3,1
WEC,2020-03-18,2020-03-19,2020-03-20,3-5%,-3.894,98.5685,82.7147,stop,45.1095,4446.37,4446.37,3731.22,-16.084,-715.15,1
MKC,2020-03-19,2020-03-20,2020-03-23,3-5%,-3.935,67.8077,56.9015,stop,64.6418,4383.22,4383.22,3678.22,-16.084,-705.0,1
IVZ,2020-03-19,2020-03-20,2020-03-23,3-5%,-3.866,9.4594,7.938,stop,461.4769,4365.32,4365.32,3663.2,-16.084,-702.12,1
EXPD,2020-03-18,2020-03-19,2020-03-24,3-5%,-3.902,59.4194,61.7082,tp_gap_filled,74.9192,4451.65,4451.65,4623.13,3.852,171.48,3
WAT,2020-03-18,2020-03-19,2020-03-25,3-5%,-3.983,176.146,183.0867,tp_gap_filled,25.2634,4450.04,4450.04,4625.39,3.94,175.35,4
MO,2020-03-23,2020-03-24,2020-03-25,3-5%,-3.967,32.9529,34.2457,tp_gap_filled,131.9256,4347.33,4347.33,4517.89,3.923,170.55,1
CCI,2020-03-18,2020-03-26,2020-03-30,3-5%,-3.888,141.3012,146.7231,tp_gap_filled,30.8483,4358.9,4358.9,4526.16,3.837,167.26,2
RL,2020-03-27,2020-03-30,2020-04-03,3-5%,-3.915,71.4814,59.9843,stop,61.013,4361.29,4361.29,3659.82,-16.084,-701.47,4
DUK,2020-03-27,2020-04-01,2020-04-06,3-5%,-3.892,78.108,81.1088,tp_gap_filled,54.941,4291.33,4291.33,4456.2,3.842,164.87,3
GRMN,2020-04-01,2020-04-02,2020-04-06,3-5%,-3.962,72.062,74.885,tp_gap_filled,59.7577,4306.26,4306.26,4474.96,3.918,168.7,2
EL,2020-04-01,2020-04-02,2020-04-06,3-5%,-3.96,153.183,159.1807,tp_gap_filled,28.1391,4310.44,4310.44,4479.21,3.915,168.77,2
ARE,2020-04-01,2020-04-02,2020-04-06,3-5%,-3.933,131.8017,136.9229,tp_gap_filled,32.6616,4304.85,4304.85,4472.12,3.886,167.27,2
ANET,2020-04-01,2020-04-02,2020-04-06,3-5%,-3.93,12.174,12.6467,tp_gap_filled,353.5525,4304.16,4304.16,4471.28,3.883,167.12,2
PPG,2020-03-27,2020-03-30,2020-04-07,3-5%,-3.977,86.2762,89.6702,tp_gap_filled,50.5608,4362.19,4362.19,4533.8,3.934,171.61,6
CF,2020-03-27,2020-03-31,2020-04-07,3-5%,-3.929,27.1671,28.2218,tp_gap_filled,159.6351,4336.83,4336.83,4505.18,3.882,168.35,5
CRM,2020-04-01,2020-04-06,2020-04-07,3-5%,-3.931,138.4583,143.836,tp_gap_filled,31.4879,4359.77,4359.77,4529.1,3.884,169.33,1
PNW,2020-03-27,2020-03-31,2020-04-08,3-5%,-3.882,76.3363,79.2607,tp_gap_filled,56.8156,4337.09,4337.09,4503.24,3.831,166.15,6
COHR,2020-04-01,2020-04-07,2020-04-08,3-5%,-3.895,27.4174,28.4715,tp_gap_filled,159.8242,4381.96,4381.96,4550.43,3.845,168.47,1
RSG,2020-03-18,2020-03-27,2020-04-09,3-5%,-3.969,78.4784,81.5584,tp_gap_filled,55.456,4352.1,4352.1,4522.9,3.925,170.8,9
GPC,2020-04-15,2020-04-16,2020-04-17,3-5%,-3.991,71.2812,74.0958,tp_gap_filled,61.7276,4400.02,4400.02,4573.76,3.949,173.74,1
EME,2020-04-15,2020-04-16,2020-04-17,3-5%,-3.977,59.6996,62.0479,tp_gap_filled,73.8163,4406.8,4406.8,4580.14,3.933,173.34,1
ESS,2020-04-15,2020-04-16,2020-04-17,3-5%,-3.927,242.9427,252.3674,tp_gap_filled,18.1302,4404.59,4404.59,4575.46,3.879,170.87,1
ODFL,2020-04-08,2020-04-09,2020-04-24,3-5%,-3.919,68.5935,71.2487,tp_gap_filled,64.507,4424.76,4424.76,4596.04,3.871,171.28,10
BNY,2020-04-15,2020-04-21,2020-04-27,3-5%,-3.935,34.9449,36.3037,tp_gap_filled,125.7031,4392.68,4392.68,4563.48,3.888,170.8,4
LII,2020-04-21,2020-04-22,2020-04-27,3-5%,-3.912,174.0939,180.819,tp_gap_filled,25.2676,4398.94,4398.94,4568.86,3.863,169.93,3
NRG,2020-03-06,2020-04-27,2020-04-28,3-5%,-3.988,33.013,34.3156,tp_gap_filled,134.7867,4449.71,4449.71,4625.29,3.946,175.58,1
TAP,2020-03-06,2020-04-09,2020-05-01,3-5%,-3.911,48.2082,40.4544,stop,91.7164,4421.48,4421.48,3710.33,-16.084,-711.15,15
VRT,2020-03-11,2020-04-28,2020-05-07,3-5%,-3.874,10.6807,11.0889,tp_gap_filled,418.2779,4467.49,4467.49,4638.24,3.822,170.75,7
ON,2020-05-01,2020-05-05,2020-05-07,3-5%,-3.988,15.4254,16.0339,tp_gap_filled,286.4702,4418.92,4418.92,4593.25,3.945,174.33,2
IEX,2020-04-24,2020-05-13,2020-05-15,3-5%,-3.931,146.5164,152.2076,tp_gap_filled,30.0428,4401.76,4401.76,4572.74,3.884,170.98,2
MO,2020-04-02,2020-05-06,2020-05-18,3-5%,-3.935,36.1661,37.5724,tp_gap_filled,122.0235,4413.12,4413.12,4584.71,3.888,171.6,8
LDOS,2020-05-05,2020-05-13,2020-05-18,3-5%,-3.953,95.095,98.8111,tp_gap_filled,46.2779,4400.8,4400.8,4572.77,3.908,171.97,3
APO,2020-05-14,2020-05-15,2020-05-18,3-5%,-3.985,40.04,41.6183,tp_gap_filled,110.5381,4425.94,4425.94,4600.41,3.942,174.47,1
ALL,2020-03-06,2020-04-17,2020-05-20,3-5%,-3.918,104.3142,96.893,time_exit,42.4893,4432.24,4432.24,4116.92,-7.114,-315.32,23
RL,2020-05-04,2020-05-07,2020-05-21,3-5%,-3.913,70.3002,73.0169,tp_gap_filled,63.0217,4430.44,4430.44,4601.65,3.864,171.21,10
CB,2020-04-21,2020-04-22,2020-05-22,3-5%,-3.96,110.2101,114.5254,tp_gap_filled,39.9865,4406.91,4406.91,4579.47,3.915,172.55,22
MS,2020-03-05,2020-05-26,2020-05-27,3-5%,-3.824,43.5535,45.1948,tp_gap_filled,103.3811,4502.61,4502.61,4672.28,3.768,169.67,1
EQT,2020-06-01,2020-06-02,2020-06-03,3-5%,-3.898,12.8328,13.3267,tp_gap_filled,351.5278,4511.09,4511.09,4684.69,3.848,173.6,1
DRI,2020-03-06,2020-06-03,2020-06-04,3-5%,-3.957,84.5545,87.862,tp_gap_filled,53.454,4519.77,4519.77,4696.58,3.912,176.8,1
TXT,2020-03-06,2020-06-04,2020-06-05,3-5%,-3.82,35.7857,37.1328,tp_gap_filled,126.5479,4528.61,4528.61,4699.08,3.764,170.47,1
WBD,2020-04-30,2020-06-05,2020-06-08,3-5%,-3.761,23.8238,24.7053,tp_gap_filled,190.2914,4533.46,4533.46,4701.2,3.7,167.74,1
CRWD,2020-06-04,2020-06-05,2020-06-11,3-5%,-3.945,23.5811,24.5005,tp_gap_filled,192.4059,4537.14,4537.14,4714.04,3.899,176.9,4
ECHO,2020-03-27,2020-06-05,2020-06-15,3-5%,-3.708,34.5745,29.0136,stop,131.3846,4542.56,4542.56,3811.94,-16.084,-730.63,6
BKR,2020-06-09,2020-06-10,2020-06-15,3-5%,-3.778,18.3583,15.4056,stop,246.9023,4532.72,4532.72,3803.67,-16.084,-729.04,3
WAB,2020-06-11,2020-06-12,2020-06-16,3-5%,-3.987,62.6726,65.1448,tp_gap_filled,71.4549,4478.27,4478.27,4654.91,3.945,176.65,2
BX,2020-06-11,2020-06-12,2020-06-16,3-5%,-3.978,56.056,58.2617,tp_gap_filled,79.7755,4471.9,4471.9,4647.86,3.935,175.96,2
GPC,2020-06-11,2020-06-12,2020-06-16,3-5%,-3.83,85.2051,88.4215,tp_gap_filled,52.3096,4457.05,4457.05,4625.29,3.775,168.25,2
TAP,2020-06-11,2020-06-12,2020-06-16,3-5%,-3.797,38.038,39.4605,tp_gap_filled,117.2,4458.05,4458.05,4624.77,3.74,166.72,2
MU,2020-06-11,2020-06-12,2020-06-19,3-5%,-3.907,50.4704,52.4175,tp_gap_filled,88.4661,4464.92,4464.92,4637.18,3.858,172.25,5
AIZ,2020-03-06,2020-06-05,2020-06-26,3-5%,-3.841,116.2762,97.5743,stop,39.0122,4536.19,4536.19,3806.59,-16.084,-729.6,15
IVZ,2020-06-15,2020-06-26,2020-06-29,3-5%,-3.965,9.9399,10.3297,tp_gap_filled,443.0526,4403.91,4403.91,4576.58,3.921,172.67,1
UAL,2020-06-24,2020-06-25,2020-07-01,3-5%,-3.88,34.7147,36.0439,tp_gap_filled,128.6354,4465.54,4465.54,4636.52,3.829,170.99,4
GS,2020-06-26,2020-07-01,2020-07-06,3-5%,-3.911,199.199,206.8929,tp_gap_filled,22.389,4459.87,4459.87,4632.13,3.862,172.26,2
PNR,2020-06-11,2020-06-12,2020-07-09,3-5%,-3.935,38.3683,39.8601,tp_gap_filled,116.5179,4470.6,4470.6,4644.41,3.888,173.82,18
EG,2020-06-15,2020-06-24,2020-07-15,3-5%,-3.922,206.7265,214.735,tp_gap_filled,21.5518,4455.33,4455.33,4627.93,3.874,172.6,14
ESS,2020-06-11,2020-06-12,2020-07-16,3-5%,-3.911,250.3701,224.0357,time_exit,17.8357,4465.54,4465.54,3995.84,-10.518,-469.69,23
GL,2020-06-15,2020-06-24,2020-07-16,3-5%,-3.887,73.0229,75.8241,tp_gap_filled,61.002,4454.55,4454.55,4625.42,3.836,170.88,15
ALL,2020-07-08,2020-07-13,2020-07-16,3-5%,-3.734,89.2792,92.5574,tp_gap_filled,50.1068,4473.5,4473.5,4637.75,3.672,164.26,3
TER,2020-07-14,2020-07-24,2020-07-27,3-5%,-3.834,83.6035,86.7631,tp_gap_filled,53.8054,4498.32,4498.32,4668.33,3.779,170.01,1
WFC,2020-06-15,2020-06-24,2020-07-28,3-5%,-3.969,26.8869,25.5045,time_exit,165.9432,4461.69,4461.69,4232.29,-5.142,-229.4,23
XOM,2020-06-15,2020-06-24,2020-07-28,3-5%,-3.858,45.3953,43.5064,time_exit,98.0046,4448.95,4448.95,4263.83,-4.161,-185.12,23
OKE,2020-07-22,2020-07-23,2020-08-05,3-5%,-3.969,28.8188,29.95,tp_gap_filled,156.3567,4506.01,4506.01,4682.89,3.925,176.88,9
IBKR,2020-07-22,2020-07-23,2020-08-05,3-5%,-3.797,12.3624,12.8247,tp_gap_filled,364.5839,4507.11,4507.11,4675.67,3.74,168.55,9
NTRS,2020-06-15,2020-07-13,2020-08-10,3-5%,-3.684,80.6105,83.5264,tp_gap_filled,55.471,4471.54,4471.54,4633.29,3.617,161.75,20
HWM,2020-06-09,2020-08-06,2020-08-10,3-5%,-3.948,17.047,17.7123,tp_gap_filled,265.3413,4523.28,4523.28,4699.8,3.902,176.52,2
D,2020-07-06,2020-07-22,2020-08-24,3-5%,-3.991,79.4694,79.0209,time_exit,56.5814,4496.49,4496.49,4471.12,-0.564,-25.38,23
KMI,2020-07-23,2020-07-24,2020-08-26,3-5%,-3.828,14.3343,13.7163,time_exit,313.8009,4498.12,4498.12,4304.18,-4.312,-193.94,23
MGM,2020-06-09,2020-08-10,2020-08-28,3-5%,-3.872,22.8628,23.7362,tp_gap_filled,199.0226,4550.22,4550.22,4724.05,3.82,173.83,14
IVZ,2020-08-13,2020-09-03,2020-09-04,3-5%,-3.512,11.001,11.3786,tp_gap_filled,410.9265,4520.6,4520.6,4675.77,3.433,155.17,1
HSIC,2020-08-04,2020-08-05,2020-09-08,3-5%,-3.738,68.3182,63.6763,time_exit,66.3228,4531.06,4531.06,4223.19,-6.795,-307.87,23
TMO,2020-08-27,2020-09-04,2020-09-10,3-5%,-3.841,409.7093,425.2243,tp_gap_filled,11.0606,4531.62,4531.62,4703.23,3.787,171.61,3
PRU,2020-06-09,2020-08-11,2020-09-14,3-5%,-3.653,72.072,69.6902,time_exit,62.8225,4527.74,4527.74,4378.12,-3.305,-149.63,23
MPWR,2020-09-08,2020-09-09,2020-09-15,3-5%,-3.827,246.266,255.5542,tp_gap_filled,18.355,4520.22,4520.22,4690.71,3.772,170.48,4
PYPL,2020-09-08,2020-09-11,2020-09-28,3-5%,-3.722,184.8847,191.6482,tp_gap_filled,24.3276,4497.8,4497.8,4662.34,3.658,164.54,11
XYZ,2020-09-03,2020-09-15,2020-09-28,3-5%,-3.61,157.157,162.7171,tp_gap_filled,28.849,4533.83,4533.83,4694.23,3.538,160.4,9
SWKS,2020-09-17,2020-09-18,2020-09-28,3-5%,-3.834,135.095,140.1997,tp_gap_filled,33.045,4464.21,4464.21,4632.89,3.779,168.68,6
INCY,2020-09-17,2020-09-18,2020-09-28,3-5%,-3.691,86.7066,89.8501,tp_gap_filled,51.5038,4465.72,4465.72,4627.62,3.625,161.9,6
FOXA,2020-09-01,2020-09-21,2020-09-28,3-5%,-3.805,26.8268,27.8321,tp_gap_filled,166.2875,4460.96,4460.96,4628.14,3.748,167.18,5
IVZ,2020-09-21,2020-09-24,2020-09-28,3-5%,-3.916,10.5606,10.969,tp_gap_filled,416.0229,4393.43,4393.43,4563.36,3.868,169.93,2
TTD,2020-09-03,2020-09-29,2020-09-30,3-5%,-3.781,49.6028,51.449,tp_gap_filled,90.6315,4495.57,4495.57,4662.9,3.722,167.33,1
INTU,2020-09-08,2020-09-09,2020-10-01,3-5%,-3.698,321.1108,332.7769,tp_gap_filled,14.0777,4520.49,4520.49,4684.73,3.633,164.23,16
NXPI,2020-09-17,2020-09-18,2020-10-01,3-5%,-3.865,123.7436,128.4614,tp_gap_filled,36.0421,4459.98,4459.98,4630.02,3.813,170.04,9
CVX,2020-07-31,2020-09-01,2020-10-02,3-5%,-3.501,83.3332,69.9299,stop,54.2485,4520.7,4520.7,3793.59,-16.084,-727.11,22
OXY,2020-09-17,2020-09-21,2020-10-02,3-5%,-3.78,11.2112,9.408,stop,397.8676,4460.57,4460.57,3743.13,-16.084,-717.44,9
CTSH,2020-09-17,2020-09-18,2020-10-05,3-5%,-3.691,68.1781,70.6493,tp_gap_filled,65.504,4465.94,4465.94,4627.81,3.625,161.87,11
SPG,2020-09-21,2020-09-22,2020-10-06,3-5%,-3.952,67.1371,69.7602,tp_gap_filled,67.1356,4507.29,4507.29,4683.39,3.907,176.1,10
MAR,2020-09-21,2020-09-23,2020-10-06,3-5%,-3.925,96.056,99.7801,tp_gap_filled,45.6794,4387.78,4387.78,4557.9,3.877,170.12,9
VLO,2020-10-01,2020-10-05,2020-10-06,3-5%,-3.924,41.6616,43.2767,tp_gap_filled,109.4755,4560.93,4560.93,4737.74,3.877,176.81,1
FSLR,2020-09-08,2020-10-05,2020-10-06,3-5%,-3.608,69.5295,71.9879,tp_gap_filled,65.7079,4568.64,4568.64,4730.18,3.536,161.54,1
GM,2020-09-21,2020-09-22,2020-10-07,3-5%,-3.81,30.3303,31.4685,tp_gap_filled,148.3824,4500.48,4500.48,4669.37,3.753,168.89,11
NEE,2020-09-16,2020-09-28,2020-10-07,3-5%,-3.696,71.2637,73.8511,tp_gap_filled,63.5866,4531.42,4531.42,4695.94,3.631,164.52,7
SYY,2020-09-21,2020-10-06,2020-10-08,3-5%,-3.815,65.1151,67.5624,tp_gap_filled,70.2053,4571.42,4571.42,4743.23,3.758,171.81,2
BA,2020-10-02,2020-10-06,2020-10-08,3-5%,-3.574,162.0219,167.6921,tp_gap_filled,28.1944,4568.11,4568.11,4727.98,3.5,159.87,2
MSFT,2020-09-08,2020-09-10,2020-10-09,3-5%,-3.617,206.7065,214.0358,tp_gap_filled,21.83,4512.41,4512.41,4672.41,3.546,160.0,21
WDC,2020-09-30,2020-10-07,2020-10-09,3-5%,-3.917,28.5849,29.6906,tp_gap_filled,160.9119,4599.65,4599.65,4777.57,3.868,177.93,2
GE,2020-09-21,2020-10-08,2020-10-09,3-5%,-3.634,33.0779,34.2566,tp_gap_filled,139.7972,4624.19,4624.19,4788.97,3.563,164.78,1
GOOG,2020-09-08,2020-09-10,2020-10-12,3-5%,-3.616,76.7522,79.4724,tp_gap_filled,58.7729,4510.95,4510.95,4670.83,3.544,159.88,22
GOOGL,2020-09-08,2020-09-10,2020-10-12,3-5%,-3.555,76.3262,78.9814,tp_gap_filled,59.0951,4510.51,4510.51,4667.41,3.479,156.91,22
NVDA,2020-09-03,2020-10-06,2020-10-12,3-5%,-3.609,13.8426,14.3322,tp_gap_filled,330.1304,4569.86,4569.86,4731.48,3.537,161.62,4
MU,2020-09-30,2020-10-07,2020-10-12,3-5%,-3.471,48.999,50.6593,tp_gap_filled,93.8391,4598.02,4598.02,4753.82,3.389,155.8,3
CFG,2020-10-16,2020-10-19,2020-10-20,3-5%,-3.226,27.027,27.8721,tp_gap_filled,172.8733,4672.25,4672.25,4818.34,3.127,146.1,1
HST,2020-10-02,2020-10-15,2020-10-21,3-5%,-3.591,10.7507,11.1289,tp_gap_filled,435.2167,4678.9,4678.9,4843.47,3.517,164.56,4
MGM,2020-10-02,2020-10-13,2020-10-22,3-5%,-3.758,21.021,21.7982,tp_gap_filled,222.6756,4680.86,4680.86,4853.92,3.697,173.06,7
FSLR,2020-10-15,2020-10-22,2020-10-23,3-5%,-3.595,80.7907,83.6363,tp_gap_filled,58.1522,4698.16,4698.16,4863.63,3.522,165.48,1
HWM,2020-10-02,2020-10-28,2020-10-29,3-5%,-3.424,16.6566,17.2128,tp_gap_filled,277.3464,4619.66,4619.66,4773.9,3.339,154.24,1
CRH,2020-10-28,2020-10-29,2020-10-30,3-5%,-3.874,34.024,35.3246,tp_gap_filled,137.1444,4666.2,4666.2,4844.58,3.823,178.38,1
BLDR,2020-10-28,2020-10-29,2020-10-30,3-5%,-3.636,30.2402,31.3187,tp_gap_filled,154.9367,4685.32,4685.32,4852.41,3.566,167.09,1
MLM,2020-10-13,2020-10-14,2020-11-02,3-5%,-3.576,260.7705,269.8998,tp_gap_filled,17.9531,4681.63,4681.63,4845.53,3.501,163.9,13
MGM,2020-10-28,2020-10-29,2020-11-02,3-5%,-3.802,20.2602,21.019,tp_gap_filled,230.6705,4673.44,4673.44,4848.45,3.745,175.01,2
VMC,2020-10-13,2020-10-15,2020-11-03,3-5%,-3.225,145.3952,149.9399,tp_gap_filled,32.2209,4684.76,4684.76,4831.19,3.126,146.43,13
HIG,2020-10-22,2020-10-26,2020-11-03,3-5%,-3.713,38.9389,40.3596,tp_gap_filled,120.2036,4680.6,4680.6,4851.37,3.649,170.77,6
SWK,2020-10-27,2020-10-28,2020-11-03,3-5%,-3.679,166.6665,172.6871,tp_gap_filled,27.7523,4625.37,4625.37,4792.46,3.612,167.09,4
FICO,2020-09-08,2020-10-27,2020-11-04,3-5%,-3.729,404.1938,419.0106,tp_gap_filled,11.5479,4667.58,4667.58,4838.68,3.666,171.1,6
ELV,2020-10-28,2020-11-03,2020-11-04,3-5%,-3.667,288.2079,298.5811,tp_gap_filled,16.5148,4759.68,4759.68,4930.99,3.599,171.31,1
STX,2020-10-23,2020-10-26,2020-11-05,3-5%,-3.881,49.8298,51.7382,tp_gap_filled,94.0138,4684.69,4684.69,4864.1,3.83,179.42,8
VRT,2020-10-02,2020-11-04,2020-11-05,3-5%,-3.575,17.2773,17.8821,tp_gap_filled,275.8197,4765.41,4765.41,4932.24,3.501,166.83,1
CFG,2020-11-04,2020-11-05,2020-11-06,3-5%,-3.551,28.008,28.981,tp_gap_filled,171.4033,4800.66,4800.66,4967.44,3.474,166.78,1
PGR,2020-10-15,2020-10-19,2020-11-09,3-5%,-3.522,96.2361,99.5504,tp_gap_filled,48.5613,4673.35,4673.35,4834.3,3.444,160.94,15
SYF,2020-10-20,2020-10-22,2020-11-09,3-5%,-3.508,28.0881,29.0509,tp_gap_filled,167.4577,4703.56,4703.56,4864.8,3.428,161.24,12
ADM,2020-10-30,2020-11-02,2020-11-09,3-5%,-3.846,48.048,49.8701,tp_gap_filled,98.4664,4731.11,4731.11,4910.53,3.792,179.41,5
HBAN,2020-11-04,2020-11-06,2020-11-09,3-5%,-3.877,10.6707,11.0789,tp_gap_filled,450.2173,4804.12,4804.12,4987.92,3.826,183.8,1
SLB,2020-09-21,2020-11-09,2020-11-10,3-5%,-3.364,18.1181,18.7113,tp_gap_filled,267.5492,4847.48,4847.48,5006.18,3.274,158.7,1
MPWR,2020-10-30,2020-11-10,2020-11-11,3-5%,-3.455,307.9276,318.3114,tp_gap_filled,15.7405,4846.93,4846.93,5010.38,3.372,163.45,1
CCL,2020-09-15,2020-11-10,2020-11-16,3-5%,-3.641,17.2172,17.8322,tp_gap_filled,281.9157,4853.8,4853.8,5027.16,3.572,173.36,4
CRWD,2020-11-09,2020-11-12,2020-11-19,3-5%,-3.907,34.0966,35.4121,tp_gap_filled,141.6571,4830.02,4830.02,5016.37,3.858,186.35,5
XYZ,2020-11-09,2020-11-19,2020-11-20,3-5%,-3.42,191.4963,197.8819,tp_gap_filled,25.4595,4875.39,4875.39,5037.97,3.335,162.57,1
KR,2020-11-09,2020-11-11,2020-11-23,3-5%,-3.588,32.012,33.1368,tp_gap_filled,151.5519,4851.48,4851.48,5021.95,3.514,170.47,8
PYPL,2020-11-09,2020-11-23,2020-11-24,3-5%,-3.448,195.9357,202.5273,tp_gap_filled,24.8753,4873.97,4873.97,5037.94,3.364,163.97,1
TSCO,2020-11-09,2020-11-24,2020-11-30,3-5%,-3.56,27.1171,28.0619,tp_gap_filled,179.9541,4879.83,4879.83,5049.86,3.484,170.02,3
FE,2020-10-30,2020-11-02,2020-12-04,3-5%,-3.615,30.6907,28.9211,time_exit,154.237,4733.64,4733.64,4460.7,-5.766,-272.94,23
APA,2020-09-08,2020-11-24,2020-12-04,3-5%,-3.493,14.1041,14.5854,tp_gap_filled,345.7872,4877.01,4877.01,5043.44,3.413,166.43,7
RVTY,2020-11-09,2020-12-01,2020-12-04,3-5%,-3.397,136.6365,141.1587,tp_gap_filled,35.5952,4863.6,4863.6,5024.57,3.31,160.97,3
BLDR,2020-11-18,2020-12-04,2020-12-07,3-5%,-3.435,34.6146,35.7742,tp_gap_filled,142.507,4932.82,4932.82,5098.07,3.35,165.25,1
FLEX,2020-11-30,2020-12-10,2020-12-11,3-5%,-3.144,12.0844,12.4517,tp_gap_filled,408.1372,4932.1,4932.1,5082.02,3.04,149.92,1
CINF,2020-10-22,2020-11-13,2020-12-17,3-5%,-3.903,81.081,84.2057,tp_gap_filled,59.6936,4840.02,4840.02,5026.54,3.854,186.53,23
MRNA,2020-12-10,2020-12-15,2020-12-22,3-5%,-3.487,151.2811,126.9491,stop,32.6781,4943.58,4943.58,4148.45,-16.084,-795.13,5
PLTR,2020-12-18,2020-12-21,2020-12-22,3-5%,-3.526,26.2963,27.2028,tp_gap_filled,186.6376,4907.87,4907.87,5077.06,3.447,169.19,1
DASH,2020-12-14,2020-12-18,2020-12-28,3-5%,-3.371,169.2691,142.0439,stop,29.1278,4930.43,4930.43,4137.42,-16.084,-793.01,5
SLB,2020-12-10,2020-12-14,2021-01-05,3-5%,-3.851,22.4925,23.3466,tp_gap_filled,219.2942,4932.47,4932.47,5119.78,3.798,187.31,14
COP,2020-12-21,2020-12-22,2021-01-05,3-5%,-3.831,39.4494,40.939,tp_gap_filled,123.9915,4891.39,4891.39,5076.09,3.776,184.7,8
OKE,2020-12-21,2020-12-24,2021-01-05,3-5%,-3.762,38.4084,39.8301,tp_gap_filled,127.5491,4898.95,4898.95,5080.3,3.702,181.34,6
XOM,2020-12-21,2020-12-31,2021-01-05,3-5%,-3.791,41.1511,42.6873,tp_gap_filled,118.7025,4884.74,4884.74,5067.09,3.733,182.35,2
GPC,2020-12-02,2020-12-04,2021-01-06,3-5%,-3.669,98.0379,101.5683,tp_gap_filled,50.31,4932.29,4932.29,5109.9,3.601,177.61,21
DXCM,2020-10-28,2020-12-29,2021-01-06,3-5%,-3.754,91.6766,95.0623,tp_gap_filled,53.0821,4866.38,4866.38,5046.11,3.693,179.72,5
LYV,2020-12-21,2021-01-04,2021-01-06,3-5%,-3.445,70.9709,73.3566,tp_gap_filled,68.5768,4866.96,4866.96,5030.56,3.361,163.6,2
PHM,2021-01-05,2021-01-06,2021-01-07,3-5%,-3.435,40.8008,42.1678,tp_gap_filled,121.1224,4941.88,4941.88,5107.46,3.351,165.58,1
MRNA,2020-12-24,2021-01-13,2021-01-14,3-5%,-3.376,126.0659,130.2097,tp_gap_filled,39.2136,4943.5,4943.5,5105.99,3.287,162.49,1
ARE,2021-01-06,2021-01-07,2021-01-20,3-5%,-3.717,164.4142,170.4194,tp_gap_filled,30.1197,4952.11,4952.11,5132.98,3.652,180.87,8
CHTR,2021-01-06,2021-01-14,2021-01-20,3-5%,-3.838,612.7721,635.9534,tp_gap_filled,8.0625,4940.5,4940.5,5127.4,3.783,186.9,3
META,2021-01-06,2021-01-11,2021-01-21,3-5%,-3.31,262.262,270.699,tp_gap_filled,18.8582,4945.79,4945.79,5104.89,3.217,159.11,7
TSLA,2021-01-11,2021-01-12,2021-01-25,3-5%,-3.479,283.4165,293.0467,tp_gap_filled,17.4199,4937.08,4937.08,5104.83,3.398,167.76,8
APA,2021-01-11,2021-01-22,2021-01-26,3-5%,-3.8,15.9659,16.5634,tp_gap_filled,311.2866,4969.99,4969.99,5155.97,3.742,185.98,2
STX,2021-01-22,2021-01-25,2021-01-26,3-5%,-3.861,60.5705,62.8771,tp_gap_filled,81.9436,4963.36,4963.36,5152.37,3.808,189.01,1
CARR,2020-11-04,2021-01-27,2021-01-28,3-5%,-3.572,35.6656,36.9131,tp_gap_filled,137.6673,4909.99,4909.99,5081.72,3.498,171.73,1
CRWD,2021-01-06,2021-01-27,2021-01-28,3-5%,-3.427,51.051,52.7572,tp_gap_filled,96.2543,4913.88,4913.88,5078.1,3.342,164.23,1
NXPI,2021-01-27,2021-01-28,2021-02-01,3-5%,-3.573,162.8827,168.5813,tp_gap_filled,30.4862,4965.67,4965.67,5139.4,3.499,173.73,2
DXCM,2021-01-11,2021-01-22,2021-02-02,3-5%,-3.633,93.591,96.9255,tp_gap_filled,53.1721,4976.43,4976.43,5153.73,3.563,177.3,7
MCHP,2021-01-27,2021-01-28,2021-02-02,3-5%,-3.814,69.7947,72.4175,tp_gap_filled,71.1707,4967.34,4967.34,5154.01,3.758,186.67,3
STT,2021-01-05,2021-01-29,2021-02-03,3-5%,-3.433,69.8398,72.1778,tp_gap_filled,70.6342,4933.08,4933.08,5098.22,3.348,165.14,3
OKE,2021-01-29,2021-02-01,2021-02-03,3-5%,-3.562,40.6506,42.0679,tp_gap_filled,122.5598,4982.13,4982.13,5155.83,3.486,173.7,2
PFG,2021-01-29,2021-02-02,2021-02-04,3-5%,-3.406,50.8108,52.4974,tp_gap_filled,98.8751,5023.92,5023.92,5190.69,3.32,166.77,2
BA,2020-12-21,2021-01-05,2021-02-08,3-5%,-3.372,212.5523,211.738,time_exit,23.1745,4925.79,4925.79,4906.92,-0.383,-18.87,23
JBHT,2021-01-20,2021-01-26,2021-02-09,3-5%,-3.804,143.0129,148.3715,tp_gap_filled,34.7549,4970.39,4970.39,5156.63,3.747,186.24,10
HAL,2021-01-11,2021-01-21,2021-02-10,3-5%,-3.678,19.3994,20.0999,tp_gap_filled,256.6236,4978.34,4978.34,5158.1,3.611,179.77,14
OXY,2021-02-09,2021-02-11,2021-02-12,3-5%,-3.34,24.6246,25.4246,tp_gap_filled,206.7829,5091.95,5091.95,5257.36,3.249,165.42,1
AJG,2021-01-08,2021-01-12,2021-02-16,3-5%,-3.621,118.0179,117.5523,time_exit,41.824,4935.98,4935.98,4916.51,-0.394,-19.47,23
BLK,2021-01-14,2021-01-15,2021-02-19,3-5%,-3.815,750.75,709.3999,time_exit,6.5824,4941.71,4941.71,4669.53,-5.508,-272.18,23
DDOG,2021-02-17,2021-02-18,2021-02-19,3-5%,-3.775,103.6035,107.4524,tp_gap_filled,49.0482,5081.57,5081.57,5270.35,3.715,188.78,1
FSLR,2021-02-18,2021-02-19,2021-02-23,3-5%,-3.245,92.8227,77.8931,stop,54.8286,5089.34,5089.34,4270.77,-16.084,-818.57,2
VRT,2021-02-23,2021-02-24,2021-02-25,3-5%,-3.751,20.5505,21.3087,tp_gap_filled,245.1632,5038.23,5038.23,5224.1,3.689,185.87,1
PPG,2021-01-22,2021-01-25,2021-02-26,3-5%,-3.33,138.8887,134.6852,time_exit,35.7545,4965.9,4965.9,4815.61,-3.027,-150.3,23
CCL,2021-02-23,2021-02-25,2021-02-26,3-5%,-3.427,25.1051,25.944,tp_gap_filled,199.5951,5010.85,5010.85,5178.3,3.342,167.45,1
UBER,2021-02-23,2021-02-25,2021-03-02,3-5%,-3.272,53.5535,55.2547,tp_gap_filled,93.6352,5014.49,5014.49,5173.78,3.177,159.29,3
AMD,2021-01-27,2021-02-08,2021-03-05,3-5%,-3.812,91.1911,76.5239,stop,55.8023,5088.67,5088.67,4270.21,-16.084,-818.46,18
DDOG,2021-02-23,2021-02-25,2021-03-05,3-5%,-3.751,96.056,80.6063,stop,52.1946,5013.61,5013.61,4207.22,-16.084,-806.39,6
WDC,2021-02-23,2021-03-04,2021-03-05,3-5%,-3.183,49.7095,51.2412,tp_gap_filled,99.0424,4923.35,4923.35,5075.06,3.081,151.7,1
MPWR,2021-02-23,2021-03-03,2021-03-08,3-5%,-3.639,359.4591,301.6437,stop,13.865,4983.92,4983.92,4182.3,-16.084,-801.61,3
ARES,2021-02-11,2021-03-05,2021-03-08,3-5%,-3.2,49.059,50.5794,tp_gap_filled,101.0013,4955.02,4955.02,5108.58,3.099,153.56,1
ROST,2021-03-03,2021-03-08,2021-03-09,3-5%,-3.094,114.114,117.5224,tp_gap_filled,43.0271,4909.99,4909.99,5056.64,2.987,146.65,1
EL,2021-03-08,2021-03-09,2021-03-11,3-5%,-3.377,283.283,292.5971,tp_gap_filled,17.4251,4936.22,4936.22,5098.52,3.288,162.3,2
MDLZ,2021-01-29,2021-02-10,2021-03-15,3-5%,-3.624,55.105,57.0629,tp_gap_filled,92.3795,5090.58,5090.58,5271.44,3.553,180.86,22
AMGN,2021-02-03,2021-02-17,2021-03-16,3-5%,-3.713,231.7916,240.2495,tp_gap_filled,21.9606,5090.29,5090.29,5276.03,3.649,185.74,19
ATO,2021-02-22,2021-02-23,2021-03-16,3-5%,-3.805,90.09,93.4664,tp_gap_filled,55.86,5032.43,5032.43,5221.03,3.748,188.61,15
DDOG,2021-03-12,2021-03-15,2021-03-16,3-5%,-3.016,83.7226,86.1538,tp_gap_filled,59.4266,4975.35,4975.35,5119.82,2.904,144.47,1
UNP,2021-01-21,2021-02-12,2021-03-18,3-5%,-3.749,210.21,215.1446,time_exit,24.2765,5103.17,5103.17,5222.96,2.347,119.8,23
COHR,2021-01-11,2021-03-04,2021-03-19,3-5%,-3.193,79.8197,66.9815,stop,61.844,4936.37,4936.37,4142.4,-16.084,-793.97,11
PLTR,2021-03-12,2021-03-16,2021-03-25,3-5%,-3.704,25.7657,21.6216,stop,193.7148,4991.21,4991.21,4188.42,-16.084,-802.79,7
OXY,2021-03-23,2021-03-25,2021-03-26,3-5%,-3.933,26.4064,27.4325,tp_gap_filled,185.0209,4885.73,4885.73,5075.59,3.886,189.86,1
TPL,2021-03-23,2021-03-25,2021-03-26,3-5%,-3.696,169.6139,175.7707,tp_gap_filled,28.821,4888.45,4888.45,5065.89,3.63,177.45,1
APA,2021-03-23,2021-03-25,2021-03-26,3-5%,-3.393,18.2382,18.8411,tp_gap_filled,268.0813,4889.33,4889.33,5050.96,3.306,161.63,1
MRVL,2021-03-12,2021-03-25,2021-03-26,3-5%,-3.002,44.9549,46.2537,tp_gap_filled,108.791,4890.69,4890.69,5031.99,2.889,141.3,1
SW,2021-02-23,2021-02-24,2021-03-29,3-5%,-3.527,48.1881,46.8531,time_exit,104.6169,5041.29,5041.29,4901.62,-2.77,-139.67,23
WDAY,2021-02-23,2021-02-24,2021-03-29,3-5%,-3.467,260.8506,242.8769,time_exit,19.3254,5041.04,5041.04,4693.69,-6.89,-347.35,23
CRWD,2021-03-25,2021-03-26,2021-03-29,3-5%,-3.265,43.9614,45.3546,tp_gap_filled,111.8599,4917.52,4917.52,5073.36,3.169,155.84,1
ABNB,2021-03-25,2021-03-26,2021-03-29,3-5%,-3.215,173.2731,178.6712,tp_gap_filled,28.395,4920.09,4920.09,5073.37,3.115,153.28,1
HIG,2021-03-29,2021-03-30,2021-03-31,3-5%,-3.84,65.1651,67.6323,tp_gap_filled,75.2897,4906.26,4906.26,5092.01,3.786,185.75,1
PLTR,2021-03-25,2021-03-30,2021-03-31,3-5%,-3.108,21.2212,21.8581,tp_gap_filled,231.6475,4915.84,4915.84,5063.38,3.001,147.54,1
PSKY,2021-02-04,2021-03-26,2021-04-05,3-5%,-3.304,50.3903,42.2856,stop,97.7981,4928.08,4928.08,4135.45,-16.084,-792.63,5
UBER,2021-03-17,2021-03-18,2021-04-06,3-5%,-3.025,57.1271,58.7911,tp_gap_filled,86.6215,4948.43,4948.43,5092.58,2.913,144.14,12
XYZ,2021-03-17,2021-03-18,2021-04-07,3-5%,-3.435,235.235,243.1166,tp_gap_filled,21.0851,4959.96,4959.96,5126.15,3.351,166.19,13
NVDA,2021-02-25,2021-04-06,2021-04-12,3-5%,-3.128,14.0595,14.4845,tp_gap_filled,352.9174,4961.86,4961.86,5111.83,3.023,149.97,4
FSLR,2021-03-25,2021-04-12,2021-04-14,3-5%,-3.345,78.098,80.6393,tp_gap_filled,63.6941,4974.39,4974.39,5136.25,3.254,161.86,2
NCLH,2021-04-13,2021-04-15,2021-04-21,3-5%,-3.281,28.3283,29.2307,tp_gap_filled,175.8038,4980.22,4980.22,5138.88,3.186,158.65,4
MRNA,2021-02-22,2021-04-16,2021-04-22,3-5%,-3.972,167.9678,174.5653,tp_gap_filled,29.6413,4978.79,4978.79,5174.35,3.928,195.56,4
ABT,2021-04-20,2021-04-21,2021-04-22,3-5%,-3.236,120.6205,124.4055,tp_gap_filled,41.3927,4992.81,4992.81,5149.48,3.138,156.67,1
APTV,2021-03-19,2021-03-22,2021-04-23,3-5%,-3.58,143.7136,144.7451,time_exit,34.4424,4949.84,4949.84,4985.37,0.718,35.53,23
MS,2021-03-29,2021-04-20,2021-04-23,3-5%,-3.726,77.077,79.9,tp_gap_filled,64.0666,4938.06,4938.06,5118.92,3.663,180.86,3
BIIB,2021-04-22,2021-04-23,2021-04-26,3-5%,-3.65,260.26,269.5802,tp_gap_filled,19.2719,5015.72,5015.72,5195.34,3.581,179.62,1
WY,2021-04-30,2021-05-03,2021-05-04,3-5%,-3.254,38.3883,39.6004,tp_gap_filled,130.1394,4995.83,4995.83,5153.57,3.157,157.73,1
CNC,2021-04-27,2021-05-04,2021-05-07,3-5%,-3.136,63.9939,65.934,tp_gap_filled,77.982,4990.37,4990.37,5141.66,3.032,151.29,3
COIN,2021-04-23,2021-05-04,2021-05-10,3-5%,-3.646,283.0327,293.1566,tp_gap_filled,17.6409,4992.95,4992.95,5171.54,3.577,178.59,4
AMAT,2021-05-11,2021-05-12,2021-05-14,3-5%,-3.761,120.12,124.5653,tp_gap_filled,41.0542,4931.43,4931.43,5113.93,3.701,182.5,2
COHR,2021-05-11,2021-05-13,2021-05-14,3-5%,-3.919,59.6396,61.948,tp_gap_filled,82.8852,4943.24,4943.24,5134.57,3.871,191.33,1
UAL,2021-04-13,2021-04-26,2021-05-17,3-5%,-3.116,54.4644,56.1038,tp_gap_filled,92.3095,5027.58,5027.58,5178.92,3.01,151.33,15
WBD,2021-04-14,2021-04-22,2021-05-18,3-5%,-3.418,39.039,32.76,stop,128.1959,5004.64,5004.64,4199.7,-16.084,-804.95,18
MRVL,2021-05-11,2021-05-12,2021-05-19,3-5%,-3.7,42.7227,44.2757,tp_gap_filled,115.177,4920.67,4920.67,5099.54,3.635,178.87,5
GNRC,2021-05-11,2021-05-12,2021-05-20,3-5%,-3.676,294.284,304.9048,tp_gap_filled,16.6971,4913.69,4913.69,5091.02,3.609,177.34,6
SPG,2021-05-11,2021-05-12,2021-05-26,3-5%,-3.929,121.8918,126.6232,tp_gap_filled,40.5284,4940.08,4940.08,5131.84,3.882,191.76,10
VST,2021-04-26,2021-04-27,2021-05-28,3-5%,-3.774,16.8468,16.1538,time_exit,298.2202,5024.06,5024.06,4817.4,-4.114,-206.67,23
IR,2021-04-29,2021-04-30,2021-06-03,3-5%,-3.138,50.3603,49.0909,time_exit,99.6817,5020.0,5020.0,4893.46,-2.521,-126.54,23
KLAC,2021-04-30,2021-05-03,2021-06-04,3-5%,-3.472,31.5345,31.6673,time_exit,158.5278,4999.1,4999.1,5020.15,0.421,21.05,23
EL,2021-05-03,2021-05-04,2021-06-07,3-5%,-3.636,302.6924,302.657,time_exit,16.4882,4990.85,4990.85,4990.27,-0.012,-0.58,23
FTV,2021-04-30,2021-05-06,2021-06-09,3-5%,-3.173,54.6778,53.5033,time_exit,90.998,4975.57,4975.57,4868.69,-2.148,-106.88,23
PFE,2021-05-06,2021-06-01,2021-06-10,3-5%,-3.728,38.5185,39.93,tp_gap_filled,131.162,5052.16,5052.16,5237.3,3.665,185.14,7
BSX,2021-05-26,2021-06-03,2021-06-16,3-5%,-3.509,41.5615,42.987,tp_gap_filled,121.2911,5041.04,5041.04,5213.94,3.43,172.89,9
BKR,2021-06-18,2021-06-21,2021-06-22,3-5%,-3.461,23.1731,23.956,tp_gap_filled,217.7008,5044.81,5044.81,5215.24,3.378,170.43,1
EQT,2021-06-18,2021-06-21,2021-06-23,3-5%,-3.758,19.7397,20.4695,tp_gap_filled,255.1334,5036.26,5036.26,5222.46,3.697,186.19,2
INCY,2021-06-11,2021-06-21,2021-06-28,3-5%,-3.267,84.7547,87.4425,tp_gap_filled,59.6082,5052.07,5052.07,5212.29,3.171,160.21,5
RL,2021-05-20,2021-05-27,2021-06-30,3-5%,-3.77,126.2361,117.6922,time_exit,40.0209,5052.08,5052.08,4710.14,-6.768,-341.94,23
UBER,2021-05-19,2021-07-08,2021-07-09,3-5%,-3.335,47.5775,49.1208,tp_gap_filled,106.181,5051.83,5051.83,5215.7,3.244,163.87,1
CASY,2021-06-09,2021-06-10,2021-07-14,3-5%,-3.949,206.4863,193.4563,time_exit,24.4542,5049.45,5049.45,4730.82,-6.31,-318.64,23
CCL,2021-07-08,2021-07-13,2021-07-19,3-5%,-3.904,23.1631,19.4376,stop,218.3974,5058.77,5058.77,4245.12,-16.084,-813.65,4
GNRC,2021-07-08,2021-07-19,2021-07-20,3-5%,-3.623,417.5071,432.3372,tp_gap_filled,11.8972,4967.17,4967.17,5143.61,3.552,176.44,1
COHR,2021-07-08,2021-07-15,2021-07-21,3-5%,-3.52,69.6796,72.0779,tp_gap_filled,72.4957,5051.47,5051.47,5225.33,3.442,173.86,4
BLDR,2021-07-08,2021-07-16,2021-07-21,3-5%,-3.79,41.4214,42.967,tp_gap_filled,121.2744,5023.35,5023.35,5210.79,3.731,187.44,3
TRGP,2021-07-19,2021-07-20,2021-07-21,3-5%,-3.775,39.8098,41.2887,tp_gap_filled,126.08,5019.22,5019.22,5205.68,3.715,186.46,1
COP,2021-07-19,2021-07-20,2021-07-21,3-5%,-3.73,53.4834,55.4445,tp_gap_filled,94.0419,5029.68,5029.68,5214.11,3.667,184.42,1
COIN,2021-07-19,2021-07-20,2021-07-21,3-5%,-3.595,217.1369,224.785,tp_gap_filled,23.185,5034.32,5034.32,5211.64,3.522,177.32,1
DHI,2021-07-08,2021-07-09,2021-07-23,3-5%,-3.968,89.3893,92.897,tp_gap_filled,56.7052,5068.84,5068.84,5267.75,3.924,198.91,10
FDX,2021-06-25,2021-06-28,2021-07-30,3-5%,-3.606,236.1263,225.3586,time_exit,21.4274,5059.58,5059.58,4828.86,-4.56,-230.72,23
FSLR,2021-04-30,2021-07-16,2021-07-30,3-5%,-3.758,84.094,87.2027,tp_gap_filled,59.7031,5020.68,5020.68,5206.27,3.697,185.6,10
KDP,2021-06-08,2021-07-01,2021-08-04,3-5%,-3.855,35.4554,34.3356,time_exit,142.8207,5063.77,5063.77,4903.84,-3.158,-159.93,23
LVS,2021-07-19,2021-07-23,2021-08-04,3-5%,-3.388,46.2462,38.808,stop,109.6023,5068.69,5068.69,4253.44,-16.084,-815.25,8
SCHW,2021-07-08,2021-07-19,2021-08-06,3-5%,-3.91,67.3973,69.9999,tp_gap_filled,73.7391,4969.82,4969.82,5161.73,3.862,191.91,14
CFG,2021-07-28,2021-07-29,2021-08-06,3-5%,-3.903,42.6326,44.2757,tp_gap_filled,118.1957,5038.99,5038.99,5233.19,3.854,194.21,6
WDC,2021-07-08,2021-07-15,2021-08-17,3-5%,-3.692,50.5191,46.1669,time_exit,99.9858,5051.19,5051.19,4616.04,-8.615,-435.15,23
EOG,2021-07-15,2021-07-16,2021-08-18,3-5%,-3.666,76.8167,65.2946,time_exit,65.3357,5018.87,5018.87,4266.07,-14.999,-752.8,23
NUE,2021-08-19,2021-08-20,2021-08-23,3-5%,-3.329,116.8667,120.6492,tp_gap_filled,41.9101,4897.9,4897.9,5056.42,3.237,158.52,1
DASH,2021-08-13,2021-08-19,2021-08-24,3-5%,-3.831,181.181,188.0218,tp_gap_filled,27.0624,4903.19,4903.19,5088.31,3.776,185.13,3
LUV,2021-07-19,2021-08-19,2021-08-24,3-5%,-3.747,48.088,49.8601,tp_gap_filled,101.9874,4904.38,4904.38,5085.1,3.685,180.73,3
MU,2021-08-12,2021-08-24,2021-08-25,3-5%,-3.798,72.2522,74.955,tp_gap_filled,68.9553,4982.17,4982.17,5168.54,3.741,186.37,1
WYNN,2021-07-19,2021-07-27,2021-08-27,3-5%,-3.983,100.6305,100.949,time_exit,49.9506,5026.56,5026.56,5042.47,0.316,15.91,23
TER,2021-07-28,2021-08-11,2021-08-30,3-5%,-3.467,119.2992,123.3365,tp_gap_filled,42.1115,5023.87,5023.87,5193.89,3.384,170.02,13
VLO,2021-08-04,2021-08-05,2021-09-08,3-5%,-3.579,66.6065,63.6363,time_exit,75.4156,5023.17,5023.17,4799.17,-4.459,-224.0,23
FIS,2021-08-03,2021-08-06,2021-09-09,3-5%,-3.551,134.3142,126.903,time_exit,37.5215,5039.68,5039.68,4761.6,-5.518,-278.08,23
PPG,2021-09-07,2021-09-08,2021-09-10,3-5%,-3.964,149.6395,155.5043,tp_gap_filled,33.1135,4955.09,4955.09,5149.29,3.919,194.21,2
LRCX,2021-07-29,2021-08-11,2021-09-14,3-5%,-3.847,61.1181,60.2896,time_exit,82.2174,5024.97,5024.97,4956.86,-1.355,-68.11,23
CL,2021-07-30,2021-08-17,2021-09-20,3-5%,-3.592,80.6005,76.0938,time_exit,61.3622,4945.82,4945.82,4669.28,-5.591,-276.54,23
FCX,2021-08-16,2021-08-30,2021-09-20,3-5%,-3.307,36.8768,30.9456,stop,135.7762,5007.0,5007.0,4201.67,-16.084,-805.33,14
HOOD,2021-08-31,2021-09-07,2021-09-22,3-5%,-3.689,42.072,43.5964,tp_gap_filled,118.2959,4976.95,4976.95,5157.27,3.623,180.32,11
BKR,2021-09-20,2021-09-21,2021-09-22,3-5%,-3.843,23.043,23.9161,tp_gap_filled,212.2855,4891.7,4891.7,5077.03,3.789,185.33,1
EW,2021-09-17,2021-09-20,2021-09-23,3-5%,-3.182,116.9668,120.5693,tp_gap_filled,41.7544,4883.88,4883.88,5034.29,3.08,150.42,3
GM,2021-09-20,2021-09-21,2021-09-23,3-5%,-3.663,49.4995,51.2787,tp_gap_filled,98.8226,4891.66,4891.66,5067.49,3.594,175.83,2
PLTR,2021-09-20,2021-09-22,2021-09-23,3-5%,-3.971,27.5976,28.6813,tp_gap_filled,178.5594,4927.81,4927.81,5121.31,3.927,193.51,1
APA,2021-09-20,2021-09-22,2021-09-23,3-5%,-3.774,19.3994,20.1199,tp_gap_filled,253.9416,4926.31,4926.31,5109.27,3.714,182.96,1
F,2021-09-20,2021-09-22,2021-09-23,3-5%,-3.542,13.0831,13.5365,tp_gap_filled,377.0977,4933.59,4933.59,5104.56,3.465,170.97,1
ROST,2021-08-20,2021-08-26,2021-09-29,3-5%,-3.713,122.0019,114.855,time_exit,40.8939,4989.13,4989.13,4696.87,-5.858,-292.26,23
SJM,2021-08-26,2021-08-27,2021-09-30,3-5%,-3.363,123.123,119.91,time_exit,40.7291,5014.69,5014.69,4883.83,-2.61,-130.86,23
PNR,2021-08-26,2021-09-08,2021-10-11,3-5%,-3.555,76.3162,69.95,time_exit,64.9583,4957.37,4957.37,4543.83,-8.342,-413.54,23
KKR,2021-09-20,2021-09-22,2021-10-11,3-5%,-3.7,64.084,66.4135,tp_gap_filled,77.0154,4935.46,4935.46,5114.87,3.635,179.41,13
VRSN,2021-07-23,2021-09-09,2021-10-12,3-5%,-3.768,224.9547,204.4653,time_exit,22.0836,4967.82,4967.82,4515.34,-9.108,-452.48,23
COIN,2021-09-08,2021-09-09,2021-10-12,3-5%,-3.677,257.257,249.0807,time_exit,19.2976,4964.44,4964.44,4806.66,-3.178,-157.78,23
UHS,2021-09-08,2021-09-09,2021-10-12,3-5%,-3.527,150.0499,128.7212,time_exit,33.0799,4963.64,4963.64,4258.08,-14.214,-705.55,23
EMR,2021-08-04,2021-09-14,2021-10-15,3-5%,-3.42,97.7977,95.6343,time_exit,50.5334,4942.05,4942.05,4832.73,-2.212,-109.33,23
HPQ,2021-09-29,2021-09-30,2021-10-15,3-5%,-3.534,27.5976,28.5514,tp_gap_filled,176.4828,4870.5,4870.5,5038.83,3.456,168.34,11
CDW,2021-08-13,2021-09-17,2021-10-20,3-5%,-3.32,191.5313,188.2016,time_exit,25.7978,4941.09,4941.09,4855.19,-1.738,-85.9,23
BX,2021-09-20,2021-09-21,2021-10-21,3-5%,-3.794,128.6886,133.4964,tp_gap_filled,38.0282,4893.79,4893.79,5076.62,3.736,182.83,22
WSM,2021-09-30,2021-10-18,2021-10-22,3-5%,-3.913,92.1721,95.7342,tp_gap_filled,53.253,4908.44,4908.44,5098.14,3.865,189.69,4
FSLR,2021-10-20,2021-10-21,2021-10-25,3-5%,-3.943,104.114,108.1717,tp_gap_filled,47.3217,4926.85,4926.85,5118.87,3.897,192.02,2
KLAC,2021-09-28,2021-10-22,2021-10-28,3-5%,-3.674,35.2692,36.5414,tp_gap_filled,139.6381,4924.93,4924.93,5102.58,3.607,177.65,4
AMAT,2021-09-28,2021-10-22,2021-11-03,3-5%,-3.594,137.7476,142.5973,tp_gap_filled,35.7043,4918.18,4918.18,5091.34,3.521,173.15,8
SYF,2021-09-20,2021-10-27,2021-11-03,3-5%,-3.344,46.8668,48.3916,tp_gap_filled,104.3993,4892.86,4892.86,5052.04,3.253,159.18,5
SWK,2021-10-28,2021-10-29,2021-11-03,3-5%,-3.549,179.7996,186.0438,tp_gap_filled,27.2928,4907.23,4907.23,5077.65,3.473,170.42,3
FOXA,2021-10-12,2021-10-27,2021-11-05,3-5%,-3.487,40.6726,42.0579,tp_gap_filled,120.4367,4898.48,4898.48,5065.31,3.406,166.84,7
FCX,2021-10-27,2021-10-28,2021-11-08,3-5%,-3.552,37.5075,38.8111,tp_gap_filled,131.2048,4921.16,4921.16,5092.21,3.476,171.05,7
DHR,2021-11-05,2021-11-08,2021-11-11,3-5%,-3.601,261.7597,270.9965,tp_gap_filled,19.0449,4985.18,4985.18,5161.09,3.529,175.91,3
LUV,2021-10-11,2021-10-12,2021-11-12,3-5%,-3.579,52.042,48.3716,time_exit,93.4203,4861.78,4861.78,4518.89,-7.053,-342.89,23
ULTA,2021-10-19,2021-11-05,2021-11-15,3-5%,-3.807,391.2709,405.9437,tp_gap_filled,12.7372,4983.7,4983.7,5170.59,3.75,186.89,6
CVNA,2021-11-05,2021-11-10,2021-11-15,3-5%,-3.58,58.024,60.0579,tp_gap_filled,85.8748,4982.8,4982.8,5157.46,3.505,174.66,3
MDT,2021-10-18,2021-10-20,2021-11-22,3-5%,-3.671,123.1831,116.7731,time_exit,39.9614,4922.57,4922.57,4666.42,-5.204,-256.15,23
OMC,2021-10-20,2021-10-21,2021-11-23,3-5%,-3.884,73.5735,69.0409,time_exit,67.035,4932.0,4932.0,4628.15,-6.161,-303.84,23
OXY,2021-11-19,2021-11-22,2021-11-23,3-5%,-3.59,29.5695,30.6094,tp_gap_filled,168.3005,4976.57,4976.57,5151.57,3.517,175.0,1
APA,2021-11-19,2021-11-22,2021-11-23,3-5%,-3.553,26.6266,27.5524,tp_gap_filled,187.0414,4980.28,4980.28,5153.44,3.477,173.17,1
COF,2021-09-20,2021-10-27,2021-11-30,3-5%,-3.434,154.2441,140.3895,time_exit,31.7395,4895.63,4895.63,4455.89,-8.982,-439.74,23
RL,2021-11-26,2021-11-29,2021-12-01,3-5%,-3.891,116.9368,121.4285,tp_gap_filled,42.4848,4968.03,4968.03,5158.86,3.841,190.83,2
STLD,2021-10-18,2021-11-30,2021-12-01,3-5%,-3.959,59.4894,61.8181,tp_gap_filled,81.8692,4870.35,4870.35,5061.0,3.914,190.65,1
LYB,2021-10-29,2021-11-01,2021-12-03,3-5%,-3.529,93.0329,87.2826,time_exit,53.122,4942.09,4942.09,4636.62,-6.181,-305.47,23
WSM,2021-11-19,2021-11-23,2021-12-03,3-5%,-3.71,105.4904,88.5233,stop,47.4443,5004.92,5004.92,4199.93,-16.084,-804.99,7
CRWD,2021-11-23,2021-11-24,2021-12-03,3-5%,-3.605,57.8077,48.51,stop,86.6839,5011.0,5011.0,4205.03,-16.084,-805.97,6
CMCSA,2021-10-28,2021-11-30,2021-12-06,3-5%,-3.89,47.2825,49.098,tp_gap_filled,103.0323,4871.62,4871.62,5058.68,3.84,187.06,4
GM,2021-11-26,2021-11-29,2021-12-07,3-5%,-3.843,59.8598,62.1278,tp_gap_filled,83.072,4972.67,4972.67,5161.08,3.789,188.41,6
PWR,2021-11-04,2021-12-01,2021-12-07,3-5%,-3.903,112.3723,116.7032,tp_gap_filled,42.8774,4818.23,4818.23,5003.93,3.854,185.7,4
EQIX,2021-11-04,2021-11-05,2021-12-09,3-5%,-3.566,808.808,798.0012,time_exit,6.1622,4984.07,4984.07,4917.47,-1.336,-66.59,23
ANET,2021-11-04,2021-11-23,2021-12-09,3-5%,-3.459,31.0329,32.0804,tp_gap_filled,161.2978,5005.53,5005.53,5174.5,3.375,168.96,11
TMO,2021-11-05,2021-12-06,2021-12-09,3-5%,-3.998,614.7942,639.1202,tp_gap_filled,7.9403,4881.63,4881.63,5074.78,3.957,193.16,3
LH,2021-12-09,2021-12-10,2021-12-13,3-5%,-3.713,245.7868,254.7536,tp_gap_filled,20.1,4940.32,4940.32,5120.55,3.648,180.23,1
VEEV,2021-12-16,2021-12-17,2021-12-21,3-5%,-3.78,253.7635,263.2065,tp_gap_filled,19.1365,4856.15,4856.15,5036.85,3.721,180.71,2
PTC,2021-12-14,2021-12-15,2021-12-22,3-5%,-3.901,117.8577,122.3975,tp_gap_filled,41.5024,4891.38,4891.38,5079.79,3.852,188.41,5
FTV,2021-10-29,2021-12-20,2021-12-23,3-5%,-3.675,54.4666,56.4318,tp_gap_filled,88.1833,4803.05,4803.05,4976.35,3.608,173.3,3
LEN,2021-12-16,2021-12-21,2021-12-27,3-5%,-3.74,105.4878,109.3678,tp_gap_filled,46.139,4867.1,4867.1,5046.12,3.678,179.02,3
ROST,2021-11-19,2021-11-23,2021-12-28,3-5%,-3.715,115.1951,112.0478,time_exit,43.4429,5004.41,5004.41,4867.68,-2.732,-136.73,23
MDT,2021-11-23,2021-11-24,2021-12-29,3-5%,-3.602,112.7927,103.846,time_exit,44.4222,5010.5,5010.5,4613.07,-7.932,-397.43,23
GM,2021-12-17,2021-12-22,2021-12-30,3-5%,-3.751,56.2562,58.3316,tp_gap_filled,87.072,4898.34,4898.34,5079.05,3.689,180.71,5
WAB,2021-11-26,2021-11-29,2021-12-31,3-5%,-3.972,92.4524,92.0179,time_exit,53.7517,4969.47,4969.47,4946.12,-0.47,-23.35,23
SYF,2021-11-26,2021-11-29,2021-12-31,3-5%,-3.958,47.8478,46.3436,time_exit,103.8609,4969.52,4969.52,4813.29,-3.144,-156.23,23
TFC,2021-11-26,2021-11-29,2021-12-31,3-5%,-3.896,60.5004,58.4914,time_exit,82.0777,4965.74,4965.74,4800.84,-3.321,-164.89,23
AXP,2021-11-26,2021-12-07,2022-01-04,3-5%,-3.799,165.2551,171.4384,tp_gap_filled,29.895,4940.31,4940.31,5125.16,3.742,184.85,19
BX,2021-12-08,2021-12-09,2022-01-10,3-5%,-3.596,134.4543,112.8287,stop,36.785,4945.9,4945.9,4150.4,-16.084,-795.5,21
DDOG,2021-12-20,2022-01-03,2022-01-10,3-5%,-3.738,163.9638,137.5919,stop,30.1792,4948.3,4948.3,4152.42,-16.084,-795.88,5
CRWD,2021-12-06,2022-01-04,2022-01-11,3-5%,-3.552,47.56,49.2132,tp_gap_filled,103.6504,4929.61,4929.61,5100.97,3.476,171.36,5
UHS,2022-01-11,2022-01-12,2022-01-13,3-5%,-3.658,128.128,132.7271,tp_gap_filled,38.2195,4896.99,4896.99,5072.77,3.589,175.78,1
INCY,2021-09-22,2021-12-17,2022-01-18,3-5%,-3.865,73.1931,75.9839,tp_gap_filled,66.3608,4857.15,4857.15,5042.35,3.813,185.2,20
FTNT,2022-01-10,2022-01-14,2022-01-18,3-5%,-3.318,60.9048,62.8691,tp_gap_filled,80.3863,4895.92,4895.92,5053.81,3.225,157.9,1
REGN,2021-12-15,2021-12-16,2022-01-20,3-5%,-3.574,647.637,613.7656,time_exit,7.5405,4883.53,4883.53,4628.12,-5.23,-255.41,23
DDOG,2022-01-18,2022-01-19,2022-01-20,3-5%,-3.847,133.093,138.1417,tp_gap_filled,36.7914,4896.68,4896.68,5082.43,3.793,185.75,1
WST,2022-01-18,2022-01-21,2022-01-24,3-5%,-3.355,367.407,379.4002,tp_gap_filled,13.1928,4847.12,4847.12,5005.35,3.264,158.22,1
GLW,2022-01-14,2022-01-18,2022-01-26,3-5%,-3.282,36.8768,38.0519,tp_gap_filled,133.1455,4909.98,4909.98,5066.44,3.186,156.46,6
REG,2021-12-20,2022-01-24,2022-01-26,3-5%,-3.354,69.2192,71.4785,tp_gap_filled,70.4256,4874.8,4874.8,5033.92,3.264,159.11,2
APTV,2022-01-24,2022-01-25,2022-01-26,3-5%,-3.938,134.8047,140.0498,tp_gap_filled,35.9481,4845.97,4845.97,5034.52,3.891,188.55,1
XYZ,2022-01-24,2022-01-25,2022-01-26,3-5%,-3.895,113.6135,117.9819,tp_gap_filled,42.6709,4847.99,4847.99,5034.39,3.845,186.4,1
GM,2022-01-24,2022-01-25,2022-01-26,3-5%,-3.529,51.4514,53.2267,tp_gap_filled,94.2946,4851.59,4851.59,5018.99,3.45,167.4,1
MA,2022-01-24,2022-01-25,2022-01-27,3-5%,-3.523,342.9126,354.7249,tp_gap_filled,14.1543,4853.7,4853.7,5020.9,3.445,167.2,2
NVDA,2022-01-25,2022-01-26,2022-01-27,3-5%,-3.534,22.5685,23.3486,tp_gap_filled,216.6114,4888.6,4888.6,5057.58,3.457,168.97,1
ISRG,2022-01-25,2022-01-26,2022-01-28,3-5%,-3.802,261.9017,271.708,tp_gap_filled,18.6567,4886.22,4886.22,5069.17,3.744,182.95,2
WBD,2022-01-24,2022-01-26,2022-01-28,3-5%,-3.513,25.2953,26.1638,tp_gap_filled,193.3487,4890.81,4890.81,5058.74,3.434,167.93,2
MCHP,2022-01-25,2022-01-27,2022-01-31,3-5%,-3.714,72.1421,74.7751,tp_gap_filled,67.4715,4867.54,4867.54,5045.19,3.65,177.66,2
CVX,2022-01-28,2022-01-31,2022-02-01,3-5%,-3.967,130.13,135.2346,tp_gap_filled,38.2826,4981.72,4981.72,5177.14,3.923,195.42,1
ROL,2022-01-26,2022-01-27,2022-02-02,3-5%,-3.967,30.05,31.2287,tp_gap_filled,162.2727,4876.3,4876.3,5067.57,3.923,191.27,4
ODFL,2021-10-27,2022-01-14,2022-02-03,3-5%,-3.374,157.5424,162.7171,tp_gap_filled,31.0717,4895.11,4895.11,5055.9,3.285,160.79,13
TTD,2022-01-18,2022-02-02,2022-02-07,3-5%,-3.511,72.8928,75.3945,tp_gap_filled,69.0287,5031.7,5031.7,5204.39,3.432,172.69,3
BSX,2022-02-02,2022-02-03,2022-02-07,3-5%,-3.931,41.8318,43.4565,tp_gap_filled,118.9492,4975.86,4975.86,5169.12,3.884,193.26,2
C,2022-01-14,2022-01-18,2022-02-08,3-5%,-3.57,65.4254,67.7122,tp_gap_filled,75.0543,4910.45,4910.45,5082.09,3.495,171.64,15
KR,2022-01-28,2022-01-31,2022-02-08,3-5%,-3.899,43.6736,45.3546,tp_gap_filled,114.1196,4984.02,4984.02,5175.85,3.849,191.83,6
LHX,2022-01-31,2022-02-01,2022-02-08,3-5%,-3.723,210.7405,218.4513,tp_gap_filled,23.7702,5009.34,5009.34,5192.63,3.659,183.29,5
MPWR,2022-02-03,2022-02-04,2022-02-09,3-5%,-3.802,399.1387,414.0855,tp_gap_filled,12.53,5001.19,5001.19,5188.47,3.745,187.28,3
APTV,2022-02-03,2022-02-08,2022-02-10,3-5%,-3.777,134.6445,139.6502,tp_gap_filled,37.4028,5036.09,5036.09,5223.31,3.718,187.23,2
GDDY,2022-02-03,2022-02-04,2022-02-11,3-5%,-3.743,75.6856,78.4715,tp_gap_filled,66.0866,5001.81,5001.81,5185.91,3.681,184.11,5
MSCI,2022-02-08,2022-02-14,2022-02-15,3-5%,-3.908,529.4689,549.8996,tp_gap_filled,9.4106,4982.65,4982.65,5174.91,3.859,192.27,1
LLY,2022-01-12,2022-01-13,2022-02-16,3-5%,-3.591,253.1529,245.3344,time_exit,19.3563,4900.1,4900.1,4748.76,-3.088,-151.34,23
EXPD,2021-12-02,2022-01-18,2022-02-18,3-5%,-3.593,118.7086,106.1138,time_exit,41.3363,4906.98,4906.98,4386.36,-10.61,-520.62,23
NXPI,2021-11-26,2022-01-19,2022-02-22,3-5%,-3.579,213.3331,187.0528,time_exit,22.9344,4892.66,4892.66,4289.94,-12.319,-602.72,23
CDNS,2022-01-18,2022-01-19,2022-02-22,3-5%,-3.555,156.156,135.0748,time_exit,31.3144,4889.93,4889.93,4229.79,-13.5,-660.15,23
TDG,2022-02-08,2022-02-24,2022-02-25,3-5%,-3.796,609.8092,632.6068,tp_gap_filled,8.1022,4940.79,4940.79,5125.5,3.738,184.71,1
CEG,2022-02-10,2022-02-17,2022-03-01,3-5%,-3.805,45.5555,47.2627,tp_gap_filled,109.5827,4992.1,4992.1,5179.17,3.747,187.08,7
ALLE,2022-02-15,2022-02-16,2022-03-02,3-5%,-3.997,113.7136,118.2117,tp_gap_filled,44.4187,5051.01,5051.01,5250.8,3.956,199.8,9
MCHP,2022-02-24,2022-03-01,2022-03-02,3-5%,-3.983,67.5675,70.2297,tp_gap_filled,72.967,4930.2,4930.2,5124.45,3.94,194.25,1
RF,2022-02-24,2022-03-01,2022-03-02,3-5%,-3.843,22.5425,23.3966,tp_gap_filled,218.0288,4914.92,4914.92,5101.13,3.789,186.21,1
DECK,2022-02-10,2022-02-18,2022-03-04,3-5%,-3.685,49.7163,41.72,stop,100.2145,4982.3,4982.3,4180.95,-16.084,-801.35,9
QCOM,2022-02-03,2022-02-04,2022-03-07,3-5%,-3.932,180.9808,151.8719,stop,27.6454,5003.28,5003.28,4198.55,-16.084,-804.73,20
GM,2022-02-08,2022-02-11,2022-03-07,3-5%,-3.885,48.7887,40.9416,stop,102.302,4991.19,4991.19,4188.41,-16.084,-802.78,15
AMAT,2022-02-24,2022-03-07,2022-03-08,3-5%,-3.738,123.2031,127.7321,tp_gap_filled,39.0956,4816.69,4816.69,4993.76,3.676,177.07,1
APO,2022-02-24,2022-03-07,2022-03-09,3-5%,-3.736,59.8398,62.0379,tp_gap_filled,80.363,4808.91,4808.91,4985.55,3.673,176.65,2
AME,2022-02-03,2022-02-04,2022-03-10,3-5%,-3.677,134.7846,128.0518,time_exit,37.1284,5004.33,5004.33,4754.35,-4.995,-249.98,23
INCY,2022-02-08,2022-03-04,2022-03-10,3-5%,-3.708,70.7006,73.2766,tp_gap_filled,69.3944,4906.23,4906.23,5084.99,3.644,178.76,4
KEY,2022-03-04,2022-03-09,2022-03-14,3-5%,-3.56,23.3233,24.1358,tp_gap_filled,210.6329,4912.65,4912.65,5083.8,3.484,171.15,3
CVS,2022-02-09,2022-02-10,2022-03-16,3-5%,-3.943,106.5665,107.0029,time_exit,47.272,5037.61,5037.61,5058.24,0.41,20.63,23
LIN,2022-02-22,2022-02-23,2022-03-16,3-5%,-3.85,291.4912,302.5571,tp_gap_filled,16.8419,4909.28,4909.28,5095.65,3.796,186.37,15
NTRS,2022-02-24,2022-03-01,2022-03-16,3-5%,-3.863,109.3592,113.5264,tp_gap_filled,45.0058,4921.8,4921.8,5109.35,3.81,187.54,11
ISRG,2022-02-24,2022-03-14,2022-03-16,3-5%,-3.718,266.4862,276.2235,tp_gap_filled,18.3318,4885.17,4885.17,5063.67,3.654,178.5,2
MS,2022-02-24,2022-03-01,2022-03-17,3-5%,-3.955,89.9398,93.4565,tp_gap_filled,54.7936,4928.13,4928.13,5120.82,3.91,192.69,12
NOC,2022-03-16,2022-03-17,2022-03-21,3-5%,-3.885,430.8504,447.3722,tp_gap_filled,11.6233,5007.9,5007.9,5199.94,3.835,192.04,2
XOM,2022-03-15,2022-03-17,2022-03-21,3-5%,-3.737,78.8988,81.7981,tp_gap_filled,63.4574,5006.71,5006.71,5190.69,3.675,183.98,2
DVN,2022-03-11,2022-03-18,2022-03-21,3-5%,-3.781,58.3383,60.5094,tp_gap_filled,85.9947,5016.78,5016.78,5203.49,3.722,186.71,1
FDX,2022-03-18,2022-03-21,2022-03-22,3-5%,-3.5,177.4537,183.523,tp_gap_filled,28.4413,5047.01,5047.01,5219.63,3.42,172.62,1
META,2022-02-16,2022-02-17,2022-03-23,3-5%,-3.887,212.6224,213.2465,time_exit,23.5058,4997.87,4997.87,5012.54,0.294,14.67,23
EXE,2022-03-09,2022-03-11,2022-03-23,3-5%,-3.723,79.4694,82.3775,tp_gap_filled,61.1609,4860.42,4860.42,5038.28,3.659,177.87,8
MSI,2022-02-10,2022-03-17,2022-03-29,3-5%,-3.706,229.8897,238.2615,tp_gap_filled,21.7799,5006.97,5006.97,5189.31,3.642,182.34,8
PPL,2022-02-18,2022-03-22,2022-03-29,3-5%,-3.696,27.1271,28.1119,tp_gap_filled,187.0053,5072.91,5072.91,5257.07,3.63,184.16,5
JPM,2022-02-24,2022-02-28,2022-03-31,3-5%,-3.867,143.0829,136.1837,time_exit,34.9288,4997.71,4997.71,4756.73,-4.822,-240.98,23
BAC,2022-02-24,2022-03-01,2022-04-01,3-5%,-3.975,43.043,40.8591,time_exit,114.5695,4931.41,4931.41,4681.2,-5.074,-250.21,23
GE,2022-03-10,2022-04-07,2022-04-11,3-5%,-3.814,54.7369,56.7934,tp_gap_filled,91.6264,5015.34,5015.34,5203.78,3.757,188.44,2
BBY,2022-03-31,2022-04-04,2022-04-12,3-5%,-3.671,92.9829,96.3336,tp_gap_filled,54.4123,5059.41,5059.41,5241.73,3.604,182.32,6
DASH,2022-03-21,2022-04-11,2022-04-12,3-5%,-3.775,103.3432,107.1827,tp_gap_filled,48.735,5036.44,5036.44,5223.55,3.715,187.12,1
UAL,2022-02-28,2022-04-05,2022-04-14,3-5%,-3.795,44.1541,45.8041,tp_gap_filled,114.1662,5040.91,5040.91,5229.29,3.737,188.38,7
SYK,2022-04-06,2022-04-18,2022-04-19,3-5%,-3.918,258.238,268.2315,tp_gap_filled,19.6504,5074.47,5074.47,5270.85,3.87,196.38,1
CRH,2022-03-10,2022-03-30,2022-04-20,3-5%,-3.52,40.8808,42.2877,tp_gap_filled,124.2674,5080.16,5080.16,5254.98,3.441,174.82,14
JPM,2022-04-13,2022-04-14,2022-04-20,3-5%,-3.497,127.0669,131.4085,tp_gap_filled,39.8856,5068.14,5068.14,5241.3,3.417,173.16,3
BLDR,2022-02-24,2022-04-01,2022-04-21,3-5%,-3.738,64.1941,66.5534,tp_gap_filled,78.7678,5056.43,5056.43,5242.26,3.675,185.83,13
STX,2022-04-14,2022-04-25,2022-04-27,3-5%,-3.472,81.2612,84.0159,tp_gap_filled,62.7854,5102.01,5102.01,5274.97,3.39,172.96,2
COP,2022-03-15,2022-04-25,2022-04-28,3-5%,-3.822,92.9529,96.4535,tp_gap_filled,54.9264,5105.56,5105.56,5297.84,3.766,192.27,3
MLM,2022-02-24,2022-04-25,2022-04-28,3-5%,-3.451,353.1328,365.0246,tp_gap_filled,14.4445,5100.82,5100.82,5272.59,3.368,171.77,3
FANG,2022-04-25,2022-04-26,2022-04-28,3-5%,-3.728,125.3752,129.9699,tp_gap_filled,40.3903,5063.94,5063.94,5249.52,3.665,185.58,2
BKR,2022-04-25,2022-04-27,2022-04-28,3-5%,-3.789,31.011,32.1678,tp_gap_filled,164.2221,5092.69,5092.69,5282.66,3.73,189.98,1
DVN,2022-04-25,2022-04-27,2022-04-28,3-5%,-3.582,56.046,58.0119,tp_gap_filled,90.9056,5094.9,5094.9,5273.61,3.508,178.71,1
EXE,2022-03-29,2022-04-25,2022-05-03,3-5%,-3.991,84.5244,87.862,tp_gap_filled,60.4189,5106.88,5106.88,5308.53,3.949,201.65,6
HAL,2022-03-29,2022-04-25,2022-05-04,3-5%,-3.457,36.066,37.2827,tp_gap_filled,141.5744,5106.03,5106.03,5278.27,3.373,172.25,7
SLB,2022-04-25,2022-04-26,2022-05-04,3-5%,-3.962,40.04,41.6084,tp_gap_filled,126.5512,5067.11,5067.11,5265.58,3.917,198.48,6
AMP,2022-04-26,2022-04-28,2022-05-04,3-5%,-3.901,270.27,280.679,tp_gap_filled,19.1016,5162.58,5162.58,5361.41,3.851,198.83,4
GOOGL,2022-04-27,2022-04-28,2022-05-04,3-5%,-3.523,114.584,118.5314,tp_gap_filled,45.077,5165.1,5165.1,5343.04,3.445,177.94,4
HOOD,2022-05-03,2022-05-04,2022-05-05,3-5%,-3.435,10.1301,10.4695,tp_gap_filled,519.1753,5259.31,5259.31,5435.52,3.35,176.21,1
DASH,2022-05-04,2022-05-05,2022-05-06,3-5%,-3.511,76.4764,64.1759,stop,68.1775,5213.97,5213.97,4375.35,-16.084,-838.61,1
HPQ,2022-03-28,2022-04-08,2022-05-12,3-5%,-3.715,38.3984,35.8042,time_exit,130.8641,5024.97,5024.97,4685.48,-6.756,-339.49,23
IVZ,2022-04-26,2022-05-04,2022-05-12,3-5%,-3.848,20.01,16.7916,stop,262.8735,5260.1,5260.1,4414.06,-16.084,-846.03,6
PSKY,2022-02-24,2022-05-09,2022-05-13,3-5%,-3.697,27.3774,28.3716,tp_gap_filled,187.2202,5125.59,5125.59,5311.74,3.632,186.14,4
TTD,2022-05-09,2022-05-10,2022-05-13,3-5%,-3.925,47.047,48.8711,tp_gap_filled,109.1911,5137.11,5137.11,5336.28,3.877,199.17,3
LRCX,2022-05-09,2022-05-10,2022-05-13,3-5%,-3.82,46.042,47.7752,tp_gap_filled,111.1835,5119.11,5119.11,5311.81,3.764,192.7,3
PODD,2022-05-09,2022-05-10,2022-05-16,3-5%,-3.775,198.0078,205.3644,tp_gap_filled,25.8494,5118.39,5118.39,5308.55,3.715,190.16,4
HON,2022-02-03,2022-04-21,2022-05-24,3-5%,-3.561,198.0502,187.5822,time_exit,25.9197,5133.4,5133.4,4862.07,-5.286,-271.33,23
BNY,2022-04-18,2022-04-22,2022-05-25,3-5%,-3.574,45.6456,44.6753,time_exit,111.974,5111.12,5111.12,5002.47,-2.126,-108.65,23
EIX,2022-05-12,2022-05-16,2022-05-25,3-5%,-3.464,66.1161,68.3516,tp_gap_filled,77.8814,5149.21,5149.21,5323.32,3.381,174.11,7
DECK,2022-05-18,2022-05-24,2022-05-25,3-5%,-3.767,39.2058,40.6593,tp_gap_filled,131.4879,5155.09,5155.09,5346.21,3.707,191.11,1
CMCSA,2022-04-28,2022-05-17,2022-05-26,3-5%,-3.87,40.0869,41.6172,tp_gap_filled,129.1505,5177.24,5177.24,5374.88,3.817,197.64,7
NSC,2022-05-19,2022-05-20,2022-05-26,3-5%,-3.662,229.0989,237.3324,tp_gap_filled,22.3883,5129.12,5129.12,5313.46,3.594,184.34,4
AVGO,2022-05-23,2022-05-24,2022-05-26,3-5%,-3.533,52.4524,54.2647,tp_gap_filled,98.4001,5161.32,5161.32,5339.65,3.455,178.33,2
AXON,2022-05-23,2022-05-25,2022-05-26,3-5%,-3.652,95.8658,99.3006,tp_gap_filled,54.0319,5179.81,5179.81,5365.4,3.583,185.59,1
CARR,2022-05-18,2022-05-26,2022-05-27,3-5%,-3.559,38.7887,40.1398,tp_gap_filled,134.4455,5214.97,5214.97,5396.62,3.483,181.65,1
CRWD,2022-05-09,2022-05-26,2022-05-27,3-5%,-3.519,39.7923,41.1613,tp_gap_filled,131.1464,5218.61,5218.61,5398.16,3.44,179.55,1
ACGL,2022-04-28,2022-04-29,2022-05-31,3-5%,-3.86,46.1261,47.8821,tp_gap_filled,111.1166,5125.38,5125.38,5320.5,3.807,195.12,21
AMZN,2022-05-18,2022-05-26,2022-05-31,3-5%,-3.406,111.5509,115.2531,tp_gap_filled,46.69,5208.31,5208.31,5381.16,3.319,172.86,2
DHI,2022-05-05,2022-05-26,2022-06-01,3-5%,-3.652,72.8828,75.4944,tp_gap_filled,71.554,5215.05,5215.05,5401.93,3.583,186.87,3
INTC,2022-04-29,2022-05-02,2022-06-03,3-5%,-3.95,45.035,43.3466,time_exit,114.3273,5148.73,5148.73,4955.7,-3.749,-193.03,23
DG,2022-05-17,2022-05-26,2022-06-07,3-5%,-3.442,226.3361,233.9358,tp_gap_filled,23.0328,5213.15,5213.15,5388.2,3.358,175.04,7
MPWR,2022-06-03,2022-06-06,2022-06-07,3-5%,-3.369,456.8464,471.8277,tp_gap_filled,11.5014,5254.38,5254.38,5426.68,3.279,172.31,1
DAL,2022-05-31,2022-06-01,2022-06-13,3-5%,-3.599,40.7507,34.1964,stop,128.7781,5247.8,5247.8,4403.74,-16.084,-844.06,8
GOOGL,2022-06-13,2022-06-14,2022-06-15,3-5%,-3.936,106.8933,111.0503,tp_gap_filled,48.7525,5211.32,5211.32,5413.98,3.889,202.67,1
SNPS,2022-06-13,2022-06-14,2022-06-15,3-5%,-3.861,293.8936,305.0846,tp_gap_filled,17.7159,5206.59,5206.59,5404.84,3.808,198.26,1
FANG,2022-06-13,2022-06-14,2022-06-17,3-5%,-3.859,149.6395,125.5715,stop,34.8017,5207.71,5207.71,4370.1,-16.084,-837.61,3
NOW,2022-06-16,2022-06-17,2022-06-22,3-5%,-3.919,89.6275,93.0968,tp_gap_filled,56.5678,5070.03,5070.03,5266.28,3.871,196.25,2
ANET,2022-06-13,2022-06-14,2022-06-23,3-5%,-3.928,22.8303,23.7163,tp_gap_filled,228.2442,5210.88,5210.88,5413.1,3.881,202.21,6
FICO,2022-06-13,2022-06-14,2022-06-23,3-5%,-3.87,386.6463,401.4082,tp_gap_filled,13.4889,5215.42,5215.42,5414.54,3.818,199.12,6
LULU,2022-06-13,2022-06-14,2022-06-24,3-5%,-3.834,280.7004,291.3084,tp_gap_filled,18.5525,5207.69,5207.69,5404.49,3.779,196.8,7
ADSK,2022-06-13,2022-06-15,2022-06-24,3-5%,-3.993,179.7896,186.8929,tp_gap_filled,29.1602,5242.71,5242.71,5449.84,3.951,207.13,6
ALGN,2022-06-13,2022-06-15,2022-06-24,3-5%,-3.956,247.1369,256.8029,tp_gap_filled,21.1956,5238.22,5238.22,5443.1,3.911,204.88,6
GM,2022-06-16,2022-06-21,2022-06-24,3-5%,-3.891,32.8828,34.1458,tp_gap_filled,155.6216,5117.28,5117.28,5313.83,3.841,196.55,3
EXE,2022-06-22,2022-06-23,2022-06-24,3-5%,-3.986,80.3002,83.4665,tp_gap_filled,64.6471,5191.18,5191.18,5395.86,3.943,204.69,1
CNC,2022-05-26,2022-05-31,2022-06-28,3-5%,-3.892,82.072,85.2247,tp_gap_filled,64.0029,5252.85,5252.85,5454.63,3.841,201.78,19
MA,2022-06-13,2022-06-14,2022-06-28,3-5%,-3.809,322.322,334.4153,tp_gap_filled,16.1562,5207.5,5207.5,5402.89,3.752,195.38,9
F,2022-06-16,2022-06-24,2022-06-28,3-5%,-3.83,11.8118,12.2577,tp_gap_filled,445.9994,5268.06,5268.06,5466.94,3.775,198.88,2
LEN,2022-06-13,2022-06-24,2022-07-01,3-5%,-3.788,69.4111,71.9996,tp_gap_filled,75.989,5274.48,5274.48,5471.18,3.729,196.7,5
TPL,2022-06-22,2022-06-30,2022-07-07,3-5%,-3.898,164.8792,171.2242,tp_gap_filled,31.6573,5219.63,5219.63,5420.49,3.848,200.87,4
APTV,2022-07-05,2022-07-06,2022-07-07,3-5%,-3.882,87.9879,91.3585,tp_gap_filled,59.4039,5226.83,5226.83,5427.05,3.831,200.23,1
STT,2022-06-30,2022-07-01,2022-07-08,3-5%,-3.699,61.7717,64.0159,tp_gap_filled,85.1114,5257.47,5257.47,5448.48,3.633,191.01,4
NCLH,2022-07-13,2022-07-14,2022-07-15,3-5%,-3.966,11.1511,11.5884,tp_gap_filled,470.0465,5241.55,5241.55,5447.09,3.921,205.53,1
DASH,2022-07-13,2022-07-14,2022-07-15,3-5%,-3.908,68.4183,71.0589,tp_gap_filled,76.6203,5242.23,5242.23,5444.55,3.859,202.32,1
WFC,2022-06-10,2022-06-24,2022-07-18,3-5%,-3.843,41.071,42.6273,tp_gap_filled,128.3155,5270.05,5270.05,5469.75,3.789,199.7,15
UHS,2022-07-06,2022-07-12,2022-07-18,3-5%,-3.718,101.101,104.7951,tp_gap_filled,52.1835,5275.8,5275.8,5468.57,3.654,192.77,4
OXY,2022-06-13,2022-06-14,2022-07-19,3-5%,-3.914,61.4314,62.7572,time_exit,84.8528,5212.62,5212.62,5325.12,2.158,112.5,23
RL,2022-06-13,2022-06-14,2022-07-19,3-5%,-3.868,96.0259,96.943,time_exit,54.2618,5210.54,5210.54,5260.29,0.955,49.76,23
URI,2022-06-13,2022-06-15,2022-07-20,3-5%,-3.797,269.8496,275.3644,time_exit,19.3984,5234.66,5234.66,5341.64,2.044,106.98,23
MSCI,2022-06-01,2022-06-24,2022-07-21,3-5%,-3.9,425.5251,441.9077,tp_gap_filled,12.3753,5266.01,5266.01,5468.75,3.85,202.74,18
STLD,2022-06-22,2022-06-24,2022-07-21,3-5%,-3.761,68.1381,70.6593,tp_gap_filled,77.421,5275.32,5275.32,5470.51,3.7,195.19,18
GNRC,2022-06-16,2022-07-20,2022-07-21,3-5%,-3.677,239.6394,248.2915,tp_gap_filled,22.6,5415.85,5415.85,5611.39,3.61,195.54,1
ON,2022-06-10,2022-07-20,2022-07-27,3-5%,-3.687,60.4103,62.5973,tp_gap_filled,89.6749,5417.29,5417.29,5613.41,3.62,196.12,5
LYB,2022-06-22,2022-06-24,2022-07-28,3-5%,-3.947,87.6876,88.4714,time_exit,60.0011,5261.35,5261.35,5308.38,0.894,47.03,23
DD,2022-06-16,2022-06-24,2022-07-28,3-5%,-3.811,72.939,75.4015,time_exit,72.2861,5272.48,5272.48,5450.48,3.376,178.01,23
DOW,2022-07-21,2022-07-22,2022-07-28,3-5%,-3.768,50.6206,52.4974,tp_gap_filled,106.7278,5402.62,5402.62,5602.94,3.708,200.32,4
BBY,2022-07-26,2022-07-27,2022-07-28,3-5%,-3.732,73.083,75.7642,tp_gap_filled,74.6814,5457.94,5457.94,5658.18,3.669,200.23,1
AMD,2022-06-13,2022-07-21,2022-08-01,3-5%,-3.754,91.3513,94.7252,tp_gap_filled,59.4606,5431.8,5431.8,5632.41,3.693,200.62,7
MU,2022-07-22,2022-07-25,2022-08-01,3-5%,-3.693,61.3513,63.5764,tp_gap_filled,88.2583,5414.76,5414.76,5611.14,3.627,196.38,5
NOW,2022-07-28,2022-07-29,2022-08-01,3-5%,-3.872,86.3322,89.6303,tp_gap_filled,63.5997,5490.71,5490.71,5700.46,3.82,209.75,1
TJX,2022-07-26,2022-07-27,2022-08-03,3-5%,-3.666,61.031,63.2267,tp_gap_filled,89.5152,5463.2,5463.2,5659.75,3.598,196.55,5
ON,2022-08-01,2022-08-02,2022-08-03,3-5%,-3.774,64.3243,66.7132,tp_gap_filled,85.6235,5507.67,5507.67,5712.22,3.714,204.55,1
PSA,2022-07-29,2022-08-01,2022-08-08,3-5%,-3.812,324.5742,336.7629,tp_gap_filled,16.9754,5509.79,5509.79,5716.7,3.755,206.91,5
ECHO,2022-08-04,2022-08-05,2022-08-08,3-5%,-3.612,19.7697,20.4695,tp_gap_filled,279.1009,5517.75,5517.75,5713.06,3.54,195.3,1
KHC,2022-07-27,2022-07-28,2022-08-10,3-5%,-3.856,37.1872,38.6014,tp_gap_filled,147.3254,5478.61,5478.61,5686.96,3.803,208.35,9
KKR,2022-08-02,2022-08-03,2022-08-11,3-5%,-3.89,53.4234,55.4745,tp_gap_filled,103.5347,5531.17,5531.17,5743.53,3.839,212.36,6
CAT,2022-08-02,2022-08-08,2022-08-11,3-5%,-3.52,188.188,194.6651,tp_gap_filled,29.4285,5538.09,5538.09,5728.7,3.442,190.61,3
TTWO,2022-08-09,2022-08-11,2022-08-15,3-5%,-3.474,121.2712,125.3845,tp_gap_filled,45.9392,5571.1,5571.1,5760.06,3.392,188.96,2
MRNA,2022-08-09,2022-08-10,2022-08-19,3-5%,-3.788,176.186,147.8482,stop,31.5721,5562.56,5562.56,4667.87,-16.084,-894.68,7
OXY,2022-08-15,2022-08-16,2022-08-19,3-5%,-3.53,63.4734,65.6643,tp_gap_filled,87.7872,5572.15,5572.15,5764.48,3.452,192.33,3
BKR,2022-07-14,2022-07-20,2022-08-22,3-5%,-3.812,25.7657,25.2447,time_exit,210.201,5415.98,5415.98,5306.47,-2.022,-109.52,23
COP,2022-06-16,2022-08-18,2022-08-23,3-5%,-3.951,105.115,109.2207,tp_gap_filled,52.7921,5549.24,5549.24,5765.99,3.906,216.75,3
APP,2022-08-22,2022-08-23,2022-08-24,3-5%,-3.75,25.9459,26.9031,tp_gap_filled,213.9476,5551.07,5551.07,5755.85,3.689,204.78,1
DDOG,2022-08-05,2022-08-19,2022-08-25,3-5%,-3.883,106.3062,110.3795,tp_gap_filled,52.2184,5551.14,5551.14,5763.84,3.832,212.7,4
ABNB,2022-08-22,2022-09-01,2022-09-02,3-5%,-3.834,110.4704,114.6452,tp_gap_filled,50.1756,5542.92,5542.92,5752.39,3.779,209.48,1
GM,2022-08-22,2022-08-31,2022-09-07,3-5%,-3.678,38.2782,39.6603,tp_gap_filled,144.2946,5523.34,5523.34,5722.77,3.611,199.42,4
VLO,2022-08-15,2022-09-01,2022-09-12,3-5%,-3.672,111.071,115.0748,tp_gap_filled,49.9607,5549.18,5549.18,5749.22,3.605,200.04,6
GNRC,2022-08-22,2022-08-24,2022-09-14,3-5%,-3.519,247.247,207.4798,stop,22.5107,5565.69,5565.69,4670.51,-16.084,-895.19,14
DASH,2022-08-19,2022-08-22,2022-09-15,3-5%,-3.643,64.3343,66.6333,tp_gap_filled,86.123,5540.66,5540.66,5738.66,3.574,198.0,17
NFLX,2022-08-22,2022-08-24,2022-09-15,3-5%,-3.57,23.2783,24.0919,tp_gap_filled,239.2572,5569.49,5569.49,5764.16,3.495,194.67,15
TSLA,2022-09-13,2022-09-14,2022-09-15,3-5%,-3.784,293.1929,304.1156,tp_gap_filled,18.9432,5554.01,5554.01,5760.92,3.725,206.91,1
UAL,2022-09-13,2022-09-14,2022-09-15,3-5%,-3.774,37.7777,39.1808,tp_gap_filled,147.2541,5562.93,5562.93,5769.53,3.714,206.6,1
DDOG,2022-09-16,2022-09-19,2022-09-21,3-5%,-3.775,91.8518,95.2646,tp_gap_filled,60.5302,5559.8,5559.8,5766.38,3.716,206.58,2
SMCI,2022-09-13,2022-09-14,2022-09-22,3-5%,-3.99,6.4064,5.376,stop,866.9311,5553.91,5553.91,4660.62,-16.084,-893.29,6
OXY,2022-08-22,2022-09-01,2022-09-26,3-5%,-3.773,68.6686,57.6239,stop,80.8268,5550.27,5550.27,4657.56,-16.084,-892.7,16
PSKY,2022-09-13,2022-09-15,2022-09-26,3-5%,-3.586,23.4134,19.6476,stop,238.5859,5586.1,5586.1,4687.64,-16.084,-898.47,7
KKR,2022-09-13,2022-09-15,2022-10-03,3-5%,-3.967,50.6406,42.4956,stop,110.4179,5591.63,5591.63,4692.27,-16.084,-899.36,12
LRCX,2022-07-05,2022-09-23,2022-10-03,3-5%,-3.84,38.005,39.4435,tp_gap_filled,141.1267,5363.51,5363.51,5566.53,3.785,203.02,6
FERG,2022-07-05,2022-09-27,2022-10-04,3-5%,-3.896,105.6856,109.7501,tp_gap_filled,50.403,5326.88,5326.88,5531.74,3.846,204.87,5
TRGP,2022-09-23,2022-10-03,2022-10-04,3-5%,-3.606,63.1531,65.3845,tp_gap_filled,84.8771,5360.25,5360.25,5549.65,3.533,189.4,1
MOS,2022-09-23,2022-10-04,2022-10-10,3-5%,-3.503,50.7307,52.4675,tp_gap_filled,107.5533,5456.25,5456.25,5643.05,3.424,186.8,4
CCL,2022-10-05,2022-10-06,2022-10-10,3-5%,-3.737,7.4775,6.2748,stop,723.8378,5412.48,5412.48,4541.93,-16.084,-870.54,2
ODFL,2022-10-05,2022-10-07,2022-10-12,3-5%,-3.676,131.6916,136.4434,tp_gap_filled,40.3719,5316.64,5316.64,5508.48,3.608,191.84,3
RCL,2022-10-05,2022-10-10,2022-10-12,3-5%,-3.945,42.1621,43.8061,tp_gap_filled,125.4077,5287.46,5287.46,5493.63,3.899,206.17,2
AMGN,2022-09-12,2022-10-11,2022-10-12,3-5%,-3.912,238.238,247.4423,tp_gap_filled,22.0864,5261.83,5261.83,5465.12,3.863,203.29,1
TER,2022-09-13,2022-09-14,2022-10-13,3-5%,-3.937,84.0239,70.5095,stop,66.1154,5555.28,5555.28,4661.77,-16.084,-893.51,21
NEE,2022-09-15,2022-09-16,2022-10-13,3-5%,-3.87,85.5254,71.7695,stop,64.9306,5553.22,5553.22,4660.04,-16.084,-893.18,19
FCX,2022-10-13,2022-10-14,2022-10-17,3-5%,-3.988,27.7177,28.8112,tp_gap_filled,188.9178,5236.36,5236.36,5442.94,3.945,206.58,1
DECK,2022-09-13,2022-09-15,2022-10-18,3-5%,-3.973,57.3006,59.5521,tp_gap_filled,97.6481,5595.29,5595.29,5815.15,3.929,219.85,23
WYNN,2022-10-13,2022-10-14,2022-10-18,3-5%,-3.815,56.5265,58.6513,tp_gap_filled,92.6226,5235.63,5235.63,5432.44,3.759,196.81,2
UPS,2022-09-16,2022-09-19,2022-10-20,3-5%,-3.962,177.8477,160.819,time_exit,31.2382,5555.64,5555.64,5023.7,-9.575,-531.94,23
PHM,2022-09-13,2022-09-19,2022-10-20,3-5%,-3.822,40.5605,36.5534,time_exit,137.0557,5559.05,5559.05,5009.85,-9.879,-549.2,23
ALGN,2022-10-13,2022-10-20,2022-10-21,3-5%,-3.86,200.22,207.842,tp_gap_filled,26.331,5271.98,5271.98,5472.68,3.807,200.69,1
CRH,2022-09-20,2022-09-21,2022-10-24,3-5%,-3.853,34.7247,34.5354,time_exit,157.4212,5466.4,5466.4,5436.61,-0.545,-29.79,23
GM,2022-09-29,2022-10-04,2022-10-24,3-5%,-3.518,34.044,35.2148,tp_gap_filled,159.8582,5442.21,5442.21,5629.37,3.439,187.15,14
INTC,2022-10-07,2022-10-13,2022-10-24,3-5%,-3.716,26.1962,27.1528,tp_gap_filled,201.6517,5282.5,5282.5,5475.41,3.652,192.91,7
DELL,2022-10-07,2022-10-21,2022-10-24,3-5%,-3.815,36.086,37.4425,tp_gap_filled,147.6955,5329.75,5329.75,5530.09,3.759,200.34,1
TTD,2022-10-21,2022-10-24,2022-10-25,3-5%,-3.877,54.3443,56.4235,tp_gap_filled,98.4454,5349.94,5349.94,5554.63,3.826,204.69,1
CRL,2022-09-13,2022-10-05,2022-10-26,3-5%,-3.98,214.6745,223.1267,tp_gap_filled,25.3543,5442.92,5442.92,5657.22,3.937,214.3,15
TFC,2022-10-18,2022-10-19,2022-10-26,3-5%,-3.759,42.8028,44.3856,tp_gap_filled,123.949,5305.36,5305.36,5501.55,3.698,196.19,5
CCI,2022-10-20,2022-10-21,2022-10-28,3-5%,-3.749,125.9258,130.5693,tp_gap_filled,42.3693,5335.39,5335.39,5532.13,3.687,196.74,5
URI,2022-09-13,2022-10-26,2022-10-31,3-5%,-3.826,301.7114,313.0866,tp_gap_filled,17.954,5416.93,5416.93,5621.16,3.77,204.23,3
EIX,2022-07-14,2022-09-29,2022-11-01,3-5%,-3.746,59.9299,60.4495,time_exit,88.7787,5320.49,5320.49,5366.62,0.867,46.13,23
DECK,2022-10-28,2022-11-02,2022-11-03,3-5%,-3.665,57.8478,59.9283,tp_gap_filled,93.6649,5418.31,5418.31,5613.18,3.597,194.88,1
TECH,2022-11-01,2022-11-03,2022-11-04,3-5%,-3.568,71.4939,73.9909,tp_gap_filled,75.5878,5404.07,5404.07,5592.81,3.493,188.74,1
FTNT,2022-10-13,2022-11-03,2022-11-07,3-5%,-3.63,46.5065,48.1618,tp_gap_filled,116.2725,5407.42,5407.42,5599.89,3.559,192.47,2
DASH,2022-10-07,2022-11-04,2022-11-07,3-5%,-3.586,51.1411,52.937,tp_gap_filled,106.3211,5437.38,5437.38,5628.32,3.512,190.94,1
UNP,2022-10-20,2022-10-24,2022-11-08,3-5%,-3.754,192.7426,199.8599,tp_gap_filled,27.7908,5356.47,5356.47,5554.27,3.693,197.8,11
INTU,2022-10-13,2022-11-03,2022-11-08,3-5%,-3.85,373.4931,387.6719,tp_gap_filled,14.4945,5413.58,5413.58,5619.1,3.796,205.51,3
CDNS,2022-10-13,2022-11-04,2022-11-08,3-5%,-3.785,142.5124,147.822,tp_gap_filled,38.1551,5437.57,5437.57,5640.16,3.726,202.59,2
MU,2022-09-13,2022-10-13,2022-11-10,3-5%,-3.866,55.7557,57.8821,tp_gap_filled,94.8199,5286.75,5286.75,5488.37,3.814,201.62,20
COF,2022-09-13,2022-10-28,2022-11-10,3-5%,-3.516,106.0359,109.6802,tp_gap_filled,51.3124,5440.96,5440.96,5627.96,3.437,187.0,9
WDAY,2022-10-13,2022-11-04,2022-11-10,3-5%,-3.912,138.4383,143.7861,tp_gap_filled,39.3605,5449.0,5449.0,5659.49,3.863,210.49,4
ABT,2022-10-19,2022-11-02,2022-11-11,3-5%,-3.791,101.101,104.875,tp_gap_filled,53.6743,5426.52,5426.52,5629.09,3.733,202.57,7
PPG,2022-09-13,2022-11-11,2022-11-15,3-5%,-3.276,127.3973,131.4484,tp_gap_filled,43.6078,5555.51,5555.51,5732.17,3.18,176.66,2
OXY,2022-11-18,2022-11-21,2022-11-22,3-5%,-3.387,69.109,71.3885,tp_gap_filled,79.8601,5519.05,5519.05,5701.09,3.298,182.04,1
TPR,2022-09-13,2022-11-11,2022-11-23,3-5%,-3.491,35.1451,36.3436,tp_gap_filled,158.0229,5553.73,5553.73,5743.12,3.41,189.39,8
KLAC,2022-11-16,2022-11-17,2022-11-23,3-5%,-3.569,37.2162,38.5164,tp_gap_filled,148.7579,5536.2,5536.2,5729.63,3.494,193.42,4
AMD,2022-11-16,2022-11-17,2022-11-23,3-5%,-3.549,73.7337,76.2936,tp_gap_filled,75.1224,5539.05,5539.05,5731.36,3.472,192.31,4
COIN,2022-11-21,2022-11-22,2022-11-23,3-5%,-3.668,43.6436,45.2147,tp_gap_filled,127.6208,5569.83,5569.83,5770.34,3.6,200.51,1
CMG,2022-10-26,2022-11-14,2022-11-30,3-5%,-3.258,30.6788,31.6487,tp_gap_filled,180.8375,5547.89,5547.89,5723.28,3.161,175.39,11
RCL,2022-11-16,2022-11-17,2022-12-01,3-5%,-3.642,58.5285,60.6193,tp_gap_filled,94.648,5539.6,5539.6,5737.5,3.572,197.89,9
INTU,2022-12-02,2022-12-05,2022-12-13,3-5%,-3.413,402.2719,415.6539,tp_gap_filled,13.8704,5579.68,5579.68,5765.29,3.327,185.61,6
UBER,2022-12-02,2022-12-06,2022-12-13,3-5%,-3.387,27.4074,28.3117,tp_gap_filled,202.6354,5553.71,5553.71,5736.94,3.299,183.24,5
EXPE,2022-12-07,2022-12-08,2022-12-13,3-5%,-3.993,93.133,96.8131,tp_gap_filled,59.5004,5541.46,5541.46,5760.42,3.951,218.96,3
APA,2022-11-28,2022-12-06,2022-12-14,3-5%,-3.446,44.8748,46.3836,tp_gap_filled,123.8986,5559.93,5559.93,5746.86,3.362,186.93,6
MRVL,2022-10-07,2022-11-15,2022-12-16,3-5%,-3.753,46.2062,38.7744,stop,120.3166,5559.37,5559.37,4665.2,-16.084,-894.17,22
BX,2022-12-01,2022-12-13,2022-12-16,3-5%,-3.955,87.9979,73.8443,stop,63.7027,5605.7,5605.7,4704.08,-16.084,-901.62,3
EQT,2022-11-28,2022-12-01,2022-12-22,3-5%,-3.672,41.4915,34.818,stop,135.5523,5624.26,5624.26,4719.66,-16.084,-904.61,15
NCLH,2022-11-03,2022-12-06,2022-12-22,3-5%,-3.731,15.7557,13.2216,stop,352.7997,5558.62,5558.62,4664.57,-16.084,-894.05,12
EL,2022-12-15,2022-12-16,2022-12-27,3-5%,-3.439,240.8906,248.9708,tp_gap_filled,22.9092,5518.6,5518.6,5703.71,3.354,185.11,6
AMAT,2022-11-17,2022-12-22,2023-01-06,3-5%,-3.646,100.5204,104.1158,tp_gap_filled,54.5859,5486.99,5486.99,5683.25,3.577,196.26,9
EQT,2023-01-03,2023-01-04,2023-01-06,3-5%,-3.429,32.7027,33.7962,tp_gap_filled,167.9522,5492.48,5492.48,5676.14,3.344,183.66,2
ADSK,2022-10-13,2022-12-20,2023-01-09,3-5%,-3.641,186.7766,193.4464,tp_gap_filled,29.3941,5490.12,5490.12,5686.17,3.571,196.05,12
LRCX,2022-12-22,2023-01-06,2023-01-09,3-5%,-3.566,43.2332,44.7422,tp_gap_filled,127.9542,5531.87,5531.87,5724.95,3.49,193.09,1
BBY,2022-12-14,2022-12-15,2023-01-10,3-5%,-3.711,81.0309,83.9859,tp_gap_filled,68.5813,5557.21,5557.21,5759.87,3.647,202.66,16
XYZ,2022-12-15,2023-01-06,2023-01-11,3-5%,-3.874,68.5585,71.1787,tp_gap_filled,80.6629,5530.13,5530.13,5741.49,3.822,211.36,3
TSLA,2023-01-03,2023-01-09,2023-01-11,3-5%,-3.824,118.5885,123.0568,tp_gap_filled,46.7566,5544.8,5544.8,5753.72,3.768,208.92,2
CVNA,2023-01-05,2023-01-11,2023-01-12,3-5%,-3.373,0.975,1.007,tp_gap_filled,5710.5348,5567.62,5567.62,5750.46,3.284,182.84,1
CRL,2023-01-12,2023-01-17,2023-01-23,3-5%,-3.831,237.7175,246.6931,tp_gap_filled,23.4105,5565.09,5565.09,5775.21,3.776,210.12,4
SYY,2022-12-15,2022-12-19,2023-01-24,3-5%,-3.531,79.3192,82.0579,tp_gap_filled,69.2801,5495.25,5495.25,5684.98,3.453,189.73,23
CVNA,2023-01-19,2023-01-23,2023-01-24,3-5%,-3.295,1.3514,1.3946,tp_gap_filled,4100.6235,5541.38,5541.38,5718.75,3.201,177.37,1
GIS,2022-12-20,2022-12-21,2023-01-26,3-5%,-3.949,83.7637,76.7232,time_exit,65.8078,5512.3,5512.3,5048.98,-8.405,-463.32,23
LMT,2023-01-13,2023-01-18,2023-01-26,3-5%,-3.301,446.9465,461.2783,tp_gap_filled,12.369,5528.3,5528.3,5705.57,3.207,177.27,6
AMD,2023-01-24,2023-01-25,2023-01-26,3-5%,-3.633,73.8237,76.4535,tp_gap_filled,75.276,5557.15,5557.15,5755.11,3.562,197.95,1
DLR,2022-12-14,2023-01-12,2023-01-27,3-5%,-3.52,107.2872,110.9789,tp_gap_filled,51.909,5569.17,5569.17,5760.81,3.441,191.63,10
DASH,2023-01-25,2023-01-26,2023-01-27,3-5%,-3.528,57.4874,59.4705,tp_gap_filled,97.3931,5598.88,5598.88,5792.02,3.45,193.13,1
CVNA,2023-01-25,2023-01-26,2023-01-27,3-5%,-3.464,1.2833,1.3267,tp_gap_filled,4360.9003,5596.26,5596.26,5785.48,3.381,189.22,1
LULU,2023-01-24,2023-01-25,2023-02-01,3-5%,-3.679,304.7545,315.7639,tp_gap_filled,18.2206,5552.81,5552.81,5753.41,3.613,200.6,5
TER,2023-01-26,2023-01-27,2023-02-01,3-5%,-3.606,99.8097,103.3366,tp_gap_filled,56.2631,5615.6,5615.6,5814.03,3.534,198.43,3
NTRS,2023-01-19,2023-01-23,2023-02-02,3-5%,-3.759,95.3452,98.871,tp_gap_filled,58.1433,5543.69,5543.69,5748.69,3.698,205.0,8
DGX,2022-11-17,2023-01-24,2023-02-02,3-5%,-3.464,144.2441,149.1207,tp_gap_filled,38.5615,5562.26,5562.26,5750.31,3.381,188.05,7
CVS,2022-10-25,2023-01-03,2023-02-06,3-5%,-3.871,91.2211,85.1647,time_exit,59.9554,5469.2,5469.2,5106.08,-6.639,-363.11,23
APTV,2023-02-03,2023-02-06,2023-02-09,3-5%,-3.96,114.094,118.5613,tp_gap_filled,49.4338,5640.09,5640.09,5860.93,3.915,220.84,3
RL,2023-01-27,2023-02-07,2023-02-16,3-5%,-3.47,120.0199,124.0858,tp_gap_filled,47.0558,5647.64,5647.64,5838.96,3.388,191.32,7
ISRG,2023-01-11,2023-01-17,2023-02-17,3-5%,-3.674,261.6514,238.6711,time_exit,21.2638,5563.7,5563.7,5075.05,-8.783,-488.65,23
KMB,2023-01-25,2023-01-26,2023-03-01,3-5%,-3.758,129.6996,124.5953,time_exit,43.1586,5597.65,5597.65,5377.36,-3.935,-220.29,23
CRM,2023-02-10,2023-02-13,2023-03-02,3-5%,-3.455,167.8277,173.4863,tp_gap_filled,33.6939,5654.78,5654.78,5845.44,3.372,190.66,12
EOG,2023-02-24,2023-02-27,2023-03-02,3-5%,-3.949,114.9248,119.4105,tp_gap_filled,48.0827,5525.9,5525.9,5741.58,3.903,215.68,3
BA,2023-02-24,2023-02-27,2023-03-02,3-5%,-3.906,200.2,207.9219,tp_gap_filled,27.5998,5525.48,5525.48,5738.6,3.857,213.12,3
CL,2023-01-27,2023-01-30,2023-03-03,3-5%,-3.548,72.9228,73.876,time_exit,76.7477,5596.66,5596.66,5669.82,1.307,73.16,23
TDG,2023-02-16,2023-02-17,2023-03-03,3-5%,-3.666,740.74,767.3918,tp_gap_filled,7.5636,5602.69,5602.69,5804.28,3.598,201.58,9
AMZN,2023-01-25,2023-02-24,2023-03-06,3-5%,-3.904,92.6526,96.2237,tp_gap_filled,59.594,5521.54,5521.54,5734.36,3.854,212.82,6
COST,2022-12-01,2023-02-01,2023-03-07,3-5%,-3.729,519.6592,484.6648,time_exit,10.8688,5648.09,5648.09,5267.74,-6.734,-380.35,23
ON,2023-02-06,2023-02-22,2023-03-08,3-5%,-3.882,77.8277,80.8091,tp_gap_filled,71.508,5565.31,5565.31,5778.5,3.831,213.19,10
BXP,2023-02-01,2023-02-09,2023-03-10,3-5%,-3.609,71.9218,60.3539,stop,78.1935,5623.82,5623.82,4719.29,-16.084,-904.54,20
CVNA,2023-03-02,2023-03-09,2023-03-10,3-5%,-3.704,1.7177,1.4414,stop,3220.1892,5531.37,5531.37,4641.7,-16.084,-889.67,1
DDOG,2023-02-24,2023-03-01,2023-03-13,3-5%,-3.952,75.6656,63.4955,stop,73.1046,5531.5,5531.5,4641.81,-16.084,-889.69,8
MTB,2023-03-10,2023-03-13,2023-03-14,3-5%,-3.682,128.8487,133.5064,tp_gap_filled,41.9851,5409.73,5409.73,5605.28,3.615,195.55,1
HON,2023-02-02,2023-02-09,2023-03-15,3-5%,-3.759,196.853,185.7652,time_exit,28.5681,5623.72,5623.72,5306.97,-5.633,-316.76,23
QCOM,2023-02-03,2023-02-09,2023-03-15,3-5%,-3.452,131.2912,115.3745,time_exit,42.8305,5623.27,5623.27,4941.55,-12.123,-681.72,23
COP,2023-02-02,2023-02-10,2023-03-15,3-5%,-3.577,113.6035,95.3315,stop,49.554,5629.51,5629.51,4724.06,-16.084,-905.45,22
HBAN,2023-03-10,2023-03-14,2023-03-15,3-5%,-3.639,13.2532,11.1216,stop,409.0267,5420.93,5420.93,4549.03,-16.084,-871.9,1
CVNA,2023-03-13,2023-03-14,2023-03-16,3-5%,-3.967,1.4054,1.4605,tp_gap_filled,3867.531,5435.44,5435.44,5648.68,3.923,213.23,2
LITE,2023-02-10,2023-02-14,2023-03-20,3-5%,-3.582,58.1981,51.1987,time_exit,96.9867,5644.44,5644.44,4965.6,-12.027,-678.85,23
GPN,2023-03-15,2023-03-16,2023-03-21,3-5%,-3.893,97.3573,101.0988,tp_gap_filled,54.8223,5337.35,5337.35,5542.47,3.843,205.12,3
CCL,2023-03-15,2023-03-16,2023-03-21,3-5%,-3.859,8.7287,9.0609,tp_gap_filled,612.5887,5347.11,5347.11,5550.62,3.806,203.51,3
APO,2023-03-15,2023-03-16,2023-03-21,3-5%,-3.782,57.5575,59.7002,tp_gap_filled,93.1538,5361.7,5361.7,5561.31,3.723,199.6,3
VLO,2023-03-15,2023-03-16,2023-03-21,3-5%,-3.738,126.8267,131.4884,tp_gap_filled,42.3196,5367.26,5367.26,5564.54,3.676,197.28,3
XOM,2023-03-15,2023-03-23,2023-03-28,3-5%,-3.853,102.9228,106.8331,tp_gap_filled,51.2058,5270.25,5270.25,5470.48,3.799,200.23,3
NCLH,2023-03-15,2023-03-16,2023-03-30,3-5%,-3.82,12.8528,13.3367,tp_gap_filled,416.7439,5356.34,5356.34,5557.97,3.764,201.62,10
TRGP,2023-03-15,2023-03-21,2023-03-31,3-5%,-3.606,69.8298,72.2976,tp_gap_filled,77.2696,5395.72,5395.72,5586.41,3.534,190.69,8
DLTR,2023-03-02,2023-03-07,2023-04-03,3-5%,-3.963,142.3922,147.9719,tp_gap_filled,39.0742,5563.87,5563.87,5781.89,3.918,218.02,19
COP,2023-03-15,2023-03-23,2023-04-03,3-5%,-3.887,97.5174,101.2586,tp_gap_filled,54.0746,5273.22,5273.22,5475.52,3.836,202.31,7
MOS,2023-04-06,2023-04-10,2023-04-11,3-5%,-3.629,44.6546,46.2437,tp_gap_filled,121.6237,5431.06,5431.06,5624.33,3.559,193.27,1
SYF,2023-01-19,2023-03-10,2023-04-13,3-5%,-3.523,32.072,29.7402,time_exit,170.0035,5452.36,5452.36,5055.94,-7.271,-396.42,23
AIG,2023-03-13,2023-03-14,2023-04-17,3-5%,-3.989,51.081,51.8681,time_exit,106.4042,5435.24,5435.24,5518.98,1.541,83.75,23
PRU,2023-03-13,2023-03-14,2023-04-17,3-5%,-3.92,85.1351,86.9929,time_exit,63.7555,5427.82,5427.82,5546.27,2.182,118.45,23
MET,2023-03-13,2023-03-14,2023-04-17,3-5%,-3.815,60.06,61.4785,time_exit,90.2956,5423.15,5423.15,5551.23,2.362,128.08,23
WFC,2023-03-13,2023-03-14,2023-04-17,3-5%,-3.772,39.8398,41.2587,time_exit,136.0118,5418.68,5418.68,5611.67,3.562,192.99,23
BEN,2023-03-13,2023-03-15,2023-04-18,3-5%,-3.663,26.5866,26.953,time_exit,199.123,5294.0,5294.0,5366.97,1.378,72.97,23
COIN,2023-04-17,2023-04-18,2023-04-24,3-5%,-3.991,67.1871,56.3807,stop,82.0254,5511.05,5511.05,4624.66,-16.084,-886.4,4
CVNA,2023-04-20,2023-04-24,2023-04-28,3-5%,-3.824,1.6617,1.3944,stop,3301.8727,5486.59,5486.59,4604.13,-16.084,-882.46,4
NXPI,2023-04-20,2023-04-21,2023-05-02,3-5%,-3.669,166.6164,172.6172,tp_gap_filled,32.8385,5471.43,5471.43,5668.49,3.602,197.06,7
GNRC,2023-03-31,2023-04-03,2023-05-03,3-5%,-3.546,108.108,111.858,tp_gap_filled,50.2447,5431.86,5431.86,5620.28,3.469,188.42,21
NTRS,2023-04-17,2023-04-18,2023-05-04,3-5%,-3.89,84.5845,70.9799,stop,65.158,5511.35,5511.35,4624.91,-16.084,-886.45,12
TSLA,2023-03-13,2023-04-20,2023-05-08,3-5%,-3.448,167.6275,173.2666,tp_gap_filled,32.7056,5482.35,5482.35,5666.78,3.364,184.43,12
GOOGL,2023-04-17,2023-04-18,2023-05-09,3-5%,-3.867,104.7647,108.7611,tp_gap_filled,52.6507,5515.93,5515.93,5726.35,3.815,210.42,15
GOOG,2023-04-17,2023-04-18,2023-05-09,3-5%,-3.682,105.5354,109.3505,tp_gap_filled,52.2596,5515.23,5515.23,5714.61,3.615,199.38,15
CRH,2023-04-05,2023-04-12,2023-05-15,3-5%,-3.742,48.4084,49.4605,time_exit,112.5711,5449.38,5449.38,5567.82,2.173,118.44,23
EXE,2023-03-06,2023-04-14,2023-05-17,3-5%,-3.742,81.101,78.1817,time_exit,67.4707,5471.94,5471.94,5274.97,-3.6,-196.97,23
NOW,2023-04-14,2023-04-17,2023-05-17,3-5%,-3.458,93.4494,96.6033,tp_gap_filled,58.9034,5504.49,5504.49,5690.27,3.375,185.78,22
COIN,2023-05-16,2023-05-17,2023-05-18,3-5%,-3.439,58.7387,60.7092,tp_gap_filled,90.9781,5343.93,5343.93,5523.21,3.355,179.28,1
COHR,2023-05-09,2023-05-19,2023-05-22,3-5%,-3.888,30.9309,32.1179,tp_gap_filled,173.5997,5369.6,5369.6,5575.65,3.837,206.05,1
CEG,2023-02-21,2023-05-19,2023-05-23,3-5%,-3.477,81.6916,84.4655,tp_gap_filled,65.7045,5367.5,5367.5,5549.76,3.396,182.25,2
GM,2023-04-20,2023-04-21,2023-05-24,3-5%,-3.759,33.3133,32.2477,time_exit,164.1834,5469.49,5469.49,5294.54,-3.199,-174.95,23
MU,2023-05-22,2023-05-23,2023-05-25,3-5%,-3.55,65.8157,68.1018,tp_gap_filled,82.0153,5397.9,5397.9,5585.4,3.473,187.49,2
DHR,2023-04-20,2023-04-25,2023-05-26,3-5%,-3.831,217.4158,205.6541,time_exit,24.6808,5366.0,5366.0,5075.71,-5.41,-290.29,23
AXP,2023-04-20,2023-04-25,2023-05-26,3-5%,-3.607,159.159,157.0828,time_exit,33.6236,5351.49,5351.49,5281.68,-1.305,-69.81,23
INTU,2023-05-15,2023-05-25,2023-05-26,3-5%,-3.419,413.413,427.1924,tp_gap_filled,13.0012,5374.85,5374.85,5554.0,3.333,179.15,1
IP,2023-04-25,2023-04-26,2023-05-30,3-5%,-3.766,35.045,30.1099,time_exit,151.1972,5298.71,5298.71,4552.53,-14.082,-746.18,23
MCHP,2023-05-24,2023-05-26,2023-05-30,3-5%,-3.504,74.9749,77.5424,tp_gap_filled,71.9817,5396.82,5396.82,5581.63,3.424,184.81,1
IQV,2023-05-24,2023-05-31,2023-06-02,3-5%,-3.36,195.195,201.5782,tp_gap_filled,27.6259,5392.43,5392.43,5568.78,3.27,176.34,2
CVNA,2023-05-31,2023-06-01,2023-06-02,3-5%,-3.717,2.6446,2.7413,tp_gap_filled,2042.2233,5400.95,5400.95,5598.26,3.653,197.31,1
VZ,2023-06-02,2023-06-06,2023-06-12,3-5%,-3.695,34.4344,35.6843,tp_gap_filled,156.9997,5406.19,5406.19,5602.42,3.63,196.23,4
RVTY,2023-05-09,2023-05-10,2023-06-13,3-5%,-3.555,123.5734,114.7851,time_exit,43.3201,5353.21,5353.21,4972.5,-7.112,-380.71,23
HPQ,2023-05-31,2023-06-01,2023-06-13,3-5%,-3.75,29.7998,30.8991,tp_gap_filled,181.3569,5404.39,5404.39,5603.76,3.689,199.37,8
TMO,2023-04-26,2023-05-11,2023-06-14,3-5%,-3.716,528.528,519.5999,time_exit,10.0963,5336.18,5336.18,5246.04,-1.689,-90.14,23
ITW,2023-05-02,2023-06-07,2023-06-14,3-5%,-3.588,237.227,245.5642,tp_gap_filled,22.8327,5416.52,5416.52,5606.88,3.514,190.36,5
COO,2023-06-02,2023-06-13,2023-06-16,3-5%,-3.757,90.1225,93.454,tp_gap_filled,60.3918,5442.66,5442.66,5643.85,3.697,201.19,3
TSLA,2023-06-15,2023-06-22,2023-06-23,3-5%,-3.267,248.6484,256.5332,tp_gap_filled,21.8759,5439.4,5439.4,5611.89,3.171,172.49,1
NCLH,2023-06-26,2023-06-27,2023-06-28,3-5%,-3.505,18.7387,19.3806,tp_gap_filled,290.9781,5452.56,5452.56,5639.33,3.425,186.77,1
COHR,2023-06-23,2023-06-26,2023-06-29,3-5%,-3.445,47.1271,48.7112,tp_gap_filled,115.5944,5447.63,5447.63,5630.75,3.361,183.12,3
DRI,2023-06-22,2023-06-23,2023-06-30,3-5%,-3.251,161.161,166.2436,tp_gap_filled,33.692,5429.83,5429.83,5601.08,3.154,171.24,5
BALL,2023-06-20,2023-06-26,2023-07-03,3-5%,-3.252,56.5865,58.3716,tp_gap_filled,96.1751,5442.21,5442.21,5613.89,3.155,171.68,5
MRVL,2023-06-28,2023-06-29,2023-07-03,3-5%,-3.334,58.6286,60.5294,tp_gap_filled,92.861,5444.31,5444.31,5620.82,3.242,176.51,2
XEL,2023-06-02,2023-06-21,2023-07-05,3-5%,-3.006,61.7016,63.4864,tp_gap_filled,88.0336,5431.82,5431.82,5588.94,2.893,157.12,9
MU,2023-05-31,2023-06-01,2023-07-06,3-5%,-3.892,68.9689,61.1688,time_exit,78.353,5403.92,5403.92,4792.76,-11.31,-611.16,23
COIN,2023-07-05,2023-07-06,2023-07-07,3-5%,-3.791,76.9769,79.8501,tp_gap_filled,70.3359,5414.24,5414.24,5616.32,3.733,202.09,1
VEEV,2023-06-28,2023-06-29,2023-07-11,3-5%,-3.372,195.0849,201.4883,tp_gap_filled,27.907,5444.23,5444.23,5622.93,3.282,178.7,7
FCX,2023-04-21,2023-06-13,2023-07-13,3-5%,-3.796,39.8298,41.3186,tp_gap_filled,136.6497,5442.73,5442.73,5646.18,3.738,203.45,20
GPN,2023-05-01,2023-07-12,2023-07-18,3-5%,-3.753,108.5885,112.5973,tp_gap_filled,50.303,5462.32,5462.32,5663.98,3.692,201.65,4
WBD,2023-07-07,2023-07-17,2023-07-18,3-5%,-3.315,12.2622,12.6573,tp_gap_filled,445.5406,5463.33,5463.33,5639.35,3.222,176.02,1
REGN,2023-05-04,2023-06-15,2023-07-20,3-5%,-3.44,776.3155,722.297,time_exit,7.0221,5451.35,5451.35,5072.03,-6.958,-379.32,23
ALL,2023-07-13,2023-07-14,2023-07-20,3-5%,-3.299,104.1541,107.4924,tp_gap_filled,52.4726,5465.23,5465.23,5640.4,3.205,175.17,4
NKE,2023-05-19,2023-06-16,2023-07-21,3-5%,-3.626,114.6746,108.9509,time_exit,47.5484,5452.59,5452.59,5180.44,-4.991,-272.15,23
AMT,2023-07-20,2023-07-21,2023-07-24,3-5%,-3.326,183.0028,188.9209,tp_gap_filled,30.0342,5496.34,5496.34,5674.08,3.234,177.74,1
CIEN,2023-07-14,2023-07-19,2023-07-27,3-5%,-3.516,42.3023,43.7562,tp_gap_filled,129.7987,5490.78,5490.78,5679.5,3.437,188.72,6
GM,2023-07-25,2023-07-26,2023-07-27,3-5%,-3.995,37.7677,39.2607,tp_gap_filled,145.78,5505.78,5505.78,5723.42,3.953,217.65,1
CDNS,2023-07-25,2023-07-26,2023-07-27,3-5%,-3.917,232.0518,241.0287,tp_gap_filled,23.7429,5509.58,5509.58,5722.72,3.868,213.14,1
PFE,2023-06-26,2023-07-05,2023-08-07,3-5%,-3.342,37.057,35.6443,time_exit,147.0974,5450.99,5450.99,5243.19,-3.812,-207.8,23
LITE,2023-07-05,2023-07-07,2023-08-09,3-5%,-3.937,55.1951,50.2697,time_exit,98.2277,5421.69,5421.69,4937.88,-8.924,-483.82,23
KEYS,2023-08-14,2023-08-17,2023-08-18,3-5%,-3.897,150.5904,126.3695,stop,35.4698,5341.41,5341.41,4482.3,-16.084,-859.11,1
ISRG,2023-07-21,2023-07-24,2023-08-24,3-5%,-3.38,336.2459,285.3544,time_exit,16.3742,5505.77,5505.77,4672.46,-15.135,-833.31,23
IRM,2023-08-03,2023-08-16,2023-08-24,3-5%,-3.683,59.4294,61.5784,tp_gap_filled,90.0974,5354.43,5354.43,5548.05,3.616,193.62,6
NEM,2023-07-20,2023-07-25,2023-08-25,3-5%,-3.896,43.4634,38.2717,time_exit,126.7336,5508.28,5508.28,4850.31,-11.945,-657.97,23
LUV,2023-07-25,2023-07-26,2023-08-28,3-5%,-3.495,35.9359,31.0589,time_exit,153.38,5511.85,5511.85,4763.82,-13.571,-748.03,23
BMY,2023-07-27,2023-07-28,2023-08-29,3-5%,-3.801,61.061,63.3466,tp_gap_filled,90.0177,5496.57,5496.57,5702.32,3.743,205.74,22
BAX,2023-07-27,2023-07-28,2023-08-30,3-5%,-3.514,47.2772,41.928,time_exit,116.2958,5498.14,5498.14,4876.05,-11.315,-622.09,23
GWW,2023-07-27,2023-07-31,2023-08-31,3-5%,-3.476,736.3656,713.4259,time_exit,7.4618,5494.63,5494.63,5323.46,-3.115,-171.17,23
IT,2023-08-01,2023-08-02,2023-08-31,3-5%,-3.532,341.4411,353.2364,tp_gap_filled,15.9214,5436.21,5436.21,5624.01,3.455,187.8,21
CHTR,2023-09-01,2023-09-06,2023-09-11,3-5%,-3.405,423.6232,437.6819,tp_gap_filled,12.5375,5311.18,5311.18,5487.44,3.319,176.26,3
TFC,2023-08-08,2023-08-09,2023-09-12,3-5%,-3.681,31.4314,29.98,time_exit,172.1494,5410.9,5410.9,5161.04,-4.618,-249.86,23
QCOM,2023-09-07,2023-09-11,2023-09-14,3-5%,-3.558,110.7106,114.5653,tp_gap_filled,48.1685,5332.76,5332.76,5518.44,3.482,185.68,3
AMCR,2023-07-10,2023-08-14,2023-09-15,3-5%,-3.622,47.9479,46.7032,time_exit,112.7246,5404.91,5404.91,5264.6,-2.596,-140.3,23
DHR,2023-07-25,2023-09-08,2023-09-15,3-5%,-3.911,219.9804,228.477,tp_gap_filled,24.1447,5311.37,5311.37,5516.52,3.862,205.15,5
SMCI,2023-08-18,2023-09-21,2023-09-25,3-5%,-3.302,23.6236,24.3816,tp_gap_filled,223.8017,5287.0,5287.0,5456.64,3.209,169.64,2
BF-B,2023-08-30,2023-08-31,2023-10-04,3-5%,-3.969,66.3563,57.6723,time_exit,80.5698,5346.32,5346.32,4646.65,-13.087,-699.67,23
NTRS,2023-08-08,2023-09-11,2023-10-04,3-5%,-3.389,78.1881,65.6123,stop,68.191,5331.73,5331.73,4474.17,-16.084,-857.55,17
CRH,2023-08-24,2023-09-05,2023-10-06,3-5%,-3.49,55.9159,56.5234,time_exit,95.3672,5332.54,5332.54,5390.48,1.087,57.94,23
NSC,2023-10-02,2023-10-05,2023-10-10,3-5%,-3.94,189.3592,196.7331,tp_gap_filled,27.7765,5259.74,5259.74,5464.56,3.894,204.82,3
ADBE,2023-09-15,2023-09-18,2023-10-12,3-5%,-3.631,532.6421,551.6078,tp_gap_filled,9.9747,5312.97,5312.97,5502.15,3.561,189.18,18
DAL,2023-10-09,2023-10-10,2023-10-12,3-5%,-3.486,35.7457,36.963,tp_gap_filled,148.0957,5293.79,5293.79,5474.06,3.405,180.28,2
XOM,2023-10-11,2023-10-12,2023-10-16,3-5%,-3.16,107.067,110.3395,tp_gap_filled,49.3589,5284.71,5284.71,5446.24,3.057,161.53,2
RCL,2023-06-26,2023-09-21,2023-10-24,3-5%,-3.748,94.3442,82.3975,time_exit,56.0402,5287.07,5287.07,4617.57,-12.663,-669.5,23
CSCO,2023-09-21,2023-09-22,2023-10-25,3-5%,-3.766,53.4634,52.3476,time_exit,98.7524,5279.64,5279.64,5169.45,-2.087,-110.19,23
SMCI,2023-10-17,2023-10-19,2023-10-26,3-5%,-3.665,28.1281,23.604,stop,186.236,5238.47,5238.47,4395.91,-16.084,-842.55,5
F,2023-10-12,2023-10-13,2023-10-27,3-5%,-3.02,11.8919,9.9792,stop,443.8091,5277.73,5277.73,4428.86,-16.084,-848.87,10
EQT,2023-10-26,2023-10-30,2023-10-31,3-5%,-3.617,40.5405,41.978,tp_gap_filled,125.7494,5097.94,5097.94,5278.7,3.546,180.76,1
MU,2023-09-28,2023-10-25,2023-11-01,3-5%,-3.284,66.036,68.1418,tp_gap_filled,78.3742,5175.52,5175.52,5340.56,3.189,165.04,5
MTD,2023-09-13,2023-10-02,2023-11-02,3-5%,-3.552,1082.5715,990.2188,time_exit,4.8735,5275.86,5275.86,4825.78,-8.531,-450.08,23
EFX,2023-10-19,2023-10-24,2023-11-02,3-5%,-3.517,169.169,174.9848,tp_gap_filled,30.8135,5212.69,5212.69,5391.9,3.438,179.21,7
GPN,2023-10-25,2023-10-31,2023-11-02,3-5%,-3.865,107.2972,111.3885,tp_gap_filled,47.9248,5142.2,5142.2,5338.27,3.813,196.08,2
TXN,2023-10-25,2023-10-31,2023-11-02,3-5%,-3.744,141.5614,146.7731,tp_gap_filled,36.3051,5139.4,5139.4,5328.61,3.682,189.21,2
MA,2023-10-26,2023-10-30,2023-11-03,3-5%,-3.958,371.391,385.9237,tp_gap_filled,13.7348,5100.99,5100.99,5300.6,3.913,199.6,4
WAT,2023-10-25,2023-10-30,2023-11-03,3-5%,-3.684,240.24,248.9308,tp_gap_filled,21.2359,5101.7,5101.7,5286.26,3.618,184.56,4
RTX,2023-09-11,2023-10-31,2023-11-03,3-5%,-3.929,80.2802,83.3965,tp_gap_filled,64.0089,5138.64,5138.64,5338.12,3.882,199.47,3
NXPI,2023-10-30,2023-10-31,2023-11-03,3-5%,-3.757,172.5724,178.9509,tp_gap_filled,29.7824,5139.61,5139.61,5329.58,3.696,189.97,3
XYZ,2023-10-25,2023-11-02,2023-11-03,3-5%,-3.947,43.6036,45.3046,tp_gap_filled,119.3521,5204.18,5204.18,5407.2,3.901,203.03,1
COHR,2023-10-17,2023-10-18,2023-11-08,3-5%,-3.83,32.6726,33.9061,tp_gap_filled,160.898,5256.96,5256.96,5455.42,3.775,198.45,15
CME,2023-10-25,2023-11-03,2023-11-09,3-5%,-3.062,207.8977,214.0358,tp_gap_filled,25.2726,5254.11,5254.11,5409.23,2.952,155.12,4
ECHO,2023-11-07,2023-11-08,2023-11-09,3-5%,-3.11,10.2903,10.5994,tp_gap_filled,510.9298,5257.61,5257.61,5415.54,3.004,157.93,1
ABNB,2023-10-03,2023-10-10,2023-11-10,3-5%,-3.215,132.3022,118.0319,time_exit,40.0176,5294.41,5294.41,4723.35,-10.786,-571.06,23
CHRW,2023-10-18,2023-10-19,2023-11-21,3-5%,-3.457,83.3132,82.2277,time_exit,62.6953,5223.35,5223.35,5155.29,-1.303,-68.06,23
MRVL,2023-11-16,2023-11-17,2023-11-29,3-5%,-3.428,55.2652,57.1128,tp_gap_filled,95.3187,5267.81,5267.81,5443.92,3.343,176.11,7
CIEN,2023-11-16,2023-11-17,2023-12-01,3-5%,-3.815,44.6646,46.3436,tp_gap_filled,117.8721,5264.71,5264.71,5462.62,3.759,197.91,9
TRMB,2023-11-01,2023-11-29,2023-12-01,3-5%,-3.14,45.6957,47.0829,tp_gap_filled,115.2383,5265.89,5265.89,5425.75,3.036,159.86,2
LOW,2023-11-21,2023-11-22,2023-12-04,3-5%,-3.385,197.7175,204.2356,tp_gap_filled,26.6573,5270.62,5270.62,5444.38,3.297,173.75,7
APO,2023-11-30,2023-12-04,2023-12-06,3-5%,-3.24,89.3693,92.1777,tp_gap_filled,59.3337,5302.61,5302.61,5469.25,3.143,166.64,2
CVNA,2023-12-05,2023-12-06,2023-12-08,3-5%,-3.269,7.7598,8.006,tp_gap_filled,682.1052,5292.97,5292.97,5460.92,3.173,167.96,2
GILD,2023-11-08,2023-11-09,2023-12-11,3-5%,-3.87,77.5675,80.5294,tp_gap_filled,67.8002,5259.09,5259.09,5459.91,3.818,200.82,21
LITE,2023-11-16,2023-11-17,2023-12-11,3-5%,-3.146,43.7637,45.0949,tp_gap_filled,120.4036,5269.31,5269.31,5429.58,3.042,160.27,15
LVS,2023-11-29,2023-11-30,2023-12-11,3-5%,-3.546,46.016,47.6123,tp_gap_filled,114.4507,5266.56,5266.56,5449.27,3.469,182.71,7
GEHC,2023-11-27,2023-12-11,2023-12-13,3-5%,-3.324,71.3313,73.6363,tp_gap_filled,75.0516,5353.53,5353.53,5526.52,3.231,173.0,2
SMCI,2023-12-11,2023-12-12,2023-12-13,3-5%,-3.525,26.3303,27.2377,tp_gap_filled,203.4412,5356.67,5356.67,5541.28,3.446,184.61,1
COIN,2023-12-11,2023-12-12,2023-12-13,3-5%,-3.492,141.6415,146.4734,tp_gap_filled,37.8334,5358.77,5358.77,5541.58,3.411,182.81,1
F,2023-10-27,2023-11-29,2023-12-14,3-5%,-3.7,10.9409,11.3387,tp_gap_filled,482.075,5274.35,5274.35,5466.08,3.635,191.73,11
BF-B,2023-11-10,2023-12-06,2023-12-14,3-5%,-3.22,56.5565,58.3216,tp_gap_filled,93.4161,5283.29,5283.29,5448.18,3.121,164.89,6
PLTR,2023-12-06,2023-12-08,2023-12-14,3-5%,-3.333,17.7077,18.2817,tp_gap_filled,300.7886,5326.27,5326.27,5498.93,3.242,172.66,4
JCI,2023-12-12,2023-12-14,2023-12-22,3-5%,-3.642,54.5645,56.5134,tp_gap_filled,99.0297,5403.51,5403.51,5596.51,3.572,193.0,6
MRNA,2023-10-16,2023-12-22,2023-12-27,3-5%,-3.052,95.3953,98.2017,tp_gap_filled,56.7445,5413.16,5413.16,5572.41,2.942,159.25,2
COIN,2023-12-28,2023-12-29,2024-01-03,3-5%,-3.201,179.4893,150.6202,stop,30.1823,5417.4,5417.4,4546.06,-16.084,-871.33,2
CCL,2024-01-03,2024-01-04,2024-01-05,3-5%,-3.065,16.7768,17.2727,tp_gap_filled,320.0233,5368.95,5368.95,5527.67,2.956,158.72,1
CVNA,2024-01-05,2024-01-10,2024-01-11,3-5%,-3.048,9.043,9.3087,tp_gap_filled,596.0851,5390.42,5390.42,5548.77,2.938,158.35,1
CAH,2023-12-14,2024-01-03,2024-01-17,3-5%,-3.748,104.104,107.942,tp_gap_filled,51.5685,5368.49,5368.49,5566.41,3.687,197.92,9
ABNB,2023-12-12,2023-12-26,2024-01-22,3-5%,-3.506,138.0379,142.7671,tp_gap_filled,39.2548,5418.65,5418.65,5604.29,3.426,185.64,17
MRNA,2024-01-17,2024-01-18,2024-01-22,3-5%,-3.778,98.3983,102.0578,tp_gap_filled,54.6462,5377.09,5377.09,5577.07,3.719,199.98,2
PCAR,2023-12-14,2024-01-03,2024-01-23,3-5%,-3.059,95.1551,97.9619,tp_gap_filled,56.4353,5370.11,5370.11,5528.51,2.95,158.41,13
J,2023-11-21,2024-01-10,2024-01-26,3-5%,-3.636,109.293,113.1898,tp_gap_filled,49.3242,5390.79,5390.79,5582.99,3.565,192.2,11
CVNA,2024-01-17,2024-01-26,2024-01-29,3-5%,-3.642,8.1581,8.4495,tp_gap_filled,663.9015,5416.21,5416.21,5609.66,3.572,193.46,1
NCLH,2024-01-03,2024-01-04,2024-02-01,3-5%,-3.057,17.7778,18.3017,tp_gap_filled,302.0699,5370.13,5370.13,5528.39,2.947,158.26,19
FICO,2024-01-26,2024-02-01,2024-02-07,3-5%,-3.797,1236.7355,1282.9857,tp_gap_filled,4.3984,5439.64,5439.64,5643.07,3.74,203.43,4
DGX,2024-02-01,2024-02-02,2024-02-07,3-5%,-3.41,124.1741,128.3016,tp_gap_filled,43.7888,5437.43,5437.43,5618.17,3.324,180.74,3
AMD,2024-01-31,2024-02-06,2024-02-07,3-5%,-3.673,165.9057,171.8879,tp_gap_filled,32.7833,5438.94,5438.94,5635.06,3.606,196.12,1
HPE,2023-12-12,2024-01-10,2024-02-13,3-5%,-3.661,16.066,15.2148,time_exit,335.1596,5384.69,5384.69,5099.38,-5.299,-285.31,23
MRSH,2024-01-25,2024-01-26,2024-02-15,3-5%,-3.619,191.6915,198.4913,tp_gap_filled,28.2898,5422.91,5422.91,5615.27,3.547,192.37,14
AOS,2024-01-30,2024-01-31,2024-02-15,3-5%,-3.539,78.8388,81.5684,tp_gap_filled,68.98,5438.3,5438.3,5626.58,3.462,188.29,11
CINF,2024-02-07,2024-02-08,2024-02-15,3-5%,-3.684,108.078,111.9879,tp_gap_filled,50.7448,5484.4,5484.4,5682.81,3.618,198.41,5
UNH,2024-01-12,2024-01-16,2024-02-16,3-5%,-3.858,519.3788,521.0284,time_exit,10.3382,5369.47,5369.47,5386.52,0.318,17.05,23
BA,2024-01-16,2024-01-18,2024-02-21,3-5%,-3.505,210.2801,201.3684,time_exit,25.5798,5378.93,5378.93,5150.97,-4.238,-227.96,23
CTSH,2024-02-07,2024-02-12,2024-02-22,3-5%,-3.925,75.7156,78.6513,tp_gap_filled,72.5324,5491.84,5491.84,5704.77,3.877,212.93,7
MU,2024-02-13,2024-02-14,2024-02-22,3-5%,-3.769,82.5525,85.6143,tp_gap_filled,66.2497,5469.08,5469.08,5671.92,3.709,202.85,5
VRT,2024-02-13,2024-02-21,2024-02-22,3-5%,-3.93,58.9689,61.2587,tp_gap_filled,92.6911,5465.89,5465.89,5678.13,3.883,212.24,1
MS,2024-01-16,2024-01-22,2024-02-23,3-5%,-3.3,86.8267,86.4635,time_exit,62.4202,5419.74,5419.74,5397.07,-0.418,-22.68,23
MCD,2024-02-05,2024-02-07,2024-02-23,3-5%,-3.38,287.297,296.7529,tp_gap_filled,19.0627,5476.66,5476.66,5656.91,3.291,180.26,11
URI,2024-02-13,2024-02-20,2024-02-23,3-5%,-3.689,639.689,662.8665,tp_gap_filled,8.5264,5454.27,5454.27,5651.89,3.623,197.62,3
NOC,2024-01-25,2024-01-31,2024-02-26,3-5%,-3.733,447.0466,463.4561,tp_gap_filled,12.1653,5438.47,5438.47,5638.1,3.671,199.63,17
MRVL,2024-02-09,2024-02-13,2024-02-27,3-5%,-3.928,68.2982,70.949,tp_gap_filled,79.8094,5450.84,5450.84,5662.39,3.881,211.55,9
LEN,2024-02-13,2024-02-14,2024-02-29,3-5%,-3.958,146.9619,152.7126,tp_gap_filled,37.225,5470.66,5470.66,5684.73,3.913,214.07,10
HAL,2024-01-30,2024-01-31,2024-03-05,3-5%,-3.334,35.986,35.1448,time_exit,151.005,5434.06,5434.06,5307.04,-2.337,-127.01,23
T,2024-01-24,2024-02-22,2024-03-05,3-5%,-3.665,16.5766,17.1728,tp_gap_filled,332.9692,5519.48,5519.48,5718.02,3.597,198.53,8
CFG,2024-01-31,2024-03-05,2024-03-07,3-5%,-3.614,33.1031,34.2757,tp_gap_filled,166.7375,5519.52,5519.52,5715.04,3.542,195.52,2
APTV,2024-02-13,2024-02-14,2024-03-19,3-5%,-3.772,80.7006,77.8421,time_exit,67.8356,5474.37,5474.37,5280.46,-3.542,-193.91,23
TKO,2024-02-28,2024-02-29,2024-03-20,3-5%,-3.534,83.3332,86.2137,tp_gap_filled,66.6289,5552.4,5552.4,5744.32,3.457,191.92,14
COIN,2024-03-15,2024-03-19,2024-03-20,3-5%,-3.685,225.2851,233.4363,tp_gap_filled,24.5993,5541.85,5541.85,5742.37,3.618,200.52,1
GNRC,2024-02-15,2024-02-16,2024-03-21,3-5%,-3.727,118.9588,123.3166,tp_gap_filled,46.0042,5472.6,5472.6,5673.08,3.663,200.47,23
NXPI,2024-03-15,2024-03-19,2024-03-21,3-5%,-3.791,234.7245,243.4863,tp_gap_filled,23.6017,5539.9,5539.9,5746.69,3.733,206.79,2
SMCI,2024-02-23,2024-03-21,2024-03-22,3-5%,-3.83,93.9098,97.4544,tp_gap_filled,59.577,5594.86,5594.86,5806.04,3.775,211.18,1
IVZ,2024-02-13,2024-03-04,2024-03-27,3-5%,-3.604,15.7958,16.3536,tp_gap_filled,350.4151,5535.08,5535.08,5730.56,3.532,195.48,17
AAPL,2024-02-02,2024-02-27,2024-04-01,3-5%,-3.746,180.0399,169.86,time_exit,30.7538,5536.91,5536.91,5223.84,-5.654,-313.07,23
DG,2024-03-13,2024-03-14,2024-04-04,3-5%,-3.87,155.135,161.0588,tp_gap_filled,35.5921,5521.57,5521.57,5732.41,3.818,210.84,14
TSLA,2024-03-22,2024-04-02,2024-04-04,3-5%,-3.547,166.8567,172.6472,tp_gap_filled,33.5962,5605.75,5605.75,5800.28,3.47,194.54,2
SMCI,2024-04-02,2024-04-03,2024-04-04,3-5%,-3.582,100.1,103.6113,tp_gap_filled,56.0428,5609.88,5609.88,5806.67,3.508,196.78,1
TYL,2024-02-15,2024-03-05,2024-04-08,3-5%,-3.858,423.5731,417.7818,time_exit,13.0407,5523.69,5523.69,5448.17,-1.367,-75.52,23
AMD,2024-03-19,2024-03-21,2024-04-17,3-5%,-3.929,183.3432,153.8542,stop,30.5547,5601.99,5601.99,4700.96,-16.084,-901.02,18
ADSK,2024-04-02,2024-04-03,2024-04-17,3-5%,-3.812,249.7996,209.6218,stop,22.4729,5613.73,5613.73,4710.81,-16.084,-902.91,10
INTC,2024-03-25,2024-04-03,2024-04-19,3-5%,-3.946,40.9309,34.3476,stop,137.2521,5617.85,5617.85,4714.28,-16.084,-903.58,12
PLD,2024-04-10,2024-04-11,2024-04-24,3-5%,-3.54,121.9118,102.3035,stop,45.6847,5569.5,5569.5,4673.7,-16.084,-895.8,9
GNRC,2024-04-10,2024-04-11,2024-04-26,3-5%,-3.587,135.3252,140.0798,tp_gap_filled,41.145,5567.95,5567.95,5763.58,3.513,195.63,11
CIEN,2024-04-12,2024-04-15,2024-04-30,3-5%,-3.864,45.3253,47.0529,tp_gap_filled,120.729,5472.07,5472.07,5680.65,3.812,208.57,11
CVS,2024-01-25,2024-04-10,2024-05-01,3-5%,-3.626,71.5715,60.0599,stop,77.8506,5571.88,5571.88,4675.7,-16.084,-896.18,15
SMCI,2024-04-25,2024-05-01,2024-05-02,3-5%,-3.811,72.6686,75.3965,tp_gap_filled,73.447,5337.29,5337.29,5537.65,3.754,200.36,1
STE,2024-02-08,2024-04-02,2024-05-03,3-5%,-3.484,218.218,207.6122,time_exit,25.687,5605.36,5605.36,5332.93,-4.86,-272.43,23
PHM,2024-04-10,2024-04-11,2024-05-03,3-5%,-3.813,111.101,115.2746,tp_gap_filled,50.1279,5569.26,5569.26,5778.47,3.757,209.21,16
JPM,2024-04-12,2024-04-22,2024-05-08,3-5%,-3.638,188.5083,195.2346,tp_gap_filled,28.6029,5391.88,5391.88,5584.26,3.568,192.39,12
COST,2024-03-08,2024-05-06,2024-05-10,3-5%,-3.76,756.806,784.8044,tp_gap_filled,7.1265,5393.38,5393.38,5592.91,3.7,199.53,4
LEN,2024-04-10,2024-04-11,2024-05-14,3-5%,-3.91,154.5591,156.9871,time_exit,36.0469,5571.38,5571.38,5658.9,1.571,87.52,23
ARE,2024-04-10,2024-04-11,2024-05-14,3-5%,-3.881,124.6946,123.896,time_exit,44.6774,5571.03,5571.03,5535.35,-0.64,-35.68,23
BXP,2024-04-10,2024-04-23,2024-05-15,3-5%,-3.828,62.8628,65.2347,tp_gap_filled,86.5566,5441.19,5441.19,5646.49,3.773,205.3,16
ODFL,2024-04-17,2024-04-18,2024-05-21,3-5%,-3.701,212.5323,178.3486,stop,25.3526,5388.24,5388.24,4521.59,-16.084,-866.64,23
CMCSA,2024-04-25,2024-04-26,2024-05-30,3-5%,-3.88,36.2593,36.3928,time_exit,148.6359,5389.43,5389.43,5409.28,0.368,19.85,23
CRM,2024-04-15,2024-05-15,2024-05-30,3-5%,-3.867,283.2229,237.6694,stop,19.1972,5437.09,5437.09,4562.59,-16.084,-874.5,10
ALGN,2024-02-13,2024-04-30,2024-06-03,3-5%,-3.792,291.261,254.2755,time_exit,18.4638,5377.78,5377.78,4694.88,-12.698,-682.89,23
MU,2024-05-21,2024-05-31,2024-06-05,3-5%,-3.721,124.3242,128.871,tp_gap_filled,42.7655,5316.78,5316.78,5511.23,3.657,194.45,3
HPE,2024-05-31,2024-06-03,2024-06-05,3-5%,-3.294,17.9279,18.5015,tp_gap_filled,296.4784,5315.24,5315.24,5485.29,3.199,170.05,2
LIN,2024-05-02,2024-05-06,2024-06-07,3-5%,-3.796,426.2458,433.2663,time_exit,12.6526,5393.14,5393.14,5481.97,1.647,88.83,23
DHI,2024-06-07,2024-06-10,2024-06-12,3-5%,-3.271,139.139,143.5563,tp_gap_filled,38.1404,5306.82,5306.82,5475.3,3.175,168.48,2
PHM,2024-06-07,2024-06-10,2024-06-12,3-5%,-3.153,110.9909,114.3755,tp_gap_filled,47.8661,5312.7,5312.7,5474.71,3.049,162.01,2
FCX,2024-06-07,2024-06-10,2024-06-12,3-5%,-3.122,49.6997,51.1987,tp_gap_filled,107.0121,5318.47,5318.47,5478.89,3.016,160.42,2
GEHC,2024-02-21,2024-05-10,2024-06-13,3-5%,-3.924,83.083,76.913,time_exit,65.2007,5417.07,5417.07,5014.78,-7.426,-402.29,23
ANET,2024-05-23,2024-05-24,2024-06-13,3-5%,-3.52,76.4163,79.0459,tp_gap_filled,70.2227,5366.16,5366.16,5550.82,3.441,184.65,13
EFX,2024-04-10,2024-05-15,2024-06-18,3-5%,-3.288,254.3541,241.5582,time_exit,21.3924,5441.23,5441.23,5167.5,-5.031,-273.73,23
MCD,2024-04-30,2024-05-23,2024-06-27,3-5%,-3.37,264.5943,257.9118,time_exit,20.295,5369.94,5369.94,5234.32,-2.526,-135.62,23
PLTR,2024-06-21,2024-06-27,2024-06-28,3-5%,-3.326,24.7347,25.5344,tp_gap_filled,216.3272,5350.79,5350.79,5523.79,3.233,173.0,1
MNST,2024-04-25,2024-05-28,2024-07-01,3-5%,-3.773,26.1661,24.9251,time_exit,204.3917,5348.14,5348.14,5094.47,-4.743,-253.67,23
SHW,2024-04-23,2024-05-29,2024-07-02,3-5%,-3.696,298.1278,294.3553,time_exit,17.881,5330.82,5330.82,5263.36,-1.265,-67.46,23
NDAQ,2024-04-25,2024-05-30,2024-07-03,3-5%,-3.724,59.2692,60.0799,time_exit,89.541,5307.02,5307.02,5379.61,1.368,72.59,23
PSKY,2024-06-12,2024-06-13,2024-07-03,3-5%,-3.261,10.6907,11.029,tp_gap_filled,501.2835,5359.06,5359.06,5528.64,3.164,169.57,13
ARES,2024-06-13,2024-06-14,2024-07-03,3-5%,-3.68,132.5624,137.3525,tp_gap_filled,40.1652,5324.39,5324.39,5516.79,3.613,192.39,12
AMD,2024-06-10,2024-06-13,2024-07-05,3-5%,-3.211,162.6425,167.7021,tp_gap_filled,32.8975,5350.52,5350.52,5516.97,3.111,166.45,14
TRV,2024-06-28,2024-07-05,2024-07-08,3-5%,-3.03,200.8807,206.743,tp_gap_filled,26.7168,5366.9,5366.9,5523.52,2.918,156.62,1
HOOD,2024-07-05,2024-07-08,2024-07-09,3-5%,-3.539,22.1021,22.8671,tp_gap_filled,243.4111,5379.89,5379.89,5566.11,3.461,186.22,1
NXPI,2024-06-13,2024-06-14,2024-07-11,3-5%,-3.866,272.322,282.707,tp_gap_filled,19.5643,5327.79,5327.79,5530.96,3.813,203.17,17
SW,2024-07-09,2024-07-10,2024-07-11,3-5%,-3.159,44.8048,46.1738,tp_gap_filled,120.6163,5404.18,5404.18,5569.31,3.056,165.13,1
LEN,2024-06-18,2024-06-20,2024-07-12,3-5%,-3.719,146.022,151.3587,tp_gap_filled,36.5398,5335.61,5335.61,5530.62,3.655,195.0,15
COIN,2024-06-21,2024-07-01,2024-07-15,3-5%,-3.417,227.227,234.795,tp_gap_filled,23.5,5339.84,5339.84,5517.69,3.331,177.85,9
LUV,2024-06-26,2024-07-05,2024-07-16,3-5%,-3.402,27.5675,28.4815,tp_gap_filled,194.9036,5373.01,5373.01,5551.15,3.315,178.13,7
CVS,2024-06-27,2024-07-01,2024-07-17,3-5%,-3.728,58.4284,60.5694,tp_gap_filled,91.4131,5341.12,5341.12,5536.83,3.664,195.72,11
VRT,2024-07-17,2024-07-18,2024-07-23,3-5%,-3.489,86.6766,89.6303,tp_gap_filled,63.0396,5464.06,5464.06,5650.25,3.408,186.2,3
DIS,2024-07-23,2024-07-24,2024-07-31,3-5%,-3.644,90.7907,94.0359,tp_gap_filled,59.8052,5429.75,5429.75,5623.83,3.574,194.08,5
JBHT,2024-07-17,2024-07-25,2024-07-31,3-5%,-3.937,169.2391,175.824,tp_gap_filled,32.0306,5420.82,5420.82,5631.74,3.891,210.92,4
COR,2024-06-27,2024-07-25,2024-07-31,3-5%,-3.49,229.229,237.0427,tp_gap_filled,23.6588,5423.29,5423.29,5608.15,3.409,184.86,4
IP,2024-07-25,2024-07-30,2024-07-31,3-5%,-3.522,44.6947,46.2337,tp_gap_filled,121.5611,5433.13,5433.13,5620.22,3.444,187.09,1
META,2024-07-24,2024-07-29,2024-08-01,3-5%,-3.352,472.7823,488.2013,tp_gap_filled,11.4881,5431.35,5431.35,5608.48,3.261,177.13,3
NVDA,2024-07-17,2024-07-18,2024-08-02,3-5%,-3.965,121.4713,101.9339,stop,44.9893,5464.91,5464.91,4585.94,-16.084,-878.98,11
CHD,2024-07-30,2024-07-31,2024-08-06,3-5%,-3.179,98.4584,101.4884,tp_gap_filled,55.9516,5508.91,5508.91,5678.44,3.077,169.54,4
PHM,2024-07-23,2024-08-05,2024-08-06,3-5%,-3.924,120.8307,125.5144,tp_gap_filled,44.5802,5386.66,5386.66,5595.46,3.876,208.8,1
CMG,2024-07-18,2024-07-19,2024-08-07,3-5%,-3.274,53.5335,55.2347,tp_gap_filled,101.8171,5450.62,5450.62,5623.84,3.178,173.21,13
DOC,2024-08-05,2024-08-06,2024-08-07,3-5%,-3.946,20.7107,21.5185,tp_gap_filled,262.3446,5433.34,5433.34,5645.25,3.9,211.91,1
PODD,2024-08-05,2024-08-07,2024-08-08,3-5%,-3.894,188.9888,196.2535,tp_gap_filled,28.425,5372.01,5372.01,5578.51,3.844,206.5,1
GWW,2024-08-01,2024-08-02,2024-08-09,3-5%,-3.836,940.2794,975.8332,tp_gap_filled,5.7653,5420.95,5420.95,5625.92,3.781,204.98,5
TPL,2024-08-05,2024-08-08,2024-08-09,3-5%,-3.802,251.261,260.6691,tp_gap_filled,21.8032,5478.3,5478.3,5683.42,3.744,205.13,1
PTC,2024-07-09,2024-07-11,2024-08-13,3-5%,-3.694,180.5804,171.9179,time_exit,30.0228,5421.54,5421.54,5161.46,-4.797,-260.07,23
CVNA,2024-07-17,2024-08-01,2024-08-13,3-5%,-3.865,27.9129,28.977,tp_gap_filled,195.7489,5463.92,5463.92,5672.22,3.812,208.3,8
MRVL,2024-08-02,2024-08-07,2024-08-13,3-5%,-3.964,60.6206,62.9969,tp_gap_filled,88.9449,5391.89,5391.89,5603.26,3.92,211.37,4
MPWR,2024-07-17,2024-07-31,2024-08-15,3-5%,-3.159,862.2414,888.5905,tp_gap_filled,6.3876,5507.65,5507.65,5675.96,3.056,168.31,11
TPR,2024-05-09,2024-08-02,2024-08-15,3-5%,-3.515,37.6476,38.941,tp_gap_filled,144.1089,5425.35,5425.35,5611.75,3.436,186.39,9
AMAT,2024-08-01,2024-08-14,2024-08-15,3-5%,-3.803,204.3341,211.9878,tp_gap_filled,26.9816,5513.27,5513.27,5719.78,3.746,206.51,1
DG,2024-07-17,2024-07-18,2024-08-20,3-5%,-3.436,123.2231,121.4684,time_exit,44.2375,5451.08,5451.08,5373.46,-1.424,-77.62,23
CI,2024-08-01,2024-08-02,2024-08-23,3-5%,-3.634,336.336,348.3213,tp_gap_filled,16.1284,5424.55,5424.55,5617.86,3.564,193.3,15
BAX,2024-08-13,2024-08-14,2024-08-23,3-5%,-3.872,35.5355,36.8931,tp_gap_filled,155.1494,5513.31,5513.31,5723.94,3.82,210.63,7
CCL,2024-08-02,2024-08-15,2024-08-23,3-5%,-3.807,15.1752,15.7442,tp_gap_filled,366.5294,5562.14,5562.14,5770.73,3.75,208.58,6
WSM,2024-08-08,2024-08-22,2024-08-23,3-5%,-3.752,132.7526,137.6522,tp_gap_filled,42.0974,5588.53,5588.53,5794.79,3.691,206.26,1
CTVA,2024-08-01,2024-08-19,2024-08-26,3-5%,-3.815,54.014,56.0439,tp_gap_filled,103.5222,5591.64,5591.64,5801.79,3.758,210.14,5
NCLH,2024-08-02,2024-08-23,2024-08-26,3-5%,-3.746,16.7167,17.3327,tp_gap_filled,336.4961,5625.11,5625.11,5832.37,3.685,207.26,1
ADM,2024-07-30,2024-07-31,2024-09-03,3-5%,-3.633,61.061,60.5594,time_exit,90.1497,5504.63,5504.63,5459.41,-0.822,-45.22,23
CVS,2024-07-31,2024-08-01,2024-09-04,3-5%,-3.704,60.9008,59.2407,time_exit,89.9418,5477.53,5477.53,5328.22,-2.726,-149.32,23
EMR,2024-08-07,2024-08-08,2024-09-11,3-5%,-3.841,103.7436,99.8101,time_exit,52.784,5476.01,5476.01,5268.38,-3.792,-207.63,23
WFC,2024-08-05,2024-09-12,2024-09-16,3-5%,-3.68,51.3513,53.2067,tp_gap_filled,109.0338,5599.03,5599.03,5801.33,3.613,202.31,2
MAR,2024-07-31,2024-08-29,2024-09-18,3-5%,-3.673,230.23,238.5312,tp_gap_filled,24.4536,5629.95,5629.95,5832.94,3.606,202.99,13
VRSK,2024-07-31,2024-09-03,2024-10-04,3-5%,-3.843,275.275,265.4043,time_exit,20.4365,5625.66,5625.66,5423.94,-3.586,-201.72,23
OXY,2024-08-05,2024-09-03,2024-10-04,3-5%,-3.763,55.5555,55.7042,time_exit,101.2452,5624.73,5624.73,5639.78,0.268,15.06,23
GNRC,2024-10-10,2024-10-11,2024-10-14,3-5%,-3.958,165.6355,172.1177,tp_gap_filled,34.044,5638.9,5638.9,5859.58,3.914,220.68,1
APP,2024-10-14,2024-10-16,2024-10-21,3-5%,-3.898,141.4113,146.853,tp_gap_filled,39.8921,5641.2,5641.2,5858.28,3.848,217.08,3
SW,2024-10-17,2024-10-18,2024-10-23,3-5%,-3.635,43.7837,45.3446,tp_gap_filled,129.0163,5648.81,5648.81,5850.19,3.565,201.38,3
LEN,2024-09-20,2024-09-23,2024-10-24,3-5%,-3.617,179.7439,170.0911,time_exit,31.2715,5620.85,5620.85,5319.0,-5.37,-301.86,23
WYNN,2024-10-08,2024-10-09,2024-11-05,3-5%,-3.674,102.6025,86.0999,stop,54.878,5630.62,5630.62,4724.99,-16.084,-905.63,19
INVH,2024-10-31,2024-11-05,2024-11-06,3-5%,-3.431,32.1221,33.1968,tp_gap_filled,173.1987,5563.5,5563.5,5749.64,3.346,186.13,1
APA,2024-10-15,2024-10-21,2024-11-08,3-5%,-3.783,25.7157,21.5796,stop,219.1448,5635.46,5635.46,4729.05,-16.084,-906.41,14
ALB,2024-11-06,2024-11-07,2024-11-08,3-5%,-3.788,96.096,99.6802,tp_gap_filled,58.0622,5579.54,5579.54,5787.65,3.73,208.11,1
VMRK,2024-10-31,2024-11-05,2024-11-11,3-5%,-3.611,71.3513,73.876,tp_gap_filled,77.9364,5560.86,5560.86,5757.63,3.539,196.77,4
PEG,2024-11-04,2024-11-06,2024-11-11,3-5%,-3.562,84.2842,87.2227,tp_gap_filled,66.4261,5598.67,5598.67,5793.87,3.486,195.19,3
FCX,2024-10-08,2024-10-10,2024-11-12,3-5%,-3.583,49.019,43.5564,time_exit,114.8581,5630.23,5630.23,5002.8,-11.144,-627.42,23
DLTR,2024-11-06,2024-11-07,2024-11-18,3-5%,-3.939,64.2041,66.7032,tp_gap_filled,86.9482,5582.43,5582.43,5799.72,3.892,217.29,7
WSM,2024-11-06,2024-11-07,2024-11-18,3-5%,-3.708,129.9598,134.6952,tp_gap_filled,43.0185,5590.68,5590.68,5794.38,3.644,203.71,7
HOOD,2024-11-12,2024-11-14,2024-11-18,3-5%,-3.232,31.7717,32.7672,tp_gap_filled,174.9071,5557.1,5557.1,5731.21,3.133,174.11,2
FANG,2024-10-15,2024-10-17,2024-11-19,3-5%,-3.692,183.8437,179.9399,time_exit,30.6438,5633.67,5633.67,5514.04,-2.123,-119.63,23
SMCI,2024-11-13,2024-11-18,2024-11-19,3-5%,-3.18,21.031,21.6783,tp_gap_filled,264.6584,5566.03,5566.03,5737.34,3.078,171.31,1
SMCI,2024-11-20,2024-11-21,2024-11-22,3-5%,-3.467,27.3173,28.2417,tp_gap_filled,205.4517,5612.38,5612.38,5802.31,3.384,189.93,1
ALB,2024-11-12,2024-11-14,2024-11-25,3-5%,-3.53,106.6966,110.3795,tp_gap_filled,52.1957,5569.1,5569.1,5761.33,3.452,192.23,7
NVR,2024-10-29,2024-11-18,2024-11-25,3-5%,-3.855,8957.949,9298.492,tp_gap_filled,0.6217,5569.3,5569.3,5781.02,3.802,211.72,5
KLAC,2024-11-15,2024-11-18,2024-11-25,3-5%,-3.794,62.1151,64.4355,tp_gap_filled,89.6149,5566.43,5566.43,5774.38,3.736,207.95,5
LOW,2024-11-19,2024-11-20,2024-11-25,3-5%,-3.194,263.3531,271.4982,tp_gap_filled,21.2363,5592.65,5592.65,5765.62,3.093,172.97,3
MSFT,2024-10-31,2024-11-01,2024-12-02,3-5%,-3.97,415.7753,432.0975,tp_gap_filled,13.4102,5575.63,5575.63,5794.51,3.926,218.88,20
LIN,2024-10-31,2024-11-01,2024-12-05,3-5%,-3.897,455.405,448.1314,time_exit,12.2353,5572.0,5572.0,5483.01,-1.597,-88.99,23
MRK,2024-10-31,2024-11-05,2024-12-09,3-5%,-3.72,101.0309,104.7252,tp_gap_filled,55.0243,5559.16,5559.16,5762.43,3.657,203.27,23
XYL,2024-10-31,2024-11-06,2024-12-10,3-5%,-3.732,125.4854,130.0898,tp_gap_filled,44.6474,5602.59,5602.59,5808.17,3.669,205.58,23
MU,2024-11-12,2024-11-25,2024-12-16,3-5%,-3.359,105.105,108.5414,tp_gap_filled,53.8689,5661.89,5661.89,5847.0,3.269,185.11,14
PHM,2024-10-22,2024-11-25,2024-12-17,3-5%,-3.937,138.7186,116.4071,stop,40.8314,5664.07,5664.07,4753.06,-16.084,-911.01,15
IRM,2024-11-06,2024-11-26,2024-12-19,3-5%,-3.142,121.9018,102.2951,stop,46.324,5646.97,5646.97,4738.71,-16.084,-908.26,16
ACN,2024-12-03,2024-12-18,2024-12-19,3-5%,-3.481,349.1488,361.0186,tp_gap_filled,15.7745,5507.66,5507.66,5694.91,3.4,187.24,1
PLTR,2024-12-17,2024-12-18,2024-12-19,3-5%,-3.261,73.3533,75.6743,tp_gap_filled,74.9473,5497.63,5497.63,5671.58,3.164,173.95,1
LRCX,2024-12-19,2024-12-20,2025-01-03,3-5%,-3.258,72.8227,75.1248,tp_gap_filled,75.5626,5502.67,5502.67,5676.62,3.161,173.95,8
RDDT,2024-12-30,2024-12-31,2025-01-03,3-5%,-3.552,167.5424,173.3665,tp_gap_filled,32.7916,5493.98,5493.98,5684.96,3.476,190.98,2
TSLA,2025-01-02,2025-01-03,2025-01-06,3-5%,-3.402,390.4901,403.4362,tp_gap_filled,14.1089,5509.37,5509.37,5692.02,3.315,182.65,1
EBAY,2024-12-10,2024-12-27,2025-01-08,3-5%,-3.976,62.6125,65.0749,tp_gap_filled,88.2215,5523.77,5523.77,5741.0,3.933,217.23,7
STZ,2024-11-26,2024-12-16,2025-01-10,3-5%,-3.658,233.0628,195.577,stop,23.9238,5575.75,5575.75,4678.95,-16.084,-896.8,16
COO,2024-12-06,2024-12-09,2025-01-14,3-5%,-3.72,99.4894,89.0209,time_exit,56.6342,5634.5,5634.5,5041.63,-10.522,-592.88,23
APD,2024-12-05,2024-12-10,2025-01-15,3-5%,-3.967,314.8045,306.5931,time_exit,17.8222,5610.52,5610.52,5464.17,-2.608,-146.35,23
PANW,2025-01-08,2025-01-13,2025-01-15,3-5%,-3.493,169.5494,175.3345,tp_gap_filled,32.4458,5501.17,5501.17,5688.87,3.412,187.7,2
MU,2025-01-13,2025-01-14,2025-01-15,3-5%,-3.523,95.9358,99.2407,tp_gap_filled,57.4019,5506.9,5506.9,5696.6,3.445,189.7,1
XOM,2024-09-26,2024-12-11,2025-01-16,3-5%,-3.163,111.2511,111.2087,time_exit,50.4718,5615.05,5615.05,5612.91,-0.038,-2.14,23
DHI,2024-12-10,2024-12-11,2025-01-16,3-5%,-3.001,156.2861,146.4534,time_exit,35.9388,5616.74,5616.74,5263.36,-6.291,-353.38,23
SBUX,2024-10-23,2024-12-16,2025-01-21,3-5%,-3.047,93.9639,96.7232,tp_gap_filled,59.3375,5575.58,5575.58,5739.31,2.937,163.73,22
MCHP,2024-12-16,2024-12-18,2025-01-24,3-5%,-3.321,57.9979,56.3336,time_exit,94.9422,5506.45,5506.45,5348.44,-2.87,-158.02,23
AVGO,2024-12-17,2024-12-26,2025-01-27,3-5%,-3.74,240.8906,202.1458,stop,22.9618,5531.29,5531.29,4641.64,-16.084,-889.65,19
BA,2024-12-30,2025-01-02,2025-01-28,3-5%,-3.873,173.8937,180.5393,tp_gap_filled,31.5275,5482.44,5482.44,5691.96,3.822,209.52,16
CME,2024-12-27,2024-12-30,2025-01-30,3-5%,-3.135,231.9417,238.9708,tp_gap_filled,23.6515,5485.78,5485.78,5652.03,3.031,166.25,20
EW,2025-01-13,2025-01-14,2025-01-30,3-5%,-3.923,70.6105,73.3466,tp_gap_filled,77.966,5505.22,5505.22,5718.54,3.875,213.32,11
ANET,2025-01-13,2025-01-27,2025-01-30,3-5%,-3.699,110.2201,114.2257,tp_gap_filled,50.0879,5520.7,5520.7,5721.32,3.634,200.63,3
GOOGL,2025-01-27,2025-01-28,2025-01-30,3-5%,-3.896,192.6024,200.0098,tp_gap_filled,28.7104,5529.69,5529.69,5742.36,3.846,212.67,2
GOOG,2025-01-27,2025-01-28,2025-01-30,3-5%,-3.819,194.3842,201.6981,tp_gap_filled,28.4671,5533.56,5533.56,5741.77,3.763,208.21,2
LRCX,2025-01-27,2025-01-29,2025-01-30,3-5%,-3.627,76.8668,79.6003,tp_gap_filled,71.8878,5525.79,5525.79,5722.3,3.556,196.51,1
REGN,2025-01-13,2025-02-03,2025-02-04,3-5%,-3.966,669.9092,696.1831,tp_gap_filled,8.2608,5533.97,5533.97,5751.02,3.922,217.04,1
JCI,2025-01-27,2025-01-31,2025-02-05,3-5%,-3.493,78.8287,81.5184,tp_gap_filled,70.744,5576.66,5576.66,5766.94,3.412,190.28,3
BXP,2025-01-29,2025-02-03,2025-02-05,3-5%,-3.772,70.4904,73.1068,tp_gap_filled,78.5161,5534.63,5534.63,5740.06,3.712,205.43,2
MRVL,2025-02-03,2025-02-04,2025-02-05,3-5%,-3.651,108.8487,112.7471,tp_gap_filled,51.1547,5568.12,5568.12,5767.54,3.581,199.42,1
EQIX,2025-01-27,2025-01-28,2025-02-06,3-5%,-3.556,908.2974,939.9091,tp_gap_filled,6.0964,5537.38,5537.38,5730.1,3.48,192.72,7
C,2025-02-03,2025-02-04,2025-02-06,3-5%,-3.598,78.5785,81.3486,tp_gap_filled,70.888,5570.27,5570.27,5766.64,3.525,196.36,2
MPWR,2025-01-27,2025-01-31,2025-02-07,3-5%,-3.829,653.1025,677.7516,tp_gap_filled,8.5491,5583.43,5583.43,5794.15,3.774,210.73,5
NTAP,2025-01-27,2025-02-04,2025-02-07,3-5%,-3.54,121.6615,125.874,tp_gap_filled,45.7821,5569.92,5569.92,5762.78,3.462,192.86,3
ON,2025-01-10,2025-01-13,2025-02-10,3-5%,-3.31,56.4364,47.3592,stop,97.4258,5498.36,5498.36,4614.0,-16.084,-884.36,19
TTD,2025-02-04,2025-02-05,2025-02-10,3-5%,-3.544,113.8738,117.8221,tp_gap_filled,49.3497,5619.64,5619.64,5814.48,3.467,194.85,3
UAL,2025-02-03,2025-02-13,2025-02-18,3-5%,-3.666,102.062,105.7342,tp_gap_filled,54.901,5603.3,5603.3,5804.91,3.598,201.61,2
BMY,2025-02-06,2025-02-07,2025-02-25,3-5%,-3.919,57.4274,59.6503,tp_gap_filled,97.9882,5627.2,5627.2,5845.02,3.871,217.82,11
RDDT,2025-01-13,2025-02-24,2025-02-26,3-5%,-3.974,160.6004,166.9129,tp_gap_filled,34.2338,5497.96,5497.96,5714.06,3.931,216.1,2
SMCI,2025-02-24,2025-02-26,2025-02-27,3-5%,-3.906,53.9339,45.2592,stop,102.7116,5539.64,5539.64,4648.64,-16.084,-891.0,1
AMAT,2025-01-27,2025-01-29,2025-03-03,3-5%,-3.855,179.7296,150.8219,stop,30.7831,5532.64,5532.64,4642.77,-16.084,-889.87,22
CRM,2025-01-30,2025-01-31,2025-03-04,3-5%,-3.701,341.2409,286.3557,stop,16.3424,5576.7,5576.7,4679.74,-16.084,-896.96,21
HUBB,2025-02-03,2025-02-04,2025-03-04,3-5%,-3.771,407.4671,341.9301,stop,13.6762,5572.6,5572.6,4676.31,-16.084,-896.3,19
JBL,2025-01-27,2025-02-07,2025-03-04,3-5%,-3.623,167.2171,140.3219,stop,33.6352,5624.37,5624.37,4719.75,-16.084,-904.62,16
CIEN,2025-02-12,2025-02-21,2025-03-04,3-5%,-3.989,84.084,70.5599,stop,65.7289,5526.75,5526.75,4637.83,-16.084,-888.92,7
SYY,2025-01-28,2025-02-24,2025-03-04,3-5%,-3.981,73.8738,76.7831,tp_gap_filled,74.4349,5498.79,5498.79,5715.35,3.938,216.56,6
FDX,2025-01-30,2025-01-31,2025-03-06,3-5%,-3.657,213.751,201.0799,time_exit,26.0915,5577.08,5577.08,5246.47,-5.928,-330.61,23
IRM,2025-02-12,2025-02-13,2025-03-06,3-5%,-3.785,102.2922,85.8395,stop,54.9666,5622.66,5622.66,4718.31,-16.084,-904.35,14
APP,2025-03-04,2025-03-05,2025-03-06,3-5%,-3.954,324.324,272.1597,stop,16.3945,5317.12,5317.12,4461.92,-16.084,-855.21,1
AOS,2025-01-30,2025-02-03,2025-03-07,3-5%,-3.915,66.5765,69.1508,tp_gap_filled,83.103,5532.71,5532.71,5746.64,3.867,213.93,23
ZBH,2025-02-06,2025-02-20,2025-03-07,3-5%,-3.926,104.104,108.1418,tp_gap_filled,53.6728,5587.56,5587.56,5804.27,3.879,216.72,11
CVNA,2025-03-04,2025-03-05,2025-03-07,3-5%,-3.718,42.3003,35.4967,stop,125.6465,5314.88,5314.88,4460.03,-16.084,-854.85,2
PLTR,2025-03-04,2025-03-06,2025-03-07,3-5%,-3.908,80.2402,83.3366,tp_gap_filled,64.799,5199.48,5199.48,5400.12,3.859,200.64,1
VRT,2025-03-04,2025-03-06,2025-03-07,3-5%,-3.864,82.1921,85.3246,tp_gap_filled,63.2687,5200.19,5200.19,5398.38,3.811,198.19,1
F,2025-02-03,2025-03-03,2025-03-10,3-5%,-3.571,9.7297,10.0699,tp_gap_filled,551.6273,5367.18,5367.18,5554.84,3.496,187.66,5
AES,2025-03-03,2025-03-04,2025-03-10,3-5%,-3.796,11.1611,11.5784,tp_gap_filled,472.3134,5271.56,5271.56,5468.64,3.739,197.08,4
CTVA,2025-02-05,2025-02-06,2025-03-12,3-5%,-3.562,63.4234,58.941,time_exit,88.7447,5628.49,5628.49,5230.7,-7.067,-397.79,23
PWR,2025-03-06,2025-03-07,2025-03-12,3-5%,-3.812,243.7535,252.9068,tp_gap_filled,21.4411,5226.33,5226.33,5422.59,3.755,196.26,3
LITE,2025-03-10,2025-03-11,2025-03-12,3-5%,-3.945,59.7197,62.0479,tp_gap_filled,86.6465,5174.5,5174.5,5376.23,3.899,201.73,1
VST,2025-03-10,2025-03-11,2025-03-12,3-5%,-3.779,110.11,114.2057,tp_gap_filled,47.0856,5184.6,5184.6,5377.44,3.72,192.85,1
FIX,2025-03-04,2025-03-06,2025-03-17,3-5%,-3.93,332.332,345.2344,tp_gap_filled,15.6554,5202.79,5202.79,5404.78,3.882,201.99,7
BF-B,2025-03-06,2025-03-12,2025-03-17,3-5%,-3.723,34.6847,35.954,tp_gap_filled,150.6286,5224.5,5224.5,5415.7,3.66,191.2,3
AMZN,2025-01-27,2025-02-18,2025-03-18,3-5%,-3.679,226.4362,190.0162,stop,24.7202,5597.54,5597.54,4697.23,-16.084,-900.31,20
APO,2025-03-06,2025-03-07,2025-03-19,3-5%,-3.935,135.135,140.3895,tp_gap_filled,38.701,5229.87,5229.87,5433.22,3.888,203.35,8
AVGO,2025-03-17,2025-03-18,2025-03-19,3-5%,-3.83,188.2381,195.3445,tp_gap_filled,27.7523,5224.04,5224.04,5421.26,3.775,197.22,1
XYZ,2025-03-04,2025-03-05,2025-03-24,3-5%,-3.822,60.4504,62.7272,tp_gap_filled,87.8727,5311.94,5311.94,5512.01,3.766,200.07,13
ANET,2025-03-04,2025-03-07,2025-03-24,3-5%,-3.825,82.8027,85.924,tp_gap_filled,63.0966,5224.57,5224.57,5421.52,3.77,196.94,11
CEG,2025-03-06,2025-03-12,2025-03-24,3-5%,-3.981,220.4102,229.0907,tp_gap_filled,23.7308,5230.51,5230.51,5436.5,3.938,205.99,8
CMI,2025-03-13,2025-03-14,2025-03-24,3-5%,-3.677,318.8685,330.3793,tp_gap_filled,16.3772,5222.17,5222.17,5410.69,3.61,188.51,6
APP,2025-03-06,2025-03-17,2025-03-24,3-5%,-3.849,306.0658,317.682,tp_gap_filled,17.2552,5281.22,5281.22,5481.66,3.795,200.44,5
HOOD,2025-03-06,2025-03-24,2025-03-25,3-5%,-3.928,46.2762,48.0719,tp_gap_filled,115.2738,5334.44,5334.44,5541.43,3.88,206.99,1
MAS,2025-02-12,2025-02-21,2025-03-26,3-5%,-3.84,75.7056,70.3396,time_exit,73.003,5526.74,5526.74,5135.0,-7.088,-391.74,23
CLX,2025-02-04,2025-02-21,2025-03-26,3-5%,-3.617,154.154,142.837,time_exit,35.8313,5523.54,5523.54,5118.04,-7.341,-405.5,23
EQIX,2025-02-13,2025-02-24,2025-03-27,3-5%,-3.871,899.899,824.4847,time_exit,6.119,5506.46,5506.46,5045.01,-8.38,-461.46,23
ABT,2025-03-14,2025-03-18,2025-03-27,3-5%,-3.765,125.125,129.7601,tp_gap_filled,41.7553,5224.64,5224.64,5418.18,3.704,193.54,7
RDDT,2025-03-17,2025-03-24,2025-03-28,3-5%,-3.58,123.7436,103.8407,stop,43.2059,5346.45,5346.45,4486.53,-16.084,-859.92,4
TSLA,2025-03-10,2025-03-31,2025-04-01,3-5%,-3.857,252.7925,262.4073,tp_gap_filled,20.6293,5214.92,5214.92,5413.27,3.803,198.35,1
AXON,2025-03-10,2025-03-31,2025-04-01,3-5%,-3.421,508.8984,525.8736,tp_gap_filled,10.2651,5223.89,5223.89,5398.15,3.336,174.25,1
RCL,2025-03-31,2025-04-01,2025-04-02,3-5%,-3.647,200.21,207.3724,tp_gap_filled,26.1063,5226.74,5226.74,5413.73,3.577,186.98,1
NCLH,2025-03-31,2025-04-01,2025-04-02,3-5%,-3.394,18.5185,19.1308,tp_gap_filled,282.8019,5237.07,5237.07,5410.24,3.307,173.17,1
TKO,2025-02-27,2025-03-03,2025-04-03,3-5%,-3.736,153.7436,150.2896,time_exit,34.9777,5377.59,5377.59,5256.78,-2.247,-120.81,23
DXCM,2025-03-10,2025-03-20,2025-04-03,3-5%,-3.983,74.8147,62.7815,stop,70.7619,5294.03,5294.03,4442.54,-16.084,-851.49,10
INTC,2025-03-19,2025-03-24,2025-04-03,3-5%,-3.935,24.9249,20.916,stop,214.3235,5341.99,5341.99,4482.79,-16.084,-859.21,8
C,2025-03-04,2025-03-25,2025-04-04,3-5%,-3.408,74.6145,62.6135,stop,71.4719,5332.84,5332.84,4475.11,-16.084,-857.73,8
NUE,2025-03-21,2025-03-27,2025-04-04,3-5%,-3.29,125.3652,105.2015,stop,42.0374,5270.03,5270.03,4422.4,-16.084,-847.63,6
AMD,2025-03-27,2025-03-28,2025-04-04,3-5%,-3.703,106.2161,89.1323,stop,49.1821,5223.93,5223.93,4383.71,-16.084,-840.22,5
ANET,2025-03-31,2025-04-03,2025-04-04,3-5%,-3.49,75.2952,63.1847,stop,67.9616,5117.18,5117.18,4294.14,-16.084,-823.05,1
CVNA,2025-03-31,2025-04-03,2025-04-04,3-5%,-3.307,39.5695,33.2052,stop,128.9757,5103.51,5103.51,4282.66,-16.084,-820.85,1
ORCL,2025-03-11,2025-03-28,2025-04-07,3-5%,-3.609,143.5634,120.4727,stop,36.3363,5216.56,5216.56,4377.53,-16.084,-839.03,6
FIX,2025-03-31,2025-04-03,2025-04-08,3-5%,-3.493,313.1028,323.7859,tp_gap_filled,16.348,5118.6,5118.6,5293.25,3.412,174.65,3
HAS,2025-04-04,2025-04-07,2025-04-08,3-5%,-3.91,52.8928,54.935,tp_gap_filled,93.0276,4920.49,4920.49,5110.47,3.861,189.98,1
FITB,2025-04-04,2025-04-07,2025-04-08,3-5%,-3.891,34.1241,35.4345,tp_gap_filled,144.2319,4921.78,4921.78,5110.79,3.84,189.01,1
WMT,2025-04-03,2025-04-04,2025-04-09,3-5%,-3.877,86.3663,89.6702,tp_gap_filled,57.5777,4972.78,4972.78,5163.01,3.826,190.23,3
VLO,2025-04-04,2025-04-07,2025-04-09,3-5%,-3.999,109.8297,114.1757,tp_gap_filled,44.972,4939.26,4939.26,5134.71,3.957,195.45,2
AXP,2025-04-04,2025-04-07,2025-04-09,3-5%,-3.995,238.1579,247.5722,tp_gap_filled,20.7096,4932.16,4932.16,5127.12,3.953,194.97,2
NWS,2025-04-04,2025-04-07,2025-04-09,3-5%,-3.976,28.2883,29.4006,tp_gap_filled,174.2116,4928.14,4928.14,5121.92,3.932,193.78,2
BLK,2025-04-04,2025-04-08,2025-04-09,3-5%,-3.917,853.7329,886.7624,tp_gap_filled,5.7618,4919.06,4919.06,5109.37,3.869,190.31,1
FOX,2025-04-07,2025-04-08,2025-04-09,3-5%,-3.914,43.9839,45.6843,tp_gap_filled,111.5886,4908.11,4908.11,5097.85,3.866,189.74,1
VEEV,2025-04-07,2025-04-09,2025-04-10,3-5%,-3.955,205.4352,213.4663,tp_gap_filled,24.699,5074.04,5074.04,5272.4,3.909,198.36,1
AMD,2025-04-04,2025-04-09,2025-04-11,3-5%,-3.945,90.1901,93.7062,tp_gap_filled,56.4183,5088.37,5088.37,5286.74,3.899,198.37,2
PLTR,2025-04-10,2025-04-11,2025-04-14,3-5%,-3.923,88.4884,91.918,tp_gap_filled,56.9015,5035.12,5035.12,5230.27,3.876,195.15,1
RL,2025-04-10,2025-04-14,2025-04-22,3-5%,-3.988,200.2601,208.1616,tp_gap_filled,25.2305,5052.65,5052.65,5252.01,3.946,199.36,5
META,2025-04-07,2025-04-21,2025-04-22,3-5%,-3.889,485.5851,504.2253,tp_gap_filled,10.2408,4972.78,4972.78,5163.67,3.839,190.89,1
PHM,2025-04-03,2025-04-04,2025-04-23,3-5%,-3.872,100.3903,104.2257,tp_gap_filled,49.4433,4963.63,4963.63,5153.27,3.82,189.63,12
LULU,2025-04-10,2025-04-11,2025-04-23,3-5%,-3.999,263.1529,273.5662,tp_gap_filled,19.1415,5037.15,5037.15,5236.48,3.957,199.33,7
INTC,2025-04-10,2025-04-14,2025-04-24,3-5%,-3.948,20.7007,21.5085,tp_gap_filled,244.1723,5054.53,5054.53,5251.77,3.902,197.24,7
IRM,2025-04-03,2025-04-09,2025-04-25,3-5%,-3.905,84.7447,88.0119,tp_gap_filled,60.2649,5107.13,5107.13,5304.03,3.855,196.9,11
MAS,2025-04-23,2025-04-24,2025-04-28,3-5%,-3.972,59.049,61.3686,tp_gap_filled,87.227,5150.67,5150.67,5353.0,3.928,202.33,2
MAR,2025-03-21,2025-03-31,2025-05-01,3-5%,-3.696,236.0258,244.5952,tp_gap_filled,22.1225,5221.49,5221.49,5411.07,3.631,189.58,22
GEN,2025-04-04,2025-04-09,2025-05-01,3-5%,-3.885,25.015,25.974,tp_gap_filled,204.3776,5112.5,5112.5,5308.5,3.834,196.0,15
ADI,2025-04-03,2025-04-09,2025-05-02,3-5%,-3.893,192.0118,199.3904,tp_gap_filled,26.594,5106.36,5106.36,5302.59,3.843,196.23,16
BEN,2025-04-03,2025-04-09,2025-05-02,3-5%,-3.86,18.6987,19.4106,tp_gap_filled,273.6311,5116.54,5116.54,5311.34,3.807,194.8,16
LVS,2025-04-03,2025-05-01,2025-05-06,3-5%,-3.919,37.5475,39.001,tp_gap_filled,138.2996,5192.8,5192.8,5393.82,3.871,201.01,3
ROK,2025-04-03,2025-04-28,2025-05-07,3-5%,-3.998,250.6804,260.5991,tp_gap_filled,20.6407,5174.22,5174.22,5378.94,3.957,204.73,7
ZBRA,2025-04-30,2025-05-06,2025-05-07,3-5%,-3.855,246.4262,255.7939,tp_gap_filled,21.1523,5212.49,5212.49,5410.64,3.801,198.15,1
LII,2025-04-03,2025-04-04,2025-05-08,3-5%,-3.824,553.1126,573.9555,tp_gap_filled,8.9778,4965.73,4965.73,5152.86,3.768,187.12,23
PLTR,2025-04-30,2025-05-06,2025-05-08,3-5%,-3.851,111.7216,115.9639,tp_gap_filled,46.6979,5217.16,5217.16,5415.27,3.797,198.11,2
WBD,2025-04-10,2025-05-08,2025-05-09,3-5%,-3.888,8.9089,9.2507,tp_gap_filled,590.211,5258.13,5258.13,5459.89,3.837,201.76,1
DOW,2025-04-04,2025-04-23,2025-05-12,3-5%,-3.973,30.2402,31.4285,tp_gap_filled,168.6377,5099.64,5099.64,5300.04,3.93,200.4,13
SWK,2025-04-10,2025-04-23,2025-05-12,3-5%,-3.908,61.7717,64.1558,tp_gap_filled,82.387,5089.18,5089.18,5285.6,3.859,196.42,13
CSCO,2025-04-03,2025-05-02,2025-05-12,3-5%,-3.947,59.4394,61.7582,tp_gap_filled,87.9703,5228.9,5228.9,5432.88,3.901,203.99,6
CRH,2025-05-06,2025-05-07,2025-05-12,3-5%,-3.939,94.4744,98.1518,tp_gap_filled,55.3192,5226.25,5226.25,5429.68,3.892,203.43,3
SPG,2025-04-03,2025-05-08,2025-05-12,3-5%,-3.914,163.9037,170.2396,tp_gap_filled,32.0894,5259.56,5259.56,5462.88,3.866,203.31,2
AES,2025-04-03,2025-05-13,2025-05-14,3-5%,-3.846,12.012,12.4675,tp_gap_filled,443.5607,5328.05,5328.05,5530.1,3.792,202.05,1
TSLA,2025-05-19,2025-05-21,2025-05-27,3-5%,-3.909,336.6363,349.63,tp_gap_filled,15.789,5315.17,5315.17,5520.32,3.86,205.16,3
RMD,2025-05-20,2025-05-23,2025-06-10,3-5%,-3.9,243.7135,253.0967,tp_gap_filled,21.7821,5308.6,5308.6,5512.98,3.85,204.39,11
TDG,2025-05-06,2025-05-12,2025-06-13,3-5%,-3.816,1417.8465,1438.1704,time_exit,3.7581,5328.43,5328.43,5404.81,1.433,76.38,23
FSLR,2025-05-19,2025-05-20,2025-06-13,3-5%,-3.956,171.5714,178.2815,tp_gap_filled,31.1357,5342.0,5342.0,5550.92,3.911,208.93,17
TTWO,2025-05-21,2025-05-22,2025-06-16,3-5%,-3.987,228.258,237.2625,tp_gap_filled,23.2553,5308.22,5308.22,5517.62,3.945,209.4,16
PLD,2025-04-03,2025-05-14,2025-06-17,3-5%,-3.765,108.2181,104.9849,time_exit,49.2849,5333.52,5333.52,5174.17,-2.988,-159.35,23
NUE,2025-06-11,2025-06-13,2025-06-18,3-5%,-3.754,120.12,124.5553,tp_gap_filled,44.7324,5373.25,5373.25,5571.66,3.692,198.4,3
TMUS,2025-06-17,2025-06-18,2025-06-25,3-5%,-3.935,222.1219,230.759,tp_gap_filled,24.2248,5380.86,5380.86,5590.09,3.888,209.23,4
ECHO,2025-04-03,2025-06-17,2025-06-27,3-5%,-3.766,25.3253,26.2637,tp_gap_filled,212.4527,5380.43,5380.43,5579.8,3.705,199.37,7
BLK,2025-07-15,2025-07-16,2025-07-18,3-5%,-3.654,1071.9208,1110.3485,tp_gap_filled,5.0434,5406.13,5406.13,5599.93,3.585,193.81,2
ROP,2025-04-28,2025-07-21,2025-07-22,3-5%,-3.541,538.488,557.1423,tp_gap_filled,10.0575,5415.82,5415.82,5603.43,3.464,187.62,1
MU,2025-08-01,2025-08-04,2025-08-05,3-5%,-3.344,105.5955,109.0309,tp_gap_filled,51.5478,5443.21,5443.21,5620.3,3.253,177.09,1
ABT,2025-07-17,2025-07-23,2025-08-07,3-5%,-3.94,126.6766,131.6083,tp_gap_filled,42.8272,5425.2,5425.2,5636.41,3.893,211.21,11
BMY,2025-07-31,2025-08-01,2025-08-08,3-5%,-3.936,44.2142,45.934,tp_gap_filled,122.7324,5426.51,5426.51,5637.59,3.89,211.08,5
APP,2025-06-09,2025-08-07,2025-08-08,3-5%,-3.982,401.6512,417.4721,tp_gap_filled,13.5661,5448.83,5448.83,5663.46,3.939,214.63,1
COR,2025-08-06,2025-08-07,2025-08-11,3-5%,-3.503,282.3921,292.0577,tp_gap_filled,19.3353,5460.12,5460.12,5647.01,3.423,186.89,2
COIN,2025-08-05,2025-08-07,2025-08-11,3-5%,-3.476,307.4171,317.8518,tp_gap_filled,17.7487,5456.26,5456.26,5641.47,3.394,185.2,2
USB,2025-07-17,2025-08-01,2025-08-12,3-5%,-3.349,44.1942,45.6343,tp_gap_filled,122.7714,5425.78,5425.78,5602.59,3.259,176.81,7
WAT,2025-08-04,2025-08-05,2025-08-13,3-5%,-3.62,280.0798,290.0197,tp_gap_filled,19.4917,5459.23,5459.23,5652.98,3.549,193.75,6
ROK,2025-08-06,2025-08-07,2025-08-13,3-5%,-3.977,332.5722,345.654,tp_gap_filled,16.4567,5473.04,5473.04,5688.32,3.934,215.28,4
QCOM,2025-07-31,2025-08-12,2025-08-15,3-5%,-3.741,153.2631,158.9009,tp_gap_filled,35.758,5480.39,5480.39,5681.99,3.679,201.6,3
NSC,2025-07-29,2025-08-01,2025-08-19,3-5%,-3.841,275.6954,286.1336,tp_gap_filled,19.6833,5426.61,5426.61,5632.07,3.786,205.46,12
ULTA,2025-08-14,2025-08-19,2025-08-22,3-5%,-3.677,513.6331,532.1773,tp_gap_filled,10.7121,5502.08,5502.08,5700.72,3.61,198.65,3
WDC,2025-08-01,2025-08-05,2025-08-25,3-5%,-3.787,75.7857,78.6113,tp_gap_filled,72.0326,5459.04,5459.04,5662.57,3.728,203.54,14
PLTR,2025-08-20,2025-08-22,2025-08-25,3-5%,-3.455,152.4523,157.5923,tp_gap_filled,36.2571,5527.48,5527.48,5713.84,3.372,186.36,1
EQT,2025-08-18,2025-08-20,2025-08-26,3-5%,-3.368,51.1211,52.7971,tp_gap_filled,107.6527,5503.32,5503.32,5683.76,3.279,180.43,4
WSM,2025-08-25,2025-08-26,2025-08-27,3-5%,-3.598,196.2961,203.2166,tp_gap_filled,28.2325,5541.93,5541.93,5737.31,3.526,195.38,1
SW,2025-07-31,2025-08-22,2025-08-29,3-5%,-3.801,45.6056,47.3126,tp_gap_filled,121.1936,5527.1,5527.1,5733.99,3.743,206.89,5
