ticker,gap_date,entry_date,exit_date,bucket,gap_pct,entry_price,exit_price,exit_reason,contracts_shares,position_dollars,pnl_pct,pnl_dollar,days_held
F,2016-09-08,2016-09-09,2016-09-12,1-2%,-1.575,12.5125,12.6873,tp_gap_filled,396.2592,4958.19,1.397,69.27,1
BBY,2016-09-09,2016-09-12,2016-09-13,1-2%,-1.714,37.3073,37.8821,tp_gap_filled,133.5661,4982.98,1.541,76.77,1
PYPL,2016-09-09,2016-09-12,2016-09-13,1-2%,-1.324,38.7887,39.2307,tp_gap_filled,128.4787,4983.53,1.139,56.79,1
FCX,2016-09-09,2016-09-12,2016-09-13,1-2%,-1.318,10.4905,10.6094,tp_gap_filled,475.0411,4983.41,1.133,56.48,1
FSLR,2016-09-08,2016-09-09,2016-09-14,1-2%,-1.845,37.8178,34.7576,stop,131.2268,4962.71,-8.092,-401.58,3
NWS,2016-09-12,2016-09-13,2016-09-14,1-2%,-1.82,13.5035,13.7263,tp_gap_filled,365.9299,4941.33,1.65,81.52,1
TSLA,2016-09-08,2016-09-09,2016-09-15,1-2%,-1.071,13.3166,13.4339,tp_gap_filled,371.9406,4953.0,0.88,43.61,4
CMCSA,2016-09-09,2016-09-12,2016-09-15,1-2%,-1.406,30.5976,30.9718,tp_gap_filled,162.8518,4982.87,1.223,60.94,3
TMUS,2016-09-09,2016-09-12,2016-09-15,1-2%,-1.327,46.1361,46.6633,tp_gap_filled,108.0422,4984.64,1.143,56.96,3
INTU,2016-09-13,2016-09-14,2016-09-15,2-3%,-2.246,107.1871,109.4305,tp_gap_filled,46.0547,4936.47,2.093,103.32,1
MRVL,2016-09-07,2016-09-08,2016-09-16,2-3%,-2.859,12.5826,12.9271,tp_gap_filled,396.882,4993.8,2.738,136.72,6
PCAR,2016-09-14,2016-09-15,2016-09-16,2-3%,-2.076,36.8301,37.5358,tp_gap_filled,135.5152,4991.04,1.916,95.62,1
ROST,2016-09-07,2016-09-08,2016-09-19,1-2%,-1.036,62.1621,62.6872,tp_gap_filled,80.3189,4992.79,0.845,42.18,7
KMI,2016-09-12,2016-09-13,2016-09-19,1-2%,-1.854,21.7317,22.0979,tp_gap_filled,227.3117,4939.87,1.685,83.24,4
ESS,2016-09-09,2016-09-12,2016-09-20,2-3%,-2.941,220.3802,226.6032,tp_gap_filled,22.5871,4977.74,2.824,140.56,6
MDLZ,2016-09-09,2016-09-12,2016-09-20,1-2%,-1.26,43.1331,43.5964,tp_gap_filled,115.8341,4996.28,1.074,53.66,6
PPL,2016-09-07,2016-09-08,2016-09-21,1-2%,-1.076,34.9649,35.2747,tp_gap_filled,142.7994,4992.97,0.886,44.23,9
APA,2016-09-13,2016-09-14,2016-09-21,2-3%,-2.17,58.6586,59.8401,tp_gap_filled,84.1922,4938.59,2.014,99.47,5
ULTA,2016-09-15,2016-09-16,2016-09-21,1-2%,-1.909,232.9727,237.0327,tp_gap_filled,21.3351,4970.5,1.743,86.62,3
ELV,2016-09-13,2016-09-16,2016-09-21,1-2%,-1.835,126.3462,128.4514,tp_gap_filled,39.3472,4971.37,1.666,82.83,3
HAL,2016-09-16,2016-09-19,2016-09-21,2-3%,-2.394,40.8108,41.7282,tp_gap_filled,122.4427,4996.98,2.248,112.34,2
EQT,2016-09-13,2016-09-20,2016-09-21,1-2%,-1.717,39.6095,40.221,tp_gap_filled,125.987,4990.29,1.544,77.04,1
ABBV,2016-09-08,2016-09-09,2016-09-22,1-2%,-1.555,64.024,64.905,tp_gap_filled,77.4018,4955.57,1.376,68.2,9
WMB,2016-09-09,2016-09-12,2016-09-22,3-5%,-4.173,29.8799,31.1188,tp_gap_filled,166.4416,4973.25,4.147,206.22,8
CRH,2016-09-09,2016-09-12,2016-09-22,1-2%,-1.224,33.1131,33.4565,tp_gap_filled,150.9584,4998.7,1.037,51.84,8
LH,2016-09-13,2016-09-15,2016-09-22,2-3%,-2.176,115.2268,117.5541,tp_gap_filled,43.306,4990.01,2.02,100.79,5
BEN,2016-09-13,2016-09-15,2016-09-22,1-2%,-1.784,35.8158,36.3936,tp_gap_filled,139.5657,4998.65,1.613,80.64,5
ANET,2016-09-19,2016-09-21,2016-09-22,1-2%,-1.823,5.2227,5.3091,tp_gap_filled,967.3024,5051.95,1.653,83.52,1
STLD,2016-09-20,2016-09-21,2016-09-22,1-2%,-1.317,24.004,24.2757,tp_gap_filled,210.4889,5052.57,1.132,57.19,1
LVS,2016-09-20,2016-09-21,2016-09-22,1-2%,-1.256,56.6666,57.2727,tp_gap_filled,89.3202,5061.48,1.07,54.13,1
ALB,2016-09-09,2016-09-21,2016-09-22,1-2%,-1.248,79.9899,80.8391,tp_gap_filled,63.2816,5061.89,1.062,53.74,1
O,2016-09-09,2016-09-21,2016-09-22,1-2%,-1.246,64.58,65.2641,tp_gap_filled,78.3915,5062.53,1.059,53.63,1
WY,2016-09-09,2016-09-22,2016-09-23,1-2%,-1.227,31.4314,31.7582,tp_gap_filled,162.2182,5098.75,1.04,53.01,1
ARE,2016-09-09,2016-09-22,2016-09-23,1-2%,-1.18,112.3622,113.4764,tp_gap_filled,45.4246,5104.01,0.992,50.61,1
HII,2016-09-20,2016-09-22,2016-09-26,2-3%,-2.761,150.5504,154.5153,tp_gap_filled,33.8706,5099.23,2.634,134.29,2
CPT,2016-09-21,2016-09-22,2016-09-27,3-5%,-4.082,84.2041,87.6123,tp_gap_filled,60.4176,5087.41,4.048,205.91,3
ACN,2016-09-23,2016-09-26,2016-09-27,2-3%,-2.771,110.6205,113.5463,tp_gap_filled,45.588,5042.97,2.645,133.38,1
TT,2016-09-09,2016-09-22,2016-09-28,1-2%,-1.676,51.4711,52.2441,tp_gap_filled,99.1842,5105.12,1.502,76.66,4
TTD,2016-09-26,2016-09-27,2016-09-28,2-3%,-2.025,2.7127,2.7632,tp_gap_filled,1866.7542,5063.96,1.862,94.32,1
MKC,2016-09-16,2016-09-19,2016-09-29,2-3%,-2.397,47.8978,48.976,tp_gap_filled,104.294,4995.46,2.251,112.44,8
MCHP,2016-09-07,2016-09-22,2016-09-29,1-2%,-1.269,30.7707,31.1039,tp_gap_filled,165.7893,5101.46,1.083,55.23,5
UNP,2016-09-09,2016-09-22,2016-09-29,1-2%,-1.231,95.5354,96.5334,tp_gap_filled,53.3829,5099.96,1.045,53.27,5
COP,2016-09-13,2016-09-28,2016-09-29,1-2%,-1.758,41.9619,42.6273,tp_gap_filled,121.8426,5112.75,1.586,81.08,1
ETN,2016-09-09,2016-09-12,2016-09-30,1-2%,-1.301,65.2852,66.0139,tp_gap_filled,76.5474,4997.41,1.116,55.78,14
FCX,2016-09-13,2016-09-22,2016-09-30,3-5%,-3.881,10.6606,11.0689,tp_gap_filled,477.6913,5092.5,3.83,195.03,6
NTAP,2016-09-26,2016-09-27,2016-09-30,2-3%,-2.215,34.9049,35.6243,tp_gap_filled,144.9886,5060.81,2.061,104.32,3
FANG,2016-09-13,2016-09-29,2016-09-30,1-2%,-1.485,94.3042,95.5344,tp_gap_filled,53.8684,5080.02,1.304,66.27,1
HST,2016-09-28,2016-09-29,2016-09-30,1-2%,-1.271,15.5555,15.7243,tp_gap_filled,326.7854,5083.32,1.085,55.14,1
CTSH,2016-09-13,2016-09-29,2016-09-30,1-2%,-1.206,55.7757,51.2623,stop,91.1663,5084.87,-8.092,-411.47,1
COF,2016-09-13,2016-09-20,2016-10-03,1-2%,-1.366,71.5815,72.4275,tp_gap_filled,69.7146,4990.28,1.182,58.98,9
IVZ,2016-09-13,2016-09-21,2016-10-03,2-3%,-2.183,30.9509,31.5784,tp_gap_filled,163.2537,5052.85,2.027,102.44,8
BKR,2016-09-09,2016-09-22,2016-10-05,1-2%,-1.345,50.6506,51.2387,tp_gap_filled,100.7685,5103.98,1.161,59.26,9
WYNN,2016-09-30,2016-10-03,2016-10-11,2-3%,-2.436,98.2381,100.4894,tp_gap_filled,52.0456,5112.86,2.292,117.17,6
CF,2016-09-13,2016-10-05,2016-10-12,1-2%,-1.999,25.025,23.0,stop,203.2799,5087.08,-8.092,-411.65,5
FSLR,2016-10-07,2016-10-11,2016-10-14,2-3%,-2.34,38.8588,39.7102,tp_gap_filled,128.4357,4990.86,2.191,109.35,3
GWW,2016-09-07,2016-09-08,2016-10-18,1-2%,-1.146,227.9978,209.5482,stop,21.8921,4991.35,-8.092,-403.9,28
T,2016-09-28,2016-09-29,2016-10-21,1-2%,-1.085,31.0053,28.4963,stop,163.8859,5081.33,-8.092,-411.18,16
AMD,2016-09-07,2016-10-03,2016-10-25,3-5%,-3.951,7.0571,7.3327,tp_gap_filled,724.5079,5112.89,3.905,199.68,16
NDAQ,2016-09-07,2016-09-08,2016-10-26,1-2%,-1.189,23.5735,21.666,stop,211.8115,4993.15,-8.092,-404.05,34
CHTR,2016-09-30,2016-10-03,2016-10-26,1-2%,-1.078,269.1689,247.3877,stop,19.0051,5115.57,-8.092,-413.95,17
JBHT,2016-10-17,2016-10-18,2016-10-26,3-5%,-4.486,76.5064,79.94,tp_gap_filled,65.5181,5012.55,4.488,224.96,6
DELL,2016-09-12,2016-09-13,2016-10-27,2-3%,-2.078,13.5012,13.7602,tp_gap_filled,365.7344,4937.86,1.918,94.72,32
FTV,2016-09-29,2016-09-30,2016-10-27,1-2%,-1.218,32.2501,29.6404,stop,158.7703,5120.36,-8.092,-414.34,19
RL,2016-10-25,2016-10-26,2016-10-27,2-3%,-2.13,96.5965,98.5014,tp_gap_filled,51.2017,4945.9,1.972,97.53,1
AMGN,2016-09-27,2016-09-28,2016-10-28,1-2%,-1.896,170.4102,156.6206,stop,30.0088,5113.8,-8.092,-413.81,22
REGN,2016-09-30,2016-10-03,2016-10-28,2-3%,-2.441,396.8364,352.8312,stop,12.8743,5109.01,-11.089,-566.54,19
UAL,2016-10-26,2016-10-27,2016-10-28,2-3%,-2.782,53.1631,54.5754,tp_gap_filled,93.472,4969.26,2.656,132.01,1
VMC,2016-09-29,2016-09-30,2016-11-01,1-2%,-1.713,113.6936,115.4444,tp_gap_filled,45.0358,5120.28,1.54,78.85,22
CTSH,2016-09-30,2016-10-03,2016-11-07,10%+,-11.218,48.8788,54.945,tp_gap_filled,104.4408,5104.95,12.411,633.56,25
CHRW,2016-10-26,2016-10-27,2016-11-07,5-10%,-5.041,65.9959,69.3606,tp_gap_filled,75.2129,4963.75,5.098,253.06,7
FISV,2016-10-27,2016-10-28,2016-11-08,5-10%,-6.761,46.6616,49.945,tp_gap_filled,106.8242,4984.59,7.037,350.75,7
ALLE,2016-10-27,2016-10-28,2016-11-08,2-3%,-2.18,64.2242,65.5244,tp_gap_filled,77.8205,4997.96,2.025,101.19,7
BMY,2016-10-10,2016-10-12,2016-11-09,5-10%,-8.371,50.8408,55.3746,tp_gap_filled,98.2374,4994.47,8.918,445.39,20
T,2016-10-24,2016-10-25,2016-11-09,2-3%,-2.614,27.6031,28.2874,tp_gap_filled,180.2073,4974.28,2.479,123.31,11
PCAR,2016-10-25,2016-10-26,2016-11-09,2-3%,-2.361,36.71,37.5224,tp_gap_filled,134.9554,4954.21,2.213,109.64,10
WAB,2016-10-25,2016-10-26,2016-11-09,2-3%,-2.308,80.08,81.8081,tp_gap_filled,61.8768,4955.09,2.158,106.93,10
KR,2016-09-07,2016-09-08,2016-11-10,3-5%,-3.092,31.6917,32.6373,tp_gap_filled,157.6694,4996.8,2.984,149.1,45
DECK,2016-10-13,2016-10-14,2016-11-11,5-10%,-9.2,9.2376,10.1532,tp_gap_filled,542.2173,5008.77,9.912,496.46,20
WST,2016-09-21,2016-11-08,2016-11-21,3-5%,-4.169,78.0079,81.2387,tp_gap_filled,64.8127,5055.9,4.142,209.39,9
WSM,2016-11-18,2016-11-21,2016-11-22,5-10%,-5.241,25.4304,26.7832,tp_gap_filled,203.8764,5184.66,5.32,275.8,1
GEN,2016-11-04,2016-11-07,2016-11-23,5-10%,-8.605,23.2833,25.4246,tp_gap_filled,216.0877,5031.23,9.197,462.71,12
FERG,2016-09-14,2016-09-15,2016-12-05,3-5%,-3.515,60.3454,62.419,tp_gap_filled,82.6949,4990.26,3.436,171.48,56
CASY,2016-09-07,2016-09-08,2016-12-07,5-10%,-9.047,121.3712,124.0958,time_exit,41.1959,5000.0,2.245,112.24,63
TKO,2016-10-27,2016-10-28,2016-12-07,5-10%,-7.789,17.6576,19.1109,tp_gap_filled,281.9615,4978.77,8.23,409.75,27
DHI,2016-11-08,2016-11-09,2016-12-08,5-10%,-5.346,27.8278,29.3406,tp_gap_filled,183.2026,5098.13,5.436,277.15,20
HWM,2016-12-06,2016-12-07,2016-12-08,1-2%,-1.826,15.2683,15.5213,tp_gap_filled,346.6535,5292.82,1.657,87.69,1
DVN,2016-12-06,2016-12-07,2016-12-08,1-2%,-1.739,46.9569,47.6923,tp_gap_filled,112.9911,5305.71,1.566,83.09,1
MO,2016-11-09,2016-11-22,2016-12-09,2-3%,-2.582,64.2041,65.7742,tp_gap_filled,81.2656,5217.59,2.445,127.59,12
NTAP,2016-12-07,2016-12-08,2016-12-09,3-5%,-3.475,34.7547,35.934,tp_gap_filled,152.3177,5293.76,3.393,179.63,1
ABBV,2016-12-07,2016-12-08,2016-12-09,2-3%,-2.207,60.3203,61.5584,tp_gap_filled,87.9593,5305.73,2.053,108.9,1
EME,2016-12-08,2016-12-09,2016-12-12,2-3%,-2.167,70.9409,72.3676,tp_gap_filled,75.2041,5335.05,2.011,107.29,1
ORCL,2016-09-16,2016-09-22,2016-12-13,3-5%,-3.059,39.6496,40.8191,tp_gap_filled,128.6299,5100.13,2.95,150.44,57
CASY,2016-12-08,2016-12-09,2016-12-15,5-10%,-5.007,118.118,124.0958,tp_gap_filled,45.1714,5335.56,5.061,270.02,4
JBL,2016-09-22,2016-09-23,2016-12-16,5-10%,-6.953,22.1021,23.7063,tp_gap_filled,228.6973,5054.69,7.258,366.87,59
CDNS,2016-12-14,2016-12-15,2016-12-19,5-10%,-6.504,24.1741,25.8042,tp_gap_filled,220.7111,5335.5,6.743,359.76,2
VMRK,2016-09-22,2016-09-23,2016-12-22,3-5%,-4.424,63.1531,62.907,time_exit,80.0002,5052.26,-0.39,-19.68,63
EBAY,2016-10-03,2016-10-04,2017-01-04,3-5%,-4.863,31.3313,29.7302,time_exit,162.132,5079.81,-5.11,-259.58,63
VST,2016-12-15,2016-12-16,2017-01-05,10%+,-14.005,14.014,16.2637,tp_gap_filled,383.3683,5372.52,16.053,862.47,12
SHW,2016-10-25,2016-11-09,2017-01-06,5-10%,-8.036,85.2685,92.534,tp_gap_filled,59.8734,5105.31,8.521,435.01,39
AMGN,2016-10-28,2016-11-09,2017-01-06,5-10%,-5.53,151.8417,160.4094,tp_gap_filled,33.6353,5107.24,5.643,288.18,39
INCY,2016-12-07,2016-12-09,2017-01-06,2-3%,-2.285,104.8648,107.1028,tp_gap_filled,50.9784,5345.84,2.134,114.09,18
AAPL,2016-10-26,2016-10-27,2017-01-09,3-5%,-3.332,28.6061,29.5329,tp_gap_filled,173.7092,4969.14,3.24,161.0,49
BBY,2017-01-05,2017-01-06,2017-01-09,2-3%,-2.33,42.7928,43.7262,tp_gap_filled,128.7852,5511.07,2.181,120.22,1
WDAY,2016-12-02,2016-12-05,2017-01-11,10%+,-15.539,68.9889,81.5184,tp_gap_filled,75.3943,5201.37,18.162,944.65,25
TEL,2017-01-04,2017-01-05,2017-01-12,1-2%,-1.682,67.8678,68.891,tp_gap_filled,80.4256,5458.31,1.508,82.29,5
RMD,2017-01-11,2017-01-12,2017-01-13,1-2%,-1.432,63.3933,64.1858,tp_gap_filled,87.0334,5517.34,1.25,68.97,1
SWKS,2017-01-12,2017-01-13,2017-01-17,2-3%,-2.819,76.2762,78.3316,tp_gap_filled,72.6599,5542.22,2.695,149.34,1
LMT,2016-12-12,2016-12-13,2017-01-23,2-3%,-2.986,252.0318,259.2705,tp_gap_filled,21.2287,5350.31,2.872,153.67,26
TDG,2016-10-20,2016-10-21,2017-01-24,5-10%,-8.911,256.8166,224.9848,time_exit,19.234,4939.61,-12.395,-612.25,63
TPR,2017-01-05,2017-01-06,2017-01-24,3-5%,-3.394,35.045,36.2038,tp_gap_filled,157.146,5507.18,3.306,182.09,11
CSX,2017-01-20,2017-01-23,2017-01-24,2-3%,-2.219,14.8482,15.1548,tp_gap_filled,372.5315,5531.41,2.065,114.24,1
RL,2017-01-05,2017-01-06,2017-01-25,2-3%,-2.207,88.7086,90.5294,tp_gap_filled,62.1239,5510.92,2.053,113.11,12
TRGP,2017-01-23,2017-01-24,2017-01-26,2-3%,-2.748,58.4584,59.9899,tp_gap_filled,95.0525,5556.61,2.62,145.58,2
ZBH,2016-10-31,2016-11-01,2017-02-02,10%+,-12.991,103.6278,114.08,time_exit,47.822,4955.69,10.086,499.85,63
CHD,2016-11-03,2016-11-08,2017-02-07,3-5%,-4.762,45.045,47.2028,tp_gap_filled,112.1422,5051.44,4.79,241.97,61
CNC,2016-11-09,2016-11-10,2017-02-07,10%+,-20.509,26.5765,33.3666,tp_gap_filled,191.5999,5092.06,25.549,1300.97,59
GNRC,2017-01-13,2017-01-24,2017-02-07,3-5%,-3.715,39.4294,40.8691,tp_gap_filled,140.8149,5552.25,3.651,202.73,10
MNST,2016-11-04,2016-11-07,2017-02-08,5-10%,-6.904,10.8884,10.9066,time_exit,463.1812,5043.29,0.167,8.43,63
HWM,2017-02-06,2017-02-07,2017-02-08,2-3%,-2.625,19.3598,19.8421,tp_gap_filled,290.6303,5626.55,2.491,140.16,1
TECH,2017-02-07,2017-02-08,2017-02-09,5-10%,-5.173,23.9439,25.1998,tp_gap_filled,235.7305,5644.31,5.245,296.04,1
IFF,2016-11-08,2016-11-09,2017-02-10,5-10%,-5.133,124.5144,117.7921,time_exit,40.9229,5095.49,-5.399,-275.1,63
IQV,2016-12-16,2016-12-19,2017-02-13,2-3%,-2.806,78.3583,80.4595,tp_gap_filled,68.4548,5364.0,2.682,143.84,37
ANET,2017-01-17,2017-01-25,2017-02-13,5-10%,-6.253,5.8809,6.2606,tp_gap_filled,950.9083,5592.17,6.457,361.09,13
TXT,2017-01-25,2017-01-26,2017-02-13,5-10%,-7.878,45.5355,49.3306,tp_gap_filled,122.1342,5561.44,8.334,463.51,12
VMC,2017-02-07,2017-02-08,2017-02-13,5-10%,-5.731,120.8607,127.9519,tp_gap_filled,46.712,5645.65,5.867,331.24,3
TSCO,2016-09-08,2016-11-11,2017-02-14,10%+,-15.156,14.1882,14.6653,time_exit,359.6196,5102.35,3.363,171.59,63
NWS,2017-02-10,2017-02-13,2017-02-14,1-2%,-1.961,12.5125,12.7372,tp_gap_filled,458.5911,5738.12,1.796,103.07,1
GM,2017-02-07,2017-02-14,2017-02-15,2-3%,-2.932,35.7857,36.7932,tp_gap_filled,160.6175,5747.82,2.815,161.81,1
STZ,2017-01-05,2017-01-09,2017-02-16,3-5%,-4.709,150.7006,157.832,tp_gap_filled,36.5359,5505.97,4.732,260.55,27
LH,2016-10-26,2017-01-11,2017-02-16,3-5%,-3.266,115.1408,118.79,tp_gap_filled,48.0134,5528.3,3.169,175.21,25
SW,2017-01-31,2017-02-07,2017-02-16,3-5%,-3.783,26.2262,27.2028,tp_gap_filled,214.3867,5622.55,3.724,209.36,7
FCX,2017-02-03,2017-02-10,2017-02-16,1-2%,-1.844,16.5165,15.18,stop,345.697,5709.71,-8.092,-462.03,4
KDP,2017-02-14,2017-02-15,2017-02-16,3-5%,-3.188,90.6005,93.3965,tp_gap_filled,63.8828,5787.81,3.086,178.62,1
TMUS,2017-02-13,2017-02-14,2017-02-17,2-3%,-2.885,60.6506,62.3276,tp_gap_filled,94.9619,5759.5,2.765,159.25,3
CSX,2017-02-15,2017-02-16,2017-02-17,2-3%,-2.104,15.679,15.984,tp_gap_filled,370.4731,5808.65,1.945,113.0,1
DUK,2017-02-15,2017-02-16,2017-02-17,1-2%,-1.602,76.8668,77.962,tp_gap_filled,75.6201,5812.68,1.425,82.82,1
PEP,2017-02-15,2017-02-16,2017-02-17,1-2%,-1.468,105.4553,106.8131,tp_gap_filled,55.1927,5820.37,1.287,74.94,1
MDT,2016-11-22,2016-11-23,2017-02-21,5-10%,-7.856,74.3242,80.4994,tp_gap_filled,70.5365,5242.58,8.308,435.58,59
MCK,2017-01-26,2017-02-07,2017-02-21,5-10%,-6.684,141.141,150.9489,tp_gap_filled,39.8535,5624.96,6.949,390.88,9
WEC,2017-02-10,2017-02-13,2017-02-21,1-2%,-1.329,57.2372,57.8921,tp_gap_filled,100.4768,5751.01,1.144,65.8,5
WM,2017-02-16,2017-02-17,2017-02-21,2-3%,-2.397,69.7096,71.2786,tp_gap_filled,83.8047,5841.99,2.251,131.49,1
CF,2017-02-16,2017-02-17,2017-02-21,2-3%,-2.349,33.7137,34.4555,tp_gap_filled,173.6231,5853.48,2.2,128.8,1
MU,2017-02-14,2017-02-17,2017-02-21,2-3%,-2.259,23.3834,23.8761,tp_gap_filled,250.4736,5856.92,2.107,123.42,1
MPWR,2017-02-10,2017-02-13,2017-02-22,1-2%,-1.416,87.8377,88.921,tp_gap_filled,65.545,5757.32,1.233,71.0,6
SJM,2017-02-17,2017-02-21,2017-02-22,3-5%,-3.932,132.5524,137.7022,tp_gap_filled,44.5231,5901.65,3.885,229.28,1
MDLZ,2017-02-17,2017-02-21,2017-02-22,3-5%,-3.102,41.9019,43.1568,tp_gap_filled,141.4646,5927.63,2.995,177.53,1
ADP,2017-02-01,2017-02-02,2017-02-23,3-5%,-4.911,96.126,100.889,tp_gap_filled,58.0569,5580.78,4.955,276.52,14
EW,2017-02-02,2017-02-21,2017-02-23,5-10%,-5.978,30.7507,32.6407,tp_gap_filled,191.5392,5889.97,6.146,362.0,2
NRG,2017-02-21,2017-02-22,2017-02-23,1-2%,-1.813,16.8068,17.0829,tp_gap_filled,352.8172,5929.72,1.643,97.42,1
VTR,2016-11-08,2016-12-08,2017-02-24,2-3%,-2.845,62.5625,64.2657,tp_gap_filled,84.8037,5305.53,2.722,144.44,52
FSLR,2017-02-22,2017-02-23,2017-02-24,3-5%,-3.031,35.5455,36.5834,tp_gap_filled,167.7467,5962.64,2.92,174.1,1
LII,2017-02-17,2017-02-21,2017-02-27,3-5%,-3.333,162.2821,167.5423,tp_gap_filled,36.4951,5922.5,3.241,191.97,4
UNH,2017-02-17,2017-02-21,2017-02-27,2-3%,-2.841,159.159,163.4863,tp_gap_filled,37.3798,5949.33,2.719,161.76,4
ADM,2017-01-06,2017-01-09,2017-02-28,1-2%,-1.639,45.065,45.7242,tp_gap_filled,122.161,5505.19,1.463,80.53,34
SO,2016-11-09,2017-01-17,2017-02-28,2-3%,-2.069,49.7597,50.7092,tp_gap_filled,112.2167,5583.87,1.908,106.55,29
GDDY,2017-02-16,2017-02-17,2017-02-28,5-10%,-6.914,34.9049,37.4225,tp_gap_filled,166.9421,5827.09,7.213,420.31,6
ACN,2016-12-21,2016-12-22,2017-03-01,3-5%,-4.472,118.6686,123.9759,tp_gap_filled,45.0558,5346.71,4.472,239.13,45
WAT,2016-10-25,2017-01-24,2017-03-01,5-10%,-6.612,147.4673,157.5922,tp_gap_filled,37.7187,5562.27,6.866,381.9,25
STE,2017-02-07,2017-02-09,2017-03-01,5-10%,-5.886,67.067,71.1188,tp_gap_filled,84.666,5678.29,6.041,343.05,13
WDC,2017-02-14,2017-02-16,2017-03-01,1-2%,-1.427,58.5241,59.2529,tp_gap_filled,99.5782,5827.72,1.245,72.57,8
APO,2017-02-16,2017-02-28,2017-03-01,1-2%,-1.993,22.6426,23.0569,tp_gap_filled,266.6647,6037.99,1.83,110.48,1
TMUS,2017-02-27,2017-02-28,2017-03-01,1-2%,-1.447,61.3713,62.1478,tp_gap_filled,98.4057,6039.29,1.265,76.41,1
LYB,2017-02-27,2017-02-28,2017-03-01,1-2%,-1.201,91.4113,92.3376,tp_gap_filled,66.1295,6044.99,1.013,61.25,1
CPRT,2017-02-22,2017-02-23,2017-03-02,2-3%,-2.985,7.3198,7.53,tp_gap_filled,816.4737,5976.43,2.871,171.58,5
BSX,2017-02-23,2017-02-24,2017-03-02,5-10%,-7.114,23.3934,25.1348,tp_gap_filled,256.8363,6008.27,7.444,447.27,4
PODD,2017-02-28,2017-03-01,2017-03-02,5-10%,-5.35,43.7437,46.1238,tp_gap_filled,139.8246,6116.45,5.441,332.8,1
SCHW,2017-02-28,2017-03-01,2017-03-02,3-5%,-3.834,40.1701,41.6883,tp_gap_filled,152.8246,6138.98,3.779,232.01,1
CNP,2017-02-28,2017-03-01,2017-03-02,3-5%,-3.285,25.9359,26.7632,tp_gap_filled,237.5714,6161.63,3.19,196.54,1
TTD,2017-03-01,2017-03-02,2017-03-03,1-2%,-1.564,4.1592,4.2168,tp_gap_filled,1477.2893,6144.28,1.385,85.13,1
XEL,2017-03-01,2017-03-02,2017-03-03,1-2%,-1.51,43.093,43.6663,tp_gap_filled,142.7141,6149.98,1.33,81.81,1
ED,2017-03-01,2017-03-02,2017-03-03,1-2%,-1.467,75.9859,76.963,tp_gap_filled,81.0069,6155.39,1.286,79.15,1
FTNT,2017-03-01,2017-03-02,2017-03-08,1-2%,-1.553,7.3614,7.4625,tp_gap_filled,835.5178,6150.54,1.374,84.53,4
AMCR,2016-12-09,2016-12-12,2017-03-15,5-10%,-7.43,54.2542,52.7971,time_exit,98.3333,5335.0,-2.686,-143.28,63
ECHO,2017-02-28,2017-03-01,2017-03-15,3-5%,-4.16,42.9846,44.7607,tp_gap_filled,142.6788,6132.99,4.132,253.41,10
D,2017-03-01,2017-03-02,2017-03-15,2-3%,-2.267,75.9559,77.5624,tp_gap_filled,80.8254,6139.17,2.115,129.84,9
BALL,2017-03-02,2017-03-03,2017-03-15,2-3%,-2.867,36.4614,37.4625,tp_gap_filled,168.3278,6137.47,2.746,168.51,8
LVS,2017-01-26,2017-03-01,2017-03-16,3-5%,-3.425,54.7647,56.5934,tp_gap_filled,112.4909,6160.53,3.339,205.71,11
LITE,2017-03-02,2017-03-03,2017-03-16,3-5%,-4.802,45.6456,47.8521,tp_gap_filled,134.3041,6130.39,4.834,296.34,9
TRGP,2017-03-14,2017-03-15,2017-03-16,1-2%,-1.734,55.5955,56.4635,tp_gap_filled,110.485,6142.47,1.561,95.89,1
URI,2017-03-14,2017-03-15,2017-03-16,1-2%,-1.643,122.2822,124.0758,tp_gap_filled,50.2891,6149.46,1.467,90.2,1
CTAS,2016-12-23,2017-01-04,2017-03-17,2-3%,-2.506,29.2993,29.9925,tp_gap_filled,186.1317,5453.52,2.366,129.03,50
UAL,2017-03-15,2017-03-16,2017-03-17,2-3%,-2.329,65.065,66.4835,tp_gap_filled,94.6775,6160.19,2.18,134.3,1
LUV,2017-03-15,2017-03-16,2017-03-17,1-2%,-1.721,52.022,52.8271,tp_gap_filled,118.6422,6172.0,1.548,95.52,1
MU,2017-03-15,2017-03-16,2017-03-17,1-2%,-1.681,25.1751,25.5544,tp_gap_filled,245.664,6184.63,1.507,93.17,1
AMD,2017-03-14,2017-03-15,2017-03-20,1-2%,-1.961,14.014,14.2657,tp_gap_filled,438.3769,6143.41,1.796,110.35,3
LII,2017-03-16,2017-03-17,2017-03-20,2-3%,-2.313,167.8577,171.4883,tp_gap_filled,36.7341,6166.1,2.163,133.37,1
MNST,2017-03-16,2017-03-17,2017-03-21,1-2%,-1.529,11.6041,11.7607,tp_gap_filled,531.9834,6173.18,1.35,83.33,2
TSLA,2017-02-23,2017-03-16,2017-03-28,3-5%,-3.477,17.6176,18.2158,tp_gap_filled,349.8078,6162.77,3.395,209.24,8
REGN,2017-03-17,2017-03-20,2017-03-29,3-5%,-3.194,380.43,392.1974,tp_gap_filled,16.3046,6202.78,3.093,191.86,7
GLW,2017-03-14,2017-03-15,2017-03-30,1-2%,-1.768,27.2472,27.6823,tp_gap_filled,225.442,6142.67,1.597,98.08,11
STZ,2017-03-28,2017-03-29,2017-03-30,1-2%,-1.356,161.6215,163.5163,tp_gap_filled,38.4121,6208.22,1.172,72.78,1
FANG,2017-03-20,2017-03-21,2017-04-04,1-2%,-1.232,103.5034,104.5853,tp_gap_filled,58.9226,6098.69,1.045,63.75,10
TDG,2017-03-22,2017-03-30,2017-04-05,1-2%,-1.953,220.6204,224.5652,tp_gap_filled,28.1584,6212.32,1.788,111.08,4
IBKR,2017-04-03,2017-04-04,2017-04-05,2-3%,-2.967,8.4309,8.6713,tp_gap_filled,731.2885,6165.44,2.851,175.8,1
HPE,2017-02-24,2017-02-27,2017-04-10,10%+,-10.28,12.8721,14.3182,tp_gap_filled,468.3542,6028.69,11.235,677.32,30
HUBB,2017-04-04,2017-04-05,2017-04-10,1-2%,-1.804,118.2181,120.1497,tp_gap_filled,52.0252,6150.32,1.634,100.49,3
AMD,2017-04-04,2017-04-05,2017-04-11,2-3%,-2.254,14.3243,12.7359,stop,429.5935,6153.63,-11.089,-682.38,4
STLD,2017-04-07,2017-04-10,2017-04-11,1-2%,-1.189,34.1141,34.4555,tp_gap_filled,180.8251,6168.68,1.001,61.74,1
EXPE,2017-03-31,2017-04-10,2017-04-12,1-2%,-1.56,127.5674,129.3305,tp_gap_filled,48.3393,6166.52,1.382,85.23,2
TECH,2017-03-27,2017-03-28,2017-04-24,3-5%,-4.816,24.7297,25.929,tp_gap_filled,248.9772,6157.13,4.85,298.61,18
JBHT,2017-04-11,2017-04-12,2017-04-25,1-2%,-1.92,91.5214,93.1268,tp_gap_filled,67.2566,6155.42,1.754,107.97,8
UAL,2017-04-11,2017-04-12,2017-04-25,1-2%,-1.916,70.2202,71.4485,tp_gap_filled,87.5937,6150.84,1.749,107.59,8
CASY,2017-03-07,2017-03-08,2017-04-26,5-10%,-5.21,108.3582,114.0858,tp_gap_filled,56.1582,6085.2,5.286,321.65,34
TMO,2017-03-16,2017-03-17,2017-04-26,1-2%,-1.875,158.188,160.889,tp_gap_filled,39.028,6173.77,1.707,105.41,27
KMB,2017-04-24,2017-04-25,2017-04-26,1-2%,-1.901,127.6175,129.83,tp_gap_filled,49.1073,6266.95,1.734,108.65,1
EME,2017-02-23,2017-04-26,2017-04-27,3-5%,-4.278,65.6256,68.4215,tp_gap_filled,95.4843,6266.21,4.26,266.97,1
WDAY,2017-02-28,2017-03-01,2017-05-04,5-10%,-8.859,82.2822,90.0998,tp_gap_filled,74.2156,6106.62,9.501,580.19,45
O,2017-02-28,2017-04-11,2017-05-09,2-3%,-2.898,59.4683,52.8739,stop,103.6264,6162.49,-11.089,-683.36,19
NVDA,2017-02-23,2017-03-17,2017-05-10,3-5%,-4.749,2.6401,2.7662,tp_gap_filled,2335.0097,6164.75,4.776,294.43,37
MU,2017-05-08,2017-05-09,2017-05-10,2-3%,-2.27,27.5876,28.1718,tp_gap_filled,224.6723,6198.16,2.118,131.26,1
BIIB,2017-03-16,2017-04-25,2017-05-11,2-3%,-2.607,285.295,253.6587,stop,21.9604,6265.2,-11.089,-694.75,12
GILD,2017-02-08,2017-02-13,2017-05-15,5-10%,-8.013,67.3373,65.884,time_exit,85.1949,5736.79,-2.158,-123.81,63
SWKS,2017-04-28,2017-05-10,2017-05-15,1-2%,-1.353,102.8928,104.0958,tp_gap_filled,60.4456,6219.41,1.169,72.72,3
PHM,2017-04-25,2017-04-26,2017-05-16,3-5%,-3.986,22.1822,23.0569,tp_gap_filled,282.4099,6264.46,3.944,247.04,14
PANW,2017-05-10,2017-05-15,2017-05-16,1-2%,-1.429,19.4544,19.697,tp_gap_filled,319.5911,6217.46,1.247,77.51,1
AIG,2017-02-15,2017-02-16,2017-05-18,5-10%,-6.503,62.6025,61.3286,time_exit,92.8108,5810.19,-2.035,-118.23,63
GIS,2017-02-17,2017-02-21,2017-05-22,3-5%,-4.306,58.9489,56.6533,time_exit,99.9391,5891.3,-3.894,-229.42,63
CDNS,2017-04-25,2017-04-26,2017-05-22,5-10%,-5.018,31.8318,33.4465,tp_gap_filled,196.879,6267.01,5.073,317.9,18
NWSA,2017-05-10,2017-05-11,2017-05-22,5-10%,-6.178,12.3123,13.0969,tp_gap_filled,503.9422,6204.69,6.372,395.39,7
WAB,2017-02-21,2017-02-22,2017-05-23,5-10%,-6.847,81.8418,81.928,time_exit,72.4705,5931.11,0.105,6.25,63
KHC,2017-02-21,2017-02-22,2017-05-23,3-5%,-4.997,91.9118,91.7781,time_exit,64.4646,5925.06,-0.145,-8.62,63
BG,2017-05-03,2017-05-04,2017-05-23,5-10%,-9.451,68.4784,75.4745,tp_gap_filled,90.4243,6192.11,10.216,632.61,13
STLD,2017-05-17,2017-05-18,2017-05-23,3-5%,-3.078,34.044,35.0549,tp_gap_filled,178.5759,6079.44,2.969,180.52,3
APO,2017-05-17,2017-05-22,2017-05-23,3-5%,-3.183,26.4865,27.3027,tp_gap_filled,232.3614,6154.43,3.082,189.66,1
TROW,2017-01-26,2017-02-23,2017-05-24,3-5%,-3.06,71.9819,68.6113,time_exit,82.8365,5962.73,-4.683,-279.21,63
CPAY,2017-05-17,2017-05-22,2017-05-24,1-2%,-1.612,137.4573,139.4304,tp_gap_filled,44.8069,6159.03,1.435,88.41,2
TTD,2017-05-22,2017-05-23,2017-05-24,2-3%,-2.137,4.9049,5.002,tp_gap_filled,1257.8368,6169.56,1.98,122.13,1
CNC,2017-05-22,2017-05-23,2017-05-24,1-2%,-1.985,36.8268,37.4975,tp_gap_filled,168.2859,6197.43,1.821,112.86,1
HRL,2017-02-23,2017-02-24,2017-05-25,5-10%,-5.603,35.2452,33.0969,time_exit,170.9757,6026.07,-6.095,-367.31,63
ETR,2017-05-09,2017-05-15,2017-05-25,1-2%,-1.413,38.063,38.5314,tp_gap_filled,163.5483,6225.14,1.231,76.61,8
IVZ,2017-05-23,2017-05-24,2017-05-25,2-3%,-2.826,30.981,31.8182,tp_gap_filled,199.4045,6177.74,2.702,166.94,1
MU,2017-05-17,2017-05-24,2017-05-25,2-3%,-2.343,28.3683,28.991,tp_gap_filled,217.8388,6179.73,2.195,135.64,1
MPWR,2017-05-17,2017-05-24,2017-05-25,1-2%,-1.487,96.8467,98.1118,tp_gap_filled,63.8869,6187.24,1.306,80.82,1
SMCI,2017-02-24,2017-02-27,2017-05-26,5-10%,-5.109,2.6026,2.4276,time_exit,2317.2608,6030.9,-6.725,-405.59,63
ORLY,2017-05-23,2017-05-24,2017-05-26,3-5%,-3.807,15.9493,16.5474,tp_gap_filled,387.2746,6176.75,3.75,231.66,2
BG,2017-05-24,2017-05-25,2017-05-26,5-10%,-5.08,77.6276,81.6183,tp_gap_filled,79.7984,6194.56,5.141,318.46,1
COST,2017-05-08,2017-05-25,2017-05-26,3-5%,-3.074,174.8347,180.0198,tp_gap_filled,35.6016,6224.39,2.966,184.6,1
JBHT,2017-05-17,2017-05-23,2017-05-30,1-2%,-1.047,85.1651,85.894,tp_gap_filled,72.7227,6193.43,0.856,53.01,4
DLTR,2017-05-25,2017-05-26,2017-05-30,2-3%,-2.638,76.096,78.0019,tp_gap_filled,81.907,6232.79,2.505,156.11,1
CSX,2017-05-25,2017-05-26,2017-05-30,1-2%,-1.204,17.2506,17.4259,tp_gap_filled,361.7326,6240.09,1.016,63.42,1
RL,2017-02-02,2017-03-01,2017-05-31,5-10%,-7.852,80.5905,67.7322,time_exit,75.8963,6116.52,-15.955,-975.9,63
WYNN,2017-05-17,2017-05-23,2017-05-31,1-2%,-1.313,126.3562,127.7821,tp_gap_filled,49.0585,6198.85,1.128,69.95,5
CHTR,2017-05-02,2017-05-26,2017-05-31,1-2%,-1.526,339.2289,343.7959,tp_gap_filled,18.3998,6241.74,1.346,84.03,2
AES,2017-02-27,2017-05-24,2017-06-01,1-2%,-1.844,11.7217,11.9181,tp_gap_filled,527.7811,6186.5,1.675,103.64,5
QCOM,2017-05-26,2017-05-30,2017-06-01,1-2%,-1.352,57.7177,58.3916,tp_gap_filled,108.2399,6247.35,1.168,72.94,2
TKO,2017-05-04,2017-05-31,2017-06-01,1-2%,-1.635,20.4705,20.7692,tp_gap_filled,305.3033,6249.7,1.459,91.21,1
SLB,2017-05-30,2017-05-31,2017-06-01,1-2%,-1.241,69.2892,70.0199,tp_gap_filled,90.1692,6247.75,1.055,65.89,1
EXPD,2017-05-30,2017-05-31,2017-06-01,1-2%,-1.171,52.3823,52.8971,tp_gap_filled,119.298,6249.11,0.983,61.4,1
CMG,2017-05-30,2017-05-31,2017-06-01,1-2%,-1.014,9.5151,9.5934,tp_gap_filled,657.382,6255.06,0.823,51.47,1
ARES,2017-03-02,2017-03-03,2017-06-02,10%+,-10.0,19.8198,17.8821,time_exit,309.361,6131.47,-9.777,-599.45,63
VLO,2017-05-30,2017-05-31,2017-06-02,1-2%,-1.345,61.6716,62.3876,tp_gap_filled,101.3233,6248.77,1.161,72.54,2
CIEN,2017-03-08,2017-06-01,2017-06-02,5-10%,-5.006,24.8849,26.1438,tp_gap_filled,253.4005,6305.84,5.059,319.02,1
ZBH,2017-05-16,2017-06-01,2017-06-02,1-2%,-1.782,116.7671,118.6482,tp_gap_filled,54.2502,6334.64,1.611,102.05,1
ZBRA,2017-05-31,2017-06-01,2017-06-02,1-2%,-1.574,105.1551,106.6233,tp_gap_filled,60.3165,6342.58,1.396,88.56,1
A,2017-05-31,2017-06-01,2017-06-02,1-2%,-1.524,59.5095,60.3096,tp_gap_filled,106.7931,6355.2,1.345,85.45,1
ON,2017-05-17,2017-05-22,2017-06-05,2-3%,-2.133,15.6156,15.9241,tp_gap_filled,394.473,6159.93,1.975,121.68,9
FITB,2017-06-01,2017-06-02,2017-06-05,1-2%,-1.896,23.3133,23.7163,tp_gap_filled,271.4686,6328.83,1.728,109.39,1
ADM,2017-06-01,2017-06-02,2017-06-05,1-2%,-1.275,41.091,41.5384,tp_gap_filled,154.223,6337.18,1.089,69.0,1
NEM,2017-06-01,2017-06-02,2017-06-06,1-2%,-1.669,33.6136,34.1159,tp_gap_filled,188.4138,6333.26,1.494,94.63,2
TTWO,2017-06-02,2017-06-05,2017-06-06,2-3%,-2.445,76.2862,78.0419,tp_gap_filled,82.9577,6328.53,2.301,145.65,1
WDAY,2017-06-02,2017-06-05,2017-06-06,2-3%,-2.197,99.3693,101.3985,tp_gap_filled,63.7301,6332.82,2.042,129.32,1
VEEV,2017-06-05,2017-06-06,2017-06-09,1-2%,-1.979,65.4454,60.1495,stop,97.0455,6351.18,-8.092,-513.94,3
COHR,2017-05-17,2017-06-06,2017-06-09,1-2%,-1.955,32.6326,33.2168,tp_gap_filled,194.6408,6351.64,1.79,113.7,3
SW,2017-06-08,2017-06-09,2017-06-12,2-3%,-2.548,27.9479,28.6213,tp_gap_filled,226.5148,6330.62,2.41,152.54,1
FANG,2017-05-31,2017-06-01,2017-06-15,1-2%,-1.549,92.9128,85.3943,stop,68.3607,6351.59,-8.092,-513.97,10
ADP,2017-06-02,2017-06-05,2017-06-16,3-5%,-3.125,100.2201,103.2466,tp_gap_filled,63.1186,6325.75,3.02,191.03,9
ACGL,2017-06-09,2017-06-12,2017-06-16,2-3%,-2.448,30.8441,31.5551,tp_gap_filled,206.3259,6363.95,2.305,146.68,4
AMGN,2017-03-17,2017-03-20,2017-06-19,5-10%,-7.073,167.5374,164.9249,time_exit,37.0044,6199.63,-1.559,-96.67,63
BMY,2017-06-05,2017-06-09,2017-06-19,2-3%,-2.201,53.8138,54.915,tp_gap_filled,117.8461,6341.74,2.046,129.78,6
NVDA,2017-06-15,2017-06-16,2017-06-19,3-5%,-3.137,3.6777,3.7892,tp_gap_filled,1712.723,6298.84,3.033,191.03,1
LITE,2017-06-15,2017-06-16,2017-06-19,2-3%,-2.655,60.5605,62.0879,tp_gap_filled,104.1685,6308.5,2.522,159.1,1
FISV,2017-06-16,2017-06-19,2017-06-20,2-3%,-2.973,60.9309,62.6723,tp_gap_filled,105.175,6408.4,2.858,183.15,1
AMD,2017-05-02,2017-05-16,2017-06-21,10%+,-13.877,11.7417,13.6064,tp_gap_filled,527.1812,6190.02,15.881,983.01,25
VRTX,2017-06-05,2017-06-06,2017-06-21,1-2%,-1.578,127.9778,129.7701,tp_gap_filled,49.6397,6352.78,1.4,88.97,11
CBRE,2017-05-11,2017-06-01,2017-06-26,1-2%,-1.93,35.6056,36.2337,tp_gap_filled,177.9228,6335.04,1.764,111.76,17
REGN,2017-06-23,2017-06-26,2017-06-27,2-3%,-2.799,512.3018,526.0035,tp_gap_filled,12.4731,6390.02,2.675,170.9,1
FFIV,2017-03-29,2017-03-30,2017-06-29,3-5%,-4.037,141.3312,127.1927,time_exit,43.9379,6209.8,-10.004,-621.22,63
DECK,2017-06-28,2017-06-29,2017-06-30,1-2%,-1.063,11.1778,11.2754,tp_gap_filled,571.2144,6384.94,0.873,55.72,1
ARES,2017-06-29,2017-06-30,2017-07-03,1-2%,-1.549,17.8178,18.0619,tp_gap_filled,358.9921,6396.45,1.37,87.64,1
BKNG,2017-05-10,2017-05-25,2017-07-07,3-5%,-3.001,74.2254,76.3688,tp_gap_filled,83.8555,6224.2,2.888,179.74,29
APA,2017-06-20,2017-07-03,2017-07-07,1-2%,-1.726,49.009,45.0432,stop,131.0671,6423.46,-8.092,-519.79,3
MU,2017-07-06,2017-07-07,2017-07-10,1-2%,-1.868,29.9699,30.4795,tp_gap_filled,210.5638,6310.59,1.7,107.29,1
AVGO,2017-07-06,2017-07-07,2017-07-10,1-2%,-1.749,22.7788,23.1378,tp_gap_filled,277.1445,6313.01,1.576,99.52,1
AXON,2017-07-07,2017-07-10,2017-07-11,3-5%,-4.391,23.974,25.0249,tp_gap_filled,263.1098,6307.78,4.384,276.53,1
AMD,2017-06-27,2017-07-10,2017-07-11,2-3%,-2.273,13.7738,14.0659,tp_gap_filled,458.9556,6321.54,2.121,134.09,1
INTC,2017-07-10,2017-07-11,2017-07-12,1-2%,-1.86,33.2832,33.8461,tp_gap_filled,190.0397,6325.14,1.691,106.97,1
TROW,2017-07-11,2017-07-12,2017-07-13,2-3%,-2.012,75.5755,76.973,tp_gap_filled,84.0823,6354.57,1.849,117.5,1
WBD,2017-05-09,2017-05-10,2017-07-19,2-3%,-2.862,26.4965,27.2228,tp_gap_filled,234.8974,6223.95,2.741,170.6,48
ON,2017-06-20,2017-06-21,2017-07-19,2-3%,-2.364,15.2953,15.6343,tp_gap_filled,416.0369,6363.4,2.217,141.07,19
URI,2017-04-20,2017-04-24,2017-07-20,3-5%,-4.78,113.8537,119.3305,tp_gap_filled,54.814,6240.78,4.81,300.21,61
MGM,2017-06-30,2017-07-13,2017-07-20,2-3%,-2.888,31.9719,32.8571,tp_gap_filled,199.8685,6390.18,2.769,176.92,5
AMD,2017-07-18,2017-07-19,2017-07-20,3-5%,-3.696,13.3033,13.7862,tp_gap_filled,484.2778,6442.49,3.63,233.86,1
CCI,2017-07-19,2017-07-20,2017-07-21,1-2%,-1.718,95.075,96.5434,tp_gap_filled,67.7829,6444.46,1.544,99.53,1
IBKR,2017-07-19,2017-07-20,2017-07-21,1-2%,-1.622,9.2567,9.3906,tp_gap_filled,696.994,6451.9,1.446,93.29,1
HWM,2017-06-26,2017-06-27,2017-07-24,10%+,-11.237,17.4024,19.5663,tp_gap_filled,366.0746,6370.56,12.435,792.17,18
WMT,2017-06-16,2017-06-19,2017-07-26,5-10%,-6.286,24.6746,26.277,tp_gap_filled,259.3068,6398.3,6.494,415.51,26
CHRW,2017-04-26,2017-04-27,2017-07-27,5-10%,-5.843,73.2332,65.3945,time_exit,85.5412,6264.46,-10.704,-670.53,63
OMC,2017-04-18,2017-06-01,2017-07-27,1-2%,-1.66,84.8247,77.9607,stop,74.7536,6340.96,-8.092,-513.11,39
LUV,2017-07-10,2017-07-11,2017-07-27,2-3%,-2.024,63.0029,56.0165,stop,100.4895,6331.13,-11.089,-702.06,12
KR,2017-06-16,2017-06-19,2017-07-31,10%+,-13.721,21.2112,24.5354,tp_gap_filled,300.635,6376.83,15.672,999.39,29
DLTR,2017-06-16,2017-06-19,2017-08-01,3-5%,-4.207,69.7397,72.6573,tp_gap_filled,91.837,6404.68,4.184,267.94,30
ELV,2017-07-26,2017-07-27,2017-08-03,3-5%,-4.927,181.3712,190.3894,tp_gap_filled,35.8647,6504.83,4.972,323.44,5
PODD,2017-07-31,2017-08-01,2017-08-04,3-5%,-4.853,48.8688,51.2587,tp_gap_filled,133.9249,6544.75,4.89,320.06,3
MKC,2017-07-19,2017-07-20,2017-08-09,5-10%,-6.835,45.2952,48.5214,tp_gap_filled,142.1285,6437.74,7.123,458.53,14
CMCSA,2017-06-20,2017-06-21,2017-08-14,3-5%,-3.11,37.9948,39.1361,tp_gap_filled,167.5345,6365.45,3.004,191.2,37
IBM,2017-05-05,2017-05-16,2017-08-15,3-5%,-3.477,146.9154,135.6864,time_exit,42.3141,6216.6,-7.643,-475.15,63
NVDA,2017-08-11,2017-08-14,2017-08-15,3-5%,-4.613,3.9324,4.1144,tp_gap_filled,1658.4945,6521.91,4.627,301.77,1
FERG,2017-06-02,2017-06-05,2017-08-22,1-2%,-1.597,68.3893,62.8553,stop,92.7626,6343.97,-8.092,-513.35,55
SW,2017-08-14,2017-08-15,2017-08-23,2-3%,-2.144,29.2392,29.8202,tp_gap_filled,223.2056,6526.36,1.987,129.67,6
AZO,2017-05-23,2017-05-25,2017-08-24,5-10%,-7.958,607.617,511.1184,time_exit,10.1951,6194.7,-15.881,-983.81,63
LOW,2017-05-24,2017-05-25,2017-08-24,3-5%,-3.656,79.4093,72.5374,time_exit,78.2889,6216.87,-8.654,-538.0,63
ULTA,2017-08-21,2017-08-22,2017-08-24,3-5%,-3.084,236.9067,243.9558,tp_gap_filled,27.4617,6505.86,2.975,193.58,2
COHR,2017-08-23,2017-08-24,2017-08-25,2-3%,-2.535,34.6346,35.4645,tp_gap_filled,185.8992,6438.54,2.396,154.28,1
WDC,2017-07-28,2017-08-23,2017-08-28,3-5%,-4.244,66.582,69.3939,tp_gap_filled,96.7726,6443.31,4.223,272.11,3
PANW,2017-08-25,2017-08-28,2017-08-30,1-2%,-1.161,21.7234,21.9347,tp_gap_filled,297.6025,6464.93,0.973,62.9,2
HRL,2017-05-25,2017-06-02,2017-08-31,3-5%,-3.814,34.084,30.7093,time_exit,185.7111,6329.79,-9.901,-626.74,63
HUBB,2017-04-25,2017-06-02,2017-08-31,2-3%,-2.74,118.3182,112.6772,time_exit,53.5,6330.03,-4.768,-301.79,63
WYNN,2017-07-26,2017-07-27,2017-08-31,5-10%,-5.022,132.132,138.841,tp_gap_filled,49.3065,6514.97,5.078,330.8,25
CSCO,2017-08-17,2017-08-25,2017-08-31,2-3%,-2.628,31.5215,32.3077,tp_gap_filled,204.9809,6461.3,2.494,161.15,4
BAC,2017-08-29,2017-08-30,2017-08-31,2-3%,-2.108,23.2432,23.6963,tp_gap_filled,279.7982,6503.41,1.949,126.77,1
TKO,2017-07-28,2017-07-31,2017-09-01,3-5%,-4.979,20.8208,21.8681,tp_gap_filled,314.378,6545.6,5.03,329.25,24
DECK,2017-08-29,2017-08-31,2017-09-01,1-2%,-1.187,10.5555,10.661,tp_gap_filled,621.4311,6559.54,0.999,65.53,1
STX,2017-08-23,2017-08-24,2017-09-05,3-5%,-3.623,31.1511,32.2577,tp_gap_filled,206.7309,6439.9,3.552,228.77,7
WAT,2017-07-25,2017-08-03,2017-09-07,3-5%,-4.389,177.0669,184.825,tp_gap_filled,36.9001,6533.78,4.381,286.27,24
DHR,2017-07-20,2017-07-21,2017-09-08,3-5%,-4.348,72.821,75.9789,tp_gap_filled,88.9907,6480.39,4.337,281.03,34
DG,2017-08-31,2017-09-01,2017-09-08,5-10%,-5.513,72.5725,76.6533,tp_gap_filled,90.7674,6587.22,5.623,370.4,4
MAR,2017-08-08,2017-08-09,2017-09-11,3-5%,-4.917,101.0509,106.0638,tp_gap_filled,64.7156,6539.57,4.961,324.41,22
ALB,2017-08-08,2017-09-05,2017-09-11,3-5%,-3.209,119.2491,122.9569,tp_gap_filled,54.9853,6556.95,3.109,203.87,4
BLDR,2017-09-07,2017-09-08,2017-09-11,2-3%,-2.147,16.4264,16.7532,tp_gap_filled,400.4068,6577.25,1.99,130.86,1
FAST,2017-09-07,2017-09-08,2017-09-11,1-2%,-1.322,10.463,10.5819,tp_gap_filled,629.0119,6581.32,1.137,74.82,1
FDS,2017-03-28,2017-06-15,2017-09-14,3-5%,-3.896,167.9177,161.3185,time_exit,37.5631,6307.51,-3.93,-247.89,63
COP,2017-06-20,2017-06-21,2017-09-14,2-3%,-2.049,45.4554,46.3136,tp_gap_filled,139.9028,6359.34,1.888,120.07,59
ON,2017-09-13,2017-09-14,2017-09-15,2-3%,-2.59,16.5665,16.973,tp_gap_filled,394.9041,6542.2,2.454,160.51,1
CMI,2017-08-01,2017-08-04,2017-09-18,3-5%,-4.777,160.0399,167.7321,tp_gap_filled,40.9088,6547.04,4.806,314.68,30
WDC,2017-09-13,2017-09-15,2017-09-18,2-3%,-2.568,65.4471,67.038,tp_gap_filled,100.1334,6553.44,2.431,159.3,1
FERG,2017-08-22,2017-09-18,2017-09-19,2-3%,-2.698,62.5229,64.128,tp_gap_filled,105.6523,6605.68,2.567,169.59,1
ETN,2017-08-01,2017-09-14,2017-09-21,3-5%,-3.527,75.5655,78.1718,tp_gap_filled,86.5734,6541.96,3.449,225.63,5
GDDY,2017-09-06,2017-09-07,2017-09-22,3-5%,-3.032,43.8538,45.1348,tp_gap_filled,149.8257,6570.43,2.921,191.93,11
BLK,2017-07-17,2017-07-19,2017-09-26,2-3%,-2.359,428.428,437.9017,tp_gap_filled,15.0514,6448.46,2.211,142.59,48
TER,2017-09-18,2017-09-19,2017-09-27,2-3%,-2.441,36.006,36.8331,tp_gap_filled,183.0728,6591.71,2.297,151.43,6
FISV,2017-08-02,2017-08-15,2017-09-29,3-5%,-3.659,62.3323,64.5704,tp_gap_filled,104.7012,6526.26,3.591,234.33,32
BBY,2017-09-19,2017-09-27,2017-10-02,2-3%,-2.092,56.2062,57.2926,tp_gap_filled,118.4438,6657.27,1.933,128.69,3
SYK,2017-08-23,2017-08-31,2017-10-04,3-5%,-3.099,141.141,145.3645,tp_gap_filled,46.5106,6564.55,2.992,196.44,23
NUE,2017-08-17,2017-08-31,2017-10-05,1-2%,-1.287,56.056,56.6733,tp_gap_filled,117.1165,6565.08,1.101,72.29,24
NCLH,2017-09-15,2017-09-18,2017-10-05,2-3%,-2.027,56.6065,57.6623,tp_gap_filled,116.9106,6617.91,1.865,123.43,13
VTRS,2017-08-03,2017-10-04,2017-10-05,3-5%,-3.873,35.5255,36.8831,tp_gap_filled,189.6771,6738.37,3.821,257.5,1
CFG,2017-10-04,2017-10-05,2017-10-06,1-2%,-1.954,36.1561,36.8032,tp_gap_filled,187.8142,6790.63,1.79,121.52,1
PTC,2017-07-20,2017-07-21,2017-10-10,5-10%,-7.841,54.3543,58.8611,tp_gap_filled,119.1301,6475.23,8.291,536.89,56
OMC,2017-08-23,2017-08-24,2017-10-17,5-10%,-5.683,73.7637,78.0519,tp_gap_filled,87.3491,6443.19,5.813,374.57,37
CSX,2017-07-19,2017-09-22,2017-10-18,2-3%,-2.91,17.701,18.1951,tp_gap_filled,374.4736,6628.56,2.791,185.03,18
ADBE,2017-09-20,2017-10-10,2017-10-19,2-3%,-2.944,152.142,156.4434,tp_gap_filled,44.0302,6698.84,2.827,189.39,7
GE,2017-07-21,2017-07-24,2017-10-20,3-5%,-4.908,121.7537,114.0896,time_exit,53.1885,6475.89,-6.295,-407.64,63
TYL,2017-10-17,2017-10-18,2017-10-20,3-5%,-4.499,171.6715,179.4004,tp_gap_filled,39.1123,6714.47,4.502,302.3,2
DOV,2017-10-19,2017-10-20,2017-10-23,5-10%,-5.931,71.1696,75.506,tp_gap_filled,95.7997,6818.03,6.093,415.42,1
TFC,2017-10-19,2017-10-20,2017-10-23,3-5%,-4.125,44.6646,46.4935,tp_gap_filled,153.2422,6844.5,4.095,280.26,1
WAB,2017-07-25,2017-07-26,2017-10-24,10%+,-10.868,77.5775,80.6593,time_exit,84.0869,6523.25,3.972,259.14,63
WRB,2017-07-26,2017-07-27,2017-10-25,3-5%,-4.917,20.3611,20.8058,time_exit,319.6631,6508.69,2.184,142.17,63
AKAM,2017-07-26,2017-10-02,2017-10-25,5-10%,-6.25,50.0,53.2267,tp_gap_filled,134.1537,6707.68,6.454,432.88,17
CMG,2017-10-18,2017-10-19,2017-10-25,2-3%,-2.833,6.4058,5.6955,stop,1055.7313,6762.8,-11.089,-749.93,4
TDG,2017-08-31,2017-09-01,2017-10-27,5-10%,-7.736,255.3751,276.2335,tp_gap_filled,25.7868,6585.3,8.168,537.87,39
DPZ,2017-07-25,2017-10-06,2017-11-01,3-5%,-3.257,207.207,175.9498,stop,32.6042,6755.83,-15.085,-1019.12,18
COHR,2017-10-31,2017-11-01,2017-11-02,5-10%,-7.223,41.1411,44.2557,tp_gap_filled,163.2868,6717.8,7.571,508.57,1
HSIC,2017-08-08,2017-09-11,2017-11-06,3-5%,-3.694,69.4812,58.9999,stop,95.4029,6628.71,-15.085,-999.94,40
BKR,2017-10-20,2017-10-23,2017-11-06,3-5%,-3.439,32.042,33.1169,tp_gap_filled,212.7205,6815.99,3.354,228.64,10
CNP,2017-11-03,2017-11-06,2017-11-07,3-5%,-3.934,28.5986,29.7103,tp_gap_filled,237.561,6793.9,3.887,264.09,1
MGM,2017-10-02,2017-10-25,2017-11-08,3-5%,-3.805,31.3814,32.5574,tp_gap_filled,215.1436,6751.5,3.748,253.02,10
HIG,2017-10-23,2017-10-24,2017-11-15,3-5%,-4.426,54.044,56.4335,tp_gap_filled,126.1614,6818.26,4.421,301.47,16
FTNT,2017-07-27,2017-10-17,2017-11-16,2-3%,-2.538,7.9179,8.1079,tp_gap_filled,845.8306,6697.21,2.399,160.69,22
KR,2017-09-08,2017-09-11,2017-11-17,5-10%,-6.236,21.3714,22.7472,tp_gap_filled,310.1908,6629.2,6.438,426.79,49
NKE,2017-08-18,2017-10-25,2017-11-17,3-5%,-4.542,54.9048,57.4025,tp_gap_filled,123.0847,6757.95,4.549,307.43,17
TJX,2017-11-14,2017-11-15,2017-11-17,3-5%,-4.466,33.8338,35.3446,tp_gap_filled,200.3085,6777.2,4.465,302.63,2
EMR,2017-11-16,2017-11-17,2017-11-20,2-3%,-2.584,58.108,59.5304,tp_gap_filled,118.6718,6895.79,2.448,168.79,1
GIS,2017-09-20,2017-09-21,2017-11-29,5-10%,-6.555,51.8017,55.3246,tp_gap_filled,127.2463,6591.58,6.801,448.27,48
SJM,2017-08-24,2017-11-16,2017-11-29,5-10%,-5.343,112.6125,118.7311,tp_gap_filled,60.8939,6857.42,5.433,372.59,8
VEEV,2017-08-25,2017-08-31,2017-11-30,5-10%,-9.413,58.5685,60.1498,time_exit,111.8554,6551.2,2.7,176.87,63
ULTA,2017-08-25,2017-08-31,2017-11-30,5-10%,-7.817,215.6554,221.4883,time_exit,30.4023,6556.41,2.705,177.33,63
WBD,2017-11-02,2017-11-29,2017-11-30,3-5%,-3.392,18.5285,19.1408,tp_gap_filled,380.4338,7048.87,3.305,232.95,1
DPZ,2017-11-28,2017-11-29,2017-11-30,1-2%,-1.839,171.4813,174.3455,tp_gap_filled,41.1437,7055.37,1.67,117.84,1
VTRS,2017-11-16,2017-11-17,2017-12-01,1-2%,-1.376,37.3173,37.7622,tp_gap_filled,185.0651,6906.13,1.192,82.34,9
FCX,2017-11-29,2017-11-30,2017-12-01,1-2%,-1.9,13.9539,14.1958,tp_gap_filled,506.4464,7066.92,1.733,122.48,1
CL,2017-11-29,2017-11-30,2017-12-01,1-2%,-1.842,71.4914,72.6872,tp_gap_filled,98.8379,7066.06,1.673,118.19,1
DGX,2017-09-25,2017-09-26,2017-12-04,5-10%,-6.503,95.5655,102.0079,tp_gap_filled,69.3759,6629.94,6.741,446.95,48
WSM,2017-11-17,2017-11-20,2017-12-04,10%+,-12.843,23.063,26.4086,tp_gap_filled,298.4253,6882.59,14.506,998.39,9
NCLH,2017-11-30,2017-12-01,2017-12-04,2-3%,-2.333,54.054,55.2347,tp_gap_filled,130.899,7075.61,2.184,154.55,1
EXPD,2017-11-30,2017-12-01,2017-12-04,1-2%,-1.32,63.6236,64.3456,tp_gap_filled,111.1651,7072.72,1.135,80.26,1
ULTA,2017-12-01,2017-12-04,2017-12-05,5-10%,-6.152,208.2781,221.4883,tp_gap_filled,33.9669,7074.55,6.343,448.71,1
NTAP,2017-12-01,2017-12-04,2017-12-05,1-2%,-1.628,55.6456,56.4535,tp_gap_filled,127.4748,7093.41,1.452,102.99,1
MU,2017-12-01,2017-12-04,2017-12-07,1-2%,-1.557,41.7717,42.3476,tp_gap_filled,169.8571,7095.22,1.379,97.82,3
EBAY,2017-11-09,2017-12-05,2017-12-07,2-3%,-2.026,36.2963,36.973,tp_gap_filled,195.0805,7080.69,1.864,132.02,2
EFX,2017-09-08,2017-09-11,2017-12-08,10%+,-14.644,121.9418,117.2826,time_exit,54.5546,6652.49,-3.821,-254.18,63
COR,2017-08-03,2017-09-11,2017-12-08,5-10%,-7.845,84.1941,86.6133,time_exit,78.7279,6628.42,2.873,190.46,63
NRG,2017-11-29,2017-11-30,2017-12-11,2-3%,-2.252,28.2382,28.8311,tp_gap_filled,250.5219,7074.29,2.1,148.54,7
CVNA,2017-12-08,2017-12-11,2017-12-13,5-10%,-5.495,4.1662,4.3996,tp_gap_filled,1715.3694,7146.51,5.603,400.42,2
LOW,2017-12-06,2017-12-07,2017-12-14,3-5%,-3.256,83.5835,86.2237,tp_gap_filled,84.9379,7099.41,3.159,224.25,5
LITE,2017-12-13,2017-12-14,2017-12-15,10%+,-11.884,45.6456,51.6982,tp_gap_filled,155.6176,7103.26,13.26,941.9,1
ZBH,2017-11-01,2017-11-02,2017-12-19,5-10%,-7.984,108.7591,117.9596,tp_gap_filled,62.0472,6748.2,8.459,570.86,32
DVN,2017-11-13,2017-12-01,2017-12-21,1-2%,-1.806,39.7197,40.3696,tp_gap_filled,178.2633,7080.56,1.636,115.86,14
CHTR,2017-12-04,2017-12-05,2017-12-21,1-2%,-1.805,330.5302,335.9337,tp_gap_filled,21.4374,7085.7,1.635,115.84,12
HCA,2017-12-20,2017-12-21,2017-12-22,1-2%,-1.644,87.4574,88.7412,tp_gap_filled,82.5142,7216.48,1.468,105.93,1
CRH,2017-11-21,2017-12-08,2017-12-26,1-2%,-1.766,35.6256,36.1938,tp_gap_filled,200.4911,7142.62,1.595,113.91,11
DXCM,2017-09-28,2017-09-29,2017-12-29,10%+,-29.02,11.9845,14.3332,time_exit,556.9354,6674.58,19.598,1308.06,63
UAL,2017-10-19,2017-12-21,2017-12-29,2-3%,-2.353,66.4564,67.922,tp_gap_filled,108.5224,7212.01,2.205,159.05,5
JBHT,2017-12-28,2017-12-29,2018-01-02,3-5%,-3.542,111.4914,115.3545,tp_gap_filled,65.061,7253.74,3.465,251.34,1
MU,2017-12-26,2018-01-02,2018-01-03,2-3%,-2.108,43.2332,44.0759,tp_gap_filled,169.2983,7319.31,1.949,142.67,1
GPC,2017-10-19,2017-11-30,2018-01-04,5-10%,-5.824,92.4223,97.942,tp_gap_filled,76.5204,7072.19,5.972,422.36,23
QCOM,2017-12-01,2017-12-04,2018-01-04,1-2%,-1.718,65.2652,66.2737,tp_gap_filled,108.7447,7097.25,1.545,109.66,21
TKO,2017-12-22,2017-12-26,2018-01-04,5-10%,-7.813,29.4094,31.8381,tp_gap_filled,246.5291,7250.27,8.258,598.76,6
CASY,2017-12-12,2018-01-03,2018-01-04,5-10%,-5.567,114.6145,121.1288,tp_gap_filled,64.1703,7354.85,5.684,418.02,1
BKNG,2017-08-09,2017-10-05,2018-01-05,5-10%,-6.759,76.4968,72.8687,time_exit,88.8006,6792.96,-4.743,-322.18,63
DOC,2017-10-02,2017-10-05,2018-01-05,2-3%,-2.048,27.2873,24.985,time_exit,248.9244,6792.46,-8.437,-573.09,63
PHM,2017-12-05,2017-12-08,2018-01-05,2-3%,-2.033,33.7737,34.4056,tp_gap_filled,211.3822,7139.17,1.871,133.55,18
TDG,2018-01-03,2018-01-04,2018-01-05,1-2%,-1.134,272.262,274.8349,tp_gap_filled,27.1248,7385.04,0.945,69.79,1
VEEV,2017-12-06,2017-12-07,2018-01-08,5-10%,-5.228,54.8047,57.7122,tp_gap_filled,129.4543,7094.71,5.305,376.39,20
TSLA,2018-01-04,2018-01-05,2018-01-08,1-2%,-1.381,20.8789,21.1288,tp_gap_filled,356.6461,7446.36,1.197,89.16,1
CVNA,2017-12-29,2018-01-05,2018-01-08,1-2%,-1.019,3.8899,3.9221,tp_gap_filled,1915.3264,7450.4,0.827,61.65,1
OKE,2018-01-05,2018-01-08,2018-01-09,1-2%,-1.69,55.3052,56.1438,tp_gap_filled,135.3917,7487.87,1.516,113.53,1
DXCM,2018-01-04,2018-01-08,2018-01-10,5-10%,-7.059,13.5085,14.5055,tp_gap_filled,553.5881,7478.14,7.38,551.92,2
MCK,2017-12-18,2017-12-19,2018-01-11,1-2%,-1.648,160.0799,162.4374,tp_gap_filled,44.9453,7194.83,1.473,105.96,15
LITE,2017-12-26,2018-01-08,2018-01-11,1-2%,-1.515,52.052,52.7472,tp_gap_filled,144.0273,7496.91,1.336,100.13,3
SW,2018-01-08,2018-01-10,2018-01-11,1-2%,-1.817,33.003,33.5464,tp_gap_filled,226.7221,7482.5,1.647,123.21,1
DPZ,2018-01-10,2018-01-11,2018-01-12,3-5%,-3.972,198.6985,206.5033,tp_gap_filled,37.771,7505.03,3.928,294.79,1
FAST,2018-01-10,2018-01-11,2018-01-12,3-5%,-3.215,13.4084,13.8262,tp_gap_filled,561.297,7526.09,3.116,234.49,1
TRMB,2018-01-10,2018-01-11,2018-01-12,3-5%,-3.08,41.5815,42.8171,tp_gap_filled,181.2417,7536.31,2.972,223.94,1
GILD,2017-10-26,2018-01-09,2018-01-16,2-3%,-2.003,78.3683,79.8101,tp_gap_filled,95.3761,7474.46,1.84,137.52,4
JBHT,2018-01-11,2018-01-12,2018-01-16,2-3%,-2.29,117.4774,119.9899,tp_gap_filled,64.2729,7550.61,2.139,161.49,1
STE,2017-11-01,2018-01-12,2018-01-16,1-2%,-1.843,91.7016,93.2367,tp_gap_filled,82.4644,7562.12,1.674,126.59,1
MRK,2017-10-27,2018-01-16,2018-01-17,2-3%,-2.323,57.8345,59.0916,tp_gap_filled,130.4135,7542.4,2.174,163.95,1
GE,2017-10-20,2017-10-23,2018-01-18,5-10%,-6.107,106.2107,80.6394,stop,64.1514,6813.56,-24.076,-1640.43,59
PM,2017-12-20,2017-12-29,2018-01-19,1-2%,-1.961,106.106,108.0119,tp_gap_filled,68.4701,7265.09,1.796,130.5,13
MTD,2017-11-03,2018-01-09,2018-01-22,3-5%,-3.343,649.7992,670.9284,tp_gap_filled,11.4989,7471.97,3.252,242.96,8
BMY,2018-01-16,2018-01-17,2018-01-22,1-2%,-1.688,61.8118,62.7472,tp_gap_filled,122.4015,7565.85,1.513,114.5,3
PEG,2018-01-04,2018-01-05,2018-01-23,5-10%,-5.4,48.048,50.6893,tp_gap_filled,154.6247,7429.41,5.497,408.4,11
META,2018-01-12,2018-01-16,2018-01-23,5-10%,-5.171,178.2381,187.5822,tp_gap_filled,42.3146,7542.08,5.243,395.4,5
BNY,2018-01-18,2018-01-19,2018-01-23,3-5%,-4.284,55.4654,57.8321,tp_gap_filled,136.6834,7581.2,4.267,323.49,2
ALLE,2017-10-26,2017-10-27,2018-01-24,5-10%,-6.671,80.8007,86.4035,tp_gap_filled,83.0513,6710.6,6.934,465.32,59
HSIC,2017-11-06,2017-11-07,2018-01-24,5-10%,-9.84,54.9569,60.8332,tp_gap_filled,122.787,6747.99,10.693,721.54,52
FAST,2018-01-17,2018-01-18,2018-01-24,3-5%,-4.762,13.2132,13.8461,tp_gap_filled,569.762,7528.38,4.79,360.63,4
AXP,2018-01-19,2018-01-22,2018-01-25,2-3%,-2.854,97.107,99.7601,tp_gap_filled,78.4987,7622.77,2.732,208.27,3
APO,2018-01-23,2018-01-24,2018-01-25,2-3%,-2.712,33.7537,34.6253,tp_gap_filled,228.065,7698.04,2.582,198.79,1
ORCL,2017-09-15,2017-10-25,2018-01-26,3-5%,-4.054,50.7007,52.6972,time_exit,133.2954,6758.16,3.938,266.14,63
JCI,2017-11-09,2018-01-16,2018-01-26,1-2%,-1.927,40.2502,40.959,tp_gap_filled,187.6134,7551.48,1.761,132.98,8
INTC,2018-01-03,2018-01-22,2018-01-26,2-3%,-2.946,45.5155,46.8031,tp_gap_filled,167.4334,7620.81,2.829,215.6,4
LLY,2018-01-22,2018-01-23,2018-01-26,2-3%,-2.62,83.3332,85.4045,tp_gap_filled,92.2082,7684.01,2.486,190.99,3
FTNT,2018-01-23,2018-01-24,2018-01-26,3-5%,-3.402,8.8669,9.1608,tp_gap_filled,867.2858,7690.1,3.315,254.96,2
AIG,2017-11-03,2017-11-06,2018-01-29,3-5%,-4.448,62.1521,64.915,tp_gap_filled,109.2812,6792.06,4.445,301.94,56
MGM,2018-01-25,2018-01-26,2018-01-29,2-3%,-2.046,36.8969,37.5924,tp_gap_filled,210.6726,7773.16,1.885,146.52,1
ARE,2018-01-04,2018-01-05,2018-01-31,3-5%,-3.062,125.4854,129.1907,tp_gap_filled,59.3047,7441.87,2.953,219.74,17
TSCO,2018-01-25,2018-01-26,2018-02-01,2-3%,-2.305,15.7798,14.0299,stop,492.5401,7772.17,-11.089,-861.86,4
MCHP,2018-01-24,2018-01-26,2018-02-06,1-2%,-1.685,48.4784,44.5556,stop,160.3759,7774.77,-8.092,-629.13,7
SWKS,2017-11-07,2017-11-08,2018-02-09,5-10%,-5.553,109.9799,102.5374,time_exit,61.644,6779.6,-6.767,-458.79,63
IBM,2018-01-19,2018-01-23,2018-02-09,2-3%,-2.755,157.3848,139.9324,stop,48.799,7680.21,-11.089,-851.66,13
TPR,2018-02-08,2018-02-09,2018-02-12,2-3%,-2.675,48.8088,50.0499,tp_gap_filled,147.846,7216.18,2.543,183.5,1
BAC,2018-02-05,2018-02-06,2018-02-14,2-3%,-2.598,31.1511,31.9181,tp_gap_filled,238.2015,7420.24,2.462,182.68,6
NVDA,2018-02-01,2018-02-09,2018-02-15,2-3%,-2.962,5.969,6.1389,tp_gap_filled,1210.6438,7226.29,2.846,205.68,4
BG,2018-02-14,2018-02-15,2018-02-16,3-5%,-4.176,76.2662,79.4305,tp_gap_filled,97.8085,7459.48,4.149,309.5,1
HSIC,2018-02-13,2018-02-14,2018-02-20,5-10%,-9.393,51.3454,56.5552,tp_gap_filled,143.6726,7376.93,10.146,748.5,3
AMCR,2017-11-16,2017-11-17,2018-02-21,5-10%,-5.643,56.9068,54.4455,time_exit,121.1828,6896.13,-4.325,-298.27,63
CHRW,2018-01-31,2018-02-01,2018-02-27,3-5%,-3.15,92.0319,94.8351,tp_gap_filled,83.6808,7701.3,3.046,234.57,17
ADSK,2017-11-29,2018-01-12,2018-03-07,10%+,-12.251,114.144,129.82,tp_gap_filled,66.0987,7544.77,13.734,1036.16,36
STZ,2018-01-05,2018-01-09,2018-03-08,2-3%,-2.365,220.6704,225.5642,tp_gap_filled,33.8608,7472.08,2.218,165.71,40
AXON,2018-03-06,2018-03-07,2018-03-08,2-3%,-2.038,37.5375,38.2417,tp_gap_filled,200.75,7535.65,1.876,141.37,1
TROW,2018-01-30,2018-02-27,2018-03-09,2-3%,-2.169,115.115,117.4325,tp_gap_filled,64.7859,7457.83,2.013,150.14,8
CVNA,2018-03-07,2018-03-08,2018-03-12,10%+,-13.014,3.253,3.7323,tp_gap_filled,2325.994,7566.57,14.731,1114.65,2
TSLA,2018-03-09,2018-03-12,2018-03-13,1-2%,-1.519,21.6283,21.9181,tp_gap_filled,357.3458,7728.77,1.34,103.55,1
IRM,2017-12-12,2017-12-13,2018-03-16,5-10%,-5.749,38.3984,32.4875,time_exit,186.0696,7144.77,-15.394,-1099.84,63
CRL,2017-11-09,2017-12-15,2018-03-20,5-10%,-8.319,108.108,110.3296,time_exit,66.1699,7153.5,2.055,147.0,63
TYL,2018-03-12,2018-03-13,2018-03-20,1-2%,-1.508,209.209,211.9878,tp_gap_filled,36.9716,7734.79,1.328,102.74,5
PCG,2017-12-21,2017-12-22,2018-03-27,10%+,-15.728,43.1231,43.8961,time_exit,167.4647,7221.6,1.792,129.45,63
AMD,2017-10-25,2018-01-23,2018-03-28,5-10%,-9.123,12.9629,9.842,stop,592.5267,7680.89,-24.076,-1849.25,45
KIM,2018-03-27,2018-03-28,2018-03-29,1-2%,-1.55,13.984,14.1758,tp_gap_filled,521.0477,7286.32,1.372,99.96,1
KHC,2018-02-16,2018-02-20,2018-04-03,3-5%,-3.81,70.0099,59.4489,stop,106.2122,7435.91,-15.085,-1121.71,29
TSLA,2018-03-28,2018-03-29,2018-04-04,5-10%,-5.23,17.6563,18.5934,tp_gap_filled,419.2971,7403.24,5.307,392.92,3
NTAP,2018-04-02,2018-04-03,2018-04-04,2-3%,-2.205,60.3903,61.6283,tp_gap_filled,121.1095,7313.84,2.05,149.93,1
PCAR,2018-03-19,2018-03-20,2018-04-05,2-3%,-2.687,43.9906,45.1148,tp_gap_filled,172.1686,7573.8,2.556,193.56,11
J,2018-03-22,2018-04-04,2018-04-05,1-2%,-1.272,49.4799,50.0173,tp_gap_filled,149.5627,7400.35,1.086,80.38,1
D,2018-01-03,2018-01-04,2018-04-06,3-5%,-4.086,77.077,66.1538,time_exit,95.8292,7386.23,-14.172,-1046.76,63
BA,2018-04-04,2018-04-05,2018-04-06,5-10%,-5.598,312.6123,330.4892,tp_gap_filled,23.7975,7439.41,5.719,425.43,1
TSLA,2018-04-04,2018-04-05,2018-04-06,5-10%,-5.513,16.8689,17.8175,tp_gap_filled,442.6923,7467.71,5.624,419.96,1
ON,2018-04-06,2018-04-09,2018-04-10,3-5%,-3.84,23.3133,24.1958,tp_gap_filled,315.1044,7346.12,3.785,278.08,1
MOS,2018-04-06,2018-04-10,2018-04-16,1-2%,-1.548,24.8248,25.1648,tp_gap_filled,299.6115,7437.8,1.37,101.87,4
SW,2018-03-26,2018-04-09,2018-04-18,2-3%,-2.84,42.1221,43.2667,tp_gap_filled,174.493,7350.01,2.717,199.73,7
SHW,2018-01-25,2018-01-26,2018-04-24,2-3%,-2.406,139.823,124.318,stop,55.5579,7768.27,-11.089,-861.42,60
VICI,2018-01-23,2018-01-24,2018-04-25,5-10%,-8.656,21.021,18.022,time_exit,365.8477,7690.48,-14.267,-1097.19,63
DE,2018-03-22,2018-03-27,2018-04-25,2-3%,-2.727,153.8937,136.8285,stop,47.445,7301.48,-11.089,-809.66,20
LULU,2018-04-23,2018-04-24,2018-04-25,2-3%,-2.129,94.3543,96.2137,tp_gap_filled,77.9906,7358.74,1.971,145.02,1
TXN,2018-01-24,2018-01-25,2018-04-26,5-10%,-7.298,111.2511,102.6173,time_exit,69.3142,7711.28,-7.761,-598.45,63
DAL,2018-01-24,2018-01-25,2018-04-26,5-10%,-5.823,56.4964,53.0769,time_exit,136.4239,7707.47,-6.053,-466.51,63
DRI,2018-03-22,2018-04-16,2018-04-26,5-10%,-5.176,88.5685,93.2167,tp_gap_filled,84.6648,7498.63,5.248,393.54,8
UNP,2018-01-25,2018-01-26,2018-04-27,3-5%,-4.689,134.7046,135.0648,time_exit,57.6791,7769.64,0.267,20.78,63
ROST,2018-03-07,2018-03-08,2018-04-27,3-5%,-4.77,76.7467,80.4295,tp_gap_filled,98.8173,7583.9,4.799,363.93,35
LH,2018-04-25,2018-04-26,2018-04-27,2-3%,-2.987,138.5577,142.5377,tp_gap_filled,53.6079,7427.79,2.872,213.36,1
APD,2018-01-26,2018-01-29,2018-04-30,5-10%,-5.615,164.3942,162.1277,time_exit,47.1668,7753.95,-1.379,-106.9,63
CL,2018-01-26,2018-01-29,2018-04-30,3-5%,-4.488,73.9138,65.1648,time_exit,104.9778,7759.31,-11.837,-918.46,63
CVS,2018-01-30,2018-01-31,2018-05-02,5-10%,-6.146,78.5685,65.8741,time_exit,98.8355,7765.36,-16.157,-1254.66,63
TSN,2018-04-02,2018-04-04,2018-05-03,1-2%,-1.954,71.8318,66.0191,stop,103.0443,7401.85,-8.092,-598.96,21
PAYX,2018-04-17,2018-04-18,2018-05-04,3-5%,-3.069,60.3903,62.1778,tp_gap_filled,125.9859,7608.33,2.96,225.19,12
EW,2018-04-25,2018-04-26,2018-05-04,5-10%,-7.916,41.378,44.8451,tp_gap_filled,179.3243,7420.08,8.379,621.74,6
TSLA,2018-05-03,2018-05-04,2018-05-07,5-10%,-7.425,18.6046,20.0566,tp_gap_filled,396.3952,7374.77,7.805,575.57,1
XYZ,2018-05-03,2018-05-04,2018-05-07,3-5%,-4.028,46.7467,48.6113,tp_gap_filled,158.1848,7394.62,3.989,294.96,1
DOC,2018-05-04,2018-05-07,2018-05-08,1-2%,-1.912,23.1031,23.5065,tp_gap_filled,321.3747,7424.74,1.746,129.64,1
COHR,2018-05-07,2018-05-08,2018-05-09,3-5%,-4.056,41.4414,43.1069,tp_gap_filled,179.1976,7426.2,4.019,298.44,1
ALGN,2018-04-19,2018-04-26,2018-05-10,3-5%,-4.053,266.0858,276.7729,tp_gap_filled,27.9475,7436.45,4.016,298.68,10
ZTS,2018-05-02,2018-05-03,2018-05-10,5-10%,-6.871,77.7477,83.3166,tp_gap_filled,94.3695,7337.0,7.163,525.54,5
EXPE,2018-02-09,2018-02-12,2018-05-14,10%+,-14.655,105.105,114.5254,time_exit,69.5157,7306.45,8.963,654.86,63
OMC,2018-02-15,2018-02-16,2018-05-18,3-5%,-4.977,78.7387,74.885,time_exit,94.9984,7480.05,-4.894,-366.09,63
GOOGL,2018-02-02,2018-02-21,2018-05-22,3-5%,-4.585,56.4274,53.7117,time_exit,130.4144,7358.94,-4.813,-354.16,63
CVNA,2018-04-24,2018-04-25,2018-06-05,5-10%,-6.142,5.6296,5.986,tp_gap_filled,1314.4753,7400.0,6.331,468.46,28
MNST,2018-03-01,2018-03-09,2018-06-08,5-10%,-9.342,14.3769,13.8561,time_exit,536.6754,7715.71,-3.622,-279.46,63
SJM,2018-06-07,2018-06-08,2018-06-11,5-10%,-7.041,99.119,106.4135,tp_gap_filled,78.215,7752.59,7.359,570.54,1
WAT,2018-04-24,2018-04-25,2018-06-13,5-10%,-8.163,192.6825,209.3904,tp_gap_filled,38.4154,7401.97,8.671,641.84,34
AVGO,2018-06-08,2018-06-11,2018-06-13,2-3%,-3.0,25.6997,26.4415,tp_gap_filled,303.1599,7791.11,2.887,224.9,2
EQIX,2018-02-15,2018-03-16,2018-06-15,3-5%,-4.029,418.6883,398.3612,time_exit,18.3173,7669.24,-4.855,-372.34,63
CPAY,2018-05-04,2018-05-07,2018-06-18,3-5%,-3.303,203.6935,210.2296,tp_gap_filled,36.4562,7425.88,3.209,238.28,29
ANET,2018-03-19,2018-03-20,2018-06-19,5-10%,-5.927,17.2866,17.0954,time_exit,437.4316,7561.73,-1.106,-83.66,63
SBUX,2018-04-27,2018-04-30,2018-06-20,2-3%,-2.206,58.1281,51.6822,stop,127.277,7398.36,-11.089,-820.4,36
AMCR,2018-06-15,2018-06-18,2018-06-27,3-5%,-4.064,50.8007,52.8471,tp_gap_filled,153.1763,7781.47,4.028,313.45,7
GILD,2018-05-02,2018-05-18,2018-07-05,5-10%,-5.926,68.3283,72.4874,tp_gap_filled,110.7187,7565.21,6.087,460.5,32
BIIB,2018-06-18,2018-06-19,2018-07-06,3-5%,-3.6,294.344,304.725,tp_gap_filled,26.3137,7745.27,3.527,273.16,12
INCY,2018-04-06,2018-04-09,2018-07-09,10%+,-20.561,66.056,71.5484,time_exit,111.2691,7349.99,8.315,611.13,63
CTSH,2018-05-07,2018-06-13,2018-07-12,3-5%,-4.186,78.8087,82.0878,tp_gap_filled,98.5468,7766.35,4.161,323.14,20
AKAM,2018-06-26,2018-06-27,2018-07-12,3-5%,-4.07,74.5645,77.5724,tp_gap_filled,100.4388,7489.16,4.034,302.11,10
AMCR,2018-07-03,2018-07-05,2018-07-12,3-5%,-3.333,50.8007,52.4475,tp_gap_filled,149.5848,7599.02,3.242,246.33,5
APH,2018-07-11,2018-07-12,2018-07-13,3-5%,-3.741,10.752,11.1476,tp_gap_filled,722.2845,7766.0,3.679,285.74,1
RMD,2018-07-11,2018-07-12,2018-07-13,3-5%,-3.093,104.7647,107.892,tp_gap_filled,74.2588,7779.69,2.985,232.23,1
AMP,2018-07-11,2018-07-12,2018-07-18,3-5%,-4.578,138.3382,144.6852,tp_gap_filled,56.0581,7754.98,4.588,355.8,4
TECH,2018-06-27,2018-07-13,2018-07-20,1-2%,-2.0,38.511,39.2182,tp_gap_filled,203.1345,7822.91,1.837,143.67,5
INTC,2018-06-25,2018-07-06,2018-07-23,2-3%,-2.533,51.2212,52.4475,tp_gap_filled,149.6198,7663.7,2.394,183.48,11
TRV,2018-04-24,2018-04-25,2018-07-25,3-5%,-3.709,132.2721,126.1537,time_exit,56.0558,7414.62,-4.626,-342.97,63
WRB,2018-06-14,2018-06-15,2018-07-25,1-2%,-1.568,22.3483,22.6588,tp_gap_filled,351.3012,7850.97,1.39,109.1,27
UHS,2018-04-26,2018-04-27,2018-07-26,5-10%,-7.375,113.153,121.918,tp_gap_filled,66.3294,7505.38,7.746,581.37,62
TRMB,2018-05-08,2018-05-09,2018-07-26,5-10%,-8.471,32.6626,35.6144,tp_gap_filled,228.0693,7449.34,9.037,673.2,54
GNRC,2018-07-17,2018-07-18,2018-07-26,3-5%,-3.303,50.7007,52.3276,tp_gap_filled,154.2851,7822.35,3.209,251.02,6
ALLE,2018-04-26,2018-04-27,2018-07-27,5-10%,-9.069,75.5755,81.5184,time_exit,99.1618,7494.2,7.864,589.31,63
T,2018-04-26,2018-04-27,2018-07-27,5-10%,-5.0,25.2821,23.4508,time_exit,297.0215,7509.31,-7.243,-543.91,63
BSX,2018-07-25,2018-07-26,2018-07-27,3-5%,-3.873,32.3023,33.5364,tp_gap_filled,243.9242,7879.3,3.821,301.04,1
TEL,2018-07-25,2018-07-26,2018-07-27,3-5%,-3.383,90.9108,93.906,tp_gap_filled,86.9427,7904.04,3.295,260.41,1
FLEX,2018-04-27,2018-04-30,2018-07-30,10%+,-19.231,10.1382,10.5245,time_exit,730.9804,7410.85,3.81,282.35,63
EFX,2018-07-26,2018-07-27,2018-07-31,3-5%,-3.195,123.7436,127.5723,tp_gap_filled,63.4478,7851.26,3.094,242.92,2
TPR,2018-05-01,2018-05-02,2018-08-01,10%+,-12.832,46.9169,46.4235,time_exit,156.9968,7365.8,-1.052,-77.45,63
BRO,2018-07-24,2018-07-25,2018-08-07,3-5%,-3.851,28.4885,29.5704,tp_gap_filled,275.3723,7844.93,3.798,297.94,9
LITE,2018-07-20,2018-07-23,2018-08-08,5-10%,-5.471,56.2062,59.3406,tp_gap_filled,138.4246,7780.31,5.577,433.88,12
DECK,2018-07-27,2018-07-31,2018-08-08,5-10%,-5.896,18.7187,19.8518,tp_gap_filled,420.7517,7875.92,6.053,476.75,6
CAH,2018-05-03,2018-05-10,2018-08-09,10%+,-16.643,53.9439,49.3206,time_exit,140.5653,7582.64,-8.57,-649.87,63
MGM,2018-04-26,2018-05-10,2018-08-09,5-10%,-5.689,33.3533,29.0809,time_exit,227.5106,7588.23,-12.81,-972.02,63
GEN,2018-05-11,2018-05-14,2018-08-13,10%+,-31.391,20.04,18.7912,time_exit,378.5785,7586.72,-6.232,-472.78,63
ABBV,2018-07-11,2018-07-13,2018-08-17,2-3%,-2.61,96.3563,98.7412,tp_gap_filled,81.1758,7821.8,2.475,193.6,25
FITB,2018-05-21,2018-05-22,2018-08-21,5-10%,-6.019,31.5715,30.0399,time_exit,238.4649,7528.71,-4.851,-365.24,63
TFC,2018-07-19,2018-07-20,2018-08-21,3-5%,-4.813,50.4804,52.927,tp_gap_filled,153.7851,7763.14,4.847,376.25,22
AXON,2018-08-08,2018-08-17,2018-08-28,5-10%,-6.551,63.2532,67.5524,tp_gap_filled,125.1314,7914.96,6.797,537.96,7
NDSN,2018-05-22,2018-06-05,2018-08-29,5-10%,-6.095,131.2411,139.4804,tp_gap_filled,58.151,7631.8,6.278,479.12,60
LVS,2018-07-02,2018-07-09,2018-09-06,3-5%,-4.662,72.8728,61.8799,stop,106.1844,7737.96,-15.085,-1167.27,42
TSN,2018-09-05,2018-09-06,2018-09-07,1-2%,-1.817,61.6716,62.6872,tp_gap_filled,127.0354,7834.48,1.647,129.02,1
DLTR,2018-05-31,2018-06-13,2018-09-12,5-10%,-8.386,88.3583,84.885,time_exit,87.9149,7768.01,-3.931,-305.35,63
SYK,2018-07-25,2018-07-26,2018-09-12,2-3%,-2.556,168.6685,172.7471,tp_gap_filled,46.9477,7918.59,2.418,191.48,33
CRL,2018-08-08,2018-08-09,2018-09-12,2-3%,-2.702,125.0749,128.2916,tp_gap_filled,63.7634,7975.21,2.572,205.1,23
BAX,2018-07-26,2018-07-27,2018-09-13,5-10%,-7.189,71.081,76.4335,tp_gap_filled,110.4062,7847.78,7.53,590.95,33
TDG,2018-08-07,2018-08-08,2018-09-14,3-5%,-4.024,354.5041,368.631,tp_gap_filled,22.5102,7979.96,3.985,318.0,26
PODD,2018-09-12,2018-09-13,2018-09-14,5-10%,-5.368,102.3422,107.932,tp_gap_filled,76.7282,7852.54,5.462,428.89,1
APA,2018-08-09,2018-09-12,2018-09-17,2-3%,-2.189,45.1651,46.0839,tp_gap_filled,173.5315,7837.57,2.034,159.43,3
TAP,2018-05-02,2018-06-20,2018-09-19,5-10%,-5.078,68.108,64.2157,time_exit,113.4929,7729.78,-5.715,-441.75,63
XOM,2018-07-27,2018-07-30,2018-09-19,3-5%,-3.882,81.051,84.1558,tp_gap_filled,96.7015,7837.75,3.831,300.24,36
LIN,2018-08-06,2018-08-07,2018-09-19,5-10%,-6.059,154.4143,164.0458,tp_gap_filled,51.6522,7975.84,6.237,497.49,30
HAL,2018-09-05,2018-09-12,2018-09-19,3-5%,-3.242,38.2382,39.4405,tp_gap_filled,204.9845,7838.24,3.144,246.46,5
GL,2018-09-10,2018-09-14,2018-09-20,3-5%,-3.394,85.4754,88.3016,tp_gap_filled,92.2754,7887.28,3.306,260.79,4
AZO,2018-09-18,2018-09-19,2018-09-20,5-10%,-5.019,710.71,746.7725,tp_gap_filled,11.1818,7947.04,5.074,403.24,1
ORCL,2018-09-18,2018-09-19,2018-09-20,3-5%,-3.396,47.5575,49.1308,tp_gap_filled,167.6159,7971.39,3.308,263.71,1
WBD,2018-09-18,2018-09-19,2018-09-20,2-3%,-2.655,31.2012,31.988,tp_gap_filled,256.1272,7991.47,2.522,201.52,1
SBUX,2018-06-20,2018-09-07,2018-09-21,3-5%,-4.527,54.8848,57.3726,tp_gap_filled,142.1296,7800.76,4.533,353.58,10
AMD,2018-09-19,2018-09-20,2018-09-21,1-2%,-1.284,31.5515,31.8981,tp_gap_filled,255.1763,8051.2,1.098,88.43,1
LYB,2018-09-17,2018-09-20,2018-09-21,1-2%,-1.187,104.1641,105.2047,tp_gap_filled,77.2479,8046.46,0.999,80.39,1
BBY,2018-08-28,2018-08-29,2018-09-24,5-10%,-5.094,77.5775,81.5783,tp_gap_filled,103.4097,8022.26,5.157,413.73,17
FTNT,2018-09-20,2018-09-21,2018-09-24,2-3%,-2.132,16.8168,17.1488,tp_gap_filled,478.9354,8054.16,1.974,159.02,1
FANG,2018-08-15,2018-08-21,2018-09-25,5-10%,-8.007,123.163,133.6162,tp_gap_filled,64.4834,7941.98,8.487,674.06,24
TTD,2018-09-20,2018-09-21,2018-09-25,1-2%,-1.816,14.2362,14.4705,tp_gap_filled,566.2209,8060.85,1.646,132.66,2
WRB,2018-09-21,2018-09-24,2018-09-25,1-2%,-1.826,22.9592,23.3396,tp_gap_filled,349.8515,8032.32,1.657,133.07,1
ECHO,2018-09-24,2018-09-25,2018-09-26,1-2%,-1.74,37.0954,37.677,tp_gap_filled,215.0883,7978.79,1.568,125.1,1
MCHP,2018-08-10,2018-08-13,2018-10-08,5-10%,-9.869,44.2442,33.592,stop,177.4946,7853.1,-24.076,-1890.71,39
PPG,2018-09-24,2018-09-25,2018-10-09,2-3%,-2.569,113.113,100.5699,stop,70.5873,7984.34,-11.089,-885.38,10
FDX,2018-09-18,2018-09-21,2018-10-10,2-3%,-2.342,201.4422,179.1043,stop,40.0039,8058.46,-11.089,-893.6,13
RJF,2018-07-26,2018-09-20,2018-10-11,1-2%,-1.347,64.0306,58.8493,stop,125.7755,8053.49,-8.092,-651.69,15
NDSN,2018-09-21,2018-09-24,2018-10-11,2-3%,-2.374,141.9919,126.2464,stop,56.5206,8025.46,-11.089,-889.94,13
JCI,2018-09-11,2018-09-12,2018-10-12,2-3%,-2.344,37.5375,33.375,stop,208.7841,7837.23,-11.089,-869.07,22
AMCR,2018-08-08,2018-08-09,2018-10-19,3-5%,-4.505,53.053,45.05,stop,150.3328,7975.61,-15.085,-1203.12,50
DGX,2018-07-24,2018-07-25,2018-10-23,5-10%,-7.903,105.9158,95.1248,time_exit,74.0067,7838.48,-10.188,-798.61,63
META,2018-07-26,2018-07-27,2018-10-25,10%+,-19.591,175.0649,150.799,time_exit,44.833,7848.68,-13.861,-1087.91,63
BIIB,2018-07-26,2018-07-27,2018-10-25,10%+,-11.289,340.8405,298.1715,time_exit,23.0263,7848.29,-12.519,-982.51,63
EBAY,2018-07-19,2018-08-29,2018-10-29,5-10%,-7.325,35.2052,26.7292,stop,227.9608,8025.4,-24.076,-1932.2,42
KKR,2018-10-23,2018-10-25,2018-10-29,1-2%,-1.966,23.4634,21.5648,stop,314.6628,7383.07,-8.092,-597.44,2
INTC,2018-07-27,2018-08-01,2018-10-30,5-10%,-6.518,48.8088,47.7122,time_exit,160.9143,7854.03,-2.247,-176.45,63
CMCSA,2018-09-24,2018-09-25,2018-10-31,5-10%,-5.145,33.7263,35.4846,tp_gap_filled,236.9323,7990.85,5.214,416.61,26
MAS,2018-10-26,2018-10-30,2018-10-31,3-5%,-3.846,29.029,30.1298,tp_gap_filled,254.0215,7373.99,3.792,279.64,1
STX,2018-10-26,2018-10-29,2018-11-01,10%+,-11.335,37.8178,42.5674,tp_gap_filled,191.5931,7245.63,12.559,909.99,3
ECL,2018-10-30,2018-10-31,2018-11-01,5-10%,-6.045,137.8377,146.4134,tp_gap_filled,54.0756,7453.66,6.222,463.74,1
COST,2018-10-05,2018-10-09,2018-11-02,2-3%,-2.883,225.225,231.4483,tp_gap_filled,34.1874,7699.85,2.763,212.76,18
TDG,2018-10-10,2018-10-11,2018-11-02,5-10%,-5.754,331.331,350.8588,tp_gap_filled,22.3026,7389.55,5.894,435.52,16
HAS,2018-10-22,2018-10-23,2018-11-02,5-10%,-7.752,90.5304,97.942,tp_gap_filled,82.2143,7442.9,8.187,609.33,8
CLX,2018-10-31,2018-11-01,2018-11-02,5-10%,-5.268,144.9148,152.6672,tp_gap_filled,52.5626,7617.1,5.35,407.49,1
FSLR,2018-10-26,2018-10-31,2018-11-05,5-10%,-6.365,40.7907,43.4765,tp_gap_filled,182.5034,7444.45,6.584,490.16,3
EXPD,2018-08-07,2018-08-08,2018-11-06,5-10%,-8.866,70.6906,71.3686,time_exit,112.6706,7964.75,0.959,76.38,63
KR,2018-09-13,2018-09-14,2018-11-07,5-10%,-9.833,28.6386,31.6983,tp_gap_filled,275.8109,7898.84,10.684,843.89,38
MRSH,2018-09-18,2018-09-19,2018-11-07,2-3%,-2.701,84.3743,86.5434,tp_gap_filled,94.6626,7987.09,2.571,205.33,35
RVTY,2018-11-01,2018-11-02,2018-11-07,5-10%,-7.493,80.08,86.3935,tp_gap_filled,95.9484,7683.55,7.884,605.77,3
NWSA,2018-08-20,2018-08-21,2018-11-08,3-5%,-3.741,13.3934,13.8861,tp_gap_filled,592.8398,7940.13,3.679,292.1,56
AMZN,2018-10-26,2018-10-29,2018-11-08,5-10%,-7.439,82.562,89.0194,tp_gap_filled,87.7613,7245.74,7.821,566.71,8
IDXX,2018-11-01,2018-11-02,2018-11-08,5-10%,-7.185,197.0769,211.9079,tp_gap_filled,39.0737,7700.53,7.525,579.5,4
FISV,2018-11-01,2018-11-02,2018-11-08,5-10%,-6.57,74.1641,79.2207,tp_gap_filled,104.0373,7715.83,6.818,526.08,4
COR,2018-11-06,2018-11-07,2018-11-08,5-10%,-5.714,83.5835,88.4714,tp_gap_filled,94.5334,7901.43,5.848,462.07,1
TRGP,2018-10-23,2018-11-08,2018-11-13,2-3%,-2.436,54.9249,48.8343,stop,143.9694,7907.5,-11.089,-876.86,3
FAST,2018-10-10,2018-10-11,2018-11-14,5-10%,-5.284,13.1882,13.8961,tp_gap_filled,559.4537,7378.17,5.368,396.05,24
ECHO,2018-11-08,2018-11-13,2018-11-16,3-5%,-3.826,32.8286,34.0664,tp_gap_filled,232.6904,7638.9,3.771,288.02,3
URI,2018-10-18,2018-11-07,2018-11-19,3-5%,-4.848,132.4323,112.4549,stop,59.7721,7915.76,-15.085,-1194.09,8
RL,2018-11-06,2018-11-08,2018-11-20,3-5%,-4.788,130.3802,110.7124,stop,60.648,7907.31,-15.085,-1192.82,8
AMAT,2018-11-16,2018-11-19,2018-11-20,5-10%,-8.195,32.1822,34.985,tp_gap_filled,237.6033,7646.58,8.709,665.96,1
A,2018-11-12,2018-11-20,2018-11-21,1-2%,-1.65,66.2262,67.2027,tp_gap_filled,114.2667,7567.45,1.475,111.59,1
ED,2018-11-14,2018-11-20,2018-11-27,1-2%,-1.163,78.2682,79.0309,tp_gap_filled,96.7806,7574.84,0.974,73.81,4
TSCO,2018-11-20,2018-11-27,2018-11-28,2-3%,-2.103,18.0821,18.4335,tp_gap_filled,423.8947,7664.89,1.944,148.99,1
PPG,2018-10-09,2018-10-10,2018-11-30,5-10%,-8.679,100.1701,109.4704,tp_gap_filled,74.8447,7497.2,9.285,696.08,36
LUV,2018-10-25,2018-11-01,2018-11-30,5-10%,-6.631,51.021,54.5354,tp_gap_filled,149.3038,7617.63,6.888,524.72,20
BAX,2018-10-31,2018-11-01,2018-12-03,5-10%,-8.535,62.8628,68.5913,tp_gap_filled,121.1586,7616.37,9.113,694.06,21
SNA,2018-10-18,2018-11-02,2018-12-03,5-10%,-5.12,159.149,167.4024,tp_gap_filled,48.5088,7720.13,5.186,400.36,20
ROK,2018-11-07,2018-11-08,2018-12-03,1-2%,-1.226,175.0749,176.8929,tp_gap_filled,45.0507,7887.25,1.038,81.9,16
NDSN,2018-11-29,2018-11-30,2018-12-03,3-5%,-3.111,117.5474,121.0788,tp_gap_filled,66.5235,7819.67,3.004,234.92,1
ATO,2018-11-29,2018-11-30,2018-12-03,2-3%,-2.991,94.8047,97.5324,tp_gap_filled,82.5823,7829.19,2.877,225.26,1
AIG,2018-11-07,2018-11-08,2018-12-04,1-2%,-1.314,44.3543,40.7652,stop,177.8446,7888.18,-8.092,-638.31,17
NI,2018-09-14,2018-09-17,2018-12-17,5-10%,-9.117,25.5455,26.6134,time_exit,308.0559,7869.45,4.18,328.95,63
PKG,2018-10-09,2018-11-08,2018-12-17,2-3%,-2.496,98.9488,87.9764,stop,79.9692,7912.86,-11.089,-877.46,25
PEP,2018-12-03,2018-12-04,2018-12-18,1-2%,-1.197,120.6005,110.8415,stop,63.9297,7709.95,-8.092,-623.89,9
FCX,2018-12-14,2018-12-17,2018-12-18,2-3%,-2.564,10.6506,10.9091,tp_gap_filled,682.7422,7271.64,2.427,176.45,1
AAPL,2018-11-02,2018-11-07,2018-12-19,5-10%,-5.702,52.4399,39.8145,stop,150.9424,7915.4,-24.076,-1905.71,28
CVNA,2018-12-17,2018-12-18,2018-12-19,2-3%,-2.302,6.2883,6.4236,tp_gap_filled,1159.3499,7290.32,2.151,156.85,1
CPRT,2018-09-19,2018-09-20,2018-12-20,10%+,-15.023,13.6461,11.7033,time_exit,589.332,8042.1,-14.237,-1144.98,63
CI,2018-12-17,2018-12-18,2018-12-20,2-3%,-2.128,201.201,178.8898,stop,36.4247,7328.68,-11.089,-812.68,2
ADSK,2018-12-14,2018-12-19,2018-12-20,1-2%,-1.453,133.7336,122.9119,stop,53.9224,7211.24,-8.092,-583.53,1
WAT,2018-11-30,2018-12-03,2018-12-21,2-3%,-2.531,198.5383,176.5224,stop,40.0925,7959.9,-11.089,-882.67,13
RTX,2018-11-27,2018-12-03,2018-12-24,3-5%,-3.368,77.9066,66.1544,stop,102.1803,7960.52,-15.085,-1200.84,14
FICO,2018-12-14,2018-12-19,2018-12-24,1-2%,-1.758,188.5484,173.291,stop,38.2547,7212.86,-8.092,-583.66,3
TSN,2018-11-13,2018-11-14,2018-12-26,3-5%,-4.155,59.109,50.1924,stop,129.3141,7643.63,-15.085,-1153.04,27
T,2018-10-24,2018-12-03,2018-12-26,3-5%,-3.907,23.9892,20.3704,stop,332.234,7970.04,-15.085,-1202.28,15
IBKR,2018-12-21,2018-12-24,2018-12-26,5-10%,-5.647,12.7527,13.489,tp_gap_filled,529.3951,6751.24,5.773,389.77,1
JBL,2018-09-25,2018-09-26,2018-12-27,5-10%,-9.408,27.2772,24.2757,time_exit,293.1097,7995.23,-11.004,-879.78,63
BAC,2018-12-24,2018-12-26,2018-12-27,2-3%,-2.61,22.7828,23.3466,tp_gap_filled,305.8858,6968.92,2.475,172.48,1
APO,2018-12-24,2018-12-26,2018-12-27,2-3%,-2.442,23.1932,23.7262,tp_gap_filled,301.3483,6989.22,2.298,160.64,1
XOM,2018-12-24,2018-12-26,2018-12-27,1-2%,-1.835,66.9369,68.0519,tp_gap_filled,104.7048,7008.61,1.666,116.75,1
IR,2018-12-19,2018-12-21,2018-12-28,2-3%,-2.913,20.02,20.5794,tp_gap_filled,344.6475,6899.84,2.794,192.8,4
IBKR,2018-12-26,2018-12-27,2018-12-28,1-2%,-1.224,12.7202,12.8521,tp_gap_filled,553.5142,7040.82,1.037,73.02,1
RTX,2018-12-27,2018-12-28,2018-12-31,3-5%,-3.217,64.6335,66.6482,tp_gap_filled,109.0497,7048.26,3.117,219.7,1
WDC,2018-12-27,2018-12-28,2018-12-31,2-3%,-2.735,27.1776,27.8859,tp_gap_filled,259.6741,7057.31,2.606,183.94,1
WYNN,2018-12-27,2018-12-28,2018-12-31,2-3%,-2.711,96.6365,99.1308,tp_gap_filled,73.1091,7065.01,2.581,182.35,1
WY,2019-01-02,2019-01-03,2019-01-04,3-5%,-3.477,21.1211,21.8381,tp_gap_filled,330.0108,6970.19,3.395,236.63,1
MU,2018-12-19,2018-12-20,2019-01-07,5-10%,-7.183,31.6917,34.0759,tp_gap_filled,222.8744,7063.26,7.523,531.38,10
CVNA,2018-12-27,2018-12-28,2019-01-07,3-5%,-3.764,6.5005,6.7413,tp_gap_filled,1085.4551,7055.99,3.704,261.33,5
AMGN,2018-12-14,2018-12-31,2019-01-07,1-2%,-1.261,195.235,197.3325,tp_gap_filled,36.6098,7147.51,1.074,76.79,4
BAX,2018-12-14,2019-01-02,2019-01-07,1-2%,-1.001,66.3463,66.883,tp_gap_filled,108.0462,7168.46,0.809,58.0,3
RCL,2018-12-20,2019-01-04,2019-01-07,3-5%,-3.296,98.6886,101.848,tp_gap_filled,72.8213,7186.63,3.201,230.08,1
ZBH,2018-12-19,2018-12-20,2019-01-08,1-2%,-1.238,101.5286,102.5963,tp_gap_filled,69.524,7058.67,1.052,74.23,11
IBKR,2019-01-04,2019-01-07,2019-01-08,2-3%,-2.783,12.7627,13.1019,tp_gap_filled,570.4857,7280.97,2.657,193.47,1
IP,2018-12-17,2019-01-07,2019-01-08,2-3%,-2.164,40.2865,41.0952,tp_gap_filled,180.981,7291.08,2.008,146.37,1
NOW,2018-12-14,2019-01-07,2019-01-08,1-2%,-1.919,36.9449,37.5924,tp_gap_filled,197.5402,7298.1,1.753,127.9,1
SMCI,2018-10-04,2018-10-08,2019-01-09,10%+,-29.159,1.5175,1.5514,time_exit,5169.9405,7845.47,2.236,175.42,63
ZBRA,2019-01-02,2019-01-07,2019-01-09,2-3%,-2.035,156.146,159.0708,tp_gap_filled,46.7065,7293.03,1.873,136.61,2
LLY,2019-01-07,2019-01-08,2019-01-09,1-2%,-1.997,112.4824,114.5453,tp_gap_filled,65.2614,7340.76,1.834,134.63,1
NI,2018-12-21,2018-12-24,2019-01-10,1-2%,-1.37,25.9459,26.2537,tp_gap_filled,260.3187,6754.21,1.186,80.13,11
AMCR,2018-12-20,2019-01-07,2019-01-10,2-3%,-2.0,46.5965,47.4525,tp_gap_filled,156.4716,7291.04,1.837,133.93,3
APH,2019-01-02,2019-01-09,2019-01-10,1-2%,-1.654,9.97,10.1174,tp_gap_filled,738.9971,7367.77,1.479,108.94,1
GNRC,2018-12-14,2019-01-09,2019-01-11,1-2%,-1.233,52.9129,53.4665,tp_gap_filled,139.3064,7371.1,1.046,77.12,2
ORCL,2019-01-09,2019-01-10,2019-01-11,2-3%,-2.59,46.6866,47.8321,tp_gap_filled,158.169,7384.38,2.454,181.18,1
BKNG,2019-01-09,2019-01-10,2019-01-14,2-3%,-2.642,65.7597,67.4093,tp_gap_filled,112.1797,7376.9,2.509,185.05,2
LULU,2019-01-10,2019-01-11,2019-01-14,3-5%,-3.654,131.161,135.864,tp_gap_filled,56.3277,7388.0,3.586,264.91,1
DLTR,2019-01-10,2019-01-11,2019-01-14,3-5%,-3.252,94.104,97.0728,tp_gap_filled,78.5388,7390.81,3.155,233.17,1
SW,2018-10-11,2018-10-12,2019-01-15,10%+,-10.796,33.3333,27.6523,time_exit,222.5276,7417.58,-17.043,-1264.17,63
BEN,2019-01-11,2019-01-14,2019-01-15,2-3%,-2.035,29.8799,30.4395,tp_gap_filled,247.8514,7405.76,1.873,138.72,1
NDAQ,2019-01-07,2019-01-08,2019-01-16,2-3%,-2.416,26.6833,27.2894,tp_gap_filled,275.1875,7342.92,2.271,166.77,6
EXPE,2019-01-09,2019-01-10,2019-01-16,2-3%,-2.83,113.7737,116.853,tp_gap_filled,64.8262,7375.52,2.707,199.62,4
CVNA,2019-01-14,2019-01-15,2019-01-16,5-10%,-6.114,6.9169,7.3526,tp_gap_filled,1074.993,7435.63,6.299,468.41,1
WYNN,2019-01-14,2019-01-16,2019-01-17,2-3%,-2.88,110.3903,113.4365,tp_gap_filled,67.5931,7461.62,2.759,205.9,1
PPG,2019-01-15,2019-01-16,2019-01-17,1-2%,-1.863,100.1601,101.858,tp_gap_filled,74.4386,7455.78,1.695,126.4,1
ICE,2019-01-07,2019-01-08,2019-01-18,3-5%,-3.106,73.3933,75.5943,tp_gap_filled,100.2425,7357.13,2.999,220.63,8
YUM,2019-01-11,2019-01-14,2019-01-18,2-3%,-2.778,89.3292,91.6982,tp_gap_filled,82.873,7402.98,2.652,196.32,4
MAS,2019-01-15,2019-01-16,2019-01-18,2-3%,-2.744,31.5815,32.4076,tp_gap_filled,236.3839,7465.37,2.615,195.26,2
FISV,2019-01-16,2019-01-17,2019-01-18,5-10%,-5.983,70.6206,74.965,tp_gap_filled,106.2414,7502.83,6.152,461.56,1
HPE,2019-01-16,2019-01-17,2019-01-18,3-5%,-4.64,13.7838,14.4256,tp_gap_filled,545.8183,7523.43,4.656,350.3,1
CSX,2019-01-17,2019-01-18,2019-01-22,2-3%,-2.172,21.3413,21.7715,tp_gap_filled,358.8889,7659.16,2.016,154.4,1
TXT,2018-10-18,2018-10-19,2019-01-23,10%+,-10.574,57.9879,49.1208,time_exit,129.1305,7488.01,-15.291,-1145.01,63
CBOE,2019-01-07,2019-01-08,2019-01-23,2-3%,-2.908,95.5955,98.2616,tp_gap_filled,76.8959,7350.9,2.789,205.02,10
WDC,2019-01-14,2019-01-15,2019-01-24,5-10%,-5.346,28.6681,30.2267,tp_gap_filled,259.7353,7446.12,5.437,404.83,6
SBUX,2018-12-14,2018-12-17,2019-01-25,3-5%,-3.692,64.5044,66.8431,tp_gap_filled,112.7339,7271.84,3.626,263.65,26
PHM,2019-01-17,2019-01-18,2019-01-25,2-3%,-2.411,26.7367,27.3426,tp_gap_filled,286.5448,7661.26,2.266,173.62,4
ALB,2018-12-20,2018-12-21,2019-01-30,2-3%,-2.807,77.6376,79.7202,tp_gap_filled,88.837,6897.09,2.683,185.02,25
COO,2018-12-07,2019-01-14,2019-01-30,3-5%,-4.888,65.9384,69.1882,tp_gap_filled,112.3388,7407.44,4.929,365.09,11
LLY,2019-01-18,2019-01-22,2019-01-31,3-5%,-3.004,115.6956,119.0408,tp_gap_filled,65.5707,7586.25,2.891,219.35,7
PHM,2019-01-29,2019-01-30,2019-01-31,5-10%,-5.105,25.6756,27.003,tp_gap_filled,305.5087,7844.13,5.17,405.51,1
LMT,2019-01-29,2019-01-30,2019-01-31,2-3%,-2.348,281.3911,287.5821,tp_gap_filled,27.9612,7868.03,2.2,173.11,1
MNST,2018-12-13,2019-01-18,2019-02-01,3-5%,-3.151,13.9214,14.3456,tp_gap_filled,550.0975,7658.13,3.047,233.37,9
FFIV,2019-01-17,2019-01-18,2019-02-01,3-5%,-3.064,157.0569,161.6981,tp_gap_filled,48.7556,7657.41,2.955,226.29,9
IEX,2019-01-30,2019-01-31,2019-02-01,5-10%,-5.643,131.3812,138.9609,tp_gap_filled,60.7647,7983.34,5.769,460.58,1
PFG,2019-01-30,2019-01-31,2019-02-01,5-10%,-5.079,47.1471,49.5704,tp_gap_filled,169.7458,8003.02,5.14,411.34,1
BALL,2019-01-31,2019-02-01,2019-02-04,2-3%,-2.306,50.05,51.1288,tp_gap_filled,160.9059,8053.34,2.155,173.59,1
TRGP,2018-12-14,2019-01-09,2019-02-05,1-2%,-1.108,43.7837,44.1858,tp_gap_filled,168.3297,7370.1,0.918,67.67,18
NOC,2019-01-31,2019-02-01,2019-02-05,3-5%,-3.258,271.9417,280.5392,tp_gap_filled,29.576,8042.95,3.162,254.28,2
BRO,2019-01-29,2019-02-01,2019-02-05,2-3%,-2.575,27.2672,27.932,tp_gap_filled,295.0226,8044.45,2.438,196.13,2
FE,2019-02-04,2019-02-05,2019-02-06,1-2%,-1.625,38.1882,38.7412,tp_gap_filled,214.0918,8175.77,1.448,118.41,1
KHC,2018-11-02,2018-11-05,2019-02-07,5-10%,-7.028,52.3022,47.1828,time_exit,146.9405,7685.32,-9.788,-752.26,63
SYY,2018-11-05,2018-11-06,2019-02-08,5-10%,-8.963,64.9649,66.1338,time_exit,119.4763,7761.77,1.799,139.66,63
KMB,2019-01-23,2019-01-24,2019-02-08,3-5%,-3.61,111.1811,115.1148,tp_gap_filled,68.9124,7661.76,3.538,271.08,11
APA,2019-02-04,2019-02-05,2019-02-08,1-2%,-1.991,32.032,29.44,stop,254.9026,8165.04,-8.092,-660.72,3
PYPL,2019-01-31,2019-02-01,2019-02-11,3-5%,-3.679,89.109,92.3276,tp_gap_filled,90.214,8038.88,3.612,290.36,6
ANET,2019-01-28,2019-02-05,2019-02-11,1-2%,-1.654,13.9827,14.1895,tp_gap_filled,584.6654,8175.21,1.479,120.92,4
MRVL,2019-02-07,2019-02-08,2019-02-11,5-10%,-5.567,17.998,19.021,tp_gap_filled,448.3598,8069.57,5.684,458.66,1
ISRG,2019-01-25,2019-01-31,2019-02-12,3-5%,-3.753,172.172,178.528,tp_gap_filled,46.6268,8027.83,3.692,296.36,8
TRMB,2019-02-07,2019-02-08,2019-02-12,5-10%,-9.521,35.1952,38.8211,tp_gap_filled,228.3126,8035.5,10.302,827.86,2
FCX,2019-01-24,2019-01-25,2019-02-13,5-10%,-6.824,11.4815,12.2977,tp_gap_filled,677.2815,7776.19,7.109,552.81,13
IT,2019-02-05,2019-02-06,2019-02-15,5-10%,-9.864,129.2491,143.1068,tp_gap_filled,63.0475,8148.84,10.722,873.69,7
EXC,2019-02-08,2019-02-11,2019-02-15,3-5%,-4.093,32.9573,34.2952,tp_gap_filled,247.3215,8151.05,4.059,330.89,4
PGR,2018-11-14,2019-02-12,2019-02-15,3-5%,-3.157,69.3993,71.5184,tp_gap_filled,119.0733,8263.61,3.053,252.33,3
GILD,2019-02-12,2019-02-13,2019-02-15,3-5%,-4.2,64.8448,67.5524,tp_gap_filled,128.6962,8345.27,4.176,348.46,2
MAR,2018-11-30,2018-12-03,2019-02-19,5-10%,-6.763,113.7136,121.7182,tp_gap_filled,69.9099,7949.7,7.039,559.6,51
SWK,2019-01-22,2019-01-23,2019-02-19,10%+,-12.405,120.0199,136.7431,tp_gap_filled,63.7053,7645.91,13.934,1065.36,18
SHW,2018-10-09,2018-12-03,2019-02-20,3-5%,-3.419,142.6191,147.3725,tp_gap_filled,55.8788,7969.39,3.333,265.61,52
MET,2019-02-07,2019-02-12,2019-02-20,2-3%,-2.965,43.9039,45.1548,tp_gap_filled,188.2071,8263.02,2.849,235.44,5
NTAP,2018-11-15,2018-11-16,2019-02-21,5-10%,-8.997,71.081,65.3746,time_exit,109.3368,7771.77,-8.028,-623.92,63
DELL,2018-12-24,2018-12-27,2019-02-25,10%+,-20.666,22.8953,28.8017,tp_gap_filled,307.8203,7047.65,25.797,1818.1,39
WST,2019-02-14,2019-02-15,2019-02-25,3-5%,-4.941,100.7106,105.7342,tp_gap_filled,83.6057,8419.98,4.988,420.0,5
AIG,2019-02-14,2019-02-15,2019-02-25,3-5%,-4.731,42.1321,44.1358,tp_gap_filled,199.9662,8424.99,4.756,400.68,5
TGT,2018-11-20,2018-11-21,2019-02-26,10%+,-12.598,68.058,72.2177,time_exit,111.9471,7618.9,6.112,465.67,63
GIS,2019-02-22,2019-02-25,2019-02-26,3-5%,-4.92,44.6846,46.9031,tp_gap_filled,192.356,8595.36,4.965,426.72,1
SJM,2019-02-22,2019-02-26,2019-02-27,3-5%,-4.28,102.3022,106.6632,tp_gap_filled,84.0719,8600.74,4.263,366.64,1
TTD,2019-02-25,2019-02-26,2019-02-27,2-3%,-2.099,19.3774,19.7532,tp_gap_filled,444.6771,8616.67,1.94,167.14,1
LNT,2019-02-22,2019-02-25,2019-02-28,1-2%,-1.885,44.8148,45.5844,tp_gap_filled,192.0665,8607.42,1.717,147.81,3
ALLE,2019-02-19,2019-02-20,2019-03-01,3-5%,-3.757,88.2081,91.4684,tp_gap_filled,96.5139,8513.31,3.696,314.67,7
QCOM,2019-01-23,2019-02-20,2019-03-01,2-3%,-2.523,52.9729,54.2357,tp_gap_filled,160.6871,8512.06,2.384,202.91,7
WBD,2019-02-26,2019-02-27,2019-03-01,3-5%,-3.766,28.1381,29.1808,tp_gap_filled,307.1176,8641.71,3.706,320.22,2
LITE,2018-11-12,2018-11-28,2019-03-04,10%+,-21.323,44.064,50.7092,time_exit,176.648,7783.82,15.081,1173.86,63
KDP,2019-02-28,2019-03-01,2019-03-07,3-5%,-4.788,25.6756,26.9131,tp_gap_filled,337.8302,8674.01,4.819,418.03,4
COST,2018-12-14,2019-02-19,2019-03-08,3-5%,-3.757,218.218,226.2835,tp_gap_filled,38.7711,8460.55,3.696,312.71,13
MKC,2019-01-24,2019-01-25,2019-03-11,10%+,-13.532,60.1551,69.4305,tp_gap_filled,129.2126,7772.8,15.419,1198.5,30
GE,2019-03-06,2019-03-07,2019-03-11,5-10%,-6.37,46.1992,49.2438,tp_gap_filled,184.4307,8520.56,6.59,561.51,2
AMD,2019-03-08,2019-03-11,2019-03-12,3-5%,-3.306,21.3714,22.0579,tp_gap_filled,404.9698,8654.75,3.213,278.04,1
MRVL,2019-03-08,2019-03-11,2019-03-12,2-3%,-2.713,18.6686,19.1508,tp_gap_filled,465.3213,8686.92,2.583,224.37,1
JKHY,2019-02-06,2019-02-07,2019-03-13,3-5%,-4.934,129.2191,135.6542,tp_gap_filled,62.2242,8040.55,4.98,400.42,23
BR,2019-02-07,2019-02-11,2019-03-13,3-5%,-3.564,99.9498,103.4365,tp_gap_filled,81.6921,8165.11,3.488,284.83,21
AMZN,2019-02-01,2019-02-04,2019-03-15,3-5%,-4.646,82.0259,85.8506,tp_gap_filled,99.3758,8151.4,4.663,380.07,28
ALGN,2019-03-05,2019-03-12,2019-03-15,3-5%,-4.436,245.1849,256.0537,tp_gap_filled,35.4868,8700.82,4.433,385.7,3
HPE,2019-03-12,2019-03-13,2019-03-15,3-5%,-3.398,15.3654,15.8741,tp_gap_filled,569.7092,8753.78,3.311,289.85,2
OKE,2019-02-26,2019-03-04,2019-03-18,2-3%,-2.203,66.2262,67.5824,tp_gap_filled,130.275,8627.61,2.048,176.68,10
SMCI,2019-03-14,2019-03-15,2019-03-18,2-3%,-2.98,1.9229,1.978,tp_gap_filled,4551.9382,8753.02,2.865,250.81,1
MS,2019-01-17,2019-01-18,2019-03-19,3-5%,-4.585,42.4925,44.4455,tp_gap_filled,179.9697,7647.36,4.596,351.49,40
MDLZ,2019-02-22,2019-02-25,2019-03-19,2-3%,-2.004,47.4874,48.3616,tp_gap_filled,181.3097,8609.93,1.841,158.49,16
ZBRA,2019-03-18,2019-03-19,2019-03-20,1-2%,-1.85,207.6975,211.1886,tp_gap_filled,42.5397,8835.4,1.681,148.51,1
SMCI,2019-03-19,2019-03-20,2019-03-21,1-2%,-1.281,2.006,2.028,tp_gap_filled,4374.8627,8775.99,1.095,96.1,1
ADBE,2019-03-15,2019-03-18,2019-03-26,3-5%,-3.609,258.288,267.4223,tp_gap_filled,34.1288,8815.07,3.536,311.74,6
DG,2019-03-14,2019-03-15,2019-03-27,5-10%,-7.491,111.7516,120.5593,tp_gap_filled,78.1952,8738.44,7.881,688.72,8
FDX,2019-03-20,2019-03-21,2019-03-29,3-5%,-4.774,139.3415,146.0343,tp_gap_filled,63.8494,8896.87,4.803,427.33,6
NCLH,2019-03-26,2019-03-27,2019-04-01,3-5%,-3.371,53.3633,55.1148,tp_gap_filled,164.3708,8771.37,3.282,287.9,3
DIS,2019-03-18,2019-03-19,2019-04-05,1-2%,-1.679,113.143,114.845,tp_gap_filled,78.203,8848.12,1.504,133.1,13
AXON,2019-02-27,2019-02-28,2019-04-08,5-10%,-7.904,55.5155,60.1598,tp_gap_filled,155.2737,8620.09,8.366,721.14,27
AMCR,2019-04-05,2019-04-08,2019-04-09,2-3%,-2.256,54.2042,55.3446,tp_gap_filled,168.229,9118.71,2.104,191.86,1
HWM,2019-01-22,2019-01-23,2019-04-11,10%+,-17.896,12.8196,15.5826,tp_gap_filled,594.0563,7615.54,21.553,1641.38,55
CAT,2019-02-26,2019-02-27,2019-04-12,3-5%,-3.451,136.6665,141.2686,tp_gap_filled,63.2885,8649.42,3.367,291.26,32
WM,2019-04-11,2019-04-12,2019-04-15,2-3%,-2.691,100.2602,102.8271,tp_gap_filled,91.3137,9155.13,2.56,234.39,1
BDX,2019-03-18,2019-03-29,2019-04-17,1-2%,-1.839,191.3631,175.878,stop,46.5825,8914.17,-8.092,-721.33,13
NKE,2019-03-22,2019-04-01,2019-04-17,3-5%,-3.193,85.2852,87.922,tp_gap_filled,105.7961,9022.84,3.092,278.96,12
MU,2019-04-08,2019-04-09,2019-04-17,2-3%,-2.632,42.2222,43.2767,tp_gap_filled,214.627,9062.02,2.498,226.32,6
SNA,2019-02-07,2019-02-11,2019-04-18,5-10%,-6.468,155.0349,165.4244,tp_gap_filled,52.5721,8150.51,6.701,546.2,47
HSIC,2019-02-20,2019-02-21,2019-04-23,5-10%,-6.497,59.069,63.0469,tp_gap_filled,143.5965,8482.1,6.734,571.21,42
WTW,2019-03-06,2019-03-12,2019-04-24,5-10%,-5.521,172.162,181.858,tp_gap_filled,50.5597,8704.47,5.632,490.23,30
IP,2019-04-16,2019-04-17,2019-04-30,3-5%,-4.524,42.6089,44.5387,tp_gap_filled,212.0607,9035.66,4.529,409.25,8
CNP,2019-02-28,2019-03-01,2019-05-03,3-5%,-3.113,30.2202,31.1288,tp_gap_filled,287.4849,8687.85,3.007,261.22,44
TPR,2019-02-07,2019-02-08,2019-05-10,10%+,-14.22,33.7537,32.2178,time_exit,238.0251,8034.23,-4.551,-365.6,63
XYZ,2019-02-28,2019-03-01,2019-05-10,3-5%,-4.286,75.9959,64.5319,stop,114.2099,8679.49,-15.085,-1309.3,49
FISV,2019-05-09,2019-05-10,2019-05-15,3-5%,-4.109,81.9919,85.3346,tp_gap_filled,109.1617,8950.38,4.077,364.89,3
RMD,2019-01-25,2019-02-15,2019-05-17,10%+,-14.399,100.5104,112.6672,time_exit,83.6834,8411.06,12.095,1017.32,63
MGM,2019-02-14,2019-02-15,2019-05-17,5-10%,-5.645,27.6076,25.8641,time_exit,304.6556,8410.8,-6.315,-531.16,63
DD,2019-01-31,2019-02-19,2019-05-20,5-10%,-8.114,97.4097,82.351,time_exit,86.8502,8460.04,-15.459,-1307.85,63
NVDA,2019-04-26,2019-04-30,2019-05-20,3-5%,-3.317,4.5223,3.8401,stop,2018.3009,9127.3,-15.085,-1376.85,14
BDX,2019-05-09,2019-05-10,2019-05-21,3-5%,-3.172,172.7143,178.0163,tp_gap_filled,51.9242,8968.05,3.07,275.3,7
SO,2019-05-17,2019-05-20,2019-05-21,1-2%,-1.831,53.1231,54.0059,tp_gap_filled,164.9081,8760.43,1.662,145.59,1
TXN,2019-05-20,2019-05-21,2019-05-22,3-5%,-3.465,103.1931,106.6832,tp_gap_filled,85.683,8841.89,3.382,299.04,1
CPRT,2019-05-17,2019-05-20,2019-05-23,1-2%,-1.774,16.4865,16.7507,tp_gap_filled,531.8493,8768.32,1.603,140.55,3
AIZ,2019-03-14,2019-03-15,2019-05-28,3-5%,-3.979,97.3472,101.1787,tp_gap_filled,89.8516,8746.81,3.936,344.26,50
PHM,2019-05-22,2019-05-23,2019-05-28,2-3%,-2.138,31.6116,32.2377,tp_gap_filled,274.4497,8675.79,1.981,171.85,2
PANW,2019-05-13,2019-05-21,2019-05-30,2-3%,-2.686,38.1448,33.9149,stop,232.2258,8858.2,-11.089,-982.29,6
ABBV,2019-04-12,2019-04-15,2019-06-03,1-2%,-1.345,80.7507,74.2163,stop,113.1884,9140.04,-8.092,-739.61,33
TRGP,2019-05-29,2019-05-30,2019-06-03,1-2%,-1.726,38.7487,39.3506,tp_gap_filled,220.4107,8540.63,1.553,132.67,2
HAS,2019-05-13,2019-05-17,2019-06-04,2-3%,-2.155,98.6185,100.5893,tp_gap_filled,89.2806,8804.72,1.998,175.95,11
ROST,2019-05-24,2019-05-28,2019-06-04,2-3%,-2.042,92.6726,94.4155,tp_gap_filled,93.0348,8621.77,1.881,162.15,5
ALGN,2019-05-31,2019-06-03,2019-06-04,5-10%,-6.337,278.1579,296.3833,tp_gap_filled,30.4488,8469.58,6.552,554.94,1
EVRG,2019-02-22,2019-03-13,2019-06-05,3-5%,-4.777,57.067,59.8101,tp_gap_filled,153.4132,8754.83,4.807,420.83,58
TDY,2019-05-13,2019-05-17,2019-06-05,2-3%,-2.04,243.273,247.8419,tp_gap_filled,36.1658,8798.16,1.878,165.24,12
CMI,2019-05-31,2019-06-04,2019-06-05,2-3%,-2.29,155.0549,158.3715,tp_gap_filled,56.3672,8740.01,2.139,186.95,1
IFF,2019-02-14,2019-04-23,2019-06-06,5-10%,-5.468,137.4173,145.0748,tp_gap_filled,65.9848,9067.45,5.572,505.28,31
KR,2019-03-07,2019-03-08,2019-06-07,10%+,-12.271,24.975,23.9061,time_exit,342.0319,8542.23,-4.28,-365.59,63
XYZ,2019-05-23,2019-05-28,2019-06-07,2-3%,-2.122,65.1151,66.3935,tp_gap_filled,132.3367,8617.11,1.963,169.19,8
CLX,2019-05-01,2019-06-04,2019-06-07,3-5%,-3.844,153.7436,159.5703,tp_gap_filled,56.8654,8742.7,3.79,331.34,3
CMG,2019-05-23,2019-06-06,2019-06-07,3-5%,-3.405,13.6536,14.1067,tp_gap_filled,648.4309,8853.44,3.318,293.76,1
TFC,2019-05-13,2019-05-22,2019-06-10,1-2%,-1.845,48.9889,49.8101,tp_gap_filled,179.4961,8793.32,1.676,147.4,12
AMAT,2019-05-20,2019-06-07,2019-06-10,2-3%,-2.108,41.8418,42.6573,tp_gap_filled,212.7794,8903.07,1.949,173.52,1
LRCX,2019-05-20,2019-06-07,2019-06-11,2-3%,-2.843,18.8829,19.3966,tp_gap_filled,471.7671,8908.31,2.721,242.36,2
GILD,2019-05-28,2019-06-07,2019-06-12,2-3%,-2.362,65.3753,66.8231,tp_gap_filled,136.1867,8903.25,2.215,197.17,3
FERG,2019-06-04,2019-06-05,2019-06-13,5-10%,-6.2,65.1151,69.2806,tp_gap_filled,135.1635,8801.18,6.397,563.04,6
KEYS,2019-05-17,2019-06-12,2019-06-13,1-2%,-1.42,84.064,85.1048,tp_gap_filled,106.2125,8928.65,1.238,110.55,1
HPQ,2019-02-28,2019-03-18,2019-06-17,10%+,-15.933,20.07,19.8801,time_exit,439.3465,8817.71,-0.946,-83.45,63
TTD,2019-06-12,2019-06-13,2019-06-17,3-5%,-4.796,23.7637,24.9111,tp_gap_filled,379.4422,9016.97,4.828,435.34,2
XYL,2019-05-06,2019-06-10,2019-06-18,1-2%,-1.92,80.7907,82.2077,tp_gap_filled,110.8728,8957.49,1.754,157.11,6
TXN,2019-06-14,2019-06-17,2019-06-18,3-5%,-3.904,106.9468,111.0688,tp_gap_filled,84.2107,9006.07,3.854,347.12,1
TROW,2019-06-14,2019-06-17,2019-06-18,3-5%,-3.233,102.7627,105.9839,tp_gap_filled,87.6302,9005.11,3.135,282.28,1
HII,2019-05-02,2019-06-05,2019-06-20,3-5%,-3.384,215.8056,222.9169,tp_gap_filled,40.7774,8799.98,3.295,289.98,11
CSCO,2019-06-12,2019-06-13,2019-06-20,1-2%,-1.856,56.106,57.0529,tp_gap_filled,161.0254,9034.5,1.688,152.47,5
BIIB,2019-03-21,2019-03-26,2019-06-25,10%+,-28.235,230.3001,240.0497,time_exit,38.2405,8806.8,4.233,372.83,63
FFIV,2019-06-14,2019-06-18,2019-06-28,3-5%,-3.225,140.5904,144.9849,tp_gap_filled,64.6002,9082.18,3.126,283.88,8
AVY,2019-04-24,2019-06-10,2019-07-01,2-3%,-2.776,112.8928,115.884,tp_gap_filled,79.3579,8958.93,2.65,237.38,15
LRCX,2019-06-12,2019-06-18,2019-07-01,3-5%,-3.449,18.3553,18.973,tp_gap_filled,495.2176,9089.89,3.365,305.88,9
DVA,2019-05-08,2019-06-25,2019-07-01,3-5%,-4.152,54.3042,56.5434,tp_gap_filled,166.8291,9059.53,4.123,373.56,4
MKC,2019-06-27,2019-06-28,2019-07-01,3-5%,-3.074,73.073,75.2397,tp_gap_filled,126.1446,9217.77,2.965,273.32,1
LYV,2019-06-28,2019-07-01,2019-07-02,2-3%,-2.884,65.065,66.8631,tp_gap_filled,142.8357,9293.6,2.763,256.83,1
AMCR,2019-05-31,2019-06-03,2019-07-03,3-5%,-4.619,55.8058,58.3916,tp_gap_filled,151.9098,8477.44,4.634,392.81,22
NEM,2019-07-01,2019-07-02,2019-07-03,2-3%,-2.184,37.6676,38.4315,tp_gap_filled,246.4025,9281.4,2.028,188.23,1
TSLA,2019-04-04,2019-04-05,2019-07-08,10%+,-10.253,17.4768,15.3406,time_exit,520.8179,9102.23,-12.223,-1112.54,63
WDC,2019-07-02,2019-07-03,2019-07-08,2-3%,-2.679,36.5596,37.4908,tp_gap_filled,257.0661,9398.23,2.547,239.39,2
PANW,2019-05-30,2019-06-05,2019-07-09,5-10%,-5.675,33.8838,35.8508,tp_gap_filled,259.9719,8808.85,5.805,511.35,23
LITE,2019-05-15,2019-07-01,2019-07-09,2-3%,-2.127,56.1861,49.9557,stop,165.6737,9308.57,-11.089,-1032.23,5
NEM,2019-07-05,2019-07-08,2019-07-09,2-3%,-2.296,37.9079,38.7212,tp_gap_filled,245.3814,9301.89,2.146,199.59,1
APO,2019-07-05,2019-07-08,2019-07-09,1-2%,-1.683,35.0951,35.6243,tp_gap_filled,265.1819,9306.57,1.508,140.36,1
LRCX,2019-07-08,2019-07-09,2019-07-10,2-3%,-2.418,17.9379,18.3456,tp_gap_filled,518.7119,9304.61,2.273,211.49,1
DVA,2019-07-09,2019-07-10,2019-07-11,5-10%,-5.314,52.6126,55.4545,tp_gap_filled,177.0033,9312.6,5.402,503.03,1
PNR,2019-04-09,2019-04-11,2019-07-12,10%+,-11.357,40.1601,37.922,time_exit,227.013,9116.87,-5.573,-508.07,63
MSCI,2019-07-08,2019-07-09,2019-07-12,2-3%,-2.278,237.0068,242.0477,tp_gap_filled,39.2993,9314.21,2.127,198.11,3
ODFL,2019-07-11,2019-07-12,2019-07-15,1-2%,-1.592,46.8134,47.4758,tp_gap_filled,202.5279,9481.03,1.415,134.15,1
CRM,2019-06-10,2019-06-11,2019-07-16,3-5%,-4.83,153.6335,161.1087,tp_gap_filled,58.2657,8951.56,4.866,435.55,24
FAST,2019-07-11,2019-07-12,2019-07-16,3-5%,-4.416,14.9499,15.6094,tp_gap_filled,633.0733,9464.41,4.411,417.47,2
PKG,2019-04-16,2019-04-17,2019-07-18,5-10%,-5.477,96.0459,98.2417,time_exit,94.1849,9046.08,2.286,206.8,63
JBHT,2019-04-16,2019-04-17,2019-07-18,5-10%,-5.213,100.1,99.1308,time_exit,90.3381,9042.85,-0.968,-87.56,63
IBM,2019-04-17,2019-04-18,2019-07-18,5-10%,-5.353,131.4602,138.6184,tp_gap_filled,68.8664,9053.2,5.445,492.96,62
ADP,2019-07-02,2019-07-03,2019-07-18,3-5%,-4.033,159.8397,166.2236,tp_gap_filled,58.7198,9385.75,3.994,374.86,10
BX,2019-07-08,2019-07-09,2019-07-18,2-3%,-2.161,46.2362,47.1628,tp_gap_filled,201.4907,9316.16,2.004,186.7,7
FFIV,2019-07-08,2019-07-09,2019-07-19,5-10%,-5.303,139.9698,147.5123,tp_gap_filled,66.4115,9295.61,5.389,500.91,8
CFG,2019-07-10,2019-07-11,2019-07-19,1-2%,-1.361,35.5355,35.954,tp_gap_filled,263.1774,9352.14,1.178,110.14,6
TMO,2019-07-12,2019-07-15,2019-07-19,1-2%,-1.556,291.241,295.2544,tp_gap_filled,32.5261,9472.92,1.378,130.54,4
UNP,2019-07-17,2019-07-18,2019-07-19,2-3%,-2.369,171.171,174.9748,tp_gap_filled,55.5384,9506.56,2.222,211.26,1
DVA,2019-07-17,2019-07-18,2019-07-22,3-5%,-3.12,55.9559,57.6423,tp_gap_filled,169.7748,9499.9,3.014,286.31,2
IBKR,2019-07-18,2019-07-19,2019-07-22,3-5%,-3.605,11.8443,12.2627,tp_gap_filled,800.4811,9481.17,3.532,334.91,1
BIIB,2019-06-28,2019-07-01,2019-07-23,1-2%,-1.785,235.7255,239.5302,tp_gap_filled,39.4261,9293.74,1.614,150.01,15
DGX,2019-07-15,2019-07-16,2019-07-23,2-3%,-2.505,100.5004,102.877,tp_gap_filled,94.7401,9521.42,2.365,225.16,5
TXN,2019-07-16,2019-07-18,2019-07-23,1-2%,-1.118,118.6185,119.7202,tp_gap_filled,80.214,9514.87,0.929,88.37,3
NWSA,2019-07-19,2019-07-22,2019-07-23,1-2%,-1.431,13.1031,13.2667,tp_gap_filled,724.3754,9491.56,1.249,118.53,1
NEM,2019-07-19,2019-07-22,2019-07-23,1-2%,-1.058,39.3193,39.6603,tp_gap_filled,241.5416,9497.24,0.867,82.37,1
WAT,2019-04-23,2019-04-24,2019-07-24,10%+,-15.968,202.7526,218.2815,time_exit,44.6682,9056.6,7.659,693.65,63
APTV,2019-05-02,2019-05-03,2019-07-24,10%+,-10.318,75.085,83.5564,tp_gap_filled,121.8367,9148.11,11.282,1032.12,56
SWK,2019-05-06,2019-06-20,2019-07-24,3-5%,-4.318,146.6165,152.9269,tp_gap_filled,62.753,9200.63,4.304,396.0,23
KEYS,2019-07-22,2019-07-23,2019-07-24,2-3%,-2.104,85.7056,87.3725,tp_gap_filled,112.2339,9619.08,1.945,187.08,1
CRWD,2019-07-22,2019-07-23,2019-07-24,1-2%,-1.497,20.5881,20.8591,tp_gap_filled,468.0541,9636.33,1.317,126.87,1
UPS,2019-04-25,2019-07-24,2019-07-25,3-5%,-4.23,109.6996,114.3156,tp_gap_filled,88.7858,9739.77,4.208,409.83,1
PCAR,2019-07-23,2019-07-24,2019-07-25,3-5%,-3.109,44.718,46.0606,tp_gap_filled,218.6095,9775.78,3.002,293.5,1
CCI,2019-07-18,2019-07-19,2019-07-29,3-5%,-4.794,125.4353,131.4884,tp_gap_filled,75.5847,9481.0,4.826,457.52,6
TPL,2019-07-24,2019-07-25,2019-07-30,5-10%,-6.419,78.4784,83.694,tp_gap_filled,123.9681,9728.82,6.646,646.57,3
MPWR,2019-05-03,2019-07-18,2019-08-01,5-10%,-6.948,145.4653,156.0138,tp_gap_filled,65.2965,9498.38,7.252,688.78,10
PH,2019-05-06,2019-07-23,2019-08-01,2-3%,-2.419,175.6755,179.6702,tp_gap_filled,54.7391,9616.33,2.274,218.66,7
IVZ,2019-05-13,2019-05-15,2019-08-05,3-5%,-3.233,20.6706,17.5525,stop,428.7695,8862.94,-15.085,-1336.98,56
BRK-B,2019-05-06,2019-07-01,2019-08-05,1-2%,-1.789,214.9047,197.5146,stop,43.2487,9294.35,-8.092,-752.1,24
STZ,2019-05-24,2019-07-18,2019-08-05,1-2%,-1.799,202.7025,186.2998,stop,46.9412,9515.11,-8.092,-769.96,12
MS,2019-05-13,2019-07-23,2019-08-05,2-3%,-2.46,45.2452,40.228,stop,212.5722,9617.87,-11.089,-1066.53,9
DOC,2019-08-02,2019-08-05,2019-08-06,1-2%,-1.008,32.4524,32.7172,tp_gap_filled,282.6144,9171.52,0.816,74.85,1
CHRW,2019-07-31,2019-08-01,2019-08-08,3-5%,-3.551,81.8418,84.6852,tp_gap_filled,115.981,9492.09,3.474,329.79,5
CRWD,2019-08-05,2019-08-06,2019-08-08,5-10%,-5.306,20.8558,21.9805,tp_gap_filled,443.3552,9246.54,5.393,498.63,2
TTD,2019-08-05,2019-08-06,2019-08-08,3-5%,-4.207,25.025,26.0719,tp_gap_filled,369.8945,9256.61,4.183,387.24,2
NOW,2019-08-05,2019-08-06,2019-08-08,3-5%,-4.081,51.053,53.1188,tp_gap_filled,181.3724,9259.61,4.046,374.68,2
AMD,2019-07-31,2019-08-08,2019-08-09,5-10%,-5.285,32.1121,33.8361,tp_gap_filled,296.9216,9534.77,5.369,511.91,1
STX,2019-08-02,2019-08-05,2019-08-13,5-10%,-8.733,42.2622,46.2137,tp_gap_filled,216.4569,9147.95,9.35,855.33,6
PHM,2019-07-23,2019-07-30,2019-08-23,3-5%,-4.122,32.1321,33.4465,tp_gap_filled,303.5912,9755.02,4.091,399.05,18
SJM,2019-06-06,2019-06-07,2019-08-27,3-5%,-4.263,120.0399,101.9319,stop,74.0727,8891.68,-15.085,-1341.31,56
ADSK,2019-08-14,2019-08-27,2019-08-28,2-3%,-2.167,148.6685,132.1827,stop,61.6318,9162.71,-11.089,-1016.05,1
LOW,2019-05-22,2019-06-18,2019-08-29,5-10%,-8.866,101.3512,110.9889,tp_gap_filled,89.7774,9099.05,9.509,865.24,51
DE,2019-08-23,2019-08-26,2019-08-29,2-3%,-2.813,151.151,155.2146,tp_gap_filled,61.2661,9260.43,2.688,248.96,3
CNC,2019-06-03,2019-06-04,2019-09-03,5-10%,-7.359,53.5535,46.0939,time_exit,163.1927,8739.54,-13.929,-1217.36,63
RL,2019-08-14,2019-08-29,2019-09-05,3-5%,-3.779,89.9699,93.3166,tp_gap_filled,104.0802,9364.08,3.72,348.33,4
GEN,2019-07-15,2019-07-16,2019-09-06,10%+,-13.962,22.022,25.5444,tp_gap_filled,430.8453,9488.07,15.995,1517.62,37
ADSK,2019-08-28,2019-08-29,2019-09-06,10%+,-12.503,131.5614,150.0598,tp_gap_filled,70.8783,9324.85,14.061,1311.13,5
GRMN,2019-05-01,2019-06-20,2019-09-09,3-5%,-4.362,82.082,85.6543,tp_gap_filled,112.1141,9202.55,4.352,400.5,55
BBY,2019-08-29,2019-09-05,2019-09-09,5-10%,-5.391,65.3453,68.931,tp_gap_filled,146.592,9579.09,5.487,525.64,2
SWK,2019-08-23,2019-09-06,2019-09-09,1-2%,-1.06,137.3472,138.5413,tp_gap_filled,70.4221,9672.27,0.869,84.09,1
AXP,2019-07-19,2019-07-23,2019-09-10,1-2%,-1.246,126.9268,116.6559,stop,76.1226,9662.0,-8.092,-781.85,34
WSM,2019-08-29,2019-09-09,2019-09-10,3-5%,-3.329,33.2782,34.3556,tp_gap_filled,293.1958,9757.04,3.237,315.88,1
EQT,2019-09-06,2019-09-09,2019-09-10,2-3%,-2.385,10.6506,10.8891,tp_gap_filled,916.4087,9760.34,2.239,218.53,1
BAC,2019-08-05,2019-09-09,2019-09-11,2-3%,-2.893,28.5585,29.3506,tp_gap_filled,341.7234,9759.12,2.774,270.68,2
FOXA,2019-09-09,2019-09-10,2019-09-11,2-3%,-2.454,33.4234,34.1958,tp_gap_filled,294.5966,9846.42,2.311,227.54,1
PCG,2019-09-09,2019-09-10,2019-09-11,2-3%,-2.061,9.99,10.1798,tp_gap_filled,986.9218,9859.33,1.9,187.35,1
PWR,2019-08-01,2019-09-10,2019-09-11,2-3%,-2.031,36.6967,37.3826,tp_gap_filled,269.8947,9904.23,1.869,185.13,1
TTD,2019-09-10,2019-09-11,2019-09-12,2-3%,-2.509,20.8518,21.3456,tp_gap_filled,478.8307,9984.5,2.368,236.45,1
LLY,2019-09-10,2019-09-11,2019-09-12,2-3%,-2.431,108.4784,110.9589,tp_gap_filled,92.1118,9992.14,2.287,228.49,1
NOW,2019-09-10,2019-09-11,2019-09-12,1-2%,-1.653,50.1441,50.8851,tp_gap_filled,199.5635,10006.93,1.478,147.87,1
URI,2019-07-18,2019-07-24,2019-09-13,5-10%,-6.077,123.6235,131.3585,tp_gap_filled,78.6901,9727.94,6.257,608.67,36
WAB,2019-08-08,2019-09-11,2019-09-13,2-3%,-2.735,73.3232,75.2347,tp_gap_filled,136.0655,9976.76,2.607,260.08,2
DVA,2019-09-11,2019-09-12,2019-09-13,1-2%,-1.914,60.5405,61.5983,tp_gap_filled,165.5188,10020.59,1.747,175.1,1
FANG,2019-08-01,2019-08-13,2019-09-16,3-5%,-3.606,99.7997,103.3266,tp_gap_filled,95.4513,9526.01,3.534,336.64,23
DVN,2019-09-12,2019-09-13,2019-09-16,3-5%,-3.364,24.1541,24.945,tp_gap_filled,414.9685,10023.2,3.274,328.2,1
HAL,2019-09-12,2019-09-13,2019-09-16,2-3%,-2.943,19.4795,20.0299,tp_gap_filled,515.5279,10042.21,2.826,283.79,1
BALL,2019-09-10,2019-09-12,2019-09-17,1-2%,-1.532,73.9939,74.9949,tp_gap_filled,135.2917,10010.76,1.353,135.43,3
NEE,2019-09-05,2019-09-06,2019-09-18,2-3%,-2.204,54.8498,55.974,tp_gap_filled,176.3113,9670.64,2.05,198.2,8
BKR,2019-09-11,2019-09-16,2019-09-23,3-5%,-3.567,23.2732,24.0859,tp_gap_filled,431.5734,10044.11,3.492,350.71,5
PGR,2019-09-13,2019-09-16,2019-09-24,3-5%,-4.508,73.5835,76.903,tp_gap_filled,136.5166,10045.37,4.511,453.17,6
PCG,2019-09-20,2019-09-23,2019-09-24,5-10%,-9.836,11.011,12.1878,tp_gap_filled,909.6093,10015.71,10.687,1070.43,1
PM,2019-08-27,2019-08-28,2019-09-25,3-5%,-3.384,75.1751,77.6523,tp_gap_filled,122.528,9211.05,3.295,303.52,19
ITW,2019-09-23,2019-09-24,2019-09-26,3-5%,-3.799,149.3192,154.9049,tp_gap_filled,66.5699,9940.16,3.741,371.84,2
IBKR,2019-09-23,2019-09-24,2019-09-26,3-5%,-3.394,12.6076,13.0245,tp_gap_filled,789.1919,9949.81,3.306,328.99,2
NVR,2019-09-23,2019-09-25,2019-09-26,1-2%,-1.699,3577.0735,3631.6148,tp_gap_filled,2.8163,10074.18,1.525,153.61,1
DVN,2019-09-25,2019-09-26,2019-09-27,1-2%,-1.82,24.2943,24.6953,tp_gap_filled,414.542,10070.99,1.651,166.24,1
VLO,2019-09-16,2019-09-17,2019-09-30,3-5%,-4.116,82.092,85.4445,tp_gap_filled,122.6121,10065.47,4.084,411.05,9
TXT,2019-07-17,2019-09-16,2019-10-02,2-3%,-2.832,52.5525,46.725,stop,191.3457,10055.7,-11.089,-1115.08,12
LH,2019-07-25,2019-09-12,2019-10-03,1-2%,-1.533,150.8122,138.6085,stop,66.4309,10018.6,-8.092,-810.7,15
DDOG,2019-10-02,2019-10-03,2019-10-04,2-3%,-2.285,31.6816,32.3576,tp_gap_filled,310.3852,9833.52,2.134,209.81,1
PODD,2019-10-03,2019-10-04,2019-10-07,3-5%,-4.463,150.4403,157.1527,tp_gap_filled,65.9909,9927.69,4.462,442.96,1
ORCL,2019-09-12,2019-09-13,2019-10-11,3-5%,-3.464,54.3943,56.2337,tp_gap_filled,184.3784,10029.14,3.382,339.14,20
AVGO,2019-09-25,2019-09-26,2019-10-11,3-5%,-3.741,27.2022,28.2028,tp_gap_filled,369.8952,10061.95,3.678,370.12,11
DOW,2019-10-02,2019-10-03,2019-10-11,2-3%,-2.828,44.7147,45.924,tp_gap_filled,219.7707,9826.97,2.705,265.78,6
NTAP,2019-10-10,2019-10-11,2019-10-14,3-5%,-4.536,49.089,51.3186,tp_gap_filled,207.2488,10173.65,4.542,462.08,1
RCL,2019-09-26,2019-09-27,2019-10-15,3-5%,-3.082,106.3863,109.5503,tp_gap_filled,94.4556,10048.77,2.974,298.86,12
ODFL,2019-09-27,2019-09-30,2019-10-15,2-3%,-2.527,56.76,58.1152,tp_gap_filled,177.9123,10098.31,2.387,241.09,11
FCX,2019-10-14,2019-10-15,2019-10-16,3-5%,-3.665,9.2092,9.5405,tp_gap_filled,1117.4972,10291.25,3.597,370.17,1
NFLX,2019-07-18,2019-07-19,2019-10-17,10%+,-10.672,32.4084,29.3057,time_exit,292.7596,9487.86,-9.574,-908.35,63
DPZ,2019-07-16,2019-07-19,2019-10-17,5-10%,-5.787,254.5543,256.1936,time_exit,37.2208,9474.71,0.644,61.01,63
ECHO,2019-10-04,2019-10-07,2019-10-21,1-2%,-1.898,37.2472,37.8921,tp_gap_filled,266.1277,9912.51,1.731,171.62,10
INTC,2019-04-26,2019-07-24,2019-10-22,5-10%,-8.453,52.7927,51.958,time_exit,184.2444,9726.77,-1.581,-153.8,63
MCHP,2019-05-06,2019-07-24,2019-10-22,3-5%,-3.99,48.4134,48.1368,time_exit,201.6094,9760.59,-0.571,-55.76,63
RL,2019-10-18,2019-10-21,2019-10-22,1-2%,-1.998,93.2732,94.9849,tp_gap_filled,110.4857,10305.35,1.835,189.12,1
CAT,2019-07-24,2019-07-25,2019-10-23,5-10%,-5.156,131.111,135.2047,time_exit,74.4208,9757.39,3.122,304.66,63
BA,2019-10-21,2019-10-22,2019-10-23,3-5%,-3.23,333.2229,343.656,tp_gap_filled,30.7785,10256.09,3.131,321.11,1
BKR,2019-10-21,2019-10-22,2019-10-23,1-2%,-1.449,21.7818,22.0579,tp_gap_filled,471.1865,10263.27,1.268,130.12,1
TSLA,2019-07-25,2019-07-29,2019-10-24,10%+,-11.847,15.5822,17.641,tp_gap_filled,627.8233,9782.89,13.212,1292.55,62
LVS,2019-09-17,2019-09-18,2019-10-24,2-3%,-2.632,58.1281,59.5804,tp_gap_filled,173.2047,10068.05,2.498,251.54,26
EBAY,2019-09-25,2019-09-26,2019-10-24,1-2%,-1.618,38.9589,35.8064,stop,258.5645,10073.39,-8.092,-815.14,20
LMT,2019-10-22,2019-10-23,2019-10-24,2-3%,-2.954,363.363,373.6759,tp_gap_filled,28.2225,10255.01,2.838,291.06,1
SW,2019-08-07,2019-08-08,2019-10-25,10%+,-13.098,28.5585,32.7972,tp_gap_filled,334.2559,9545.86,14.842,1416.79,55
PCG,2019-10-10,2019-10-11,2019-10-25,10%+,-29.144,7.7878,5.057,stop,1304.4154,10158.5,-35.065,-3562.08,10
CSGP,2019-10-23,2019-10-24,2019-10-25,5-10%,-7.095,53.2532,57.2057,tp_gap_filled,192.7729,10265.77,7.422,761.94,1
GWW,2019-10-23,2019-10-24,2019-10-25,3-5%,-3.691,307.7074,318.8608,tp_gap_filled,33.4643,10297.21,3.625,373.24,1
MU,2019-09-27,2019-10-15,2019-10-28,5-10%,-5.556,45.9459,48.5514,tp_gap_filled,223.8892,10286.79,5.671,583.34,9
MMM,2019-10-24,2019-10-25,2019-10-28,2-3%,-2.133,138.2317,140.9626,tp_gap_filled,73.9077,10216.39,1.976,201.83,1
MRK,2019-10-22,2019-10-23,2019-10-29,2-3%,-2.982,78.3225,80.5682,tp_gap_filled,130.8703,10250.09,2.867,293.89,4
SWK,2019-10-24,2019-10-25,2019-10-29,2-3%,-2.33,150.2001,153.4764,tp_gap_filled,67.9925,10212.48,2.181,222.77,2
CRL,2019-07-31,2019-08-01,2019-10-30,3-5%,-3.579,136.1961,132.4274,time_exit,69.7528,9500.06,-2.767,-262.87,63
SCHW,2019-10-01,2019-10-15,2019-11-01,3-5%,-4.853,39.8398,41.7882,tp_gap_filled,258.3483,10292.54,4.891,503.36,13
PCG,2019-10-25,2019-10-30,2019-11-04,10%+,-16.528,6.016,7.1928,tp_gap_filled,1718.4332,10338.11,19.561,2022.23,3
TYL,2019-10-31,2019-11-01,2019-11-04,5-10%,-8.969,245.245,268.8709,tp_gap_filled,42.343,10384.42,9.634,1000.39,1
DAL,2019-10-02,2019-10-29,2019-11-05,2-3%,-2.228,55.7957,56.953,tp_gap_filled,184.6718,10303.9,2.074,213.71,5
STX,2019-11-01,2019-11-04,2019-11-05,3-5%,-4.36,55.5555,57.972,tp_gap_filled,189.223,10512.38,4.35,457.25,1
IFF,2019-08-06,2019-08-08,2019-11-06,10%+,-11.854,124.8247,132.877,time_exit,76.4703,9545.38,6.451,615.76,63
DIS,2019-08-07,2019-08-08,2019-11-06,3-5%,-4.892,135.0649,131.1387,time_exit,70.7927,9561.61,-2.907,-277.95,63
MNST,2019-08-08,2019-08-09,2019-11-07,5-10%,-9.091,13.7387,14.1458,time_exit,690.2831,9483.61,2.963,281.02,63
DXCM,2019-10-15,2019-10-16,2019-11-07,2-3%,-2.61,39.039,40.005,tp_gap_filled,263.8512,10300.49,2.474,254.87,16
TSLA,2019-10-29,2019-11-04,2019-11-07,2-3%,-2.356,21.354,21.8255,tp_gap_filled,493.4093,10536.26,2.208,232.64,3
L,2019-10-28,2019-11-05,2019-11-07,1-2%,-1.235,50.4204,50.949,tp_gap_filled,208.8171,10528.64,1.048,110.39,2
TPR,2019-11-05,2019-11-06,2019-11-07,2-3%,-2.3,25.9359,26.4935,tp_gap_filled,408.0254,10582.51,2.15,227.5,1
PRU,2019-11-05,2019-11-06,2019-11-08,3-5%,-3.704,91.091,94.4055,tp_gap_filled,116.2096,10585.65,3.639,385.18,2
WBD,2019-08-14,2019-11-07,2019-11-08,1-2%,-1.453,29.1992,29.5704,tp_gap_filled,364.7788,10651.24,1.271,135.42,1
LULU,2019-10-28,2019-10-29,2019-11-12,1-2%,-1.971,204.1039,207.792,tp_gap_filled,50.4648,10300.06,1.807,186.12,10
CVNA,2019-11-07,2019-11-08,2019-11-12,5-10%,-6.259,14.8408,15.8002,tp_gap_filled,717.8838,10653.99,6.464,688.71,2
ALB,2019-08-09,2019-11-07,2019-11-13,2-3%,-2.164,71.9719,63.9909,stop,148.1251,10660.85,-11.089,-1182.18,4
LITE,2019-11-11,2019-11-12,2019-11-13,3-5%,-3.051,64.5645,66.4635,tp_gap_filled,165.3964,10678.74,2.941,314.08,1
VMC,2019-11-06,2019-11-07,2019-11-14,5-10%,-5.339,133.6335,140.889,tp_gap_filled,79.6007,10637.32,5.429,577.54,5
UHS,2019-10-25,2019-10-28,2019-11-15,3-5%,-4.665,138.0879,144.5553,tp_gap_filled,74.3956,10273.13,4.684,481.14,14
AZO,2019-11-12,2019-11-13,2019-11-18,1-2%,-1.288,1163.0519,1175.873,tp_gap_filled,9.1839,10681.35,1.102,117.75,3
NOW,2019-10-16,2019-10-17,2019-11-19,5-10%,-5.583,51.8378,54.7932,tp_gap_filled,199.2021,10326.2,5.701,588.72,23
MSI,2019-11-11,2019-11-13,2019-11-19,1-2%,-1.588,162.5023,164.795,tp_gap_filled,65.7487,10684.31,1.411,150.74,4
HSY,2019-10-24,2019-10-25,2019-11-20,2-3%,-2.745,145.7456,149.5603,tp_gap_filled,70.1292,10221.02,2.617,267.52,18
BR,2019-11-06,2019-11-07,2019-11-20,3-5%,-3.995,118.5885,123.2766,tp_gap_filled,89.8262,10652.35,3.953,421.12,9
TDG,2019-11-19,2019-11-20,2019-11-21,3-5%,-3.328,549.3388,567.1123,tp_gap_filled,19.7117,10828.43,3.235,350.35,1
HSIC,2019-11-20,2019-11-21,2019-11-22,3-5%,-3.036,67.4574,69.4305,tp_gap_filled,160.3932,10819.7,2.925,316.47,1
HAS,2019-11-05,2019-11-07,2019-11-25,1-2%,-1.668,96.1661,97.6023,tp_gap_filled,110.8139,10656.54,1.493,159.15,12
ROST,2019-10-21,2019-10-22,2019-11-26,2-3%,-2.313,111.6015,114.0159,tp_gap_filled,91.9513,10261.9,2.163,222.01,25
WAT,2019-10-08,2019-10-11,2019-11-27,3-5%,-3.982,214.7946,223.2565,tp_gap_filled,47.4804,10198.53,3.94,401.78,33
LYV,2019-11-01,2019-11-19,2019-11-27,3-5%,-3.546,68.068,70.4295,tp_gap_filled,159.8304,10879.34,3.469,377.44,6
BDX,2019-11-05,2019-11-26,2019-11-27,2-3%,-2.202,195.747,199.754,tp_gap_filled,56.3498,11030.31,2.047,225.79,1
ADI,2019-11-26,2019-11-27,2019-11-29,3-5%,-3.817,108.7286,112.8171,tp_gap_filled,102.1518,11106.82,3.76,417.64,1
COO,2019-08-30,2019-09-03,2019-12-02,5-10%,-7.541,76.0285,77.8671,time_exit,122.1819,9289.3,2.418,224.64,63
PCG,2019-11-29,2019-12-02,2019-12-03,3-5%,-3.311,7.3073,7.5425,tp_gap_filled,1498.2735,10948.33,3.218,352.32,1
SWKS,2019-11-13,2019-11-14,2019-12-06,5-10%,-5.896,95.6956,101.4884,tp_gap_filled,112.1915,10736.23,6.053,649.9,15
LRCX,2019-11-21,2019-11-22,2019-12-11,3-5%,-3.068,26.5986,27.3856,tp_gap_filled,409.5758,10894.13,2.959,322.34,12
TSLA,2019-11-22,2019-11-25,2019-12-11,3-5%,-4.134,22.7,23.6317,tp_gap_filled,485.3713,11017.93,4.104,452.2,11
FFIV,2019-12-05,2019-12-06,2019-12-12,3-5%,-4.276,137.5774,143.4364,tp_gap_filled,80.1885,11032.13,4.259,469.82,4
HPQ,2019-12-10,2019-12-11,2019-12-12,2-3%,-2.443,19.99,20.4495,tp_gap_filled,554.3801,11082.04,2.299,254.77,1
TXN,2019-10-23,2019-10-24,2019-12-16,5-10%,-9.155,116.9168,128.4414,tp_gap_filled,87.748,10259.22,9.857,1011.26,36
SMCI,2019-11-18,2019-11-19,2019-12-16,2-3%,-2.615,2.1622,2.2158,tp_gap_filled,5032.2606,10880.55,2.48,269.84,18
KLAC,2019-11-21,2019-11-27,2019-12-16,3-5%,-4.497,16.6026,17.3496,tp_gap_filled,669.0571,11108.08,4.5,499.82,12
AVGO,2019-12-13,2019-12-16,2019-12-18,2-3%,-2.971,31.8378,32.7472,tp_gap_filled,352.9114,11235.92,2.856,320.94,2
AWK,2019-12-11,2019-12-12,2019-12-20,1-2%,-1.921,120.12,122.2276,tp_gap_filled,93.2234,11198.0,1.755,196.48,6
DDOG,2019-12-17,2019-12-18,2019-12-20,2-3%,-2.398,37.8979,38.7512,tp_gap_filled,298.2067,11301.4,2.252,254.47,2
SYK,2019-11-04,2019-11-05,2019-12-23,3-5%,-3.182,206.206,212.5572,tp_gap_filled,51.156,10548.68,3.08,324.9,33
WDC,2019-10-31,2019-12-16,2019-12-23,5-10%,-7.802,43.3615,46.9371,tp_gap_filled,259.371,11246.73,8.246,927.41,5
ACN,2019-12-19,2019-12-20,2019-12-23,1-2%,-1.798,202.2621,205.5542,tp_gap_filled,56.6207,11452.22,1.628,186.41,1
TFC,2019-12-20,2019-12-23,2019-12-24,3-5%,-3.295,54.3443,56.0839,tp_gap_filled,211.384,11487.51,3.201,367.72,1
LULU,2019-12-12,2019-12-16,2019-12-26,3-5%,-3.062,226.2761,232.9568,tp_gap_filled,49.666,11238.22,2.952,331.81,7
CIEN,2019-12-23,2019-12-24,2019-12-26,1-2%,-1.25,41.9019,42.3476,tp_gap_filled,274.604,11506.42,1.064,122.4,1
UPS,2019-12-24,2019-12-26,2019-12-27,1-2%,-1.27,117.5474,118.8211,tp_gap_filled,98.1275,11534.64,1.084,124.98,1
SMCI,2019-12-26,2019-12-27,2019-12-30,1-2%,-1.632,2.3534,2.3876,tp_gap_filled,4902.021,11536.18,1.456,167.94,1
PCG,2019-12-27,2019-12-30,2019-12-31,1-2%,-1.75,10.6807,10.8491,tp_gap_filled,1076.3489,11496.13,1.577,181.33,1
DE,2019-11-27,2019-11-29,2020-01-02,3-5%,-4.614,168.6685,176.4733,tp_gap_filled,65.6701,11076.47,4.627,512.54,22
OXY,2019-11-05,2020-01-02,2020-01-03,3-5%,-4.703,42.1922,44.1858,tp_gap_filled,274.9801,11602.0,4.725,548.21,1
PGR,2019-10-16,2019-10-17,2020-01-06,5-10%,-5.269,71.091,74.895,tp_gap_filled,145.1165,10316.48,5.351,552.03,54
TKO,2019-10-31,2019-11-18,2020-01-07,10%+,-11.725,58.7087,66.3736,tp_gap_filled,183.9458,10799.21,13.056,1409.93,33
CPAY,2019-12-19,2019-12-20,2020-01-08,2-3%,-2.48,289.7194,296.4932,tp_gap_filled,39.5247,11451.08,2.338,267.73,11
WDAY,2019-10-16,2019-11-20,2020-01-09,5-10%,-7.162,168.168,180.779,tp_gap_filled,64.3066,10814.3,7.499,810.97,33
JKHY,2019-12-11,2019-12-12,2020-01-10,2-3%,-2.206,145.5754,148.5613,tp_gap_filled,76.8902,11193.33,2.051,229.58,19
TDG,2019-12-27,2020-01-03,2020-01-10,3-5%,-4.982,568.568,597.1822,tp_gap_filled,20.366,11579.46,5.033,582.76,5
WAT,2020-01-08,2020-01-09,2020-01-10,3-5%,-4.733,221.221,231.748,tp_gap_filled,52.7672,11673.22,4.759,555.48,1
PNW,2019-11-07,2019-11-08,2020-01-13,3-5%,-4.574,87.087,91.0788,tp_gap_filled,122.6469,10680.95,4.584,489.59,43
BAX,2019-10-24,2019-11-12,2020-01-13,5-10%,-9.608,79.5795,87.862,tp_gap_filled,134.1457,10675.25,10.408,1111.07,41
COHR,2020-01-10,2020-01-13,2020-01-14,2-3%,-2.917,35.9759,36.983,tp_gap_filled,326.7734,11755.98,2.799,329.07,1
MO,2019-12-24,2019-12-26,2020-01-15,1-2%,-1.532,50.8108,51.4984,tp_gap_filled,227.1036,11539.31,1.353,156.18,13
PGR,2020-01-07,2020-01-08,2020-01-15,3-5%,-3.528,73.073,75.5943,tp_gap_filled,158.9666,11616.17,3.45,400.81,5
MKC,2020-01-09,2020-01-10,2020-01-15,1-2%,-1.595,82.4374,83.6063,tp_gap_filled,141.5625,11670.04,1.418,165.48,3
CSCO,2019-11-14,2019-11-15,2020-01-16,5-10%,-5.984,45.6056,48.4115,tp_gap_filled,237.2482,10819.84,6.153,665.71,41
VZ,2020-01-09,2020-01-10,2020-01-16,1-2%,-1.373,58.9489,59.6503,tp_gap_filled,197.9301,11667.76,1.19,138.83,4
DG,2019-11-26,2019-11-27,2020-01-17,2-3%,-2.27,156.4463,159.7601,tp_gap_filled,71.1568,11132.21,2.118,235.8,34
HAS,2020-01-15,2020-01-16,2020-01-17,3-5%,-3.04,102.1521,105.1448,tp_gap_filled,116.9955,11951.34,2.93,350.13,1
BBY,2020-01-15,2020-01-16,2020-01-21,3-5%,-3.172,87.6876,90.3795,tp_gap_filled,136.1964,11942.74,3.07,366.63,2
IBM,2019-10-17,2019-10-24,2020-01-22,5-10%,-5.003,129.1922,135.7246,tp_gap_filled,79.736,10301.27,5.056,520.87,60
TRV,2019-10-22,2019-10-23,2020-01-24,5-10%,-6.582,132.7026,134.6452,time_exit,77.2569,10252.19,1.464,150.08,63
HST,2019-12-30,2019-12-31,2020-01-24,1-2%,-1.166,18.6586,17.1488,stop,618.6302,11542.8,-8.092,-934.04,16
KMB,2020-01-23,2020-01-24,2020-01-27,2-3%,-2.964,140.2501,144.2456,tp_gap_filled,83.5126,11712.65,2.849,333.67,1
EBAY,2019-10-24,2019-10-25,2020-01-28,5-10%,-8.75,35.8058,36.1738,time_exit,285.4436,10220.53,1.028,105.05,63
TDY,2020-01-23,2020-01-27,2020-01-28,1-2%,-1.292,370.9005,375.0046,tp_gap_filled,31.009,11501.26,1.107,127.26,1
PFG,2019-10-25,2019-10-28,2020-01-29,5-10%,-7.666,53.053,54.4255,time_exit,193.2698,10253.54,2.587,265.27,63
IP,2019-12-10,2019-12-11,2020-01-31,2-3%,-2.636,43.7653,38.9122,stop,253.2251,11082.47,-11.089,-1228.94,34
NVDA,2020-01-27,2020-01-28,2020-02-05,3-5%,-4.887,5.962,6.2557,tp_gap_filled,1939.6759,11564.26,4.928,569.84,6
EL,2020-01-27,2020-01-28,2020-02-06,5-10%,-6.492,192.202,205.1347,tp_gap_filled,60.0905,11549.52,6.729,777.13,7
DELL,2019-11-27,2019-12-23,2020-02-12,3-5%,-4.023,25.9002,26.932,tp_gap_filled,443.8086,11494.72,3.984,457.93,34
CRH,2020-01-10,2020-01-13,2020-02-12,1-2%,-1.212,39.1691,39.5704,tp_gap_filled,300.4817,11769.61,1.024,120.57,21
CASY,2019-12-10,2020-01-10,2020-02-18,5-10%,-5.886,165.165,175.1447,tp_gap_filled,70.5961,11660.0,6.042,704.53,25
PANW,2019-11-26,2019-12-03,2020-02-19,5-10%,-8.902,38.038,41.6716,tp_gap_filled,286.4282,10895.16,9.553,1040.77,52
FSLR,2020-01-15,2020-02-12,2020-02-20,5-10%,-6.073,55.2652,58.7212,tp_gap_filled,214.838,11873.07,6.253,742.48,5
ALGN,2020-01-14,2020-01-15,2020-02-24,3-5%,-3.989,286.4662,243.2528,stop,41.3204,11836.91,-15.085,-1785.6,26
WYNN,2020-01-23,2020-01-24,2020-02-25,3-5%,-3.805,134.8948,114.5459,stop,86.8327,11713.28,-15.085,-1766.95,21
ORCL,2019-12-13,2020-01-14,2020-02-28,2-3%,-2.603,55.055,48.95,stop,214.8587,11829.04,-11.089,-1311.72,31
TTD,2020-02-27,2020-02-28,2020-03-02,5-10%,-5.152,25.3403,26.6633,tp_gap_filled,418.6483,10608.68,5.221,553.87,1
MRNA,2020-02-28,2020-03-02,2020-03-03,10%+,-10.627,23.4034,26.1338,tp_gap_filled,467.9295,10951.13,11.667,1277.66,1
LVS,2020-01-21,2020-01-22,2020-03-06,5-10%,-6.13,69.5895,52.8351,stop,170.1916,11843.55,-24.076,-2851.45,31
CHRW,2019-10-30,2020-01-15,2020-03-09,5-10%,-9.302,82.1821,62.3959,stop,143.8974,11825.79,-24.076,-2847.18,36
BNY,2020-01-16,2020-01-17,2020-03-09,5-10%,-7.773,46.7967,35.53,stop,255.6528,11963.72,-24.076,-2880.39,34
ON,2020-02-03,2020-02-06,2020-03-09,5-10%,-7.343,21.4715,16.302,stop,547.7895,11761.84,-24.076,-2831.78,21
BLDR,2020-02-21,2020-02-24,2020-03-09,5-10%,-6.21,26.4564,20.0868,stop,432.1717,11433.72,-24.076,-2752.78,10
DLTR,2020-03-06,2020-03-09,2020-03-10,2-3%,-2.552,76.076,77.912,tp_gap_filled,131.5548,10008.17,2.413,241.54,1
HLT,2020-03-05,2020-03-06,2020-03-11,3-5%,-4.36,94.1941,79.9849,stop,113.4991,10690.94,-15.085,-1612.73,3
APH,2020-03-05,2020-03-09,2020-03-11,2-3%,-2.722,11.8068,10.4975,stop,851.6851,10055.67,-11.089,-1115.07,2
WTW,2020-03-05,2020-03-09,2020-03-11,2-3%,-2.518,201.5514,179.2013,stop,49.8983,10057.07,-11.089,-1115.23,2
EQT,2020-03-09,2020-03-10,2020-03-11,10%+,-23.005,4.9249,6.3836,tp_gap_filled,2108.3831,10383.62,29.619,3075.48,1
FFIV,2019-12-20,2019-12-23,2020-03-12,5-10%,-7.788,132.6325,100.6999,stop,86.4571,11467.02,-24.076,-2760.8,54
SW,2020-01-06,2020-01-07,2020-03-12,3-5%,-3.268,37.6276,31.9515,stop,307.7089,11578.35,-15.085,-1746.59,45
BSX,2020-01-14,2020-01-15,2020-03-12,5-10%,-6.73,42.4524,32.2316,stop,278.7891,11835.27,-24.076,-2849.46,39
MKC,2020-01-28,2020-01-29,2020-03-12,3-5%,-4.869,82.2322,69.8274,stop,140.1999,11528.94,-15.085,-1739.14,30
META,2020-01-30,2020-01-31,2020-03-12,5-10%,-7.481,206.7365,156.9626,stop,54.8971,11349.23,-24.076,-2732.44,28
ANET,2020-02-14,2020-02-18,2020-03-12,5-10%,-8.467,13.6073,10.3312,stop,871.627,11860.53,-24.076,-2855.54,17
KLAC,2020-02-18,2020-02-19,2020-03-12,5-10%,-5.264,16.7167,12.692,stop,716.4006,11975.85,-24.076,-2883.31,16
VRSK,2020-02-19,2020-02-20,2020-03-12,3-5%,-3.544,165.6455,140.6579,stop,72.2645,11970.28,-15.085,-1805.72,15
EQT,2020-03-11,2020-03-12,2020-03-13,5-10%,-5.099,6.7067,7.0529,tp_gap_filled,1413.1917,9477.85,5.163,489.3,1
CNC,2020-03-11,2020-03-12,2020-03-13,3-5%,-3.727,58.1781,60.3096,tp_gap_filled,163.1943,9494.34,3.664,347.85,1
EW,2020-03-11,2020-03-12,2020-03-13,2-3%,-2.913,65.719,58.4314,stop,144.3386,9485.79,-11.089,-1051.88,1
GEN,2020-03-11,2020-03-12,2020-03-13,2-3%,-2.341,17.5375,17.9221,tp_gap_filled,535.8878,9398.14,2.193,206.07,1
JKHY,2020-03-11,2020-03-12,2020-03-13,1-2%,-1.487,161.161,148.1199,stop,58.0642,9357.69,-8.092,-757.22,1
WAT,2020-02-04,2020-02-05,2020-03-16,5-10%,-5.114,214.7045,163.0122,stop,54.4289,11686.14,-24.076,-2813.55,27
MAS,2020-02-11,2020-02-12,2020-03-16,5-10%,-6.747,46.3463,35.188,stop,255.9845,11863.93,-24.076,-2856.36,22
PODD,2020-03-02,2020-03-03,2020-03-16,5-10%,-5.248,180.18,136.7999,stop,59.7164,10759.71,-24.076,-2590.51,9
WTW,2020-03-11,2020-03-12,2020-03-16,2-3%,-2.904,182.4022,162.1756,stop,51.8711,9461.4,-11.089,-1049.17,2
ELV,2020-03-11,2020-03-12,2020-03-16,2-3%,-2.604,278.8786,247.9538,stop,33.8373,9436.5,-11.089,-1046.41,2
TTWO,2020-03-11,2020-03-12,2020-03-16,1-2%,-1.945,116.5564,107.1247,stop,80.5679,9390.71,-8.092,-759.9,2
REGN,2020-03-12,2020-03-13,2020-03-16,3-5%,-4.377,444.8043,464.2353,tp_gap_filled,21.9771,9775.51,4.368,427.04,1
KLAC,2020-03-12,2020-03-13,2020-03-17,5-10%,-6.68,13.5375,14.4775,tp_gap_filled,713.9187,9664.69,6.944,671.07,2
KR,2020-03-11,2020-03-16,2020-03-17,2-3%,-2.423,31.8418,32.5674,tp_gap_filled,279.1377,8888.25,2.279,202.54,1
SJM,2020-03-11,2020-03-16,2020-03-17,2-3%,-2.25,108.6986,110.9789,tp_gap_filled,81.6744,8877.89,2.098,186.24,1
KMB,2020-03-11,2020-03-16,2020-03-17,2-3%,-2.142,138.138,140.879,tp_gap_filled,64.2429,8874.39,1.984,176.09,1
WEC,2020-03-11,2020-03-16,2020-03-17,2-3%,-2.028,100.08,101.948,tp_gap_filled,88.5629,8863.38,1.866,165.43,1
CLX,2020-03-11,2020-03-16,2020-03-17,1-2%,-1.114,173.2231,174.825,tp_gap_filled,50.9783,8830.61,0.925,81.66,1
EXPD,2020-01-17,2020-01-21,2020-03-18,5-10%,-6.823,75.8658,57.6003,stop,156.2639,11855.08,-24.076,-2854.23,40
ANET,2020-03-12,2020-03-13,2020-03-18,5-10%,-7.431,10.5518,11.3761,tp_gap_filled,915.7556,9662.86,7.812,754.88,3
CBOE,2020-03-12,2020-03-13,2020-03-18,5-10%,-6.939,99.069,75.2171,stop,97.7658,9685.56,-24.076,-2331.9,3
ERIE,2020-03-16,2020-03-17,2020-03-18,10%+,-15.864,130.3302,154.5952,tp_gap_filled,70.8632,9235.61,18.618,1719.5,1
EQT,2020-03-16,2020-03-17,2020-03-18,10%+,-11.123,8.4785,9.5205,tp_gap_filled,1109.6221,9407.9,12.29,1156.23,1
WAT,2020-03-16,2020-03-17,2020-03-18,10%+,-10.993,164.3642,184.2955,tp_gap_filled,57.5526,9459.58,12.126,1147.1,1
DVA,2020-03-16,2020-03-17,2020-03-19,10%+,-10.467,68.068,75.874,tp_gap_filled,139.9148,9523.72,11.468,1092.18,2
AKAM,2020-03-05,2020-03-18,2020-03-19,2-3%,-2.919,92.2221,94.8051,tp_gap_filled,99.5042,9176.48,2.801,257.02,1
GILD,2020-03-09,2020-03-18,2020-03-19,2-3%,-2.867,77.9979,80.1398,tp_gap_filled,117.9615,9200.75,2.746,252.66,1
AWK,2020-03-18,2020-03-19,2020-03-20,5-10%,-6.419,129.7396,98.5035,stop,70.4759,9143.52,-24.076,-2201.39,1
ANET,2020-03-18,2020-03-19,2020-03-20,5-10%,-6.225,9.868,10.502,tp_gap_filled,921.3634,9092.0,6.425,584.15,1
EW,2020-03-18,2020-03-19,2020-03-20,5-10%,-5.726,55.4888,58.7412,tp_gap_filled,164.8903,9149.56,5.861,536.29,1
TTWO,2020-03-18,2020-03-23,2020-03-24,3-5%,-4.138,111.7617,116.3535,tp_gap_filled,76.8756,8591.74,4.109,353.0,1
ERIE,2020-03-20,2020-03-23,2020-03-24,1-2%,-1.401,159.159,161.0987,tp_gap_filled,53.9352,8584.28,1.219,104.62,1
GIS,2020-03-20,2020-03-23,2020-03-24,1-2%,-1.267,53.053,48.76,stop,161.5953,8573.11,-8.092,-693.74,1
FFIV,2020-03-12,2020-03-13,2020-03-25,5-10%,-6.224,101.1911,107.6922,tp_gap_filled,96.281,9742.77,6.425,625.93,8
PODD,2020-03-16,2020-03-19,2020-03-25,5-10%,-9.02,150.3302,164.9049,tp_gap_filled,61.1164,9187.63,9.695,890.76,4
MPWR,2020-03-16,2020-03-17,2020-03-26,10%+,-11.175,151.6515,170.3894,tp_gap_filled,61.8843,9384.85,12.356,1159.58,7
KLAC,2020-03-18,2020-03-19,2020-03-26,10%+,-11.615,13.2382,14.948,tp_gap_filled,695.3421,9205.1,12.916,1188.9,5
OTIS,2020-03-23,2020-03-25,2020-03-26,5-10%,-6.667,42.042,44.955,tp_gap_filled,219.7022,9236.72,6.929,639.99,1
MRNA,2020-03-25,2020-03-26,2020-03-27,3-5%,-3.176,25.025,25.7942,tp_gap_filled,388.6488,9725.94,3.074,298.94,1
JKHY,2020-03-18,2020-03-19,2020-03-30,5-10%,-7.126,145.2051,156.0338,tp_gap_filled,63.0559,9156.04,7.458,682.82,7
WTW,2020-03-18,2020-03-24,2020-03-30,3-5%,-4.667,165.205,172.9469,tp_gap_filled,55.7954,9217.68,4.686,431.96,4
CCI,2020-03-18,2020-03-26,2020-03-30,3-5%,-3.888,141.3012,146.7231,tp_gap_filled,68.8028,9721.92,3.837,373.05,2
AWK,2020-03-26,2020-03-27,2020-03-30,1-2%,-1.738,108.6385,110.3395,tp_gap_filled,87.8562,9544.56,1.566,149.44,1
META,2020-03-12,2020-03-13,2020-03-31,5-10%,-6.285,159.6995,170.0698,tp_gap_filled,60.8055,9710.61,6.494,630.57,12
CHRW,2020-03-27,2020-03-30,2020-03-31,3-5%,-4.386,63.063,65.8241,tp_gap_filled,156.9964,9900.66,4.378,433.48,1
OTIS,2020-03-30,2020-03-31,2020-04-01,2-3%,-2.178,44.2942,45.1898,tp_gap_filled,220.2821,9757.23,2.022,197.27,1
MKC,2020-03-31,2020-04-01,2020-04-02,2-3%,-2.298,69.9999,71.5034,tp_gap_filled,135.4255,9479.77,2.148,203.61,1
HRL,2020-03-18,2020-03-19,2020-04-03,5-10%,-5.584,45.8658,48.4815,tp_gap_filled,200.3185,9187.77,5.703,523.96,11
VRTX,2020-03-05,2020-03-31,2020-04-03,2-3%,-2.478,239.4792,245.0747,tp_gap_filled,40.7566,9760.35,2.337,228.05,3
INCY,2020-01-03,2020-01-06,2020-04-06,10%+,-11.423,76.2262,85.0249,time_exit,152.0157,11587.57,11.543,1337.55,63
AKAM,2020-03-19,2020-03-25,2020-04-06,3-5%,-3.502,93.7937,97.0029,tp_gap_filled,98.3133,9221.17,3.422,315.51,8
MTD,2020-04-02,2020-04-03,2020-04-06,3-5%,-3.662,632.8422,655.5838,tp_gap_filled,15.1923,9614.36,3.594,345.5,1
BSX,2020-03-12,2020-03-13,2020-04-07,5-10%,-6.586,31.6616,33.8261,tp_gap_filled,306.3762,9700.37,6.836,663.15,17
VRSK,2020-03-12,2020-03-13,2020-04-07,5-10%,-6.217,142.3922,151.5283,tp_gap_filled,68.5745,9764.48,6.416,626.5,17
KEYS,2020-03-18,2020-03-24,2020-04-07,5-10%,-8.026,86.7166,94.0958,tp_gap_filled,106.3981,9226.49,8.51,785.13,10
MAS,2020-03-18,2020-03-25,2020-04-07,5-10%,-5.469,34.4344,36.3536,tp_gap_filled,267.9118,9225.38,5.574,514.18,9
ODFL,2020-03-27,2020-03-30,2020-04-07,3-5%,-4.275,67.3623,70.2297,tp_gap_filled,147.2242,9917.36,4.257,422.15,6
MPWR,2020-04-01,2020-04-06,2020-04-07,3-5%,-4.12,160.7206,167.2925,tp_gap_filled,62.9574,10118.55,4.089,413.76,1
CNC,2020-03-16,2020-03-17,2020-04-08,10%+,-10.697,56.8268,63.5064,tp_gap_filled,167.4208,9513.98,11.754,1118.31,16
BDX,2020-03-18,2020-04-06,2020-04-08,3-5%,-3.79,183.5704,190.4214,tp_gap_filled,55.2799,10147.76,3.732,378.72,2
TER,2020-03-05,2020-04-07,2020-04-08,2-3%,-2.929,60.7006,62.4075,tp_gap_filled,168.1439,10206.44,2.812,287.0,1
DXCM,2020-03-31,2020-04-07,2020-04-08,1-2%,-1.932,68.2257,62.7048,stop,148.0024,10097.56,-8.092,-817.09,1
NEM,2020-03-09,2020-03-26,2020-04-09,3-5%,-4.489,50.05,52.2976,tp_gap_filled,194.5881,9739.14,4.491,437.37,10
LNT,2020-03-18,2020-03-30,2020-04-09,3-5%,-4.392,50.1201,52.3176,tp_gap_filled,197.4502,9896.22,4.385,433.91,8
OTIS,2020-04-01,2020-04-02,2020-04-09,5-10%,-8.02,46.036,49.95,tp_gap_filled,210.5425,9692.53,8.502,824.07,5
IEX,2020-03-05,2020-04-07,2020-04-09,2-3%,-2.45,150.2801,153.7461,tp_gap_filled,67.6479,10166.13,2.306,234.46,2
LVS,2020-03-27,2020-04-08,2020-04-09,5-10%,-5.811,45.5955,48.3116,tp_gap_filled,227.2648,10362.26,5.957,617.27,1
GWW,2020-03-11,2020-04-08,2020-04-09,2-3%,-2.496,272.9127,279.3404,tp_gap_filled,37.9804,10365.34,2.355,244.13,1
SBAC,2020-03-05,2020-04-08,2020-04-09,1-2%,-1.896,297.7875,302.9368,tp_gap_filled,34.7918,10360.57,1.729,179.15,1
JKHY,2020-04-08,2020-04-09,2020-04-13,3-5%,-4.995,158.9888,167.0128,tp_gap_filled,66.452,10565.13,5.047,533.21,1
AMD,2020-02-24,2020-02-25,2020-04-14,5-10%,-9.572,48.2282,53.2267,tp_gap_filled,229.958,11090.46,10.364,1149.45,34
NOC,2020-03-05,2020-04-07,2020-04-14,2-3%,-2.159,339.8195,346.623,tp_gap_filled,29.8746,10151.96,2.002,203.25,4
HUM,2020-03-11,2020-04-07,2020-04-14,2-3%,-2.078,342.382,348.9507,tp_gap_filled,29.5886,10130.6,1.919,194.36,4
PEG,2020-03-11,2020-04-09,2020-04-14,2-3%,-2.531,51.6516,52.8871,tp_gap_filled,204.3452,10554.75,2.392,252.46,2
COST,2020-04-09,2020-04-13,2020-04-14,2-3%,-2.131,299.7495,305.664,tp_gap_filled,34.7504,10416.41,1.973,205.53,1
TKO,2020-03-25,2020-04-06,2020-04-15,5-10%,-7.428,36.1761,39.001,tp_gap_filled,280.1267,10133.9,7.809,791.31,6
DE,2020-03-11,2020-04-07,2020-04-15,2-3%,-2.671,151.0009,134.2564,stop,67.5079,10193.74,-11.089,-1130.38,5
TSLA,2020-03-05,2020-04-14,2020-04-15,3-5%,-3.433,48.2996,49.9167,tp_gap_filled,219.8683,10619.55,3.348,355.55,1
FAST,2020-04-13,2020-04-14,2020-04-15,3-5%,-3.004,16.3213,16.7932,tp_gap_filled,649.7367,10604.55,2.891,306.6,1
ELV,2020-03-16,2020-03-17,2020-04-16,10%+,-16.217,226.7265,270.0697,tp_gap_filled,40.6307,9212.06,19.117,1761.06,21
KR,2020-04-07,2020-04-08,2020-04-16,3-5%,-3.586,31.4915,32.5974,tp_gap_filled,329.3944,10373.11,3.512,364.28,5
WDC,2020-03-11,2020-04-09,2020-04-16,3-5%,-4.264,36.1813,30.7233,stop,293.0315,10602.25,-15.085,-1599.35,4
UNH,2020-03-11,2020-04-15,2020-04-16,1-2%,-1.871,275.0348,279.72,tp_gap_filled,37.9838,10446.86,1.704,177.96,1
CRWD,2020-02-21,2020-04-15,2020-04-16,1-2%,-1.262,15.6606,15.8292,tp_gap_filled,667.8833,10459.48,1.076,112.54,1
LVS,2020-04-15,2020-04-16,2020-04-17,3-5%,-4.405,46.056,48.0819,tp_gap_filled,228.3312,10516.02,4.399,462.57,1
GPC,2020-04-15,2020-04-16,2020-04-17,3-5%,-3.991,71.2812,74.0958,tp_gap_filled,147.5037,10514.24,3.949,415.17,1
BNY,2020-04-15,2020-04-16,2020-04-17,3-5%,-3.935,34.9449,36.3037,tp_gap_filled,301.3446,10530.46,3.888,409.45,1
TER,2020-04-15,2020-04-16,2020-04-17,3-5%,-3.775,60.9809,63.2467,tp_gap_filled,172.9798,10548.47,3.716,391.93,1
DE,2020-04-15,2020-04-16,2020-04-17,3-5%,-3.627,133.2531,137.9919,tp_gap_filled,79.348,10573.37,3.556,376.01,1
MAS,2020-04-15,2020-04-16,2020-04-17,3-5%,-3.072,38.5285,39.6703,tp_gap_filled,274.0897,10560.26,2.964,312.95,1
MPWR,2020-04-15,2020-04-16,2020-04-17,2-3%,-2.67,179.149,183.6961,tp_gap_filled,58.9898,10567.96,2.538,268.24,1
TGT,2020-01-15,2020-01-17,2020-04-20,5-10%,-6.203,117.6075,108.871,time_exit,101.6588,11955.84,-7.428,-888.14,63
NEM,2020-04-17,2020-04-20,2020-04-21,3-5%,-4.708,57.1371,59.8401,tp_gap_filled,185.3712,10591.57,4.731,501.06,1
PYPL,2020-03-05,2020-04-17,2020-04-22,2-3%,-2.836,112.142,115.1847,tp_gap_filled,96.578,10830.45,2.713,293.86,3
MRNA,2020-04-20,2020-04-21,2020-04-22,3-5%,-3.949,45.045,46.8031,tp_gap_filled,229.1594,10322.48,3.903,402.9,1
KMB,2020-03-18,2020-04-14,2020-04-23,3-5%,-3.63,138.9788,143.9259,tp_gap_filled,76.3807,10615.3,3.56,377.86,7
FITB,2020-04-15,2020-04-17,2020-04-23,5-10%,-5.714,16.1862,17.1328,tp_gap_filled,666.5968,10789.65,5.849,631.05,4
BKR,2020-04-21,2020-04-22,2020-04-23,3-5%,-4.006,12.4725,12.967,tp_gap_filled,846.8309,10562.07,3.965,418.81,1
ODFL,2020-04-08,2020-04-09,2020-04-24,3-5%,-3.919,68.5935,71.2487,tp_gap_filled,154.1114,10571.04,3.871,409.19,10
FCX,2020-04-20,2020-04-23,2020-04-24,5-10%,-5.396,7.8979,8.3317,tp_gap_filled,1358.2895,10727.62,5.492,589.19,1
AOS,2020-03-16,2020-03-17,2020-04-27,10%+,-10.436,37.1972,41.4485,tp_gap_filled,257.3617,9573.13,11.429,1094.14,28
ZBRA,2020-03-05,2020-04-14,2020-04-27,3-5%,-3.027,209.7095,215.824,tp_gap_filled,50.602,10611.71,2.916,309.4,9
RF,2020-04-15,2020-04-17,2020-04-27,5-10%,-6.225,9.4995,10.1099,tp_gap_filled,1135.6909,10788.48,6.426,693.21,6
USB,2020-04-20,2020-04-23,2020-04-27,3-5%,-3.023,34.034,35.0249,tp_gap_filled,315.0277,10721.65,2.912,312.17,2
TGT,2020-04-23,2020-04-24,2020-04-27,5-10%,-5.747,100.8007,106.7332,tp_gap_filled,108.1797,10904.59,5.885,641.77,1
GWW,2020-04-23,2020-04-24,2020-04-27,3-5%,-4.32,264.4642,275.8539,tp_gap_filled,41.3763,10942.56,4.307,471.26,1
CARR,2020-04-01,2020-04-03,2020-04-28,5-10%,-7.246,16.016,17.2328,tp_gap_filled,598.6078,9587.3,7.597,728.36,16
CMI,2020-03-05,2020-04-09,2020-04-28,2-3%,-2.825,152.172,156.2836,tp_gap_filled,69.404,10561.35,2.702,285.36,12
GM,2020-04-15,2020-04-17,2020-04-28,3-5%,-4.613,21.9419,22.957,tp_gap_filled,492.4109,10804.44,4.626,499.85,7
LULU,2020-03-05,2020-04-17,2020-04-28,2-3%,-2.685,225.6254,231.3884,tp_gap_filled,47.9957,10829.04,2.554,276.6,7
UNP,2020-03-05,2020-04-23,2020-04-28,2-3%,-2.793,157.7976,162.0078,tp_gap_filled,67.8793,10711.19,2.668,285.78,3
INTC,2020-04-24,2020-04-27,2020-04-28,3-5%,-4.81,56.2562,58.981,tp_gap_filled,197.1982,11093.62,4.843,537.32,1
IEX,2020-04-24,2020-04-27,2020-04-28,3-5%,-3.931,146.5164,152.2076,tp_gap_filled,75.9322,11125.31,3.884,432.15,1
APH,2020-03-11,2020-04-27,2020-04-28,3-5%,-3.26,10.9534,11.2999,tp_gap_filled,1019.0782,11162.41,3.163,353.11,1
VST,2020-03-11,2020-04-27,2020-04-28,2-3%,-2.999,18.7788,19.3207,tp_gap_filled,593.8804,11152.34,2.886,321.82,1
EQT,2020-04-23,2020-04-27,2020-04-29,2-3%,-2.667,13.8839,14.2358,tp_gap_filled,803.6249,11157.42,2.534,282.78,2
APA,2020-04-27,2020-04-28,2020-04-29,3-5%,-4.584,10.2102,10.6793,tp_gap_filled,1093.2745,11162.55,4.595,512.87,1
HAL,2020-04-27,2020-04-28,2020-04-29,3-5%,-4.063,8.5085,8.8511,tp_gap_filled,1314.8834,11187.69,4.027,450.53,1
ARES,2020-03-05,2020-04-28,2020-04-29,3-5%,-3.744,35.5155,36.8231,tp_gap_filled,316.539,11242.03,3.682,413.93,1
ROK,2020-03-05,2020-04-28,2020-04-29,3-5%,-3.501,185.7055,192.0578,tp_gap_filled,60.487,11232.77,3.421,384.23,1
OXY,2020-04-27,2020-04-28,2020-04-29,3-5%,-3.331,13.3634,13.7962,tp_gap_filled,841.5441,11245.85,3.239,364.25,1
BBY,2020-03-05,2020-04-28,2020-04-29,3-5%,-3.209,77.9078,80.3296,tp_gap_filled,145.2289,11314.47,3.108,351.71,1
LRCX,2020-03-11,2020-04-17,2020-05-01,3-5%,-3.14,27.8819,23.6759,stop,387.9831,10817.69,-15.085,-1631.85,10
BLDR,2020-03-11,2020-04-29,2020-05-01,3-5%,-4.257,19.8098,16.8215,stop,576.8686,11427.65,-15.085,-1723.86,2
SO,2020-03-11,2020-04-09,2020-05-04,2-3%,-2.548,60.5004,53.7915,stop,174.4821,10556.24,-11.089,-1170.58,16
TECH,2020-05-01,2020-05-04,2020-05-05,5-10%,-9.124,51.1686,56.1938,tp_gap_filled,211.7512,10835.02,9.821,1064.08,1
VRT,2020-03-11,2020-04-28,2020-05-07,3-5%,-3.874,10.6807,11.0889,tp_gap_filled,1053.6966,11254.19,3.822,430.15,7
MNST,2020-03-11,2020-04-14,2020-05-08,3-5%,-3.221,16.016,16.516,tp_gap_filled,662.3905,10608.85,3.122,331.17,18
WTW,2020-04-15,2020-04-17,2020-05-08,3-5%,-3.132,191.0208,196.803,tp_gap_filled,56.633,10818.08,3.027,327.46,15
CVNA,2020-02-27,2020-04-22,2020-05-08,10%+,-12.958,17.6977,20.2917,tp_gap_filled,598.7736,10596.9,14.657,1553.22,12
ANET,2020-05-06,2020-05-07,2020-05-11,5-10%,-6.324,12.9192,13.7637,tp_gap_filled,860.9315,11122.51,6.537,727.11,2
EQIX,2020-05-07,2020-05-08,2020-05-11,3-5%,-3.242,662.672,683.5058,tp_gap_filled,17.1944,11394.23,3.144,358.22,1
CTVA,2020-03-05,2020-04-09,2020-05-12,3-5%,-3.114,28.028,23.8,stop,376.8801,10563.2,-15.085,-1593.46,22
PODD,2020-05-08,2020-05-11,2020-05-12,5-10%,-5.652,203.193,214.9348,tp_gap_filled,55.743,11326.58,5.779,654.53,1
STT,2020-03-05,2020-04-29,2020-05-13,3-5%,-4.448,64.084,54.4169,stop,178.2706,11424.3,-15.085,-1723.36,10
PKG,2020-04-30,2020-05-08,2020-05-13,1-2%,-1.996,98.2982,90.3439,stop,116.1439,11416.74,-8.092,-923.84,3
CAT,2020-04-13,2020-04-29,2020-05-14,3-5%,-4.063,120.0699,101.9574,stop,95.2489,11436.53,-15.085,-1725.2,11
EQIX,2020-05-12,2020-05-13,2020-05-14,1-2%,-1.4,669.1785,677.322,tp_gap_filled,16.1718,10821.85,1.217,131.7,1
MRNA,2020-05-12,2020-05-13,2020-05-15,1-2%,-1.36,66.056,66.8331,tp_gap_filled,163.9462,10829.63,1.176,127.4,2
DDOG,2020-05-13,2020-05-14,2020-05-15,3-5%,-3.224,66.7066,68.7911,tp_gap_filled,163.319,10894.46,3.125,340.44,1
LYB,2020-04-15,2020-04-29,2020-05-18,3-5%,-4.673,55.9559,58.5814,tp_gap_filled,203.4436,11383.87,4.692,534.13,13
DHR,2020-05-07,2020-05-08,2020-05-18,3-5%,-3.214,140.841,145.227,tp_gap_filled,80.9959,11407.54,3.114,355.24,6
APA,2020-05-14,2020-05-15,2020-05-18,3-5%,-3.728,10.3403,10.7193,tp_gap_filled,1050.8211,10865.84,3.665,398.2,1
GM,2020-05-14,2020-05-15,2020-05-18,3-5%,-3.728,20.6807,21.4385,tp_gap_filled,526.0956,10880.01,3.665,398.72,1
ADSK,2020-03-05,2020-04-27,2020-05-19,3-5%,-3.108,185.6555,191.2286,tp_gap_filled,60.121,11161.79,3.002,335.06,16
COHR,2020-05-13,2020-05-14,2020-05-19,3-5%,-3.124,42.5225,43.8061,tp_gap_filled,255.9135,10882.08,3.019,328.51,3
KLAC,2020-05-15,2020-05-18,2020-05-19,3-5%,-4.934,16.8198,17.6573,tp_gap_filled,677.7716,11399.98,4.979,567.65,1
SNPS,2020-05-15,2020-05-18,2020-05-19,3-5%,-3.954,151.7416,157.6722,tp_gap_filled,75.2195,11413.92,3.908,446.1,1
CMCSA,2020-04-30,2020-05-01,2020-05-20,5-10%,-6.385,34.2516,36.5145,tp_gap_filled,315.8757,10819.26,6.607,714.79,13
CPRT,2020-03-05,2020-05-19,2020-05-20,2-3%,-2.621,21.1987,21.7258,tp_gap_filled,535.4963,11351.81,2.486,282.25,1
XYZ,2020-05-18,2020-05-19,2020-05-20,1-2%,-1.944,78.7787,80.1797,tp_gap_filled,143.8957,11335.91,1.778,201.6,1
STX,2020-05-11,2020-05-19,2020-05-20,1-2%,-1.234,50.4804,51.0089,tp_gap_filled,224.6278,11339.31,1.047,118.72,1
ZBRA,2020-04-30,2020-05-05,2020-05-21,5-10%,-6.466,229.3591,244.725,tp_gap_filled,48.1249,11037.9,6.699,739.48,12
MOS,2020-05-11,2020-05-12,2020-05-21,5-10%,-6.969,11.0911,11.8981,tp_gap_filled,1002.7519,11121.6,7.276,809.23,7
BKR,2020-05-19,2020-05-20,2020-05-21,2-3%,-2.021,15.045,15.3247,tp_gap_filled,765.442,11516.1,1.859,214.04,1
PANW,2020-02-24,2020-05-21,2020-05-22,2-3%,-2.539,39.5111,40.4595,tp_gap_filled,290.367,11472.73,2.4,275.37,1
NDAQ,2020-03-05,2020-04-28,2020-05-26,3-5%,-3.265,37.5609,38.7512,tp_gap_filled,301.4273,11321.87,3.169,358.8,19
CMI,2020-04-30,2020-05-01,2020-05-26,3-5%,-3.656,159.3192,165.0348,tp_gap_filled,67.9496,10825.68,3.588,388.38,16
MA,2020-03-05,2020-05-19,2020-05-26,2-3%,-2.199,296.0057,302.0576,tp_gap_filled,38.3304,11346.03,2.045,231.97,4
CVNA,2020-05-19,2020-05-20,2020-05-26,5-10%,-7.983,18.1621,19.6983,tp_gap_filled,633.9788,11514.41,8.458,973.88,3
FICO,2020-03-05,2020-05-20,2020-05-26,2-3%,-2.462,382.3119,391.1784,tp_gap_filled,30.1172,11514.16,2.319,267.03,3
GNRC,2020-03-05,2020-05-21,2020-05-26,2-3%,-2.617,115.105,117.9619,tp_gap_filled,99.7007,11476.05,2.482,284.84,2
WAT,2020-04-28,2020-04-29,2020-05-27,3-5%,-4.107,187.187,194.815,tp_gap_filled,61.0078,11419.87,4.075,465.37,19
NSC,2020-03-05,2020-04-29,2020-05-27,3-5%,-3.669,177.6575,184.0558,tp_gap_filled,64.3738,11436.48,3.601,411.88,19
ON,2020-05-11,2020-05-12,2020-05-27,5-10%,-8.002,15.7658,17.1029,tp_gap_filled,707.2578,11150.45,8.481,945.7,10
BSX,2020-05-21,2020-05-22,2020-05-27,3-5%,-4.465,35.5555,37.1428,tp_gap_filled,324.3529,11532.54,4.464,514.85,2
STT,2020-05-22,2020-05-26,2020-05-27,3-5%,-3.736,55.9759,58.0319,tp_gap_filled,210.0429,11757.35,3.673,431.85,1
RF,2020-04-30,2020-05-26,2020-05-27,3-5%,-3.552,10.8709,11.2487,tp_gap_filled,1085.9369,11805.07,3.476,410.35,1
ITW,2020-03-05,2020-05-26,2020-05-27,3-5%,-3.292,171.7316,177.2226,tp_gap_filled,68.7696,11809.91,3.197,377.62,1
KKR,2020-03-05,2020-05-26,2020-05-27,3-5%,-3.228,28.5085,29.4006,tp_gap_filled,414.4245,11814.61,3.129,369.7,1
MGM,2020-04-30,2020-05-26,2020-05-27,2-3%,-2.978,16.9569,17.4425,tp_gap_filled,693.8465,11765.51,2.864,336.93,1
NUE,2020-03-05,2020-04-29,2020-05-28,3-5%,-3.589,41.6816,43.1468,tp_gap_filled,274.5834,11445.08,3.515,402.31,20
WSM,2020-02-24,2020-05-18,2020-05-28,3-5%,-3.584,35.5505,36.7982,tp_gap_filled,321.9219,11444.49,3.51,401.65,7
REGN,2020-05-26,2020-05-27,2020-05-28,3-5%,-3.75,549.0885,569.3401,tp_gap_filled,21.7209,11926.68,3.688,439.88,1
GS,2020-03-05,2020-05-27,2020-05-28,3-5%,-3.55,201.5313,208.5313,tp_gap_filled,59.1529,11921.16,3.473,414.07,1
SYF,2020-04-30,2020-05-27,2020-05-28,3-5%,-3.183,20.4004,21.0289,tp_gap_filled,586.1716,11958.12,3.081,368.45,1
STLD,2020-03-05,2020-05-27,2020-05-28,2-3%,-2.998,26.5565,27.3227,tp_gap_filled,451.3374,11985.95,2.885,345.78,1
EQT,2020-05-26,2020-05-27,2020-05-28,2-3%,-2.911,13.3533,13.7263,tp_gap_filled,898.9745,12004.31,2.793,335.25,1
KEYS,2020-05-27,2020-05-28,2020-05-29,5-10%,-5.706,97.5975,103.2966,tp_gap_filled,123.577,12060.81,5.839,704.28,1
BF-B,2020-05-27,2020-05-28,2020-05-29,2-3%,-2.943,61.7317,63.4765,tp_gap_filled,195.8511,12090.22,2.826,341.72,1
MCK,2020-02-27,2020-05-28,2020-05-29,1-2%,-1.874,156.156,158.821,tp_gap_filled,77.6777,12129.85,1.707,207.01,1
STE,2020-03-05,2020-05-28,2020-05-29,1-2%,-1.77,161.7015,164.2855,tp_gap_filled,75.0307,12132.58,1.598,193.88,1
DDOG,2020-05-27,2020-05-28,2020-05-29,1-2%,-1.62,69.9198,70.929,tp_gap_filled,173.5807,12136.74,1.443,175.17,1
MCO,2020-03-05,2020-04-28,2020-06-01,3-5%,-3.457,260.5203,269.3104,tp_gap_filled,43.2373,11264.2,3.374,380.06,23
ADSK,2020-05-28,2020-05-29,2020-06-01,1-2%,-1.717,196.5764,199.6102,tp_gap_filled,61.7403,12136.69,1.543,187.31,1
GOOG,2020-05-28,2020-05-29,2020-06-01,1-2%,-1.48,69.9128,70.8211,tp_gap_filled,174.2093,12179.47,1.299,158.23,1
GOOGL,2020-05-28,2020-05-29,2020-06-01,1-2%,-1.428,70.07,70.943,tp_gap_filled,174.0091,12192.82,1.246,151.91,1
ALGN,2020-02-24,2020-05-22,2020-06-02,5-10%,-5.725,245.6054,259.9997,tp_gap_filled,46.9734,11536.92,5.861,676.15,6
TEL,2020-03-05,2020-05-27,2020-06-02,3-5%,-3.333,83.0229,85.7142,tp_gap_filled,144.0169,11956.7,3.242,387.59,4
CCL,2020-05-29,2020-06-01,2020-06-02,3-5%,-4.394,15.2452,15.9141,tp_gap_filled,804.0995,12258.68,4.387,537.81,1
DAL,2020-05-29,2020-06-01,2020-06-02,3-5%,-4.053,24.6446,25.6343,tp_gap_filled,499.9546,12321.19,4.016,494.81,1
TTD,2020-05-08,2020-05-11,2020-06-03,5-10%,-7.194,29.9599,32.2178,tp_gap_filled,377.6963,11315.76,7.536,852.77,16
TMUS,2020-05-19,2020-05-20,2020-06-03,3-5%,-3.425,98.5084,101.7981,tp_gap_filled,116.9069,11516.31,3.339,384.59,9
USB,2020-04-30,2020-05-27,2020-06-03,2-3%,-2.782,37.4274,38.4215,tp_gap_filled,321.0375,12015.6,2.656,319.16,5
GRMN,2020-03-05,2020-05-28,2020-06-03,2-3%,-2.441,91.2211,93.3166,tp_gap_filled,132.9946,12131.92,2.297,278.69,4
IR,2020-05-28,2020-05-29,2020-06-03,5-10%,-6.667,28.028,29.97,tp_gap_filled,432.8875,12132.97,6.929,840.67,3
PFG,2020-05-29,2020-06-01,2020-06-03,3-5%,-4.461,39.019,40.7592,tp_gap_filled,313.9707,12250.82,4.46,546.38,2
EQT,2020-06-01,2020-06-02,2020-06-03,3-5%,-3.898,12.8328,13.3267,tp_gap_filled,965.8868,12395.05,3.848,476.99,1
TRMB,2020-05-29,2020-06-02,2020-06-03,3-5%,-3.382,40.6106,41.948,tp_gap_filled,305.88,12421.96,3.293,409.1,1
PCG,2020-06-01,2020-06-02,2020-06-03,2-3%,-2.867,11.5315,11.8481,tp_gap_filled,1076.912,12418.43,2.746,340.97,1
PNR,2020-03-05,2020-05-27,2020-06-04,3-5%,-3.474,39.4995,40.8391,tp_gap_filled,302.4144,11945.2,3.392,405.13,6
PRU,2020-06-02,2020-06-03,2020-06-04,1-2%,-1.84,59.8198,60.8191,tp_gap_filled,210.6771,12602.65,1.671,210.54,1
CB,2020-06-02,2020-06-03,2020-06-04,1-2%,-1.43,117.9678,119.4404,tp_gap_filled,107.1786,12643.63,1.248,157.83,1
CPAY,2020-03-05,2020-05-27,2020-06-05,2-3%,-2.807,260.9807,267.9818,tp_gap_filled,46.1376,12041.02,2.683,323.01,7
CI,2020-03-05,2020-05-28,2020-06-05,3-5%,-3.107,203.233,209.3305,tp_gap_filled,59.5284,12098.14,3.0,362.97,6
NTAP,2020-05-28,2020-06-03,2020-06-05,3-5%,-3.283,44.8248,46.2537,tp_gap_filled,280.2232,12560.94,3.188,400.42,2
TROW,2020-03-05,2020-06-03,2020-06-05,2-3%,-2.889,125.165,128.6312,tp_gap_filled,100.4519,12573.07,2.769,348.19,2
FOX,2020-03-05,2020-06-03,2020-06-05,2-3%,-2.739,29.8598,30.6393,tp_gap_filled,421.464,12584.84,2.611,328.53,2
CRH,2020-03-05,2020-06-03,2020-06-05,2-3%,-2.316,35.4654,36.2337,tp_gap_filled,355.0229,12591.04,2.166,272.76,2
INVH,2020-06-02,2020-06-03,2020-06-05,2-3%,-2.186,27.3273,27.8821,tp_gap_filled,460.759,12591.3,2.03,255.62,2
CSCO,2020-06-01,2020-06-03,2020-06-05,1-2%,-1.401,47.1972,47.7722,tp_gap_filled,268.8528,12689.09,1.218,154.6,2
NCLH,2020-06-03,2020-06-04,2020-06-05,3-5%,-3.393,16.8168,17.3726,tp_gap_filled,744.6816,12523.16,3.305,413.9,1
AMAT,2020-03-05,2020-06-04,2020-06-05,3-5%,-3.239,58.6186,60.4595,tp_gap_filled,215.3997,12626.42,3.141,396.53,1
GILD,2020-06-01,2020-06-04,2020-06-08,3-5%,-3.032,75.5455,77.7522,tp_gap_filled,167.067,12621.16,2.921,368.67,2
OXY,2020-06-04,2020-06-05,2020-06-08,2-3%,-2.395,15.0951,15.4345,tp_gap_filled,840.8045,12692.01,2.249,285.43,1
HLT,2020-03-11,2020-06-05,2020-06-08,2-3%,-2.325,88.3082,90.2297,tp_gap_filled,146.4351,12931.43,2.176,281.37,1
HPQ,2020-06-04,2020-06-05,2020-06-08,2-3%,-2.254,16.4965,16.8431,tp_gap_filled,783.3982,12923.31,2.101,271.57,1
APTV,2020-06-04,2020-06-05,2020-06-08,2-3%,-2.148,81.6215,83.2467,tp_gap_filled,158.7705,12959.1,1.991,258.02,1
GPC,2020-06-04,2020-06-05,2020-06-08,2-3%,-2.019,87.4273,89.0509,tp_gap_filled,148.611,12992.66,1.857,241.27,1
DDOG,2020-06-05,2020-06-08,2020-06-09,2-3%,-2.522,70.0199,71.6882,tp_gap_filled,184.606,12926.11,2.383,307.98,1
NOW,2020-06-05,2020-06-08,2020-06-09,1-2%,-1.844,74.074,75.3146,tp_gap_filled,175.1812,12976.37,1.675,217.33,1
NFLX,2020-06-05,2020-06-08,2020-06-09,1-2%,-1.699,40.7697,41.3916,tp_gap_filled,318.9835,13004.87,1.525,198.36,1
WDAY,2020-06-05,2020-06-08,2020-06-09,1-2%,-1.426,172.9728,175.1247,tp_gap_filled,75.3075,13026.15,1.244,162.05,1
FERG,2020-05-28,2020-05-29,2020-06-10,1-2%,-1.494,79.1791,80.2197,tp_gap_filled,153.8197,12179.3,1.314,160.07,8
CRM,2020-05-29,2020-06-01,2020-06-10,3-5%,-3.755,174.4743,180.9189,tp_gap_filled,70.8375,12359.32,3.694,456.52,7
INCY,2020-06-08,2020-06-09,2020-06-10,1-2%,-1.754,91.9619,93.4165,tp_gap_filled,138.6628,12751.69,1.582,201.7,1
CRWD,2020-06-04,2020-06-05,2020-06-11,3-5%,-3.945,23.5811,24.5005,tp_gap_filled,539.9639,12732.92,3.899,496.45,4
ECHO,2020-03-27,2020-06-05,2020-06-11,3-5%,-3.708,34.5745,29.359,stop,368.1975,12730.26,-15.085,-1920.36,4
PPL,2020-03-06,2020-06-05,2020-06-11,2-3%,-2.683,30.8608,27.4387,stop,411.8137,12708.91,-11.089,-1409.29,4
SW,2020-03-12,2020-03-13,2020-06-12,10%+,-24.085,26.5665,31.988,time_exit,363.7412,9663.34,20.407,1972.0,63
LII,2020-03-11,2020-06-08,2020-06-12,2-3%,-2.053,241.6814,214.8814,stop,53.7331,12986.29,-11.089,-1440.05,4
LNT,2020-04-20,2020-06-08,2020-06-15,1-2%,-1.513,52.1221,47.9044,stop,249.8688,13023.68,-8.092,-1053.88,5
F,2020-06-11,2020-06-12,2020-06-16,10%+,-10.866,6.0761,6.8032,tp_gap_filled,2019.221,12268.93,11.967,1468.22,2
KEY,2020-06-11,2020-06-12,2020-06-16,5-10%,-9.078,12.6326,13.8661,tp_gap_filled,976.5703,12336.64,9.764,1204.6,2
MPC,2020-06-11,2020-06-12,2020-06-16,5-10%,-8.395,35.9359,39.1508,tp_gap_filled,344.0938,12365.32,8.946,1106.23,2
UAL,2020-06-15,2020-06-16,2020-06-17,5-10%,-9.128,36.076,39.6203,tp_gap_filled,352.6205,12721.15,9.825,1249.79,1
MTB,2020-06-15,2020-06-16,2020-06-17,5-10%,-5.965,102.5625,108.851,tp_gap_filled,124.796,12799.38,6.131,784.79,1
AEP,2020-03-18,2020-03-19,2020-06-18,5-10%,-6.776,85.105,81.6882,time_exit,107.7098,9166.65,-4.015,-368.02,63
AJG,2020-06-11,2020-06-17,2020-06-18,1-2%,-1.842,98.6586,100.3096,tp_gap_filled,129.1837,12745.08,1.673,213.29,1
IVZ,2020-06-09,2020-06-10,2020-06-19,5-10%,-6.147,10.8508,11.5385,tp_gap_filled,1171.8917,12716.01,6.337,805.8,7
UAL,2020-06-17,2020-06-18,2020-06-19,2-3%,-2.785,39.1291,40.1698,tp_gap_filled,325.2616,12727.19,2.66,338.5,1
ORCL,2020-06-17,2020-06-18,2020-06-22,2-3%,-2.858,53.083,54.5354,tp_gap_filled,239.6231,12719.92,2.736,348.02,2
SW,2020-06-18,2020-06-19,2020-06-23,5-10%,-5.536,31.4314,33.2068,tp_gap_filled,404.4915,12713.73,5.648,718.12,2
GPN,2020-03-05,2020-06-03,2020-06-24,2-3%,-2.362,189.5293,168.5124,stop,66.4406,12592.43,-11.089,-1396.38,15
IFF,2020-06-08,2020-06-09,2020-06-24,2-3%,-2.503,134.5444,119.6248,stop,94.812,12756.43,-11.089,-1414.56,11
KR,2020-06-18,2020-06-22,2020-06-24,1-2%,-1.432,32.3723,32.7772,tp_gap_filled,394.2453,12762.64,1.251,159.61,2
TMUS,2020-06-23,2020-06-24,2020-06-25,2-3%,-2.72,103.8037,106.4934,tp_gap_filled,119.1732,12370.62,2.591,320.54,1
COHR,2020-06-24,2020-06-25,2020-06-26,2-3%,-2.073,49.1691,50.1098,tp_gap_filled,254.8117,12528.87,1.913,239.71,1
TSCO,2020-06-24,2020-06-25,2020-06-26,1-2%,-1.981,25.3653,25.8261,tp_gap_filled,494.374,12539.96,1.817,227.81,1
CMS,2020-03-18,2020-03-30,2020-06-29,5-10%,-5.261,61.4714,57.4924,time_exit,160.9276,9892.45,-6.473,-640.32,63
FCX,2020-06-11,2020-06-16,2020-06-30,5-10%,-6.888,10.6907,11.4585,tp_gap_filled,1196.7469,12794.04,7.182,918.92,10
UAL,2020-06-22,2020-06-23,2020-07-01,3-5%,-4.506,35.2152,36.8032,tp_gap_filled,362.3036,12758.59,4.509,575.33,6
FERG,2020-06-25,2020-06-26,2020-07-01,5-10%,-5.815,77.8278,82.4675,tp_gap_filled,157.9202,12290.58,5.962,732.7,3
CRH,2020-06-24,2020-06-29,2020-07-02,2-3%,-2.422,34.6847,35.4745,tp_gap_filled,358.843,12446.35,2.277,283.43,3
TTWO,2020-05-21,2020-05-26,2020-07-06,3-5%,-3.201,142.2821,146.6932,tp_gap_filled,83.044,11815.68,3.1,366.31,28
PFG,2020-06-18,2020-06-19,2020-07-06,5-10%,-5.017,40.7407,42.8071,tp_gap_filled,312.3072,12723.62,5.072,645.37,10
GS,2020-06-26,2020-07-01,2020-07-06,3-5%,-3.911,199.199,206.8929,tp_gap_filled,63.5271,12654.54,3.862,488.77,2
GIS,2020-07-01,2020-07-02,2020-07-06,1-2%,-1.898,60.5405,61.5884,tp_gap_filled,210.3109,12732.33,1.731,220.38,1
MPC,2020-06-24,2020-06-26,2020-07-08,2-3%,-2.474,37.8778,33.6776,stop,324.6091,12295.49,-11.089,-1363.45,7
FSLR,2020-06-09,2020-07-06,2020-07-08,1-2%,-1.543,53.6536,54.3856,tp_gap_filled,240.4735,12902.27,1.364,176.02,2
RJF,2020-06-24,2020-07-06,2020-07-09,1-2%,-1.752,47.1404,43.3258,stop,273.9932,12916.16,-8.092,-1045.18,3
CARR,2020-06-09,2020-07-06,2020-07-10,2-3%,-2.585,23.7637,24.3456,tp_gap_filled,543.0139,12904.04,2.449,315.97,4
C,2020-06-24,2020-06-25,2020-07-13,2-3%,-2.417,51.7217,52.8971,tp_gap_filled,242.0121,12517.27,2.273,284.46,11
NXPI,2020-06-24,2020-07-09,2020-07-13,1-2%,-1.901,117.7576,119.8001,tp_gap_filled,105.4327,12415.51,1.734,215.34,2
CINF,2020-06-09,2020-07-10,2020-07-13,2-3%,-2.408,69.7797,71.3586,tp_gap_filled,180.4485,12591.65,2.263,284.9,1
ALGN,2020-06-09,2020-07-06,2020-07-14,1-2%,-1.294,286.286,289.4602,tp_gap_filled,45.0575,12899.34,1.109,143.02,6
BDX,2020-05-20,2020-07-08,2020-07-14,2-3%,-2.834,196.3459,201.6696,tp_gap_filled,64.2351,12612.3,2.711,341.97,4
ARE,2020-07-07,2020-07-08,2020-07-15,2-3%,-2.245,161.2511,164.6252,tp_gap_filled,78.1654,12604.25,2.092,263.74,5
BAC,2020-06-26,2020-07-13,2020-07-15,2-3%,-2.549,24.1141,24.6953,tp_gap_filled,521.329,12571.37,2.41,302.99,2
SWK,2020-06-09,2020-07-13,2020-07-15,2-3%,-2.375,144.8547,148.0818,tp_gap_filled,86.7998,12573.35,2.228,280.11,2
LUV,2020-07-07,2020-07-13,2020-07-15,2-3%,-2.362,33.5235,34.2657,tp_gap_filled,374.6966,12561.14,2.214,278.1,2
MCK,2020-07-07,2020-07-14,2020-07-15,2-3%,-2.178,148.3582,151.3585,tp_gap_filled,86.0417,12764.99,2.022,258.15,1
XYL,2020-06-09,2020-07-14,2020-07-15,2-3%,-2.047,70.8908,72.2277,tp_gap_filled,180.034,12762.76,1.886,240.68,1
JCI,2020-03-11,2020-06-05,2020-07-16,3-5%,-3.009,36.4564,37.5124,tp_gap_filled,348.8,12716.0,2.897,368.34,28
KHC,2020-06-09,2020-06-17,2020-07-16,1-2%,-1.972,33.3333,33.936,tp_gap_filled,382.6589,12755.28,1.808,230.64,20
UAL,2020-07-07,2020-07-15,2020-07-16,3-5%,-3.238,34.1041,35.1748,tp_gap_filled,382.7411,13053.03,3.14,409.81,1
AMGN,2020-07-14,2020-07-15,2020-07-16,2-3%,-2.912,243.0028,249.79,tp_gap_filled,53.865,13089.35,2.793,365.59,1
FIX,2020-06-09,2020-07-15,2020-07-16,2-3%,-2.831,41.5715,42.6973,tp_gap_filled,315.531,13117.11,2.708,355.2,1
SYF,2020-06-24,2020-07-15,2020-07-16,2-3%,-2.801,23.2732,23.8961,tp_gap_filled,564.2018,13130.81,2.676,351.4,1
UNH,2020-07-15,2020-07-16,2020-07-17,2-3%,-2.399,301.4211,308.2115,tp_gap_filled,43.3485,13066.15,2.253,294.35,1
CLX,2020-07-15,2020-07-16,2020-07-17,1-2%,-1.644,226.9567,230.2895,tp_gap_filled,57.6258,13078.57,1.468,192.05,1
TER,2020-07-14,2020-07-15,2020-07-20,3-5%,-3.834,83.6035,86.7631,tp_gap_filled,155.8573,13030.22,3.779,492.45,3
TSLA,2020-07-16,2020-07-17,2020-07-20,3-5%,-4.453,98.5758,102.9643,tp_gap_filled,132.3133,13042.89,4.452,580.65,1
KR,2020-07-15,2020-07-16,2020-07-21,1-2%,-1.606,33.7237,34.2058,tp_gap_filled,387.897,13081.32,1.429,186.99,3
FTNT,2020-07-15,2020-07-20,2020-07-21,2-3%,-2.29,26.3063,26.8691,tp_gap_filled,494.4916,13008.24,2.14,278.31,1
PFE,2020-06-01,2020-06-02,2020-07-22,5-10%,-7.044,33.7149,36.1972,tp_gap_filled,367.3204,12384.17,7.363,911.79,35
BAX,2020-06-08,2020-06-09,2020-07-22,1-2%,-1.794,87.6776,89.1008,tp_gap_filled,145.4939,12756.55,1.623,207.07,30
KIM,2020-06-09,2020-06-10,2020-07-24,5-10%,-7.967,14.4544,10.9744,stop,880.4472,12726.37,-24.076,-3064.0,31
EXPE,2020-06-09,2020-07-15,2020-07-31,3-5%,-3.054,91.2111,77.4519,stop,143.5833,13096.39,-15.085,-1975.59,12
STLD,2020-06-11,2020-06-15,2020-08-05,5-10%,-5.864,27.1571,28.7912,tp_gap_filled,458.6825,12456.5,6.017,749.51,36
STT,2020-07-15,2020-07-16,2020-08-05,1-2%,-1.062,64.3643,64.925,tp_gap_filled,203.2406,13081.44,0.871,113.96,14
PODD,2020-05-13,2020-05-18,2020-08-06,5-10%,-5.754,208.208,220.4793,tp_gap_filled,54.8444,11419.04,5.894,673.01,56
CTVA,2020-06-08,2020-06-09,2020-08-06,3-5%,-3.132,29.7197,25.2365,stop,429.3185,12759.21,-15.085,-1924.73,41
NKE,2020-06-26,2020-07-01,2020-08-07,2-3%,-2.86,98.5985,101.2986,tp_gap_filled,128.2917,12649.37,2.738,346.4,26
ZBH,2020-08-04,2020-08-05,2020-08-07,3-5%,-4.215,126.3398,131.6352,tp_gap_filled,104.2863,13175.51,4.191,552.24,2
SW,2020-06-24,2020-06-30,2020-08-10,5-10%,-5.118,32.6626,34.3556,tp_gap_filled,386.8498,12635.53,5.183,654.93,28
UAL,2020-07-16,2020-07-17,2020-08-10,3-5%,-4.867,34.6346,36.3336,tp_gap_filled,376.9744,13056.36,4.906,640.49,16
DOV,2020-06-09,2020-07-22,2020-08-10,1-2%,-1.854,107.0569,108.861,tp_gap_filled,123.2016,13189.59,1.685,222.27,13
HWM,2020-06-09,2020-08-06,2020-08-10,3-5%,-3.948,17.047,17.7123,tp_gap_filled,770.7033,13138.2,3.902,512.7,2
CINF,2020-07-30,2020-08-07,2020-08-10,2-3%,-2.301,81.6015,83.3566,tp_gap_filled,162.5213,13261.98,2.151,285.23,1
APTV,2020-06-09,2020-06-10,2020-08-11,5-10%,-6.914,81.5314,87.4125,tp_gap_filled,155.8786,12709.01,7.213,916.73,43
BNY,2020-07-15,2020-07-16,2020-08-11,5-10%,-5.158,36.997,38.931,tp_gap_filled,353.291,13070.69,5.228,683.29,18
HAL,2020-06-09,2020-08-05,2020-08-11,3-5%,-4.756,15.6356,16.3836,tp_gap_filled,843.5114,13188.82,4.784,630.93,4
SJM,2020-06-04,2020-06-05,2020-08-12,3-5%,-4.433,109.6195,114.4754,tp_gap_filled,116.2712,12745.59,4.43,564.6,47
EXPD,2020-08-05,2020-08-06,2020-08-12,5-10%,-5.93,81.7717,86.7532,tp_gap_filled,160.3988,13116.08,6.092,799.02,4
TTD,2020-08-11,2020-08-12,2020-08-13,2-3%,-2.265,45.5635,46.5264,tp_gap_filled,294.7092,13427.99,2.113,283.78,1
VRT,2020-08-12,2020-08-13,2020-08-14,3-5%,-4.413,16.046,16.7532,tp_gap_filled,834.9266,13397.26,4.407,590.46,1
NEM,2020-08-11,2020-08-12,2020-08-17,3-5%,-4.861,64.6546,67.8221,tp_gap_filled,207.9558,13445.3,4.899,658.7,3
NWS,2020-08-13,2020-08-14,2020-08-17,2-3%,-2.294,14.9249,15.2447,tp_gap_filled,903.958,13491.49,2.143,289.11,1
MCHP,2020-08-05,2020-08-10,2020-08-18,5-10%,-6.755,50.085,53.6063,tp_gap_filled,268.8666,13466.19,7.031,946.76,6
HAL,2020-08-14,2020-08-17,2020-08-18,2-3%,-2.042,16.3263,16.6333,tp_gap_filled,825.8393,13482.91,1.881,253.57,1
CTVA,2020-08-06,2020-08-11,2020-08-19,5-10%,-5.849,26.9069,28.5214,tp_gap_filled,497.5422,13387.31,6.001,803.32,6
CHRW,2020-08-17,2020-08-18,2020-08-19,1-2%,-1.42,93.8237,94.9849,tp_gap_filled,143.9231,13503.4,1.238,167.12,1
CRWD,2020-08-07,2020-08-18,2020-08-20,2-3%,-2.811,26.8268,27.5474,tp_gap_filled,503.4035,13504.71,2.686,362.77,2
SW,2020-08-19,2020-08-20,2020-08-25,3-5%,-3.784,35.6356,36.963,tp_gap_filled,377.8689,13465.58,3.725,501.58,3
NFLX,2020-07-17,2020-07-20,2020-08-26,5-10%,-6.166,49.5365,52.6863,tp_gap_filled,262.4125,12998.99,6.358,826.54,27
KDP,2020-08-18,2020-08-19,2020-08-26,3-5%,-3.395,28.7687,29.7202,tp_gap_filled,467.8725,13460.1,3.307,445.19,5
IBKR,2020-07-16,2020-07-17,2020-08-27,5-10%,-5.806,12.545,13.2917,tp_gap_filled,1039.5266,13040.9,5.952,776.18,29
ODFL,2020-08-25,2020-08-26,2020-08-27,2-3%,-2.917,96.6115,99.3156,tp_gap_filled,141.4721,13667.83,2.799,382.55,1
MGM,2020-06-09,2020-08-10,2020-08-28,3-5%,-3.872,22.8628,23.7362,tp_gap_filled,587.6663,13435.72,3.82,513.27,14
ALGN,2020-07-20,2020-07-21,2020-09-02,3-5%,-3.67,310.7805,321.9777,tp_gap_filled,42.2621,13134.23,3.603,473.22,31
TXT,2020-06-09,2020-08-10,2020-09-02,5-10%,-5.351,38.4184,40.5094,tp_gap_filled,349.9709,13445.32,5.443,731.81,17
UBER,2020-08-07,2020-08-10,2020-09-03,3-5%,-4.667,33.1231,34.6753,tp_gap_filled,406.153,13453.04,4.686,630.43,18
RCL,2020-09-01,2020-09-02,2020-09-03,2-3%,-2.687,67.057,68.7712,tp_gap_filled,209.1623,14025.79,2.556,358.54,1
IVZ,2020-08-13,2020-09-03,2020-09-04,3-5%,-3.512,11.001,11.3786,tp_gap_filled,1247.6888,13725.81,3.433,471.15,1
HST,2020-06-11,2020-06-12,2020-09-11,5-10%,-9.255,12.0721,11.1189,time_exit,1019.5186,12307.69,-7.896,-971.8,63
COP,2020-06-11,2020-06-12,2020-09-11,5-10%,-8.342,42.1221,33.0769,time_exit,293.8386,12377.09,-21.474,-2657.83,63
MLM,2020-09-08,2020-09-11,2020-09-14,1-2%,-1.608,211.8616,214.8949,tp_gap_filled,63.5165,13456.72,1.432,192.66,1
VTR,2020-06-09,2020-09-03,2020-09-15,3-5%,-3.086,44.3243,45.6443,tp_gap_filled,309.8637,13734.48,2.978,409.03,7
TJX,2020-08-19,2020-08-27,2020-09-16,5-10%,-5.988,54.064,57.3926,tp_gap_filled,254.6864,13769.37,6.157,847.73,13
PRU,2020-06-09,2020-08-11,2020-09-24,3-5%,-3.653,72.072,61.1999,stop,185.5747,13374.74,-15.085,-2017.58,31
XYZ,2020-09-03,2020-09-15,2020-09-28,3-5%,-3.61,157.157,162.7171,tp_gap_filled,86.4338,13583.68,3.538,480.58,9
KLAC,2020-09-08,2020-09-16,2020-09-28,5-10%,-6.299,18.1371,19.3177,tp_gap_filled,750.6251,13614.18,6.509,886.15,8
IVZ,2020-09-21,2020-09-24,2020-09-28,3-5%,-3.916,10.5606,10.969,tp_gap_filled,1250.6836,13207.91,3.868,510.87,2
HAS,2020-06-09,2020-07-21,2020-09-30,3-5%,-4.862,79.9198,83.8361,tp_gap_filled,164.4547,13143.19,4.9,644.04,50
AXON,2020-08-07,2020-08-25,2020-09-30,5-10%,-6.731,85.5855,91.5783,tp_gap_filled,158.9418,13603.11,7.002,952.51,25
CNC,2020-09-21,2020-09-30,2020-10-05,5-10%,-5.12,58.058,61.0689,tp_gap_filled,236.0731,13705.93,5.186,710.79,3
UAL,2020-09-21,2020-09-28,2020-10-06,3-5%,-4.247,35.4354,36.933,tp_gap_filled,384.6763,13631.16,4.226,576.1,6
HCA,2020-09-21,2020-09-30,2020-10-06,3-5%,-4.786,126.0459,132.1178,tp_gap_filled,108.7631,13709.14,4.817,660.39,4
NCLH,2020-10-02,2020-10-05,2020-10-06,5-10%,-6.113,16.2963,17.3227,tp_gap_filled,859.5426,14007.35,6.298,882.22,1
LYB,2020-09-21,2020-10-06,2020-10-07,3-5%,-3.354,76.4263,78.921,tp_gap_filled,183.45,14020.41,3.264,457.64,1
D,2020-07-06,2020-07-22,2020-10-08,3-5%,-3.991,79.4694,82.6073,tp_gap_filled,165.9623,13188.92,3.949,520.78,55
ADP,2020-07-29,2020-08-11,2020-10-08,3-5%,-4.582,140.0699,146.5033,tp_gap_filled,95.5534,13384.15,4.593,614.73,41
DAL,2020-09-21,2020-09-28,2020-10-08,5-10%,-5.116,31.1912,32.8072,tp_gap_filled,436.5479,13616.44,5.181,705.46,8
SYY,2020-09-21,2020-10-06,2020-10-08,3-5%,-3.815,65.1151,67.5624,tp_gap_filled,215.4737,14030.58,3.758,527.33,2
BBY,2020-08-25,2020-08-26,2020-10-09,3-5%,-3.297,113.6135,117.2526,tp_gap_filled,120.3702,13675.68,3.203,438.04,31
VTRS,2020-09-21,2020-10-08,2020-10-09,1-2%,-1.78,15.4654,15.7143,tp_gap_filled,926.4928,14328.63,1.609,230.53,1
MTD,2020-10-07,2020-10-08,2020-10-09,1-2%,-1.693,977.997,992.8561,tp_gap_filled,14.6631,14340.42,1.519,217.88,1
NDSN,2020-08-20,2020-08-27,2020-10-12,5-10%,-5.305,193.5033,203.9359,tp_gap_filled,71.1324,13764.35,5.391,742.09,31
KDP,2020-09-10,2020-09-11,2020-10-12,1-2%,-1.829,29.009,29.4905,tp_gap_filled,464.0242,13460.87,1.66,223.43,21
ACN,2020-09-24,2020-09-28,2020-10-12,5-10%,-5.107,219.0889,230.4193,tp_gap_filled,62.1651,13619.68,5.172,704.36,10
NVDA,2020-09-03,2020-10-06,2020-10-12,3-5%,-3.609,13.8426,14.3322,tp_gap_filled,1013.2349,14025.78,3.537,496.05,4
MU,2020-09-30,2020-10-07,2020-10-12,3-5%,-3.471,48.999,50.6593,tp_gap_filled,289.8772,14203.68,3.389,481.29,3
TER,2020-09-03,2020-10-09,2020-10-13,1-2%,-1.901,86.7767,88.2816,tp_gap_filled,165.4845,14360.2,1.734,249.04,2
CDNS,2020-09-03,2020-10-12,2020-10-13,1-2%,-1.939,114.9348,116.9729,tp_gap_filled,125.9392,14474.79,1.773,256.67,1
NFLX,2020-09-03,2020-10-12,2020-10-13,1-2%,-1.418,54.5545,55.2287,tp_gap_filled,265.4356,14480.71,1.236,178.96,1
AMAT,2020-09-03,2020-10-12,2020-10-13,1-2%,-1.368,64.2542,65.0149,tp_gap_filled,225.2475,14473.1,1.184,171.35,1
DGX,2020-08-27,2020-08-28,2020-10-14,5-10%,-7.699,109.3292,118.2117,tp_gap_filled,126.5028,13830.46,8.124,1123.66,32
ISRG,2020-09-03,2020-10-12,2020-10-14,1-2%,-1.601,251.2043,254.7816,tp_gap_filled,57.6373,14478.73,1.424,206.19,2
OXY,2020-10-12,2020-10-13,2020-10-14,1-2%,-1.664,10.6506,10.8092,tp_gap_filled,1359.9012,14483.82,1.489,215.6,1
HST,2020-09-17,2020-10-08,2020-10-15,1-2%,-1.658,11.8719,10.9112,stop,1210.0386,14365.41,-8.092,-1162.45,5
GE,2020-09-18,2020-10-09,2020-10-16,1-2%,-1.844,34.5247,35.103,tp_gap_filled,415.7776,14354.6,1.675,240.45,5
AMZN,2020-09-03,2020-10-12,2020-10-16,1-2%,-1.315,174.4242,160.3098,stop,83.0039,14477.89,-8.092,-1171.55,4
UNH,2020-10-14,2020-10-15,2020-10-16,2-3%,-2.821,322.3921,331.0886,tp_gap_filled,44.8801,14468.99,2.697,390.3,1
PCG,2020-10-12,2020-10-13,2020-10-19,5-10%,-5.855,10.1401,10.7492,tp_gap_filled,1426.2134,14461.99,6.007,868.72,4
DDOG,2020-10-15,2020-10-16,2020-10-19,5-10%,-5.592,107.3072,113.4365,tp_gap_filled,135.1542,14503.02,5.712,828.39,1
FSLR,2020-10-15,2020-10-16,2020-10-19,3-5%,-3.595,80.7907,83.6363,tp_gap_filled,180.0341,14545.08,3.522,512.3,1
PYPL,2020-09-03,2020-10-13,2020-10-21,2-3%,-2.433,205.8957,210.6092,tp_gap_filled,70.3139,14477.33,2.289,331.42,6
FE,2020-07-22,2020-07-24,2020-10-22,10%+,-15.299,29.039,32.997,time_exit,448.2205,13015.88,13.63,1774.04,63
OKE,2020-10-15,2020-10-16,2020-10-22,3-5%,-4.641,28.5886,29.9201,tp_gap_filled,508.4957,14537.16,4.657,677.06,4
DOC,2020-10-16,2020-10-19,2020-10-22,1-2%,-1.738,27.1671,27.5924,tp_gap_filled,534.1468,14511.24,1.565,227.14,3
KEY,2020-10-21,2020-10-22,2020-10-23,3-5%,-4.434,12.5125,13.0669,tp_gap_filled,1176.616,14722.41,4.431,652.34,1
AMD,2020-09-03,2020-10-08,2020-10-27,2-3%,-2.638,87.9278,78.1775,stop,163.0904,14340.19,-11.089,-1590.18,13
MCHP,2020-10-13,2020-10-19,2020-10-28,1-2%,-1.2,56.4364,51.8695,stop,256.8288,14494.49,-8.092,-1172.89,7
FSLR,2020-10-26,2020-10-27,2020-10-28,3-5%,-3.186,82.7327,85.2846,tp_gap_filled,174.3227,14422.18,3.085,444.87,1
BAX,2020-07-30,2020-07-31,2020-10-29,5-10%,-6.315,85.085,78.0019,time_exit,151.5424,12893.99,-8.325,-1073.39,63
GE,2020-10-26,2020-10-28,2020-10-29,2-3%,-2.228,37.2188,37.9909,tp_gap_filled,376.5599,14015.12,2.074,290.74,1
MLM,2020-10-13,2020-10-14,2020-11-02,3-5%,-3.576,260.7705,269.8998,tp_gap_filled,55.4556,14461.2,3.501,506.27,13
VMC,2020-10-13,2020-10-14,2020-11-03,3-5%,-3.225,145.3952,149.9399,tp_gap_filled,99.4433,14458.59,3.126,451.94,14
SW,2020-10-13,2020-10-14,2020-11-04,2-3%,-2.719,39.7597,40.7892,tp_gap_filled,363.9411,14470.2,2.589,374.66,15
PFE,2020-10-27,2020-10-28,2020-11-04,2-3%,-2.321,35.1775,35.9413,tp_gap_filled,399.288,14045.94,2.171,304.97,5
CAH,2020-08-06,2020-08-07,2020-11-05,5-10%,-8.854,52.5525,53.0069,time_exit,252.3503,13261.64,0.865,114.68,63
LITE,2020-09-03,2020-09-04,2020-11-05,5-10%,-9.772,78.9288,87.3026,tp_gap_filled,173.4154,13687.48,10.609,1452.14,43
GEN,2020-09-11,2020-09-14,2020-11-05,5-10%,-6.898,20.9409,22.4475,tp_gap_filled,651.0187,13632.93,7.195,980.83,38
TTD,2020-10-15,2020-10-19,2020-11-05,3-5%,-4.581,62.4624,65.3306,tp_gap_filled,232.4374,14518.6,4.592,666.68,13
PYPL,2020-11-03,2020-11-04,2020-11-05,5-10%,-5.23,178.1179,187.5722,tp_gap_filled,81.3559,14490.94,5.308,769.16,1
MA,2020-10-28,2020-11-04,2020-11-05,3-5%,-4.863,301.9917,316.7929,tp_gap_filled,48.2024,14556.72,4.901,713.45,1
FTNT,2020-08-07,2020-08-10,2020-11-06,5-10%,-6.15,26.2122,23.4186,time_exit,513.7609,13466.8,-10.658,-1435.26,63
CARR,2020-11-04,2020-11-05,2020-11-06,3-5%,-3.572,35.6656,36.9131,tp_gap_filled,418.2318,14916.5,3.498,521.71,1
CPAY,2020-08-07,2020-08-17,2020-11-09,5-10%,-6.692,245.6454,262.737,tp_gap_filled,54.89,13483.47,6.958,938.16,59
STLD,2020-10-20,2020-10-21,2020-11-09,2-3%,-2.748,32.2422,33.0869,tp_gap_filled,451.9702,14572.52,2.62,381.77,13
SYF,2020-10-20,2020-10-22,2020-11-09,3-5%,-3.508,28.0881,29.0509,tp_gap_filled,525.3405,14755.79,3.428,505.83,12
IBKR,2020-10-21,2020-10-22,2020-11-09,3-5%,-3.112,12.0746,12.4375,tp_gap_filled,1221.7777,14752.43,3.006,443.49,12
EQT,2020-10-28,2020-10-29,2020-11-09,3-5%,-4.95,15.3754,13.056,stop,923.0876,14192.8,-15.085,-2140.98,7
IEX,2020-10-28,2020-11-02,2020-11-09,5-10%,-5.086,176.7165,185.814,tp_gap_filled,79.9307,14125.08,5.148,727.17,5
ANET,2020-08-05,2020-11-03,2020-11-09,5-10%,-6.057,15.5155,16.4829,tp_gap_filled,921.447,14296.71,6.235,891.38,4
URI,2020-11-04,2020-11-05,2020-11-09,5-10%,-6.652,188.2381,201.2485,tp_gap_filled,79.0968,14889.02,6.912,1029.09,2
SCHW,2020-11-04,2020-11-05,2020-11-09,5-10%,-6.039,40.03,42.5174,tp_gap_filled,371.536,14872.58,6.214,924.18,2
CAT,2020-11-04,2020-11-05,2020-11-09,5-10%,-5.075,159.3392,167.5223,tp_gap_filled,93.5047,14898.96,5.136,765.16,2
HBAN,2020-11-04,2020-11-06,2020-11-09,3-5%,-3.877,10.6707,11.0789,tp_gap_filled,1397.6226,14913.56,3.826,570.58,1
KEY,2020-11-04,2020-11-06,2020-11-09,3-5%,-3.123,13.3533,13.7562,tp_gap_filled,1114.1161,14877.17,3.017,448.87,1
T,2020-10-08,2020-10-09,2020-11-10,1-2%,-1.667,21.4111,21.7305,tp_gap_filled,670.0066,14345.59,1.492,214.0,22
MLM,2020-11-04,2020-11-05,2020-11-10,5-10%,-8.517,252.8926,275.8838,tp_gap_filled,58.7898,14867.51,9.091,1351.65,3
AXP,2020-10-23,2020-11-09,2020-11-10,3-5%,-3.97,100.7306,104.6852,tp_gap_filled,149.4398,15053.16,3.926,590.97,1
CINF,2020-10-22,2020-11-09,2020-11-10,3-5%,-3.903,81.081,84.2057,tp_gap_filled,187.1892,15177.49,3.854,584.91,1
CCL,2020-09-15,2020-11-09,2020-11-10,3-5%,-3.641,17.2172,17.8322,tp_gap_filled,884.0579,15221.0,3.572,543.65,1
SLB,2020-09-21,2020-11-09,2020-11-10,3-5%,-3.364,18.1181,18.7113,tp_gap_filled,845.0587,15310.86,3.274,501.26,1
TECH,2020-11-06,2020-11-09,2020-11-10,3-5%,-3.112,73.8538,76.0739,tp_gap_filled,207.2721,15307.83,3.006,460.16,1
SMCI,2020-11-06,2020-11-09,2020-11-11,3-5%,-3.102,2.7828,2.8661,tp_gap_filled,5509.0908,15330.59,2.995,459.19,2
UPS,2020-11-09,2020-11-10,2020-11-11,2-3%,-2.135,164.2641,167.5123,tp_gap_filled,93.0676,15287.66,1.977,302.3,1
CVNA,2020-11-09,2020-11-11,2020-11-12,3-5%,-4.167,40.2902,41.958,tp_gap_filled,382.812,15423.59,4.139,638.43,1
UNP,2020-10-21,2020-11-09,2020-11-16,3-5%,-3.255,200.2501,206.5732,tp_gap_filled,76.4865,15316.43,3.158,483.64,5
EXPE,2020-11-10,2020-11-11,2020-11-16,3-5%,-4.944,122.4023,128.5114,tp_gap_filled,126.1466,15440.63,4.991,770.64,3
NCLH,2020-11-10,2020-11-11,2020-11-16,3-5%,-3.301,20.8208,21.4885,tp_gap_filled,741.8442,15445.79,3.207,495.32,3
BDX,2020-08-06,2020-08-19,2020-11-17,5-10%,-6.15,204.223,185.7398,time_exit,65.9617,13470.89,-9.051,-1219.18,63
HAS,2020-10-26,2020-11-09,2020-11-17,5-10%,-5.413,87.107,91.908,tp_gap_filled,173.3121,15096.7,5.512,832.07,6
MOS,2020-11-03,2020-11-09,2020-11-18,5-10%,-8.231,17.968,19.5404,tp_gap_filled,842.4708,15137.47,8.752,1324.78,7
HAL,2020-09-08,2020-11-16,2020-11-18,3-5%,-3.127,15.5055,15.974,tp_gap_filled,1011.472,15683.37,3.022,473.89,2
UAL,2020-11-10,2020-11-16,2020-11-18,2-3%,-2.106,40.4905,41.2787,tp_gap_filled,387.2782,15681.07,1.947,305.26,2
WSM,2020-11-09,2020-11-17,2020-11-19,2-3%,-2.475,48.7087,49.8451,tp_gap_filled,321.3771,15653.85,2.333,365.23,2
WDC,2020-08-06,2020-09-02,2020-11-23,10%+,-12.076,29.5836,33.5794,tp_gap_filled,474.2761,14030.79,13.507,1895.11,57
DGX,2020-11-09,2020-11-10,2020-11-23,5-10%,-7.021,118.118,126.7831,tp_gap_filled,129.1448,15254.32,7.336,1119.05,9
VLO,2020-11-17,2020-11-18,2020-11-23,3-5%,-4.94,52.9729,55.6143,tp_gap_filled,293.0779,15525.19,4.986,774.14,3
DLTR,2020-08-27,2020-11-09,2020-11-24,3-5%,-4.48,99.6696,104.1358,tp_gap_filled,151.3191,15081.91,4.481,675.82,11
ROP,2020-10-27,2020-11-09,2020-11-24,3-5%,-3.085,405.405,417.4721,tp_gap_filled,37.8068,15327.07,2.977,456.22,11
ROK,2020-11-10,2020-11-11,2020-11-24,3-5%,-4.954,242.3621,254.4853,tp_gap_filled,63.7112,15441.18,5.002,772.38,9
CCL,2020-11-10,2020-11-17,2020-11-24,3-5%,-3.688,18.5585,19.2308,tp_gap_filled,844.6422,15675.33,3.622,567.78,5
NCLH,2020-11-18,2020-11-19,2020-11-24,5-10%,-6.301,20.6907,22.0379,tp_gap_filled,751.6628,15552.41,6.511,1012.69,3
PYPL,2020-11-09,2020-11-23,2020-11-24,3-5%,-3.448,195.9357,202.5273,tp_gap_filled,80.0172,15678.23,3.364,527.43,1
PCAR,2020-11-20,2020-11-23,2020-11-24,2-3%,-2.099,58.8254,59.9666,tp_gap_filled,266.8534,15697.77,1.94,304.54,1
QCOM,2020-11-23,2020-11-24,2020-11-25,2-3%,-2.52,142.4924,145.884,tp_gap_filled,111.6283,15906.18,2.38,378.6,1
MSI,2020-11-17,2020-11-24,2020-11-25,1-2%,-1.047,172.2521,173.7261,tp_gap_filled,92.5566,15943.07,0.856,136.43,1
WYNN,2020-11-10,2020-11-24,2020-11-27,2-3%,-2.191,100.1,102.1378,tp_gap_filled,159.0946,15925.37,2.036,324.2,2
MRNA,2020-11-24,2020-11-25,2020-11-27,2-3%,-2.603,98.4984,100.929,tp_gap_filled,161.7505,15932.17,2.468,393.15,1
NOW,2020-11-09,2020-11-12,2020-12-01,3-5%,-4.77,102.0319,106.929,tp_gap_filled,148.9066,15193.23,4.8,729.2,12
IBM,2020-10-20,2020-11-23,2020-12-01,3-5%,-4.557,114.6461,119.88,tp_gap_filled,136.7436,15677.12,4.565,715.71,5
EL,2020-11-19,2020-11-24,2020-12-01,1-2%,-1.746,246.1959,250.0697,tp_gap_filled,64.7717,15946.53,1.573,250.91,4
CVS,2020-11-17,2020-11-18,2020-12-04,5-10%,-7.105,68.3182,73.3965,tp_gap_filled,227.935,15572.12,7.433,1157.52,11
APA,2020-09-08,2020-11-24,2020-12-04,3-5%,-3.493,14.1041,14.5854,tp_gap_filled,1128.0273,15909.8,3.413,542.93,7
RVTY,2020-11-09,2020-12-01,2020-12-04,3-5%,-3.397,136.6365,141.1587,tp_gap_filled,117.1752,16010.41,3.31,529.89,3
NDSN,2020-12-03,2020-12-04,2020-12-07,2-3%,-2.248,193.2831,197.3325,tp_gap_filled,83.8521,16207.19,2.095,339.55,1
PNR,2020-12-03,2020-12-04,2020-12-08,2-3%,-2.569,50.1101,51.3286,tp_gap_filled,323.0868,16189.9,2.432,393.7,2
PGR,2020-11-24,2020-12-07,2020-12-08,1-2%,-1.991,91.1711,92.8371,tp_gap_filled,177.7266,16203.52,1.827,296.09,1
OXY,2020-12-07,2020-12-08,2020-12-09,3-5%,-4.088,17.8478,18.5714,tp_gap_filled,911.3447,16265.53,4.054,659.43,1
EQT,2020-12-07,2020-12-08,2020-12-10,2-3%,-2.458,13.9039,14.2258,tp_gap_filled,1174.0563,16323.95,2.315,377.89,2
MOS,2020-11-25,2020-11-27,2020-12-14,3-5%,-4.443,22.1721,23.1568,tp_gap_filled,723.4149,16039.66,4.441,712.33,11
KIM,2020-12-08,2020-12-09,2020-12-14,2-3%,-2.649,14.7147,15.0849,tp_gap_filled,1096.3571,16132.57,2.516,405.87,3
VEEV,2020-12-09,2020-12-10,2020-12-15,2-3%,-2.89,262.0117,269.2705,tp_gap_filled,61.2785,16055.7,2.77,444.8,3
CMG,2020-10-22,2020-10-23,2020-12-16,5-10%,-5.448,25.87,27.3059,tp_gap_filled,572.3687,14807.2,5.55,821.82,37
NFLX,2020-10-21,2020-10-29,2020-12-16,3-5%,-4.642,50.1531,52.4895,tp_gap_filled,283.1687,14201.79,4.658,661.58,33
WDAY,2020-11-20,2020-11-27,2020-12-16,3-5%,-4.584,220.4402,230.5692,tp_gap_filled,72.7056,16027.23,4.595,736.43,13
ABNB,2020-12-14,2020-12-16,2020-12-17,3-5%,-3.052,135.135,139.1108,tp_gap_filled,120.9572,16345.55,2.942,480.9,1
CRH,2020-11-27,2020-12-01,2020-12-18,3-5%,-4.475,40.6006,42.4175,tp_gap_filled,394.4467,16014.76,4.475,716.7,13
SW,2020-12-14,2020-12-15,2020-12-18,3-5%,-3.419,45.2452,46.7532,tp_gap_filled,359.6169,16270.94,3.333,542.3,3
DRI,2020-11-10,2020-12-16,2020-12-18,2-3%,-2.115,118.118,120.4295,tp_gap_filled,138.5452,16364.68,1.957,320.24,2
TSCO,2020-10-22,2020-12-01,2020-12-21,3-5%,-4.714,28.4464,29.7942,tp_gap_filled,563.4873,16029.2,4.738,759.44,14
INTC,2020-12-07,2020-12-14,2020-12-21,1-2%,-1.904,51.051,46.92,stop,315.9435,16129.23,-8.092,-1305.18,5
MRNA,2020-12-16,2020-12-17,2020-12-21,5-10%,-6.433,137.8877,147.0728,tp_gap_filled,119.5405,16483.17,6.661,1097.98,2
HBAN,2020-12-17,2020-12-18,2020-12-21,1-2%,-1.677,12.3223,12.5075,tp_gap_filled,1340.7331,16520.93,1.503,248.26,1
FLEX,2020-12-18,2020-12-21,2020-12-22,3-5%,-4.099,12.884,13.4078,tp_gap_filled,1279.9445,16490.82,4.066,670.46,1
PLTR,2020-12-18,2020-12-21,2020-12-22,3-5%,-3.526,26.2963,27.2028,tp_gap_filled,628.4237,16525.2,3.447,569.67,1
NWSA,2020-12-18,2020-12-21,2020-12-22,1-2%,-1.355,17.4875,17.6923,tp_gap_filled,948.9513,16594.76,1.171,194.36,1
AXON,2020-12-16,2020-12-21,2020-12-22,1-2%,-1.304,127.2571,128.6812,tp_gap_filled,130.464,16602.47,1.119,185.79,1
FANG,2020-12-21,2020-12-22,2020-12-23,5-10%,-7.81,42.3023,45.7942,tp_gap_filled,390.6715,16526.29,8.255,1364.19,1
DVN,2020-12-21,2020-12-22,2020-12-23,5-10%,-6.206,14.6747,15.6144,tp_gap_filled,1127.9344,16552.05,6.404,1059.93,1
DASH,2020-12-14,2020-12-18,2020-12-28,3-5%,-3.371,169.2691,143.7349,stop,97.6858,16535.19,-15.085,-2494.33,5
NDSN,2020-12-16,2020-12-18,2020-12-28,1-2%,-1.466,199.1489,201.7081,tp_gap_filled,82.9804,16525.47,1.285,212.36,5
WBD,2020-12-18,2020-12-23,2020-12-28,2-3%,-2.575,28.028,28.7113,tp_gap_filled,598.5952,16777.43,2.438,409.0,2
TSLA,2020-12-21,2020-12-28,2020-12-30,3-5%,-4.138,222.3021,231.435,tp_gap_filled,74.9899,16670.42,4.108,684.88,2
VMC,2020-11-04,2020-11-05,2021-01-04,5-10%,-6.36,140.7506,150.0098,tp_gap_filled,105.7895,14889.94,6.578,979.53,39
URI,2020-12-15,2020-12-16,2021-01-05,2-3%,-2.997,231.9617,238.6511,tp_gap_filled,70.541,16362.81,2.884,471.88,12
OXY,2020-12-21,2020-12-22,2021-01-05,5-10%,-8.153,17.027,18.5015,tp_gap_filled,970.8976,16531.48,8.66,1431.56,8
APA,2020-12-21,2020-12-22,2021-01-05,5-10%,-7.045,14.2642,15.3147,tp_gap_filled,1160.9743,16560.43,7.364,1219.51,8
EQT,2020-12-28,2021-01-04,2021-01-05,2-3%,-2.804,13.5335,13.8961,tp_gap_filled,1226.6922,16601.46,2.679,444.76,1
REGN,2020-11-09,2020-11-10,2021-01-06,3-5%,-4.571,552.1616,468.868,stop,27.6692,15277.9,-15.085,-2304.67,38
ALLE,2020-11-17,2020-11-24,2021-01-06,1-2%,-1.167,116.9969,118.1417,tp_gap_filled,136.2881,15945.28,0.979,156.03,28
GPC,2020-12-02,2020-12-04,2021-01-06,3-5%,-3.669,98.0379,101.5683,tp_gap_filled,165.1213,16188.15,3.601,582.94,21
GLW,2020-12-11,2020-12-14,2021-01-06,2-3%,-2.367,36.3263,37.1328,tp_gap_filled,443.7144,16118.5,2.22,357.87,15
HPE,2020-12-21,2020-12-23,2021-01-06,2-3%,-2.228,11.8619,12.1079,tp_gap_filled,1414.9875,16784.37,2.074,348.13,8
BA,2021-01-04,2021-01-05,2021-01-06,1-2%,-1.897,210.21,213.8459,tp_gap_filled,80.1522,16848.79,1.73,291.43,1
PLTR,2020-12-31,2021-01-05,2021-01-07,1-2%,-1.873,24.6546,25.0749,tp_gap_filled,683.6235,16854.48,1.705,287.31,2
FSLR,2021-01-05,2021-01-06,2021-01-07,3-5%,-4.099,97.1871,101.1388,tp_gap_filled,175.3657,17043.28,4.066,692.99,1
PHM,2021-01-05,2021-01-06,2021-01-07,3-5%,-3.435,40.8008,42.1678,tp_gap_filled,418.2577,17065.23,3.351,571.77,1
STT,2021-01-05,2021-01-06,2021-01-07,3-5%,-3.433,69.8398,72.1778,tp_gap_filled,244.3631,17066.26,3.348,571.32,1
NTRS,2021-01-05,2021-01-06,2021-01-07,1-2%,-1.989,90.7507,92.4075,tp_gap_filled,189.1054,17161.44,1.826,313.32,1
MAS,2021-01-04,2021-01-06,2021-01-07,1-2%,-1.729,54.034,54.8751,tp_gap_filled,318.5677,17213.48,1.557,267.94,1
BMY,2020-12-21,2020-12-30,2021-01-08,1-2%,-1.774,62.062,63.0569,tp_gap_filled,268.7474,16679.0,1.603,267.37,6
SWK,2021-01-04,2021-01-05,2021-01-08,3-5%,-4.884,170.0098,178.3814,tp_gap_filled,99.1013,16848.2,4.924,829.64,3
CRWD,2021-01-06,2021-01-07,2021-01-08,3-5%,-3.427,51.051,52.7572,tp_gap_filled,338.2352,17267.25,3.342,577.09,1
CDNS,2021-01-06,2021-01-07,2021-01-08,2-3%,-2.791,132.4723,136.0039,tp_gap_filled,131.0588,17361.66,2.666,462.84,1
XYZ,2021-01-06,2021-01-07,2021-01-08,2-3%,-2.76,223.6334,229.5202,tp_gap_filled,77.7686,17391.66,2.632,457.81,1
CHTR,2021-01-06,2021-01-07,2021-01-11,3-5%,-3.838,612.7721,635.9534,tp_gap_filled,28.132,17238.48,3.783,652.14,2
TTD,2021-01-06,2021-01-08,2021-01-11,2-3%,-2.776,76.7421,78.7751,tp_gap_filled,226.6461,17393.29,2.649,460.79,1
GD,2020-12-21,2020-12-28,2021-01-12,1-2%,-1.742,150.16,152.5173,tp_gap_filled,110.9311,16657.42,1.57,261.5,10
UBER,2021-01-08,2021-01-11,2021-01-12,3-5%,-3.091,54.4494,56.0739,tp_gap_filled,318.8481,17361.08,2.983,517.96,1
DPZ,2020-10-08,2020-10-13,2021-01-13,5-10%,-5.835,406.3059,381.4781,time_exit,35.6254,14474.82,-6.111,-884.5,63
FCX,2021-01-11,2021-01-12,2021-01-13,5-10%,-5.233,29.5495,31.1188,tp_gap_filled,586.7984,17339.61,5.311,920.88,1
JCI,2021-01-11,2021-01-12,2021-01-13,3-5%,-4.386,49.099,51.2487,tp_gap_filled,354.0165,17381.87,4.378,761.01,1
TDY,2021-01-04,2021-01-05,2021-01-14,10%+,-10.001,353.1328,391.588,tp_gap_filled,47.5601,16795.03,10.89,1828.94,7
LLY,2021-01-12,2021-01-13,2021-01-14,1-2%,-1.694,182.9728,185.7541,tp_gap_filled,95.1927,17417.68,1.52,264.76,1
CCL,2021-01-11,2021-01-13,2021-01-14,1-2%,-1.466,20.1902,20.4495,tp_gap_filled,863.2768,17429.71,1.285,223.9,1
FISV,2020-12-09,2021-01-08,2021-01-15,1-2%,-1.687,116.116,106.7199,stop,150.1363,17433.22,-8.092,-1410.7,5
ARE,2021-01-06,2021-01-07,2021-01-20,3-5%,-3.717,164.4142,170.4194,tp_gap_filled,104.9933,17262.39,3.652,630.5,8
NOW,2021-01-06,2021-01-08,2021-01-20,2-3%,-2.293,104.058,106.2876,tp_gap_filled,167.4592,17425.46,2.143,373.37,7
META,2021-01-06,2021-01-07,2021-01-21,3-5%,-3.31,262.262,270.699,tp_gap_filled,66.118,17340.25,3.217,557.84,9
MRNA,2021-01-19,2021-01-20,2021-01-21,5-10%,-5.823,122.2221,129.5203,tp_gap_filled,143.5283,17542.33,5.971,1047.5,1
CLX,2020-11-09,2020-11-11,2021-01-25,5-10%,-6.713,203.6434,217.8619,tp_gap_filled,75.8442,15445.18,6.982,1078.39,49
AMCR,2020-11-23,2020-11-24,2021-01-25,1-2%,-1.09,59.059,54.2799,stop,269.9651,15943.87,-8.092,-1290.18,40
BKR,2021-01-15,2021-01-21,2021-01-26,2-3%,-2.32,23.1832,20.6124,stop,759.2201,17601.12,-11.089,-1951.79,3
OXY,2021-01-22,2021-01-25,2021-01-26,3-5%,-4.039,20.6907,21.5185,tp_gap_filled,849.3505,17573.63,4.001,703.08,1
STX,2021-01-22,2021-01-25,2021-01-26,3-5%,-3.861,60.5705,62.8771,tp_gap_filled,290.7096,17608.43,3.808,670.54,1
EL,2021-01-04,2021-01-06,2021-01-27,1-2%,-1.931,261.311,240.1657,stop,65.911,17223.27,-8.092,-1393.71,14
ADP,2021-01-13,2021-01-14,2021-01-27,3-5%,-4.176,162.162,168.8909,tp_gap_filled,107.146,17375.02,4.15,720.98,8
T,2021-01-08,2021-01-14,2021-01-27,2-3%,-2.574,22.0311,22.568,tp_gap_filled,790.1201,17407.19,2.437,424.27,8
MO,2020-12-24,2020-12-28,2021-01-28,2-3%,-2.286,41.9319,42.8271,tp_gap_filled,397.4637,16666.4,2.135,355.83,21
SYY,2021-01-25,2021-01-26,2021-01-28,2-3%,-2.913,73.073,75.1148,tp_gap_filled,239.5383,17503.78,2.794,489.09,2
PLTR,2021-01-26,2021-01-27,2021-01-28,3-5%,-3.009,35.1751,36.1938,tp_gap_filled,490.6483,17258.62,2.896,499.79,1
PCAR,2021-01-26,2021-01-27,2021-01-28,2-3%,-2.114,63.9772,65.228,tp_gap_filled,271.2286,17352.46,1.955,339.25,1
NCLH,2021-01-22,2021-01-27,2021-01-28,1-2%,-1.961,24.5245,24.965,tp_gap_filled,707.716,17356.38,1.796,311.76,1
FSLR,2021-01-27,2021-01-28,2021-01-29,3-5%,-4.375,100.2101,104.5853,tp_gap_filled,174.0223,17438.79,4.366,761.38,1
UBER,2021-01-27,2021-01-28,2021-02-01,3-5%,-3.756,50.02,51.8681,tp_gap_filled,349.3695,17475.45,3.695,645.67,2
MCHP,2021-01-27,2021-01-28,2021-02-02,3-5%,-3.814,69.7947,72.4175,tp_gap_filled,250.4679,17481.34,3.758,656.92,3
SW,2021-01-11,2021-01-14,2021-02-04,2-3%,-2.581,47.9879,49.1608,tp_gap_filled,362.0424,17373.67,2.444,424.62,14
EW,2021-01-28,2021-01-29,2021-02-04,3-5%,-3.277,82.1421,84.7552,tp_gap_filled,210.1212,17259.79,3.181,549.07,4
PFG,2021-01-29,2021-02-02,2021-02-04,3-5%,-3.406,50.8108,52.4974,tp_gap_filled,342.5116,17403.27,3.32,577.71,2
DVN,2021-01-22,2021-01-26,2021-02-05,3-5%,-3.208,17.8178,18.3716,tp_gap_filled,985.0513,17551.45,3.108,545.53,8
XYZ,2021-01-11,2021-01-13,2021-02-08,3-5%,-4.075,231.8416,241.2085,tp_gap_filled,75.1424,17421.14,4.04,703.85,17
JBHT,2021-01-20,2021-01-21,2021-02-09,3-5%,-3.804,143.0129,148.3715,tp_gap_filled,122.8895,17574.78,3.747,658.52,13
VRTX,2020-10-15,2020-11-09,2021-02-10,10%+,-16.175,227.7776,212.3175,time_exit,66.5292,15153.87,-6.787,-1028.55,63
HBAN,2021-01-22,2021-02-04,2021-02-10,2-3%,-2.963,14.0941,14.4955,tp_gap_filled,1255.1583,17690.3,2.848,503.83,4
NEM,2020-11-09,2020-11-10,2021-02-11,5-10%,-5.709,64.3142,58.3216,time_exit,237.4444,15271.06,-9.318,-1422.92,63
INTC,2021-01-22,2021-02-04,2021-02-12,5-10%,-5.78,58.9088,62.3975,tp_gap_filled,299.9786,17671.39,5.922,1046.53,6
BBY,2020-11-24,2020-11-25,2021-02-16,5-10%,-5.121,115.9058,121.918,tp_gap_filled,137.5769,15945.96,5.187,827.14,54
KMB,2020-10-22,2020-11-16,2021-02-18,5-10%,-5.142,140.8908,132.0578,time_exit,111.2685,15676.7,-6.269,-982.83,63
DDOG,2021-02-17,2021-02-18,2021-02-19,3-5%,-3.775,103.6035,107.4524,tp_gap_filled,171.5549,17773.69,3.715,660.3,1
CAH,2020-11-17,2020-11-18,2021-02-22,5-10%,-5.935,55.055,52.0779,time_exit,282.4392,15549.69,-5.408,-840.86,63
AJG,2021-01-08,2021-01-11,2021-02-23,3-5%,-3.621,118.0179,122.2077,tp_gap_filled,147.078,17357.83,3.55,616.22,29
IP,2021-02-04,2021-02-09,2021-02-24,3-5%,-4.998,45.5853,47.8877,tp_gap_filled,390.0233,17779.34,5.051,897.97,10
VRT,2021-02-23,2021-02-24,2021-02-25,3-5%,-3.751,20.5505,21.3087,tp_gap_filled,865.8878,17794.45,3.689,656.46,1
PLTR,2021-02-16,2021-02-22,2021-02-26,5-10%,-5.923,30.05,22.8152,stop,589.7304,17721.41,-24.076,-4266.61,4
AMD,2021-01-27,2021-02-08,2021-03-04,3-5%,-3.812,91.1911,77.4349,stop,195.0196,17784.05,-15.085,-2682.72,17
COHR,2021-02-12,2021-02-16,2021-03-05,5-10%,-7.883,91.8217,69.7147,stop,193.8205,17796.93,-24.076,-4284.79,13
DLTR,2021-03-03,2021-03-04,2021-03-05,2-3%,-2.799,96.2762,98.851,tp_gap_filled,176.2232,16966.1,2.674,453.75,1
IRM,2021-01-28,2021-02-25,2021-03-08,3-5%,-3.134,35.8858,36.973,tp_gap_filled,484.9143,17401.56,3.029,527.17,7
FCX,2021-03-04,2021-03-05,2021-03-08,2-3%,-2.943,34.004,34.965,tp_gap_filled,507.7546,17265.67,2.826,487.97,1
FERG,2021-01-27,2021-01-28,2021-03-09,3-5%,-4.813,117.1971,122.877,tp_gap_filled,148.6895,17425.98,4.846,844.54,27
STX,2021-03-04,2021-03-05,2021-03-09,3-5%,-4.135,72.8728,75.8641,tp_gap_filled,236.8465,17259.67,4.105,708.47,2
CSCO,2021-02-10,2021-02-11,2021-03-10,3-5%,-4.845,46.1962,48.4515,tp_gap_filled,385.8817,17826.25,4.882,870.3,18
EL,2021-03-08,2021-03-09,2021-03-11,3-5%,-3.377,283.283,292.5971,tp_gap_filled,61.8892,17532.16,3.288,576.44,2
MDLZ,2021-01-29,2021-02-01,2021-03-15,3-5%,-3.624,55.105,57.0629,tp_gap_filled,315.2552,17372.15,3.553,617.22,29
CARR,2021-02-09,2021-02-10,2021-03-15,5-10%,-6.549,37.1371,39.6603,tp_gap_filled,479.5041,17807.39,6.794,1209.89,22
BBY,2021-02-25,2021-03-08,2021-03-15,5-10%,-8.496,103.9238,113.3465,tp_gap_filled,166.9547,17350.57,9.067,1573.17,5
HD,2021-02-23,2021-03-11,2021-03-15,2-3%,-2.345,269.6494,275.5742,tp_gap_filled,65.944,17781.76,2.197,390.7,2
AMGN,2021-02-03,2021-02-04,2021-03-16,3-5%,-3.713,231.7916,240.2495,tp_gap_filled,76.2306,17669.61,3.649,644.76,27
DPZ,2021-02-25,2021-02-26,2021-03-16,5-10%,-6.745,340.34,364.2254,tp_gap_filled,50.7186,17261.57,7.018,1211.43,12
PLTR,2021-03-12,2021-03-15,2021-03-16,3-5%,-3.704,25.7657,26.7033,tp_gap_filled,703.1557,18117.33,3.639,659.23,1
NOW,2021-03-12,2021-03-15,2021-03-16,2-3%,-2.758,97.8978,100.4734,tp_gap_filled,185.4315,18153.34,2.631,477.6,1
ON,2021-03-12,2021-03-15,2021-03-16,2-3%,-2.629,37.8178,38.7612,tp_gap_filled,480.3783,18166.84,2.495,453.2,1
TAP,2021-02-11,2021-02-23,2021-03-17,5-10%,-6.105,46.036,48.931,tp_gap_filled,382.3871,17603.57,6.289,1107.02,16
LIN,2021-03-15,2021-03-16,2021-03-17,1-2%,-1.266,265.3651,268.2315,tp_gap_filled,68.1817,18093.03,1.08,195.44,1
MU,2021-03-02,2021-03-16,2021-03-17,1-2%,-1.256,93.6636,94.6652,tp_gap_filled,193.3679,18111.53,1.069,193.69,1
TFC,2021-03-16,2021-03-17,2021-03-18,2-3%,-2.69,57.9379,59.4205,tp_gap_filled,312.1551,18085.6,2.559,462.81,1
PNW,2021-03-16,2021-03-17,2021-03-19,2-3%,-2.189,78.7287,80.3296,tp_gap_filled,229.848,18095.63,2.033,367.97,2
DG,2021-03-18,2021-03-19,2021-03-22,5-10%,-5.957,176.5163,187.3225,tp_gap_filled,101.4463,17906.94,6.122,1096.24,1
FANG,2021-03-16,2021-03-17,2021-03-23,2-3%,-2.717,82.082,72.9799,stop,220.426,18093.01,-11.089,-2006.33,4
IBM,2021-01-22,2021-01-26,2021-03-24,5-10%,-8.318,115.5074,125.7346,tp_gap_filled,151.846,17539.33,8.854,1552.96,40
CHRW,2021-01-27,2021-01-28,2021-03-26,5-10%,-5.99,91.7517,97.4025,tp_gap_filled,190.2118,17452.25,6.159,1074.86,40
WBD,2021-03-23,2021-03-24,2021-03-26,5-10%,-6.216,70.08,53.2075,stop,252.3088,17681.8,-24.076,-4257.07,2
JKHY,2021-02-09,2021-02-10,2021-03-29,5-10%,-5.885,149.0489,158.0518,tp_gap_filled,119.482,17808.66,6.04,1075.68,32
NKE,2021-03-25,2021-03-26,2021-03-29,3-5%,-4.588,127.1771,133.0268,tp_gap_filled,141.0279,17935.51,4.6,824.98,1
ABNB,2021-03-25,2021-03-26,2021-03-29,3-5%,-3.215,173.2731,178.6712,tp_gap_filled,103.7466,17976.5,3.115,560.03,1
ETN,2021-03-15,2021-03-16,2021-03-31,2-3%,-2.046,138.0279,140.6292,tp_gap_filled,131.1223,18098.53,1.885,341.09,11
GOOG,2021-03-12,2021-03-16,2021-04-01,1-2%,-1.408,104.3542,105.6328,tp_gap_filled,173.3583,18090.68,1.225,221.64,12
FERG,2021-03-18,2021-03-23,2021-04-01,2-3%,-2.451,121.5214,124.3255,tp_gap_filled,146.2812,17776.3,2.308,410.19,7
BLK,2021-01-14,2021-01-15,2021-04-05,3-5%,-3.815,750.75,778.9702,tp_gap_filled,23.0959,17339.24,3.759,651.77,53
CTSH,2021-02-04,2021-02-05,2021-04-05,5-10%,-6.302,74.4143,79.2607,tp_gap_filled,238.0453,17713.98,6.513,1153.64,39
MOS,2021-03-23,2021-03-29,2021-04-05,1-2%,-1.855,31.7817,32.3176,tp_gap_filled,568.2046,18058.54,1.686,304.5,4
UDR,2021-03-31,2021-04-01,2021-04-05,2-3%,-2.455,43.3533,44.3556,tp_gap_filled,419.1235,18170.39,2.312,420.08,1
FCX,2021-03-23,2021-04-05,2021-04-06,2-3%,-2.599,34.1341,34.975,tp_gap_filled,538.7215,18388.77,2.463,453.01,1
CCL,2021-03-22,2021-04-05,2021-04-06,2-3%,-2.244,28.3383,28.931,tp_gap_filled,650.0668,18421.79,2.092,385.31,1
VZ,2021-01-07,2021-01-08,2021-04-07,1-2%,-1.72,58.3283,59.2307,tp_gap_filled,299.0166,17441.12,1.547,269.84,60
NCLH,2021-03-05,2021-03-10,2021-04-07,5-10%,-7.994,30.3003,32.8671,tp_gap_filled,586.6607,17775.98,8.471,1505.86,19
SW,2021-03-15,2021-03-16,2021-04-07,3-5%,-4.566,46.8668,49.0109,tp_gap_filled,386.1557,18097.89,4.575,827.96,15
AOS,2021-04-05,2021-04-06,2021-04-07,2-3%,-2.063,66.5365,67.8021,tp_gap_filled,277.4335,18459.45,1.902,351.14,1
TPR,2021-03-23,2021-04-06,2021-04-07,1-2%,-1.512,43.043,43.6163,tp_gap_filled,429.6223,18492.23,1.332,246.32,1
FICO,2021-01-27,2021-04-01,2021-04-08,2-3%,-2.031,501.6712,511.0484,tp_gap_filled,36.2618,18191.49,1.869,340.04,4
WDC,2021-04-06,2021-04-07,2021-04-08,1-2%,-1.61,53.6288,54.3976,tp_gap_filled,345.8546,18547.76,1.434,265.88,1
FERG,2021-04-06,2021-04-07,2021-04-08,1-2%,-1.537,125.0149,126.7132,tp_gap_filled,148.4971,18564.35,1.358,252.19,1
COHR,2021-03-12,2021-04-05,2021-04-09,2-3%,-2.967,74.3142,76.4335,tp_gap_filled,247.2888,18377.08,2.852,524.07,4
PLTR,2021-04-07,2021-04-08,2021-04-09,1-2%,-1.16,23.023,23.2467,tp_gap_filled,810.3003,18655.54,0.972,181.29,1
PGR,2021-01-07,2021-01-08,2021-04-12,3-5%,-4.302,94.6345,96.3336,time_exit,183.8074,17394.53,1.795,312.29,63
DVA,2021-03-26,2021-03-29,2021-04-12,2-3%,-2.282,108.4383,110.7491,tp_gap_filled,166.4091,18045.13,2.131,384.54,9
PCAR,2021-04-06,2021-04-07,2021-04-12,1-2%,-1.724,61.6216,62.5774,tp_gap_filled,300.9886,18547.38,1.551,287.68,3
CVNA,2021-04-07,2021-04-08,2021-04-13,1-2%,-1.617,54.6766,55.4645,tp_gap_filled,341.2358,18657.62,1.441,268.84,3
GNRC,2021-04-07,2021-04-08,2021-04-14,1-2%,-1.259,329.7694,333.3064,tp_gap_filled,56.5531,18649.49,1.073,200.02,4
BA,2021-04-09,2021-04-12,2021-04-14,1-2%,-1.742,250.7605,254.695,tp_gap_filled,75.0171,18811.33,1.569,295.16,2
HSIC,2021-02-17,2021-02-19,2021-04-15,5-10%,-7.495,65.3553,70.5094,tp_gap_filled,272.6437,17818.71,7.886,1405.24,38
VRSK,2021-02-24,2021-03-09,2021-04-15,5-10%,-5.05,176.176,185.1746,tp_gap_filled,99.5646,17540.9,5.108,895.95,26
STZ,2021-04-08,2021-04-09,2021-04-15,3-5%,-4.427,224.7645,234.7051,tp_gap_filled,83.4589,18758.61,4.423,829.63,4
NI,2021-04-13,2021-04-14,2021-04-15,3-5%,-4.202,23.7337,24.7252,tp_gap_filled,789.4336,18736.19,4.178,782.76,1
SW,2021-04-08,2021-04-09,2021-04-16,3-5%,-3.242,48.999,50.5394,tp_gap_filled,382.7846,18756.05,3.144,589.66,5
SYF,2021-04-14,2021-04-15,2021-04-16,2-3%,-2.774,40.3503,41.4185,tp_gap_filled,470.0767,18967.74,2.647,502.15,1
JPM,2021-04-14,2021-04-15,2021-04-16,1-2%,-1.7,151.6215,153.9359,tp_gap_filled,125.2434,18989.59,1.526,289.87,1
TROW,2021-04-14,2021-04-15,2021-04-16,1-2%,-1.577,174.3141,176.7531,tp_gap_filled,108.9586,18993.03,1.399,265.74,1
FAST,2021-04-13,2021-04-14,2021-04-19,3-5%,-3.155,24.5796,25.3296,tp_gap_filled,764.7182,18796.43,3.052,573.61,3
GEN,2021-04-15,2021-04-16,2021-04-19,1-2%,-1.467,20.8408,21.1089,tp_gap_filled,913.5598,19039.34,1.286,244.88,1
USB,2021-04-15,2021-04-16,2021-04-19,1-2%,-1.285,56.8968,57.5224,tp_gap_filled,335.2546,19074.93,1.1,209.73,1
MRVL,2021-04-09,2021-04-12,2021-04-20,1-2%,-1.469,49.6896,45.6688,stop,378.2252,18793.88,-8.092,-1520.8,6
LITE,2021-01-19,2021-01-20,2021-04-21,10%+,-10.638,95.105,93.0269,time_exit,184.3645,17533.99,-2.185,-383.13,63
ABBV,2021-03-17,2021-03-18,2021-04-21,5-10%,-6.388,103.8638,110.7292,tp_gap_filled,171.9605,17860.47,6.61,1180.58,23
FDS,2021-03-30,2021-03-31,2021-04-21,2-3%,-2.92,314.8045,323.6261,tp_gap_filled,57.2747,18030.34,2.802,505.25,14
FANG,2021-04-15,2021-04-16,2021-04-21,1-2%,-1.469,79.2392,72.8271,stop,240.5347,19059.77,-8.092,-1542.32,3
APP,2021-04-19,2021-04-20,2021-04-21,1-2%,-1.639,60.06,60.939,tp_gap_filled,310.5144,18649.49,1.464,272.94,1
MRNA,2021-02-22,2021-04-16,2021-04-22,3-5%,-3.972,167.9678,174.5653,tp_gap_filled,113.3768,19043.66,3.928,748.0,4
HST,2021-04-20,2021-04-21,2021-04-22,1-2%,-1.954,17.0771,17.3826,tp_gap_filled,1109.9428,18954.56,1.789,339.13,1
NCLH,2021-04-20,2021-04-21,2021-04-22,1-2%,-1.573,27.5575,27.942,tp_gap_filled,688.3674,18969.71,1.395,264.68,1
FCX,2021-04-21,2021-04-22,2021-04-23,2-3%,-2.926,34.8648,35.8441,tp_gap_filled,539.8968,18823.41,2.809,528.72,1
XYZ,2021-04-19,2021-04-20,2021-04-26,2-3%,-2.296,250.4702,255.8439,tp_gap_filled,74.5728,18678.27,2.145,400.73,4
BNY,2021-04-16,2021-04-20,2021-04-26,1-2%,-2.0,47.097,47.962,tp_gap_filled,396.1976,18659.74,1.837,342.69,4
WMB,2021-04-08,2021-04-12,2021-04-27,1-2%,-1.534,23.7737,24.0959,tp_gap_filled,791.0692,18806.68,1.355,254.83,11
NKE,2021-04-20,2021-04-21,2021-04-27,2-3%,-2.565,129.2992,132.4374,tp_gap_filled,146.5605,18950.16,2.427,459.95,4
RF,2021-04-23,2021-04-26,2021-04-27,5-10%,-5.914,19.1091,20.2697,tp_gap_filled,1001.5714,19139.12,6.074,1162.44,1
TSLA,2021-02-22,2021-04-13,2021-04-29,2-3%,-2.388,254.4675,226.2496,stop,74.0854,18852.33,-11.089,-2090.53,12
HCA,2021-04-26,2021-04-27,2021-04-29,3-5%,-3.096,196.4262,202.2975,tp_gap_filled,97.1568,19084.14,2.989,570.43,2
PAYX,2021-04-06,2021-04-07,2021-05-04,5-10%,-5.331,95.105,100.2596,tp_gap_filled,195.0503,18550.26,5.42,1005.41,19
ADSK,2021-02-22,2021-04-15,2021-05-04,1-2%,-1.29,301.7615,277.3429,stop,62.9954,19009.57,-8.092,-1538.25,13
SW,2021-04-20,2021-04-21,2021-05-05,3-5%,-4.404,48.4584,50.5894,tp_gap_filled,390.4472,18920.45,4.397,832.02,10
MO,2021-04-20,2021-04-21,2021-05-06,5-10%,-6.398,45.9859,49.0309,tp_gap_filled,410.7281,18887.72,6.622,1250.66,11
WSM,2021-04-12,2021-04-27,2021-05-06,1-2%,-1.321,90.4904,91.5184,tp_gap_filled,210.9174,19086.0,1.136,216.82,7
MOS,2021-05-04,2021-05-05,2021-05-06,5-10%,-6.395,32.8228,34.995,tp_gap_filled,569.3446,18687.48,6.618,1236.72,1
CNC,2021-04-27,2021-05-04,2021-05-07,3-5%,-3.136,63.9939,65.934,tp_gap_filled,289.4356,18522.12,3.032,561.53,3
SMCI,2021-05-05,2021-05-06,2021-05-07,2-3%,-2.706,3.5626,3.6543,tp_gap_filled,5302.8814,18891.83,2.576,486.71,1
AMCR,2021-05-05,2021-05-06,2021-05-07,2-3%,-2.655,60.5605,62.0879,tp_gap_filled,312.188,18906.26,2.522,476.82,1
KR,2021-01-28,2021-03-29,2021-05-10,2-3%,-2.761,37.7177,38.7112,tp_gap_filled,478.2789,18039.57,2.634,475.2,29
MRNA,2021-05-06,2021-05-07,2021-05-10,5-10%,-9.113,148.148,162.6772,tp_gap_filled,129.2488,19147.96,9.807,1877.88,1
NVDA,2021-04-19,2021-04-27,2021-05-11,2-3%,-2.363,15.552,13.8275,stop,1227.9068,19096.45,-11.089,-2117.61,10
TSN,2021-05-10,2021-05-11,2021-05-12,3-5%,-3.134,76.4263,78.7412,tp_gap_filled,247.3509,18904.12,3.029,572.58,1
QCOM,2021-02-04,2021-02-12,2021-05-14,5-10%,-7.468,150.3302,130.0198,time_exit,119.107,17905.37,-13.51,-2419.1,63
PFG,2021-05-07,2021-05-10,2021-05-14,3-5%,-4.446,63.6736,66.5034,tp_gap_filled,299.5866,19075.76,4.444,847.78,4
AXON,2021-05-12,2021-05-14,2021-05-17,2-3%,-2.145,129.2591,131.828,tp_gap_filled,147.0244,19004.25,1.987,377.69,1
WBD,2021-04-14,2021-04-22,2021-05-18,3-5%,-3.418,39.039,33.15,stop,482.6819,18843.42,-15.085,-2842.53,18
IVZ,2021-05-11,2021-05-14,2021-05-18,2-3%,-2.339,27.5876,28.1918,tp_gap_filled,688.4054,18991.43,2.19,415.95,2
AMAT,2021-05-17,2021-05-18,2021-05-19,2-3%,-2.267,122.122,124.7052,tp_gap_filled,153.7559,18776.98,2.115,397.18,1
SW,2021-05-17,2021-05-18,2021-05-21,3-5%,-4.718,52.7627,55.2647,tp_gap_filled,356.0726,18787.35,4.742,890.88,3
SMCI,2021-05-18,2021-05-19,2021-05-21,1-2%,-1.301,3.5696,3.6094,tp_gap_filled,5276.8566,18836.09,1.116,210.13,2
DVN,2021-05-19,2021-05-21,2021-05-25,3-5%,-3.011,25.4755,26.2138,tp_gap_filled,750.8461,19128.14,2.898,554.36,2
APTV,2021-03-19,2021-03-22,2021-05-27,3-5%,-3.58,143.7136,148.7511,tp_gap_filled,124.9829,17961.75,3.505,629.6,47
DIS,2021-05-14,2021-05-17,2021-05-27,3-5%,-3.034,173.1029,178.1617,tp_gap_filled,108.9531,18860.1,2.922,551.16,8
ULTA,2021-03-12,2021-03-15,2021-05-28,5-10%,-8.662,317.7174,347.1525,tp_gap_filled,56.9806,18103.73,9.265,1677.23,53
TXN,2021-04-28,2021-04-29,2021-05-28,3-5%,-4.506,181.8216,190.0198,tp_gap_filled,104.6441,19026.56,4.509,857.89,21
WTW,2021-05-26,2021-05-27,2021-05-28,2-3%,-2.512,255.275,261.3284,tp_gap_filled,76.0723,19419.36,2.371,460.49,1
BSX,2021-05-26,2021-05-27,2021-06-01,3-5%,-3.509,41.5615,42.987,tp_gap_filled,467.0199,19410.06,3.43,665.71,2
MNST,2021-05-07,2021-05-10,2021-06-02,5-10%,-6.336,22.2722,23.7312,tp_gap_filled,855.2756,19048.91,6.551,1247.84,16
ABNB,2021-05-11,2021-05-12,2021-06-02,5-10%,-5.2,139.2391,146.5833,tp_gap_filled,133.0394,18524.29,5.274,977.06,14
INTU,2021-05-27,2021-05-28,2021-06-02,1-2%,-1.49,436.6462,442.3672,tp_gap_filled,44.6747,19507.05,1.31,255.58,2
APA,2021-03-09,2021-06-01,2021-06-02,1-2%,-1.554,22.8328,23.1468,tp_gap_filled,850.0523,19409.08,1.375,266.93,1
IVZ,2021-06-01,2021-06-02,2021-06-03,3-5%,-4.451,27.2873,28.5015,tp_gap_filled,715.7778,19531.61,4.45,869.1,1
MCK,2021-06-01,2021-06-02,2021-06-03,1-2%,-1.7,189.3091,192.1976,tp_gap_filled,103.3986,19574.3,1.526,298.67,1
HPE,2021-06-02,2021-06-03,2021-06-04,1-2%,-1.367,15.8859,16.0739,tp_gap_filled,1231.0909,19556.95,1.184,231.49,1
VST,2021-02-26,2021-03-08,2021-06-07,10%+,-18.014,18.6787,17.5924,time_exit,928.3975,17341.22,-5.816,-1008.49,63
LLY,2021-03-15,2021-04-20,2021-06-07,5-10%,-7.242,193.203,207.8719,tp_gap_filled,96.7418,18690.81,7.592,1419.1,33
CVNA,2021-05-06,2021-06-02,2021-06-07,1-2%,-1.347,55.4234,56.0679,tp_gap_filled,353.3709,19585.01,1.163,227.75,3
VEEV,2021-06-01,2021-06-02,2021-06-07,1-2%,-1.239,288.0177,291.0487,tp_gap_filled,68.0181,19590.42,1.052,206.16,3
ARES,2021-04-06,2021-04-07,2021-06-08,5-10%,-8.524,54.1441,59.0709,tp_gap_filled,342.1334,18524.5,9.099,1685.62,43
PNR,2021-06-04,2021-06-07,2021-06-08,2-3%,-2.228,68.088,69.5004,tp_gap_filled,290.4168,19773.91,2.074,410.19,1
NTAP,2021-06-04,2021-06-07,2021-06-08,1-2%,-1.093,77.8978,78.6013,tp_gap_filled,254.0421,19789.33,0.903,178.72,1
BA,2021-06-03,2021-06-07,2021-06-08,1-2%,-1.033,253.233,255.3644,tp_gap_filled,78.3038,19829.11,0.842,166.9,1
AKAM,2021-02-10,2021-04-23,2021-06-09,5-10%,-8.994,107.4674,117.852,tp_gap_filled,177.2031,19043.55,9.663,1840.2,32
EOG,2021-06-08,2021-06-09,2021-06-10,2-3%,-2.137,85.2552,86.943,tp_gap_filled,231.7705,19759.63,1.98,391.18,1
SW,2021-05-24,2021-05-25,2021-06-11,10%+,-10.055,50.9509,56.5334,tp_gap_filled,376.4498,19180.46,10.957,2101.53,12
COHR,2021-04-30,2021-06-08,2021-06-14,1-2%,-1.807,70.7006,71.8581,tp_gap_filled,281.0051,19867.24,1.637,325.25,4
ACGL,2021-06-07,2021-06-08,2021-06-15,1-2%,-1.186,39.2092,39.6004,tp_gap_filled,506.5874,19862.87,0.998,198.17,5
OXY,2021-03-15,2021-06-03,2021-06-16,1-2%,-1.926,30.07,30.5994,tp_gap_filled,651.2354,19582.67,1.76,344.72,9
WDAY,2021-05-27,2021-05-28,2021-06-17,1-2%,-1.928,232.7325,236.8329,tp_gap_filled,83.8898,19523.88,1.762,343.98,13
CVX,2021-05-18,2021-06-08,2021-06-17,1-2%,-1.688,109.0489,100.2247,stop,182.225,19871.44,-8.092,-1608.0,7
DG,2021-05-12,2021-06-15,2021-06-17,1-2%,-1.543,210.8106,213.6861,tp_gap_filled,95.0529,20038.16,1.364,273.32,2
COF,2021-06-07,2021-06-08,2021-06-18,1-2%,-1.66,163.6635,150.4198,stop,121.3987,19868.54,-8.092,-1607.76,8
IVZ,2021-06-16,2021-06-17,2021-06-18,1-2%,-1.621,28.5585,26.2476,stop,696.4148,19888.58,-8.092,-1609.38,1
HBAN,2021-06-16,2021-06-17,2021-06-18,1-2%,-1.521,14.2542,13.1008,stop,1391.9807,19841.63,-8.092,-1605.58,1
DXCM,2021-04-30,2021-06-11,2021-06-21,5-10%,-5.146,100.1,105.3196,tp_gap_filled,199.9441,20014.4,5.214,1043.62,6
DASH,2021-06-17,2021-06-18,2021-06-21,1-2%,-1.394,159.3692,161.2985,tp_gap_filled,122.3005,19490.94,1.211,235.96,1
DDOG,2021-06-17,2021-06-18,2021-06-21,1-2%,-1.138,97.3573,98.2816,tp_gap_filled,200.7001,19539.62,0.949,185.52,1
BKR,2021-06-18,2021-06-21,2021-06-22,3-5%,-3.461,23.1731,23.956,tp_gap_filled,852.5118,19755.38,3.378,667.41,1
EQT,2021-06-18,2021-06-21,2021-06-23,3-5%,-3.758,19.7397,20.4695,tp_gap_filled,999.0972,19721.9,3.697,729.13,2
CRWD,2021-06-21,2021-06-22,2021-06-23,2-3%,-2.805,59.5695,61.1663,tp_gap_filled,332.1998,19788.98,2.681,530.45,1
NOW,2021-04-29,2021-06-16,2021-06-24,5-10%,-6.503,104.3042,111.3366,tp_gap_filled,191.4707,19971.2,6.742,1346.49,6
MU,2021-06-18,2021-06-23,2021-06-24,2-3%,-2.158,78.9789,80.5594,tp_gap_filled,250.2669,19765.8,2.001,395.54,1
EL,2021-05-03,2021-05-04,2021-06-25,3-5%,-3.636,302.6924,313.4862,tp_gap_filled,61.1971,18523.9,3.566,660.55,37
FSLR,2021-04-30,2021-06-24,2021-06-25,3-5%,-3.758,84.094,87.2027,tp_gap_filled,236.7139,19906.22,3.697,735.87,1
ABT,2021-06-01,2021-06-07,2021-06-29,5-10%,-5.572,110.2602,116.5334,tp_gap_filled,179.3598,19776.24,5.689,1125.16,16
PM,2021-06-24,2021-06-25,2021-07-01,2-3%,-2.129,98.0179,99.95,tp_gap_filled,205.038,20097.4,1.971,396.14,4
NRG,2021-03-17,2021-04-05,2021-07-02,10%+,-12.178,38.1882,41.3686,time_exit,481.646,18393.17,8.328,1531.85,63
ORCL,2021-06-16,2021-06-21,2021-07-02,3-5%,-4.471,78.068,81.5584,tp_gap_filled,252.6373,19722.88,4.471,881.8,9
LLY,2021-06-11,2021-06-24,2021-07-02,2-3%,-2.788,227.257,233.3065,tp_gap_filled,87.6151,19911.14,2.662,530.02,6
APO,2021-07-01,2021-07-02,2021-07-06,2-3%,-2.299,60.8308,62.1378,tp_gap_filled,334.3824,20340.74,2.149,437.05,1
O,2021-07-01,2021-07-02,2021-07-06,1-2%,-1.468,63.7846,64.6059,tp_gap_filled,319.7881,20397.57,1.287,262.62,1
FTNT,2021-06-29,2021-07-02,2021-07-06,1-2%,-1.413,48.7587,49.3586,tp_gap_filled,418.8626,20423.2,1.23,251.27,1
TPR,2021-05-19,2021-05-28,2021-07-07,2-3%,-2.159,45.3553,40.3259,stop,430.686,19533.9,-11.089,-2166.11,26
FANG,2021-07-02,2021-07-06,2021-07-07,1-2%,-1.847,97.8578,89.9391,stop,207.0926,20265.62,-8.092,-1639.89,1
OXY,2021-07-02,2021-07-06,2021-07-07,1-2%,-1.339,32.4524,29.8264,stop,622.3378,20196.37,-8.092,-1634.29,1
BIIB,2021-06-24,2021-06-25,2021-07-09,5-10%,-5.899,350.31,371.5281,tp_gap_filled,57.3898,20104.23,6.057,1217.71,9
MRNA,2021-07-06,2021-07-07,2021-07-12,1-2%,-1.997,229.8496,234.0657,tp_gap_filled,87.0387,20005.82,1.834,366.96,3
NFLX,2021-04-21,2021-04-22,2021-07-14,5-10%,-7.564,50.8508,54.902,tp_gap_filled,370.553,18842.91,7.967,1501.2,57
BKR,2021-07-02,2021-07-06,2021-07-15,1-2%,-1.105,23.3033,21.4176,stop,864.0811,20135.92,-8.092,-1629.4,7
ARE,2021-06-15,2021-06-18,2021-07-16,3-5%,-4.284,185.4252,193.3365,tp_gap_filled,105.1927,19505.38,4.267,832.2,19
VRSK,2021-05-05,2021-07-07,2021-07-16,3-5%,-3.119,182.8226,188.3315,tp_gap_filled,109.6627,20048.83,3.013,604.12,7
EVRG,2021-06-22,2021-07-14,2021-07-16,2-3%,-2.276,62.3223,63.6463,tp_gap_filled,320.4977,19974.14,2.124,424.35,2
FCX,2021-06-15,2021-06-23,2021-07-19,3-5%,-4.053,37.9179,32.198,stop,521.7869,19785.05,-15.085,-2984.58,17
UBER,2021-07-06,2021-07-07,2021-07-19,2-3%,-2.147,50.6506,45.034,stop,395.7468,20044.81,-11.089,-2222.77,8
OXY,2021-07-19,2021-07-20,2021-07-21,5-10%,-5.975,24.4144,25.9141,tp_gap_filled,813.5853,19863.19,6.143,1220.11,1
APA,2021-07-19,2021-07-20,2021-07-21,5-10%,-5.395,17.027,17.962,tp_gap_filled,1168.8524,19902.06,5.491,1092.89,1
SHW,2021-07-20,2021-07-21,2021-07-22,2-3%,-2.28,276.7565,282.6471,tp_gap_filled,72.6399,20103.55,2.128,427.89,1
DASH,2021-07-08,2021-07-09,2021-07-23,5-10%,-5.493,175.155,184.9648,tp_gap_filled,115.1155,20163.06,5.601,1129.27,10
MA,2021-07-19,2021-07-21,2021-07-23,2-3%,-2.356,378.378,386.7329,tp_gap_filled,53.1191,20099.08,2.208,443.8,2
SW,2021-07-21,2021-07-22,2021-07-23,5-10%,-7.919,52.032,56.3936,tp_gap_filled,385.9832,20083.47,8.382,1683.49,1
INTC,2021-04-23,2021-04-26,2021-07-26,5-10%,-5.45,59.2192,54.2557,time_exit,324.8834,19239.32,-8.382,-1612.55,63
FFIV,2021-04-28,2021-04-29,2021-07-27,5-10%,-7.544,190.0399,205.1347,tp_gap_filled,100.1051,19023.96,7.943,1511.07,61
KMB,2021-07-23,2021-07-26,2021-07-27,3-5%,-3.335,130.5804,134.815,tp_gap_filled,155.7921,20343.4,3.243,659.72,1
NXPI,2021-07-15,2021-07-16,2021-07-29,3-5%,-3.095,197.4472,203.3465,tp_gap_filled,101.0185,19945.83,2.988,595.93,9
FTV,2021-04-30,2021-05-06,2021-08-02,3-5%,-3.173,54.6778,56.3566,tp_gap_filled,345.5372,18893.23,3.07,580.06,60
GDDY,2021-07-08,2021-07-12,2021-08-05,1-2%,-1.629,87.6376,80.5459,stop,230.1509,20169.87,-8.092,-1632.15,18
CAH,2021-05-06,2021-05-07,2021-08-06,5-10%,-8.45,55.7457,50.939,time_exit,345.2268,19244.91,-8.623,-1659.39,63
CTSH,2021-05-06,2021-05-07,2021-08-06,5-10%,-7.66,75.2952,72.927,time_exit,256.1461,19286.58,-3.145,-606.61,63
TRV,2021-07-22,2021-07-23,2021-08-06,2-3%,-2.529,148.148,151.6882,tp_gap_filled,136.8836,20279.03,2.39,484.59,10
FICO,2021-07-26,2021-07-27,2021-08-06,2-3%,-2.331,540.53,480.5906,stop,37.6511,20351.54,-11.089,-2256.78,8
PGR,2021-07-15,2021-07-16,2021-08-09,5-10%,-7.645,90.09,97.3525,tp_gap_filled,221.0714,19916.32,8.061,1605.54,16
APTV,2021-08-05,2021-08-06,2021-08-09,5-10%,-5.057,157.4973,165.5543,tp_gap_filled,128.706,20270.85,5.116,1036.98,1
BLK,2021-07-14,2021-07-15,2021-08-10,2-3%,-2.537,885.9151,907.1619,tp_gap_filled,22.5217,19952.34,2.398,478.52,18
AJG,2021-07-26,2021-07-27,2021-08-11,2-3%,-2.831,139.139,142.907,tp_gap_filled,146.2051,20342.83,2.708,550.89,11
OXY,2021-08-09,2021-08-10,2021-08-11,2-3%,-2.918,25.6456,26.3636,tp_gap_filled,790.8106,20280.83,2.8,567.79,1
CINF,2021-06-16,2021-06-17,2021-08-12,2-3%,-2.136,119.2191,121.5783,tp_gap_filled,166.9974,19909.28,1.979,393.98,39
CF,2021-08-10,2021-08-11,2021-08-12,1-2%,-1.466,46.4264,47.0229,tp_gap_filled,438.2947,20348.44,1.285,261.46,1
CPAY,2021-08-11,2021-08-12,2021-08-13,5-10%,-7.735,243.4632,263.3464,tp_gap_filled,83.6576,20367.55,8.167,1663.38,1
PLTR,2021-07-07,2021-08-12,2021-08-13,1-2%,-1.823,24.2542,24.6553,tp_gap_filled,842.432,20432.54,1.654,337.89,1
UHS,2021-08-12,2021-08-13,2021-08-16,2-3%,-2.642,144.5844,148.2116,tp_gap_filled,140.6948,20342.28,2.509,510.33,1
DASH,2021-08-13,2021-08-16,2021-08-17,3-5%,-3.831,181.181,188.0218,tp_gap_filled,111.6191,20223.26,3.776,763.56,1
EOG,2021-07-15,2021-07-16,2021-08-18,3-5%,-3.666,76.8167,65.2289,stop,260.1469,19983.64,-15.085,-3014.53,23
T,2021-05-18,2021-05-21,2021-08-20,3-5%,-4.75,22.5905,20.8024,time_exit,846.5905,19124.94,-7.915,-1513.79,63
DRI,2021-08-09,2021-08-11,2021-08-24,2-3%,-2.329,141.4713,144.5553,tp_gap_filled,143.8537,20351.18,2.18,443.64,9
MU,2021-08-12,2021-08-24,2021-08-25,3-5%,-3.798,72.2522,74.955,tp_gap_filled,280.4101,20260.24,3.741,757.89,1
DASH,2021-08-19,2021-08-20,2021-08-26,3-5%,-4.704,182.7976,191.4384,tp_gap_filled,109.1635,19954.82,4.727,943.25,4
GNRC,2021-07-28,2021-07-29,2021-08-27,5-10%,-7.473,406.5261,438.4811,tp_gap_filled,50.4805,20521.65,7.86,1613.1,21
DLTR,2021-05-27,2021-06-04,2021-09-02,5-10%,-5.651,102.4423,92.4974,time_exit,192.1509,19684.39,-9.708,-1910.93,63
BDX,2021-08-05,2021-08-06,2021-09-02,5-10%,-5.676,184.4764,195.1873,tp_gap_filled,109.8713,20268.66,5.806,1176.83,19
EQT,2021-07-29,2021-08-09,2021-09-03,5-10%,-8.096,19.0891,20.7292,tp_gap_filled,1062.1556,20275.56,8.592,1742.13,19
COIN,2021-08-12,2021-08-13,2021-09-03,3-5%,-4.314,266.6564,278.1216,tp_gap_filled,76.3639,20362.92,4.3,875.53,15
WDC,2021-08-12,2021-08-25,2021-09-08,2-3%,-2.098,49.422,43.9416,stop,412.1746,20370.5,-11.089,-2258.88,9
CASY,2021-06-09,2021-06-10,2021-09-09,3-5%,-3.949,206.4863,195.0348,time_exit,96.3407,19893.04,-5.546,-1103.25,63
HD,2021-08-17,2021-08-18,2021-09-10,3-5%,-4.193,321.321,334.7149,tp_gap_filled,61.7902,19854.49,4.168,827.61,16
PPG,2021-09-07,2021-09-08,2021-09-10,3-5%,-3.964,149.6395,155.5043,tp_gap_filled,134.7058,20157.31,3.919,790.03,2
VRTX,2021-06-11,2021-06-14,2021-09-13,10%+,-10.486,194.234,190.5293,time_exit,102.988,20003.78,-1.907,-381.55,63
CPRT,2021-09-09,2021-09-10,2021-09-13,2-3%,-2.889,35.1576,36.1313,tp_gap_filled,571.2444,20083.6,2.77,556.23,1
EQT,2021-09-09,2021-09-10,2021-09-13,2-3%,-2.736,19.9299,20.4495,tp_gap_filled,1008.6428,20102.16,2.607,524.11,1
TXN,2021-07-22,2021-07-23,2021-09-14,3-5%,-4.376,185.9257,194.0458,tp_gap_filled,109.0435,20273.99,4.367,885.44,36
ABNB,2021-09-13,2021-09-14,2021-09-15,2-3%,-2.996,160.4102,165.0348,tp_gap_filled,125.1953,20082.62,2.883,578.97,1
APO,2021-07-08,2021-09-03,2021-09-16,1-2%,-1.912,62.1421,63.2267,tp_gap_filled,329.9691,20504.97,1.745,357.89,8
EQIX,2021-09-10,2021-09-13,2021-09-16,1-2%,-1.04,846.5157,853.7054,tp_gap_filled,23.8574,20195.65,0.849,171.53,3
ORCL,2021-09-14,2021-09-15,2021-09-22,3-5%,-3.037,86.2762,88.8011,tp_gap_filled,234.7293,20251.55,2.927,592.67,5
LYV,2021-09-15,2021-09-16,2021-09-22,1-2%,-1.894,87.087,88.5913,tp_gap_filled,233.5065,20335.38,1.727,351.27,4
EXPE,2021-08-06,2021-08-09,2021-09-23,5-10%,-7.502,149.7096,161.5283,tp_gap_filled,135.4507,20278.27,7.894,1600.86,32
PLTR,2021-09-20,2021-09-22,2021-09-23,3-5%,-3.971,27.5976,28.6813,tp_gap_filled,724.7655,20001.77,3.927,785.44,1
SWKS,2021-04-30,2021-06-29,2021-09-28,5-10%,-6.702,184.7846,166.6332,time_exit,108.8802,20119.39,-9.823,-1976.33,63
MAS,2021-09-07,2021-09-13,2021-09-28,1-2%,-1.177,60.5305,55.6323,stop,333.8292,20206.84,-8.092,-1635.14,11
KDP,2021-06-08,2021-07-01,2021-09-30,3-5%,-3.855,35.4554,34.1258,time_exit,571.708,20270.15,-3.75,-760.13,63
TTWO,2021-09-10,2021-09-13,2021-10-01,2-3%,-2.503,153.2531,156.873,tp_gap_filled,131.8666,20208.97,2.362,477.34,14
EQT,2021-09-29,2021-09-30,2021-10-05,5-10%,-5.797,20.8208,22.0579,tp_gap_filled,933.6759,19439.88,5.942,1155.07,3
APP,2021-06-30,2021-09-02,2021-10-07,5-10%,-5.94,78.4494,83.2367,tp_gap_filled,260.687,20450.73,6.102,1247.99,24
GM,2021-08-04,2021-08-06,2021-10-08,3-5%,-4.578,55.2852,57.8221,tp_gap_filled,367.3174,20307.23,4.589,931.84,44
DVN,2021-10-06,2021-10-08,2021-10-11,2-3%,-2.645,39.059,40.0399,tp_gap_filled,506.7839,19794.48,2.511,497.11,1
HPQ,2021-09-07,2021-09-28,2021-10-12,1-2%,-1.206,29.5295,27.14,stop,664.4767,19621.66,-8.092,-1587.79,10
FSLR,2021-09-20,2021-10-11,2021-10-12,3-5%,-3.346,100.6405,103.916,tp_gap_filled,195.596,19684.89,3.255,640.66,1
TSCO,2021-10-04,2021-10-05,2021-10-18,2-3%,-2.131,39.4534,40.2317,tp_gap_filled,496.4792,19587.8,1.973,386.42,9
EMR,2021-10-11,2021-10-12,2021-10-20,3-5%,-4.149,92.7226,96.5434,tp_gap_filled,211.8611,19644.32,4.121,809.46,6
CCI,2021-07-22,2021-07-23,2021-10-21,5-10%,-5.057,191.1209,177.7621,time_exit,106.0148,20261.64,-6.99,-1416.24,63
TXN,2021-09-27,2021-09-28,2021-10-21,1-2%,-1.206,198.4282,200.4493,tp_gap_filled,98.9737,19639.17,1.019,200.04,17
STX,2021-10-06,2021-10-07,2021-10-22,3-5%,-4.674,81.2512,85.0649,tp_gap_filled,245.1868,19921.71,4.694,935.06,11
WSM,2021-09-30,2021-10-18,2021-10-22,3-5%,-3.913,92.1721,95.7342,tp_gap_filled,219.2447,20208.24,3.865,780.97,4
ADBE,2021-09-22,2021-09-23,2021-10-25,3-5%,-3.267,625.4148,645.2441,tp_gap_filled,32.26,20175.88,3.171,639.69,22
FSLR,2021-10-20,2021-10-21,2021-10-25,3-5%,-3.943,104.114,108.1717,tp_gap_filled,197.7808,20591.75,3.897,802.54,2
EFX,2021-10-21,2021-10-22,2021-10-25,5-10%,-9.172,245.245,269.4703,tp_gap_filled,84.2523,20662.46,9.878,2041.03,1
UPS,2021-07-27,2021-08-17,2021-10-26,5-10%,-5.618,198.2681,209.6501,tp_gap_filled,101.2452,20073.7,5.741,1152.38,49
XYZ,2021-10-22,2021-10-25,2021-10-26,1-2%,-1.962,260.1399,264.8149,tp_gap_filled,79.7765,20753.05,1.797,372.96,1
FIS,2021-08-03,2021-08-06,2021-10-27,3-5%,-3.551,134.3142,114.0529,stop,151.1598,20302.91,-15.085,-3062.69,57
APP,2021-10-25,2021-10-26,2021-10-27,3-5%,-4.509,90.09,94.1558,tp_gap_filled,231.9066,20892.47,4.513,942.87,1
REGN,2021-10-01,2021-10-25,2021-10-28,3-5%,-4.698,577.3267,604.5748,tp_gap_filled,35.9503,20755.07,4.72,979.58,3
AMZN,2021-07-30,2021-08-02,2021-10-29,5-10%,-6.999,167.5649,168.4529,time_exit,122.1609,20469.88,0.53,108.48,63
IVZ,2021-09-20,2021-09-23,2021-11-01,3-5%,-4.229,25.1651,26.2238,tp_gap_filled,802.2415,20188.52,4.207,849.26,27
PTC,2021-07-29,2021-08-05,2021-11-03,5-10%,-5.983,136.6966,129.7202,time_exit,147.9839,20228.9,-5.104,-1032.4,63
VRSN,2021-07-23,2021-09-09,2021-11-05,3-5%,-3.768,224.9547,233.2965,tp_gap_filled,89.32,20092.95,3.708,745.08,41
FLEX,2021-10-28,2021-10-29,2021-11-05,5-10%,-6.893,12.8387,13.7617,tp_gap_filled,1619.8934,20797.4,7.188,1495.01,5
GLW,2021-10-26,2021-10-27,2021-11-08,5-10%,-5.335,36.5865,38.5714,tp_gap_filled,565.96,20706.52,5.425,1123.34,8
WDC,2021-10-29,2021-11-01,2021-11-08,10%+,-12.849,37.7702,43.2522,tp_gap_filled,555.9332,20997.68,14.514,3047.67,5
LII,2021-10-25,2021-10-26,2021-11-11,5-10%,-5.0,296.8666,311.8678,tp_gap_filled,70.307,20871.79,5.053,1054.69,12
REGN,2021-11-05,2021-11-08,2021-11-15,5-10%,-7.355,600.6,646.9824,tp_gap_filled,35.8571,21535.77,7.723,1663.14,5
EVRG,2021-09-15,2021-09-16,2021-11-16,1-2%,-1.749,64.6746,65.6942,tp_gap_filled,314.376,20332.15,1.577,320.55,43
MKC,2021-09-30,2021-10-01,2021-11-17,3-5%,-3.214,81.081,83.6063,tp_gap_filled,241.7975,19605.18,3.115,610.61,33
ANET,2021-11-16,2021-11-17,2021-11-18,1-2%,-1.926,32.4074,32.9776,tp_gap_filled,667.4858,21631.46,1.76,380.63,1
DLR,2021-09-09,2021-09-22,2021-11-19,3-5%,-4.213,159.2991,165.9739,tp_gap_filled,125.5519,20000.32,4.19,838.02,42
AKAM,2021-11-15,2021-11-16,2021-11-19,2-3%,-2.018,109.3693,111.3985,tp_gap_filled,198.6658,21727.93,1.855,403.14,3
CRWD,2021-11-15,2021-11-18,2021-11-23,3-5%,-4.727,67.7827,57.5577,stop,315.4483,21381.94,-15.085,-3225.47,3
SW,2021-08-25,2021-08-26,2021-11-24,5-10%,-5.227,56.9869,50.969,time_exit,352.4343,20084.15,-10.56,-2120.93,63
ADSK,2021-08-26,2021-08-27,2021-11-26,5-10%,-7.325,317.5172,253.9158,time_exit,64.0729,20344.26,-20.031,-4075.13,63
LUV,2021-10-11,2021-10-12,2021-11-26,3-5%,-3.579,52.042,44.1915,stop,377.3886,19640.05,-15.085,-2962.7,32
TSLA,2021-11-24,2021-11-26,2021-11-29,2-3%,-2.582,360.4901,369.307,tp_gap_filled,56.2924,20292.86,2.446,496.32,1
TXN,2021-10-27,2021-10-28,2021-12-01,5-10%,-5.757,185.8256,196.783,tp_gap_filled,112.2128,20852.02,5.897,1229.56,23
CI,2021-08-05,2021-09-02,2021-12-02,5-10%,-6.51,216.6264,197.5922,time_exit,94.371,20443.26,-8.787,-1796.28,63
VEEV,2021-09-02,2021-09-03,2021-12-03,5-10%,-5.97,314.2039,249.2405,time_exit,65.2244,20493.76,-20.676,-4237.2,63
CSCO,2021-11-18,2021-11-19,2021-12-03,5-10%,-7.1,52.7827,56.7032,tp_gap_filled,402.2626,21232.52,7.428,1577.07,9
COIN,2021-11-10,2021-11-11,2021-12-06,5-10%,-8.442,327.5472,248.687,stop,65.466,21443.2,-24.076,-5162.66,16
AAPL,2021-12-02,2021-12-03,2021-12-06,3-5%,-3.66,158.8987,164.6052,tp_gap_filled,124.0932,19718.25,3.591,708.14,1
CBRE,2021-11-26,2021-12-02,2021-12-08,3-5%,-3.502,100.6906,104.1358,tp_gap_filled,198.2699,19963.91,3.422,683.07,4
BXP,2021-11-26,2021-12-06,2021-12-08,2-3%,-2.845,114.8647,117.9919,tp_gap_filled,174.8565,20084.85,2.722,546.8,2
SWK,2021-11-26,2021-12-06,2021-12-08,2-3%,-2.124,185.8557,189.5103,tp_gap_filled,107.9994,20072.31,1.966,394.7,2
REGN,2021-11-30,2021-12-08,2021-12-09,1-2%,-1.221,647.0564,653.7456,tp_gap_filled,31.729,20530.47,1.034,212.24,1
UPS,2021-11-26,2021-12-08,2021-12-10,1-2%,-1.113,206.3561,208.2615,tp_gap_filled,99.5441,20541.54,0.923,189.67,2
NRG,2021-11-04,2021-11-05,2021-12-13,5-10%,-8.75,36.5365,39.96,tp_gap_filled,589.845,21550.87,9.37,2019.33,25
LH,2021-12-09,2021-12-10,2021-12-13,3-5%,-3.713,245.7868,254.7536,tp_gap_filled,82.9377,20384.98,3.648,743.69,1
SW,2021-12-10,2021-12-13,2021-12-14,3-5%,-3.174,52.8228,54.4455,tp_gap_filled,384.5206,20311.44,3.072,623.97,1
MDT,2021-10-18,2021-10-20,2021-12-15,3-5%,-3.671,123.1831,104.6009,stop,166.7527,20541.11,-15.085,-3098.63,39
ADBE,2021-12-03,2021-12-13,2021-12-16,2-3%,-2.051,658.7581,585.7084,stop,30.8819,20343.69,-11.089,-2255.91,3
DDOG,2021-12-14,2021-12-15,2021-12-16,5-10%,-8.551,157.4773,171.858,tp_gap_filled,128.8785,20295.45,9.132,1853.36,1
NUE,2021-12-15,2021-12-16,2021-12-17,3-5%,-4.585,113.103,118.3016,tp_gap_filled,179.1677,20264.4,4.596,931.42,1
EXPE,2021-11-26,2021-11-29,2021-12-21,5-10%,-8.803,161.161,176.3635,tp_gap_filled,126.0808,20319.31,9.433,1916.74,16
DRI,2021-12-17,2021-12-21,2021-12-23,5-10%,-5.104,139.7596,146.9829,tp_gap_filled,145.9461,20397.37,5.168,1054.21,2
HPE,2021-11-12,2021-12-03,2021-12-27,3-5%,-4.141,15.2953,15.9241,tp_gap_filled,1289.7007,19726.33,4.111,810.94,15
SW,2021-12-16,2021-12-17,2021-12-27,5-10%,-6.257,51.1411,54.4455,tp_gap_filled,395.8484,20244.12,6.461,1308.05,5
CRWD,2021-12-22,2021-12-23,2021-12-27,2-3%,-2.297,51.4214,52.5249,tp_gap_filled,402.306,20687.13,2.146,443.97,1
HCA,2021-10-22,2021-10-25,2021-12-29,5-10%,-5.185,246.7665,259.74,tp_gap_filled,84.1927,20775.94,5.257,1092.27,45
VTR,2021-11-26,2021-12-08,2021-12-30,2-3%,-2.825,49.9299,51.2787,tp_gap_filled,410.9513,20518.75,2.701,554.29,15
TRGP,2021-12-29,2021-12-30,2021-12-31,1-2%,-1.337,51.6916,52.2877,tp_gap_filled,407.1464,21046.07,1.153,242.67,1
NUE,2021-12-20,2021-12-27,2022-01-03,2-3%,-2.085,115.6555,117.882,tp_gap_filled,180.6709,20895.59,1.925,402.26,5
TSLA,2021-12-30,2021-12-31,2022-01-03,2-3%,-2.289,354.1304,361.7013,tp_gap_filled,59.2532,20983.36,2.138,448.59,1
UHS,2021-10-26,2021-10-27,2022-01-04,5-10%,-5.004,127.127,133.5563,tp_gap_filled,162.6143,20672.66,5.057,1045.5,47
KHC,2021-11-18,2021-11-19,2022-01-04,3-5%,-3.009,35.4955,36.5234,tp_gap_filled,598.4404,21241.92,2.896,615.19,30
HBAN,2021-11-26,2022-01-03,2022-01-04,3-5%,-3.242,15.8358,16.3337,tp_gap_filled,1334.1119,21126.76,3.144,664.16,1
OMC,2021-10-20,2021-10-21,2022-01-05,3-5%,-3.884,73.5735,76.3935,tp_gap_filled,280.1724,20613.27,3.833,790.1,52
GL,2021-10-21,2021-10-22,2022-01-05,5-10%,-6.732,91.9418,98.3815,tp_gap_filled,225.7894,20759.5,7.004,1454.01,51
INTC,2021-10-22,2021-11-03,2022-01-05,10%+,-10.018,50.4404,55.944,tp_gap_filled,421.2414,21247.58,10.911,2318.35,43
JNJ,2021-12-17,2021-12-27,2022-01-05,1-2%,-1.948,169.8096,172.837,tp_gap_filled,123.106,20904.58,1.783,372.68,7
CARR,2022-01-03,2022-01-04,2022-01-05,2-3%,-2.01,53.2032,54.1858,tp_gap_filled,397.4747,21146.91,1.847,390.56,1
WTW,2022-01-04,2022-01-05,2022-01-06,1-2%,-1.257,232.8426,235.3344,tp_gap_filled,89.9511,20944.44,1.07,224.14,1
INTU,2021-11-30,2021-12-01,2022-01-07,3-5%,-3.701,669.619,568.6069,stop,29.188,19544.83,-15.085,-2948.34,26
ALL,2021-11-04,2022-01-04,2022-01-07,3-5%,-4.06,121.121,125.9939,tp_gap_filled,174.6902,21158.65,4.023,851.24,3
WMB,2021-12-09,2022-01-05,2022-01-07,1-2%,-1.881,27.1471,27.6124,tp_gap_filled,773.0306,20985.55,1.714,359.64,2
DG,2022-01-06,2022-01-07,2022-01-10,3-5%,-3.041,226.9167,233.5662,tp_gap_filled,92.1398,20908.06,2.93,612.68,1
LITE,2022-01-06,2022-01-07,2022-01-10,1-2%,-1.795,103.2381,104.915,tp_gap_filled,203.3852,20997.11,1.624,341.04,1
TGT,2022-01-06,2022-01-07,2022-01-12,2-3%,-2.674,222.9627,228.6311,tp_gap_filled,94.0084,20960.37,2.542,532.88,3
NOW,2022-01-05,2022-01-06,2022-01-13,2-3%,-2.474,117.9178,104.8419,stop,178.3952,21035.97,-11.089,-2332.68,5
UHS,2022-01-11,2022-01-12,2022-01-13,3-5%,-3.658,128.128,132.7271,tp_gap_filled,165.6718,21227.19,3.589,761.95,1
KR,2022-01-12,2022-01-13,2022-01-14,1-2%,-1.383,47.097,47.6623,tp_gap_filled,446.513,21029.45,1.2,252.39,1
FISV,2022-01-12,2022-01-13,2022-01-14,1-2%,-1.361,108.088,109.3605,tp_gap_filled,195.0508,21082.65,1.177,248.21,1
LMT,2021-10-26,2021-12-14,2022-01-18,5-10%,-7.44,348.6783,375.9537,tp_gap_filled,57.8147,20158.74,7.822,1576.92,23
CBOE,2022-01-04,2022-01-05,2022-01-18,1-2%,-1.3,126.9168,116.6467,stop,165.1829,20964.49,-8.092,-1696.45,8
CNP,2022-01-13,2022-01-14,2022-01-18,1-2%,-1.823,26.9469,27.3926,tp_gap_filled,781.5204,21059.57,1.654,348.29,1
ABBV,2022-01-13,2022-01-14,2022-01-18,1-2%,-1.668,135.135,137.1527,tp_gap_filled,156.0327,21085.48,1.493,314.83,1
AKAM,2022-01-06,2022-01-10,2022-01-19,2-3%,-2.624,112.5624,115.3645,tp_gap_filled,186.6563,21010.49,2.489,523.03,6
ROST,2021-11-19,2021-11-23,2022-01-20,3-5%,-3.715,115.1951,97.8179,stop,183.0567,21087.24,-15.085,-3181.01,39
DDOG,2022-01-18,2022-01-19,2022-01-20,3-5%,-3.847,133.093,138.1417,tp_gap_filled,156.0422,20768.12,3.793,787.82,1
PYPL,2021-11-09,2021-11-15,2022-01-24,5-10%,-7.419,212.6124,161.4238,stop,101.9162,21668.64,-24.076,-5216.94,47
A,2021-11-23,2021-11-26,2022-01-24,3-5%,-4.233,156.0459,132.5064,stop,130.21,20318.74,-15.085,-3065.08,39
BALL,2022-01-04,2022-01-05,2022-01-25,1-2%,-1.351,92.092,84.6399,stop,227.7303,20972.14,-8.092,-1697.07,13
AXP,2022-01-14,2022-01-18,2022-01-25,2-3%,-2.643,168.8787,173.1167,tp_gap_filled,123.3141,20825.13,2.509,522.6,5
GLW,2022-01-14,2022-01-18,2022-01-26,3-5%,-3.282,36.8768,38.0519,tp_gap_filled,564.8978,20831.65,3.186,663.79,6
PYPL,2022-01-24,2022-01-25,2022-01-26,3-5%,-4.543,156.2661,163.3765,tp_gap_filled,129.3874,20218.87,4.55,919.99,1
TSLA,2022-01-24,2022-01-25,2022-01-26,3-5%,-4.147,301.8883,314.3187,tp_gap_filled,67.0161,20231.38,4.118,833.04,1
COF,2022-01-14,2022-01-18,2022-01-28,2-3%,-2.745,157.0969,139.6765,stop,132.563,20825.24,-11.089,-2309.31,8
COHR,2022-01-21,2022-01-24,2022-01-28,1-2%,-1.497,63.2432,58.1255,stop,319.523,20207.65,-8.092,-1635.2,4
INTU,2022-01-25,2022-01-26,2022-01-28,3-5%,-3.323,517.4269,534.1453,tp_gap_filled,39.1607,20262.82,3.231,654.71,2
MS,2022-01-14,2022-01-20,2022-01-31,2-3%,-2.73,99.8497,102.4475,tp_gap_filled,205.9164,20560.7,2.602,534.91,7
WBD,2022-01-21,2022-01-24,2022-01-31,2-3%,-2.401,26.8568,27.4625,tp_gap_filled,752.3888,20206.78,2.255,455.71,5
MPWR,2022-01-25,2022-01-26,2022-01-31,3-5%,-3.047,390.1598,401.618,tp_gap_filled,51.8972,20248.18,2.937,594.65,3
EW,2022-01-27,2022-01-28,2022-01-31,5-10%,-7.944,100.1,108.5214,tp_gap_filled,204.5594,20476.4,8.413,1722.67,1
CMCSA,2022-01-27,2022-01-28,2022-01-31,5-10%,-6.17,42.6574,45.3716,tp_gap_filled,481.1633,20525.18,6.363,1305.98,1
PTC,2022-01-27,2022-01-28,2022-01-31,5-10%,-5.093,107.8077,113.3665,tp_gap_filled,191.2664,20619.99,5.156,1063.22,1
V,2021-10-27,2022-01-04,2022-02-01,3-5%,-3.05,224.9747,231.5882,tp_gap_filled,94.0494,21158.73,2.94,621.99,19
CVX,2022-01-28,2022-01-31,2022-02-01,3-5%,-3.967,130.13,135.2346,tp_gap_filled,161.73,21045.92,3.923,825.57,1
XEL,2022-01-28,2022-01-31,2022-02-01,3-5%,-3.655,66.4864,68.8711,tp_gap_filled,316.6907,21055.63,3.587,755.19,1
AMAT,2022-01-25,2022-01-26,2022-02-02,3-5%,-3.223,134.9348,139.1507,tp_gap_filled,150.0231,20243.34,3.124,632.48,5
ISRG,2022-01-21,2022-01-31,2022-02-02,5-10%,-6.043,275.315,292.4373,tp_gap_filled,76.2771,21000.22,6.219,1306.03,2
BKR,2022-01-31,2022-02-01,2022-02-02,2-3%,-2.356,26.5465,27.1328,tp_gap_filled,802.125,21293.63,2.209,470.3,1
WBD,2022-02-01,2022-02-02,2022-02-03,5-10%,-6.879,26.016,27.8821,tp_gap_filled,821.5144,21372.51,7.173,1533.03,1
WYNN,2021-09-14,2021-11-05,2022-02-07,5-10%,-7.818,95.4854,88.0019,time_exit,225.6189,21543.31,-7.837,-1688.42,63
MRK,2021-11-05,2021-11-08,2022-02-08,5-10%,-9.112,82.3723,76.8331,time_exit,261.3955,21531.75,-6.725,-1447.92,63
C,2022-01-14,2022-01-18,2022-02-08,3-5%,-3.57,65.4254,67.7122,tp_gap_filled,318.4338,20833.64,3.495,728.21,15
LHX,2022-01-31,2022-02-01,2022-02-08,3-5%,-3.723,210.7405,218.4513,tp_gap_filled,101.0725,21300.08,3.659,779.35,5
WDC,2022-01-28,2022-01-31,2022-02-09,5-10%,-8.822,37.1422,40.6547,tp_gap_filled,563.0302,20912.16,9.457,1977.66,7
SYF,2022-01-28,2022-01-31,2022-02-09,5-10%,-7.114,41.3013,44.3756,tp_gap_filled,507.6724,20967.51,7.444,1560.75,7
MU,2022-02-03,2022-02-08,2022-02-09,2-3%,-2.177,82.7527,84.4255,tp_gap_filled,258.6595,21404.76,2.021,432.69,1
TRMB,2022-02-03,2022-02-08,2022-02-09,1-2%,-1.66,71.7617,72.8271,tp_gap_filled,298.522,21422.44,1.485,318.05,1
DIS,2022-01-21,2022-01-31,2022-02-10,3-5%,-4.329,141.3712,147.4724,tp_gap_filled,148.7858,21034.03,4.316,907.76,8
IT,2022-02-08,2022-02-09,2022-02-10,5-10%,-8.282,270.7004,294.5552,tp_gap_filled,80.0479,21669.0,8.812,1909.52,1
SYY,2022-02-08,2022-02-09,2022-02-10,5-10%,-6.106,75.115,79.8401,tp_gap_filled,290.5188,21822.33,6.29,1372.71,1
CCL,2021-11-10,2022-02-10,2022-02-14,1-2%,-1.82,23.7537,21.8316,stop,905.9709,21520.19,-8.092,-1741.41,2
ADBE,2021-12-16,2021-12-27,2022-02-22,5-10%,-8.239,578.9784,439.5836,stop,36.0945,20897.94,-24.076,-5031.39,39
ZBH,2022-02-07,2022-02-08,2022-02-22,5-10%,-6.945,111.0818,119.1332,tp_gap_filled,192.2344,21353.76,7.248,1547.74,9
XYZ,2022-02-02,2022-02-10,2022-02-23,5-10%,-7.037,118.7486,90.1587,stop,182.0828,21622.08,-24.076,-5205.73,8
VTR,2022-02-18,2022-02-22,2022-02-23,2-3%,-2.465,50.7007,51.8781,tp_gap_filled,408.9802,20735.56,2.322,481.54,1
MNST,2022-02-10,2022-02-14,2022-02-24,1-2%,-1.507,21.2687,19.5477,stop,997.917,21224.45,-8.092,-1717.48,7
DASH,2022-02-18,2022-02-22,2022-02-24,3-5%,-3.789,101.1511,85.8924,stop,205.8079,20817.69,-15.085,-3140.35,2
TTD,2022-02-22,2022-02-23,2022-02-24,3-5%,-3.427,75.4504,77.972,tp_gap_filled,271.3499,20473.45,3.342,684.23,1
BBY,2021-11-23,2021-11-24,2022-02-25,10%+,-15.942,116.116,95.7342,time_exit,180.0305,20904.42,-17.553,-3669.35,63
TJX,2022-02-23,2022-02-24,2022-02-25,5-10%,-6.636,60.9809,65.1847,tp_gap_filled,340.4418,20760.45,6.894,1431.16,1
MOS,2022-02-23,2022-02-24,2022-02-25,3-5%,-3.168,42.8328,44.1458,tp_gap_filled,486.16,20823.59,3.065,638.34,1
EBAY,2022-02-24,2022-02-25,2022-02-28,5-10%,-7.987,50.2802,54.5354,tp_gap_filled,425.0904,21373.64,8.463,1808.84,1
UBER,2022-02-24,2022-02-25,2022-02-28,5-10%,-7.471,30.0,32.3576,tp_gap_filled,715.5161,21465.46,7.859,1686.93,1
CHRW,2022-02-02,2022-02-23,2022-03-01,10%+,-10.825,93.3432,104.4654,tp_gap_filled,219.4437,20483.58,11.915,2440.69,4
CEG,2022-02-17,2022-02-28,2022-03-01,1-2%,-1.864,46.3663,47.1528,tp_gap_filled,461.3793,21392.46,1.696,362.87,1
BA,2022-02-22,2022-02-28,2022-03-03,1-2%,-1.928,205.205,188.5998,stop,104.2458,21391.76,-8.092,-1731.02,3
PNW,2021-10-07,2021-12-29,2022-03-04,5-10%,-5.527,70.1501,74.1058,tp_gap_filled,299.8384,21033.68,5.639,1186.08,45
SW,2022-01-07,2022-01-10,2022-03-04,5-10%,-5.95,54.9048,41.686,stop,381.8901,20967.62,-24.076,-5048.16,37
DLTR,2022-03-02,2022-03-03,2022-03-04,3-5%,-4.624,133.3832,139.5703,tp_gap_filled,160.2942,21380.56,4.639,991.75,1
FANG,2022-03-03,2022-03-04,2022-03-07,2-3%,-2.063,133.9839,136.5333,tp_gap_filled,158.8418,21282.24,1.903,404.96,1
APA,2022-03-03,2022-03-04,2022-03-07,1-2%,-1.796,37.2272,37.8321,tp_gap_filled,572.4995,21312.55,1.625,346.33,1
CAT,2022-01-28,2022-02-01,2022-03-08,3-5%,-3.101,205.7956,211.9578,tp_gap_filled,103.481,21295.93,2.994,637.67,24
COST,2022-03-04,2022-03-07,2022-03-08,2-3%,-2.542,520.0195,532.5169,tp_gap_filled,39.8404,20717.81,2.403,497.9,1
MMM,2022-03-04,2022-03-08,2022-03-09,1-2%,-1.443,122.3296,123.8727,tp_gap_filled,169.5758,20744.13,1.261,261.67,1
INCY,2022-02-08,2022-03-04,2022-03-10,3-5%,-3.708,70.7006,73.2766,tp_gap_filled,301.1576,21292.03,3.644,775.79,4
CASY,2021-12-08,2021-12-09,2022-03-11,5-10%,-6.818,187.6875,174.0758,time_exit,108.5526,20373.96,-7.252,-1477.59,63
NTAP,2022-02-24,2022-02-25,2022-03-11,10%+,-13.414,72.8828,84.0059,tp_gap_filled,291.8076,21267.76,15.262,3245.81,10
TSN,2022-03-04,2022-03-08,2022-03-14,1-2%,-1.405,94.094,86.4799,stop,220.3935,20737.71,-8.092,-1678.1,4
REGN,2021-12-15,2021-12-16,2022-03-16,3-5%,-3.574,647.637,670.299,tp_gap_filled,31.3008,20271.54,3.499,709.34,61
MTB,2022-03-04,2022-03-07,2022-03-16,2-3%,-2.807,175.7556,180.4693,tp_gap_filled,118.0554,20748.89,2.682,556.48,7
MET,2022-03-04,2022-03-09,2022-03-16,2-3%,-2.644,64.8648,66.4934,tp_gap_filled,325.364,21104.67,2.511,529.9,5
APP,2022-03-10,2022-03-11,2022-03-16,3-5%,-4.368,46.4664,48.4915,tp_gap_filled,448.6091,20845.26,4.358,908.45,3
SW,2022-03-04,2022-03-14,2022-03-16,5-10%,-6.282,41.5115,44.2058,tp_gap_filled,502.8673,20874.76,6.49,1354.86,2
EOG,2022-03-15,2022-03-16,2022-03-17,3-5%,-4.86,110.3202,115.7242,tp_gap_filled,196.0028,21623.07,4.898,1059.19,1
EQT,2022-03-15,2022-03-16,2022-03-17,3-5%,-3.737,24.4945,25.3946,tp_gap_filled,883.4133,21638.74,3.675,795.17,1
CSGP,2022-02-23,2022-02-24,2022-03-18,10%+,-21.481,49.4694,62.8771,tp_gap_filled,414.9937,20529.5,27.103,5564.09,16
MCO,2022-03-10,2022-03-11,2022-03-18,5-10%,-5.274,306.5663,322.9867,tp_gap_filled,68.0192,20852.39,5.356,1116.9,5
NOC,2022-03-16,2022-03-17,2022-03-21,3-5%,-3.885,430.8504,447.3722,tp_gap_filled,50.7754,21876.6,3.835,838.9,2
COF,2022-03-17,2022-03-18,2022-03-21,3-5%,-4.186,132.2021,137.7022,tp_gap_filled,165.6075,21893.65,4.16,910.85,1
NTRS,2022-02-28,2022-03-16,2022-03-22,3-5%,-3.065,114.2842,117.6622,tp_gap_filled,189.9505,21708.33,2.956,641.66,4
IVZ,2022-02-28,2022-03-16,2022-03-22,2-3%,-2.708,21.2212,21.7682,tp_gap_filled,1023.7273,21724.72,2.578,559.99,4
NSC,2022-03-18,2022-03-21,2022-03-22,3-5%,-3.193,265.8956,274.1156,tp_gap_filled,82.442,21920.95,3.091,677.67,1
FLEX,2022-03-18,2022-03-21,2022-03-22,2-3%,-2.717,12.4239,12.7453,tp_gap_filled,1768.4889,21971.47,2.588,568.53,1
CVX,2022-03-15,2022-03-16,2022-03-23,3-5%,-4.565,159.2691,166.5533,tp_gap_filled,135.9293,21649.34,4.573,990.13,5
DASH,2022-03-21,2022-03-22,2022-03-23,3-5%,-3.775,103.3432,107.1827,tp_gap_filled,214.7693,22194.95,3.715,824.6,1
SLB,2022-03-11,2022-03-23,2022-03-24,1-2%,-1.659,42.7227,43.3566,tp_gap_filled,513.908,21955.53,1.484,325.78,1
INTC,2022-01-27,2022-03-24,2022-03-25,3-5%,-3.308,50.03,51.6383,tp_gap_filled,440.8504,22055.73,3.215,709.03,1
MDT,2021-12-15,2022-01-03,2022-03-29,5-10%,-5.444,105.7156,111.5783,tp_gap_filled,199.8089,21122.92,5.546,1171.42,59
MSI,2022-02-10,2022-03-17,2022-03-29,3-5%,-3.706,229.8897,238.2615,tp_gap_filled,95.1387,21871.4,3.642,796.49,8
BA,2022-03-21,2022-03-22,2022-03-29,3-5%,-4.372,184.5844,192.6372,tp_gap_filled,120.0329,22156.21,4.363,966.6,5
PPL,2022-02-18,2022-03-22,2022-03-29,3-5%,-3.696,27.1271,28.1119,tp_gap_filled,821.3136,22279.86,3.63,808.8,5
OXY,2022-03-22,2022-03-23,2022-03-29,1-2%,-1.591,60.05,55.1907,stop,365.487,21947.49,-8.092,-1775.99,4
ADBE,2022-03-23,2022-03-25,2022-03-29,5-10%,-6.204,437.9475,465.9836,tp_gap_filled,50.915,22298.08,6.402,1427.45,2
PSX,2022-03-09,2022-03-10,2022-03-30,5-10%,-5.705,79.5795,84.2257,tp_gap_filled,263.9063,21001.53,5.838,1226.16,14
HPQ,2022-03-28,2022-03-29,2022-03-30,3-5%,-3.715,38.3984,39.8002,tp_gap_filled,588.298,22589.68,3.651,824.68,1
EQT,2022-03-28,2022-03-29,2022-03-30,2-3%,-2.505,33.5035,34.2957,tp_gap_filled,675.9148,22645.49,2.365,535.46,1
APA,2022-03-28,2022-03-29,2022-03-30,2-3%,-2.48,40.5405,41.4885,tp_gap_filled,559.0116,22662.61,2.338,529.93,1
HAL,2022-03-28,2022-03-29,2022-03-31,2-3%,-2.905,37.8078,38.8611,tp_gap_filled,598.9305,22644.23,2.786,630.87,2
EXE,2022-03-29,2022-03-30,2022-03-31,3-5%,-3.991,84.5244,87.862,tp_gap_filled,266.3696,22514.74,3.949,889.04,1
NEM,2022-03-29,2022-03-30,2022-03-31,3-5%,-3.033,75.8458,78.0619,tp_gap_filled,297.1085,22534.42,2.922,658.42,1
DELL,2022-02-24,2022-03-29,2022-04-01,2-3%,-2.976,55.1451,49.0301,stop,410.6728,22646.59,-11.089,-2511.28,3
CFG,2022-02-28,2022-03-01,2022-04-04,3-5%,-3.549,51.1511,43.435,stop,411.7838,21063.19,-15.085,-3177.38,24
BG,2022-03-29,2022-03-30,2022-04-06,3-5%,-3.39,110.11,113.7461,tp_gap_filled,204.9087,22562.49,3.302,745.08,5
UDR,2022-03-30,2022-03-31,2022-04-06,2-3%,-2.806,57.9078,59.4605,tp_gap_filled,384.8662,22286.77,2.681,597.56,4
CF,2022-03-28,2022-03-31,2022-04-06,2-3%,-2.794,106.5665,109.4105,tp_gap_filled,209.0378,22276.42,2.669,594.51,4
ADM,2022-03-29,2022-03-31,2022-04-06,2-3%,-2.545,90.09,92.2576,tp_gap_filled,246.8617,22239.77,2.406,535.11,4
ARE,2022-01-05,2022-01-06,2022-04-07,3-5%,-4.9,210.21,203.3564,time_exit,100.08,21037.82,-3.26,-685.9,63
HUM,2022-01-06,2022-02-03,2022-04-07,5-10%,-9.438,413.2228,455.3742,tp_gap_filled,51.2793,21189.77,10.201,2161.49,44
MRVL,2022-02-10,2022-03-29,2022-04-07,3-5%,-3.666,74.9649,63.6564,stop,301.8554,22628.55,-15.085,-3413.52,7
RTX,2022-03-31,2022-04-01,2022-04-07,1-2%,-1.537,99.3793,100.7292,tp_gap_filled,224.7234,22332.85,1.358,303.35,4
HCA,2022-04-05,2022-04-06,2022-04-07,1-2%,-1.283,242.6824,245.3444,tp_gap_filled,91.5533,22218.38,1.097,243.71,1
PCG,2022-02-01,2022-02-02,2022-04-08,5-10%,-5.16,12.1421,12.7772,tp_gap_filled,1765.8575,21441.27,5.23,1121.46,46
HPQ,2022-03-31,2022-04-07,2022-04-08,3-5%,-4.815,37.007,38.8012,tp_gap_filled,600.2719,22214.24,4.848,1077.0,1
SYK,2022-04-06,2022-04-07,2022-04-08,3-5%,-3.918,258.238,268.2315,tp_gap_filled,86.3772,22305.88,3.87,863.21,1
CRWD,2022-04-06,2022-04-07,2022-04-08,3-5%,-3.376,53.1869,54.935,tp_gap_filled,420.3557,22357.41,3.287,734.84,1
MRNA,2022-04-06,2022-04-07,2022-04-08,2-3%,-2.82,157.6375,161.888,tp_gap_filled,141.7877,22351.06,2.696,602.67,1
T,2022-02-01,2022-02-02,2022-04-11,5-10%,-5.137,18.2887,19.2406,tp_gap_filled,1172.9012,21450.8,5.205,1116.48,47
PCAR,2022-04-05,2022-04-06,2022-04-11,2-3%,-2.012,55.2619,56.2837,tp_gap_filled,402.2022,22226.45,1.849,410.96,3
CMCSA,2022-04-05,2022-04-06,2022-04-11,1-2%,-1.434,44.4868,45.0439,tp_gap_filled,499.2994,22212.24,1.252,278.18,3
VZ,2022-04-07,2022-04-08,2022-04-11,1-2%,-1.41,52.5025,53.1468,tp_gap_filled,426.7423,22405.01,1.227,274.97,1
WSM,2022-03-30,2022-04-11,2022-04-12,2-3%,-2.85,75.7607,77.8271,tp_gap_filled,294.2659,22293.78,2.728,608.07,1
ABNB,2022-04-08,2022-04-11,2022-04-12,2-3%,-2.043,162.6825,165.7441,tp_gap_filled,136.772,22250.42,1.882,418.74,1
GDDY,2022-04-06,2022-04-08,2022-04-13,1-2%,-1.878,84.1941,85.6343,tp_gap_filled,266.4381,22432.52,1.711,383.72,3
SYY,2022-03-04,2022-04-08,2022-04-14,1-2%,-1.539,85.8257,86.9929,tp_gap_filled,261.0913,22408.35,1.36,304.74,4
LUV,2022-04-06,2022-04-13,2022-04-14,2-3%,-2.057,44.3243,45.1648,tp_gap_filled,502.2873,22263.52,1.896,422.18,1
AXP,2022-04-07,2022-04-08,2022-04-18,1-2%,-1.192,181.7015,183.5263,tp_gap_filled,123.4274,22426.94,1.004,225.23,5
TTD,2022-04-06,2022-04-12,2022-04-18,2-3%,-2.543,70.2101,62.4245,stop,314.6786,22093.63,-11.089,-2449.96,3
T,2022-04-13,2022-04-14,2022-04-18,2-3%,-2.249,19.1391,19.5404,tp_gap_filled,1156.4783,22133.98,2.097,464.12,1
TFC,2022-02-28,2022-03-01,2022-04-19,3-5%,-3.938,60.5505,51.4165,stop,348.5526,21105.03,-15.085,-3183.69,34
CFG,2022-04-05,2022-04-06,2022-04-19,1-2%,-1.515,42.9329,43.5064,tp_gap_filled,517.8855,22234.32,1.336,297.04,8
NCLH,2022-04-06,2022-04-14,2022-04-19,2-3%,-2.434,21.6716,22.1678,tp_gap_filled,1021.4079,22135.59,2.289,506.78,2
STX,2022-04-14,2022-04-18,2022-04-19,3-5%,-3.472,81.2612,84.0159,tp_gap_filled,272.633,22154.48,3.39,751.03,1
URI,2022-04-06,2022-04-18,2022-04-19,1-2%,-1.744,336.5862,341.8778,tp_gap_filled,65.8636,22168.77,1.572,348.52,1
APP,2022-04-06,2022-04-07,2022-04-20,3-5%,-3.238,53.2532,45.22,stop,420.2548,22379.91,-15.085,-3376.01,8
BX,2022-04-07,2022-04-08,2022-04-20,1-2%,-1.894,116.116,118.1218,tp_gap_filled,193.286,22443.6,1.727,387.68,7
DOV,2022-04-08,2022-04-11,2022-04-20,2-3%,-2.092,151.3512,154.2756,tp_gap_filled,147.1149,22266.02,1.932,430.22,6
APTV,2022-04-18,2022-04-19,2022-04-20,3-5%,-4.0,103.3132,107.4025,tp_gap_filled,218.5472,22578.81,3.958,893.7,1
JBL,2022-04-06,2022-04-19,2022-04-20,1-2%,-1.77,58.8788,59.8201,tp_gap_filled,384.7469,22653.45,1.599,362.16,1
USB,2022-01-19,2022-01-20,2022-04-21,5-10%,-6.384,58.2782,52.5874,time_exit,353.208,20584.33,-9.765,-2010.06,63
DASH,2022-04-18,2022-04-19,2022-04-21,2-3%,-2.607,106.5665,94.7493,stop,212.5814,22654.05,-11.089,-2512.11,2
OXY,2022-04-19,2022-04-20,2022-04-21,2-3%,-2.167,60.1,61.3086,tp_gap_filled,375.0419,22540.04,2.011,453.27,1
BG,2022-04-19,2022-04-20,2022-04-21,2-3%,-2.106,124.2141,126.6332,tp_gap_filled,181.668,22565.73,1.948,439.48,1
UAL,2022-02-17,2022-04-21,2022-04-22,1-2%,-1.852,49.3293,50.1598,tp_gap_filled,450.0458,22200.43,1.684,373.77,1
FANG,2022-03-28,2022-03-30,2022-04-25,3-5%,-3.058,142.172,120.7254,stop,158.6697,22558.4,-15.085,-3402.93,17
EQT,2022-04-19,2022-04-20,2022-04-25,2-3%,-2.813,44.2642,39.3558,stop,508.9939,22530.22,-11.089,-2498.38,3
MRNA,2022-04-19,2022-04-20,2022-04-25,1-2%,-1.926,151.9218,139.6283,stop,148.6419,22581.95,-8.092,-1827.33,3
RL,2022-03-31,2022-04-21,2022-04-25,1-2%,-1.453,118.098,108.5415,stop,188.0362,22206.69,-8.092,-1796.97,2
V,2022-04-06,2022-04-21,2022-04-26,1-2%,-1.464,223.0028,204.9574,stop,99.7269,22239.37,-8.092,-1799.61,3
CVNA,2022-04-21,2022-04-22,2022-04-27,5-10%,-7.016,17.2192,13.0735,stop,1248.3136,21494.96,-24.076,-5175.13,3
TTD,2022-04-22,2022-04-25,2022-04-27,1-2%,-1.119,62.8228,57.7391,stop,340.3435,21381.32,-8.092,-1730.18,2
PCG,2022-04-14,2022-04-18,2022-04-28,5-10%,-5.447,12.1621,12.8372,tp_gap_filled,1821.4585,22152.85,5.55,1229.49,8
APA,2022-04-25,2022-04-26,2022-04-28,3-5%,-4.004,39.1191,40.6693,tp_gap_filled,533.2242,20859.24,3.963,826.61,2
APTV,2022-04-22,2022-04-25,2022-04-29,1-2%,-1.745,107.6576,109.3505,tp_gap_filled,198.8988,21412.95,1.573,336.73,4
SLB,2022-04-22,2022-04-25,2022-04-29,1-2%,-1.673,40.01,40.6094,tp_gap_filled,535.1836,21412.68,1.498,320.78,4
CPT,2022-04-08,2022-04-21,2022-05-02,1-2%,-1.663,169.9097,156.1606,stop,130.8615,22234.65,-8.092,-1799.23,7
MMM,2022-04-26,2022-04-27,2022-05-03,2-3%,-2.147,121.7018,124.1232,tp_gap_filled,171.3778,20857.0,1.99,414.97,4
UBER,2022-04-06,2022-04-19,2022-05-04,3-5%,-3.161,33.8889,28.7767,stop,668.5684,22657.02,-15.085,-3417.81,11
COF,2022-04-27,2022-04-28,2022-05-04,5-10%,-8.508,121.101,132.0978,tp_gap_filled,176.1451,21331.34,9.081,1937.03,4
MCO,2022-05-02,2022-05-03,2022-05-04,5-10%,-8.99,288.318,316.1635,tp_gap_filled,73.2612,21122.54,9.658,2040.0,1
CVNA,2022-05-03,2022-05-04,2022-05-05,3-5%,-4.068,11.6136,9.8617,stop,1866.9908,21682.49,-15.085,-3270.8,1
CHTR,2022-04-29,2022-05-04,2022-05-05,2-3%,-2.514,450.3399,461.0285,tp_gap_filled,48.2125,21712.02,2.373,515.32,1
ULTA,2022-04-22,2022-04-25,2022-05-06,1-2%,-1.246,416.5962,382.8852,stop,51.3143,21377.36,-8.092,-1729.86,9
CLX,2022-02-04,2022-02-07,2022-05-09,10%+,-12.35,145.0649,157.2726,time_exit,146.6143,21268.58,8.415,1789.81,63
FSLR,2022-04-05,2022-04-12,2022-05-09,3-5%,-3.049,81.4814,69.1899,stop,271.5462,22125.96,-15.085,-3337.7,18
BMY,2022-04-29,2022-05-02,2022-05-09,3-5%,-4.43,73.8538,77.1228,tp_gap_filled,283.3353,20925.38,4.426,926.23,5
MDLZ,2022-02-28,2022-04-20,2022-05-10,1-2%,-1.783,65.6356,66.6932,tp_gap_filled,343.8464,22568.56,1.611,363.68,14
SPG,2022-02-08,2022-02-09,2022-05-11,5-10%,-6.117,139.9498,112.897,time_exit,155.755,21797.88,-19.33,-4213.61,63
FISV,2022-02-08,2022-02-09,2022-05-11,5-10%,-5.874,99.7697,92.4874,time_exit,219.6407,21913.48,-7.299,-1599.48,63
CVS,2022-02-09,2022-02-10,2022-05-12,3-5%,-3.943,106.5665,98.1518,time_exit,202.0596,21532.78,-7.896,-1700.27,63
SW,2022-03-17,2022-03-18,2022-05-12,3-5%,-4.838,44.4945,37.7825,stop,492.0781,21894.75,-15.085,-3302.82,38
TYL,2022-02-17,2022-03-22,2022-05-12,5-10%,-5.371,444.9545,337.8273,stop,49.8146,22165.23,-24.076,-5336.5,36
CARR,2022-04-28,2022-04-29,2022-05-13,5-10%,-9.886,36.3163,40.2197,tp_gap_filled,574.0252,20846.46,10.749,2240.68,10
GILD,2022-05-11,2022-05-12,2022-05-13,2-3%,-2.379,60.3703,61.7182,tp_gap_filled,334.5109,20194.53,2.233,450.89,1
PAYX,2022-05-11,2022-05-12,2022-05-13,1-2%,-1.706,118.1981,120.0099,tp_gap_filled,171.1518,20229.82,1.533,310.09,1
DVN,2022-05-09,2022-05-11,2022-05-16,3-5%,-3.372,67.4073,69.6203,tp_gap_filled,301.1061,20296.76,3.283,666.34,3
OXY,2022-05-09,2022-05-11,2022-05-16,2-3%,-2.818,63.1731,64.8751,tp_gap_filled,320.638,20255.7,2.694,545.71,3
PSX,2022-05-09,2022-05-13,2022-05-16,2-3%,-2.169,94.3643,96.2636,tp_gap_filled,218.5884,20626.94,2.013,415.18,1
LRCX,2022-05-05,2022-05-13,2022-05-17,2-3%,-2.277,49.4894,50.5414,tp_gap_filled,416.92,20633.14,2.126,438.59,2
SLB,2022-05-09,2022-05-16,2022-05-17,2-3%,-2.766,41.8818,42.987,tp_gap_filled,493.2524,20658.32,2.639,545.11,1
EQT,2022-05-09,2022-05-16,2022-05-17,2-3%,-2.68,39.99,41.0089,tp_gap_filled,516.7469,20664.68,2.548,526.56,1
TGT,2022-05-06,2022-05-09,2022-05-18,2-3%,-2.128,226.0759,201.0063,stop,90.9568,20563.14,-11.089,-2280.25,7
DELL,2022-04-01,2022-04-04,2022-05-19,3-5%,-3.228,48.6186,41.2845,stop,458.5398,22293.55,-15.085,-3362.98,32
HPQ,2022-04-08,2022-04-11,2022-05-20,2-3%,-2.371,39.1491,34.8079,stop,569.4467,22293.33,-11.089,-2472.11,28
SW,2022-05-12,2022-05-13,2022-05-20,5-10%,-5.696,37.2872,39.4605,tp_gap_filled,552.5912,20604.6,5.828,1200.92,5
AMGN,2022-04-28,2022-04-29,2022-05-23,5-10%,-5.249,235.9657,248.5412,tp_gap_filled,88.5829,20902.53,5.329,1113.97,16
VRTX,2022-05-06,2022-05-17,2022-05-23,3-5%,-3.773,256.5763,266.1036,tp_gap_filled,81.7507,20975.28,3.713,778.86,4
DVN,2022-05-19,2022-05-20,2022-05-23,3-5%,-3.003,67.8878,69.8501,tp_gap_filled,297.8574,20220.89,2.89,584.47,1
EQT,2022-05-19,2022-05-20,2022-05-23,2-3%,-2.943,39.2892,40.3996,tp_gap_filled,515.4375,20251.15,2.826,572.29,1
EXE,2022-05-09,2022-05-20,2022-05-23,2-3%,-2.738,90.6906,93.0569,tp_gap_filled,223.7429,20291.37,2.609,529.43,1
TPL,2022-05-09,2022-05-17,2022-05-24,2-3%,-2.587,154.2652,158.0462,tp_gap_filled,136.1084,20996.8,2.451,514.63,5
JPM,2022-05-05,2022-05-23,2022-05-24,1-2%,-1.456,125.3752,126.9729,tp_gap_filled,163.6909,20522.79,1.274,261.52,1
EIX,2022-05-12,2022-05-16,2022-05-25,3-5%,-3.464,66.1161,68.3516,tp_gap_filled,312.3434,20650.92,3.381,698.25,7
WMB,2022-05-09,2022-05-18,2022-05-25,1-2%,-1.773,36.056,36.6333,tp_gap_filled,562.7991,20292.29,1.601,324.91,5
AMD,2022-05-23,2022-05-24,2022-05-25,1-2%,-1.968,91.7517,93.4065,tp_gap_filled,223.5251,20508.8,1.804,369.9,1
BR,2022-05-09,2022-05-10,2022-05-26,3-5%,-3.25,137.3672,141.6982,tp_gap_filled,149.8833,20589.06,3.153,649.13,12
CMCSA,2022-04-28,2022-05-17,2022-05-26,3-5%,-3.87,40.0869,41.6172,tp_gap_filled,523.2041,20973.63,3.817,800.65,7
PHM,2022-05-18,2022-05-23,2022-05-26,2-3%,-2.655,43.3033,44.3956,tp_gap_filled,475.0451,20571.0,2.522,518.89,3
PNR,2022-05-18,2022-05-23,2022-05-26,1-2%,-1.641,49.7897,50.5194,tp_gap_filled,412.4707,20536.81,1.466,300.97,3
INVH,2022-05-09,2022-05-24,2022-05-26,1-2%,-1.5,37.4574,37.952,tp_gap_filled,547.3464,20502.18,1.32,270.71,2
APP,2022-05-24,2022-05-25,2022-05-26,5-10%,-6.556,35.5255,37.942,tp_gap_filled,583.3627,20724.25,6.802,1409.71,1
ADSK,2022-05-23,2022-05-25,2022-05-26,3-5%,-4.42,183.1329,191.2186,tp_gap_filled,113.1912,20729.05,4.415,915.22,1
FANG,2022-05-09,2022-05-25,2022-05-26,3-5%,-3.029,138.7386,142.7871,tp_gap_filled,149.5494,20748.27,2.918,605.44,1
CARR,2022-05-18,2022-05-26,2022-05-27,3-5%,-3.559,38.7887,40.1398,tp_gap_filled,547.3981,21232.89,3.483,739.57,1
ULTA,2022-05-18,2022-05-26,2022-05-27,3-5%,-3.074,381.3109,392.617,tp_gap_filled,55.671,21227.96,2.965,629.42,1
AMAT,2022-05-18,2022-05-26,2022-05-27,2-3%,-2.439,114.104,116.7232,tp_gap_filled,185.9587,21218.63,2.295,487.06,1
LRCX,2022-05-18,2022-05-26,2022-05-27,2-3%,-2.294,50.1021,51.1758,tp_gap_filled,423.6875,21227.61,2.143,454.92,1
CCL,2022-05-24,2022-05-26,2022-05-27,2-3%,-2.059,12.8528,13.0969,tp_gap_filled,1652.9392,21244.96,1.899,403.4,1
DHI,2022-05-05,2022-05-26,2022-06-01,3-5%,-3.652,72.8828,75.4944,tp_gap_filled,291.3337,21233.22,3.583,760.85,3
ZBRA,2022-05-18,2022-05-23,2022-06-02,1-2%,-1.669,339.1688,344.2354,tp_gap_filled,60.5901,20550.26,1.494,306.98,7
TRMB,2022-05-05,2022-05-27,2022-06-02,2-3%,-2.859,68.028,69.89,tp_gap_filled,319.3547,21725.05,2.737,594.66,3
FDS,2022-06-01,2022-06-02,2022-06-03,2-3%,-2.837,371.321,381.3982,tp_gap_filled,58.059,21558.54,2.714,585.08,1
RTX,2022-04-26,2022-04-27,2022-06-07,2-3%,-2.721,96.9969,99.5104,tp_gap_filled,214.8233,20837.2,2.591,539.96,28
DG,2022-05-17,2022-05-26,2022-06-07,3-5%,-3.442,226.3361,233.9358,tp_gap_filled,93.8768,21247.7,3.358,713.44,7
LITE,2022-06-03,2022-06-07,2022-06-08,1-2%,-1.624,86.6866,87.942,tp_gap_filled,248.1045,21507.34,1.448,311.46,1
DASH,2022-05-05,2022-05-27,2022-06-10,3-5%,-4.312,78.1981,66.4019,stop,277.4294,21694.45,-15.085,-3272.61,9
MPWR,2022-05-05,2022-06-02,2022-06-10,1-2%,-1.636,471.8214,433.6416,stop,45.7733,21596.83,-8.092,-1747.62,6
PSKY,2022-06-02,2022-06-03,2022-06-10,2-3%,-2.782,31.4815,27.9905,stop,677.344,21323.77,-11.089,-2364.59,5
LEN,2022-05-05,2022-05-27,2022-06-13,2-3%,-2.913,78.4908,69.787,stop,276.7694,21723.85,-11.089,-2408.96,10
DAL,2022-05-31,2022-06-01,2022-06-13,3-5%,-3.599,40.7507,34.6035,stop,520.5811,21214.05,-15.085,-3200.14,8
EQT,2022-06-09,2022-06-10,2022-06-13,1-2%,-1.674,48.1982,44.298,stop,423.9795,20435.03,-8.092,-1653.6,1
TPL,2022-06-09,2022-06-10,2022-06-13,1-2%,-1.576,188.2725,173.0375,stop,108.5128,20429.98,-8.092,-1653.19,1
GILD,2022-06-06,2022-06-07,2022-06-14,1-2%,-1.371,62.6426,57.5735,stop,343.6457,21526.85,-8.092,-1741.95,5
EXE,2022-06-09,2022-06-10,2022-06-14,1-2%,-1.778,97.8678,89.9483,stop,208.7702,20431.87,-8.092,-1653.35,2
VLO,2022-06-13,2022-06-14,2022-06-17,3-5%,-3.886,135.1851,114.7924,stop,144.079,19477.33,-15.085,-2938.16,3
TTWO,2022-06-10,2022-06-13,2022-06-22,2-3%,-2.113,126.6265,129.1008,tp_gap_filled,155.2673,19660.96,1.954,384.17,6
MRSH,2022-06-10,2022-06-13,2022-06-23,2-3%,-2.15,149.8597,152.847,tp_gap_filled,131.3074,19677.69,1.993,392.25,7
FICO,2022-06-13,2022-06-14,2022-06-23,3-5%,-3.87,386.6463,401.4082,tp_gap_filled,50.3483,19466.99,3.818,743.24,6
DASH,2022-06-10,2022-06-22,2022-06-23,3-5%,-3.452,66.3463,68.5814,tp_gap_filled,292.8671,19430.65,3.369,654.58,1
TFC,2022-06-10,2022-06-13,2022-06-24,2-3%,-2.18,46.7167,47.6623,tp_gap_filled,421.2481,19679.31,2.024,398.34,8
SYY,2022-06-10,2022-06-13,2022-06-24,2-3%,-2.061,80.8708,82.4075,tp_gap_filled,242.7858,19634.28,1.9,373.09,8
DDOG,2022-06-10,2022-06-23,2022-06-24,2-3%,-2.649,100.9959,103.5364,tp_gap_filled,193.0438,19496.63,2.515,490.42,1
INVH,2022-06-13,2022-06-23,2022-06-27,2-3%,-2.521,35.2152,36.0539,tp_gap_filled,553.5342,19492.81,2.382,464.27,2
CNC,2022-05-26,2022-05-27,2022-06-28,3-5%,-3.892,82.072,85.2247,tp_gap_filled,264.3162,21692.96,3.841,833.31,20
VLO,2022-06-22,2022-06-23,2022-06-28,3-5%,-4.92,110.8507,116.3535,tp_gap_filled,177.1079,19632.54,4.964,974.59,3
CF,2022-06-22,2022-06-23,2022-06-28,3-5%,-3.362,87.7677,90.6393,tp_gap_filled,223.0498,19576.56,3.272,640.51,3
EXE,2022-06-16,2022-06-27,2022-06-28,2-3%,-2.368,86.2462,88.1618,tp_gap_filled,233.5728,20144.76,2.221,447.43,1
CL,2022-04-29,2022-05-09,2022-07-01,3-5%,-4.285,77.8177,81.1388,tp_gap_filled,264.2726,20565.1,4.268,877.66,37
LEN,2022-06-13,2022-06-24,2022-07-01,3-5%,-3.788,69.4111,71.9996,tp_gap_filled,288.241,20007.11,3.729,746.11,5
STT,2022-06-30,2022-07-01,2022-07-08,3-5%,-3.699,61.7717,64.0159,tp_gap_filled,320.8624,19820.22,3.633,720.08,4
VEEV,2022-07-07,2022-07-08,2022-07-11,1-2%,-1.699,202.6524,205.744,tp_gap_filled,98.5315,19967.65,1.526,304.62,1
CRWD,2022-07-08,2022-07-11,2022-07-12,2-3%,-2.734,46.2962,47.5024,tp_gap_filled,427.3926,19786.68,2.605,515.52,1
ADSK,2022-06-10,2022-06-24,2022-07-13,2-3%,-2.676,190.0298,168.9574,stop,105.3008,20010.3,-11.089,-2218.94,12
CF,2022-07-11,2022-07-12,2022-07-13,2-3%,-2.035,84.3342,85.914,tp_gap_filled,234.1923,19750.43,1.873,369.97,1
MS,2022-06-10,2022-06-28,2022-07-14,1-2%,-1.996,79.6195,73.1767,stop,248.2283,19763.82,-8.092,-1599.29,11
C,2022-06-10,2022-06-28,2022-07-15,2-3%,-2.502,48.7687,49.92,tp_gap_filled,406.1675,19808.27,2.361,467.62,12
UNP,2022-07-12,2022-07-13,2022-07-15,1-2%,-1.615,206.6865,209.6601,tp_gap_filled,95.1358,19663.28,1.439,282.9,2
COIN,2022-07-13,2022-07-14,2022-07-15,3-5%,-4.72,51.7317,54.1858,tp_gap_filled,375.3749,19418.78,4.744,921.2,1
TJX,2022-06-07,2022-06-08,2022-07-18,2-3%,-2.948,59.9699,61.6683,tp_gap_filled,355.9841,21348.33,2.832,604.59,26
CF,2022-07-14,2022-07-15,2022-07-18,3-5%,-3.741,82.4223,85.4545,tp_gap_filled,241.2739,19886.36,3.679,731.57,1
CI,2022-07-14,2022-07-15,2022-07-18,2-3%,-2.532,267.0868,273.4762,tp_gap_filled,74.5526,19912.03,2.392,476.35,1
FSLR,2022-07-15,2022-07-18,2022-07-19,3-5%,-4.575,67.8578,70.969,tp_gap_filled,294.3437,19973.51,4.585,915.75,1
EXE,2022-06-30,2022-07-18,2022-07-19,2-3%,-2.31,85.085,86.923,tp_gap_filled,234.6011,19961.03,2.16,431.19,1
SCHW,2022-04-18,2022-04-19,2022-07-20,5-10%,-7.795,76.3763,62.7672,time_exit,295.5246,22571.07,-17.819,-4021.83,63
AVY,2022-06-10,2022-07-19,2022-07-21,2-3%,-2.351,170.0299,173.776,tp_gap_filled,120.263,20448.29,2.203,450.53,2
INVH,2022-07-12,2022-07-13,2022-07-22,3-5%,-4.959,34.7247,36.4635,tp_gap_filled,565.7853,19646.72,5.007,983.79,7
WSM,2022-05-05,2022-07-19,2022-07-22,3-5%,-3.236,68.8538,71.0139,tp_gap_filled,297.0027,20449.76,3.137,641.56,3
PYPL,2022-06-10,2022-07-21,2022-07-22,3-5%,-4.375,80.5104,84.0259,tp_gap_filled,256.7623,20672.05,4.366,902.64,1
COIN,2022-07-21,2022-07-22,2022-07-26,5-10%,-5.673,71.071,53.9599,stop,290.8226,20669.05,-24.076,-4976.28,2
CB,2022-07-14,2022-07-15,2022-07-27,2-3%,-2.447,185.5754,189.85,tp_gap_filled,107.4399,19938.21,2.303,459.26,8
TPL,2022-07-21,2022-07-22,2022-07-27,3-5%,-3.418,194.6389,201.1253,tp_gap_filled,106.173,20665.4,3.333,688.69,3
APD,2022-06-30,2022-07-01,2022-07-28,2-3%,-2.254,237.8876,242.8869,tp_gap_filled,83.426,19846.02,2.102,417.07,18
CEG,2022-07-15,2022-07-18,2022-07-28,5-10%,-5.11,55.015,57.8621,tp_gap_filled,363.1237,19977.23,5.175,1033.86,8
IDXX,2022-07-25,2022-07-26,2022-07-28,3-5%,-3.095,381.7113,393.1165,tp_gap_filled,53.0594,20253.39,2.988,605.15,2
UPS,2022-07-26,2022-07-27,2022-07-28,3-5%,-4.609,179.4292,187.7221,tp_gap_filled,114.7394,20587.61,4.622,951.52,1
FFIV,2022-04-27,2022-04-28,2022-07-29,10%+,-10.892,172.9628,167.1926,time_exit,123.2241,21313.19,-3.336,-711.02,63
LYV,2022-06-10,2022-07-20,2022-07-29,2-3%,-2.236,91.9118,93.8261,tp_gap_filled,222.7434,20472.76,2.083,426.39,7
ROK,2022-05-03,2022-07-27,2022-07-29,5-10%,-8.595,228.7786,249.79,tp_gap_filled,89.7601,20535.18,9.184,1885.98,2
DLTR,2022-07-26,2022-07-28,2022-08-01,3-5%,-3.408,162.8427,168.2516,tp_gap_filled,128.7476,20965.6,3.322,696.38,2
ORLY,2022-07-28,2022-07-29,2022-08-01,2-3%,-2.251,44.9703,45.914,tp_gap_filled,474.1883,21324.37,2.099,447.53,1
PH,2022-05-05,2022-05-06,2022-08-02,5-10%,-6.958,270.6303,290.2894,tp_gap_filled,76.8632,20801.52,7.264,1511.06,59
COIN,2022-07-26,2022-07-28,2022-08-02,5-10%,-8.021,61.7517,67.0029,tp_gap_filled,339.3777,20957.15,8.504,1782.15,3
DXCM,2022-07-29,2022-08-01,2022-08-02,10%+,-10.047,78.3282,86.903,tp_gap_filled,272.5645,21349.5,10.947,2337.17,1
DECK,2022-08-01,2022-08-02,2022-08-03,2-3%,-2.375,51.0126,52.1495,tp_gap_filled,421.3545,21494.4,2.229,479.01,1
LRCX,2022-08-01,2022-08-02,2022-08-03,2-3%,-2.314,48.9419,50.0009,tp_gap_filled,439.2842,21499.4,2.164,465.23,1
VRSN,2022-04-29,2022-05-04,2022-08-04,10%+,-11.136,185.3952,197.0028,time_exit,116.9186,21676.15,6.261,1357.14,63
NOW,2022-07-12,2022-07-22,2022-08-04,5-10%,-5.944,92.3422,97.9819,tp_gap_filled,224.1937,20702.55,6.107,1264.38,9
URI,2022-08-01,2022-08-02,2022-08-04,2-3%,-2.42,315.1748,322.3473,tp_gap_filled,68.21,21498.06,2.276,489.24,2
MOS,2022-08-02,2022-08-03,2022-08-04,3-5%,-4.164,49.2992,51.3386,tp_gap_filled,438.9621,21640.5,4.137,895.2,1
AKAM,2022-05-04,2022-05-05,2022-08-05,10%+,-12.961,99.1491,96.1837,time_exit,212.6323,21082.29,-2.991,-630.53,63
JCI,2022-05-04,2022-05-05,2022-08-05,10%+,-12.68,54.1141,55.0449,time_exit,389.4957,21077.19,1.72,362.56,63
TRMB,2022-08-03,2022-08-04,2022-08-05,2-3%,-2.567,66.8568,68.4815,tp_gap_filled,325.6471,21771.72,2.43,529.07,1
SNPS,2022-08-03,2022-08-04,2022-08-05,2-3%,-2.541,359.359,367.9916,tp_gap_filled,60.7409,21827.78,2.402,524.35,1
CHTR,2022-07-28,2022-07-29,2022-08-08,5-10%,-6.799,444.0236,475.4641,tp_gap_filled,48.0347,21328.53,7.081,1510.23,6
DDOG,2022-08-04,2022-08-05,2022-08-08,5-10%,-8.148,103.3633,112.3076,tp_gap_filled,211.3469,21845.5,8.653,1890.35,1
CLX,2022-08-04,2022-08-05,2022-08-08,5-10%,-5.444,136.8367,144.4254,tp_gap_filled,160.4131,21950.4,5.546,1217.33,1
IR,2022-08-04,2022-08-05,2022-08-08,3-5%,-3.448,48.2182,49.8401,tp_gap_filled,455.5891,21967.67,3.364,738.94,1
CEG,2022-08-04,2022-08-05,2022-08-08,2-3%,-2.471,65.5755,67.1028,tp_gap_filled,335.5441,22003.48,2.329,512.48,1
DVA,2022-05-06,2022-05-09,2022-08-09,5-10%,-9.575,96.7967,89.1907,time_exit,211.6287,20484.96,-7.858,-1609.64,63
TRMB,2022-08-05,2022-08-08,2022-08-10,3-5%,-4.239,67.3873,70.2297,tp_gap_filled,329.2914,22190.06,4.218,935.97,2
AMCR,2022-08-05,2022-08-09,2022-08-10,1-2%,-1.112,62.3122,62.8871,tp_gap_filled,353.4385,22023.55,0.922,203.16,1
SW,2022-06-15,2022-06-24,2022-08-11,10%+,-14.434,33.7637,39.3806,tp_gap_filled,590.8331,19948.73,16.636,3318.62,33
CFG,2022-06-10,2022-06-28,2022-08-11,2-3%,-2.753,37.8378,38.8311,tp_gap_filled,524.2653,19837.05,2.625,520.77,31
EXC,2022-08-03,2022-08-04,2022-08-11,3-5%,-3.404,44.3143,45.7842,tp_gap_filled,490.8897,21753.42,3.317,721.56,5
XYZ,2022-08-05,2022-08-08,2022-08-11,5-10%,-6.745,83.7337,89.6103,tp_gap_filled,264.7417,22167.79,7.018,1555.79,3
HOOD,2022-08-05,2022-08-08,2022-08-11,3-5%,-4.228,10.4304,10.8691,tp_gap_filled,2128.7831,22204.1,4.206,933.9,3
NCLH,2022-08-09,2022-08-10,2022-08-11,5-10%,-7.908,12.4725,13.5165,tp_gap_filled,1812.871,22610.96,8.371,1892.65,1
LRCX,2022-08-09,2022-08-10,2022-08-11,3-5%,-4.218,48.8538,50.903,tp_gap_filled,464.8469,22709.54,4.195,952.58,1
APTV,2022-08-04,2022-08-08,2022-08-12,5-10%,-7.964,101.101,109.6303,tp_gap_filled,219.1144,22152.68,8.436,1868.88,4
MU,2022-08-05,2022-08-11,2022-08-12,3-5%,-3.069,62.9229,64.7851,tp_gap_filled,363.9834,22902.88,2.96,677.84,1
ALB,2022-05-31,2022-08-11,2022-08-12,2-3%,-2.152,265.3551,270.6491,tp_gap_filled,86.2647,22890.76,1.995,456.69,1
COR,2022-05-12,2022-05-13,2022-08-15,5-10%,-7.818,148.8387,150.6692,time_exit,138.2477,20576.6,1.23,253.06,63
SHW,2022-07-27,2022-07-28,2022-08-15,10%+,-11.05,226.4162,254.0357,tp_gap_filled,91.9867,20827.27,12.199,2540.63,12
PFE,2022-08-11,2022-08-12,2022-08-15,3-5%,-3.463,48.2682,49.9001,tp_gap_filled,480.5493,23195.26,3.381,784.17,1
CAH,2022-08-11,2022-08-12,2022-08-15,3-5%,-3.41,60.6706,62.6872,tp_gap_filled,383.044,23239.52,3.324,772.46,1
AIZ,2022-08-03,2022-08-15,2022-08-17,2-3%,-2.658,167.177,171.3984,tp_gap_filled,139.2413,23277.94,2.525,587.8,2
CSCO,2022-05-19,2022-05-23,2022-08-18,10%+,-10.959,43.1031,48.3116,tp_gap_filled,477.1148,20565.11,12.084,2485.09,60
KMI,2022-06-13,2022-08-11,2022-08-24,2-3%,-2.312,18.6086,19.011,tp_gap_filled,1230.1796,22891.91,2.162,495.0,9
CVX,2022-06-16,2022-07-29,2022-08-25,2-3%,-2.63,160.0999,164.0957,tp_gap_filled,133.0412,21299.89,2.496,531.61,19
STLD,2022-06-08,2022-08-11,2022-08-25,2-3%,-2.027,84.1641,85.7342,tp_gap_filled,271.9955,22892.25,1.866,427.06,10
ARES,2022-08-19,2022-08-24,2022-08-25,1-2%,-1.96,76.096,77.4625,tp_gap_filled,295.961,22521.45,1.796,404.41,1
TGT,2022-05-18,2022-05-26,2022-08-26,10%+,-24.252,163.2331,160.4594,time_exit,130.0805,21233.44,-1.699,-360.8,63
NVDA,2022-08-05,2022-08-15,2022-08-26,2-3%,-2.108,18.8288,16.7409,stop,1236.1971,23276.12,-11.089,-2581.09,9
NCLH,2022-08-17,2022-08-25,2022-08-26,3-5%,-3.091,14.1241,14.5454,tp_gap_filled,1614.0145,22796.52,2.983,680.03,1
RCL,2022-08-17,2022-08-25,2022-08-26,2-3%,-2.995,42.8028,44.0359,tp_gap_filled,533.2656,22825.24,2.881,657.6,1
KHC,2022-05-26,2022-05-27,2022-08-29,5-10%,-8.47,36.5385,38.0519,time_exit,592.6949,21656.18,4.142,896.99,63
DG,2022-08-25,2022-08-26,2022-09-08,3-5%,-3.027,240.2,247.2025,tp_gap_filled,91.9168,22078.4,2.915,643.65,8
CRWD,2022-09-01,2022-09-08,2022-09-09,2-3%,-2.278,44.6571,45.6068,tp_gap_filled,491.7963,21962.2,2.127,467.08,1
WDAY,2022-08-19,2022-08-26,2022-09-16,2-3%,-2.033,169.7796,150.9527,stop,129.9365,22060.57,-11.089,-2446.3,14
TEL,2022-08-22,2022-08-26,2022-09-16,1-2%,-1.653,132.7726,122.0287,stop,165.9906,22039.0,-8.092,-1783.4,14
L,2022-06-10,2022-06-28,2022-09-19,2-3%,-2.144,60.3102,53.6224,stop,327.9147,19776.61,-11.089,-2193.03,57
EXE,2022-09-15,2022-09-16,2022-09-21,2-3%,-2.793,101.7416,104.4554,tp_gap_filled,207.8763,21149.68,2.667,564.13,3
TAP,2022-08-02,2022-08-11,2022-09-23,3-5%,-4.474,57.067,48.4585,stop,401.4622,22910.25,-15.085,-3456.01,30
J,2022-08-01,2022-08-12,2022-09-23,3-5%,-3.299,109.9306,93.3475,stop,212.9086,23405.17,-15.085,-3530.67,29
JPM,2022-06-10,2022-08-15,2022-09-23,2-3%,-2.171,122.7126,109.105,stop,189.6995,23278.52,-11.089,-2581.35,28
LITE,2022-08-16,2022-08-17,2022-09-23,5-10%,-5.396,91.091,69.1599,stop,253.7158,23111.23,-24.076,-5564.26,26
PRU,2022-08-22,2022-08-25,2022-09-23,2-3%,-2.795,100.6105,89.4538,stop,227.2164,22860.36,-11.089,-2534.99,20
CNC,2022-08-26,2022-08-29,2022-09-23,3-5%,-4.502,91.5114,77.7069,stop,238.7658,21849.79,-15.085,-3296.04,18
CMCSA,2022-07-28,2022-08-11,2022-09-27,5-10%,-8.716,37.1411,28.199,stop,617.0216,22916.88,-24.076,-5517.47,32
RCL,2022-09-23,2022-09-26,2022-09-27,3-5%,-3.213,45.5355,46.953,tp_gap_filled,433.7613,19751.53,3.113,614.86,1
CCL,2022-09-23,2022-09-26,2022-09-28,3-5%,-4.253,9.2392,9.6304,tp_gap_filled,2145.4824,19822.6,4.233,839.16,2
MPC,2022-09-23,2022-09-26,2022-09-28,3-5%,-3.417,92.7927,95.884,tp_gap_filled,213.2303,19786.21,3.331,659.16,2
NCLH,2022-09-23,2022-09-26,2022-09-28,2-3%,-2.988,13.974,14.3756,tp_gap_filled,1411.1319,19719.1,2.874,566.78,2
VTRS,2022-09-26,2022-09-27,2022-09-28,1-2%,-1.381,8.5786,8.6813,tp_gap_filled,2303.6601,19762.11,1.198,236.68,1
TPL,2022-09-23,2022-09-28,2022-09-29,3-5%,-3.353,191.3022,197.5434,tp_gap_filled,105.744,20229.07,3.262,659.96,1
RL,2022-09-23,2022-09-28,2022-09-29,1-2%,-1.81,86.8768,88.3016,tp_gap_filled,233.1536,20255.63,1.64,332.2,1
FCX,2022-09-23,2022-09-26,2022-09-30,3-5%,-4.409,27.1271,28.3217,tp_gap_filled,731.5763,19845.54,4.404,873.9,4
ON,2022-09-28,2022-09-29,2022-09-30,1-2%,-1.804,63.1931,64.2257,tp_gap_filled,316.8458,20022.48,1.634,327.17,1
EXE,2022-09-23,2022-09-26,2022-10-03,3-5%,-4.669,94.0239,98.4315,tp_gap_filled,211.3989,19876.55,4.688,931.75,5
PSX,2022-09-23,2022-09-28,2022-10-03,3-5%,-3.501,79.4694,82.1877,tp_gap_filled,254.2429,20204.53,3.421,691.12,3
APA,2022-09-23,2022-09-29,2022-10-03,5-10%,-5.605,35.065,37.0729,tp_gap_filled,571.1036,20025.76,5.726,1146.7,2
SLB,2022-09-23,2022-09-30,2022-10-03,5-10%,-5.179,36.2862,38.1918,tp_gap_filled,546.7937,19841.09,5.251,1041.93,1
TAP,2022-09-23,2022-09-28,2022-10-04,1-2%,-1.811,48.3083,49.1009,tp_gap_filled,419.2945,20255.39,1.641,332.33,4
COP,2022-09-23,2022-10-03,2022-10-04,3-5%,-4.516,105.1951,109.9499,tp_gap_filled,194.2587,20435.06,4.52,923.67,1
TRGP,2022-09-23,2022-10-03,2022-10-04,3-5%,-3.606,63.1531,65.3845,tp_gap_filled,324.3141,20481.44,3.533,723.69,1
CVX,2022-09-23,2022-10-03,2022-10-04,3-5%,-3.318,149.8997,154.7351,tp_gap_filled,136.6155,20478.63,3.226,660.59,1
ARES,2022-09-29,2022-10-03,2022-10-04,2-3%,-2.146,63.8938,65.1648,tp_gap_filled,320.706,20491.13,1.989,407.6,1
FANG,2022-09-15,2022-10-04,2022-10-05,2-3%,-2.704,136.5164,140.0298,tp_gap_filled,154.3109,21065.96,2.574,542.16,1
BG,2022-09-23,2022-10-04,2022-10-05,2-3%,-2.378,86.2862,88.2117,tp_gap_filled,244.1212,21064.29,2.232,470.06,1
NVR,2022-09-13,2022-10-04,2022-10-05,1-2%,-1.994,4209.205,4286.2793,tp_gap_filled,5.0097,21086.8,1.831,386.12,1
ODFL,2022-09-13,2022-10-04,2022-10-06,3-5%,-3.301,133.5785,137.862,tp_gap_filled,157.5278,21042.32,3.207,674.78,2
DVN,2022-09-15,2022-10-05,2022-10-06,2-3%,-2.744,70.2602,72.0978,tp_gap_filled,300.4899,21112.48,2.615,552.19,1
PCG,2022-10-05,2022-10-06,2022-10-07,3-5%,-3.03,13.7738,14.1758,tp_gap_filled,1520.5063,20943.09,2.919,611.32,1
HAL,2022-09-15,2022-10-06,2022-10-07,2-3%,-2.73,29.5996,30.3696,tp_gap_filled,709.7463,21008.19,2.601,546.53,1
NVDA,2022-09-13,2022-09-21,2022-10-10,3-5%,-4.847,13.8158,11.7317,stop,1494.0068,20640.9,-15.085,-3113.68,13
TPL,2022-10-06,2022-10-07,2022-10-10,1-2%,-1.166,221.3333,223.4963,tp_gap_filled,92.923,20566.96,0.977,200.99,1
UBER,2022-09-16,2022-09-19,2022-10-11,5-10%,-6.55,30.991,23.5296,stop,686.3436,21270.45,-24.076,-5121.07,16
AZO,2022-08-24,2022-10-05,2022-10-11,2-3%,-2.067,2246.374,2289.1985,tp_gap_filled,9.4026,21121.79,1.906,402.66,4
DECK,2022-10-07,2022-10-10,2022-10-11,1-2%,-1.977,55.6723,56.6816,tp_gap_filled,367.8719,20480.27,1.813,371.3,1
NEE,2022-09-15,2022-09-16,2022-10-12,3-5%,-3.87,85.5254,72.6239,stop,247.3974,21158.77,-15.085,-3191.8,18
LLY,2022-10-06,2022-10-07,2022-10-12,1-2%,-1.157,328.2679,331.4482,tp_gap_filled,62.6363,20561.49,0.969,199.2,3
AMGN,2022-09-12,2022-10-11,2022-10-12,3-5%,-3.912,238.238,247.4423,tp_gap_filled,85.3602,20336.05,3.863,785.68,1
ADP,2022-09-13,2022-10-05,2022-10-13,1-2%,-1.644,240.1799,220.7446,stop,87.9397,21121.35,-8.092,-1709.14,6
FANG,2022-10-11,2022-10-12,2022-10-13,2-3%,-2.78,136.5464,140.1697,tp_gap_filled,147.9521,20202.33,2.654,536.07,1
APA,2022-10-11,2022-10-12,2022-10-13,2-3%,-2.599,40.1401,41.1288,tp_gap_filled,504.1476,20236.53,2.463,498.47,1
TTWO,2022-10-07,2022-10-10,2022-10-18,2-3%,-2.167,118.8688,121.2586,tp_gap_filled,172.3612,20488.36,2.011,411.92,6
UBER,2022-10-11,2022-10-12,2022-10-18,5-10%,-7.21,25.5705,27.5025,tp_gap_filled,789.4305,20186.17,7.555,1525.12,4
HPQ,2022-10-07,2022-10-13,2022-10-18,2-3%,-2.681,25.7958,26.4535,tp_gap_filled,794.3986,20492.12,2.55,522.51,3
DE,2022-09-13,2022-10-11,2022-10-19,2-3%,-2.267,365.9155,373.656,tp_gap_filled,55.6598,20366.79,2.115,430.83,6
STLD,2022-09-13,2022-10-13,2022-10-20,2-3%,-2.503,81.4814,83.4065,tp_gap_filled,251.6038,20501.03,2.363,484.36,5
BKR,2022-09-15,2022-10-19,2022-10-20,2-3%,-2.206,24.8548,25.3646,tp_gap_filled,825.1576,20509.15,2.051,420.65,1
HOOD,2022-10-07,2022-10-13,2022-10-21,2-3%,-2.328,10.9209,9.7099,stop,1876.6957,20495.22,-11.089,-2272.72,6
ABBV,2022-07-29,2022-09-27,2022-10-24,2-3%,-2.878,145.5854,149.6002,tp_gap_filled,135.9228,19788.38,2.758,545.7,19
SYF,2022-10-19,2022-10-20,2022-10-24,2-3%,-2.946,31.6616,32.5574,tp_gap_filled,642.0316,20327.77,2.829,575.12,2
BIIB,2022-09-29,2022-09-30,2022-10-25,2-3%,-2.646,269.5593,276.3334,tp_gap_filled,73.5665,19830.53,2.513,498.35,17
LULU,2022-10-07,2022-10-11,2022-10-25,2-3%,-2.232,303.8535,310.1695,tp_gap_filled,67.0046,20359.59,2.079,423.2,10
CNC,2022-10-07,2022-10-18,2022-10-25,3-5%,-4.1,77.0269,80.1598,tp_gap_filled,269.3536,20747.48,4.067,843.83,5
GRMN,2022-07-27,2022-07-28,2022-10-26,5-10%,-9.093,93.2732,84.8351,time_exit,224.113,20903.73,-9.047,-1891.09,63
ROST,2022-09-13,2022-10-25,2022-10-26,2-3%,-2.916,92.3022,94.885,tp_gap_filled,232.0251,21416.43,2.798,599.28,1
FCX,2022-10-24,2022-10-25,2022-10-26,2-3%,-2.841,31.1511,31.998,tp_gap_filled,687.7872,21425.34,2.719,582.45,1
FLEX,2022-09-13,2022-10-25,2022-10-27,3-5%,-3.344,14.1739,14.6349,tp_gap_filled,1511.8944,21429.47,3.253,697.01,2
EW,2022-07-29,2022-08-01,2022-10-28,5-10%,-6.757,100.14,76.0303,stop,213.9452,21424.48,-24.076,-5158.16,63
FDS,2022-09-22,2022-10-04,2022-10-28,3-5%,-4.052,413.423,430.0196,tp_gap_filled,50.8431,21019.73,4.014,843.82,18
VZ,2022-10-21,2022-10-24,2022-10-28,3-5%,-4.0,35.5555,36.963,tp_gap_filled,590.1029,20981.42,3.959,830.56,4
WRB,2022-10-25,2022-10-26,2022-10-28,3-5%,-4.396,46.2996,48.3316,tp_gap_filled,463.5016,21459.93,4.389,941.85,2
NVDA,2022-10-26,2022-10-27,2022-10-28,2-3%,-2.956,12.8819,13.2477,tp_gap_filled,1656.8921,21343.87,2.84,606.21,1
FISV,2022-10-27,2022-10-28,2022-10-31,5-10%,-5.759,95.9959,101.6582,tp_gap_filled,225.6832,21664.66,5.899,1277.89,1
NOC,2022-10-27,2022-10-28,2022-10-31,3-5%,-3.467,513.0926,530.459,tp_gap_filled,42.3902,21750.09,3.385,736.16,1
KDP,2022-10-27,2022-10-28,2022-10-31,2-3%,-2.941,37.6576,38.7212,tp_gap_filled,580.4328,21857.72,2.824,617.36,1
WAT,2022-08-02,2022-08-03,2022-11-01,5-10%,-5.622,345.345,307.1326,time_exit,62.7221,21660.78,-11.065,-2396.77,63
INCY,2022-08-02,2022-08-08,2022-11-01,3-5%,-4.393,74.074,77.3226,tp_gap_filled,299.5811,22191.17,4.386,973.22,60
FOX,2022-10-17,2022-10-18,2022-11-01,3-5%,-4.252,27.9479,29.1308,tp_gap_filled,742.8513,20761.15,4.233,878.73,10
CRL,2022-08-03,2022-08-04,2022-11-02,10%+,-10.158,219.1289,215.5342,time_exit,99.0798,21711.25,-1.64,-356.16,63
CVS,2022-10-07,2022-10-24,2022-11-02,5-10%,-5.478,93.2732,98.4814,tp_gap_filled,224.7619,20964.26,5.584,1170.61,7
DD,2022-09-13,2022-10-26,2022-11-02,3-5%,-3.325,72.3359,74.6742,tp_gap_filled,296.7883,21468.44,3.233,693.99,5
HWM,2022-10-31,2022-11-01,2022-11-02,3-5%,-4.064,34.7347,36.1338,tp_gap_filled,630.3443,21894.82,4.028,881.93,1
FTNT,2022-08-04,2022-10-26,2022-11-03,5-10%,-9.621,56.8868,43.1908,stop,377.7027,21486.31,-24.076,-5173.04,6
LLY,2022-11-01,2022-11-02,2022-11-03,3-5%,-4.491,346.1758,361.7279,tp_gap_filled,62.1592,21518.03,4.493,966.71,1
VMC,2022-09-13,2022-11-02,2022-11-03,2-3%,-2.212,167.6775,171.1287,tp_gap_filled,128.2268,21500.75,2.058,442.54,1
LYB,2022-10-28,2022-10-31,2022-11-04,5-10%,-7.49,76.4063,82.4275,tp_gap_filled,283.4594,21658.1,7.88,1706.75,4
BA,2022-09-13,2022-11-03,2022-11-04,3-5%,-3.226,153.7536,158.5613,tp_gap_filled,136.7662,21028.3,3.127,657.53,1
CDW,2022-11-02,2022-11-03,2022-11-04,1-2%,-1.889,169.4893,172.4074,tp_gap_filled,124.1895,21048.79,1.722,362.4,1
RCL,2022-11-03,2022-11-04,2022-11-07,5-10%,-7.048,46.2062,49.6103,tp_gap_filled,469.2762,21683.45,7.367,1597.5,1
ON,2022-10-27,2022-10-28,2022-11-08,3-5%,-3.44,65.4754,67.6723,tp_gap_filled,333.3207,21824.31,3.355,732.25,7
MTD,2022-09-13,2022-11-01,2022-11-08,2-3%,-2.587,1281.6704,1313.0756,tp_gap_filled,17.1078,21926.52,2.45,537.27,5
NXPI,2022-10-07,2022-11-02,2022-11-08,2-3%,-2.591,155.0249,158.831,tp_gap_filled,138.9798,21545.33,2.455,528.98,4
ROK,2022-11-02,2022-11-03,2022-11-08,5-10%,-6.059,240.4002,255.3943,tp_gap_filled,87.4279,21017.68,6.237,1310.91,3
CMI,2022-11-03,2022-11-04,2022-11-08,5-10%,-7.855,222.5223,241.0088,tp_gap_filled,97.0982,21606.51,8.308,1795.0,2
SWK,2022-07-28,2022-08-11,2022-11-09,10%+,-15.028,99.8998,73.7861,time_exit,229.5825,22935.25,-26.14,-5995.24,63
NTRS,2022-10-19,2022-10-20,2022-11-10,10%+,-10.809,78.2181,87.5224,tp_gap_filled,260.0531,20340.87,11.895,2419.6,15
COF,2022-09-13,2022-10-28,2022-11-10,3-5%,-3.516,106.0359,109.6802,tp_gap_filled,205.0171,21739.18,3.437,747.14,9
MSCI,2022-09-13,2022-11-01,2022-11-10,3-5%,-3.349,480.4199,496.0734,tp_gap_filled,45.6895,21950.14,3.258,715.2,7
FTNT,2022-11-03,2022-11-04,2022-11-10,10%+,-14.428,45.5955,53.1768,tp_gap_filled,473.0928,21570.93,16.627,3586.62,4
CARR,2022-09-13,2022-11-08,2022-11-10,2-3%,-2.53,41.2612,42.2477,tp_gap_filled,539.1911,22247.68,2.391,531.91,2
INTU,2022-11-03,2022-11-08,2022-11-10,2-3%,-2.387,376.2158,384.645,tp_gap_filled,59.0981,22233.66,2.241,498.15,2
MLM,2022-09-13,2022-11-08,2022-11-10,2-3%,-2.08,348.2679,354.9547,tp_gap_filled,63.8946,22252.43,1.92,427.25,2
BAX,2022-07-28,2022-08-15,2022-11-11,5-10%,-7.56,61.8118,54.8251,time_exit,376.5306,23274.02,-11.303,-2630.68,63
DLTR,2022-08-25,2022-08-26,2022-11-11,10%+,-10.212,149.179,165.814,tp_gap_filled,148.521,22156.22,11.151,2470.65,54
TEL,2022-11-02,2022-11-07,2022-11-11,5-10%,-5.096,117.2672,123.3166,tp_gap_filled,187.7835,22020.83,5.159,1135.98,4
GLW,2022-09-13,2022-11-08,2022-11-11,2-3%,-2.418,33.5235,34.2857,tp_gap_filled,663.7642,22251.69,2.274,505.91,3
NWSA,2022-11-09,2022-11-10,2022-11-11,10%+,-11.937,15.0651,17.0729,tp_gap_filled,1507.2561,22706.89,13.328,3026.36,1
NWS,2022-11-09,2022-11-10,2022-11-11,10%+,-11.649,15.3353,17.3227,tp_gap_filled,1491.6755,22875.32,12.959,2964.47,1
BX,2022-09-13,2022-11-10,2022-11-11,3-5%,-4.027,96.8568,100.7192,tp_gap_filled,238.1547,23066.89,3.988,919.85,1
ANET,2022-11-09,2022-11-10,2022-11-11,3-5%,-3.269,31.2537,32.2452,tp_gap_filled,740.5914,23146.24,3.172,734.3,1
WBD,2022-11-04,2022-11-11,2022-11-14,3-5%,-4.929,11.3914,11.958,tp_gap_filled,2049.2276,23343.53,4.974,1161.2,1
OXY,2022-11-09,2022-11-11,2022-11-14,2-3%,-2.913,72.7227,74.7552,tp_gap_filled,321.7289,23396.98,2.795,653.92,1
COO,2022-09-13,2022-11-11,2022-11-14,2-3%,-2.657,77.6551,79.6153,tp_gap_filled,301.871,23441.82,2.524,591.74,1
AVGO,2022-09-13,2022-11-11,2022-11-15,2-3%,-2.877,51.4354,52.8531,tp_gap_filled,455.3837,23422.84,2.756,645.6,2
AXON,2022-11-11,2022-11-14,2022-11-15,2-3%,-2.506,178.3482,182.5672,tp_gap_filled,130.5083,23275.91,2.366,550.63,1
PLTR,2022-11-11,2022-11-14,2022-11-15,2-3%,-2.094,7.4875,7.6324,tp_gap_filled,3110.859,23292.49,1.935,450.7,1
JKHY,2022-08-17,2022-08-18,2022-11-16,5-10%,-5.141,200.2,180.4594,time_exit,115.8748,23198.14,-9.86,-2287.44,63
DECK,2022-11-14,2022-11-15,2022-11-16,2-3%,-2.704,56.0143,57.4558,tp_gap_filled,421.0535,23585.01,2.574,606.96,1
ALL,2022-10-20,2022-10-21,2022-11-18,10%+,-13.755,116.6766,135.0148,tp_gap_filled,177.1309,20667.03,15.717,3248.28,20
MKC,2022-09-08,2022-09-09,2022-11-21,5-10%,-7.082,79.059,84.915,tp_gap_filled,281.4705,22252.77,7.407,1648.3,51
COR,2022-11-08,2022-11-09,2022-11-21,3-5%,-4.382,155.0649,161.848,tp_gap_filled,140.151,21732.5,4.374,950.65,8
PYPL,2022-10-07,2022-11-15,2022-11-21,2-3%,-2.372,92.2722,82.0401,stop,256.0279,23624.26,-11.089,-2619.69,4
VLO,2022-11-18,2022-11-21,2022-11-22,2-3%,-2.473,134.6345,137.7721,tp_gap_filled,172.1249,23173.96,2.33,540.06,1
PSX,2022-11-18,2022-11-21,2022-11-22,1-2%,-1.604,108.078,109.6203,tp_gap_filled,214.5244,23185.36,1.427,330.86,1
MPC,2022-11-18,2022-11-21,2022-11-22,1-2%,-1.42,118.8087,120.2796,tp_gap_filled,195.2347,23195.58,1.238,287.17,1
SYK,2022-11-01,2022-11-02,2022-11-23,5-10%,-6.408,214.7646,229.0108,tp_gap_filled,100.2588,21532.04,6.633,1428.31,15
TPR,2022-09-13,2022-11-11,2022-11-23,3-5%,-3.491,35.1451,36.3436,tp_gap_filled,665.5121,23389.5,3.41,797.62,8
COIN,2022-11-21,2022-11-22,2022-11-23,3-5%,-3.668,43.6436,45.2147,tp_gap_filled,536.9124,23432.79,3.6,843.56,1
WDAY,2022-11-21,2022-11-22,2022-11-23,3-5%,-3.23,142.142,146.5933,tp_gap_filled,164.8069,23425.98,3.132,733.6,1
LNT,2022-11-22,2022-11-23,2022-11-25,2-3%,-2.186,54.1841,55.2847,tp_gap_filled,439.6687,23823.07,2.031,483.87,1
FOXA,2022-10-17,2022-10-18,2022-11-29,5-10%,-5.737,29.7697,31.5184,tp_gap_filled,698.059,20781.04,5.874,1220.7,29
CMG,2022-10-26,2022-11-14,2022-11-30,3-5%,-3.258,30.6788,31.6487,tp_gap_filled,759.2109,23291.72,3.161,736.34,11
DASH,2022-11-21,2022-11-23,2022-11-30,2-3%,-2.728,56.7567,58.2317,tp_gap_filled,419.8055,23826.77,2.599,619.22,4
EXE,2022-11-28,2022-11-29,2022-11-30,3-5%,-3.002,99.9498,102.8371,tp_gap_filled,235.4015,23528.35,2.889,679.65,1
RMD,2022-10-28,2022-10-31,2022-12-01,5-10%,-7.392,215.3351,232.0577,tp_gap_filled,100.5814,21658.71,7.766,1681.98,22
PNR,2022-09-13,2022-11-11,2022-12-01,2-3%,-2.776,46.2762,47.5024,tp_gap_filled,506.3365,23431.34,2.65,620.88,13
HAS,2022-11-14,2022-11-15,2022-12-01,5-10%,-8.358,58.1681,63.3466,tp_gap_filled,405.2742,23574.03,8.903,2098.7,11
AMAT,2022-11-16,2022-11-17,2022-12-01,3-5%,-4.599,105.4854,110.3495,tp_gap_filled,220.8514,23296.6,4.611,1074.26,9
CVNA,2022-11-17,2022-11-18,2022-12-01,5-10%,-5.263,1.6216,1.7083,tp_gap_filled,14453.156,23437.53,5.345,1252.66,8
BIIB,2022-11-28,2022-11-30,2022-12-01,2-3%,-2.989,296.326,304.8448,tp_gap_filled,81.5134,24154.53,2.875,694.4,1
TDG,2022-11-28,2022-11-30,2022-12-01,2-3%,-2.719,619.8492,635.9034,tp_gap_filled,39.0266,24190.58,2.59,626.54,1
EL,2022-11-21,2022-11-30,2022-12-01,2-3%,-2.15,228.6684,233.2265,tp_gap_filled,105.8627,24207.46,1.993,482.53,1
VRT,2022-11-16,2022-12-01,2022-12-02,1-2%,-1.769,14.4544,14.6853,tp_gap_filled,1691.5609,24450.56,1.597,390.51,1
SHW,2022-11-30,2022-12-01,2022-12-02,1-2%,-1.681,237.7475,241.3284,tp_gap_filled,102.7521,24429.04,1.506,367.95,1
RJF,2022-11-28,2022-12-01,2022-12-02,1-2%,-1.614,117.7476,119.4404,tp_gap_filled,208.0744,24500.26,1.438,352.23,1
SLB,2022-11-21,2022-11-22,2022-12-05,3-5%,-4.117,51.2912,53.3866,tp_gap_filled,455.8139,23379.26,4.085,955.07,8
AXON,2022-12-01,2022-12-02,2022-12-05,3-5%,-3.304,178.1279,183.846,tp_gap_filled,137.156,24431.32,3.21,784.26,1
APA,2022-11-16,2022-12-01,2022-12-06,1-2%,-1.958,48.1281,44.2336,stop,508.7441,24484.88,-8.092,-1981.32,3
TJX,2022-12-05,2022-12-06,2022-12-08,1-2%,-1.721,78.8888,80.1098,tp_gap_filled,298.9419,23583.17,1.548,365.01,2
DASH,2022-12-02,2022-12-05,2022-12-12,5-10%,-7.195,53.063,57.0629,tp_gap_filled,453.0361,24039.46,7.538,1812.09,5
ADSK,2022-11-23,2022-11-25,2022-12-13,5-10%,-8.688,190.9407,208.6911,tp_gap_filled,124.5956,23790.37,9.296,2211.61,12
PAYX,2022-09-13,2022-12-01,2022-12-13,1-2%,-1.885,125.0549,127.2027,tp_gap_filled,195.4526,24442.31,1.717,419.78,8
MRVL,2022-12-02,2022-12-05,2022-12-13,5-10%,-7.489,42.042,45.3546,tp_gap_filled,571.1659,24012.96,7.879,1892.05,6
CHTR,2022-09-13,2022-11-11,2022-12-14,2-3%,-2.574,396.386,352.4307,stop,59.2693,23493.51,-11.089,-2605.2,22
LRCX,2022-08-19,2022-11-11,2022-12-16,2-3%,-2.083,49.3163,43.8476,stop,476.2653,23487.63,-11.089,-2604.54,24
BX,2022-12-01,2022-12-13,2022-12-16,3-5%,-3.955,87.9979,74.7234,stop,275.3647,24231.52,-15.085,-3655.32,3
SPGI,2022-09-13,2022-12-01,2022-12-19,1-2%,-1.957,344.9331,317.0211,stop,70.8806,24449.06,-8.092,-1978.42,12
COR,2022-12-09,2022-12-12,2022-12-22,2-3%,-2.904,165.6755,170.2895,tp_gap_filled,144.918,24009.37,2.785,668.66,8
DECK,2022-12-15,2022-12-22,2022-12-23,1-2%,-1.79,63.9055,64.94,tp_gap_filled,352.9532,22555.65,1.619,365.12,1
EL,2022-12-15,2022-12-16,2022-12-27,3-5%,-3.439,240.8906,248.9708,tp_gap_filled,95.8809,23096.81,3.354,774.73,6
META,2022-12-22,2022-12-23,2022-12-29,2-3%,-2.138,117.3172,119.6402,tp_gap_filled,192.5329,22587.42,1.98,447.26,3
GNRC,2022-12-15,2022-12-29,2023-01-03,2-3%,-2.808,98.4083,101.0489,tp_gap_filled,233.5845,22986.65,2.683,616.79,2
DRI,2022-12-16,2022-12-19,2023-01-04,5-10%,-7.56,132.1921,142.7171,tp_gap_filled,171.3779,22654.79,7.962,1803.77,10
BAX,2022-12-15,2022-12-27,2023-01-04,2-3%,-2.677,50.9509,52.2477,tp_gap_filled,441.4922,22494.43,2.545,572.53,5
SW,2022-08-19,2022-11-10,2023-01-06,5-10%,-8.677,35.7157,39.0309,tp_gap_filled,644.9626,23035.28,9.282,2138.21,38
NFLX,2022-12-15,2023-01-04,2023-01-09,3-5%,-4.943,30.2422,31.7512,tp_gap_filled,778.8871,23555.27,4.99,1175.35,3
CVNA,2022-12-07,2022-12-08,2023-01-12,10%+,-33.83,0.8889,1.3407,tp_gap_filled,26589.7011,23635.27,50.824,12012.43,23
LHX,2022-11-11,2022-12-02,2023-01-13,3-5%,-4.107,229.7395,195.0833,stop,106.3375,24429.93,-15.085,-3685.26,28
APP,2023-01-05,2023-01-06,2023-01-13,10%+,-10.917,9.7197,10.8891,tp_gap_filled,2447.037,23784.49,12.031,2861.54,5
SMCI,2023-01-10,2023-01-13,2023-01-17,3-5%,-4.447,8.1081,8.4685,tp_gap_filled,3079.8775,24971.96,4.445,1110.06,1
CCL,2022-11-16,2022-11-23,2023-01-18,10%+,-12.366,9.7898,11.1488,tp_gap_filled,2435.1643,23839.72,13.882,3309.53,36
ON,2022-12-15,2022-12-16,2023-01-18,2-3%,-2.87,65.7157,67.5224,tp_gap_filled,351.4695,23097.05,2.749,635.02,20
WDAY,2023-01-17,2023-01-18,2023-01-19,2-3%,-2.19,163.6535,166.9828,tp_gap_filled,152.137,24897.75,2.034,506.52,1
CHTR,2022-12-14,2023-01-03,2023-01-20,10%+,-12.634,343.4131,392.2873,tp_gap_filled,67.1185,23049.38,14.232,3280.37,12
GEHC,2023-01-17,2023-01-19,2023-01-20,2-3%,-2.292,64.0039,65.3746,tp_gap_filled,387.9162,24828.17,2.141,531.69,1
MRVL,2022-12-15,2023-01-18,2023-01-23,2-3%,-2.392,41.6716,42.6074,tp_gap_filled,598.3232,24933.1,2.245,559.86,3
CCL,2023-01-19,2023-01-20,2023-01-23,2-3%,-2.876,10.1401,10.4196,tp_gap_filled,2493.2894,25282.28,2.756,696.73,1
APP,2023-01-19,2023-01-20,2023-01-23,2-3%,-2.785,10.4124,10.6893,tp_gap_filled,2432.0422,25323.4,2.659,673.43,1
CRM,2022-12-01,2023-01-09,2023-01-26,5-10%,-7.925,147.6976,160.0898,tp_gap_filled,160.9855,23777.16,8.39,1994.96,12
ARE,2022-09-13,2022-12-01,2023-01-27,2-3%,-2.059,157.137,160.1197,tp_gap_filled,155.9312,24502.55,1.898,465.1,38
SNPS,2022-12-02,2022-12-13,2023-01-27,2-3%,-2.479,349.319,357.4822,tp_gap_filled,69.1882,24168.76,2.337,564.8,30
DLR,2022-12-14,2023-01-12,2023-01-27,3-5%,-3.52,107.2872,110.9789,tp_gap_filled,232.0412,24895.05,3.441,856.63,10
MU,2022-11-16,2023-01-23,2023-01-27,3-5%,-4.073,60.5905,63.0369,tp_gap_filled,423.5516,25663.22,4.038,1036.16,4
APH,2023-01-25,2023-01-26,2023-01-31,5-10%,-5.677,18.7512,19.8401,tp_gap_filled,1378.3612,25845.97,5.807,1500.91,3
EW,2022-10-28,2022-10-31,2023-02-01,10%+,-15.863,72.6826,81.3985,time_exit,298.0336,21661.86,11.992,2597.63,63
MDT,2022-11-08,2022-11-10,2023-02-01,3-5%,-4.431,81.8317,85.4545,tp_gap_filled,281.8805,23066.78,4.427,1021.17,55
TRMB,2022-12-13,2022-12-14,2023-02-01,5-10%,-9.306,53.3633,58.7212,tp_gap_filled,450.173,24022.72,10.04,2411.99,32
DAL,2023-01-13,2023-01-17,2023-02-01,5-10%,-7.702,36.5865,39.5604,tp_gap_filled,686.1743,25104.75,8.128,2040.58,11
TER,2023-01-26,2023-01-27,2023-02-01,3-5%,-3.606,99.8097,103.3366,tp_gap_filled,260.8673,26037.09,3.534,920.04,3
CMCSA,2023-01-26,2023-01-27,2023-02-01,2-3%,-2.618,36.6345,37.5444,tp_gap_filled,712.0179,26084.44,2.484,647.86,3
GM,2023-01-30,2023-01-31,2023-02-01,3-5%,-3.162,36.7868,37.9121,tp_gap_filled,712.3983,26206.82,3.059,801.66,1
TGT,2022-11-16,2022-11-17,2023-02-02,10%+,-16.276,149.9999,178.801,tp_gap_filled,154.6915,23203.7,19.201,4455.29,51
CCI,2023-01-12,2023-01-13,2023-02-02,2-3%,-2.164,148.4583,151.4384,tp_gap_filled,168.1566,24964.24,2.007,501.12,13
SW,2023-01-31,2023-02-01,2023-02-02,5-10%,-6.2,41.041,43.6663,tp_gap_filled,647.4264,26571.03,6.397,1699.68,1
HAS,2023-01-27,2023-02-01,2023-02-02,5-10%,-6.177,59.8998,63.7162,tp_gap_filled,443.5688,26569.7,6.371,1692.83,1
MU,2023-01-31,2023-02-01,2023-02-02,3-5%,-4.229,59.1591,61.6483,tp_gap_filled,449.4922,26591.55,4.208,1118.87,1
WDC,2023-01-31,2023-02-01,2023-02-02,2-3%,-2.893,32.5041,33.4057,tp_gap_filled,821.6112,26705.76,2.774,740.75,1
COF,2023-02-01,2023-02-02,2023-02-03,5-10%,-5.042,113.113,118.881,tp_gap_filled,240.0523,27153.04,5.099,1384.62,1
BXP,2023-02-01,2023-02-02,2023-02-03,3-5%,-3.609,71.9218,74.4655,tp_gap_filled,378.4894,27221.66,3.537,962.73,1
GS,2023-02-01,2023-02-02,2023-02-03,1-2%,-1.834,359.4591,365.4442,tp_gap_filled,76.0712,27344.5,1.665,455.29,1
ALL,2023-01-19,2023-01-23,2023-02-06,3-5%,-4.818,126.1761,132.2976,tp_gap_filled,203.4676,25672.74,4.852,1245.53,10
CHRW,2023-02-02,2023-02-03,2023-02-06,3-5%,-4.71,97.4073,102.0179,tp_gap_filled,277.5525,27035.64,4.733,1279.68,1
CVNA,2023-02-03,2023-02-06,2023-02-08,5-10%,-9.123,2.5926,2.8471,tp_gap_filled,10415.0364,27001.92,9.819,2651.25,2
MTB,2022-10-19,2022-11-08,2023-02-09,5-10%,-9.87,170.8407,157.6322,time_exit,130.2385,22250.03,-7.731,-1720.25,63
COIN,2023-02-03,2023-02-06,2023-02-10,5-10%,-9.502,73.7937,56.0271,stop,365.7135,26987.36,-24.076,-6497.48,4
F,2022-09-20,2022-11-10,2023-02-13,5-10%,-5.626,14.1041,13.0769,time_exit,1635.0273,23060.57,-7.283,-1679.47,63
SYY,2023-01-31,2023-02-01,2023-02-13,3-5%,-3.329,75.5755,78.0219,tp_gap_filled,352.818,26664.4,3.237,863.13,8
WM,2023-02-01,2023-02-02,2023-02-13,2-3%,-2.992,150.2501,154.5753,tp_gap_filled,181.9878,27343.68,2.879,787.13,7
DDOG,2023-02-03,2023-02-08,2023-02-15,5-10%,-6.853,81.091,86.883,tp_gap_filled,333.0582,27008.02,7.143,1929.08,5
EXPE,2023-02-10,2023-02-13,2023-02-15,5-10%,-5.352,111.5214,117.5923,tp_gap_filled,240.6605,26838.8,5.444,1461.02,2
UBER,2023-02-10,2023-02-13,2023-02-15,3-5%,-4.152,34.4344,35.8541,tp_gap_filled,779.3584,26836.74,4.123,1106.46,2
TTD,2023-02-03,2023-02-15,2023-02-16,3-5%,-4.824,54.3143,56.953,tp_gap_filled,498.3245,27066.12,4.858,1314.94,1
HWM,2023-02-14,2023-02-15,2023-02-16,1-2%,-1.899,40.3403,41.0389,tp_gap_filled,678.2453,27360.62,1.732,473.84,1
HII,2023-02-09,2023-02-10,2023-02-17,2-3%,-2.082,221.221,225.4743,tp_gap_filled,120.1478,26579.21,1.923,511.02,5
FCX,2023-02-15,2023-02-16,2023-02-21,2-3%,-2.885,41.7817,42.937,tp_gap_filled,642.204,26832.4,2.765,741.92,2
ZBRA,2023-02-03,2023-02-16,2023-02-23,2-3%,-2.695,335.7454,298.5146,stop,80.0124,26863.81,-11.089,-2978.93,4
PSKY,2023-02-03,2023-02-15,2023-02-24,2-3%,-2.614,24.6146,21.8851,stop,1111.7294,27364.76,-11.089,-3034.48,6
ROL,2022-11-22,2022-11-23,2023-02-27,5-10%,-5.342,39.9099,35.0649,time_exit,597.1566,23832.44,-12.14,-2893.21,63
BKNG,2023-02-16,2023-02-24,2023-02-27,1-2%,-1.66,99.091,100.5625,tp_gap_filled,262.7626,26037.41,1.485,386.67,1
CRM,2023-02-10,2023-02-13,2023-03-02,3-5%,-3.455,167.8277,173.4863,tp_gap_filled,159.6756,26797.99,3.372,903.55,12
MNST,2023-03-01,2023-03-02,2023-03-03,3-5%,-3.498,24.5745,25.4146,tp_gap_filled,1062.1662,26102.25,3.418,892.23,1
NTAP,2022-11-30,2022-12-01,2023-03-06,5-10%,-9.653,64.9249,65.2946,time_exit,376.4867,24443.35,0.57,139.22,63
DG,2022-12-01,2022-12-02,2023-03-07,5-10%,-6.266,239.8997,219.0707,time_exit,101.7479,24409.28,-8.682,-2119.3,63
PNC,2023-01-13,2023-01-27,2023-03-07,2-3%,-2.411,164.9147,146.6274,stop,158.2726,26101.49,-11.089,-2894.39,26
VEEV,2022-12-02,2022-12-13,2023-03-16,5-10%,-5.214,181.6214,175.6042,time_exit,133.5891,24262.65,-3.313,-803.84,63
EOG,2023-03-15,2023-03-16,2023-03-21,3-5%,-4.606,104.2742,109.0908,tp_gap_filled,241.6727,25200.22,4.619,1164.05,3
MKC,2023-01-26,2023-01-27,2023-03-28,5-10%,-6.386,73.073,77.902,tp_gap_filled,355.9832,26012.76,6.608,1719.05,41
LLY,2023-03-27,2023-03-28,2023-03-29,2-3%,-2.478,328.1278,335.7939,tp_gap_filled,77.3745,25388.72,2.336,593.16,1
SLB,2023-03-15,2023-03-21,2023-03-30,5-10%,-5.247,46.8168,49.3106,tp_gap_filled,547.8015,25646.3,5.327,1366.15,7
FOX,2023-03-28,2023-03-29,2023-03-30,2-3%,-2.744,30.1601,30.949,tp_gap_filled,851.8011,25690.43,2.616,671.98,1
TSLA,2023-03-02,2023-03-03,2023-03-31,5-10%,-7.906,186.9267,202.5672,tp_gap_filled,141.2523,26403.83,8.367,2209.26,20
DELL,2023-03-03,2023-03-06,2023-03-31,2-3%,-2.763,39.0991,40.1298,tp_gap_filled,672.311,26286.73,2.636,693.0,19
OKE,2023-03-15,2023-03-30,2023-04-03,2-3%,-2.889,62.5825,64.3156,tp_gap_filled,414.181,25920.49,2.769,717.82,2
DVA,2022-10-28,2023-01-04,2023-04-05,10%+,-20.207,77.2772,82.8571,time_exit,304.8403,23557.21,7.221,1700.97,63
JCI,2023-02-01,2023-02-02,2023-04-05,3-5%,-4.772,66.3162,56.3124,stop,411.0236,27257.54,-15.085,-4111.8,43
BDX,2023-02-02,2023-02-03,2023-04-06,5-10%,-5.902,188.2148,199.6194,tp_gap_filled,143.4498,26999.38,6.059,1635.99,43
NVDA,2023-04-05,2023-04-06,2023-04-10,2-3%,-2.273,26.8558,27.4255,tp_gap_filled,953.557,25608.56,2.121,543.26,1
PPL,2023-02-21,2023-04-05,2023-04-11,2-3%,-2.083,28.2382,28.7812,tp_gap_filled,912.0206,25753.83,1.923,495.21,3
ALB,2023-04-05,2023-04-11,2023-04-14,3-5%,-4.108,201.161,209.3604,tp_gap_filled,129.263,26002.66,4.076,1059.89,3
CTSH,2023-04-13,2023-04-14,2023-04-17,2-3%,-2.289,58.9589,60.2197,tp_gap_filled,439.6037,25918.55,2.138,554.26,1
DAL,2023-03-15,2023-03-31,2023-04-18,3-5%,-3.101,34.4044,35.4345,tp_gap_filled,766.5375,26372.24,2.994,789.66,11
DXCM,2023-03-06,2023-03-07,2023-04-19,5-10%,-7.175,114.2141,122.7971,tp_gap_filled,227.197,25949.1,7.515,1950.03,30
GS,2023-04-18,2023-04-19,2023-04-21,3-5%,-3.439,328.328,339.3403,tp_gap_filled,79.716,26173.0,3.354,877.86,2
LITE,2022-11-08,2023-01-23,2023-04-24,10%+,-13.328,61.061,47.5524,time_exit,420.7063,25688.75,-22.123,-5683.15,63
KLAC,2023-01-27,2023-02-01,2023-05-03,5-10%,-5.542,40.5405,37.7792,time_exit,655.5727,26577.24,-6.811,-1810.24,63
COST,2022-12-01,2023-02-01,2023-05-03,3-5%,-3.729,519.6592,489.5699,time_exit,51.32,26668.89,-5.79,-1544.18,63
GNRC,2023-03-31,2023-04-03,2023-05-03,3-5%,-3.546,108.108,111.858,tp_gap_filled,244.4757,26429.78,3.469,916.79,21
DLTR,2022-11-22,2023-02-02,2023-05-04,5-10%,-6.566,154.5444,151.5283,time_exit,175.5567,27131.31,-1.952,-529.49,63
BA,2023-04-04,2023-04-05,2023-05-04,1-2%,-1.574,212.212,195.0398,stop,121.3894,25760.29,-8.092,-2084.52,20
AVY,2023-02-02,2023-02-03,2023-05-05,3-5%,-4.169,183.8537,171.9079,time_exit,147.5187,27121.85,-6.497,-1762.22,63
EG,2023-05-02,2023-05-03,2023-05-05,3-5%,-4.822,362.362,379.9597,tp_gap_filled,71.4546,25892.42,4.856,1257.43,2
AMD,2023-05-03,2023-05-04,2023-05-05,5-10%,-7.085,83.6235,89.8201,tp_gap_filled,307.697,25730.71,7.41,1906.66,1
ZTS,2023-05-04,2023-05-05,2023-05-08,5-10%,-5.475,168.168,177.5523,tp_gap_filled,155.9918,26232.83,5.58,1463.87,1
CAH,2023-05-04,2023-05-05,2023-05-08,3-5%,-3.185,79.119,81.5584,tp_gap_filled,333.3421,26373.7,3.083,813.13,1
PNC,2023-05-04,2023-05-05,2023-05-08,2-3%,-2.803,113.4934,116.5334,tp_gap_filled,232.9803,26441.72,2.679,708.25,1
LNT,2023-05-05,2023-05-08,2023-05-09,1-2%,-1.88,53.8238,54.7452,tp_gap_filled,492.8411,26526.57,1.712,454.12,1
STLD,2023-03-15,2023-03-30,2023-05-10,3-5%,-3.147,112.7426,95.7354,stop,230.0506,25936.51,-15.085,-3912.52,28
COIN,2023-05-08,2023-05-09,2023-05-10,3-5%,-4.018,55.9559,58.1818,tp_gap_filled,471.0108,26355.84,3.978,1048.4,1
JKHY,2023-02-08,2023-02-09,2023-05-11,5-10%,-7.969,167.167,154.825,time_exit,159.8294,26718.21,-7.383,-1972.61,63
AMZN,2023-02-03,2023-04-21,2023-05-11,5-10%,-6.775,105.3653,112.7971,tp_gap_filled,248.8757,26222.85,7.053,1849.6,14
CVNA,2023-05-09,2023-05-10,2023-05-11,3-5%,-4.071,2.1702,2.2577,tp_gap_filled,12229.686,26540.47,4.035,1070.98,1
FLEX,2023-04-19,2023-05-11,2023-05-12,1-2%,-1.281,16.271,16.4492,tp_gap_filled,1629.9862,26521.45,1.096,290.6,1
DDOG,2023-02-16,2023-02-17,2023-05-15,5-10%,-8.792,81.0009,88.6313,tp_gap_filled,331.6454,26863.58,9.42,2530.57,59
FSLR,2023-04-26,2023-05-12,2023-05-15,2-3%,-2.622,205.215,210.3195,tp_gap_filled,129.1249,26498.36,2.487,659.11,1
STLD,2023-05-11,2023-05-12,2023-05-15,2-3%,-2.26,94.3943,96.3835,tp_gap_filled,282.5307,26669.29,2.107,562.02,1
GDDY,2023-05-05,2023-05-08,2023-05-16,5-10%,-6.716,67.5024,72.2177,tp_gap_filled,391.3511,26417.15,6.985,1845.33,6
MCHP,2023-05-05,2023-05-08,2023-05-16,5-10%,-6.616,71.071,75.954,tp_gap_filled,372.4022,26467.0,6.871,1818.43,6
ALB,2023-04-19,2023-05-15,2023-05-16,1-2%,-1.379,202.6424,205.0647,tp_gap_filled,133.3774,27027.93,1.195,323.08,1
EQT,2023-05-01,2023-05-15,2023-05-16,1-2%,-1.263,34.4344,34.8052,tp_gap_filled,785.1252,27035.32,1.077,291.09,1
NOW,2023-04-14,2023-04-17,2023-05-17,3-5%,-3.458,93.4494,96.6033,tp_gap_filled,279.6635,26134.37,3.375,882.04,22
INTU,2023-05-15,2023-05-16,2023-05-17,3-5%,-3.419,413.413,427.1924,tp_gap_filled,64.5873,26701.24,3.333,889.97,1
PLTR,2023-05-15,2023-05-16,2023-05-17,3-5%,-3.053,9.2192,9.4905,tp_gap_filled,2899.0627,26727.07,2.943,786.49,1
COIN,2023-05-16,2023-05-17,2023-05-18,3-5%,-3.439,58.7387,60.7092,tp_gap_filled,462.8817,27189.06,3.355,912.13,1
LOW,2023-05-16,2023-05-17,2023-05-18,2-3%,-2.52,196.6665,201.3485,tp_gap_filled,138.5204,27242.32,2.381,648.55,1
GNRC,2023-05-16,2023-05-17,2023-05-18,2-3%,-2.425,113.9638,116.5633,tp_gap_filled,239.6837,27315.28,2.281,623.05,1
LITE,2023-05-09,2023-05-10,2023-05-19,5-10%,-6.035,45.045,47.8421,tp_gap_filled,589.5165,26554.77,6.21,1648.94,7
EG,2023-05-17,2023-05-18,2023-05-19,3-5%,-3.013,367.367,378.0216,tp_gap_filled,74.8924,27513.0,2.9,797.95,1
NFLX,2023-02-16,2023-05-18,2023-05-19,1-2%,-1.776,35.5355,36.1059,tp_gap_filled,775.3076,27550.94,1.605,442.2,1
NOC,2023-01-13,2023-02-21,2023-05-22,2-3%,-2.783,474.8744,442.6269,time_exit,55.6344,26419.36,-6.791,-1794.07,63
APA,2023-05-03,2023-05-04,2023-05-23,2-3%,-2.125,33.6636,34.3256,tp_gap_filled,765.7124,25776.66,1.967,506.91,13
WBD,2023-05-11,2023-05-15,2023-05-23,1-2%,-1.687,12.8328,11.7944,stop,2106.3441,27030.33,-8.092,-2187.29,6
CEG,2023-02-21,2023-05-19,2023-05-23,3-5%,-3.477,81.6916,84.4655,tp_gap_filled,336.9552,27526.41,3.396,934.66,2
AMD,2023-05-19,2023-05-22,2023-05-23,1-2%,-1.455,106.4664,107.8221,tp_gap_filled,259.6314,27642.01,1.273,351.98,1
KEYS,2023-02-22,2023-02-23,2023-05-24,10%+,-12.204,160.8106,155.3045,time_exit,164.3659,26431.78,-3.424,-905.01,63
EQT,2023-05-22,2023-05-23,2023-05-24,2-3%,-2.125,35.4955,36.1938,tp_gap_filled,772.9256,27435.35,1.967,539.74,1
MU,2023-05-22,2023-05-23,2023-05-25,3-5%,-3.55,65.8158,68.1018,tp_gap_filled,416.7893,27431.3,3.473,952.81,2
DELL,2023-05-22,2023-05-23,2023-05-25,2-3%,-2.094,46.7967,47.7022,tp_gap_filled,586.5589,27449.05,1.935,531.13,2
MRVL,2023-05-23,2023-05-24,2023-05-25,1-2%,-1.529,45.7757,46.3936,tp_gap_filled,592.7088,27131.68,1.35,366.19,1
SW,2023-02-24,2023-02-27,2023-05-26,5-10%,-7.249,37.5275,35.944,time_exit,694.8532,26076.1,-4.219,-1100.28,63
EBAY,2023-02-23,2023-02-27,2023-05-26,5-10%,-5.099,45.4554,44.3156,time_exit,573.6346,26074.8,-2.507,-653.81,63
COHR,2023-04-06,2023-04-10,2023-05-26,10%+,-10.03,33.043,36.6533,tp_gap_filled,782.8941,25869.18,10.926,2826.48,34
TER,2023-04-17,2023-04-18,2023-05-26,3-5%,-4.01,96.8067,100.6492,tp_gap_filled,270.8248,26217.66,3.969,1040.66,28
TSCO,2023-05-16,2023-05-18,2023-05-26,1-2%,-1.468,45.6716,41.9759,stop,604.5923,27612.71,-8.092,-2234.42,6
ANET,2023-05-02,2023-05-19,2023-05-26,5-10%,-9.272,36.3638,40.0,tp_gap_filled,757.3747,27541.04,9.999,2753.92,5
QCOM,2023-05-22,2023-05-23,2023-05-26,2-3%,-2.069,103.7737,105.7541,tp_gap_filled,264.3826,27435.95,1.908,523.6,3
CSCO,2023-04-19,2023-05-19,2023-05-30,2-3%,-2.147,49.2792,50.2597,tp_gap_filled,558.7884,27536.66,1.99,547.87,6
INTC,2023-05-25,2023-05-26,2023-05-30,2-3%,-2.448,28.3183,28.971,tp_gap_filled,989.8149,28029.87,2.305,646.06,1
SWKS,2023-05-23,2023-05-26,2023-05-30,1-2%,-1.922,100.6305,102.3975,tp_gap_filled,278.7284,28048.59,1.756,492.51,1
DG,2023-05-25,2023-05-26,2023-06-01,2-3%,-2.715,203.3832,180.83,stop,137.7599,28018.04,-11.089,-3106.92,3
TSLA,2023-04-03,2023-05-30,2023-06-01,3-5%,-3.639,200.1099,207.2525,tp_gap_filled,139.8632,27988.02,3.569,998.99,2
ROK,2023-03-15,2023-03-31,2023-06-02,1-2%,-1.662,289.6994,294.0057,tp_gap_filled,91.1013,26392.0,1.486,392.31,43
DD,2023-05-02,2023-05-03,2023-06-02,5-10%,-7.798,80.3774,87.0008,tp_gap_filled,322.0436,25885.02,8.24,2133.03,21
STLD,2023-05-23,2023-05-24,2023-06-02,2-3%,-2.284,95.065,97.0928,tp_gap_filled,285.6741,27157.6,2.133,579.3,6
BX,2023-05-02,2023-05-30,2023-06-02,2-3%,-2.355,86.7467,88.6612,tp_gap_filled,322.7255,27995.36,2.207,617.89,3
APA,2023-05-25,2023-05-26,2023-06-05,2-3%,-2.414,33.5835,34.3456,tp_gap_filled,835.6354,28063.6,2.269,636.81,5
DDOG,2023-06-01,2023-06-02,2023-06-05,2-3%,-2.012,93.093,94.8151,tp_gap_filled,305.2763,28419.09,1.85,525.71,1
APP,2023-06-01,2023-06-02,2023-06-05,1-2%,-1.999,24.5345,24.985,tp_gap_filled,1161.863,28505.74,1.836,523.4,1
APD,2023-02-02,2023-03-07,2023-06-06,5-10%,-7.157,295.6553,278.2215,time_exit,87.7526,25944.51,-5.897,-1529.86,63
INTU,2023-05-24,2023-05-25,2023-06-06,5-10%,-6.403,421.421,449.3502,tp_gap_filled,65.3955,27559.03,6.627,1826.44,7
XEL,2023-06-02,2023-06-05,2023-06-06,3-5%,-3.006,61.7016,63.4864,tp_gap_filled,460.0626,28386.62,2.893,821.12,1
CPT,2023-05-15,2023-05-16,2023-06-07,2-3%,-2.1,108.2882,110.3895,tp_gap_filled,247.15,26763.42,1.94,519.34,15
MAA,2023-05-15,2023-05-16,2023-06-07,1-2%,-1.721,150.9007,153.2366,tp_gap_filled,177.1786,26736.38,1.548,413.86,15
HPE,2023-04-19,2023-05-26,2023-06-07,2-3%,-2.345,15.4254,15.7642,tp_gap_filled,1818.84,28056.35,2.196,616.24,7
CVNA,2023-06-02,2023-06-05,2023-06-07,5-10%,-5.19,2.999,3.1568,tp_gap_filled,9464.8638,28385.09,5.263,1493.97,2
ABNB,2023-06-05,2023-06-06,2023-06-07,2-3%,-2.49,115.2351,117.9419,tp_gap_filled,247.9649,28574.27,2.349,671.2,1
HOOD,2023-06-06,2023-06-07,2023-06-08,3-5%,-3.322,8.7387,9.021,tp_gap_filled,3290.5826,28755.51,3.23,928.73,1
BX,2023-06-05,2023-06-06,2023-06-09,3-5%,-4.315,85.2452,88.911,tp_gap_filled,334.7779,28538.2,4.3,1227.24,3
ADI,2023-05-24,2023-05-25,2023-06-12,5-10%,-8.738,171.6715,187.7321,tp_gap_filled,160.4999,27553.26,9.355,2577.72,11
VZ,2023-06-02,2023-06-05,2023-06-12,3-5%,-3.695,34.4344,35.6843,tp_gap_filled,824.3374,28385.56,3.63,1030.32,5
UAL,2023-03-13,2023-06-07,2023-06-12,2-3%,-2.864,49.5595,50.919,tp_gap_filled,582.4172,28864.31,2.743,791.81,3
CARR,2023-06-08,2023-06-09,2023-06-12,3-5%,-3.289,44.1441,45.5544,tp_gap_filled,650.496,28715.56,3.195,917.39,1
FERG,2023-05-23,2023-05-26,2023-06-14,1-2%,-1.887,147.8077,150.3495,tp_gap_filled,190.1808,28110.18,1.72,483.41,12
EL,2023-06-05,2023-06-06,2023-06-14,2-3%,-2.284,184.174,188.1017,tp_gap_filled,155.2872,28599.87,2.133,609.92,6
ITW,2023-05-02,2023-06-07,2023-06-14,3-5%,-3.588,237.227,245.5642,tp_gap_filled,121.2353,28760.28,3.514,1010.76,5
CVNA,2023-06-12,2023-06-13,2023-06-14,2-3%,-2.989,3.7037,3.8102,tp_gap_filled,7872.7845,29158.43,2.875,838.34,1
ORLY,2023-05-31,2023-06-01,2023-06-15,3-5%,-4.516,59.1371,61.8101,tp_gap_filled,468.4514,27702.85,4.52,1252.2,10
CRWD,2023-06-01,2023-06-02,2023-06-15,5-10%,-8.374,36.7167,39.9925,tp_gap_filled,771.9864,28344.78,8.922,2528.86,9
PSA,2023-06-13,2023-06-14,2023-06-15,1-2%,-1.974,282.292,287.4023,tp_gap_filled,104.2372,29425.34,1.81,532.68,1
AEE,2023-06-13,2023-06-14,2023-06-15,1-2%,-1.592,82.2822,83.4465,tp_gap_filled,357.7307,29434.87,1.415,416.5,1
AES,2023-05-23,2023-06-14,2023-06-15,1-2%,-1.371,20.8909,21.1388,tp_gap_filled,1409.4599,29444.84,1.187,349.5,1
ZBRA,2023-05-02,2023-05-03,2023-06-16,10%+,-12.527,251.6914,287.1626,tp_gap_filled,102.7053,25850.05,14.093,3643.07,31
STE,2023-02-09,2023-05-11,2023-06-16,5-10%,-6.671,201.6514,215.6342,tp_gap_filled,131.3145,26479.76,6.934,1836.13,25
PAYX,2023-04-03,2023-06-12,2023-06-16,1-2%,-1.684,112.7727,114.4754,tp_gap_filled,257.1951,29004.57,1.51,437.94,4
COO,2023-06-02,2023-06-13,2023-06-16,3-5%,-3.757,90.1225,93.454,tp_gap_filled,323.6009,29163.73,3.697,1078.05,3
TSLA,2023-06-15,2023-06-16,2023-06-20,3-5%,-3.267,248.6484,256.5332,tp_gap_filled,119.5408,29723.62,3.171,942.56,1
ANET,2023-05-31,2023-06-12,2023-06-21,2-3%,-2.528,42.545,37.8272,stop,681.7747,29006.11,-11.089,-3216.49,6
LRCX,2023-06-15,2023-06-16,2023-06-26,1-2%,-1.957,61.8318,62.94,tp_gap_filled,481.6415,29780.75,1.792,533.77,5
KR,2023-06-15,2023-06-16,2023-06-29,5-10%,-5.952,44.4444,47.1628,tp_gap_filled,667.4863,29666.03,6.116,1814.49,8
OKE,2023-05-15,2023-06-07,2023-07-11,5-10%,-6.701,59.5095,63.6563,tp_gap_filled,482.9158,28738.05,6.968,2002.57,22
CHRW,2023-06-05,2023-06-14,2023-07-11,2-3%,-2.703,95.125,97.5723,tp_gap_filled,309.4171,29433.31,2.573,757.24,17
VTRS,2023-06-23,2023-06-26,2023-07-11,2-3%,-2.786,9.7798,10.04,tp_gap_filled,3014.567,29481.77,2.66,784.33,10
VEEV,2023-06-28,2023-06-29,2023-07-11,3-5%,-3.372,195.0849,201.4883,tp_gap_filled,151.3857,29533.07,3.282,969.39,7
CRM,2023-06-01,2023-06-02,2023-07-12,5-10%,-6.787,208.4282,223.1566,tp_gap_filled,136.1992,28387.75,7.066,2006.0,26
AMCR,2023-07-10,2023-07-11,2023-07-12,3-5%,-3.622,47.9479,49.6503,tp_gap_filled,622.5915,29851.96,3.551,1059.9,1
GNRC,2023-07-05,2023-07-11,2023-07-12,2-3%,-2.968,146.2761,150.4494,tp_gap_filled,204.3779,29895.6,2.853,852.92,1
ABNB,2023-07-11,2023-07-12,2023-07-13,1-2%,-1.716,129.5794,131.5783,tp_gap_filled,230.1687,29825.13,1.543,460.07,1
AMD,2023-07-11,2023-07-12,2023-07-13,1-2%,-1.69,111.7717,113.4664,tp_gap_filled,267.6059,29910.76,1.516,453.53,1
DHR,2023-06-20,2023-06-21,2023-07-14,5-10%,-5.343,203.1107,214.1473,tp_gap_filled,144.8701,29424.67,5.434,1598.88,16
CVNA,2023-07-13,2023-07-14,2023-07-17,5-10%,-8.28,7.1411,7.7702,tp_gap_filled,4233.2882,30230.48,8.809,2663.11,1
UNH,2023-06-14,2023-06-15,2023-07-18,5-10%,-7.464,455.0947,490.8187,tp_gap_filled,65.4139,29769.51,7.85,2336.85,21
GPN,2023-05-01,2023-07-12,2023-07-18,3-5%,-3.753,108.5885,112.5973,tp_gap_filled,274.6251,29821.13,3.692,1100.92,4
CNC,2023-06-14,2023-06-15,2023-07-19,5-10%,-7.557,64.2842,69.4005,tp_gap_filled,462.4317,29727.06,7.959,2365.94,22
ELV,2023-06-14,2023-06-15,2023-07-19,5-10%,-6.111,440.43,468.1614,tp_gap_filled,67.6721,29804.81,6.296,1876.64,22
ARE,2023-06-16,2023-06-20,2023-07-20,5-10%,-6.108,113.8637,121.0289,tp_gap_filled,258.6679,29452.9,6.293,1853.38,21
BALL,2023-07-10,2023-07-11,2023-07-20,2-3%,-2.785,55.9159,57.4025,tp_gap_filled,534.8752,29908.01,2.659,795.19,7
FCX,2023-07-17,2023-07-18,2023-07-20,2-3%,-2.483,40.1001,41.0389,tp_gap_filled,761.8749,30551.23,2.341,715.29,2
WRB,2023-04-21,2023-04-24,2023-07-21,5-10%,-6.55,39.5128,42.1978,tp_gap_filled,665.939,26313.12,6.795,1788.02,61
PNR,2023-07-14,2023-07-17,2023-07-21,3-5%,-3.057,64.7647,66.6733,tp_gap_filled,469.3891,30399.84,2.947,895.86,4
BMY,2023-07-06,2023-07-20,2023-07-21,1-2%,-1.653,63.7237,64.6653,tp_gap_filled,485.5353,30940.08,1.478,457.19,1
A,2023-05-24,2023-05-25,2023-07-24,10%+,-10.448,115.3152,128.5114,tp_gap_filled,238.5069,27503.48,11.444,3147.38,39
AIZ,2023-06-23,2023-07-19,2023-07-24,2-3%,-2.125,128.6185,131.1487,tp_gap_filled,239.9945,30867.73,1.967,607.24,3
SW,2023-05-26,2023-05-30,2023-07-25,5-10%,-6.763,36.016,38.5514,tp_gap_filled,776.0614,27950.61,7.04,1967.65,38
KVUE,2023-07-20,2023-07-21,2023-07-25,3-5%,-4.2,23.974,24.975,tp_gap_filled,1295.8259,31066.07,4.176,1297.19,2
MU,2023-05-31,2023-06-01,2023-07-27,3-5%,-3.892,68.9689,71.6183,tp_gap_filled,401.8578,27715.69,3.841,1064.69,38
IBKR,2023-07-19,2023-07-20,2023-07-27,3-5%,-4.37,20.6456,21.5459,tp_gap_filled,1497.7584,30922.16,4.361,1348.44,5
CCI,2023-07-20,2023-07-21,2023-07-27,5-10%,-5.304,107.5875,113.3865,tp_gap_filled,288.7929,31070.51,5.39,1674.72,4
CSX,2023-07-21,2023-07-24,2023-07-28,5-10%,-5.251,31.9719,33.6763,tp_gap_filled,974.6009,31159.88,5.331,1661.06,4
PYPL,2023-05-09,2023-07-11,2023-07-31,5-10%,-7.932,69.5995,75.4445,tp_gap_filled,428.5961,29830.09,8.398,2505.12,14
LDOS,2023-05-02,2023-07-13,2023-07-31,3-5%,-4.379,90.2802,94.2257,tp_gap_filled,333.4028,30099.66,4.37,1315.44,12
STX,2023-06-20,2023-07-13,2023-07-31,2-3%,-2.286,62.8928,64.2357,tp_gap_filled,478.4779,30092.83,2.135,642.53,12
LVS,2023-07-20,2023-07-21,2023-07-31,3-5%,-4.107,57.2672,59.6003,tp_gap_filled,542.5164,31068.4,4.074,1265.76,6
DDOG,2023-07-26,2023-07-27,2023-07-31,3-5%,-4.961,109.6896,115.1847,tp_gap_filled,285.8276,31352.31,5.01,1570.66,2
TPR,2023-07-17,2023-07-18,2023-08-01,2-3%,-2.107,42.7827,43.6163,tp_gap_filled,714.3777,30563.04,1.948,595.5,10
DECK,2023-07-28,2023-07-31,2023-08-01,3-5%,-3.545,86.4163,89.4138,tp_gap_filled,369.5209,31932.64,3.469,1107.64,1
ANET,2023-07-28,2023-08-01,2023-08-02,2-3%,-2.478,39.2892,40.2073,tp_gap_filled,808.7476,31775.09,2.337,742.43,1
WAT,2023-07-31,2023-08-01,2023-08-02,1-2%,-1.529,281.6814,285.4842,tp_gap_filled,113.8262,32062.73,1.35,432.86,1
CTVA,2023-07-10,2023-07-19,2023-08-04,2-3%,-2.321,56.026,57.2427,tp_gap_filled,550.8733,30863.21,2.172,670.26,12
GIS,2023-06-07,2023-06-08,2023-08-08,2-3%,-2.996,81.3513,72.3302,stop,354.408,28831.54,-11.089,-3197.13,41
ISRG,2023-07-21,2023-07-24,2023-08-18,3-5%,-3.38,336.2459,285.5232,stop,92.7493,31186.59,-15.085,-4704.5,19
DLTR,2023-05-25,2023-05-26,2023-08-28,10%+,-13.267,134.8747,124.4354,time_exit,207.152,27939.58,-7.74,-2162.52,63
ZBH,2023-08-22,2023-08-28,2023-08-30,2-3%,-2.451,117.5174,120.2296,tp_gap_filled,264.0283,31027.92,2.308,716.11,2
CIEN,2023-06-06,2023-06-07,2023-08-31,5-10%,-9.642,42.9629,47.4525,tp_gap_filled,668.6569,28727.45,10.45,3001.99,59
HUM,2023-06-14,2023-06-15,2023-09-15,10%+,-10.951,456.9465,470.2992,time_exit,64.9994,29701.26,2.922,867.92,63
NDAQ,2023-06-12,2023-06-15,2023-09-15,5-10%,-9.908,52.1521,50.7192,time_exit,569.9425,29723.7,-2.747,-816.65,63
YUM,2023-05-03,2023-06-16,2023-09-18,2-3%,-2.204,139.8898,127.4424,time_exit,212.987,29794.7,-8.898,-2651.12,63
CCI,2023-09-14,2023-09-15,2023-09-18,1-2%,-1.693,95.8858,97.3426,tp_gap_filled,317.8049,30472.97,1.519,462.97,1
LEN,2023-09-15,2023-09-18,2023-09-19,5-10%,-6.406,106.7475,113.826,tp_gap_filled,285.5847,30485.45,6.631,2021.52,1
CI,2023-08-17,2023-08-18,2023-09-21,5-10%,-6.572,270.24,288.671,tp_gap_filled,114.3366,30898.33,6.82,2107.35,23
DG,2023-09-20,2023-09-21,2023-09-27,1-2%,-1.034,114.0239,104.7971,stop,261.2175,29785.05,-8.092,-2410.21,4
NEM,2023-07-20,2023-07-25,2023-09-28,3-5%,-3.896,43.4634,36.907,stop,719.2958,31263.05,-15.085,-4716.03,46
CHTR,2023-09-26,2023-09-27,2023-09-28,2-3%,-2.3,430.3299,439.58,tp_gap_filled,67.6918,29129.8,2.15,626.15,1
MTD,2023-07-28,2023-07-31,2023-10-02,3-5%,-4.844,1261.26,1070.9989,stop,25.3219,31937.44,-15.085,-4817.76,44
NSC,2023-10-02,2023-10-03,2023-10-10,3-5%,-3.94,189.3592,196.7331,tp_gap_filled,152.4775,28873.02,3.894,1124.35,5
LUV,2023-07-27,2023-07-31,2023-10-12,5-10%,-6.729,33.8538,25.7032,stop,942.9661,31923.0,-24.076,-7685.78,52
ADBE,2023-09-15,2023-09-18,2023-10-12,3-5%,-3.631,532.6421,551.6078,tp_gap_filled,57.4101,30579.03,3.561,1088.82,18
DAL,2023-10-09,2023-10-10,2023-10-12,3-5%,-3.486,35.7457,36.963,tp_gap_filled,825.2122,29497.8,3.405,1004.52,2
AVGO,2023-09-01,2023-10-12,2023-10-13,2-3%,-2.278,90.2772,92.1967,tp_gap_filled,325.101,29349.2,2.126,624.04,1
EQT,2023-10-11,2023-10-12,2023-10-13,1-2%,-1.769,43.3533,44.0459,tp_gap_filled,677.0832,29353.8,1.598,468.95,1
JKHY,2023-10-12,2023-10-13,2023-10-16,2-3%,-2.052,144.3042,147.0328,tp_gap_filled,201.8814,29132.32,1.891,550.86,1
MAA,2023-10-12,2023-10-13,2023-10-17,1-2%,-1.358,132.3322,133.886,tp_gap_filled,220.2313,29143.69,1.174,342.19,2
OMC,2023-07-19,2023-07-20,2023-10-18,5-10%,-9.395,88.8087,75.2547,time_exit,348.3136,30933.28,-15.262,-4721.06,63
KKR,2023-09-26,2023-09-28,2023-10-18,1-2%,-1.243,62.8228,57.7391,stop,467.6364,29378.21,-8.092,-2377.28,14
ELV,2023-10-16,2023-10-17,2023-10-18,3-5%,-3.988,436.436,453.6559,tp_gap_filled,67.667,29532.3,3.946,1165.22,1
TXN,2023-07-26,2023-07-27,2023-10-19,3-5%,-4.939,177.0669,150.3563,stop,177.0462,31349.03,-15.085,-4729.0,59
APO,2023-09-26,2023-09-28,2023-10-19,1-2%,-1.406,91.2712,83.8855,stop,321.9085,29380.96,-8.092,-2377.51,15
FOX,2023-10-17,2023-10-18,2023-10-19,2-3%,-2.502,28.4785,29.1508,tp_gap_filled,1024.3695,29172.46,2.361,688.75,1
MPWR,2023-07-20,2023-07-25,2023-10-23,5-10%,-5.137,545.545,414.1996,stop,57.2747,31245.91,-24.076,-7522.77,63
FISV,2023-07-26,2023-07-27,2023-10-25,3-5%,-4.09,124.8647,114.0059,time_exit,251.1102,31354.81,-8.696,-2726.77,63
VRT,2023-10-17,2023-10-18,2023-10-25,2-3%,-2.46,39.6897,40.6094,tp_gap_filled,735.713,29200.19,2.317,676.64,5
KEY,2023-10-18,2023-10-19,2023-10-25,2-3%,-2.076,10.8609,9.6565,stop,2642.9624,28704.82,-11.089,-3183.08,4
EBAY,2023-07-27,2023-07-28,2023-10-26,5-10%,-6.639,45.6056,38.3216,time_exit,693.9235,31646.77,-15.972,-5054.48,63
GLW,2023-10-24,2023-10-25,2023-10-26,3-5%,-4.976,25.6156,26.9031,tp_gap_filled,1097.3638,28109.62,5.026,1412.83,1
MNST,2023-10-24,2023-10-25,2023-10-26,2-3%,-2.127,24.6396,25.1248,tp_gap_filled,1142.4756,28150.16,1.969,554.37,1
CMG,2023-07-27,2023-07-31,2023-10-27,5-10%,-7.799,38.5389,37.714,time_exit,827.5732,31893.76,-2.14,-682.63,63
GWW,2023-07-27,2023-07-31,2023-10-27,3-5%,-3.476,736.3656,706.0532,time_exit,43.4705,32010.22,-4.116,-1317.7,63
ZBRA,2023-08-01,2023-08-02,2023-10-31,10%+,-20.438,245.265,209.2206,time_exit,129.0287,31646.23,-14.696,-4650.77,63
ROK,2023-08-01,2023-08-02,2023-10-31,10%+,-10.197,302.302,262.5472,time_exit,104.5964,31619.69,-13.151,-4158.21,63
INCY,2023-09-18,2023-09-19,2023-10-31,3-5%,-4.349,59.8898,50.8555,stop,509.3743,30506.34,-15.085,-4601.88,30
HRL,2023-10-13,2023-10-16,2023-10-31,1-2%,-1.775,32.1221,32.6373,tp_gap_filled,916.4066,29436.9,1.604,472.17,11
CDNS,2023-10-24,2023-10-25,2023-10-31,2-3%,-2.18,234.9247,239.6801,tp_gap_filled,119.9257,28173.51,2.024,570.29,4
FFIV,2023-10-26,2023-10-27,2023-10-31,3-5%,-3.732,146.166,151.5283,tp_gap_filled,190.6727,27869.87,3.669,1022.44,2
ANET,2023-10-26,2023-10-31,2023-11-01,3-5%,-3.273,45.045,46.476,tp_gap_filled,628.866,28327.27,3.177,899.89,1
CMI,2023-08-03,2023-08-04,2023-11-02,5-10%,-9.564,237.3771,217.7221,time_exit,132.4782,31447.29,-8.28,-2603.87,63
TXN,2023-10-25,2023-10-26,2023-11-02,3-5%,-3.744,141.5614,146.7731,tp_gap_filled,197.784,27998.59,3.682,1030.78,5
GPN,2023-10-25,2023-10-31,2023-11-02,3-5%,-3.865,107.2972,111.3885,tp_gap_filled,264.1401,28341.49,3.813,1080.68,2
O,2023-10-30,2023-10-31,2023-11-02,3-5%,-3.061,47.5475,48.951,tp_gap_filled,599.1057,28485.98,2.952,840.84,2
UBER,2023-10-25,2023-10-31,2023-11-02,2-3%,-2.014,43.3433,44.1458,tp_gap_filled,657.1018,28480.96,1.852,527.33,2
ADI,2023-10-30,2023-10-31,2023-11-02,1-2%,-1.837,157.7776,160.4094,tp_gap_filled,180.5001,28478.88,1.668,475.04,2
CMCSA,2023-10-26,2023-10-27,2023-11-03,5-10%,-6.316,37.5727,40.0255,tp_gap_filled,742.0977,27882.6,6.528,1820.26,5
TSCO,2023-10-26,2023-10-27,2023-11-03,5-10%,-5.473,37.4834,39.5744,tp_gap_filled,743.4469,27866.95,5.578,1554.5,5
RTX,2023-09-11,2023-10-31,2023-11-03,3-5%,-3.929,80.2802,83.3965,tp_gap_filled,352.7883,28321.92,3.882,1099.4,3
HUBB,2023-10-31,2023-11-01,2023-11-03,5-10%,-6.399,265.4652,283.0467,tp_gap_filled,107.2506,28471.3,6.623,1885.62,2
CDW,2023-11-01,2023-11-02,2023-11-03,5-10%,-7.41,185.7356,200.1996,tp_gap_filled,156.663,29097.88,7.787,2265.98,1
IQV,2023-11-01,2023-11-02,2023-11-03,5-10%,-6.017,170.1199,180.6492,tp_gap_filled,171.9199,29247.0,6.189,1810.18,1
CVS,2023-11-01,2023-11-02,2023-11-03,3-5%,-4.724,65.8158,68.941,tp_gap_filled,447.0335,29421.84,4.748,1397.09,1
TSN,2023-08-07,2023-08-08,2023-11-06,5-10%,-9.883,50.9309,46.5334,time_exit,616.5637,31402.13,-8.634,-2711.31,63
FOXA,2023-11-02,2023-11-03,2023-11-06,3-5%,-4.399,29.1491,30.4295,tp_gap_filled,1017.1076,29647.79,4.393,1302.32,1
MCK,2023-11-02,2023-11-03,2023-11-06,3-5%,-4.008,441.6112,459.1304,tp_gap_filled,67.533,29823.31,3.967,1183.12,1
CTSH,2023-11-02,2023-11-03,2023-11-06,3-5%,-3.633,62.6626,64.895,tp_gap_filled,476.5355,29860.96,3.563,1063.84,1
WAT,2023-10-24,2023-11-03,2023-11-06,2-3%,-2.73,248.9287,255.4043,tp_gap_filled,120.3032,29946.91,2.601,779.04,1
NVDA,2023-10-17,2023-11-03,2023-11-07,3-5%,-4.545,44.044,46.0489,tp_gap_filled,672.4067,29615.48,4.552,1348.11,2
SWKS,2023-11-03,2023-11-06,2023-11-07,3-5%,-3.542,86.4163,89.4105,tp_gap_filled,348.8645,30147.59,3.465,1044.56,1
COHR,2023-10-17,2023-10-18,2023-11-08,3-5%,-3.83,32.6726,33.9061,tp_gap_filled,893.1071,29180.17,3.775,1101.58,15
DDOG,2023-09-12,2023-11-07,2023-11-08,1-2%,-1.924,100.0199,101.7781,tp_gap_filled,302.275,30233.52,1.758,531.46,1
MOS,2023-11-03,2023-11-06,2023-11-09,1-2%,-1.961,33.033,33.6263,tp_gap_filled,913.0925,30162.18,1.796,541.77,3
WAT,2023-11-07,2023-11-08,2023-11-09,3-5%,-4.045,242.1919,251.8978,tp_gap_filled,125.705,30444.73,4.008,1220.08,1
NSC,2023-10-25,2023-10-26,2023-11-10,5-10%,-5.193,186.2361,196.0438,tp_gap_filled,150.3946,28008.9,5.266,1475.03,11
PANW,2023-11-03,2023-11-06,2023-11-10,2-3%,-2.333,122.3823,125.0548,tp_gap_filled,246.8503,30210.1,2.184,659.72,4
FICO,2023-11-09,2023-11-10,2023-11-13,3-5%,-4.165,902.1613,939.4896,tp_gap_filled,34.1503,30809.05,4.138,1274.77,1
DVA,2023-10-11,2023-10-12,2023-11-14,10%+,-16.521,76.2762,91.1887,tp_gap_filled,385.4035,29397.11,19.551,5747.34,23
DHR,2023-10-24,2023-10-26,2023-11-14,3-5%,-4.955,194.1339,203.846,tp_gap_filled,144.2399,28001.86,5.003,1400.86,13
ROK,2023-11-02,2023-11-03,2023-11-14,3-5%,-4.262,255.8556,266.713,tp_gap_filled,116.4079,29783.62,4.244,1263.89,7
CHD,2023-11-03,2023-11-06,2023-11-14,5-10%,-7.242,85.3853,91.868,tp_gap_filled,352.7683,30121.23,7.592,2286.9,6
EBAY,2023-11-08,2023-11-09,2023-11-15,5-10%,-8.56,37.3173,40.7292,tp_gap_filled,816.4874,30469.09,9.143,2785.82,4
LRCX,2023-09-07,2023-11-10,2023-11-15,2-3%,-2.189,68.1681,69.5544,tp_gap_filled,454.325,30970.47,2.034,629.82,3
DOC,2023-11-06,2023-11-14,2023-11-15,2-3%,-2.034,16.8769,17.1928,tp_gap_filled,1875.5805,31653.91,1.872,592.55,1
TSN,2023-11-13,2023-11-14,2023-11-15,2-3%,-2.023,46.046,46.9031,tp_gap_filled,687.5696,31659.83,1.861,589.28,1
FCX,2023-11-07,2023-11-14,2023-11-15,2-3%,-2.007,34.6947,35.3346,tp_gap_filled,914.2061,31718.07,1.845,585.06,1
KEYS,2023-10-17,2023-11-15,2023-11-16,1-2%,-1.309,129.8497,131.3086,tp_gap_filled,245.8006,31917.14,1.123,358.58,1
MS,2023-10-18,2023-10-19,2023-11-17,3-5%,-4.855,76.5064,80.2497,tp_gap_filled,376.4852,28803.54,4.893,1409.28,21
SBAC,2023-11-15,2023-11-16,2023-11-17,1-2%,-1.673,229.9697,233.4163,tp_gap_filled,138.1103,31761.19,1.499,476.01,1
AAPL,2023-08-04,2023-08-30,2023-11-20,2-3%,-2.955,185.7055,190.9788,tp_gap_filled,169.1318,31408.71,2.84,891.88,57
PANW,2023-11-16,2023-11-17,2023-11-20,5-10%,-6.32,120.115,127.9619,tp_gap_filled,265.115,31844.29,6.533,2080.33,1
WDAY,2023-09-21,2023-11-15,2023-11-21,1-2%,-1.051,235.5353,237.5622,tp_gap_filled,135.6832,31958.19,0.861,275.02,4
GOOGL,2023-10-25,2023-11-02,2023-11-22,5-10%,-7.672,128.2882,138.6712,tp_gap_filled,226.8872,29106.94,8.094,2355.77,14
GOOG,2023-10-25,2023-11-02,2023-11-22,5-10%,-7.387,129.8998,139.9799,tp_gap_filled,225.265,29261.87,7.76,2270.69,14
BBY,2023-11-21,2023-11-22,2023-11-24,3-5%,-4.566,65.065,68.0419,tp_gap_filled,496.9411,32333.47,4.575,1479.34,1
HUM,2023-11-01,2023-11-07,2023-11-27,3-5%,-4.459,500.8403,523.1663,tp_gap_filled,60.3816,30241.55,4.458,1348.08,13
DASH,2023-11-24,2023-11-27,2023-11-28,1-2%,-1.584,93.9338,95.2546,tp_gap_filled,345.7866,32481.06,1.406,456.72,1
HPQ,2023-08-30,2023-08-31,2023-11-30,5-10%,-7.491,29.049,29.3107,time_exit,1079.5025,31358.49,0.901,282.44,63
URI,2023-11-20,2023-11-21,2023-11-30,2-3%,-2.763,468.1577,480.499,tp_gap_filled,68.6222,32126.0,2.636,846.89,6
ADSK,2023-11-22,2023-11-24,2023-11-30,5-10%,-7.544,201.4512,217.4523,tp_gap_filled,161.6017,32554.86,7.943,2585.8,4
EL,2023-11-01,2023-11-02,2023-12-01,10%+,-15.201,109.3893,128.7411,tp_gap_filled,265.4802,29040.69,17.691,5137.53,20
IEX,2023-10-18,2023-11-15,2023-12-01,1-2%,-1.024,201.3111,202.9868,tp_gap_filled,158.6146,31930.88,0.832,265.79,11
INCY,2023-11-21,2023-11-22,2023-12-04,2-3%,-2.76,53.2532,54.6553,tp_gap_filled,608.5483,32407.14,2.633,853.24,7
PCG,2023-11-29,2023-11-30,2023-12-04,2-3%,-2.286,17.1171,17.4825,tp_gap_filled,1918.6617,32841.93,2.135,701.08,2
TSLA,2023-12-01,2023-12-04,2023-12-05,2-3%,-2.891,233.3731,239.8399,tp_gap_filled,141.4737,33016.17,2.771,914.88,1
APO,2023-11-30,2023-12-01,2023-12-06,3-5%,-3.24,89.3693,92.1777,tp_gap_filled,371.0264,33158.36,3.143,1042.01,3
EVRG,2023-12-04,2023-12-05,2023-12-06,2-3%,-2.898,50.3103,51.7082,tp_gap_filled,652.9577,32850.47,2.779,912.82,1
SMCI,2023-12-01,2023-12-04,2023-12-08,3-5%,-4.099,26.2522,27.3197,tp_gap_filled,1256.7361,32992.12,4.066,1341.47,4
CVNA,2023-12-05,2023-12-06,2023-12-08,3-5%,-3.269,7.7598,8.006,tp_gap_filled,4223.7122,32774.96,3.173,1040.02,2
GILD,2023-11-08,2023-11-09,2023-12-11,3-5%,-3.87,77.5675,80.5294,tp_gap_filled,394.1825,30575.75,3.818,1167.53,21
AMAT,2023-11-17,2023-11-20,2023-12-11,5-10%,-8.249,142.182,154.6552,tp_gap_filled,225.6685,32086.0,8.773,2814.8,14
LVS,2023-11-29,2023-11-30,2023-12-11,3-5%,-3.546,46.016,47.6123,tp_gap_filled,713.6264,32838.21,3.469,1139.21,7
HCA,2023-09-15,2023-12-11,2023-12-12,1-2%,-1.893,258.8486,263.3164,tp_gap_filled,129.6003,33546.85,1.726,579.03,1
LULU,2023-12-08,2023-12-11,2023-12-12,1-2%,-1.892,456.3359,464.2053,tp_gap_filled,73.5585,33567.4,1.724,578.87,1
EMR,2023-11-07,2023-11-08,2023-12-13,5-10%,-8.655,83.8838,91.6483,tp_gap_filled,362.752,30429.02,9.256,2816.57,24
BAX,2023-10-11,2023-11-20,2023-12-13,3-5%,-4.073,35.8358,37.2827,tp_gap_filled,898.6325,32203.21,4.038,1300.21,16
JBHT,2023-10-18,2023-11-30,2023-12-13,5-10%,-5.449,185.5153,195.814,tp_gap_filled,177.0225,32840.38,5.551,1823.09,9
GEHC,2023-11-27,2023-12-11,2023-12-13,3-5%,-3.324,71.3313,73.6363,tp_gap_filled,470.363,33551.58,3.231,1084.2,2
SMCI,2023-12-11,2023-12-12,2023-12-13,3-5%,-3.525,26.3303,27.2377,tp_gap_filled,1278.6242,33666.56,3.446,1160.26,1
MO,2023-09-14,2023-09-15,2023-12-14,2-3%,-2.078,43.8638,42.0679,time_exit,694.9821,30484.57,-4.094,-1248.14,63
DD,2023-11-01,2023-11-03,2023-12-14,3-5%,-4.116,87.8032,91.3897,tp_gap_filled,339.7288,29829.28,4.085,1218.43,28
TTD,2023-11-10,2023-11-13,2023-12-14,10%+,-19.717,61.7267,76.7332,tp_gap_filled,500.0696,30867.63,24.311,7504.31,22
JBL,2023-11-29,2023-12-01,2023-12-14,10%+,-10.032,117.6876,130.5493,tp_gap_filled,281.8421,33169.32,10.929,3624.98,9
FCX,2023-12-04,2023-12-08,2023-12-14,2-3%,-2.931,38.1281,39.2008,tp_gap_filled,869.6766,33159.11,2.813,932.88,4
HPE,2023-12-12,2023-12-13,2023-12-14,3-5%,-3.661,16.066,16.6433,tp_gap_filled,2126.3446,34161.96,3.593,1227.52,1
AMD,2023-12-12,2023-12-13,2023-12-14,1-2%,-1.607,132.3822,134.2756,tp_gap_filled,258.4682,34216.6,1.43,489.37,1
PSA,2023-12-12,2023-12-13,2023-12-14,1-2%,-1.517,272.9026,276.5532,tp_gap_filled,125.6553,34291.66,1.338,458.71,1
ES,2023-09-22,2023-12-13,2023-12-14,1-2%,-1.453,63.1431,63.946,tp_gap_filled,544.0385,34352.27,1.272,436.81,1
FTNT,2023-11-03,2023-11-06,2023-12-15,10%+,-22.73,44.5445,57.5324,tp_gap_filled,672.0147,29934.56,29.157,8728.07,28
CRM,2023-12-04,2023-12-06,2023-12-15,2-3%,-2.769,253.0528,259.74,tp_gap_filled,129.2815,32715.03,2.643,864.53,7
COHR,2023-12-13,2023-12-14,2023-12-15,1-2%,-1.698,41.1511,41.7782,tp_gap_filled,842.0885,34652.88,1.524,528.05,1
CAT,2023-10-18,2023-12-14,2023-12-15,1-2%,-1.522,268.7685,272.3773,tp_gap_filled,129.3956,34777.46,1.343,466.97,1
NEM,2023-12-04,2023-12-14,2023-12-18,1-2%,-1.408,40.6606,41.1588,tp_gap_filled,857.9204,34883.57,1.225,427.4,2
NUE,2023-12-14,2023-12-15,2023-12-18,1-2%,-1.272,164.7646,166.5533,tp_gap_filled,209.6157,34537.24,1.086,374.93,1
CI,2023-12-14,2023-12-15,2023-12-20,1-2%,-1.242,293.7835,296.8828,tp_gap_filled,117.8476,34621.67,1.055,365.25,3
FDS,2023-12-19,2023-12-20,2023-12-21,2-3%,-2.94,445.445,458.0215,tp_gap_filled,77.9349,34715.69,2.823,980.15,1
DELL,2023-12-01,2023-12-14,2023-12-22,5-10%,-5.285,71.9319,75.7941,tp_gap_filled,481.7604,34653.93,5.369,1860.69,6
JCI,2023-12-12,2023-12-14,2023-12-22,3-5%,-3.642,54.5645,56.5134,tp_gap_filled,635.5838,34680.32,3.572,1238.7,6
COR,2023-12-14,2023-12-15,2023-12-22,1-2%,-1.983,199.8797,203.5163,tp_gap_filled,172.7707,34533.35,1.819,628.3,5
USB,2023-12-20,2023-12-22,2023-12-26,1-2%,-1.086,43.7737,44.1658,tp_gap_filled,806.7582,35314.81,0.896,316.3,1
ECHO,2023-11-06,2023-12-08,2023-12-27,10%+,-15.026,13.1331,15.4246,tp_gap_filled,2525.7415,33170.87,17.448,5787.58,12
PCAR,2023-12-14,2023-12-15,2023-12-27,3-5%,-3.059,95.1551,97.9619,tp_gap_filled,362.7079,34513.49,2.95,1018.08,7
MRNA,2023-10-16,2023-12-22,2023-12-27,3-5%,-3.052,95.3953,98.2017,tp_gap_filled,370.5666,35350.31,2.942,1039.96,2
VEEV,2023-11-09,2023-11-15,2023-12-28,5-10%,-8.108,178.5684,193.9359,tp_gap_filled,178.7757,31923.69,8.606,2747.33,29
CCL,2023-12-27,2023-12-28,2023-12-29,1-2%,-1.128,18.4184,18.5914,tp_gap_filled,1938.9787,35712.88,0.939,335.43,1
IBKR,2023-10-18,2023-10-19,2024-01-03,3-5%,-4.083,20.7507,21.5909,tp_gap_filled,1384.8202,28736.03,4.049,1163.47,51
PSKY,2023-12-21,2023-12-22,2024-01-03,1-2%,-1.871,15.2252,13.9932,stop,2321.2128,35340.95,-8.092,-2859.79,6
COIN,2023-12-28,2023-12-29,2024-01-03,3-5%,-3.201,179.4893,152.4133,stop,198.3785,35606.83,-15.085,-5371.29,2
FLEX,2024-01-02,2024-01-03,2024-01-04,1-2%,-1.74,22.5772,22.9311,tp_gap_filled,1537.1154,34703.74,1.567,543.97,1
COIN,2024-01-03,2024-01-04,2024-01-05,5-10%,-6.935,146.146,156.7231,tp_gap_filled,237.1846,34663.59,7.237,2508.73,1
TXN,2024-01-04,2024-01-05,2024-01-08,2-3%,-2.543,162.6625,166.5733,tp_gap_filled,214.1777,34838.68,2.404,837.6,1
LEN,2023-12-15,2023-12-18,2024-01-10,5-10%,-5.542,141.7001,149.7146,tp_gap_filled,245.3775,34770.02,5.656,1966.57,15
COST,2023-12-27,2023-12-28,2024-01-12,1-2%,-1.767,663.3627,673.9454,tp_gap_filled,53.8372,35713.59,1.595,569.74,10
IFF,2023-12-27,2023-12-28,2024-01-12,1-2%,-1.121,81.2412,81.9979,tp_gap_filled,439.8912,35737.28,0.931,332.89,10
MAA,2024-01-11,2024-01-12,2024-01-16,1-2%,-1.788,130.3402,132.4474,tp_gap_filled,270.8929,35308.24,1.617,570.83,1
CAH,2023-12-14,2024-01-03,2024-01-17,3-5%,-3.748,104.104,107.942,tp_gap_filled,333.2563,34693.31,3.687,1279.02,9
HUM,2024-01-12,2024-01-16,2024-01-17,5-10%,-5.292,431.3409,454.535,tp_gap_filled,81.3818,35103.3,5.377,1887.58,1
JPM,2024-01-16,2024-01-17,2024-01-19,2-3%,-2.473,165.0349,168.881,tp_gap_filled,212.5763,35082.5,2.33,817.59,2
LUV,2023-12-13,2023-12-14,2024-01-22,2-3%,-2.408,29.6096,30.2797,tp_gap_filled,1170.7547,34665.56,2.263,784.53,24
AVY,2024-01-02,2024-01-03,2024-01-22,1-2%,-1.712,198.8987,201.9578,tp_gap_filled,174.9288,34793.11,1.538,535.13,12
C,2024-01-11,2024-01-12,2024-01-22,2-3%,-2.226,51.8918,52.967,tp_gap_filled,679.9429,35283.49,2.072,731.03,5
BALL,2024-01-16,2024-01-17,2024-01-22,2-3%,-2.165,55.1951,56.3036,tp_gap_filled,636.0042,35104.34,2.008,705.01,3
ADP,2023-10-25,2023-11-14,2024-01-23,3-5%,-4.492,229.8796,240.2095,tp_gap_filled,137.6816,31650.19,4.494,1422.24,46
ORCL,2023-12-12,2023-12-13,2024-01-24,10%+,-10.796,102.8027,115.0149,tp_gap_filled,332.2758,34158.85,11.879,4057.81,27
DD,2024-01-16,2024-01-22,2024-01-24,1-2%,-1.668,93.3192,85.7678,stop,381.8129,35630.46,-8.092,-2883.22,2
ADBE,2023-12-14,2023-12-18,2024-01-25,5-10%,-5.008,593.593,623.6357,tp_gap_filled,58.5936,34780.76,5.061,1760.31,25
PSKY,2024-01-11,2024-01-22,2024-01-25,1-2%,-1.7,13.8939,14.1059,tp_gap_filled,2565.8,35648.92,1.526,543.95,3
GE,2024-01-23,2024-01-24,2024-01-25,2-3%,-2.743,101.9614,104.6279,tp_gap_filled,348.2797,35511.08,2.615,928.69,1
J,2023-11-21,2024-01-10,2024-01-26,3-5%,-3.636,109.293,113.1898,tp_gap_filled,322.351,35230.72,3.565,1256.11,11
STLD,2024-01-24,2024-01-25,2024-01-26,5-10%,-5.218,110.1901,116.0239,tp_gap_filled,324.7777,35787.29,5.294,1894.68,1
WST,2023-10-25,2023-12-14,2024-01-29,2-3%,-2.05,362.5022,369.3503,tp_gap_filled,95.6528,34674.36,1.889,655.04,29
COIN,2024-01-23,2024-01-24,2024-01-29,3-5%,-4.524,122.5324,128.0818,tp_gap_filled,289.9508,35528.37,4.529,1609.05,3
AMP,2024-01-25,2024-01-26,2024-01-29,3-5%,-4.966,370.4901,389.0705,tp_gap_filled,97.7867,36229.02,5.015,1816.92,1
V,2024-01-26,2024-01-29,2024-01-30,2-3%,-2.447,266.2059,272.3374,tp_gap_filled,136.9169,36448.09,2.303,839.5,1
UNH,2024-01-25,2024-01-26,2024-01-31,3-5%,-4.996,488.0776,512.7168,tp_gap_filled,74.1132,36172.98,5.048,1826.09,3
RCL,2024-01-02,2024-01-22,2024-02-01,1-2%,-1.722,127.3873,129.3605,tp_gap_filled,279.9179,35657.98,1.549,552.35,8
WMT,2023-11-16,2023-11-28,2024-02-02,5-10%,-6.497,52.9696,56.5367,tp_gap_filled,611.5459,32393.33,6.734,2181.48,45
LEN,2024-01-23,2024-01-30,2024-02-02,2-3%,-2.763,146.303,150.1595,tp_gap_filled,249.0125,36431.27,2.636,960.31,3
CME,2023-12-27,2023-12-28,2024-02-14,2-3%,-2.654,209.3091,214.5852,tp_gap_filled,170.5564,35699.0,2.521,899.87,32
SW,2024-01-02,2024-01-08,2024-02-14,3-5%,-3.431,39.4494,40.7692,tp_gap_filled,891.5941,35172.86,3.346,1176.71,26
LIN,2023-12-13,2023-12-14,2024-02-15,3-5%,-4.87,406.3459,426.2933,tp_gap_filled,85.3114,34665.92,4.909,1701.73,42
AMD,2024-01-26,2024-01-29,2024-02-15,2-3%,-2.795,175.4653,180.1497,tp_gap_filled,207.5827,36423.55,2.67,972.4,13
TECH,2024-02-01,2024-02-02,2024-02-15,3-5%,-4.579,67.1671,70.2497,tp_gap_filled,539.6684,36247.96,4.589,1663.57,9
HAS,2024-02-13,2024-02-14,2024-02-15,10%+,-10.021,46.1962,51.2387,tp_gap_filled,786.4348,36330.26,10.916,3965.64,1
APD,2023-11-07,2023-11-15,2024-02-16,5-10%,-6.715,272.0117,226.6232,time_exit,117.3027,31907.71,-16.686,-5324.2,63
CSCO,2023-11-16,2023-11-17,2024-02-21,10%+,-11.017,47.4574,48.4315,time_exit,670.7938,31834.14,2.053,653.43,63
BG,2024-01-22,2024-01-23,2024-02-21,2-3%,-2.169,90.7607,92.5873,tp_gap_filled,394.5249,35807.35,2.013,720.66,20
KHC,2024-02-14,2024-02-15,2024-02-21,3-5%,-3.155,35.025,36.0939,tp_gap_filled,1052.64,36868.71,3.052,1125.15,3
ADI,2024-02-13,2024-02-15,2024-02-21,3-5%,-3.035,188.3482,193.856,tp_gap_filled,195.7323,36865.81,2.924,1078.05,3
MA,2024-02-20,2024-02-21,2024-02-22,3-5%,-3.275,453.2528,467.6619,tp_gap_filled,81.749,37052.96,3.179,1177.93,1
ZTS,2024-02-13,2024-02-15,2024-02-23,5-10%,-5.13,186.7866,196.4933,tp_gap_filled,197.2329,36840.47,5.197,1914.48,5
CAH,2024-02-01,2024-02-02,2024-02-26,3-5%,-4.753,104.104,109.0808,tp_gap_filled,348.2976,36259.17,4.781,1733.41,15
COF,2024-02-20,2024-02-21,2024-02-28,3-5%,-4.664,130.9608,137.0928,tp_gap_filled,282.4949,36995.76,4.682,1732.24,5
BF-B,2023-12-06,2023-12-12,2024-02-29,5-10%,-5.745,56.8268,60.1698,tp_gap_filled,592.383,33663.21,5.883,1980.34,53
WDC,2024-01-26,2024-01-29,2024-03-01,2-3%,-2.437,44.5343,45.5553,tp_gap_filled,819.5735,36499.12,2.293,836.8,23
ANET,2024-02-13,2024-02-14,2024-03-01,5-10%,-8.185,64.537,70.1498,tp_gap_filled,566.8938,36585.61,8.697,3181.86,11
MS,2024-01-16,2024-01-22,2024-03-04,3-5%,-3.3,86.8267,89.6103,tp_gap_filled,410.9392,35680.51,3.206,1143.87,29
BEN,2024-02-13,2024-02-15,2024-03-04,2-3%,-2.882,27.3273,28.0819,tp_gap_filled,1348.7576,36857.9,2.761,1017.76,11
ROL,2024-02-15,2024-02-23,2024-03-04,3-5%,-4.859,42.1421,44.2058,tp_gap_filled,890.4474,37525.32,4.897,1837.57,6
HPQ,2024-02-29,2024-03-01,2024-03-04,2-3%,-2.994,27.8879,28.6913,tp_gap_filled,1360.0932,37930.09,2.881,1092.72,1
DELL,2024-02-29,2024-03-01,2024-03-04,2-3%,-2.413,91.091,93.1568,tp_gap_filled,417.5341,38033.6,2.268,862.52,1
ECHO,2024-02-20,2024-02-21,2024-03-05,3-5%,-3.195,13.3433,13.7562,tp_gap_filled,2778.6657,37076.65,3.094,1147.31,9
HPE,2024-01-09,2024-03-04,2024-03-05,5-10%,-6.321,16.6166,17.7023,tp_gap_filled,2280.3434,37891.56,6.534,2475.72,1
SMCI,2024-02-23,2024-03-04,2024-03-05,3-5%,-3.83,93.9098,97.4544,tp_gap_filled,404.1364,37952.37,3.775,1432.51,1
USB,2024-01-31,2024-03-04,2024-03-05,2-3%,-2.03,42.5025,43.2967,tp_gap_filled,898.8858,38204.86,1.869,713.9,1
DXCM,2024-02-09,2024-03-04,2024-03-06,3-5%,-3.188,123.123,126.923,tp_gap_filled,310.4672,38225.65,3.086,1179.76,2
D,2024-03-01,2024-03-04,2024-03-07,2-3%,-2.049,46.8968,47.7822,tp_gap_filled,814.8282,38212.88,1.888,721.39,3
CFG,2024-01-31,2024-03-05,2024-03-07,3-5%,-3.614,33.1031,34.2757,tp_gap_filled,1146.7528,37961.04,3.542,1344.71,2
IRM,2024-03-04,2024-03-05,2024-03-07,2-3%,-2.567,79.0289,80.949,tp_gap_filled,480.8626,38002.07,2.43,923.27,2
SMCI,2024-03-05,2024-03-06,2024-03-07,3-5%,-3.662,103.6035,107.3266,tp_gap_filled,368.4256,38170.18,3.594,1371.67,1
KKR,2024-03-04,2024-03-05,2024-03-08,3-5%,-3.002,96.056,98.8311,tp_gap_filled,395.4937,37989.53,2.889,1097.54,3
KVUE,2024-02-08,2024-03-07,2024-03-13,3-5%,-3.265,19.8699,20.4995,tp_gap_filled,1949.3022,38732.34,3.169,1227.34,4
MS,2024-03-06,2024-03-07,2024-03-13,2-3%,-2.648,86.8568,89.0409,tp_gap_filled,446.0983,38746.66,2.515,974.32,4
SLB,2024-01-30,2024-01-31,2024-03-14,5-10%,-8.12,48.9289,53.1468,tp_gap_filled,737.2841,36074.48,8.621,3109.8,30
MKC,2023-10-03,2023-12-14,2024-03-18,5-10%,-5.902,70.3803,68.0519,time_exit,493.1168,34705.71,-3.308,-1148.19,63
DE,2024-02-15,2024-02-29,2024-03-18,3-5%,-4.595,367.4671,384.3952,tp_gap_filled,103.0103,37852.88,4.607,1743.77,12
RL,2024-03-04,2024-03-05,2024-03-19,2-3%,-2.703,180.17,184.805,tp_gap_filled,210.9146,38000.49,2.573,977.59,10
MMM,2024-01-23,2024-03-13,2024-03-20,5-10%,-6.628,84.4154,90.2274,tp_gap_filled,465.6179,39305.33,6.885,2706.16,5
FERG,2024-03-05,2024-03-13,2024-03-20,3-5%,-4.106,206.9067,215.3345,tp_gap_filled,190.259,39365.85,4.073,1603.46,5
BKR,2024-01-08,2024-03-19,2024-03-20,2-3%,-2.154,32.7327,33.3866,tp_gap_filled,1203.4123,39390.93,1.998,786.88,1
DD,2024-01-24,2024-01-25,2024-03-21,10%+,-13.71,80.9805,93.6594,tp_gap_filled,442.1596,35806.29,15.657,5606.1,39
PNC,2024-03-06,2024-03-07,2024-03-21,3-5%,-4.068,148.9588,154.9649,tp_gap_filled,259.8913,38713.09,4.032,1560.92,10
COHR,2024-03-19,2024-03-20,2024-03-21,3-5%,-3.054,57.8278,59.5304,tp_gap_filled,685.4089,39635.67,2.944,1167.0,1
VRT,2024-03-19,2024-03-20,2024-03-21,2-3%,-2.774,75.075,77.0629,tp_gap_filled,528.9438,39710.45,2.648,1051.47,1
FDX,2023-12-20,2023-12-21,2024-03-22,10%+,-11.964,198.8288,225.3989,tp_gap_filled,176.9016,35173.13,13.363,4700.29,62
VICI,2024-03-20,2024-03-21,2024-03-22,1-2%,-1.933,28.4384,28.941,tp_gap_filled,1410.907,40123.95,1.767,709.15,1
SMCI,2024-03-19,2024-03-20,2024-03-25,10%+,-11.199,88.9499,99.9679,tp_gap_filled,445.4211,39620.14,12.387,4907.68,3
NDAQ,2024-03-20,2024-03-21,2024-03-26,3-5%,-4.051,59.9899,62.3975,tp_gap_filled,667.815,40062.18,4.013,1607.84,3
NKE,2023-12-22,2023-12-26,2024-03-27,10%+,-11.646,108.3683,94.0359,time_exit,327.7122,35513.6,-13.226,-4696.9,63
CBOE,2024-03-21,2024-03-22,2024-03-28,1-2%,-1.026,181.5013,183.0168,tp_gap_filled,220.1885,39964.51,0.835,333.69,4
EQT,2024-03-11,2024-03-25,2024-04-04,5-10%,-6.983,34.9349,37.4825,tp_gap_filled,1138.7371,39781.67,7.292,2901.02,7
HUM,2024-01-18,2024-01-19,2024-04-19,10%+,-12.355,392.8324,328.0017,time_exit,90.3571,35495.2,-16.503,-5857.92,63
KDP,2024-02-22,2024-03-26,2024-04-19,3-5%,-3.259,30.6006,31.5684,tp_gap_filled,1304.1693,39908.32,3.163,1262.22,17
PM,2024-03-20,2024-03-21,2024-04-23,1-2%,-1.621,93.5334,94.885,tp_gap_filled,429.5466,40176.97,1.445,580.57,22
DHR,2024-04-18,2024-04-19,2024-04-23,2-3%,-2.978,232.4923,239.1506,tp_gap_filled,162.2952,37732.37,2.864,1080.62,2
GILD,2024-01-22,2024-01-25,2024-04-25,5-10%,-7.779,80.5805,65.2047,time_exit,444.215,35795.07,-19.081,-6830.15,63
NEM,2024-04-22,2024-04-23,2024-04-25,3-5%,-3.511,37.6877,38.981,tp_gap_filled,1017.5462,38348.93,3.432,1316.02,2
WDAY,2024-02-27,2024-02-28,2024-04-29,3-5%,-4.759,292.8826,248.7012,stop,128.5593,37652.77,-15.085,-5679.92,42
CVS,2024-04-02,2024-04-04,2024-05-01,5-10%,-5.882,74.9549,56.9087,stop,519.6686,38951.7,-24.076,-9378.01,19
ROK,2024-01-31,2024-02-01,2024-05-02,10%+,-14.101,264.1639,269.77,time_exit,137.6768,36369.23,2.122,771.83,63
CTVA,2024-04-12,2024-04-19,2024-05-02,3-5%,-3.17,54.7247,56.4035,tp_gap_filled,689.4474,37729.78,3.068,1157.49,9
INCY,2024-04-30,2024-05-01,2024-05-02,3-5%,-4.11,50.4504,52.5074,tp_gap_filled,738.7588,37270.68,4.077,1519.66,1
NFLX,2024-04-19,2024-04-23,2024-05-08,5-10%,-6.99,56.8448,60.9949,tp_gap_filled,674.0737,38317.57,7.301,2797.51,11
GEN,2024-02-02,2024-03-28,2024-05-13,5-10%,-6.438,22.4024,23.8961,tp_gap_filled,1804.161,40417.5,6.668,2694.88,31
CHRW,2024-02-01,2024-05-02,2024-05-13,5-10%,-7.801,77.6075,84.0059,tp_gap_filled,484.464,37598.05,8.245,3099.78,7
WST,2024-02-15,2024-02-16,2024-05-17,10%+,-17.181,338.3981,355.2844,time_exit,108.418,36688.44,4.99,1830.78,63
EXPD,2024-02-20,2024-02-21,2024-05-21,5-10%,-5.219,117.7977,117.6023,time_exit,314.0483,36994.16,-0.166,-61.36,63
PANW,2024-02-21,2024-02-22,2024-05-22,10%+,-24.827,137.7376,154.1357,time_exit,272.3303,37510.12,11.905,4465.7,63
SMCI,2024-05-16,2024-05-17,2024-05-23,2-3%,-2.978,92.4924,95.1408,tp_gap_filled,424.7205,39283.42,2.863,1124.81,4
PODD,2024-02-23,2024-02-26,2024-05-24,5-10%,-6.194,185.1149,179.8899,time_exit,202.6955,37521.96,-2.823,-1059.08,63
TGT,2024-05-22,2024-05-23,2024-05-31,5-10%,-9.783,140.6805,155.6242,tp_gap_filled,273.0412,38411.58,10.622,4080.24,5
ROST,2024-03-06,2024-03-07,2024-06-06,3-5%,-3.265,144.4443,144.0058,time_exit,268.1001,38725.53,-0.304,-117.55,63
CIEN,2024-03-07,2024-03-08,2024-06-07,10%+,-13.25,53.8037,45.7042,time_exit,719.8066,38728.29,-15.054,-5830.07,63
TSLA,2024-05-07,2024-05-21,2024-06-11,1-2%,-1.277,182.5824,167.8078,stop,213.7282,39023.0,-8.092,-3157.74,14
BKNG,2024-02-23,2024-03-27,2024-06-12,5-10%,-5.22,148.0799,155.9235,tp_gap_filled,272.5924,40365.46,5.297,2138.1,53
PLD,2024-04-17,2024-05-13,2024-06-12,5-10%,-5.264,108.8087,114.6253,tp_gap_filled,358.3447,38991.02,5.346,2084.33,21
PLTR,2024-06-07,2024-06-11,2024-06-12,2-3%,-2.312,23.2632,23.7662,tp_gap_filled,1663.4508,38697.25,2.162,836.67,1
DLTR,2024-03-13,2024-03-14,2024-06-13,10%+,-13.722,129.2791,106.4235,time_exit,302.535,39111.46,-17.679,-6914.64,63
SWKS,2024-05-01,2024-05-02,2024-06-13,10%+,-14.56,91.1611,106.4834,tp_gap_filled,412.7617,37627.79,16.808,6324.47,29
HOOD,2024-06-11,2024-06-12,2024-06-13,2-3%,-2.511,22.8548,23.3966,tp_gap_filled,1712.3612,39135.73,2.37,927.67,1
COHR,2024-06-04,2024-06-12,2024-06-13,2-3%,-2.397,68.4884,70.0299,tp_gap_filled,572.4777,39208.09,2.251,882.46,1
CVNA,2024-06-11,2024-06-12,2024-06-13,2-3%,-2.027,21.1932,21.5884,tp_gap_filled,1852.6563,39263.67,1.865,732.2,1
ADBE,2024-03-15,2024-03-18,2024-06-17,10%+,-12.413,500.1397,518.2213,time_exit,77.9963,39009.05,3.615,1410.3,63
ULTA,2024-03-15,2024-03-18,2024-06-17,10%+,-10.866,504.504,388.7608,time_exit,77.4277,39062.56,-22.942,-8961.72,63
FCX,2024-06-04,2024-06-06,2024-06-17,1-2%,-1.941,51.081,46.9476,stop,760.5236,38848.33,-8.092,-3143.61,7
SMCI,2024-05-29,2024-06-13,2024-06-17,1-2%,-1.839,85.9489,87.3845,tp_gap_filled,455.7855,39174.25,1.67,654.36,2
GWW,2024-06-14,2024-06-17,2024-06-18,2-3%,-2.533,898.6377,920.1489,tp_gap_filled,43.9281,39475.41,2.394,944.95,1
SW,2024-06-14,2024-06-17,2024-06-20,3-5%,-4.762,44.8448,46.993,tp_gap_filled,880.1476,39470.04,4.79,1890.7,2
EW,2024-06-17,2024-06-18,2024-06-20,2-3%,-2.394,85.2852,87.2027,tp_gap_filled,466.2897,39767.61,2.248,894.12,1
JBL,2024-03-15,2024-03-21,2024-06-21,10%+,-12.702,128.8587,113.0768,time_exit,310.8576,40056.72,-12.247,-4905.93,63
MO,2024-06-14,2024-06-17,2024-06-21,2-3%,-2.754,44.5345,45.7042,tp_gap_filled,886.236,39468.07,2.627,1036.68,3
DRI,2024-03-21,2024-03-22,2024-06-24,5-10%,-5.642,164.8947,153.9759,time_exit,242.3479,39961.9,-6.622,-2646.16,63
PM,2024-06-18,2024-06-20,2024-06-24,2-3%,-2.665,99.4293,101.948,tp_gap_filled,399.2695,39699.1,2.533,1005.61,2
DHR,2024-06-20,2024-06-21,2024-06-24,2-3%,-2.765,250.6404,257.2525,tp_gap_filled,159.6796,40022.15,2.638,1055.82,1
DDOG,2024-05-07,2024-05-08,2024-06-27,10%+,-10.798,113.3733,126.843,tp_gap_filled,338.889,38420.96,11.881,4564.76,34
KIM,2024-06-06,2024-06-13,2024-06-28,1-2%,-1.763,18.969,19.2707,tp_gap_filled,2066.5724,39200.71,1.591,623.61,10
INTU,2024-05-24,2024-06-21,2024-06-28,5-10%,-6.23,621.621,661.5977,tp_gap_filled,64.329,39988.28,6.431,2571.67,5
BG,2024-04-24,2024-04-25,2024-07-02,3-5%,-4.215,105.105,109.5104,tp_gap_filled,361.8767,38035.05,4.191,1594.21,46
ARES,2024-06-13,2024-06-14,2024-07-03,3-5%,-3.68,132.5624,137.3525,tp_gap_filled,296.017,39240.73,3.613,1417.95,12
EW,2024-07-01,2024-07-02,2024-07-05,2-3%,-2.241,90.3903,92.2776,tp_gap_filled,446.3647,40347.04,2.088,842.44,2
RDDT,2024-07-03,2024-07-05,2024-07-08,2-3%,-2.149,72.0019,73.4365,tp_gap_filled,559.4834,40283.89,1.992,802.61,1
PHM,2024-07-02,2024-07-03,2024-07-09,2-3%,-2.975,103.1731,106.1238,tp_gap_filled,392.0359,40447.54,2.86,1156.78,3
HOOD,2024-07-05,2024-07-08,2024-07-09,3-5%,-3.539,22.1021,22.8671,tp_gap_filled,1835.2741,40563.37,3.461,1404.04,1
MCHP,2024-06-13,2024-06-14,2024-07-10,2-3%,-2.793,91.9719,94.4255,tp_gap_filled,426.671,39241.73,2.668,1046.88,16
NXPI,2024-06-13,2024-06-14,2024-07-11,3-5%,-3.866,272.322,282.707,tp_gap_filled,144.1887,39265.76,3.813,1497.39,17
PH,2024-06-14,2024-06-24,2024-07-11,2-3%,-2.959,513.7632,528.3711,tp_gap_filled,77.809,39975.38,2.843,1136.62,12
HBAN,2024-06-10,2024-06-24,2024-07-11,2-3%,-2.537,13.0731,13.3866,tp_gap_filled,3056.8104,39961.87,2.398,958.43,12
ZBRA,2024-05-29,2024-07-09,2024-07-11,1-2%,-1.579,321.4111,325.9138,tp_gap_filled,125.8235,40441.06,1.401,566.54,2
SW,2024-07-09,2024-07-10,2024-07-11,3-5%,-3.159,44.8048,46.1738,tp_gap_filled,912.5525,40886.7,3.056,1249.31,1
LEN,2024-06-18,2024-06-20,2024-07-12,3-5%,-3.719,146.022,151.3587,tp_gap_filled,272.0088,39719.25,3.655,1451.63,15
PNR,2024-06-25,2024-06-28,2024-07-12,3-5%,-4.3,76.6366,79.92,tp_gap_filled,526.6606,40361.46,4.284,1729.26,9
V,2024-07-10,2024-07-11,2024-07-12,2-3%,-2.381,259.3791,265.1746,tp_gap_filled,159.247,41305.35,2.234,922.91,1
MGM,2024-04-10,2024-07-11,2024-07-12,2-3%,-2.133,45.4654,46.3636,tp_gap_filled,909.1994,41337.13,1.976,816.62,1
CBRE,2024-04-10,2024-07-11,2024-07-15,2-3%,-2.64,93.7537,96.1038,tp_gap_filled,440.7221,41319.31,2.507,1035.76,2
PEP,2024-07-11,2024-07-12,2024-07-15,2-3%,-2.745,159.2591,163.4264,tp_gap_filled,262.988,41883.23,2.617,1095.95,1
IBKR,2024-07-11,2024-07-12,2024-07-15,2-3%,-2.371,30.4955,31.1738,tp_gap_filled,1376.4954,41976.87,2.224,933.72,1
LUV,2024-07-11,2024-07-12,2024-07-15,2-3%,-2.28,27.027,27.6024,tp_gap_filled,1552.909,41970.47,2.129,893.5,1
EXPE,2024-05-03,2024-06-07,2024-07-16,10%+,-10.126,122.4323,135.9539,tp_gap_filled,314.8656,38549.73,11.044,4257.49,25
APTV,2024-06-26,2024-06-27,2024-07-16,5-10%,-8.82,66.9569,73.2866,tp_gap_filled,596.4168,39934.21,9.453,3775.17,12
MA,2024-07-10,2024-07-11,2024-07-16,2-3%,-2.269,435.0446,444.2553,tp_gap_filled,95.0031,41330.6,2.117,875.05,3
WFC,2024-07-12,2024-07-15,2024-07-16,5-10%,-6.582,56.2562,60.0998,tp_gap_filled,747.7213,42063.96,6.832,2873.97,1
HCA,2024-07-15,2024-07-16,2024-07-17,2-3%,-2.935,315.1148,323.9957,tp_gap_filled,135.3665,42655.98,2.818,1202.18,1
UHS,2024-07-15,2024-07-16,2024-07-17,2-3%,-2.841,179.3692,184.2456,tp_gap_filled,237.9543,42681.66,2.719,1160.35,1
MU,2024-06-21,2024-06-24,2024-07-18,3-5%,-4.536,137.7876,117.0024,stop,289.9945,39957.66,-15.085,-6027.61,17
MMM,2024-07-16,2024-07-17,2024-07-18,1-2%,-1.801,100.9709,102.6173,tp_gap_filled,416.8646,42091.18,1.631,686.33,1
IP,2024-06-27,2024-06-28,2024-07-22,5-10%,-9.933,42.022,46.5634,tp_gap_filled,959.197,40307.36,10.807,4356.11,15
DDOG,2024-07-08,2024-07-09,2024-07-25,2-3%,-2.215,131.7116,117.1061,stop,307.636,40519.22,-11.089,-4493.18,12
NOW,2024-07-08,2024-07-15,2024-07-25,5-10%,-5.328,152.8527,161.1327,tp_gap_filled,275.5533,42119.06,5.417,2281.59,8
META,2024-07-12,2024-07-15,2024-07-25,2-3%,-2.914,498.2578,443.006,stop,84.5525,42128.94,-11.089,-4671.68,8
WEC,2024-05-22,2024-07-17,2024-07-25,1-2%,-1.868,83.083,84.4954,tp_gap_filled,506.8366,42109.51,1.7,715.87,6
FTV,2024-04-24,2024-04-25,2024-07-26,5-10%,-7.497,56.311,53.4431,time_exit,674.7759,37997.29,-5.093,-1935.16,63
AON,2024-04-26,2024-04-29,2024-07-26,10%+,-11.477,271.1509,305.694,tp_gap_filled,140.4204,38075.11,12.739,4850.56,61
HII,2024-05-02,2024-07-16,2024-07-26,5-10%,-5.327,262.5623,276.7829,tp_gap_filled,162.309,42616.23,5.416,2308.14,8
OMC,2024-07-17,2024-07-18,2024-07-26,5-10%,-5.034,90.6406,95.2546,tp_gap_filled,460.9314,41779.08,5.091,2126.78,6
WBD,2024-07-25,2024-07-26,2024-07-29,5-10%,-5.667,7.998,8.4615,tp_gap_filled,5208.4081,41656.79,5.796,2414.31,1
NVDA,2024-07-17,2024-07-18,2024-07-30,3-5%,-3.965,121.4713,103.1474,stop,344.2168,41812.48,-15.085,-6307.41,8
ULTA,2024-07-15,2024-07-16,2024-08-01,2-3%,-2.165,404.404,359.5596,stop,105.6749,42735.33,-11.089,-4738.92,12
CVS,2024-05-01,2024-05-02,2024-08-02,10%+,-17.294,56.056,59.2607,time_exit,671.7965,37658.23,5.717,2152.89,63
INVH,2024-07-25,2024-07-26,2024-08-02,5-10%,-6.895,33.5235,35.934,tp_gap_filled,1241.603,41622.87,7.191,2992.93,5
DELL,2024-05-31,2024-06-17,2024-08-05,10%+,-15.372,143.9438,93.4699,stop,274.3869,39496.3,-35.065,-13849.38,33
BDX,2024-08-01,2024-08-02,2024-08-05,5-10%,-5.604,179.0704,189.3231,tp_gap_filled,224.4488,40192.14,5.725,2301.2,1
BLDR,2024-08-02,2024-08-05,2024-08-06,5-10%,-6.37,149.4893,159.3405,tp_gap_filled,263.7479,39427.49,6.59,2598.22,1
GWW,2024-08-01,2024-08-02,2024-08-09,3-5%,-3.836,940.2794,975.8332,tp_gap_filled,42.8771,40316.47,3.781,1524.45,5
KLAC,2024-08-02,2024-08-05,2024-08-12,5-10%,-5.927,71.2031,75.5384,tp_gap_filled,553.7623,39429.61,6.089,2400.7,5
CPAY,2024-05-09,2024-05-13,2024-08-13,5-10%,-5.09,289.289,283.8459,time_exit,134.7123,38970.79,-1.882,-733.26,63
COIN,2024-08-05,2024-08-06,2024-08-15,10%+,-20.754,162.172,204.2356,tp_gap_filled,245.3198,39784.01,25.938,10319.02,7
WBD,2024-08-08,2024-08-09,2024-08-20,10%+,-12.322,6.7668,7.7023,tp_gap_filled,6007.599,40651.98,13.825,5620.29,7
NDSN,2024-05-21,2024-05-22,2024-08-22,5-10%,-8.29,246.4062,255.774,time_exit,157.605,38834.84,3.802,1476.41,63
WDAY,2024-05-24,2024-07-15,2024-08-23,10%+,-11.004,232.4222,260.6391,tp_gap_filled,180.979,42063.53,12.14,5106.67,29
HPQ,2024-08-19,2024-08-20,2024-08-23,3-5%,-3.592,34.6546,35.8741,tp_gap_filled,1221.3873,42326.71,3.519,1489.45,3
LYV,2024-05-23,2024-05-24,2024-08-26,5-10%,-6.262,95.1451,96.0439,time_exit,408.5545,38871.94,0.945,367.21,63
NCLH,2024-08-02,2024-08-23,2024-08-26,3-5%,-3.746,16.7167,17.3327,tp_gap_filled,2593.2596,43350.75,3.685,1597.32,1
ECHO,2024-08-09,2024-08-22,2024-08-27,5-10%,-7.221,18.6486,20.0599,tp_gap_filled,2278.3684,42488.45,7.568,3215.44,3
PODD,2024-08-09,2024-08-12,2024-08-28,10%+,-12.803,174.3842,199.5902,tp_gap_filled,231.8329,40428.0,14.454,5843.58,12
MPWR,2024-08-26,2024-08-27,2024-08-28,1-2%,-1.15,926.4455,935.3537,tp_gap_filled,46.684,43250.17,0.962,415.87,1
CRM,2024-05-30,2024-05-31,2024-08-29,10%+,-17.753,223.6234,271.3484,tp_gap_filled,174.0243,38915.9,21.342,8305.31,62
KEY,2024-08-27,2024-08-28,2024-08-29,2-3%,-2.065,16.6166,16.9331,tp_gap_filled,2589.0738,43021.6,1.904,819.31,1
LITE,2024-08-27,2024-08-28,2024-08-29,1-2%,-1.985,55.3453,56.3536,tp_gap_filled,777.6195,43037.58,1.822,784.07,1
MRVL,2024-07-17,2024-08-23,2024-08-30,3-5%,-4.101,72.5725,75.5244,tp_gap_filled,597.6456,43372.63,4.068,1764.19,5
SJM,2024-08-28,2024-08-29,2024-09-04,5-10%,-6.437,113.0429,120.5793,tp_gap_filled,386.0068,43635.34,6.667,2909.09,3
NVDA,2024-08-29,2024-08-30,2024-09-06,3-5%,-3.383,121.4814,103.1559,stop,363.6916,44181.75,-15.085,-6664.82,4
CNP,2024-08-02,2024-08-26,2024-09-16,3-5%,-3.126,27.2973,28.1218,tp_gap_filled,1581.4826,43170.16,3.021,1304.06,14
DAL,2024-07-11,2024-07-12,2024-09-17,5-10%,-8.216,43.053,46.8131,tp_gap_filled,972.1893,41855.67,8.734,3655.56,46
HSIC,2024-08-28,2024-08-29,2024-09-18,3-5%,-4.92,68.6786,72.0878,tp_gap_filled,635.5656,43649.76,4.964,2166.79,13
MAR,2024-07-31,2024-08-29,2024-09-18,3-5%,-3.673,230.23,238.5312,tp_gap_filled,189.8876,43717.81,3.606,1576.3,13
COHR,2024-09-16,2024-09-17,2024-09-18,3-5%,-3.001,75.7156,77.902,tp_gap_filled,576.3715,43640.33,2.888,1260.17,1
HPE,2024-09-05,2024-09-06,2024-09-19,5-10%,-8.631,17.1671,18.7512,tp_gap_filled,2474.0552,42472.48,9.227,3919.1,9
KEY,2024-09-03,2024-09-18,2024-09-19,1-2%,-1.407,16.8368,17.0429,tp_gap_filled,2599.2497,43763.1,1.224,535.76,1
NOC,2024-09-17,2024-09-18,2024-09-19,1-2%,-1.203,515.515,520.7487,tp_gap_filled,84.8298,43731.02,1.015,443.98,1
STX,2024-08-27,2024-09-18,2024-09-20,1-2%,-1.718,103.063,104.6552,tp_gap_filled,425.0647,43808.43,1.545,676.82,2
TSLA,2024-07-24,2024-07-25,2024-09-23,5-10%,-8.507,225.6454,246.1336,tp_gap_filled,182.1432,41099.77,9.08,3731.79,41
APO,2024-08-01,2024-09-19,2024-09-23,3-5%,-4.237,120.12,125.1847,tp_gap_filled,372.1169,44698.68,4.216,1884.66,2
ED,2024-09-19,2024-09-20,2024-09-23,1-2%,-1.857,101.5915,103.3066,tp_gap_filled,438.3291,44530.51,1.688,751.78,1
OTIS,2024-07-24,2024-07-25,2024-09-24,5-10%,-8.31,90.2952,98.2816,tp_gap_filled,454.627,41050.64,8.845,3630.84,42
STLD,2024-09-20,2024-09-23,2024-09-24,2-3%,-2.889,116.7366,119.9699,tp_gap_filled,383.3527,44751.29,2.77,1239.49,1
DECK,2024-09-20,2024-09-23,2024-09-24,2-3%,-2.715,148.128,151.9579,tp_gap_filled,302.6589,44832.25,2.586,1159.16,1
RDDT,2024-07-24,2024-09-19,2024-09-25,3-5%,-3.206,65.7307,67.7722,tp_gap_filled,680.4524,44726.59,3.106,1389.14,4
PPG,2024-07-19,2024-07-22,2024-09-26,3-5%,-3.196,127.6275,131.5783,tp_gap_filled,328.8988,41976.53,3.096,1299.41,47
AZO,2024-09-24,2024-09-25,2024-09-26,3-5%,-4.229,2922.7998,3045.7712,tp_gap_filled,15.2651,44616.76,4.207,1877.17,1
MTD,2024-08-02,2024-09-26,2024-09-27,3-5%,-3.447,1464.5831,1513.8346,tp_gap_filled,30.7147,44984.22,3.363,1512.75,1
HUM,2024-07-31,2024-09-04,2024-10-01,5-10%,-9.737,365.4951,277.4985,stop,118.8594,43442.54,-24.076,-10459.22,19
IR,2024-08-01,2024-08-15,2024-10-02,5-10%,-8.367,92.092,100.2996,tp_gap_filled,457.1931,42103.83,8.912,3752.46,33
PRU,2024-08-02,2024-08-26,2024-10-04,3-5%,-3.404,118.4383,122.3675,tp_gap_filled,364.5608,43177.97,3.317,1432.43,28
ECHO,2024-10-01,2024-10-02,2024-10-08,2-3%,-2.659,24.1842,24.7952,tp_gap_filled,1839.6289,44489.88,2.527,1124.05,4
PTC,2024-07-09,2024-07-11,2024-10-09,3-5%,-3.694,180.5804,181.4084,time_exit,228.8653,41328.59,0.459,189.5,63
HON,2024-07-25,2024-07-26,2024-10-09,5-10%,-5.083,200.6525,210.9756,tp_gap_filled,208.0116,41738.05,5.145,2147.34,52
ARES,2024-10-08,2024-10-09,2024-10-11,3-5%,-3.463,155.155,160.3994,tp_gap_filled,288.5824,44775.0,3.38,1513.45,2
GNRC,2024-10-10,2024-10-11,2024-10-14,3-5%,-3.958,165.6355,172.1177,tp_gap_filled,271.9325,45041.66,3.914,1762.73,1
GM,2024-09-23,2024-09-24,2024-10-15,2-3%,-2.619,47.6476,48.8311,tp_gap_filled,946.1796,45083.19,2.484,1119.82,15
TSN,2024-09-25,2024-09-26,2024-10-15,3-5%,-3.09,58.7087,60.4595,tp_gap_filled,766.9197,45024.82,2.982,1342.75,13
APP,2024-10-14,2024-10-15,2024-10-21,3-5%,-3.898,141.4113,146.853,tp_gap_filled,317.7757,44937.07,3.848,1729.25,4
FCX,2024-10-14,2024-10-15,2024-10-22,3-5%,-4.217,47.9679,49.98,tp_gap_filled,937.4874,44969.32,4.195,1886.27,5
HAL,2024-07-19,2024-07-25,2024-10-23,5-10%,-6.01,34.2842,27.7822,time_exit,1199.1746,41112.8,-18.965,-7797.11,63
ODFL,2024-04-24,2024-07-25,2024-10-23,5-10%,-5.144,208.208,188.4813,time_exit,197.4245,41105.35,-9.475,-3894.53,63
WST,2024-07-25,2024-07-26,2024-10-24,10%+,-12.778,282.6824,323.4462,tp_gap_filled,147.1884,41607.58,14.42,5999.96,63
TSLA,2024-10-11,2024-10-14,2024-10-24,5-10%,-7.807,220.3501,238.5312,tp_gap_filled,206.0185,45396.2,8.251,3745.64,8
EW,2024-07-25,2024-07-29,2024-10-25,10%+,-26.383,64.074,69.3106,time_exit,652.2077,41789.57,8.173,3415.35,63
RMD,2024-09-18,2024-09-19,2024-10-25,5-10%,-6.876,233.8636,250.6291,tp_gap_filled,190.7596,44611.73,7.169,3198.18,26
UPS,2024-07-23,2024-07-30,2024-10-28,10%+,-10.36,130.2701,135.2047,time_exit,320.8406,41795.95,3.788,1583.19,63
COIN,2024-10-21,2024-10-22,2024-10-29,2-3%,-2.184,215.6154,219.9898,tp_gap_filled,206.643,44555.41,2.029,903.94,5
BG,2024-07-31,2024-08-01,2024-10-30,5-10%,-8.135,105.3452,85.7741,time_exit,391.0196,41192.05,-18.578,-7652.68,63
GRMN,2024-10-07,2024-10-08,2024-10-30,3-5%,-3.546,164.164,169.86,tp_gap_filled,270.1347,44346.38,3.47,1538.68,16
APTV,2024-09-30,2024-10-01,2024-10-31,3-5%,-3.543,71.6816,60.8684,stop,625.1562,44812.21,-15.085,-6759.92,22
AMD,2024-07-17,2024-10-04,2024-10-31,3-5%,-4.365,169.9698,144.3299,stop,260.9024,44345.53,-15.085,-6689.52,19
WYNN,2024-10-08,2024-10-09,2024-11-05,3-5%,-3.674,102.6025,87.1249,stop,436.064,44741.26,-15.085,-6749.22,19
FERG,2024-09-20,2024-09-24,2024-11-06,2-3%,-2.416,203.3531,207.9718,tp_gap_filled,221.7973,45103.17,2.271,1024.41,31
CSGP,2024-10-23,2024-10-24,2024-11-06,5-10%,-5.763,72.5124,76.7931,tp_gap_filled,618.7491,44867.01,5.903,2648.67,9
TXT,2024-10-24,2024-10-25,2024-11-06,5-10%,-5.606,82.082,86.7831,tp_gap_filled,545.7576,44796.88,5.727,2565.68,8
COHR,2024-10-18,2024-10-21,2024-11-07,3-5%,-4.722,97.3472,101.9679,tp_gap_filled,459.5533,44736.25,4.747,2123.45,13
NKE,2024-06-28,2024-08-13,2024-11-11,10%+,-18.112,77.2071,76.5234,time_exit,534.4538,41263.65,-0.886,-365.42,63
CMG,2024-10-30,2024-10-31,2024-11-12,5-10%,-5.174,57.4174,60.4295,tp_gap_filled,771.7463,44311.64,5.246,2324.62,8
TTD,2024-11-08,2024-11-11,2024-11-13,10%+,-12.39,116.2261,132.3975,tp_gap_filled,392.9363,45669.46,13.914,6354.31,2
HUM,2024-11-11,2024-11-12,2024-11-13,5-10%,-5.248,273.273,287.8319,tp_gap_filled,166.293,45443.38,5.328,2421.04,1
ZBH,2024-09-05,2024-09-27,2024-11-18,5-10%,-5.084,108.7687,114.3655,tp_gap_filled,417.6398,45426.12,5.146,2337.47,36
COIN,2024-11-12,2024-11-13,2024-11-18,3-5%,-4.376,310.36,323.9158,tp_gap_filled,146.5104,45470.97,4.368,1986.05,3
FDX,2024-09-20,2024-09-24,2024-11-22,10%+,-13.19,210.3391,241.8127,tp_gap_filled,214.0857,45030.58,14.963,6738.07,43
HIG,2024-10-25,2024-10-28,2024-11-22,5-10%,-5.587,113.8437,120.3395,tp_gap_filled,396.3146,45117.93,5.706,2574.38,19
ALB,2024-11-12,2024-11-13,2024-11-25,3-5%,-3.53,106.6966,110.3795,tp_gap_filled,424.4104,45283.14,3.452,1563.07,8
KLAC,2024-11-15,2024-11-18,2024-11-25,3-5%,-3.794,62.1151,64.4355,tp_gap_filled,728.073,45224.3,3.736,1689.45,5
J,2024-11-19,2024-11-22,2024-11-25,2-3%,-2.501,135.6206,138.8214,tp_gap_filled,340.1056,46125.34,2.36,1088.61,1
CEG,2024-11-04,2024-11-05,2024-11-26,5-10%,-9.919,232.7325,257.8419,tp_gap_filled,192.5656,44816.26,10.789,4835.21,15
RDDT,2024-11-22,2024-11-25,2024-12-06,5-10%,-7.98,145.5554,157.862,tp_gap_filled,323.6669,47111.46,8.455,3983.23,8
LEN,2024-09-20,2024-09-23,2024-12-12,3-5%,-3.617,179.7439,152.6296,stop,248.9641,44749.79,-15.085,-6750.51,57
ADBE,2024-09-13,2024-09-16,2024-12-13,5-10%,-9.203,533.1026,465.2243,time_exit,81.1484,43260.42,-12.733,-5508.21,63
IRM,2024-11-06,2024-11-26,2024-12-18,3-5%,-3.142,121.9018,103.5129,stop,382.8194,46666.37,-15.085,-7039.62,15
CI,2024-12-17,2024-12-18,2024-12-19,3-5%,-3.509,263.9337,272.9867,tp_gap_filled,165.3677,43646.11,3.43,1497.08,1
INCY,2024-12-12,2024-12-13,2025-01-06,2-3%,-2.745,70.5705,72.4175,tp_gap_filled,642.789,45361.94,2.617,1187.24,14
HSY,2024-12-11,2024-12-12,2025-01-15,3-5%,-4.562,178.8286,151.8523,stop,254.2005,45458.32,-15.085,-6857.39,21
AMAT,2024-11-15,2024-11-18,2025-01-16,5-10%,-9.495,168.5083,185.814,tp_gap_filled,268.2034,45194.5,10.27,4641.44,39
ORCL,2025-01-10,2025-01-16,2025-01-17,2-3%,-2.415,159.3592,162.9769,tp_gap_filled,278.1879,44331.79,2.27,1006.39,1
PNC,2025-01-16,2025-01-17,2025-01-21,5-10%,-7.454,185.6855,200.2396,tp_gap_filled,238.8199,44345.4,7.838,3475.8,1
GE,2024-10-22,2024-10-23,2025-01-23,5-10%,-5.01,184.6845,194.0358,tp_gap_filled,238.6263,44070.57,5.063,2231.46,61
CNC,2024-11-06,2024-11-07,2025-01-23,5-10%,-7.407,60.06,64.7352,tp_gap_filled,755.2205,45358.55,7.784,3530.81,50
KMB,2024-10-22,2024-10-23,2025-01-27,3-5%,-4.965,137.1871,131.2786,time_exit,320.984,44034.84,-4.307,-1896.52,63
JNJ,2025-01-22,2025-01-23,2025-01-27,2-3%,-2.801,144.144,148.0018,tp_gap_filled,314.6452,45354.22,2.676,1213.85,2
MCD,2024-10-23,2024-10-24,2025-01-28,5-10%,-6.966,293.0628,290.8588,time_exit,152.8748,44801.9,-0.752,-336.92,63
CSX,2025-01-24,2025-01-27,2025-01-28,3-5%,-4.811,32.082,33.6363,tp_gap_filled,1432.2023,45947.99,4.845,2226.04,1
ERIE,2025-01-21,2025-01-27,2025-01-28,2-3%,-2.707,394.9846,405.1644,tp_gap_filled,116.611,46059.55,2.577,1187.08,1
ALLE,2024-10-24,2024-10-25,2025-01-29,5-10%,-5.648,142.4823,130.869,time_exit,314.39,44795.03,-8.151,-3651.12,63
FISV,2024-12-05,2024-12-06,2025-01-29,5-10%,-5.953,203.203,215.6342,tp_gap_filled,230.9072,46921.04,6.118,2870.44,34
PLTR,2025-01-27,2025-01-28,2025-01-29,5-10%,-6.217,74.1441,78.901,tp_gap_filled,615.5905,45642.38,6.416,2928.34,1
UHS,2024-10-25,2024-10-29,2025-01-31,5-10%,-7.416,208.208,188.3714,time_exit,215.9298,44958.31,-9.527,-4283.3,63
DHI,2024-10-29,2024-10-30,2025-02-03,10%+,-15.074,153.3432,137.3225,time_exit,292.0584,44785.17,-10.448,-4678.96,63
SWK,2024-10-29,2024-10-30,2025-02-03,5-10%,-7.938,94.8447,85.0848,time_exit,474.6498,45018.04,-10.29,-4632.55,63
LLY,2024-10-30,2024-10-31,2025-02-04,10%+,-11.629,799.2985,825.2439,time_exit,55.3328,44227.41,3.246,1435.63,63
CDW,2024-10-30,2024-11-06,2025-02-05,5-10%,-8.954,200.4102,219.6801,tp_gap_filled,224.3403,44960.09,9.615,4323.01,60
VRT,2025-02-03,2025-02-04,2025-02-05,5-10%,-9.631,105.8557,116.903,tp_gap_filled,432.7763,45811.86,10.436,4780.98,1
HIG,2025-01-31,2025-02-03,2025-02-06,5-10%,-7.247,106.086,114.1457,tp_gap_filled,428.6916,45478.17,7.597,3455.15,3
GPC,2024-10-22,2024-11-06,2025-02-10,10%+,-15.847,120.5604,118.3216,time_exit,372.5055,44909.43,-1.857,-834.0,63
ADM,2024-11-05,2024-11-06,2025-02-10,5-10%,-8.68,50.5505,46.0439,time_exit,889.9374,44986.78,-8.915,-4010.58,63
SMCI,2024-10-30,2024-11-25,2025-02-18,10%+,-29.051,34.8848,49.0709,tp_gap_filled,1342.4376,46830.73,40.665,19043.86,55
NVDA,2025-01-27,2025-01-28,2025-02-18,10%+,-12.495,124.9248,142.4774,tp_gap_filled,364.7654,45568.24,14.051,6402.57,14
ABBV,2024-11-11,2024-11-22,2025-02-20,10%+,-10.491,178.7486,199.3005,tp_gap_filled,258.1758,46148.56,11.498,5306.01,58
CL,2025-01-31,2025-02-03,2025-02-24,5-10%,-6.007,85.5154,90.7991,tp_gap_filled,533.37,45611.36,6.179,2818.16,14
TGT,2024-11-20,2024-11-25,2025-02-28,10%+,-17.949,128.128,124.1158,time_exit,367.3463,47067.35,-3.131,-1473.88,63
GIS,2024-12-18,2024-12-19,2025-03-07,3-5%,-4.292,63.1631,65.8641,tp_gap_filled,687.9988,43456.14,4.276,1858.27,51
HII,2025-02-06,2025-02-10,2025-03-07,10%+,-12.471,171.3612,195.3844,tp_gap_filled,278.3219,47693.57,14.019,6686.19,18
CEG,2025-01-27,2025-01-29,2025-04-03,10%+,-15.824,292.7525,190.0988,stop,155.7935,45608.94,-35.065,-15992.77,45
ANET,2025-01-27,2025-01-29,2025-04-03,10%+,-15.135,109.7296,71.2529,stop,415.5871,45602.22,-35.065,-15990.42,45
ON,2025-03-06,2025-03-07,2025-04-03,3-5%,-4.625,44.3843,37.689,stop,1032.8613,45842.87,-15.085,-6915.4,19
CRL,2025-01-14,2025-01-15,2025-04-04,5-10%,-5.401,180.0499,136.7011,stop,245.5639,44213.75,-24.076,-10644.9,55
JBHT,2025-01-17,2025-01-21,2025-04-04,5-10%,-6.015,175.175,132.9999,stop,257.5053,45108.5,-24.076,-10860.32,52
TXT,2025-01-22,2025-01-23,2025-04-04,3-5%,-4.2,77.8678,66.1214,stop,582.3237,45344.26,-15.085,-6840.18,50
VST,2025-01-27,2025-01-29,2025-04-04,10%+,-19.371,154.2441,100.1584,stop,295.6007,45594.66,-35.065,-15987.77,46
CNC,2025-02-04,2025-02-05,2025-04-04,5-10%,-7.05,60.3102,64.7552,tp_gap_filled,777.1973,46872.96,7.37,3454.59,41
LII,2025-01-29,2025-02-18,2025-04-04,3-5%,-4.919,630.63,535.4995,stop,75.6335,47696.72,-15.085,-7195.05,33
XYZ,2025-04-02,2025-04-03,2025-04-04,2-3%,-2.545,54.054,48.06,stop,779.8443,42153.7,-11.089,-4674.42,1
GOOGL,2025-02-05,2025-02-06,2025-04-07,5-10%,-7.418,191.2611,145.2131,stop,246.2914,47105.96,-24.076,-11341.23,41
APTV,2024-10-31,2025-01-06,2025-04-08,5-10%,-9.613,62.4924,49.3106,time_exit,717.6009,44844.63,-21.093,-9459.26,63
BDX,2025-02-06,2025-02-10,2025-04-08,3-5%,-4.697,183.7921,156.0671,stop,259.2634,47650.56,-15.085,-7188.09,40
TSLA,2025-04-02,2025-04-03,2025-04-09,5-10%,-5.163,254.8546,268.1915,tp_gap_filled,165.0007,42051.19,5.233,2200.6,4
NEM,2025-04-03,2025-04-04,2025-04-09,3-5%,-4.166,46.7467,48.6813,tp_gap_filled,859.3288,40170.79,4.138,1662.43,3
NFLX,2025-04-03,2025-04-04,2025-04-09,3-5%,-3.604,90.2702,93.4584,tp_gap_filled,443.6452,40047.93,3.532,1414.46,3
HWM,2025-04-04,2025-04-07,2025-04-09,5-10%,-7.24,116.0659,124.875,tp_gap_filled,341.0499,39584.28,7.59,3004.33,2
SBAC,2025-04-07,2025-04-08,2025-04-11,5-10%,-7.485,203.6534,219.6901,tp_gap_filled,189.6296,38618.72,7.874,3041.02,3
CEG,2025-04-03,2025-04-09,2025-04-14,5-10%,-6.523,200.6705,214.2455,tp_gap_filled,206.6845,41475.48,6.765,2805.76,3
DLTR,2025-04-03,2025-04-04,2025-04-17,10%+,-11.628,68.6186,77.4924,tp_gap_filled,585.8414,40199.59,12.932,5198.68,9
SCHW,2025-04-03,2025-04-09,2025-04-17,3-5%,-4.937,74.7847,78.5114,tp_gap_filled,559.6059,41849.97,4.983,2085.48,6
JBHT,2025-04-16,2025-04-17,2025-04-23,5-10%,-5.262,128.128,134.9749,tp_gap_filled,322.3428,41301.13,5.344,2207.05,3
AMAT,2025-04-16,2025-04-17,2025-04-23,5-10%,-5.246,137.9578,145.3045,tp_gap_filled,299.5038,41318.89,5.325,2200.37,3
KLAC,2025-04-03,2025-04-09,2025-04-24,3-5%,-4.952,65.2862,68.5504,tp_gap_filled,638.5558,41688.9,5.0,2084.35,10
MPWR,2025-04-10,2025-04-11,2025-04-24,5-10%,-6.383,526.506,561.2782,tp_gap_filled,79.062,41626.62,6.604,2749.16,8
TSLA,2025-04-10,2025-04-14,2025-04-25,3-5%,-4.482,260.26,271.9278,tp_gap_filled,161.0743,41921.2,4.483,1879.38,8
CF,2025-04-03,2025-04-04,2025-04-28,3-5%,-3.595,77.037,79.7502,tp_gap_filled,518.5047,39944.03,3.522,1406.81,15
RTX,2025-04-22,2025-04-23,2025-04-28,5-10%,-9.19,114.6445,125.9939,tp_gap_filled,367.8078,42167.15,9.9,4174.38,3
GEV,2025-01-27,2025-01-28,2025-04-29,10%+,-19.237,339.9396,370.8188,time_exit,133.7494,45466.72,9.084,4130.08,63
FE,2025-02-27,2025-04-03,2025-04-29,5-10%,-5.203,40.8508,43.0069,tp_gap_filled,1029.1337,42040.94,5.278,2218.95,17
ANET,2025-04-03,2025-04-08,2025-04-29,5-10%,-8.658,73.2932,80.0798,tp_gap_filled,528.2741,38718.91,9.26,3585.2,14
V,2025-04-03,2025-04-04,2025-04-30,3-5%,-3.589,334.2339,345.9837,tp_gap_filled,119.2015,39841.18,3.515,1400.59,17
ROP,2025-04-28,2025-04-29,2025-04-30,3-5%,-3.541,538.488,557.1423,tp_gap_filled,82.6934,44529.4,3.464,1542.59,1
LII,2025-04-23,2025-04-24,2025-05-01,5-10%,-9.999,503.543,558.3711,tp_gap_filled,85.8964,43252.56,10.888,4709.53,5
LH,2025-04-29,2025-04-30,2025-05-01,3-5%,-3.371,222.0819,229.3704,tp_gap_filled,201.2554,44695.17,3.282,1466.86,1
PWR,2025-01-27,2025-01-31,2025-05-02,10%+,-12.035,315.2549,320.8189,time_exit,146.6569,46234.32,1.765,815.99,63
LYV,2025-04-03,2025-04-09,2025-05-02,5-10%,-5.02,128.0179,134.5153,tp_gap_filled,325.175,41628.22,5.075,2112.81,16
GS,2025-04-03,2025-04-23,2025-05-02,5-10%,-6.69,525.9554,562.5369,tp_gap_filled,80.3695,42270.79,6.955,2940.03,7
HAS,2025-04-03,2025-04-24,2025-05-02,5-10%,-6.205,58.8588,62.6273,tp_gap_filled,736.3492,43340.63,6.403,2774.94,6
CMCSA,2025-04-24,2025-04-25,2025-05-02,5-10%,-7.224,30.0019,32.2732,tp_gap_filled,1463.5403,43908.93,7.571,3324.24,5
NWSA,2025-05-01,2025-05-02,2025-05-05,3-5%,-3.724,26.1361,27.0929,tp_gap_filled,1747.7017,45678.12,3.661,1672.15,1
LIN,2025-05-01,2025-05-02,2025-05-05,3-5%,-3.484,437.8774,452.7768,tp_gap_filled,104.6053,45804.3,3.403,1558.55,1
MRK,2025-02-04,2025-02-05,2025-05-07,10%+,-10.813,89.089,79.0409,time_exit,525.9648,46857.68,-11.279,-5284.96,63
CTVA,2025-04-03,2025-04-29,2025-05-08,2-3%,-2.422,62.5125,63.936,tp_gap_filled,713.4981,44602.51,2.277,1015.7,7
CINF,2025-04-03,2025-04-29,2025-05-08,2-3%,-2.412,144.174,147.4424,tp_gap_filled,309.1895,44577.1,2.267,1010.55,7
FSLR,2025-04-30,2025-05-01,2025-05-09,10%+,-12.008,120.8808,137.1028,tp_gap_filled,371.0904,44857.69,13.42,6019.83,6
CVNA,2025-02-20,2025-05-08,2025-05-09,5-10%,-6.007,53.031,56.3076,tp_gap_filled,874.8181,46392.46,6.179,2866.48,1
HD,2025-04-03,2025-04-04,2025-05-12,3-5%,-4.074,356.1358,370.5191,tp_gap_filled,112.4866,40060.51,4.039,1617.93,25
INTC,2025-04-25,2025-04-28,2025-05-12,5-10%,-8.19,19.7497,21.4685,tp_gap_filled,2237.8957,44197.84,8.703,3846.45,10
IP,2025-04-30,2025-05-01,2025-05-12,5-10%,-7.495,44.1041,47.5824,tp_gap_filled,1019.481,44963.25,7.887,3546.07,7
CSCO,2025-04-03,2025-05-02,2025-05-12,3-5%,-3.947,59.4394,61.7582,tp_gap_filled,768.5532,45682.33,3.901,1782.12,6
J,2025-05-06,2025-05-07,2025-05-12,5-10%,-6.87,116.8791,125.2509,tp_gap_filled,390.4576,45636.35,7.163,3268.8,3
ON,2025-05-05,2025-05-09,2025-05-12,3-5%,-3.317,40.5605,41.8681,tp_gap_filled,1145.8062,46474.5,3.224,1498.22,1
LOW,2025-04-03,2025-04-04,2025-05-13,5-10%,-5.309,223.0128,235.0447,tp_gap_filled,180.1165,40168.29,5.395,2167.15,26
XYZ,2025-05-02,2025-05-05,2025-05-13,10%+,-22.495,45.3703,58.4215,tp_gap_filled,1005.1361,45603.35,28.766,13118.23,6
PLTR,2025-05-06,2025-05-08,2025-05-13,5-10%,-8.936,112.8227,123.6462,tp_gap_filled,410.0481,46262.73,9.593,4438.16,3
AES,2025-04-03,2025-05-13,2025-05-14,3-5%,-3.846,12.012,12.4675,tp_gap_filled,3967.343,47655.72,3.792,1807.2,1
MCK,2025-05-12,2025-05-13,2025-05-14,2-3%,-2.862,674.2836,692.7666,tp_gap_filled,70.8344,47762.45,2.741,1309.23,1
TTWO,2025-05-02,2025-05-05,2025-05-16,5-10%,-8.811,214.6644,234.9348,tp_gap_filled,212.7374,45667.16,9.443,4312.27,9
TAP,2025-05-08,2025-05-09,2025-05-16,5-10%,-7.899,52.4023,56.7832,tp_gap_filled,884.9971,46375.92,8.36,3877.01,5
DVA,2025-02-14,2025-02-18,2025-05-19,10%+,-13.024,154.154,144.815,time_exit,309.3197,47682.87,-6.058,-2888.72,63
T,2025-05-12,2025-05-13,2025-05-19,2-3%,-2.694,27.1171,27.8122,tp_gap_filled,1763.1039,47810.25,2.563,1225.48,4
HUM,2025-05-13,2025-05-19,2025-05-20,3-5%,-3.334,244.6744,252.6071,tp_gap_filled,197.8335,48404.79,3.242,1569.36,1
IFF,2025-02-19,2025-02-20,2025-05-21,5-10%,-6.316,81.071,76.9929,time_exit,587.1054,47597.22,-5.03,-2394.25,63
UPS,2025-01-30,2025-02-24,2025-05-23,10%+,-12.251,117.5074,95.2746,time_exit,392.5296,46125.13,-18.92,-8727.02,63
PWR,2025-05-22,2025-05-23,2025-05-27,1-2%,-1.386,336.8365,340.8888,tp_gap_filled,140.0502,47174.02,1.203,567.52,1
VTRS,2025-02-27,2025-02-28,2025-05-30,10%+,-17.616,9.2693,8.7812,time_exit,4956.5937,45943.96,-5.265,-2419.07,63
CHD,2025-05-01,2025-05-02,2025-06-02,5-10%,-6.392,93.083,99.2407,tp_gap_filled,490.8076,45685.84,6.615,3022.23,20
NEM,2025-05-12,2025-05-20,2025-06-02,5-10%,-5.484,51.071,53.926,tp_gap_filled,947.6313,48396.5,5.59,2705.49,8
AMD,2025-05-19,2025-05-21,2025-06-03,1-2%,-1.835,115.135,117.0528,tp_gap_filled,413.2168,47575.73,1.666,792.47,8
NTAP,2025-05-30,2025-06-02,2025-06-03,3-5%,-4.748,94.5945,99.1108,tp_gap_filled,506.8793,47947.99,4.774,2289.21,1
ABNB,2025-05-30,2025-06-02,2025-06-03,2-3%,-2.228,125.6255,128.2316,tp_gap_filled,382.5164,48053.82,2.075,996.89,1
COHR,2025-05-30,2025-06-03,2025-06-04,2-3%,-2.892,77.2972,79.4405,tp_gap_filled,627.2154,48482.01,2.773,1344.28,1
LMT,2025-01-28,2025-03-07,2025-06-06,5-10%,-5.954,474.1737,481.2083,time_exit,96.6848,45845.4,1.484,680.14,63
TXN,2025-03-06,2025-06-04,2025-06-09,1-2%,-1.948,191.9518,195.3744,tp_gap_filled,252.6591,48498.36,1.783,864.77,3
MRK,2025-05-13,2025-05-14,2025-06-10,3-5%,-4.327,77.0269,80.3496,tp_gap_filled,612.232,47158.36,4.314,2034.22,18
PSX,2025-05-21,2025-06-03,2025-06-11,3-5%,-3.507,116.7767,120.7791,tp_gap_filled,415.3121,48498.76,3.427,1662.26,6
OMC,2025-06-02,2025-06-03,2025-06-11,2-3%,-2.682,71.5415,73.3666,tp_gap_filled,679.081,48582.45,2.551,1239.38,6
ECHO,2025-06-09,2025-06-10,2025-06-12,5-10%,-9.84,15.7758,17.4625,tp_gap_filled,3124.2826,49287.93,10.692,5269.91,2
LMT,2025-06-11,2025-06-12,2025-06-13,2-3%,-2.674,464.6141,476.4231,tp_gap_filled,106.3065,49391.49,2.542,1255.37,1
MOS,2025-06-06,2025-06-09,2025-06-16,5-10%,-5.769,34.3343,36.3636,tp_gap_filled,1426.8584,48990.18,5.91,2895.53,5
RCL,2025-06-13,2025-06-16,2025-06-17,3-5%,-3.699,256.1559,265.4643,tp_gap_filled,190.9488,48912.65,3.634,1777.43,1
BAC,2025-03-04,2025-05-14,2025-06-20,1-2%,-1.822,44.7747,45.5144,tp_gap_filled,1050.8043,47049.48,1.652,777.29,25
TDG,2025-05-06,2025-05-12,2025-06-24,3-5%,-3.816,1417.8465,1471.1474,tp_gap_filled,33.6113,47655.71,3.759,1791.51,29
AVGO,2025-06-06,2025-06-11,2025-06-24,3-5%,-3.382,251.3911,259.6701,tp_gap_filled,195.6983,49196.81,3.293,1620.17,8
SBAC,2025-05-12,2025-05-19,2025-07-02,2-3%,-2.207,234.6344,239.4503,tp_gap_filled,206.4112,48431.16,2.053,994.06,30
DD,2025-04-03,2025-05-12,2025-07-08,3-5%,-3.654,91.0952,94.3616,tp_gap_filled,523.64,47701.09,3.586,1710.43,38
GILD,2025-06-10,2025-06-11,2025-07-08,2-3%,-2.752,109.9999,112.887,tp_gap_filled,447.3793,49211.67,2.625,1291.63,17
EFX,2025-06-17,2025-06-24,2025-07-08,3-5%,-3.335,258.7885,267.1826,tp_gap_filled,189.2771,48982.75,3.244,1588.8,9
MGM,2025-07-07,2025-07-08,2025-07-09,2-3%,-2.767,36.5865,37.5524,tp_gap_filled,1369.8734,50118.94,2.64,1323.11,1
ON,2025-07-07,2025-07-08,2025-07-09,2-3%,-2.138,55.4454,56.5434,tp_gap_filled,905.0865,50182.87,1.98,993.79,1
ELV,2025-05-13,2025-05-16,2025-07-10,3-5%,-4.058,400.1798,339.8127,stop,120.8616,48366.38,-15.085,-7296.07,36
ZTS,2025-06-18,2025-06-20,2025-07-10,2-3%,-2.833,157.2471,161.5083,tp_gap_filled,307.8828,48413.68,2.71,1311.96,13
NEE,2025-07-08,2025-07-09,2025-07-10,2-3%,-2.528,72.9329,74.6752,tp_gap_filled,687.7841,50162.06,2.389,1198.39,1
PLD,2025-04-03,2025-05-12,2025-07-16,3-5%,-3.765,108.2181,112.2277,tp_gap_filled,440.3569,47654.59,3.705,1765.63,44
CIEN,2025-06-05,2025-06-24,2025-07-16,5-10%,-8.392,76.9268,83.8061,tp_gap_filled,635.7432,48905.72,8.943,4373.44,15
BNY,2025-07-15,2025-07-16,2025-07-17,1-2%,-1.627,93.7937,95.1547,tp_gap_filled,531.0362,49807.85,1.451,722.77,1
BLK,2025-07-15,2025-07-16,2025-07-18,3-5%,-3.654,1071.9208,1110.3485,tp_gap_filled,46.4436,49783.89,3.585,1784.72,2
USB,2025-07-17,2025-07-18,2025-07-21,3-5%,-3.349,44.1942,45.6343,tp_gap_filled,1132.8568,50065.65,3.259,1631.51,1
NOC,2025-04-22,2025-04-28,2025-07-22,5-10%,-8.767,485.2348,530.7987,tp_gap_filled,91.1035,44206.6,9.39,4151.04,58
OMC,2025-07-09,2025-07-10,2025-07-22,2-3%,-2.786,72.6526,74.5853,tp_gap_filled,693.5089,50385.21,2.66,1340.39,8
BALL,2025-07-09,2025-07-10,2025-07-22,1-2%,-1.923,57.6876,58.7012,tp_gap_filled,873.7956,50407.2,1.757,885.69,8
EIX,2025-07-07,2025-07-10,2025-07-23,2-3%,-2.303,51.3913,52.4974,tp_gap_filled,980.9467,50412.17,2.152,1085.03,9
RDDT,2025-07-21,2025-07-22,2025-07-23,2-3%,-2.172,145.165,148.0918,tp_gap_filled,351.5857,51037.95,2.016,1029.0,1
DOW,2025-07-11,2025-07-22,2025-07-23,2-3%,-2.018,29.6496,30.1998,tp_gap_filled,1721.7457,51049.11,1.855,947.22,1
DECK,2025-05-23,2025-05-27,2025-07-25,10%+,-22.325,98.0379,125.9639,tp_gap_filled,488.406,47882.32,28.485,13639.21,41
DXCM,2025-07-01,2025-07-02,2025-07-25,3-5%,-4.708,83.2632,87.2027,tp_gap_filled,601.8003,50107.81,4.731,2370.81,16
ADSK,2025-07-10,2025-07-22,2025-07-29,2-3%,-2.366,300.3,306.9627,tp_gap_filled,169.9812,51045.34,2.219,1132.54,5
FCX,2025-07-11,2025-07-21,2025-07-30,2-3%,-2.775,45.9459,40.851,stop,1091.5556,50152.51,-11.089,-5561.41,7
TMUS,2025-04-25,2025-04-30,2025-07-31,5-10%,-7.258,243.3931,238.1716,time_exit,183.4995,44662.53,-2.145,-958.15,63
MAS,2025-04-03,2025-05-12,2025-07-31,3-5%,-4.574,67.8778,70.9889,tp_gap_filled,701.4184,47610.74,4.583,2182.2,55
PTC,2025-07-10,2025-07-17,2025-07-31,5-10%,-5.759,198.5484,210.2595,tp_gap_filled,252.759,50184.89,5.898,2960.11,10
STX,2025-07-30,2025-07-31,2025-08-01,5-10%,-7.65,141.141,152.5273,tp_gap_filled,358.6804,50624.51,8.067,4084.05,1
PNW,2025-05-01,2025-05-02,2025-08-04,2-3%,-2.29,93.093,92.1478,time_exit,492.9865,45893.59,-1.015,-465.99,63
LYB,2025-07-24,2025-07-25,2025-08-11,5-10%,-6.813,62.7026,47.6064,stop,831.2442,52121.2,-24.076,-12548.7,11
EXPD,2025-04-03,2025-05-12,2025-08-12,5-10%,-5.497,115.3052,120.5993,time_exit,412.1995,47528.74,4.591,2182.22,63
CPAY,2025-04-03,2025-05-12,2025-08-12,5-10%,-5.199,340.2199,309.0606,time_exit,139.747,47544.71,-9.159,-4354.41,63
HPQ,2025-05-29,2025-05-30,2025-08-13,10%+,-12.426,23.8438,27.1728,tp_gap_filled,2012.8285,47993.52,13.962,6700.67,51
PSKY,2025-07-31,2025-08-01,2025-08-13,5-10%,-9.774,12.012,13.2867,tp_gap_filled,4164.7783,50027.32,10.612,5308.84,8
DDOG,2025-07-08,2025-07-09,2025-08-14,3-5%,-4.166,146.2061,124.1509,stop,343.4975,50221.42,-15.085,-7575.9,26
ADBE,2025-03-13,2025-05-16,2025-08-18,5-10%,-7.599,405.6753,356.8828,time_exit,119.0563,48298.19,-12.027,-5809.06,63
DVA,2025-08-06,2025-08-18,2025-08-21,3-5%,-3.003,136.4363,140.3795,tp_gap_filled,369.7812,50451.58,2.89,1458.11,3
PANW,2025-07-30,2025-07-31,2025-09-04,5-10%,-7.001,180.4503,193.6462,tp_gap_filled,282.1226,50909.1,7.313,3722.86,24
LMT,2025-07-22,2025-07-23,2025-09-05,5-10%,-8.204,423.1727,460.0695,tp_gap_filled,121.6566,51481.74,8.719,4488.73,31
STLD,2025-07-22,2025-07-23,2025-09-05,3-5%,-4.794,128.2081,134.3955,tp_gap_filled,401.4389,51467.72,4.826,2483.86,31
BF-B,2025-06-05,2025-06-06,2025-09-08,10%+,-17.199,27.5175,27.5624,time_exit,1775.9704,48870.25,0.163,79.78,63
GDDY,2025-08-08,2025-08-12,2025-09-10,5-10%,-6.502,140.6205,150.0998,tp_gap_filled,351.761,49464.79,6.741,3334.44,20
EFX,2025-07-22,2025-07-23,2025-09-11,5-10%,-5.731,245.0048,259.3804,tp_gap_filled,210.0316,51458.73,5.867,3019.33,35
KLAC,2025-08-15,2025-09-08,2025-09-11,3-5%,-3.264,92.5154,95.4455,tp_gap_filled,542.9842,50234.41,3.167,1590.97,3
EOG,2025-04-03,2025-06-13,2025-09-15,5-10%,-5.563,122.8627,117.4225,time_exit,396.066,48661.75,-4.428,-2154.71,63
ALB,2025-09-09,2025-09-11,2025-09-16,5-10%,-8.268,75.2952,81.918,tp_gap_filled,668.0645,50302.07,8.796,4424.44,3
XOM,2025-04-03,2025-06-17,2025-09-17,3-5%,-3.623,114.4844,115.1747,time_exit,423.6014,48495.74,0.603,292.43,63
ADI,2025-09-15,2025-09-16,2025-09-17,2-3%,-2.361,239.6594,244.9648,tp_gap_filled,207.5979,49752.78,2.214,1101.39,1
NWS,2025-09-09,2025-09-15,2025-09-19,3-5%,-3.591,32.7827,33.936,tp_gap_filled,1517.7765,49756.89,3.518,1750.42,4
RL,2025-09-16,2025-09-17,2025-09-19,3-5%,-3.097,306.296,315.4542,tp_gap_filled,163.1125,49960.71,2.99,1493.82,2
FOXA,2025-09-09,2025-09-17,2025-09-22,3-5%,-4.526,59.7117,62.4175,tp_gap_filled,837.044,49981.28,4.532,2264.93,3
FSLR,2025-08-19,2025-09-19,2025-09-22,1-2%,-1.824,215.5453,219.1107,tp_gap_filled,235.2785,50713.19,1.654,838.85,1
MU,2025-09-19,2025-09-22,2025-09-23,3-5%,-3.636,162.9128,168.7211,tp_gap_filled,311.7252,50784.01,3.565,1810.61,1
CBOE,2025-09-19,2025-09-22,2025-09-23,1-2%,-1.169,231.9217,234.1956,tp_gap_filled,219.0852,50810.62,0.98,498.17,1
CAH,2025-08-12,2025-08-13,2025-09-30,10%+,-10.567,141.141,157.5023,tp_gap_filled,360.3123,50854.84,11.592,5895.19,33
COIN,2025-08-01,2025-08-13,2025-10-03,10%+,-11.282,335.4752,377.3822,tp_gap_filled,151.782,50919.08,12.492,6360.74,36
VRTX,2025-05-06,2025-07-08,2025-10-06,5-10%,-6.923,466.0256,402.4971,time_exit,107.5416,50117.14,-13.632,-6831.95,63
ANET,2025-09-12,2025-09-19,2025-10-06,2-3%,-2.522,149.3292,152.887,tp_gap_filled,339.5748,50708.42,2.383,1208.13,11
AMD,2025-08-19,2025-10-06,2025-10-07,1-2%,-1.726,173.2731,175.9639,tp_gap_filled,298.8298,51779.16,1.553,804.08,1
AMAT,2025-10-03,2025-10-06,2025-10-07,1-2%,-1.646,220.1299,223.3664,tp_gap_filled,237.2869,52233.94,1.47,767.98,1
SW,2025-10-06,2025-10-07,2025-10-08,2-3%,-2.358,41.031,41.938,tp_gap_filled,1261.9538,51779.21,2.211,1144.63,1
NFLX,2025-10-01,2025-10-07,2025-10-08,1-2%,-1.954,117.6666,119.7721,tp_gap_filled,440.1303,51788.62,1.789,926.72,1
COST,2025-09-26,2025-09-30,2025-10-09,1-2%,-1.883,926.4755,942.3667,tp_gap_filled,55.0363,50989.8,1.715,874.59,7
JNJ,2025-10-07,2025-10-08,2025-10-09,2-3%,-2.333,183.9538,187.9718,tp_gap_filled,284.8009,52390.19,2.184,1144.35,1
KLAC,2025-10-08,2025-10-09,2025-10-15,1-2%,-1.957,106.4573,108.3655,tp_gap_filled,491.8669,52362.84,1.792,938.57,4
CRM,2025-09-04,2025-09-05,2025-10-16,5-10%,-6.391,240.3001,256.1936,tp_gap_filled,209.3,50294.81,6.614,3326.51,29
KVUE,2025-09-22,2025-09-23,2025-10-16,3-5%,-3.435,17.7277,15.0535,stop,2860.2815,50706.24,-15.085,-7649.04,17
SNDK,2025-10-14,2025-10-15,2025-10-16,5-10%,-8.187,123.7136,134.4754,tp_gap_filled,416.5003,51526.74,8.699,4482.29,1
APP,2025-10-09,2025-10-16,2025-10-21,2-3%,-2.185,616.5559,548.1861,stop,83.3616,51397.11,-11.089,-5699.43,3
EW,2025-10-08,2025-10-09,2025-10-22,2-3%,-2.894,74.5745,76.6433,tp_gap_filled,701.8651,52341.24,2.774,1452.01,9
CMG,2025-07-24,2025-07-25,2025-10-23,10%+,-12.467,46.2462,41.7582,time_exit,1126.4118,52092.27,-9.705,-5055.34,63
MRVL,2025-10-22,2025-10-23,2025-10-24,3-5%,-3.596,81.3112,84.1757,tp_gap_filled,642.864,52272.06,3.523,1841.49,1
RVTY,2025-07-28,2025-07-29,2025-10-27,5-10%,-9.395,94.0239,97.0628,time_exit,550.5572,51765.55,3.232,1673.1,63
NUE,2025-09-18,2025-09-23,2025-10-27,3-5%,-4.762,136.136,142.6572,tp_gap_filled,372.5874,50722.56,4.79,2429.72,24
PYPL,2025-07-29,2025-07-30,2025-10-28,5-10%,-8.297,71.8017,78.1418,tp_gap_filled,709.0836,50913.43,8.83,4495.62,63
TT,2025-07-30,2025-07-31,2025-10-29,5-10%,-7.746,434.9345,427.0525,time_exit,116.3536,50606.21,-1.812,-917.1,63
ALGN,2025-07-31,2025-08-04,2025-10-31,10%+,-30.0,142.6425,137.7421,time_exit,352.6598,50304.27,-3.435,-1728.17,63
AIG,2025-10-16,2025-10-21,2025-11-04,3-5%,-3.63,78.3883,81.1787,tp_gap_filled,669.964,52517.34,3.56,1869.49,10
FRT,2025-11-03,2025-11-04,2025-11-05,2-3%,-2.1,94.2642,96.0938,tp_gap_filled,536.7262,50594.05,1.941,982.02,1
TTD,2025-08-08,2025-08-11,2025-11-07,10%+,-35.877,56.6966,42.957,time_exit,856.5721,48564.76,-24.234,-11768.99,63
IR,2025-08-01,2025-08-12,2025-11-10,5-10%,-6.416,79.2792,77.1727,time_exit,623.8849,49461.09,-2.657,-1314.18,63
KR,2025-08-13,2025-08-14,2025-11-12,3-5%,-4.011,70.6706,65.3346,time_exit,711.6953,50295.93,-7.551,-3797.6,63
ON,2025-10-22,2025-10-27,2025-11-18,3-5%,-3.431,53.2432,45.2115,stop,987.5346,52579.49,-15.085,-7931.62,16
TGT,2025-08-20,2025-08-21,2025-11-19,10%+,-10.393,94.5044,85.9939,time_exit,532.9813,50369.09,-9.005,-4535.93,63
WM,2025-10-28,2025-10-29,2025-11-19,5-10%,-6.919,199.179,213.5562,tp_gap_filled,258.2212,51432.23,7.218,3712.51,15
LOW,2025-11-18,2025-11-19,2025-11-20,2-3%,-2.644,219.2691,224.775,tp_gap_filled,230.8131,50610.17,2.511,1270.84,1
RVTY,2025-10-27,2025-10-28,2025-11-21,3-5%,-4.075,94.9549,98.7911,tp_gap_filled,549.2924,52157.98,4.04,2107.22,18
TPR,2025-11-06,2025-11-07,2025-11-26,10%+,-13.457,94.6946,109.2007,tp_gap_filled,532.476,50422.6,15.319,7724.14,13
APA,2025-11-19,2025-11-20,2025-11-26,3-5%,-3.812,23.994,24.8951,tp_gap_filled,2089.0686,50125.05,3.756,1882.48,4
DLTR,2025-09-03,2025-09-04,2025-11-28,5-10%,-9.475,100.9008,111.2386,tp_gap_filled,496.3562,50082.74,10.246,5131.25,60
SJM,2025-11-25,2025-11-26,2025-11-28,3-5%,-3.731,100.4804,104.1657,tp_gap_filled,522.7092,52522.01,3.668,1926.37,1
COHR,2025-11-25,2025-11-26,2025-11-28,3-5%,-3.695,146.3462,151.6582,tp_gap_filled,359.3709,52592.57,3.63,1908.98,1
HD,2025-11-18,2025-11-19,2025-12-01,5-10%,-5.041,340.32,357.672,tp_gap_filled,148.8408,50653.48,5.099,2582.68,7
MU,2025-11-18,2025-11-28,2025-12-01,2-3%,-2.674,235.7155,241.708,tp_gap_filled,225.041,53045.65,2.542,1348.57,1
INTC,2025-11-13,2025-11-28,2025-12-01,1-2%,-1.636,37.3073,37.8521,tp_gap_filled,1422.0888,53054.25,1.46,774.81,1
MRVL,2025-11-28,2025-12-01,2025-12-02,2-3%,-2.075,85.9859,87.6323,tp_gap_filled,619.178,53240.58,1.915,1019.4,1
NKE,2025-11-14,2025-12-01,2025-12-03,1-2%,-1.651,65.0049,65.964,tp_gap_filled,821.8061,53421.46,1.475,788.13,2
TXN,2025-09-04,2025-09-05,2025-12-04,5-10%,-6.12,183.9438,179.9399,time_exit,274.02,50404.28,-2.177,-1097.14,63
HRL,2025-10-29,2025-11-21,2025-12-04,3-5%,-3.129,22.9329,23.6263,tp_gap_filled,2229.7986,51135.77,3.024,1546.23,8
FCX,2025-09-24,2025-10-08,2025-12-05,5-10%,-7.782,41.8718,45.3146,tp_gap_filled,1249.744,52329.07,8.222,4302.63,41
RMD,2025-12-01,2025-12-02,2025-12-05,3-5%,-4.562,244.4042,255.5742,tp_gap_filled,218.7765,53469.89,4.57,2443.74,3
CRWD,2025-12-03,2025-12-04,2025-12-05,3-5%,-3.593,124.622,129.0084,tp_gap_filled,433.5064,54024.43,3.52,1901.52,1
ALB,2025-12-03,2025-12-04,2025-12-05,2-3%,-2.841,124.6245,128.0119,tp_gap_filled,434.1339,54103.72,2.718,1470.57,1
EQIX,2025-12-04,2025-12-05,2025-12-08,1-2%,-1.449,722.8221,731.9873,tp_gap_filled,75.1088,54290.29,1.268,688.39,1
CIEN,2025-12-04,2025-12-05,2025-12-08,1-2%,-1.443,190.7506,193.1567,tp_gap_filled,284.9833,54360.73,1.261,685.7,1
VRSN,2025-07-29,2025-09-10,2025-12-09,5-10%,-5.876,288.288,242.3274,time_exit,172.0709,49605.97,-15.943,-7908.47,63
HPE,2025-12-05,2025-12-08,2025-12-09,5-10%,-8.734,20.9209,22.8771,tp_gap_filled,2594.4984,54279.24,9.35,5075.36,1
SNPS,2025-09-10,2025-09-11,2025-12-10,10%+,-29.216,428.2278,475.3542,time_exit,117.3304,50244.15,11.005,5529.36,63
Q,2025-11-14,2025-12-08,2025-12-10,2-3%,-2.037,84.2342,85.8141,tp_gap_filled,648.9116,54660.52,1.876,1025.25,2
EMR,2025-11-04,2025-12-05,2025-12-11,1-2%,-1.607,137.9178,139.89,tp_gap_filled,393.7177,54300.68,1.43,776.49,4
DECK,2025-10-24,2025-10-27,2025-12-12,10%+,-13.692,88.5885,102.4375,tp_gap_filled,592.8954,52523.71,15.633,8210.99,33
IFF,2025-12-11,2025-12-12,2025-12-17,2-3%,-2.89,63.5635,65.3246,tp_gap_filled,869.2305,55251.33,2.771,1530.81,3
DASH,2025-11-06,2025-11-18,2025-12-19,10%+,-11.235,211.4713,237.762,tp_gap_filled,240.6848,50897.92,12.432,6327.78,22
TTWO,2025-11-07,2025-11-10,2025-12-26,5-10%,-8.071,232.262,252.1476,tp_gap_filled,218.6367,50781.0,8.562,4347.71,32
EFX,2025-10-02,2025-10-03,2026-01-05,5-10%,-7.576,234.8446,220.5692,time_exit,219.7914,51616.84,-6.079,-3137.61,63
LMT,2025-10-21,2025-10-22,2026-01-05,3-5%,-4.584,483.1927,505.3941,tp_gap_filled,107.5298,51957.61,4.595,2387.31,50
APA,2025-12-08,2025-12-09,2026-01-05,2-3%,-2.177,26.5365,23.5939,stop,2050.8126,54421.41,-11.089,-6034.79,17
ALB,2025-12-24,2025-12-26,2026-01-05,1-2%,-1.84,144.144,146.5533,tp_gap_filled,383.6295,55297.89,1.671,924.28,5
ADM,2025-12-16,2025-12-17,2026-01-06,2-3%,-2.359,58.8388,60.1398,tp_gap_filled,933.5758,54930.46,2.211,1214.6,12
HUM,2025-12-16,2026-01-05,2026-01-06,2-3%,-2.41,268.3881,274.4653,tp_gap_filled,205.0725,55039.01,2.264,1246.25,1
VLO,2025-12-11,2026-01-05,2026-01-06,2-3%,-2.114,172.4523,175.824,tp_gap_filled,319.5059,55099.52,1.955,1077.28,1
FRT,2026-01-02,2026-01-05,2026-01-06,1-2%,-1.438,99.4493,100.6992,tp_gap_filled,555.35,55229.2,1.257,694.11,1
AMCR,2025-11-28,2025-12-01,2026-01-07,1-2%,-1.856,42.3423,43.0569,tp_gap_filled,1261.1243,53398.9,1.688,901.2,25
APD,2025-12-08,2026-01-05,2026-01-07,2-3%,-2.175,255.275,260.4293,tp_gap_filled,215.9044,55115.01,2.019,1112.83,2
CRL,2026-01-05,2026-01-06,2026-01-07,2-3%,-2.678,197.197,202.2176,tp_gap_filled,281.8685,55583.62,2.546,1415.14,1
CMG,2025-10-30,2025-10-31,2026-01-08,10%+,-21.353,31.3013,39.7202,tp_gap_filled,1633.1611,51120.02,26.897,13749.53,46
DE,2025-11-26,2025-12-03,2026-01-08,3-5%,-4.216,477.6071,497.6319,tp_gap_filled,113.0491,53993.03,4.193,2263.78,24
EFX,2026-01-06,2026-01-07,2026-01-09,3-5%,-3.483,213.3131,220.5692,tp_gap_filled,258.7114,55186.52,3.402,1877.23,2
DECK,2026-01-07,2026-01-08,2026-01-09,5-10%,-6.012,101.101,107.3525,tp_gap_filled,552.251,55833.13,6.183,3452.42,1
TT,2026-01-06,2026-01-07,2026-01-13,5-10%,-6.1,367.4871,390.579,tp_gap_filled,149.9902,55119.46,6.284,3463.56,4
TPL,2025-11-18,2026-01-09,2026-01-13,2-3%,-2.237,312.3287,318.8375,tp_gap_filled,179.3831,56026.47,2.084,1167.58,2
FERG,2025-12-09,2025-12-10,2026-01-14,5-10%,-5.37,232.8326,245.5542,tp_gap_filled,234.3118,54555.42,5.464,2980.82,23
PNR,2026-01-05,2026-01-06,2026-01-15,2-3%,-2.588,102.8427,105.3645,tp_gap_filled,543.0638,55850.17,2.452,1369.49,7
PGR,2025-10-15,2025-10-16,2026-01-16,5-10%,-5.932,226.3661,202.1676,time_exit,227.3303,51459.88,-10.69,-5501.06,63
ABT,2025-10-15,2025-10-16,2026-01-16,3-5%,-3.947,128.138,121.6382,time_exit,401.187,51407.3,-5.072,-2607.62,63
LITE,2026-01-07,2026-01-08,2026-01-16,3-5%,-4.881,378.398,321.3167,stop,148.0081,56005.95,-15.085,-8448.5,6
NOC,2026-01-15,2026-01-16,2026-01-20,1-2%,-1.955,641.0104,652.4869,tp_gap_filled,85.8276,55016.35,1.79,985.0,1
ALB,2026-01-16,2026-01-20,2026-01-21,3-5%,-4.362,166.3662,173.6062,tp_gap_filled,327.2061,54436.03,4.352,2368.98,1
OMC,2026-01-05,2026-01-06,2026-01-23,2-3%,-2.533,79.3393,81.2387,tp_gap_filled,704.498,55894.35,2.394,1338.14,12
UNH,2025-10-30,2026-01-06,2026-01-23,2-3%,-2.179,347.8675,354.9047,tp_gap_filled,160.7066,55904.6,2.023,1130.93,12
BSX,2026-01-15,2026-01-16,2026-01-26,5-10%,-5.846,88.3483,93.6463,tp_gap_filled,622.8194,55025.02,5.997,3299.69,5
ROP,2025-10-23,2025-10-24,2026-01-27,5-10%,-8.231,467.5271,354.9652,stop,111.7492,52245.77,-24.076,-12578.69,63
CIEN,2026-01-20,2026-01-21,2026-01-27,5-10%,-5.862,229.3791,243.1766,tp_gap_filled,240.5645,55180.49,6.015,3319.17,4
COHR,2026-01-23,2026-01-26,2026-01-27,2-3%,-2.215,198.4282,202.5173,tp_gap_filled,280.2037,55600.33,2.061,1145.77,1
RCL,2025-10-28,2025-12-19,2026-01-29,5-10%,-7.688,295.9357,319.9397,tp_gap_filled,185.7927,54982.68,8.111,4459.79,26
APA,2026-01-22,2026-01-23,2026-01-29,2-3%,-2.035,26.026,26.5135,tp_gap_filled,2124.3489,55288.3,1.873,1035.54,4
JCI,2026-01-06,2026-01-07,2026-02-02,5-10%,-7.356,112.7026,121.4085,tp_gap_filled,489.1335,55126.61,7.725,4258.34,17
MRNA,2026-01-23,2026-01-27,2026-02-02,3-5%,-3.968,49.8618,42.3402,stop,1103.651,55030.04,-15.085,-8301.28,4
WDAY,2025-11-26,2025-11-28,2026-02-03,5-10%,-7.852,215.5553,163.6582,stop,246.0846,53044.85,-24.076,-12771.08,44
GPN,2025-10-29,2025-12-11,2026-02-03,3-5%,-4.823,81.5815,69.2749,stop,674.8768,55057.46,-15.085,-8305.42,35
VMC,2026-01-14,2026-01-16,2026-02-03,1-2%,-1.781,305.8055,310.729,tp_gap_filled,180.2697,55127.45,1.61,887.55,11
KR,2025-12-04,2025-12-05,2026-02-04,3-5%,-4.003,63.6135,66.1338,tp_gap_filled,854.209,54339.27,3.962,2152.82,40
IP,2025-10-30,2026-01-09,2026-02-04,3-5%,-3.504,42.7227,44.1858,tp_gap_filled,1310.452,55986.02,3.425,1917.31,17
MKC,2026-01-22,2026-01-27,2026-02-04,3-5%,-4.913,63.3533,66.4934,tp_gap_filled,868.5827,55027.57,4.957,2727.48,6
FCX,2026-01-30,2026-02-03,2026-02-04,5-10%,-5.205,61.8017,65.0649,tp_gap_filled,881.8087,54497.31,5.28,2877.45,1
APA,2026-02-02,2026-02-03,2026-02-04,3-5%,-3.938,25.3954,26.3836,tp_gap_filled,2150.9343,54623.77,3.891,2125.59,1
SWKS,2026-01-28,2026-01-29,2026-02-05,5-10%,-8.609,54.9349,59.9899,tp_gap_filled,994.889,54654.11,9.202,5029.23,5
PFE,2026-02-03,2026-02-04,2026-02-05,3-5%,-4.876,25.3854,26.6333,tp_gap_filled,2179.069,55316.45,4.916,2719.43,1
CI,2025-10-30,2025-11-05,2026-02-06,10%+,-11.407,265.265,291.7579,time_exit,192.1366,50967.12,9.987,5090.26,63
URI,2026-01-29,2026-02-04,2026-02-06,5-10%,-6.436,845.9051,902.2868,tp_gap_filled,65.2827,55222.95,6.665,3680.75,2
ABBV,2026-02-04,2026-02-05,2026-02-06,5-10%,-7.037,209.9898,225.4343,tp_gap_filled,261.8634,54988.64,7.355,4044.37,1
COR,2026-02-04,2026-02-05,2026-02-09,3-5%,-4.63,345.345,361.3883,tp_gap_filled,159.5705,55106.87,4.646,2560.03,2
COHR,2026-02-05,2026-02-06,2026-02-09,10%+,-15.114,179.2891,210.789,tp_gap_filled,316.6537,56772.56,17.569,9974.56,1
HII,2026-02-05,2026-02-06,2026-02-09,10%+,-14.167,354.9646,412.7269,tp_gap_filled,162.0971,57538.72,16.273,9363.1,1
NRG,2026-01-16,2026-01-27,2026-02-10,2-3%,-2.997,153.9037,158.3415,tp_gap_filled,355.9795,54786.58,2.883,1579.75,10
ADM,2026-02-03,2026-02-04,2026-02-10,5-10%,-8.314,62.4824,68.0119,tp_gap_filled,880.3936,55009.12,8.85,4868.14,4
NXPI,2026-02-03,2026-02-04,2026-02-10,3-5%,-4.894,219.9898,230.8489,tp_gap_filled,251.0581,55230.21,4.936,2726.28,4
CBOE,2026-02-06,2026-02-09,2026-02-10,2-3%,-2.826,267.7675,275.0047,tp_gap_filled,216.384,57940.59,2.703,1566.02,1
XYZ,2026-02-03,2026-02-10,2026-02-12,3-5%,-3.444,58.3783,49.572,stop,998.1117,58268.09,-15.085,-8789.74,2
KMB,2025-11-03,2025-11-12,2026-02-13,10%+,-12.547,104.7947,109.3006,time_exit,492.2721,51587.5,4.3,2218.13,63
MRNA,2026-02-11,2026-02-12,2026-02-13,10%+,-10.454,37.6426,41.953,tp_gap_filled,1505.246,56661.38,11.451,6488.21,1
ES,2025-11-19,2026-01-14,2026-02-17,5-10%,-5.541,70.4804,74.4655,tp_gap_filled,784.853,55316.76,5.654,3127.68,22
NEM,2026-01-30,2026-02-03,2026-02-18,5-10%,-7.035,118.118,126.8031,tp_gap_filled,461.5713,54519.88,7.353,4008.78,10
OMC,2026-02-03,2026-02-10,2026-02-19,5-10%,-6.194,71.8518,76.4435,tp_gap_filled,810.2672,58219.14,6.391,3720.5,6
CRL,2026-02-18,2026-02-19,2026-02-20,5-10%,-7.387,146.9668,158.3715,tp_gap_filled,402.4094,59140.84,7.76,4589.34,1
MRVL,2025-12-08,2025-12-09,2026-03-12,5-10%,-8.553,90.5404,87.5823,time_exit,601.6179,54470.75,-3.267,-1779.66,63
DIS,2025-11-13,2025-12-10,2026-03-13,5-10%,-6.652,108.9989,99.1907,time_exit,500.5523,54559.65,-8.998,-4909.51,63
COHR,2026-03-11,2026-03-13,2026-03-16,3-5%,-3.491,251.7915,260.3794,tp_gap_filled,217.5996,54789.73,3.411,1868.71,1
LLY,2026-02-05,2026-02-09,2026-03-18,3-5%,-3.759,1066.5655,905.6741,stop,54.3803,58000.13,-15.085,-8749.32,26
LYB,2026-03-13,2026-03-16,2026-03-18,1-2%,-1.964,72.9429,74.2557,tp_gap_filled,754.1535,55010.13,1.8,990.05,2
COHR,2026-03-17,2026-03-18,2026-03-19,3-5%,-4.896,235.4953,247.1226,tp_gap_filled,230.068,54179.92,4.937,2675.09,1
LITE,2026-03-17,2026-03-18,2026-03-19,3-5%,-4.456,597.597,624.2152,tp_gap_filled,91.081,54429.71,4.454,2424.41,1
SMCI,2026-02-09,2026-02-10,2026-03-20,3-5%,-3.403,33.2432,28.2285,stop,1751.1628,58214.27,-15.085,-8781.62,27
ALGN,2026-03-18,2026-03-19,2026-03-20,1-2%,-1.789,173.143,175.9439,tp_gap_filled,314.7615,54498.75,1.618,881.62,1
EXPE,2026-03-18,2026-03-19,2026-03-23,1-2%,-1.807,237.1269,241.0088,tp_gap_filled,229.7189,54472.52,1.637,891.74,2
ISRG,2026-01-14,2026-01-15,2026-03-27,3-5%,-4.959,534.494,453.8656,stop,103.6775,55414.97,-15.085,-8359.35,49
EL,2026-02-05,2026-02-06,2026-03-27,10%+,-12.424,104.8547,68.0874,stop,552.0556,57885.65,-35.065,-20297.6,34
MU,2026-03-19,2026-03-20,2026-03-30,5-10%,-7.961,425.395,322.9769,stop,126.7328,53911.51,-24.076,-12979.73,6
FTNT,2026-03-27,2026-03-30,2026-03-31,1-2%,-1.654,79.7697,80.949,tp_gap_filled,643.0322,51294.48,1.478,758.31,1
MOS,2026-03-26,2026-03-27,2026-04-01,3-5%,-3.016,25.4254,26.1638,tp_gap_filled,2043.5828,51958.91,2.904,1509.0,3
NEM,2026-03-18,2026-03-31,2026-04-01,3-5%,-3.701,107.0369,110.929,tp_gap_filled,492.1676,52680.1,3.636,1915.53,1
PWR,2026-03-26,2026-03-27,2026-04-02,1-2%,-1.793,563.7832,572.9265,tp_gap_filled,92.0841,51915.44,1.622,841.95,4
SNDK,2026-03-19,2026-03-20,2026-04-08,5-10%,-6.175,707.8572,752.9363,tp_gap_filled,76.1392,53895.7,6.368,3432.29,12
HUBB,2026-03-03,2026-03-23,2026-04-08,3-5%,-3.484,499.469,516.463,tp_gap_filled,108.043,53964.12,3.402,1836.09,11
COHR,2026-03-26,2026-04-02,2026-04-08,3-5%,-4.007,261.4012,271.768,tp_gap_filled,205.6342,53753.03,3.966,2131.77,3
AMZN,2026-02-05,2026-04-08,2026-04-09,3-5%,-3.468,225.1349,232.757,tp_gap_filled,246.3199,55455.2,3.386,1877.48,1
AMD,2026-02-04,2026-02-09,2026-04-10,10%+,-11.197,215.215,241.8679,tp_gap_filled,269.4494,57989.55,12.384,7181.6,42
MKC,2026-03-31,2026-04-01,2026-04-10,5-10%,-6.422,50.3203,53.6663,tp_gap_filled,1062.9047,53485.65,6.649,3556.49,6
CVNA,2026-02-27,2026-04-08,2026-04-13,2-3%,-2.847,68.8338,70.7092,tp_gap_filled,804.9444,55407.35,2.725,1509.64,3
VEEV,2026-04-10,2026-04-13,2026-04-14,2-3%,-2.559,153.2131,156.9229,tp_gap_filled,369.5271,56616.37,2.421,1370.9,1
SYF,2026-01-12,2026-01-13,2026-04-15,5-10%,-8.781,79.3393,75.914,time_exit,700.0118,55538.42,-4.317,-2397.72,63
COF,2026-01-12,2026-01-13,2026-04-15,5-10%,-7.725,230.1799,202.777,time_exit,241.0881,55493.65,-11.905,-6606.52,63
CEG,2026-03-31,2026-04-01,2026-04-15,5-10%,-7.89,275.325,298.3114,tp_gap_filled,194.1179,53445.52,8.349,4462.06,9
BBY,2026-04-13,2026-04-14,2026-04-15,3-5%,-3.72,60.11,62.3076,tp_gap_filled,944.6763,56784.54,3.656,2076.0,1
MGM,2026-04-14,2026-04-15,2026-04-16,2-3%,-2.721,35.7857,36.7132,tp_gap_filled,1588.9894,56863.18,2.592,1473.79,1
HPQ,2026-04-14,2026-04-15,2026-04-16,2-3%,-2.392,18.7888,19.2108,tp_gap_filled,3037.3303,57067.7,2.246,1281.75,1
FTV,2026-04-14,2026-04-15,2026-04-16,2-3%,-2.148,58.5935,59.7602,tp_gap_filled,975.1026,57134.71,1.991,1137.6,1
XOM,2026-04-14,2026-04-15,2026-04-16,1-2%,-1.684,150.2201,152.4874,tp_gap_filled,380.592,57172.57,1.509,862.91,1
AXP,2026-02-27,2026-04-08,2026-04-17,3-5%,-4.3,321.2209,334.9847,tp_gap_filled,172.7701,55497.36,4.285,2377.97,7
STX,2026-04-15,2026-04-16,2026-04-17,2-3%,-2.364,521.3508,532.9066,tp_gap_filled,109.7004,57192.4,2.216,1267.67,1
APO,2026-02-19,2026-04-16,2026-04-17,2-3%,-2.281,122.6225,125.2346,tp_gap_filled,466.8782,57249.77,2.13,1219.55,1
DELL,2026-04-14,2026-04-16,2026-04-17,2-3%,-2.234,185.7356,189.6002,tp_gap_filled,308.0049,57207.46,2.081,1190.33,1
ALB,2026-02-26,2026-04-16,2026-04-17,2-3%,-2.032,192.0819,195.6741,tp_gap_filled,298.4181,57320.72,1.87,1071.99,1
GLW,2026-04-16,2026-04-17,2026-04-20,2-3%,-2.906,163.5434,168.1017,tp_gap_filled,353.0639,57741.27,2.787,1609.39,1
PYPL,2026-04-16,2026-04-17,2026-04-20,2-3%,-2.38,48.4384,49.5204,tp_gap_filled,1192.2419,57750.28,2.234,1290.05,1
HRL,2026-04-09,2026-04-10,2026-04-23,2-3%,-2.726,21.071,21.6184,tp_gap_filled,2651.209,55863.76,2.597,1451.03,9
DOW,2026-04-17,2026-04-20,2026-04-23,5-10%,-9.093,36.3263,39.8801,tp_gap_filled,1596.2537,57985.98,9.783,5672.75,3
ABT,2026-01-22,2026-01-23,2026-04-24,10%+,-10.933,107.6375,91.0389,time_exit,513.7046,55293.89,-15.421,-8526.81,63
CVS,2026-01-27,2026-02-02,2026-04-29,10%+,-10.111,75.4654,83.7861,tp_gap_filled,720.6952,54387.55,11.026,5996.72,60
APH,2026-01-28,2026-01-29,2026-04-30,10%+,-15.188,70.5705,73.5614,time_exit,772.1527,54491.21,4.238,2309.41,63
MCK,2026-03-05,2026-03-12,2026-04-30,3-5%,-3.128,949.0481,805.8842,stop,57.6044,54669.32,-15.085,-8246.87,34
TROW,2026-02-04,2026-04-17,2026-04-30,3-5%,-4.685,97.9478,102.5573,tp_gap_filled,589.8017,57769.81,4.706,2718.69,9
HUM,2026-04-29,2026-04-30,2026-05-01,5-10%,-5.454,217.4072,229.4903,tp_gap_filled,267.5757,58172.88,5.558,3233.14,1
CIEN,2026-04-28,2026-04-30,2026-05-01,3-5%,-4.215,485.485,505.8337,tp_gap_filled,120.3488,58427.51,4.191,2448.94,1
LVS,2026-01-29,2026-02-02,2026-05-04,5-10%,-9.403,55.5555,51.8081,time_exit,978.9473,54385.91,-6.745,-3668.47,63
GLW,2026-04-28,2026-04-29,2026-05-05,10%+,-10.071,151.2411,167.842,tp_gap_filled,377.4468,57085.46,10.976,6265.96,4
WDC,2026-05-01,2026-05-04,2026-05-05,5-10%,-6.513,406.6262,434.0855,tp_gap_filled,139.5006,56724.59,6.753,3830.58,1
IT,2026-02-03,2026-02-04,2026-05-06,10%+,-26.907,148.0879,150.899,time_exit,370.2447,54828.77,1.898,1040.76,63
ELV,2026-01-27,2026-02-17,2026-05-06,5-10%,-6.72,351.9516,376.5531,tp_gap_filled,165.4416,58227.43,6.99,4070.1,55
CRL,2026-04-23,2026-05-05,2026-05-06,3-5%,-3.328,178.8286,184.6152,tp_gap_filled,324.1491,57967.14,3.236,1875.71,1
BF-B,2026-04-29,2026-04-30,2026-05-07,5-10%,-7.97,25.5455,27.7023,tp_gap_filled,2276.2241,58147.33,8.443,4909.24,5
VST,2026-04-28,2026-05-05,2026-05-07,2-3%,-2.449,162.6625,166.4134,tp_gap_filled,357.0183,58073.49,2.306,1339.15,2
ON,2026-05-05,2026-05-06,2026-05-07,3-5%,-4.302,97.7477,101.938,tp_gap_filled,600.9002,58736.58,4.287,2517.96,1
ALB,2026-04-17,2026-05-07,2026-05-11,3-5%,-3.738,207.7676,215.4044,tp_gap_filled,282.021,58594.81,3.676,2153.74,2
WAT,2026-02-09,2026-02-10,2026-05-12,10%+,-12.851,332.6223,351.8578,time_exit,175.1783,58268.21,5.783,3369.64,63
JCI,2026-05-06,2026-05-07,2026-05-13,3-5%,-4.136,138.9688,144.6752,tp_gap_filled,421.5973,58588.88,4.106,2405.78,4
ROL,2026-02-12,2026-02-13,2026-05-15,10%+,-15.168,55.7057,53.3666,time_exit,1038.479,57849.15,-4.199,-2429.08,63
BAX,2026-02-12,2026-02-13,2026-05-15,10%+,-12.348,19.5395,17.2827,time_exit,2966.8793,57971.4,-11.55,-6695.72,63
CRH,2026-02-27,2026-04-10,2026-05-15,2-3%,-2.055,118.7687,105.5984,stop,470.1334,55837.11,-11.089,-6191.78,25
NVR,2026-04-22,2026-04-23,2026-05-15,3-5%,-4.23,6646.8805,5644.1986,stop,8.7126,57911.75,-15.085,-8735.99,16
INTC,2026-05-12,2026-05-13,2026-05-15,3-5%,-3.925,124.4844,105.7059,stop,465.7274,57975.78,-15.085,-8745.65,2
WDC,2026-05-14,2026-05-15,2026-05-18,1-2%,-1.888,485.2448,445.9788,stop,118.1662,57339.55,-8.092,-4639.92,1
MRNA,2026-05-14,2026-05-15,2026-05-18,1-2%,-1.825,49.5495,50.3696,tp_gap_filled,1156.8331,57320.5,1.655,948.69,1
GOOGL,2026-05-14,2026-05-15,2026-05-18,1-2%,-1.326,397.6773,402.2174,tp_gap_filled,144.0641,57291.03,1.142,654.07,1
VMC,2026-02-17,2026-02-18,2026-05-19,5-10%,-9.675,296.246,259.2005,time_exit,198.3472,58759.55,-12.505,-7347.86,63
INTC,2026-05-15,2026-05-18,2026-05-20,5-10%,-5.296,109.8998,115.8141,tp_gap_filled,517.62,56886.33,5.382,3061.35,2
APA,2026-05-06,2026-05-18,2026-05-20,3-5%,-4.942,39.4694,41.4385,tp_gap_filled,1440.1413,56841.56,4.989,2835.77,2
TAP,2026-02-19,2026-02-20,2026-05-21,5-10%,-6.316,47.6576,42.4875,time_exit,1247.6605,59460.52,-10.849,-6450.58,63
SNDK,2026-05-14,2026-05-15,2026-05-21,3-5%,-3.65,1395.7944,1445.7828,tp_gap_filled,41.0628,57315.29,3.581,2052.66,4
SMCI,2026-05-15,2026-05-20,2026-05-21,3-5%,-4.329,31.6316,32.997,tp_gap_filled,1804.4606,57077.98,4.316,2463.75,1
FIX,2026-05-19,2026-05-20,2026-05-21,3-5%,-3.846,1784.8931,1852.5756,tp_gap_filled,32.0708,57242.94,3.792,2170.63,1
TGT,2026-05-20,2026-05-21,2026-05-22,5-10%,-5.525,120.3302,127.1128,tp_gap_filled,478.2844,57552.06,5.637,3243.99,1
GDDY,2026-05-20,2026-05-21,2026-05-22,2-3%,-2.067,88.6686,90.3595,tp_gap_filled,650.35,57665.61,1.907,1099.72,1
VRT,2026-05-19,2026-05-21,2026-05-26,2-3%,-2.958,330.0097,339.3903,tp_gap_filled,174.9143,57723.42,2.843,1640.8,2
TER,2026-04-28,2026-05-26,2026-05-27,3-5%,-3.234,389.389,401.598,tp_gap_filled,148.7597,57925.38,3.135,1816.21,1
WST,2026-05-12,2026-05-21,2026-05-28,3-5%,-3.093,312.6423,321.9777,tp_gap_filled,184.5279,57691.24,2.986,1722.64,4
UAL,2026-02-27,2026-05-27,2026-05-29,3-5%,-3.839,112.072,116.3136,tp_gap_filled,513.562,57555.9,3.785,2178.33,2
CRWD,2026-05-27,2026-05-28,2026-05-29,3-5%,-4.548,160.4128,167.7196,tp_gap_filled,360.3136,57798.89,4.555,2632.76,1
ANET,2026-05-06,2026-05-22,2026-06-01,10%+,-10.116,153.153,170.0498,tp_gap_filled,377.6775,57842.45,11.033,6381.53,5
DHI,2026-05-28,2026-05-29,2026-06-01,2-3%,-2.3,144.5544,147.6622,tp_gap_filled,398.6137,57621.38,2.15,1238.8,1
FCX,2026-04-23,2026-04-24,2026-06-02,10%+,-11.498,62.3323,70.2896,tp_gap_filled,921.9498,57467.22,12.766,7336.3,26
COHR,2026-05-15,2026-05-18,2026-06-02,5-10%,-5.487,383.1027,404.5351,tp_gap_filled,148.8824,57037.24,5.594,3190.9,10
ADSK,2026-05-29,2026-06-01,2026-06-02,5-10%,-6.387,225.7856,240.709,tp_gap_filled,257.0067,58028.39,6.61,3835.44,1
ETN,2026-05-05,2026-05-06,2026-06-03,5-10%,-5.84,398.1678,422.0176,tp_gap_filled,147.0882,58565.8,5.99,3508.03,19
QCOM,2026-06-01,2026-06-02,2026-06-03,5-10%,-7.047,233.5633,250.769,tp_gap_filled,251.5305,58748.31,7.367,4327.75,1
BAX,2026-05-28,2026-05-29,2026-06-04,2-3%,-2.949,18.7788,19.3107,tp_gap_filled,3068.4233,57621.19,2.833,1632.12,4
FITB,2026-02-27,2026-04-17,2026-06-05,2-3%,-2.02,50.9709,51.918,tp_gap_filled,1135.7781,57891.65,1.858,1075.71,34
LYB,2026-05-06,2026-05-12,2026-06-09,3-5%,-4.925,74.0039,62.8404,stop,792.8584,58674.64,-15.085,-8851.07,19
INTC,2026-06-01,2026-06-03,2026-06-11,3-5%,-4.578,109.5394,114.5653,tp_gap_filled,536.0788,58721.76,4.588,2694.27,6
SNDK,2026-06-04,2026-06-09,2026-06-11,3-5%,-4.924,1743.0514,1829.6685,tp_gap_filled,33.197,57864.04,4.969,2875.43,2
ODFL,2026-06-10,2026-06-11,2026-06-12,5-10%,-7.193,231.0708,248.4813,tp_gap_filled,251.6403,58146.74,7.535,4381.17,1
MU,2026-06-04,2026-06-12,2026-06-15,5-10%,-6.713,1008.1071,1078.4904,tp_gap_filled,58.2219,58693.93,6.982,4097.85,1
ITW,2026-04-30,2026-05-01,2026-06-16,5-10%,-5.898,250.25,265.4043,tp_gap_filled,229.76,57497.44,6.056,3481.86,31
MRVL,2026-06-12,2026-06-15,2026-06-16,3-5%,-3.79,270.3401,280.4293,tp_gap_filled,216.8032,58610.58,3.732,2187.37,1
BMY,2026-04-02,2026-04-17,2026-06-18,2-3%,-2.43,60.2902,53.6046,stop,957.9667,57756.04,-11.089,-6404.57,43
DOW,2026-05-06,2026-05-11,2026-06-24,5-10%,-6.691,38.1081,28.9332,stop,1531.1697,58349.92,-24.076,-14048.33,30
SNDK,2026-06-23,2026-06-24,2026-06-25,10%+,-11.7,2009.7077,2271.4563,tp_gap_filled,28.2178,56709.46,13.024,7385.96,1
PANW,2026-06-02,2026-06-03,2026-06-26,3-5%,-4.333,287.7475,300.1795,tp_gap_filled,204.3693,58806.75,4.32,2540.74,16
ON,2026-06-04,2026-06-16,2026-06-26,3-5%,-4.95,127.4273,108.2049,stop,459.485,58550.93,-15.085,-8832.41,7
MPC,2026-06-15,2026-06-26,2026-06-29,3-5%,-3.729,254.0037,263.3164,tp_gap_filled,223.8644,56862.41,3.666,2084.77,1
KR,2026-05-21,2026-05-22,2026-06-30,3-5%,-4.95,65.3453,55.4879,stop,885.4352,57859.01,-15.085,-8728.03,25
CEG,2026-06-01,2026-06-02,2026-07-01,3-5%,-4.431,275.275,233.7498,stop,213.7493,58839.83,-15.085,-8875.99,20
MTD,2026-05-08,2026-06-04,2026-07-02,5-10%,-9.569,1194.2431,1317.9707,tp_gap_filled,49.6369,59278.51,10.36,6141.46,19
WTW,2026-04-30,2026-05-01,2026-07-07,10%+,-10.52,259.8496,289.8199,tp_gap_filled,221.4215,57536.29,11.534,6636.07,44
PSX,2026-06-15,2026-06-26,2026-07-07,3-5%,-3.266,173.7636,179.2705,tp_gap_filled,327.2437,56863.03,3.169,1802.12,6
SNDK,2026-06-26,2026-06-30,2026-07-07,5-10%,-7.067,2172.1651,1649.1946,stop,26.1525,56807.53,-24.076,-13676.98,4
CF,2026-04-08,2026-04-09,2026-07-10,10%+,-14.696,114.2341,116.8031,time_exit,487.1047,55643.98,2.249,1251.35,63
PSKY,2026-07-09,2026-07-10,2026-07-13,5-10%,-5.128,9.2592,9.7402,tp_gap_filled,6140.8462,56859.63,5.195,2953.75,1
PANW,2026-07-06,2026-07-07,2026-07-14,2-3%,-2.614,339.299,347.7119,tp_gap_filled,166.4017,56459.94,2.48,1399.94,5
PYPL,2026-05-05,2026-05-06,2026-07-15,5-10%,-9.962,45.4154,50.3396,tp_gap_filled,1288.3468,58510.74,10.843,6344.13,47
WDC,2026-06-23,2026-06-25,2026-07-15,5-10%,-9.201,665.8752,505.5591,stop,85.8031,57134.18,-24.076,-13755.63,13
SNDK,2026-07-10,2026-07-13,2026-07-15,3-5%,-4.267,1780.763,1512.1349,stop,31.9154,56833.76,-15.085,-8573.37,2
MU,2026-06-26,2026-06-29,2026-07-16,5-10%,-6.137,1140.219,865.6999,stop,49.9823,56990.73,-24.076,-13721.09,12
LITE,2026-07-01,2026-07-14,2026-07-16,3-5%,-4.621,819.2234,695.6436,stop,69.6632,57069.74,-15.085,-8608.97,2
HCA,2026-07-14,2026-07-15,2026-07-16,5-10%,-9.313,354.7044,390.3493,tp_gap_filled,157.8812,56001.16,10.049,5627.66,1
WDAY,2026-07-14,2026-07-15,2026-07-16,5-10%,-8.214,133.103,144.7251,tp_gap_filled,422.1677,56191.77,8.732,4906.5,1
CSGP,2026-07-14,2026-07-15,2026-07-16,5-10%,-6.152,27.027,28.7412,tp_gap_filled,2085.9057,56375.77,6.343,3575.72,1
BIIB,2026-07-14,2026-07-16,2026-07-17,3-5%,-4.157,200.5403,208.821,tp_gap_filled,283.3949,56832.11,4.129,2346.69,1
ISRG,2026-07-14,2026-07-16,2026-07-17,2-3%,-2.707,396.4961,352.5287,stop,143.8895,57051.62,-11.089,-6326.45,1
NFLX,2026-04-17,2026-04-20,2026-07-21,10%+,-10.595,96.4664,68.6013,time_exit,601.6107,58035.2,-28.886,-16763.91,63
COP,2026-06-15,2026-06-16,2026-07-21,5-10%,-5.001,111.2411,116.863,tp_gap_filled,526.3191,58548.33,5.054,2958.91,23
GPC,2026-07-06,2026-07-07,2026-07-21,2-3%,-2.542,129.3292,114.9879,stop,436.4146,56441.14,-11.089,-6258.76,10
WDC,2026-07-16,2026-07-17,2026-07-21,5-10%,-5.286,487.1667,513.3262,tp_gap_filled,115.6751,56353.07,5.37,3026.01,2
ADM,2026-07-20,2026-07-21,2026-07-22,1-2%,-1.502,84.6946,85.8141,tp_gap_filled,668.0392,56579.32,1.322,747.86,1
TEL,2026-04-22,2026-04-23,2026-07-24,10%+,-10.856,216.9968,202.7371,time_exit,266.8333,57901.96,-6.571,-3804.97,63
LDOS,2026-06-17,2026-07-07,2026-07-24,2-3%,-2.773,110.5404,113.4664,tp_gap_filled,511.2184,56510.3,2.647,1495.82,13
SYK,2026-07-14,2026-07-16,2026-07-27,3-5%,-3.587,319.8796,331.1186,tp_gap_filled,178.0384,56950.85,3.514,2000.97,7
WDAY,2026-07-20,2026-07-21,2026-07-27,2-3%,-2.97,140.6205,144.6352,tp_gap_filled,402.5805,56611.06,2.855,1616.26,4
J,2026-05-06,2026-05-07,2026-07-28,5-10%,-7.272,126.7466,136.4135,tp_gap_filled,462.9801,58681.16,7.627,4475.55,55
MSI,2026-05-08,2026-06-02,2026-07-28,3-5%,-3.74,417.417,432.7668,tp_gap_filled,140.8945,58811.77,3.677,2162.7,38
CME,2026-06-17,2026-06-18,2026-07-28,3-5%,-3.601,252.4322,261.3384,tp_gap_filled,228.1769,57599.18,3.528,2032.2,26
DHR,2026-07-21,2026-07-22,2026-07-28,10%+,-16.046,169.0088,200.9089,tp_gap_filled,334.1648,56476.8,18.875,10659.87,4
HIG,2026-07-24,2026-07-27,2026-07-28,3-5%,-3.693,137.0669,142.0378,tp_gap_filled,418.0639,57302.73,3.627,2078.15,1
EBAY,2026-07-24,2026-07-27,2026-07-28,2-3%,-2.323,106.8868,109.2107,tp_gap_filled,536.7078,57366.96,2.174,1247.26,1
REGN,2026-05-18,2026-05-19,2026-07-29,10%+,-11.789,616.5459,697.5518,tp_gap_filled,91.8838,56650.55,13.139,7443.12,48
MCHP,2026-07-16,2026-07-21,2026-07-29,2-3%,-2.794,83.9338,74.6264,stop,674.6041,56622.12,-11.089,-6278.83,6
APA,2026-07-27,2026-07-28,2026-07-29,3-5%,-4.205,34.6646,36.1139,tp_gap_filled,1672.6511,57981.83,4.181,2424.04,1
LYB,2026-07-27,2026-07-28,2026-07-29,3-5%,-3.349,58.3583,60.2597,tp_gap_filled,992.1743,57901.6,3.258,1886.5,1
DOW,2026-07-27,2026-07-28,2026-07-29,3-5%,-3.05,28.9589,29.8102,tp_gap_filled,1998.5249,57875.14,2.939,1701.2,1
UHS,2026-07-28,2026-07-29,2026-07-30,5-10%,-6.133,149.6895,159.1507,tp_gap_filled,390.6858,58481.57,6.321,3696.34,1
DDOG,2026-06-02,2026-07-01,2026-07-31,3-5%,-4.771,264.5142,277.2125,tp_gap_filled,213.8231,56559.25,4.801,2715.18,21
CVX,2026-07-27,2026-07-28,2026-07-31,3-5%,-3.142,188.8587,194.5952,tp_gap_filled,306.5506,57894.74,3.037,1758.54,3
GEV,2026-07-28,2026-07-29,2026-07-31,3-5%,-4.79,949.7788,995.5734,tp_gap_filled,61.869,58761.86,4.822,2833.27,2
GL,2026-07-23,2026-07-24,2026-08-03,5-10%,-7.511,170.3502,183.816,tp_gap_filled,334.9911,57065.8,7.905,4510.93,6
META,2026-07-30,2026-07-31,2026-08-03,10%+,-10.179,526.526,585.0244,tp_gap_filled,113.2785,59644.1,11.11,6626.61,1
CNC,2026-07-28,2026-07-29,2026-08-04,5-10%,-7.132,59.5695,64.0159,tp_gap_filled,979.8858,58371.31,7.464,4356.98,4
HUBB,2026-07-28,2026-07-29,2026-08-04,3-5%,-4.804,474.514,497.462,tp_gap_filled,124.0056,58842.38,4.836,2845.68,4
CVNA,2026-07-30,2026-07-31,2026-08-04,10%+,-11.113,59.009,66.2537,tp_gap_filled,1007.9017,59475.22,12.277,7301.97,2
CSGP,2026-07-29,2026-07-30,2026-08-05,10%+,-14.177,26.056,30.2997,tp_gap_filled,2260.7704,58906.7,16.287,9593.89,4
WDC,2026-08-03,2026-08-04,2026-08-05,3-5%,-3.759,524.8843,544.2952,tp_gap_filled,117.2666,61551.42,3.698,2276.24,1
DD,2026-08-04,2026-08-05,2026-08-06,5-10%,-7.85,130.3202,141.1387,tp_gap_filled,472.3738,61559.85,8.301,5110.39,1
ISRG,2026-07-17,2026-07-28,2026-08-12,5-10%,-9.271,365.395,401.9277,tp_gap_filled,158.7607,58010.37,9.998,5799.95,11
ABNB,2026-08-11,2026-08-12,2026-08-13,2-3%,-2.823,179.6645,184.5153,tp_gap_filled,349.2422,62746.43,2.7,1694.11,1
STX,2026-07-01,2026-07-02,2026-08-14,5-10%,-7.074,897.6367,964.035,tp_gap_filled,62.8643,56429.32,7.397,4174.08,30
FOXA,2026-06-15,2026-07-17,2026-08-14,10%+,-13.47,57.037,65.7841,tp_gap_filled,987.5047,56324.28,15.336,8637.87,20
RDDT,2026-07-31,2026-08-03,2026-08-14,10%+,-17.041,147.8477,177.862,tp_gap_filled,410.1157,60634.66,20.301,12309.32,9
DVN,2026-05-06,2026-05-15,2026-08-17,5-10%,-6.844,47.5475,47.5224,time_exit,1202.975,57198.45,-0.053,-30.16,63
FANG,2026-07-27,2026-07-28,2026-08-17,3-5%,-3.713,197.2771,204.4753,tp_gap_filled,294.0231,58004.03,3.649,2116.45,14
COHR,2026-08-13,2026-08-14,2026-08-17,3-5%,-3.026,345.2249,355.2844,tp_gap_filled,186.3998,64349.84,2.914,1875.09,1
NEM,2026-08-13,2026-08-14,2026-08-17,2-3%,-2.402,115.125,117.7222,tp_gap_filled,557.386,64169.08,2.256,1447.61,1
TRGP,2026-07-27,2026-08-14,2026-08-18,1-2%,-1.742,276.7064,281.0487,tp_gap_filled,232.1685,64242.51,1.569,1008.13,2
EOG,2026-08-03,2026-08-17,2026-08-18,2-3%,-2.475,145.155,148.5413,tp_gap_filled,438.4524,63643.55,2.333,1484.73,1
LH,2026-08-14,2026-08-17,2026-08-18,1-2%,-1.624,317.6674,322.2674,tp_gap_filled,200.7989,63787.27,1.448,923.69,1
AVY,2026-08-14,2026-08-17,2026-08-19,1-2%,-1.867,176.8266,179.83,tp_gap_filled,360.7545,63791.0,1.698,1083.47,2
WDAY,2026-08-17,2026-08-18,2026-08-19,3-5%,-3.116,192.6825,198.4813,tp_gap_filled,329.0079,63394.06,3.01,1907.86,1
FDXF,2026-06-10,2026-06-11,2026-08-20,5-10%,-6.877,175.6755,133.3799,stop,332.1848,58356.73,-24.076,-14049.97,48
TXN,2026-07-16,2026-07-21,2026-08-24,2-3%,-2.55,293.8035,261.2236,stop,192.6575,56603.44,-11.089,-6276.76,24
SNDK,2026-07-15,2026-08-17,2026-08-24,2-3%,-2.306,1719.0073,1528.3866,stop,37.0361,63665.37,-11.089,-7059.85,5
META,2026-08-18,2026-08-24,2026-08-25,2-3%,-2.019,558.0375,568.401,tp_gap_filled,112.5596,62812.48,1.857,1166.52,1
SPGI,2026-07-28,2026-07-29,2026-08-27,3-5%,-4.8,419.1387,439.3902,tp_gap_filled,140.1883,58758.34,4.832,2839.01,21
NOW,2026-06-02,2026-08-20,2026-08-27,3-5%,-4.387,130.0299,135.7241,tp_gap_filled,484.1457,62953.42,4.379,2756.85,5
CDW,2026-08-05,2026-08-06,2026-08-28,10%+,-25.032,115.5654,153.846,tp_gap_filled,536.9121,62048.48,33.125,20553.29,16
WSM,2026-08-26,2026-08-27,2026-08-28,3-5%,-4.575,224.224,234.5053,tp_gap_filled,282.4035,63321.63,4.585,2903.46,1
FISV,2026-05-05,2026-06-01,2026-08-31,5-10%,-7.945,57.8778,53.2567,time_exit,1001.5873,57969.69,-7.984,-4628.46,63
HPQ,2026-08-27,2026-08-28,2026-08-31,5-10%,-8.716,27.8879,30.4895,tp_gap_filled,2294.7873,63996.71,9.329,5970.16,1
SNDK,2026-08-24,2026-08-25,2026-09-01,5-10%,-6.39,1495.5841,1594.4839,tp_gap_filled,42.0928,62953.38,6.613,4162.97,5
DLTR,2026-08-27,2026-08-28,2026-09-01,5-10%,-9.215,120.12,132.0478,tp_gap_filled,530.974,63780.6,9.93,6333.36,2
COR,2026-08-12,2026-08-18,2026-09-02,3-5%,-4.277,319.9096,333.5361,tp_gap_filled,198.2796,63431.53,4.259,2701.86,11
CTVA,2026-07-31,2026-08-24,2026-09-02,5-10%,-5.988,84.074,89.2507,tp_gap_filled,747.6716,62859.73,6.157,3870.45,7
TSLA,2026-07-23,2026-08-13,2026-09-03,5-10%,-8.826,341.341,373.636,tp_gap_filled,187.6477,64051.84,9.461,6060.08,15
COIN,2026-08-28,2026-08-31,2026-09-03,2-3%,-2.459,186.216,190.5293,tp_gap_filled,345.1255,64267.89,2.316,1488.61,3
NEM,2026-09-01,2026-09-02,2026-09-03,3-5%,-3.268,122.0619,125.9339,tp_gap_filled,527.3354,64367.58,3.172,2041.84,1
AVGO,2026-06-04,2026-06-05,2026-09-04,10%+,-14.657,409.399,357.5421,time_exit,142.2452,58235.02,-12.667,-7376.39,63
ADSK,2026-08-28,2026-08-31,2026-09-04,3-5%,-3.481,261.4212,221.9858,stop,245.9764,64303.45,-15.085,-9700.18,4
NOW,2026-09-02,2026-09-03,2026-09-04,1-2%,-1.819,140.4403,142.7571,tp_gap_filled,462.9842,65021.63,1.65,1072.64,1
