ticker,gap_date,entry_date,exit_date,bucket,gap_pct,entry_price,exit_price,exit_reason,contracts_shares,position_dollars,pnl_pct,pnl_dollar,days_held
INTU,2016-09-13,2016-09-14,2016-09-15,2-3%,-2.246,107.1871,109.4305,tp_gap_filled,31.0126,3324.15,2.093,69.57,1
MRVL,2016-09-07,2016-09-08,2016-09-16,2-3%,-2.859,12.5826,12.9271,tp_gap_filled,264.6976,3330.58,2.738,91.19,6
PCAR,2016-09-14,2016-09-15,2016-09-16,2-3%,-2.076,36.8301,37.5358,tp_gap_filled,90.5424,3334.69,1.916,63.89,1
TPR,2016-09-14,2016-09-15,2016-09-19,3-5%,-3.004,35.2352,36.2537,tp_gap_filled,94.5709,3332.23,2.891,96.32,2
ESS,2016-09-09,2016-09-12,2016-09-20,2-3%,-2.941,220.3802,226.6032,tp_gap_filled,15.1135,3330.72,2.824,94.05,6
DVN,2016-09-16,2016-09-19,2016-09-20,2-3%,-2.2,40.04,40.8591,tp_gap_filled,83.5421,3345.03,2.046,68.43,1
TRGP,2016-09-16,2016-09-19,2016-09-20,2-3%,-2.149,45.5755,46.4835,tp_gap_filled,73.4447,3347.28,1.992,66.68,1
FCX,2016-09-12,2016-09-13,2016-09-21,2-3%,-2.532,10.02,10.2597,tp_gap_filled,332.0597,3327.24,2.392,79.6,6
APA,2016-09-13,2016-09-14,2016-09-21,2-3%,-2.17,58.6586,59.8401,tp_gap_filled,56.6858,3325.11,2.014,66.97,5
HAL,2016-09-16,2016-09-19,2016-09-21,2-3%,-2.394,40.8108,41.7282,tp_gap_filled,81.9329,3343.74,2.248,75.17,2
WMB,2016-09-09,2016-09-12,2016-09-22,3-5%,-4.173,29.8799,31.1188,tp_gap_filled,111.4032,3328.71,4.147,138.03,8
LH,2016-09-13,2016-09-15,2016-09-22,2-3%,-2.176,115.2268,117.5541,tp_gap_filled,28.9362,3334.23,2.02,67.34,5
NRG,2016-09-13,2016-09-21,2016-09-22,2-3%,-2.17,11.7317,11.968,tp_gap_filled,286.5893,3362.19,2.014,67.72,1
HII,2016-09-20,2016-09-22,2016-09-26,2-3%,-2.761,150.5504,154.5153,tp_gap_filled,22.3723,3368.16,2.634,88.7,2
CPT,2016-09-21,2016-09-22,2016-09-27,3-5%,-4.082,84.2041,87.6123,tp_gap_filled,39.9779,3366.31,4.048,136.25,3
ACN,2016-09-23,2016-09-26,2016-09-27,2-3%,-2.771,110.6205,113.5463,tp_gap_filled,30.4003,3362.9,2.645,88.95,1
PYPL,2016-09-23,2016-09-26,2016-09-27,2-3%,-2.198,39.6396,40.4495,tp_gap_filled,84.9163,3366.05,2.043,68.77,1
TTD,2016-09-26,2016-09-27,2016-09-28,2-3%,-2.025,2.7127,2.7632,tp_gap_filled,1243.3631,3372.88,1.862,62.82,1
MKC,2016-09-16,2016-09-19,2016-09-29,2-3%,-2.397,47.8978,48.976,tp_gap_filled,69.7957,3343.07,2.251,75.25,8
NTAP,2016-09-26,2016-09-27,2016-09-30,2-3%,-2.215,34.9049,35.6243,tp_gap_filled,96.5906,3371.48,2.061,69.49,3
IVZ,2016-09-13,2016-09-21,2016-10-03,2-3%,-2.183,30.9509,31.5784,tp_gap_filled,108.6426,3362.59,2.027,68.17,8
NCLH,2016-10-05,2016-10-06,2016-10-07,2-3%,-2.97,36.9569,38.0119,tp_gap_filled,91.4191,3378.57,2.855,96.45,1
WYNN,2016-09-30,2016-10-03,2016-10-11,2-3%,-2.436,98.2381,100.4894,tp_gap_filled,34.3977,3379.16,2.292,77.44,6
CRM,2016-09-23,2016-10-10,2016-10-14,2-3%,-2.011,73.1631,74.5154,tp_gap_filled,46.0992,3372.76,1.848,62.34,4
FSLR,2016-10-07,2016-10-11,2016-10-14,2-3%,-2.34,38.8588,39.7102,tp_gap_filled,86.3128,3354.01,2.191,73.49,3
MSCI,2016-10-11,2016-10-12,2016-10-14,2-3%,-2.567,80.9208,82.887,tp_gap_filled,41.5121,3359.2,2.43,81.62,2
VEEV,2016-10-12,2016-10-13,2016-10-14,2-3%,-2.192,37.077,37.8321,tp_gap_filled,90.8245,3367.51,2.037,68.58,1
FITB,2016-10-11,2016-10-12,2016-10-19,2-3%,-2.079,20.2702,20.6593,tp_gap_filled,165.7888,3360.58,1.919,64.5,5
FCX,2016-10-13,2016-10-14,2016-10-19,5-10%,-5.075,9.5495,10.04,tp_gap_filled,353.5788,3376.51,5.135,173.4,3
TXT,2016-10-07,2016-10-10,2016-10-20,5-10%,-5.588,37.7177,39.8701,tp_gap_filled,89.3584,3370.39,5.707,192.34,8
AMD,2016-09-07,2016-10-03,2016-10-25,3-5%,-3.951,7.0571,7.3327,tp_gap_filled,478.8365,3379.17,3.905,131.97,16
WDC,2016-10-19,2016-10-20,2016-10-25,2-3%,-2.389,39.8735,40.768,tp_gap_filled,84.9869,3388.73,2.243,76.01,3
KDP,2016-10-04,2016-10-06,2016-10-26,2-3%,-2.766,88.3382,90.6692,tp_gap_filled,38.3039,3383.7,2.639,89.29,14
JBHT,2016-10-17,2016-10-18,2016-10-26,3-5%,-4.486,76.5064,79.94,tp_gap_filled,44.1471,3377.54,4.488,151.58,6
EXPD,2016-10-24,2016-10-25,2016-10-26,2-3%,-2.57,48.5685,49.7502,tp_gap_filled,69.4641,3373.77,2.433,82.08,1
DELL,2016-09-12,2016-09-13,2016-10-27,2-3%,-2.078,13.5012,13.7602,tp_gap_filled,246.5466,3328.68,1.918,63.85,32
TSLA,2016-10-06,2016-10-10,2016-10-27,2-3%,-2.878,13.5108,13.8834,tp_gap_filled,249.7044,3373.71,2.758,93.04,13
NWSA,2016-10-11,2016-10-12,2016-10-27,2-3%,-2.011,13.6536,12.1396,stop,246.171,3361.13,-11.089,-372.72,11
LULU,2016-10-25,2016-10-26,2016-10-27,3-5%,-3.043,54.5445,56.1438,tp_gap_filled,61.8877,3375.63,2.932,98.98,1
REGN,2016-09-30,2016-10-03,2016-10-28,2-3%,-2.441,396.8364,352.8312,stop,8.511,3377.46,-11.089,-374.53,19
ESS,2016-10-13,2016-10-14,2016-10-28,2-3%,-2.986,205.5253,211.4284,tp_gap_filled,16.435,3377.82,2.872,97.02,10
UAL,2016-10-26,2016-10-27,2016-10-28,2-3%,-2.782,53.1631,54.5754,tp_gap_filled,63.2991,3365.18,2.656,89.39,1
PANW,2016-10-12,2016-10-13,2016-10-31,3-5%,-4.457,24.7831,25.8874,tp_gap_filled,135.7981,3365.5,4.456,149.97,12
NEM,2016-10-04,2016-10-19,2016-11-01,3-5%,-3.727,36.7167,38.0619,tp_gap_filled,92.6619,3402.24,3.664,124.65,9
HLT,2016-10-26,2016-10-27,2016-11-01,2-3%,-2.728,45.4151,46.5953,tp_gap_filled,74.1566,3367.83,2.599,87.52,3
CTSH,2016-09-30,2016-10-03,2016-11-07,10%+,-11.218,48.8788,54.945,tp_gap_filled,69.062,3375.67,12.411,418.94,25
IBM,2016-10-18,2016-10-19,2016-11-07,3-5%,-3.069,143.566,147.8157,tp_gap_filled,23.7037,3403.05,2.96,100.73,13
CHRW,2016-10-26,2016-10-27,2016-11-07,5-10%,-5.041,65.9959,69.3606,tp_gap_filled,50.9529,3362.69,5.098,171.44,7
FISV,2016-10-27,2016-10-28,2016-11-08,5-10%,-6.761,46.6616,49.945,tp_gap_filled,72.5765,3386.54,7.037,238.3,7
ALLE,2016-10-27,2016-10-28,2016-11-08,2-3%,-2.18,64.2242,65.5244,tp_gap_filled,52.8242,3392.59,2.025,68.68,7
BMY,2016-10-10,2016-10-12,2016-11-09,5-10%,-8.371,50.8408,55.3746,tp_gap_filled,66.1143,3361.3,8.918,299.75,20
T,2016-10-24,2016-10-25,2016-11-09,2-3%,-2.614,27.6031,28.2874,tp_gap_filled,122.2071,3373.3,2.479,83.63,11
PCAR,2016-10-25,2016-10-26,2016-11-09,2-3%,-2.361,36.71,37.5224,tp_gap_filled,92.0925,3380.72,2.213,74.82,10
WAB,2016-10-25,2016-10-26,2016-11-09,2-3%,-2.308,80.08,81.8081,tp_gap_filled,42.2217,3381.12,2.158,72.96,10
ABBV,2016-10-28,2016-11-07,2016-11-09,5-10%,-6.362,57.6075,61.3985,tp_gap_filled,59.5928,3432.99,6.581,225.92,2
KR,2016-09-07,2016-09-08,2016-11-10,3-5%,-3.092,31.6917,32.6373,tp_gap_filled,105.1353,3331.91,2.984,99.42,45
COR,2016-10-28,2016-10-31,2016-11-10,10%+,-13.044,69.1991,79.4205,tp_gap_filled,48.9042,3384.13,14.771,499.87,8
NWS,2016-11-08,2016-11-09,2016-11-10,5-10%,-8.0,11.5115,12.4875,tp_gap_filled,303.7262,3496.34,8.478,296.44,1
RVTY,2016-11-08,2016-11-09,2016-11-10,5-10%,-7.615,47.9679,51.8181,tp_gap_filled,73.0662,3504.83,8.027,281.32,1
DECK,2016-10-13,2016-10-14,2016-11-11,5-10%,-9.2,9.2376,10.1532,tp_gap_filled,365.284,3374.33,9.912,334.46,20
NWSA,2016-11-08,2016-11-09,2016-11-14,5-10%,-8.756,11.1611,12.2078,tp_gap_filled,312.4173,3486.94,9.377,326.99,3
BBY,2016-11-11,2016-11-14,2016-11-15,3-5%,-3.227,38.7287,39.94,tp_gap_filled,91.908,3559.48,3.128,111.33,1
DLTR,2016-10-04,2016-10-06,2016-11-16,2-3%,-2.125,77.9178,79.4505,tp_gap_filled,43.4216,3383.32,1.967,66.55,29
DOV,2016-10-10,2016-10-18,2016-11-21,5-10%,-5.606,55.1359,58.2938,tp_gap_filled,61.2799,3378.72,5.728,193.52,24
WST,2016-09-21,2016-11-08,2016-11-21,3-5%,-4.169,78.0079,81.2387,tp_gap_filled,43.9566,3428.97,4.142,142.01,9
WSM,2016-11-18,2016-11-21,2016-11-22,5-10%,-5.241,25.4304,26.7832,tp_gap_filled,141.3763,3595.26,5.32,191.25,1
ON,2016-11-18,2016-11-21,2016-11-22,2-3%,-2.787,11.1712,11.4685,tp_gap_filled,322.4053,3601.64,2.662,95.87,1
LOW,2016-10-06,2016-10-07,2016-11-23,2-3%,-2.436,70.5605,72.1778,tp_gap_filled,47.7214,3367.25,2.292,77.18,33
GEN,2016-11-04,2016-11-07,2016-11-23,5-10%,-8.605,23.2833,25.4246,tp_gap_filled,147.0038,3422.73,9.197,314.78,12
UHS,2016-11-09,2016-11-10,2016-12-02,10%+,-13.322,111.111,127.9319,tp_gap_filled,31.8066,3534.07,15.139,535.02,15
FERG,2016-09-14,2016-09-15,2016-12-05,3-5%,-3.515,60.3454,62.419,tp_gap_filled,55.2211,3332.34,3.436,114.51,56
TRV,2016-10-20,2016-11-23,2016-12-06,2-3%,-2.925,112.9428,116.1138,tp_gap_filled,32.1783,3634.31,2.808,102.04,8
CASY,2016-09-07,2016-09-08,2016-12-07,5-10%,-9.047,121.3712,124.0958,time_exit,27.4639,3333.33,2.245,74.83,63
HON,2016-10-07,2016-10-10,2016-12-07,5-10%,-7.43,101.4921,109.4193,tp_gap_filled,33.2118,3370.73,7.811,263.28,41
TKO,2016-10-27,2016-10-28,2016-12-07,5-10%,-7.789,17.6576,19.1109,tp_gap_filled,191.6396,3383.9,8.23,278.5,27
STX,2016-12-05,2016-12-06,2016-12-07,3-5%,-3.782,37.4374,38.8311,tp_gap_filled,97.433,3647.64,3.723,135.79,1
DG,2016-12-01,2016-12-02,2016-12-08,5-10%,-6.247,72.5625,77.2427,tp_gap_filled,49.3593,3581.63,6.45,231.01,4
LITE,2016-10-11,2016-10-12,2016-12-09,5-10%,-7.798,41.071,44.4555,tp_gap_filled,81.7966,3359.47,8.241,276.84,41
MO,2016-11-09,2016-11-22,2016-12-09,2-3%,-2.582,64.2041,65.7742,tp_gap_filled,56.3952,3620.8,2.445,88.54,12
NTAP,2016-12-07,2016-12-08,2016-12-09,3-5%,-3.475,34.7547,35.934,tp_gap_filled,105.982,3683.37,3.393,124.99,1
ABBV,2016-12-07,2016-12-08,2016-12-09,2-3%,-2.207,60.3203,61.5584,tp_gap_filled,61.1557,3688.93,2.053,75.72,1
BF-B,2016-12-07,2016-12-08,2016-12-09,2-3%,-2.091,35.2432,35.924,tp_gap_filled,104.7041,3690.11,1.932,71.29,1
PODD,2016-11-22,2016-12-08,2016-12-09,2-3%,-2.079,37.2372,37.952,tp_gap_filled,99.2163,3694.54,1.92,70.92,1
EME,2016-12-08,2016-12-09,2016-12-12,2-3%,-2.167,70.9409,72.3676,tp_gap_filled,52.2982,3710.08,2.011,74.61,1
ORCL,2016-09-16,2016-09-22,2016-12-13,3-5%,-3.059,39.6496,40.8191,tp_gap_filled,84.958,3368.55,2.95,99.36,57
BSX,2016-11-22,2016-11-23,2016-12-14,2-3%,-2.703,20.9009,21.4385,tp_gap_filled,173.8897,3634.45,2.572,93.49,14
CASY,2016-12-08,2016-12-09,2016-12-15,5-10%,-5.007,118.118,124.0958,tp_gap_filled,31.4119,3710.32,5.061,187.77,4
JBL,2016-09-22,2016-09-23,2016-12-16,5-10%,-6.953,22.1021,23.7063,tp_gap_filled,152.2488,3365.01,7.258,244.24,59
CDNS,2016-12-14,2016-12-15,2016-12-19,5-10%,-6.504,24.1741,25.8042,tp_gap_filled,153.2744,3705.28,6.743,249.84,2
VMRK,2016-09-22,2016-09-23,2016-12-22,3-5%,-4.424,63.1531,62.907,time_exit,53.2664,3363.94,-0.39,-13.11,63
CMG,2016-12-06,2016-12-12,2016-12-22,3-5%,-4.126,7.606,7.9175,tp_gap_filled,488.2116,3713.34,4.095,152.07,8
MOS,2016-12-19,2016-12-22,2016-12-27,2-3%,-2.233,28.9289,29.5304,tp_gap_filled,128.2877,3711.22,2.079,77.17,2
AMD,2016-12-23,2016-12-27,2016-12-28,2-3%,-2.586,11.3113,11.5884,tp_gap_filled,331.4928,3749.61,2.45,91.86,1
EBAY,2016-10-03,2016-10-04,2017-01-04,3-5%,-4.863,31.3313,29.7302,time_exit,107.5972,3371.16,-5.11,-172.27,63
REG,2016-11-15,2016-11-16,2017-01-04,5-10%,-5.855,65.8358,69.7901,tp_gap_filled,54.4823,3586.88,6.006,215.44,32
VST,2016-12-15,2016-12-16,2017-01-05,10%+,-14.005,14.014,16.2637,tp_gap_filled,266.0623,3728.6,16.053,598.57,12
SW,2016-10-04,2016-10-06,2017-01-06,10%+,-16.622,21.8919,24.3856,time_exit,154.3256,3378.48,11.391,384.84,63
SHW,2016-10-25,2016-11-09,2017-01-06,5-10%,-8.036,85.2685,92.534,tp_gap_filled,40.9936,3495.46,8.521,297.84,39
AMGN,2016-10-28,2016-11-09,2017-01-06,5-10%,-5.53,151.8417,160.4094,tp_gap_filled,23.1274,3511.71,5.643,198.15,39
INCY,2016-12-07,2016-12-09,2017-01-06,2-3%,-2.285,104.8648,107.1028,tp_gap_filled,35.4274,3715.08,2.134,79.29,18
AAPL,2016-10-26,2016-10-27,2017-01-09,3-5%,-3.332,28.6061,29.5329,tp_gap_filled,117.6366,3365.12,3.24,109.03,49
HCA,2016-11-09,2016-11-10,2017-01-09,10%+,-15.072,68.7587,80.7991,tp_gap_filled,51.316,3528.42,17.511,617.87,39
NVDA,2017-01-03,2017-01-04,2017-01-09,2-3%,-2.192,2.6126,2.6658,tp_gap_filled,1454.4916,3800.02,2.037,77.41,3
SPG,2017-01-05,2017-01-06,2017-01-09,2-3%,-2.385,179.8697,183.8959,tp_gap_filled,21.2772,3827.13,2.238,85.67,1
BBY,2017-01-05,2017-01-06,2017-01-09,2-3%,-2.33,42.7928,43.7262,tp_gap_filled,89.5494,3832.07,2.181,83.59,1
TSN,2016-10-07,2016-10-10,2017-01-10,5-10%,-5.243,70.5505,61.1488,time_exit,47.821,3373.79,-13.326,-449.6,63
RMD,2016-10-26,2016-12-12,2017-01-10,2-3%,-2.635,62.5024,64.0659,tp_gap_filled,59.4224,3714.05,2.501,92.9,19
WDAY,2016-12-02,2016-12-05,2017-01-11,10%+,-15.539,68.9889,81.5184,tp_gap_filled,52.5294,3623.95,18.162,658.17,25
FTNT,2016-10-12,2016-10-13,2017-01-13,10%+,-14.696,5.8218,6.4515,time_exit,576.7096,3357.5,10.817,363.17,63
IT,2017-01-05,2017-01-11,2017-01-13,2-3%,-2.741,99.099,101.6882,tp_gap_filled,38.9514,3860.04,2.613,100.85,2
SWKS,2017-01-12,2017-01-13,2017-01-17,2-3%,-2.819,76.2762,78.3316,tp_gap_filled,50.8333,3877.37,2.695,104.48,1
STLD,2017-01-12,2017-01-13,2017-01-18,2-3%,-2.401,36.2162,37.0329,tp_gap_filled,107.158,3880.85,2.255,87.52,2
HWM,2017-01-17,2017-01-18,2017-01-19,2-3%,-2.035,15.8901,16.1878,tp_gap_filled,244.6945,3888.22,1.873,72.84,1
CSX,2017-01-18,2017-01-19,2017-01-20,3-5%,-4.069,12.1922,12.684,tp_gap_filled,317.2942,3868.51,4.034,156.04,1
LMT,2016-12-12,2016-12-13,2017-01-23,2-3%,-2.986,252.0318,259.2705,tp_gap_filled,14.7944,3728.65,2.872,107.09,26
TPR,2017-01-05,2017-01-06,2017-01-24,3-5%,-3.394,35.045,36.2038,tp_gap_filled,109.1547,3825.33,3.306,126.48,11
MU,2017-01-19,2017-01-20,2017-01-24,3-5%,-3.674,21.5215,22.2977,tp_gap_filled,180.3962,3882.4,3.607,140.02,2
CSX,2017-01-20,2017-01-23,2017-01-24,2-3%,-2.219,14.8482,15.1548,tp_gap_filled,261.0545,3876.18,2.065,80.06,1
MAS,2016-10-25,2016-11-15,2017-01-25,3-5%,-3.546,32.4024,33.5264,tp_gap_filled,110.7964,3590.07,3.469,124.54,47
INTC,2016-10-19,2016-12-12,2017-01-25,3-5%,-4.45,36.1061,37.7122,tp_gap_filled,102.8581,3713.8,4.449,165.21,29
RL,2017-01-05,2017-01-06,2017-01-25,2-3%,-2.207,88.7086,90.5294,tp_gap_filled,43.1976,3832.0,2.053,78.65,12
CME,2016-12-23,2016-12-28,2017-01-26,2-3%,-2.883,117.3272,120.5693,tp_gap_filled,31.7671,3727.15,2.763,102.99,19
DVA,2017-01-09,2017-01-10,2017-01-26,3-5%,-4.241,63.063,65.7242,tp_gap_filled,61.0932,3852.72,4.22,162.58,11
TRGP,2017-01-23,2017-01-24,2017-01-26,2-3%,-2.748,58.4584,59.9899,tp_gap_filled,66.6922,3898.72,2.62,102.14,2
LMT,2017-01-24,2017-01-25,2017-01-27,2-3%,-2.757,250.6304,257.2225,tp_gap_filled,15.6654,3926.23,2.63,103.27,2
TKO,2016-12-13,2016-12-14,2017-02-01,5-10%,-6.172,18.7187,19.9101,tp_gap_filled,197.5099,3697.13,6.365,235.31,32
MCK,2016-10-28,2016-11-01,2017-02-02,10%+,-19.128,129.9298,138.861,time_exit,25.9985,3377.98,6.874,232.2,63
ZBH,2016-10-31,2016-11-01,2017-02-02,10%+,-12.991,103.6278,114.08,time_exit,32.5917,3377.41,10.086,340.65,63
HAS,2017-01-26,2017-01-27,2017-02-06,5-10%,-6.501,81.2011,86.6732,tp_gap_filled,48.1677,3911.27,6.739,263.58,6
TT,2017-02-01,2017-02-02,2017-02-06,2-3%,-2.747,59.928,61.4978,tp_gap_filled,65.3439,3915.93,2.619,102.58,2
CHD,2016-11-03,2016-11-08,2017-02-07,3-5%,-4.762,45.045,47.2028,tp_gap_filled,76.0784,3426.95,4.79,164.16,61
CNC,2016-11-09,2016-11-10,2017-02-07,10%+,-20.509,26.5765,33.3666,tp_gap_filled,132.5752,3523.39,25.549,900.19,59
GNRC,2017-01-13,2017-01-24,2017-02-07,3-5%,-3.715,39.4294,40.8691,tp_gap_filled,98.8267,3896.68,3.651,142.28,10
MNST,2016-11-04,2016-11-07,2017-02-08,5-10%,-6.904,10.8884,10.9066,time_exit,314.8496,3428.2,0.167,5.73,63
HWM,2017-02-06,2017-02-07,2017-02-08,2-3%,-2.625,19.3598,19.8421,tp_gap_filled,204.9353,3967.51,2.491,98.83,1
RVTY,2017-02-03,2017-02-06,2017-02-09,5-10%,-5.292,51.051,53.7961,tp_gap_filled,77.283,3945.38,5.377,212.15,3
TECH,2017-02-07,2017-02-08,2017-02-09,5-10%,-5.173,23.9439,25.1998,tp_gap_filled,166.5671,3988.27,5.245,209.18,1
INTU,2017-02-08,2017-02-09,2017-02-10,3-5%,-4.75,112.0119,117.3625,tp_gap_filled,35.9895,4031.25,4.777,192.57,1
AXON,2016-10-03,2016-11-10,2017-02-13,5-10%,-9.402,25.9459,27.1528,time_exit,136.6131,3544.55,4.652,164.88,63
IQV,2016-12-16,2016-12-19,2017-02-13,2-3%,-2.806,78.3583,80.4595,tp_gap_filled,47.5913,3729.17,2.682,100.0,37
SBAC,2016-11-09,2017-01-13,2017-02-13,2-3%,-2.203,106.6566,108.841,tp_gap_filled,36.3735,3879.47,2.048,79.46,20
ANET,2017-01-17,2017-01-25,2017-02-13,5-10%,-6.253,5.8809,6.2606,tp_gap_filled,667.8673,3927.64,6.457,253.61,13
TXT,2017-01-25,2017-01-26,2017-02-13,5-10%,-7.878,45.5355,49.3306,tp_gap_filled,85.7764,3905.87,8.334,325.53,12
IEX,2017-01-31,2017-02-01,2017-02-13,3-5%,-3.608,88.7887,91.928,tp_gap_filled,44.1882,3923.41,3.536,138.72,8
VMC,2017-02-07,2017-02-08,2017-02-13,5-10%,-5.731,120.8607,127.9519,tp_gap_filled,33.0041,3988.9,5.867,234.04,3
TSCO,2016-09-08,2016-11-11,2017-02-14,10%+,-15.156,14.1882,14.6653,time_exit,250.0743,3548.1,3.363,119.32,63
STT,2017-01-25,2017-01-26,2017-02-14,5-10%,-6.855,75.075,80.4395,tp_gap_filled,52.1395,3914.38,7.145,279.7,13
REGN,2017-01-06,2017-01-10,2017-02-15,5-10%,-5.366,360.8405,380.5391,tp_gap_filled,10.6651,3848.4,5.459,210.09,25
NTRS,2017-01-18,2017-01-19,2017-02-15,5-10%,-5.23,83.6235,88.0619,tp_gap_filled,46.2629,3868.67,5.307,205.33,19
GM,2017-02-07,2017-02-14,2017-02-15,2-3%,-2.932,35.7857,36.7932,tp_gap_filled,114.4306,4094.99,2.815,115.28,1
STZ,2017-01-05,2017-01-09,2017-02-16,3-5%,-4.709,150.7006,157.832,tp_gap_filled,25.5003,3842.91,4.732,181.85,27
LH,2016-10-26,2017-01-11,2017-02-16,3-5%,-3.266,115.1408,118.79,tp_gap_filled,33.5169,3859.16,3.169,122.31,25
SW,2017-01-31,2017-02-07,2017-02-16,3-5%,-3.783,26.2262,27.2028,tp_gap_filled,151.2087,3965.63,3.724,147.67,7
AIZ,2017-02-08,2017-02-14,2017-02-16,2-3%,-2.082,95.075,96.903,tp_gap_filled,43.1673,4104.13,1.923,78.91,2
KDP,2017-02-14,2017-02-15,2017-02-16,3-5%,-3.188,90.6005,93.3965,tp_gap_filled,45.4657,4119.22,3.086,127.12,1
KKR,2017-02-14,2017-02-15,2017-02-16,2-3%,-2.111,17.6376,17.982,tp_gap_filled,233.7124,4122.13,1.953,80.49,1
TMUS,2017-02-13,2017-02-14,2017-02-17,2-3%,-2.885,60.6506,62.3276,tp_gap_filled,67.6091,4100.53,2.765,113.38,3
CSX,2017-02-15,2017-02-16,2017-02-17,2-3%,-2.104,15.679,15.984,tp_gap_filled,262.9764,4123.21,1.945,80.21,1
MDT,2016-11-22,2016-11-23,2017-02-21,5-10%,-7.856,74.3242,80.4994,tp_gap_filled,48.8662,3631.94,8.308,301.76,59
EXC,2017-02-08,2017-02-14,2017-02-21,2-3%,-2.111,25.1678,25.6591,tp_gap_filled,163.0591,4103.84,1.952,80.1,4
WM,2017-02-16,2017-02-17,2017-02-21,2-3%,-2.397,69.7096,71.2786,tp_gap_filled,59.3554,4137.65,2.251,93.13,1
CF,2017-02-16,2017-02-17,2017-02-21,2-3%,-2.349,33.7137,34.4555,tp_gap_filled,122.8898,4143.07,2.2,91.16,1
MU,2017-02-14,2017-02-17,2017-02-21,2-3%,-2.259,23.3834,23.8761,tp_gap_filled,177.2496,4144.69,2.107,87.34,1
KHC,2017-02-16,2017-02-17,2017-02-21,2-3%,-2.19,89.1891,91.0039,tp_gap_filled,46.4686,4144.49,2.035,84.33,1
SJM,2017-02-17,2017-02-21,2017-02-22,3-5%,-3.932,132.5524,137.7022,tp_gap_filled,31.4822,4173.04,3.885,162.13,1
MDLZ,2017-02-17,2017-02-21,2017-02-22,3-5%,-3.102,41.9019,43.1568,tp_gap_filled,99.883,4185.29,2.995,125.35,1
ADP,2017-02-01,2017-02-02,2017-02-23,3-5%,-4.911,96.126,100.889,tp_gap_filled,40.7347,3915.66,4.955,194.02,14
D,2017-02-01,2017-02-21,2017-02-23,2-3%,-2.517,74.4344,76.2037,tp_gap_filled,56.3818,4196.74,2.377,99.76,2
VTR,2016-11-08,2016-12-08,2017-02-24,2-3%,-2.845,62.5625,64.2657,tp_gap_filled,58.9624,3688.83,2.722,100.42,52
FSLR,2017-02-22,2017-02-23,2017-02-24,3-5%,-3.031,35.5455,36.5834,tp_gap_filled,117.9764,4193.53,2.92,122.44,1
LII,2017-02-17,2017-02-21,2017-02-27,3-5%,-3.333,162.2821,167.5423,tp_gap_filled,25.7753,4182.87,3.241,135.58,4
UNH,2017-02-17,2017-02-21,2017-02-27,2-3%,-2.841,159.159,163.4863,tp_gap_filled,26.3604,4195.5,2.719,114.07,4
SO,2016-11-09,2017-01-17,2017-02-28,2-3%,-2.069,49.7597,50.7092,tp_gap_filled,78.0839,3885.43,1.908,74.14,29
GDDY,2017-02-16,2017-02-17,2017-02-28,5-10%,-6.914,34.9049,37.4225,tp_gap_filled,118.3389,4130.6,7.213,297.94,6
ACN,2016-12-21,2016-12-22,2017-03-01,3-5%,-4.472,118.6686,123.9759,tp_gap_filled,31.2816,3712.14,4.472,166.02,45
WAT,2016-10-25,2017-01-24,2017-03-01,5-10%,-6.612,147.4673,157.5922,tp_gap_filled,26.4558,3901.37,6.866,267.86,25
FFIV,2017-01-26,2017-02-08,2017-03-01,3-5%,-4.425,139.4393,145.6042,tp_gap_filled,28.6428,3993.94,4.421,176.58,14
STE,2017-02-07,2017-02-09,2017-03-01,5-10%,-5.886,67.067,71.1188,tp_gap_filled,60.1056,4031.1,6.041,243.54,13
MCHP,2017-02-09,2017-02-21,2017-03-01,2-3%,-2.304,36.086,36.8631,tp_gap_filled,116.3151,4197.35,2.153,90.38,6
CPRT,2017-02-22,2017-02-23,2017-03-02,2-3%,-2.985,7.3198,7.53,tp_gap_filled,573.7848,4200.0,2.871,120.58,5
BSX,2017-02-23,2017-02-24,2017-03-02,5-10%,-7.114,23.3934,25.1348,tp_gap_filled,180.1837,4215.1,7.444,313.78,4
PODD,2017-02-28,2017-03-01,2017-03-02,5-10%,-5.35,43.7437,46.1238,tp_gap_filled,96.3974,4216.78,5.441,229.44,1
SCHW,2017-02-28,2017-03-01,2017-03-02,3-5%,-3.834,40.1701,41.6883,tp_gap_filled,105.2308,4227.14,3.779,159.75,1
CNP,2017-02-28,2017-03-01,2017-03-02,3-5%,-3.285,25.9359,26.7632,tp_gap_filled,163.3847,4237.53,3.19,135.17,1
BBY,2017-03-01,2017-03-02,2017-03-03,3-5%,-3.58,42.5925,44.0859,tp_gap_filled,99.0119,4217.17,3.506,147.86,1
NEM,2017-02-22,2017-02-23,2017-03-08,2-3%,-2.511,36.5365,32.485,stop,114.996,4201.55,-11.089,-465.91,9
EL,2016-11-02,2017-01-26,2017-03-10,3-5%,-3.511,83.3533,86.2137,tp_gap_filled,46.9927,3916.99,3.432,134.42,30
AMCR,2016-12-09,2016-12-12,2017-03-15,5-10%,-7.43,54.2542,52.7971,time_exit,68.4542,3713.93,-2.686,-99.74,63
ECHO,2017-02-28,2017-03-01,2017-03-15,3-5%,-4.16,42.9846,44.7607,tp_gap_filled,98.2767,4224.38,4.132,174.55,10
D,2017-03-01,2017-03-02,2017-03-15,2-3%,-2.267,75.9559,77.5624,tp_gap_filled,55.6194,4224.62,2.115,89.35,9
BALL,2017-03-02,2017-03-03,2017-03-15,2-3%,-2.867,36.4614,37.4625,tp_gap_filled,115.8406,4223.71,2.746,115.97,8
LVS,2017-01-26,2017-03-01,2017-03-16,3-5%,-3.425,54.7647,56.5934,tp_gap_filled,77.3678,4237.03,3.339,141.48,11
LITE,2017-03-02,2017-03-03,2017-03-16,3-5%,-4.802,45.6456,47.8521,tp_gap_filled,92.4616,4220.46,4.834,204.02,9
CTAS,2016-12-23,2017-01-04,2017-03-17,2-3%,-2.506,29.2993,29.9925,tp_gap_filled,129.6926,3799.9,2.366,89.9,50
UAL,2017-03-15,2017-03-16,2017-03-17,2-3%,-2.329,65.065,66.4835,tp_gap_filled,64.8625,4220.28,2.18,92.0,1
LII,2017-03-16,2017-03-17,2017-03-20,2-3%,-2.313,167.8577,171.4883,tp_gap_filled,25.1163,4215.96,2.163,91.19,1
DAL,2017-03-02,2017-03-03,2017-03-22,2-3%,-2.018,50.05,44.5,stop,84.4241,4225.43,-11.089,-468.56,13
DECK,2017-02-03,2017-02-06,2017-03-23,10%+,-17.897,7.6076,9.2474,tp_gap_filled,518.3924,3943.72,21.555,850.07,32
CDNS,2017-03-22,2017-03-23,2017-03-24,3-5%,-3.681,30.3804,31.4785,tp_gap_filled,137.1705,4167.29,3.615,150.63,1
FISV,2017-03-22,2017-03-23,2017-03-24,2-3%,-2.471,56.7016,58.0219,tp_gap_filled,73.6039,4173.46,2.328,97.18,1
TSLA,2017-02-23,2017-03-16,2017-03-28,3-5%,-3.477,17.6176,18.2158,tp_gap_filled,239.616,4221.46,3.395,143.33,8
VTRS,2017-03-24,2017-03-27,2017-03-28,3-5%,-3.196,40.3203,41.5684,tp_gap_filled,103.7758,4184.27,3.095,129.52,1
REGN,2017-03-17,2017-03-20,2017-03-29,3-5%,-3.194,380.43,392.1974,tp_gap_filled,11.1026,4223.76,3.093,130.65,7
FCX,2017-03-27,2017-03-28,2017-03-29,3-5%,-4.45,12.2522,12.7972,tp_gap_filled,343.7229,4211.37,4.448,187.31,1
MS,2017-03-27,2017-03-28,2017-03-29,3-5%,-4.239,40.7007,42.4175,tp_gap_filled,103.5614,4215.02,4.218,177.8,1
SCHW,2017-03-27,2017-03-28,2017-03-29,3-5%,-4.198,38.3783,39.98,tp_gap_filled,109.9889,4221.19,4.173,176.16,1
BAC,2017-03-27,2017-03-28,2017-03-29,3-5%,-3.633,22.3023,23.0969,tp_gap_filled,189.6189,4228.93,3.563,150.67,1
IBKR,2017-04-03,2017-04-04,2017-04-05,2-3%,-2.967,8.4309,8.6713,tp_gap_filled,498.699,4204.49,2.851,119.89,1
HPE,2017-02-24,2017-02-27,2017-04-10,10%+,-10.28,12.8721,14.3182,tp_gap_filled,327.1531,4211.14,11.235,473.12,30
EW,2016-10-26,2017-01-10,2017-04-11,10%+,-12.65,33.1331,31.1688,time_exit,116.1597,3848.73,-5.929,-228.17,63
AMD,2017-04-04,2017-04-05,2017-04-11,2-3%,-2.254,14.3243,12.7359,stop,292.5816,4191.03,-11.089,-464.74,4
PANW,2016-11-22,2017-01-19,2017-04-20,10%+,-10.853,23.9539,18.1219,time_exit,161.5721,3870.29,-24.347,-942.3,63
RMD,2017-04-12,2017-04-13,2017-04-20,2-3%,-2.261,67.9279,69.3606,tp_gap_filled,61.3832,4169.63,2.109,87.94,4
TECH,2017-03-27,2017-03-28,2017-04-24,3-5%,-4.816,24.7297,25.929,tp_gap_filled,170.2336,4209.83,4.85,204.17,18
MET,2016-12-16,2017-01-25,2017-04-26,2-3%,-2.147,50.0054,46.2015,time_exit,78.5201,3926.43,-7.607,-298.68,63
CASY,2017-03-07,2017-03-08,2017-04-26,5-10%,-5.21,108.3582,114.0858,tp_gap_filled,38.4577,4167.21,5.286,220.27,34
MGM,2017-02-16,2017-04-03,2017-04-26,5-10%,-5.27,28.068,29.5704,tp_gap_filled,150.6384,4228.12,5.353,226.31,16
COST,2017-03-03,2017-04-06,2017-04-26,3-5%,-4.09,170.8707,177.802,tp_gap_filled,24.6191,4206.69,4.056,170.64,13
SW,2017-04-12,2017-04-13,2017-04-26,2-3%,-2.869,25.7557,26.4635,tp_gap_filled,161.8967,4169.77,2.748,114.59,8
IBKR,2017-04-19,2017-04-20,2017-04-26,3-5%,-3.277,8.4209,8.6888,tp_gap_filled,503.075,4236.35,3.181,134.77,4
ZTS,2017-02-13,2017-02-14,2017-04-27,2-3%,-2.207,54.5545,55.6743,tp_gap_filled,75.2032,4102.67,2.053,84.21,50
EME,2017-02-23,2017-04-26,2017-04-27,3-5%,-4.278,65.6256,68.4215,tp_gap_filled,64.9988,4265.58,4.26,181.73,1
BKR,2017-04-25,2017-04-26,2017-04-27,3-5%,-3.137,56.8668,58.5914,tp_gap_filled,75.0487,4267.78,3.033,129.42,1
YUM,2017-02-22,2017-02-23,2017-05-03,2-3%,-2.616,65.9659,67.6023,tp_gap_filled,63.6997,4202.01,2.481,104.24,48
WDAY,2017-02-28,2017-03-01,2017-05-04,5-10%,-8.859,82.2822,90.0998,tp_gap_filled,51.1929,4212.26,9.501,400.21,45
O,2017-02-28,2017-04-11,2017-05-09,2-3%,-2.898,59.4683,52.8739,stop,70.6729,4202.8,-11.089,-466.05,19
EBAY,2017-04-20,2017-04-26,2017-05-09,2-3%,-2.925,32.8929,33.8161,tp_gap_filled,129.9452,4274.27,2.807,119.98,9
MRVL,2017-04-26,2017-04-27,2017-05-09,3-5%,-4.325,14.8348,15.4745,tp_gap_filled,287.8745,4270.57,4.312,184.15,8
NVDA,2017-02-23,2017-03-17,2017-05-10,3-5%,-4.749,2.6401,2.7662,tp_gap_filled,1596.6383,4215.34,4.776,201.33,37
MU,2017-05-08,2017-05-09,2017-05-10,2-3%,-2.27,27.5876,28.1718,tp_gap_filled,154.3346,4257.72,2.118,90.17,1
AES,2017-05-08,2017-05-09,2017-05-10,2-3%,-2.12,11.0911,11.3087,tp_gap_filled,384.4535,4264.0,1.962,83.66,1
GILD,2017-02-08,2017-02-13,2017-05-15,5-10%,-8.013,67.3373,65.884,time_exit,60.632,4082.79,-2.158,-88.11,63
PHM,2017-04-25,2017-04-26,2017-05-16,3-5%,-3.986,22.1822,23.0569,tp_gap_filled,192.2622,4264.79,3.944,168.18,14
SNA,2017-02-02,2017-02-15,2017-05-17,2-3%,-2.524,175.9258,164.0058,time_exit,23.4336,4122.58,-6.776,-279.33,63
AIG,2017-02-15,2017-02-16,2017-05-18,5-10%,-6.503,62.6025,61.3286,time_exit,65.8749,4123.94,-2.035,-83.92,63
GIS,2017-02-17,2017-02-21,2017-05-22,3-5%,-4.306,58.9489,56.6533,time_exit,70.708,4168.16,-3.894,-162.32,63
CDNS,2017-04-25,2017-04-26,2017-05-22,5-10%,-5.018,31.8318,33.4465,tp_gap_filled,134.0153,4265.95,5.073,216.4,18
NWSA,2017-05-10,2017-05-11,2017-05-22,5-10%,-6.178,12.3123,13.0969,tp_gap_filled,346.6442,4267.99,6.372,271.97,7
WAB,2017-02-21,2017-02-22,2017-05-23,5-10%,-6.847,81.8418,81.928,time_exit,51.1855,4189.11,0.105,4.41,63
KHC,2017-02-21,2017-02-22,2017-05-23,3-5%,-4.997,91.9118,91.7781,time_exit,45.5464,4186.26,-0.145,-6.09,63
BG,2017-05-03,2017-05-04,2017-05-23,5-10%,-9.451,68.4784,75.4745,tp_gap_filled,62.0001,4245.67,10.216,433.75,13
STLD,2017-05-17,2017-05-18,2017-05-23,3-5%,-3.078,34.044,35.0549,tp_gap_filled,122.7509,4178.93,2.969,124.09,3
APO,2017-05-17,2017-05-22,2017-05-23,3-5%,-3.183,26.4865,27.3027,tp_gap_filled,159.7236,4230.51,3.082,130.37,1
VZ,2017-01-24,2017-02-23,2017-05-24,3-5%,-4.102,50.3103,44.995,time_exit,83.3542,4193.57,-10.565,-443.05,63
TROW,2017-01-26,2017-02-23,2017-05-24,3-5%,-3.06,71.9819,68.6113,time_exit,58.2587,4193.57,-4.683,-196.37,63
EMR,2017-05-02,2017-05-03,2017-05-24,3-5%,-4.406,57.7677,60.3096,tp_gap_filled,73.3969,4239.97,4.4,186.57,15
CRL,2017-05-10,2017-05-11,2017-05-24,3-5%,-4.82,87.3673,91.6083,tp_gap_filled,48.8997,4272.24,4.854,207.38,9
NRG,2017-05-02,2017-05-23,2017-05-24,2-3%,-2.4,16.2863,16.6533,tp_gap_filled,260.0461,4235.18,2.254,95.45,1
TTD,2017-05-22,2017-05-23,2017-05-24,2-3%,-2.137,4.9049,5.002,tp_gap_filled,862.7413,4231.66,1.98,83.77,1
HRL,2017-02-23,2017-02-24,2017-05-25,5-10%,-5.603,35.2452,33.0969,time_exit,119.83,4223.43,-6.095,-257.44,63
WSM,2017-05-12,2017-05-15,2017-05-25,2-3%,-2.996,25.6056,26.3436,tp_gap_filled,166.6524,4267.23,2.882,123.0,8
IVZ,2017-05-23,2017-05-24,2017-05-25,2-3%,-2.826,30.981,31.8182,tp_gap_filled,137.0242,4245.14,2.702,114.72,1
MU,2017-05-17,2017-05-24,2017-05-25,2-3%,-2.343,28.3683,28.991,tp_gap_filled,149.6756,4246.05,2.195,93.19,1
SMCI,2017-02-24,2017-02-27,2017-05-26,5-10%,-5.109,2.6026,2.4276,time_exit,1618.4465,4212.17,-6.725,-283.28,63
ORLY,2017-05-23,2017-05-24,2017-05-26,3-5%,-3.807,15.9493,16.5474,tp_gap_filled,266.1366,4244.68,3.75,159.19,2
BG,2017-05-24,2017-05-25,2017-05-26,5-10%,-5.08,77.6276,81.6183,tp_gap_filled,54.8636,4258.93,5.141,218.95,1
COST,2017-05-08,2017-05-25,2017-05-26,3-5%,-3.074,174.8347,180.0198,tp_gap_filled,24.4379,4272.6,2.966,126.71,1
DLTR,2017-05-25,2017-05-26,2017-05-30,2-3%,-2.638,76.096,78.0019,tp_gap_filled,56.1501,4272.8,2.505,107.02,1
RL,2017-02-02,2017-03-01,2017-05-31,5-10%,-7.852,80.5905,67.7322,time_exit,52.324,4216.81,-15.955,-672.8,63
TROW,2017-05-24,2017-05-25,2017-06-01,2-3%,-2.8,69.1391,70.9889,tp_gap_filled,61.8013,4272.88,2.676,114.32,4
ARES,2017-03-02,2017-03-03,2017-06-02,10%+,-10.0,19.8198,17.8821,time_exit,212.9668,4220.96,-9.777,-412.67,63
CIEN,2017-03-08,2017-06-01,2017-06-02,5-10%,-5.006,24.8849,26.1438,tp_gap_filled,172.4544,4291.5,5.059,217.11,1
ON,2017-05-17,2017-05-22,2017-06-05,2-3%,-2.133,15.6156,15.9241,tp_gap_filled,271.0773,4233.03,1.975,83.62,9
TTWO,2017-06-02,2017-06-05,2017-06-06,2-3%,-2.445,76.2862,78.0419,tp_gap_filled,56.39,4301.78,2.301,99.0,1
WDAY,2017-06-02,2017-06-05,2017-06-06,2-3%,-2.197,99.3693,101.3985,tp_gap_filled,43.3104,4303.72,2.042,87.89,1
QCOM,2017-01-23,2017-03-10,2017-06-09,5-10%,-6.695,58.7287,56.9929,time_exit,71.2748,4185.87,-2.955,-123.71,63
IR,2017-06-06,2017-06-07,2017-06-09,3-5%,-3.535,21.8518,22.6074,tp_gap_filled,197.4312,4314.23,3.458,149.17,2
BAC,2017-05-17,2017-05-23,2017-06-12,2-3%,-2.584,23.3934,23.966,tp_gap_filled,181.0428,4235.2,2.448,103.67,13
SW,2017-06-08,2017-06-09,2017-06-12,2-3%,-2.548,27.9479,28.6213,tp_gap_filled,155.0374,4332.97,2.41,104.41,1
DLR,2017-06-09,2017-06-12,2017-06-14,2-3%,-2.398,114.0639,116.6332,tp_gap_filled,38.1535,4351.94,2.253,98.03,2
ADBE,2017-06-12,2017-06-13,2017-06-14,3-5%,-3.137,133.8537,137.912,tp_gap_filled,32.5585,4358.08,3.032,132.13,1
NVDA,2017-06-12,2017-06-13,2017-06-14,2-3%,-2.487,3.6506,3.7363,tp_gap_filled,1195.9506,4365.99,2.345,102.39,1
MRVL,2017-06-12,2017-06-13,2017-06-14,2-3%,-2.26,16.8869,17.2427,tp_gap_filled,258.8608,4371.35,2.107,92.12,1
ADP,2017-06-02,2017-06-05,2017-06-16,3-5%,-3.125,100.2201,103.2466,tp_gap_filled,42.9108,4300.52,3.02,129.87,9
ACGL,2017-06-09,2017-06-12,2017-06-16,2-3%,-2.448,30.8441,31.5551,tp_gap_filled,141.0475,4350.49,2.305,100.28,4
AMGN,2017-03-17,2017-03-20,2017-06-19,5-10%,-7.073,167.5374,164.9249,time_exit,25.2023,4222.33,-1.559,-65.84,63
BMY,2017-06-05,2017-06-09,2017-06-19,2-3%,-2.201,53.8138,54.915,tp_gap_filled,80.5982,4337.29,2.046,88.76,6
BIIB,2017-06-14,2017-06-15,2017-06-19,2-3%,-2.242,255.8156,261.1586,tp_gap_filled,16.926,4329.94,2.089,90.44,2
FLEX,2017-06-15,2017-06-16,2017-06-19,3-5%,-4.439,12.0165,12.5496,tp_gap_filled,359.2292,4316.69,4.436,191.5,1
NVDA,2017-06-15,2017-06-16,2017-06-19,3-5%,-3.137,3.6777,3.7892,tp_gap_filled,1175.1142,4321.69,3.033,131.06,1
LITE,2017-06-15,2017-06-16,2017-06-19,2-3%,-2.655,60.5605,62.0879,tp_gap_filled,71.4345,4326.11,2.522,109.11,1
TTWO,2017-06-15,2017-06-16,2017-06-19,2-3%,-2.259,72.7727,74.3056,tp_gap_filled,59.5299,4332.15,2.106,91.25,1
LH,2017-04-25,2017-04-26,2017-06-20,3-5%,-3.969,119.4234,124.1112,tp_gap_filled,35.7393,4268.11,3.925,167.54,38
DG,2017-06-16,2017-06-19,2017-06-20,5-10%,-5.808,68.1881,72.2477,tp_gap_filled,64.381,4390.02,5.953,261.36,1
FISV,2017-06-16,2017-06-19,2017-06-20,2-3%,-2.973,60.9309,62.6723,tp_gap_filled,72.2009,4399.26,2.858,125.73,1
AMD,2017-05-02,2017-05-16,2017-06-21,10%+,-13.877,11.7417,13.6064,tp_gap_filled,361.7951,4248.1,15.881,674.62,25
NKE,2017-03-22,2017-03-23,2017-06-22,5-10%,-5.602,54.8148,52.3476,time_exit,75.9993,4165.88,-4.501,-187.5,63
TSN,2017-05-08,2017-06-13,2017-06-26,2-3%,-2.084,62.072,63.2667,tp_gap_filled,70.5538,4379.42,1.925,84.29,9
REGN,2017-06-23,2017-06-26,2017-06-27,2-3%,-2.799,512.3018,526.0035,tp_gap_filled,8.5715,4391.22,2.675,117.44,1
FFIV,2017-03-29,2017-03-30,2017-06-29,3-5%,-4.037,141.3312,127.1927,time_exit,30.072,4250.11,-10.004,-425.17,63
LYB,2017-05-08,2017-05-09,2017-06-29,3-5%,-3.03,81.6916,84.0758,tp_gap_filled,52.1147,4257.34,2.919,124.25,36
LULU,2017-03-30,2017-03-31,2017-06-30,10%+,-21.584,52.042,59.6103,time_exit,81.731,4253.44,14.543,618.57,63
ARES,2017-06-12,2017-06-13,2017-06-30,2-3%,-2.692,17.7277,18.1818,tp_gap_filled,246.1547,4363.76,2.561,111.78,13
BKNG,2017-05-10,2017-05-25,2017-07-07,3-5%,-3.001,74.2254,76.3688,tp_gap_filled,57.5614,4272.51,2.888,123.38,29
AXON,2017-07-07,2017-07-10,2017-07-11,3-5%,-4.391,23.974,25.0249,tp_gap_filled,182.342,4371.46,4.384,191.64,1
TSLA,2017-07-06,2017-07-10,2017-07-11,3-5%,-3.005,21.1718,21.7842,tp_gap_filled,206.7756,4377.82,2.892,126.62,1
AMD,2017-06-27,2017-07-10,2017-07-11,2-3%,-2.273,13.7738,14.0659,tp_gap_filled,317.7864,4377.11,2.121,92.84,1
TROW,2017-07-11,2017-07-12,2017-07-13,2-3%,-2.012,75.5755,76.973,tp_gap_filled,58.1894,4397.7,1.849,81.32,1
AAPL,2017-06-12,2017-06-13,2017-07-14,2-3%,-2.175,36.4714,37.2078,tp_gap_filled,120.0586,4378.71,2.019,88.4,22
FCX,2017-05-03,2017-06-09,2017-07-17,2-3%,-2.516,12.4124,12.7073,tp_gap_filled,349.493,4338.05,2.376,103.06,25
DXCM,2017-07-13,2017-07-14,2017-07-17,2-3%,-2.493,17.5175,17.9296,tp_gap_filled,253.4191,4439.27,2.352,104.42,1
ACN,2017-06-22,2017-06-23,2017-07-18,3-5%,-3.257,123.093,126.9829,tp_gap_filled,35.547,4375.58,3.16,138.27,16
WBD,2017-05-09,2017-05-10,2017-07-19,2-3%,-2.862,26.4965,27.2228,tp_gap_filled,161.3984,4276.49,2.741,117.22,48
ON,2017-06-20,2017-06-21,2017-07-19,2-3%,-2.364,15.2953,15.6343,tp_gap_filled,285.2125,4362.4,2.217,96.71,19
WYNN,2017-07-14,2017-07-17,2017-07-19,3-5%,-4.038,129.6595,134.845,tp_gap_filled,34.3484,4453.6,3.999,178.11,2
IBM,2017-04-19,2017-04-20,2017-07-20,3-5%,-4.875,154.8009,141.0252,time_exit,27.3643,4236.02,-8.899,-376.96,63
URI,2017-04-20,2017-04-24,2017-07-20,3-5%,-4.78,113.8537,119.3305,tp_gap_filled,37.3021,4246.98,4.81,204.3,61
TMUS,2017-06-27,2017-06-28,2017-07-20,3-5%,-3.009,61.3112,63.0869,tp_gap_filled,72.0983,4420.44,2.896,128.02,15
MGM,2017-06-30,2017-07-13,2017-07-20,2-3%,-2.888,31.9719,32.8571,tp_gap_filled,138.4096,4425.22,2.769,122.52,5
FFIV,2017-07-14,2017-07-17,2017-07-20,3-5%,-3.703,123.6635,128.1617,tp_gap_filled,36.0156,4453.82,3.637,162.0,3
AMD,2017-07-18,2017-07-19,2017-07-20,3-5%,-3.696,13.3033,13.7862,tp_gap_filled,336.7088,4479.33,3.63,162.6,1
HWM,2017-06-26,2017-06-27,2017-07-24,10%+,-11.237,17.4024,19.5663,tp_gap_filled,251.6058,4378.53,12.435,544.46,18
STLD,2017-07-20,2017-07-21,2017-07-24,3-5%,-3.014,36.3964,37.4525,tp_gap_filled,123.3363,4488.99,2.902,130.26,1
TRV,2017-07-20,2017-07-21,2017-07-24,2-3%,-2.515,123.4033,126.3335,tp_gap_filled,36.4137,4493.57,2.375,106.7,1
IBKR,2017-07-20,2017-07-21,2017-07-24,2-3%,-2.204,9.1066,9.2932,tp_gap_filled,493.7849,4496.7,2.049,92.14,1
TGT,2017-06-16,2017-06-19,2017-07-25,5-10%,-7.266,51.4814,55.4045,tp_gap_filled,85.2047,4386.46,7.62,334.27,25
EQT,2017-04-27,2017-07-14,2017-07-25,2-3%,-2.755,33.8553,34.7448,tp_gap_filled,131.1469,4440.01,2.627,116.65,7
ANET,2017-07-21,2017-07-24,2017-07-25,3-5%,-3.699,9.4469,9.7902,tp_gap_filled,475.6027,4492.99,3.634,163.26,1
CL,2017-07-21,2017-07-24,2017-07-25,3-5%,-3.177,69.8698,72.0179,tp_gap_filled,64.3629,4497.02,3.074,138.26,1
WMT,2017-06-16,2017-06-19,2017-07-26,5-10%,-6.286,24.6746,26.277,tp_gap_filled,177.7981,4387.11,6.494,284.9,26
CHRW,2017-04-26,2017-04-27,2017-07-27,5-10%,-5.843,73.2332,65.3945,time_exit,58.3402,4272.44,-10.704,-457.31,63
KDP,2017-04-26,2017-04-27,2017-07-27,5-10%,-5.741,92.8528,91.938,time_exit,46.0042,4271.61,-0.985,-42.08,63
LUV,2017-07-10,2017-07-11,2017-07-27,2-3%,-2.024,63.0029,56.0165,stop,69.6393,4387.48,-11.089,-486.53,12
EBAY,2017-07-21,2017-07-24,2017-07-27,2-3%,-2.636,36.2362,37.1428,tp_gap_filled,124.2202,4501.27,2.502,112.62,3
SMCI,2017-07-21,2017-07-25,2017-07-27,2-3%,-2.214,2.6527,2.7073,tp_gap_filled,1711.7275,4540.61,2.06,93.53,2
INCY,2017-07-25,2017-07-26,2017-07-27,2-3%,-2.994,134.2641,138.1317,tp_gap_filled,33.8131,4539.89,2.881,130.78,1
NDAQ,2017-07-26,2017-07-27,2017-07-28,3-5%,-4.097,23.2766,24.2224,tp_gap_filled,195.8507,4558.74,4.063,185.24,1
KR,2017-06-16,2017-06-19,2017-07-31,10%+,-13.721,21.2112,24.5354,tp_gap_filled,206.3359,4376.63,15.672,685.91,29
BBY,2017-07-10,2017-07-14,2017-07-31,3-5%,-4.648,55.2352,57.8121,tp_gap_filled,80.3826,4439.95,4.665,207.14,11
DLTR,2017-06-16,2017-06-19,2017-08-01,3-5%,-4.207,69.7397,72.6573,tp_gap_filled,63.0568,4397.56,4.184,183.97,30
ULTA,2017-07-26,2017-07-27,2017-08-01,3-5%,-4.217,246.0358,256.3534,tp_gap_filled,18.5202,4556.64,4.194,191.08,3
ELV,2017-07-26,2017-07-27,2017-08-03,3-5%,-4.927,181.3712,190.3894,tp_gap_filled,25.1163,4555.37,4.972,226.5,5
PODD,2017-07-31,2017-08-01,2017-08-04,3-5%,-4.853,48.8688,51.2587,tp_gap_filled,93.6975,4578.89,4.89,223.92,3
MKC,2017-07-19,2017-07-20,2017-08-09,5-10%,-6.835,45.2952,48.5214,tp_gap_filled,98.6308,4467.51,7.123,318.2,14
CMCSA,2017-06-20,2017-06-21,2017-08-14,3-5%,-3.11,37.9948,39.1361,tp_gap_filled,114.8403,4363.34,3.004,131.06,37
NVDA,2017-08-11,2017-08-14,2017-08-15,3-5%,-4.613,3.9324,4.1144,tp_gap_filled,1155.3602,4543.37,4.627,210.22,1
TJX,2017-05-16,2017-05-17,2017-08-16,3-5%,-4.265,36.8468,35.7592,time_exit,113.1095,4167.72,-2.952,-123.02,63
AMCR,2017-07-13,2017-07-14,2017-08-18,2-3%,-2.253,60.8107,62.0879,tp_gap_filled,73.0587,4442.75,2.1,93.3,25
AZO,2017-05-23,2017-05-25,2017-08-24,5-10%,-7.958,607.617,511.1184,time_exit,7.0093,4258.99,-15.881,-676.39,63
LOW,2017-05-24,2017-05-25,2017-08-24,3-5%,-3.656,79.4093,72.5374,time_exit,53.7614,4269.16,-8.654,-369.45,63
SNPS,2017-08-17,2017-08-18,2017-08-25,2-3%,-2.997,76.7967,79.0109,tp_gap_filled,58.4436,4488.28,2.883,129.4,5
HRL,2017-05-25,2017-06-02,2017-08-31,3-5%,-3.814,34.084,30.7093,time_exit,126.4598,4310.26,-9.901,-426.78,63
HUBB,2017-04-25,2017-06-02,2017-08-31,2-3%,-2.74,118.3182,112.6772,time_exit,36.4303,4310.37,-4.768,-205.5,63
WYNN,2017-07-26,2017-07-27,2017-08-31,5-10%,-5.022,132.132,138.841,tp_gap_filled,34.5117,4560.1,5.078,231.54,25
CSCO,2017-08-17,2017-08-25,2017-08-31,2-3%,-2.628,31.5215,32.3077,tp_gap_filled,143.2471,4515.36,2.494,112.62,4
TKO,2017-07-28,2017-07-31,2017-09-01,3-5%,-4.979,20.8208,21.8681,tp_gap_filled,219.7791,4575.98,5.03,230.18,24
STX,2017-08-23,2017-08-24,2017-09-05,3-5%,-3.623,31.1511,32.2577,tp_gap_filled,144.5273,4502.19,3.552,159.93,7
WAT,2017-07-25,2017-08-03,2017-09-07,3-5%,-4.389,177.0669,184.825,tp_gap_filled,25.7239,4554.84,4.381,199.57,24
FERG,2017-06-08,2017-06-09,2017-09-08,2-3%,-2.308,67.1209,61.343,time_exit,64.6212,4337.44,-8.608,-373.37,63
DHR,2017-07-20,2017-07-21,2017-09-08,3-5%,-4.348,72.821,75.9789,tp_gap_filled,61.6215,4487.34,4.337,194.6,34
MAR,2017-08-08,2017-08-09,2017-09-11,3-5%,-4.917,101.0509,106.0638,tp_gap_filled,45.0879,4556.18,4.961,226.02,22
ALB,2017-08-08,2017-09-05,2017-09-11,3-5%,-3.209,119.2491,122.9569,tp_gap_filled,38.1399,4548.15,3.109,141.41,4
BLDR,2017-09-07,2017-09-08,2017-09-11,2-3%,-2.147,16.4264,16.7532,tp_gap_filled,277.4735,4557.89,1.99,90.68,1
CVNA,2017-08-09,2017-08-31,2017-09-12,3-5%,-4.784,3.6657,3.8422,tp_gap_filled,1245.1712,4564.38,4.815,219.76,7
FDS,2017-03-28,2017-06-15,2017-09-14,3-5%,-3.896,167.9177,161.3185,time_exit,25.7808,4329.06,-3.93,-170.13,63
COP,2017-06-20,2017-06-21,2017-09-14,2-3%,-2.049,45.4554,46.3136,tp_gap_filled,95.9302,4360.55,1.888,82.33,59
GLW,2017-08-15,2017-08-16,2017-09-15,3-5%,-3.026,28.5485,29.3806,tp_gap_filled,159.9282,4565.71,2.915,133.07,21
ON,2017-09-13,2017-09-14,2017-09-15,2-3%,-2.59,16.5665,16.973,tp_gap_filled,275.0087,4555.94,2.454,111.78,1
CMI,2017-08-01,2017-08-04,2017-09-18,3-5%,-4.777,160.0399,167.7321,tp_gap_filled,28.4842,4558.61,4.806,219.11,30
ITW,2017-07-24,2017-07-25,2017-09-19,2-3%,-2.607,143.5934,147.1427,tp_gap_filled,31.6356,4542.66,2.472,112.28,39
SCHW,2017-09-15,2017-09-18,2017-09-19,3-5%,-3.801,38.5085,39.95,tp_gap_filled,119.1673,4588.95,3.743,171.78,1
ETN,2017-08-01,2017-09-14,2017-09-21,3-5%,-3.527,75.5655,78.1718,tp_gap_filled,60.2899,4555.84,3.449,157.13,5
GDDY,2017-09-06,2017-09-07,2017-09-22,3-5%,-3.032,43.8538,45.1348,tp_gap_filled,104.0363,4562.39,2.921,133.27,11
GPC,2017-07-06,2017-07-07,2017-09-25,2-3%,-2.31,87.1871,89.0708,tp_gap_filled,50.1941,4376.28,2.161,94.55,55
BLK,2017-07-17,2017-07-19,2017-09-26,2-3%,-2.359,428.428,437.9017,tp_gap_filled,10.4617,4482.1,2.211,99.11,48
SHW,2017-07-20,2017-07-21,2017-09-26,2-3%,-2.121,117.4807,119.7868,tp_gap_filled,38.3578,4506.3,1.963,88.46,46
TER,2017-09-18,2017-09-19,2017-09-27,2-3%,-2.441,36.006,36.8331,tp_gap_filled,127.0079,4573.04,2.297,105.06,6
FISV,2017-08-02,2017-08-15,2017-09-29,3-5%,-3.659,62.3323,64.5704,tp_gap_filled,72.844,4540.53,3.591,163.03,32
BBY,2017-09-19,2017-09-27,2017-10-02,2-3%,-2.092,56.2062,57.2926,tp_gap_filled,82.1596,4617.88,1.933,89.27,3
SYK,2017-08-23,2017-08-31,2017-10-04,3-5%,-3.099,141.141,145.3645,tp_gap_filled,32.311,4560.41,2.992,136.46,23
NCLH,2017-09-15,2017-09-18,2017-10-05,2-3%,-2.027,56.6065,57.6623,tp_gap_filled,81.2177,4597.46,1.865,85.74,13
VTRS,2017-08-03,2017-10-04,2017-10-05,3-5%,-3.873,35.5255,36.8831,tp_gap_filled,131.2163,4661.52,3.821,178.14,1
PPG,2017-07-20,2017-09-21,2017-10-06,3-5%,-3.53,109.6996,113.4864,tp_gap_filled,41.6045,4564.0,3.452,157.55,11
PTC,2017-07-20,2017-07-21,2017-10-10,5-10%,-7.841,54.3543,58.8611,tp_gap_filled,82.5134,4484.96,8.291,371.87,56
OMC,2017-08-23,2017-08-24,2017-10-17,5-10%,-5.683,73.7637,78.0519,tp_gap_filled,61.0561,4503.72,5.813,261.82,37
CSX,2017-07-19,2017-09-22,2017-10-18,2-3%,-2.91,17.701,18.1951,tp_gap_filled,259.4488,4592.51,2.791,128.19,18
PM,2017-07-20,2017-07-21,2017-10-19,2-3%,-2.434,118.7787,108.0419,time_exit,37.8493,4495.69,-9.039,-406.38,63
ADBE,2017-09-20,2017-10-10,2017-10-19,2-3%,-2.944,152.142,156.4434,tp_gap_filled,30.4286,4629.46,2.827,130.89,7
GE,2017-07-21,2017-07-24,2017-10-20,3-5%,-4.908,121.7537,114.0896,time_exit,36.9011,4492.84,-6.295,-282.81,63
TYL,2017-10-17,2017-10-18,2017-10-20,3-5%,-4.499,171.6715,179.4004,tp_gap_filled,26.9621,4628.63,4.502,208.39,2
NDSN,2017-08-22,2017-09-20,2017-10-23,5-10%,-7.249,116.1661,124.9949,tp_gap_filled,39.3266,4568.41,7.6,347.21,23
DOV,2017-10-19,2017-10-20,2017-10-23,5-10%,-5.931,71.1696,75.506,tp_gap_filled,65.5201,4663.04,6.093,284.12,1
TFC,2017-10-19,2017-10-20,2017-10-23,3-5%,-4.125,44.6646,46.4935,tp_gap_filled,104.6715,4675.11,4.095,191.43,1
WAB,2017-07-25,2017-07-26,2017-10-24,10%+,-10.868,77.5775,80.6593,time_exit,58.5711,4543.8,3.972,180.5,63
WDC,2017-07-25,2017-07-26,2017-10-24,3-5%,-3.784,68.8821,66.3659,time_exit,65.8641,4536.86,-3.653,-165.73,63
ORLY,2017-07-05,2017-07-27,2017-10-25,5-10%,-9.441,13.32,13.5012,time_exit,342.2642,4558.95,1.36,62.01,63
WRB,2017-07-26,2017-07-27,2017-10-25,3-5%,-4.917,20.3611,20.8058,time_exit,223.8176,4557.17,2.184,99.55,63
AKAM,2017-07-26,2017-10-02,2017-10-25,5-10%,-6.25,50.0,53.2267,tp_gap_filled,93.1015,4655.07,6.454,300.42,17
CMG,2017-10-18,2017-10-19,2017-10-25,2-3%,-2.833,6.4058,5.6955,stop,724.3169,4639.83,-11.089,-514.51,4
ITW,2017-10-23,2017-10-24,2017-10-25,3-5%,-3.664,149.4994,154.875,tp_gap_filled,31.1834,4661.91,3.596,167.63,1
FFIV,2017-07-27,2017-07-28,2017-10-26,5-10%,-7.761,118.3682,123.926,time_exit,38.4916,4556.18,4.695,213.92,63
AMZN,2017-07-28,2017-07-31,2017-10-27,3-5%,-3.237,50.6576,52.2477,tp_gap_filled,90.3806,4578.46,3.139,143.71,63
REGN,2017-07-31,2017-08-01,2017-10-27,3-5%,-3.743,490.1597,411.3224,stop,9.3468,4581.42,-16.084,-736.88,62
TDG,2017-08-31,2017-09-01,2017-10-27,5-10%,-7.736,255.3751,276.2335,tp_gap_filled,17.9206,4576.47,8.168,373.79,39
LH,2017-09-25,2017-09-26,2017-10-27,3-5%,-3.508,128.6767,133.0884,tp_gap_filled,35.7357,4598.35,3.429,157.66,23
ORLY,2017-10-26,2017-10-27,2017-10-30,5-10%,-5.288,12.8128,13.5012,tp_gap_filled,359.6446,4608.05,5.372,247.56,1
TSCO,2017-10-26,2017-10-27,2017-10-30,5-10%,-5.214,10.991,11.5724,tp_gap_filled,421.0646,4627.91,5.29,244.82,1
HSIC,2017-08-08,2017-09-11,2017-11-06,3-5%,-3.694,69.4812,58.3058,stop,65.9657,4583.37,-16.084,-737.19,40
DPZ,2017-07-25,2017-10-06,2017-11-06,3-5%,-3.257,207.207,173.8798,stop,22.5577,4674.11,-16.084,-751.78,21
BKR,2017-10-20,2017-10-23,2017-11-06,3-5%,-3.439,32.042,33.1169,tp_gap_filled,145.3013,4655.75,3.354,156.18,10
CHTR,2017-10-26,2017-10-30,2017-11-06,5-10%,-6.642,322.322,344.5651,tp_gap_filled,14.3202,4615.71,6.901,318.52,5
CNP,2017-11-03,2017-11-06,2017-11-07,3-5%,-3.934,28.5986,29.7103,tp_gap_filled,164.1486,4694.42,3.887,182.48,1
TSCO,2017-11-03,2017-11-06,2017-11-07,2-3%,-2.95,11.5916,11.9201,tp_gap_filled,405.5143,4700.55,2.834,133.21,1
AXON,2017-10-18,2017-10-19,2017-11-08,2-3%,-2.046,23.9639,21.3066,stop,193.7175,4642.23,-11.089,-514.78,14
MGM,2017-10-02,2017-10-25,2017-11-08,3-5%,-3.805,31.3814,32.5574,tp_gap_filled,147.2319,4620.33,3.748,173.15,10
WDAY,2017-11-03,2017-11-06,2017-11-08,2-3%,-2.658,107.7677,110.4894,tp_gap_filled,43.6592,4705.04,2.526,118.83,2
HIG,2017-10-23,2017-10-24,2017-11-15,3-5%,-4.426,54.044,56.4335,tp_gap_filled,86.2169,4659.5,4.421,206.02,16
FTNT,2017-07-27,2017-10-17,2017-11-16,2-3%,-2.538,7.9179,8.1079,tp_gap_filled,583.8756,4623.07,2.399,110.92,22
TMUS,2017-11-06,2017-11-08,2017-11-16,3-5%,-4.6,56.2562,58.8511,tp_gap_filled,82.8442,4660.5,4.613,214.97,6
KR,2017-09-08,2017-09-11,2017-11-17,5-10%,-6.236,21.3714,22.7472,tp_gap_filled,214.4738,4583.6,6.438,295.09,49
NKE,2017-08-18,2017-10-25,2017-11-17,3-5%,-4.542,54.9048,57.4025,tp_gap_filled,84.2053,4623.28,4.549,210.32,17
TJX,2017-11-14,2017-11-15,2017-11-17,3-5%,-4.466,33.8338,35.3446,tp_gap_filled,137.1754,4641.17,4.465,207.25,2
CNC,2017-10-24,2017-10-27,2017-11-22,3-5%,-4.949,46.6166,48.946,tp_gap_filled,99.4752,4637.19,4.997,231.72,18
BBY,2017-11-16,2017-11-17,2017-11-24,3-5%,-3.072,55.5955,57.2427,tp_gap_filled,85.2803,4741.2,2.963,140.47,4
GIS,2017-09-20,2017-09-21,2017-11-29,5-10%,-6.555,51.8017,55.3246,tp_gap_filled,88.1115,4564.33,6.801,310.41,48
CVNA,2017-09-22,2017-09-25,2017-11-29,5-10%,-5.592,3.1772,3.3586,tp_gap_filled,1446.5582,4595.97,5.711,262.5,46
OMC,2017-10-24,2017-10-25,2017-11-29,3-5%,-3.041,70.8608,72.937,tp_gap_filled,65.1745,4618.32,2.93,135.32,24
SJM,2017-08-24,2017-11-16,2017-11-29,5-10%,-5.343,112.6125,118.7311,tp_gap_filled,41.8194,4709.39,5.433,255.88,8
TGT,2017-11-15,2017-11-17,2017-11-29,5-10%,-6.374,56.3163,60.0299,tp_gap_filled,84.1009,4736.25,6.594,312.32,7
HPE,2017-11-22,2017-11-24,2017-11-29,5-10%,-6.516,13.2132,14.1059,tp_gap_filled,359.4988,4750.13,6.756,320.92,3
VEEV,2017-08-25,2017-08-31,2017-11-30,5-10%,-9.413,58.5685,60.1498,time_exit,77.8266,4558.19,2.7,123.07,63
ULTA,2017-08-25,2017-08-31,2017-11-30,5-10%,-7.817,215.6554,221.4883,time_exit,21.1476,4560.6,2.705,123.35,63
KDP,2017-10-25,2017-10-26,2017-11-30,5-10%,-8.929,81.7817,89.6203,tp_gap_filled,56.3773,4610.63,9.585,441.92,24
CMI,2017-11-17,2017-11-22,2017-11-30,2-3%,-2.471,163.163,166.9629,tp_gap_filled,29.1393,4754.46,2.329,110.73,5
WBD,2017-11-02,2017-11-29,2017-11-30,3-5%,-3.392,18.5285,19.1408,tp_gap_filled,261.8665,4852.0,3.305,160.35,1
MPC,2017-11-15,2017-11-16,2017-12-01,3-5%,-3.849,60.5105,62.8071,tp_gap_filled,77.9207,4715.02,3.796,178.96,10
DGX,2017-09-25,2017-09-26,2017-12-04,5-10%,-6.503,95.5655,102.0079,tp_gap_filled,48.1385,4600.38,6.741,310.13,48
NCLH,2017-11-30,2017-12-01,2017-12-04,2-3%,-2.333,54.054,55.2347,tp_gap_filled,90.0858,4869.5,2.184,106.37,1
ULTA,2017-12-01,2017-12-04,2017-12-05,5-10%,-6.152,208.2781,221.4883,tp_gap_filled,23.3502,4863.34,6.343,308.46,1
EBAY,2017-11-09,2017-12-05,2017-12-07,2-3%,-2.026,36.2963,36.973,tp_gap_filled,134.0154,4864.26,1.864,90.69,2
STLD,2017-12-05,2017-12-06,2017-12-07,3-5%,-3.167,38.5685,39.7502,tp_gap_filled,125.724,4848.99,3.064,148.57,1
NVDA,2017-12-05,2017-12-06,2017-12-07,2-3%,-2.282,4.5646,4.6618,tp_gap_filled,1062.5035,4849.86,2.131,103.35,1
EFX,2017-09-08,2017-09-11,2017-12-08,10%+,-14.644,121.9418,117.2826,time_exit,37.6763,4594.32,-3.821,-175.54,63
COR,2017-08-03,2017-09-11,2017-12-08,5-10%,-7.845,84.1941,86.6133,time_exit,54.4366,4583.24,2.873,131.69,63
CF,2017-11-07,2017-11-08,2017-12-08,3-5%,-3.749,37.7777,39.1708,tp_gap_filled,123.2113,4654.64,3.687,171.64,21
EIX,2017-12-06,2017-12-07,2017-12-08,2-3%,-2.2,68.5285,69.93,tp_gap_filled,71.2375,4881.79,2.045,99.84,1
CIEN,2017-08-31,2017-09-12,2017-12-11,5-10%,-8.694,22.1822,21.7482,time_exit,207.6214,4605.49,-1.956,-90.09,63
BIIB,2017-10-24,2017-10-25,2017-12-11,2-3%,-2.907,319.319,328.2214,tp_gap_filled,14.4559,4616.03,2.788,128.69,32
NRG,2017-11-29,2017-11-30,2017-12-11,2-3%,-2.252,28.2382,28.8311,tp_gap_filled,172.7343,4877.71,2.1,102.42,7
STT,2017-10-23,2017-10-24,2017-12-13,2-3%,-2.189,97.0469,99.0209,tp_gap_filled,48.1332,4671.18,2.034,95.01,35
CVNA,2017-12-08,2017-12-11,2017-12-13,5-10%,-5.495,4.1662,4.3996,tp_gap_filled,1179.7184,4914.9,5.603,275.39,2
LHX,2017-12-11,2017-12-12,2017-12-13,3-5%,-3.609,138.2181,143.1068,tp_gap_filled,35.5476,4913.32,3.537,173.78,1
LOW,2017-12-06,2017-12-07,2017-12-14,3-5%,-3.256,83.5835,86.2237,tp_gap_filled,58.4051,4881.7,3.159,154.2,5
LITE,2017-12-13,2017-12-14,2017-12-15,10%+,-11.884,45.6456,51.6982,tp_gap_filled,107.4471,4904.49,13.26,650.34,1
LEN,2017-12-05,2017-12-06,2017-12-21,2-3%,-2.286,59.6336,60.9071,tp_gap_filled,81.3581,4851.68,2.135,103.61,11
CVS,2017-12-04,2017-12-08,2017-12-21,2-3%,-2.889,73.0229,75.0449,tp_gap_filled,67.282,4913.13,2.769,136.04,9
RL,2017-12-13,2017-12-14,2017-12-21,3-5%,-3.974,96.2562,100.0399,tp_gap_filled,51.1489,4923.39,3.931,193.53,5
FERG,2017-12-07,2017-12-20,2017-12-22,2-3%,-2.051,75.7356,77.1667,tp_gap_filled,65.5172,4961.98,1.89,93.76,2
DXCM,2017-09-28,2017-09-29,2017-12-29,10%+,-29.02,11.9845,14.3332,time_exit,385.3649,4618.39,19.598,905.1,63
UAL,2017-10-19,2017-12-21,2017-12-29,2-3%,-2.353,66.4564,67.922,tp_gap_filled,74.4123,4945.17,2.205,109.06,5
BIIB,2017-12-21,2017-12-22,2018-01-02,3-5%,-4.114,320.0697,333.1365,tp_gap_filled,15.4754,4953.2,4.082,202.21,5
JBHT,2017-12-28,2017-12-29,2018-01-02,3-5%,-3.542,111.4914,115.3545,tp_gap_filled,44.4708,4958.11,3.465,171.8,1
MU,2017-12-26,2018-01-02,2018-01-03,2-3%,-2.108,43.2332,44.0759,tp_gap_filled,115.722,5003.03,1.949,97.52,1
GPC,2017-10-19,2017-11-30,2018-01-04,5-10%,-5.824,92.4223,97.942,tp_gap_filled,52.7659,4876.74,5.972,291.25,23
CSX,2017-12-15,2017-12-18,2018-01-04,5-10%,-9.196,17.364,19.0842,tp_gap_filled,285.3855,4955.44,9.907,490.92,11
TKO,2017-12-22,2017-12-26,2018-01-04,5-10%,-7.813,29.4094,31.8381,tp_gap_filled,168.5284,4956.31,8.258,409.31,6
CME,2017-12-27,2017-12-28,2018-01-04,2-3%,-2.155,145.8757,148.7911,tp_gap_filled,34.1381,4979.92,1.999,99.52,4
CASY,2017-12-12,2018-01-03,2018-01-04,5-10%,-5.567,114.6145,121.1288,tp_gap_filled,43.9855,5041.38,5.684,286.53,1
NVR,2018-01-02,2018-01-03,2018-01-04,2-3%,-2.8,3413.41,3504.7118,tp_gap_filled,1.4793,5049.58,2.675,135.07,1
BKNG,2017-08-09,2017-10-05,2018-01-05,5-10%,-6.759,76.4968,72.8687,time_exit,61.3345,4691.9,-4.743,-222.53,63
DOC,2017-10-02,2017-10-05,2018-01-05,2-3%,-2.048,27.2873,24.985,time_exit,171.9361,4691.67,-8.437,-395.84,63
PHM,2017-12-05,2017-12-08,2018-01-05,2-3%,-2.033,33.7737,34.4056,tp_gap_filled,145.4764,4913.28,1.871,91.91,18
PAYX,2017-12-21,2017-12-22,2018-01-05,2-3%,-2.63,67.4474,69.1308,tp_gap_filled,73.4337,4952.91,2.496,123.62,8
AAPL,2017-12-26,2017-12-28,2018-01-05,2-3%,-2.406,42.7427,43.7087,tp_gap_filled,116.5067,4979.81,2.26,112.55,5
SRE,2018-01-03,2018-01-04,2018-01-05,2-3%,-2.24,51.5465,52.6223,tp_gap_filled,98.3446,5069.32,2.087,105.8,1
VEEV,2017-12-06,2017-12-07,2018-01-08,5-10%,-5.228,54.8047,57.7122,tp_gap_filled,89.0352,4879.55,5.305,258.87,20
SNPS,2017-12-12,2017-12-13,2018-01-08,2-3%,-2.367,87.5274,89.4704,tp_gap_filled,56.2124,4920.13,2.22,109.22,16
DXCM,2018-01-04,2018-01-08,2018-01-10,5-10%,-7.059,13.5085,14.5055,tp_gap_filled,379.5881,5127.66,7.38,378.44,2
ZBRA,2017-11-07,2017-11-08,2018-01-11,3-5%,-4.482,110.7106,115.6742,tp_gap_filled,42.0953,4660.4,4.483,208.94,43
DPZ,2018-01-10,2018-01-11,2018-01-12,3-5%,-3.972,198.6985,206.5033,tp_gap_filled,25.826,5131.59,3.928,201.57,1
FAST,2018-01-10,2018-01-11,2018-01-12,3-5%,-3.215,13.4084,13.8262,tp_gap_filled,383.4308,5141.19,3.116,160.18,1
TRMB,2018-01-10,2018-01-11,2018-01-12,3-5%,-3.08,41.5815,42.8171,tp_gap_filled,123.7531,5145.85,2.972,152.91,1
GWW,2018-01-10,2018-01-11,2018-01-12,2-3%,-2.861,230.7305,237.0527,tp_gap_filled,22.3276,5151.66,2.74,141.16,1
MU,2018-01-10,2018-01-11,2018-01-12,2-3%,-2.374,41.992,42.927,tp_gap_filled,122.8059,5156.86,2.227,114.83,1
MOS,2018-01-10,2018-01-11,2018-01-12,2-3%,-2.03,25.6056,26.0839,tp_gap_filled,201.5282,5160.25,1.868,96.39,1
NKE,2017-12-22,2017-12-26,2018-01-16,5-10%,-5.512,61.2612,64.7052,tp_gap_filled,80.9212,4957.33,5.622,278.69,13
WYNN,2018-01-02,2018-01-03,2018-01-16,2-3%,-2.064,165.2751,168.4214,tp_gap_filled,30.5972,5056.95,1.904,96.27,8
GILD,2017-10-26,2018-01-09,2018-01-16,2-3%,-2.003,78.3683,79.8101,tp_gap_filled,65.4548,5129.58,1.84,94.37,4
JBHT,2018-01-11,2018-01-12,2018-01-16,2-3%,-2.29,117.4774,119.9899,tp_gap_filled,44.0307,5172.61,2.139,110.63,1
MRK,2017-10-27,2018-01-16,2018-01-17,2-3%,-2.323,57.8345,59.0916,tp_gap_filled,89.3347,5166.63,2.174,112.3,1
GE,2017-10-20,2017-10-23,2018-01-19,5-10%,-6.107,106.2107,78.5173,stop,43.8246,4654.64,-26.074,-1213.65,60
COO,2017-12-08,2017-12-11,2018-01-19,3-5%,-4.736,56.9294,59.6403,tp_gap_filled,86.311,4913.63,4.762,233.98,26
MTD,2017-11-03,2018-01-09,2018-01-22,3-5%,-3.343,649.7992,670.9284,tp_gap_filled,7.8923,5128.44,3.252,166.76,8
KEY,2018-01-18,2018-01-19,2018-01-22,2-3%,-2.822,20.6807,21.2387,tp_gap_filled,251.1964,5194.91,2.699,140.19,1
PEG,2018-01-04,2018-01-05,2018-01-23,5-10%,-5.4,48.048,50.6893,tp_gap_filled,106.2694,5106.03,5.497,280.69,11
META,2018-01-12,2018-01-16,2018-01-23,5-10%,-5.171,178.2381,187.5822,tp_gap_filled,28.9864,5166.48,5.243,270.85,5
BNY,2018-01-18,2018-01-19,2018-01-23,3-5%,-4.284,55.4654,57.8321,tp_gap_filled,93.4851,5185.19,4.267,221.25,2
JCI,2018-01-18,2018-01-19,2018-01-23,2-3%,-2.049,38.7587,39.4905,tp_gap_filled,134.1355,5198.92,1.888,98.15,2
ALLE,2017-10-26,2017-10-27,2018-01-24,5-10%,-6.671,80.8007,86.4035,tp_gap_filled,57.0419,4609.03,6.934,319.59,59
HSIC,2017-11-06,2017-11-07,2018-01-24,5-10%,-9.84,54.9569,60.8332,tp_gap_filled,84.6335,4651.19,10.693,497.34,52
FAST,2018-01-17,2018-01-18,2018-01-24,3-5%,-4.762,13.2132,13.8461,tp_gap_filled,390.8542,5164.44,4.79,247.39,4
GE,2018-01-22,2018-01-23,2018-01-24,2-3%,-2.214,76.276,77.8471,tp_gap_filled,68.6351,5235.21,2.06,107.84,1
AXP,2018-01-19,2018-01-22,2018-01-25,2-3%,-2.854,97.107,99.7601,tp_gap_filled,53.6464,5209.44,2.732,142.33,3
APO,2018-01-23,2018-01-24,2018-01-25,2-3%,-2.712,33.7537,34.6253,tp_gap_filled,155.3919,5245.05,2.582,135.44,1
ORCL,2017-09-15,2017-10-25,2018-01-26,3-5%,-4.054,50.7007,52.6972,time_exit,91.1897,4623.38,3.938,182.07,63
FDS,2017-12-19,2017-12-20,2018-01-26,5-10%,-9.124,186.2361,204.5253,tp_gap_filled,26.602,4954.25,9.82,486.53,24
GEN,2018-01-18,2018-01-19,2018-01-26,3-5%,-3.743,26.5165,27.4925,tp_gap_filled,195.6803,5188.75,3.681,190.98,5
INTC,2018-01-03,2018-01-22,2018-01-26,2-3%,-2.946,45.5155,46.8031,tp_gap_filled,114.4346,5208.54,2.829,147.35,4
LLY,2018-01-22,2018-01-23,2018-01-26,2-3%,-2.62,83.3332,85.4045,tp_gap_filled,62.7952,5232.93,2.486,130.07,3
FTNT,2018-01-23,2018-01-24,2018-01-26,3-5%,-3.402,8.8669,9.1608,tp_gap_filled,591.1277,5241.45,3.315,173.78,2
GD,2018-01-24,2018-01-25,2018-01-26,2-3%,-2.164,203.193,207.2725,tp_gap_filled,25.7781,5237.92,2.008,105.16,1
AIG,2017-11-03,2017-11-06,2018-01-29,3-5%,-4.448,62.1521,64.915,tp_gap_filled,75.5174,4693.56,4.445,208.65,56
MGM,2018-01-25,2018-01-26,2018-01-29,2-3%,-2.046,36.8969,37.5924,tp_gap_filled,143.3216,5288.12,1.885,99.68,1
EXPE,2017-10-27,2017-10-30,2018-01-31,10%+,-16.457,123.2231,127.882,time_exit,37.4887,4619.47,3.781,174.66,63
ARE,2018-01-04,2018-01-05,2018-01-31,3-5%,-3.062,125.4854,129.1907,tp_gap_filled,40.7358,5111.74,2.953,150.94,17
TSCO,2018-01-25,2018-01-26,2018-02-01,2-3%,-2.305,15.7798,14.0299,stop,335.0916,5287.67,-11.089,-586.35,4
JBL,2018-01-22,2018-01-23,2018-02-06,2-3%,-2.045,26.8568,23.8787,stop,195.3279,5245.89,-11.089,-581.72,10
ADI,2018-01-24,2018-01-25,2018-02-06,2-3%,-2.166,94.4744,83.9981,stop,55.4916,5242.53,-11.089,-581.34,8
HSY,2018-01-10,2018-01-25,2018-02-06,2-3%,-2.144,111.4513,99.0925,stop,47.1773,5257.97,-11.089,-583.06,8
ISRG,2018-01-26,2018-01-29,2018-02-06,2-3%,-2.654,146.1026,129.9013,stop,36.0363,5264.99,-11.089,-583.84,6
ANET,2018-02-05,2018-02-06,2018-02-07,2-3%,-2.914,16.611,17.0754,tp_gap_filled,301.6065,5009.98,2.796,140.08,1
EIX,2017-12-12,2017-12-13,2018-02-08,3-5%,-4.522,69.7497,58.5311,stop,70.5381,4920.01,-16.084,-791.33,38
TDG,2018-02-06,2018-02-07,2018-02-08,5-10%,-6.69,277.277,296.5631,tp_gap_filled,18.0346,5000.57,6.956,347.82,1
SWKS,2017-11-07,2017-11-08,2018-02-09,5-10%,-5.553,109.9799,102.5374,time_exit,42.3352,4656.03,-6.767,-315.08,63
IBM,2018-01-19,2018-01-23,2018-02-09,2-3%,-2.755,157.3848,139.9324,stop,33.2384,5231.21,-11.089,-580.09,13
TPR,2018-02-08,2018-02-09,2018-02-12,2-3%,-2.675,48.8088,50.0499,tp_gap_filled,100.1208,4886.77,2.543,124.26,1
BAC,2018-02-05,2018-02-06,2018-02-14,2-3%,-2.598,31.1511,31.9181,tp_gap_filled,160.9614,5014.13,2.462,123.45,6
CFG,2018-02-05,2018-02-06,2018-02-15,2-3%,-2.043,45.1251,45.974,tp_gap_filled,111.122,5014.39,1.881,94.33,7
NVDA,2018-02-01,2018-02-09,2018-02-15,2-3%,-2.962,5.969,6.1389,tp_gap_filled,819.4612,4891.33,2.846,139.22,4
FSLR,2018-02-05,2018-02-06,2018-02-16,3-5%,-3.657,64.074,66.3736,tp_gap_filled,78.2146,5011.53,3.589,179.86,8
CMG,2018-02-07,2018-02-14,2018-02-16,10%+,-10.084,5.4783,6.0805,tp_gap_filled,914.7311,5011.15,10.993,550.89,2
BG,2018-02-14,2018-02-15,2018-02-16,3-5%,-4.176,76.2662,79.4305,tp_gap_filled,66.4131,5065.07,4.149,210.15,1
CDNS,2018-02-07,2018-02-08,2018-02-20,3-5%,-4.219,37.9479,39.5404,tp_gap_filled,128.0376,4858.76,4.197,203.9,7
AMCR,2017-11-16,2017-11-17,2018-02-21,5-10%,-5.643,56.9068,54.4455,time_exit,83.3179,4741.36,-4.325,-205.07,63
IFF,2018-02-15,2018-02-16,2018-02-23,3-5%,-4.087,139.0689,144.7052,tp_gap_filled,36.678,5100.78,4.053,206.73,4
CDW,2018-02-07,2018-02-08,2018-02-26,3-5%,-3.372,70.8408,73.1668,tp_gap_filled,68.5191,4853.95,3.283,159.37,11
HRL,2018-02-22,2018-02-23,2018-02-26,2-3%,-2.356,31.9419,32.6473,tp_gap_filled,160.3503,5121.9,2.208,113.11,1
CHRW,2018-01-31,2018-02-01,2018-02-27,3-5%,-3.15,92.0319,94.8351,tp_gap_filled,56.7211,5220.16,3.046,159.0,17
NTAP,2018-02-15,2018-02-16,2018-02-27,10%+,-10.01,54.6246,60.5794,tp_gap_filled,93.2722,5094.96,10.901,555.42,6
MCHP,2018-02-07,2018-02-27,2018-03-02,3-5%,-4.754,43.8188,45.914,tp_gap_filled,116.7318,5115.05,4.782,244.58,3
PAYX,2018-03-01,2018-03-02,2018-03-05,2-3%,-2.272,63.7137,65.0649,tp_gap_filled,79.5627,5069.23,2.121,107.51,1
WDC,2017-11-27,2018-01-25,2018-03-06,3-5%,-4.818,66.8166,70.0584,tp_gap_filled,78.5782,5250.33,4.852,254.74,27
SW,2018-01-26,2018-01-29,2018-03-06,3-5%,-3.275,36.066,37.2128,tp_gap_filled,145.9869,5265.17,3.18,167.41,25
ADSK,2017-11-29,2018-01-12,2018-03-07,10%+,-12.251,114.144,129.82,tp_gap_filled,45.2931,5169.94,13.734,710.02,36
MCO,2018-03-05,2018-03-06,2018-03-07,3-5%,-3.109,161.9117,166.7731,tp_gap_filled,31.9647,5175.46,3.002,155.39,1
STZ,2018-01-05,2018-01-09,2018-03-08,2-3%,-2.365,220.6704,225.5642,tp_gap_filled,23.2405,5128.49,2.218,113.73,40
WYNN,2018-01-29,2018-01-30,2018-03-08,5-10%,-5.136,171.201,180.1097,tp_gap_filled,30.5668,5233.07,5.204,272.31,26
AXON,2018-03-06,2018-03-07,2018-03-08,2-3%,-2.038,37.5375,38.2417,tp_gap_filled,138.6664,5205.19,1.876,97.65,1
TROW,2018-01-30,2018-02-27,2018-03-09,2-3%,-2.169,115.115,117.4325,tp_gap_filled,44.4496,5116.82,2.013,103.01,8
MCD,2018-03-02,2018-03-05,2018-03-09,3-5%,-4.361,149.0589,155.5443,tp_gap_filled,34.45,5135.08,4.351,223.42,4
CVNA,2018-03-07,2018-03-08,2018-03-12,10%+,-13.014,3.253,3.7323,tp_gap_filled,1608.8685,5233.73,14.731,770.99,2
SBUX,2018-01-26,2018-01-29,2018-03-13,3-5%,-4.31,57.9979,60.4894,tp_gap_filled,90.8331,5268.13,4.296,226.31,30
DG,2018-03-07,2018-03-08,2018-03-15,3-5%,-4.131,89.6696,93.3466,tp_gap_filled,58.4376,5240.07,4.101,214.87,5
IRM,2017-12-12,2017-12-13,2018-03-16,5-10%,-5.749,38.3984,32.4875,time_exit,128.1372,4920.26,-15.394,-757.4,63
CRL,2017-11-09,2017-12-15,2018-03-20,5-10%,-8.319,108.108,110.3296,time_exit,45.6624,4936.47,2.055,101.44,63
LII,2018-03-16,2018-03-19,2018-03-21,3-5%,-3.599,204.0338,211.2286,tp_gap_filled,25.6684,5237.23,3.526,184.68,2
PCG,2017-12-21,2017-12-22,2018-03-27,10%+,-15.728,43.1231,43.8961,time_exit,114.7337,4947.67,1.792,88.69,63
TSLA,2018-03-13,2018-03-14,2018-03-28,3-5%,-4.891,21.9292,18.4021,stop,242.4032,5315.72,-16.084,-854.98,10
AMD,2017-10-25,2018-01-23,2018-04-02,5-10%,-9.123,12.9629,9.583,stop,403.5747,5231.52,-26.074,-1364.07,47
TSLA,2018-04-02,2018-04-03,2018-04-04,3-5%,-3.709,17.1011,17.7243,tp_gap_filled,295.3162,5050.23,3.644,184.03,1
PCAR,2018-03-19,2018-03-20,2018-04-05,2-3%,-2.687,43.9906,45.1148,tp_gap_filled,119.0179,5235.67,2.556,133.8,11
D,2018-01-03,2018-01-04,2018-04-06,3-5%,-4.086,77.077,66.1538,time_exit,65.7766,5069.86,-14.172,-718.49,63
BA,2018-04-04,2018-04-05,2018-04-06,5-10%,-5.598,312.6123,330.4892,tp_gap_filled,16.4499,5142.43,5.719,294.07,1
TSLA,2018-04-04,2018-04-05,2018-04-06,5-10%,-5.513,16.8689,17.8175,tp_gap_filled,305.621,5155.48,5.624,289.93,1
OXY,2018-02-14,2018-02-15,2018-04-10,3-5%,-4.446,66.6866,69.6503,tp_gap_filled,75.8493,5058.14,4.444,224.79,36
ON,2018-04-06,2018-04-09,2018-04-10,3-5%,-3.84,23.3133,24.1958,tp_gap_filled,217.2803,5065.52,3.785,191.75,1
BKR,2018-02-02,2018-04-11,2018-04-13,2-3%,-2.003,31.8318,32.4176,tp_gap_filled,159.885,5089.43,1.84,93.65,2
KHC,2018-02-16,2018-02-20,2018-04-20,3-5%,-3.81,70.0099,58.7495,stop,72.6162,5083.86,-16.084,-817.69,42
HAS,2018-03-09,2018-03-12,2018-04-23,2-3%,-2.463,91.1711,81.0611,stop,58.4843,5332.08,-11.089,-591.27,29
SHW,2018-01-25,2018-01-26,2018-04-24,2-3%,-2.406,139.823,124.318,stop,37.8042,5285.9,-11.089,-586.15,60
VICI,2018-01-23,2018-01-24,2018-04-25,5-10%,-8.656,21.021,18.022,time_exit,249.3516,5241.62,-14.267,-747.82,63
DE,2018-03-22,2018-03-27,2018-04-25,2-3%,-2.727,153.8937,136.8285,stop,32.811,5049.4,-11.089,-559.93,20
HAS,2018-04-23,2018-04-24,2018-04-25,3-5%,-4.299,79.3292,82.7272,tp_gap_filled,63.5602,5042.18,4.283,215.97,1
TXN,2018-01-24,2018-01-25,2018-04-26,5-10%,-7.298,111.2511,102.6173,time_exit,47.2561,5257.29,-7.761,-408.0,63
DAL,2018-01-24,2018-01-25,2018-04-26,5-10%,-5.823,56.4964,53.0769,time_exit,93.0246,5255.56,-6.053,-318.1,63
LUV,2018-01-24,2018-01-25,2018-04-26,3-5%,-4.03,62.6926,52.6091,stop,83.7342,5249.52,-16.084,-844.33,63
UNP,2018-01-25,2018-01-26,2018-04-27,3-5%,-4.689,134.7046,135.0648,time_exit,39.2453,5286.52,0.267,14.14,63
ROST,2018-03-07,2018-03-08,2018-04-27,3-5%,-4.77,76.7467,80.4295,tp_gap_filled,68.299,5241.72,4.799,251.53,35
APD,2018-01-26,2018-01-29,2018-04-30,5-10%,-5.615,164.3942,162.1277,time_exit,32.0327,5265.99,-1.379,-72.6,63
CL,2018-01-26,2018-01-29,2018-04-30,3-5%,-4.488,73.9138,65.1648,time_exit,71.2779,5268.42,-11.837,-623.61,63
JCI,2018-04-05,2018-04-06,2018-05-01,2-3%,-2.4,34.1942,34.965,tp_gap_filled,148.248,5069.22,2.254,114.28,17
CVS,2018-01-30,2018-01-31,2018-05-02,5-10%,-6.146,78.5685,65.8741,time_exit,66.865,5253.49,-16.157,-848.81,63
UNH,2018-01-30,2018-01-31,2018-05-02,5-10%,-5.873,233.1129,233.2265,time_exit,22.5374,5253.76,0.049,2.56,63
LYV,2018-04-02,2018-04-23,2018-05-04,5-10%,-5.505,39.8598,42.0979,tp_gap_filled,128.3094,5114.39,5.615,287.16,9
EW,2018-04-25,2018-04-26,2018-05-04,5-10%,-7.916,41.378,44.8451,tp_gap_filled,122.7644,5079.74,8.379,425.64,6
TSLA,2018-05-03,2018-05-04,2018-05-07,5-10%,-7.425,18.6046,20.0566,tp_gap_filled,272.1705,5063.62,7.805,395.19,1
DECK,2018-03-12,2018-04-11,2018-05-09,2-3%,-2.051,15.9326,16.2338,tp_gap_filled,319.4525,5089.7,1.89,96.21,20
DOV,2018-04-27,2018-04-30,2018-05-09,5-10%,-6.406,71.2343,75.9579,tp_gap_filled,70.8716,5048.49,6.631,334.77,7
STLD,2018-04-19,2018-04-20,2018-05-10,2-3%,-2.748,46.046,47.2527,tp_gap_filled,111.5458,5136.24,2.621,134.6,14
ALGN,2018-04-19,2018-04-26,2018-05-10,3-5%,-4.053,266.0858,276.7729,tp_gap_filled,19.1187,5087.21,4.016,204.32,10
STX,2018-05-01,2018-05-02,2018-05-10,10%+,-10.33,51.9619,57.8321,tp_gap_filled,96.8352,5031.74,11.297,568.44,6
EXPD,2018-05-09,2018-05-10,2018-05-11,3-5%,-3.679,67.087,69.5104,tp_gap_filled,77.2556,5182.85,3.612,187.22,1
EXPE,2018-02-09,2018-02-12,2018-05-14,10%+,-14.655,105.105,114.5254,time_exit,47.0975,4950.18,8.963,443.68,63
AIG,2018-05-03,2018-05-04,2018-05-17,5-10%,-7.385,50.8408,54.7852,tp_gap_filled,99.7763,5072.7,7.758,393.55,9
OMC,2018-02-15,2018-02-16,2018-05-18,3-5%,-4.977,78.7387,74.885,time_exit,64.7816,5100.82,-4.894,-249.64,63
GOOGL,2018-02-02,2018-02-21,2018-05-22,3-5%,-4.585,56.4274,53.7117,time_exit,89.45,5047.43,-4.813,-242.91,63
HUBB,2018-04-25,2018-04-26,2018-05-22,3-5%,-3.676,105.4353,109.2406,tp_gap_filled,48.2122,5083.27,3.609,183.46,18
ANET,2018-02-16,2018-02-26,2018-05-25,10%+,-16.223,16.1411,15.9684,time_exit,320.5209,5173.57,-1.07,-55.36,63
PYPL,2018-02-01,2018-02-26,2018-05-25,5-10%,-6.294,80.0299,80.879,time_exit,64.6587,5174.63,1.061,54.9,63
NTAP,2018-05-24,2018-05-25,2018-05-29,3-5%,-4.177,64.064,66.7232,tp_gap_filled,80.6884,5169.22,4.151,214.57,1
BKR,2018-05-25,2018-05-29,2018-05-30,2-3%,-2.719,34.7347,35.6343,tp_gap_filled,148.072,5143.24,2.59,133.21,1
ROST,2018-05-25,2018-05-30,2018-06-04,3-5%,-4.556,79.2592,82.877,tp_gap_filled,65.8373,5218.21,4.565,238.19,3
CVNA,2018-04-24,2018-04-25,2018-06-05,5-10%,-6.142,5.6296,5.986,tp_gap_filled,899.9469,5066.36,6.331,320.73,28
DLTR,2018-03-07,2018-03-08,2018-06-07,10%+,-13.521,90.3402,81.878,time_exit,57.9126,5231.84,-9.367,-490.07,63
MDLZ,2018-03-07,2018-03-08,2018-06-07,3-5%,-4.542,43.5435,39.2807,time_exit,120.299,5238.24,-9.79,-512.81,63
MNST,2018-03-01,2018-03-09,2018-06-08,5-10%,-9.342,14.3769,13.8561,time_exit,369.7017,5315.15,-3.622,-192.52,63
UAL,2018-01-24,2018-03-09,2018-06-08,5-10%,-8.388,71.5014,69.92,time_exit,74.3601,5316.85,-2.212,-117.59,63
DAL,2018-06-06,2018-06-07,2018-06-11,2-3%,-2.689,53.2532,54.6153,tp_gap_filled,98.8528,5264.23,2.558,134.65,2
SJM,2018-06-07,2018-06-08,2018-06-11,5-10%,-7.041,99.119,106.4135,tp_gap_filled,53.4409,5297.01,7.359,389.82,1
CHRW,2018-05-02,2018-05-09,2018-06-12,5-10%,-6.784,84.5845,90.5594,tp_gap_filled,60.5228,5119.29,7.064,361.61,23
DG,2018-05-31,2018-06-04,2018-06-12,5-10%,-5.947,90.8708,96.4235,tp_gap_filled,57.2914,5206.11,6.111,318.12,6
WAT,2018-04-24,2018-04-25,2018-06-13,5-10%,-8.163,192.6825,209.3904,tp_gap_filled,26.2985,5067.26,8.671,439.39,34
AVGO,2018-06-08,2018-06-11,2018-06-13,2-3%,-3.0,25.6997,26.4415,tp_gap_filled,207.2621,5326.57,2.887,153.76,2
COR,2018-05-03,2018-06-13,2018-06-14,3-5%,-3.179,89.3392,92.0878,tp_gap_filled,59.5219,5317.65,3.077,163.6,1
EQIX,2018-02-15,2018-03-16,2018-06-15,3-5%,-4.029,418.6883,398.3612,time_exit,12.681,5309.4,-4.855,-257.77,63
CHTR,2018-04-27,2018-05-01,2018-06-15,5-10%,-7.718,275.4152,297.8518,tp_gap_filled,18.4379,5078.07,8.146,413.68,32
SWKS,2018-06-08,2018-06-11,2018-06-15,3-5%,-3.337,99.1691,102.3875,tp_gap_filled,53.7031,5325.69,3.245,172.84,4
CPAY,2018-05-04,2018-05-07,2018-06-18,3-5%,-3.303,203.6935,210.2296,tp_gap_filled,25.0349,5099.44,3.209,163.63,29
BBY,2018-05-24,2018-05-25,2018-06-18,5-10%,-6.662,70.9609,75.874,tp_gap_filled,72.9321,5175.33,6.924,358.33,15
REGN,2018-04-27,2018-06-07,2018-06-19,2-3%,-2.151,317.317,323.646,tp_gap_filled,16.592,5264.91,1.995,105.01,8
ORCL,2018-03-20,2018-03-21,2018-06-20,5-10%,-9.913,46.8468,42.7772,time_exit,111.4147,5219.42,-8.687,-453.42,63
LITE,2018-06-15,2018-06-18,2018-06-21,2-3%,-2.286,57.7577,58.9909,tp_gap_filled,92.6772,5352.82,2.135,114.29,3
PCG,2018-06-11,2018-06-12,2018-06-22,5-10%,-7.407,38.4184,41.4086,tp_gap_filled,138.968,5338.93,7.783,415.54,8
AMCR,2018-06-15,2018-06-18,2018-06-27,3-5%,-4.064,50.8007,52.8471,tp_gap_filled,105.3144,5350.05,4.028,215.51,7
BEN,2018-03-28,2018-03-29,2018-06-28,5-10%,-8.03,34.6246,31.7682,time_exit,147.3228,5100.99,-8.25,-420.81,63
GILD,2018-05-02,2018-05-18,2018-07-05,5-10%,-5.926,68.3283,72.4874,tp_gap_filled,76.2396,5209.32,6.087,317.09,32
BIIB,2018-06-18,2018-06-19,2018-07-06,3-5%,-3.6,294.344,304.725,tp_gap_filled,18.0981,5327.08,3.527,187.88,12
LDOS,2018-06-18,2018-06-19,2018-07-06,2-3%,-2.476,58.7487,60.1198,tp_gap_filled,90.6521,5325.69,2.334,124.3,12
INCY,2018-04-06,2018-04-09,2018-07-09,10%+,-20.561,66.056,71.5484,time_exit,76.7122,5067.3,8.315,421.33,63
BSX,2018-06-13,2018-06-14,2018-07-09,5-10%,-6.413,31.7017,33.8062,tp_gap_filled,168.6522,5346.56,6.638,354.93,16
ORCL,2018-06-20,2018-06-21,2018-07-09,5-10%,-5.965,43.5535,46.2237,tp_gap_filled,121.8122,5305.35,6.131,325.27,11
DGX,2018-06-27,2018-06-28,2018-07-10,2-3%,-2.222,109.6696,111.938,tp_gap_filled,47.3818,5196.34,2.068,107.48,7
CTSH,2018-05-07,2018-06-13,2018-07-12,3-5%,-4.186,78.8087,82.0878,tp_gap_filled,67.4979,5319.42,4.161,221.33,20
AMCR,2018-07-03,2018-07-05,2018-07-12,3-5%,-3.333,50.8007,52.4475,tp_gap_filled,103.6142,5263.68,3.242,170.63,5
ACGL,2018-04-09,2018-04-13,2018-07-13,3-5%,-4.344,27.2606,28.4016,time_exit,187.5681,5113.21,4.186,214.02,63
ADBE,2018-06-15,2018-06-18,2018-07-13,2-3%,-2.642,251.5313,257.8419,tp_gap_filled,21.2692,5349.87,2.509,134.22,18
ODFL,2018-06-21,2018-06-22,2018-07-16,2-3%,-2.03,53.3066,47.3954,stop,99.5764,5308.08,-11.089,-588.61,15
MU,2018-06-25,2018-07-10,2018-07-16,2-3%,-2.732,55.5955,57.0429,tp_gap_filled,96.7566,5379.24,2.603,140.04,4
INCY,2018-07-13,2018-07-16,2018-07-17,2-3%,-2.474,69.4494,71.0689,tp_gap_filled,77.6276,5391.19,2.332,125.72,1
WFC,2018-07-13,2018-07-16,2018-07-17,2-3%,-2.302,54.7947,55.974,tp_gap_filled,98.42,5392.9,2.152,116.06,1
RCL,2018-06-25,2018-07-10,2018-07-18,2-3%,-2.178,109.2291,111.4385,tp_gap_filled,49.2515,5379.7,2.023,108.81,6
AMP,2018-07-11,2018-07-12,2018-07-18,3-5%,-4.578,138.3382,144.6852,tp_gap_filled,38.8056,5368.3,4.588,246.3,4
TSLA,2018-07-16,2018-07-17,2018-07-18,2-3%,-2.245,20.8014,21.2367,tp_gap_filled,260.1919,5412.37,2.093,113.26,1
INTC,2018-06-25,2018-07-06,2018-07-23,2-3%,-2.533,51.2212,52.4475,tp_gap_filled,103.709,5312.09,2.394,127.18,11
HAS,2018-07-16,2018-07-17,2018-07-23,2-3%,-2.145,94.5444,96.4235,tp_gap_filled,57.3121,5418.54,1.987,107.69,4
TRV,2018-04-24,2018-04-25,2018-07-25,3-5%,-3.709,132.2721,126.1537,time_exit,38.353,5073.03,-4.626,-234.66,63
UHS,2018-04-26,2018-04-27,2018-07-26,5-10%,-7.375,113.153,121.918,tp_gap_filled,45.1388,5107.59,7.746,395.64,62
TRMB,2018-05-08,2018-05-09,2018-07-26,5-10%,-8.471,32.6626,35.6144,tp_gap_filled,156.5282,5112.62,9.037,462.03,54
XEL,2018-07-16,2018-07-17,2018-07-26,2-3%,-2.55,45.1351,46.2237,tp_gap_filled,119.8507,5409.47,2.412,130.47,7
GNRC,2018-07-17,2018-07-18,2018-07-26,3-5%,-3.303,50.7007,52.3276,tp_gap_filled,106.9595,5422.92,3.209,174.02,6
UNH,2018-07-17,2018-07-18,2018-07-26,2-3%,-2.113,251.8016,256.723,tp_gap_filled,21.5612,5429.14,1.955,106.11,6
ALLE,2018-04-26,2018-04-27,2018-07-27,5-10%,-9.069,75.5755,81.5184,time_exit,67.5154,5102.51,7.864,401.24,63
BSX,2018-07-25,2018-07-26,2018-07-27,3-5%,-3.873,32.3023,33.5364,tp_gap_filled,167.8082,5420.59,3.821,207.1,1
TEL,2018-07-25,2018-07-26,2018-07-27,3-5%,-3.383,90.9108,93.906,tp_gap_filled,59.7501,5431.93,3.295,178.96,1
NSC,2018-07-25,2018-07-26,2018-07-27,2-3%,-2.324,156.9067,160.3195,tp_gap_filled,34.68,5441.52,2.175,118.35,1
FLEX,2018-04-27,2018-04-30,2018-07-30,10%+,-19.231,10.1382,10.5245,time_exit,498.5255,5054.17,3.81,192.56,63
WYNN,2018-07-02,2018-07-09,2018-07-31,3-5%,-4.823,159.4293,167.1727,tp_gap_filled,33.625,5360.81,4.857,260.37,16
KLAC,2018-06-22,2018-07-18,2018-07-31,2-3%,-2.901,10.7217,11.02,tp_gap_filled,505.8945,5424.05,2.782,150.89,9
TPR,2018-05-01,2018-05-02,2018-08-01,10%+,-12.832,46.9169,46.4235,time_exit,107.2898,5033.7,-1.052,-52.93,63
WELL,2018-07-27,2018-07-31,2018-08-03,3-5%,-3.172,62.3323,64.2457,tp_gap_filled,86.8877,5415.91,3.07,166.25,3
AZO,2018-02-27,2018-05-22,2018-08-08,3-5%,-3.717,709.2585,735.1641,tp_gap_filled,7.3447,5209.27,3.652,190.27,54
LITE,2018-07-20,2018-07-23,2018-08-08,5-10%,-5.471,56.2062,59.3406,tp_gap_filled,95.8173,5385.52,5.577,300.33,12
CNC,2018-07-24,2018-07-26,2018-08-08,2-3%,-2.292,66.5665,67.9919,tp_gap_filled,81.9656,5456.16,2.141,116.84,9
DECK,2018-07-27,2018-07-31,2018-08-08,5-10%,-5.896,18.7187,19.8518,tp_gap_filled,289.2868,5415.07,6.053,327.79,6
CAH,2018-05-03,2018-05-10,2018-08-09,10%+,-16.643,53.9439,49.3206,time_exit,96.0297,5180.22,-8.57,-443.97,63
MGM,2018-04-26,2018-05-10,2018-08-09,5-10%,-5.689,33.3533,29.0809,time_exit,155.3897,5182.76,-12.81,-663.89,63
AES,2018-08-07,2018-08-08,2018-08-09,3-5%,-3.98,13.2833,13.8062,tp_gap_filled,411.8288,5470.43,3.937,215.35,1
CVNA,2018-08-07,2018-08-08,2018-08-09,3-5%,-3.518,9.0591,9.3706,tp_gap_filled,604.8742,5479.59,3.439,188.46,1
ABBV,2018-03-22,2018-05-11,2018-08-10,5-10%,-7.345,104.2942,95.7042,time_exit,49.8956,5203.82,-8.236,-428.6,63
STE,2018-08-08,2018-08-09,2018-08-10,2-3%,-2.398,112.8628,115.4045,tp_gap_filled,48.4839,5472.03,2.252,123.23,1
GEN,2018-05-11,2018-05-14,2018-08-13,10%+,-31.391,20.04,18.7912,time_exit,259.5327,5201.04,-6.232,-324.11,63
VTRS,2018-08-08,2018-08-09,2018-08-13,5-10%,-5.293,36.5365,38.5015,tp_gap_filled,149.8962,5476.68,5.378,294.54,2
SW,2018-05-16,2018-05-17,2018-08-16,5-10%,-5.118,40.08,40.3296,time_exit,129.7806,5201.61,0.623,32.39,63
FITB,2018-05-21,2018-05-22,2018-08-21,5-10%,-6.019,31.5715,30.0399,time_exit,164.9436,5207.52,-4.851,-252.63,63
INVH,2018-08-10,2018-08-13,2018-08-28,3-5%,-4.452,22.7727,23.7862,tp_gap_filled,237.3496,5405.1,4.45,240.54,11
NDSN,2018-05-22,2018-06-05,2018-08-29,5-10%,-6.095,131.2411,139.4804,tp_gap_filled,39.7834,5221.22,6.278,327.79,60
LVS,2018-07-02,2018-07-09,2018-09-06,3-5%,-4.662,72.8728,61.1519,stop,73.5746,5361.59,-16.084,-862.36,42
LRCX,2018-06-07,2018-07-27,2018-09-06,3-5%,-3.682,19.2452,16.1498,stop,280.681,5401.77,-16.084,-868.82,28
MMM,2018-04-24,2018-06-08,2018-09-07,3-5%,-4.345,172.8315,177.5564,time_exit,30.6834,5303.07,2.734,144.98,63
PSKY,2018-09-06,2018-09-07,2018-09-10,2-3%,-2.738,51.5515,52.8971,tp_gap_filled,104.7539,5400.22,2.61,140.95,1
FERG,2018-06-11,2018-06-12,2018-09-11,3-5%,-3.596,79.8398,79.8201,time_exit,66.9211,5342.96,-0.025,-1.32,63
AMD,2018-09-07,2018-09-10,2018-09-11,3-5%,-3.161,26.987,27.8122,tp_gap_filled,200.2267,5403.51,3.058,165.23,1
SYK,2018-07-25,2018-07-26,2018-09-12,2-3%,-2.556,168.6685,172.7471,tp_gap_filled,32.2443,5438.6,2.418,131.51,33
CRL,2018-08-08,2018-08-09,2018-09-12,2-3%,-2.702,125.0749,128.2916,tp_gap_filled,43.7887,5476.87,2.572,140.85,23
BAX,2018-07-26,2018-07-27,2018-09-13,5-10%,-7.189,71.081,76.4335,tp_gap_filled,75.9721,5400.18,7.53,406.64,33
T,2018-06-13,2018-06-15,2018-09-14,3-5%,-3.93,24.9494,25.3523,time_exit,215.8156,5384.47,1.615,86.95,63
CCL,2018-06-25,2018-06-27,2018-09-14,5-10%,-5.257,60.2502,63.4665,tp_gap_filled,86.1116,5188.24,5.338,276.96,55
TDG,2018-08-07,2018-08-08,2018-09-14,3-5%,-4.024,354.5041,368.631,tp_gap_filled,15.4269,5468.89,3.985,217.93,26
PODD,2018-09-12,2018-09-13,2018-09-14,5-10%,-5.368,102.3422,107.932,tp_gap_filled,53.2095,5445.58,5.462,297.43,1
APA,2018-08-09,2018-09-12,2018-09-17,2-3%,-2.189,45.1651,46.0839,tp_gap_filled,120.3886,5437.37,2.034,110.61,3
TAP,2018-05-02,2018-06-20,2018-09-19,5-10%,-5.078,68.108,64.2157,time_exit,78.2552,5329.81,-5.715,-304.59,63
XOM,2018-07-27,2018-07-30,2018-09-19,3-5%,-3.882,81.051,84.1558,tp_gap_filled,66.2352,5368.43,3.831,205.65,36
HAL,2018-09-05,2018-09-12,2018-09-19,3-5%,-3.242,38.2382,39.4405,tp_gap_filled,142.2053,5437.68,3.144,170.98,5
GL,2018-09-10,2018-09-14,2018-09-20,3-5%,-3.394,85.4754,88.3016,tp_gap_filled,63.967,5467.61,3.306,180.78,4
AZO,2018-09-18,2018-09-19,2018-09-20,5-10%,-5.019,710.71,746.7725,tp_gap_filled,7.7093,5479.09,5.074,278.02,1
ORCL,2018-09-18,2018-09-19,2018-09-20,3-5%,-3.396,47.5575,49.1308,tp_gap_filled,115.4452,5490.29,3.308,181.63,1
SBUX,2018-06-20,2018-09-07,2018-09-21,3-5%,-4.527,54.8848,57.3726,tp_gap_filled,98.3933,5400.3,4.533,244.78,10
LYB,2018-09-19,2018-09-20,2018-09-21,2-3%,-2.37,99.7797,101.9979,tp_gap_filled,55.5367,5541.44,2.223,123.19,1
BBY,2018-08-28,2018-08-29,2018-09-24,5-10%,-5.094,77.5775,81.5783,tp_gap_filled,71.1683,5521.06,5.157,284.73,17
WDAY,2018-09-05,2018-09-14,2018-09-24,2-3%,-2.355,153.153,136.1699,stop,35.7063,5468.52,-11.089,-606.4,6
FTNT,2018-09-20,2018-09-21,2018-09-24,2-3%,-2.132,16.8168,17.1488,tp_gap_filled,329.133,5534.96,1.974,109.28,1
FANG,2018-08-15,2018-08-21,2018-09-25,5-10%,-8.007,123.163,133.6162,tp_gap_filled,44.1989,5443.66,8.487,462.02,24
AVGO,2018-07-11,2018-09-20,2018-10-01,2-3%,-2.239,24.5195,25.0309,tp_gap_filled,226.3568,5550.16,2.086,115.77,7
ON,2018-08-09,2018-08-10,2018-10-04,3-5%,-4.55,21.4214,17.976,stop,253.6982,5434.57,-16.084,-874.1,38
STZ,2018-08-15,2018-08-16,2018-10-04,5-10%,-5.892,208.9487,221.5882,tp_gap_filled,25.8194,5394.92,6.049,326.34,34
MCK,2018-06-28,2018-07-09,2018-10-05,3-5%,-4.369,138.4783,133.9459,time_exit,38.7258,5362.69,-3.273,-175.52,63
GE,2018-09-20,2018-10-01,2018-10-05,2-3%,-2.1,60.3971,61.5691,tp_gap_filled,90.1015,5441.87,1.94,105.6,4
PPG,2018-09-24,2018-09-25,2018-10-09,2-3%,-2.569,113.113,100.5699,stop,48.2319,5455.66,-11.089,-604.98,10
TKO,2018-10-05,2018-10-08,2018-10-09,2-3%,-2.26,88.7387,90.6093,tp_gap_filled,60.2597,5347.36,2.108,112.72,1
AOS,2018-07-11,2018-07-12,2018-10-10,3-5%,-4.903,58.4384,49.0392,stop,91.7918,5364.16,-16.084,-862.77,63
MCHP,2018-08-10,2018-08-13,2018-10-10,5-10%,-9.869,44.2442,32.708,stop,122.2324,5408.07,-26.074,-1410.1,41
PPL,2018-09-07,2018-09-12,2018-10-10,2-3%,-2.038,30.3203,30.8891,tp_gap_filled,179.3263,5437.23,1.876,102.0,20
FDX,2018-09-18,2018-09-21,2018-10-10,2-3%,-2.342,201.4422,179.1043,stop,27.4865,5536.93,-11.089,-613.99,13
LRCX,2018-09-11,2018-09-14,2018-10-11,2-3%,-2.797,15.5155,13.795,stop,352.5839,5470.52,-11.089,-606.63,19
NDSN,2018-09-21,2018-09-24,2018-10-11,2-3%,-2.374,141.9919,126.2464,stop,38.8384,5514.74,-11.089,-611.53,13
XYZ,2018-10-09,2018-10-10,2018-10-11,2-3%,-2.754,83.7737,74.484,stop,61.464,5149.06,-11.089,-570.98,1
STX,2018-09-04,2018-09-10,2018-10-12,3-5%,-4.296,51.2912,43.0416,stop,105.4182,5407.03,-16.084,-869.67,24
JCI,2018-09-11,2018-09-12,2018-10-12,2-3%,-2.344,37.5375,33.375,stop,144.8474,5437.21,-11.089,-602.93,22
ANET,2018-10-11,2018-10-12,2018-10-15,3-5%,-3.472,13.6355,14.0978,tp_gap_filled,371.5364,5066.08,3.39,171.75,1
NFLX,2018-07-17,2018-07-18,2018-10-16,10%+,-13.366,34.7297,34.6054,time_exit,155.7304,5408.47,-0.358,-19.36,63
TER,2018-10-10,2018-10-11,2018-10-16,2-3%,-2.265,33.2632,33.966,tp_gap_filled,151.3943,5035.86,2.113,106.4,3
XYZ,2018-10-11,2018-10-12,2018-10-16,5-10%,-6.572,72.4324,77.3725,tp_gap_filled,69.8928,5062.5,6.82,345.28,2
TXN,2018-10-10,2018-10-11,2018-10-17,2-3%,-2.246,100.6606,102.7671,tp_gap_filled,49.9974,5032.77,2.093,105.32,4
AXON,2018-10-15,2018-10-16,2018-10-17,2-3%,-2.905,57.2072,58.8011,tp_gap_filled,90.5239,5178.61,2.786,144.29,1
CBOE,2018-10-15,2018-10-16,2018-10-17,2-3%,-2.377,97.8277,100.0099,tp_gap_filled,53.0604,5190.78,2.231,115.79,1
CLX,2018-10-10,2018-10-11,2018-10-18,2-3%,-2.216,147.117,150.1497,tp_gap_filled,34.1965,5030.88,2.061,103.71,5
CHD,2018-10-10,2018-10-15,2018-10-18,3-5%,-3.837,57.1971,59.3606,tp_gap_filled,88.9779,5089.28,3.782,192.5,3
EG,2018-07-20,2018-07-23,2018-10-19,3-5%,-3.756,225.7255,215.9638,time_exit,23.8332,5379.76,-4.325,-232.65,63
DGX,2018-07-24,2018-07-25,2018-10-23,5-10%,-7.903,105.9158,95.1248,time_exit,51.0097,5402.73,-10.188,-550.45,63
VTRS,2018-10-09,2018-10-10,2018-10-24,2-3%,-2.294,34.5345,30.705,stop,148.7239,5136.11,-11.089,-569.54,10
META,2018-07-26,2018-07-27,2018-10-25,10%+,-19.591,175.0649,150.799,time_exit,30.8491,5400.59,-13.861,-748.58,63
BIIB,2018-07-26,2018-07-27,2018-10-25,10%+,-11.289,340.8405,298.1715,time_exit,15.8444,5400.41,-12.519,-676.06,63
INTC,2018-07-27,2018-08-01,2018-10-30,5-10%,-6.518,48.8088,47.7122,time_exit,110.6312,5399.77,-2.247,-121.31,63
CMCSA,2018-09-24,2018-09-25,2018-10-31,5-10%,-5.145,33.7263,35.4846,tp_gap_filled,161.8506,5458.62,5.214,284.59,26
WAT,2018-10-08,2018-10-16,2018-10-31,2-3%,-2.192,186.7165,190.5193,tp_gap_filled,27.8473,5199.56,2.037,105.9,11
DPZ,2018-10-16,2018-10-17,2018-10-31,2-3%,-2.982,265.0648,272.6671,tp_gap_filled,19.6344,5204.4,2.868,149.27,10
MLM,2018-10-17,2018-10-18,2018-10-31,3-5%,-3.686,165.5554,171.5483,tp_gap_filled,31.1668,5159.82,3.62,186.78,9
CTSH,2018-08-02,2018-08-03,2018-11-01,5-10%,-8.089,75.5254,68.7112,time_exit,71.8685,5427.9,-9.022,-489.73,63
ECL,2018-10-30,2018-10-31,2018-11-01,5-10%,-6.045,137.8377,146.4134,tp_gap_filled,37.3032,5141.79,6.222,319.9,1
COST,2018-10-05,2018-10-09,2018-11-02,2-3%,-2.883,225.225,231.4483,tp_gap_filled,23.4126,5273.1,2.763,145.7,18
TDG,2018-10-10,2018-10-11,2018-11-02,5-10%,-5.754,331.331,350.8588,tp_gap_filled,15.229,5045.83,5.894,297.39,16
HAS,2018-10-22,2018-10-23,2018-11-02,5-10%,-7.752,90.5304,97.942,tp_gap_filled,56.3261,5099.22,8.187,417.46,8
STX,2018-10-23,2018-10-24,2018-11-02,5-10%,-7.592,40.3303,43.5564,tp_gap_filled,122.8845,4955.97,7.999,396.44,7
CB,2018-10-24,2018-10-25,2018-11-02,3-5%,-4.868,120.7006,126.6232,tp_gap_filled,41.9373,5061.85,4.907,248.38,6
FSLR,2018-10-26,2018-10-31,2018-11-05,5-10%,-6.365,40.7907,43.4765,tp_gap_filled,125.9489,5137.55,6.584,338.26,3
EXPD,2018-08-07,2018-08-08,2018-11-06,5-10%,-8.866,70.6906,71.3686,time_exit,77.2654,5461.94,0.959,52.38,63
AMCR,2018-08-08,2018-08-09,2018-11-07,3-5%,-4.505,53.053,47.9021,time_exit,103.2373,5477.05,-9.709,-531.77,63
KR,2018-09-13,2018-09-14,2018-11-07,5-10%,-9.833,28.6386,31.6983,tp_gap_filled,191.1038,5472.95,10.684,584.71,38
MRSH,2018-09-18,2018-09-19,2018-11-07,2-3%,-2.701,84.3743,86.5434,tp_gap_filled,65.156,5497.49,2.571,141.33,35
DVA,2018-10-17,2018-10-18,2018-11-07,3-5%,-3.777,67.8378,70.3596,tp_gap_filled,76.0197,5157.01,3.717,191.71,14
RVTY,2018-11-01,2018-11-02,2018-11-07,5-10%,-7.493,80.08,86.3935,tp_gap_filled,65.6958,5260.92,7.884,414.77,3
BKNG,2018-08-09,2018-08-10,2018-11-08,5-10%,-6.553,76.5164,79.0253,time_exit,71.0437,5436.01,3.279,178.24,63
IDXX,2018-11-01,2018-11-02,2018-11-08,5-10%,-7.185,197.0769,211.9079,tp_gap_filled,26.7341,5268.67,7.525,396.49,4
FISV,2018-11-01,2018-11-02,2018-11-08,5-10%,-6.57,74.1641,79.2207,tp_gap_filled,71.1349,5275.65,6.818,359.7,4
COR,2018-11-06,2018-11-07,2018-11-08,5-10%,-5.714,83.5835,88.4714,tp_gap_filled,64.6626,5404.73,5.848,316.07,1
BDX,2018-11-06,2018-11-07,2018-11-08,3-5%,-4.745,173.5589,181.8398,tp_gap_filled,31.1695,5409.75,4.771,258.11,1
MNST,2018-11-08,2018-11-09,2018-11-12,10%+,-11.179,12.4274,13.9635,tp_gap_filled,429.9233,5342.84,12.361,660.41,1
TRGP,2018-10-23,2018-11-08,2018-11-13,2-3%,-2.436,54.9249,48.8343,stop,98.1636,5391.62,-11.089,-597.88,3
FAST,2018-10-10,2018-10-11,2018-11-14,5-10%,-5.284,13.1882,13.8961,tp_gap_filled,382.2098,5040.65,5.368,270.57,24
TTD,2018-11-09,2018-11-12,2018-11-15,5-10%,-8.903,11.1431,12.2078,tp_gap_filled,471.8546,5257.94,9.554,502.36,3
ECHO,2018-11-08,2018-11-13,2018-11-16,3-5%,-3.826,32.8286,34.0664,tp_gap_filled,160.5098,5269.31,3.771,198.68,3
AVGO,2018-11-09,2018-11-15,2018-11-19,2-3%,-2.185,23.5235,24.001,tp_gap_filled,226.3566,5324.7,2.03,108.08,2
SW,2018-10-04,2018-10-05,2018-11-20,5-10%,-8.072,37.6176,27.8092,stop,142.5374,5361.91,-26.074,-1398.06,32
URI,2018-10-18,2018-11-07,2018-11-20,3-5%,-4.848,132.4323,111.1319,stop,40.8606,5411.26,-16.084,-870.35,9
RL,2018-11-06,2018-11-08,2018-11-20,3-5%,-4.788,130.3802,109.4099,stop,41.3524,5391.53,-16.084,-867.17,8
ALGN,2018-11-20,2018-11-21,2018-11-23,5-10%,-7.533,189.219,204.2256,tp_gap_filled,27.8217,5264.39,7.931,417.51,1
FSLR,2018-11-20,2018-11-23,2018-11-26,2-3%,-2.139,43.043,43.8961,tp_gap_filled,122.367,5267.04,1.982,104.39,1
KMB,2018-10-10,2018-10-11,2018-11-27,2-3%,-2.121,111.8017,113.9959,tp_gap_filled,44.9479,5025.26,1.963,98.62,32
EBAY,2018-07-19,2018-08-29,2018-11-28,5-10%,-7.325,35.2052,29.7302,time_exit,156.8661,5522.5,-15.551,-858.83,63
BLK,2018-10-16,2018-10-17,2018-11-28,3-5%,-3.968,410.41,426.5131,tp_gap_filled,12.6795,5203.79,3.924,204.18,29
NTRS,2018-10-17,2018-10-18,2018-11-28,5-10%,-6.762,92.7527,99.2806,tp_gap_filled,55.5924,5156.34,7.038,362.9,28
WAB,2018-10-30,2018-10-31,2018-11-28,3-5%,-4.075,86.4864,89.9799,tp_gap_filled,59.6721,5160.83,4.039,208.47,19
WYNN,2018-11-08,2018-11-09,2018-11-28,10%+,-13.808,98.3482,113.876,tp_gap_filled,54.3262,5342.89,15.789,843.56,12
TSCO,2018-11-20,2018-11-27,2018-11-28,2-3%,-2.103,18.0821,18.4335,tp_gap_filled,295.8443,5349.48,1.944,103.98,1
EOG,2018-11-23,2018-11-26,2018-11-29,3-5%,-4.123,101.7316,105.894,tp_gap_filled,52.5816,5349.22,4.092,218.86,3
DXCM,2018-11-27,2018-11-28,2018-11-29,2-3%,-2.619,30.7032,31.466,tp_gap_filled,177.5288,5450.7,2.485,135.42,1
UNP,2018-11-20,2018-11-28,2018-11-29,2-3%,-2.078,147.6575,150.4894,tp_gap_filled,36.9334,5453.49,1.918,104.59,1
PPG,2018-10-09,2018-10-10,2018-11-30,5-10%,-8.679,100.1701,109.4704,tp_gap_filled,51.413,5150.04,9.285,478.16,36
LUV,2018-10-25,2018-11-01,2018-11-30,5-10%,-6.631,51.021,54.5354,tp_gap_filled,102.6785,5238.76,6.888,360.86,20
CSGP,2018-10-24,2018-10-25,2018-12-03,2-3%,-2.145,37.4875,38.2327,tp_gap_filled,135.1391,5066.02,1.988,100.72,26
GWW,2018-10-16,2018-10-31,2018-12-03,5-10%,-8.808,290.29,317.692,tp_gap_filled,17.7108,5141.28,9.44,485.31,22
BAX,2018-10-31,2018-11-01,2018-12-03,5-10%,-8.535,62.8628,68.5913,tp_gap_filled,83.3272,5238.18,9.113,477.34,21
SNA,2018-10-18,2018-11-02,2018-12-03,5-10%,-5.12,159.149,167.4024,tp_gap_filled,33.1614,5277.61,5.186,273.7,20
ATO,2018-11-29,2018-11-30,2018-12-03,2-3%,-2.991,94.8047,97.5324,tp_gap_filled,57.7746,5477.3,2.877,157.59,1
NI,2018-09-14,2018-09-17,2018-12-17,5-10%,-9.117,25.5455,26.6134,time_exit,212.7355,5434.44,4.18,227.17,63
PKG,2018-10-09,2018-11-08,2018-12-17,2-3%,-2.496,98.9488,87.9764,stop,54.5136,5394.05,-11.089,-598.15,25
GS,2018-11-30,2018-12-03,2018-12-17,2-3%,-2.197,190.7606,169.6071,stop,29.1626,5563.07,-11.089,-616.89,9
FCX,2018-12-14,2018-12-17,2018-12-18,2-3%,-2.564,10.6506,10.9091,tp_gap_filled,473.5808,5043.94,2.427,122.39,1
WY,2018-10-26,2018-11-02,2018-12-19,3-5%,-4.076,27.7978,23.3268,stop,189.7822,5275.52,-16.084,-848.51,31
CPRT,2018-09-19,2018-09-20,2018-12-20,10%+,-15.023,13.6461,11.7033,time_exit,405.6982,5536.21,-14.237,-788.21,63
CRH,2018-11-30,2018-12-03,2018-12-20,2-3%,-2.049,27.7477,24.6708,stop,200.518,5563.92,-11.089,-616.98,12
AAPL,2018-11-02,2018-11-07,2018-12-21,5-10%,-5.702,52.4399,38.7667,stop,103.1867,5411.1,-26.074,-1410.89,30
WAT,2018-11-30,2018-12-03,2018-12-21,2-3%,-2.531,198.5383,176.5224,stop,28.0062,5560.3,-11.089,-616.58,13
WDAY,2018-12-14,2018-12-17,2018-12-21,2-3%,-2.199,161.191,143.3166,stop,31.2857,5042.98,-11.089,-559.22,4
VEEV,2018-12-17,2018-12-19,2018-12-21,2-3%,-2.068,89.5895,79.6549,stop,55.899,5007.96,-11.089,-555.33,2
RTX,2018-11-27,2018-12-03,2018-12-24,3-5%,-3.368,77.9066,65.3761,stop,71.375,5560.59,-16.084,-894.36,14
TRGP,2018-12-20,2018-12-21,2018-12-26,2-3%,-2.561,38.088,33.8645,stop,126.1644,4805.36,-11.089,-532.87,2
IBKR,2018-12-21,2018-12-24,2018-12-26,5-10%,-5.647,12.7527,13.489,tp_gap_filled,367.6245,4688.22,5.773,270.67,1
JBL,2018-09-25,2018-09-26,2018-12-27,5-10%,-9.408,27.2772,24.2757,time_exit,199.8172,5450.46,-11.004,-599.76,63
UPS,2018-12-19,2018-12-20,2018-12-27,3-5%,-3.67,93.8037,97.1827,tp_gap_filled,52.4313,4918.25,3.602,177.17,4
TTD,2018-12-24,2018-12-26,2018-12-27,2-3%,-2.694,10.3784,10.6443,tp_gap_filled,470.8681,4886.84,2.563,125.24,1
BAC,2018-12-24,2018-12-26,2018-12-27,2-3%,-2.61,22.7828,23.3466,tp_gap_filled,214.9815,4897.87,2.475,121.22,1
IR,2018-12-19,2018-12-21,2018-12-28,2-3%,-2.913,20.02,20.5794,tp_gap_filled,240.3805,4812.42,2.794,134.47,4
NOC,2018-12-21,2018-12-27,2018-12-28,2-3%,-2.192,238.5183,243.3764,tp_gap_filled,20.623,4918.97,2.037,100.19,1
RTX,2018-12-27,2018-12-28,2018-12-31,3-5%,-3.217,64.6335,66.6482,tp_gap_filled,76.2599,4928.94,3.117,153.64,1
CRH,2018-12-27,2018-12-28,2018-12-31,3-5%,-3.085,25.1551,25.9041,tp_gap_filled,196.1096,4933.16,2.977,146.87,1
IBKR,2018-12-27,2018-12-28,2018-12-31,3-5%,-3.021,13.0931,13.474,tp_gap_filled,377.3479,4940.65,2.909,143.74,1
HAL,2018-12-21,2018-12-26,2019-01-02,3-5%,-3.095,26.3263,27.1129,tp_gap_filled,185.6015,4886.2,2.988,145.99,4
TRGP,2018-12-27,2018-12-31,2019-01-02,2-3%,-2.057,35.7457,36.4235,tp_gap_filled,139.5426,4988.05,1.896,94.59,1
DVN,2018-12-20,2019-01-02,2019-01-03,2-3%,-2.222,23.3433,23.8262,tp_gap_filled,215.5511,5031.68,2.068,104.07,1
TTD,2019-01-02,2019-01-03,2019-01-04,3-5%,-3.619,11.1972,11.5944,tp_gap_filled,440.0424,4927.24,3.547,174.79,1
WY,2019-01-02,2019-01-03,2019-01-04,3-5%,-3.477,21.1211,21.8381,tp_gap_filled,233.1176,4923.7,3.395,167.15,1
IBKR,2019-01-02,2019-01-03,2019-01-04,3-5%,-3.147,13.2457,13.6488,tp_gap_filled,372.3878,4932.55,3.043,150.11,1
MU,2018-12-19,2018-12-20,2019-01-07,5-10%,-7.183,31.6917,34.0759,tp_gap_filled,155.258,4920.38,7.523,370.17,10
TSLA,2019-01-02,2019-01-03,2019-01-07,5-10%,-8.023,20.4271,22.1645,tp_gap_filled,241.3699,4930.48,8.505,419.36,2
ROST,2018-11-20,2018-11-21,2019-01-08,5-10%,-7.446,84.4844,91.0988,tp_gap_filled,62.6029,5288.97,7.829,414.08,30
MTD,2019-01-03,2019-01-04,2019-01-08,3-5%,-3.677,526.486,545.4939,tp_gap_filled,9.6812,5097.04,3.61,184.02,2
NCLH,2018-12-20,2019-01-07,2019-01-08,3-5%,-3.21,43.7637,45.1248,tp_gap_filled,117.9431,5161.63,3.11,160.53,1
IBKR,2019-01-04,2019-01-07,2019-01-08,2-3%,-2.783,12.7627,13.1019,tp_gap_filled,404.4126,5161.42,2.657,137.15,1
SMCI,2018-10-04,2018-10-08,2019-01-09,10%+,-29.159,1.5175,1.5514,time_exit,3527.0553,5352.36,2.236,119.68,63
CNC,2018-12-17,2018-12-18,2019-01-16,5-10%,-6.532,59.6596,63.7012,tp_gap_filled,84.9225,5066.44,6.774,343.23,19
NDSN,2018-11-27,2018-11-28,2019-01-17,3-5%,-3.283,120.9208,124.7751,tp_gap_filled,45.0731,5450.28,3.187,173.73,33
WYNN,2019-01-14,2019-01-16,2019-01-17,2-3%,-2.88,110.3903,113.4365,tp_gap_filled,47.7884,5275.38,2.759,145.57,1
SW,2018-12-04,2019-01-04,2019-01-18,5-10%,-6.167,26.8068,28.5115,tp_gap_filled,189.9644,5092.34,6.359,323.83,10
CCL,2018-12-20,2019-01-08,2019-01-18,5-10%,-5.199,52.2022,54.955,tp_gap_filled,99.9054,5215.27,5.273,275.02,8
ACN,2018-12-20,2019-01-08,2019-01-18,3-5%,-3.286,146.146,150.809,tp_gap_filled,35.6785,5214.27,3.191,166.37,8
ICE,2019-01-07,2019-01-08,2019-01-18,3-5%,-3.106,73.3933,75.5943,tp_gap_filled,71.0292,5213.07,2.999,156.34,8
FISV,2019-01-16,2019-01-17,2019-01-18,5-10%,-5.983,70.6206,74.965,tp_gap_filled,75.4084,5325.38,6.152,327.6,1
HPE,2019-01-16,2019-01-17,2019-01-18,3-5%,-4.64,13.7838,14.4256,tp_gap_filled,387.0591,5335.13,4.656,248.41,1
CSX,2019-01-17,2019-01-18,2019-01-22,2-3%,-2.172,21.3413,21.7715,tp_gap_filled,254.1215,5423.29,2.016,109.33,1
ULTA,2018-12-06,2019-01-18,2019-01-22,2-3%,-2.106,285.285,290.8389,tp_gap_filled,19.0431,5432.71,1.947,105.76,1
TXT,2018-10-18,2018-10-19,2019-01-23,10%+,-10.574,57.9879,49.1208,time_exit,88.6282,5139.36,-15.291,-785.88,63
SYF,2018-11-02,2018-11-07,2019-01-23,5-10%,-7.303,27.3173,29.4106,tp_gap_filled,197.8421,5404.51,7.663,414.14,50
MO,2018-12-21,2018-12-28,2019-01-24,2-3%,-2.914,49.019,43.5833,stop,100.8494,4943.53,-11.089,-548.19,17
EW,2018-10-02,2018-11-29,2019-01-25,3-5%,-4.449,54.4611,56.8831,tp_gap_filled,99.9549,5443.65,4.447,242.09,37
SBUX,2018-12-14,2018-12-17,2019-01-25,3-5%,-3.692,64.5044,66.8431,tp_gap_filled,78.1966,5044.03,3.626,182.87,26
AAPL,2019-01-03,2019-01-04,2019-01-25,5-10%,-8.827,36.031,39.4405,tp_gap_filled,141.197,5087.47,9.463,481.41,14
PHM,2019-01-17,2019-01-18,2019-01-25,2-3%,-2.411,26.7367,27.3426,tp_gap_filled,202.8776,5424.28,2.266,122.93,4
TSN,2018-11-13,2018-11-14,2019-01-28,3-5%,-4.155,59.109,61.5484,tp_gap_filled,89.2009,5272.58,4.127,217.59,48
SW,2019-01-22,2019-01-23,2019-01-29,3-5%,-4.393,27.4474,28.6513,tp_gap_filled,197.0076,5407.35,4.386,237.18,4
NSC,2019-01-25,2019-01-28,2019-01-29,2-3%,-2.977,161.161,165.7741,tp_gap_filled,33.8617,5457.19,2.862,156.21,1
ALB,2018-12-20,2018-12-21,2019-01-30,2-3%,-2.807,77.6376,79.7202,tp_gap_filled,61.9692,4811.14,2.683,129.06,25
PTC,2019-01-24,2019-01-25,2019-01-30,5-10%,-6.297,79.3893,84.5554,tp_gap_filled,69.1875,5492.74,6.507,357.43,3
AMD,2019-01-28,2019-01-29,2019-01-30,5-10%,-7.342,20.3403,21.9081,tp_gap_filled,268.8586,5468.67,7.708,421.5,1
STZ,2019-01-09,2019-01-10,2019-01-31,10%+,-11.448,152.7626,172.1677,tp_gap_filled,34.3359,5245.24,12.703,666.29,14
LLY,2019-01-18,2019-01-22,2019-01-31,3-5%,-3.004,115.6956,119.0408,tp_gap_filled,46.4051,5368.86,2.891,155.24,7
PHM,2019-01-29,2019-01-30,2019-01-31,5-10%,-5.105,25.6756,27.003,tp_gap_filled,216.884,5568.64,5.17,287.87,1
VZ,2019-01-29,2019-01-30,2019-01-31,2-3%,-2.633,53.6736,55.0149,tp_gap_filled,103.9607,5579.95,2.499,139.44,1
LMT,2019-01-29,2019-01-30,2019-01-31,2-3%,-2.348,281.3911,287.5821,tp_gap_filled,19.8339,5581.08,2.2,122.79,1
FLEX,2018-10-26,2018-10-30,2019-02-01,10%+,-30.522,5.7178,7.0766,time_exit,888.7713,5081.86,23.763,1207.59,63
MNST,2018-12-13,2019-01-18,2019-02-01,3-5%,-3.151,13.9214,14.3456,tp_gap_filled,389.5296,5422.8,3.047,165.25,9
FFIV,2019-01-17,2019-01-18,2019-02-01,3-5%,-3.064,157.0569,161.6981,tp_gap_filled,34.5254,5422.46,2.955,160.24,9
ALGN,2019-01-30,2019-01-31,2019-02-01,5-10%,-5.986,208.9487,221.808,tp_gap_filled,27.1289,5668.55,6.154,348.86,1
IEX,2019-01-30,2019-01-31,2019-02-01,5-10%,-5.643,131.3812,138.9609,tp_gap_filled,43.4211,5704.72,5.769,329.12,1
PFG,2019-01-30,2019-01-31,2019-02-01,5-10%,-5.079,47.1471,49.5704,tp_gap_filled,121.0403,5706.7,5.14,293.31,1
V,2019-01-31,2019-02-01,2019-02-04,2-3%,-2.333,134.5244,137.4624,tp_gap_filled,42.3418,5696.01,2.184,124.4,1
TSCO,2019-01-31,2019-02-01,2019-02-05,3-5%,-3.548,17.3053,17.9061,tp_gap_filled,328.9273,5692.18,3.472,197.62,2
NOC,2019-01-31,2019-02-01,2019-02-05,3-5%,-3.258,271.9417,280.5392,tp_gap_filled,20.9352,5693.15,3.162,179.99,2
BRO,2019-01-29,2019-02-01,2019-02-05,2-3%,-2.575,27.2672,27.932,tp_gap_filled,208.8171,5693.87,2.438,138.82,2
MSFT,2019-01-31,2019-02-01,2019-02-05,2-3%,-2.425,103.9038,106.2736,tp_gap_filled,54.8398,5698.06,2.281,129.96,2
FDX,2018-12-19,2019-01-08,2019-02-06,5-10%,-8.535,136.4941,148.9323,tp_gap_filled,38.2266,5217.71,9.113,475.47,20
KHC,2018-11-02,2018-11-05,2019-02-07,5-10%,-7.028,52.3022,47.1828,time_exit,100.6588,5264.68,-9.788,-515.32,63
BLDR,2018-11-05,2018-11-06,2019-02-08,5-10%,-9.122,13.2632,12.7772,time_exit,400.847,5316.53,-3.665,-194.83,63
PYPL,2019-01-31,2019-02-01,2019-02-11,3-5%,-3.679,89.109,92.3276,tp_gap_filled,63.8573,5690.26,3.612,205.53,6
ISRG,2019-01-25,2019-01-31,2019-02-12,3-5%,-3.753,172.172,178.528,tp_gap_filled,33.2138,5718.49,3.692,211.11,8
STX,2019-02-05,2019-02-06,2019-02-12,3-5%,-4.522,43.5435,45.5144,tp_gap_filled,132.7813,5781.76,4.526,261.7,4
FCX,2019-01-24,2019-01-25,2019-02-13,5-10%,-6.824,11.4815,12.2977,tp_gap_filled,478.7364,5496.6,7.109,390.75,13
FTNT,2018-11-02,2019-02-05,2019-02-13,2-3%,-2.402,16.3523,16.7213,tp_gap_filled,353.4758,5780.16,2.256,130.41,6
IT,2019-02-05,2019-02-06,2019-02-15,5-10%,-9.864,129.2491,143.1068,tp_gap_filled,44.5623,5759.63,10.722,617.53,7
PGR,2018-11-14,2019-02-12,2019-02-15,3-5%,-3.157,69.3993,71.5184,tp_gap_filled,83.3686,5785.72,3.053,176.66,3
GILD,2019-02-12,2019-02-13,2019-02-15,3-5%,-4.2,64.8448,67.5524,tp_gap_filled,89.9341,5831.76,4.176,243.51,2
MAR,2018-11-30,2018-12-03,2019-02-19,5-10%,-6.763,113.7136,121.7182,tp_gap_filled,48.8556,5555.54,7.039,391.07,51
SWK,2019-01-22,2019-01-23,2019-02-19,10%+,-12.405,120.0199,136.7431,tp_gap_filled,45.0722,5409.56,13.934,753.75,18
CAT,2019-01-28,2019-01-29,2019-02-19,5-10%,-7.212,127.117,136.7231,tp_gap_filled,42.9439,5458.9,7.557,412.53,14
EG,2019-02-12,2019-02-13,2019-02-19,2-3%,-2.555,214.9648,220.1596,tp_gap_filled,27.1442,5835.04,2.417,141.01,3
SHW,2018-10-09,2018-12-03,2019-02-20,3-5%,-3.419,142.6191,147.3725,tp_gap_filled,39.018,5564.71,3.333,185.47,52
NEM,2019-01-14,2019-01-25,2019-02-20,5-10%,-5.82,32.8828,34.8451,tp_gap_filled,167.1843,5497.5,5.967,328.06,17
MET,2019-02-07,2019-02-12,2019-02-20,2-3%,-2.965,43.9039,45.1548,tp_gap_filled,131.7753,5785.45,2.849,164.84,5
J,2018-11-20,2019-02-19,2019-02-20,2-3%,-2.482,58.8858,60.2638,tp_gap_filled,100.3163,5907.2,2.34,138.24,1
NTAP,2018-11-15,2018-11-16,2019-02-21,5-10%,-8.997,71.081,65.3746,time_exit,75.5268,5368.52,-8.028,-430.99,63
CHD,2019-02-05,2019-02-06,2019-02-21,5-10%,-6.639,61.091,65.3046,tp_gap_filled,94.5546,5776.44,6.897,398.42,10
LDOS,2019-02-19,2019-02-20,2019-02-21,2-3%,-2.32,61.9619,63.3066,tp_gap_filled,95.9413,5944.71,2.17,129.01,1
OXY,2019-02-19,2019-02-20,2019-02-21,2-3%,-2.232,65.7557,67.1228,tp_gap_filled,90.3922,5943.8,2.079,123.58,1
WSM,2018-11-16,2018-11-19,2019-02-22,10%+,-11.328,26.8769,27.7372,time_exit,196.9523,5293.46,3.201,169.45,63
DELL,2018-12-24,2018-12-27,2019-02-25,10%+,-20.666,22.8953,28.8017,tp_gap_filled,214.9851,4922.15,25.797,1269.78,39
GE,2018-10-30,2019-01-31,2019-02-25,5-10%,-5.376,50.6587,53.4301,tp_gap_filled,112.7958,5714.1,5.471,312.6,16
WST,2019-02-14,2019-02-15,2019-02-25,3-5%,-4.941,100.7106,105.7342,tp_gap_filled,58.3503,5876.5,4.988,293.13,5
TGT,2018-11-20,2018-11-21,2019-02-26,10%+,-12.598,68.058,72.2177,time_exit,77.306,5261.29,6.112,321.57,63
SJM,2018-11-28,2018-11-29,2019-02-26,3-5%,-4.928,103.9038,109.0708,tp_gap_filled,52.399,5444.46,4.973,270.75,58
FDX,2019-02-15,2019-02-19,2019-02-26,2-3%,-2.675,144.3827,148.0549,tp_gap_filled,40.9053,5906.02,2.543,150.21,5
GIS,2019-02-22,2019-02-25,2019-02-26,3-5%,-4.92,44.6846,46.9031,tp_gap_filled,133.8133,5979.4,4.965,296.85,1
TTD,2019-02-25,2019-02-26,2019-02-27,2-3%,-2.099,19.3774,19.7532,tp_gap_filled,309.0825,5989.2,1.94,116.17,1
COF,2019-01-23,2019-01-24,2019-02-28,3-5%,-4.353,79.8498,83.3166,tp_gap_filled,67.8727,5419.62,4.342,235.3,24
ALLE,2019-02-19,2019-02-20,2019-03-01,3-5%,-3.757,88.2081,91.4684,tp_gap_filled,67.4229,5947.24,3.696,219.82,7
QCOM,2019-01-23,2019-02-20,2019-03-01,2-3%,-2.523,52.9729,54.2357,tp_gap_filled,112.2586,5946.66,2.384,141.76,7
SCHW,2019-02-20,2019-02-21,2019-03-01,2-3%,-2.125,46.1061,47.0129,tp_gap_filled,128.5542,5927.13,1.967,116.58,6
WBD,2019-02-26,2019-02-27,2019-03-01,3-5%,-3.766,28.1381,29.1808,tp_gap_filled,213.3401,6002.99,3.706,222.45,2
LITE,2018-11-12,2018-11-28,2019-03-04,10%+,-21.323,44.064,50.7092,time_exit,123.6763,5449.68,15.081,821.86,63
VRT,2018-11-28,2018-11-29,2019-03-05,2-3%,-2.087,9.8599,9.99,time_exit,552.0369,5443.0,1.32,71.85,63
NVDA,2018-11-16,2018-11-30,2019-03-06,10%+,-19.304,4.0871,3.7974,time_exit,1340.1637,5477.36,-7.087,-388.16,63
T,2018-10-24,2018-12-03,2019-03-07,3-5%,-3.907,23.9892,22.5756,time_exit,231.9798,5565.01,-5.893,-327.93,63
KDP,2019-02-28,2019-03-01,2019-03-07,3-5%,-4.788,25.6756,26.9131,tp_gap_filled,233.9533,6006.9,4.819,289.5,4
COST,2018-12-14,2019-02-19,2019-03-08,3-5%,-3.757,218.218,226.2835,tp_gap_filled,27.0652,5906.11,3.696,218.29,13
MKC,2019-01-24,2019-01-25,2019-03-11,10%+,-13.532,60.1551,69.4305,tp_gap_filled,91.3472,5495.0,15.419,847.28,30
GE,2019-03-06,2019-03-07,2019-03-11,5-10%,-6.37,46.1992,49.2438,tp_gap_filled,127.1584,5874.62,6.59,387.14,2
AMD,2019-03-08,2019-03-11,2019-03-12,3-5%,-3.306,21.3714,22.0579,tp_gap_filled,278.0183,5941.63,3.213,190.88,1
MRVL,2019-03-08,2019-03-11,2019-03-12,2-3%,-2.713,18.6686,19.1508,tp_gap_filled,319.0563,5956.35,2.583,153.84,1
JKHY,2019-02-06,2019-02-07,2019-03-13,3-5%,-4.934,129.2191,135.6542,tp_gap_filled,44.0209,5688.35,4.98,283.28,23
CRH,2019-03-07,2019-03-08,2019-03-13,2-3%,-2.032,30.8909,31.4685,tp_gap_filled,190.055,5870.96,1.87,109.78,3
AMZN,2019-02-01,2019-02-04,2019-03-15,3-5%,-4.646,82.0259,85.8506,tp_gap_filled,70.1374,5753.09,4.663,268.25,28
TMUS,2019-02-26,2019-02-27,2019-03-15,2-3%,-2.204,71.5114,72.977,tp_gap_filled,84.0223,6008.55,2.049,123.14,12
HPE,2019-03-12,2019-03-13,2019-03-15,3-5%,-3.398,15.3654,15.8741,tp_gap_filled,390.7252,6003.63,3.311,198.79,2
SMCI,2019-03-14,2019-03-15,2019-03-18,2-3%,-2.98,1.9229,1.978,tp_gap_filled,3119.9913,5999.5,2.865,171.91,1
MS,2019-01-17,2019-01-18,2019-03-19,3-5%,-4.585,42.4925,44.4455,tp_gap_filled,127.4982,5417.71,4.596,249.01,40
MDLZ,2019-02-22,2019-02-25,2019-03-19,2-3%,-2.004,47.4874,48.3616,tp_gap_filled,126.0578,5986.16,1.841,110.19,16
HD,2019-02-26,2019-02-27,2019-03-21,2-3%,-2.311,185.7756,189.79,tp_gap_filled,32.3553,6010.83,2.161,129.89,16
SW,2019-03-01,2019-03-04,2019-03-21,3-5%,-4.161,28.3583,29.5304,tp_gap_filled,210.5352,5970.43,4.133,246.77,13
AMCR,2019-03-05,2019-03-06,2019-03-22,3-5%,-3.738,51.5515,53.4465,tp_gap_filled,114.8709,5921.76,3.676,217.68,12
DG,2019-03-14,2019-03-15,2019-03-27,5-10%,-7.491,111.7516,120.5593,tp_gap_filled,53.6264,5992.84,7.881,472.32,8
LULU,2019-03-22,2019-03-25,2019-03-28,2-3%,-2.136,145.8757,148.7611,tp_gap_filled,40.959,5974.93,1.978,118.18,3
AKAM,2019-03-25,2019-03-26,2019-03-28,3-5%,-4.212,68.2982,71.1588,tp_gap_filled,87.9911,6009.64,4.188,251.7,2
FDX,2019-03-20,2019-03-21,2019-03-29,3-5%,-4.774,139.3415,146.0343,tp_gap_filled,43.7295,6093.33,4.803,292.68,6
HII,2019-03-27,2019-03-28,2019-03-29,2-3%,-2.485,198.3982,203.0468,tp_gap_filled,30.5037,6051.87,2.343,141.8,1
NCLH,2019-03-26,2019-03-27,2019-04-01,3-5%,-3.371,53.3633,55.1148,tp_gap_filled,112.5473,6005.9,3.282,197.13,3
CNC,2019-03-27,2019-03-28,2019-04-02,5-10%,-8.569,50.2002,54.7951,tp_gap_filled,120.3455,6041.36,9.153,552.99,3
DOW,2019-03-29,2019-04-01,2019-04-02,2-3%,-2.616,49.5695,50.7991,tp_gap_filled,124.6325,6177.97,2.481,153.25,1
CTAS,2019-03-22,2019-04-01,2019-04-04,2-3%,-2.503,50.7782,51.978,tp_gap_filled,121.9874,6194.3,2.363,146.35,3
SW,2019-03-26,2019-04-04,2019-04-05,5-10%,-7.019,27.978,30.0299,tp_gap_filled,220.7606,6176.43,7.334,453.0,1
AXON,2019-02-27,2019-02-28,2019-04-08,5-10%,-7.904,55.5155,60.1598,tp_gap_filled,107.9613,5993.52,8.366,501.41,27
AMCR,2019-04-05,2019-04-08,2019-04-09,2-3%,-2.256,54.2042,55.3446,tp_gap_filled,114.7178,6218.18,2.104,130.83,1
HWM,2019-01-22,2019-01-23,2019-04-11,10%+,-17.896,12.8196,15.5826,tp_gap_filled,420.8582,5395.21,21.553,1162.83,55
CLX,2019-04-08,2019-04-09,2019-04-11,2-3%,-2.018,152.6125,155.4444,tp_gap_filled,40.4371,6171.2,1.856,114.52,2
CAT,2019-02-26,2019-02-27,2019-04-12,3-5%,-3.451,136.6665,141.2686,tp_gap_filled,43.9505,6006.56,3.367,202.26,32
WM,2019-04-11,2019-04-12,2019-04-15,2-3%,-2.691,100.2602,102.8271,tp_gap_filled,62.3592,6252.15,2.56,160.07,1
NKE,2019-03-22,2019-04-01,2019-04-17,3-5%,-3.193,85.2852,87.922,tp_gap_filled,72.4405,6178.11,3.092,191.01,12
MU,2019-04-04,2019-04-05,2019-04-17,3-5%,-3.508,42.4024,43.8561,tp_gap_filled,147.0379,6234.76,3.428,213.76,8
SNA,2019-02-07,2019-02-11,2019-04-18,5-10%,-6.468,155.0349,165.4244,tp_gap_filled,36.8456,5712.35,6.701,382.81,47
APO,2019-02-20,2019-02-21,2019-04-18,2-3%,-2.36,29.3994,30.0499,tp_gap_filled,201.6758,5929.14,2.213,131.2,40
HSIC,2019-02-20,2019-02-21,2019-04-23,5-10%,-6.497,59.069,63.0469,tp_gap_filled,100.325,5926.1,6.734,399.08,42
HWM,2019-04-17,2019-04-18,2019-04-23,3-5%,-3.288,15.3528,15.843,tp_gap_filled,406.6308,6242.91,3.193,199.36,2
DPZ,2019-02-21,2019-02-22,2019-04-24,5-10%,-6.108,261.7415,278.2115,tp_gap_filled,22.7421,5952.56,6.292,374.56,42
WTW,2019-03-06,2019-03-12,2019-04-24,5-10%,-5.521,172.162,181.858,tp_gap_filled,34.6078,5958.15,5.632,335.56,30
TSLA,2019-01-18,2019-02-06,2019-04-26,5-10%,-7.0,21.5549,15.9347,stop,268.1564,5780.07,-26.074,-1507.1,55
IP,2019-04-16,2019-04-17,2019-04-30,3-5%,-4.524,42.6089,44.5387,tp_gap_filled,146.2138,6230.0,4.529,282.18,8
CNP,2019-02-28,2019-03-01,2019-05-03,3-5%,-3.113,30.2202,31.1288,tp_gap_filled,198.9826,6013.29,3.007,180.81,44
TPR,2019-02-07,2019-02-08,2019-05-10,10%+,-14.22,33.7537,32.2178,time_exit,168.1263,5674.89,-4.551,-258.24,63
XYZ,2019-02-28,2019-03-01,2019-05-13,3-5%,-4.286,75.9959,63.7727,stop,79.0757,6009.43,-16.084,-966.56,50
FISV,2019-05-09,2019-05-10,2019-05-15,3-5%,-4.109,81.9919,85.3346,tp_gap_filled,75.3162,6175.32,4.077,251.76,3
RMD,2019-01-25,2019-02-15,2019-05-17,10%+,-14.399,100.5104,112.6672,time_exit,58.4252,5872.34,12.095,710.26,63
MGM,2019-02-14,2019-02-15,2019-05-17,5-10%,-5.645,27.6076,25.8641,time_exit,212.7034,5872.23,-6.315,-370.84,63
DD,2019-01-31,2019-02-19,2019-05-20,5-10%,-8.114,97.4097,82.351,time_exit,60.6293,5905.88,-15.459,-913.0,63
NVDA,2019-04-26,2019-04-30,2019-05-20,3-5%,-3.317,4.5223,3.7949,stop,1398.8874,6326.14,-16.084,-1017.5,14
CVS,2019-02-20,2019-02-21,2019-05-22,5-10%,-8.887,63.7337,53.6563,time_exit,93.0495,5930.39,-15.812,-937.7,63
KO,2019-02-14,2019-03-26,2019-05-23,5-10%,-6.206,46.7467,49.7402,tp_gap_filled,128.5673,6010.1,6.404,384.87,41
HD,2019-05-21,2019-05-22,2019-05-23,2-3%,-2.001,187.3171,190.759,tp_gap_filled,32.3158,6053.3,1.837,111.23,1
HRL,2019-04-23,2019-04-24,2019-05-24,3-5%,-3.834,38.9189,40.3896,tp_gap_filled,161.0309,6267.14,3.779,236.83,22
AIZ,2019-03-14,2019-03-15,2019-05-28,3-5%,-3.979,97.3472,101.1787,tp_gap_filled,61.6007,5996.66,3.936,236.02,50
PHM,2019-05-22,2019-05-23,2019-05-28,2-3%,-2.138,31.6116,32.2377,tp_gap_filled,188.659,5963.81,1.981,118.13,2
VTRS,2019-02-27,2019-03-01,2019-05-29,10%+,-10.581,27.4074,17.2494,stop,219.1597,6006.59,-37.063,-2226.22,61
CVNA,2019-05-22,2019-05-23,2019-05-29,2-3%,-2.506,13.0831,11.6323,stop,456.3383,5970.31,-11.089,-662.05,3
LUV,2019-02-20,2019-02-28,2019-05-30,3-5%,-4.56,55.095,49.3406,time_exit,108.6751,5987.46,-10.445,-625.36,63
GPN,2019-05-28,2019-05-29,2019-05-30,3-5%,-3.656,147.9778,153.2866,tp_gap_filled,39.6371,5865.42,3.588,210.42,1
HAS,2019-05-13,2019-05-17,2019-06-04,2-3%,-2.155,98.6185,100.5893,tp_gap_filled,61.6536,6080.19,1.998,121.51,11
MRVL,2019-05-16,2019-05-17,2019-06-04,2-3%,-2.121,22.6326,23.0769,tp_gap_filled,268.5138,6077.17,1.963,119.3,11
ROST,2019-05-24,2019-05-28,2019-06-04,2-3%,-2.042,92.6726,94.4155,tp_gap_filled,63.8266,5914.97,1.881,111.24,5
GIS,2019-05-29,2019-05-31,2019-06-04,3-5%,-3.993,49.099,51.0389,tp_gap_filled,118.2424,5805.59,3.951,229.37,2
BKNG,2019-02-28,2019-03-06,2019-06-05,5-10%,-7.975,70.2302,70.5294,time_exit,84.326,5922.23,0.426,25.23,63
EVRG,2019-02-22,2019-03-13,2019-06-05,3-5%,-4.777,57.067,59.8101,tp_gap_filled,105.2116,6004.11,4.807,288.61,58
STZ,2019-05-31,2019-06-03,2019-06-05,5-10%,-6.562,175.175,187.1027,tp_gap_filled,33.2165,5818.7,6.809,396.2,2
CMI,2019-05-31,2019-06-04,2019-06-05,2-3%,-2.29,155.0549,158.3715,tp_gap_filled,38.6009,5985.26,2.139,128.02,1
LII,2019-05-31,2019-06-04,2019-06-05,2-3%,-2.239,270.1298,275.764,tp_gap_filled,22.1631,5986.91,2.086,124.87,1
IFF,2019-02-14,2019-04-23,2019-06-06,5-10%,-5.468,137.4173,145.0748,tp_gap_filled,45.555,6260.04,5.572,348.84,31
DOC,2019-06-04,2019-06-05,2019-06-06,3-5%,-3.081,30.8608,31.7782,tp_gap_filled,195.3704,6029.29,2.973,179.22,1
VTR,2019-06-04,2019-06-05,2019-06-06,2-3%,-2.416,62.6626,64.0859,tp_gap_filled,96.2879,6033.65,2.271,137.04,1
KR,2019-03-07,2019-03-08,2019-06-07,10%+,-12.271,24.975,23.9061,time_exit,235.2325,5874.92,-4.28,-251.44,63
XYZ,2019-05-23,2019-05-28,2019-06-07,2-3%,-2.122,65.1151,66.3935,tp_gap_filled,90.806,5912.84,1.963,116.09,8
KEYS,2019-05-20,2019-05-30,2019-06-07,3-5%,-4.947,77.8878,81.7781,tp_gap_filled,75.5602,5885.22,4.995,293.95,6
CLX,2019-05-01,2019-06-04,2019-06-07,3-5%,-3.844,153.7436,159.5703,tp_gap_filled,38.9381,5986.48,3.79,226.88,3
CMG,2019-05-23,2019-06-06,2019-06-07,3-5%,-3.405,13.6536,14.1067,tp_gap_filled,444.69,6071.64,3.318,201.46,1
RVTY,2019-05-13,2019-06-06,2019-06-07,2-3%,-2.153,90.5104,92.3176,tp_gap_filled,67.1255,6075.56,1.997,121.31,1
CIEN,2019-05-06,2019-06-06,2019-06-07,2-3%,-2.14,37.998,38.7512,tp_gap_filled,159.94,6077.39,1.982,120.48,1
TER,2019-05-20,2019-05-21,2019-06-10,3-5%,-3.9,44.1541,45.8541,tp_gap_filled,137.7813,6083.61,3.85,234.23,13
AMAT,2019-05-20,2019-06-07,2019-06-10,2-3%,-2.108,41.8418,42.6573,tp_gap_filled,146.9667,6149.35,1.949,119.85,1
GM,2019-06-06,2019-06-07,2019-06-10,2-3%,-2.093,35.1251,35.8042,tp_gap_filled,175.0238,6147.73,1.933,118.85,1
BA,2019-03-11,2019-03-12,2019-06-11,10%+,-12.134,371.6413,348.9807,time_exit,16.0266,5956.14,-6.097,-363.17,63
AVGO,2019-05-20,2019-05-21,2019-06-11,3-5%,-4.102,27.8278,28.96,tp_gap_filled,218.6935,6085.76,4.069,247.61,14
LRCX,2019-05-20,2019-06-07,2019-06-11,2-3%,-2.843,18.8829,19.3966,tp_gap_filled,325.7856,6151.77,2.721,167.36,2
GILD,2019-05-28,2019-06-07,2019-06-12,2-3%,-2.362,65.3753,66.8231,tp_gap_filled,94.0635,6149.43,2.215,136.19,3
FERG,2019-03-25,2019-04-11,2019-06-13,2-3%,-2.653,69.039,70.7791,tp_gap_filled,90.0065,6213.95,2.521,156.63,43
SW,2019-05-16,2019-05-24,2019-06-13,3-5%,-4.473,28.2182,29.4805,tp_gap_filled,211.3556,5964.07,4.473,266.79,13
NEM,2019-04-16,2019-06-06,2019-06-14,2-3%,-2.765,35.2052,36.1338,tp_gap_filled,172.5444,6074.45,2.638,160.24,6
HPQ,2019-02-28,2019-03-18,2019-06-17,10%+,-15.933,20.07,19.8801,time_exit,300.3841,6028.72,-0.946,-57.06,63
CTVA,2019-06-07,2019-06-10,2019-06-17,2-3%,-2.714,26.1962,26.8731,tp_gap_filled,236.4888,6195.1,2.584,160.09,5
TTD,2019-06-12,2019-06-13,2019-06-17,3-5%,-4.796,23.7637,24.9111,tp_gap_filled,260.7971,6197.51,4.828,299.22,2
GOOGL,2019-06-03,2019-06-07,2019-06-18,3-5%,-3.576,53.3998,55.2697,tp_gap_filled,115.2025,6151.79,3.502,215.41,7
GOOG,2019-06-03,2019-06-07,2019-06-18,3-5%,-3.455,53.3283,55.1263,tp_gap_filled,115.3584,6151.87,3.372,207.42,7
TSLA,2019-05-17,2019-06-12,2019-06-18,2-3%,-2.79,14.8121,15.2068,tp_gap_filled,414.9899,6146.88,2.664,163.77,4
AVGO,2019-06-14,2019-06-17,2019-06-18,5-10%,-8.345,25.8368,28.1328,tp_gap_filled,239.6484,6191.75,8.887,550.24,1
TXN,2019-06-14,2019-06-17,2019-06-18,3-5%,-3.904,106.9468,111.0688,tp_gap_filled,57.9524,6197.82,3.854,238.88,1
TROW,2019-06-14,2019-06-17,2019-06-18,3-5%,-3.233,102.7627,105.9839,tp_gap_filled,60.3077,6197.38,3.135,194.27,1
MRVL,2019-06-14,2019-06-17,2019-06-18,2-3%,-2.638,23.6436,24.2357,tp_gap_filled,262.311,6201.98,2.504,155.32,1
NVDA,2019-06-14,2019-06-17,2019-06-18,2-3%,-2.529,3.6164,3.7028,tp_gap_filled,1715.1627,6202.65,2.39,148.24,1
NXPI,2019-06-14,2019-06-18,2019-06-19,2-3%,-2.7,91.9819,94.3456,tp_gap_filled,68.2981,6282.19,2.57,161.43,1
ISRG,2019-04-22,2019-04-23,2019-06-20,5-10%,-5.333,166.8,175.844,tp_gap_filled,37.5208,6258.47,5.422,339.34,41
HII,2019-05-02,2019-06-05,2019-06-20,3-5%,-3.384,215.8056,222.9169,tp_gap_filled,27.9385,6029.29,3.295,198.68,11
APA,2019-05-23,2019-06-06,2019-06-20,2-3%,-2.543,28.7687,29.4605,tp_gap_filled,211.1687,6075.06,2.405,146.08,10
MU,2019-06-12,2019-06-18,2019-06-20,2-3%,-2.382,34.044,34.8052,tp_gap_filled,184.7186,6288.56,2.236,140.6,2
BLK,2019-05-13,2019-06-18,2019-06-20,2-3%,-2.134,453.5731,462.537,tp_gap_filled,13.8636,6288.16,1.976,124.27,2
AMAT,2019-06-12,2019-06-19,2019-06-20,2-3%,-2.537,42.6826,43.7062,tp_gap_filled,147.5726,6298.79,2.398,151.06,1
AXON,2019-06-19,2019-06-20,2019-06-21,2-3%,-2.332,64.5645,65.974,tp_gap_filled,98.6187,6367.27,2.183,139.0,1
FANG,2019-05-23,2019-06-20,2019-06-21,2-3%,-2.03,106.7767,108.7711,tp_gap_filled,59.8893,6394.78,1.868,119.45,1
DE,2019-05-06,2019-06-19,2019-06-24,3-5%,-3.391,161.4112,166.7431,tp_gap_filled,39.0351,6300.7,3.303,208.13,3
BIIB,2019-03-21,2019-03-26,2019-06-25,10%+,-28.235,230.3001,240.0497,time_exit,26.087,6007.83,4.233,254.34,63
ABBV,2019-01-25,2019-04-02,2019-06-25,3-5%,-3.924,82.5925,69.3083,stop,74.508,6153.8,-16.084,-989.78,58
ANET,2019-06-07,2019-06-10,2019-06-26,2-3%,-2.535,15.6819,16.0577,tp_gap_filled,394.602,6188.11,2.396,148.28,12
DOW,2019-06-17,2019-06-18,2019-06-26,2-3%,-2.131,50.1101,51.0989,tp_gap_filled,125.4477,6286.19,1.973,124.04,6
PCG,2019-06-21,2019-06-24,2019-06-27,3-5%,-3.479,22.7727,23.5464,tp_gap_filled,276.9103,6306.01,3.397,214.24,3
GEN,2019-05-10,2019-05-13,2019-07-01,10%+,-14.434,18.989,22.1478,tp_gap_filled,317.4147,6027.38,16.635,1002.67,34
ON,2019-05-13,2019-05-15,2019-07-01,3-5%,-4.147,20.1301,20.959,tp_gap_filled,303.1127,6101.69,4.118,251.25,32
AVY,2019-04-24,2019-06-10,2019-07-01,2-3%,-2.776,112.8928,115.884,tp_gap_filled,54.8818,6195.76,2.65,164.16,15
FFIV,2019-05-13,2019-06-11,2019-07-01,2-3%,-2.551,144.9248,148.4214,tp_gap_filled,42.4877,6157.52,2.413,148.57,14
LRCX,2019-06-12,2019-06-18,2019-07-01,3-5%,-3.449,18.3553,18.973,tp_gap_filled,342.4479,6285.75,3.365,211.52,9
AMD,2019-06-14,2019-06-18,2019-07-01,2-3%,-2.198,30.7307,31.3586,tp_gap_filled,204.6838,6290.08,2.043,128.52,9
WAB,2019-05-13,2019-06-20,2019-07-01,2-3%,-2.478,71.3012,72.967,tp_gap_filled,89.2597,6364.33,2.336,148.68,7
NCLH,2019-06-20,2019-06-21,2019-07-01,3-5%,-3.543,52.052,53.8561,tp_gap_filled,122.0993,6355.51,3.466,220.28,6
DVA,2019-05-08,2019-06-25,2019-07-01,3-5%,-4.152,54.3042,56.5434,tp_gap_filled,114.5469,6220.39,4.123,256.49,4
DVN,2019-05-23,2019-06-26,2019-07-01,2-3%,-2.047,28.7387,29.2807,tp_gap_filled,217.1667,6241.09,1.886,117.7,3
GIS,2019-06-26,2019-06-27,2019-07-01,5-10%,-6.164,50.4404,53.6463,tp_gap_filled,125.2142,6315.85,6.356,401.43,2
CCL,2019-03-26,2019-04-02,2019-07-02,5-10%,-7.414,52.5025,46.4835,time_exit,117.2197,6154.32,-11.464,-705.54,63
LYV,2019-06-28,2019-07-01,2019-07-02,2-3%,-2.884,65.065,66.8631,tp_gap_filled,99.3381,6463.44,2.763,178.62,1
NEM,2019-07-01,2019-07-02,2019-07-03,2-3%,-2.184,37.6676,38.4315,tp_gap_filled,171.3598,6454.72,2.028,130.9,1
IBKR,2019-07-02,2019-07-03,2019-07-05,2-3%,-2.197,13.1481,13.4166,tp_gap_filled,494.7227,6504.68,2.042,132.8,1
TTD,2019-07-02,2019-07-03,2019-07-05,2-3%,-2.002,22.9319,23.3536,tp_gap_filled,283.8619,6509.49,1.839,119.71,1
WDC,2019-07-02,2019-07-03,2019-07-08,2-3%,-2.679,36.5596,37.4908,tp_gap_filled,177.9726,6506.6,2.547,165.74,2
LITE,2019-05-15,2019-07-01,2019-07-09,2-3%,-2.127,56.1861,49.9557,stop,115.1596,6470.37,-11.089,-717.5,5
NEM,2019-07-05,2019-07-08,2019-07-09,2-3%,-2.296,37.9079,38.7212,tp_gap_filled,170.0006,6444.36,2.146,138.27,1
ADSK,2019-05-23,2019-06-20,2019-07-10,2-3%,-2.31,170.18,173.856,tp_gap_filled,37.5819,6395.69,2.16,138.15,13
LRCX,2019-07-08,2019-07-09,2019-07-10,2-3%,-2.418,17.9379,18.3456,tp_gap_filled,358.3318,6427.73,2.273,146.1,1
DVA,2019-07-09,2019-07-10,2019-07-11,5-10%,-5.314,52.6126,55.4545,tp_gap_filled,122.3189,6435.51,5.402,347.62,1
CRWD,2019-06-21,2019-07-10,2019-07-11,3-5%,-3.193,18.1331,18.6938,tp_gap_filled,355.362,6443.82,3.092,199.24,1
PNR,2019-04-09,2019-04-11,2019-07-12,10%+,-11.357,40.1601,37.922,time_exit,154.7526,6214.88,-5.573,-346.35,63
MSCI,2019-07-08,2019-07-09,2019-07-12,2-3%,-2.278,237.0068,242.0477,tp_gap_filled,27.1391,6432.15,2.127,136.81,3
CRM,2019-06-10,2019-06-11,2019-07-16,3-5%,-4.83,153.6335,161.1087,tp_gap_filled,40.1397,6166.8,4.866,300.05,24
MOS,2019-07-09,2019-07-10,2019-07-16,2-3%,-2.162,23.5535,24.0259,tp_gap_filled,273.8092,6449.17,2.006,129.35,4
FAST,2019-07-11,2019-07-12,2019-07-16,3-5%,-4.416,14.9499,15.6094,tp_gap_filled,436.62,6527.44,4.411,287.92,2
TAP,2019-07-15,2019-07-16,2019-07-17,2-3%,-2.004,53.3433,54.3256,tp_gap_filled,122.9425,6558.16,1.842,120.77,1
PKG,2019-04-16,2019-04-17,2019-07-18,5-10%,-5.477,96.0459,98.2417,time_exit,64.9146,6234.79,2.286,142.53,63
JBHT,2019-04-16,2019-04-17,2019-07-18,5-10%,-5.213,100.1,99.1308,time_exit,62.2707,6233.3,-0.968,-60.35,63
IBM,2019-04-17,2019-04-18,2019-07-18,5-10%,-5.353,131.4602,138.6184,tp_gap_filled,47.4565,6238.64,5.445,339.7,62
ADP,2019-07-02,2019-07-03,2019-07-18,3-5%,-4.033,159.8397,166.2236,tp_gap_filled,40.671,6500.84,3.994,259.64,10
BX,2019-07-08,2019-07-09,2019-07-18,2-3%,-2.161,46.2362,47.1628,tp_gap_filled,139.1344,6433.05,2.004,128.92,7
KLAC,2019-05-06,2019-07-17,2019-07-18,2-3%,-2.631,12.5215,12.8342,tp_gap_filled,518.7232,6495.2,2.497,162.18,1
FFIV,2019-07-08,2019-07-09,2019-07-19,5-10%,-5.303,139.9698,147.5123,tp_gap_filled,45.8926,6423.58,5.389,346.15,8
TER,2019-07-16,2019-07-17,2019-07-19,2-3%,-2.797,45.2252,46.4335,tp_gap_filled,143.6334,6495.84,2.672,173.56,2
UNP,2019-07-17,2019-07-18,2019-07-19,2-3%,-2.369,171.171,174.9748,tp_gap_filled,38.1836,6535.93,2.222,145.24,1
AVGO,2019-07-03,2019-07-05,2019-07-22,3-5%,-3.938,28.3984,29.5035,tp_gap_filled,228.796,6497.43,3.891,252.84,11
DVA,2019-07-17,2019-07-18,2019-07-22,3-5%,-3.12,55.9559,57.6423,tp_gap_filled,116.7505,6532.88,3.014,196.89,2
IBKR,2019-07-18,2019-07-19,2019-07-22,3-5%,-3.605,11.8443,12.2627,tp_gap_filled,551.4346,6531.37,3.532,230.72,1
KMI,2019-07-18,2019-07-19,2019-07-22,2-3%,-2.331,20.1301,20.5694,tp_gap_filled,324.9371,6541.02,2.182,142.74,1
DGX,2019-07-15,2019-07-16,2019-07-23,2-3%,-2.505,100.5004,102.877,tp_gap_filled,65.3009,6562.76,2.365,155.2,5
STLD,2019-05-13,2019-07-16,2019-07-23,2-3%,-2.314,31.6917,32.3776,tp_gap_filled,207.1483,6564.87,2.164,142.09,5
PCG,2019-07-18,2019-07-19,2019-07-23,3-5%,-3.523,17.8178,18.4316,tp_gap_filled,367.125,6541.36,3.445,225.32,2
WAT,2019-04-23,2019-04-24,2019-07-24,10%+,-15.968,202.7526,218.2815,time_exit,30.886,6262.21,7.659,479.63,63
APTV,2019-05-02,2019-05-03,2019-07-24,10%+,-10.318,75.085,83.5564,tp_gap_filled,84.214,6323.21,11.282,713.41,56
SWK,2019-05-06,2019-06-20,2019-07-24,3-5%,-4.318,146.6165,152.9269,tp_gap_filled,43.4105,6364.7,4.304,273.94,23
FDX,2019-05-17,2019-07-16,2019-07-24,2-3%,-2.168,138.7042,141.4941,tp_gap_filled,47.303,6561.13,2.011,131.97,6
KEYS,2019-07-22,2019-07-23,2019-07-24,2-3%,-2.104,85.7056,87.3725,tp_gap_filled,77.1614,6613.17,1.945,128.62,1
UPS,2019-04-25,2019-07-24,2019-07-25,3-5%,-4.23,109.6996,114.3156,tp_gap_filled,60.8012,6669.86,4.208,280.66,1
PCAR,2019-07-23,2019-07-24,2019-07-25,3-5%,-3.109,44.718,46.0606,tp_gap_filled,149.5214,6686.3,3.002,200.74,1
PTC,2019-04-25,2019-04-26,2019-07-26,5-10%,-9.707,92.092,73.2866,time_exit,68.4594,6304.57,-20.42,-1287.4,63
TTD,2019-07-24,2019-07-25,2019-07-26,2-3%,-2.498,23.9539,24.5185,tp_gap_filled,276.7536,6629.34,2.357,156.23,1
STLD,2019-07-24,2019-07-25,2019-07-26,2-3%,-2.368,31.3713,32.0679,tp_gap_filled,211.7793,6643.8,2.22,147.52,1
VTRS,2019-07-10,2019-07-11,2019-07-29,2-3%,-2.65,19.1191,19.6004,tp_gap_filled,337.6734,6456.01,2.517,162.52,12
CCI,2019-07-18,2019-07-19,2019-07-29,3-5%,-4.794,125.4353,131.4884,tp_gap_filled,52.0691,6531.3,4.826,315.18,6
TPL,2019-07-24,2019-07-25,2019-07-30,5-10%,-6.419,78.4784,83.694,tp_gap_filled,84.2085,6608.55,6.646,439.2,3
MPWR,2019-05-03,2019-07-18,2019-08-01,5-10%,-6.948,145.4653,156.0138,tp_gap_filled,44.9054,6532.18,7.252,473.69,10
PH,2019-05-06,2019-07-23,2019-08-01,2-3%,-2.419,175.6755,179.6702,tp_gap_filled,37.6371,6611.91,2.274,150.35,7
FTNT,2019-05-03,2019-07-17,2019-08-02,5-10%,-5.967,17.2272,18.2837,tp_gap_filled,377.0085,6494.8,6.133,398.31,12
MS,2019-05-13,2019-07-23,2019-08-05,2-3%,-2.46,45.2452,40.228,stop,146.1507,6612.62,-11.089,-733.27,9
KR,2019-06-20,2019-06-21,2019-08-07,3-5%,-4.907,22.5025,23.6164,tp_gap_filled,282.5459,6357.98,4.95,314.72,32
VRTX,2019-07-05,2019-07-10,2019-08-09,2-3%,-2.079,179.6294,183.0767,tp_gap_filled,35.8786,6444.85,1.919,123.68,22
STX,2019-08-02,2019-08-05,2019-08-13,5-10%,-8.733,42.2622,46.2137,tp_gap_filled,149.3036,6309.9,9.35,589.98,6
EMR,2019-05-07,2019-07-01,2019-08-15,3-5%,-3.778,67.5675,56.6999,stop,95.6994,6466.17,-16.084,-1040.02,32
MTD,2019-07-24,2019-07-25,2019-08-15,3-5%,-4.193,784.784,658.5593,stop,8.4451,6627.54,-16.084,-1065.97,15
IBKR,2019-08-14,2019-08-15,2019-08-16,3-5%,-3.399,11.2387,11.6109,tp_gap_filled,556.324,6252.37,3.311,207.04,1
TDG,2019-08-15,2019-08-16,2019-08-19,5-10%,-5.187,511.6011,538.5109,tp_gap_filled,12.4102,6349.05,5.26,333.96,1
EXPD,2019-05-07,2019-07-01,2019-08-23,2-3%,-2.045,77.1771,68.6189,stop,83.7526,6463.79,-11.089,-716.77,38
PHM,2019-07-23,2019-07-30,2019-08-23,3-5%,-4.122,32.1321,33.4465,tp_gap_filled,207.8102,6677.38,4.091,273.15,18
LOW,2019-05-22,2019-06-18,2019-08-29,5-10%,-8.866,101.3512,110.9889,tp_gap_filled,62.0611,6289.97,9.509,598.12,51
DE,2019-08-23,2019-08-26,2019-08-29,2-3%,-2.813,151.151,155.2146,tp_gap_filled,41.6715,6298.69,2.688,169.34,3
CNC,2019-06-03,2019-06-04,2019-09-03,5-10%,-7.359,53.5535,46.0939,time_exit,111.7582,5985.04,-13.929,-833.68,63
IVZ,2019-08-14,2019-08-15,2019-09-05,3-5%,-4.827,15.3954,16.1438,tp_gap_filled,406.292,6255.02,4.862,304.09,14
RL,2019-08-14,2019-08-29,2019-09-05,3-5%,-3.779,89.9699,93.3166,tp_gap_filled,71.386,6422.59,3.72,238.91,4
SJM,2019-06-06,2019-06-07,2019-09-06,3-5%,-4.263,120.0399,105.1048,time_exit,51.1841,6144.13,-12.442,-764.44,63
GEN,2019-07-15,2019-07-16,2019-09-06,10%+,-13.962,22.022,25.5444,tp_gap_filled,297.3127,6547.42,15.995,1047.26,37
ADSK,2019-08-28,2019-08-29,2019-09-06,10%+,-12.503,131.5614,150.0598,tp_gap_filled,48.6817,6404.63,14.061,900.53,5
GRMN,2019-05-01,2019-06-20,2019-09-09,3-5%,-4.362,82.082,85.6543,tp_gap_filled,77.5515,6365.58,4.352,277.03,55
HAS,2019-08-23,2019-08-26,2019-09-09,5-10%,-6.471,107.0569,114.2356,tp_gap_filled,58.8323,6298.41,6.705,422.34,9
BBY,2019-08-29,2019-09-05,2019-09-09,5-10%,-5.391,65.3453,68.931,tp_gap_filled,100.381,6559.42,5.487,359.94,2
CRH,2019-05-07,2019-06-11,2019-09-10,3-5%,-3.34,33.023,33.956,time_exit,186.6016,6162.14,2.825,174.1,63
FCX,2019-08-14,2019-09-05,2019-09-10,3-5%,-3.539,9.5495,9.8801,tp_gap_filled,687.029,6560.81,3.462,227.11,3
WSM,2019-08-29,2019-09-09,2019-09-10,3-5%,-3.329,33.2782,34.3556,tp_gap_filled,199.9649,6654.48,3.237,215.44,1
WMB,2019-08-05,2019-09-09,2019-09-10,2-3%,-2.519,24.4044,24.985,tp_gap_filled,272.7371,6655.98,2.379,158.35,1
EQT,2019-09-06,2019-09-09,2019-09-10,2-3%,-2.385,10.6506,10.8891,tp_gap_filled,625.1723,6658.49,2.239,149.08,1
HSIC,2019-08-06,2019-08-07,2019-09-11,5-10%,-7.034,60.06,64.4755,tp_gap_filled,106.7871,6413.64,7.352,471.51,24
BAC,2019-08-05,2019-09-09,2019-09-11,2-3%,-2.893,28.5585,29.3506,tp_gap_filled,233.0451,6655.42,2.774,184.59,2
FOXA,2019-09-09,2019-09-10,2019-09-11,2-3%,-2.454,33.4234,34.1958,tp_gap_filled,202.0084,6751.8,2.311,156.03,1
PCG,2019-09-09,2019-09-10,2019-09-11,2-3%,-2.061,9.99,10.1798,tp_gap_filled,676.4485,6757.71,1.9,128.41,1
PWR,2019-08-01,2019-09-10,2019-09-11,2-3%,-2.031,36.6967,37.3826,tp_gap_filled,184.7096,6778.23,1.869,126.7,1
TAP,2019-07-31,2019-08-01,2019-09-12,5-10%,-6.764,53.1231,56.8631,tp_gap_filled,122.8729,6527.39,7.04,459.55,29
ON,2019-08-05,2019-08-19,2019-09-12,5-10%,-6.406,18.7187,19.96,tp_gap_filled,343.6086,6431.91,6.631,426.53,17
TTD,2019-09-10,2019-09-11,2019-09-12,2-3%,-2.509,20.8518,21.3456,tp_gap_filled,327.6629,6832.37,2.368,161.8,1
LLY,2019-09-10,2019-09-11,2019-09-12,2-3%,-2.431,108.4784,110.9589,tp_gap_filled,63.0158,6835.86,2.287,156.31,1
URI,2019-07-18,2019-07-24,2019-09-13,5-10%,-6.077,123.6235,131.3585,tp_gap_filled,53.9093,6664.46,6.257,416.99,36
ROK,2019-07-25,2019-07-26,2019-09-13,3-5%,-4.932,160.7106,168.7111,tp_gap_filled,41.5652,6679.97,4.978,332.55,34
WAB,2019-08-08,2019-09-11,2019-09-13,2-3%,-2.735,73.3232,75.2347,tp_gap_filled,93.1334,6828.84,2.607,178.02,2
FANG,2019-08-01,2019-08-13,2019-09-16,3-5%,-3.606,99.7997,103.3266,tp_gap_filled,64.7401,6461.04,3.534,228.33,23
CIEN,2019-09-05,2019-09-06,2019-09-16,5-10%,-6.165,38.6987,41.1588,tp_gap_filled,170.4606,6596.6,6.357,419.36,6
DVN,2019-09-12,2019-09-13,2019-09-16,3-5%,-3.364,24.1541,24.945,tp_gap_filled,283.3159,6843.25,3.274,224.07,1
HAL,2019-09-12,2019-09-13,2019-09-16,2-3%,-2.943,19.4795,20.0299,tp_gap_filled,351.7499,6851.9,2.826,193.63,1
LYB,2019-09-12,2019-09-13,2019-09-16,2-3%,-2.52,83.6336,85.6243,tp_gap_filled,82.0836,6864.95,2.38,163.41,1
APA,2019-09-12,2019-09-13,2019-09-16,2-3%,-2.293,23.4634,23.966,tp_gap_filled,292.888,6872.16,2.142,147.2,1
EOG,2019-09-12,2019-09-13,2019-09-16,2-3%,-2.234,79.2992,80.949,tp_gap_filled,86.7691,6880.72,2.08,143.15,1
WMB,2019-09-12,2019-09-13,2019-09-16,2-3%,-2.204,24.4344,24.935,tp_gap_filled,281.6103,6880.98,2.049,140.98,1
SLB,2019-09-12,2019-09-13,2019-09-16,2-3%,-2.117,36.5665,37.2827,tp_gap_filled,188.2452,6883.47,1.958,134.81,1
COP,2019-09-12,2019-09-13,2019-09-16,2-3%,-2.115,56.046,57.1428,tp_gap_filled,122.9038,6888.26,1.957,134.8,1
NEE,2019-09-05,2019-09-06,2019-09-18,2-3%,-2.204,54.8498,55.974,tp_gap_filled,120.3516,6601.26,2.05,135.3,8
LUV,2019-09-16,2019-09-17,2019-09-18,2-3%,-2.509,54.4444,55.7342,tp_gap_filled,127.245,6927.78,2.369,164.12,1
TJX,2019-09-16,2019-09-17,2019-09-19,2-3%,-2.386,55.2852,56.5234,tp_gap_filled,125.5376,6940.38,2.24,155.44,2
BNY,2019-09-17,2019-09-18,2019-09-19,2-3%,-2.824,45.4754,46.7032,tp_gap_filled,152.2085,6921.75,2.7,186.88,1
VICI,2019-06-24,2019-06-25,2019-09-20,2-3%,-2.062,22.3423,22.7672,tp_gap_filled,278.4069,6220.25,1.902,118.29,61
IBKR,2019-09-18,2019-09-19,2019-09-20,2-3%,-2.693,12.6601,12.9845,tp_gap_filled,546.6824,6921.08,2.562,177.32,1
BKR,2019-09-11,2019-09-16,2019-09-23,3-5%,-3.567,23.2732,24.0859,tp_gap_filled,297.0804,6914.03,3.492,241.42,5
ELV,2019-07-24,2019-07-25,2019-09-24,3-5%,-3.011,293.7735,246.523,stop,22.5657,6629.2,-16.084,-1066.24,42
PGR,2019-09-13,2019-09-16,2019-09-24,3-5%,-4.508,73.5835,76.903,tp_gap_filled,93.9694,6914.6,4.511,311.93,6
PCG,2019-09-20,2019-09-23,2019-09-24,5-10%,-9.836,11.011,12.1878,tp_gap_filled,623.9143,6869.92,10.687,734.22,1
ABBV,2019-06-25,2019-06-27,2019-09-26,10%+,-10.172,70.5405,73.956,time_exit,89.5581,6317.47,4.842,305.89,63
ADBE,2019-09-18,2019-09-19,2019-09-26,3-5%,-3.281,275.6254,284.4053,tp_gap_filled,25.0934,6916.37,3.185,220.32,5
ITW,2019-09-23,2019-09-24,2019-09-26,3-5%,-3.799,149.3192,154.9049,tp_gap_filled,45.5674,6804.09,3.741,254.53,2
IBKR,2019-09-23,2019-09-24,2019-09-26,3-5%,-3.394,12.6076,13.0245,tp_gap_filled,540.0314,6808.5,3.306,225.12,2
VLO,2019-09-16,2019-09-17,2019-09-30,3-5%,-4.116,82.092,85.4445,tp_gap_filled,84.1836,6910.8,4.084,282.22,9
TXT,2019-07-17,2019-09-16,2019-10-02,2-3%,-2.832,52.5525,46.725,stop,131.6653,6919.34,-11.089,-767.29,12
COHR,2019-09-23,2019-09-24,2019-10-02,3-5%,-3.125,37.8578,31.7688,stop,179.8391,6808.32,-16.084,-1095.05,6
CCL,2019-09-16,2019-09-17,2019-10-03,3-5%,-3.066,49.049,41.16,stop,141.2111,6926.26,-16.084,-1114.02,12
MNST,2019-10-02,2019-10-03,2019-10-04,3-5%,-3.509,13.6236,14.0909,tp_gap_filled,486.4567,6627.3,3.43,227.31,1
DDOG,2019-10-02,2019-10-03,2019-10-04,2-3%,-2.285,31.6816,32.3576,tp_gap_filled,209.3281,6631.86,2.134,141.5,1
GEN,2019-10-02,2019-10-03,2019-10-04,2-3%,-2.127,23.033,23.4865,tp_gap_filled,288.2945,6640.29,1.969,130.74,1
PODD,2019-10-03,2019-10-04,2019-10-07,3-5%,-4.463,150.4403,157.1527,tp_gap_filled,44.4827,6691.98,4.462,298.59,1
INCY,2019-10-07,2019-10-08,2019-10-09,2-3%,-2.484,73.083,74.7951,tp_gap_filled,90.1792,6590.56,2.343,154.4,1
ORCL,2019-09-12,2019-09-13,2019-10-11,3-5%,-3.464,54.3943,56.2337,tp_gap_filled,125.8578,6845.95,3.382,231.5,20
AVGO,2019-09-25,2019-09-26,2019-10-11,3-5%,-3.741,27.2022,28.2028,tp_gap_filled,251.9462,6853.48,3.678,252.1,11
ROK,2019-09-30,2019-10-01,2019-10-11,2-3%,-2.556,162.162,166.0838,tp_gap_filled,41.5851,6743.53,2.418,163.09,8
URI,2019-10-08,2019-10-09,2019-10-11,3-5%,-3.925,111.2311,115.5443,tp_gap_filled,59.6899,6639.38,3.878,257.46,2
MTD,2019-10-08,2019-10-09,2019-10-11,3-5%,-3.146,661.0604,681.1681,tp_gap_filled,10.0443,6639.87,3.042,201.97,2
JBHT,2019-10-08,2019-10-09,2019-10-11,2-3%,-2.96,105.0149,108.0019,tp_gap_filled,63.2669,6643.96,2.844,188.98,2
NTAP,2019-10-10,2019-10-11,2019-10-14,3-5%,-4.536,49.089,51.3186,tp_gap_filled,139.8614,6865.66,4.542,311.83,1
ODFL,2019-09-27,2019-09-30,2019-10-15,2-3%,-2.527,56.76,58.1152,tp_gap_filled,120.6032,6845.44,2.387,163.43,11
SW,2019-09-30,2019-10-15,2019-10-16,5-10%,-5.179,30.4204,32.0179,tp_gap_filled,227.3674,6916.6,5.252,363.23,1
NFLX,2019-07-18,2019-07-19,2019-10-17,10%+,-10.672,32.4084,29.3057,time_exit,201.6284,6534.45,-9.574,-625.59,63
DPZ,2019-07-16,2019-07-19,2019-10-17,5-10%,-5.787,254.5543,256.1936,time_exit,25.6464,6528.41,0.644,42.04,63
UAL,2019-09-16,2019-09-17,2019-10-21,3-5%,-3.339,88.3883,91.2586,tp_gap_filled,78.2572,6917.02,3.247,224.63,24
RVTY,2019-10-08,2019-10-11,2019-10-21,2-3%,-2.11,82.6526,84.2656,tp_gap_filled,83.1394,6871.68,1.952,134.11,6
INTC,2019-04-26,2019-07-24,2019-10-22,5-10%,-8.453,52.7927,51.958,time_exit,126.2281,6663.93,-1.581,-105.37,63
MCHP,2019-05-06,2019-07-24,2019-10-22,3-5%,-3.99,48.4134,48.1368,time_exit,137.9654,6679.37,-0.571,-38.15,63
CAT,2019-07-24,2019-07-25,2019-10-23,5-10%,-5.156,131.111,135.2047,time_exit,50.5029,6621.48,3.122,206.74,63
BA,2019-10-21,2019-10-22,2019-10-23,3-5%,-3.23,333.2229,343.656,tp_gap_filled,20.8752,6956.08,3.131,217.79,1
TSCO,2019-07-25,2019-07-26,2019-10-24,5-10%,-6.658,21.021,19.5804,time_exit,316.963,6662.88,-6.853,-456.62,63
ALLE,2019-07-25,2019-07-26,2019-10-24,5-10%,-5.738,102.112,108.1118,tp_gap_filled,65.3509,6673.12,5.876,392.09,63
TSLA,2019-07-25,2019-07-29,2019-10-24,10%+,-11.847,15.5822,17.641,tp_gap_filled,428.521,6677.31,13.212,882.23,62
NUE,2019-09-16,2019-09-17,2019-10-24,2-3%,-2.425,52.3523,53.5464,tp_gap_filled,132.4341,6933.23,2.281,158.14,27
LVS,2019-09-17,2019-09-18,2019-10-24,2-3%,-2.632,58.1281,59.5804,tp_gap_filled,119.2106,6929.48,2.498,173.13,26
FTV,2019-07-26,2019-07-29,2019-10-25,5-10%,-9.303,46.8318,43.0654,time_exit,142.6222,6679.25,-8.042,-537.17,63
SW,2019-10-17,2019-10-21,2019-10-25,3-5%,-3.474,31.4314,32.4975,tp_gap_filled,221.4777,6961.35,3.392,236.11,4
CSGP,2019-10-23,2019-10-24,2019-10-25,5-10%,-7.095,53.2532,57.2057,tp_gap_filled,131.1633,6984.87,7.422,518.43,1
GWW,2019-10-23,2019-10-24,2019-10-25,3-5%,-3.691,307.7074,318.8608,tp_gap_filled,22.7461,6999.13,3.625,253.7,1
LLY,2019-10-23,2019-10-24,2019-10-25,3-5%,-3.496,106.106,109.7302,tp_gap_filled,66.0172,7004.82,3.416,239.26,1
PCG,2019-10-10,2019-10-11,2019-10-28,10%+,-29.144,7.7878,4.9014,stop,880.7189,6858.85,-37.063,-2542.09,11
MU,2019-09-27,2019-10-15,2019-10-28,5-10%,-5.556,45.9459,48.5514,tp_gap_filled,150.4819,6914.02,5.671,392.08,9
MMM,2019-10-24,2019-10-25,2019-10-28,2-3%,-2.133,138.2317,140.9626,tp_gap_filled,50.4953,6980.05,1.976,137.89,1
AMGN,2019-09-09,2019-10-11,2019-10-29,2-3%,-2.503,202.7325,207.5223,tp_gap_filled,33.9061,6873.87,2.363,162.4,12
MRK,2019-10-22,2019-10-23,2019-10-29,2-3%,-2.982,78.3225,80.5682,tp_gap_filled,89.0295,6973.02,2.867,199.93,4
SWK,2019-10-24,2019-10-25,2019-10-29,2-3%,-2.33,150.2001,153.4764,tp_gap_filled,46.4598,6978.27,2.181,152.22,2
CRL,2019-07-31,2019-08-01,2019-10-30,3-5%,-3.579,136.1961,132.4274,time_exit,47.9074,6524.79,-2.767,-180.54,63
RCL,2019-09-16,2019-09-17,2019-10-30,2-3%,-2.386,112.2021,114.7152,tp_gap_filled,61.8214,6936.49,2.24,155.36,31
AMZN,2019-10-25,2019-10-28,2019-10-30,3-5%,-4.674,84.9624,88.95,tp_gap_filled,82.7455,7030.25,4.693,329.95,2
PCG,2019-10-28,2019-10-29,2019-10-30,10%+,-24.0,3.8038,4.995,tp_gap_filled,1854.2181,7053.07,31.316,2208.74,1
HII,2019-08-01,2019-08-02,2019-10-31,5-10%,-8.011,210.22,225.4343,time_exit,30.8744,6490.43,7.237,469.73,63
KHC,2019-08-08,2019-08-09,2019-10-31,10%+,-13.411,26.7567,30.8391,tp_gap_filled,242.443,6486.98,15.257,989.75,58
SBAC,2019-10-29,2019-10-30,2019-10-31,5-10%,-5.035,230.5303,242.2675,tp_gap_filled,30.9538,7135.79,5.091,363.31,1
KKR,2019-10-29,2019-10-30,2019-10-31,3-5%,-4.286,27.4975,28.6713,tp_gap_filled,259.9333,7147.51,4.269,305.12,1
EME,2019-10-29,2019-10-30,2019-10-31,3-5%,-3.756,86.4464,89.6403,tp_gap_filled,82.814,7158.97,3.695,264.5,1
ARES,2019-09-19,2019-09-20,2019-11-01,3-5%,-4.668,29.4394,30.8192,tp_gap_filled,233.3856,6870.73,4.687,322.01,30
IVZ,2019-09-12,2019-09-13,2019-11-04,2-3%,-2.675,17.1171,17.5524,tp_gap_filled,400.837,6861.17,2.543,174.5,36
EIX,2019-10-28,2019-10-29,2019-11-04,3-5%,-4.118,63.3933,65.984,tp_gap_filled,112.4545,7128.86,4.087,291.33,4
TYL,2019-10-31,2019-11-01,2019-11-04,5-10%,-8.969,245.245,268.8709,tp_gap_filled,29.347,7197.21,9.634,693.35,1
GILD,2019-10-25,2019-10-28,2019-11-05,3-5%,-4.545,63.063,65.934,tp_gap_filled,111.6498,7040.97,4.553,320.55,6
AOS,2019-10-29,2019-10-30,2019-11-05,3-5%,-3.603,49.5495,51.2986,tp_gap_filled,144.849,7177.2,3.53,253.36,4
GLW,2019-10-30,2019-10-31,2019-11-05,3-5%,-3.933,29.0991,30.2297,tp_gap_filled,245.7508,7151.12,3.886,277.86,3
STX,2019-11-01,2019-11-04,2019-11-05,3-5%,-4.36,55.5555,57.972,tp_gap_filled,130.3988,7244.37,4.35,315.1,1
BG,2019-10-30,2019-11-04,2019-11-05,2-3%,-2.047,55.095,56.1338,tp_gap_filled,131.6489,7253.2,1.885,136.75,1
NCLH,2019-09-26,2019-09-27,2019-11-07,2-3%,-2.683,51.9219,53.2467,tp_gap_filled,131.4888,6827.15,2.552,174.2,29
DXCM,2019-10-15,2019-10-16,2019-11-07,2-3%,-2.61,39.039,40.005,tp_gap_filled,177.0442,6911.63,2.474,171.02,16
TSLA,2019-10-29,2019-11-04,2019-11-07,2-3%,-2.356,21.354,21.8255,tp_gap_filled,339.7652,7255.35,2.208,160.2,3
TPR,2019-11-05,2019-11-06,2019-11-07,2-3%,-2.3,25.9359,26.4935,tp_gap_filled,279.789,7256.58,2.15,156.0,1
PRU,2019-11-05,2019-11-06,2019-11-08,3-5%,-3.704,91.091,94.4055,tp_gap_filled,79.6788,7258.02,3.639,264.1,2
CVNA,2019-11-07,2019-11-08,2019-11-12,5-10%,-6.259,14.8408,15.8002,tp_gap_filled,489.1517,7259.42,6.464,469.27,2
ALB,2019-08-09,2019-11-07,2019-11-13,2-3%,-2.164,71.9719,63.9909,stop,101.1844,7282.43,-11.089,-807.55,4
VMC,2019-11-06,2019-11-07,2019-11-14,5-10%,-5.339,133.6335,140.889,tp_gap_filled,54.4489,7276.2,5.429,395.05,5
UHS,2019-10-25,2019-10-28,2019-11-15,3-5%,-4.665,138.0879,144.5553,tp_gap_filled,50.9891,7040.99,4.684,329.76,14
CTAS,2019-11-13,2019-11-14,2019-11-15,2-3%,-2.507,63.1531,64.6478,tp_gap_filled,115.5961,7300.25,2.367,172.78,1
MCK,2019-10-30,2019-11-05,2019-11-18,3-5%,-4.665,142.5724,149.2506,tp_gap_filled,50.852,7250.09,4.684,339.6,9
NOW,2019-10-16,2019-10-17,2019-11-19,5-10%,-5.583,51.8378,54.7932,tp_gap_filled,134.1006,6951.48,5.701,396.32,23
PLD,2019-10-28,2019-10-30,2019-11-19,3-5%,-3.456,87.8077,90.7691,tp_gap_filled,81.7833,7181.21,3.373,242.19,14
MOS,2019-11-06,2019-11-07,2019-11-19,2-3%,-2.494,21.1311,18.7879,stop,344.8435,7286.93,-11.089,-808.05,8
HSY,2019-10-24,2019-10-25,2019-11-20,2-3%,-2.745,145.7456,149.5603,tp_gap_filled,47.9065,6982.16,2.617,182.75,18
BR,2019-11-06,2019-11-07,2019-11-20,3-5%,-3.995,118.5885,123.2766,tp_gap_filled,61.4145,7283.05,3.953,287.92,9
TDG,2019-11-19,2019-11-20,2019-11-21,3-5%,-3.328,549.3388,567.1123,tp_gap_filled,13.3442,7330.49,3.235,237.17,1
HSIC,2019-11-20,2019-11-21,2019-11-22,3-5%,-3.036,67.4574,69.4305,tp_gap_filled,108.3517,7309.12,2.925,213.79,1
ROST,2019-10-21,2019-10-22,2019-11-26,2-3%,-2.313,111.6015,114.0159,tp_gap_filled,62.3532,6958.71,2.163,150.54,25
WAT,2019-10-08,2019-10-11,2019-11-27,3-5%,-3.982,214.7946,223.2565,tp_gap_filled,32.016,6876.86,3.94,270.92,33
LYV,2019-11-01,2019-11-19,2019-11-27,3-5%,-3.546,68.068,70.4295,tp_gap_filled,108.1474,7361.37,3.469,255.39,6
BDX,2019-11-05,2019-11-26,2019-11-27,2-3%,-2.202,195.747,199.754,tp_gap_filled,38.1455,7466.86,2.047,152.85,1
ADI,2019-11-26,2019-11-27,2019-11-29,3-5%,-3.817,108.7286,112.8171,tp_gap_filled,69.077,7510.65,3.76,282.42,1
COO,2019-08-30,2019-09-03,2019-12-02,5-10%,-7.541,76.0285,77.8671,time_exit,84.0501,6390.2,2.418,154.53,63
PCG,2019-11-29,2019-12-02,2019-12-03,3-5%,-3.311,7.3073,7.5425,tp_gap_filled,1012.777,7400.67,3.218,238.15,1
SWKS,2019-11-13,2019-11-14,2019-12-06,5-10%,-5.896,95.6956,101.4884,tp_gap_filled,76.2051,7292.49,6.053,441.44,15
FDS,2019-09-26,2019-10-17,2019-12-10,5-10%,-7.819,250.0498,270.719,tp_gap_filled,27.794,6949.88,8.266,574.48,37
CIEN,2019-10-01,2019-10-11,2019-12-12,3-5%,-3.008,38.088,39.1908,tp_gap_filled,180.5186,6875.6,2.895,199.06,43
AMAT,2019-11-21,2019-11-22,2019-12-12,5-10%,-5.046,56.6966,59.5904,tp_gap_filled,129.7557,7356.71,5.104,375.48,13
DDOG,2019-12-09,2019-12-10,2019-12-12,3-5%,-3.564,34.6646,35.8741,tp_gap_filled,213.9772,7417.44,3.489,258.8,2
APA,2019-12-02,2019-12-06,2019-12-13,10%+,-10.233,20.02,22.2577,tp_gap_filled,371.9518,7446.48,11.177,832.32,5
PGR,2019-12-11,2019-12-12,2019-12-13,5-10%,-5.065,69.2292,72.7771,tp_gap_filled,109.2275,7561.73,5.125,387.54,1
MRVL,2019-12-03,2019-12-12,2019-12-13,3-5%,-3.371,24.9649,25.7842,tp_gap_filled,303.3986,7574.33,3.282,248.56,1
DAL,2019-09-16,2019-09-17,2019-12-16,3-5%,-3.299,58.088,58.3616,time_exit,119.1497,6921.17,0.471,32.59,63
TXN,2019-10-23,2019-10-24,2019-12-16,5-10%,-9.155,116.9168,128.4414,tp_gap_filled,59.7168,6981.9,9.857,688.21,36
SMCI,2019-11-18,2019-11-19,2019-12-16,2-3%,-2.615,2.1622,2.2158,tp_gap_filled,3404.8923,7361.92,2.48,182.58,18
KLAC,2019-11-21,2019-11-27,2019-12-16,3-5%,-4.497,16.6026,17.3496,tp_gap_filled,452.4125,7511.22,4.5,337.97,12
WST,2019-12-12,2019-12-13,2019-12-16,2-3%,-2.236,143.5334,146.5233,tp_gap_filled,52.9397,7598.61,2.083,158.29,1
HST,2019-12-12,2019-12-13,2019-12-16,2-3%,-2.233,17.5275,17.8921,tp_gap_filled,433.8103,7603.61,2.08,158.16,1
VRSK,2019-10-30,2019-10-31,2019-12-17,2-3%,-2.631,146.3162,149.9699,tp_gap_filled,48.8759,7151.33,2.497,178.58,32
CNP,2019-11-15,2019-12-13,2019-12-17,3-5%,-3.784,25.7057,26.6633,tp_gap_filled,295.5106,7596.3,3.725,282.99,2
AVGO,2019-12-13,2019-12-16,2019-12-18,2-3%,-2.971,31.8378,32.7472,tp_gap_filled,240.2475,7648.95,2.856,218.48,2
PCG,2019-12-16,2019-12-17,2019-12-18,10%+,-20.907,8.8989,11.2288,tp_gap_filled,861.7384,7668.52,26.182,2007.74,1
FDX,2019-09-18,2019-09-20,2019-12-19,10%+,-11.541,123.6529,118.3505,time_exit,55.6211,6877.72,-4.288,-294.93,63
BKNG,2019-11-07,2019-11-08,2019-12-19,3-5%,-3.473,77.7657,80.4031,tp_gap_filled,93.4824,7269.72,3.391,246.55,28
DDOG,2019-12-17,2019-12-18,2019-12-20,2-3%,-2.398,37.8979,38.7512,tp_gap_filled,203.9248,7728.32,2.252,174.02,2
WDC,2019-10-31,2019-12-16,2019-12-23,5-10%,-7.802,43.3615,46.9371,tp_gap_filled,176.5125,7653.85,8.246,631.14,5
REGN,2019-12-16,2019-12-17,2019-12-23,2-3%,-2.279,368.2078,376.0436,tp_gap_filled,20.9816,7725.58,2.128,164.41,4
TFC,2019-12-20,2019-12-23,2019-12-24,3-5%,-3.295,54.3443,56.0839,tp_gap_filled,144.2517,7839.26,3.201,250.94,1
LULU,2019-12-12,2019-12-16,2019-12-26,3-5%,-3.062,226.2761,232.9568,tp_gap_filled,33.8082,7650.0,2.952,225.86,7
FDS,2019-12-20,2019-12-23,2019-12-27,2-3%,-2.757,262.6424,269.5502,tp_gap_filled,29.8816,7848.18,2.63,206.42,3
ULTA,2019-08-30,2019-10-01,2019-12-31,10%+,-25.082,253.0628,252.8869,time_exit,26.6024,6732.07,-0.07,-4.68,63
DE,2019-11-27,2019-11-29,2020-01-02,3-5%,-4.614,168.6685,176.4733,tp_gap_filled,44.4144,7491.3,4.627,346.65,22
COHR,2019-11-12,2019-12-17,2020-01-02,5-10%,-6.143,33.033,35.1248,tp_gap_filled,233.8959,7726.28,6.333,489.27,10
UBER,2019-11-05,2019-11-21,2020-01-03,5-10%,-6.274,29.1591,31.0489,tp_gap_filled,250.5771,7306.61,6.481,473.54,28
OXY,2019-11-05,2020-01-02,2020-01-03,3-5%,-4.703,42.1922,44.1858,tp_gap_filled,187.3938,7906.55,4.725,373.59,1
TSLA,2019-12-31,2020-01-02,2020-01-03,2-3%,-2.339,27.027,27.619,tp_gap_filled,292.6322,7908.97,2.19,173.24,1
TKO,2019-10-31,2019-11-18,2020-01-07,10%+,-11.725,58.7087,66.3736,tp_gap_filled,124.778,7325.55,13.056,956.41,33
BA,2019-12-16,2019-12-17,2020-01-07,3-5%,-3.846,328.8585,341.3283,tp_gap_filled,23.4965,7727.04,3.792,293.0,13
GE,2020-01-03,2020-01-06,2020-01-07,3-5%,-3.018,57.7241,59.4013,tp_gap_filled,137.0175,7909.22,2.905,229.8,1
CPAY,2019-12-19,2019-12-20,2020-01-08,2-3%,-2.48,289.7194,296.4932,tp_gap_filled,26.9994,7822.26,2.338,182.89,11
JBHT,2020-01-06,2020-01-07,2020-01-08,3-5%,-4.965,111.3312,116.913,tp_gap_filled,71.0679,7912.07,5.014,396.68,1
XYZ,2020-01-06,2020-01-07,2020-01-08,2-3%,-2.603,61.4214,62.937,tp_gap_filled,129.0774,7928.11,2.468,195.63,1
WDAY,2019-10-16,2019-11-20,2020-01-09,5-10%,-7.162,168.168,180.779,tp_gap_filled,43.5524,7324.11,7.499,549.24,33
JKHY,2019-12-11,2019-12-12,2020-01-10,2-3%,-2.206,145.5754,148.5613,tp_gap_filled,52.0765,7581.05,2.051,155.49,19
TDG,2019-12-27,2020-01-03,2020-01-10,3-5%,-4.982,568.568,597.1822,tp_gap_filled,13.8984,7902.17,5.033,397.69,5
WAT,2020-01-08,2020-01-09,2020-01-10,3-5%,-4.733,221.221,231.748,tp_gap_filled,36.0682,7979.05,4.759,379.69,1
PNW,2019-11-07,2019-11-08,2020-01-13,3-5%,-4.574,87.087,91.0788,tp_gap_filled,83.4988,7271.66,4.584,333.31,43
BAX,2019-10-24,2019-11-12,2020-01-13,5-10%,-9.608,79.5795,87.862,tp_gap_filled,91.3261,7267.68,10.408,756.41,41
PCG,2019-12-19,2019-12-23,2020-01-13,2-3%,-2.034,11.0911,11.2987,tp_gap_filled,708.0695,7853.26,1.872,147.0,13
ACN,2020-01-07,2020-01-08,2020-01-13,2-3%,-2.509,203.4032,208.2216,tp_gap_filled,39.1003,7953.12,2.369,188.4,3
COHR,2020-01-10,2020-01-13,2020-01-14,2-3%,-2.917,35.9759,36.983,tp_gap_filled,223.6197,8044.93,2.799,225.19,1
MRVL,2020-01-03,2020-01-13,2020-01-14,2-3%,-2.812,26.6366,27.3526,tp_gap_filled,302.2587,8051.15,2.688,216.42,1
DOC,2019-11-06,2019-11-15,2020-01-15,3-5%,-3.857,34.4344,35.7442,tp_gap_filled,213.0738,7337.07,3.804,279.09,40
PGR,2020-01-07,2020-01-08,2020-01-15,3-5%,-3.528,73.073,75.5943,tp_gap_filled,108.8047,7950.69,3.45,274.33,5
ARE,2020-01-07,2020-01-08,2020-01-15,2-3%,-2.819,156.6465,160.869,tp_gap_filled,50.7583,7951.11,2.696,214.33,5
CSCO,2019-11-14,2019-11-15,2020-01-16,5-10%,-5.984,45.6056,48.4115,tp_gap_filled,160.9417,7339.84,6.153,451.6,41
CCL,2020-01-03,2020-01-14,2020-01-16,2-3%,-2.456,50.1,51.2587,tp_gap_filled,161.5078,8091.55,2.313,187.13,2
DG,2019-11-26,2019-11-27,2020-01-17,2-3%,-2.27,156.4463,159.7601,tp_gap_filled,48.081,7522.1,2.118,159.33,34
IFF,2019-12-16,2019-12-26,2020-01-17,5-10%,-6.053,125.9959,133.846,tp_gap_filled,62.414,7863.91,6.23,489.96,15
UAL,2020-01-03,2020-01-06,2020-01-17,3-5%,-3.276,86.8868,89.6503,tp_gap_filled,91.0006,7906.75,3.181,251.48,9
TTWO,2020-01-14,2020-01-15,2020-01-17,2-3%,-2.289,125.6355,128.3215,tp_gap_filled,64.451,8097.34,2.138,173.12,2
SMCI,2020-01-15,2020-01-16,2020-01-17,2-3%,-2.237,2.7127,2.7692,tp_gap_filled,3017.4136,8185.37,2.083,170.54,1
BBY,2020-01-15,2020-01-16,2020-01-21,3-5%,-3.172,87.6876,90.3795,tp_gap_filled,93.3022,8181.44,3.07,251.16,2
ZBRA,2020-01-08,2020-01-16,2020-01-21,2-3%,-2.024,251.5313,256.2135,tp_gap_filled,32.6014,8200.28,1.861,152.65,2
TSLA,2020-01-16,2020-01-17,2020-01-21,3-5%,-4.773,32.9496,34.5321,tp_gap_filled,248.7231,8195.32,4.803,393.61,1
IBM,2019-10-17,2019-10-24,2020-01-22,5-10%,-5.003,129.1922,135.7246,tp_gap_filled,54.1904,7000.97,5.056,353.99,60
AXON,2020-01-03,2020-01-06,2020-01-22,5-10%,-5.564,72.3723,76.4834,tp_gap_filled,109.4336,7919.96,5.681,449.9,11
HAS,2019-10-22,2019-10-23,2020-01-24,10%+,-15.937,101.111,104.5753,time_exit,69.0123,6977.9,3.426,239.08,63
TRV,2019-10-22,2019-10-23,2020-01-24,5-10%,-6.582,132.7026,134.6452,time_exit,52.5534,6973.97,1.464,102.09,63
KMB,2020-01-23,2020-01-24,2020-01-27,2-3%,-2.964,140.2501,144.2456,tp_gap_filled,57.8338,8111.19,2.849,231.07,1
EBAY,2019-10-24,2019-10-25,2020-01-28,5-10%,-8.75,35.8058,36.1738,time_exit,194.9947,6981.94,1.028,71.76,63
PFG,2019-10-25,2019-10-28,2020-01-29,5-10%,-7.666,53.053,54.4255,time_exit,132.3452,7021.31,2.587,181.65,63
MGM,2020-01-27,2020-01-28,2020-01-29,5-10%,-6.557,29.5295,31.5384,tp_gap_filled,271.5284,8018.1,6.803,545.48,1
YUM,2019-10-30,2019-10-31,2020-02-03,5-10%,-6.59,102.5925,106.3036,time_exit,69.7241,7153.17,3.617,258.75,63
PSA,2019-10-30,2019-10-31,2020-02-03,3-5%,-3.464,226.7966,223.9558,time_exit,31.5502,7155.47,-1.253,-89.63,63
SYK,2019-10-30,2019-10-31,2020-02-03,2-3%,-2.512,215.205,211.4284,time_exit,33.2181,7148.7,-1.755,-125.45,63
GILD,2019-12-13,2019-12-16,2020-02-03,2-3%,-2.041,66.3162,67.5624,tp_gap_filled,115.3979,7652.76,1.879,143.8,32
XYL,2019-10-31,2020-01-03,2020-02-03,3-5%,-4.83,80.08,83.9759,tp_gap_filled,98.7321,7906.47,4.865,384.65,20
FAST,2020-01-17,2020-01-21,2020-02-05,2-3%,-2.519,18.2032,18.6363,tp_gap_filled,449.5997,8184.15,2.38,194.75,11
FCX,2020-01-23,2020-01-24,2020-02-05,5-10%,-7.143,11.4514,12.3077,tp_gap_filled,707.5119,8102.03,7.477,605.8,8
TRGP,2020-01-30,2020-02-03,2020-02-05,3-5%,-3.706,36.6766,38.0119,tp_gap_filled,216.895,7954.98,3.641,289.62,2
AMGN,2020-01-31,2020-02-03,2020-02-05,3-5%,-3.268,218.9788,225.9238,tp_gap_filled,36.3238,7954.14,3.172,252.27,2
HD,2019-11-19,2020-01-17,2020-02-06,3-5%,-3.454,230.8306,238.6112,tp_gap_filled,35.5425,8204.31,3.371,276.54,13
EL,2020-01-27,2020-01-28,2020-02-06,5-10%,-6.492,192.202,205.1347,tp_gap_filled,41.7849,8031.14,6.729,540.39,7
TECH,2020-02-04,2020-02-05,2020-02-06,3-5%,-3.498,50.05,51.7607,tp_gap_filled,164.1522,8215.82,3.418,280.81,1
DELL,2019-11-27,2019-12-23,2020-02-12,3-5%,-4.023,25.9002,26.932,tp_gap_filled,302.7985,7842.53,3.984,312.43,34
ELV,2020-01-29,2020-02-05,2020-02-12,3-5%,-3.727,279.7795,290.0297,tp_gap_filled,29.3389,8208.43,3.664,300.73,5
V,2020-01-31,2020-02-03,2020-02-13,3-5%,-3.228,201.6915,208.0018,tp_gap_filled,39.4245,7951.59,3.129,248.78,8
CASY,2019-12-10,2020-01-10,2020-02-18,5-10%,-5.886,165.165,175.1447,tp_gap_filled,48.2371,7967.09,6.042,481.39,25
PANW,2019-11-26,2019-12-03,2020-02-19,5-10%,-8.902,38.038,41.6716,tp_gap_filled,193.5583,7362.57,9.553,703.32,52
FSLR,2020-01-15,2020-02-12,2020-02-20,5-10%,-6.073,55.2652,58.7212,tp_gap_filled,149.3338,8252.97,6.253,516.1,5
ALGN,2020-01-14,2020-01-15,2020-02-24,3-5%,-3.989,286.4662,240.391,stop,28.307,8109.01,-16.084,-1304.25,26
MS,2020-01-21,2020-01-22,2020-02-24,2-3%,-2.834,55.9359,49.7332,stop,146.34,8185.66,-11.089,-907.71,22
IP,2020-01-21,2020-01-22,2020-02-25,2-3%,-2.601,42.2392,37.5553,stop,193.7842,8185.28,-11.089,-907.67,23
SLB,2020-01-27,2020-01-29,2020-02-26,3-5%,-3.411,34.5845,29.022,stop,232.0061,8023.83,-16.084,-1290.55,19
PPG,2020-01-16,2020-01-17,2020-02-27,3-5%,-3.358,126.4763,106.1339,stop,64.8784,8205.59,-16.084,-1319.79,27
JBHT,2020-01-17,2020-01-21,2020-02-27,3-5%,-4.334,114.6846,96.2387,stop,71.3379,8181.35,-16.084,-1315.89,26
WYNN,2020-01-21,2020-01-22,2020-02-27,5-10%,-5.593,143.2831,105.9235,stop,57.1717,8191.74,-26.074,-2135.91,25
XYZ,2020-02-24,2020-02-25,2020-02-27,5-10%,-8.288,76.6466,83.4065,tp_gap_filled,100.4793,7701.39,8.82,679.23,2
ORCL,2019-12-13,2020-01-14,2020-02-28,2-3%,-2.603,55.055,48.95,stop,146.9876,8092.4,-11.089,-897.37,31
NI,2020-02-26,2020-02-27,2020-03-02,2-3%,-2.537,27.6877,28.3516,tp_gap_filled,268.2726,7427.84,2.398,178.12,2
TTD,2020-02-27,2020-02-28,2020-03-02,5-10%,-5.152,25.3403,26.6633,tp_gap_filled,291.3484,7382.86,5.221,385.45,1
NVDA,2020-02-27,2020-02-28,2020-03-02,3-5%,-4.764,6.3789,6.6846,tp_gap_filled,1162.5459,7415.73,4.792,355.37,1
MRNA,2020-02-28,2020-03-02,2020-03-03,10%+,-10.627,23.4034,26.1338,tp_gap_filled,325.0147,7606.44,11.667,887.44,1
UBER,2020-02-27,2020-02-28,2020-03-04,5-10%,-7.025,32.062,34.4156,tp_gap_filled,229.836,7369.01,7.341,540.92,3
CCI,2020-02-27,2020-03-02,2020-03-04,5-10%,-8.575,148.8887,162.5273,tp_gap_filled,51.5594,7676.61,9.16,703.2,2
MPWR,2020-02-24,2020-02-26,2020-03-05,3-5%,-4.62,168.6385,176.4534,tp_gap_filled,45.3555,7648.68,4.634,354.45,6
BNY,2020-01-16,2020-01-17,2020-03-09,5-10%,-7.773,46.7967,34.595,stop,175.237,8200.52,-26.074,-2138.2,34
LVS,2020-01-21,2020-01-22,2020-03-09,5-10%,-6.13,69.5895,51.4447,stop,117.723,8192.29,-26.074,-2136.06,32
IT,2020-02-04,2020-02-05,2020-03-09,5-10%,-5.084,155.6755,115.0847,stop,52.7433,8210.84,-26.074,-2140.89,22
ON,2020-02-03,2020-02-06,2020-03-09,5-10%,-7.343,21.4715,15.873,stop,382.6267,8215.55,-26.074,-2142.12,21
BLDR,2020-02-21,2020-02-24,2020-03-09,5-10%,-6.21,26.4564,19.5582,stop,300.2128,7942.56,-26.074,-2070.94,10
CRM,2020-02-26,2020-02-27,2020-03-09,2-3%,-2.609,176.7165,157.1204,stop,42.0687,7434.24,-11.089,-824.38,7
MRNA,2020-03-03,2020-03-04,2020-03-09,5-10%,-6.948,27.8318,29.8501,tp_gap_filled,279.7574,7786.15,7.252,564.64,3
XEL,2020-03-06,2020-03-09,2020-03-10,3-5%,-3.957,66.5765,69.1808,tp_gap_filled,106.9629,7121.22,3.912,278.56,1
IDXX,2020-03-06,2020-03-09,2020-03-10,3-5%,-3.809,245.6854,254.9048,tp_gap_filled,28.9712,7117.8,3.753,267.1,1
LII,2020-03-06,2020-03-09,2020-03-10,3-5%,-3.656,246.6664,255.5142,tp_gap_filled,28.8448,7115.04,3.587,255.21,1
GIS,2020-03-06,2020-03-09,2020-03-10,3-5%,-3.131,52.6526,54.2457,tp_gap_filled,135.212,7119.26,3.026,215.41,1
VRSN,2020-02-07,2020-02-13,2020-03-11,3-5%,-3.66,209.209,175.5598,stop,39.3534,8233.1,-16.084,-1324.21,18
EQT,2020-03-09,2020-03-10,2020-03-11,10%+,-23.005,4.9249,6.3836,tp_gap_filled,1500.9668,7392.14,29.619,2189.44,1
VRT,2020-03-09,2020-03-10,2020-03-11,10%+,-15.0,8.5085,9.99,tp_gap_filled,881.3498,7498.96,17.412,1305.72,1
FFIV,2019-12-20,2019-12-23,2020-03-12,5-10%,-7.788,132.6325,98.0499,stop,59.0347,7829.93,-26.074,-2041.57,54
SW,2020-01-06,2020-01-07,2020-03-12,3-5%,-3.268,37.6276,31.5756,stop,210.671,7927.04,-16.084,-1274.99,45
CHRW,2019-10-30,2020-01-15,2020-03-12,5-10%,-9.302,82.1821,60.7539,stop,98.6094,8103.93,-26.074,-2113.02,39
BSX,2020-01-14,2020-01-15,2020-03-12,5-10%,-6.73,42.4524,31.3834,stop,190.9965,8108.26,-26.074,-2114.15,39
MKC,2020-01-28,2020-01-29,2020-03-12,3-5%,-4.869,82.2322,69.0059,stop,97.5171,8019.04,-16.084,-1289.78,30
VRSK,2020-02-19,2020-02-20,2020-03-12,3-5%,-3.544,165.6455,139.0031,stop,49.9851,8279.8,-16.084,-1331.72,15
HLT,2020-03-05,2020-03-06,2020-03-12,3-5%,-4.36,94.1941,79.0439,stop,79.9336,7529.28,-16.084,-1211.01,4
AEP,2020-03-06,2020-03-09,2020-03-12,2-3%,-2.925,95.9959,85.3509,stop,74.232,7125.97,-11.089,-790.2,3
ANET,2020-02-14,2020-02-18,2020-03-13,5-10%,-8.467,13.6073,10.0594,stop,604.0515,8219.54,-26.074,-2143.16,18
EQT,2020-03-11,2020-03-12,2020-03-13,5-10%,-5.099,6.7067,7.0529,tp_gap_filled,999.4404,6702.95,5.163,346.05,1
IDXX,2020-03-11,2020-03-12,2020-03-13,3-5%,-3.826,245.8356,255.1046,tp_gap_filled,27.2976,6710.72,3.77,253.02,1
CNC,2020-03-11,2020-03-12,2020-03-13,3-5%,-3.727,58.1781,60.3096,tp_gap_filled,115.2722,6706.32,3.664,245.7,1
EW,2020-03-11,2020-03-12,2020-03-13,2-3%,-2.913,65.719,58.4314,stop,101.9841,6702.29,-11.089,-743.22,1
MRK,2020-02-05,2020-02-06,2020-03-16,3-5%,-4.165,80.8823,67.8732,stop,101.4856,8208.39,-16.084,-1320.24,26
O,2020-02-27,2020-03-02,2020-03-16,5-10%,-6.846,72.0681,53.2771,stop,106.6941,7689.24,-26.074,-2004.89,10
UNH,2020-02-24,2020-03-04,2020-03-16,3-5%,-4.824,287.1769,240.9874,stop,27.1016,7782.97,-16.084,-1251.81,8
GLW,2020-03-06,2020-03-09,2020-03-16,3-5%,-3.821,23.6837,19.8744,stop,300.8934,7126.26,-16.084,-1146.19,5
WDC,2020-03-09,2020-03-10,2020-03-16,5-10%,-9.446,37.4978,27.7206,stop,201.8726,7569.77,-26.074,-1973.74,4
WTW,2020-03-11,2020-03-12,2020-03-16,2-3%,-2.904,182.4022,162.1756,stop,36.6816,6690.8,-11.089,-741.94,2
ELV,2020-03-11,2020-03-12,2020-03-16,2-3%,-2.604,278.8786,247.9538,stop,23.9497,6679.06,-11.089,-740.64,2
MAS,2020-02-11,2020-02-12,2020-03-17,5-10%,-6.747,46.3463,34.262,stop,177.9804,8248.73,-26.074,-2150.77,23
PODD,2020-03-02,2020-03-03,2020-03-17,5-10%,-5.248,180.18,133.1999,stop,41.5999,7495.48,-26.074,-1954.37,10
FERG,2020-03-06,2020-03-09,2020-03-17,5-10%,-6.68,86.1361,63.6769,stop,82.6295,7117.38,-26.074,-1855.79,6
AEP,2020-03-12,2020-03-13,2020-03-17,5-10%,-7.49,83.083,89.6303,tp_gap_filled,83.8722,6968.36,7.88,549.14,2
WMT,2020-03-12,2020-03-13,2020-03-17,5-10%,-7.349,35.3753,38.1052,tp_gap_filled,197.4282,6984.09,7.717,538.95,2
CMS,2020-03-12,2020-03-13,2020-03-17,5-10%,-7.083,58.8288,63.1868,tp_gap_filled,119.0163,7001.58,7.408,518.67,2
KR,2020-03-11,2020-03-16,2020-03-17,2-3%,-2.423,31.8418,32.5674,tp_gap_filled,197.7883,6297.94,2.279,143.51,1
SJM,2020-03-11,2020-03-16,2020-03-17,2-3%,-2.25,108.6986,110.9789,tp_gap_filled,57.8945,6293.05,2.098,132.02,1
KMB,2020-03-11,2020-03-16,2020-03-17,2-3%,-2.142,138.138,140.879,tp_gap_filled,45.5442,6291.39,1.984,124.84,1
WEC,2020-03-11,2020-03-16,2020-03-17,2-3%,-2.028,100.08,101.948,tp_gap_filled,62.8116,6286.18,1.866,117.33,1
TTWO,2020-02-05,2020-02-06,2020-03-18,3-5%,-3.53,122.5724,102.8579,stop,66.9918,8211.34,-16.084,-1320.71,28
HLT,2020-03-12,2020-03-13,2020-03-18,10%+,-11.937,71.4814,44.9883,stop,97.0015,6933.81,-37.063,-2569.88,3
XYZ,2020-03-12,2020-03-13,2020-03-18,10%+,-11.915,55.055,34.65,stop,126.3631,6956.92,-37.063,-2578.44,3
ERIE,2020-03-16,2020-03-17,2020-03-18,10%+,-15.864,130.3302,154.5952,tp_gap_filled,50.447,6574.77,18.618,1224.1,1
COR,2020-03-16,2020-03-17,2020-03-18,10%+,-15.556,76.076,89.91,tp_gap_filled,87.3547,6645.59,18.184,1208.46,1
KHC,2020-03-16,2020-03-17,2020-03-18,10%+,-12.808,20.9209,23.946,tp_gap_filled,321.1054,6717.81,14.46,971.39,1
EQT,2020-03-16,2020-03-17,2020-03-18,10%+,-11.123,8.4785,9.5205,tp_gap_filled,797.3518,6760.32,12.29,830.84,1
DPZ,2020-03-12,2020-03-13,2020-03-19,5-10%,-7.407,308.328,332.3273,tp_gap_filled,22.6312,6977.83,7.784,543.13,4
CBOE,2020-03-12,2020-03-13,2020-03-19,5-10%,-6.939,99.069,73.2377,stop,70.8164,7015.71,-26.074,-1829.28,4
DVA,2020-03-16,2020-03-17,2020-03-19,10%+,-10.467,68.068,75.874,tp_gap_filled,99.749,6789.71,11.468,778.65,2
AKAM,2020-03-05,2020-03-18,2020-03-19,2-3%,-2.919,92.2221,94.8051,tp_gap_filled,69.2943,6390.47,2.801,178.99,1
GILD,2020-03-09,2020-03-18,2020-03-19,2-3%,-2.867,77.9979,80.1398,tp_gap_filled,82.0757,6401.74,2.746,175.79,1
EXPD,2020-01-17,2020-01-21,2020-03-20,5-10%,-6.823,75.8658,56.0845,stop,107.9273,8187.99,-26.074,-2134.94,42
KLAC,2020-02-18,2020-02-19,2020-03-20,5-10%,-5.264,16.7167,12.358,stop,495.634,8285.37,-26.074,-2160.33,22
WST,2020-03-06,2020-03-18,2020-03-20,2-3%,-2.404,149.9398,133.313,stop,42.7213,6405.63,-11.089,-710.32,2
HLT,2020-03-18,2020-03-19,2020-03-20,10%+,-10.52,58.068,64.7652,tp_gap_filled,109.4209,6353.85,11.533,732.81,1
BR,2020-01-31,2020-02-03,2020-03-23,5-10%,-6.929,120.6105,89.1625,stop,66.0322,7964.18,-26.074,-2076.58,34
WAT,2020-02-04,2020-02-05,2020-03-23,5-10%,-5.114,214.7045,158.7224,stop,38.2067,8203.15,-26.074,-2138.89,32
XYZ,2020-03-18,2020-03-19,2020-03-24,5-10%,-8.272,41.071,44.6853,tp_gap_filled,154.7007,6353.72,8.8,559.13,3
TTWO,2020-03-18,2020-03-23,2020-03-24,3-5%,-4.138,111.7617,116.3535,tp_gap_filled,52.873,5909.17,4.109,242.79,1
WDC,2020-03-16,2020-03-17,2020-03-25,10%+,-15.495,26.7387,31.5784,tp_gap_filled,250.0,6684.68,18.1,1209.91,6
UNH,2020-03-18,2020-03-19,2020-03-25,5-10%,-7.563,225.9757,243.9758,tp_gap_filled,28.1159,6353.51,7.965,506.09,4
CRWD,2020-03-06,2020-03-24,2020-03-25,3-5%,-3.004,13.5736,13.966,tp_gap_filled,464.8561,6309.75,2.891,182.44,1
ODFL,2020-03-11,2020-03-24,2020-03-25,2-3%,-2.967,61.7617,63.5231,tp_gap_filled,102.3533,6321.51,2.852,180.28,1
VZ,2020-03-23,2020-03-24,2020-03-25,2-3%,-2.297,50.6606,51.7482,tp_gap_filled,124.8396,6324.45,2.147,135.77,1
MPWR,2020-03-16,2020-03-17,2020-03-26,10%+,-11.175,151.6515,170.3894,tp_gap_filled,44.503,6748.95,12.356,833.89,7
OTIS,2020-03-23,2020-03-25,2020-03-26,5-10%,-6.667,42.042,44.955,tp_gap_filled,150.4933,6327.04,6.929,438.39,1
LITE,2020-03-11,2020-03-25,2020-03-26,3-5%,-4.08,74.6045,77.6223,tp_gap_filled,84.7125,6319.94,4.045,255.64,1
TSN,2020-03-06,2020-03-25,2020-03-27,2-3%,-2.791,65.2051,57.9745,stop,96.7901,6311.21,-11.089,-699.85,2
VRSK,2020-03-18,2020-03-19,2020-03-30,5-10%,-8.092,133.133,144.5653,tp_gap_filled,47.6831,6348.19,8.587,545.13,7
JKHY,2020-03-18,2020-03-19,2020-03-30,5-10%,-7.126,145.2051,156.0338,tp_gap_filled,43.7156,6347.72,7.458,473.39,7
WTW,2020-03-18,2020-03-24,2020-03-30,3-5%,-4.667,165.205,172.9469,tp_gap_filled,38.211,6312.65,4.686,295.82,4
CCI,2020-03-18,2020-03-26,2020-03-30,3-5%,-3.888,141.3012,146.7231,tp_gap_filled,46.8687,6622.59,3.837,254.12,2
BSX,2020-03-16,2020-03-17,2020-03-31,10%+,-11.166,28.7487,32.2977,tp_gap_filled,235.1409,6760.0,12.345,834.5,10
MSCI,2020-03-06,2020-03-26,2020-03-31,3-5%,-3.274,291.331,300.5891,tp_gap_filled,22.7385,6624.42,3.178,210.51,3
CHRW,2020-03-27,2020-03-30,2020-03-31,3-5%,-4.386,63.063,65.8241,tp_gap_filled,106.721,6730.15,4.378,294.67,1
TSCO,2020-03-11,2020-03-24,2020-04-01,3-5%,-4.048,16.7027,17.3726,tp_gap_filled,378.2961,6318.56,4.011,253.43,6
CRM,2020-03-11,2020-03-25,2020-04-01,2-3%,-2.269,157.8377,140.3351,stop,39.9443,6304.71,-11.089,-699.13,5
OTIS,2020-03-30,2020-03-31,2020-04-01,2-3%,-2.178,44.2942,45.1898,tp_gap_filled,149.3196,6614.0,2.022,133.72,1
MKC,2020-03-31,2020-04-01,2020-04-02,2-3%,-2.298,69.9999,71.5034,tp_gap_filled,91.9143,6434.0,2.148,138.19,1
VRTX,2020-03-05,2020-03-31,2020-04-03,2-3%,-2.478,239.4792,245.0747,tp_gap_filled,27.6241,6615.41,2.337,154.57,3
DXCM,2020-04-01,2020-04-02,2020-04-03,5-10%,-5.11,63.9414,67.2502,tp_gap_filled,101.6705,6500.95,5.175,336.41,1
INCY,2020-01-03,2020-01-06,2020-04-06,10%+,-11.423,76.2262,85.0249,time_exit,103.8503,7916.11,11.543,913.75,63
AKAM,2020-03-19,2020-03-25,2020-04-06,3-5%,-3.502,93.7937,97.0029,tp_gap_filled,67.3947,6321.2,3.422,216.28,8
CIEN,2020-03-06,2020-04-03,2020-04-06,3-5%,-3.008,41.6316,42.8371,tp_gap_filled,154.0369,6412.8,2.896,185.7,1
AMT,2020-03-16,2020-03-17,2020-04-07,10%+,-13.532,206.8566,238.751,tp_gap_filled,32.2752,6676.33,15.419,1029.4,15
KEYS,2020-03-18,2020-03-24,2020-04-07,5-10%,-8.026,86.7166,94.0958,tp_gap_filled,72.8426,6316.67,8.51,537.52,10
MAS,2020-03-18,2020-03-25,2020-04-07,5-10%,-5.469,34.4344,36.3536,tp_gap_filled,183.5914,6321.86,5.574,352.35,9
HLT,2020-03-27,2020-03-30,2020-04-07,5-10%,-5.738,69.069,73.1268,tp_gap_filled,97.2974,6720.23,5.875,394.81,6
UNH,2020-03-27,2020-03-30,2020-04-07,3-5%,-4.875,243.1829,255.1346,tp_gap_filled,27.6363,6720.68,4.915,330.3,6
DPZ,2020-03-31,2020-04-01,2020-04-07,5-10%,-6.273,325.325,346.4032,tp_gap_filled,19.7617,6428.99,6.479,416.54,4
MCK,2020-03-31,2020-04-01,2020-04-07,3-5%,-3.442,133.4033,137.882,tp_gap_filled,48.2338,6434.55,3.357,216.03,4
XYZ,2020-04-01,2020-04-06,2020-04-07,3-5%,-4.964,49.8298,52.3276,tp_gap_filled,135.7016,6761.98,5.013,338.96,1
MPWR,2020-04-01,2020-04-06,2020-04-07,3-5%,-4.12,160.7206,167.2925,tp_gap_filled,42.0895,6764.65,4.089,276.61,1
CRM,2020-04-01,2020-04-06,2020-04-07,3-5%,-3.931,138.4583,143.836,tp_gap_filled,48.951,6777.67,3.884,263.24,1
CNC,2020-03-16,2020-03-17,2020-04-08,10%+,-10.697,56.8268,63.5064,tp_gap_filled,119.3994,6785.08,11.754,797.55,16
CAT,2020-03-05,2020-04-07,2020-04-08,3-5%,-3.336,123.2732,127.2726,tp_gap_filled,55.8228,6881.46,3.244,223.26,1
TER,2020-03-05,2020-04-07,2020-04-08,2-3%,-2.929,60.7006,62.4075,tp_gap_filled,113.3256,6878.94,2.812,193.43,1
NDSN,2020-03-05,2020-04-07,2020-04-08,2-3%,-2.66,144.3042,147.9519,tp_gap_filled,47.3131,6827.48,2.528,172.59,1
NEM,2020-03-09,2020-03-26,2020-04-09,3-5%,-4.489,50.05,52.2976,tp_gap_filled,132.4757,6630.41,4.491,297.76,10
LNT,2020-03-18,2020-03-30,2020-04-09,3-5%,-4.392,50.1201,52.3176,tp_gap_filled,134.2403,6728.14,4.385,295.0,8
OTIS,2020-04-01,2020-04-02,2020-04-09,5-10%,-8.02,46.036,49.95,tp_gap_filled,141.4231,6510.55,8.502,553.53,5
MDT,2020-03-06,2020-04-07,2020-04-09,2-3%,-2.895,97.3773,100.0798,tp_gap_filled,70.5835,6873.23,2.775,190.75,2
IEX,2020-03-05,2020-04-07,2020-04-09,2-3%,-2.45,150.2801,153.7461,tp_gap_filled,45.4144,6824.88,2.306,157.4,2
LVS,2020-03-27,2020-04-08,2020-04-09,5-10%,-5.811,45.5955,48.3116,tp_gap_filled,153.8802,7016.25,5.957,417.95,1
DGX,2020-03-27,2020-04-08,2020-04-09,3-5%,-4.013,85.4854,88.881,tp_gap_filled,82.1327,7021.15,3.972,278.89,1
HAS,2020-03-05,2020-04-08,2020-04-09,2-3%,-2.659,75.8558,77.7721,tp_gap_filled,92.5979,7024.09,2.526,177.45,1
JKHY,2020-04-08,2020-04-09,2020-04-13,3-5%,-4.995,158.9888,167.0128,tp_gap_filled,44.8011,7122.87,5.047,359.48,1
AMD,2020-02-24,2020-02-25,2020-04-14,5-10%,-9.572,48.2282,53.2267,tp_gap_filled,159.7593,7704.9,10.364,798.56,34
NVDA,2020-03-05,2020-04-07,2020-04-14,2-3%,-2.815,6.9194,7.1056,tp_gap_filled,992.334,6866.37,2.691,184.8,4
NOC,2020-03-05,2020-04-07,2020-04-14,2-3%,-2.159,339.8195,346.623,tp_gap_filled,20.0652,6818.54,2.002,136.51,4
HUM,2020-03-11,2020-04-07,2020-04-14,2-3%,-2.078,342.382,348.9507,tp_gap_filled,19.8871,6808.98,1.919,130.63,4
PEG,2020-03-11,2020-04-09,2020-04-14,2-3%,-2.531,51.6516,52.8871,tp_gap_filled,138.014,7128.64,2.392,170.51,2
WMT,2020-04-09,2020-04-13,2020-04-14,2-3%,-2.971,39.4461,40.5727,tp_gap_filled,178.2155,7029.9,2.856,200.79,1
DE,2020-03-11,2020-04-07,2020-04-15,2-3%,-2.671,151.0009,134.2564,stop,45.2966,6839.83,-11.089,-758.47,5
TSLA,2020-03-05,2020-04-14,2020-04-15,3-5%,-3.433,48.2996,49.9167,tp_gap_filled,148.6834,7181.35,3.348,240.44,1
FAST,2020-04-13,2020-04-14,2020-04-15,3-5%,-3.004,16.3213,16.7932,tp_gap_filled,439.5841,7174.59,2.891,207.43,1
ELV,2020-03-16,2020-03-17,2020-04-16,10%+,-16.217,226.7265,270.0697,tp_gap_filled,28.9493,6563.58,19.117,1254.76,21
KR,2020-04-07,2020-04-08,2020-04-16,3-5%,-3.586,31.4915,32.5974,tp_gap_filled,223.1587,7027.59,3.512,246.79,5
CHTR,2020-03-06,2020-04-14,2020-04-16,3-5%,-3.623,487.3268,504.6349,tp_gap_filled,14.7339,7180.25,3.552,255.02,2
FDS,2020-03-06,2020-04-09,2020-04-17,3-5%,-3.234,279.7895,288.5612,tp_gap_filled,25.505,7136.02,3.135,223.72,5
HLT,2020-04-15,2020-04-16,2020-04-17,5-10%,-5.671,66.106,69.94,tp_gap_filled,107.4382,7102.31,5.8,411.91,1
HAS,2020-04-15,2020-04-16,2020-04-17,3-5%,-4.942,71.041,74.5853,tp_gap_filled,100.1788,7116.8,4.989,355.07,1
TSCO,2020-04-15,2020-04-16,2020-04-17,3-5%,-4.475,17.7778,18.5734,tp_gap_filled,400.6901,7123.37,4.476,318.81,1
LVS,2020-04-15,2020-04-16,2020-04-17,3-5%,-4.405,46.056,48.0819,tp_gap_filled,154.8016,7129.55,4.399,313.61,1
DGX,2020-04-15,2020-04-16,2020-04-17,3-5%,-4.007,86.5765,90.0099,tp_gap_filled,82.3404,7128.74,3.966,282.71,1
BNY,2020-04-15,2020-04-16,2020-04-17,3-5%,-3.935,34.9449,36.3037,tp_gap_filled,204.3272,7140.2,3.888,277.63,1
TGT,2020-01-15,2020-01-17,2020-04-20,5-10%,-6.203,117.6075,108.871,time_exit,69.6973,8196.92,-7.428,-608.91,63
DTE,2020-03-06,2020-04-09,2020-04-20,2-3%,-2.89,96.1812,85.5157,stop,74.1793,7134.65,-11.089,-791.16,6
XYZ,2020-04-15,2020-04-17,2020-04-20,3-5%,-4.39,59.7297,62.3476,tp_gap_filled,122.3317,7306.83,4.383,320.25,1
NEM,2020-04-17,2020-04-20,2020-04-21,3-5%,-4.708,57.1371,59.8401,tp_gap_filled,125.5549,7173.84,4.731,339.38,1
PYPL,2020-03-05,2020-04-17,2020-04-22,2-3%,-2.836,112.142,115.1847,tp_gap_filled,65.2137,7313.2,2.713,198.42,3
MRNA,2020-04-20,2020-04-21,2020-04-22,3-5%,-3.949,45.045,46.8031,tp_gap_filled,155.6445,7011.01,3.903,273.65,1
NDSN,2020-04-20,2020-04-21,2020-04-22,2-3%,-2.866,148.2581,152.3275,tp_gap_filled,47.4367,7032.87,2.745,193.04,1
KMB,2020-03-18,2020-04-14,2020-04-23,3-5%,-3.63,138.9788,143.9259,tp_gap_filled,51.6506,7178.33,3.56,255.52,7
EBAY,2020-03-05,2020-04-17,2020-04-23,2-3%,-2.624,37.5175,38.4515,tp_gap_filled,194.9176,7312.82,2.49,182.06,4
JBHT,2020-04-21,2020-04-22,2020-04-23,3-5%,-3.836,97.117,100.7891,tp_gap_filled,73.6273,7150.46,3.781,270.37,1
ODFL,2020-04-08,2020-04-09,2020-04-24,3-5%,-3.919,68.5935,71.2487,tp_gap_filled,104.0849,7139.55,3.871,276.36,10
BSX,2020-04-21,2020-04-23,2020-04-24,2-3%,-2.846,36.2262,37.2128,tp_gap_filled,197.9292,7170.22,2.723,195.27,1
AOS,2020-03-16,2020-03-17,2020-04-27,10%+,-10.436,37.1972,41.4485,tp_gap_filled,183.1643,6813.19,11.429,778.7,28
ZBRA,2020-03-05,2020-04-14,2020-04-27,3-5%,-3.027,209.7095,215.824,tp_gap_filled,34.2274,7177.82,2.916,209.28,9
WFC,2020-04-20,2020-04-22,2020-04-27,3-5%,-3.7,27.3573,28.3516,tp_gap_filled,261.6539,7158.15,3.634,260.16,3
META,2020-03-05,2020-04-23,2020-04-27,2-3%,-2.597,186.9668,191.5682,tp_gap_filled,38.3117,7163.02,2.461,176.29,2
TGT,2020-04-23,2020-04-24,2020-04-27,5-10%,-5.747,100.8007,106.7332,tp_gap_filled,72.5616,7314.26,5.885,430.47,1
DDOG,2020-03-09,2020-03-10,2020-04-28,10%+,-11.096,38.8188,43.5764,tp_gap_filled,195.14,7575.1,12.256,928.4,34
GLW,2020-03-16,2020-03-17,2020-04-28,10%+,-13.026,19.8498,22.7772,tp_gap_filled,337.4626,6698.58,14.748,987.88,29
FERG,2020-03-17,2020-03-18,2020-04-28,10%+,-12.565,59.2092,67.5824,tp_gap_filled,107.934,6390.68,14.142,903.75,28
PKG,2020-03-18,2020-03-19,2020-04-28,5-10%,-6.881,87.3773,93.6463,tp_gap_filled,72.7034,6352.63,7.175,455.78,27
CARR,2020-04-01,2020-04-03,2020-04-28,5-10%,-7.246,16.016,17.2328,tp_gap_filled,399.6477,6400.76,7.597,486.27,16
CMI,2020-03-05,2020-04-09,2020-04-28,2-3%,-2.825,152.172,156.2836,tp_gap_filled,46.8611,7130.94,2.702,192.67,12
WDC,2020-04-15,2020-04-17,2020-04-28,3-5%,-3.618,32.6479,33.8059,tp_gap_filled,223.9771,7312.38,3.547,259.37,7
LULU,2020-03-05,2020-04-17,2020-04-28,2-3%,-2.685,225.6254,231.3884,tp_gap_filled,32.4102,7312.56,2.554,186.78,7
UNP,2020-03-05,2020-04-23,2020-04-28,2-3%,-2.793,157.7976,162.0078,tp_gap_filled,45.4466,7171.37,2.668,191.34,3
INTC,2020-04-24,2020-04-27,2020-04-28,3-5%,-4.81,56.2562,58.981,tp_gap_filled,132.7465,7467.81,4.843,361.7,1
IEX,2020-04-24,2020-04-27,2020-04-28,3-5%,-3.931,146.5164,152.2076,tp_gap_filled,51.0662,7482.03,3.884,290.63,1
APH,2020-03-11,2020-04-27,2020-04-28,3-5%,-3.26,10.9534,11.2999,tp_gap_filled,684.5948,7498.67,3.163,237.21,1
VST,2020-03-11,2020-04-27,2020-04-28,2-3%,-2.999,18.7788,19.3207,tp_gap_filled,399.0762,7494.16,2.886,216.26,1
COHR,2020-02-24,2020-04-28,2020-04-29,3-5%,-4.954,33.033,34.6853,tp_gap_filled,228.4512,7546.43,5.002,377.47,1
ARES,2020-03-05,2020-04-28,2020-04-29,3-5%,-3.744,35.5155,36.8231,tp_gap_filled,212.2949,7539.76,3.682,277.61,1
ROK,2020-03-05,2020-04-28,2020-04-29,3-5%,-3.501,185.7055,192.0578,tp_gap_filled,40.5783,7535.61,3.421,257.76,1
BBY,2020-03-05,2020-04-28,2020-04-29,3-5%,-3.209,77.9078,80.3296,tp_gap_filled,96.7577,7538.19,3.108,234.32,1
ON,2020-03-11,2020-04-28,2020-04-29,2-3%,-2.783,16.4364,16.8731,tp_gap_filled,458.5646,7537.16,2.657,200.25,1
DIS,2020-03-11,2020-04-28,2020-04-29,2-3%,-2.727,108.5284,111.3485,tp_gap_filled,69.3647,7528.04,2.599,195.62,1
SWKS,2020-03-05,2020-04-28,2020-04-29,2-3%,-2.322,101.061,103.2566,tp_gap_filled,74.3506,7513.94,2.173,163.25,1
LRCX,2020-03-11,2020-04-17,2020-05-01,3-5%,-3.14,27.8819,23.3973,stop,262.0862,7307.45,-16.084,-1175.33,10
BLDR,2020-03-11,2020-04-29,2020-05-01,3-5%,-4.257,19.8098,16.6236,stop,386.9759,7665.91,-16.084,-1232.99,2
TKO,2020-01-31,2020-02-03,2020-05-04,10%+,-27.287,45.3453,43.956,time_exit,175.5393,7959.88,-3.064,-243.88,63
AXON,2020-03-05,2020-04-20,2020-05-04,3-5%,-3.0,78.3182,65.7215,stop,91.727,7183.89,-16.084,-1155.46,10
TECH,2020-05-01,2020-05-04,2020-05-05,5-10%,-9.124,51.1686,56.1938,tp_gap_filled,142.8089,7307.33,9.821,717.63,1
V,2020-03-11,2020-04-07,2020-05-07,2-3%,-2.711,177.8276,182.4174,tp_gap_filled,38.53,6851.69,2.581,176.84,21
VRT,2020-03-11,2020-04-28,2020-05-07,3-5%,-3.874,10.6807,11.0889,tp_gap_filled,706.4339,7545.19,3.822,288.39,7
MNST,2020-03-11,2020-04-14,2020-05-08,3-5%,-3.221,16.016,16.516,tp_gap_filled,448.0846,7176.52,3.122,224.03,18
WTW,2020-04-15,2020-04-17,2020-05-08,3-5%,-3.132,191.0208,196.803,tp_gap_filled,38.2557,7307.63,3.027,221.2,15
CVNA,2020-02-27,2020-04-22,2020-05-08,10%+,-12.958,17.6977,20.2917,tp_gap_filled,404.9213,7166.17,14.657,1050.37,12
ANET,2020-05-06,2020-05-07,2020-05-11,5-10%,-6.324,12.9192,13.7637,tp_gap_filled,578.9557,7479.62,6.537,488.97,2
EQIX,2020-05-07,2020-05-08,2020-05-11,3-5%,-3.242,662.672,683.5058,tp_gap_filled,11.5628,7662.36,3.144,240.9,1
CTVA,2020-03-05,2020-04-09,2020-05-12,3-5%,-3.114,28.028,23.52,stop,254.5841,7135.48,-16.084,-1147.67,22
PODD,2020-05-08,2020-05-11,2020-05-12,5-10%,-5.652,203.193,214.9348,tp_gap_filled,37.4221,7603.9,5.779,439.4,1
STT,2020-03-05,2020-04-29,2020-05-13,3-5%,-4.448,64.084,53.7767,stop,119.5995,7664.41,-16.084,-1232.74,10
TSLA,2020-05-11,2020-05-12,2020-05-13,3-5%,-3.528,52.7534,54.5734,tp_gap_filled,141.0245,7439.52,3.45,256.66,1
PLD,2020-03-05,2020-04-09,2020-05-14,2-3%,-2.405,92.1921,81.9689,stop,77.3886,7134.62,-11.089,-791.16,24
NRG,2020-03-05,2020-04-28,2020-05-14,2-3%,-2.539,34.5845,30.7495,stop,217.5157,7522.68,-11.089,-834.19,12
CAT,2020-04-13,2020-04-29,2020-05-14,3-5%,-4.063,120.0699,100.7579,stop,63.8785,7669.89,-16.084,-1233.62,11
DDOG,2020-05-13,2020-05-14,2020-05-15,3-5%,-3.224,66.7066,68.7911,tp_gap_filled,110.0052,7338.08,3.125,229.31,1
CIEN,2020-05-13,2020-05-14,2020-05-15,2-3%,-2.89,46.7467,48.0419,tp_gap_filled,156.9495,7336.87,2.771,203.28,1
AZO,2020-03-12,2020-04-24,2020-05-18,3-5%,-4.49,1041.1701,1087.941,tp_gap_filled,7.0413,7331.24,4.492,329.33,16
ECL,2020-03-05,2020-04-28,2020-05-18,2-3%,-2.471,199.4893,204.1357,tp_gap_filled,37.6779,7516.34,2.329,175.07,14
DHR,2020-05-07,2020-05-08,2020-05-18,3-5%,-3.214,140.841,145.227,tp_gap_filled,54.4467,7668.33,3.114,238.8,6
APO,2020-05-14,2020-05-15,2020-05-18,3-5%,-3.985,40.04,41.6183,tp_gap_filled,182.6674,7314.0,3.942,288.31,1
BLDR,2020-05-14,2020-05-15,2020-05-18,3-5%,-3.723,14.7547,15.2947,tp_gap_filled,495.9734,7317.96,3.66,267.8,1
LVS,2020-05-14,2020-05-15,2020-05-18,3-5%,-3.017,43.1231,44.3756,tp_gap_filled,170.2113,7340.03,2.904,213.19,1
ADSK,2020-03-05,2020-04-27,2020-05-19,3-5%,-3.108,185.6555,191.2286,tp_gap_filled,40.3887,7498.39,3.002,225.09,16
COHR,2020-05-13,2020-05-14,2020-05-19,3-5%,-3.124,42.5225,43.8061,tp_gap_filled,172.4386,7332.52,3.019,221.35,3
FERG,2020-05-14,2020-05-15,2020-05-19,3-5%,-4.729,69.9699,73.2966,tp_gap_filled,104.4948,7311.49,4.755,347.63,2
QCOM,2020-05-15,2020-05-18,2020-05-19,5-10%,-6.511,74.7447,79.7901,tp_gap_filled,101.8505,7612.78,6.75,513.88,1
TER,2020-05-15,2020-05-18,2020-05-19,5-10%,-6.434,57.4974,61.3286,tp_gap_filled,132.7089,7630.42,6.663,508.43,1
KLAC,2020-05-15,2020-05-18,2020-05-19,3-5%,-4.934,16.8198,17.6573,tp_gap_filled,454.2477,7640.36,4.979,380.44,1
LITE,2020-05-15,2020-05-18,2020-05-19,3-5%,-4.591,69.8998,73.1168,tp_gap_filled,109.3934,7646.58,4.602,351.92,1
SNPS,2020-02-20,2020-05-07,2020-05-20,3-5%,-3.594,159.2191,164.825,tp_gap_filled,47.0051,7484.11,3.521,263.51,9
LRCX,2020-05-15,2020-05-18,2020-05-20,5-10%,-6.041,25.3003,26.8731,tp_gap_filled,302.1456,7644.37,6.217,475.22,2
CPRT,2020-03-05,2020-05-19,2020-05-20,2-3%,-2.621,21.1987,21.7258,tp_gap_filled,359.0636,7611.67,2.486,189.25,1
ZBRA,2020-04-30,2020-05-05,2020-05-21,5-10%,-6.466,229.3591,244.725,tp_gap_filled,32.2861,7405.12,6.699,496.11,12
MCK,2020-05-20,2020-05-21,2020-05-22,3-5%,-3.132,140.2401,144.4854,tp_gap_filled,54.578,7654.02,3.027,231.7,1
PANW,2020-02-24,2020-05-21,2020-05-22,2-3%,-2.539,39.5111,40.4595,tp_gap_filled,193.9377,7662.7,2.4,183.92,1
DLTR,2020-03-12,2020-03-23,2020-05-26,3-5%,-4.243,80.2001,83.5863,tp_gap_filled,73.7978,5918.6,4.222,249.89,44
NDAQ,2020-03-05,2020-04-28,2020-05-26,3-5%,-3.265,37.5609,38.7512,tp_gap_filled,200.7801,7541.47,3.169,239.0,19
MCHP,2020-03-05,2020-04-29,2020-05-26,3-5%,-3.463,45.06,46.5834,tp_gap_filled,170.4112,7678.73,3.381,259.6,18
CMI,2020-04-30,2020-05-01,2020-05-26,3-5%,-3.656,159.3192,165.0348,tp_gap_filled,45.789,7295.06,3.588,261.71,16
MA,2020-03-05,2020-05-19,2020-05-26,2-3%,-2.199,296.0057,302.0576,tp_gap_filled,25.6801,7601.45,2.045,155.41,4
CVNA,2020-05-19,2020-05-20,2020-05-26,5-10%,-7.983,18.1621,19.6983,tp_gap_filled,424.4186,7708.35,8.458,651.97,3
FICO,2020-03-05,2020-05-20,2020-05-26,2-3%,-2.462,382.3119,391.1784,tp_gap_filled,20.1622,7708.24,2.319,178.77,3
GNRC,2020-03-05,2020-05-21,2020-05-26,2-3%,-2.617,115.105,117.9619,tp_gap_filled,66.5842,7664.17,2.482,190.23,2
WAT,2020-04-28,2020-04-29,2020-05-27,3-5%,-4.107,187.187,194.815,tp_gap_filled,40.9346,7662.43,4.075,312.25,19
NSC,2020-03-05,2020-04-29,2020-05-27,3-5%,-3.669,177.6575,184.0558,tp_gap_filled,43.1722,7669.87,3.601,276.23,19
WDC,2020-05-01,2020-05-04,2020-05-27,10%+,-12.109,30.6429,34.7951,tp_gap_filled,238.6386,7312.57,13.55,990.89,16
ON,2020-05-11,2020-05-12,2020-05-27,5-10%,-8.002,15.7658,17.1029,tp_gap_filled,472.6937,7452.37,8.481,632.05,10
BX,2020-03-06,2020-05-19,2020-05-27,3-5%,-4.603,55.1851,57.7322,tp_gap_filled,138.1238,7622.38,4.616,351.81,5
SNA,2020-03-11,2020-05-19,2020-05-27,2-3%,-2.507,136.9969,140.2396,tp_gap_filled,55.542,7609.09,2.367,180.11,5
PSX,2020-02-27,2020-05-20,2020-05-27,2-3%,-2.029,78.7787,80.2497,tp_gap_filled,97.8577,7709.1,1.867,143.95,4
BSX,2020-05-21,2020-05-22,2020-05-27,3-5%,-4.465,35.5555,37.1428,tp_gap_filled,216.0016,7680.05,4.464,342.86,2
UAL,2020-04-30,2020-05-26,2020-05-27,3-5%,-4.966,29.6897,31.1788,tp_gap_filled,265.8192,7892.08,5.016,395.84,1
STT,2020-05-22,2020-05-26,2020-05-27,3-5%,-3.736,55.9759,58.0319,tp_gap_filled,140.967,7890.76,3.673,289.83,1
DHI,2020-03-06,2020-05-26,2020-05-27,3-5%,-3.527,54.7647,56.6533,tp_gap_filled,144.4746,7912.11,3.449,272.85,1
ITW,2020-03-05,2020-05-26,2020-05-27,3-5%,-3.292,171.7316,177.2226,tp_gap_filled,46.1041,7917.53,3.197,253.16,1
KKR,2020-03-05,2020-05-26,2020-05-27,3-5%,-3.228,28.5085,29.4006,tp_gap_filled,277.7991,7919.63,3.129,247.82,1
EL,2020-03-11,2020-05-26,2020-05-27,2-3%,-2.599,182.6925,187.1926,tp_gap_filled,43.2294,7897.69,2.463,194.54,1
NUE,2020-03-05,2020-04-29,2020-05-28,3-5%,-3.589,41.6816,43.1468,tp_gap_filled,184.1029,7673.71,3.515,269.74,20
REGN,2020-05-26,2020-05-27,2020-05-28,3-5%,-3.75,549.0885,569.3401,tp_gap_filled,14.6113,8022.9,3.688,295.9,1
GS,2020-03-05,2020-05-27,2020-05-28,3-5%,-3.55,201.5313,208.5313,tp_gap_filled,39.7974,8020.43,3.473,278.58,1
SYF,2020-04-30,2020-05-27,2020-05-28,3-5%,-3.183,20.4004,21.0289,tp_gap_filled,393.9635,8037.0,3.081,247.63,1
STLD,2020-03-05,2020-05-27,2020-05-28,2-3%,-2.998,26.5565,27.3227,tp_gap_filled,303.1072,8049.47,2.885,232.22,1
EQT,2020-05-26,2020-05-27,2020-05-28,2-3%,-2.911,13.3533,13.7263,tp_gap_filled,603.4216,8057.69,2.793,225.03,1
GPC,2020-03-11,2020-05-27,2020-05-28,2-3%,-2.758,83.6336,85.8341,tp_gap_filled,96.4057,8062.76,2.631,212.14,1
TDY,2020-03-05,2020-05-27,2020-05-28,2-3%,-2.13,358.348,365.4142,tp_gap_filled,22.5148,8068.15,1.972,159.1,1
KEYS,2020-05-27,2020-05-28,2020-05-29,5-10%,-5.706,97.5975,103.2966,tp_gap_filled,82.4467,8046.6,5.839,469.87,1
BF-B,2020-05-27,2020-05-28,2020-05-29,2-3%,-2.943,61.7317,63.4765,tp_gap_filled,130.5599,8059.68,2.826,227.8,1
MCO,2020-03-05,2020-04-28,2020-06-01,3-5%,-3.457,260.5203,269.3104,tp_gap_filled,28.9792,7549.67,3.374,254.73,23
DDOG,2020-05-28,2020-05-29,2020-06-01,2-3%,-2.873,64.9649,66.7532,tp_gap_filled,124.2732,8073.4,2.753,222.24,1
META,2020-05-28,2020-05-29,2020-06-01,2-3%,-2.112,224.5243,228.9109,tp_gap_filled,36.0745,8099.6,1.954,158.24,1
ALGN,2020-02-24,2020-05-22,2020-06-02,5-10%,-5.725,245.6054,259.9997,tp_gap_filled,31.2778,7681.99,5.861,450.22,6
TEL,2020-03-05,2020-05-27,2020-06-02,3-5%,-3.333,83.0229,85.7142,tp_gap_filled,96.797,8036.37,3.242,260.51,4
NCLH,2020-05-29,2020-06-01,2020-06-02,3-5%,-4.916,15.2953,16.0539,tp_gap_filled,531.596,8130.91,4.96,403.3,1
CCL,2020-05-29,2020-06-01,2020-06-02,3-5%,-4.394,15.2452,15.9141,tp_gap_filled,535.889,8169.75,4.387,358.42,1
DAL,2020-05-29,2020-06-01,2020-06-02,3-5%,-4.053,24.6446,25.6343,tp_gap_filled,332.6294,8197.52,4.016,329.21,1
RCL,2020-05-29,2020-06-01,2020-06-02,3-5%,-3.288,50.05,51.6483,tp_gap_filled,164.1837,8217.4,3.193,262.42,1
BEN,2020-03-18,2020-03-19,2020-06-03,5-10%,-6.498,18.8689,20.1398,tp_gap_filled,336.2452,6344.56,6.736,427.36,52
WM,2020-03-18,2020-04-28,2020-06-03,5-10%,-5.765,102.7527,108.8211,tp_gap_filled,73.4687,7549.1,5.906,445.84,25
IP,2020-04-30,2020-05-01,2020-06-03,5-10%,-8.269,31.7552,34.5487,tp_gap_filled,229.6422,7292.34,8.797,641.51,22
TTD,2020-05-08,2020-05-11,2020-06-03,5-10%,-7.194,29.9599,32.2178,tp_gap_filled,253.6407,7599.06,7.536,572.67,16
TMUS,2020-05-19,2020-05-20,2020-06-03,3-5%,-3.425,98.5084,101.7981,tp_gap_filled,78.2593,7709.2,3.339,257.45,9
FOXA,2020-03-05,2020-05-27,2020-06-03,2-3%,-2.489,30.1902,30.8991,tp_gap_filled,267.4549,8074.51,2.348,189.6,5
GRMN,2020-03-05,2020-05-28,2020-06-03,2-3%,-2.441,91.2211,93.3166,tp_gap_filled,88.5564,8078.21,2.297,185.57,4
IR,2020-05-28,2020-05-29,2020-06-03,5-10%,-6.667,28.028,29.97,tp_gap_filled,287.9887,8071.75,6.929,559.27,3
D,2020-03-06,2020-05-29,2020-06-03,2-3%,-2.604,84.9849,87.0828,tp_gap_filled,95.3054,8099.52,2.469,199.94,3
PFG,2020-05-29,2020-06-01,2020-06-03,3-5%,-4.461,39.019,40.7592,tp_gap_filled,209.2893,8166.26,4.46,364.21,2
EQT,2020-06-01,2020-06-02,2020-06-03,3-5%,-3.898,12.8328,13.3267,tp_gap_filled,643.1661,8253.63,3.848,317.62,1
TRMB,2020-05-29,2020-06-02,2020-06-03,3-5%,-3.382,40.6106,41.948,tp_gap_filled,203.5327,8265.58,3.293,272.21,1
PPG,2020-03-05,2020-06-02,2020-06-03,2-3%,-2.538,105.3252,107.852,tp_gap_filled,78.4274,8260.39,2.399,198.17,1
EFX,2020-03-05,2020-06-02,2020-06-03,2-3%,-2.419,159.0889,162.7071,tp_gap_filled,51.9591,8266.12,2.274,188.0,1
LYB,2020-03-09,2020-05-26,2020-06-04,5-10%,-9.71,65.065,71.918,tp_gap_filled,121.1306,7881.36,10.533,830.11,7
PNR,2020-03-05,2020-05-27,2020-06-04,3-5%,-3.474,39.4995,40.8391,tp_gap_filled,203.3247,8031.21,3.392,272.39,6
HAS,2020-04-29,2020-06-03,2020-06-04,2-3%,-2.504,75.9859,77.7821,tp_gap_filled,110.6219,8405.7,2.364,198.7,1
ADP,2020-03-11,2020-05-08,2020-06-05,3-5%,-3.089,149.7996,154.2656,tp_gap_filled,51.2181,7672.45,2.981,228.74,19
CPAY,2020-03-05,2020-05-27,2020-06-05,2-3%,-2.807,260.9807,267.9818,tp_gap_filled,30.9376,8074.12,2.683,216.6,7
CSX,2020-02-27,2020-05-27,2020-06-05,2-3%,-2.191,24.5779,25.0782,tp_gap_filled,328.3313,8069.69,2.036,164.28,7
CI,2020-03-05,2020-05-28,2020-06-05,3-5%,-3.107,203.233,209.3305,tp_gap_filled,39.6747,8063.2,3.0,241.91,6
FCX,2020-03-05,2020-06-03,2020-06-05,3-5%,-3.732,10.0701,10.4395,tp_gap_filled,833.2451,8390.83,3.669,307.88,2
NTAP,2020-05-28,2020-06-03,2020-06-05,3-5%,-3.283,44.8248,46.2537,tp_gap_filled,187.2351,8392.77,3.188,267.54,2
TROW,2020-03-05,2020-06-03,2020-06-05,2-3%,-2.889,125.165,128.6312,tp_gap_filled,67.0968,8398.17,2.769,232.57,2
FOX,2020-03-05,2020-06-03,2020-06-05,2-3%,-2.739,29.8598,30.6393,tp_gap_filled,281.4288,8403.42,2.611,219.37,2
CMCSA,2020-03-05,2020-06-03,2020-06-05,2-3%,-2.541,38.8579,39.7915,tp_gap_filled,216.3469,8406.79,2.402,201.97,2
CRH,2020-03-05,2020-06-03,2020-06-05,2-3%,-2.316,35.4654,36.2337,tp_gap_filled,237.1189,8409.52,2.166,182.18,2
NCLH,2020-06-03,2020-06-04,2020-06-05,3-5%,-3.393,16.8168,17.3726,tp_gap_filled,496.7735,8354.14,3.305,276.11,1
AMAT,2020-03-05,2020-06-04,2020-06-05,3-5%,-3.239,58.6186,60.4595,tp_gap_filled,143.3004,8400.06,3.141,263.8,1
RCL,2020-06-03,2020-06-04,2020-06-05,2-3%,-2.321,54.7547,55.944,tp_gap_filled,153.5121,8405.51,2.172,182.57,1
WFC,2020-04-30,2020-06-04,2020-06-05,2-3%,-2.267,29.3493,29.97,tp_gap_filled,286.9071,8420.53,2.115,178.08,1
GILD,2020-06-01,2020-06-04,2020-06-08,3-5%,-3.032,75.5455,77.7522,tp_gap_filled,111.1612,8397.73,2.921,245.3,2
OXY,2020-06-04,2020-06-05,2020-06-08,2-3%,-2.395,15.0951,15.4345,tp_gap_filled,561.5818,8477.12,2.249,190.64,1
APTV,2020-06-04,2020-06-05,2020-06-08,2-3%,-2.148,81.6215,83.2467,tp_gap_filled,105.0571,8574.93,1.991,170.73,1
GPC,2020-06-04,2020-06-05,2020-06-08,2-3%,-2.019,87.4273,89.0509,tp_gap_filled,98.2303,8588.02,1.857,159.48,1
DDOG,2020-06-05,2020-06-08,2020-06-09,2-3%,-2.522,70.0199,71.6882,tp_gap_filled,122.283,8562.25,2.383,204.0,1
REGN,2020-06-05,2020-06-08,2020-06-09,2-3%,-2.262,585.585,597.9414,tp_gap_filled,14.6671,8588.83,2.11,181.23,1
CRM,2020-05-29,2020-06-01,2020-06-10,3-5%,-3.755,174.4743,180.9189,tp_gap_filled,47.0811,8214.44,3.694,303.42,7
WST,2020-06-08,2020-06-09,2020-06-10,2-3%,-2.032,201.7516,205.5243,tp_gap_filled,41.8996,8453.31,1.87,158.08,1
LEN,2020-03-05,2020-05-27,2020-06-11,2-3%,-2.191,63.1609,56.157,stop,127.7563,8069.2,-11.089,-894.79,11
CRWD,2020-06-04,2020-06-05,2020-06-11,3-5%,-3.945,23.5811,24.5005,tp_gap_filled,360.2605,8495.32,3.899,331.23,4
PPL,2020-03-06,2020-06-05,2020-06-11,2-3%,-2.683,30.8608,27.4387,stop,274.9325,8484.64,-11.089,-940.86,4
INVH,2020-03-06,2020-06-05,2020-06-11,2-3%,-2.185,29.5695,26.2906,stop,290.2895,8583.73,-11.089,-951.85,4
ALLE,2020-03-11,2020-06-05,2020-06-11,2-3%,-2.078,116.0459,103.1776,stop,74.0201,8589.73,-11.089,-952.52,4
SW,2020-03-12,2020-03-13,2020-06-12,10%+,-24.085,26.5665,31.988,time_exit,261.0064,6934.04,20.407,1415.03,63
RSG,2020-03-12,2020-03-13,2020-06-12,5-10%,-6.891,85.075,81.6483,time_exit,82.3466,7005.63,-4.028,-282.18,63
LII,2020-03-11,2020-06-08,2020-06-12,2-3%,-2.053,241.6814,214.8814,stop,35.5751,8597.85,-11.089,-953.42,4
BALL,2020-03-06,2020-06-04,2020-06-15,2-3%,-2.35,75.2952,66.9457,stop,111.6288,8405.12,-11.089,-932.04,7
ECHO,2020-03-27,2020-06-05,2020-06-15,3-5%,-3.708,34.5745,29.0136,stop,245.6762,8494.14,-16.084,-1366.2,6
BLDR,2020-06-11,2020-06-12,2020-06-15,5-10%,-7.977,20.9009,22.6673,tp_gap_filled,386.3621,8075.31,8.451,682.48,1
F,2020-06-11,2020-06-12,2020-06-16,10%+,-10.866,6.0761,6.8032,tp_gap_filled,1321.4657,8029.32,11.967,960.86,2
RF,2020-06-11,2020-06-12,2020-06-16,5-10%,-8.215,11.6316,12.6473,tp_gap_filled,693.7213,8069.1,8.732,704.63,2
BKR,2020-06-11,2020-06-12,2020-06-16,5-10%,-7.59,15.9659,17.2427,tp_gap_filled,505.855,8076.46,7.997,645.87,2
C,2020-06-11,2020-06-12,2020-06-16,5-10%,-7.501,51.7217,55.8041,tp_gap_filled,156.1438,8076.02,7.893,637.45,2
MTB,2020-06-15,2020-06-16,2020-06-17,5-10%,-5.965,102.5625,108.851,tp_gap_filled,81.0791,8315.67,6.131,509.87,1
COF,2020-06-15,2020-06-16,2020-06-17,5-10%,-5.847,66.5665,70.5594,tp_gap_filled,125.3677,8345.29,5.998,500.58,1
AEP,2020-03-18,2020-03-19,2020-06-18,5-10%,-6.776,85.105,81.6882,time_exit,74.6754,6355.25,-4.015,-255.15,63
IVZ,2020-06-09,2020-06-10,2020-06-19,5-10%,-6.147,10.8508,11.5385,tp_gap_filled,775.6489,8416.44,6.337,533.34,7
ORCL,2020-06-17,2020-06-18,2020-06-22,2-3%,-2.858,53.083,54.5354,tp_gap_filled,155.6359,8261.62,2.736,226.04,2
SW,2020-06-18,2020-06-19,2020-06-23,5-10%,-5.536,31.4314,33.2068,tp_gap_filled,261.3036,8213.14,5.648,463.91,2
FISV,2020-03-05,2020-06-02,2020-06-24,2-3%,-2.701,109.2592,97.1434,stop,75.6368,8264.02,-11.089,-916.4,16
GPN,2020-03-05,2020-06-03,2020-06-24,2-3%,-2.362,189.5293,168.5124,stop,44.3738,8410.14,-11.089,-932.6,15
IFF,2020-06-08,2020-06-09,2020-06-24,2-3%,-2.503,134.5444,119.6248,stop,62.8288,8453.26,-11.089,-937.38,11
TMUS,2020-06-23,2020-06-24,2020-06-25,2-3%,-2.72,103.8037,106.4934,tp_gap_filled,76.6131,7952.72,2.591,206.07,1
KEY,2020-06-09,2020-06-10,2020-06-26,3-5%,-4.668,14.5145,12.18,stop,576.6928,8370.41,-16.084,-1346.3,12
COHR,2020-06-24,2020-06-25,2020-06-26,2-3%,-2.073,49.1691,50.1098,tp_gap_filled,163.5175,8040.01,1.913,153.82,1
CMS,2020-03-18,2020-03-30,2020-06-29,5-10%,-5.261,61.4714,57.4924,time_exit,109.3023,6718.97,-6.473,-434.91,63
DHI,2020-06-25,2020-06-26,2020-06-29,3-5%,-3.143,52.4424,54.0359,tp_gap_filled,150.063,7869.66,3.039,239.13,1
FCX,2020-06-11,2020-06-16,2020-06-30,5-10%,-6.888,10.6907,11.4585,tp_gap_filled,777.6262,8313.35,7.182,597.1,10
PHM,2020-06-25,2020-06-29,2020-06-30,2-3%,-2.896,32.8929,33.8062,tp_gap_filled,243.1133,7996.69,2.777,222.04,1
NWS,2020-06-24,2020-06-25,2020-07-01,2-3%,-2.071,11.8318,12.0579,tp_gap_filled,679.9256,8044.76,1.911,153.74,4
FERG,2020-06-25,2020-06-26,2020-07-01,5-10%,-5.815,77.8278,82.4675,tp_gap_filled,101.0895,7867.57,5.962,469.03,3
DIS,2020-06-25,2020-06-26,2020-07-01,2-3%,-2.748,109.099,111.9579,tp_gap_filled,72.1602,7872.6,2.621,206.3,3
CRH,2020-06-24,2020-06-29,2020-07-02,2-3%,-2.422,34.6847,35.4745,tp_gap_filled,230.6961,8001.61,2.277,182.21,3
TTWO,2020-05-21,2020-05-26,2020-07-06,3-5%,-3.201,142.2821,146.6932,tp_gap_filled,55.6648,7920.11,3.1,245.54,28
PFG,2020-06-18,2020-06-19,2020-07-06,5-10%,-5.017,40.7407,42.8071,tp_gap_filled,201.6999,8217.39,5.072,416.8,10
AES,2020-06-09,2020-06-30,2020-07-06,3-5%,-3.073,14.5245,14.955,tp_gap_filled,561.5105,8155.67,2.964,241.74,3
GS,2020-06-26,2020-07-01,2020-07-06,3-5%,-3.911,199.199,206.8929,tp_gap_filled,40.6802,8103.45,3.862,312.99,2
MPC,2020-06-09,2020-06-10,2020-07-08,3-5%,-4.501,40.3503,33.8604,stop,207.1412,8358.21,-16.084,-1344.33,19
BIIB,2020-06-18,2020-06-19,2020-07-08,5-10%,-7.241,261.3411,281.1785,tp_gap_filled,31.3882,8203.03,7.591,622.66,12
CHRW,2020-07-07,2020-07-08,2020-07-09,2-3%,-2.007,78.6786,80.1298,tp_gap_filled,102.8512,8092.19,1.844,149.26,1
CARR,2020-06-09,2020-07-06,2020-07-10,2-3%,-2.585,23.7637,24.3456,tp_gap_filled,347.6133,8260.59,2.449,202.27,4
ALB,2020-06-11,2020-06-16,2020-07-13,5-10%,-5.855,79.0289,83.7761,tp_gap_filled,105.5889,8344.58,6.007,501.25,18
C,2020-06-22,2020-06-23,2020-07-13,2-3%,-2.022,51.9018,52.8671,tp_gap_filled,159.1436,8259.85,1.86,153.61,13
CINF,2020-06-09,2020-07-10,2020-07-13,2-3%,-2.408,69.7797,71.3586,tp_gap_filled,116.4787,8127.85,2.263,183.9,1
BDX,2020-05-20,2020-07-08,2020-07-14,2-3%,-2.834,196.3459,201.6696,tp_gap_filled,41.2349,8096.3,2.711,219.52,4
WY,2020-06-09,2020-06-10,2020-07-15,5-10%,-5.073,23.4134,24.6154,tp_gap_filled,358.8851,8402.72,5.134,431.37,24
ARE,2020-07-07,2020-07-08,2020-07-15,2-3%,-2.245,161.2511,164.6252,tp_gap_filled,50.1879,8092.86,2.092,169.34,5
BAC,2020-06-26,2020-07-13,2020-07-15,2-3%,-2.549,24.1141,24.6953,tp_gap_filled,336.4485,8113.15,2.41,195.54,2
SWK,2020-06-09,2020-07-13,2020-07-15,2-3%,-2.375,144.8547,148.0818,tp_gap_filled,56.0148,8114.0,2.228,180.76,2
LUV,2020-07-07,2020-07-13,2020-07-15,2-3%,-2.362,33.5235,34.2657,tp_gap_filled,241.8825,8108.75,2.214,179.53,2
MCK,2020-07-07,2020-07-14,2020-07-15,2-3%,-2.178,148.3582,151.3585,tp_gap_filled,55.3129,8206.12,2.022,165.95,1
XYL,2020-06-09,2020-07-14,2020-07-15,2-3%,-2.047,70.8908,72.2277,tp_gap_filled,115.7437,8205.16,1.886,154.74,1
JCI,2020-03-11,2020-06-05,2020-07-16,3-5%,-3.009,36.4564,37.5124,tp_gap_filled,232.8204,8487.8,2.897,245.87,28
ALL,2020-07-08,2020-07-13,2020-07-16,3-5%,-3.734,89.2792,92.5574,tp_gap_filled,90.9004,8115.51,3.672,297.99,3
AMGN,2020-07-14,2020-07-15,2020-07-16,2-3%,-2.912,243.0028,249.79,tp_gap_filled,34.4823,8379.29,2.793,234.04,1
FIX,2020-06-09,2020-07-15,2020-07-16,2-3%,-2.831,41.5715,42.6973,tp_gap_filled,201.8482,8391.14,2.708,227.23,1
SYF,2020-06-24,2020-07-15,2020-07-16,2-3%,-2.801,23.2732,23.8961,tp_gap_filled,360.7998,8396.98,2.676,224.72,1
MRNA,2020-05-19,2020-07-15,2020-07-16,2-3%,-2.413,78.1481,79.92,tp_gap_filled,107.5061,8401.39,2.267,190.49,1
PAYX,2020-07-14,2020-07-15,2020-07-16,2-3%,-2.29,70.06,71.5584,tp_gap_filled,120.0231,8408.82,2.139,179.84,1
BLDR,2020-06-24,2020-07-15,2020-07-16,2-3%,-2.028,21.2813,21.6783,tp_gap_filled,395.7802,8422.7,1.866,157.14,1
UNH,2020-07-15,2020-07-16,2020-07-17,2-3%,-2.399,301.4211,308.2115,tp_gap_filled,27.7943,8377.77,2.253,188.73,1
TER,2020-07-14,2020-07-15,2020-07-20,3-5%,-3.834,83.6035,86.7631,tp_gap_filled,100.1457,8372.53,3.779,316.42,3
TSLA,2020-07-16,2020-07-17,2020-07-20,3-5%,-4.453,98.5758,102.9643,tp_gap_filled,84.987,8377.66,4.452,372.96,1
ON,2020-07-16,2020-07-17,2020-07-20,2-3%,-2.415,21.031,21.5085,tp_gap_filled,398.3296,8377.27,2.27,190.19,1
UBER,2020-07-16,2020-07-17,2020-07-20,2-3%,-2.316,32.082,32.7772,tp_gap_filled,260.8807,8369.59,2.167,181.35,1
AKAM,2020-07-16,2020-07-17,2020-07-20,2-3%,-2.181,110.4303,112.6672,tp_gap_filled,75.8275,8373.66,2.026,169.62,1
FTNT,2020-07-15,2020-07-20,2020-07-21,2-3%,-2.29,26.3063,26.8691,tp_gap_filled,318.3492,8374.58,2.14,179.17,1
PFE,2020-06-01,2020-06-02,2020-07-22,5-10%,-7.044,33.7149,36.1972,tp_gap_filled,244.6634,8248.8,7.363,607.32,35
LII,2020-07-20,2020-07-21,2020-07-22,3-5%,-3.466,239.4892,247.5922,tp_gap_filled,35.3148,8457.51,3.383,286.15,1
CPRT,2020-07-20,2020-07-21,2020-07-22,2-3%,-2.27,21.3363,21.7882,tp_gap_filled,397.1926,8474.63,2.118,179.48,1
BAC,2020-07-16,2020-07-17,2020-07-23,3-5%,-3.455,23.7737,24.5754,tp_gap_filled,352.5677,8381.86,3.372,282.64,4
KIM,2020-06-09,2020-06-10,2020-07-27,5-10%,-7.967,14.4544,10.6856,stop,582.5899,8421.01,-26.074,-2195.69,32
COHR,2020-06-30,2020-07-01,2020-07-28,5-10%,-6.489,45.2952,48.3416,tp_gap_filled,179.1382,8114.11,6.726,545.72,18
TSLA,2020-07-24,2020-07-27,2020-07-28,5-10%,-6.415,94.4951,100.7705,tp_gap_filled,88.7295,8384.5,6.641,556.81,1
EQT,2020-07-27,2020-07-28,2020-07-29,5-10%,-6.422,13.2733,14.1558,tp_gap_filled,629.5549,8356.25,6.649,555.63,1
AXON,2020-06-11,2020-06-15,2020-07-31,3-5%,-4.591,98.6085,82.7483,stop,82.5737,8142.47,-16.084,-1309.63,33
CASY,2020-06-09,2020-06-10,2020-08-04,3-5%,-4.714,161.6815,169.3405,tp_gap_filled,51.8274,8379.53,4.737,396.94,38
FSLR,2020-07-27,2020-07-28,2020-08-04,2-3%,-2.124,60.9008,62.0978,tp_gap_filled,137.3991,8367.72,1.965,164.47,5
STLD,2020-06-11,2020-06-15,2020-08-05,5-10%,-5.864,27.1571,28.7912,tp_gap_filled,299.9852,8146.74,6.017,490.19,36
DIS,2020-07-16,2020-07-17,2020-08-05,2-3%,-2.63,117.8377,120.7791,tp_gap_filled,71.0753,8375.35,2.496,209.06,13
CLX,2020-08-03,2020-08-04,2020-08-05,2-3%,-2.66,230.4502,236.2735,tp_gap_filled,36.6535,8446.81,2.527,213.44,1
PODD,2020-05-13,2020-05-18,2020-08-06,5-10%,-5.754,208.208,220.4793,tp_gap_filled,36.7367,7648.86,5.894,450.81,56
IRM,2020-06-11,2020-06-15,2020-08-06,3-5%,-4.431,28.068,29.3107,tp_gap_filled,290.2682,8147.26,4.427,360.69,37
CTVA,2020-06-08,2020-06-09,2020-08-07,3-5%,-3.132,29.7197,24.9396,stop,284.4744,8454.49,-16.084,-1359.82,42
NKE,2020-06-26,2020-07-01,2020-08-07,2-3%,-2.86,98.5985,101.2986,tp_gap_filled,82.1639,8101.24,2.738,221.85,26
ZBH,2020-08-04,2020-08-05,2020-08-07,3-5%,-4.215,126.3398,131.6352,tp_gap_filled,67.6094,8541.76,4.191,358.02,2
AXP,2020-06-22,2020-06-23,2020-08-10,2-3%,-2.913,98.098,100.8391,tp_gap_filled,84.1621,8256.14,2.794,230.69,33
SW,2020-06-24,2020-06-30,2020-08-10,5-10%,-5.118,32.6626,34.3556,tp_gap_filled,249.3156,8143.3,5.183,422.09,28
KEY,2020-06-26,2020-07-23,2020-08-10,3-5%,-3.408,12.4825,12.8971,tp_gap_filled,676.7629,8447.67,3.322,280.6,12
HBAN,2020-06-26,2020-07-23,2020-08-10,2-3%,-2.831,9.6196,9.8801,tp_gap_filled,878.0021,8446.04,2.708,228.72,12
COF,2020-06-26,2020-07-23,2020-08-10,2-3%,-2.237,65.6055,66.973,tp_gap_filled,128.7756,8448.39,2.084,176.09,12
HWM,2020-06-09,2020-08-06,2020-08-10,3-5%,-3.948,17.047,17.7123,tp_gap_filled,499.2271,8510.34,3.902,332.11,2
CINF,2020-07-30,2020-08-07,2020-08-10,2-3%,-2.301,81.6015,83.3566,tp_gap_filled,105.4342,8603.59,2.151,185.04,1
PH,2020-06-09,2020-08-07,2020-08-10,2-3%,-2.276,197.7375,201.9379,tp_gap_filled,43.5114,8603.83,2.124,182.76,1
APTV,2020-06-09,2020-06-10,2020-08-11,5-10%,-6.914,81.5314,87.4125,tp_gap_filled,103.1915,8413.35,7.213,606.87,43
BNY,2020-07-15,2020-07-16,2020-08-11,5-10%,-5.158,36.997,38.931,tp_gap_filled,226.4974,8379.71,5.228,438.06,18
OMC,2020-07-28,2020-07-29,2020-08-11,5-10%,-7.034,53.053,56.953,tp_gap_filled,160.0402,8490.61,7.351,624.15,9
HAL,2020-06-09,2020-08-05,2020-08-11,3-5%,-4.756,15.6356,16.3836,tp_gap_filled,546.6691,8547.51,4.784,408.9,4
GDDY,2020-08-07,2020-08-10,2020-08-11,3-5%,-3.608,76.2262,78.921,tp_gap_filled,114.0262,8691.78,3.535,307.28,1
L,2020-06-09,2020-08-10,2020-08-11,3-5%,-3.154,38.7287,39.9101,tp_gap_filled,224.5681,8697.23,3.05,265.3,1
IP,2020-08-07,2020-08-10,2020-08-11,3-5%,-3.119,32.3903,33.3662,tp_gap_filled,268.4835,8696.27,3.013,262.01,1
SJM,2020-06-04,2020-06-05,2020-08-12,3-5%,-4.433,109.6195,114.4754,tp_gap_filled,77.5497,8500.96,4.43,376.57,47
EXPD,2020-08-05,2020-08-06,2020-08-12,5-10%,-5.93,81.7717,86.7532,tp_gap_filled,103.9575,8500.78,6.092,517.86,4
DRI,2020-06-09,2020-08-11,2020-08-12,2-3%,-2.289,82.8828,84.6553,tp_gap_filled,105.0516,8706.98,2.139,186.2,1
SYY,2020-08-11,2020-08-12,2020-08-13,2-3%,-2.496,58.6586,60.0399,tp_gap_filled,148.9136,8735.06,2.355,205.69,1
TTD,2020-08-11,2020-08-12,2020-08-13,2-3%,-2.265,45.5635,46.5264,tp_gap_filled,191.8252,8740.23,2.113,184.71,1
VRT,2020-08-12,2020-08-13,2020-08-14,3-5%,-4.413,16.046,16.7532,tp_gap_filled,542.2261,8700.58,4.407,383.46,1
NEM,2020-08-11,2020-08-12,2020-08-17,3-5%,-4.861,64.6546,67.8221,tp_gap_filled,135.2196,8742.57,4.899,428.31,3
DPZ,2020-07-16,2020-07-17,2020-08-18,2-3%,-2.34,404.404,413.2663,tp_gap_filled,20.7203,8379.38,2.191,183.63,22
MCHP,2020-08-05,2020-08-10,2020-08-18,5-10%,-6.755,50.085,53.6063,tp_gap_filled,174.1105,8720.33,7.031,613.1,6
CRWD,2020-08-07,2020-08-18,2020-08-20,2-3%,-2.811,26.8268,27.5474,tp_gap_filled,324.5783,8707.4,2.686,233.9,2
EXPE,2020-06-09,2020-07-15,2020-08-24,3-5%,-3.054,91.2111,93.896,tp_gap_filled,91.9,8382.3,2.944,246.74,28
FOX,2020-08-05,2020-08-14,2020-08-24,2-3%,-2.658,26.026,26.6833,tp_gap_filled,335.8493,8740.81,2.526,220.75,6
SBUX,2020-06-10,2020-08-11,2020-08-25,3-5%,-3.023,79.9599,82.2876,tp_gap_filled,108.9413,8710.93,2.911,253.59,10
SW,2020-08-19,2020-08-20,2020-08-25,3-5%,-3.784,35.6356,36.963,tp_gap_filled,242.9081,8656.18,3.725,322.44,3
NFLX,2020-07-17,2020-07-20,2020-08-26,5-10%,-6.166,49.5365,52.6863,tp_gap_filled,168.9788,8370.62,6.358,532.24,27
IBKR,2020-07-16,2020-07-17,2020-08-27,5-10%,-5.806,12.545,13.2917,tp_gap_filled,667.2798,8371.05,5.952,498.23,29
MGM,2020-06-09,2020-08-10,2020-08-28,3-5%,-3.872,22.8628,23.7362,tp_gap_filled,380.844,8707.18,3.82,332.63,14
AJG,2020-08-21,2020-08-24,2020-08-28,3-5%,-3.008,103.2732,106.2636,tp_gap_filled,84.8184,8759.46,2.896,253.65,4
PSX,2020-06-11,2020-06-12,2020-09-01,5-10%,-7.494,78.088,57.7273,stop,103.4572,8078.77,-26.074,-2106.46,56
ALGN,2020-07-20,2020-07-21,2020-09-02,3-5%,-3.67,310.7805,321.9777,tp_gap_filled,27.2005,8453.39,3.603,304.57,31
TXT,2020-06-09,2020-08-10,2020-09-02,5-10%,-5.351,38.4184,40.5094,tp_gap_filled,226.7487,8711.32,5.443,474.15,17
ROST,2020-08-19,2020-08-25,2020-09-02,3-5%,-4.03,90.5905,94.2057,tp_gap_filled,96.8854,8776.89,3.991,350.26,6
O,2020-03-16,2020-06-05,2020-09-03,10%+,-11.29,61.8835,62.1858,time_exit,137.489,8508.3,0.488,41.56,63
UBER,2020-08-07,2020-08-10,2020-09-03,3-5%,-4.667,33.1231,34.6753,tp_gap_filled,263.0992,8714.66,4.686,408.38,18
RCL,2020-09-01,2020-09-02,2020-09-03,2-3%,-2.687,67.057,68.7712,tp_gap_filled,133.6885,8964.74,2.556,229.16,1
IVZ,2020-08-13,2020-09-03,2020-09-04,3-5%,-3.512,11.001,11.3786,tp_gap_filled,797.7299,8775.82,3.433,301.24,1
HII,2020-08-06,2020-08-11,2020-09-08,3-5%,-4.287,171.181,143.6483,stop,50.9911,8728.7,-16.084,-1403.92,19
LRCX,2020-08-20,2020-08-24,2020-09-08,3-5%,-3.248,36.046,30.2484,stop,243.2202,8767.12,-16.084,-1410.1,10
CFG,2020-06-09,2020-06-10,2020-09-09,5-10%,-5.064,28.8989,27.1029,time_exit,290.513,8395.5,-6.215,-521.76,63
BLDR,2020-09-03,2020-09-08,2020-09-10,2-3%,-2.126,30.8809,31.4885,tp_gap_filled,276.2645,8531.28,1.968,167.87,2
HST,2020-06-11,2020-06-12,2020-09-11,5-10%,-9.255,12.0721,11.1189,time_exit,666.5167,8046.23,-7.896,-635.32,63
COP,2020-06-11,2020-06-12,2020-09-11,5-10%,-8.342,42.1221,33.0769,time_exit,191.3212,8058.85,-21.474,-1730.54,63
HIG,2020-06-09,2020-08-11,2020-09-15,3-5%,-3.516,45.045,37.8,stop,193.5584,8718.84,-16.084,-1402.34,24
SW,2020-08-31,2020-09-01,2020-09-15,3-5%,-4.259,36.4564,38.002,tp_gap_filled,242.2048,8829.92,4.239,374.34,9
VTR,2020-06-09,2020-09-03,2020-09-15,3-5%,-3.086,44.3243,45.6443,tp_gap_filled,198.0746,8779.51,2.978,261.46,7
TSLA,2020-09-03,2020-09-04,2020-09-15,5-10%,-8.972,135.8791,148.9742,tp_gap_filled,64.2451,8729.56,9.637,841.3,6
DDOG,2020-08-07,2020-08-13,2020-09-16,5-10%,-8.232,82.6826,89.92,tp_gap_filled,105.2398,8701.5,8.753,761.66,23
TJX,2020-08-19,2020-08-27,2020-09-16,5-10%,-5.988,54.064,57.3926,tp_gap_filled,163.3758,8832.75,6.157,543.8,13
FERG,2020-09-04,2020-09-08,2020-09-16,5-10%,-5.838,92.8428,98.4015,tp_gap_filled,91.8927,8531.57,5.987,510.81,6
LEN,2020-09-15,2020-09-16,2020-09-17,3-5%,-4.367,73.2096,76.3998,tp_gap_filled,119.633,8758.29,4.358,381.65,1
SCHW,2020-09-15,2020-09-16,2020-09-17,2-3%,-2.939,34.7147,35.6943,tp_gap_filled,252.5359,8766.7,2.822,247.38,1
MU,2020-08-06,2020-09-16,2020-09-17,2-3%,-2.057,50.05,50.9989,tp_gap_filled,175.2375,8770.64,1.896,166.29,1
WAB,2020-06-09,2020-08-11,2020-09-21,2-3%,-2.221,70.5204,62.7004,stop,123.5298,8711.38,-11.089,-966.0,28
CRWD,2020-09-03,2020-09-10,2020-09-22,5-10%,-7.792,32.7827,35.482,tp_gap_filled,261.0049,8556.46,8.234,704.51,8
DDOG,2020-09-17,2020-09-18,2020-09-22,3-5%,-4.274,85.6456,89.2906,tp_gap_filled,101.4921,8692.35,4.256,369.94,2
EBAY,2020-09-17,2020-09-21,2020-09-22,2-3%,-2.102,49.4094,50.3696,tp_gap_filled,175.1289,8653.01,1.943,168.16,1
HSIC,2020-08-04,2020-08-05,2020-09-23,3-5%,-3.738,68.3182,57.3299,stop,125.141,8549.42,-16.084,-1375.09,34
PRU,2020-06-09,2020-08-11,2020-09-24,3-5%,-3.653,72.072,60.4799,stop,121.0485,8724.21,-16.084,-1403.2,31
LRCX,2020-09-08,2020-09-09,2020-09-24,5-10%,-6.652,31.1271,33.2787,tp_gap_filled,277.522,8638.46,6.912,597.11,11
UPS,2020-09-03,2020-09-16,2020-09-25,2-3%,-2.117,162.4323,165.6142,tp_gap_filled,54.0241,8775.25,1.959,171.9,7
XYZ,2020-09-03,2020-09-15,2020-09-28,3-5%,-3.61,157.157,162.7171,tp_gap_filled,55.5387,8728.3,3.538,308.8,9
KLAC,2020-09-08,2020-09-16,2020-09-28,5-10%,-6.299,18.1371,19.3177,tp_gap_filled,482.9429,8759.19,6.509,570.14,8
RCL,2020-09-21,2020-09-22,2020-09-28,5-10%,-5.134,62.1521,65.3845,tp_gap_filled,140.0951,8707.2,5.201,452.85,4
IVZ,2020-09-21,2020-09-24,2020-09-28,3-5%,-3.916,10.5606,10.969,tp_gap_filled,811.054,8565.18,3.868,331.29,2
RSG,2020-09-23,2020-09-24,2020-09-28,2-3%,-2.84,92.4724,94.9849,tp_gap_filled,92.6942,8571.65,2.717,232.9,2
DDOG,2020-09-24,2020-09-25,2020-09-28,2-3%,-2.536,88.8788,91.0089,tp_gap_filled,98.237,8731.19,2.397,209.26,1
HAS,2020-06-09,2020-07-21,2020-09-30,3-5%,-4.862,79.9198,83.8361,tp_gap_filled,105.8214,8457.23,4.9,414.42,50
AXON,2020-08-07,2020-08-25,2020-09-30,5-10%,-6.731,85.5855,91.5783,tp_gap_filled,102.5654,8778.11,7.002,614.66,25
AMAT,2020-09-08,2020-09-14,2020-10-01,5-10%,-6.381,57.1271,60.899,tp_gap_filled,152.3721,8704.57,6.603,574.74,13
NXPI,2020-09-17,2020-09-18,2020-10-01,3-5%,-3.865,123.7436,128.4614,tp_gap_filled,70.2826,8697.03,3.813,331.58,9
RF,2020-09-21,2020-09-28,2020-10-02,3-5%,-3.275,11.5315,11.8981,tp_gap_filled,769.83,8877.31,3.179,282.2,4
NOW,2020-09-03,2020-09-28,2020-10-02,2-3%,-2.94,97.097,99.8381,tp_gap_filled,91.4162,8876.24,2.823,250.58,4
WSM,2020-08-27,2020-08-28,2020-10-05,5-10%,-6.659,46.2312,49.4305,tp_gap_filled,192.5166,8900.27,6.92,615.92,25
CRH,2020-09-21,2020-09-22,2020-10-05,5-10%,-5.112,35.6756,37.5224,tp_gap_filled,244.0943,8708.22,5.177,450.79,9
ALB,2020-09-23,2020-09-30,2020-10-05,5-10%,-6.573,89.069,95.1448,tp_gap_filled,99.9634,8903.64,6.821,607.36,3
CFG,2020-09-21,2020-10-02,2020-10-05,3-5%,-3.13,26.3363,27.1328,tp_gap_filled,340.5055,8967.66,3.024,271.22,1
KEY,2020-09-21,2020-10-02,2020-10-05,2-3%,-2.688,12.3223,12.6373,tp_gap_filled,727.7196,8967.19,2.557,229.26,1
MCHP,2020-09-08,2020-09-16,2020-10-06,2-3%,-2.94,52.5375,54.0209,tp_gap_filled,166.9454,8770.89,2.824,247.65,14
GD,2020-09-17,2020-09-18,2020-10-06,3-5%,-4.176,140.7906,146.6332,tp_gap_filled,61.7406,8692.5,4.15,360.72,12
MAR,2020-09-21,2020-09-23,2020-10-06,3-5%,-3.925,96.056,99.7801,tp_gap_filled,89.3261,8580.31,3.877,332.66,9
UAL,2020-09-21,2020-09-28,2020-10-06,3-5%,-4.247,35.4354,36.933,tp_gap_filled,250.4289,8874.05,4.226,375.05,6
TER,2020-09-04,2020-09-28,2020-10-06,3-5%,-3.259,79.3393,81.8481,tp_gap_filled,111.8835,8876.76,3.162,280.69,6
FSLR,2020-09-17,2020-09-30,2020-10-06,5-10%,-8.241,66.096,71.888,tp_gap_filled,134.7006,8903.17,8.763,780.19,4
KIM,2020-09-21,2020-10-02,2020-10-06,2-3%,-2.869,11.8619,12.1878,tp_gap_filled,755.8876,8966.23,2.748,246.38,2
NCLH,2020-10-02,2020-10-05,2020-10-06,5-10%,-6.113,16.2963,17.3227,tp_gap_filled,563.5034,9183.01,6.298,578.37,1
LUV,2020-10-02,2020-10-05,2020-10-06,3-5%,-4.719,36.1761,37.8921,tp_gap_filled,254.2795,9198.85,4.743,436.33,1
RCL,2020-10-02,2020-10-05,2020-10-06,3-5%,-4.653,62.5625,65.4845,tp_gap_filled,147.3481,9218.46,4.67,430.54,1
OXY,2020-10-02,2020-10-05,2020-10-06,3-5%,-4.442,9.2592,9.6703,tp_gap_filled,997.0207,9231.66,4.44,409.85,1
NEE,2020-09-16,2020-09-28,2020-10-07,3-5%,-3.696,71.2637,73.8511,tp_gap_filled,124.5832,8878.26,3.631,322.35,7
LYB,2020-09-21,2020-10-06,2020-10-07,3-5%,-3.354,76.4263,78.921,tp_gap_filled,120.7946,9231.89,3.264,301.34,1
MTB,2020-09-21,2020-10-06,2020-10-07,2-3%,-2.938,98.8888,101.6782,tp_gap_filled,93.2479,9221.17,2.821,260.11,1
AXON,2020-10-02,2020-10-06,2020-10-07,2-3%,-2.207,93.5935,95.5144,tp_gap_filled,98.2504,9195.59,2.052,188.73,1
D,2020-07-06,2020-07-22,2020-10-08,3-5%,-3.991,79.4694,82.6073,tp_gap_filled,106.9813,8501.74,3.949,335.7,55
ADP,2020-07-29,2020-08-11,2020-10-08,3-5%,-4.582,140.0699,146.5033,tp_gap_filled,62.346,8732.79,4.593,401.1,41
SYY,2020-09-21,2020-10-06,2020-10-08,3-5%,-3.815,65.1151,67.5624,tp_gap_filled,141.8467,9236.36,3.758,347.14,2
DD,2020-09-21,2020-10-06,2020-10-08,3-5%,-3.255,72.072,74.3482,tp_gap_filled,128.0683,9230.14,3.158,291.51,2
NUE,2020-09-21,2020-10-06,2020-10-08,2-3%,-2.013,48.2382,49.1308,tp_gap_filled,190.6036,9194.37,1.85,170.14,2
BBY,2020-08-25,2020-08-26,2020-10-09,3-5%,-3.297,113.6135,117.2526,tp_gap_filled,77.3663,8789.86,3.203,281.55,31
UHS,2020-09-21,2020-09-22,2020-10-09,5-10%,-9.175,107.2171,117.8121,tp_gap_filled,81.2308,8709.33,9.882,860.64,13
SWKS,2020-09-03,2020-10-01,2020-10-09,2-3%,-2.792,149.159,153.1367,tp_gap_filled,60.1216,8967.68,2.667,239.15,6
ADBE,2020-10-02,2020-10-06,2020-10-09,2-3%,-2.306,488.478,499.0105,tp_gap_filled,18.8372,9201.56,2.156,198.4,3
MMM,2020-09-21,2020-10-07,2020-10-09,2-3%,-2.106,138.918,141.6225,tp_gap_filled,67.0794,9318.53,1.947,181.41,2
GE,2020-09-21,2020-10-08,2020-10-09,3-5%,-3.634,33.0779,34.2566,tp_gap_filled,284.4713,9409.7,3.563,335.31,1
ACN,2020-09-24,2020-09-28,2020-10-12,5-10%,-5.107,219.0889,230.4193,tp_gap_filled,40.4816,8869.07,5.172,458.68,10
TSLA,2020-10-02,2020-10-05,2020-10-12,5-10%,-5.973,140.6038,149.2373,tp_gap_filled,65.4039,9196.04,6.14,564.66,5
NVDA,2020-09-03,2020-10-06,2020-10-12,3-5%,-3.609,13.8426,14.3322,tp_gap_filled,667.0905,9234.25,3.537,326.59,4
VEEV,2020-09-03,2020-10-06,2020-10-12,3-5%,-3.195,287.8676,296.7729,tp_gap_filled,32.0401,9223.29,3.094,285.33,4
MU,2020-09-30,2020-10-07,2020-10-12,3-5%,-3.471,48.999,50.6593,tp_gap_filled,190.2544,9322.27,3.389,315.89,3
DGX,2020-08-27,2020-08-28,2020-10-14,5-10%,-7.699,109.3292,118.2117,tp_gap_filled,81.3727,8896.42,8.124,722.79,32
UNH,2020-10-14,2020-10-15,2020-10-16,2-3%,-2.821,322.3921,331.0886,tp_gap_filled,29.4679,9500.23,2.697,256.27,1
ALB,2020-10-14,2020-10-15,2020-10-16,2-3%,-2.502,92.8528,95.0449,tp_gap_filled,102.338,9502.37,2.361,224.33,1
COP,2020-10-14,2020-10-15,2020-10-16,2-3%,-2.408,34.074,34.8451,tp_gap_filled,279.0239,9507.47,2.263,215.15,1
PNR,2020-10-14,2020-10-15,2020-10-16,2-3%,-2.271,48.2482,49.2707,tp_gap_filled,197.309,9519.81,2.119,201.74,1
PCG,2020-10-12,2020-10-13,2020-10-19,5-10%,-5.855,10.1401,10.7492,tp_gap_filled,936.6541,9497.79,6.007,570.53,4
DDOG,2020-10-15,2020-10-16,2020-10-19,5-10%,-5.592,107.3072,113.4365,tp_gap_filled,88.9457,9544.52,5.712,545.17,1
FSLR,2020-10-15,2020-10-16,2020-10-19,3-5%,-3.595,80.7907,83.6363,tp_gap_filled,118.3672,9562.97,3.522,336.82,1
CRWD,2020-10-15,2020-10-16,2020-10-19,2-3%,-2.977,35.8833,36.9106,tp_gap_filled,266.8943,9577.06,2.863,274.15,1
CFG,2020-10-16,2020-10-19,2020-10-20,3-5%,-3.226,27.027,27.8721,tp_gap_filled,352.1955,9518.79,3.127,297.64,1
ISRG,2020-10-16,2020-10-19,2020-10-20,2-3%,-2.159,241.9083,246.753,tp_gap_filled,39.33,9514.25,2.003,190.54,1
PYPL,2020-09-03,2020-10-13,2020-10-21,2-3%,-2.433,205.8957,210.6092,tp_gap_filled,46.1618,9504.51,2.289,217.58,6
PSKY,2020-10-13,2020-10-14,2020-10-21,2-3%,-2.118,27.7577,28.3017,tp_gap_filled,342.4112,9504.56,1.96,186.25,5
OKE,2020-10-15,2020-10-16,2020-10-22,3-5%,-4.641,28.5886,29.9201,tp_gap_filled,334.3819,9559.5,4.657,445.23,4
SNA,2020-10-19,2020-10-20,2020-10-22,2-3%,-2.042,156.0659,159.0008,tp_gap_filled,61.2414,9557.69,1.881,179.74,2
DAL,2020-09-18,2020-10-09,2020-10-23,2-3%,-2.179,33.2532,33.926,tp_gap_filled,284.2848,9453.39,2.023,191.27,10
KEY,2020-10-21,2020-10-22,2020-10-23,3-5%,-4.434,12.5125,13.0669,tp_gap_filled,766.5825,9591.86,4.431,425.01,1
NCLH,2020-10-13,2020-10-22,2020-10-23,3-5%,-4.314,17.3173,18.0619,tp_gap_filled,554.7265,9606.36,4.3,413.06,1
OXY,2020-10-21,2020-10-22,2020-10-23,2-3%,-2.085,9.8699,10.0599,tp_gap_filled,974.8194,9621.33,1.926,185.28,1
WAB,2020-09-21,2020-10-06,2020-10-27,2-3%,-2.743,66.026,58.7043,stop,139.6391,9219.81,-11.089,-1022.38,15
AMD,2020-09-03,2020-10-08,2020-10-27,2-3%,-2.638,87.9278,78.1775,stop,107.0234,9410.33,-11.089,-1043.51,13
FSLR,2020-10-26,2020-10-27,2020-10-28,3-5%,-3.186,82.7327,85.2846,tp_gap_filled,113.1754,9363.3,3.085,288.82,1
BAX,2020-07-30,2020-07-31,2020-10-29,5-10%,-6.315,85.085,78.0019,time_exit,98.2974,8363.63,-8.325,-696.25,63
BLDR,2020-10-26,2020-10-27,2020-10-30,2-3%,-2.572,31.8518,32.6273,tp_gap_filled,293.9239,9362.01,2.435,227.94,3
CCI,2020-08-03,2020-08-04,2020-11-02,2-3%,-2.515,166.0959,159.3205,time_exit,50.9086,8455.72,-4.079,-344.93,63
LULU,2020-09-08,2020-10-12,2020-11-02,2-3%,-2.878,351.361,312.3986,stop,27.0607,9508.07,-11.089,-1054.35,15
MLM,2020-10-13,2020-10-14,2020-11-02,3-5%,-3.576,260.7705,269.8998,tp_gap_filled,36.4136,9495.6,3.501,332.43,13
VMC,2020-10-13,2020-10-14,2020-11-03,3-5%,-3.225,145.3952,149.9399,tp_gap_filled,65.301,9494.46,3.126,296.77,14
HIG,2020-10-22,2020-10-23,2020-11-03,3-5%,-3.713,38.9389,40.3596,tp_gap_filled,247.8046,9649.24,3.649,352.06,7
FAST,2020-10-13,2020-10-14,2020-11-04,5-10%,-5.059,22.6376,23.7962,tp_gap_filled,419.5615,9497.87,5.118,486.09,15
SW,2020-10-13,2020-10-14,2020-11-04,2-3%,-2.719,39.7597,40.7892,tp_gap_filled,238.9236,9499.54,2.589,245.96,15
LRCX,2020-10-15,2020-10-16,2020-11-04,3-5%,-3.065,36.3133,37.3866,tp_gap_filled,263.7405,9577.28,2.956,283.07,13
KLAC,2020-10-15,2020-10-16,2020-11-04,3-5%,-3.06,20.9599,21.5784,tp_gap_filled,457.0094,9578.89,2.951,282.64,13
FIS,2020-10-29,2020-10-30,2020-11-04,5-10%,-7.267,123.0029,132.3775,tp_gap_filled,74.2682,9135.21,7.621,696.24,3
ELV,2020-10-28,2020-11-03,2020-11-04,3-5%,-3.667,288.2079,298.5811,tp_gap_filled,32.6802,9418.68,3.599,339.0,1
CAH,2020-08-06,2020-08-07,2020-11-05,5-10%,-8.854,52.5525,53.0069,time_exit,163.7114,8603.44,0.865,74.4,63
LITE,2020-09-03,2020-09-04,2020-11-05,5-10%,-9.772,78.9288,87.3026,tp_gap_filled,110.721,8739.08,10.609,927.15,43
GEN,2020-09-11,2020-09-14,2020-11-05,5-10%,-6.898,20.9409,22.4475,tp_gap_filled,415.4617,8700.15,7.195,625.94,38
TTD,2020-10-15,2020-10-19,2020-11-05,3-5%,-4.581,62.4624,65.3306,tp_gap_filled,152.4438,9522.01,4.592,437.24,13
CNC,2020-10-27,2020-10-28,2020-11-05,5-10%,-5.573,62.7527,66.3236,tp_gap_filled,145.2065,9112.1,5.69,518.52,6
PYPL,2020-11-03,2020-11-04,2020-11-05,5-10%,-5.23,178.1179,187.5722,tp_gap_filled,53.3775,9507.49,5.308,504.65,1
MA,2020-10-28,2020-11-04,2020-11-05,3-5%,-4.863,301.9917,316.7929,tp_gap_filled,31.5779,9536.26,4.901,467.39,1
KKR,2020-11-03,2020-11-04,2020-11-05,2-3%,-2.539,34.1942,35.0149,tp_gap_filled,279.0459,9541.74,2.4,229.04,1
WDAY,2020-10-26,2020-11-04,2020-11-05,2-3%,-2.449,218.8686,223.9159,tp_gap_filled,43.7214,9569.24,2.306,220.67,1
ISRG,2020-10-28,2020-11-04,2020-11-05,2-3%,-2.3,235.0081,240.0597,tp_gap_filled,40.6962,9563.95,2.15,205.58,1
MAR,2020-10-26,2020-11-04,2020-11-05,2-3%,-2.221,99.5995,101.6582,tp_gap_filled,96.045,9566.04,2.067,197.73,1
FTNT,2020-08-07,2020-08-10,2020-11-06,5-10%,-6.15,26.2122,23.4186,time_exit,332.6923,8720.59,-10.658,-929.42,63
CARR,2020-11-04,2020-11-05,2020-11-06,3-5%,-3.572,35.6656,36.9131,tp_gap_filled,274.288,9782.65,3.498,342.15,1
CFG,2020-11-04,2020-11-05,2020-11-06,3-5%,-3.551,28.008,28.981,tp_gap_filled,350.1083,9805.83,3.474,340.66,1
CRH,2020-11-04,2020-11-05,2020-11-06,3-5%,-3.523,37.007,38.2817,tp_gap_filled,265.2568,9816.35,3.445,338.13,1
TFC,2020-11-04,2020-11-05,2020-11-06,3-5%,-3.351,43.3033,44.7152,tp_gap_filled,226.7606,9819.47,3.261,320.18,1
BAC,2020-11-04,2020-11-05,2020-11-06,3-5%,-3.24,23.9139,24.6653,tp_gap_filled,411.1322,9831.77,3.142,308.93,1
CPAY,2020-08-07,2020-08-17,2020-11-09,5-10%,-6.692,245.6454,262.737,tp_gap_filled,35.5435,8731.11,6.958,607.5,59
DOW,2020-09-21,2020-10-06,2020-11-09,2-3%,-2.64,49.089,50.3196,tp_gap_filled,187.6003,9209.12,2.507,230.86,24
PGR,2020-10-15,2020-10-16,2020-11-09,3-5%,-3.522,96.2361,99.5504,tp_gap_filled,99.5088,9576.34,3.444,329.79,16
STLD,2020-10-20,2020-10-21,2020-11-09,2-3%,-2.748,32.2422,33.0869,tp_gap_filled,296.054,9545.43,2.62,250.07,13
SYF,2020-10-20,2020-10-22,2020-11-09,3-5%,-3.508,28.0881,29.0509,tp_gap_filled,342.2674,9613.63,3.428,329.56,12
IBKR,2020-10-21,2020-10-22,2020-11-09,3-5%,-3.112,12.0746,12.4375,tp_gap_filled,796.0673,9612.16,3.006,288.96,12
RCL,2020-10-13,2020-10-23,2020-11-09,5-10%,-8.077,64.2542,69.7602,tp_gap_filled,149.9422,9634.41,8.569,825.58,11
EW,2020-10-22,2020-10-23,2020-11-09,3-5%,-4.629,79.8197,83.5264,tp_gap_filled,120.8581,9646.86,4.644,447.98,11
IEX,2020-10-28,2020-11-02,2020-11-09,5-10%,-5.086,176.7165,185.814,tp_gap_filled,52.3425,9249.79,5.148,476.18,5
ADM,2020-10-30,2020-11-02,2020-11-09,3-5%,-3.846,48.048,49.8701,tp_gap_filled,192.5856,9253.35,3.792,350.91,5
ANET,2020-08-05,2020-11-03,2020-11-09,5-10%,-6.057,15.5155,16.4829,tp_gap_filled,606.9488,9417.11,6.235,587.15,4
URI,2020-11-04,2020-11-05,2020-11-09,5-10%,-6.652,188.2381,201.2485,tp_gap_filled,51.8813,9766.04,6.912,675.0,2
SCHW,2020-11-04,2020-11-05,2020-11-09,5-10%,-6.039,40.03,42.5174,tp_gap_filled,243.7885,9758.85,6.214,606.41,2
CAT,2020-11-04,2020-11-05,2020-11-09,5-10%,-5.075,159.3392,167.5223,tp_gap_filled,61.347,9774.98,5.136,502.01,2
HBAN,2020-11-04,2020-11-06,2020-11-09,3-5%,-3.877,10.6707,11.0789,tp_gap_filled,920.4479,9821.79,3.826,375.77,1
KEY,2020-11-04,2020-11-06,2020-11-09,3-5%,-3.123,13.3533,13.7562,tp_gap_filled,734.334,9805.81,3.017,295.86,1
NWS,2020-09-21,2020-11-06,2020-11-09,2-3%,-2.132,15.1651,15.4645,tp_gap_filled,645.7408,9792.76,1.974,193.32,1
EOG,2020-11-05,2020-11-06,2020-11-09,2-3%,-2.026,35.3453,36.004,tp_gap_filled,277.0442,9792.22,1.863,182.48,1
MLM,2020-11-04,2020-11-05,2020-11-10,5-10%,-8.517,252.8926,275.8838,tp_gap_filled,38.5801,9756.63,9.091,887.0,3
AXP,2020-10-23,2020-11-09,2020-11-10,3-5%,-3.97,100.7306,104.6852,tp_gap_filled,99.3162,10004.18,3.926,392.75,1
CINF,2020-10-22,2020-11-09,2020-11-10,3-5%,-3.903,81.081,84.2057,tp_gap_filled,124.0644,10059.27,3.854,387.67,1
CCL,2020-09-15,2020-11-09,2020-11-10,3-5%,-3.641,17.2172,17.8322,tp_gap_filled,585.3734,10078.49,3.572,359.98,1
SLB,2020-09-21,2020-11-09,2020-11-10,3-5%,-3.364,18.1181,18.7113,tp_gap_filled,558.4557,10118.16,3.274,331.26,1
NCLH,2020-10-26,2020-11-09,2020-11-10,3-5%,-3.324,17.7577,18.3317,tp_gap_filled,569.9268,10120.61,3.232,327.09,1
TECH,2020-11-06,2020-11-09,2020-11-10,3-5%,-3.112,73.8538,76.0739,tp_gap_filled,137.8741,10182.53,3.006,306.09,1
MTB,2020-11-04,2020-11-09,2020-11-10,2-3%,-2.954,106.8668,109.9,tp_gap_filled,95.1712,10170.64,2.838,288.68,1
WYNN,2020-11-06,2020-11-09,2020-11-10,2-3%,-2.795,77.9679,80.0499,tp_gap_filled,131.1403,10224.74,2.67,273.03,1
BKNG,2020-11-06,2020-11-09,2020-11-10,2-3%,-2.673,68.9104,70.6617,tp_gap_filled,149.9169,10330.84,2.541,262.54,1
SMCI,2020-11-06,2020-11-09,2020-11-11,3-5%,-3.102,2.7828,2.8661,tp_gap_filled,3662.7469,10192.62,2.995,305.29,2
UPS,2020-11-09,2020-11-10,2020-11-11,2-3%,-2.135,164.2641,167.5123,tp_gap_filled,61.5518,10110.76,1.977,199.93,1
EFX,2020-10-22,2020-11-09,2020-11-12,2-3%,-2.587,158.3081,162.1877,tp_gap_filled,65.7571,10409.89,2.451,255.11,3
CVNA,2020-11-09,2020-11-11,2020-11-12,3-5%,-4.167,40.2902,41.958,tp_gap_filled,253.3884,10209.08,4.139,422.59,1
UNP,2020-10-21,2020-11-09,2020-11-16,3-5%,-3.255,200.2501,206.5732,tp_gap_filled,50.8958,10191.9,3.158,321.82,5
PSX,2020-09-21,2020-11-09,2020-11-16,3-5%,-3.176,57.9779,59.7602,tp_gap_filled,175.7234,10188.08,3.074,313.19,5
EXPE,2020-11-10,2020-11-11,2020-11-16,3-5%,-4.944,122.4023,128.5114,tp_gap_filled,83.4674,10216.6,4.991,509.91,3
NCLH,2020-11-10,2020-11-11,2020-11-16,3-5%,-3.301,20.8208,21.4885,tp_gap_filled,490.8413,10219.71,3.207,327.73,3
BDX,2020-08-06,2020-08-19,2020-11-17,5-10%,-6.15,204.223,185.7398,time_exit,42.406,8660.28,-9.051,-783.8,63
HAS,2020-10-26,2020-11-09,2020-11-17,5-10%,-5.413,87.107,91.908,tp_gap_filled,115.0706,10023.46,5.512,552.45,6
MOS,2020-11-03,2020-11-09,2020-11-18,5-10%,-8.231,17.968,19.5404,tp_gap_filled,558.9746,10043.63,8.752,878.98,7
HAL,2020-09-08,2020-11-16,2020-11-18,3-5%,-3.127,15.5055,15.974,tp_gap_filled,668.1314,10359.7,3.022,313.03,2
UAL,2020-11-10,2020-11-16,2020-11-18,2-3%,-2.106,40.4905,41.2787,tp_gap_filled,255.8305,10358.69,1.947,201.65,2
CVNA,2020-11-16,2020-11-17,2020-11-18,2-3%,-2.407,41.2412,42.1738,tp_gap_filled,250.6636,10337.67,2.261,233.76,1
WSM,2020-11-09,2020-11-17,2020-11-19,2-3%,-2.475,48.7087,49.8451,tp_gap_filled,212.2941,10340.56,2.333,241.26,2
WDC,2020-08-06,2020-09-02,2020-11-23,10%+,-12.076,29.5836,33.5794,tp_gap_filled,303.103,8966.88,13.507,1211.14,57
DGX,2020-11-09,2020-11-10,2020-11-23,5-10%,-7.021,118.118,126.7831,tp_gap_filled,85.4743,10096.05,7.336,740.64,9
KR,2020-11-09,2020-11-11,2020-11-23,3-5%,-3.588,32.012,33.1368,tp_gap_filled,319.2204,10218.88,3.514,359.07,8
VLO,2020-11-17,2020-11-18,2020-11-23,3-5%,-4.94,52.9729,55.6143,tp_gap_filled,194.0502,10279.41,4.986,512.57,3
MPC,2020-11-17,2020-11-18,2020-11-23,3-5%,-4.198,39.059,40.6893,tp_gap_filled,262.8909,10268.26,4.174,428.58,3
DLTR,2020-08-27,2020-11-09,2020-11-24,3-5%,-4.48,99.6696,104.1358,tp_gap_filled,100.5012,10016.91,4.481,448.86,11
ROP,2020-10-27,2020-11-09,2020-11-24,3-5%,-3.085,405.405,417.4721,tp_gap_filled,25.138,10191.06,2.977,303.34,11
ROK,2020-11-10,2020-11-11,2020-11-24,3-5%,-4.954,242.3621,254.4853,tp_gap_filled,42.1553,10216.84,5.002,511.05,9
FERG,2020-11-10,2020-11-11,2020-11-24,3-5%,-3.251,105.7557,109.0908,tp_gap_filled,96.4338,10198.42,3.154,321.62,9
CCL,2020-11-10,2020-11-17,2020-11-24,3-5%,-3.688,18.5585,19.2308,tp_gap_filled,557.6955,10350.01,3.622,374.89,5
NCLH,2020-11-18,2020-11-19,2020-11-24,5-10%,-6.301,20.6907,22.0379,tp_gap_filled,499.5317,10335.65,6.511,673.0,3
PYPL,2020-11-09,2020-11-23,2020-11-24,3-5%,-3.448,195.9357,202.5273,tp_gap_filled,53.2215,10428.0,3.364,350.81,1
PCAR,2020-11-20,2020-11-23,2020-11-24,2-3%,-2.099,58.8254,59.9666,tp_gap_filled,177.4175,10436.66,1.94,202.47,1
DDOG,2020-11-11,2020-11-12,2020-11-25,5-10%,-8.045,85.2352,92.5074,tp_gap_filled,118.0663,10063.4,8.532,858.61,9
QCOM,2020-11-23,2020-11-24,2020-11-25,2-3%,-2.52,142.4924,145.884,tp_gap_filled,74.1592,10567.12,2.38,251.52,1
WYNN,2020-11-10,2020-11-24,2020-11-27,2-3%,-2.191,100.1,102.1378,tp_gap_filled,105.6505,10575.61,2.036,215.29,2
MRNA,2020-11-24,2020-11-25,2020-11-27,2-3%,-2.603,98.4984,100.929,tp_gap_filled,107.3881,10577.56,2.468,261.01,1
NOW,2020-11-09,2020-11-12,2020-12-01,3-5%,-4.77,102.0319,106.929,tp_gap_filled,98.8141,10082.19,4.8,483.9,12
IBM,2020-10-20,2020-11-23,2020-12-01,3-5%,-4.557,114.6461,119.88,tp_gap_filled,90.9539,10427.5,4.565,476.05,5
INTC,2020-07-24,2020-09-02,2020-12-02,10%+,-13.659,52.2022,49.8501,time_exit,171.7669,8966.6,-4.506,-404.0,63
HAL,2020-11-25,2020-11-27,2020-12-02,2-3%,-2.289,17.5175,17.8921,tp_gap_filled,607.8089,10647.29,2.138,227.68,3
HST,2020-11-25,2020-11-27,2020-12-02,2-3%,-2.158,14.5245,14.8152,tp_gap_filled,733.1989,10649.36,2.001,213.11,3
ORCL,2020-10-26,2020-11-09,2020-12-03,3-5%,-3.005,58.1581,59.8401,tp_gap_filled,175.0113,10178.33,2.892,294.37,17
SLB,2020-11-25,2020-11-27,2020-12-03,2-3%,-2.249,21.7517,22.2078,tp_gap_filled,489.5314,10648.15,2.097,223.25,4
BKR,2020-11-25,2020-11-27,2020-12-03,2-3%,-2.221,19.8298,20.2397,tp_gap_filled,537.0827,10650.25,2.067,220.17,4
CVS,2020-11-17,2020-11-18,2020-12-04,5-10%,-7.105,68.3182,73.3965,tp_gap_filled,150.7665,10300.11,7.433,765.63,11
APA,2020-09-08,2020-11-24,2020-12-04,3-5%,-3.493,14.1041,14.5854,tp_gap_filled,749.3371,10568.72,3.413,360.66,7
TSLA,2020-12-02,2020-12-03,2020-12-04,3-5%,-4.843,185.6655,194.7251,tp_gap_filled,57.2927,10637.28,4.88,519.05,1
NFLX,2020-11-09,2020-11-11,2020-12-07,5-10%,-5.671,48.6026,51.4215,tp_gap_filled,210.1438,10213.53,5.8,592.39,17
PLTR,2020-12-02,2020-12-03,2020-12-07,10%+,-13.362,22.2622,25.6443,tp_gap_filled,476.9959,10619.0,15.192,1613.24,2
CVNA,2020-12-02,2020-12-03,2020-12-07,5-10%,-8.721,45.8918,50.1758,tp_gap_filled,232.0043,10647.1,9.335,993.89,2
PNR,2020-12-03,2020-12-04,2020-12-08,2-3%,-2.569,50.1101,51.3286,tp_gap_filled,215.2196,10784.67,2.432,262.26,2
F,2020-11-25,2020-11-30,2020-12-09,2-3%,-2.646,9.2092,9.4405,tp_gap_filled,1142.2439,10519.15,2.512,264.26,7
OXY,2020-12-07,2020-12-08,2020-12-09,3-5%,-4.088,17.8478,18.5714,tp_gap_filled,608.3655,10858.0,4.054,440.2,1
APA,2020-12-07,2020-12-08,2020-12-09,2-3%,-2.174,14.8649,15.1648,tp_gap_filled,732.1974,10884.01,2.018,219.64,1
UBER,2020-12-08,2020-12-09,2020-12-10,2-3%,-2.602,52.4524,53.7462,tp_gap_filled,205.7885,10794.1,2.467,266.25,1
MOS,2020-11-25,2020-11-27,2020-12-14,3-5%,-4.443,22.1721,23.1568,tp_gap_filled,479.8439,10639.17,4.441,472.49,11
KIM,2020-12-08,2020-12-09,2020-12-14,2-3%,-2.649,14.7147,15.0849,tp_gap_filled,734.1969,10803.49,2.516,271.8,3
TSLA,2020-12-08,2020-12-09,2020-12-14,2-3%,-2.532,208.7118,213.7061,tp_gap_filled,51.7617,10803.28,2.393,258.51,3
VEEV,2020-12-09,2020-12-10,2020-12-15,2-3%,-2.89,262.0117,269.2705,tp_gap_filled,41.0606,10758.37,2.77,298.05,3
CMG,2020-10-22,2020-10-23,2020-12-16,5-10%,-5.448,25.87,27.3059,tp_gap_filled,372.4594,9635.54,5.55,534.79,37
EBAY,2020-10-29,2020-11-02,2020-12-16,5-10%,-7.418,49.3493,53.1968,tp_gap_filled,187.6225,9259.04,7.796,721.87,31
WDAY,2020-11-20,2020-11-27,2020-12-16,3-5%,-4.584,220.4402,230.5692,tp_gap_filled,48.2383,10633.67,4.595,488.61,13
MRVL,2020-12-04,2020-12-09,2020-12-17,2-3%,-2.636,44.3643,45.4745,tp_gap_filled,243.6362,10808.76,2.502,270.48,6
ABNB,2020-12-14,2020-12-16,2020-12-17,3-5%,-3.052,135.135,139.1108,tp_gap_filled,80.8508,10925.77,2.942,321.44,1
AKAM,2020-10-28,2020-11-05,2020-12-18,5-10%,-5.182,101.2812,106.6033,tp_gap_filled,96.468,9770.39,5.255,513.41,30
FIX,2020-10-27,2020-11-24,2020-12-18,3-5%,-4.227,51.9419,54.1258,tp_gap_filled,203.387,10564.3,4.205,444.18,17
CRH,2020-11-27,2020-12-01,2020-12-18,3-5%,-4.475,40.6006,42.4175,tp_gap_filled,260.6485,10582.47,4.475,473.59,13
FSLR,2020-12-01,2020-12-02,2020-12-18,2-3%,-2.729,90.9709,93.3366,tp_gap_filled,116.4984,10597.96,2.6,275.6,12
PLTR,2020-12-16,2020-12-17,2020-12-18,2-3%,-2.724,25.7357,26.4036,tp_gap_filled,428.0453,11016.05,2.595,285.87,1
TSCO,2020-10-22,2020-12-01,2020-12-21,3-5%,-4.714,28.4464,29.7942,tp_gap_filled,372.2378,10588.83,4.738,501.69,14
MRNA,2020-12-16,2020-12-17,2020-12-21,5-10%,-6.433,137.8877,147.0728,tp_gap_filled,79.7736,10999.8,6.661,732.72,2
FLEX,2020-12-18,2020-12-21,2020-12-22,3-5%,-4.099,12.884,13.4078,tp_gap_filled,855.7733,11025.79,4.066,448.27,1
PLTR,2020-12-18,2020-12-21,2020-12-22,3-5%,-3.526,26.2963,27.2028,tp_gap_filled,419.8738,11041.12,3.447,380.62,1
CDW,2020-12-17,2020-12-18,2020-12-23,2-3%,-2.533,129.0389,132.1277,tp_gap_filled,85.5446,11038.58,2.394,264.23,3
FANG,2020-12-21,2020-12-22,2020-12-23,5-10%,-7.81,42.3023,45.7942,tp_gap_filled,260.4529,11017.75,8.255,909.48,1
DVN,2020-12-21,2020-12-22,2020-12-23,5-10%,-6.206,14.6747,15.6144,tp_gap_filled,751.5813,11029.2,6.404,706.27,1
EQT,2020-10-28,2020-10-29,2020-12-28,3-5%,-4.95,15.3754,12.9024,stop,598.7664,9206.25,-16.084,-1480.73,40
DASH,2020-12-14,2020-12-18,2020-12-28,3-5%,-3.371,169.2691,142.0439,stop,65.2507,11044.93,-16.084,-1776.47,5
NCLH,2020-12-21,2020-12-22,2020-12-28,5-10%,-6.195,23.6436,25.1548,tp_gap_filled,466.6414,11033.09,6.392,705.19,3
WBD,2020-12-18,2020-12-23,2020-12-28,2-3%,-2.575,28.028,28.7113,tp_gap_filled,399.0112,11183.48,2.438,272.63,2
CTAS,2020-12-22,2020-12-23,2020-12-28,2-3%,-2.349,84.5845,86.446,tp_gap_filled,132.2532,11186.57,2.201,246.19,2
TSLA,2020-12-21,2020-12-28,2020-12-30,3-5%,-4.138,222.3021,231.435,tp_gap_filled,49.9893,11112.74,4.108,456.55,2
VMC,2020-11-04,2020-11-05,2021-01-04,5-10%,-6.36,140.7506,150.0098,tp_gap_filled,69.3882,9766.44,6.578,642.48,39
PFG,2020-12-11,2020-12-14,2021-01-04,2-3%,-2.128,48.8088,49.7702,tp_gap_filled,220.7214,10773.14,1.97,212.21,13
ULTA,2020-12-04,2020-12-29,2021-01-04,3-5%,-3.205,280.5302,289.2405,tp_gap_filled,39.3709,11044.74,3.105,342.93,3
CNC,2020-12-21,2020-12-29,2021-01-04,2-3%,-2.289,59.8097,61.0889,tp_gap_filled,184.5945,11040.55,2.139,236.12,3
URI,2020-12-15,2020-12-16,2021-01-05,2-3%,-2.997,231.9617,238.6511,tp_gap_filled,47.1348,10933.47,2.884,315.3,12
OXY,2020-12-21,2020-12-22,2021-01-05,5-10%,-8.153,17.027,18.5015,tp_gap_filled,647.2102,11020.05,8.66,954.29,8
APA,2020-12-21,2020-12-22,2021-01-05,5-10%,-7.045,14.2642,15.3147,tp_gap_filled,773.4665,11032.92,7.364,812.46,8
EQT,2020-12-28,2021-01-04,2021-01-05,2-3%,-2.804,13.5335,13.8961,tp_gap_filled,820.4386,11103.42,2.679,297.47,1
JBHT,2020-10-16,2020-11-24,2021-01-06,3-5%,-4.146,136.096,141.6982,tp_gap_filled,77.6453,10567.21,4.116,434.98,28
KR,2020-12-03,2020-12-04,2021-01-06,3-5%,-4.336,30.9209,32.2577,tp_gap_filled,348.8856,10787.85,4.323,466.4,21
GPC,2020-12-02,2020-12-04,2021-01-06,3-5%,-3.669,98.0379,101.5683,tp_gap_filled,109.9971,10783.89,3.601,388.33,21
GLW,2020-12-11,2020-12-14,2021-01-06,2-3%,-2.367,36.3263,37.1328,tp_gap_filled,296.6146,10774.91,2.22,239.23,15
AIG,2020-12-11,2020-12-14,2021-01-06,2-3%,-2.216,38.8688,39.6703,tp_gap_filled,277.3351,10779.69,2.062,222.27,15
HPE,2020-12-21,2020-12-23,2021-01-06,2-3%,-2.228,11.8619,12.1079,tp_gap_filled,943.1718,11187.76,2.074,232.05,8
COP,2020-12-07,2020-12-08,2021-01-07,2-3%,-2.078,43.3933,44.2257,tp_gap_filled,250.763,10881.45,1.918,208.73,20
QCOM,2020-12-11,2020-12-15,2021-01-07,3-5%,-4.18,149.3892,155.5942,tp_gap_filled,72.9319,10895.24,4.154,452.54,15
FSLR,2021-01-05,2021-01-06,2021-01-07,3-5%,-4.099,97.1871,101.1388,tp_gap_filled,117.04,11374.78,4.066,462.5,1
PHM,2021-01-05,2021-01-06,2021-01-07,3-5%,-3.435,40.8008,42.1678,tp_gap_filled,279.0277,11384.54,3.351,381.44,1
STT,2021-01-05,2021-01-06,2021-01-07,3-5%,-3.433,69.8398,72.1778,tp_gap_filled,163.016,11385.0,3.348,381.13,1
SWK,2021-01-04,2021-01-05,2021-01-08,3-5%,-4.884,170.0098,178.3814,tp_gap_filled,66.1698,11249.52,4.924,553.95,3
CI,2021-01-06,2021-01-07,2021-01-08,3-5%,-4.473,194.5243,203.2266,tp_gap_filled,58.876,11452.81,4.474,512.35,1
CRWD,2021-01-06,2021-01-07,2021-01-08,3-5%,-3.427,51.051,52.7572,tp_gap_filled,225.5899,11516.59,3.342,384.9,1
CDNS,2021-01-06,2021-01-07,2021-01-08,2-3%,-2.791,132.4723,136.0039,tp_gap_filled,87.2526,11558.56,2.666,308.13,1
XYZ,2021-01-06,2021-01-07,2021-01-08,2-3%,-2.76,223.6334,229.5202,tp_gap_filled,51.7448,11571.87,2.632,304.61,1
FTNT,2021-01-05,2021-01-07,2021-01-08,2-3%,-2.748,28.3403,29.0829,tp_gap_filled,409.2829,11599.2,2.62,303.92,1
INTU,2021-01-06,2021-01-07,2021-01-08,2-3%,-2.63,359.5292,368.5011,tp_gap_filled,32.2286,11587.11,2.495,289.15,1
MSFT,2021-01-06,2021-01-07,2021-01-08,2-3%,-2.63,212.3822,217.6821,tp_gap_filled,54.6039,11596.89,2.495,289.4,1
KDP,2021-01-06,2021-01-07,2021-01-08,2-3%,-2.56,30.8608,31.6084,tp_gap_filled,376.1286,11607.64,2.422,281.17,1
PYPL,2021-01-06,2021-01-07,2021-01-08,2-3%,-2.541,229.1689,234.6751,tp_gap_filled,50.7024,11619.41,2.403,279.18,1
AAPL,2021-01-06,2021-01-07,2021-01-08,2-3%,-2.511,127.8477,130.879,tp_gap_filled,90.9624,11629.34,2.371,275.73,1
CHTR,2021-01-06,2021-01-07,2021-01-11,3-5%,-3.838,612.7721,635.9534,tp_gap_filled,18.7734,11503.79,3.783,435.19,2
TTD,2021-01-06,2021-01-08,2021-01-11,2-3%,-2.776,76.7421,78.7751,tp_gap_filled,151.2462,11606.95,2.649,307.5,1
MRNA,2020-12-28,2021-01-07,2021-01-12,2-3%,-2.715,120.16,123.2666,tp_gap_filled,96.5665,11603.43,2.585,299.99,3
UBER,2021-01-08,2021-01-11,2021-01-12,3-5%,-3.091,54.4494,56.0739,tp_gap_filled,213.0314,11599.43,2.983,346.06,1
DPZ,2020-10-08,2020-10-13,2021-01-13,5-10%,-5.835,406.3059,381.4781,time_exit,23.3898,9503.41,-6.111,-580.72,63
FCX,2021-01-11,2021-01-12,2021-01-13,5-10%,-5.233,29.5495,31.1188,tp_gap_filled,393.1608,11617.71,5.311,617.0,1
JCI,2021-01-11,2021-01-12,2021-01-13,3-5%,-4.386,49.099,51.2487,tp_gap_filled,237.0024,11636.59,4.378,509.47,1
OXY,2021-01-11,2021-01-12,2021-01-13,3-5%,-4.133,19.2692,20.0599,tp_gap_filled,605.2734,11663.16,4.103,478.57,1
APA,2021-01-11,2021-01-12,2021-01-13,3-5%,-3.8,15.9659,16.5634,tp_gap_filled,734.7367,11730.77,3.742,438.98,1
HAL,2021-01-11,2021-01-12,2021-01-13,3-5%,-3.678,19.3994,20.0999,tp_gap_filled,607.9352,11793.57,3.611,425.86,1
FANG,2021-01-11,2021-01-12,2021-01-13,3-5%,-3.647,54.7447,56.7032,tp_gap_filled,216.4393,11848.9,3.578,423.91,1
TDY,2021-01-04,2021-01-05,2021-01-14,10%+,-10.001,353.1328,391.588,tp_gap_filled,31.7893,11225.83,10.89,1222.46,7
BA,2021-01-11,2021-01-12,2021-01-14,3-5%,-3.273,203.233,209.6901,tp_gap_filled,58.5886,11907.14,3.177,378.31,2
FIS,2020-12-21,2020-12-29,2021-01-15,2-3%,-2.004,142.4523,126.6558,stop,77.4698,11035.76,-11.089,-1223.75,12
CHRW,2020-10-28,2020-11-09,2021-01-20,5-10%,-5.598,94.5244,99.93,tp_gap_filled,106.0635,10025.59,5.719,573.33,48
ARE,2021-01-06,2021-01-07,2021-01-20,3-5%,-3.717,164.4142,170.4194,tp_gap_filled,70.033,11514.43,3.652,420.56,8
NOW,2021-01-06,2021-01-08,2021-01-20,2-3%,-2.293,104.058,106.2876,tp_gap_filled,111.6806,11621.26,2.143,249.01,7
DELL,2021-01-13,2021-01-15,2021-01-20,2-3%,-2.606,37.9244,38.8613,tp_gap_filled,307.1286,11647.65,2.47,287.75,2
META,2021-01-06,2021-01-07,2021-01-21,3-5%,-3.31,262.262,270.699,tp_gap_filled,44.0363,11549.05,3.217,371.54,9
O,2021-01-12,2021-01-13,2021-01-21,3-5%,-4.005,55.3266,57.5199,tp_gap_filled,211.7307,11714.34,3.964,464.4,5
MRNA,2021-01-19,2021-01-20,2021-01-21,5-10%,-5.823,122.2221,129.5203,tp_gap_filled,96.7363,11823.31,5.971,706.0,1
PSKY,2021-01-19,2021-01-20,2021-01-21,2-3%,-2.605,44.1641,45.2547,tp_gap_filled,268.094,11840.14,2.469,292.38,1
KR,2021-01-20,2021-01-21,2021-01-22,2-3%,-2.023,32.9729,33.5864,tp_gap_filled,357.8784,11800.3,1.86,219.54,1
CLX,2020-11-09,2020-11-11,2021-01-25,5-10%,-6.713,203.6434,217.8619,tp_gap_filled,50.1626,10215.29,6.982,713.24,49
TSLA,2021-01-11,2021-01-12,2021-01-25,3-5%,-3.479,283.4165,293.0467,tp_gap_filled,42.0142,11907.52,3.398,404.6,8
UAL,2020-12-16,2021-01-14,2021-01-25,2-3%,-2.023,46.5465,41.385,stop,252.184,11738.28,-11.089,-1301.66,6
BKR,2021-01-15,2021-01-21,2021-01-26,2-3%,-2.32,23.1832,20.6124,stop,509.467,11811.05,-11.089,-1309.73,3
STX,2021-01-22,2021-01-25,2021-01-26,3-5%,-3.861,60.5705,62.8771,tp_gap_filled,194.3959,11774.66,3.808,448.38,1
FANG,2021-01-22,2021-01-25,2021-01-26,3-5%,-3.537,58.6886,60.7192,tp_gap_filled,200.6977,11778.67,3.46,407.53,1
ADP,2021-01-13,2021-01-14,2021-01-27,3-5%,-4.176,162.162,168.8909,tp_gap_filled,72.2869,11722.19,4.15,486.41,8
T,2021-01-08,2021-01-14,2021-01-27,2-3%,-2.574,22.0311,22.568,tp_gap_filled,532.7322,11736.66,2.437,286.06,8
OXY,2021-01-15,2021-01-19,2021-01-27,3-5%,-3.259,23.4735,19.698,stop,498.6199,11704.33,-16.084,-1882.52,6
MO,2020-12-24,2020-12-28,2021-01-28,2-3%,-2.286,41.9319,42.8271,tp_gap_filled,264.9761,11110.95,2.135,237.22,21
HST,2021-01-20,2021-01-21,2021-01-28,2-3%,-2.71,14.3744,14.7452,tp_gap_filled,821.1693,11803.78,2.58,304.56,5
SYY,2021-01-25,2021-01-26,2021-01-28,2-3%,-2.913,73.073,75.1148,tp_gap_filled,160.1336,11701.44,2.794,326.96,2
PLTR,2021-01-26,2021-01-27,2021-01-28,3-5%,-3.009,35.1751,36.1938,tp_gap_filled,327.9223,11534.71,2.896,334.03,1
PCAR,2021-01-26,2021-01-27,2021-01-28,2-3%,-2.114,63.9772,65.228,tp_gap_filled,180.9475,11576.52,1.955,226.33,1
FSLR,2021-01-27,2021-01-28,2021-01-29,3-5%,-4.375,100.2101,104.5853,tp_gap_filled,116.4031,11664.77,4.366,509.29,1
UBER,2021-01-27,2021-01-28,2021-02-01,3-5%,-3.756,50.02,51.8681,tp_gap_filled,233.5291,11681.12,3.695,431.59,2
NXPI,2021-01-27,2021-01-28,2021-02-01,3-5%,-3.573,162.8827,168.5812,tp_gap_filled,71.7895,11693.26,3.499,409.09,2
DXCM,2021-01-11,2021-01-22,2021-02-02,3-5%,-3.633,93.591,96.9255,tp_gap_filled,125.9806,11790.65,3.563,420.08,7
MCHP,2021-01-27,2021-01-28,2021-02-02,3-5%,-3.814,69.7947,72.4175,tp_gap_filled,167.4015,11683.74,3.758,439.06,3
OKE,2021-01-29,2021-02-01,2021-02-03,3-5%,-3.562,40.6506,42.0679,tp_gap_filled,286.9211,11663.52,3.486,406.65,2
BSX,2020-11-17,2020-12-16,2021-02-04,5-10%,-6.679,35.5255,37.992,tp_gap_filled,307.6616,10929.83,6.943,758.84,33
SW,2021-01-11,2021-01-14,2021-02-04,2-3%,-2.581,47.9879,49.1608,tp_gap_filled,244.261,11721.58,2.444,286.48,14
PHM,2021-01-28,2021-01-29,2021-02-04,5-10%,-7.153,43.9139,47.2028,tp_gap_filled,262.3775,11522.01,7.489,862.93,4
PFG,2021-01-29,2021-02-02,2021-02-04,3-5%,-3.406,50.8108,52.4974,tp_gap_filled,230.6178,11717.87,3.32,388.98,2
DVN,2021-01-22,2021-01-26,2021-02-05,3-5%,-3.208,17.8178,18.3716,tp_gap_filled,657.919,11722.67,3.108,364.36,8
HWM,2021-02-03,2021-02-04,2021-02-05,3-5%,-3.102,25.3253,26.0839,tp_gap_filled,471.0625,11929.8,2.995,357.34,1
XYZ,2021-01-11,2021-01-13,2021-02-08,3-5%,-4.075,231.8416,241.2085,tp_gap_filled,50.534,11715.89,4.04,473.35,17
XOM,2021-01-15,2021-01-19,2021-02-08,2-3%,-2.783,48.9589,50.2597,tp_gap_filled,238.9274,11697.62,2.657,310.79,14
ALB,2021-02-04,2021-02-05,2021-02-08,5-10%,-5.523,153.0929,161.7181,tp_gap_filled,78.2054,11972.69,5.634,674.54,1
JBHT,2021-01-20,2021-01-21,2021-02-09,3-5%,-3.804,143.0129,148.3715,tp_gap_filled,82.4541,11792.0,3.747,441.84,13
STX,2021-01-28,2021-02-08,2021-02-09,2-3%,-2.398,70.07,71.6483,tp_gap_filled,172.1792,12064.6,2.252,271.75,1
VRTX,2020-10-15,2020-11-09,2021-02-10,10%+,-16.175,227.7776,212.3175,time_exit,44.1258,10050.88,-6.787,-682.19,63
TER,2021-01-28,2021-02-03,2021-02-10,3-5%,-4.919,123.8337,129.9799,tp_gap_filled,94.8574,11746.54,4.963,583.01,5
HBAN,2021-01-22,2021-02-04,2021-02-10,2-3%,-2.963,14.0941,14.4955,tp_gap_filled,848.685,11961.43,2.848,340.67,4
NEM,2020-11-09,2020-11-10,2021-02-11,5-10%,-5.709,64.3142,58.3216,time_exit,157.0948,10103.43,-9.318,-941.41,63
REGN,2020-11-09,2020-11-10,2021-02-11,3-5%,-4.571,552.1616,490.0495,time_exit,18.3034,10106.45,-11.249,-1136.86,63
CRM,2020-12-02,2020-12-03,2021-02-11,5-10%,-6.576,225.7055,241.1087,tp_gap_filled,47.162,10644.72,6.824,726.44,47
INTC,2021-01-22,2021-02-04,2021-02-12,5-10%,-5.78,58.9088,62.3975,tp_gap_filled,202.3685,11921.29,5.922,706.0,6
USB,2021-01-20,2021-02-08,2021-02-12,2-3%,-2.226,47.047,48.0219,tp_gap_filled,256.6006,12072.29,2.072,250.17,4
UDR,2021-02-10,2021-02-11,2021-02-12,3-5%,-4.105,39.5195,41.1288,tp_gap_filled,304.4841,12033.05,4.072,490.02,1
BBY,2020-11-24,2020-11-25,2021-02-16,5-10%,-5.121,115.9058,121.918,tp_gap_filled,91.3126,10583.66,5.187,548.99,54
KMB,2020-10-22,2020-11-16,2021-02-18,5-10%,-5.142,140.8908,132.0578,time_exit,73.5092,10356.77,-6.269,-649.3,63
DDOG,2021-02-17,2021-02-18,2021-02-19,3-5%,-3.775,103.6035,107.4524,tp_gap_filled,115.5843,11974.94,3.715,444.88,1
CAH,2020-11-17,2020-11-18,2021-02-22,5-10%,-5.935,55.055,52.0779,time_exit,186.9079,10290.22,-5.408,-556.45,63
AJG,2021-01-08,2021-01-11,2021-02-23,3-5%,-3.621,118.0179,122.2077,tp_gap_filled,98.2731,11597.98,3.55,411.74,29
STT,2021-01-19,2021-01-20,2021-02-24,2-3%,-2.63,75.2252,77.1028,tp_gap_filled,157.2974,11832.72,2.496,295.35,24
IP,2021-02-04,2021-02-09,2021-02-24,3-5%,-4.998,45.5853,47.8877,tp_gap_filled,264.2954,12047.99,5.051,608.5,10
TSN,2021-02-11,2021-02-12,2021-02-24,5-10%,-6.178,65.065,69.2107,tp_gap_filled,185.8855,12094.64,6.372,770.63,7
TER,2021-02-23,2021-02-24,2021-02-25,3-5%,-4.154,127.0169,132.2576,tp_gap_filled,95.1862,12090.26,4.126,498.84,1
CI,2021-02-04,2021-02-09,2021-03-02,3-5%,-4.297,210.21,219.2106,tp_gap_filled,57.3125,12047.67,4.282,515.85,14
CRWD,2021-02-23,2021-02-24,2021-03-02,5-10%,-6.478,52.8528,56.401,tp_gap_filled,228.3706,12070.03,6.713,810.31,4
CRH,2021-01-11,2021-01-12,2021-03-04,3-5%,-4.144,45.3853,47.2527,tp_gap_filled,256.8725,11658.24,4.114,479.67,35
TTWO,2021-02-09,2021-02-10,2021-03-04,3-5%,-4.992,202.8927,170.2594,stop,59.3326,12038.15,-16.084,-1936.22,15
AMD,2021-01-27,2021-02-08,2021-03-05,3-5%,-3.812,91.1911,76.5239,stop,132.2867,12063.37,-16.084,-1940.27,18
PLTR,2021-02-16,2021-02-22,2021-03-05,5-10%,-5.923,30.05,22.2148,stop,398.4743,11974.16,-26.074,-3122.14,9
DLTR,2021-03-03,2021-03-04,2021-03-05,2-3%,-2.799,96.2762,98.851,tp_gap_filled,121.1083,11659.85,2.674,311.84,1
NEM,2021-03-03,2021-03-04,2021-03-05,2-3%,-2.43,55.4754,56.7432,tp_gap_filled,210.5832,11682.19,2.285,266.97,1
CIEN,2020-09-03,2020-12-03,2021-03-08,10%+,-22.424,46.6466,49.1508,time_exit,227.6717,10620.11,5.368,570.14,63
PPG,2021-01-22,2021-01-25,2021-03-08,3-5%,-3.33,138.8887,143.3865,tp_gap_filled,84.9337,11796.34,3.238,382.01,29
BNY,2021-01-20,2021-02-11,2021-03-08,3-5%,-4.583,43.7637,45.7742,tp_gap_filled,275.2975,12048.04,4.594,553.47,16
IRM,2021-01-28,2021-02-25,2021-03-08,3-5%,-3.134,35.8858,36.973,tp_gap_filled,329.6559,11829.98,3.029,358.38,7
TKO,2021-02-05,2021-03-02,2021-03-08,5-10%,-5.321,53.073,55.944,tp_gap_filled,225.96,11992.38,5.409,648.73,4
FCX,2021-03-04,2021-03-05,2021-03-08,2-3%,-2.943,34.004,34.965,tp_gap_filled,348.296,11843.45,2.826,334.72,1
FERG,2021-01-27,2021-01-28,2021-03-09,3-5%,-4.813,117.1971,122.877,tp_gap_filled,99.4825,11659.05,4.846,565.05,27
STX,2021-03-04,2021-03-05,2021-03-09,3-5%,-4.135,72.8728,75.8641,tp_gap_filled,162.4845,11840.7,4.105,486.03,2
AES,2021-03-04,2021-03-05,2021-03-09,2-3%,-2.826,26.1561,26.8631,tp_gap_filled,453.2491,11855.24,2.703,320.44,2
ROST,2021-03-03,2021-03-08,2021-03-09,3-5%,-3.094,114.114,117.5224,tp_gap_filled,103.7647,11841.01,2.987,353.67,1
ROK,2021-01-26,2021-03-08,2021-03-09,2-3%,-2.055,255.7455,260.5892,tp_gap_filled,46.3846,11862.64,1.894,224.67,1
CSCO,2021-02-10,2021-02-11,2021-03-10,3-5%,-4.845,46.1962,48.4515,tp_gap_filled,260.5418,12036.03,4.882,587.61,18
IFF,2021-03-08,2021-03-09,2021-03-10,3-5%,-3.006,129.8297,133.5863,tp_gap_filled,92.3308,11987.28,2.893,346.85,1
MRVL,2021-03-04,2021-03-09,2021-03-11,5-10%,-5.487,43.1031,45.5144,tp_gap_filled,278.1438,11988.85,5.594,670.71,2
EL,2021-03-08,2021-03-09,2021-03-11,3-5%,-3.377,283.283,292.5971,tp_gap_filled,42.3318,11991.88,3.288,394.28,2
FCX,2021-03-09,2021-03-10,2021-03-11,3-5%,-3.05,33.4134,34.3956,tp_gap_filled,361.5127,12079.36,2.94,355.07,1
MDLZ,2021-01-29,2021-02-01,2021-03-15,3-5%,-3.624,55.105,57.0629,tp_gap_filled,211.6411,11662.5,3.553,414.36,29
CARR,2021-02-09,2021-02-10,2021-03-15,5-10%,-6.549,37.1371,39.6603,tp_gap_filled,324.1591,12038.33,6.794,817.92,22
BBY,2021-02-25,2021-03-08,2021-03-15,5-10%,-8.496,103.9238,113.3465,tp_gap_filled,113.8427,11830.96,9.067,1072.71,5
HD,2021-02-23,2021-03-11,2021-03-15,2-3%,-2.345,269.6494,275.5742,tp_gap_filled,45.2894,12212.26,2.197,268.33,2
AXON,2021-03-04,2021-03-11,2021-03-15,2-3%,-2.051,151.9818,154.855,tp_gap_filled,80.3455,12211.06,1.89,230.84,2
AMGN,2021-02-03,2021-02-04,2021-03-16,3-5%,-3.713,231.7916,240.2495,tp_gap_filled,51.4276,11920.49,3.649,434.97,27
PLTR,2021-03-12,2021-03-15,2021-03-16,3-5%,-3.704,25.7657,26.7033,tp_gap_filled,480.7645,12387.25,3.639,450.73,1
MRVL,2021-03-12,2021-03-15,2021-03-16,3-5%,-3.002,44.9549,46.2537,tp_gap_filled,275.9135,12403.67,2.889,358.35,1
NOW,2021-03-12,2021-03-15,2021-03-16,2-3%,-2.758,97.8978,100.4734,tp_gap_filled,127.0201,12434.98,2.631,327.16,1
WDAY,2021-03-12,2021-03-15,2021-03-16,2-3%,-2.686,250.6104,257.0127,tp_gap_filled,49.6434,12441.15,2.555,317.83,1
TAP,2021-02-11,2021-02-23,2021-03-17,5-10%,-6.105,46.036,48.931,tp_gap_filled,258.8056,11914.37,6.289,749.25,16
CRWD,2021-03-04,2021-03-10,2021-03-17,2-3%,-2.768,51.2487,52.6023,tp_gap_filled,235.947,12091.98,2.641,319.39,5
DD,2021-02-01,2021-02-02,2021-03-18,5-10%,-6.57,93.2689,99.6283,tp_gap_filled,125.5145,11706.6,6.818,798.2,31
NTAP,2021-02-25,2021-03-10,2021-03-18,5-10%,-5.058,68.0179,71.4984,tp_gap_filled,177.701,12086.86,5.117,618.49,6
TFC,2021-03-16,2021-03-17,2021-03-18,2-3%,-2.69,57.9379,59.4205,tp_gap_filled,214.1522,12407.52,2.559,317.51,1
COHR,2021-02-12,2021-02-16,2021-03-19,5-10%,-7.883,91.8217,67.8801,stop,131.268,12053.26,-26.074,-3142.77,23
ANET,2021-02-23,2021-02-24,2021-03-22,3-5%,-4.539,17.4487,18.2417,tp_gap_filled,692.3104,12079.9,4.545,549.04,18
DG,2021-03-18,2021-03-19,2021-03-22,5-10%,-5.957,176.5163,187.3225,tp_gap_filled,69.0268,12184.36,6.122,745.91,1
FANG,2021-03-16,2021-03-17,2021-03-23,2-3%,-2.717,82.082,72.9799,stop,151.2014,12410.91,-11.089,-1376.25,4
APA,2021-03-16,2021-03-17,2021-03-23,2-3%,-2.462,21.021,18.69,stop,590.4623,12412.11,-11.089,-1376.38,4
ADSK,2021-03-18,2021-03-22,2021-03-23,2-3%,-2.668,265.8256,272.5672,tp_gap_filled,45.7888,12171.83,2.536,308.69,1
IBM,2021-01-22,2021-01-26,2021-03-24,5-10%,-8.318,115.5074,125.7346,tp_gap_filled,101.4418,11717.27,8.854,1037.47,40
PKG,2021-03-22,2021-03-23,2021-03-24,2-3%,-2.244,128.2081,130.889,tp_gap_filled,94.0873,12062.75,2.091,252.24,1
OXY,2021-03-16,2021-03-17,2021-03-25,2-3%,-2.389,28.6286,25.454,stop,433.5349,12411.5,-11.089,-1376.31,6
CHRW,2021-01-27,2021-01-28,2021-03-26,5-10%,-5.99,91.7517,97.4025,tp_gap_filled,127.1995,11670.76,6.159,718.78,40
UNP,2021-01-21,2021-02-12,2021-03-26,3-5%,-3.749,210.21,217.9618,tp_gap_filled,57.5506,12097.71,3.688,446.12,29
EOG,2021-03-16,2021-03-17,2021-03-26,2-3%,-2.353,72.6826,74.2856,tp_gap_filled,170.8448,12417.44,2.206,273.87,7
WBD,2021-03-23,2021-03-24,2021-03-26,5-10%,-6.216,70.08,51.8073,stop,171.4128,12012.61,-26.074,-3132.17,2
FANG,2021-03-23,2021-03-24,2021-03-26,3-5%,-4.143,72.2622,75.2347,tp_gap_filled,165.5928,11966.1,4.113,492.22,2
JKHY,2021-02-09,2021-02-10,2021-03-29,5-10%,-5.885,149.0489,158.0518,tp_gap_filled,80.7715,12038.9,6.04,727.18,32
WAB,2021-02-18,2021-03-10,2021-03-29,3-5%,-4.134,76.1461,79.2706,tp_gap_filled,158.6269,12078.81,4.103,495.64,13
ORCL,2021-03-11,2021-03-12,2021-03-29,5-10%,-6.198,67.7177,72.0479,tp_gap_filled,180.6498,12233.18,6.395,782.26,11
GIS,2021-03-24,2021-03-25,2021-03-29,3-5%,-4.363,58.5785,61.1288,tp_gap_filled,205.7902,12054.89,4.354,524.82,2
COHR,2021-03-25,2021-03-26,2021-03-29,5-10%,-6.988,62.6226,67.1927,tp_gap_filled,195.0036,12211.62,7.298,891.2,1
NKE,2021-03-25,2021-03-26,2021-03-29,3-5%,-4.588,127.1771,133.0268,tp_gap_filled,96.4258,12263.15,4.6,564.07,1
ABNB,2021-03-25,2021-03-26,2021-03-29,3-5%,-3.215,173.2731,178.6712,tp_gap_filled,70.9909,12300.81,3.115,383.21,1
ON,2021-03-25,2021-03-26,2021-03-29,3-5%,-3.069,36.987,38.0819,tp_gap_filled,332.6436,12303.47,2.96,364.22,1
MPWR,2021-03-26,2021-03-29,2021-03-30,3-5%,-4.295,317.6573,331.2484,tp_gap_filled,38.6885,12289.67,4.279,525.82,1
ETN,2021-03-15,2021-03-16,2021-03-31,2-3%,-2.046,138.0279,140.6292,tp_gap_filled,89.5097,12354.84,1.885,232.85,11
HIG,2021-03-29,2021-03-30,2021-03-31,3-5%,-3.84,65.1651,67.6323,tp_gap_filled,189.0989,12322.65,3.786,466.54,1
GS,2021-03-29,2021-03-30,2021-03-31,2-3%,-2.15,320.6704,327.0626,tp_gap_filled,38.5369,12357.66,1.993,246.34,1
C,2021-03-29,2021-03-30,2021-03-31,2-3%,-2.013,71.6216,72.947,tp_gap_filled,172.7444,12372.22,1.851,228.96,1
FERG,2021-03-18,2021-03-23,2021-04-01,2-3%,-2.451,121.5214,124.3255,tp_gap_filled,99.1644,12050.59,2.308,278.07,7
APA,2021-03-25,2021-03-26,2021-04-01,3-5%,-3.445,17.9579,18.5614,tp_gap_filled,683.9224,12281.84,3.361,412.73,4
BLK,2021-01-14,2021-01-15,2021-04-05,3-5%,-3.815,750.75,778.9702,tp_gap_filled,15.5305,11659.56,3.759,438.28,53
CTSH,2021-02-04,2021-02-05,2021-04-05,5-10%,-6.302,74.4143,79.2607,tp_gap_filled,160.8861,11972.23,6.513,779.71,39
WFC,2021-03-29,2021-03-30,2021-04-05,2-3%,-2.968,38.6186,39.7202,tp_gap_filled,319.7795,12349.43,2.853,352.29,3
UDR,2021-03-31,2021-04-01,2021-04-05,2-3%,-2.455,43.3533,44.3556,tp_gap_filled,287.861,12479.73,2.312,288.52,1
TYL,2021-03-04,2021-03-05,2021-04-06,2-3%,-2.55,428.428,438.7608,tp_gap_filled,27.6656,11852.73,2.412,285.86,21
PANW,2021-03-18,2021-03-23,2021-04-06,2-3%,-2.944,54.5545,56.0972,tp_gap_filled,220.9748,12055.17,2.828,340.89,9
FCX,2021-03-23,2021-04-05,2021-04-06,2-3%,-2.599,34.1341,34.975,tp_gap_filled,368.3908,12574.69,2.463,309.78,1
CCL,2021-03-22,2021-04-05,2021-04-06,2-3%,-2.244,28.3383,28.931,tp_gap_filled,444.2658,12589.74,2.092,263.33,1
F,2021-03-23,2021-04-05,2021-04-06,2-3%,-2.179,12.5826,12.8372,tp_gap_filled,1000.3014,12586.36,2.023,254.66,1
NCLH,2021-03-05,2021-03-10,2021-04-07,5-10%,-7.994,30.3003,32.8671,tp_gap_filled,399.2365,12096.97,8.471,1024.77,19
SW,2021-03-15,2021-03-16,2021-04-07,3-5%,-4.566,46.8668,49.0109,tp_gap_filled,263.6097,12354.55,4.575,565.21,15
AOS,2021-04-05,2021-04-06,2021-04-07,2-3%,-2.063,66.5365,67.8021,tp_gap_filled,190.0685,12646.48,1.902,240.56,1
MS,2021-03-29,2021-03-30,2021-04-08,3-5%,-3.726,77.077,79.9,tp_gap_filled,160.0827,12338.69,3.663,451.92,6
FICO,2021-01-27,2021-04-01,2021-04-08,2-3%,-2.031,501.6712,511.0484,tp_gap_filled,24.8956,12489.39,1.869,233.45,4
FSLR,2021-02-22,2021-03-31,2021-04-09,2-3%,-2.276,88.9789,79.112,stop,139.3443,12398.7,-11.089,-1374.89,6
LULU,2021-03-31,2021-04-01,2021-04-09,2-3%,-2.977,307.9576,316.7729,tp_gap_filled,40.5544,12489.04,2.862,357.5,5
PGR,2021-01-07,2021-01-08,2021-04-12,3-5%,-4.302,94.6345,96.3336,time_exit,122.656,11607.5,1.795,208.4,63
XYL,2021-01-08,2021-01-11,2021-04-12,2-3%,-2.406,105.9759,108.3715,tp_gap_filled,109.4629,11600.43,2.261,262.23,62
DVA,2021-03-26,2021-03-29,2021-04-12,2-3%,-2.282,108.4383,110.7491,tp_gap_filled,113.6288,12321.71,2.131,262.57,9
NVDA,2021-02-25,2021-04-06,2021-04-12,3-5%,-3.128,14.0595,14.4845,tp_gap_filled,899.9171,12652.43,3.023,382.42,4
XYZ,2021-02-23,2021-03-02,2021-04-13,5-10%,-7.658,247.7976,267.8119,tp_gap_filled,48.3672,11985.28,8.077,968.04,29
PLTR,2021-03-17,2021-03-18,2021-04-13,3-5%,-4.256,24.5445,25.5844,tp_gap_filled,495.4137,12159.69,4.237,515.17,17
CRWD,2021-03-18,2021-04-08,2021-04-13,2-3%,-2.134,50.9484,51.9555,tp_gap_filled,250.4318,12759.1,1.977,252.21,3
CPRT,2021-02-19,2021-04-09,2021-04-13,2-3%,-2.004,29.1266,29.6628,tp_gap_filled,440.797,12838.92,1.841,236.36,2
HSIC,2021-02-17,2021-02-19,2021-04-15,5-10%,-7.495,65.3553,70.5094,tp_gap_filled,183.6912,12005.19,7.886,946.77,38
VRSK,2021-02-24,2021-03-09,2021-04-15,5-10%,-5.05,176.176,185.1746,tp_gap_filled,68.0902,11995.87,5.108,612.72,26
STZ,2021-04-08,2021-04-09,2021-04-15,3-5%,-4.427,224.7645,234.7051,tp_gap_filled,57.0424,12821.1,4.423,567.03,4
FFIV,2021-04-08,2021-04-09,2021-04-15,2-3%,-2.622,205.5754,210.6891,tp_gap_filled,62.4045,12828.84,2.488,319.12,4
NI,2021-04-13,2021-04-14,2021-04-15,3-5%,-4.202,23.7337,24.7252,tp_gap_filled,542.1975,12868.36,4.178,537.61,1
NCLH,2021-04-13,2021-04-14,2021-04-15,3-5%,-3.281,28.3283,29.2307,tp_gap_filled,455.2318,12895.94,3.186,410.82,1
UAL,2021-04-13,2021-04-14,2021-04-15,3-5%,-3.116,54.4644,56.1038,tp_gap_filled,237.1679,12917.21,3.01,388.82,1
JNJ,2021-04-13,2021-04-14,2021-04-15,2-3%,-2.957,157.0169,161.4784,tp_gap_filled,82.39,12936.62,2.841,367.58,1
DAL,2021-04-13,2021-04-14,2021-04-15,2-3%,-2.806,47.4975,48.7712,tp_gap_filled,272.5324,12944.59,2.682,347.13,1
RCL,2021-04-13,2021-04-14,2021-04-15,2-3%,-2.504,84.9649,86.9729,tp_gap_filled,152.4242,12950.7,2.363,306.08,1
CCL,2021-04-13,2021-04-14,2021-04-15,2-3%,-2.306,27.1371,27.7222,tp_gap_filled,477.5252,12958.66,2.156,279.42,1
SW,2021-04-08,2021-04-09,2021-04-16,3-5%,-3.242,48.999,50.5394,tp_gap_filled,261.6369,12819.93,3.144,403.04,5
SYF,2021-04-14,2021-04-15,2021-04-16,2-3%,-2.774,40.3503,41.4185,tp_gap_filled,323.0354,13034.58,2.647,345.08,1
FAST,2021-04-13,2021-04-14,2021-04-19,3-5%,-3.155,24.5796,25.3296,tp_gap_filled,525.2057,12909.32,3.052,393.95,3
LITE,2021-01-19,2021-01-20,2021-04-21,10%+,-10.638,95.105,93.0269,time_exit,124.279,11819.56,-2.185,-258.27,63
ABBV,2021-03-17,2021-03-18,2021-04-21,5-10%,-6.388,103.8638,110.7292,tp_gap_filled,117.1171,12164.23,6.61,804.06,23
FDS,2021-03-30,2021-03-31,2021-04-21,2-3%,-2.92,314.8045,323.6261,tp_gap_filled,39.4113,12406.86,2.802,347.67,14
GEN,2021-04-13,2021-04-14,2021-04-22,2-3%,-2.297,21.7117,22.1778,tp_gap_filled,597.4401,12971.44,2.147,278.47,6
MRNA,2021-02-22,2021-04-16,2021-04-22,3-5%,-3.972,167.9678,174.5653,tp_gap_filled,77.8487,13076.07,3.928,513.6,4
ABT,2021-04-20,2021-04-21,2021-04-22,3-5%,-3.236,120.6205,124.4055,tp_gap_filled,108.4264,13078.44,3.138,410.39,1
HBAN,2021-04-13,2021-04-14,2021-04-23,2-3%,-2.002,16.1661,14.3735,stop,801.6659,12959.85,-11.089,-1437.12,7
APA,2021-04-21,2021-04-22,2021-04-23,3-5%,-3.471,16.4264,16.983,tp_gap_filled,793.459,13033.68,3.388,441.63,1
OXY,2021-04-21,2021-04-22,2021-04-23,3-5%,-3.233,22.4725,23.1768,tp_gap_filled,580.9664,13055.74,3.134,409.2,1
FCX,2021-04-21,2021-04-22,2021-04-23,2-3%,-2.926,34.8648,35.8441,tp_gap_filled,375.3713,13087.26,2.809,367.6,1
BKR,2021-04-21,2021-04-22,2021-04-23,2-3%,-2.717,18.999,19.4905,tp_gap_filled,688.7578,13085.7,2.587,338.53,1
T,2021-04-08,2021-04-22,2021-04-23,2-3%,-2.037,22.9081,23.3377,tp_gap_filled,570.8696,13077.53,1.875,245.24,1
XYZ,2021-04-19,2021-04-20,2021-04-26,2-3%,-2.296,250.4702,255.8439,tp_gap_filled,51.6909,12947.04,2.145,277.77,4
ZBRA,2021-04-21,2021-04-22,2021-04-26,2-3%,-2.552,487.2968,499.0604,tp_gap_filled,26.8368,13077.48,2.414,315.7,2
BIIB,2021-04-22,2021-04-23,2021-04-26,3-5%,-3.65,260.26,269.5802,tp_gap_filled,50.4334,13125.79,3.581,470.05,1
DHI,2021-04-22,2021-04-23,2021-04-26,2-3%,-2.572,90.9909,93.2067,tp_gap_filled,144.2977,13129.78,2.435,319.74,1
HIG,2021-04-22,2021-04-23,2021-04-26,2-3%,-2.52,65.8158,67.3825,tp_gap_filled,200.0205,13164.5,2.381,313.39,1
NKE,2021-04-20,2021-04-21,2021-04-27,2-3%,-2.565,129.2992,132.4374,tp_gap_filled,101.204,13085.6,2.427,317.61,4
LVS,2021-04-22,2021-04-23,2021-04-27,3-5%,-4.098,58.3283,60.6992,tp_gap_filled,224.8492,13115.06,4.065,533.11,2
RF,2021-04-23,2021-04-26,2021-04-27,5-10%,-5.914,19.1091,20.2697,tp_gap_filled,691.6972,13217.7,6.074,802.8,1
AXP,2021-04-23,2021-04-26,2021-04-27,3-5%,-3.819,141.6815,147.0128,tp_gap_filled,93.5931,13260.41,3.763,498.97,1
HAL,2021-04-21,2021-04-22,2021-04-28,5-10%,-6.562,18.5285,19.7902,tp_gap_filled,702.5653,13017.49,6.809,886.41,4
TSLA,2021-02-22,2021-04-13,2021-04-29,2-3%,-2.388,254.4675,226.2496,stop,50.7572,12916.06,-11.089,-1432.26,12
HCA,2021-04-26,2021-04-27,2021-04-29,3-5%,-3.096,196.4262,202.2975,tp_gap_filled,67.2659,13212.79,2.989,394.94,2
SYF,2021-04-27,2021-04-28,2021-04-29,3-5%,-4.244,39.7497,41.4285,tp_gap_filled,331.2211,13165.94,4.223,556.06,1
DVN,2021-03-16,2021-04-28,2021-04-29,2-3%,-2.357,24.054,24.5854,tp_gap_filled,549.258,13211.87,2.209,291.85,1
CHRW,2021-04-28,2021-04-29,2021-04-30,2-3%,-2.785,93.9939,96.4934,tp_gap_filled,140.9674,13250.07,2.659,352.35,1
LDOS,2021-02-23,2021-03-18,2021-05-03,5-10%,-5.665,98.0179,103.6962,tp_gap_filled,124.0983,12163.86,5.793,704.67,31
SBUX,2021-04-28,2021-04-29,2021-05-03,2-3%,-2.333,113.5534,116.0339,tp_gap_filled,116.828,13266.22,2.184,289.78,2
PAYX,2021-04-06,2021-04-07,2021-05-04,5-10%,-5.331,95.105,100.2596,tp_gap_filled,133.3087,12678.33,5.42,687.16,19
COIN,2021-04-21,2021-04-22,2021-05-04,2-3%,-2.587,312.8325,278.1425,stop,41.89,13104.55,-11.089,-1453.16,8
JCI,2021-04-30,2021-05-03,2021-05-04,3-5%,-3.524,61.111,63.2167,tp_gap_filled,215.1312,13146.9,3.446,453.0,1
SW,2021-04-20,2021-04-21,2021-05-05,3-5%,-4.404,48.4584,50.5894,tp_gap_filled,269.6079,13064.77,4.397,574.52,10
MMM,2021-04-27,2021-04-28,2021-05-05,3-5%,-4.068,160.2855,166.7478,tp_gap_filled,82.3665,13202.16,4.032,532.27,5
MO,2021-04-20,2021-04-21,2021-05-06,5-10%,-6.398,45.9859,49.0309,tp_gap_filled,283.7757,13049.69,6.622,864.09,11
MOS,2021-05-04,2021-05-05,2021-05-06,5-10%,-6.395,32.8228,34.995,tp_gap_filled,399.5181,13113.3,6.618,867.82,1
FERG,2021-05-04,2021-05-05,2021-05-06,2-3%,-2.302,126.156,128.871,tp_gap_filled,104.1562,13139.93,2.152,282.78,1
AMGN,2021-04-28,2021-05-03,2021-05-07,5-10%,-5.335,241.7615,254.8749,tp_gap_filled,54.3509,13139.96,5.424,712.72,4
CNC,2021-04-27,2021-05-04,2021-05-07,3-5%,-3.136,63.9939,65.934,tp_gap_filled,203.7555,13039.11,3.032,395.3,3
SMCI,2021-05-05,2021-05-06,2021-05-07,2-3%,-2.706,3.5626,3.6543,tp_gap_filled,3711.5062,13222.46,2.576,340.65,1
KR,2021-01-28,2021-03-29,2021-05-10,2-3%,-2.761,37.7177,38.7112,tp_gap_filled,326.6157,12319.18,2.634,324.52,29
UAL,2021-04-20,2021-04-26,2021-05-10,2-3%,-2.764,53.5235,54.935,tp_gap_filled,248.2541,13287.42,2.637,350.42,10
CTVA,2021-05-05,2021-05-06,2021-05-10,3-5%,-4.499,47.5975,49.7402,tp_gap_filled,277.6528,13215.59,4.502,594.92,2
MRNA,2021-05-06,2021-05-07,2021-05-10,5-10%,-9.113,148.148,162.6772,tp_gap_filled,90.3424,13384.05,9.807,1312.6,1
NVDA,2021-04-19,2021-04-27,2021-05-11,2-3%,-2.363,15.552,13.8275,stop,849.9512,13218.47,-11.089,-1465.8,10
MU,2021-04-28,2021-04-29,2021-05-11,2-3%,-2.012,87.7477,78.0173,stop,151.1585,13263.81,-11.089,-1470.82,8
NTRS,2021-05-07,2021-05-10,2021-05-11,3-5%,-4.032,114.124,118.6812,tp_gap_filled,116.9964,13352.1,3.993,533.18,1
TSN,2021-05-10,2021-05-11,2021-05-12,3-5%,-3.134,76.4263,78.7412,tp_gap_filled,172.5832,13189.91,3.029,399.5,1
PLTR,2021-05-10,2021-05-11,2021-05-12,2-3%,-2.38,19.2993,19.7303,tp_gap_filled,684.3386,13207.24,2.233,294.93,1
QCOM,2021-02-04,2021-02-12,2021-05-14,5-10%,-7.468,150.3302,130.0198,time_exit,80.4958,12100.95,-13.51,-1634.9,63
EQIX,2021-04-22,2021-04-23,2021-05-14,2-3%,-2.151,711.2205,725.4039,tp_gap_filled,18.5333,13181.26,1.994,262.86,15
PFG,2021-05-07,2021-05-10,2021-05-14,3-5%,-4.446,63.6736,66.5034,tp_gap_filled,209.4764,13338.12,4.444,592.78,4
RCL,2021-05-11,2021-05-14,2021-05-17,3-5%,-3.038,81.4614,83.8461,tp_gap_filled,163.0339,13280.97,2.927,388.79,1
COIN,2021-05-13,2021-05-14,2021-05-17,2-3%,-2.521,276.7365,246.0491,stop,48.0465,13296.23,-11.089,-1474.42,1
WBD,2021-04-14,2021-04-22,2021-05-18,3-5%,-3.418,39.039,32.76,stop,334.665,13064.99,-16.084,-2101.37,18
EBAY,2021-04-29,2021-05-03,2021-05-18,5-10%,-8.071,57.3473,62.2577,tp_gap_filled,229.0228,13133.84,8.563,1124.59,11
F,2021-04-29,2021-05-10,2021-05-18,3-5%,-4.183,11.9219,12.4176,tp_gap_filled,1120.6273,13360.02,4.158,555.45,6
IVZ,2021-05-11,2021-05-14,2021-05-18,2-3%,-2.339,27.5876,28.1918,tp_gap_filled,480.8985,13266.82,2.19,290.57,2
COIN,2021-05-17,2021-05-18,2021-05-19,3-5%,-3.24,250.25,209.9998,stop,52.4548,13126.8,-16.084,-2111.32,1
AMAT,2021-05-17,2021-05-18,2021-05-19,2-3%,-2.267,122.122,124.7052,tp_gap_filled,107.339,13108.46,2.115,277.28,1
PODD,2021-05-07,2021-05-18,2021-05-20,5-10%,-5.186,240.27,252.9068,tp_gap_filled,54.6835,13138.8,5.259,691.03,2
COHR,2021-05-18,2021-05-19,2021-05-20,2-3%,-2.045,62.3323,63.5064,tp_gap_filled,209.6634,13068.79,1.884,246.18,1
SW,2021-05-17,2021-05-18,2021-05-21,3-5%,-4.718,52.7627,55.2647,tp_gap_filled,248.881,13131.64,4.742,622.69,3
TSLA,2021-05-17,2021-05-18,2021-05-21,2-3%,-2.406,192.0419,196.3834,tp_gap_filled,68.2514,13107.13,2.261,296.32,3
CSCO,2021-05-20,2021-05-21,2021-05-24,3-5%,-3.926,50.4604,52.4175,tp_gap_filled,263.1634,13279.33,3.879,515.04,1
XYZ,2021-05-11,2021-05-12,2021-05-25,3-5%,-4.87,206.0959,216.2136,tp_gap_filled,62.8051,12943.88,4.909,635.44,9
COIN,2021-05-19,2021-05-20,2021-05-25,10%+,-10.908,213.1429,238.761,tp_gap_filled,62.025,13220.19,12.019,1588.96,3
APTV,2021-03-19,2021-03-22,2021-05-27,3-5%,-3.58,143.7136,148.7511,tp_gap_filled,84.669,12168.08,3.505,426.52,47
DIS,2021-05-14,2021-05-17,2021-05-27,3-5%,-3.034,173.1029,178.1617,tp_gap_filled,76.1152,13175.76,2.922,385.05,8
DG,2021-05-24,2021-05-26,2021-05-27,2-3%,-2.18,200.7706,204.835,tp_gap_filled,66.9829,13448.2,2.024,272.24,1
ULTA,2021-03-12,2021-03-15,2021-05-28,5-10%,-8.662,317.7174,347.1525,tp_gap_filled,38.9688,12381.05,9.265,1147.05,53
TXN,2021-04-28,2021-04-29,2021-05-28,3-5%,-4.506,181.8216,190.0198,tp_gap_filled,72.8543,13246.49,4.509,597.27,21
WTW,2021-05-26,2021-05-27,2021-05-28,2-3%,-2.512,255.275,261.3284,tp_gap_filled,53.0361,13538.8,2.371,321.05,1
FCX,2021-05-19,2021-05-20,2021-06-01,5-10%,-5.478,41.2812,43.5864,tp_gap_filled,321.4821,13271.18,5.584,741.06,7
BSX,2021-05-26,2021-05-27,2021-06-01,3-5%,-3.509,41.5615,42.987,tp_gap_filled,325.6492,13534.48,3.43,464.2,2
MNST,2021-05-07,2021-05-10,2021-06-02,5-10%,-6.336,22.2722,23.7312,tp_gap_filled,598.305,13325.6,6.551,872.92,16
ORCL,2021-05-10,2021-05-11,2021-06-02,2-3%,-2.027,78.8488,80.3196,tp_gap_filled,167.7644,13228.02,1.865,246.75,15
ABNB,2021-05-11,2021-05-12,2021-06-02,5-10%,-5.2,139.2391,146.5833,tp_gap_filled,92.939,12940.75,5.274,682.56,14
IVZ,2021-06-01,2021-06-02,2021-06-03,3-5%,-4.451,27.2873,28.5015,tp_gap_filled,497.2163,13567.67,4.45,603.73,1
VST,2021-02-26,2021-03-08,2021-06-07,10%+,-18.014,18.6787,17.5924,time_exit,633.1672,11826.72,-5.816,-687.79,63
LLY,2021-03-15,2021-04-20,2021-06-07,5-10%,-7.242,193.203,207.8719,tp_gap_filled,67.0426,12952.83,7.592,983.44,33
EXC,2021-06-03,2021-06-04,2021-06-07,2-3%,-2.942,31.3223,32.2074,tp_gap_filled,434.8636,13620.93,2.826,384.9,1
ARES,2021-04-06,2021-04-07,2021-06-08,5-10%,-8.524,54.1441,59.0709,tp_gap_filled,233.9421,12666.58,9.099,1152.58,43
STX,2021-05-19,2021-05-20,2021-06-08,5-10%,-6.326,94.8648,101.0688,tp_gap_filled,139.7997,13262.07,6.54,867.33,12
PNR,2021-06-04,2021-06-07,2021-06-08,2-3%,-2.228,68.088,69.5004,tp_gap_filled,200.409,13645.45,2.074,283.06,1
AKAM,2021-02-10,2021-04-23,2021-06-09,5-10%,-8.994,107.4674,117.852,tp_gap_filled,122.055,13116.92,9.663,1267.5,32
EOG,2021-06-08,2021-06-09,2021-06-10,2-3%,-2.137,85.2552,86.943,tp_gap_filled,160.1466,13653.32,1.98,270.3,1
SW,2021-05-24,2021-05-25,2021-06-11,10%+,-10.055,50.9509,56.5334,tp_gap_filled,262.4359,13371.34,10.957,1465.05,12
FCX,2021-06-03,2021-06-04,2021-06-15,2-3%,-2.93,42.1121,37.4423,stop,323.8588,13638.36,-11.089,-1512.36,7
FERG,2021-06-09,2021-06-10,2021-06-16,2-3%,-2.095,137.5574,140.2196,tp_gap_filled,99.6857,13712.51,1.935,265.39,4
MSFT,2021-04-28,2021-04-29,2021-06-18,2-3%,-2.248,256.3361,261.708,tp_gap_filled,51.7696,13270.41,2.096,278.1,35
ON,2021-04-30,2021-05-25,2021-06-18,2-3%,-2.073,40.1902,35.7335,stop,332.6909,13370.9,-11.089,-1482.7,17
DXCM,2021-04-30,2021-06-11,2021-06-21,5-10%,-5.146,100.1,105.3196,tp_gap_filled,137.645,13778.27,5.214,718.45,6
MRNA,2021-06-11,2021-06-14,2021-06-22,2-3%,-2.35,212.1119,216.783,tp_gap_filled,64.7482,13733.87,2.202,302.45,6
UBER,2021-06-15,2021-06-16,2021-06-23,2-3%,-2.403,49.5995,50.7192,tp_gap_filled,274.2836,13604.34,2.257,307.11,5
EQT,2021-06-18,2021-06-21,2021-06-23,3-5%,-3.758,19.7397,20.4695,tp_gap_filled,687.6464,13573.95,3.697,501.84,2
CRWD,2021-06-21,2021-06-22,2021-06-23,2-3%,-2.805,59.5695,61.1663,tp_gap_filled,228.5146,13612.51,2.681,364.88,1
NOW,2021-04-29,2021-06-16,2021-06-24,5-10%,-6.503,104.3042,111.3366,tp_gap_filled,130.5242,13614.22,6.742,917.89,6
MU,2021-06-18,2021-06-23,2021-06-24,2-3%,-2.158,78.9789,80.5594,tp_gap_filled,172.4572,13620.48,2.001,272.56,1
EL,2021-05-03,2021-05-04,2021-06-25,3-5%,-3.636,302.6924,313.4862,tp_gap_filled,43.0799,13039.95,3.566,464.99,37
FSLR,2021-04-30,2021-06-24,2021-06-25,3-5%,-3.758,84.094,87.2027,tp_gap_filled,162.8724,13696.59,3.697,506.32,1
ABT,2021-06-01,2021-06-07,2021-06-29,5-10%,-5.572,110.2602,116.5334,tp_gap_filled,123.7666,13646.53,5.689,776.41,16
PM,2021-06-24,2021-06-25,2021-07-01,2-3%,-2.129,98.0179,99.95,tp_gap_filled,141.1831,13838.47,1.971,272.77,4
NRG,2021-03-17,2021-04-05,2021-07-02,10%+,-12.178,38.1882,41.3686,time_exit,329.4746,12582.03,8.328,1047.87,63
FAST,2021-06-15,2021-06-16,2021-07-02,3-5%,-3.376,25.5005,26.3386,tp_gap_filled,533.4905,13604.26,3.287,447.15,12
ORCL,2021-06-16,2021-06-21,2021-07-02,3-5%,-4.471,78.068,81.5584,tp_gap_filled,173.8792,13574.4,4.471,606.9,9
LLY,2021-06-11,2021-06-24,2021-07-02,2-3%,-2.788,227.257,233.3065,tp_gap_filled,60.2791,13698.85,2.662,364.65,6
NCLH,2021-06-11,2021-06-14,2021-07-06,2-3%,-2.432,31.7317,28.213,stop,433.2394,13747.42,-11.089,-1524.45,15
APO,2021-07-01,2021-07-02,2021-07-06,2-3%,-2.299,60.8308,62.1378,tp_gap_filled,228.5336,13901.87,2.149,298.7,1
TPR,2021-05-19,2021-05-28,2021-07-07,2-3%,-2.159,45.3553,40.3259,stop,299.2509,13572.62,-11.089,-1505.07,26
HIG,2021-04-28,2021-04-29,2021-07-08,2-3%,-2.849,67.5875,60.0927,stop,196.1339,13256.2,-11.089,-1469.98,48
RCL,2021-06-11,2021-06-14,2021-07-08,2-3%,-2.416,88.5284,78.7115,stop,155.1689,13736.86,-11.089,-1523.28,17
BIIB,2021-06-24,2021-06-25,2021-07-09,5-10%,-5.899,350.31,371.5281,tp_gap_filled,39.5125,13841.61,6.057,838.38,9
MAS,2021-07-07,2021-07-08,2021-07-09,2-3%,-2.433,56.5965,57.8921,tp_gap_filled,241.3683,13660.61,2.289,312.69,1
COIN,2021-07-08,2021-07-09,2021-07-12,5-10%,-5.147,239.239,251.718,tp_gap_filled,57.8758,13846.16,5.216,722.23,1
TTD,2021-07-08,2021-07-09,2021-07-12,3-5%,-3.954,74.6446,77.5624,tp_gap_filled,185.8854,13875.34,3.909,542.37,1
SCHW,2021-07-08,2021-07-09,2021-07-12,3-5%,-3.91,67.3973,69.9999,tp_gap_filled,206.1775,13895.82,3.862,536.6,1
WDC,2021-07-08,2021-07-09,2021-07-12,3-5%,-3.692,50.5191,52.3512,tp_gap_filled,275.4895,13917.48,3.627,504.73,1
NFLX,2021-04-21,2021-04-22,2021-07-14,5-10%,-7.564,50.8508,54.902,tp_gap_filled,255.9892,13017.26,7.967,1037.07,57
APA,2021-07-12,2021-07-13,2021-07-14,2-3%,-2.236,20.1301,20.5494,tp_gap_filled,686.5481,13820.29,2.083,287.88,1
COP,2021-07-12,2021-07-13,2021-07-14,2-3%,-2.029,58.9689,60.0699,tp_gap_filled,234.3812,13821.2,1.867,258.04,1
OXY,2021-07-12,2021-07-13,2021-07-14,2-3%,-2.017,29.6596,30.2098,tp_gap_filled,466.1231,13825.04,1.855,256.43,1
ZBH,2021-05-04,2021-05-05,2021-07-15,2-3%,-2.304,168.9455,150.2111,stop,77.783,13141.09,-11.089,-1457.22,49
ARE,2021-06-15,2021-06-18,2021-07-16,3-5%,-4.284,185.4252,193.3365,tp_gap_filled,72.2754,13401.69,4.267,571.79,19
VRSK,2021-05-05,2021-07-07,2021-07-16,3-5%,-3.119,182.8226,188.3315,tp_gap_filled,75.505,13804.03,3.013,415.95,7
BALL,2021-05-26,2021-07-08,2021-07-16,2-3%,-2.411,83.8838,85.7841,tp_gap_filled,162.9392,13667.96,2.265,309.64,6
EVRG,2021-06-22,2021-07-14,2021-07-16,2-3%,-2.276,62.3223,63.6463,tp_gap_filled,222.0241,13837.05,2.124,293.97,2
KMB,2021-04-23,2021-05-03,2021-07-19,3-5%,-4.162,134.6245,140.1897,tp_gap_filled,97.6532,13146.52,4.134,543.46,53
RL,2021-05-20,2021-05-27,2021-07-19,3-5%,-3.77,126.2361,105.9323,stop,107.2324,13536.61,-16.084,-2177.23,35
FCX,2021-06-15,2021-06-23,2021-07-19,3-5%,-4.053,37.9179,31.8192,stop,359.4431,13629.32,-16.084,-2192.14,17
UBER,2021-07-06,2021-07-07,2021-07-19,2-3%,-2.147,50.6506,45.034,stop,272.4979,13802.18,-11.089,-1530.52,8
FAST,2021-07-13,2021-07-14,2021-07-20,2-3%,-2.018,26.4915,26.983,tp_gap_filled,522.3175,13836.96,1.855,256.73,4
NCLH,2021-07-19,2021-07-20,2021-07-21,5-10%,-6.093,21.7517,23.1169,tp_gap_filled,633.5249,13780.26,6.276,864.84,1
OXY,2021-07-19,2021-07-20,2021-07-21,5-10%,-5.975,24.4144,25.9141,tp_gap_filled,566.0998,13820.98,6.143,848.96,1
FANG,2021-07-19,2021-07-20,2021-07-21,5-10%,-5.271,74.3042,78.2816,tp_gap_filled,186.248,13839.01,5.353,740.78,1
UAL,2021-07-19,2021-07-20,2021-07-21,5-10%,-5.021,43.7437,45.964,tp_gap_filled,316.4533,13842.84,5.076,702.62,1
MGM,2021-07-19,2021-07-20,2021-07-21,5-10%,-5.009,36.066,37.8921,tp_gap_filled,384.5728,13870.01,5.063,702.25,1
SHW,2021-07-20,2021-07-21,2021-07-22,2-3%,-2.28,276.7565,282.6471,tp_gap_filled,50.5938,14002.16,2.128,298.03,1
CDNS,2021-04-27,2021-06-24,2021-07-23,5-10%,-6.032,135.6655,144.0858,tp_gap_filled,100.9745,13698.76,6.207,850.23,20
DASH,2021-07-08,2021-07-09,2021-07-23,5-10%,-5.493,175.155,184.9648,tp_gap_filled,78.9746,13832.8,5.601,774.73,10
DHI,2021-07-08,2021-07-09,2021-07-23,3-5%,-3.968,89.3893,92.897,tp_gap_filled,155.2132,13874.4,3.924,544.44,10
MA,2021-07-19,2021-07-21,2021-07-23,2-3%,-2.356,378.378,386.7329,tp_gap_filled,37.0003,14000.09,2.208,309.13,2
SW,2021-07-21,2021-07-22,2021-07-23,5-10%,-7.919,52.032,56.3936,tp_gap_filled,268.6775,13979.82,8.382,1171.86,1
STX,2021-07-21,2021-07-22,2021-07-23,3-5%,-4.375,81.8317,85.4045,tp_gap_filled,171.1883,14008.64,4.366,611.61,1
INTC,2021-04-23,2021-04-26,2021-07-26,5-10%,-5.45,59.2192,54.2557,time_exit,223.9788,13263.84,-8.382,-1111.71,63
FFIV,2021-04-28,2021-04-29,2021-07-27,5-10%,-7.544,190.0399,205.1347,tp_gap_filled,69.6974,13245.28,7.943,1052.07,61
ALL,2021-07-15,2021-07-16,2021-07-27,2-3%,-2.179,128.9488,131.5583,tp_gap_filled,106.9422,13790.07,2.024,279.06,7
MTB,2021-07-21,2021-07-22,2021-07-27,2-3%,-2.955,131.1811,134.905,tp_gap_filled,106.8455,14016.11,2.839,397.88,3
KMB,2021-07-23,2021-07-26,2021-07-27,3-5%,-3.335,130.5804,134.815,tp_gap_filled,108.87,14216.3,3.243,461.02,1
COF,2021-07-23,2021-07-26,2021-07-27,2-3%,-2.744,157.157,161.2686,tp_gap_filled,90.5636,14232.7,2.616,372.36,1
APA,2021-07-15,2021-07-16,2021-07-28,2-3%,-2.258,18.6286,19.021,tp_gap_filled,741.1232,13806.09,2.106,290.78,8
PPG,2021-07-20,2021-07-21,2021-07-28,5-10%,-6.606,154.9548,165.5842,tp_gap_filled,90.256,13985.6,6.86,959.37,5
NXPI,2021-07-15,2021-07-16,2021-07-29,3-5%,-3.095,197.4472,203.3465,tp_gap_filled,70.0263,13826.49,2.988,413.1,9
WSM,2021-07-22,2021-07-23,2021-07-29,3-5%,-4.392,76.051,79.3855,tp_gap_filled,185.7131,14123.66,4.385,619.27,4
AMP,2021-07-27,2021-07-28,2021-07-29,3-5%,-3.747,241.9817,250.8988,tp_gap_filled,58.7186,14208.82,3.685,523.6,1
IR,2021-04-29,2021-04-30,2021-07-30,3-5%,-3.138,50.3603,48.8211,time_exit,261.7963,13184.14,-3.056,-402.95,63
LII,2021-07-14,2021-07-16,2021-07-30,3-5%,-4.81,320.32,335.8338,tp_gap_filled,43.23,13847.43,4.843,670.66,10
FTV,2021-04-30,2021-05-06,2021-08-02,3-5%,-3.173,54.6778,56.3566,tp_gap_filled,241.8368,13223.11,3.07,405.98,60
CSGP,2021-07-28,2021-07-29,2021-08-02,10%+,-10.133,80.08,88.931,tp_gap_filled,178.9188,14327.82,11.053,1583.61,2
LRCX,2021-07-29,2021-07-30,2021-08-02,3-5%,-3.847,61.1181,63.4365,tp_gap_filled,235.2799,14379.85,3.793,545.48,1
CHRW,2021-07-28,2021-07-29,2021-08-03,5-10%,-5.212,86.6466,91.2287,tp_gap_filled,166.0438,14387.12,5.288,760.83,3
IDXX,2021-07-30,2021-08-02,2021-08-04,5-10%,-5.375,666.9763,703.4558,tp_gap_filled,21.5803,14393.58,5.469,787.24,2
CAH,2021-05-06,2021-05-07,2021-08-06,5-10%,-8.45,55.7457,50.939,time_exit,240.9016,13429.22,-8.623,-1157.94,63
CTSH,2021-05-06,2021-05-07,2021-08-06,5-10%,-7.66,75.2952,72.927,time_exit,178.6117,13448.61,-3.145,-422.99,63
TRV,2021-07-22,2021-07-23,2021-08-06,2-3%,-2.529,148.148,151.6882,tp_gap_filled,95.4542,14141.35,2.39,337.92,10
FICO,2021-07-26,2021-07-27,2021-08-06,2-3%,-2.331,540.53,480.5906,stop,26.3453,14240.44,-11.089,-1579.12,8
PGR,2021-07-15,2021-07-16,2021-08-09,5-10%,-7.645,90.09,97.3525,tp_gap_filled,153.361,13816.3,8.061,1113.79,16
APTV,2021-08-05,2021-08-06,2021-08-09,5-10%,-5.057,157.4973,165.5543,tp_gap_filled,90.8496,14308.57,5.116,731.97,1
TRGP,2021-08-05,2021-08-06,2021-08-09,3-5%,-4.854,39.4394,41.3686,tp_gap_filled,363.2329,14325.69,4.892,700.74,1
BLK,2021-07-14,2021-07-15,2021-08-10,2-3%,-2.537,885.9151,907.1619,tp_gap_filled,15.6177,13835.96,2.398,331.83,18
PH,2021-08-06,2021-08-09,2021-08-10,2-3%,-2.245,293.7835,299.9298,tp_gap_filled,48.6813,14301.77,2.092,299.21,1
AJG,2021-07-26,2021-07-27,2021-08-11,2-3%,-2.831,139.139,142.907,tp_gap_filled,102.3177,14236.38,2.708,385.53,11
OXY,2021-08-09,2021-08-10,2021-08-11,2-3%,-2.918,25.6456,26.3636,tp_gap_filled,558.778,14330.21,2.8,401.2,1
DVN,2021-08-09,2021-08-10,2021-08-11,2-3%,-2.518,26.3563,26.983,tp_gap_filled,544.1445,14341.65,2.378,340.99,1
CINF,2021-06-16,2021-06-17,2021-08-12,2-3%,-2.136,119.2191,121.5783,tp_gap_filled,113.9417,13584.03,1.979,268.81,39
SW,2021-07-27,2021-07-28,2021-08-13,5-10%,-6.366,54.034,57.5924,tp_gap_filled,262.9254,14206.9,6.585,935.59,12
CPAY,2021-08-11,2021-08-12,2021-08-13,5-10%,-7.735,243.4632,263.3464,tp_gap_filled,59.1642,14404.32,8.167,1176.37,1
UHS,2021-08-12,2021-08-13,2021-08-16,2-3%,-2.642,144.5844,148.2116,tp_gap_filled,99.6565,14408.78,2.509,361.47,1
DASH,2021-08-13,2021-08-16,2021-08-17,3-5%,-3.831,181.181,188.0218,tp_gap_filled,79.274,14362.94,3.776,542.3,1
CDW,2021-08-13,2021-08-16,2021-08-17,3-5%,-3.32,191.5313,197.7121,tp_gap_filled,75.0796,14380.09,3.227,464.05,1
LOW,2021-07-26,2021-07-27,2021-08-18,2-3%,-2.256,196.5063,200.6392,tp_gap_filled,72.4201,14231.01,2.103,299.3,16
EOG,2021-07-15,2021-07-16,2021-08-19,3-5%,-3.666,76.8167,64.4615,stop,180.2205,13843.95,-16.084,-2226.66,24
T,2021-05-18,2021-05-21,2021-08-20,3-5%,-4.75,22.5905,20.8024,time_exit,587.7615,13277.85,-7.915,-1050.98,63
TGT,2021-08-18,2021-08-19,2021-08-23,2-3%,-2.223,249.239,254.3953,tp_gap_filled,56.6694,14124.23,2.069,292.21,2
DRI,2021-08-09,2021-08-11,2021-08-24,2-3%,-2.329,141.4713,144.5553,tp_gap_filled,102.0356,14435.11,2.18,314.67,9
GEN,2021-07-15,2021-07-16,2021-08-25,2-3%,-2.75,26.1962,26.8831,tp_gap_filled,527.1521,13809.37,2.622,362.11,28
LUV,2021-08-11,2021-08-12,2021-08-25,2-3%,-2.446,49.9099,51.0589,tp_gap_filled,289.2205,14434.96,2.302,332.32,9
MU,2021-08-12,2021-08-24,2021-08-25,3-5%,-3.798,72.2522,74.955,tp_gap_filled,199.5815,14420.2,3.741,539.43,1
DASH,2021-08-19,2021-08-20,2021-08-26,3-5%,-4.704,182.7976,191.4384,tp_gap_filled,77.6527,14194.73,4.727,670.98,4
GNRC,2021-07-28,2021-07-29,2021-08-27,5-10%,-7.473,406.5261,438.4811,tp_gap_filled,35.3534,14372.07,7.86,1129.72,21
DLTR,2021-05-27,2021-06-04,2021-09-02,5-10%,-5.651,102.4423,92.4974,time_exit,132.9897,13623.78,-9.708,-1322.57,63
BDX,2021-08-05,2021-08-06,2021-09-02,5-10%,-5.676,184.4764,195.1873,tp_gap_filled,77.5576,14307.54,5.806,830.72,19
EQT,2021-07-29,2021-08-09,2021-09-03,5-10%,-8.096,19.0891,20.7292,tp_gap_filled,749.2975,14303.39,8.592,1228.98,19
COIN,2021-08-12,2021-08-13,2021-09-03,3-5%,-4.314,266.6564,278.1216,tp_gap_filled,54.0715,14418.52,4.3,619.94,15
WYNN,2021-07-27,2021-07-28,2021-09-07,3-5%,-3.173,101.111,104.2157,tp_gap_filled,140.7221,14228.55,3.071,436.9,28
WDC,2021-08-12,2021-08-25,2021-09-08,2-3%,-2.098,49.422,43.9416,stop,293.3599,14498.44,-11.089,-1607.73,9
CASY,2021-06-09,2021-06-10,2021-09-09,3-5%,-3.949,206.4863,195.0348,time_exit,66.3913,13708.9,-5.546,-760.28,63
GIS,2021-06-09,2021-06-10,2021-09-09,2-3%,-2.231,61.8418,58.3916,time_exit,221.6484,13707.13,-5.579,-764.74,63
HD,2021-08-17,2021-08-18,2021-09-10,3-5%,-4.193,321.321,334.7149,tp_gap_filled,44.0319,14148.37,4.168,589.76,16
PPG,2021-09-07,2021-09-08,2021-09-10,3-5%,-3.964,149.6395,155.5043,tp_gap_filled,95.9012,14350.61,3.919,562.45,2
VRTX,2021-06-11,2021-06-14,2021-09-13,10%+,-10.486,194.234,190.5293,time_exit,70.7708,13746.09,-1.907,-262.19,63
CPRT,2021-09-09,2021-09-10,2021-09-13,2-3%,-2.889,35.1576,36.1313,tp_gap_filled,405.1696,14244.8,2.77,394.52,1
EQT,2021-09-09,2021-09-10,2021-09-13,2-3%,-2.736,19.9299,20.4495,tp_gap_filled,715.1852,14253.58,2.607,371.62,1
TXN,2021-07-22,2021-07-23,2021-09-14,3-5%,-4.376,185.9257,194.0458,tp_gap_filled,76.0465,14139.01,4.367,617.5,36
ABNB,2021-09-13,2021-09-14,2021-09-15,2-3%,-2.996,160.4102,165.0348,tp_gap_filled,89.0114,14278.35,2.883,411.64,1
UBER,2021-07-29,2021-07-30,2021-09-22,3-5%,-4.378,44.1641,46.0939,tp_gap_filled,325.7734,14387.49,4.369,628.66,37
ORCL,2021-09-14,2021-09-15,2021-09-22,3-5%,-3.037,86.2762,88.8011,tp_gap_filled,166.1722,14336.7,2.927,419.57,5
MGM,2021-09-14,2021-09-17,2021-09-22,3-5%,-3.179,41.7717,43.0569,tp_gap_filled,342.3777,14301.71,3.077,440.01,3
EXPE,2021-08-06,2021-08-09,2021-09-23,5-10%,-7.502,149.7096,161.5283,tp_gap_filled,95.5494,14304.66,7.894,1129.28,32
EW,2021-09-17,2021-09-20,2021-09-23,3-5%,-3.182,116.9668,120.5693,tp_gap_filled,120.8287,14132.95,3.08,435.28,3
PLTR,2021-09-20,2021-09-22,2021-09-23,3-5%,-3.971,27.5976,28.6813,tp_gap_filled,518.2882,14303.49,3.927,561.68,1
APA,2021-09-20,2021-09-22,2021-09-23,3-5%,-3.774,19.3994,20.1199,tp_gap_filled,737.1679,14300.6,3.714,531.11,1
CVX,2021-08-18,2021-08-25,2021-09-24,2-3%,-2.025,98.7887,100.6293,tp_gap_filled,146.7707,14499.28,1.863,270.14,21
APO,2021-09-20,2021-09-23,2021-09-27,3-5%,-3.025,60.9609,62.7372,tp_gap_filled,236.5742,14421.78,2.914,420.23,2
LHX,2021-09-23,2021-09-24,2021-09-27,2-3%,-2.46,217.4672,222.5073,tp_gap_filled,66.491,14459.62,2.318,335.12,1
SWKS,2021-04-30,2021-06-29,2021-09-28,5-10%,-6.702,184.7846,166.6332,time_exit,74.4622,13759.46,-9.823,-1351.59,63
KDP,2021-06-08,2021-07-01,2021-09-30,3-5%,-3.855,35.4554,34.1258,time_exit,391.1417,13868.09,-3.75,-520.05,63
TTWO,2021-09-10,2021-09-13,2021-10-01,2-3%,-2.503,153.2531,156.873,tp_gap_filled,93.5623,14338.72,2.362,338.68,14
EQT,2021-09-29,2021-09-30,2021-10-05,5-10%,-5.797,20.8208,22.0579,tp_gap_filled,674.2176,14037.75,5.942,834.09,3
MRVL,2021-09-28,2021-09-29,2021-10-06,2-3%,-2.616,61.4814,63.0069,tp_gap_filled,231.2103,14215.14,2.481,352.71,5
APP,2021-06-30,2021-09-02,2021-10-07,5-10%,-5.94,78.4494,83.2367,tp_gap_filled,185.4284,14546.75,6.102,887.7,24
GM,2021-08-04,2021-08-06,2021-10-08,3-5%,-4.578,55.2852,57.8221,tp_gap_filled,259.8768,14367.35,4.589,659.28,44
DVN,2021-10-06,2021-10-08,2021-10-11,2-3%,-2.645,39.059,40.0399,tp_gap_filled,365.5221,14276.94,2.511,358.54,1
FSLR,2021-09-20,2021-10-11,2021-10-12,3-5%,-3.346,100.6405,103.916,tp_gap_filled,141.1842,14208.85,3.255,462.44,1
UHS,2021-09-08,2021-09-09,2021-10-13,3-5%,-3.527,150.0499,125.9159,stop,95.203,14285.19,-16.084,-2297.63,24
AKAM,2021-10-04,2021-10-05,2021-10-14,2-3%,-2.228,103.2331,105.3745,tp_gap_filled,136.3717,14078.08,2.074,292.03,7
FOXA,2021-10-12,2021-10-13,2021-10-14,3-5%,-3.487,40.6726,42.0579,tp_gap_filled,351.4303,14293.59,3.406,486.82,1
COIN,2021-09-08,2021-09-09,2021-10-15,3-5%,-3.677,257.257,266.5432,tp_gap_filled,55.5349,14286.74,3.61,515.71,26
FERG,2021-09-28,2021-09-29,2021-10-15,3-5%,-4.235,138.7686,144.6152,tp_gap_filled,102.4017,14210.15,4.213,598.7,12
BX,2021-09-28,2021-09-29,2021-10-15,2-3%,-2.594,120.2601,123.2167,tp_gap_filled,118.1179,14204.88,2.458,349.22,12
SWKS,2021-10-13,2021-10-14,2021-10-15,2-3%,-2.301,155.155,158.4913,tp_gap_filled,93.8778,14565.61,2.15,313.21,1
DE,2021-10-14,2021-10-15,2021-10-18,2-3%,-2.271,321.8515,328.671,tp_gap_filled,45.4602,14631.43,2.119,310.01,1
NKE,2021-09-24,2021-10-07,2021-10-19,5-10%,-5.352,151.191,159.4204,tp_gap_filled,94.7994,14332.82,5.443,780.14,8
EMR,2021-10-11,2021-10-12,2021-10-20,3-5%,-4.149,92.7226,96.5434,tp_gap_filled,153.2869,14213.17,4.121,585.67,6
USB,2021-10-14,2021-10-15,2021-10-20,2-3%,-2.376,60.06,61.3985,tp_gap_filled,243.5906,14630.05,2.229,326.06,3
STLD,2021-10-18,2021-10-19,2021-10-20,3-5%,-3.959,59.4894,61.8181,tp_gap_filled,247.6542,14732.81,3.914,576.71,1
CCI,2021-07-22,2021-07-23,2021-10-21,5-10%,-5.057,191.1209,177.7621,time_exit,73.8691,14117.93,-6.99,-986.81,63
STX,2021-10-06,2021-10-07,2021-10-22,3-5%,-4.674,81.2512,85.0649,tp_gap_filled,176.427,14334.9,4.694,672.84,11
WSM,2021-09-30,2021-10-18,2021-10-22,3-5%,-3.913,92.1721,95.7342,tp_gap_filled,158.5611,14614.91,3.865,564.81,4
LMT,2021-07-26,2021-07-27,2021-10-25,2-3%,-2.041,373.373,375.9537,time_exit,38.0953,14223.77,0.691,98.31,63
ADBE,2021-09-22,2021-09-23,2021-10-25,3-5%,-3.267,625.4148,645.2441,tp_gap_filled,23.0529,14417.61,3.171,457.12,22
FSLR,2021-10-20,2021-10-21,2021-10-25,3-5%,-3.943,104.114,108.1717,tp_gap_filled,143.433,14933.38,3.897,582.01,2
EFX,2021-10-21,2021-10-22,2021-10-25,5-10%,-9.172,245.245,269.4703,tp_gap_filled,61.0116,14962.78,9.878,1478.02,1
CNC,2021-07-27,2021-07-28,2021-10-26,3-5%,-4.624,69.3793,70.899,time_exit,204.7647,14206.43,2.19,311.19,63
UPS,2021-07-27,2021-08-17,2021-10-26,5-10%,-5.618,198.2681,209.6501,tp_gap_filled,72.0154,14278.36,5.741,819.68,49
HUM,2021-07-28,2021-10-14,2021-10-26,5-10%,-5.029,444.434,467.0325,tp_gap_filled,32.7967,14575.95,5.085,741.16,8
DPZ,2021-10-14,2021-10-15,2021-10-27,3-5%,-3.208,461.461,475.8037,tp_gap_filled,31.7188,14636.97,3.108,454.93,8
APP,2021-10-25,2021-10-26,2021-10-27,3-5%,-4.509,90.09,94.1558,tp_gap_filled,167.3271,15074.5,4.513,680.31,1
KMB,2021-10-25,2021-10-26,2021-10-27,3-5%,-3.653,128.3082,132.907,tp_gap_filled,117.6571,15096.36,3.584,541.08,1
META,2021-09-22,2021-09-23,2021-10-28,2-3%,-2.867,347.5772,309.0344,stop,41.4991,14424.14,-11.089,-1599.49,25
ALGN,2021-10-13,2021-10-20,2021-10-28,2-3%,-3.0,609.2186,626.8026,tp_gap_filled,24.3786,14851.92,2.886,428.67,6
REGN,2021-10-01,2021-10-25,2021-10-28,3-5%,-4.698,577.3267,604.5748,tp_gap_filled,26.0455,15036.77,4.72,709.69,3
HUBB,2021-10-26,2021-10-27,2021-10-28,3-5%,-4.841,181.211,190.0498,tp_gap_filled,82.6954,14985.32,4.878,730.92,1
AMZN,2021-07-30,2021-08-02,2021-10-29,5-10%,-6.999,167.5649,168.4529,time_exit,85.8622,14387.5,0.53,76.24,63
GWW,2021-07-30,2021-08-02,2021-10-29,5-10%,-6.405,432.1217,460.7688,tp_gap_filled,33.2884,14384.66,6.629,953.62,63
ODFL,2021-10-27,2021-10-28,2021-10-29,3-5%,-3.374,157.5424,162.7171,tp_gap_filled,96.2134,15157.68,3.285,497.88,1
IVZ,2021-09-20,2021-09-23,2021-11-01,3-5%,-4.229,25.1651,26.2238,tp_gap_filled,573.1592,14423.63,4.207,606.75,27
EW,2021-10-28,2021-10-29,2021-11-01,5-10%,-5.23,110.11,115.9539,tp_gap_filled,137.4485,15134.46,5.307,803.24,1
CLX,2021-08-03,2021-08-04,2021-11-02,5-10%,-9.923,163.3832,165.2246,time_exit,87.4561,14288.87,1.127,161.04,63
ZBH,2021-08-03,2021-08-04,2021-11-02,5-10%,-6.147,148.6825,141.2858,time_exit,96.1469,14295.36,-4.975,-711.17,63
ADI,2021-10-27,2021-10-28,2021-11-04,3-5%,-3.208,174.2841,179.7001,tp_gap_filled,87.1545,15189.65,3.108,472.03,5
VRSN,2021-07-23,2021-09-09,2021-11-05,3-5%,-3.768,224.9547,233.2965,tp_gap_filled,63.5382,14293.21,3.708,530.02,41
FLEX,2021-10-28,2021-10-29,2021-11-05,5-10%,-6.893,12.8387,13.7617,tp_gap_filled,1179.1272,15138.52,7.188,1088.23,5
TTD,2021-10-22,2021-10-26,2021-11-08,5-10%,-5.342,76.8067,80.9789,tp_gap_filled,196.2106,15070.3,5.432,818.63,9
GLW,2021-10-26,2021-10-27,2021-11-08,5-10%,-5.335,36.5865,38.5714,tp_gap_filled,410.27,15010.36,5.425,814.32,8
FCX,2021-10-27,2021-10-28,2021-11-08,3-5%,-3.552,37.5075,38.8111,tp_gap_filled,403.9116,15149.7,3.476,526.57,7
WDC,2021-10-29,2021-11-01,2021-11-08,10%+,-12.849,37.7702,43.2522,tp_gap_filled,404.7749,15288.41,14.514,2219.01,5
MPWR,2021-10-29,2021-11-01,2021-11-08,5-10%,-6.794,512.8723,549.1603,tp_gap_filled,29.8931,15331.35,7.075,1084.76,5
DASH,2021-10-27,2021-11-02,2021-11-10,5-10%,-6.204,199.9197,212.7171,tp_gap_filled,76.9727,15388.37,6.401,985.05,6
LII,2021-10-25,2021-10-26,2021-11-11,5-10%,-5.0,296.8666,311.8678,tp_gap_filled,50.7452,15064.55,5.053,761.24,12
DHR,2021-11-05,2021-11-08,2021-11-11,3-5%,-3.601,261.7597,270.9965,tp_gap_filled,60.0025,15706.24,3.529,554.23,3
JKHY,2021-11-09,2021-11-10,2021-11-11,3-5%,-4.463,154.0639,160.9389,tp_gap_filled,101.8238,15687.38,4.462,700.04,1
OTIS,2021-10-25,2021-10-26,2021-11-12,5-10%,-5.302,81.1711,85.5444,tp_gap_filled,185.6587,15070.12,5.388,811.94,13
TTD,2021-11-10,2021-11-11,2021-11-12,5-10%,-5.253,92.082,96.9929,tp_gap_filled,171.0827,15753.64,5.333,840.17,1
APP,2021-11-10,2021-11-11,2021-11-12,3-5%,-4.905,98.5885,103.4664,tp_gap_filled,159.7611,15750.6,4.948,779.31,1
CL,2021-07-30,2021-08-17,2021-11-15,3-5%,-3.592,80.6005,78.2217,time_exit,177.1346,14277.14,-2.951,-421.37,63
REGN,2021-11-05,2021-11-08,2021-11-15,5-10%,-7.355,600.6,646.9824,tp_gap_filled,26.089,15669.07,7.723,1210.07,5
FSLR,2021-11-11,2021-11-12,2021-11-15,2-3%,-2.559,108.2582,110.879,tp_gap_filled,146.8109,15893.48,2.421,384.77,1
TMO,2021-11-05,2021-11-08,2021-11-16,3-5%,-3.998,614.7942,639.1202,tp_gap_filled,25.5338,15698.0,3.957,621.14,6
EQT,2021-10-28,2021-11-12,2021-11-16,2-3%,-2.173,21.6316,22.0679,tp_gap_filled,735.3361,15906.5,2.017,320.83,2
MKC,2021-09-30,2021-10-01,2021-11-17,3-5%,-3.214,81.081,83.6063,tp_gap_filled,174.2434,14127.83,3.115,440.02,33
ROST,2021-08-20,2021-08-23,2021-11-19,3-5%,-3.713,122.0019,112.6672,time_exit,117.3157,14312.74,-7.651,-1095.1,63
DLR,2021-09-09,2021-09-22,2021-11-19,3-5%,-4.213,159.2991,165.9739,tp_gap_filled,89.7858,14302.8,4.19,599.3,42
PHM,2021-09-08,2021-10-15,2021-11-19,5-10%,-5.539,49.8498,52.6673,tp_gap_filled,293.9045,14651.08,5.652,828.07,25
AKAM,2021-11-15,2021-11-16,2021-11-19,2-3%,-2.018,109.3693,111.3985,tp_gap_filled,146.4163,16013.44,1.855,297.11,3
MA,2021-11-17,2021-11-18,2021-11-22,2-3%,-2.701,359.9396,320.0259,stop,43.8712,15790.97,-11.089,-1751.06,2
CRWD,2021-11-15,2021-11-18,2021-11-23,3-5%,-4.727,67.7827,56.8805,stop,233.2154,15807.98,-16.084,-2542.55,3
OXY,2021-11-19,2021-11-22,2021-11-23,3-5%,-3.59,29.5695,30.6094,tp_gap_filled,525.7568,15546.39,3.517,546.69,1
SW,2021-08-25,2021-08-26,2021-11-24,5-10%,-5.227,56.9869,50.969,time_exit,251.2805,14319.7,-10.56,-1512.19,63
BKR,2021-11-19,2021-11-23,2021-11-24,2-3%,-2.967,23.2432,23.9061,tp_gap_filled,667.8028,15521.89,2.852,442.65,1
ADSK,2021-08-26,2021-08-27,2021-11-26,5-10%,-7.325,317.5172,253.9158,time_exit,45.5398,14459.69,-20.031,-2896.4,63
DG,2021-08-26,2021-08-27,2021-11-26,5-10%,-5.968,220.9507,224.1956,time_exit,65.4301,14456.84,1.469,212.31,63
DDOG,2021-11-23,2021-11-24,2021-11-26,5-10%,-5.61,170.7806,180.5692,tp_gap_filled,90.3539,15430.7,5.732,884.44,1
TSLA,2021-11-24,2021-11-26,2021-11-29,2-3%,-2.582,360.4901,369.307,tp_gap_filled,41.8744,15095.3,2.446,369.2,1
CHTR,2021-10-08,2021-10-20,2021-12-01,2-3%,-2.713,722.5418,642.4192,stop,20.554,14851.09,-11.089,-1646.84,29
TXN,2021-10-27,2021-10-28,2021-12-01,5-10%,-5.757,185.8256,196.783,tp_gap_filled,81.4966,15144.15,5.897,892.99,23
CI,2021-08-05,2021-09-02,2021-12-02,5-10%,-6.51,216.6264,197.5922,time_exit,67.1349,14543.2,-8.787,-1277.86,63
BIIB,2021-11-17,2021-11-18,2021-12-02,2-3%,-2.673,254.8146,226.5582,stop,61.9032,15773.83,-11.089,-1749.16,9
VEEV,2021-09-02,2021-09-03,2021-12-03,5-10%,-5.97,314.2039,249.2405,time_exit,46.187,14512.12,-20.676,-3000.46,63
CSCO,2021-11-18,2021-11-19,2021-12-03,5-10%,-7.1,52.7827,56.7032,tp_gap_filled,296.7431,15662.91,7.428,1163.38,9
WSM,2021-11-19,2021-11-22,2021-12-03,3-5%,-3.71,105.4904,88.5233,stop,147.2228,15530.59,-16.084,-2497.94,8
APA,2021-11-30,2021-12-01,2021-12-03,5-10%,-5.889,25.2752,26.8032,tp_gap_filled,573.5138,14495.71,6.045,876.28,2
AAPL,2021-12-02,2021-12-03,2021-12-06,3-5%,-3.66,158.8987,164.6052,tp_gap_filled,91.7813,14583.94,3.591,523.75,1
EXPD,2021-12-02,2021-12-03,2021-12-06,3-5%,-3.593,118.7086,122.887,tp_gap_filled,122.9308,14592.94,3.52,513.65,1
AMCR,2021-09-07,2021-09-08,2021-12-07,2-3%,-2.997,61.5615,57.8921,time_exit,233.1818,14355.02,-5.961,-855.65,63
DDOG,2021-12-02,2021-12-03,2021-12-07,2-3%,-2.996,159.7596,164.3655,tp_gap_filled,91.525,14621.99,2.883,421.55,2
CBRE,2021-11-26,2021-12-02,2021-12-08,3-5%,-3.502,100.6906,104.1358,tp_gap_filled,146.6554,14766.82,3.422,505.25,4
BXP,2021-11-26,2021-12-06,2021-12-08,2-3%,-2.845,114.8647,117.9919,tp_gap_filled,128.9516,14811.99,2.722,403.25,2
SWK,2021-11-26,2021-12-06,2021-12-08,2-3%,-2.124,185.8557,189.5103,tp_gap_filled,79.663,14805.82,1.966,291.14,2
CRWD,2021-12-06,2021-12-07,2021-12-08,3-5%,-3.552,47.56,49.2132,tp_gap_filled,317.7062,15110.11,3.476,525.24,1
NRG,2021-11-04,2021-11-05,2021-12-13,5-10%,-8.75,36.5365,39.96,tp_gap_filled,426.6351,15587.75,9.37,1460.59,25
DECK,2021-11-24,2021-11-26,2021-12-14,2-3%,-2.324,69.4027,61.7066,stop,217.5062,15095.51,-11.089,-1673.94,12
SW,2021-12-10,2021-12-13,2021-12-14,3-5%,-3.174,52.8228,54.4455,tp_gap_filled,281.4538,14867.17,3.072,456.72,1
MDT,2021-10-18,2021-10-20,2021-12-15,3-5%,-3.671,123.1831,103.3703,stop,120.6133,14857.52,-16.084,-2389.68,39
COIN,2021-11-10,2021-11-11,2021-12-15,5-10%,-8.442,327.5472,242.1426,stop,48.0525,15739.47,-26.074,-4103.91,23
DDOG,2021-12-14,2021-12-15,2021-12-16,5-10%,-8.551,157.4773,171.858,tp_gap_filled,94.5521,14889.82,9.132,1359.72,1
CCL,2021-11-26,2021-11-29,2021-12-21,10%+,-10.367,18.0881,20.1398,tp_gap_filled,836.2257,15125.71,11.343,1715.74,16
MOS,2021-11-05,2021-11-08,2021-12-22,3-5%,-4.639,37.037,38.7612,tp_gap_filled,423.5862,15688.36,4.655,730.35,31
DVN,2021-12-20,2021-12-21,2021-12-22,5-10%,-7.194,36.4164,39.1608,tp_gap_filled,408.4196,14873.16,7.536,1120.87,1
AMAT,2021-11-19,2021-11-22,2021-12-27,3-5%,-4.895,151.121,158.5813,tp_gap_filled,102.8503,15542.83,4.937,767.29,23
HPE,2021-11-12,2021-12-03,2021-12-27,3-5%,-4.141,15.2953,15.9241,tp_gap_filled,953.7531,14587.92,4.111,599.7,15
HCA,2021-10-22,2021-10-25,2021-12-29,5-10%,-5.185,246.7665,259.74,tp_gap_filled,60.976,15046.84,5.257,791.07,45
VTR,2021-11-26,2021-12-08,2021-12-30,2-3%,-2.825,49.9299,51.2787,tp_gap_filled,304.6965,15213.46,2.701,410.97,15
CCL,2021-12-27,2021-12-28,2021-12-30,3-5%,-4.057,20.3603,21.1788,tp_gap_filled,752.6236,15323.67,4.02,615.99,2
RL,2021-12-14,2021-12-15,2022-01-03,5-10%,-7.02,111.7617,119.9599,tp_gap_filled,133.6102,14932.5,7.335,1095.37,12
NUE,2021-12-20,2021-12-27,2022-01-03,2-3%,-2.085,115.6555,117.882,tp_gap_filled,132.3871,15311.3,1.925,294.75,5
TSLA,2021-12-30,2021-12-31,2022-01-03,2-3%,-2.289,354.1304,361.7013,tp_gap_filled,43.4647,15392.17,2.138,329.06,1
UHS,2021-10-26,2021-10-27,2022-01-04,5-10%,-5.004,127.127,133.5563,tp_gap_filled,117.945,14994.0,5.057,758.31,47
KHC,2021-11-18,2021-11-19,2022-01-04,3-5%,-3.009,35.4955,36.5234,tp_gap_filled,441.3954,15667.53,2.896,453.75,30
AXP,2021-11-26,2021-12-07,2022-01-04,3-5%,-3.799,165.2551,171.4384,tp_gap_filled,91.4038,15104.95,3.742,565.18,19
ALB,2021-12-15,2021-12-16,2022-01-04,5-10%,-5.951,229.5493,243.5862,tp_gap_filled,64.5308,14813.0,6.115,905.81,12
GIS,2021-12-21,2021-12-22,2022-01-04,3-5%,-4.853,64.5645,67.7222,tp_gap_filled,232.7598,15028.02,4.891,734.99,8
LYV,2021-11-08,2021-12-22,2022-01-04,3-5%,-4.023,118.9388,123.6762,tp_gap_filled,126.4249,15036.83,3.983,598.92,8
HBAN,2021-11-26,2022-01-03,2022-01-04,3-5%,-3.242,15.8358,16.3337,tp_gap_filled,976.0612,15456.73,3.144,485.91,1
FISV,2021-10-27,2022-01-03,2022-01-04,2-3%,-2.586,107.107,109.7302,tp_gap_filled,144.3002,15455.56,2.449,378.52,1
GL,2021-10-21,2021-10-22,2022-01-05,5-10%,-6.732,91.9418,98.3815,tp_gap_filled,163.2513,15009.63,7.004,1051.29,51
INTC,2021-10-22,2021-11-03,2022-01-05,10%+,-10.018,50.4404,55.944,tp_gap_filled,307.4174,15506.25,10.911,1691.91,43
CARR,2022-01-03,2022-01-04,2022-01-05,2-3%,-2.01,53.2032,54.1858,tp_gap_filled,291.5719,15512.54,1.847,286.5,1
ALL,2021-11-04,2022-01-04,2022-01-07,3-5%,-4.06,121.121,125.9939,tp_gap_filled,128.1222,15518.29,4.023,624.32,3
CRWD,2022-01-05,2022-01-06,2022-01-07,2-3%,-2.215,46.2962,47.2502,tp_gap_filled,332.9976,15416.54,2.061,317.66,1
PANW,2022-01-05,2022-01-06,2022-01-07,2-3%,-2.052,85.6272,87.246,tp_gap_filled,180.1097,15422.29,1.891,291.56,1
INTU,2021-11-30,2021-12-01,2022-01-10,3-5%,-3.701,669.619,561.9174,stop,21.647,14495.22,-16.084,-2331.41,27
BX,2021-12-08,2021-12-09,2022-01-10,3-5%,-3.596,134.4543,112.8287,stop,111.7652,15027.31,-16.084,-2416.99,21
PSX,2021-10-27,2022-01-06,2022-01-10,2-3%,-2.092,80.5805,82.1378,tp_gap_filled,191.3979,15422.94,1.933,298.06,2
DG,2022-01-06,2022-01-07,2022-01-10,3-5%,-3.041,226.9167,233.5662,tp_gap_filled,67.6265,15345.58,2.93,449.68,1
FTNT,2022-01-06,2022-01-07,2022-01-10,2-3%,-2.966,58.9569,60.6373,tp_gap_filled,260.7189,15371.18,2.85,438.11,1
XYZ,2022-01-06,2022-01-07,2022-01-10,2-3%,-2.0,140.7606,143.3465,tp_gap_filled,109.4463,15405.72,1.837,283.02,1
VEEV,2022-01-07,2022-01-10,2022-01-11,2-3%,-2.392,236.1259,241.4283,tp_gap_filled,65.0211,15353.16,2.246,344.77,1
CNC,2022-01-06,2022-01-10,2022-01-11,2-3%,-2.243,78.078,79.7102,tp_gap_filled,196.7423,15361.25,2.09,321.13,1
TXN,2022-01-07,2022-01-10,2022-01-12,2-3%,-2.565,182.152,186.5732,tp_gap_filled,84.2752,15350.89,2.427,372.6,2
DXCM,2022-01-10,2022-01-11,2022-01-12,5-10%,-5.794,111.1535,117.7546,tp_gap_filled,140.1368,15576.7,5.939,925.05,1
NOW,2022-01-05,2022-01-06,2022-01-13,2-3%,-2.474,117.9178,104.8419,stop,130.942,15440.39,-11.089,-1712.18,5
UHS,2022-01-11,2022-01-12,2022-01-13,3-5%,-3.658,128.128,132.7271,tp_gap_filled,121.6483,15586.55,3.589,559.48,1
AXON,2021-12-01,2021-12-02,2022-01-14,3-5%,-3.543,162.9728,136.7603,stop,90.6761,14777.74,-16.084,-2376.85,30
EBAY,2021-10-28,2021-10-29,2022-01-18,3-5%,-4.674,74.104,62.1851,stop,204.833,15178.95,-16.084,-2441.38,54
LMT,2021-10-26,2021-12-14,2022-01-18,5-10%,-7.44,348.6783,375.9537,tp_gap_filled,42.4926,14816.25,7.822,1159.0,23
AKAM,2022-01-06,2022-01-10,2022-01-19,2-3%,-2.624,112.5624,115.3645,tp_gap_filled,136.3731,15350.49,2.489,382.13,6
TTWO,2022-01-10,2022-01-11,2022-01-19,10%+,-10.389,147.6475,164.4354,tp_gap_filled,105.1833,15530.06,11.37,1765.81,5
DDOG,2022-01-18,2022-01-19,2022-01-20,3-5%,-3.847,133.093,138.1417,tp_gap_filled,114.0862,15184.07,3.793,575.99,1
ROST,2021-11-19,2021-11-23,2022-01-21,3-5%,-3.715,115.1951,96.6671,stop,134.7352,15520.83,-16.084,-2496.37,40
PYPL,2021-11-09,2021-11-15,2022-01-24,5-10%,-7.419,212.6124,157.1758,stop,74.9952,15944.92,-26.074,-4157.48,47
TGT,2021-11-17,2021-11-18,2022-01-24,3-5%,-4.655,254.244,213.3514,stop,62.1274,15795.52,-16.084,-2540.55,44
VRSK,2022-01-05,2022-01-06,2022-01-24,2-3%,-2.228,217.0068,192.9429,stop,71.0891,15426.82,-11.089,-1710.68,11
APTV,2022-01-11,2022-01-12,2022-01-24,3-5%,-4.041,158.5584,133.0559,stop,98.2762,15582.51,-16.084,-2506.29,7
AXP,2022-01-14,2022-01-18,2022-01-25,2-3%,-2.643,168.8787,173.1167,tp_gap_filled,90.1768,15228.94,2.509,382.17,5
DVN,2022-01-21,2022-01-24,2022-01-25,3-5%,-3.043,47.1972,48.5814,tp_gap_filled,312.7349,14760.2,2.933,432.89,1
CVNA,2022-01-21,2022-01-24,2022-01-25,2-3%,-2.734,30.7647,31.5664,tp_gap_filled,480.1604,14772.01,2.606,384.93,1
GLW,2022-01-14,2022-01-18,2022-01-26,3-5%,-3.282,36.8768,38.0519,tp_gap_filled,413.0537,15232.11,3.186,485.37,6
RF,2022-01-20,2022-01-21,2022-01-26,5-10%,-5.581,22.3523,23.6263,tp_gap_filled,660.9735,14774.3,5.7,842.09,3
CRWD,2022-01-24,2022-01-25,2022-01-26,3-5%,-4.586,39.333,41.1413,tp_gap_filled,375.109,14754.18,4.597,678.3,1
CARR,2022-01-24,2022-01-25,2022-01-26,3-5%,-4.582,45.6556,47.7522,tp_gap_filled,323.2485,14758.11,4.592,677.72,1
CCL,2022-01-24,2022-01-25,2022-01-26,3-5%,-4.552,19.0991,19.97,tp_gap_filled,773.59,14774.86,4.56,673.74,1
PYPL,2022-01-24,2022-01-25,2022-01-26,3-5%,-4.543,156.2661,163.3765,tp_gap_filled,94.731,14803.25,4.55,673.57,1
RTX,2022-01-25,2022-01-26,2022-01-27,3-5%,-3.541,85.085,88.0319,tp_gap_filled,173.7234,14781.25,3.463,511.94,1
COF,2022-01-14,2022-01-18,2022-01-28,2-3%,-2.745,157.0969,139.6765,stop,96.9401,15228.99,-11.089,-1688.74,8
INTU,2022-01-25,2022-01-26,2022-01-28,3-5%,-3.323,517.4269,534.1453,tp_gap_filled,28.5857,14791.03,3.231,477.91,2
WBD,2022-01-21,2022-01-24,2022-01-31,2-3%,-2.401,26.8568,27.4625,tp_gap_filled,550.5138,14785.06,2.255,333.44,5
SNPS,2022-01-25,2022-01-26,2022-01-31,3-5%,-3.444,298.0177,308.0317,tp_gap_filled,49.6743,14803.81,3.36,497.43,3
HCA,2022-01-27,2022-01-28,2022-01-31,5-10%,-8.125,220.7205,239.76,tp_gap_filled,68.2223,15058.06,8.626,1298.92,1
EW,2022-01-27,2022-01-28,2022-01-31,5-10%,-7.944,100.1,108.5214,tp_gap_filled,150.7911,15094.19,8.413,1269.87,1
V,2021-10-27,2022-01-04,2022-02-01,3-5%,-3.05,224.9747,231.5882,tp_gap_filled,68.9781,15518.33,2.94,456.18,19
GE,2022-01-25,2022-01-26,2022-02-01,5-10%,-5.975,56.8261,60.3162,tp_gap_filled,260.2939,14791.48,6.142,908.46,4
KLAC,2022-01-25,2022-01-26,2022-02-01,3-5%,-3.347,37.8388,39.0709,tp_gap_filled,390.8197,14788.15,3.256,481.53,4
ISRG,2022-01-21,2022-01-31,2022-02-02,5-10%,-6.043,275.315,292.4373,tp_gap_filled,55.9172,15394.84,6.219,957.43,2
WBD,2022-02-01,2022-02-02,2022-02-03,5-10%,-6.879,26.016,27.8821,tp_gap_filled,600.8578,15631.91,7.173,1121.26,1
EMR,2021-11-03,2021-11-04,2022-02-04,5-10%,-5.372,94.8648,95.2846,time_exit,163.1645,15478.56,0.443,68.5,63
WYNN,2021-09-14,2021-11-05,2022-02-07,5-10%,-7.818,95.4854,88.0019,time_exit,163.2093,15584.1,-7.837,-1221.37,63
PTC,2022-01-25,2022-01-26,2022-02-07,3-5%,-3.138,114.0239,117.4824,tp_gap_filled,129.6356,14781.55,3.033,448.34,8
MRK,2021-11-05,2021-11-08,2022-02-08,5-10%,-9.112,82.3723,76.8331,time_exit,190.1989,15667.12,-6.725,-1053.55,63
CAH,2022-01-10,2022-01-11,2022-02-08,5-10%,-6.195,50.9309,54.1858,tp_gap_filled,305.4843,15558.59,6.391,994.31,19
C,2022-01-14,2022-01-18,2022-02-08,3-5%,-3.57,65.4254,67.7122,tp_gap_filled,232.8315,15233.09,3.495,532.45,15
LHX,2022-01-31,2022-02-01,2022-02-08,3-5%,-3.723,210.7405,218.4513,tp_gap_filled,73.7002,15531.61,3.659,568.29,5
WSM,2022-01-05,2022-02-01,2022-02-08,2-3%,-2.55,80.9058,82.8571,tp_gap_filled,191.9328,15528.48,2.412,374.51,5
ON,2022-01-18,2022-02-07,2022-02-08,3-5%,-3.233,64.1241,66.1338,tp_gap_filled,241.5768,15490.89,3.134,485.51,1
WDC,2022-01-28,2022-01-31,2022-02-09,5-10%,-8.822,37.1422,40.6547,tp_gap_filled,413.3242,15351.76,9.457,1451.81,7
SYF,2022-01-28,2022-01-31,2022-02-09,5-10%,-7.114,41.3013,44.3756,tp_gap_filled,372.3577,15378.84,7.444,1144.75,7
SWK,2022-02-07,2022-02-08,2022-02-09,2-3%,-2.841,161.9017,166.3035,tp_gap_filled,96.3969,15606.82,2.719,424.32,1
KLAC,2022-02-03,2022-02-08,2022-02-09,2-3%,-2.498,38.5966,39.5065,tp_gap_filled,404.5575,15614.53,2.357,368.11,1
MU,2022-02-03,2022-02-08,2022-02-09,2-3%,-2.177,82.7527,84.4255,tp_gap_filled,188.6769,15613.52,2.021,315.62,1
APTV,2022-02-03,2022-02-08,2022-02-10,3-5%,-3.777,134.6445,139.6502,tp_gap_filled,115.9229,15608.38,3.718,580.28,2
IT,2022-02-08,2022-02-09,2022-02-10,5-10%,-8.282,270.7004,294.5552,tp_gap_filled,58.5159,15840.28,8.812,1395.88,1
SYY,2022-02-08,2022-02-09,2022-02-10,5-10%,-6.106,75.115,79.8401,tp_gap_filled,211.8748,15914.98,6.29,1001.12,1
DIS,2021-11-11,2021-11-12,2022-02-14,5-10%,-6.627,163.0529,150.6992,time_exit,97.5426,15904.61,-7.577,-1205.02,63
LITE,2022-02-03,2022-02-04,2022-02-16,10%+,-10.352,90.5905,100.849,tp_gap_filled,170.5886,15453.71,11.324,1749.99,8
FCX,2022-02-11,2022-02-14,2022-02-16,2-3%,-2.983,42.6426,43.8661,tp_gap_filled,361.9553,15434.71,2.869,442.85,2
A,2021-11-23,2021-11-26,2022-02-17,3-5%,-4.233,156.0459,130.9475,stop,96.8185,15108.13,-16.084,-2429.99,57
LDOS,2022-02-15,2022-02-16,2022-02-17,5-10%,-5.529,82.6125,87.2726,tp_gap_filled,189.4442,15650.47,5.641,882.83,1
CVNA,2022-02-10,2022-02-11,2022-02-18,3-5%,-4.112,31.2312,26.208,stop,498.1548,15557.97,-16.084,-2502.34,5
ZBH,2022-02-07,2022-02-08,2022-02-22,5-10%,-6.945,111.0818,119.1332,tp_gap_filled,140.2891,15583.57,7.248,1129.51,9
BAX,2022-02-17,2022-02-18,2022-02-23,5-10%,-5.086,80.8808,85.0449,tp_gap_filled,189.2729,15308.54,5.148,788.14,2
XYZ,2022-02-02,2022-02-10,2022-02-24,5-10%,-7.037,118.7486,87.7861,stop,133.0676,15801.59,-26.074,-4120.11,9
BBY,2021-11-23,2021-11-24,2022-02-25,10%+,-15.942,116.116,95.7342,time_exit,132.8685,15428.16,-17.553,-2708.1,63
DASH,2022-02-18,2022-02-22,2022-02-28,3-5%,-3.789,101.1511,104.925,tp_gap_filled,150.0012,15172.78,3.731,566.09,4
FSLR,2022-02-03,2022-02-09,2022-03-01,5-10%,-5.421,72.3022,76.2936,tp_gap_filled,220.9082,15972.15,5.52,881.73,13
CHRW,2022-02-02,2022-02-23,2022-03-01,10%+,-10.825,93.3432,104.4654,tp_gap_filled,160.4572,14977.6,11.915,1784.63,4
PNW,2021-10-07,2021-12-29,2022-03-04,5-10%,-5.527,70.1501,74.1058,tp_gap_filled,219.1882,15376.07,5.639,867.05,45
LLY,2022-01-12,2022-01-13,2022-03-04,3-5%,-3.591,253.1529,262.0577,tp_gap_filled,61.0894,15464.96,3.518,543.99,34
SW,2022-01-07,2022-01-10,2022-03-07,5-10%,-5.95,54.9048,40.589,stop,279.2029,15329.59,-26.074,-3997.04,38
NKE,2022-01-10,2022-01-11,2022-03-07,3-5%,-4.109,150.6705,126.4367,stop,103.6659,15619.39,-16.084,-2512.22,37
NEE,2022-01-25,2022-01-31,2022-03-07,3-5%,-4.541,78.2782,81.8381,tp_gap_filled,196.8794,15411.36,4.548,700.87,24
CAT,2022-01-28,2022-02-01,2022-03-08,3-5%,-3.101,205.7956,211.9578,tp_gap_filled,75.4613,15529.6,2.994,465.01,24
LYB,2022-03-04,2022-03-07,2022-03-09,3-5%,-3.206,96.7166,99.7202,tp_gap_filled,156.3032,15117.12,3.106,469.47,2
LIN,2022-03-04,2022-03-07,2022-03-09,3-5%,-3.149,278.6383,287.1226,tp_gap_filled,54.2173,15107.03,3.045,459.99,2
INCY,2022-02-08,2022-03-04,2022-03-10,3-5%,-3.708,70.7006,73.2766,tp_gap_filled,219.0774,15488.91,3.644,564.35,4
CASY,2021-12-08,2021-12-09,2022-03-11,5-10%,-6.818,187.6875,174.0758,time_exit,80.1144,15036.47,-7.252,-1090.5,63
BF-B,2021-12-08,2021-12-09,2022-03-11,5-10%,-5.201,69.6996,62.4874,time_exit,215.5103,15020.99,-10.348,-1554.3,63
NTAP,2022-02-24,2022-02-25,2022-03-11,10%+,-13.414,72.8828,84.0059,tp_gap_filled,213.2088,15539.25,15.262,2371.54,10
PSKY,2022-02-16,2022-02-17,2022-03-14,10%+,-15.977,30.2702,35.954,tp_gap_filled,510.0103,15438.13,18.777,2898.78,16
CRH,2022-03-04,2022-03-07,2022-03-14,5-10%,-8.167,39.9599,43.4265,tp_gap_filled,378.7272,15133.91,8.675,1312.9,5
SW,2022-03-07,2022-03-08,2022-03-14,5-10%,-8.054,38.1681,41.4285,tp_gap_filled,393.1902,15007.34,8.542,1281.96,4
REGN,2021-12-13,2021-12-14,2022-03-16,2-3%,-2.45,653.7731,668.8505,tp_gap_filled,22.6561,14811.94,2.306,341.59,63
PFE,2022-02-08,2022-02-09,2022-03-16,3-5%,-4.83,50.6906,53.1568,tp_gap_filled,315.3621,15985.91,4.865,777.73,24
MET,2022-03-04,2022-03-09,2022-03-16,2-3%,-2.644,64.8648,66.4934,tp_gap_filled,238.1289,15446.18,2.511,387.82,5
BKNG,2022-03-04,2022-03-09,2022-03-16,2-3%,-2.558,82.0135,83.9983,tp_gap_filled,188.2959,15442.81,2.42,373.73,5
APP,2022-03-10,2022-03-11,2022-03-16,3-5%,-4.368,46.4664,48.4915,tp_gap_filled,327.4796,15216.8,4.358,663.16,3
CFG,2022-03-04,2022-03-14,2022-03-16,3-5%,-3.168,48.6486,50.1398,tp_gap_filled,312.2245,15189.28,3.065,465.59,2
RF,2022-03-04,2022-03-14,2022-03-16,3-5%,-3.073,22.7327,23.4066,tp_gap_filled,668.2243,15190.55,2.964,450.29,2
MTD,2022-03-10,2022-03-11,2022-03-17,3-5%,-4.199,1331.33,1386.9017,tp_gap_filled,11.4141,15195.88,4.174,634.3,4
EOG,2022-03-15,2022-03-16,2022-03-17,3-5%,-4.86,110.3202,115.7242,tp_gap_filled,142.9165,15766.58,4.898,772.31,1
FANG,2022-03-15,2022-03-16,2022-03-17,3-5%,-4.271,120.9208,126.0638,tp_gap_filled,130.4506,15774.19,4.253,670.91,1
COP,2022-03-15,2022-03-16,2022-03-17,3-5%,-3.822,92.9529,96.4535,tp_gap_filled,169.64,15768.52,3.766,593.84,1
EQT,2022-03-15,2022-03-16,2022-03-17,3-5%,-3.737,24.4945,25.3946,tp_gap_filled,644.1895,15779.08,3.675,579.84,1
EXE,2022-03-15,2022-03-16,2022-03-17,3-5%,-3.619,73.5735,76.1837,tp_gap_filled,214.9267,15812.91,3.548,561.01,1
MCO,2022-03-10,2022-03-11,2022-03-18,5-10%,-5.274,306.5663,322.9867,tp_gap_filled,49.6476,15220.27,5.356,815.23,5
APA,2022-03-14,2022-03-17,2022-03-18,2-3%,-2.663,38.048,39.0109,tp_gap_filled,422.89,16090.12,2.531,407.22,1
VLO,2022-03-15,2022-03-17,2022-03-18,2-3%,-2.551,88.3282,90.4595,tp_gap_filled,182.3834,16109.6,2.413,388.7,1
CF,2022-03-11,2022-03-14,2022-03-21,3-5%,-4.113,93.3432,97.1528,tp_gap_filled,162.6329,15180.68,4.081,619.55,5
NOC,2022-03-16,2022-03-17,2022-03-21,3-5%,-3.885,430.8504,447.3722,tp_gap_filled,37.3417,16088.69,3.835,616.95,2
COF,2022-03-17,2022-03-18,2022-03-21,3-5%,-4.186,132.2021,137.7022,tp_gap_filled,123.0143,16262.75,4.16,676.59,1
DVN,2022-03-11,2022-03-18,2022-03-21,3-5%,-3.781,58.3383,60.5094,tp_gap_filled,279.1886,16287.39,3.722,606.16,1
ERIE,2022-02-25,2022-02-28,2022-03-22,3-5%,-4.803,172.3922,180.7291,tp_gap_filled,90.2537,15559.03,4.836,752.43,16
SLB,2022-03-15,2022-03-16,2022-03-22,3-5%,-4.164,39.8598,41.5084,tp_gap_filled,396.2555,15794.67,4.136,653.28,4
FDX,2022-03-18,2022-03-21,2022-03-22,3-5%,-3.5,177.4537,183.523,tp_gap_filled,91.8605,16300.98,3.42,557.53,1
NSC,2022-03-18,2022-03-21,2022-03-22,3-5%,-3.193,265.8956,274.1156,tp_gap_filled,61.3239,16305.77,3.091,504.08,1
FLEX,2022-03-18,2022-03-21,2022-03-22,2-3%,-2.717,12.4239,12.7453,tp_gap_filled,1314.4714,16330.82,2.588,422.57,1
CVX,2022-03-15,2022-03-16,2022-03-23,3-5%,-4.565,159.2691,166.5533,tp_gap_filled,99.0735,15779.34,4.573,721.67,5
HII,2022-03-16,2022-03-17,2022-03-23,2-3%,-2.726,197.177,202.2975,tp_gap_filled,81.6003,16089.71,2.597,417.84,4
BKR,2022-03-14,2022-03-21,2022-03-23,2-3%,-2.577,36.7067,37.6024,tp_gap_filled,445.5693,16355.37,2.44,399.09,2
DASH,2022-03-21,2022-03-22,2022-03-23,3-5%,-3.775,103.3432,107.1827,tp_gap_filled,159.9742,16532.25,3.715,614.22,1
CDNS,2022-01-18,2022-01-19,2022-03-24,3-5%,-3.555,156.156,161.5882,tp_gap_filled,97.1834,15175.77,3.479,527.92,45
XOM,2022-03-14,2022-03-23,2022-03-25,2-3%,-2.19,83.1431,84.8351,tp_gap_filled,196.4084,16329.99,2.035,332.33,2
INTC,2022-01-27,2022-03-24,2022-03-25,3-5%,-3.308,50.03,51.6383,tp_gap_filled,328.2334,16421.51,3.215,527.91,1
DASH,2022-03-23,2022-03-24,2022-03-25,2-3%,-2.921,108.108,111.1388,tp_gap_filled,152.0508,16437.91,2.803,460.83,1
EW,2022-03-23,2022-03-25,2022-03-28,2-3%,-2.266,110.5004,112.837,tp_gap_filled,149.3744,16505.93,2.115,349.04,1
MDT,2021-12-15,2022-01-03,2022-03-29,5-10%,-5.444,105.7156,111.5783,tp_gap_filled,146.2185,15457.58,5.546,857.24,59
PLTR,2022-02-17,2022-03-01,2022-03-29,10%+,-11.31,12.4024,13.956,tp_gap_filled,1240.474,15384.84,12.527,1927.25,20
MSI,2022-02-10,2022-03-17,2022-03-29,3-5%,-3.706,229.8897,238.2615,tp_gap_filled,69.9733,16086.14,3.642,585.8,8
BA,2022-03-21,2022-03-22,2022-03-29,3-5%,-4.372,184.5844,192.6372,tp_gap_filled,89.4604,16513.0,4.363,720.4,5
PPL,2022-02-18,2022-03-22,2022-03-29,3-5%,-3.696,27.1271,28.1119,tp_gap_filled,610.9909,16574.41,3.63,601.68,5
GL,2022-02-28,2022-03-22,2022-03-29,2-3%,-2.462,101.111,103.4564,tp_gap_filled,163.8691,16568.97,2.32,384.34,5
NOW,2022-03-23,2022-03-24,2022-03-29,2-3%,-2.552,114.8427,117.6143,tp_gap_filled,143.4329,16472.23,2.413,397.53,3
ADBE,2022-03-23,2022-03-25,2022-03-29,5-10%,-6.204,437.9475,465.9836,tp_gap_filled,37.7074,16513.88,6.402,1057.17,2
XYZ,2022-03-23,2022-03-28,2022-03-29,2-3%,-2.088,138.9688,141.6482,tp_gap_filled,119.7309,16638.86,1.928,320.8,1
LULU,2022-01-10,2022-01-11,2022-03-30,5-10%,-7.111,330.28,354.8548,tp_gap_filled,47.0291,15532.77,7.441,1155.73,54
PSX,2022-03-09,2022-03-10,2022-03-30,5-10%,-5.705,79.5795,84.2257,tp_gap_filled,193.0195,15360.39,5.838,896.8,14
UAL,2022-02-28,2022-03-29,2022-03-30,3-5%,-3.795,44.1541,45.8041,tp_gap_filled,384.3948,16972.61,3.737,634.27,1
HPQ,2022-03-28,2022-03-29,2022-03-30,3-5%,-3.715,38.3984,39.8002,tp_gap_filled,442.5197,16992.03,3.651,620.32,1
SYF,2022-03-28,2022-03-29,2022-03-30,3-5%,-3.245,35.5155,36.6333,tp_gap_filled,478.9891,17011.53,3.147,535.44,1
OXY,2022-03-28,2022-03-29,2022-03-30,3-5%,-3.219,56.8768,58.6513,tp_gap_filled,299.4436,17031.4,3.12,531.35,1
EQT,2022-03-28,2022-03-29,2022-03-30,2-3%,-2.505,33.5035,34.2957,tp_gap_filled,508.3049,17029.98,2.365,402.68,1
APA,2022-03-28,2022-03-29,2022-03-30,2-3%,-2.48,40.5405,41.4885,tp_gap_filled,420.285,17038.56,2.338,398.42,1
HAL,2022-03-28,2022-03-29,2022-03-31,2-3%,-2.905,37.8078,38.8611,tp_gap_filled,450.4192,17029.35,2.786,474.44,2
NEM,2022-03-29,2022-03-30,2022-03-31,3-5%,-3.033,75.8458,78.0619,tp_gap_filled,224.0576,16993.82,2.922,496.53,1
NUE,2022-03-29,2022-03-30,2022-03-31,2-3%,-2.886,149.5594,153.6962,tp_gap_filled,113.7837,17017.42,2.766,470.69,1
NOC,2022-03-29,2022-03-30,2022-03-31,2-3%,-2.71,435.1247,446.3532,tp_gap_filled,39.1085,17017.08,2.581,439.13,1
LMT,2022-03-29,2022-03-30,2022-03-31,2-3%,-2.636,433.6832,444.535,tp_gap_filled,39.2865,17037.91,2.502,426.33,1
DELL,2022-02-24,2022-03-29,2022-04-01,2-3%,-2.976,55.1451,49.0301,stop,308.8313,17030.53,-11.089,-1888.52,3
RCL,2022-02-28,2022-03-31,2022-04-01,2-3%,-2.256,81.9519,83.6762,tp_gap_filled,205.68,16855.86,2.104,354.67,1
BIIB,2021-12-30,2022-01-03,2022-04-04,5-10%,-5.079,245.4352,211.4284,time_exit,62.9879,15459.45,-13.856,-2142.02,63
RMD,2022-03-31,2022-04-01,2022-04-05,2-3%,-2.032,244.1939,248.761,tp_gap_filled,69.673,17013.71,1.87,318.2,2
BG,2022-03-29,2022-03-30,2022-04-06,3-5%,-3.39,110.11,113.7461,tp_gap_filled,154.4631,17007.93,3.302,561.65,5
UDR,2022-03-30,2022-03-31,2022-04-06,2-3%,-2.806,57.9078,59.4605,tp_gap_filled,291.4723,16878.54,2.681,452.55,4
CF,2022-03-28,2022-03-31,2022-04-06,2-3%,-2.794,106.5665,109.4105,tp_gap_filled,158.336,16873.31,2.669,450.31,4
ADM,2022-03-29,2022-03-31,2022-04-06,2-3%,-2.545,90.09,92.2576,tp_gap_filled,187.0885,16854.8,2.406,405.54,4
MO,2022-03-28,2022-03-31,2022-04-06,2-3%,-2.201,52.4924,53.5664,tp_gap_filled,321.3491,16868.4,2.046,345.11,4
ARE,2022-01-05,2022-01-06,2022-04-07,3-5%,-4.9,210.21,203.3564,time_exit,73.4565,15441.3,-3.26,-503.44,63
HUM,2022-01-06,2022-02-03,2022-04-07,5-10%,-9.438,413.2228,455.3742,tp_gap_filled,37.3034,15414.63,10.201,1572.39,44
CNC,2022-03-23,2022-03-24,2022-04-07,3-5%,-3.186,84.8648,87.4824,tp_gap_filled,193.707,16438.91,3.084,507.06,10
DVN,2022-03-28,2022-03-30,2022-04-08,2-3%,-2.704,60.8708,62.4375,tp_gap_filled,279.9505,17040.81,2.574,438.6,7
BAX,2022-04-04,2022-04-05,2022-04-08,3-5%,-3.092,76.2262,78.5014,tp_gap_filled,221.3658,16873.86,2.985,503.67,3
TJX,2022-04-05,2022-04-06,2022-04-08,2-3%,-2.707,60.4504,62.0079,tp_gap_filled,279.082,16870.61,2.577,434.68,2
HPQ,2022-03-31,2022-04-07,2022-04-08,3-5%,-4.815,37.007,38.8012,tp_gap_filled,458.4459,16965.69,4.848,822.54,1
SYK,2022-04-06,2022-04-07,2022-04-08,3-5%,-3.918,258.238,268.2315,tp_gap_filled,65.8786,17012.35,3.87,658.36,1
CRWD,2022-04-06,2022-04-07,2022-04-08,3-5%,-3.376,53.1869,54.935,tp_gap_filled,320.3525,17038.55,3.287,560.02,1
MRNA,2022-04-06,2022-04-07,2022-04-08,2-3%,-2.82,157.6375,161.888,tp_gap_filled,108.0665,17035.33,2.696,459.33,1
PCAR,2022-04-05,2022-04-06,2022-04-11,2-3%,-2.012,55.2619,56.2837,tp_gap_filled,305.2982,16871.35,1.849,311.95,3
KEY,2022-02-28,2022-03-01,2022-04-12,3-5%,-4.19,24.2642,20.3616,stop,633.6752,15375.65,-16.084,-2473.02,30
STLD,2022-03-29,2022-03-30,2022-04-12,2-3%,-2.925,84.7046,87.0828,tp_gap_filled,200.9873,17024.55,2.808,477.99,9
BBY,2022-03-31,2022-04-04,2022-04-12,3-5%,-3.671,92.9829,96.3336,tp_gap_filled,182.7078,16988.7,3.604,612.2,6
DHI,2022-04-06,2022-04-08,2022-04-12,2-3%,-2.053,72.6025,73.976,tp_gap_filled,235.2533,17079.99,1.892,323.1,2
WSM,2022-03-30,2022-04-11,2022-04-12,2-3%,-2.85,75.7607,77.8271,tp_gap_filled,223.1741,16907.82,2.728,461.17,1
ABNB,2022-04-08,2022-04-11,2022-04-12,2-3%,-2.043,162.6825,165.7441,tp_gap_filled,103.7966,16885.89,1.882,317.78,1
UAL,2022-04-06,2022-04-11,2022-04-13,3-5%,-3.243,43.3033,44.6653,tp_gap_filled,390.7171,16919.32,3.145,532.17,2
TSLA,2022-04-11,2022-04-12,2022-04-13,3-5%,-4.397,327.1268,341.4882,tp_gap_filled,51.4621,16834.62,4.39,739.07,1
MRNA,2022-04-11,2022-04-12,2022-04-13,3-5%,-3.009,156.156,160.6792,tp_gap_filled,107.7218,16821.4,2.897,487.24,1
DECK,2022-04-11,2022-04-12,2022-04-13,2-3%,-2.669,42.8244,43.911,tp_gap_filled,393.0795,16833.41,2.537,427.12,1
XYZ,2022-04-11,2022-04-12,2022-04-13,2-3%,-2.386,120.4003,123.0968,tp_gap_filled,139.6741,16816.8,2.24,376.63,1
NKE,2022-04-11,2022-04-12,2022-04-14,2-3%,-2.38,125.2251,128.0218,tp_gap_filled,134.3851,16828.39,2.233,375.84,2
DAL,2022-02-28,2022-04-13,2022-04-14,2-3%,-2.913,40.3703,41.4985,tp_gap_filled,422.69,17064.14,2.794,476.85,1
BKNG,2022-04-06,2022-04-13,2022-04-14,2-3%,-2.628,89.5943,91.8281,tp_gap_filled,190.5622,17073.29,2.493,425.67,1
LUV,2022-04-06,2022-04-13,2022-04-14,2-3%,-2.057,44.3243,45.1648,tp_gap_filled,385.3066,17078.44,1.896,323.85,1
SLB,2022-03-28,2022-03-29,2022-04-18,2-3%,-2.473,42.6426,43.6363,tp_gap_filled,399.7045,17044.44,2.33,397.2,13
TTD,2022-04-06,2022-04-12,2022-04-18,2-3%,-2.543,70.2101,62.4245,stop,240.0189,16851.76,-11.089,-1868.69,3
T,2022-04-13,2022-04-14,2022-04-18,2-3%,-2.249,19.1391,19.5404,tp_gap_filled,884.9738,16937.62,2.097,355.16,1
HPE,2022-04-12,2022-04-13,2022-04-19,2-3%,-2.024,15.5055,15.7942,tp_gap_filled,1102.874,17100.6,1.862,318.4,3
NCLH,2022-04-06,2022-04-14,2022-04-19,2-3%,-2.434,21.6716,22.1678,tp_gap_filled,781.5946,16938.44,2.289,387.8,2
STX,2022-04-14,2022-04-18,2022-04-19,3-5%,-3.472,81.2612,84.0159,tp_gap_filled,208.2159,16919.87,3.39,573.58,1
WDC,2022-04-14,2022-04-18,2022-04-19,2-3%,-2.967,35.1371,36.1392,tp_gap_filled,481.7452,16927.15,2.852,482.73,1
TSLA,2022-04-14,2022-04-18,2022-04-19,2-3%,-2.257,333.4298,340.4492,tp_gap_filled,50.7957,16936.78,2.105,356.56,1
IR,2022-04-06,2022-04-07,2022-04-20,2-3%,-2.683,47.1972,48.4016,tp_gap_filled,361.0438,17040.24,2.552,434.84,8
DOV,2022-04-08,2022-04-11,2022-04-20,2-3%,-2.092,151.3512,154.2756,tp_gap_filled,111.6198,16893.79,1.932,326.42,6
WFC,2022-04-14,2022-04-18,2022-04-20,5-10%,-5.459,45.9359,48.4915,tp_gap_filled,367.9891,16903.91,5.563,940.42,2
BNY,2022-04-18,2022-04-19,2022-04-20,3-5%,-3.574,45.6456,47.2427,tp_gap_filled,379.0887,17303.73,3.499,605.45,1
RL,2022-04-05,2022-04-19,2022-04-20,3-5%,-3.398,111.2712,114.9549,tp_gap_filled,155.6089,17314.78,3.311,573.23,1
PGR,2022-04-18,2022-04-19,2022-04-20,2-3%,-2.248,109.6996,111.9979,tp_gap_filled,157.8943,17320.94,2.095,362.89,1
USB,2022-01-19,2022-01-20,2022-04-21,5-10%,-6.384,58.2782,52.5874,time_exit,257.4729,15005.06,-9.765,-1465.24,63
APP,2022-04-06,2022-04-07,2022-04-21,3-5%,-3.238,53.2532,44.688,stop,320.1682,17049.98,-16.084,-2742.32,9
ROK,2022-04-06,2022-04-08,2022-04-21,2-3%,-2.261,273.0628,278.8209,tp_gap_filled,62.5776,17087.61,2.109,360.33,8
DASH,2022-04-18,2022-04-19,2022-04-21,2-3%,-2.607,106.5665,94.7493,stop,162.5394,17321.25,-11.089,-1920.75,2
OXY,2022-04-19,2022-04-20,2022-04-21,2-3%,-2.167,60.1,61.3086,tp_gap_filled,288.2706,17325.08,2.011,348.4,1
BG,2022-04-19,2022-04-20,2022-04-21,2-3%,-2.106,124.2141,126.6332,tp_gap_filled,139.5835,17338.24,1.948,337.67,1
EQT,2022-04-19,2022-04-20,2022-04-25,2-3%,-2.813,44.2642,39.3558,stop,391.2877,17320.05,-11.089,-1920.62,3
DVN,2022-04-25,2022-04-26,2022-04-27,3-5%,-3.582,56.046,58.0119,tp_gap_filled,290.8801,16302.66,3.508,571.85,1
FFIV,2022-01-26,2022-01-27,2022-04-28,10%+,-11.821,195.195,175.7341,time_exit,75.4715,14731.67,-9.97,-1468.74,63
PCG,2022-04-14,2022-04-18,2022-04-28,5-10%,-5.447,12.1621,12.8372,tp_gap_filled,1391.1228,16919.04,5.55,939.01,8
APA,2022-04-25,2022-04-26,2022-04-28,3-5%,-4.004,39.1191,40.6693,tp_gap_filled,417.6453,16337.9,3.963,647.44,2
MOS,2022-04-25,2022-04-26,2022-04-29,3-5%,-3.954,64.1941,66.7032,tp_gap_filled,254.2936,16324.15,3.909,638.05,3
TXN,2022-04-27,2022-04-28,2022-04-29,3-5%,-4.684,160.7106,168.2716,tp_gap_filled,104.2243,16749.94,4.705,788.04,1
UBER,2022-04-06,2022-04-19,2022-05-04,3-5%,-3.161,33.8889,28.4382,stop,511.164,17322.76,-16.084,-2786.19,11
ANET,2022-04-20,2022-04-21,2022-05-04,2-3%,-2.592,31.4064,27.9237,stop,543.1439,17058.18,-11.089,-1891.58,9
SLB,2022-04-25,2022-04-26,2022-05-04,3-5%,-3.962,40.04,41.6084,tp_gap_filled,407.8659,16330.95,3.917,639.68,6
HAL,2022-04-25,2022-04-26,2022-05-04,3-5%,-3.9,36.2562,37.6523,tp_gap_filled,450.1217,16319.71,3.851,628.41,6
GOOG,2022-04-27,2022-04-28,2022-05-04,3-5%,-4.295,114.4874,119.3865,tp_gap_filled,146.7632,16802.53,4.279,719.01,4
AMP,2022-04-26,2022-04-28,2022-05-04,3-5%,-3.901,270.27,280.679,tp_gap_filled,62.2586,16826.62,3.851,648.05,4
MOS,2022-05-03,2022-05-04,2022-05-05,3-5%,-3.365,60.3603,62.3376,tp_gap_filled,285.8099,17251.57,3.276,565.13,1
CLX,2022-02-04,2022-02-07,2022-05-09,10%+,-12.35,145.0649,157.2726,time_exit,106.7578,15486.81,8.415,1303.26,63
FSLR,2022-04-05,2022-04-12,2022-05-09,3-5%,-3.049,81.4814,68.3759,stop,206.646,16837.81,-16.084,-2708.19,18
NOW,2022-04-29,2022-05-04,2022-05-09,2-3%,-2.944,97.9338,87.074,stop,176.813,17315.97,-11.089,-1920.17,3
SPG,2022-02-08,2022-02-09,2022-05-11,5-10%,-6.117,139.9498,112.897,time_exit,113.6342,15903.09,-19.33,-3074.13,63
FISV,2022-02-08,2022-02-09,2022-05-11,5-10%,-5.874,99.7697,92.4874,time_exit,159.9615,15959.3,-7.299,-1164.88,63
DIS,2022-04-20,2022-04-21,2022-05-11,3-5%,-4.435,126.1761,105.8819,stop,135.4546,17091.13,-16.084,-2748.94,14
CVS,2022-02-09,2022-02-10,2022-05-12,3-5%,-3.943,106.5665,98.1518,time_exit,147.871,15758.08,-7.896,-1244.29,63
CRL,2022-02-16,2022-02-17,2022-05-12,5-10%,-5.959,294.294,217.5598,stop,52.405,15422.49,-26.074,-4021.26,58
HD,2022-02-22,2022-03-17,2022-05-12,3-5%,-3.396,335.4251,281.4753,stop,47.9637,16088.21,-16.084,-2587.63,39
SW,2022-03-17,2022-03-18,2022-05-12,3-5%,-4.838,44.4945,37.338,stop,365.5128,16263.29,-16.084,-2615.79,38
IVZ,2022-04-26,2022-05-04,2022-05-12,3-5%,-3.848,20.01,16.7916,stop,862.2342,17253.3,-16.084,-2775.02,6
FOXA,2022-05-10,2022-05-11,2022-05-12,3-5%,-3.403,32.1121,33.1768,tp_gap_filled,490.1058,15738.32,3.316,521.82,1
CARR,2022-04-28,2022-04-29,2022-05-13,5-10%,-9.886,36.3163,40.2197,tp_gap_filled,453.4264,16466.76,10.749,1769.93,10
TTD,2022-05-11,2022-05-12,2022-05-13,3-5%,-3.749,42.1521,43.7062,tp_gap_filled,373.154,15729.23,3.687,579.93,1
DASH,2022-05-11,2022-05-12,2022-05-13,3-5%,-3.356,66.2962,68.4615,tp_gap_filled,237.761,15762.66,3.266,514.81,1
GILD,2022-05-11,2022-05-12,2022-05-13,2-3%,-2.379,60.3703,61.7182,tp_gap_filled,261.0068,15757.06,2.233,351.81,1
APP,2022-05-06,2022-05-12,2022-05-13,2-3%,-2.303,35.6756,36.4435,tp_gap_filled,442.1902,15775.42,2.152,339.55,1
PANW,2022-05-11,2022-05-12,2022-05-13,2-3%,-2.297,78.8988,80.5927,tp_gap_filled,200.1438,15791.11,2.147,339.01,1
DVN,2022-05-09,2022-05-11,2022-05-16,3-5%,-3.372,67.4073,69.6203,tp_gap_filled,233.7469,15756.25,3.283,517.28,3
LVS,2022-05-09,2022-05-13,2022-05-16,2-3%,-2.887,33.3333,34.2557,tp_gap_filled,485.0773,16169.23,2.767,447.44,1
HAL,2022-05-09,2022-05-13,2022-05-16,2-3%,-2.758,36.3563,37.3126,tp_gap_filled,445.3422,16191.0,2.63,425.89,1
AAPL,2022-05-12,2022-05-13,2022-05-16,2-3%,-2.546,142.9128,146.3535,tp_gap_filled,113.2663,16187.2,2.408,389.72,1
SYF,2022-05-12,2022-05-13,2022-05-17,3-5%,-3.227,34.2242,35.2947,tp_gap_filled,472.714,16178.25,3.128,506.03,2
COF,2022-05-12,2022-05-13,2022-05-17,3-5%,-3.002,116.116,119.4704,tp_gap_filled,139.2369,16167.63,2.889,467.06,2
SLB,2022-05-09,2022-05-16,2022-05-17,2-3%,-2.766,41.8818,42.987,tp_gap_filled,384.6352,16109.23,2.639,425.07,1
EQT,2022-05-09,2022-05-16,2022-05-17,2-3%,-2.68,39.99,41.0089,tp_gap_filled,402.9147,16112.54,2.548,410.57,1
VLO,2022-05-09,2022-05-16,2022-05-17,2-3%,-2.616,125.9258,129.0508,tp_gap_filled,127.9281,16109.45,2.482,399.78,1
FIS,2022-02-15,2022-02-16,2022-05-18,5-10%,-7.031,103.7637,96.6333,time_exit,150.9897,15667.24,-6.872,-1076.62,63
TYL,2022-02-17,2022-03-22,2022-05-18,5-10%,-5.371,444.9545,328.9371,stop,37.1217,16517.48,-26.074,-4306.77,40
DELL,2022-04-01,2022-04-04,2022-05-20,3-5%,-3.228,48.6186,40.7988,stop,349.5983,16996.97,-16.084,-2733.79,33
HPQ,2022-04-08,2022-04-11,2022-05-20,2-3%,-2.371,39.1491,34.8079,stop,431.8768,16907.59,-11.089,-1874.88,28
DE,2022-04-25,2022-05-04,2022-05-20,2-3%,-2.884,392.3219,348.8173,stop,44.1666,17327.51,-11.089,-1921.45,12
SW,2022-05-12,2022-05-13,2022-05-20,5-10%,-5.696,37.2872,39.4605,tp_gap_filled,433.4815,16163.33,5.828,942.06,5
VRTX,2022-05-06,2022-05-17,2022-05-23,3-5%,-3.773,256.5763,266.1036,tp_gap_filled,64.2055,16473.61,3.713,611.71,4
DVN,2022-05-19,2022-05-20,2022-05-23,3-5%,-3.003,67.8878,69.8501,tp_gap_filled,234.4116,15913.69,2.89,459.98,1
EQT,2022-05-19,2022-05-20,2022-05-23,2-3%,-2.943,39.2892,40.3996,tp_gap_filled,405.4435,15929.57,2.826,450.17,1
HAL,2022-05-19,2022-05-20,2022-05-23,2-3%,-2.778,35.035,35.964,tp_gap_filled,455.2779,15950.66,2.652,422.95,1
ALB,2022-02-17,2022-03-28,2022-05-24,10%+,-11.183,218.7085,245.754,tp_gap_filled,76.1285,16649.95,12.366,2058.93,40
TPL,2022-05-09,2022-05-17,2022-05-24,2-3%,-2.587,154.2652,158.0462,tp_gap_filled,106.8606,16484.88,2.451,404.04,5
KR,2022-05-18,2022-05-23,2022-05-24,3-5%,-3.143,49.6696,51.1788,tp_gap_filled,326.6765,16225.9,3.038,493.0,1
VRT,2022-02-23,2022-02-24,2022-05-25,10%+,-38.068,12.1321,10.2298,time_exit,1252.1578,15191.33,-15.68,-2382.06,63
EIX,2022-05-12,2022-05-16,2022-05-25,3-5%,-3.464,66.1161,68.3516,tp_gap_filled,243.5926,16105.38,3.381,544.56,7
EOG,2022-05-09,2022-05-17,2022-05-25,2-3%,-2.473,129.0789,132.0878,tp_gap_filled,127.6526,16477.27,2.331,384.09,6
MRVL,2022-05-23,2022-05-24,2022-05-25,2-3%,-2.774,52.6226,54.0159,tp_gap_filled,307.0574,16158.15,2.648,427.84,1
FANG,2022-03-28,2022-03-30,2022-05-26,3-5%,-3.058,142.172,146.3635,tp_gap_filled,119.6148,17005.87,2.948,501.36,40
BKNG,2022-05-09,2022-05-11,2022-05-26,3-5%,-4.051,84.2982,87.6814,tp_gap_filled,186.8024,15747.11,4.013,631.99,11
CMCSA,2022-04-28,2022-05-17,2022-05-26,3-5%,-3.87,40.0869,41.6172,tp_gap_filled,410.926,16472.75,3.817,628.84,7
TPR,2022-05-18,2022-05-19,2022-05-26,3-5%,-4.632,31.5315,32.997,tp_gap_filled,504.5126,15908.04,4.648,739.35,5
LOW,2022-05-18,2022-05-19,2022-05-26,3-5%,-3.365,187.6875,193.836,tp_gap_filled,84.7078,15898.6,3.276,520.82,5
NSC,2022-05-19,2022-05-20,2022-05-26,3-5%,-3.662,229.0989,237.3324,tp_gap_filled,69.4645,15914.24,3.594,571.94,4
BEN,2022-05-05,2022-05-23,2022-05-26,2-3%,-2.313,26.2062,26.7732,tp_gap_filled,619.3917,16231.89,2.164,351.21,3
APP,2022-05-24,2022-05-25,2022-05-26,5-10%,-6.556,35.5255,37.942,tp_gap_filled,461.641,16400.02,6.802,1115.57,1
TTD,2022-05-24,2022-05-25,2022-05-27,10%+,-12.381,46.046,52.4475,tp_gap_filled,356.2108,16402.08,13.902,2280.28,2
BBY,2022-05-18,2022-05-25,2022-05-27,5-10%,-6.817,78.8187,84.4155,tp_gap_filled,207.9635,16391.42,7.101,1163.92,2
DLTR,2022-05-18,2022-05-26,2022-05-27,5-10%,-7.406,144.9148,156.1937,tp_gap_filled,116.0138,16812.11,7.783,1308.51,1
CARR,2022-05-18,2022-05-26,2022-05-27,3-5%,-3.559,38.7887,40.1398,tp_gap_filled,435.4591,16890.92,3.483,588.34,1
CRWD,2022-05-09,2022-05-26,2022-05-27,3-5%,-3.519,39.7923,41.1613,tp_gap_filled,424.6749,16898.77,3.44,581.4,1
ULTA,2022-05-18,2022-05-26,2022-05-27,3-5%,-3.074,381.3109,392.617,tp_gap_filled,44.2592,16876.53,2.965,500.4,1
EL,2022-05-03,2022-05-04,2022-05-31,10%+,-12.712,227.7275,260.3694,tp_gap_filled,75.4221,17175.69,14.334,2461.92,18
NKE,2022-05-06,2022-05-09,2022-05-31,3-5%,-4.122,113.8537,118.5114,tp_gap_filled,141.2024,16076.42,4.091,657.67,15
DXCM,2022-05-24,2022-05-25,2022-05-31,5-10%,-8.518,74.1566,80.899,tp_gap_filled,221.2272,16405.45,9.092,1491.61,3
META,2022-05-24,2022-05-25,2022-05-31,5-10%,-7.991,180.7306,196.0338,tp_gap_filled,90.6169,16377.24,8.467,1386.73,3
HPE,2022-05-19,2022-05-27,2022-05-31,2-3%,-2.475,15.3854,15.7442,tp_gap_filled,1123.3594,17283.3,2.333,403.14,1
RL,2022-05-18,2022-05-26,2022-06-01,3-5%,-4.343,97.6676,101.898,tp_gap_filled,172.9009,16886.81,4.331,731.45,3
DHI,2022-05-05,2022-05-26,2022-06-01,3-5%,-3.652,72.8828,75.4944,tp_gap_filled,231.7569,16891.09,3.583,605.26,3
EQT,2022-05-27,2022-05-31,2022-06-01,2-3%,-2.278,46.3663,47.3526,tp_gap_filled,371.4305,17221.87,2.127,366.34,1
COST,2022-05-18,2022-05-26,2022-06-02,5-10%,-6.212,460.46,489.9795,tp_gap_filled,36.6618,16881.28,6.411,1082.24,4
TRMB,2022-05-05,2022-05-27,2022-06-02,2-3%,-2.859,68.028,69.89,tp_gap_filled,253.9122,17273.13,2.737,472.8,3
WDAY,2022-05-27,2022-05-31,2022-06-02,5-10%,-7.006,156.5264,167.9818,tp_gap_filled,110.0481,17225.43,7.319,1260.65,2
TRGP,2022-05-09,2022-05-31,2022-06-02,2-3%,-2.173,73.9038,75.3945,tp_gap_filled,233.3412,17244.81,2.017,347.84,2
VEEV,2022-03-03,2022-03-04,2022-06-03,10%+,-15.337,195.4452,187.782,time_exit,79.3543,15509.42,-3.921,-608.11,63
FDS,2022-06-01,2022-06-02,2022-06-03,2-3%,-2.837,371.321,381.3982,tp_gap_filled,47.1109,17493.26,2.714,474.75,1
MSFT,2022-06-02,2022-06-03,2022-06-06,2-3%,-2.926,264.7145,272.1476,tp_gap_filled,65.3986,17311.97,2.808,486.12,1
RTX,2022-04-26,2022-04-27,2022-06-07,2-3%,-2.721,96.9969,99.5104,tp_gap_filled,169.1582,16407.83,2.591,425.18,28
DE,2022-05-20,2022-05-25,2022-06-07,5-10%,-6.854,339.9696,364.2554,tp_gap_filled,48.2002,16386.6,7.144,1170.58,8
DG,2022-05-17,2022-05-26,2022-06-07,3-5%,-3.442,226.3361,233.9358,tp_gap_filled,74.6102,16886.99,3.358,567.02,7
LOW,2022-06-07,2022-06-08,2022-06-09,3-5%,-3.263,190.5404,196.5732,tp_gap_filled,90.8843,17317.13,3.166,548.29,1
BALL,2022-05-06,2022-05-17,2022-06-13,2-3%,-2.565,74.9048,66.5986,stop,220.1332,16489.04,-11.089,-1828.47,18
LEN,2022-05-05,2022-05-27,2022-06-13,2-3%,-2.913,78.4908,69.787,stop,220.0575,17272.49,-11.089,-1915.35,10
PSKY,2022-04-20,2022-05-31,2022-06-13,5-10%,-5.017,34.4945,25.5004,stop,499.3441,17224.6,-26.074,-4491.14,9
DAL,2022-05-31,2022-06-01,2022-06-13,3-5%,-3.599,40.7507,34.1964,stop,418.3646,17048.65,-16.084,-2742.11,8
UAL,2022-05-31,2022-06-01,2022-06-13,3-5%,-3.346,46.8368,39.3036,stop,363.6408,17031.77,-16.084,-2739.39,8
BX,2022-06-06,2022-06-07,2022-06-13,2-3%,-2.752,118.128,105.0288,stop,148.5026,17542.32,-11.089,-1945.27,4
TTWO,2022-06-10,2022-06-13,2022-06-22,2-3%,-2.113,126.6265,129.1008,tp_gap_filled,126.7493,16049.82,1.954,313.61,6
UNH,2022-05-27,2022-05-31,2022-06-23,2-3%,-2.236,491.491,501.7278,tp_gap_filled,35.0741,17238.63,2.083,359.05,16
TPL,2022-06-10,2022-06-13,2022-06-23,3-5%,-3.349,184.8369,155.1077,stop,86.991,16079.15,-16.084,-2586.17,7
MRSH,2022-06-10,2022-06-13,2022-06-23,2-3%,-2.15,149.8597,152.847,tp_gap_filled,107.1597,16058.93,1.993,320.12,7
PLD,2022-06-13,2022-06-14,2022-06-23,5-10%,-7.156,108.9588,117.1228,tp_gap_filled,146.1162,15920.65,7.493,1192.88,6
INTU,2022-06-10,2022-06-22,2022-06-23,2-3%,-2.534,390.7904,400.1494,tp_gap_filled,40.9701,16010.71,2.395,383.44,1
TFC,2022-06-10,2022-06-13,2022-06-24,2-3%,-2.18,46.7167,47.6623,tp_gap_filled,343.7704,16059.81,2.024,325.08,8
SYY,2022-06-10,2022-06-13,2022-06-24,2-3%,-2.061,80.8708,82.4075,tp_gap_filled,198.283,16035.3,1.9,304.7,8
TYL,2022-06-13,2022-06-23,2022-06-24,3-5%,-3.638,325.5652,337.1825,tp_gap_filled,49.5348,16126.8,3.568,575.46,1
NUE,2022-06-22,2022-06-23,2022-06-27,3-5%,-3.501,108.4383,112.1477,tp_gap_filled,148.7444,16129.6,3.421,551.75,2
CNC,2022-05-26,2022-05-27,2022-06-28,3-5%,-3.892,82.072,85.2247,tp_gap_filled,210.2558,17256.11,3.841,662.87,20
XOM,2022-06-22,2022-06-23,2022-06-28,3-5%,-4.307,87.6275,91.3885,tp_gap_filled,184.7441,16188.68,4.292,694.82,3
QCOM,2022-06-16,2022-06-27,2022-06-28,3-5%,-3.64,126.3863,130.899,tp_gap_filled,131.1885,16580.42,3.571,592.02,1
BKR,2022-06-22,2022-06-23,2022-06-29,5-10%,-5.085,28.9589,30.4495,tp_gap_filled,559.2143,16194.25,5.147,833.56,4
BBY,2022-06-07,2022-06-08,2022-06-30,3-5%,-3.28,76.7467,64.4027,stop,225.6035,17314.32,-16.084,-2784.84,15
CL,2022-04-29,2022-05-09,2022-07-01,3-5%,-4.285,77.8177,81.1388,tp_gap_filled,206.6037,16077.43,4.268,686.14,37
BLDR,2022-06-16,2022-06-24,2022-07-01,3-5%,-4.165,53.2032,55.4045,tp_gap_filled,311.1631,16554.86,4.138,684.99,5
EQIX,2022-06-29,2022-06-30,2022-07-01,3-5%,-3.31,647.597,668.4309,tp_gap_filled,24.8216,16074.42,3.217,517.13,1
TPR,2022-06-30,2022-07-01,2022-07-05,2-3%,-2.659,30.4104,31.1788,tp_gap_filled,537.1179,16333.96,2.527,412.73,1
PODD,2022-05-31,2022-06-01,2022-07-06,10%+,-10.582,210.5303,234.9748,tp_gap_filled,81.02,17057.16,11.611,1980.49,23
SPGI,2022-06-01,2022-06-02,2022-07-06,10%+,-10.436,296.4267,330.3032,tp_gap_filled,58.6702,17391.4,11.428,1987.54,22
NUE,2022-06-30,2022-07-01,2022-07-06,2-3%,-2.541,103.6536,106.1438,tp_gap_filled,157.653,16341.29,2.402,392.59,2
MU,2022-07-01,2022-07-05,2022-07-06,3-5%,-3.6,53.3433,55.2247,tp_gap_filled,306.0351,16324.92,3.527,575.78,1
IVZ,2022-06-30,2022-07-01,2022-07-07,2-3%,-2.734,16.026,16.4435,tp_gap_filled,1018.381,16320.58,2.605,425.2,3
BKR,2022-07-05,2022-07-06,2022-07-07,3-5%,-3.438,28.1181,29.0609,tp_gap_filled,582.6373,16382.65,3.353,549.32,1
CRH,2022-07-05,2022-07-06,2022-07-08,3-5%,-4.487,33.4534,34.955,tp_gap_filled,489.4243,16372.92,4.489,734.92,2
TPL,2022-07-05,2022-07-07,2022-07-08,3-5%,-3.002,164.7346,169.4937,tp_gap_filled,100.825,16609.36,2.889,479.84,1
HON,2022-02-03,2022-04-21,2022-07-14,3-5%,-3.561,198.0502,166.1958,stop,86.194,17070.74,-16.084,-2745.66,57
APP,2022-07-08,2022-07-11,2022-07-14,3-5%,-3.162,36.4865,30.618,stop,450.701,16444.48,-16.084,-2644.93,3
LRCX,2022-07-01,2022-07-07,2022-07-15,3-5%,-4.001,40.9509,42.5724,tp_gap_filled,405.4147,16602.1,3.96,657.37,6
COIN,2022-07-13,2022-07-14,2022-07-15,3-5%,-4.72,51.7317,54.1858,tp_gap_filled,311.8431,16132.17,4.744,765.29,1
WFC,2022-06-10,2022-06-24,2022-07-18,3-5%,-3.843,41.071,42.6273,tp_gap_filled,402.9768,16550.67,3.789,627.15,15
CF,2022-07-14,2022-07-15,2022-07-18,3-5%,-3.741,82.4223,85.4545,tp_gap_filled,199.6837,16458.4,3.679,605.47,1
UAL,2022-06-13,2022-06-28,2022-07-19,3-5%,-3.207,39.8798,41.1188,tp_gap_filled,409.6069,16335.06,3.107,507.5,14
LIN,2022-07-05,2022-07-06,2022-07-19,3-5%,-4.645,272.4522,285.1546,tp_gap_filled,60.0811,16369.23,4.662,763.17,9
OTIS,2022-07-07,2022-07-08,2022-07-19,3-5%,-3.663,68.7187,71.1887,tp_gap_filled,241.8977,16622.89,3.594,597.51,7
FSLR,2022-07-15,2022-07-18,2022-07-19,3-5%,-4.575,67.8578,70.969,tp_gap_filled,243.2228,16504.56,4.585,756.71,1
SCHW,2022-04-18,2022-04-19,2022-07-20,5-10%,-7.795,76.3763,62.7672,time_exit,226.5071,17299.78,-17.819,-3082.57,63
NEM,2022-04-22,2022-04-25,2022-07-20,5-10%,-7.566,71.3012,52.7101,stop,233.5183,16650.15,-26.074,-4341.36,59
TSCO,2022-05-18,2022-06-02,2022-07-20,5-10%,-6.117,39.023,41.4825,tp_gap_filled,448.2667,17492.71,6.303,1102.51,32
PAYX,2022-06-29,2022-06-30,2022-07-20,3-5%,-3.07,116.3162,119.7601,tp_gap_filled,138.2629,16082.22,2.961,476.17,13
AVY,2022-06-10,2022-07-19,2022-07-21,2-3%,-2.351,170.0299,173.776,tp_gap_filled,99.7307,16957.2,2.203,373.61,2
SMCI,2022-06-16,2022-07-20,2022-07-21,3-5%,-3.177,4.5756,4.7163,tp_gap_filled,3715.6306,17001.13,3.075,522.82,1
WSM,2022-05-05,2022-07-19,2022-07-22,3-5%,-3.236,68.8538,71.0139,tp_gap_filled,246.2705,16956.66,3.137,531.98,3
LOW,2022-06-10,2022-07-19,2022-07-22,2-3%,-2.563,189.4893,194.0857,tp_gap_filled,89.5001,16959.31,2.426,411.38,3
MLM,2022-06-10,2022-07-20,2022-07-22,2-3%,-2.674,324.294,332.5371,tp_gap_filled,52.418,16998.83,2.542,432.09,2
OMC,2022-06-10,2022-07-20,2022-07-22,2-3%,-2.534,68.1481,69.7801,tp_gap_filled,249.467,17000.69,2.395,407.15,2
PYPL,2022-06-10,2022-07-21,2022-07-22,3-5%,-4.375,80.5104,84.0259,tp_gap_filled,213.0107,17149.58,4.366,748.83,1
EFX,2022-04-21,2022-04-22,2022-07-25,5-10%,-6.924,206.2861,197.9618,time_exit,80.5264,16611.48,-4.035,-670.32,63
EIX,2022-07-14,2022-07-15,2022-07-25,3-5%,-3.746,59.9299,62.1378,tp_gap_filled,274.3788,16443.49,3.684,605.81,6
EXE,2022-07-21,2022-07-22,2022-07-25,3-5%,-4.202,88.088,91.7681,tp_gap_filled,193.3734,17033.87,4.178,711.64,1
MAR,2022-06-16,2022-07-19,2022-07-27,3-5%,-3.198,149.9999,154.6452,tp_gap_filled,113.0391,16955.85,3.097,525.11,6
ON,2022-06-10,2022-07-20,2022-07-27,3-5%,-3.687,60.4103,62.5973,tp_gap_filled,281.4772,17004.14,3.62,615.59,5
MCO,2022-06-01,2022-06-02,2022-07-28,5-10%,-9.925,271.9117,301.2684,tp_gap_filled,64.162,17446.38,10.796,1883.59,38
CRL,2022-06-08,2022-06-09,2022-07-28,5-10%,-6.234,232.0318,246.9628,tp_gap_filled,73.3986,17030.81,6.435,1095.91,33
MOS,2022-06-22,2022-06-23,2022-07-28,3-5%,-4.013,49.5595,51.5284,tp_gap_filled,326.3508,16173.79,3.973,642.56,24
FAST,2022-07-13,2022-07-14,2022-07-28,3-5%,-4.781,23.8238,24.97,tp_gap_filled,677.2909,16135.64,4.811,776.32,10
IDXX,2022-07-25,2022-07-26,2022-07-28,3-5%,-3.095,381.7113,393.1165,tp_gap_filled,43.6164,16648.89,2.988,497.45,2
CVNA,2022-07-26,2022-07-27,2022-07-28,3-5%,-4.841,4.8008,5.035,tp_gap_filled,3554.0844,17062.43,4.878,832.24,1
ROK,2022-05-03,2022-07-27,2022-07-29,5-10%,-8.595,228.7786,249.79,tp_gap_filled,74.4538,17033.44,9.184,1564.38,2
ALGN,2022-04-28,2022-04-29,2022-08-01,10%+,-21.76,282.282,282.5372,time_exit,58.2819,16451.94,0.09,14.87,63
AMD,2022-06-13,2022-07-21,2022-08-01,3-5%,-3.754,91.3513,94.7252,tp_gap_filled,187.9064,17165.48,3.693,633.98,7
MU,2022-07-22,2022-07-25,2022-08-01,3-5%,-3.693,61.3513,63.5764,tp_gap_filled,276.5891,16969.1,3.627,615.43,5
DLTR,2022-07-26,2022-07-28,2022-08-01,3-5%,-3.408,162.8427,168.2516,tp_gap_filled,106.8015,17391.85,3.322,577.68,2
DXCM,2022-07-29,2022-08-01,2022-08-02,10%+,-10.047,78.3282,86.903,tp_gap_filled,225.6988,17678.59,10.947,1935.31,1
COIN,2022-07-21,2022-07-22,2022-08-03,5-10%,-5.673,71.071,75.1947,tp_gap_filled,239.8523,17046.54,5.802,989.09,8
MGM,2022-06-10,2022-07-28,2022-08-03,5-10%,-5.303,32.5325,34.2857,tp_gap_filled,534.3354,17383.27,5.389,936.79,4
TDY,2022-07-27,2022-07-28,2022-08-03,5-10%,-5.242,379.4791,399.6699,tp_gap_filled,45.8119,17384.65,5.321,924.98,4
VRSN,2022-04-29,2022-05-04,2022-08-04,10%+,-11.136,185.3952,197.0028,time_exit,93.0441,17249.93,6.261,1080.02,63
PFG,2022-06-27,2022-06-28,2022-08-04,3-5%,-4.872,65.2752,68.4815,tp_gap_filled,249.8873,16311.45,4.912,801.2,26
NOW,2022-07-12,2022-07-22,2022-08-04,5-10%,-5.944,92.3422,97.9819,tp_gap_filled,184.8011,17064.95,6.107,1042.22,9
SCHW,2022-08-02,2022-08-03,2022-08-04,3-5%,-4.38,65.7757,68.6513,tp_gap_filled,273.1184,17964.56,4.372,785.37,1
MOS,2022-08-02,2022-08-03,2022-08-04,3-5%,-4.164,49.2992,51.3386,tp_gap_filled,364.9899,17993.73,4.137,744.35,1
AKAM,2022-05-04,2022-05-05,2022-08-05,10%+,-12.961,99.1491,96.1837,time_exit,169.296,16785.54,-2.991,-502.02,63
TTD,2022-07-22,2022-08-02,2022-08-05,5-10%,-6.06,47.9479,50.939,tp_gap_filled,369.291,17706.73,6.238,1104.59,3
AMD,2022-08-03,2022-08-04,2022-08-05,3-5%,-4.492,94.9248,99.1907,tp_gap_filled,189.9459,18030.59,4.494,810.29,1
TRMB,2022-08-03,2022-08-04,2022-08-05,2-3%,-2.567,66.8568,68.4815,tp_gap_filled,270.6923,18097.62,2.43,439.78,1
CPAY,2022-06-16,2022-06-28,2022-08-08,2-3%,-2.819,223.2731,229.2905,tp_gap_filled,72.9839,16295.33,2.695,439.18,28
ORLY,2022-04-28,2022-07-06,2022-08-08,5-10%,-8.287,43.6556,47.5051,tp_gap_filled,374.9073,16366.81,8.818,1443.21,23
DDOG,2022-08-04,2022-08-05,2022-08-08,5-10%,-8.148,103.3633,112.3076,tp_gap_filled,174.9001,18078.25,8.653,1564.36,1
CLX,2022-08-04,2022-08-05,2022-08-08,5-10%,-5.444,136.8367,144.4254,tp_gap_filled,132.5384,18136.12,5.546,1005.8,1
ECHO,2022-08-04,2022-08-05,2022-08-08,3-5%,-3.612,19.7697,20.4695,tp_gap_filled,917.8483,18145.63,3.54,642.27,1
IR,2022-08-04,2022-08-05,2022-08-08,3-5%,-3.448,48.2182,49.8401,tp_gap_filled,376.7615,18166.75,3.364,611.09,1
DVA,2022-05-06,2022-05-09,2022-08-09,5-10%,-9.575,96.7967,89.1907,time_exit,165.6628,16035.61,-7.858,-1260.03,63
BX,2022-06-13,2022-07-28,2022-08-10,5-10%,-5.064,102.2822,107.5224,tp_gap_filled,170.0269,17390.73,5.123,890.97,9
AMZN,2022-04-29,2022-07-29,2022-08-10,10%+,-10.199,129.9788,144.4519,tp_gap_filled,135.2909,17584.95,11.135,1958.07,8
TRMB,2022-08-05,2022-08-08,2022-08-10,3-5%,-4.239,67.3873,70.2297,tp_gap_filled,270.4309,18223.61,4.218,768.67,2
SW,2022-06-15,2022-06-24,2022-08-11,10%+,-14.434,33.7637,39.3806,tp_gap_filled,489.36,16522.62,16.636,2748.66,33
STX,2022-07-22,2022-07-25,2022-08-11,10%+,-10.298,75.075,83.5264,tp_gap_filled,225.8837,16958.22,11.257,1909.03,13
EXC,2022-08-03,2022-08-04,2022-08-11,3-5%,-3.404,44.3143,45.7842,tp_gap_filled,408.1637,18087.48,3.317,599.96,5
NCLH,2022-08-09,2022-08-10,2022-08-11,5-10%,-7.908,12.4725,13.5165,tp_gap_filled,1486.8141,18544.23,8.371,1552.25,1
LRCX,2022-08-09,2022-08-10,2022-08-11,3-5%,-4.218,48.8538,50.903,tp_gap_filled,380.6894,18598.13,4.195,780.12,1
COIN,2022-08-09,2022-08-10,2022-08-11,3-5%,-4.213,93.9839,97.922,tp_gap_filled,197.9729,18606.26,4.19,779.63,1
APTV,2022-08-04,2022-08-08,2022-08-12,5-10%,-7.964,101.101,109.6303,tp_gap_filled,180.4284,18241.5,8.436,1538.92,4
MU,2022-08-05,2022-08-11,2022-08-12,3-5%,-3.069,62.9229,64.7851,tp_gap_filled,296.8139,18676.38,2.96,552.75,1
OKE,2022-06-13,2022-08-11,2022-08-12,2-3%,-2.688,63.063,64.6753,tp_gap_filled,296.0014,18666.74,2.557,477.23,1
COR,2022-05-12,2022-05-13,2022-08-15,5-10%,-7.818,148.8387,150.6692,time_exit,108.4979,16148.68,1.23,198.6,63
SHW,2022-07-27,2022-07-28,2022-08-15,10%+,-11.05,226.4162,254.0357,tp_gap_filled,76.458,17311.34,12.199,2111.73,12
PG,2022-07-29,2022-08-01,2022-08-15,3-5%,-4.478,141.5714,147.9119,tp_gap_filled,125.148,17717.39,4.479,793.5,10
PFE,2022-08-11,2022-08-12,2022-08-15,3-5%,-3.463,48.2682,49.9001,tp_gap_filled,392.4267,18941.74,3.381,640.37,1
CAH,2022-08-11,2022-08-12,2022-08-15,3-5%,-3.41,60.6706,62.6872,tp_gap_filled,312.6033,18965.83,3.324,630.41,1
ROST,2022-05-20,2022-05-23,2022-08-16,10%+,-24.488,70.07,92.6073,tp_gap_filled,230.5707,16156.09,32.164,5196.44,58
IBM,2022-07-19,2022-08-01,2022-08-17,3-5%,-4.742,131.7116,137.9919,tp_gap_filled,134.5054,17715.91,4.768,844.73,12
AIZ,2022-08-03,2022-08-15,2022-08-17,2-3%,-2.658,167.177,171.3984,tp_gap_filled,113.3235,18945.09,2.525,478.39,2
CSCO,2022-05-19,2022-05-23,2022-08-18,10%+,-10.959,43.1031,48.3116,tp_gap_filled,376.3724,16222.8,12.084,1960.37,60
STZ,2022-07-15,2022-07-18,2022-08-18,3-5%,-3.0,243.6834,250.719,tp_gap_filled,67.7013,16497.69,2.887,476.32,23
COP,2022-06-16,2022-08-18,2022-08-23,3-5%,-3.951,105.115,109.2207,tp_gap_filled,179.273,18844.29,3.906,736.03,3
F,2022-08-22,2022-08-23,2022-08-25,5-10%,-5.038,15.0951,15.8641,tp_gap_filled,1206.068,18205.69,5.095,927.51,2
NVDA,2022-08-05,2022-08-15,2022-08-26,2-3%,-2.108,18.8288,16.7409,stop,1006.1233,18944.1,-11.089,-2100.71,9
NCLH,2022-08-17,2022-08-25,2022-08-26,3-5%,-3.091,14.1241,14.5454,tp_gap_filled,1312.7893,18541.98,2.983,553.12,1
KHC,2022-05-26,2022-05-27,2022-08-29,5-10%,-8.47,36.5385,38.0519,time_exit,471.6794,17234.46,4.142,713.84,63
MDT,2022-05-26,2022-05-27,2022-08-29,5-10%,-6.434,98.8488,88.8211,time_exit,174.5572,17254.76,-10.144,-1750.4,63
VRT,2022-08-17,2022-08-18,2022-08-29,2-3%,-2.987,13.003,11.5611,stop,1449.1192,18842.88,-11.089,-2089.49,7
NCLH,2022-08-29,2022-08-30,2022-08-31,2-3%,-2.988,13.3233,13.7063,tp_gap_filled,1316.8164,17544.35,2.874,504.3,1
COF,2022-06-10,2022-08-11,2022-09-01,2-3%,-2.933,115.9558,103.0975,stop,161.0132,18670.42,-11.089,-2070.36,15
HPE,2022-06-02,2022-06-03,2022-09-02,5-10%,-6.02,14.8448,13.2268,time_exit,1165.5796,17302.83,-10.9,-1885.99,63
LYB,2022-06-03,2022-06-06,2022-09-06,5-10%,-5.944,108.5084,80.2159,stop,159.9924,17360.52,-26.074,-4526.58,63
EXE,2022-08-30,2022-08-31,2022-09-09,3-5%,-3.363,100.3803,103.6662,tp_gap_filled,174.2524,17491.5,3.273,572.58,6
COP,2022-09-07,2022-09-08,2022-09-09,2-3%,-2.587,105.9258,108.5214,tp_gap_filled,166.7363,17661.68,2.45,432.77,1
STX,2022-08-31,2022-09-01,2022-09-12,5-10%,-5.776,65.4754,69.3506,tp_gap_filled,266.5298,17451.15,5.919,1032.85,6
DDOG,2022-09-01,2022-09-12,2022-09-16,2-3%,-2.925,101.9819,90.6731,stop,178.4705,18200.76,-11.089,-2018.28,4
APP,2022-08-09,2022-08-10,2022-09-20,10%+,-12.606,35.1151,22.1004,stop,525.4328,18450.62,-37.063,-6838.35,28
EOG,2022-09-19,2022-09-20,2022-09-21,3-5%,-3.475,117.3472,121.3285,tp_gap_filled,144.0455,16903.35,3.393,573.49,1
TAP,2022-08-02,2022-08-11,2022-09-23,3-5%,-4.474,57.067,47.8884,stop,327.3413,18680.39,-16.084,-3004.55,30
JPM,2022-06-10,2022-08-15,2022-09-23,2-3%,-2.171,122.7126,109.105,stop,154.3884,18945.4,-11.089,-2100.86,28
FANG,2022-06-16,2022-08-29,2022-09-23,3-5%,-3.468,141.8117,119.0027,stop,124.946,17718.8,-16.084,-2849.89,18
J,2022-08-01,2022-08-12,2022-09-26,3-5%,-3.299,109.9306,92.2493,stop,173.3454,19055.96,-16.084,-3064.96,30
CNC,2022-08-26,2022-08-29,2022-09-28,3-5%,-4.502,91.5114,76.7927,stop,193.629,17719.27,-16.084,-2849.97,21
CCL,2022-09-23,2022-09-26,2022-09-28,3-5%,-4.253,9.2392,9.6304,tp_gap_filled,1727.5289,15961.04,4.233,675.69,2
MPC,2022-09-23,2022-09-26,2022-09-28,3-5%,-3.417,92.7927,95.884,tp_gap_filled,171.7969,15941.5,3.331,531.08,2
TPL,2022-09-23,2022-09-28,2022-09-29,3-5%,-3.353,191.3022,197.5434,tp_gap_filled,85.5446,16364.87,3.262,533.9,1
CMCSA,2022-07-28,2022-08-11,2022-09-30,5-10%,-8.716,37.1411,27.457,stop,503.054,18683.99,-26.074,-4871.66,35
FCX,2022-09-23,2022-09-26,2022-09-30,3-5%,-4.409,27.1271,28.3217,tp_gap_filled,588.8335,15973.34,4.404,703.39,4
EXE,2022-09-23,2022-09-26,2022-10-03,3-5%,-4.669,94.0239,98.4315,tp_gap_filled,170.0628,15989.98,4.688,749.56,5
PSX,2022-09-23,2022-09-28,2022-10-03,3-5%,-3.501,79.4694,82.1877,tp_gap_filled,205.6604,16343.71,3.421,559.05,3
XOM,2022-09-23,2022-09-28,2022-10-03,3-5%,-3.39,87.5875,90.4794,tp_gap_filled,186.7498,16356.94,3.302,540.07,3
APA,2022-09-23,2022-09-29,2022-10-03,5-10%,-5.605,35.065,37.0729,tp_gap_filled,460.982,16164.35,5.726,925.59,2
SLB,2022-09-23,2022-09-30,2022-10-03,5-10%,-5.179,36.2862,38.1918,tp_gap_filled,440.9902,16001.88,5.251,840.32,1
EOG,2022-09-23,2022-09-30,2022-10-03,3-5%,-4.09,113.6235,118.2316,tp_gap_filled,140.7825,15996.2,4.056,648.75,1
BLDR,2022-09-13,2022-09-21,2022-10-04,3-5%,-4.364,58.7887,61.3486,tp_gap_filled,283.4851,16665.73,4.354,725.68,9
DECK,2022-09-30,2022-10-03,2022-10-04,5-10%,-5.432,50.9759,53.7961,tp_gap_filled,324.0734,16519.94,5.532,913.96,1
LULU,2022-09-30,2022-10-03,2022-10-04,3-5%,-4.853,285.9356,299.9198,tp_gap_filled,57.8829,16550.79,4.891,809.44,1
COP,2022-09-23,2022-10-03,2022-10-04,3-5%,-4.516,105.1951,109.9499,tp_gap_filled,157.4473,16562.68,4.52,748.64,1
APTV,2022-09-29,2022-10-03,2022-10-04,3-5%,-4.049,82.5425,85.8541,tp_gap_filled,200.9601,16587.74,4.012,665.5,1
TRGP,2022-09-23,2022-10-03,2022-10-04,3-5%,-3.606,63.1531,65.3845,tp_gap_filled,262.712,16591.08,3.533,586.23,1
CVX,2022-09-23,2022-10-03,2022-10-04,3-5%,-3.318,149.8997,154.7351,tp_gap_filled,110.671,16589.56,3.226,535.13,1
ODFL,2022-09-13,2022-10-04,2022-10-06,3-5%,-3.301,133.5785,137.862,tp_gap_filled,127.8238,17074.5,3.207,547.54,2
MOS,2022-09-23,2022-10-04,2022-10-10,3-5%,-3.503,50.7307,52.4675,tp_gap_filled,336.2711,17059.26,3.424,584.04,4
META,2022-07-22,2022-08-08,2022-10-11,5-10%,-5.514,173.2431,128.0717,stop,105.3421,18249.79,-26.074,-4758.45,45
TSLA,2022-10-03,2022-10-04,2022-10-12,3-5%,-4.053,254.7545,213.7798,stop,66.9622,17058.91,-16.084,-2743.76,6
MRNA,2022-10-07,2022-10-10,2022-10-12,2-3%,-2.917,121.6215,125.0249,tp_gap_filled,134.6769,16379.6,2.798,458.35,2
AMGN,2022-09-12,2022-10-11,2022-10-12,3-5%,-3.912,238.238,247.4423,tp_gap_filled,68.2913,16269.58,3.863,628.57,1
LITE,2022-08-16,2022-08-17,2022-10-13,5-10%,-5.396,91.091,67.3399,stop,206.4457,18805.35,-26.074,-4903.31,40
NEE,2022-09-15,2022-09-16,2022-10-13,3-5%,-3.87,85.5254,71.7695,stop,199.6849,17078.14,-16.084,-2746.85,19
APP,2022-10-05,2022-10-06,2022-10-13,3-5%,-3.249,20.5705,17.262,stop,824.2381,16955.03,-16.084,-2727.05,5
FANG,2022-10-11,2022-10-12,2022-10-13,2-3%,-2.78,136.5464,140.1697,tp_gap_filled,118.5233,16183.93,2.654,429.44,1
APA,2022-10-11,2022-10-12,2022-10-13,2-3%,-2.599,40.1401,41.1288,tp_gap_filled,403.6413,16202.2,2.463,399.09,1
DVN,2022-10-11,2022-10-12,2022-10-13,2-3%,-2.388,68.7387,70.2796,tp_gap_filled,235.8266,16210.41,2.242,363.4,1
HPQ,2022-10-07,2022-10-13,2022-10-18,2-3%,-2.681,25.7958,26.4535,tp_gap_filled,637.8145,16452.92,2.55,419.52,3
VLO,2022-08-30,2022-10-13,2022-10-19,2-3%,-2.017,121.0509,123.2966,tp_gap_filled,135.7141,16428.32,1.855,304.77,4
BKR,2022-07-20,2022-07-22,2022-10-20,5-10%,-9.922,25.4454,25.9241,time_exit,671.851,17095.53,1.881,321.57,63
TSCO,2022-07-21,2022-07-22,2022-10-20,3-5%,-4.288,39.7237,37.8681,time_exit,429.0775,17044.54,-4.671,-796.19,63
SMCI,2022-09-19,2022-10-04,2022-10-20,5-10%,-6.677,5.8198,6.2238,tp_gap_filled,2927.7035,17038.69,6.941,1182.66,12
WMB,2022-09-23,2022-10-04,2022-10-20,2-3%,-2.599,30.3804,31.1288,tp_gap_filled,562.6283,17092.85,2.464,421.12,12
STLD,2022-09-13,2022-10-13,2022-10-20,2-3%,-2.503,81.4814,83.4065,tp_gap_filled,201.9809,16457.68,2.363,388.83,5
HOOD,2022-10-07,2022-10-13,2022-10-21,2-3%,-2.328,10.9209,9.7099,stop,1505.6368,16442.92,-11.089,-1823.36,6
WYNN,2022-10-19,2022-10-20,2022-10-21,3-5%,-3.693,54.5545,56.5334,tp_gap_filled,301.593,16453.26,3.627,596.83,1
VRT,2022-09-16,2022-10-20,2022-10-21,2-3%,-2.765,12.6727,13.007,tp_gap_filled,1298.7245,16458.29,2.638,434.19,1
UAL,2022-07-21,2022-08-04,2022-10-24,5-10%,-6.862,38.8588,41.6383,tp_gap_filled,464.0935,18034.13,7.153,1289.95,56
SYF,2022-10-19,2022-10-20,2022-10-24,2-3%,-2.946,31.6616,32.5574,tp_gap_filled,519.8739,16460.05,2.829,465.69,2
OKE,2022-09-23,2022-10-04,2022-10-25,3-5%,-3.297,55.7757,57.5624,tp_gap_filled,306.3571,17087.29,3.203,547.36,15
APP,2022-10-19,2022-10-20,2022-10-25,2-3%,-2.952,18.0981,18.6114,tp_gap_filled,909.9913,16469.1,2.836,467.09,3
TSLA,2022-10-20,2022-10-21,2022-10-25,5-10%,-6.197,208.4883,221.818,tp_gap_filled,80.563,16796.44,6.393,1073.88,2
GRMN,2022-07-27,2022-07-28,2022-10-26,5-10%,-9.093,93.2732,84.8351,time_exit,186.0525,17353.7,-9.047,-1569.93,63
TFC,2022-10-18,2022-10-19,2022-10-26,3-5%,-3.759,42.8028,44.3856,tp_gap_filled,385.255,16489.98,3.698,609.79,5
WYNN,2022-10-24,2022-10-25,2022-10-26,3-5%,-3.793,56.6266,58.7412,tp_gap_filled,307.2832,17400.39,3.734,649.79,1
ZBRA,2022-10-07,2022-10-13,2022-10-27,2-3%,-2.329,274.0938,280.0697,tp_gap_filled,60.0326,16454.58,2.18,358.74,10
FLEX,2022-09-13,2022-10-25,2022-10-27,3-5%,-3.344,14.1739,14.6349,tp_gap_filled,1228.2224,17408.72,3.253,566.23,2
ALLE,2022-09-13,2022-10-25,2022-10-27,3-5%,-3.182,98.088,101.1088,tp_gap_filled,177.4087,17401.66,3.08,535.92,2
MMM,2022-10-25,2022-10-26,2022-10-27,3-5%,-4.114,95.0029,98.881,tp_gap_filled,182.9136,17377.33,4.082,709.34,1
EW,2022-07-29,2022-08-01,2022-10-28,5-10%,-6.757,100.14,74.0295,stop,176.952,17719.99,-26.074,-4620.31,63
FDS,2022-09-22,2022-10-04,2022-10-28,3-5%,-4.052,413.423,430.0196,tp_gap_filled,41.2339,17047.05,4.014,684.34,18
VZ,2022-10-21,2022-10-24,2022-10-28,3-5%,-4.0,35.5555,36.963,tp_gap_filled,478.2371,17003.97,3.959,673.11,4
WRB,2022-10-25,2022-10-26,2022-10-28,3-5%,-4.396,46.2996,48.3316,tp_gap_filled,375.2244,17372.74,4.389,762.47,2
TMO,2022-10-26,2022-10-27,2022-10-31,2-3%,-2.841,500.5,514.1054,tp_gap_filled,34.6706,17352.62,2.718,471.71,2
FISV,2022-10-27,2022-10-28,2022-10-31,5-10%,-5.759,95.9959,101.6582,tp_gap_filled,184.5015,17711.39,5.899,1044.71,1
WAT,2022-08-02,2022-08-03,2022-11-01,5-10%,-5.622,345.345,307.1326,time_exit,52.0516,17975.78,-11.065,-1989.02,63
INCY,2022-08-02,2022-08-08,2022-11-01,3-5%,-4.393,74.074,77.3226,tp_gap_filled,246.0272,18224.22,4.386,799.24,60
TXN,2022-10-26,2022-10-27,2022-11-01,5-10%,-5.914,152.7226,161.9978,tp_gap_filled,113.5218,17337.35,6.073,1052.95,3
CRL,2022-08-03,2022-08-04,2022-11-02,10%+,-10.158,219.1289,215.5342,time_exit,82.1927,18010.81,-1.64,-295.46,63
CVS,2022-10-07,2022-10-24,2022-11-02,5-10%,-5.478,93.2732,98.4814,tp_gap_filled,182.2035,16994.7,5.584,948.96,7
LH,2022-10-27,2022-10-28,2022-11-02,5-10%,-6.993,183.9208,197.354,tp_gap_filled,96.1462,17683.29,7.304,1291.55,3
HWM,2022-10-31,2022-11-01,2022-11-02,3-5%,-4.064,34.7347,36.1338,tp_gap_filled,511.2311,17757.46,4.028,715.28,1
LLY,2022-11-01,2022-11-02,2022-11-03,3-5%,-4.491,346.1758,361.7279,tp_gap_filled,50.0527,17327.02,4.493,778.42,1
WBD,2022-08-05,2022-08-08,2022-11-04,10%+,-16.533,14.6046,10.4196,time_exit,1250.6936,18265.87,-28.656,-5234.18,63
MNST,2022-08-05,2022-08-08,2022-11-04,3-5%,-4.929,22.9254,24.0659,tp_gap_filled,795.5926,18239.28,4.975,907.38,63
LYB,2022-10-28,2022-10-31,2022-11-04,5-10%,-7.49,76.4063,82.4275,tp_gap_filled,231.5961,17695.41,7.88,1394.48,4
PSKY,2022-10-31,2022-11-01,2022-11-04,3-5%,-3.049,18.4584,15.4896,stop,962.9529,17774.61,-16.084,-2858.87,3
RCL,2022-11-03,2022-11-04,2022-11-07,5-10%,-7.048,46.2062,49.6103,tp_gap_filled,374.2796,17294.02,7.367,1274.12,1
MRNA,2022-11-03,2022-11-04,2022-11-07,5-10%,-6.634,138.8988,148.4714,tp_gap_filled,125.271,17399.99,6.892,1199.17,1
AMAT,2022-09-13,2022-11-02,2022-11-08,3-5%,-4.019,92.5224,96.2037,tp_gap_filled,187.4322,17341.68,3.979,689.99,4
CMI,2022-11-03,2022-11-04,2022-11-08,5-10%,-7.855,222.5223,241.0088,tp_gap_filled,77.5341,17253.06,8.308,1433.33,2
ECHO,2022-11-04,2022-11-07,2022-11-08,3-5%,-4.15,16.4164,17.0929,tp_gap_filled,1067.6809,17527.48,4.121,722.28,1
VICI,2022-11-04,2022-11-07,2022-11-08,3-5%,-3.314,30.9609,31.958,tp_gap_filled,567.2581,17562.84,3.22,565.6,1
SWK,2022-07-28,2022-08-11,2022-11-09,10%+,-15.028,99.8998,73.7861,time_exit,187.1272,18693.97,-26.14,-4886.58,63
NVDA,2022-09-01,2022-09-09,2022-11-10,5-10%,-5.863,14.2232,15.0789,tp_gap_filled,1267.4715,18027.51,6.016,1084.57,44
MU,2022-09-13,2022-10-13,2022-11-10,3-5%,-3.866,55.7557,57.8821,tp_gap_filled,295.2475,16461.73,3.814,627.8,20
NTRS,2022-10-19,2022-10-20,2022-11-10,10%+,-10.809,78.2181,87.5224,tp_gap_filled,210.4413,16460.33,11.895,1958.0,15
DHR,2022-10-20,2022-10-21,2022-11-10,5-10%,-6.286,214.4696,228.3973,tp_gap_filled,78.2874,16790.27,6.494,1090.36,14
MSCI,2022-09-13,2022-11-01,2022-11-10,3-5%,-3.349,480.4199,496.0734,tp_gap_filled,37.0246,17787.37,3.258,579.56,7
MGM,2022-11-03,2022-11-04,2022-11-10,5-10%,-5.867,33.083,35.0749,tp_gap_filled,528.4115,17481.46,6.021,1052.51,4
VRSK,2022-11-02,2022-11-08,2022-11-10,3-5%,-4.877,172.7926,181.2885,tp_gap_filled,102.4377,17700.48,4.917,870.3,2
GDDY,2022-11-04,2022-11-08,2022-11-10,3-5%,-3.193,70.4003,72.5774,tp_gap_filled,251.3198,17693.0,3.092,547.13,2
SWKS,2022-10-07,2022-11-08,2022-11-10,2-3%,-2.624,90.2702,92.5174,tp_gap_filled,195.9791,17691.07,2.489,440.41,2
BAX,2022-07-28,2022-08-15,2022-11-11,5-10%,-7.56,61.8118,54.8251,time_exit,306.4622,18942.96,-11.303,-2141.14,63
DLTR,2022-08-25,2022-08-26,2022-11-11,10%+,-10.212,149.179,165.814,tp_gap_filled,120.0961,17915.82,11.151,1997.8,54
ABT,2022-10-19,2022-11-02,2022-11-11,3-5%,-3.791,101.101,104.875,tp_gap_filled,171.234,17311.92,3.733,646.24,7
CHRW,2022-11-02,2022-11-03,2022-11-11,5-10%,-8.953,89.1691,97.7422,tp_gap_filled,191.1657,17046.07,9.614,1638.88,6
NWSA,2022-11-09,2022-11-10,2022-11-11,10%+,-11.937,15.0651,17.0729,tp_gap_filled,1207.4324,18190.03,13.328,2424.36,1
NWS,2022-11-09,2022-11-10,2022-11-11,10%+,-11.649,15.3353,17.3227,tp_gap_filled,1192.0183,18279.98,12.959,2368.95,1
BX,2022-09-13,2022-11-10,2022-11-11,3-5%,-4.027,96.8568,100.7192,tp_gap_filled,189.7854,18382.0,3.988,733.03,1
ANET,2022-11-09,2022-11-10,2022-11-11,3-5%,-3.269,31.2537,32.2452,tp_gap_filled,589.5027,18424.15,3.172,584.49,1
IVZ,2022-09-13,2022-11-10,2022-11-11,3-5%,-3.03,17.2973,17.8022,tp_gap_filled,1065.7055,18433.81,2.919,538.07,1
IQV,2022-09-13,2022-11-10,2022-11-11,3-5%,-3.021,220.1099,226.5133,tp_gap_filled,83.9827,18485.41,2.909,537.77,1
WMT,2022-05-17,2022-08-16,2022-11-14,5-10%,-7.948,45.5221,46.0839,time_exit,417.8923,19023.35,1.234,234.74,63
TSN,2022-08-08,2022-08-16,2022-11-14,5-10%,-5.878,82.3923,64.7652,time_exit,231.0455,19036.37,-21.394,-4072.67,63
WBD,2022-11-04,2022-11-11,2022-11-14,3-5%,-4.929,11.3914,11.958,tp_gap_filled,1648.8386,18782.55,4.974,934.31,1
OXY,2022-11-09,2022-11-11,2022-11-14,2-3%,-2.913,72.7227,74.7552,tp_gap_filled,258.8598,18824.97,2.795,526.14,1
ABNB,2022-11-02,2022-11-11,2022-11-15,5-10%,-5.873,102.7476,108.941,tp_gap_filled,182.399,18741.07,6.028,1129.65,2
PPG,2022-09-13,2022-11-11,2022-11-15,3-5%,-3.276,127.3973,131.4484,tp_gap_filled,147.6579,18811.22,3.18,598.19,2
SNPS,2022-09-13,2022-11-11,2022-11-15,2-3%,-2.913,329.9997,339.2204,tp_gap_filled,57.0874,18838.84,2.794,526.39,2
APP,2022-11-11,2022-11-14,2022-11-15,3-5%,-4.177,15.6156,16.2637,tp_gap_filled,1189.3225,18571.98,4.15,770.82,1
JKHY,2022-08-17,2022-08-18,2022-11-16,5-10%,-5.141,200.2,180.4594,time_exit,94.0761,18834.03,-9.86,-1857.12,63
ALL,2022-10-20,2022-10-21,2022-11-18,10%+,-13.755,116.6766,135.0148,tp_gap_filled,143.7646,16773.96,15.717,2636.4,20
MKC,2022-09-08,2022-09-09,2022-11-21,5-10%,-7.082,79.059,84.915,tp_gap_filled,227.9462,18021.2,7.407,1334.86,51
DIS,2022-11-09,2022-11-11,2022-11-21,5-10%,-9.359,90.6406,99.8001,tp_gap_filled,206.4642,18714.03,10.105,1891.12,6
OXY,2022-11-18,2022-11-21,2022-11-22,3-5%,-3.387,69.109,71.3885,tp_gap_filled,265.8462,18372.38,3.298,606.0,1
EOG,2022-11-18,2022-11-21,2022-11-22,2-3%,-2.512,141.0009,144.3455,tp_gap_filled,130.33,18376.64,2.372,435.91,1
SYK,2022-11-01,2022-11-02,2022-11-23,5-10%,-6.408,214.7646,229.0108,tp_gap_filled,80.7142,17334.54,6.633,1149.87,15
TPR,2022-09-13,2022-11-11,2022-11-23,3-5%,-3.491,35.1451,36.3436,tp_gap_filled,535.13,18807.2,3.41,641.36,8
COIN,2022-11-21,2022-11-22,2022-11-23,3-5%,-3.668,43.6436,45.2147,tp_gap_filled,426.0162,18592.88,3.6,669.33,1
CRM,2022-08-25,2022-08-26,2022-11-25,5-10%,-6.35,168.7486,153.1967,time_exit,105.9201,17873.87,-9.216,-1647.26,63
BX,2022-11-22,2022-11-23,2022-11-25,3-5%,-4.151,86.2061,89.7601,tp_gap_filled,219.0696,18885.14,4.123,778.58,1
GEN,2022-11-23,2022-11-25,2022-11-28,2-3%,-2.899,22.4624,23.0869,tp_gap_filled,843.1489,18939.18,2.78,526.5,1
FOXA,2022-10-17,2022-10-18,2022-11-29,5-10%,-5.737,29.7697,31.5184,tp_gap_filled,556.7774,16575.12,5.874,973.64,29
CMG,2022-10-26,2022-11-14,2022-11-30,3-5%,-3.258,30.6788,31.6487,tp_gap_filled,605.0375,18561.85,3.161,586.81,11
HAL,2022-11-28,2022-11-29,2022-11-30,3-5%,-4.07,34.9149,36.3236,tp_gap_filled,536.3022,18724.93,4.035,755.52,1
APA,2022-11-28,2022-11-29,2022-11-30,3-5%,-3.446,44.8748,46.3836,tp_gap_filled,418.1645,18765.06,3.362,630.9,1
HAS,2022-11-14,2022-11-15,2022-12-01,5-10%,-8.358,58.1681,63.3466,tp_gap_filled,323.9148,18841.51,8.903,1677.39,11
CVNA,2022-11-17,2022-11-18,2022-12-01,5-10%,-5.263,1.6216,1.7083,tp_gap_filled,11410.0659,18502.79,5.345,988.91,8
BIIB,2022-11-28,2022-11-30,2022-12-01,2-3%,-2.989,296.326,304.8448,tp_gap_filled,64.8069,19203.96,2.875,552.08,1
TDG,2022-11-28,2022-11-30,2022-12-01,2-3%,-2.719,619.8492,635.9034,tp_gap_filled,31.0125,19223.06,2.59,497.88,1
VEEV,2022-09-01,2022-09-02,2022-12-02,10%+,-12.327,174.9248,174.7251,time_exit,98.9538,17309.46,-0.114,-19.76,63
TTWO,2022-11-08,2022-11-09,2022-12-02,10%+,-15.221,91.9919,108.2916,tp_gap_filled,187.4826,17246.88,17.719,3055.91,16
NKE,2022-09-13,2022-11-15,2022-12-02,3-5%,-3.15,108.9488,112.2676,tp_gap_filled,172.8048,18826.88,3.046,573.5,12
SLB,2022-11-21,2022-11-22,2022-12-05,3-5%,-4.117,51.2912,53.3866,tp_gap_filled,361.9437,18564.54,4.085,758.39,8
AXON,2022-12-01,2022-12-02,2022-12-05,3-5%,-3.304,178.1279,183.846,tp_gap_filled,107.9816,19234.54,3.21,617.44,1
PLTR,2022-11-17,2022-12-01,2022-12-06,2-3%,-2.854,7.8378,6.9687,stop,2474.9109,19397.93,-11.089,-2151.04,3
CVNA,2022-12-02,2022-12-05,2022-12-06,3-5%,-4.059,1.5616,1.3104,stop,12066.7234,18842.91,-16.084,-3030.69,1
FERG,2022-11-11,2022-11-14,2022-12-07,3-5%,-4.514,117.9478,123.2766,tp_gap_filled,157.3276,18556.45,4.518,838.36,16
ABNB,2022-11-17,2022-11-30,2022-12-07,2-3%,-2.49,101.9318,90.6286,stop,188.6752,19232.0,-11.089,-2132.64,5
CIEN,2022-09-01,2022-10-27,2022-12-08,5-10%,-6.385,47.5475,50.6893,tp_gap_filled,364.7542,17343.15,6.608,1145.97,29
STLD,2022-12-06,2022-12-07,2022-12-08,2-3%,-2.38,104.3042,106.6333,tp_gap_filled,176.0437,18362.09,2.233,410.02,1
DASH,2022-12-02,2022-12-05,2022-12-12,5-10%,-7.195,53.063,57.0629,tp_gap_filled,355.0672,18840.94,7.538,1420.22,5
ADSK,2022-11-23,2022-11-25,2022-12-13,5-10%,-8.688,190.9407,208.6911,tp_gap_filled,99.0208,18907.1,9.296,1757.65,12
RCL,2022-12-06,2022-12-07,2022-12-13,2-3%,-2.693,57.8778,59.3606,tp_gap_filled,317.5007,18376.25,2.562,470.78,4
PHM,2022-12-02,2022-12-07,2022-12-13,2-3%,-2.082,44.2542,45.1049,tp_gap_filled,415.3601,18381.43,1.922,353.32,4
WELL,2022-12-07,2022-12-08,2022-12-14,3-5%,-5.0,64.8548,68.1318,tp_gap_filled,287.8288,18667.08,5.053,943.22,4
REGN,2022-12-12,2022-12-13,2022-12-14,2-3%,-2.652,730.9002,749.3099,tp_gap_filled,25.8816,18916.87,2.519,476.47,1
MRVL,2022-10-07,2022-11-15,2022-12-16,3-5%,-3.753,46.2062,38.7744,stop,407.8971,18847.36,-16.084,-3031.41,22
BX,2022-12-01,2022-12-13,2022-12-16,3-5%,-3.955,87.9979,73.8443,stop,215.3413,18949.58,-16.084,-3047.85,3
TEL,2022-09-13,2022-11-15,2022-12-22,2-3%,-2.717,127.6175,113.466,stop,147.4248,18813.99,-11.089,-2086.28,26
COR,2022-12-09,2022-12-12,2022-12-22,2-3%,-2.904,165.6755,170.2895,tp_gap_filled,113.573,18816.27,2.785,524.03,8
EL,2022-12-15,2022-12-16,2022-12-27,3-5%,-3.439,240.8906,248.9708,tp_gap_filled,75.5287,18194.17,3.354,610.28,6
PAYX,2022-12-22,2022-12-23,2022-12-27,3-5%,-3.285,111.111,114.6552,tp_gap_filled,161.3132,17923.67,3.19,571.73,1
INTU,2022-12-22,2022-12-23,2023-01-03,2-3%,-2.029,385.7354,392.9367,tp_gap_filled,46.5345,17950.01,1.867,335.11,5
APTV,2022-12-22,2022-12-27,2023-01-03,2-3%,-2.305,92.062,94.0459,tp_gap_filled,194.6186,17916.97,2.155,386.1,4
ALGN,2022-10-27,2022-10-28,2023-01-04,10%+,-14.776,189.0789,221.4184,tp_gap_filled,93.3477,17650.08,17.104,3018.82,45
CMCSA,2022-12-14,2022-12-15,2023-01-04,5-10%,-5.012,32.7131,34.3705,tp_gap_filled,566.6211,18535.93,5.066,939.1,12
BAX,2022-12-15,2022-12-27,2023-01-04,2-3%,-2.677,50.9509,52.2477,tp_gap_filled,351.6773,17918.27,2.545,456.05,5
DASH,2022-12-30,2023-01-03,2023-01-04,2-3%,-2.804,48.2382,49.5304,tp_gap_filled,377.6691,18218.07,2.679,488.04,1
SW,2022-08-19,2022-11-10,2023-01-06,5-10%,-8.677,35.7157,39.0309,tp_gap_filled,514.2055,18365.2,9.282,1704.72,38
ZBRA,2022-11-01,2022-11-11,2023-01-09,5-10%,-6.645,264.6644,282.9368,tp_gap_filled,70.8221,18744.1,6.904,1294.09,38
GPN,2022-11-03,2022-11-11,2023-01-09,3-5%,-3.17,104.2742,107.4724,tp_gap_filled,180.5286,18824.47,3.067,577.38,38
NFLX,2022-12-15,2023-01-04,2023-01-09,3-5%,-4.943,30.2422,31.7512,tp_gap_filled,616.5556,18646.0,4.99,930.39,3
COHR,2022-12-15,2023-01-04,2023-01-09,2-3%,-2.497,36.3463,37.2028,tp_gap_filled,513.3391,18657.98,2.356,439.65,3
BBY,2022-12-14,2022-12-15,2023-01-10,3-5%,-3.711,81.0309,83.9859,tp_gap_filled,228.6868,18530.71,3.647,675.77,16
LUV,2022-12-27,2023-01-06,2023-01-10,3-5%,-4.101,34.6446,36.0539,tp_gap_filled,543.7311,18837.35,4.068,766.28,2
LIN,2023-01-03,2023-01-04,2023-01-11,2-3%,-2.609,317.9877,325.8538,tp_gap_filled,58.6827,18660.37,2.474,461.61,5
DASH,2023-01-09,2023-01-10,2023-01-11,3-5%,-3.125,46.5465,47.952,tp_gap_filled,407.3868,18962.43,3.02,572.58,1
CVNA,2022-12-07,2022-12-08,2023-01-12,10%+,-33.83,0.8889,1.3407,tp_gap_filled,20919.5946,18595.18,50.824,9450.85,23
META,2022-10-26,2023-01-09,2023-01-12,3-5%,-4.24,131.8117,137.3725,tp_gap_filled,142.9363,18840.67,4.219,794.84,3
AXON,2022-12-06,2023-01-09,2023-01-12,3-5%,-3.864,177.0769,183.826,tp_gap_filled,106.3353,18829.52,3.811,717.67,3
SW,2023-01-10,2023-01-11,2023-01-12,3-5%,-4.221,40.2002,41.8881,tp_gap_filled,481.1459,19342.14,4.199,812.13,1
COIN,2023-01-11,2023-01-12,2023-01-13,2-3%,-2.938,42.002,43.1868,tp_gap_filled,466.9078,19611.04,2.821,553.2,1
FERG,2023-01-11,2023-01-12,2023-01-13,2-3%,-2.496,136.106,139.3105,tp_gap_filled,144.721,19697.39,2.354,463.77,1
LRCX,2023-01-11,2023-01-12,2023-01-13,2-3%,-2.379,44.8148,45.8151,tp_gap_filled,439.7888,19709.04,2.232,439.95,1
CRWD,2023-01-05,2023-01-09,2023-01-17,5-10%,-6.099,24.5245,26.0652,tp_gap_filled,768.6379,18850.46,6.282,1184.21,5
SMCI,2023-01-10,2023-01-13,2023-01-17,3-5%,-4.447,8.1081,8.4685,tp_gap_filled,2429.7729,19700.84,4.445,875.75,1
CCL,2022-11-16,2022-11-23,2023-01-18,10%+,-12.366,9.7898,11.1488,tp_gap_filled,1929.766,18891.98,13.882,2622.67,36
LHX,2022-11-11,2022-12-02,2023-01-18,3-5%,-4.107,229.7395,192.7882,stop,83.7809,19247.79,-16.084,-3095.81,30
ON,2022-12-15,2022-12-16,2023-01-18,2-3%,-2.87,65.7157,67.5224,tp_gap_filled,276.8639,18194.29,2.749,500.23,20
CVNA,2023-01-13,2023-01-17,2023-01-18,5-10%,-7.597,1.4855,1.6044,tp_gap_filled,13337.3317,19812.39,8.005,1585.94,1
WDAY,2023-01-17,2023-01-18,2023-01-19,2-3%,-2.19,163.6535,166.9828,tp_gap_filled,120.0279,19642.99,2.034,399.61,1
MRNA,2023-01-17,2023-01-18,2023-01-19,2-3%,-2.138,188.0829,191.808,tp_gap_filled,104.4515,19645.54,1.981,389.09,1
CHTR,2022-12-14,2023-01-03,2023-01-20,10%+,-12.634,343.4131,392.2873,tp_gap_filled,53.0595,18221.31,14.232,2593.24,12
GEHC,2023-01-17,2023-01-19,2023-01-20,2-3%,-2.292,64.0039,65.3746,tp_gap_filled,305.8637,19576.48,2.141,419.22,1
GOOGL,2022-12-15,2023-01-19,2023-01-20,2-3%,-2.041,93.2231,94.9749,tp_gap_filled,209.989,19575.83,1.879,367.86,1
PLTR,2022-12-15,2023-01-18,2023-01-23,2-3%,-2.449,7.1772,7.3426,tp_gap_filled,2740.3989,19668.31,2.306,453.48,3
COF,2023-01-19,2023-01-20,2023-01-23,3-5%,-4.504,97.4073,101.7981,tp_gap_filled,204.8062,19949.62,4.508,899.26,1
CCL,2023-01-19,2023-01-20,2023-01-23,2-3%,-2.876,10.1401,10.4196,tp_gap_filled,1971.9528,19995.86,2.756,551.04,1
AXP,2023-01-19,2023-01-20,2023-01-23,2-3%,-2.533,146.7566,150.2696,tp_gap_filled,136.3996,20017.54,2.394,479.17,1
DASH,2023-01-19,2023-01-20,2023-01-23,2-3%,-2.242,54.1241,55.2547,tp_gap_filled,370.2523,20039.56,2.089,418.62,1
VMRK,2022-12-16,2023-01-11,2023-01-24,3-5%,-3.155,60.8408,62.6972,tp_gap_filled,318.0933,19353.05,3.051,590.53,8
CVNA,2023-01-19,2023-01-23,2023-01-24,3-5%,-3.295,1.3514,1.3946,tp_gap_filled,14934.1784,20181.3,3.201,645.96,1
REGN,2023-01-09,2023-01-10,2023-01-25,5-10%,-5.972,693.8231,736.4129,tp_gap_filled,27.3236,18957.76,6.138,1163.71,10
CRM,2022-12-01,2023-01-09,2023-01-26,5-10%,-7.925,147.6976,160.0898,tp_gap_filled,127.646,18853.0,8.39,1581.81,12
SMCI,2023-01-19,2023-01-24,2023-01-26,3-5%,-3.018,7.6566,7.8791,tp_gap_filled,2632.244,20154.17,2.905,585.58,2
UBER,2023-01-24,2023-01-25,2023-01-26,5-10%,-6.616,28.5385,30.4995,tp_gap_filled,709.8644,20258.47,6.871,1392.02,1
FTNT,2022-08-04,2022-10-26,2023-01-27,5-10%,-9.621,56.8868,52.6473,time_exit,305.6413,17386.97,-7.453,-1295.78,63
ARE,2022-09-13,2022-12-01,2023-01-27,2-3%,-2.059,157.137,160.1197,tp_gap_filled,123.4576,19399.76,1.898,368.24,38
DLR,2022-12-14,2023-01-12,2023-01-27,3-5%,-3.52,107.2872,110.9789,tp_gap_filled,182.7906,19611.09,3.441,674.81,10
MU,2022-11-16,2023-01-23,2023-01-27,3-5%,-4.073,60.5905,63.0369,tp_gap_filled,332.9443,20173.27,4.038,814.5,4
DDOG,2023-01-25,2023-01-26,2023-01-27,5-10%,-5.876,69.4294,73.6163,tp_gap_filled,294.7552,20464.66,6.031,1234.13,1
BRO,2022-10-25,2022-10-27,2023-01-30,5-10%,-9.67,57.037,57.4025,time_exit,304.1284,17346.57,0.641,111.18,63
LUV,2023-01-26,2023-01-27,2023-01-30,2-3%,-2.36,36.036,36.8331,tp_gap_filled,572.6047,20634.38,2.212,456.44,1
INVH,2022-10-27,2022-10-28,2023-01-31,10%+,-10.253,30.2302,32.4675,time_exit,583.8087,17648.66,7.401,1306.15,63
MAS,2022-09-13,2022-11-11,2023-01-31,3-5%,-3.112,51.1111,52.6473,tp_gap_filled,368.3176,18825.11,3.006,565.82,53
IP,2022-09-16,2022-11-14,2023-01-31,5-10%,-6.452,37.1571,39.6403,tp_gap_filled,499.8297,18572.23,6.683,1241.18,52
STZ,2023-01-05,2023-01-13,2023-01-31,3-5%,-3.041,224.3541,230.9288,tp_gap_filled,87.7933,19696.78,2.931,577.22,11
APH,2023-01-25,2023-01-26,2023-01-31,5-10%,-5.677,18.7512,19.8401,tp_gap_filled,1094.8198,20529.22,5.807,1192.16,3
EW,2022-10-28,2022-10-31,2023-02-01,10%+,-15.863,72.6826,81.3985,time_exit,243.4895,17697.46,11.992,2122.23,63
MDT,2022-11-08,2022-11-10,2023-02-01,3-5%,-4.431,81.8317,85.4545,tp_gap_filled,224.6309,18381.94,4.427,813.77,55
DAL,2023-01-13,2023-01-17,2023-02-01,5-10%,-7.702,36.5865,39.5604,tp_gap_filled,540.6968,19782.23,8.128,1607.95,11
CMCSA,2023-01-26,2023-01-27,2023-02-01,2-3%,-2.618,36.6345,37.5444,tp_gap_filled,563.2028,20632.67,2.484,512.45,3
GM,2023-01-30,2023-01-31,2023-02-01,3-5%,-3.162,36.7868,37.9121,tp_gap_filled,566.971,20857.02,3.059,638.01,1
ODFL,2023-01-30,2023-01-31,2023-02-01,2-3%,-2.93,162.167,166.7281,tp_gap_filled,128.9097,20904.9,2.813,587.97,1
GEHC,2023-01-30,2023-01-31,2023-02-01,2-3%,-2.383,68.4784,70.0099,tp_gap_filled,305.5746,20925.26,2.236,467.99,1
TGT,2022-11-16,2022-11-17,2023-02-02,10%+,-16.276,149.9999,178.801,tp_gap_filled,122.3481,18352.2,19.201,3523.77,51
SYF,2022-12-01,2022-12-02,2023-02-02,3-5%,-4.071,36.086,37.5424,tp_gap_filled,533.4061,19248.52,4.036,776.84,41
CCI,2023-01-12,2023-01-13,2023-02-02,2-3%,-2.164,148.4583,151.4384,tp_gap_filled,132.6883,19698.67,2.007,395.42,13
NTRS,2023-01-19,2023-01-23,2023-02-02,3-5%,-3.759,95.3452,98.871,tp_gap_filled,211.7244,20186.91,3.698,746.49,8
ISRG,2023-01-25,2023-01-26,2023-02-02,5-10%,-6.547,241.3311,257.722,tp_gap_filled,84.6913,20438.64,6.792,1388.17,5
SHW,2023-01-26,2023-01-27,2023-02-02,10%+,-10.64,221.0208,246.8429,tp_gap_filled,93.1879,20596.46,11.683,2406.31,4
INTC,2023-01-27,2023-01-30,2023-02-02,10%+,-10.037,27.0971,30.0599,tp_gap_filled,756.3777,20495.62,10.934,2241.03,3
WDC,2023-01-30,2023-01-31,2023-02-02,2-3%,-2.357,33.2229,33.9569,tp_gap_filled,630.1638,20935.87,2.209,462.56,2
SW,2023-01-31,2023-02-01,2023-02-02,5-10%,-6.2,41.041,43.6663,tp_gap_filled,514.4084,21111.84,6.397,1350.47,1
HAS,2023-01-27,2023-02-01,2023-02-02,5-10%,-6.177,59.8998,63.7162,tp_gap_filled,352.4406,21111.13,6.371,1345.05,1
MU,2023-01-31,2023-02-01,2023-02-02,3-5%,-4.229,59.1591,61.6483,tp_gap_filled,357.0492,21122.71,4.208,888.76,1
VRT,2023-01-25,2023-02-01,2023-02-02,2-3%,-2.885,14.8248,15.2348,tp_gap_filled,1428.8998,21183.17,2.765,585.76,1
GS,2023-01-17,2023-01-31,2023-02-03,2-3%,-2.46,365.1648,373.626,tp_gap_filled,57.3002,20924.03,2.317,484.83,3
COF,2023-02-01,2023-02-02,2023-02-03,5-10%,-5.042,113.113,118.881,tp_gap_filled,190.455,21542.94,5.099,1098.54,1
BXP,2023-02-01,2023-02-02,2023-02-03,3-5%,-3.609,71.9218,74.4655,tp_gap_filled,300.0376,21579.26,3.537,763.18,1
TSLA,2022-12-05,2023-02-02,2023-02-03,2-3%,-2.781,189.6294,194.6651,tp_gap_filled,114.1393,21644.18,2.656,574.77,1
TPL,2023-02-01,2023-02-02,2023-02-03,2-3%,-2.297,216.8844,221.5393,tp_gap_filled,99.7659,21637.68,2.146,464.4,1
ALL,2023-01-19,2023-01-23,2023-02-06,3-5%,-4.818,126.1761,132.2976,tp_gap_filled,159.9215,20178.26,4.852,978.96,10
CHRW,2023-02-02,2023-02-03,2023-02-06,3-5%,-4.71,97.4073,102.0179,tp_gap_filled,220.5887,21486.95,4.733,1017.04,1
LLY,2023-02-02,2023-02-03,2023-02-06,2-3%,-2.502,334.334,342.2274,tp_gap_filled,64.4117,21535.03,2.361,508.43,1
GOOGL,2023-02-03,2023-02-06,2023-02-07,3-5%,-4.464,103.0329,107.6323,tp_gap_filled,208.8609,21519.55,4.464,960.62,1
CVNA,2023-02-03,2023-02-06,2023-02-08,5-10%,-9.123,2.5926,2.8471,tp_gap_filled,8287.7231,21486.67,9.819,2109.72,2
DASH,2023-02-03,2023-02-07,2023-02-08,5-10%,-5.689,60.2402,63.7462,tp_gap_filled,359.9851,21685.57,5.82,1262.11,1
MTB,2022-10-19,2022-11-08,2023-02-09,5-10%,-9.87,170.8407,157.6322,time_exit,103.6154,17701.73,-7.731,-1368.6,63
AZO,2022-12-06,2022-12-07,2023-02-10,3-5%,-3.4,2443.441,2524.393,tp_gap_filled,7.5194,18373.29,3.313,608.71,44
F,2022-09-20,2022-11-10,2023-02-13,5-10%,-5.626,14.1041,13.0769,time_exit,1303.0718,18378.64,-7.283,-1338.49,63
SYY,2023-01-31,2023-02-01,2023-02-13,3-5%,-3.329,75.5755,78.0219,tp_gap_filled,280.0019,21161.29,3.237,685.0,8
WM,2023-02-01,2023-02-02,2023-02-13,2-3%,-2.992,150.2501,154.5753,tp_gap_filled,144.0515,21643.75,2.879,623.05,7
COIN,2023-02-03,2023-02-06,2023-02-13,5-10%,-9.502,73.7937,54.5527,stop,291.0673,21478.94,-26.074,-5600.42,5
DDOG,2023-02-03,2023-02-08,2023-02-15,5-10%,-6.853,81.091,86.883,tp_gap_filled,265.4011,21521.64,7.143,1537.21,5
EXPE,2023-02-10,2023-02-13,2023-02-15,5-10%,-5.352,111.5214,117.5923,tp_gap_filled,193.1471,21540.04,5.444,1172.57,2
UBER,2023-02-10,2023-02-13,2023-02-15,3-5%,-4.152,34.4344,35.8541,tp_gap_filled,625.5063,21538.93,4.123,888.04,2
TTD,2023-02-03,2023-02-15,2023-02-16,3-5%,-4.824,54.3143,56.953,tp_gap_filled,399.6533,21706.87,4.858,1054.58,1
FSLR,2023-02-14,2023-02-15,2023-02-16,3-5%,-3.157,162.142,167.0927,tp_gap_filled,134.8605,21866.54,3.053,667.66,1
FCX,2023-02-15,2023-02-16,2023-02-21,2-3%,-2.885,41.7817,42.937,tp_gap_filled,513.7614,21465.84,2.765,593.54,2
MRNA,2023-01-31,2023-02-02,2023-02-22,2-3%,-2.416,176.6765,157.0848,stop,122.4781,21639.01,-11.089,-2399.55,13
ZBRA,2023-02-03,2023-02-16,2023-02-23,2-3%,-2.695,335.7454,298.5146,stop,63.9848,21482.6,-11.089,-2382.21,4
MOS,2023-02-21,2023-02-22,2023-02-23,3-5%,-3.43,48.1881,49.8001,tp_gap_filled,436.7779,21047.51,3.345,704.09,1
PSKY,2023-02-03,2023-02-15,2023-02-24,2-3%,-2.614,24.6146,21.8851,stop,890.2231,21912.48,-11.089,-2429.87,6
ROL,2022-11-22,2022-11-23,2023-02-27,5-10%,-5.342,39.9099,35.0649,time_exit,473.2699,18888.14,-12.14,-2292.98,63
CARR,2023-02-07,2023-02-08,2023-03-02,5-10%,-5.222,43.7837,46.1039,tp_gap_filled,491.8611,21535.52,5.299,1141.17,15
CRM,2023-02-10,2023-02-13,2023-03-02,3-5%,-3.455,167.8277,173.4863,tp_gap_filled,128.2161,21518.2,3.372,725.53,12
MNST,2023-03-01,2023-03-02,2023-03-03,3-5%,-3.498,24.5745,25.4146,tp_gap_filled,851.4413,20923.79,3.418,715.22,1
ROST,2023-03-01,2023-03-02,2023-03-03,3-5%,-3.221,107.087,110.4295,tp_gap_filled,195.6458,20951.12,3.121,653.94,1
NTAP,2022-11-30,2022-12-01,2023-03-06,5-10%,-9.653,64.9249,65.2946,time_exit,298.2934,19366.66,0.57,110.3,63
ON,2023-03-02,2023-03-03,2023-03-06,5-10%,-5.97,73.6336,78.1518,tp_gap_filled,288.2447,21224.48,6.136,1302.35,1
DG,2022-12-01,2022-12-02,2023-03-07,5-10%,-6.266,239.8997,219.0707,time_exit,80.1874,19236.94,-8.682,-1670.22,63
PNC,2023-01-13,2023-01-27,2023-03-07,2-3%,-2.411,164.9147,146.6274,stop,125.1657,20641.66,-11.089,-2288.95,26
BX,2023-02-03,2023-02-06,2023-03-10,3-5%,-4.219,95.9058,80.4803,stop,224.3725,21518.63,-16.084,-3461.06,23
MTB,2023-03-10,2023-03-13,2023-03-14,3-5%,-3.682,128.8487,133.5064,tp_gap_filled,154.3433,19886.94,3.615,718.88,1
VEEV,2022-12-02,2022-12-13,2023-03-16,5-10%,-5.214,181.6214,175.6042,time_exit,104.4249,18965.81,-3.313,-628.35,63
MKC,2023-01-26,2023-01-27,2023-03-28,5-10%,-6.386,73.073,77.902,tp_gap_filled,282.181,20619.81,6.608,1362.66,41
LLY,2023-03-27,2023-03-28,2023-03-29,2-3%,-2.478,328.1278,335.7939,tp_gap_filled,62.4839,20502.7,2.336,479.01,1
COF,2023-03-15,2023-03-16,2023-03-30,3-5%,-4.715,91.6315,95.9739,tp_gap_filled,222.4852,20386.66,4.739,966.12,10
STX,2023-03-28,2023-03-29,2023-03-30,2-3%,-2.903,60.2702,61.948,tp_gap_filled,345.0521,20796.36,2.784,578.92,1
CL,2023-01-27,2023-01-30,2023-03-31,3-5%,-3.548,72.9228,75.4545,tp_gap_filled,281.3539,20517.12,3.472,712.28,43
TSLA,2023-03-02,2023-03-03,2023-03-31,5-10%,-7.906,186.9267,202.5672,tp_gap_filled,113.3248,21183.45,8.367,1772.46,20
OKE,2023-03-15,2023-03-30,2023-04-03,2-3%,-2.889,62.5825,64.3156,tp_gap_filled,334.5934,20939.7,2.769,579.88,2
DVA,2022-10-28,2023-01-04,2023-04-05,10%+,-20.207,77.2772,82.8571,time_exit,241.3005,18647.03,7.221,1346.42,63
JCI,2023-02-01,2023-02-02,2023-04-05,3-5%,-4.772,66.3162,55.6499,stop,325.6851,21598.22,-16.084,-3473.86,43
BDX,2023-02-02,2023-02-03,2023-04-06,5-10%,-5.902,188.2148,199.6194,tp_gap_filled,114.0598,21467.73,6.059,1300.81,43
GOOG,2023-02-03,2023-02-06,2023-04-06,3-5%,-4.862,103.6135,108.6912,tp_gap_filled,207.7002,21520.55,4.901,1054.64,42
NVDA,2023-04-05,2023-04-06,2023-04-10,2-3%,-2.273,26.8558,27.4255,tp_gap_filled,776.1515,20844.19,2.121,442.19,1
HBAN,2023-04-05,2023-04-06,2023-04-10,2-3%,-2.004,10.7708,10.969,tp_gap_filled,1935.6926,20848.88,1.841,383.77,1
PPL,2023-02-21,2023-04-05,2023-04-11,2-3%,-2.083,28.2382,28.7812,tp_gap_filled,740.0283,20897.08,1.923,401.82,3
SMCI,2023-04-06,2023-04-10,2023-04-11,5-10%,-7.581,9.994,10.7922,tp_gap_filled,2110.82,21095.5,7.987,1684.88,1
CIEN,2023-04-06,2023-04-10,2023-04-11,5-10%,-6.421,48.5785,51.8081,tp_gap_filled,435.2131,21142.01,6.648,1405.57,1
PHM,2023-02-03,2023-04-03,2023-04-12,2-3%,-2.539,58.7987,60.2097,tp_gap_filled,362.3053,21303.09,2.4,511.21,6
INCY,2023-04-10,2023-04-11,2023-04-13,2-3%,-2.688,73.5535,75.4345,tp_gap_filled,289.7789,21314.24,2.557,545.08,2
MRNA,2023-04-11,2023-04-12,2023-04-13,3-5%,-4.82,152.5824,159.9898,tp_gap_filled,138.8693,21189.01,4.855,1028.66,1
ALB,2023-04-05,2023-04-11,2023-04-14,3-5%,-4.108,201.161,209.3604,tp_gap_filled,105.9465,21312.3,4.076,868.71,3
FAST,2023-04-13,2023-04-14,2023-04-17,3-5%,-3.196,25.4654,26.2537,tp_gap_filled,838.7428,21358.96,3.095,661.16,1
SBUX,2023-02-03,2023-02-06,2023-04-18,3-5%,-4.187,104.6846,109.0409,tp_gap_filled,205.5435,21517.24,4.161,895.4,49
DAL,2023-03-15,2023-03-31,2023-04-18,3-5%,-3.101,34.4044,35.4345,tp_gap_filled,618.2663,21271.06,2.994,636.91,11
DXCM,2023-03-06,2023-03-07,2023-04-19,5-10%,-7.175,114.2141,122.7971,tp_gap_filled,182.9557,20896.12,7.515,1570.31,30
GS,2023-04-18,2023-04-19,2023-04-21,3-5%,-3.439,328.328,339.3403,tp_gap_filled,65.9016,21637.32,3.354,725.73,2
LITE,2022-11-08,2023-01-23,2023-04-24,10%+,-13.328,61.061,47.5524,time_exit,330.598,20186.65,-22.123,-4465.92,63
XYL,2023-01-23,2023-01-24,2023-04-25,5-10%,-8.64,100.7607,102.8171,time_exit,199.8345,20135.46,2.041,410.94,63
DPZ,2023-02-23,2023-03-06,2023-04-27,5-10%,-9.559,315.4651,348.1115,tp_gap_filled,67.1403,21180.43,10.349,2191.89,37
FSLR,2023-04-24,2023-04-25,2023-04-28,3-5%,-3.403,209.7195,175.9882,stop,100.4901,21074.73,-16.084,-3389.66,3
KLAC,2023-01-27,2023-02-01,2023-05-03,5-10%,-5.542,40.5405,37.7792,time_exit,520.8404,21115.13,-6.811,-1438.2,63
COST,2022-12-01,2023-02-01,2023-05-03,3-5%,-3.729,519.6592,489.5699,time_exit,40.726,21163.66,-5.79,-1225.41,63
GNRC,2023-03-31,2023-04-03,2023-05-03,3-5%,-3.546,108.108,111.858,tp_gap_filled,197.0282,21300.32,3.469,738.86,21
DLTR,2022-11-22,2023-02-02,2023-05-04,5-10%,-6.566,154.5444,151.5283,time_exit,139.3221,21531.44,-1.952,-420.21,63
SBAC,2023-02-22,2023-04-13,2023-05-04,2-3%,-2.079,267.3871,237.7366,stop,80.2312,21452.79,-11.089,-2378.9,15
AVY,2023-02-02,2023-02-03,2023-05-05,3-5%,-4.169,183.8537,171.9079,time_exit,117.1183,21532.64,-6.497,-1399.07,63
HON,2023-02-02,2023-02-03,2023-05-05,3-5%,-3.759,196.853,195.9363,time_exit,109.3317,21522.28,-0.466,-100.22,63
AMD,2023-05-03,2023-05-04,2023-05-05,5-10%,-7.085,83.6235,89.8201,tp_gap_filled,246.2206,20589.84,7.41,1525.72,1
COIN,2023-05-03,2023-05-04,2023-05-05,2-3%,-2.28,50.2002,51.2687,tp_gap_filled,410.6432,20614.35,2.129,438.78,1
CTSH,2023-02-03,2023-02-06,2023-05-08,5-10%,-6.567,66.086,61.5784,time_exit,325.5223,21512.47,-6.821,-1467.34,63
ZTS,2023-05-04,2023-05-05,2023-05-08,5-10%,-5.475,168.168,177.5523,tp_gap_filled,125.3026,21071.89,5.58,1175.87,1
CAH,2023-05-04,2023-05-05,2023-05-08,3-5%,-3.185,79.119,81.5584,tp_gap_filled,267.2789,21146.85,3.083,651.98,1
COIN,2023-05-08,2023-05-09,2023-05-10,3-5%,-4.018,55.9559,58.1818,tp_gap_filled,375.7201,21023.76,3.978,836.3,1
JKHY,2023-02-08,2023-02-09,2023-05-11,5-10%,-7.969,167.167,154.825,time_exit,127.6388,21337.0,-7.383,-1575.32,63
STLD,2023-03-15,2023-03-30,2023-05-11,3-5%,-3.147,112.7426,94.6091,stop,185.8066,20948.33,-16.084,-3369.33,29
AMZN,2023-02-03,2023-04-21,2023-05-11,5-10%,-6.775,105.3653,112.7971,tp_gap_filled,204.0892,21503.91,7.053,1516.76,14
APO,2023-02-09,2023-02-10,2023-05-12,5-10%,-5.265,70.07,62.4475,time_exit,304.35,21325.81,-10.878,-2319.91,63
NRG,2022-12-06,2023-02-13,2023-05-15,10%+,-12.855,35.6256,33.7462,time_exit,604.6597,21541.36,-5.275,-1136.38,63
GDDY,2023-05-05,2023-05-08,2023-05-16,5-10%,-6.716,67.5024,72.2177,tp_gap_filled,312.8945,21121.14,6.985,1475.38,6
MCHP,2023-05-05,2023-05-08,2023-05-16,5-10%,-6.616,71.071,75.954,tp_gap_filled,297.5576,21147.71,6.871,1452.96,6
INTU,2023-05-15,2023-05-16,2023-05-17,3-5%,-3.419,413.413,427.1924,tp_gap_filled,51.0851,21119.24,3.333,703.92,1
PLTR,2023-05-15,2023-05-16,2023-05-17,3-5%,-3.053,9.2192,9.4905,tp_gap_filled,2292.2634,21132.86,2.943,621.87,1
AKAM,2023-02-15,2023-04-12,2023-05-18,5-10%,-7.131,81.6115,87.7022,tp_gap_filled,259.6783,21192.75,7.463,1581.62,26
NTAP,2023-04-20,2023-05-05,2023-05-18,3-5%,-3.507,63.8938,66.0839,tp_gap_filled,330.9761,21147.33,3.428,724.84,9
COIN,2023-05-16,2023-05-17,2023-05-18,3-5%,-3.439,58.7387,60.7092,tp_gap_filled,365.9543,21495.67,3.355,721.13,1
LOW,2023-05-16,2023-05-17,2023-05-18,2-3%,-2.52,196.6665,201.3485,tp_gap_filled,109.4429,21523.74,2.381,512.41,1
EG,2023-05-17,2023-05-18,2023-05-19,3-5%,-3.013,367.367,378.0216,tp_gap_filled,59.2945,21782.85,2.9,631.76,1
NOC,2023-01-13,2023-02-21,2023-05-22,2-3%,-2.783,474.8744,442.6269,time_exit,44.3082,21040.81,-6.791,-1428.83,63
MRVL,2023-03-03,2023-03-06,2023-05-22,10%+,-10.491,41.4214,46.1838,tp_gap_filled,510.9915,21165.97,11.497,2433.54,54
CEG,2023-02-21,2023-05-19,2023-05-23,3-5%,-3.477,81.6916,84.4655,tp_gap_filled,266.1196,21739.74,3.396,738.17,2
KEYS,2023-02-22,2023-02-23,2023-05-24,10%+,-12.204,160.8106,155.3045,time_exit,130.8748,21046.06,-3.424,-720.61,63
CRL,2023-02-22,2023-02-23,2023-05-24,10%+,-11.507,215.7856,199.1806,time_exit,97.5333,21046.28,-7.695,-1619.54,63
CF,2023-05-11,2023-05-12,2023-05-24,5-10%,-5.074,64.4143,67.7222,tp_gap_filled,326.4461,21027.81,5.135,1079.84,8
EQT,2023-05-22,2023-05-23,2023-05-24,2-3%,-2.125,35.4955,36.1938,tp_gap_filled,612.9675,21757.56,1.967,428.04,1
MU,2023-05-22,2023-05-23,2023-05-25,3-5%,-3.55,65.8158,68.1018,tp_gap_filled,330.5504,21755.42,3.473,755.66,2
SW,2023-02-24,2023-02-27,2023-05-26,5-10%,-7.249,37.5275,35.944,time_exit,554.8354,20821.58,-4.219,-878.57,63
EBAY,2023-02-23,2023-02-27,2023-05-26,5-10%,-5.099,45.4554,44.3156,time_exit,458.0508,20820.89,-2.507,-522.07,63
COHR,2023-04-06,2023-04-10,2023-05-26,10%+,-10.03,33.043,36.6533,tp_gap_filled,637.373,21060.72,10.926,2301.11,34
SWKS,2023-05-09,2023-05-10,2023-05-26,10%+,-12.505,92.1721,105.1348,tp_gap_filled,229.2605,21131.42,14.064,2971.83,12
ANET,2023-05-02,2023-05-19,2023-05-26,5-10%,-9.272,36.3638,40.0,tp_gap_filled,598.0516,21747.44,9.999,2174.6,5
PLTR,2023-05-24,2023-05-25,2023-05-26,3-5%,-4.668,12.0621,12.6274,tp_gap_filled,1798.4791,21693.35,4.687,1016.7,1
QCOM,2023-05-04,2023-05-05,2023-05-30,5-10%,-7.799,104.134,112.7172,tp_gap_filled,202.0531,21040.6,8.242,1734.25,16
CSCO,2023-04-19,2023-05-19,2023-05-30,2-3%,-2.147,49.2792,50.2597,tp_gap_filled,441.2638,21745.14,1.99,432.64,6
DECK,2023-05-19,2023-05-22,2023-05-30,2-3%,-2.648,76.7433,78.6729,tp_gap_filled,286.2287,21966.14,2.514,552.3,5
MCHP,2023-05-24,2023-05-26,2023-05-30,3-5%,-3.504,74.9749,77.5424,tp_gap_filled,294.8134,22103.6,3.424,756.93,1
INTC,2023-05-25,2023-05-26,2023-05-30,2-3%,-2.448,28.3183,28.971,tp_gap_filled,782.0141,22145.3,2.305,510.43,1
DG,2023-05-25,2023-05-26,2023-06-01,2-3%,-2.715,203.3832,180.83,stop,108.854,22139.07,-11.089,-2455.0,3
BKR,2023-05-25,2023-05-26,2023-06-01,2-3%,-2.403,28.058,28.6913,tp_gap_filled,789.9013,22163.07,2.257,500.2,3
TSLA,2023-04-03,2023-05-30,2023-06-01,3-5%,-3.639,200.1099,207.2525,tp_gap_filled,110.5854,22129.24,3.569,789.87,2
BA,2023-04-14,2023-04-17,2023-06-02,5-10%,-5.15,202.7926,213.3764,tp_gap_filled,106.1503,21526.49,5.219,1123.48,33
AMP,2023-04-25,2023-04-27,2023-06-02,3-5%,-4.19,300.0998,312.5971,tp_gap_filled,71.0207,21313.28,4.164,887.57,25
DD,2023-05-02,2023-05-03,2023-06-02,5-10%,-7.798,80.3774,87.0008,tp_gap_filled,260.0644,20903.3,8.24,1722.51,21
STLD,2023-05-23,2023-05-24,2023-06-02,2-3%,-2.284,95.065,97.0928,tp_gap_filled,226.2867,21511.94,2.133,458.87,6
BX,2023-05-02,2023-05-30,2023-06-02,2-3%,-2.355,86.7467,88.6612,tp_gap_filled,255.1465,22133.11,2.207,488.5,3
EOG,2023-05-30,2023-05-31,2023-06-02,2-3%,-2.189,107.8177,110.0099,tp_gap_filled,203.6266,21954.55,2.033,446.38,2
MPC,2023-05-30,2023-05-31,2023-06-02,2-3%,-2.086,106.6465,108.7012,tp_gap_filled,205.8292,21950.97,1.927,422.91,2
FANG,2023-05-25,2023-05-26,2023-06-05,2-3%,-2.962,130.5304,134.2456,tp_gap_filled,169.5887,22136.48,2.846,630.06,5
DDOG,2023-06-01,2023-06-02,2023-06-05,2-3%,-2.012,93.093,94.8151,tp_gap_filled,243.9153,22706.81,1.85,420.04,1
APD,2023-02-02,2023-03-07,2023-06-06,5-10%,-7.157,295.6553,278.2215,time_exit,70.669,20893.66,-5.897,-1232.03,63
INTU,2023-05-24,2023-05-25,2023-06-06,5-10%,-6.403,421.421,449.3502,tp_gap_filled,51.5106,21707.63,6.627,1438.65,7
XEL,2023-06-02,2023-06-05,2023-06-06,3-5%,-3.006,61.7016,63.4864,tp_gap_filled,366.7787,22630.84,2.893,654.63,1
CPT,2023-05-15,2023-05-16,2023-06-07,2-3%,-2.1,108.2882,110.3895,tp_gap_filled,195.3308,21152.02,1.94,410.45,15
HPE,2023-05-31,2023-06-01,2023-06-07,10%+,-10.696,13.8739,15.5045,tp_gap_filled,1591.6185,22081.89,11.753,2595.33,4
VLO,2023-05-31,2023-06-02,2023-06-07,2-3%,-2.015,109.5194,111.5483,tp_gap_filled,207.3471,22708.53,1.853,420.69,3
CVNA,2023-06-02,2023-06-05,2023-06-07,5-10%,-5.19,2.999,3.1568,tp_gap_filled,7545.8689,22630.03,5.263,1191.07,2
AMD,2023-05-31,2023-06-06,2023-06-07,2-3%,-2.275,122.5424,125.1447,tp_gap_filled,186.2731,22826.35,2.124,484.74,1
MOS,2023-06-06,2023-06-07,2023-06-08,3-5%,-3.73,32.032,33.2068,tp_gap_filled,719.8372,23057.82,3.667,845.64,1
HOOD,2023-06-06,2023-06-07,2023-06-08,3-5%,-3.322,8.7387,9.021,tp_gap_filled,2649.9496,23157.19,3.23,747.92,1
BX,2023-06-05,2023-06-06,2023-06-09,3-5%,-4.315,85.2452,88.911,tp_gap_filled,267.5656,22808.68,4.3,980.85,3
PNC,2023-05-01,2023-06-06,2023-06-09,2-3%,-2.894,126.6065,130.1198,tp_gap_filled,180.3059,22827.89,2.775,633.46,3
ROST,2023-05-19,2023-05-22,2023-06-12,3-5%,-4.242,101.0109,105.2746,tp_gap_filled,217.2044,21940.01,4.221,926.1,14
ADI,2023-05-24,2023-05-25,2023-06-12,5-10%,-8.738,171.6715,187.7321,tp_gap_filled,126.431,21704.6,9.355,2030.56,11
GPC,2023-05-31,2023-06-01,2023-06-12,5-10%,-6.271,147.9578,157.5423,tp_gap_filled,149.53,22124.13,6.478,1433.17,7
VZ,2023-06-02,2023-06-05,2023-06-12,3-5%,-3.695,34.4344,35.6843,tp_gap_filled,657.1999,22630.28,3.63,821.42,5
CARR,2023-06-08,2023-06-09,2023-06-12,3-5%,-3.289,44.1441,45.5544,tp_gap_filled,522.9205,23083.86,3.195,737.47,1
VTR,2023-06-08,2023-06-09,2023-06-12,2-3%,-2.845,45.1151,46.3436,tp_gap_filled,512.1128,23104.0,2.723,629.15,1
RF,2023-03-13,2023-03-14,2023-06-13,10%+,-29.931,14.2242,18.4316,time_exit,1415.7663,20138.16,29.579,5956.61,63
EL,2023-06-05,2023-06-06,2023-06-14,2-3%,-2.284,184.174,188.1017,tp_gap_filled,123.94,22826.53,2.133,486.8,6
ITW,2023-05-02,2023-06-07,2023-06-14,3-5%,-3.588,237.227,245.5642,tp_gap_filled,97.627,23159.75,3.514,813.93,5
IFF,2023-06-09,2023-06-12,2023-06-14,2-3%,-2.846,77.5575,79.6702,tp_gap_filled,299.7847,23250.55,2.724,633.38,2
CVNA,2023-06-12,2023-06-13,2023-06-14,2-3%,-2.989,3.7037,3.8102,tp_gap_filled,6331.6456,23450.52,2.875,674.23,1
MDT,2023-05-25,2023-06-13,2023-06-14,2-3%,-2.537,85.3553,87.4025,tp_gap_filled,277.2086,23661.21,2.398,567.51,1
HAL,2023-06-12,2023-06-13,2023-06-14,2-3%,-2.257,31.6416,32.3077,tp_gap_filled,747.9031,23664.86,2.105,498.14,1
ABNB,2023-05-10,2023-05-11,2023-06-15,10%+,-13.552,109.9598,126.9429,tp_gap_filled,191.2096,21025.38,15.445,3247.33,24
ORLY,2023-05-31,2023-06-01,2023-06-15,3-5%,-4.516,59.1371,61.8101,tp_gap_filled,374.2224,22130.42,4.52,1000.32,10
CRWD,2023-06-01,2023-06-02,2023-06-15,5-10%,-8.374,36.7167,39.9925,tp_gap_filled,617.4011,22668.92,8.922,2022.48,9
ZBRA,2023-05-02,2023-05-03,2023-06-16,10%+,-12.527,251.6914,287.1626,tp_gap_filled,82.9808,20885.57,14.093,2943.42,31
STE,2023-02-09,2023-05-11,2023-06-16,5-10%,-6.671,201.6514,215.6342,tp_gap_filled,104.3052,21033.28,6.934,1458.47,25
COO,2023-06-02,2023-06-13,2023-06-16,3-5%,-3.757,90.1225,93.454,tp_gap_filled,260.2385,23453.36,3.697,866.96,3
CI,2023-06-14,2023-06-15,2023-06-16,3-5%,-4.47,260.3401,271.9778,tp_gap_filled,91.9945,23949.86,4.47,1070.6,1
TSLA,2023-06-15,2023-06-16,2023-06-20,3-5%,-3.267,248.6484,256.5332,tp_gap_filled,96.1462,23906.6,3.171,758.1,1
CVNA,2023-06-15,2023-06-16,2023-06-20,2-3%,-2.863,4.5505,4.6753,tp_gap_filled,5261.9427,23944.71,2.742,656.55,1
COIN,2023-06-06,2023-06-07,2023-06-21,10%+,-19.775,47.1471,58.6513,tp_gap_filled,486.5862,22941.13,24.401,5597.78,9
ANET,2023-05-31,2023-06-12,2023-06-21,2-3%,-2.528,42.545,37.8272,stop,546.5617,23253.47,-11.089,-2578.58,6
CASY,2023-06-07,2023-06-08,2023-06-23,2-3%,-2.658,218.5183,224.0357,tp_gap_filled,106.0687,23177.95,2.525,585.23,10
ETN,2023-06-16,2023-06-20,2023-06-26,2-3%,-2.082,192.9828,196.6931,tp_gap_filled,123.1024,23756.64,1.923,456.75,4
HAL,2023-06-23,2023-06-26,2023-06-27,3-5%,-3.326,30.2602,31.2387,tp_gap_filled,789.4126,23887.81,3.234,772.44,1
CCL,2023-06-26,2023-06-27,2023-06-28,5-10%,-5.19,14.995,15.7842,tp_gap_filled,1597.6879,23957.3,5.263,1260.93,1
KR,2023-06-15,2023-06-16,2023-06-29,5-10%,-5.952,44.4444,47.1628,tp_gap_filled,537.3732,23883.23,6.116,1460.79,8
DVA,2023-06-27,2023-06-28,2023-06-29,3-5%,-3.142,94.124,96.9829,tp_gap_filled,253.7772,23886.54,3.037,725.52,1
EXE,2023-03-06,2023-04-14,2023-06-30,3-5%,-3.742,81.101,84.0858,tp_gap_filled,263.3755,21360.02,3.68,786.13,53
ALGN,2023-04-27,2023-04-28,2023-06-30,5-10%,-9.195,322.272,354.1954,tp_gap_filled,66.5491,21446.91,9.906,2124.48,43
MRVL,2023-06-28,2023-06-29,2023-07-03,3-5%,-3.334,58.6286,60.5294,tp_gap_filled,410.9253,24091.96,3.242,781.1,2
COIN,2023-07-05,2023-07-06,2023-07-07,3-5%,-3.791,76.9769,79.8501,tp_gap_filled,312.0959,24024.17,3.733,896.7,1
OKE,2023-05-15,2023-06-07,2023-07-11,5-10%,-6.701,59.5095,63.6563,tp_gap_filled,387.2652,23045.94,6.968,1605.92,22
CHRW,2023-06-05,2023-06-14,2023-07-11,2-3%,-2.703,95.125,97.5723,tp_gap_filled,248.4032,23629.36,2.573,607.92,17
VEEV,2023-06-28,2023-06-29,2023-07-11,3-5%,-3.372,195.0849,201.4883,tp_gap_filled,123.4936,24091.74,3.282,790.78,7
CRM,2023-06-01,2023-06-02,2023-07-12,5-10%,-6.787,208.4282,223.1566,tp_gap_filled,108.8712,22691.83,7.066,1603.5,26
ULTA,2023-05-26,2023-06-13,2023-07-12,10%+,-10.103,436.5461,484.6349,tp_gap_filled,53.6952,23440.45,11.016,2582.14,19
ACN,2023-06-22,2023-06-23,2023-07-12,3-5%,-4.786,298.5082,312.8868,tp_gap_filled,79.5132,23735.34,4.817,1143.29,12
AMCR,2023-07-10,2023-07-11,2023-07-12,3-5%,-3.622,47.9479,49.6503,tp_gap_filled,510.1031,24458.37,3.551,868.4,1
GNRC,2023-07-05,2023-07-11,2023-07-12,2-3%,-2.968,146.2761,150.4494,tp_gap_filled,167.3698,24482.21,2.853,698.48,1
CVS,2023-06-14,2023-06-15,2023-07-14,5-10%,-5.522,68.3383,72.1877,tp_gap_filled,350.2486,23935.38,5.633,1348.27,19
DHR,2023-06-20,2023-06-21,2023-07-14,5-10%,-5.343,203.1107,214.1473,tp_gap_filled,117.1876,23802.06,5.434,1293.36,16
CVNA,2023-07-13,2023-07-14,2023-07-17,5-10%,-8.28,7.1411,7.7702,tp_gap_filled,3429.4676,24490.29,8.809,2157.44,1
UNH,2023-06-14,2023-06-15,2023-07-18,5-10%,-7.464,455.0947,490.8187,tp_gap_filled,52.5078,23896.03,7.85,1875.79,21
GPN,2023-05-01,2023-07-12,2023-07-18,3-5%,-3.753,108.5885,112.5973,tp_gap_filled,225.159,24449.68,3.692,902.62,4
STT,2023-04-17,2023-04-18,2023-07-19,10%+,-16.281,67.067,69.3106,time_exit,321.5039,21562.3,3.345,721.33,63
BNY,2023-04-17,2023-04-18,2023-07-19,5-10%,-5.759,43.7337,46.3136,tp_gap_filled,494.9559,21646.25,5.899,1276.96,63
RVTY,2023-05-11,2023-05-12,2023-07-19,5-10%,-5.917,117.2972,124.4255,tp_gap_filled,179.3204,21033.78,6.077,1278.24,45
CNC,2023-06-14,2023-06-15,2023-07-19,5-10%,-7.557,64.2842,69.4005,tp_gap_filled,371.3712,23873.31,7.959,1900.05,22
ELV,2023-06-14,2023-06-15,2023-07-19,5-10%,-6.111,440.43,468.1614,tp_gap_filled,54.299,23914.93,6.296,1505.79,22
TMO,2023-06-20,2023-06-21,2023-07-19,3-5%,-4.709,512.512,536.7627,tp_gap_filled,46.5001,23831.84,4.732,1127.66,19
ARE,2023-06-16,2023-06-20,2023-07-20,5-10%,-6.108,113.8637,121.0289,tp_gap_filled,208.6301,23755.41,6.293,1494.86,21
ALL,2023-07-13,2023-07-14,2023-07-20,3-5%,-3.299,104.1541,107.4924,tp_gap_filled,235.573,24535.88,3.205,786.42,4
WRB,2023-04-21,2023-04-24,2023-07-21,5-10%,-6.55,39.5128,42.1978,tp_gap_filled,546.3234,21586.77,6.795,1466.85,61
PNR,2023-07-14,2023-07-17,2023-07-21,3-5%,-3.057,64.7647,66.6733,tp_gap_filled,378.6601,24523.81,2.947,722.7,4
A,2023-05-24,2023-05-25,2023-07-24,10%+,-10.448,115.3152,128.5114,tp_gap_filled,187.9929,21678.44,11.444,2480.79,39
APA,2023-04-19,2023-07-13,2023-07-24,2-3%,-2.131,38.6186,39.3806,tp_gap_filled,637.5877,24622.73,1.973,485.84,7
AIZ,2023-06-23,2023-07-19,2023-07-24,2-3%,-2.125,128.6185,131.1487,tp_gap_filled,193.7482,24919.6,1.967,490.23,3
AMT,2023-07-20,2023-07-21,2023-07-24,3-5%,-3.326,183.0028,188.9209,tp_gap_filled,136.1448,24914.88,3.234,805.71,1
KEY,2023-07-20,2023-07-21,2023-07-24,3-5%,-3.243,11.051,11.3986,tp_gap_filled,2255.3028,24923.44,3.145,783.83,1
SW,2023-05-26,2023-05-30,2023-07-25,5-10%,-6.763,36.016,38.5514,tp_gap_filled,613.8805,22109.51,7.04,1556.45,38
FCX,2023-04-19,2023-07-13,2023-07-25,2-3%,-2.002,42.1421,42.917,tp_gap_filled,584.2693,24622.34,1.839,452.77,8
KVUE,2023-07-20,2023-07-21,2023-07-25,3-5%,-4.2,23.974,24.975,tp_gap_filled,1039.7058,24925.86,4.176,1040.8,2
HAL,2023-07-19,2023-07-24,2023-07-25,2-3%,-2.598,37.1571,38.0719,tp_gap_filled,675.2069,25088.74,2.462,617.66,1
SLB,2023-07-21,2023-07-24,2023-07-25,2-3%,-2.515,55.8758,57.2027,tp_gap_filled,449.4532,25113.57,2.375,596.39,1
ODFL,2023-07-24,2023-07-25,2023-07-26,3-5%,-3.521,190.4903,197.0478,tp_gap_filled,132.4821,25236.55,3.442,868.74,1
ON,2023-07-24,2023-07-25,2023-07-26,2-3%,-2.461,96.4263,98.6612,tp_gap_filled,262.0479,25268.32,2.318,585.65,1
CRL,2023-07-24,2023-07-25,2023-07-26,2-3%,-2.18,202.0819,206.1736,tp_gap_filled,125.1962,25299.89,2.025,512.27,1
IBKR,2023-07-19,2023-07-20,2023-07-27,3-5%,-4.37,20.6456,21.5459,tp_gap_filled,1205.6526,24891.45,4.361,1085.46,5
CCI,2023-07-20,2023-07-21,2023-07-27,5-10%,-5.304,107.5875,113.3865,tp_gap_filled,231.702,24928.23,5.39,1343.64,4
AMAT,2023-07-20,2023-07-24,2023-07-27,2-3%,-2.793,137.9578,141.6382,tp_gap_filled,181.8408,25086.37,2.668,669.25,3
CSX,2023-07-21,2023-07-24,2023-07-28,5-10%,-5.251,31.9719,33.6763,tp_gap_filled,785.1764,25103.61,5.331,1338.21,4
PYPL,2023-05-09,2023-07-11,2023-07-31,5-10%,-7.932,69.5995,75.4445,tp_gap_filled,351.2441,24446.42,8.398,2053.0,14
LDOS,2023-05-02,2023-07-13,2023-07-31,3-5%,-4.379,90.2802,94.2257,tp_gap_filled,272.9044,24637.86,4.37,1076.74,12
STX,2023-06-20,2023-07-13,2023-07-31,2-3%,-2.286,62.8928,64.2357,tp_gap_filled,391.6842,24634.13,2.135,525.98,12
LVS,2023-07-20,2023-07-21,2023-07-31,3-5%,-4.107,57.2672,59.6003,tp_gap_filled,435.3923,24933.7,4.074,1015.83,6
DDOG,2023-07-26,2023-07-27,2023-07-31,3-5%,-4.961,109.6896,115.1847,tp_gap_filled,230.1883,25249.26,5.01,1264.91,2
TPR,2023-07-17,2023-07-18,2023-08-01,2-3%,-2.107,42.7827,43.6163,tp_gap_filled,577.2042,24694.38,1.948,481.16,10
DECK,2023-07-28,2023-07-31,2023-08-01,3-5%,-3.545,86.4163,89.4138,tp_gap_filled,296.9911,25664.88,3.469,890.23,1
ANET,2023-07-28,2023-08-01,2023-08-02,2-3%,-2.478,39.2892,40.2073,tp_gap_filled,651.7915,25608.4,2.337,598.35,1
INCY,2023-05-02,2023-05-03,2023-08-03,5-10%,-9.636,68.1481,64.915,time_exit,306.7497,20904.4,-4.744,-991.74,63
CTVA,2023-07-10,2023-07-19,2023-08-04,2-3%,-2.321,56.026,57.2427,tp_gap_filled,444.7432,24917.17,2.172,541.13,12
GIS,2023-06-07,2023-06-08,2023-08-08,2-3%,-2.996,81.3513,72.3302,stop,284.7605,23165.62,-11.089,-2568.84,41
PLTR,2023-08-02,2023-08-03,2023-08-08,3-5%,-3.652,19.2793,16.1784,stop,1315.3433,25358.85,-16.084,-4078.72,3
BIIB,2023-08-07,2023-08-08,2023-08-09,2-3%,-2.216,263.223,268.6511,tp_gap_filled,95.8742,25236.3,2.062,520.42,1
COHR,2023-06-21,2023-06-30,2023-08-16,5-10%,-8.859,50.4604,37.3034,stop,479.9182,24216.87,-26.074,-6314.31,32
DLTR,2023-05-25,2023-05-26,2023-08-28,10%+,-13.267,134.8747,124.4354,time_exit,163.5762,22062.3,-7.74,-1707.62,63
MRVL,2023-08-25,2023-08-28,2023-08-30,3-5%,-4.922,54.5245,57.2327,tp_gap_filled,453.5048,24727.11,4.967,1228.2,2
CIEN,2023-06-06,2023-06-07,2023-08-31,5-10%,-9.642,42.9629,47.4525,tp_gap_filled,536.2828,23040.27,10.45,2407.69,59
BX,2023-07-20,2023-07-21,2023-09-05,3-5%,-3.115,104.9048,108.0618,tp_gap_filled,237.8531,24951.93,3.009,750.91,31
MPC,2023-08-15,2023-08-16,2023-09-06,2-3%,-2.619,144.7946,148.3915,tp_gap_filled,170.6466,24708.72,2.484,613.78,14
AZO,2023-05-23,2023-06-15,2023-09-08,3-5%,-4.878,2494.502,2617.1802,tp_gap_filled,9.6007,23948.94,4.918,1177.8,58
CHTR,2023-09-01,2023-09-06,2023-09-11,3-5%,-3.405,423.6232,437.6819,tp_gap_filled,58.8239,24919.18,3.319,826.99,3
NKE,2023-05-19,2023-06-16,2023-09-12,3-5%,-3.626,114.6746,96.2303,stop,208.5392,23914.14,-16.084,-3846.35,59
HUM,2023-06-14,2023-06-15,2023-09-15,10%+,-10.951,456.9465,470.2992,time_exit,52.2151,23859.49,2.922,697.21,63
NDAQ,2023-06-12,2023-06-15,2023-09-15,5-10%,-9.908,52.1521,50.7192,time_exit,457.7286,23871.51,-2.747,-655.86,63
ROL,2023-09-07,2023-09-08,2023-09-18,5-10%,-8.377,34.9249,38.0419,tp_gap_filled,704.6537,24609.95,8.925,2196.43,6
LEN,2023-09-15,2023-09-18,2023-09-19,5-10%,-6.406,106.7475,113.826,tp_gap_filled,227.7586,24312.66,6.631,1612.2,1
NEM,2023-07-20,2023-07-25,2023-10-02,3-5%,-3.896,43.4634,36.4728,stop,580.5736,25233.71,-16.084,-4058.59,48
PFE,2023-06-26,2023-07-05,2023-10-03,3-5%,-3.342,37.057,33.8661,time_exit,654.6396,24258.99,-8.611,-2088.9,63
SBAC,2023-07-20,2023-07-21,2023-10-04,3-5%,-4.115,224.8546,188.689,stop,110.8588,24927.11,-16.084,-4009.28,52
STLD,2023-07-05,2023-07-07,2023-10-05,3-5%,-4.053,106.3963,106.863,time_exit,226.1704,24063.69,0.439,105.56,63
ON,2023-10-04,2023-10-05,2023-10-06,2-3%,-2.518,87.5875,89.6702,tp_gap_filled,266.4093,23334.13,2.378,554.86,1
ROL,2023-10-04,2023-10-05,2023-10-09,2-3%,-2.978,35.2252,36.2337,tp_gap_filled,662.0297,23320.12,2.863,667.68,2
NSC,2023-10-02,2023-10-03,2023-10-10,3-5%,-3.94,189.3592,196.7331,tp_gap_filled,122.7632,23246.33,3.894,905.24,5
AES,2023-10-06,2023-10-09,2023-10-10,3-5%,-4.044,12.1121,12.5974,tp_gap_filled,1943.5881,23540.93,4.007,943.2,1
ISRG,2023-07-21,2023-07-24,2023-10-11,3-5%,-3.38,336.2459,282.1641,stop,74.7011,25117.96,-16.084,-4039.97,56
MTD,2023-07-28,2023-07-31,2023-10-12,3-5%,-4.844,1261.26,1058.3989,stop,20.3506,25667.46,-16.084,-4128.35,52
ADBE,2023-09-15,2023-09-18,2023-10-12,3-5%,-3.631,532.6421,551.6078,tp_gap_filled,45.7388,24362.42,3.561,867.47,18
DAL,2023-10-09,2023-10-10,2023-10-12,3-5%,-3.486,35.7457,36.963,tp_gap_filled,662.3109,23674.77,3.405,806.23,2
CI,2023-08-03,2023-08-08,2023-10-13,2-3%,-2.265,292.9126,299.1006,tp_gap_filled,86.1639,25238.49,2.113,533.18,47
AVGO,2023-09-01,2023-10-12,2023-10-13,2-3%,-2.278,90.2772,92.1967,tp_gap_filled,259.1246,23393.04,2.126,497.4,1
XOM,2023-10-11,2023-10-12,2023-10-16,3-5%,-3.16,107.067,110.3395,tp_gap_filled,218.5304,23397.39,3.057,715.16,2
JKHY,2023-10-12,2023-10-13,2023-10-16,2-3%,-2.052,144.3042,147.0328,tp_gap_filled,161.3476,23283.14,1.891,440.26,1
FTNT,2023-10-13,2023-10-16,2023-10-17,2-3%,-2.397,56.6666,57.942,tp_gap_filled,415.8445,23564.5,2.251,530.36,1
OMC,2023-07-19,2023-07-20,2023-10-18,5-10%,-9.395,88.8087,75.2547,time_exit,280.3488,24897.42,-15.262,-3799.86,63
LUV,2023-07-27,2023-07-31,2023-10-18,5-10%,-6.729,33.8538,25.0268,stop,757.9564,25659.72,-26.074,-6690.52,56
ELV,2023-10-16,2023-10-17,2023-10-18,3-5%,-3.988,436.436,453.6559,tp_gap_filled,54.1343,23626.17,3.946,932.19,1
ED,2023-10-16,2023-10-17,2023-10-18,3-5%,-3.261,85.2352,87.932,tp_gap_filled,277.8074,23678.95,3.164,749.2,1
FOX,2023-10-17,2023-10-18,2023-10-19,2-3%,-2.502,28.4785,29.1508,tp_gap_filled,821.7069,23400.94,2.361,552.49,1
TXN,2023-07-26,2023-07-27,2023-10-20,3-5%,-4.939,177.0669,148.5875,stop,142.5874,25247.5,-16.084,-4060.81,60
MPWR,2023-07-20,2023-07-25,2023-10-23,5-10%,-5.137,545.545,413.0765,time_exit,46.2372,25224.49,-24.282,-6124.98,63
RTX,2023-07-25,2023-07-26,2023-10-24,10%+,-11.494,85.9459,78.3016,time_exit,294.4638,25307.95,-8.894,-2250.95,63
TSN,2023-05-08,2023-07-26,2023-10-24,10%+,-10.331,54.4744,45.4245,time_exit,464.6479,25311.42,-16.613,-4205.01,63
PCAR,2023-07-25,2023-07-26,2023-10-24,5-10%,-6.065,83.4033,84.7452,time_exit,303.5872,25320.18,1.609,407.37,63
AMT,2023-10-19,2023-10-20,2023-10-24,2-3%,-2.648,158.6285,162.6172,tp_gap_filled,143.8591,22820.16,2.515,573.82,2
FISV,2023-07-26,2023-07-27,2023-10-25,3-5%,-4.09,124.8647,114.0059,time_exit,202.2237,25250.61,-8.696,-2195.92,63
COHR,2023-09-05,2023-10-11,2023-10-25,3-5%,-4.049,36.056,30.2568,stop,656.5735,23673.43,-16.084,-3807.63,10
VRT,2023-10-17,2023-10-18,2023-10-25,2-3%,-2.46,39.6897,40.6094,tp_gap_filled,589.9717,23415.77,2.317,542.6,5
EBAY,2023-07-27,2023-07-28,2023-10-26,5-10%,-6.639,45.6056,38.3216,time_exit,558.2588,25459.71,-15.972,-4066.31,63
TTD,2023-10-16,2023-10-17,2023-10-26,3-5%,-3.116,77.8177,65.3015,stop,304.7235,23712.89,-16.084,-3813.98,7
MRVL,2023-10-17,2023-10-18,2023-10-26,2-3%,-2.292,52.4824,46.6627,stop,445.8119,23397.29,-11.089,-2594.53,6
CCI,2023-10-19,2023-10-24,2023-10-26,3-5%,-3.178,88.128,90.8391,tp_gap_filled,262.5215,23135.51,3.076,711.7,2
ROL,2023-10-19,2023-10-25,2023-10-26,5-10%,-5.457,33.994,35.8841,tp_gap_filled,671.5633,22829.09,5.56,1269.33,1
GLW,2023-10-24,2023-10-25,2023-10-26,3-5%,-4.976,25.6156,26.9031,tp_gap_filled,891.5124,22836.62,5.026,1147.8,1
CMG,2023-07-27,2023-07-31,2023-10-27,5-10%,-7.799,38.5389,37.714,time_exit,665.4068,25644.05,-2.14,-548.86,63
GWW,2023-07-27,2023-07-31,2023-10-27,3-5%,-3.476,736.3656,706.0532,time_exit,34.9099,25706.45,-4.116,-1058.2,63
CME,2023-10-25,2023-10-26,2023-10-27,3-5%,-3.062,207.8977,214.0358,tp_gap_filled,109.4442,22753.19,2.952,671.77,1
ZBRA,2023-08-01,2023-08-02,2023-10-31,10%+,-20.438,245.265,209.2206,time_exit,103.747,25445.51,-14.696,-3739.5,63
ROK,2023-08-01,2023-08-02,2023-10-31,10%+,-10.197,302.302,262.5472,time_exit,84.1254,25431.28,-13.151,-3344.39,63
INCY,2023-09-18,2023-09-19,2023-10-31,3-5%,-4.349,59.8898,50.2572,stop,406.3856,24338.37,-16.084,-3914.58,30
STX,2023-09-07,2023-10-05,2023-11-01,5-10%,-5.84,67.1371,71.1588,tp_gap_filled,347.4401,23326.11,5.99,1397.3,19
AMD,2023-10-17,2023-10-18,2023-11-01,2-3%,-2.743,103.6435,106.3535,tp_gap_filled,225.89,23412.03,2.615,612.16,10
CMI,2023-08-03,2023-08-04,2023-11-02,5-10%,-9.564,237.3771,217.7221,time_exit,106.6287,25311.21,-8.28,-2095.79,63
TXN,2023-10-25,2023-10-26,2023-11-02,3-5%,-3.744,141.5614,146.7731,tp_gap_filled,160.6375,22740.08,3.682,837.19,5
FIS,2023-10-25,2023-10-26,2023-11-02,2-3%,-2.97,49.049,50.4495,tp_gap_filled,464.4471,22780.67,2.855,650.46,5
GPN,2023-10-25,2023-10-31,2023-11-02,3-5%,-3.865,107.2972,111.3885,tp_gap_filled,213.0491,22859.57,3.813,871.65,2
WDC,2023-10-31,2023-11-01,2023-11-02,5-10%,-6.699,29.5079,31.5633,tp_gap_filled,779.4065,22998.68,6.965,1601.94,1
CTVA,2023-10-23,2023-10-24,2023-11-03,5-10%,-5.73,47.4274,50.2097,tp_gap_filled,487.3545,23113.95,5.867,1355.99,8
VTRS,2023-10-23,2023-10-24,2023-11-03,3-5%,-3.118,9.019,9.2907,tp_gap_filled,2565.1857,23135.44,3.012,696.94,8
CMCSA,2023-10-26,2023-10-27,2023-11-03,5-10%,-6.316,37.5727,40.0255,tp_gap_filled,601.9892,22618.35,6.528,1476.6,5
CHTR,2023-10-26,2023-10-31,2023-11-03,3-5%,-4.489,405.1147,423.3063,tp_gap_filled,56.4382,22863.93,4.49,1026.7,3
HUBB,2023-10-31,2023-11-01,2023-11-03,5-10%,-6.399,265.4652,283.0467,tp_gap_filled,86.8352,23051.72,6.623,1526.69,2
CDW,2023-11-01,2023-11-02,2023-11-03,5-10%,-7.41,185.7356,200.1996,tp_gap_filled,126.8677,23563.85,7.787,1835.02,1
IQV,2023-11-01,2023-11-02,2023-11-03,5-10%,-6.017,170.1199,180.6492,tp_gap_filled,138.9864,23644.37,6.189,1463.42,1
FOXA,2023-11-02,2023-11-03,2023-11-06,3-5%,-4.399,29.1491,30.4295,tp_gap_filled,824.9025,24045.18,4.393,1056.22,1
MCK,2023-11-02,2023-11-03,2023-11-06,3-5%,-4.008,441.6112,459.1304,tp_gap_filled,54.6636,24140.05,3.967,957.66,1
CTSH,2023-11-02,2023-11-03,2023-11-06,3-5%,-3.633,62.6626,64.895,tp_gap_filled,385.5628,24160.37,3.563,860.75,1
IFF,2023-08-08,2023-08-09,2023-11-07,10%+,-21.994,62.7327,71.5184,time_exit,401.6033,25193.65,14.005,3528.38,63
CLX,2023-10-05,2023-10-06,2023-11-07,3-5%,-4.422,126.126,131.6982,tp_gap_filled,185.9626,23454.72,4.418,1036.22,22
NVDA,2023-10-17,2023-11-03,2023-11-07,3-5%,-4.545,44.044,46.0489,tp_gap_filled,545.5387,24027.71,4.552,1093.75,2
DDOG,2023-10-25,2023-11-07,2023-11-08,2-3%,-2.003,86.1861,87.7721,tp_gap_filled,280.7554,24197.22,1.84,445.29,1
NSC,2023-10-25,2023-10-26,2023-11-10,5-10%,-5.193,186.2361,196.0438,tp_gap_filled,122.1335,22745.66,5.266,1197.85,11
PANW,2023-11-03,2023-11-06,2023-11-10,2-3%,-2.333,122.3823,125.0548,tp_gap_filled,197.4508,24164.47,2.184,527.7,4
FICO,2023-11-09,2023-11-10,2023-11-13,3-5%,-4.165,902.1613,939.4896,tp_gap_filled,26.9447,24308.5,4.138,1005.8,1
DVA,2023-10-11,2023-10-12,2023-11-14,10%+,-16.521,76.2762,91.1887,tp_gap_filled,307.0792,23422.84,19.551,4579.33,23
CFG,2023-10-18,2023-10-19,2023-11-14,5-10%,-5.129,25.7357,27.0729,tp_gap_filled,901.5013,23200.77,5.196,1205.48,18
MOS,2023-10-23,2023-10-24,2023-11-14,3-5%,-4.321,33.9139,35.3746,tp_gap_filled,682.019,23129.91,4.307,996.23,15
DHR,2023-10-24,2023-10-26,2023-11-14,3-5%,-4.955,194.1339,203.846,tp_gap_filled,117.1451,22741.85,5.003,1137.71,13
ROK,2023-11-02,2023-11-03,2023-11-14,3-5%,-4.262,255.8556,266.713,tp_gap_filled,94.2665,24118.62,4.244,1023.49,7
CHD,2023-11-03,2023-11-06,2023-11-14,5-10%,-7.242,85.3853,91.868,tp_gap_filled,282.84,24150.38,7.592,1833.58,6
HCA,2023-10-24,2023-10-25,2023-11-15,5-10%,-9.21,218.9687,240.6991,tp_gap_filled,104.156,22806.91,9.924,2263.34,15
UAL,2023-10-18,2023-11-08,2023-11-15,5-10%,-5.085,38.1181,40.0799,tp_gap_filled,634.7829,24196.71,5.147,1245.32,5
LRCX,2023-09-07,2023-11-10,2023-11-15,2-3%,-2.189,68.1681,69.5544,tp_gap_filled,357.842,24393.41,2.034,496.07,3
WDAY,2023-11-13,2023-11-14,2023-11-15,2-3%,-2.122,225.3551,229.78,tp_gap_filled,111.7339,25179.82,1.964,494.41,1
CRL,2023-11-08,2023-11-14,2023-11-15,2-3%,-2.084,179.179,182.6272,tp_gap_filled,140.6757,25206.13,1.924,485.08,1
DOC,2023-11-06,2023-11-14,2023-11-15,2-3%,-2.034,16.8769,17.1928,tp_gap_filled,1493.3073,25202.34,1.872,471.78,1
TSN,2023-11-13,2023-11-14,2023-11-15,2-3%,-2.023,46.046,46.9031,tp_gap_filled,547.3978,25205.48,1.861,469.15,1
FCX,2023-11-07,2023-11-14,2023-11-15,2-3%,-2.007,34.6947,35.3346,tp_gap_filled,727.3855,25236.39,1.845,465.5,1
AAPL,2023-08-04,2023-08-30,2023-11-20,2-3%,-2.955,185.7055,190.9788,tp_gap_filled,135.3762,25140.1,2.84,713.88,57
PANW,2023-11-16,2023-11-17,2023-11-20,5-10%,-6.32,120.115,127.9619,tp_gap_filled,210.8559,25326.96,6.533,1654.57,1
NFLX,2023-07-20,2023-09-05,2023-11-22,5-10%,-6.405,44.7447,47.7112,tp_gap_filled,559.5417,25036.53,6.63,1659.9,56
GOOGL,2023-10-25,2023-11-02,2023-11-22,5-10%,-7.672,128.2882,138.6712,tp_gap_filled,183.7171,23568.74,8.094,1907.54,14
GOOG,2023-10-25,2023-11-02,2023-11-22,5-10%,-7.387,129.8998,139.9799,tp_gap_filled,182.0817,23652.38,7.76,1835.4,14
CVNA,2023-10-12,2023-11-15,2023-11-24,3-5%,-4.331,7.2532,6.0866,stop,3510.9093,25465.49,-16.084,-4095.87,6
BBY,2023-11-21,2023-11-22,2023-11-24,3-5%,-4.566,65.065,68.0419,tp_gap_filled,394.0696,25640.14,4.575,1173.1,1
HUM,2023-11-01,2023-11-07,2023-11-27,3-5%,-4.459,500.8403,523.1663,tp_gap_filled,48.3218,24201.5,4.458,1078.83,13
RF,2023-10-20,2023-10-23,2023-11-29,10%+,-12.197,14.4845,16.4635,tp_gap_filled,1570.0377,22741.16,13.663,3107.18,26
MRVL,2023-11-16,2023-11-17,2023-11-29,3-5%,-3.428,55.2652,57.1128,tp_gap_filled,458.9282,25362.76,3.343,847.92,7
HPQ,2023-08-30,2023-08-31,2023-11-30,5-10%,-7.491,29.049,29.3107,time_exit,863.45,25082.38,0.901,225.91,63
ADSK,2023-11-22,2023-11-24,2023-11-30,5-10%,-7.544,201.4512,217.4523,tp_gap_filled,127.9902,25783.78,7.943,2047.98,4
EL,2023-11-01,2023-11-02,2023-12-01,10%+,-15.201,109.3893,128.7411,tp_gap_filled,215.1303,23532.95,17.691,4163.17,20
CIEN,2023-11-16,2023-11-17,2023-12-01,3-5%,-3.815,44.6646,46.3436,tp_gap_filled,567.6265,25352.82,3.759,953.04,9
ABNB,2023-10-03,2023-10-10,2023-12-04,3-5%,-3.215,132.3022,136.4234,tp_gap_filled,178.9588,23676.63,3.115,737.54,38
LOW,2023-11-21,2023-11-22,2023-12-04,3-5%,-3.385,197.7175,204.2356,tp_gap_filled,129.8776,25679.08,3.297,846.55,7
INCY,2023-11-21,2023-11-22,2023-12-04,2-3%,-2.76,53.2532,54.6553,tp_gap_filled,482.2693,25682.39,2.633,676.18,7
HOOD,2023-11-08,2023-11-29,2023-12-05,5-10%,-9.99,8.7938,9.7502,tp_gap_filled,2937.0424,25827.72,10.876,2809.15,4
TSLA,2023-12-01,2023-12-04,2023-12-05,2-3%,-2.891,233.3731,239.8399,tp_gap_filled,112.832,26331.97,2.771,729.66,1
EVRG,2023-12-04,2023-12-05,2023-12-06,2-3%,-2.898,50.3103,51.7082,tp_gap_filled,518.7931,26100.62,2.779,725.26,1
FERG,2023-12-04,2023-12-05,2023-12-06,2-3%,-2.419,168.4082,172.2376,tp_gap_filled,155.0766,26116.18,2.274,593.84,1
SW,2023-09-08,2023-09-11,2023-12-08,10%+,-12.728,37.3373,37.8022,time_exit,658.3357,24580.48,1.245,306.03,63
SMCI,2023-12-01,2023-12-04,2023-12-08,3-5%,-4.099,26.2522,27.3197,tp_gap_filled,1002.5503,26319.18,4.066,1070.15,4
CVNA,2023-12-05,2023-12-06,2023-12-08,3-5%,-3.269,7.7598,8.006,tp_gap_filled,3356.701,26047.17,3.173,826.53,2
SJM,2023-09-11,2023-09-12,2023-12-11,5-10%,-7.346,131.3112,121.3785,time_exit,185.6803,24381.9,-7.564,-1844.3,63
FTV,2023-10-25,2023-10-26,2023-12-11,5-10%,-6.833,49.3711,52.886,tp_gap_filled,460.8054,22750.47,7.119,1619.7,31
LITE,2023-11-16,2023-11-17,2023-12-11,3-5%,-3.146,43.7637,45.0949,tp_gap_filled,579.6486,25367.58,3.042,771.59,15
AMAT,2023-11-17,2023-11-20,2023-12-11,5-10%,-8.249,142.182,154.6552,tp_gap_filled,179.7253,25553.71,8.773,2241.74,14
LVS,2023-11-29,2023-11-30,2023-12-11,3-5%,-3.546,46.016,47.6123,tp_gap_filled,561.7943,25851.51,3.469,896.83,7
COIN,2023-12-07,2023-12-08,2023-12-11,2-3%,-2.681,131.151,134.4954,tp_gap_filled,201.2178,26389.92,2.55,672.94,1
HOOD,2023-12-08,2023-12-11,2023-12-12,2-3%,-2.178,11.2412,11.4685,tp_gap_filled,2372.848,26673.73,2.022,539.32,1
RVTY,2023-10-30,2023-10-31,2023-12-13,10%+,-17.227,81.091,97.7721,tp_gap_filled,281.7502,22847.41,20.571,4699.91,30
EMR,2023-11-07,2023-11-08,2023-12-13,5-10%,-8.655,83.8838,91.6483,tp_gap_filled,288.3558,24188.38,9.256,2238.93,24
BAX,2023-10-11,2023-11-20,2023-12-13,3-5%,-4.073,35.8358,37.2827,tp_gap_filled,714.8144,25615.95,4.038,1034.25,16
JBHT,2023-10-18,2023-11-30,2023-12-13,5-10%,-5.449,185.5153,195.814,tp_gap_filled,139.3559,25852.65,5.551,1435.18,9
GEHC,2023-11-27,2023-12-11,2023-12-13,3-5%,-3.324,71.3313,73.6363,tp_gap_filled,373.9768,26676.24,3.231,862.03,2
SMCI,2023-12-11,2023-12-12,2023-12-13,3-5%,-3.525,26.3303,27.2377,tp_gap_filled,1013.6418,26689.5,3.446,919.81,1
COIN,2023-12-11,2023-12-12,2023-12-13,3-5%,-3.492,141.6415,146.4734,tp_gap_filled,188.4792,26696.48,3.411,910.71,1
EQT,2023-12-11,2023-12-12,2023-12-13,2-3%,-2.343,36.2963,37.0929,tp_gap_filled,735.1661,26683.78,2.195,585.64,1
EXE,2023-12-11,2023-12-12,2023-12-13,2-3%,-2.172,73.4934,74.975,tp_gap_filled,362.9817,26676.76,2.016,537.77,1
MO,2023-09-14,2023-09-15,2023-12-14,2-3%,-2.078,43.8638,42.0679,time_exit,555.1101,24349.25,-4.094,-996.94,63
ALGN,2023-10-26,2023-10-27,2023-12-14,10%+,-22.386,197.0969,253.4363,tp_gap_filled,114.9401,22654.34,28.585,6475.66,33
APTV,2023-11-02,2023-11-03,2023-12-14,5-10%,-9.085,78.3383,85.9939,tp_gap_filled,306.8268,24036.28,9.773,2348.96,28
DD,2023-11-01,2023-11-03,2023-12-14,3-5%,-4.116,87.8032,91.3897,tp_gap_filled,274.9703,24143.27,4.085,986.18,28
TTD,2023-11-10,2023-11-13,2023-12-14,10%+,-19.717,61.7267,76.7332,tp_gap_filled,394.8905,24375.27,24.311,5925.93,22
DE,2023-11-22,2023-11-24,2023-12-14,5-10%,-5.663,361.341,382.2673,tp_gap_filled,71.3791,25792.18,5.791,1493.7,14
F,2023-10-27,2023-11-29,2023-12-14,3-5%,-3.7,10.9409,11.3387,tp_gap_filled,2361.7805,25840.08,3.635,939.33,11
ON,2023-10-30,2023-12-01,2023-12-14,10%+,-12.249,73.3633,83.4365,tp_gap_filled,359.6623,26386.01,13.731,3622.94,9
JBL,2023-11-29,2023-12-01,2023-12-14,10%+,-10.032,117.6876,130.5493,tp_gap_filled,224.287,26395.8,10.929,2884.72,9
FCX,2023-12-04,2023-12-08,2023-12-14,2-3%,-2.931,38.1281,39.2008,tp_gap_filled,692.1254,26389.42,2.813,742.42,4
HPE,2023-12-12,2023-12-13,2023-12-14,3-5%,-3.661,16.066,16.6433,tp_gap_filled,1695.0301,27232.44,3.593,978.52,1
ABNB,2023-12-12,2023-12-13,2023-12-14,3-5%,-3.506,138.0379,142.7671,tp_gap_filled,197.4927,27261.48,3.426,933.98,1
FTNT,2023-11-03,2023-11-06,2023-12-15,10%+,-22.73,44.5445,57.5324,tp_gap_filled,539.9184,24050.39,29.157,7012.41,28
CRM,2023-12-04,2023-12-06,2023-12-15,2-3%,-2.769,253.0528,259.74,tp_gap_filled,102.8063,26015.42,2.643,687.49,7
DRI,2023-12-15,2023-12-18,2023-12-19,3-5%,-4.715,155.5554,162.9269,tp_gap_filled,178.3681,27746.12,4.739,1314.84,1
MPC,2023-12-15,2023-12-18,2023-12-19,3-5%,-3.433,145.8557,150.7391,tp_gap_filled,190.8144,27831.37,3.348,931.82,1
AJG,2023-12-15,2023-12-18,2023-12-19,2-3%,-2.859,220.7706,226.813,tp_gap_filled,126.2363,27869.25,2.737,762.77,1
FCX,2023-12-15,2023-12-18,2023-12-19,2-3%,-2.43,40.991,41.928,tp_gap_filled,680.8562,27908.94,2.286,638.02,1
UNP,2023-12-15,2023-12-18,2023-12-19,2-3%,-2.149,237.8776,242.6171,tp_gap_filled,117.359,27917.09,1.992,556.22,1
WM,2023-12-15,2023-12-18,2023-12-19,2-3%,-2.021,173.2731,176.4933,tp_gap_filled,161.2306,27936.92,1.858,519.2,1
GOOG,2023-12-08,2023-12-18,2023-12-19,2-3%,-2.015,135.7957,138.3115,tp_gap_filled,205.9001,27960.34,1.853,518.02,1
COIN,2023-12-18,2023-12-19,2023-12-20,2-3%,-2.089,144.9548,147.7521,tp_gap_filled,194.0497,28128.44,1.93,542.81,1
FDS,2023-12-19,2023-12-20,2023-12-21,2-3%,-2.94,445.445,458.0215,tp_gap_filled,62.4344,27811.11,2.823,785.21,1
ACN,2023-12-19,2023-12-20,2023-12-21,2-3%,-2.668,333.0627,341.5082,tp_gap_filled,83.5441,27825.42,2.536,705.56,1
DELL,2023-12-01,2023-12-14,2023-12-22,5-10%,-5.285,71.9319,75.7941,tp_gap_filled,384.7034,27672.43,5.369,1485.83,6
JCI,2023-12-12,2023-12-14,2023-12-22,3-5%,-3.642,54.5645,56.5134,tp_gap_filled,507.4082,27686.48,3.572,988.9,6
SYK,2023-12-15,2023-12-18,2023-12-22,3-5%,-3.676,286.4662,296.8029,tp_gap_filled,97.0976,27815.18,3.608,1003.67,4
ECHO,2023-11-06,2023-12-08,2023-12-27,10%+,-15.026,13.1331,15.4246,tp_gap_filled,2009.8543,26395.66,17.448,4605.46,12
PCAR,2023-12-14,2023-12-15,2023-12-27,3-5%,-3.059,95.1551,97.9619,tp_gap_filled,289.8551,27581.18,2.95,813.59,7
MRNA,2023-10-16,2023-12-22,2023-12-27,3-5%,-3.052,95.3953,98.2017,tp_gap_filled,295.2439,28164.88,2.942,828.57,2
TPR,2023-12-22,2023-12-26,2023-12-27,2-3%,-2.557,36.6266,37.5124,tp_gap_filled,772.7386,28302.78,2.419,684.54,1
VEEV,2023-11-09,2023-11-15,2023-12-28,5-10%,-8.108,178.5684,193.9359,tp_gap_filled,142.6287,25468.97,8.606,2191.84,29
MCK,2023-12-14,2023-12-21,2023-12-28,2-3%,-2.157,451.3108,460.3392,tp_gap_filled,62.2386,28088.94,2.0,561.91,4
CEG,2023-12-22,2023-12-26,2023-12-28,2-3%,-2.798,115.115,118.1917,tp_gap_filled,245.6906,28282.67,2.673,755.91,2
SMCI,2023-12-19,2023-12-20,2023-12-29,2-3%,-2.232,31.5315,28.035,stop,883.0326,27843.34,-11.089,-3087.55,6
GIS,2023-12-20,2023-12-21,2024-01-02,3-5%,-4.137,64.014,66.6433,tp_gap_filled,438.7369,28085.28,4.107,1153.59,6
EIX,2023-12-28,2023-12-29,2024-01-02,2-3%,-2.072,70.4904,71.8381,tp_gap_filled,402.6114,28380.25,1.912,542.59,1
COIN,2023-12-28,2023-12-29,2024-01-03,3-5%,-3.201,179.4893,150.6202,stop,158.0068,28360.54,-16.084,-4561.51,2
COIN,2024-01-03,2024-01-04,2024-01-05,5-10%,-6.935,146.146,156.7231,tp_gap_filled,190.7093,27871.4,7.237,2017.16,1
BRO,2023-12-15,2023-12-18,2024-01-08,2-3%,-2.557,70.1901,71.888,tp_gap_filled,397.4607,27897.82,2.419,674.86,13
HST,2023-12-28,2023-12-29,2024-01-08,2-3%,-2.529,19.6797,20.1498,tp_gap_filled,1441.7181,28372.52,2.389,677.85,5
LEN,2023-12-15,2023-12-18,2024-01-10,5-10%,-5.542,141.7001,149.7146,tp_gap_filled,195.7076,27731.79,5.656,1568.5,15
MLM,2023-12-28,2023-12-29,2024-01-10,2-3%,-2.086,489.6892,499.1204,tp_gap_filled,57.9193,28362.45,1.926,546.25,7
DECK,2023-12-22,2023-12-26,2024-01-11,2-3%,-2.233,114.8497,117.2376,tp_gap_filled,246.6537,28328.11,2.079,588.99,11
PH,2023-12-28,2023-12-29,2024-01-11,3-5%,-3.189,447.9575,461.7878,tp_gap_filled,63.2453,28331.21,3.087,874.7,8
ECHO,2024-01-02,2024-01-10,2024-01-11,2-3%,-2.474,16.1762,16.5534,tp_gap_filled,1751.6303,28334.65,2.332,660.84,1
GILD,2024-01-10,2024-01-11,2024-01-12,2-3%,-2.51,83.9839,85.9739,tp_gap_filled,337.3662,28333.33,2.37,671.37,1
AVGO,2024-01-02,2024-01-11,2024-01-16,2-3%,-2.162,109.3212,111.5134,tp_gap_filled,259.3197,28349.14,2.005,568.47,2
CAH,2023-12-14,2024-01-03,2024-01-17,3-5%,-3.748,104.104,107.942,tp_gap_filled,267.8249,27881.64,3.687,1027.9,9
HUM,2024-01-12,2024-01-16,2024-01-17,5-10%,-5.292,431.3409,454.535,tp_gap_filled,65.2356,28138.79,5.377,1513.08,1
NXPI,2024-01-04,2024-01-05,2024-01-19,5-10%,-5.447,204.5143,215.8639,tp_gap_filled,136.5956,27935.75,5.55,1550.31,9
JPM,2024-01-16,2024-01-17,2024-01-19,2-3%,-2.473,165.0349,168.881,tp_gap_filled,170.0088,28057.39,2.33,653.87,2
LUV,2023-12-13,2023-12-14,2024-01-22,2-3%,-2.408,29.6096,30.2797,tp_gap_filled,934.7861,27678.62,2.263,626.41,24
URI,2023-12-28,2023-12-29,2024-01-22,2-3%,-2.529,564.7842,578.2811,tp_gap_filled,50.2105,28358.07,2.39,677.69,14
C,2024-01-11,2024-01-12,2024-01-22,2-3%,-2.226,51.8918,52.967,tp_gap_filled,545.9484,28330.27,2.072,586.97,5
BALL,2024-01-16,2024-01-17,2024-01-22,2-3%,-2.165,55.1951,56.3036,tp_gap_filled,508.5418,28069.03,2.008,563.72,3
ADP,2023-10-25,2023-11-14,2024-01-23,3-5%,-4.492,229.8796,240.2095,tp_gap_filled,109.5262,25177.85,4.494,1131.4,46
ORCL,2023-12-12,2023-12-13,2024-01-24,10%+,-10.796,102.8027,115.0149,tp_gap_filled,264.8839,27230.78,11.879,3234.81,27
NEM,2024-01-17,2024-01-23,2024-01-24,2-3%,-2.138,35.2752,35.974,tp_gap_filled,811.0848,28611.21,1.981,566.74,1
ADBE,2023-12-14,2023-12-18,2024-01-25,5-10%,-5.008,593.593,623.6357,tp_gap_filled,46.7281,27737.5,5.061,1403.84,25
GE,2024-01-23,2024-01-24,2024-01-25,2-3%,-2.743,101.9614,104.6279,tp_gap_filled,279.4224,28490.3,2.615,745.08,1
INTC,2024-01-02,2024-01-24,2024-01-25,2-3%,-2.09,49.2492,50.1998,tp_gap_filled,578.8204,28506.44,1.93,550.2,1
J,2023-11-21,2024-01-10,2024-01-26,3-5%,-3.636,109.293,113.1898,tp_gap_filled,259.2659,28335.95,3.565,1010.29,11
T,2024-01-09,2024-01-23,2024-01-26,2-3%,-2.021,16.987,17.3027,tp_gap_filled,1684.4384,28613.5,1.859,531.79,3
STLD,2024-01-24,2024-01-25,2024-01-26,5-10%,-5.218,110.1901,116.0239,tp_gap_filled,260.0651,28656.6,5.294,1517.16,1
WST,2023-10-25,2023-12-14,2024-01-29,2-3%,-2.05,362.5022,369.3503,tp_gap_filled,76.3673,27683.31,1.889,522.97,29
COIN,2024-01-23,2024-01-24,2024-01-29,3-5%,-4.524,122.5324,128.0818,tp_gap_filled,232.5878,28499.54,4.529,1290.72,3
AMP,2024-01-25,2024-01-26,2024-01-29,3-5%,-4.966,370.4901,389.0705,tp_gap_filled,78.1698,28961.14,5.015,1452.43,1
HAS,2023-10-26,2023-10-27,2024-01-30,10%+,-14.959,46.6066,50.6293,time_exit,485.5702,22630.76,8.631,1953.33,63
FDS,2024-01-02,2024-01-11,2024-01-30,2-3%,-2.71,464.5841,476.5729,tp_gap_filled,60.9848,28332.56,2.581,731.14,12
UNH,2024-01-25,2024-01-26,2024-01-31,3-5%,-4.996,488.0776,512.7168,tp_gap_filled,59.2759,28931.26,5.048,1460.51,3
UPS,2023-12-20,2023-12-21,2024-02-01,2-3%,-2.939,157.0269,139.6142,stop,178.8748,28088.15,-11.089,-3114.7,27
WMT,2023-11-16,2023-11-28,2024-02-02,5-10%,-6.497,52.9696,56.5367,tp_gap_filled,484.3259,25654.54,6.734,1727.67,45
CMI,2023-12-22,2023-12-26,2024-02-02,3-5%,-4.205,233.9737,243.756,tp_gap_filled,120.7848,28260.47,4.181,1181.55,26
LEN,2024-01-23,2024-01-30,2024-02-02,2-3%,-2.763,146.303,150.1595,tp_gap_filled,198.0654,28977.57,2.636,763.84,3
PWR,2024-01-03,2024-01-08,2024-02-07,2-3%,-2.499,204.244,209.0607,tp_gap_filled,138.5978,28307.78,2.358,667.58,21
CVS,2024-01-18,2024-01-19,2024-02-07,5-10%,-5.014,73.2031,76.913,tp_gap_filled,388.0052,28403.2,5.068,1439.45,13
QCOM,2024-02-01,2024-02-02,2024-02-08,5-10%,-5.144,141.0109,148.3615,tp_gap_filled,204.0861,28778.36,5.213,1500.16,4
UBER,2024-02-07,2024-02-08,2024-02-09,3-5%,-4.08,67.6626,70.3995,tp_gap_filled,425.4736,28788.65,4.045,1164.49,1
CME,2023-12-27,2023-12-28,2024-02-14,2-3%,-2.654,209.3091,214.5852,tp_gap_filled,135.8257,28429.55,2.521,716.63,32
SW,2024-01-02,2024-01-08,2024-02-14,3-5%,-3.431,39.4494,40.7692,tp_gap_filled,718.2693,28335.3,3.346,947.96,26
LIN,2023-12-13,2023-12-14,2024-02-15,3-5%,-4.87,406.3459,426.2933,tp_gap_filled,68.1164,27678.82,4.909,1358.74,42
MRSH,2024-01-25,2024-01-26,2024-02-15,3-5%,-3.619,191.6915,198.4913,tp_gap_filled,151.3663,29015.63,3.547,1029.26,14
AMD,2024-01-26,2024-01-29,2024-02-15,2-3%,-2.795,175.4653,180.1497,tp_gap_filled,165.5541,29049.0,2.67,775.52,13
TECH,2024-02-01,2024-02-02,2024-02-15,3-5%,-4.579,67.1671,70.2497,tp_gap_filled,428.4397,28777.05,4.589,1320.7,9
HAS,2024-02-13,2024-02-14,2024-02-15,10%+,-10.021,46.1962,51.2387,tp_gap_filled,628.5109,29034.78,10.916,3169.3,1
APD,2023-11-07,2023-11-15,2024-02-16,5-10%,-6.715,272.0117,226.6232,time_exit,93.6006,25460.47,-16.686,-4248.4,63
GPN,2024-02-14,2024-02-15,2024-02-16,2-3%,-2.991,132.132,135.9339,tp_gap_filled,223.1649,29487.22,2.877,848.46,1
GPC,2024-02-15,2024-02-16,2024-02-20,5-10%,-6.276,135.135,143.896,tp_gap_filled,217.9776,29456.41,6.483,1909.69,1
CSCO,2023-11-16,2023-11-17,2024-02-21,10%+,-11.017,47.4574,48.4315,time_exit,533.5642,25321.57,2.053,519.75,63
BG,2024-01-22,2024-01-23,2024-02-21,2-3%,-2.169,90.7607,92.5873,tp_gap_filled,315.3053,28617.32,2.013,575.95,20
KHC,2024-02-14,2024-02-15,2024-02-21,3-5%,-3.155,35.025,36.0939,tp_gap_filled,842.0553,29492.98,3.052,900.06,3
ADI,2024-02-13,2024-02-15,2024-02-21,3-5%,-3.035,188.3482,193.856,tp_gap_filled,156.5794,29491.44,2.924,862.41,3
MA,2024-02-20,2024-02-21,2024-02-22,3-5%,-3.275,453.2528,467.6619,tp_gap_filled,65.3214,29607.12,3.179,941.22,1
WBD,2024-01-29,2024-01-30,2024-02-23,2-3%,-2.166,10.4004,9.2471,stop,2786.1624,28977.18,-11.089,-3213.28,17
ZTS,2024-02-13,2024-02-15,2024-02-23,5-10%,-5.13,186.7866,196.4933,tp_gap_filled,157.816,29477.92,5.197,1531.87,5
NOC,2024-01-25,2024-01-31,2024-02-26,3-5%,-3.733,447.0466,463.4561,tp_gap_filled,64.0363,28627.19,3.671,1050.8,17
CAH,2024-02-01,2024-02-02,2024-02-26,3-5%,-4.753,104.104,109.0808,tp_gap_filled,276.483,28782.98,4.781,1376.0,15
CVNA,2024-02-16,2024-02-23,2024-02-26,3-5%,-4.252,11.045,11.5125,tp_gap_filled,2713.1192,29966.5,4.232,1268.23,1
COF,2024-02-20,2024-02-21,2024-02-28,3-5%,-4.664,130.9608,137.0928,tp_gap_filled,225.8434,29576.64,4.682,1384.86,5
BF-B,2023-12-06,2023-12-12,2024-02-29,5-10%,-5.745,56.8268,60.1698,tp_gap_filled,469.6329,26687.72,5.883,1569.98,53
IT,2024-02-06,2024-02-07,2024-02-29,5-10%,-7.803,433.5631,469.3202,tp_gap_filled,66.2299,28714.85,8.247,2368.19,15
ANET,2024-02-13,2024-02-14,2024-03-01,5-10%,-8.185,64.537,70.1498,tp_gap_filled,452.0018,29170.83,8.697,2537.0,11
DASH,2024-02-16,2024-02-20,2024-03-01,10%+,-11.396,111.9919,126.1437,tp_gap_filled,263.0413,29458.49,12.636,3722.52,8
EOG,2024-02-23,2024-02-26,2024-03-01,5-10%,-5.619,109.9699,116.2836,tp_gap_filled,271.6143,29869.39,5.741,1714.9,4
MS,2024-01-16,2024-01-22,2024-03-04,3-5%,-3.3,86.8267,89.6103,tp_gap_filled,328.5001,28522.59,3.206,914.4,29
BEN,2024-02-13,2024-02-15,2024-03-04,2-3%,-2.882,27.3273,28.0819,tp_gap_filled,1080.5872,29529.53,2.761,815.4,11
ROL,2024-02-15,2024-02-23,2024-03-04,3-5%,-4.859,42.1421,44.2058,tp_gap_filled,710.836,29956.12,4.897,1466.92,6
HPQ,2024-02-29,2024-03-01,2024-03-04,2-3%,-2.994,27.8879,28.6913,tp_gap_filled,1086.1916,30291.56,2.881,872.67,1
DELL,2024-02-29,2024-03-01,2024-03-04,2-3%,-2.413,91.091,93.1568,tp_gap_filled,333.1468,30346.67,2.268,688.2,1
ECHO,2024-02-20,2024-02-21,2024-03-05,3-5%,-3.195,13.3433,13.7562,tp_gap_filled,2219.8163,29619.74,3.094,916.56,9
HPE,2024-01-09,2024-03-04,2024-03-05,5-10%,-6.321,16.6166,17.7023,tp_gap_filled,1809.94,30075.05,6.534,1965.01,1
SMCI,2024-02-23,2024-03-04,2024-03-05,3-5%,-3.83,93.9098,97.4544,tp_gap_filled,320.5973,30107.23,3.775,1136.4,1
USB,2024-01-31,2024-03-04,2024-03-05,2-3%,-2.03,42.5025,43.2967,tp_gap_filled,711.4326,30237.64,1.869,565.02,1
PFE,2023-12-01,2023-12-04,2024-03-06,3-5%,-4.923,28.999,27.1628,time_exit,907.297,26310.68,-6.332,-1665.94,63
DXCM,2024-02-09,2024-03-04,2024-03-06,3-5%,-3.188,123.123,126.923,tp_gap_filled,245.7035,30251.76,3.086,933.66,2
AON,2023-12-15,2023-12-18,2024-03-07,2-3%,-2.11,311.6313,317.712,tp_gap_filled,89.6242,27929.7,1.951,544.97,54
WEC,2024-02-02,2024-03-04,2024-03-07,2-3%,-2.311,79.9699,81.6982,tp_gap_filled,378.2051,30245.02,2.161,653.66,3
D,2024-03-01,2024-03-04,2024-03-07,2-3%,-2.049,46.8968,47.7822,tp_gap_filled,644.8593,30241.87,1.888,570.91,3
CFG,2024-01-31,2024-03-05,2024-03-07,3-5%,-3.614,33.1031,34.2757,tp_gap_filled,907.8432,30052.4,3.542,1064.56,2
IRM,2024-03-04,2024-03-05,2024-03-07,2-3%,-2.567,79.0289,80.949,tp_gap_filled,380.5448,30074.05,2.43,730.65,2
SMCI,2024-03-05,2024-03-06,2024-03-07,3-5%,-3.662,103.6035,107.3266,tp_gap_filled,292.0116,30253.43,3.594,1087.18,1
KKR,2024-03-04,2024-03-05,2024-03-08,3-5%,-3.002,96.056,98.8311,tp_gap_filled,313.02,30067.44,2.889,868.67,3
MO,2023-12-20,2024-01-02,2024-03-11,2-3%,-2.71,41.3313,42.3976,tp_gap_filled,683.501,28249.98,2.58,728.8,47
PYPL,2024-02-08,2024-02-09,2024-03-13,5-10%,-8.318,58.038,63.1768,tp_gap_filled,499.6121,28996.48,8.854,2567.4,22
KVUE,2024-02-08,2024-03-07,2024-03-13,3-5%,-3.265,19.8699,20.4995,tp_gap_filled,1540.9888,30619.22,3.169,970.25,4
MS,2024-03-06,2024-03-07,2024-03-13,2-3%,-2.648,86.8568,89.0409,tp_gap_filled,352.6123,30626.76,2.515,770.14,4
WSM,2024-03-08,2024-03-11,2024-03-13,5-10%,-5.095,117.5574,123.6213,tp_gap_filled,262.3859,30845.41,5.158,1591.06,2
AFL,2024-02-01,2024-02-07,2024-03-15,5-10%,-6.486,78.9489,84.2557,tp_gap_filled,364.1727,28751.02,6.722,1932.59,26
MKC,2023-10-03,2023-12-14,2024-03-18,5-10%,-5.902,70.3803,68.0519,time_exit,393.5758,27699.98,-3.308,-916.41,63
DE,2024-02-15,2024-02-29,2024-03-18,3-5%,-4.595,367.4671,384.3952,tp_gap_filled,82.4151,30284.83,4.607,1395.13,12
AAPL,2024-03-05,2024-03-06,2024-03-18,2-3%,-2.479,170.9308,174.9249,tp_gap_filled,177.4972,30339.73,2.337,708.95,8
CMI,2024-03-14,2024-03-15,2024-03-18,2-3%,-2.49,263.7735,269.9698,tp_gap_filled,116.2826,30672.28,2.349,720.51,1
RL,2024-03-04,2024-03-05,2024-03-19,2-3%,-2.703,180.17,184.805,tp_gap_filled,166.9158,30073.22,2.573,773.66,10
TKO,2024-02-28,2024-02-29,2024-03-20,3-5%,-3.534,83.3332,86.2137,tp_gap_filled,363.3386,30278.19,3.457,1046.58,14
MMM,2024-01-23,2024-03-13,2024-03-20,5-10%,-6.628,84.4154,90.2274,tp_gap_filled,367.8709,31053.98,6.885,2138.06,5
FERG,2024-03-05,2024-03-13,2024-03-20,3-5%,-4.106,206.9067,215.3345,tp_gap_filled,150.2409,31085.85,4.073,1266.19,5
BKR,2024-01-08,2024-03-19,2024-03-20,2-3%,-2.154,32.7327,33.3866,tp_gap_filled,946.2516,30973.37,1.998,618.73,1
DD,2024-01-24,2024-01-25,2024-03-21,10%+,-13.71,80.9805,93.6594,tp_gap_filled,353.9957,28666.74,15.657,4488.28,39
PNC,2024-03-06,2024-03-07,2024-03-21,3-5%,-4.068,148.9588,154.9649,tp_gap_filled,205.4868,30609.07,4.032,1234.17,10
NEM,2024-03-12,2024-03-13,2024-03-21,2-3%,-2.128,34.5245,35.2048,tp_gap_filled,900.2656,31081.21,1.97,612.42,6
NXPI,2024-03-15,2024-03-18,2024-03-21,3-5%,-3.791,234.7245,243.4863,tp_gap_filled,131.7046,30914.3,3.733,1153.97,3
COHR,2024-03-19,2024-03-20,2024-03-21,3-5%,-3.054,57.8278,59.5304,tp_gap_filled,541.1165,31291.56,2.944,921.33,1
VRT,2024-03-19,2024-03-20,2024-03-21,2-3%,-2.774,75.075,77.0629,tp_gap_filled,417.3283,31330.92,2.648,829.59,1
CVNA,2024-03-19,2024-03-20,2024-03-21,2-3%,-2.729,15.7327,16.1418,tp_gap_filled,1993.8949,31369.38,2.6,815.75,1
FDX,2023-12-20,2023-12-21,2024-03-22,10%+,-11.964,198.8288,225.3989,tp_gap_filled,141.2419,28082.96,13.363,3752.81,62
FLEX,2024-03-15,2024-03-21,2024-03-22,2-3%,-2.055,27.6776,28.2018,tp_gap_filled,1140.0012,31552.55,1.894,597.5,1
SMCI,2024-03-19,2024-03-20,2024-03-25,10%+,-11.199,88.9499,99.9679,tp_gap_filled,351.6968,31283.39,12.387,3875.02,3
NDAQ,2024-03-20,2024-03-21,2024-03-26,3-5%,-4.051,59.9899,62.3975,tp_gap_filled,526.3347,31574.78,4.013,1267.21,3
RDDT,2024-03-22,2024-03-25,2024-03-26,3-5%,-3.093,48.9289,50.3896,tp_gap_filled,638.3616,31234.32,2.985,932.44,1
COIN,2024-03-22,2024-03-25,2024-03-26,2-3%,-2.962,254.4942,261.738,tp_gap_filled,123.6399,31465.64,2.846,895.62,1
NKE,2023-12-22,2023-12-26,2024-03-27,10%+,-11.646,108.3683,94.0359,time_exit,260.8097,28263.49,-13.226,-3738.03,63
AMCR,2024-03-20,2024-03-21,2024-03-27,2-3%,-2.665,45.6957,46.8531,tp_gap_filled,690.139,31536.35,2.533,798.8,4
INTC,2024-03-25,2024-03-26,2024-03-27,3-5%,-3.946,40.9309,42.5274,tp_gap_filled,764.6414,31297.45,3.901,1220.78,1
ON,2024-03-25,2024-03-26,2024-03-27,3-5%,-3.321,72.2722,74.6053,tp_gap_filled,433.4232,31324.45,3.228,1011.23,1
CSX,2024-03-26,2024-03-27,2024-03-28,2-3%,-2.66,35.8959,36.8032,tp_gap_filled,887.9887,31875.12,2.528,805.67,1
AEE,2023-12-15,2024-01-02,2024-04-03,2-3%,-2.066,73.5435,73.0769,time_exit,384.2033,28255.65,-0.634,-179.28,63
PSKY,2024-02-15,2024-03-21,2024-04-03,3-5%,-4.018,12.6727,13.1768,tp_gap_filled,2494.1282,31607.24,3.978,1257.41,8
LVS,2024-03-01,2024-03-13,2024-04-04,2-3%,-2.054,53.4534,54.4655,tp_gap_filled,581.377,31076.58,1.893,588.4,15
EQT,2024-03-11,2024-03-25,2024-04-04,5-10%,-6.983,34.9349,37.4825,tp_gap_filled,894.17,31237.74,7.292,2277.97,7
CVNA,2024-04-02,2024-04-04,2024-04-08,2-3%,-2.846,16.8809,17.3406,tp_gap_filled,1843.4231,31118.57,2.724,847.56,2
ALB,2024-03-05,2024-03-07,2024-04-09,5-10%,-8.363,122.1821,133.0668,tp_gap_filled,250.4875,30605.08,8.909,2726.49,22
XYZ,2024-04-05,2024-04-08,2024-04-09,2-3%,-2.449,72.9729,74.6553,tp_gap_filled,431.3598,31477.58,2.305,725.71,1
SWKS,2024-04-08,2024-04-09,2024-04-10,2-3%,-2.474,102.9729,105.3745,tp_gap_filled,308.7722,31795.16,2.332,741.56,1
APTV,2024-01-03,2024-01-29,2024-04-12,3-5%,-3.005,87.5475,73.4663,stop,331.8222,29050.19,-16.084,-4672.43,52
UNH,2024-04-02,2024-04-03,2024-04-18,5-10%,-6.147,460.0596,489.2103,tp_gap_filled,68.3481,31444.2,6.336,1992.4,11
HUM,2024-01-18,2024-01-19,2024-04-19,10%+,-12.355,392.8324,328.0017,time_exit,72.2503,28382.25,-16.503,-4684.04,63
TSLA,2024-01-25,2024-01-29,2024-04-22,5-10%,-8.723,189.8897,140.3779,stop,152.9566,29044.89,-26.074,-7573.16,58
GILD,2024-01-22,2024-01-25,2024-04-25,5-10%,-7.779,80.5805,65.2047,time_exit,355.6785,28660.75,-19.081,-5468.83,63
WDAY,2024-02-27,2024-02-28,2024-04-30,3-5%,-4.759,292.8826,245.7754,stop,103.0813,30190.71,-16.084,-4855.87,43
CTSH,2024-03-21,2024-03-27,2024-05-01,2-3%,-2.222,73.5535,65.3971,stop,433.7397,31903.06,-11.089,-3537.73,24
CVS,2024-04-02,2024-04-04,2024-05-01,5-10%,-5.882,74.9549,55.4111,stop,415.359,31133.18,-26.074,-8117.67,19
ROK,2024-01-31,2024-02-01,2024-05-02,10%+,-14.101,264.1639,269.77,time_exit,109.4867,28922.44,2.122,613.79,63
ES,2024-01-09,2024-03-08,2024-05-02,3-5%,-4.915,59.8398,62.8071,tp_gap_filled,511.4529,30605.23,4.959,1517.66,38
CTVA,2024-04-12,2024-04-19,2024-05-02,3-5%,-3.17,54.7247,56.4035,tp_gap_filled,550.8664,30145.98,3.068,924.83,9
INCY,2024-04-30,2024-05-01,2024-05-02,3-5%,-4.11,50.4504,52.5074,tp_gap_filled,586.6603,29597.25,4.077,1206.78,1
BLDR,2024-04-10,2024-04-15,2024-05-03,3-5%,-4.699,190.0198,198.9908,tp_gap_filled,160.6401,30524.81,4.721,1441.1,14
XYZ,2024-05-01,2024-05-02,2024-05-03,5-10%,-6.973,67.9779,72.927,tp_gap_filled,438.7999,29828.7,7.28,2171.66,1
SW,2024-04-09,2024-04-10,2024-05-06,5-10%,-5.268,45.1851,47.6024,tp_gap_filled,693.1544,31320.28,5.35,1675.5,18
PTC,2024-05-02,2024-05-03,2024-05-06,3-5%,-4.773,166.7766,174.785,tp_gap_filled,181.0088,30188.04,4.802,1449.6,1
JPM,2024-04-12,2024-04-22,2024-05-08,3-5%,-3.638,188.5083,195.2346,tp_gap_filled,160.5824,30271.11,3.568,1080.11,12
GEN,2024-02-02,2024-03-28,2024-05-13,5-10%,-6.438,22.4024,23.8961,tp_gap_filled,1428.8943,32010.63,6.668,2134.34,31
FCX,2024-04-30,2024-05-01,2024-05-13,3-5%,-3.644,50.5505,52.3576,tp_gap_filled,586.4618,29645.94,3.575,1059.79,8
CHRW,2024-02-01,2024-05-02,2024-05-13,5-10%,-7.801,77.6075,84.0059,tp_gap_filled,383.8055,29786.19,8.245,2455.73,7
SMCI,2024-05-01,2024-05-03,2024-05-15,5-10%,-9.483,77.8137,85.7941,tp_gap_filled,387.8767,30182.14,10.256,3095.4,8
IR,2024-05-03,2024-05-06,2024-05-15,5-10%,-5.223,88.088,92.7571,tp_gap_filled,346.5506,30526.95,5.301,1618.1,7
EXR,2024-04-10,2024-05-13,2024-05-15,2-3%,-2.815,148.2481,152.2376,tp_gap_filled,209.4451,31049.84,2.691,835.58,2
WST,2024-02-15,2024-02-16,2024-05-17,10%+,-17.181,338.3981,355.2844,time_exit,86.8443,29387.94,4.99,1466.48,63
TDY,2024-04-24,2024-04-25,2024-05-17,5-10%,-9.107,370.36,406.6529,tp_gap_filled,81.4524,30166.69,9.799,2956.15,16
EXPD,2024-02-20,2024-02-21,2024-05-21,5-10%,-5.219,117.7977,117.6023,time_exit,251.0727,29575.78,-0.166,-49.06,63
PANW,2024-02-21,2024-02-22,2024-05-22,10%+,-24.827,137.7376,154.1357,time_exit,217.345,29936.58,11.905,3564.04,63
SMCI,2024-05-16,2024-05-17,2024-05-23,2-3%,-2.978,92.4924,95.1408,tp_gap_filled,340.5717,31500.29,2.863,901.96,4
MU,2024-05-21,2024-05-22,2024-05-23,3-5%,-3.721,124.3242,128.871,tp_gap_filled,250.3657,31126.51,3.657,1138.36,1
WBD,2024-02-23,2024-02-26,2024-05-24,5-10%,-9.519,8.6586,7.7223,time_exit,3461.2524,29969.77,-10.814,-3241.05,63
PODD,2024-02-23,2024-02-26,2024-05-24,5-10%,-6.194,185.1149,179.8899,time_exit,161.8305,29957.24,-2.823,-845.56,63
CRM,2024-04-15,2024-05-15,2024-05-30,3-5%,-3.867,283.2229,237.6694,stop,111.176,31487.59,-16.084,-5064.46,10
TGT,2024-05-22,2024-05-23,2024-05-31,5-10%,-9.783,140.6805,155.6242,tp_gap_filled,219.0803,30820.34,10.622,3273.87,5
ROST,2024-03-06,2024-03-07,2024-06-06,3-5%,-3.265,144.4443,144.0058,time_exit,211.9546,30615.63,-0.304,-92.93,63
APP,2024-05-14,2024-05-15,2024-06-06,5-10%,-6.078,81.2011,86.2836,tp_gap_filled,387.3183,31450.68,6.259,1968.55,15
CIEN,2024-03-07,2024-03-08,2024-06-07,10%+,-13.25,53.8037,45.7042,time_exit,568.663,30596.2,-15.054,-4605.89,63
BKNG,2024-02-23,2024-03-27,2024-06-12,5-10%,-5.22,148.0799,155.9235,tp_gap_filled,215.3114,31883.3,5.297,1688.81,53
PLD,2024-04-17,2024-05-13,2024-06-12,5-10%,-5.264,108.8087,114.6253,tp_gap_filled,285.519,31066.94,5.346,1660.74,21
KR,2024-04-08,2024-04-10,2024-06-13,2-3%,-2.478,55.9459,49.742,stop,559.813,31319.24,-11.089,-3472.99,45
SWKS,2024-05-01,2024-05-02,2024-06-13,10%+,-14.56,91.1611,106.4834,tp_gap_filled,326.9147,29801.9,16.808,5009.1,29
ANET,2024-05-23,2024-05-24,2024-06-13,3-5%,-3.52,76.4163,79.0459,tp_gap_filled,406.6813,31077.09,3.441,1069.38,13
ADSK,2024-06-11,2024-06-12,2024-06-13,3-5%,-3.3,211.211,217.9818,tp_gap_filled,146.1552,30869.58,3.206,989.59,1
COIN,2024-06-11,2024-06-12,2024-06-13,2-3%,-2.754,243.1729,249.5602,tp_gap_filled,127.1816,30927.12,2.627,812.34,1
ADBE,2024-03-15,2024-03-18,2024-06-17,10%+,-12.413,500.1397,518.2213,time_exit,61.6541,30835.68,3.615,1114.81,63
ULTA,2024-03-15,2024-03-18,2024-06-17,10%+,-10.866,504.504,388.7608,time_exit,61.1767,30863.87,-22.942,-7080.78,63
ABT,2024-03-15,2024-03-18,2024-06-17,3-5%,-4.905,113.133,103.3465,time_exit,273.3121,30920.62,-8.65,-2674.76,63
TSLA,2024-05-22,2024-06-13,2024-06-17,2-3%,-2.01,183.0329,186.4134,tp_gap_filled,168.4291,30828.06,1.847,569.38,2
SMCI,2024-06-14,2024-06-17,2024-06-18,2-3%,-2.775,84.7777,87.0229,tp_gap_filled,363.2279,30793.62,2.648,815.52,1
NUE,2024-06-14,2024-06-17,2024-06-18,2-3%,-2.673,150.15,153.9659,tp_gap_filled,205.4308,30845.43,2.541,783.9,1
EW,2024-06-17,2024-06-18,2024-06-20,2-3%,-2.394,85.2852,87.2027,tp_gap_filled,363.2779,30982.22,2.248,696.59,1
WSM,2024-06-14,2024-06-18,2024-06-20,2-3%,-2.073,157.4923,160.5043,tp_gap_filled,196.9708,31021.39,1.912,593.27,1
JBL,2024-03-15,2024-03-21,2024-06-21,10%+,-12.702,128.8587,113.0768,time_exit,244.9116,31559.0,-12.247,-3865.17,63
EQIX,2024-03-20,2024-03-21,2024-06-21,5-10%,-5.16,801.801,764.235,time_exit,39.3637,31561.87,-4.685,-1478.74,63
MO,2024-06-14,2024-06-17,2024-06-21,2-3%,-2.754,44.5345,45.7042,tp_gap_filled,692.533,30841.61,2.627,810.1,3
DRI,2024-03-21,2024-03-22,2024-06-24,5-10%,-5.642,164.8947,153.9759,time_exit,190.0116,31331.91,-6.622,-2074.71,63
COIN,2024-06-18,2024-06-20,2024-06-24,2-3%,-2.795,238.4882,212.0423,stop,130.1278,31033.96,-11.089,-3441.36,2
DHR,2024-06-20,2024-06-21,2024-06-24,2-3%,-2.765,250.6404,257.2525,tp_gap_filled,124.2772,31148.88,2.638,821.73,1
APA,2024-01-04,2024-03-26,2024-06-26,5-10%,-5.442,34.7847,28.6114,time_exit,901.3916,31354.68,-17.747,-5564.64,63
DDOG,2024-05-07,2024-05-08,2024-06-27,10%+,-10.798,113.3733,126.843,tp_gap_filled,269.6591,30572.14,11.881,3632.25,34
IVZ,2024-01-23,2024-03-28,2024-06-28,3-5%,-4.255,16.6666,14.945,time_exit,1920.6331,32010.52,-10.33,-3306.58,63
INTU,2024-05-24,2024-06-21,2024-06-28,5-10%,-6.23,621.621,661.5977,tp_gap_filled,50.0808,31131.3,6.431,2002.07,5
VEEV,2024-04-02,2024-04-03,2024-07-03,5-10%,-7.496,213.3331,181.1487,time_exit,147.3075,31425.56,-15.086,-4741.01,63
PSKY,2024-06-12,2024-06-13,2024-07-03,3-5%,-3.261,10.6907,11.029,tp_gap_filled,2886.7054,30860.84,3.164,976.51,13
ARES,2024-06-13,2024-06-14,2024-07-03,3-5%,-3.68,132.5624,137.3525,tp_gap_filled,231.6994,30714.63,3.613,1109.86,12
NVDA,2024-06-21,2024-06-26,2024-07-09,2-3%,-2.799,127.2471,130.6492,tp_gap_filled,242.5652,30865.72,2.674,825.23,8
PHM,2024-07-02,2024-07-03,2024-07-09,2-3%,-2.975,103.1731,106.1238,tp_gap_filled,301.5804,31114.97,2.86,889.87,3
INCY,2024-07-02,2024-07-03,2024-07-09,2-3%,-2.744,59.2592,60.8091,tp_gap_filled,525.3858,31133.94,2.616,814.31,3
MCHP,2024-06-13,2024-06-14,2024-07-10,2-3%,-2.793,91.9719,94.4255,tp_gap_filled,333.9625,30715.16,2.668,819.41,16
ON,2024-06-13,2024-07-03,2024-07-10,2-3%,-2.69,74.2442,76.1438,tp_gap_filled,418.9681,31105.94,2.559,795.88,4
NXPI,2024-06-13,2024-06-14,2024-07-11,3-5%,-3.866,272.322,282.707,tp_gap_filled,112.8359,30727.69,3.813,1171.8,17
PH,2024-06-14,2024-06-24,2024-07-11,2-3%,-2.959,513.7632,528.3711,tp_gap_filled,60.3722,31017.03,2.843,881.91,12
HBAN,2024-06-10,2024-06-24,2024-07-11,2-3%,-2.537,13.0731,13.3866,tp_gap_filled,2372.057,31010.04,2.398,743.73,12
ALB,2024-07-09,2024-07-10,2024-07-11,2-3%,-2.32,96.9468,99.0509,tp_gap_filled,323.5588,31368.01,2.17,680.77,1
LEN,2024-06-18,2024-06-20,2024-07-12,3-5%,-3.719,146.022,151.3587,tp_gap_filled,212.6013,31044.46,3.655,1134.59,15
DG,2024-06-06,2024-06-24,2024-07-12,2-3%,-2.195,131.6015,134.2856,tp_gap_filled,235.5801,31002.69,2.04,632.32,13
PNR,2024-06-25,2024-06-28,2024-07-12,3-5%,-4.3,76.6366,79.92,tp_gap_filled,405.3722,31066.33,4.284,1331.02,9
VLO,2024-07-09,2024-07-10,2024-07-12,2-3%,-2.42,144.5244,147.812,tp_gap_filled,217.0242,31365.29,2.275,713.5,2
V,2024-07-10,2024-07-11,2024-07-12,2-3%,-2.381,259.3791,265.1746,tp_gap_filled,122.1399,31680.54,2.234,707.86,1
MGM,2024-04-10,2024-07-11,2024-07-12,2-3%,-2.133,45.4654,46.3636,tp_gap_filled,697.1625,31696.78,1.976,626.17,1
GWW,2024-05-29,2024-05-30,2024-07-15,2-3%,-2.905,912.7519,938.1809,tp_gap_filled,33.4444,30526.4,2.786,850.46,30
CBRE,2024-04-10,2024-07-11,2024-07-15,2-3%,-2.64,93.7537,96.1038,tp_gap_filled,337.9886,31687.67,2.507,794.32,2
PEP,2024-07-11,2024-07-12,2024-07-15,2-3%,-2.745,159.2591,163.4264,tp_gap_filled,201.8335,32143.83,2.617,841.1,1
IBKR,2024-07-11,2024-07-12,2024-07-15,2-3%,-2.371,30.4955,31.1738,tp_gap_filled,1055.6237,32191.74,2.224,716.06,1
LUV,2024-07-11,2024-07-12,2024-07-15,2-3%,-2.28,27.027,27.6024,tp_gap_filled,1190.9744,32188.46,2.129,685.25,1
FFIV,2024-04-30,2024-05-01,2024-07-16,10%+,-10.915,162.4122,181.9479,tp_gap_filled,182.0781,29571.71,12.028,3557.01,51
EXPE,2024-05-03,2024-06-07,2024-07-16,10%+,-10.126,122.4323,135.9539,tp_gap_filled,248.9106,30474.7,11.044,3365.67,25
APTV,2024-06-26,2024-06-27,2024-07-16,5-10%,-8.82,66.9569,73.2866,tp_gap_filled,460.9064,30860.86,9.453,2917.42,12
MA,2024-07-10,2024-07-11,2024-07-16,2-3%,-2.269,435.0446,444.2553,tp_gap_filled,72.851,31693.44,2.117,671.01,3
FERG,2024-06-14,2024-07-12,2024-07-16,2-3%,-2.097,204.224,208.1816,tp_gap_filled,157.7549,32217.33,1.938,624.33,2
WFC,2024-07-12,2024-07-15,2024-07-16,5-10%,-6.582,56.2562,60.0998,tp_gap_filled,572.1926,32189.38,6.832,2199.3,1
TSLA,2024-07-12,2024-07-15,2024-07-16,2-3%,-2.17,236.0358,240.789,tp_gap_filled,136.4963,32218.01,2.014,648.79,1
ALB,2024-07-15,2024-07-16,2024-07-17,3-5%,-4.363,93.6936,97.7721,tp_gap_filled,348.7145,32672.31,4.353,1422.24,1
HCA,2024-07-15,2024-07-16,2024-07-17,2-3%,-2.935,315.1148,323.9957,tp_gap_filled,103.832,32719.0,2.818,922.12,1
UHS,2024-07-15,2024-07-16,2024-07-17,2-3%,-2.841,179.3692,184.2456,tp_gap_filled,182.4847,32732.13,2.719,889.86,1
HPQ,2024-05-31,2024-07-16,2024-07-17,2-3%,-2.007,37.6276,38.3216,tp_gap_filled,871.0064,32773.87,1.845,604.52,1
TRV,2024-04-17,2024-04-18,2024-07-18,5-10%,-7.637,206.2861,222.8969,tp_gap_filled,146.5092,30222.82,8.052,2433.63,62
MU,2024-06-21,2024-06-24,2024-07-18,3-5%,-4.536,137.7876,115.6259,stop,225.041,31007.87,-16.084,-4987.31,17
IP,2024-06-27,2024-06-28,2024-07-22,5-10%,-9.933,42.022,46.5634,tp_gap_filled,738.6266,31038.55,10.807,3354.41,15
FCX,2024-05-22,2024-05-23,2024-07-23,3-5%,-4.621,51.8618,43.5204,stop,594.8033,30847.58,-16.084,-4961.52,40
VRT,2024-07-17,2024-07-18,2024-07-23,3-5%,-3.489,86.6766,89.6303,tp_gap_filled,369.7105,32045.24,3.408,1092.01,3
CCL,2024-07-17,2024-07-18,2024-07-23,2-3%,-2.607,18.6987,19.1608,tp_gap_filled,1709.0466,31956.92,2.472,789.82,3
DDOG,2024-07-08,2024-07-09,2024-07-25,2-3%,-2.215,131.7116,117.1061,stop,236.3844,31134.56,-11.089,-3452.51,12
NOW,2024-07-08,2024-07-15,2024-07-25,5-10%,-5.328,152.8527,161.1327,tp_gap_filled,210.7748,32217.49,5.417,1745.22,8
META,2024-07-12,2024-07-15,2024-07-25,2-3%,-2.914,498.2578,443.006,stop,64.6704,32222.53,-11.089,-3573.16,8
APP,2024-07-17,2024-07-23,2024-07-25,2-3%,-2.855,84.1441,74.8133,stop,382.2231,32161.81,-11.089,-3566.42,2
HII,2024-05-02,2024-07-16,2024-07-26,5-10%,-5.327,262.5623,276.7829,tp_gap_filled,124.3591,32652.01,5.416,1768.47,8
OMC,2024-07-17,2024-07-18,2024-07-26,5-10%,-5.034,90.6406,95.2546,tp_gap_filled,353.3906,32031.52,5.091,1630.58,6
CNC,2024-07-17,2024-07-18,2024-07-26,2-3%,-2.923,67.1571,69.0409,tp_gap_filled,476.2,31980.2,2.805,897.07,6
RDDT,2024-07-16,2024-07-23,2024-07-29,3-5%,-3.165,70.7407,59.3627,stop,455.2661,32205.83,-16.084,-5179.99,4
WBD,2024-07-25,2024-07-26,2024-07-29,5-10%,-5.667,7.998,8.4615,tp_gap_filled,3999.4033,31987.19,5.796,1853.89,1
SBAC,2024-04-10,2024-07-11,2024-07-30,3-5%,-4.053,209.9497,218.3814,tp_gap_filled,150.9545,31692.87,4.016,1272.8,13
NEE,2024-06-11,2024-07-12,2024-08-01,2-3%,-2.17,75.3753,76.893,tp_gap_filled,427.3075,32208.43,2.014,648.54,14
ULTA,2024-07-15,2024-07-16,2024-08-01,2-3%,-2.165,404.404,359.5596,stop,81.007,32759.57,-11.089,-3632.71,12
CVS,2024-05-01,2024-05-02,2024-08-02,10%+,-17.294,56.056,59.2607,time_exit,531.9317,29817.96,5.717,1704.67,63
NVDA,2024-07-17,2024-07-18,2024-08-02,3-5%,-3.965,121.4713,101.9339,stop,263.8367,32048.6,-16.084,-5154.7,11
PGR,2024-07-22,2024-07-23,2024-08-02,2-3%,-2.434,214.224,219.1307,tp_gap_filled,150.1118,32157.55,2.29,736.55,8
INVH,2024-07-25,2024-07-26,2024-08-02,5-10%,-6.895,33.5235,35.934,tp_gap_filled,953.6541,31969.81,7.191,2298.82,5
DELL,2024-05-31,2024-06-17,2024-08-05,10%+,-15.372,143.9438,90.5939,stop,214.0229,30807.27,-37.063,-11418.1,33
BDX,2024-08-01,2024-08-02,2024-08-05,5-10%,-5.604,179.0704,189.3231,tp_gap_filled,173.1128,30999.37,5.725,1774.87,1
DASH,2024-05-02,2024-05-06,2024-08-06,5-10%,-8.01,117.3672,122.5174,time_exit,260.0812,30525.02,4.388,1339.45,63
FTNT,2024-05-03,2024-05-17,2024-08-07,5-10%,-5.123,61.9219,65.1348,tp_gap_filled,508.8451,31508.64,5.189,1634.89,55
GWW,2024-08-01,2024-08-02,2024-08-09,3-5%,-3.836,940.2794,975.8332,tp_gap_filled,32.9981,31027.39,3.781,1173.21,5
KLAC,2024-08-02,2024-08-05,2024-08-12,5-10%,-5.927,71.2031,75.5384,tp_gap_filled,426.5074,30368.66,6.089,1849.02,5
CPAY,2024-05-09,2024-05-13,2024-08-13,5-10%,-5.09,289.289,283.8459,time_exit,107.3536,31056.2,-1.882,-584.34,63
BLDR,2024-05-07,2024-05-15,2024-08-15,10%+,-12.804,175.3352,164.4853,time_exit,179.4905,31471.0,-6.188,-1947.44,63
COIN,2024-08-05,2024-08-06,2024-08-15,10%+,-20.754,162.172,204.2356,tp_gap_filled,188.7103,30603.52,25.938,7937.83,7
BKNG,2024-08-02,2024-08-05,2024-08-19,5-10%,-9.623,132.5961,146.4206,tp_gap_filled,228.8737,30347.75,10.426,3164.08,10
MDT,2024-05-23,2024-06-07,2024-08-20,2-3%,-2.554,83.6536,85.6742,tp_gap_filled,364.3466,30478.89,2.416,736.23,50
WBD,2024-08-08,2024-08-09,2024-08-20,10%+,-12.322,6.7668,7.7023,tp_gap_filled,4626.1384,31303.97,13.825,4327.89,7
NDSN,2024-05-21,2024-05-22,2024-08-22,5-10%,-8.29,246.4062,255.774,time_exit,126.3781,31140.35,3.802,1183.89,63
WDAY,2024-05-24,2024-07-15,2024-08-23,10%+,-11.004,232.4222,260.6391,tp_gap_filled,138.4943,32189.16,12.14,3907.88,29
CI,2024-08-01,2024-08-02,2024-08-23,3-5%,-3.634,336.336,348.3213,tp_gap_filled,92.2921,31041.15,3.564,1106.15,15
HPQ,2024-08-19,2024-08-20,2024-08-23,3-5%,-3.592,34.6546,35.8741,tp_gap_filled,941.9348,32642.39,3.519,1148.66,3
LYV,2024-05-23,2024-05-24,2024-08-26,5-10%,-6.262,95.1451,96.0439,time_exit,326.5319,31067.9,0.945,293.49,63
FSLR,2024-07-15,2024-07-16,2024-08-26,5-10%,-5.582,220.4402,233.0068,tp_gap_filled,148.1037,32648.01,5.701,1861.15,29
COHR,2024-07-17,2024-08-20,2024-08-26,2-3%,-2.908,78.2181,80.3995,tp_gap_filled,417.3874,32647.27,2.789,910.48,4
NCLH,2024-08-02,2024-08-23,2024-08-26,3-5%,-3.746,16.7167,17.3327,tp_gap_filled,1995.9742,33366.1,3.685,1229.42,1
EG,2024-08-01,2024-08-23,2024-08-26,2-3%,-2.003,385.385,392.4771,tp_gap_filled,86.7139,33418.22,1.84,614.99,1
ECHO,2024-08-09,2024-08-22,2024-08-27,5-10%,-7.221,18.6486,20.0599,tp_gap_filled,1754.7353,32723.41,7.568,2476.44,3
GEV,2024-08-23,2024-08-26,2024-08-27,2-3%,-2.796,180.9808,185.814,tp_gap_filled,183.8383,33271.21,2.671,888.53,1
PODD,2024-08-09,2024-08-12,2024-08-28,10%+,-12.803,174.3842,199.5902,tp_gap_filled,178.7964,31179.27,14.454,4506.74,12
CRM,2024-05-30,2024-05-31,2024-08-29,10%+,-17.753,223.6234,271.3484,tp_gap_filled,137.176,30675.77,21.342,6546.72,62
DG,2024-07-17,2024-07-18,2024-08-29,3-5%,-3.436,123.2231,103.4039,stop,259.647,31994.51,-16.084,-5146.0,30
ETN,2024-08-01,2024-08-02,2024-08-29,3-5%,-4.839,290.33,304.4852,tp_gap_filled,106.9931,31063.3,4.876,1514.5,19
KEY,2024-08-27,2024-08-28,2024-08-29,2-3%,-2.065,16.6166,16.9331,tp_gap_filled,1995.4825,33158.14,1.904,631.47,1
MRVL,2024-07-17,2024-08-23,2024-08-30,3-5%,-4.101,72.5725,75.5244,tp_gap_filled,459.9171,33377.33,4.068,1357.63,5
SJM,2024-08-28,2024-08-29,2024-09-04,5-10%,-6.437,113.0429,120.5793,tp_gap_filled,295.256,33376.6,6.667,2225.16,3
NVDA,2024-08-29,2024-08-30,2024-09-06,3-5%,-3.383,121.4814,101.9423,stop,277.9342,33763.83,-16.084,-5430.57,4
SW,2024-06-06,2024-06-07,2024-09-09,5-10%,-5.995,47.087,44.4255,time_exit,647.3098,30479.9,-5.652,-1722.82,63
SLB,2024-08-28,2024-08-29,2024-09-10,2-3%,-2.398,44.004,39.1244,stop,759.2759,33411.15,-11.089,-3704.96,7
AMZN,2024-08-02,2024-08-07,2024-09-11,5-10%,-9.409,166.9167,183.8859,tp_gap_filled,182.7484,30503.77,10.166,3101.09,24
STLD,2024-08-28,2024-08-29,2024-09-11,2-3%,-2.076,119.0089,105.812,stop,280.7824,33415.6,-11.089,-3705.46,8
WDAY,2024-09-09,2024-09-10,2024-09-11,2-3%,-2.313,248.9587,254.3454,tp_gap_filled,128.8426,32076.49,2.164,694.04,1
COHR,2024-09-03,2024-09-11,2024-09-13,2-3%,-2.502,76.076,77.872,tp_gap_filled,423.9657,32253.61,2.361,761.46,2
CNP,2024-08-02,2024-08-26,2024-09-16,3-5%,-3.126,27.2973,28.1218,tp_gap_filled,1219.0221,33275.98,3.021,1005.18,14
COR,2024-09-05,2024-09-09,2024-09-16,2-3%,-2.272,238.1079,243.1566,tp_gap_filled,135.2703,32208.92,2.12,682.94,5
DAL,2024-07-11,2024-07-12,2024-09-17,5-10%,-8.216,43.053,46.8131,tp_gap_filled,746.2829,32129.72,8.734,2806.12,46
ALB,2024-09-03,2024-09-11,2024-09-17,3-5%,-3.269,87.3873,90.1598,tp_gap_filled,368.819,32230.1,3.173,1022.53,4
HSIC,2024-08-28,2024-08-29,2024-09-18,3-5%,-4.92,68.6786,72.0878,tp_gap_filled,486.0896,33383.96,4.964,1657.19,13
MAR,2024-07-31,2024-08-29,2024-09-18,3-5%,-3.673,230.23,238.5312,tp_gap_filled,145.1533,33418.65,3.606,1204.95,13
COHR,2024-09-16,2024-09-17,2024-09-18,3-5%,-3.001,75.7156,77.902,tp_gap_filled,436.4857,33048.79,2.888,954.33,1
FTV,2024-07-24,2024-07-25,2024-09-19,5-10%,-7.407,53.5577,57.7267,tp_gap_filled,587.7993,31481.15,7.784,2450.56,39
FCX,2024-08-28,2024-08-29,2024-09-19,2-3%,-2.609,44.094,45.1848,tp_gap_filled,757.8759,33417.82,2.474,826.63,14
HPE,2024-09-05,2024-09-06,2024-09-19,5-10%,-8.631,17.1671,18.7512,tp_gap_filled,1864.1615,32002.34,9.227,2952.98,9
MOS,2024-09-16,2024-09-17,2024-09-19,3-5%,-3.448,25.5055,26.3636,tp_gap_filled,1295.508,33042.55,3.364,1111.71,2
NUE,2024-09-17,2024-09-18,2024-09-19,2-3%,-2.455,139.5894,142.817,tp_gap_filled,237.028,33086.6,2.312,765.03,1
GIS,2024-09-18,2024-09-19,2024-09-20,3-5%,-3.02,72.3222,74.4255,tp_gap_filled,465.4805,33664.59,2.908,979.02,1
TSLA,2024-07-24,2024-07-25,2024-09-23,5-10%,-8.507,225.6454,246.1336,tp_gap_filled,139.4865,31474.49,9.08,2857.83,41
APO,2024-08-01,2024-09-19,2024-09-23,3-5%,-4.237,120.12,125.1847,tp_gap_filled,280.1414,33650.59,4.216,1418.83,2
OTIS,2024-07-24,2024-07-25,2024-09-24,5-10%,-8.31,90.2952,98.2816,tp_gap_filled,348.2953,31449.4,8.845,2781.63,42
STLD,2024-09-20,2024-09-23,2024-09-24,2-3%,-2.889,116.7366,119.9699,tp_gap_filled,288.5727,33687.01,2.77,933.04,1
DECK,2024-09-20,2024-09-23,2024-09-24,2-3%,-2.715,148.128,151.9579,tp_gap_filled,227.6925,33727.63,2.586,872.04,1
PLTR,2024-09-20,2024-09-23,2024-09-24,2-3%,-2.226,36.046,36.7932,tp_gap_filled,937.0927,33778.45,2.073,700.16,1
NXPI,2024-09-20,2024-09-23,2024-09-24,2-3%,-2.224,233.6434,238.4813,tp_gap_filled,144.8272,33837.93,2.071,700.65,1
PPG,2024-07-19,2024-07-22,2024-09-26,3-5%,-3.196,127.6275,131.5783,tp_gap_filled,252.4507,32219.65,3.096,997.38,47
ON,2024-09-20,2024-09-24,2024-09-26,3-5%,-3.149,71.111,73.2766,tp_gap_filled,475.9742,33847.02,3.045,1030.77,2
AZO,2024-09-24,2024-09-25,2024-09-26,3-5%,-4.229,2922.7998,3045.7712,tp_gap_filled,11.4522,33472.51,4.207,1408.29,1
MTD,2024-08-02,2024-09-26,2024-09-27,3-5%,-3.447,1464.5831,1513.8346,tp_gap_filled,23.144,33896.35,3.363,1139.88,1
MU,2024-07-24,2024-09-26,2024-10-01,2-3%,-2.433,111.5815,99.2082,stop,304.0694,33928.51,-11.089,-3762.33,3
IR,2024-08-01,2024-08-15,2024-10-02,5-10%,-8.367,92.092,100.2996,tp_gap_filled,353.3809,32543.56,8.912,2900.41,33
HUM,2024-07-31,2024-09-04,2024-10-02,5-10%,-9.737,365.4951,270.1959,stop,89.6712,32774.38,-26.074,-8545.59,20
PRU,2024-08-02,2024-08-26,2024-10-04,3-5%,-3.404,118.4383,122.3675,tp_gap_filled,280.99,33279.99,3.317,1104.06,28
HPQ,2024-10-01,2024-10-02,2024-10-04,2-3%,-2.314,35.075,35.8341,tp_gap_filled,950.8723,33351.88,2.164,721.8,2
FCX,2024-10-03,2024-10-04,2024-10-07,2-3%,-2.322,49.6896,50.7692,tp_gap_filled,669.5758,33270.98,2.173,722.83,1
ECHO,2024-10-01,2024-10-02,2024-10-08,2-3%,-2.659,24.1842,24.7952,tp_gap_filled,1378.7456,33343.8,2.527,842.44,4
PTC,2024-07-09,2024-07-11,2024-10-09,3-5%,-3.694,180.5804,181.4084,time_exit,175.5031,31692.41,0.459,145.32,63
SWKS,2024-07-31,2024-08-01,2024-10-10,3-5%,-4.877,112.0619,94.0379,stop,282.2457,31629.0,-16.084,-5087.21,49
TDG,2024-10-04,2024-10-07,2024-10-14,3-5%,-4.446,1357.356,1417.6709,tp_gap_filled,24.3349,33031.15,4.444,1467.76,5
GM,2024-09-23,2024-09-24,2024-10-15,2-3%,-2.619,47.6476,48.8311,tp_gap_filled,710.1481,33836.85,2.484,840.48,15
TSN,2024-09-25,2024-09-26,2024-10-15,3-5%,-3.09,58.7087,60.4595,tp_gap_filled,577.7128,33916.74,2.982,1011.48,13
AIG,2024-08-01,2024-08-29,2024-10-17,3-5%,-3.471,76.5565,79.1508,tp_gap_filled,436.5949,33424.17,3.389,1132.65,34
APP,2024-10-14,2024-10-15,2024-10-21,3-5%,-3.898,141.4113,146.853,tp_gap_filled,235.1211,33248.78,3.848,1279.46,4
HAL,2024-07-19,2024-07-25,2024-10-23,5-10%,-6.01,34.2842,27.7822,time_exit,917.7739,31465.19,-18.965,-5967.42,63
WST,2024-07-25,2024-07-26,2024-10-24,10%+,-12.778,282.6824,323.4462,tp_gap_filled,113.0668,31961.98,14.42,4609.03,63
TSLA,2024-10-11,2024-10-14,2024-10-24,5-10%,-7.807,220.3501,238.5312,tp_gap_filled,152.9282,33697.76,8.251,2780.4,8
EW,2024-07-25,2024-07-29,2024-10-25,10%+,-26.383,64.074,69.3106,time_exit,499.5592,32008.76,8.173,2615.99,63
BIIB,2024-07-26,2024-07-29,2024-10-25,5-10%,-7.061,211.5914,181.5083,time_exit,151.25,32003.2,-14.218,-4550.07,63
RMD,2024-09-18,2024-09-19,2024-10-25,5-10%,-6.876,233.8636,250.6291,tp_gap_filled,143.7031,33606.92,7.169,2409.25,26
UPS,2024-07-23,2024-07-30,2024-10-28,10%+,-10.36,130.2701,135.2047,time_exit,245.5245,31984.51,3.788,1211.54,63
DHI,2024-09-20,2024-09-23,2024-10-29,2-3%,-2.329,192.6625,171.2981,stop,175.3003,33773.79,-11.089,-3745.18,26
BG,2024-07-31,2024-08-01,2024-10-30,5-10%,-8.135,105.3452,85.7741,time_exit,300.4577,31651.79,-18.578,-5880.29,63
GRMN,2024-09-13,2024-09-16,2024-10-30,5-10%,-5.22,173.3932,182.5772,tp_gap_filled,188.8299,32741.82,5.297,1734.22,32
APTV,2024-09-30,2024-10-01,2024-10-31,3-5%,-3.543,71.6816,60.1523,stop,468.0329,33549.35,-16.084,-5396.08,22
AMD,2024-07-17,2024-10-04,2024-11-01,3-5%,-4.365,169.9698,142.6319,stop,195.7107,33264.91,-16.084,-5350.33,20
WYNN,2024-10-08,2024-10-09,2024-11-05,3-5%,-3.674,102.6025,86.0999,stop,325.7462,33422.38,-16.084,-5375.66,19
FERG,2024-09-20,2024-09-24,2024-11-06,2-3%,-2.416,203.3531,207.9718,tp_gap_filled,166.4437,33846.85,2.271,768.75,31
UNH,2024-10-15,2024-10-16,2024-11-06,5-10%,-8.817,552.572,604.7946,tp_gap_filled,60.546,33456.0,9.451,3161.87,15
CSGP,2024-10-23,2024-10-24,2024-11-06,5-10%,-5.763,72.5124,76.7931,tp_gap_filled,455.2479,33011.13,5.903,1948.78,9
TXT,2024-10-24,2024-10-25,2024-11-06,5-10%,-5.606,82.082,86.7831,tp_gap_filled,402.5977,33046.02,5.727,1892.67,8
UNP,2024-10-24,2024-10-25,2024-11-06,3-5%,-4.943,229.6494,241.1087,tp_gap_filled,143.9134,33049.62,4.99,1649.14,8
FIX,2024-10-25,2024-10-28,2024-11-06,5-10%,-5.688,390.34,413.0565,tp_gap_filled,85.0296,33190.46,5.82,1931.58,7
COHR,2024-10-18,2024-10-21,2024-11-07,3-5%,-4.722,97.3472,101.9679,tp_gap_filled,339.513,33050.65,4.747,1568.78,13
HOOD,2024-10-31,2024-11-06,2024-11-07,5-10%,-7.763,26.046,28.1818,tp_gap_filled,1276.2007,33239.95,8.2,2725.67,1
NKE,2024-06-28,2024-08-13,2024-11-11,10%+,-18.112,77.2071,76.5234,time_exit,413.1164,31895.53,-0.886,-282.46,63
MRNA,2024-09-12,2024-09-13,2024-11-11,10%+,-14.615,67.9579,42.7707,stop,479.8867,32612.09,-37.063,-12087.02,41
DVA,2024-10-30,2024-11-06,2024-11-12,5-10%,-6.5,148.168,158.1517,tp_gap_filled,225.4346,33402.2,6.738,2250.66,4
MCHP,2024-08-02,2024-08-15,2024-11-13,5-10%,-5.831,79.5294,66.5234,time_exit,409.2203,32545.06,-16.354,-5322.34,63
TTD,2024-11-08,2024-11-11,2024-11-13,10%+,-12.39,116.2261,132.3975,tp_gap_filled,286.4401,33291.81,13.914,4632.12,2
HUM,2024-11-11,2024-11-12,2024-11-13,5-10%,-5.248,273.273,287.8319,tp_gap_filled,120.5309,32937.85,5.328,1754.79,1
HOOD,2024-11-12,2024-11-13,2024-11-14,3-5%,-3.232,31.7717,32.7672,tp_gap_filled,1035.7613,32907.94,3.133,1031.06,1
MGM,2024-08-01,2024-08-19,2024-11-15,5-10%,-6.795,40.09,37.2427,time_exit,820.1315,32879.11,-7.102,-2335.19,63
ZBH,2024-09-05,2024-09-27,2024-11-18,5-10%,-5.084,108.7687,114.3655,tp_gap_filled,314.0167,34155.17,5.146,1757.51,36
COIN,2024-11-12,2024-11-13,2024-11-18,3-5%,-4.376,310.36,323.9158,tp_gap_filled,106.2747,32983.42,4.368,1440.63,3
FDX,2024-09-20,2024-09-24,2024-11-22,10%+,-13.19,210.3391,241.8127,tp_gap_filled,160.7913,33820.68,14.963,5060.69,43
NTAP,2024-08-29,2024-10-08,2024-11-22,5-10%,-5.178,125.2051,131.7781,tp_gap_filled,264.721,33144.42,5.25,1740.01,33
MRNA,2024-11-15,2024-11-18,2024-11-22,3-5%,-3.068,38.5885,39.7302,tp_gap_filled,854.2344,32963.66,2.959,975.26,4
ALB,2024-11-12,2024-11-13,2024-11-25,3-5%,-3.53,106.6966,110.3795,tp_gap_filled,308.2816,32892.59,3.452,1135.38,8
KLAC,2024-11-15,2024-11-18,2024-11-25,3-5%,-3.794,62.1151,64.4355,tp_gap_filled,530.7126,32965.24,3.736,1231.49,5
J,2024-11-19,2024-11-22,2024-11-25,2-3%,-2.501,135.6206,138.8214,tp_gap_filled,247.997,33633.51,2.36,793.79,1
IDXX,2024-11-21,2024-11-22,2024-11-25,2-3%,-2.164,409.9595,418.1914,tp_gap_filled,82.0487,33636.65,2.008,675.41,1
CEG,2024-11-04,2024-11-05,2024-11-26,5-10%,-9.919,232.7325,257.8419,tp_gap_filled,141.391,32906.28,10.789,3550.24,15
INTC,2024-08-02,2024-08-30,2024-11-29,10%+,-24.475,21.9619,24.0259,time_exit,1537.1968,33759.83,9.398,3172.79,63
ULTA,2024-11-15,2024-11-25,2024-11-29,5-10%,-5.251,363.0327,382.3872,tp_gap_filled,94.4644,34293.67,5.331,1828.31,3
WYNN,2024-11-05,2024-11-14,2024-12-02,3-5%,-4.255,91.6716,95.5544,tp_gap_filled,359.009,32910.92,4.236,1393.95,11
WDAY,2024-11-27,2024-11-29,2024-12-04,10%+,-12.099,237.7375,269.9198,tp_gap_filled,143.7133,34166.03,13.537,4625.03,3
RDDT,2024-11-22,2024-11-25,2024-12-06,5-10%,-7.98,145.5554,157.862,tp_gap_filled,235.803,34322.4,8.455,2901.93,8
ACN,2024-12-03,2024-12-04,2024-12-06,3-5%,-3.481,349.1488,361.0186,tp_gap_filled,99.2881,34666.31,3.4,1178.53,2
CNC,2024-09-04,2024-09-11,2024-12-10,5-10%,-7.628,74.1841,56.6533,time_exit,434.6004,32240.44,-23.632,-7618.9,63
LEN,2024-09-20,2024-09-23,2024-12-12,3-5%,-3.617,179.7439,150.8339,stop,187.4125,33686.25,-16.084,-5418.1,57
ADBE,2024-09-13,2024-09-16,2024-12-13,5-10%,-9.203,533.1026,465.2243,time_exit,61.4621,32765.59,-12.733,-4171.94,63
FCX,2024-10-08,2024-10-10,2024-12-13,3-5%,-3.583,49.019,41.1348,stop,678.7438,33271.32,-16.084,-5351.36,45
TER,2024-10-24,2024-12-06,2024-12-16,5-10%,-5.007,118.3182,124.3056,tp_gap_filled,291.7205,34515.85,5.06,1746.64,6
LDOS,2024-12-12,2024-12-13,2024-12-16,2-3%,-2.247,150.2501,153.3965,tp_gap_filled,223.1421,33527.13,2.094,702.08,1
FANG,2024-10-15,2024-10-17,2024-12-19,3-5%,-3.692,183.8437,154.2742,stop,181.3502,33340.09,-16.084,-5362.42,44
IRM,2024-11-06,2024-11-26,2024-12-19,3-5%,-3.142,121.9018,102.2951,stop,278.733,33978.04,-16.084,-5465.03,16
INVH,2024-09-24,2024-09-25,2024-12-24,3-5%,-3.068,35.4154,32.5874,time_exit,947.1472,33543.58,-7.985,-2678.53,63
NVDA,2024-12-09,2024-12-10,2025-01-03,2-3%,-2.436,139.109,142.2976,tp_gap_filled,245.6547,34172.77,2.292,783.29,16
INCY,2024-12-12,2024-12-13,2025-01-06,2-3%,-2.745,70.5705,72.4175,tp_gap_filled,475.5409,33559.16,2.617,878.33,14
MU,2024-12-19,2024-12-20,2025-01-07,10%+,-13.301,90.1701,103.7961,tp_gap_filled,359.1448,32384.11,15.111,4893.71,10
RMD,2024-12-23,2024-12-24,2025-01-07,2-3%,-2.976,230.4402,237.0327,tp_gap_filled,142.7669,32899.23,2.861,941.19,8
CCI,2024-12-13,2024-12-16,2025-01-08,2-3%,-2.248,96.6466,85.9294,stop,343.7318,33220.49,-11.089,-3683.82,15
PANW,2025-01-08,2025-01-10,2025-01-15,3-5%,-3.493,169.5494,175.3345,tp_gap_filled,190.9793,32380.42,3.412,1104.83,3
AMAT,2024-11-15,2024-11-18,2025-01-16,5-10%,-9.495,168.5083,185.814,tp_gap_filled,195.5438,32950.76,10.27,3384.02,39
TMUS,2025-01-06,2025-01-07,2025-01-17,2-3%,-2.583,213.6634,218.8909,tp_gap_filled,154.2651,32960.82,2.447,806.41,7
ORCL,2025-01-10,2025-01-16,2025-01-17,2-3%,-2.415,159.3592,162.9769,tp_gap_filled,206.395,32890.95,2.27,746.67,1
PNC,2025-01-16,2025-01-17,2025-01-21,5-10%,-7.454,185.6855,200.2396,tp_gap_filled,177.8276,33020.0,7.838,2588.11,1
GE,2024-10-22,2024-10-23,2025-01-23,5-10%,-5.01,184.6845,194.0358,tp_gap_filled,176.6565,32625.72,5.063,1651.96,61
HSY,2024-12-11,2024-12-12,2025-01-23,3-5%,-4.562,178.8286,150.0658,stop,188.581,33723.69,-16.084,-5424.12,26
ADBE,2025-01-03,2025-01-06,2025-01-24,2-3%,-2.619,429.8795,440.559,tp_gap_filled,76.967,33086.53,2.484,821.97,12
JNJ,2025-01-22,2025-01-23,2025-01-27,2-3%,-2.801,144.144,148.0018,tp_gap_filled,232.1576,33464.13,2.676,895.63,2
MCD,2024-10-23,2024-10-24,2025-01-28,5-10%,-6.966,293.0628,290.8588,time_exit,112.5328,32979.19,-0.752,-248.01,63
VEEV,2025-01-23,2025-01-24,2025-01-28,5-10%,-6.644,214.0639,228.8409,tp_gap_filled,155.6267,33314.06,6.903,2299.71,2
ALLE,2024-10-24,2024-10-25,2025-01-29,5-10%,-5.648,142.4823,130.869,time_exit,231.9243,33045.11,-8.151,-2693.41,63
FISV,2024-12-05,2024-12-06,2025-01-29,5-10%,-5.953,203.203,215.6342,tp_gap_filled,169.7454,34492.78,6.118,2110.13,34
UHS,2024-10-25,2024-10-29,2025-01-31,5-10%,-7.416,208.208,188.3714,time_exit,158.8523,33074.31,-9.527,-3151.08,63
DHI,2024-10-29,2024-10-30,2025-02-03,10%+,-15.074,153.3432,137.3225,time_exit,214.7619,32932.28,-10.448,-3440.62,63
SWK,2024-10-29,2024-10-30,2025-02-03,5-10%,-7.938,94.8447,85.0848,time_exit,348.4266,33046.44,-10.29,-3400.62,63
LLY,2024-10-30,2024-10-31,2025-02-04,10%+,-11.629,799.2985,825.2439,time_exit,40.4965,32368.8,3.246,1050.7,63
EL,2024-10-31,2024-11-01,2025-02-05,10%+,-24.383,65.9659,65.8741,time_exit,493.8402,32576.61,-0.139,-45.35,63
CDW,2024-10-30,2024-11-06,2025-02-05,5-10%,-8.954,200.4102,219.6801,tp_gap_filled,165.4995,33167.79,9.615,3189.15,60
VRT,2025-02-03,2025-02-04,2025-02-05,5-10%,-9.631,105.8557,116.903,tp_gap_filled,311.1547,32937.52,10.436,3437.4,1
SWKS,2024-10-30,2024-11-06,2025-02-06,5-10%,-7.783,90.4904,66.8959,stop,367.334,33240.2,-26.074,-8667.05,61
CTAS,2024-12-19,2025-01-07,2025-02-06,5-10%,-5.739,192.8527,204.1856,tp_gap_filled,171.0341,32984.38,5.876,1938.32,20
HIG,2025-01-31,2025-02-03,2025-02-06,5-10%,-7.247,106.086,114.1457,tp_gap_filled,310.7682,32968.15,7.597,2504.72,3
GPC,2024-10-22,2024-11-06,2025-02-10,10%+,-15.847,120.5604,118.3216,time_exit,274.9066,33142.87,-1.857,-615.48,63
ADM,2024-11-05,2024-11-06,2025-02-10,5-10%,-8.68,50.5505,46.0439,time_exit,656.3915,33180.92,-8.915,-2958.09,63
FSLR,2024-11-06,2024-11-07,2025-02-11,10%+,-12.668,188.7285,161.4384,time_exit,178.1346,33619.09,-14.46,-4861.32,63
AMT,2024-11-06,2024-11-07,2025-02-11,5-10%,-6.102,201.0008,193.2266,time_exit,167.494,33666.42,-3.868,-1302.14,63
TDG,2025-02-04,2025-02-05,2025-02-11,5-10%,-7.342,1254.7134,1351.4272,tp_gap_filled,26.6412,33427.06,7.708,2576.57,4
ABNB,2024-11-08,2024-11-11,2025-02-13,5-10%,-8.618,134.8047,140.899,time_exit,247.8922,33417.03,4.521,1510.73,63
DDOG,2025-01-29,2025-02-11,2025-02-13,2-3%,-2.63,148.0429,131.6264,stop,225.8261,33431.95,-11.089,-3707.27,2
SMCI,2024-10-30,2024-11-25,2025-02-18,10%+,-29.051,34.8848,49.0709,tp_gap_filled,979.9617,34185.81,40.665,13901.77,55
NVDA,2025-01-27,2025-01-28,2025-02-18,10%+,-12.495,124.9248,142.4774,tp_gap_filled,266.2904,33266.28,14.051,4674.08,14
MU,2025-01-27,2025-02-06,2025-02-18,5-10%,-8.072,94.9549,103.0868,tp_gap_filled,352.0589,33429.7,8.564,2862.93,7
MCHP,2024-12-16,2024-12-17,2025-02-19,3-5%,-3.321,57.9979,59.8701,tp_gap_filled,570.4707,33086.12,3.228,1068.0,41
ABBV,2024-11-11,2024-11-22,2025-02-20,10%+,-10.491,178.7486,199.3005,tp_gap_filled,188.2241,33644.8,11.498,3868.37,58
TXN,2025-01-24,2025-01-27,2025-02-20,5-10%,-5.289,190.19,200.4094,tp_gap_filled,176.9589,33655.8,5.373,1808.41,17
CL,2025-01-31,2025-02-03,2025-02-24,5-10%,-6.007,85.5154,90.7991,tp_gap_filled,386.2756,33032.52,6.179,2040.96,14
TGT,2024-11-20,2024-11-25,2025-02-28,10%+,-17.949,128.128,124.1158,time_exit,267.7086,34300.96,-3.131,-1074.11,63
VRT,2025-02-12,2025-02-13,2025-03-04,5-10%,-9.874,111.1911,82.1991,stop,299.7622,33330.89,-26.074,-8690.69,12
DELL,2024-11-27,2024-11-29,2025-03-05,10%+,-11.867,125.0449,97.1528,time_exit,273.6995,34224.73,-22.306,-7634.07,63
ADSK,2024-11-27,2024-12-02,2025-03-06,5-10%,-7.787,293.4932,260.1296,time_exit,118.029,34640.71,-11.368,-3937.87,63
GIS,2024-12-18,2024-12-19,2025-03-07,3-5%,-4.292,63.1631,65.8641,tp_gap_filled,505.0306,31899.3,4.276,1364.07,51
CMCSA,2025-01-30,2025-02-06,2025-03-07,5-10%,-7.869,32.2909,34.979,tp_gap_filled,1035.1152,33424.83,8.325,2782.51,20
HII,2025-02-06,2025-02-10,2025-03-07,10%+,-12.471,171.3612,195.3844,tp_gap_filled,196.628,33694.41,14.019,4723.64,18
SNDK,2025-03-04,2025-03-05,2025-03-07,5-10%,-7.195,46.7367,50.2597,tp_gap_filled,688.7935,32191.93,7.538,2426.62,2
ANET,2025-02-19,2025-02-20,2025-03-10,5-10%,-5.907,104.6045,77.3299,stop,325.0107,33997.59,-26.074,-8864.53,12
AES,2025-03-03,2025-03-04,2025-03-10,3-5%,-3.796,11.1611,11.5784,tp_gap_filled,2844.7276,31750.43,3.739,1186.99,4
AVGO,2025-03-06,2025-03-07,2025-03-10,5-10%,-5.502,181.221,191.3884,tp_gap_filled,179.1204,32460.39,5.61,1821.19,1
ALB,2025-03-07,2025-03-10,2025-03-11,2-3%,-2.877,74.3543,76.4035,tp_gap_filled,427.7804,31807.3,2.756,876.63,1
VRT,2025-03-06,2025-03-07,2025-03-12,5-10%,-5.962,82.7327,87.8021,tp_gap_filled,392.0028,32431.43,6.128,1987.24,3
ANET,2025-03-10,2025-03-11,2025-03-14,3-5%,-4.031,80.08,83.2766,tp_gap_filled,393.5216,31513.21,3.992,1257.95,3
UNH,2025-02-21,2025-02-24,2025-03-18,10%+,-12.513,439.9895,501.9176,tp_gap_filled,74.7194,32875.76,14.075,4627.23,16
FERG,2025-03-11,2025-03-12,2025-03-19,5-10%,-5.847,156.0359,165.3944,tp_gap_filled,202.7926,31642.93,5.998,1897.85,5
CRWD,2025-03-05,2025-03-06,2025-03-25,5-10%,-7.3,90.5104,97.4425,tp_gap_filled,352.4951,31904.47,7.659,2443.51,13
ETR,2025-03-18,2025-03-19,2025-03-31,2-3%,-2.575,83.3332,85.3645,tp_gap_filled,391.6185,32634.84,2.438,795.49,8
ZBRA,2025-02-13,2025-02-18,2025-04-03,5-10%,-6.642,329.8095,243.815,stop,103.0458,33985.48,-26.074,-8861.37,32
DGX,2025-03-19,2025-03-31,2025-04-03,2-3%,-2.157,168.8987,172.2775,tp_gap_filled,187.9633,31746.77,2.001,635.09,3
CRL,2025-01-14,2025-01-15,2025-04-04,5-10%,-5.401,180.0499,133.1037,stop,181.416,32663.93,-26.074,-8516.79,55
JBHT,2025-01-17,2025-01-21,2025-04-04,5-10%,-6.015,175.175,129.4999,stop,190.8786,33437.16,-26.074,-8718.41,52
TXT,2025-01-22,2025-01-23,2025-04-04,3-5%,-4.2,77.8678,65.3435,stop,429.6927,33459.22,-16.084,-5381.58,50
VST,2025-01-27,2025-01-29,2025-04-04,10%+,-19.371,154.2441,97.0766,stop,215.1637,33187.73,-37.063,-12300.37,46
CEG,2025-01-27,2025-01-29,2025-04-04,10%+,-15.824,292.7525,184.2496,stop,113.3882,33194.66,-37.063,-12302.94,46
CNC,2025-02-04,2025-02-05,2025-04-04,5-10%,-7.05,60.3102,64.7552,tp_gap_filled,554.7935,33459.73,7.37,2466.02,41
LII,2025-01-29,2025-02-18,2025-04-04,3-5%,-4.919,630.63,529.1995,stop,53.8982,33989.85,-16.084,-5466.93,33
AMAT,2025-02-14,2025-02-19,2025-04-04,5-10%,-5.117,175.0148,129.3815,stop,195.8336,34273.78,-26.074,-8936.55,32
BBY,2025-03-04,2025-03-07,2025-04-04,5-10%,-8.416,79.5194,58.7855,stop,407.8615,32432.92,-26.074,-8456.56,20
BALL,2025-02-03,2025-03-10,2025-04-04,2-3%,-2.011,54.6346,48.5762,stop,582.3128,31814.42,-11.089,-3527.9,19
USB,2025-01-16,2025-01-17,2025-04-07,5-10%,-5.914,47.9379,35.4386,stop,690.3974,33096.2,-26.074,-8629.5,54
GOOGL,2025-02-05,2025-02-06,2025-04-07,5-10%,-7.418,191.2611,141.3917,stop,174.7629,33425.34,-26.074,-8715.32,41
SNA,2025-02-06,2025-03-10,2025-04-07,2-3%,-2.763,346.6063,308.1711,stop,91.8516,31836.33,-11.089,-3530.33,20
KMI,2025-01-27,2025-03-25,2025-04-07,3-5%,-4.063,29.069,24.3936,stop,1120.3724,32568.15,-16.084,-5238.26,9
APTV,2024-10-31,2025-01-06,2025-04-08,5-10%,-9.613,62.4924,49.3106,time_exit,529.763,33106.18,-21.093,-6983.22,63
CRWD,2025-04-04,2025-04-07,2025-04-08,5-10%,-5.576,82.087,86.7607,tp_gap_filled,350.0659,28735.86,5.694,1636.09,1
CEG,2025-04-04,2025-04-07,2025-04-08,5-10%,-5.346,180.2501,190.0498,tp_gap_filled,159.3576,28724.23,5.437,1561.66,1
BDX,2025-02-06,2025-02-10,2025-04-09,3-5%,-4.697,183.7921,154.231,stop,183.2187,33674.15,-16.084,-5416.15,41
TSLA,2025-04-02,2025-04-03,2025-04-09,5-10%,-5.163,254.8546,268.1915,tp_gap_filled,120.044,30593.76,5.233,1601.02,4
NEM,2025-04-03,2025-04-04,2025-04-09,3-5%,-4.166,46.7467,48.6813,tp_gap_filled,623.2679,29135.72,4.138,1205.75,3
WMT,2025-04-03,2025-04-04,2025-04-09,3-5%,-3.877,86.3663,89.6702,tp_gap_filled,336.6627,29076.31,3.826,1112.32,3
GOOG,2025-04-03,2025-04-04,2025-04-09,3-5%,-3.793,152.9878,158.7011,tp_gap_filled,189.8769,29048.86,3.734,1084.82,3
NFLX,2025-04-03,2025-04-04,2025-04-09,3-5%,-3.604,90.2702,93.4584,tp_gap_filled,321.4311,29015.64,3.532,1024.81,3
AVGO,2025-04-03,2025-04-08,2025-04-09,5-10%,-6.712,160.7005,171.9179,tp_gap_filled,175.8671,28261.94,6.98,1972.77,1
META,2025-04-03,2025-04-08,2025-04-09,5-10%,-6.458,546.7662,583.3461,tp_gap_filled,51.6392,28234.56,6.69,1888.95,1
SBAC,2025-04-07,2025-04-08,2025-04-11,5-10%,-7.485,203.6534,219.6901,tp_gap_filled,138.6631,28239.21,7.874,2223.69,3
DLTR,2025-04-03,2025-04-04,2025-04-17,10%+,-11.628,68.6186,77.4924,tp_gap_filled,424.807,29149.64,12.932,3769.68,9
PHM,2025-04-03,2025-04-04,2025-04-23,3-5%,-3.872,100.3903,104.2257,tp_gap_filled,289.2776,29040.66,3.82,1109.49,12
FLEX,2025-04-03,2025-04-09,2025-04-23,5-10%,-7.661,31.4915,34.0359,tp_gap_filled,962.1956,30300.94,8.08,2448.28,9
RCL,2025-04-03,2025-04-09,2025-04-23,5-10%,-7.574,196.186,211.838,tp_gap_filled,154.4646,30303.78,7.978,2417.67,9
JBL,2025-04-03,2025-04-09,2025-04-23,5-10%,-6.292,130.15,138.6113,tp_gap_filled,233.4307,30381.02,6.501,1975.11,9
MPWR,2025-04-10,2025-04-11,2025-04-24,5-10%,-6.383,526.506,561.2782,tp_gap_filled,56.2219,29601.14,6.604,1954.96,8
KLAC,2025-04-16,2025-04-17,2025-04-24,5-10%,-5.614,63.8888,67.5534,tp_gap_filled,463.7794,29630.32,5.736,1699.55,4
AMD,2025-04-16,2025-04-17,2025-04-25,5-10%,-8.06,87.6976,95.1947,tp_gap_filled,337.8945,29632.54,8.549,2533.23,5
RTX,2025-04-22,2025-04-23,2025-04-28,5-10%,-9.19,114.6445,125.9939,tp_gap_filled,267.0019,30610.31,9.9,3030.3,3
GEV,2025-01-27,2025-01-28,2025-04-29,10%+,-19.237,339.9396,370.8188,time_exit,97.7139,33216.84,9.084,3017.33,63
FE,2025-02-27,2025-04-03,2025-04-29,5-10%,-5.203,40.8508,43.0069,tp_gap_filled,748.7926,30588.79,5.278,1614.5,17
WDC,2025-04-03,2025-04-23,2025-04-30,5-10%,-7.228,38.7988,41.7382,tp_gap_filled,790.2435,30660.47,7.576,2322.89,5
ROP,2025-04-28,2025-04-29,2025-04-30,3-5%,-3.541,538.488,557.1423,tp_gap_filled,59.3505,31959.55,3.464,1107.15,1
NVDA,2025-04-16,2025-04-23,2025-05-01,5-10%,-6.818,104.6546,112.0878,tp_gap_filled,292.6917,30631.52,7.103,2175.65,6
LII,2025-04-23,2025-04-24,2025-05-01,5-10%,-9.999,503.543,558.3711,tp_gap_filled,62.4469,31444.72,10.888,3423.84,5
PWR,2025-01-27,2025-01-31,2025-05-02,10%+,-12.035,315.2549,320.8189,time_exit,106.23,33489.54,1.765,591.06,63
GS,2025-04-03,2025-04-23,2025-05-02,5-10%,-6.69,525.9554,562.5369,tp_gap_filled,58.2037,30612.55,6.955,2129.18,7
HAS,2025-04-03,2025-04-24,2025-05-02,5-10%,-6.205,58.8588,62.6273,tp_gap_filled,534.9651,31487.41,6.403,2016.02,6
CMCSA,2025-04-24,2025-04-25,2025-05-02,5-10%,-7.224,30.0019,32.2732,tp_gap_filled,1056.9234,31709.66,7.571,2400.66,5
NUE,2025-04-03,2025-04-29,2025-05-02,3-5%,-3.788,118.4884,122.907,tp_gap_filled,269.7059,31957.01,3.729,1191.72,3
REGN,2025-04-29,2025-04-30,2025-05-02,5-10%,-8.039,562.3118,610.2491,tp_gap_filled,56.8926,31991.37,8.525,2727.28,2
APP,2025-04-30,2025-05-01,2025-05-02,10%+,-14.182,248.1579,288.5911,tp_gap_filled,129.6488,32173.37,16.293,5242.12,1
APD,2025-05-01,2025-05-02,2025-05-05,3-5%,-4.6,258.8786,270.8189,tp_gap_filled,127.8265,33091.53,4.612,1526.29,1
MRK,2025-02-04,2025-02-05,2025-05-07,10%+,-10.813,89.089,79.0409,time_exit,375.1281,33419.79,-11.279,-3769.33,63
TPR,2025-04-03,2025-04-09,2025-05-07,5-10%,-9.393,67.7877,74.6653,tp_gap_filled,446.608,30274.54,10.146,3071.56,19
EFX,2025-02-06,2025-02-12,2025-05-08,5-10%,-5.699,255.0848,269.9598,tp_gap_filled,130.534,33297.26,5.831,1941.69,59
PH,2025-04-03,2025-04-09,2025-05-08,5-10%,-8.406,576.6861,628.351,tp_gap_filled,52.4843,30266.98,8.959,2711.6,20
PODD,2025-04-03,2025-04-07,2025-05-09,5-10%,-5.105,255.6454,268.8609,tp_gap_filled,112.3501,28721.78,5.169,1484.76,23
FSLR,2025-04-30,2025-05-01,2025-05-09,10%+,-12.008,120.8808,137.1028,tp_gap_filled,267.2781,32308.78,13.42,4335.79,6
WSM,2025-04-03,2025-04-04,2025-05-12,10%+,-13.732,142.4924,164.845,tp_gap_filled,204.5092,29141.0,15.687,4571.32,25
HD,2025-04-03,2025-04-04,2025-05-12,3-5%,-4.074,356.1358,370.5191,tp_gap_filled,81.661,29082.39,4.039,1174.56,25
BX,2025-04-03,2025-04-09,2025-05-12,5-10%,-6.881,137.6375,147.5123,tp_gap_filled,220.6694,30372.39,7.175,2179.08,22
QCOM,2025-05-01,2025-05-02,2025-05-12,5-10%,-6.514,138.9288,148.3115,tp_gap_filled,237.9702,33060.91,6.754,2232.82,6
KEY,2025-04-03,2025-05-02,2025-05-12,5-10%,-5.538,15.1952,16.0539,tp_gap_filled,2176.0981,33066.2,5.651,1868.72,6
CAT,2025-04-03,2025-05-02,2025-05-12,3-5%,-4.479,319.9897,334.3253,tp_gap_filled,103.6639,33171.39,4.48,1486.09,6
J,2025-05-06,2025-05-07,2025-05-12,5-10%,-6.87,116.8791,125.2509,tp_gap_filled,281.5905,32912.05,7.163,2357.4,3
MU,2025-04-03,2025-05-08,2025-05-12,5-10%,-6.411,83.0029,88.5114,tp_gap_filled,401.8925,33358.25,6.636,2213.82,2
LOW,2025-04-03,2025-04-04,2025-05-13,5-10%,-5.309,223.0128,235.0447,tp_gap_filled,130.6405,29134.51,5.395,1571.86,26
NCLH,2025-04-03,2025-04-09,2025-05-13,5-10%,-6.769,18.1982,19.4805,tp_gap_filled,1668.8671,30370.34,7.046,2140.02,23
PLTR,2025-05-06,2025-05-08,2025-05-13,5-10%,-8.936,112.8227,123.6462,tp_gap_filled,295.1179,33296.0,9.593,3194.21,3
ZBRA,2025-04-03,2025-05-12,2025-05-13,5-10%,-5.939,270.7605,287.2824,tp_gap_filled,126.6296,34286.29,6.102,2092.17,1
VLO,2025-04-03,2025-05-12,2025-05-13,5-10%,-5.396,126.5364,133.4864,tp_gap_filled,272.0691,34426.64,5.492,1890.87,1
PSX,2025-04-03,2025-05-12,2025-05-13,5-10%,-5.32,117.5775,123.9359,tp_gap_filled,293.1046,34462.5,5.408,1863.7,1
FIS,2025-02-11,2025-02-12,2025-05-14,10%+,-12.896,72.072,77.972,time_exit,461.8914,33289.43,8.186,2725.14,63
AES,2025-04-03,2025-05-13,2025-05-14,3-5%,-3.846,12.012,12.4675,tp_gap_filled,2879.4124,34587.5,3.792,1311.63,1
MCK,2025-05-12,2025-05-13,2025-05-14,2-3%,-2.862,674.2836,692.7666,tp_gap_filled,51.386,34648.74,2.741,949.77,1
ABBV,2025-05-12,2025-05-13,2025-05-14,2-3%,-2.492,180.18,184.4154,tp_gap_filled,192.2712,34643.42,2.351,814.35,1
WAB,2025-02-12,2025-02-13,2025-05-15,5-10%,-7.746,192.192,204.0358,time_exit,173.3256,33311.79,6.162,2052.83,63
TTWO,2025-05-02,2025-05-05,2025-05-16,5-10%,-8.811,214.6644,234.9348,tp_gap_filled,153.7987,33015.11,9.443,3117.56,9
TAP,2025-05-08,2025-05-09,2025-05-16,5-10%,-7.899,52.4023,56.7832,tp_gap_filled,635.5669,33305.2,8.36,2784.3,5
CCL,2025-03-04,2025-05-13,2025-05-16,3-5%,-3.138,22.5525,23.2367,tp_gap_filled,1535.9313,34639.14,3.034,1050.9,3
J,2025-05-14,2025-05-15,2025-05-16,3-5%,-3.364,121.5769,125.5575,tp_gap_filled,285.7557,34741.3,3.274,1137.47,1
PM,2025-05-12,2025-05-15,2025-05-16,2-3%,-2.392,165.8056,169.5303,tp_gap_filled,209.8719,34797.95,2.246,781.7,1
DVA,2025-02-14,2025-02-18,2025-05-19,10%+,-13.024,154.154,144.815,time_exit,220.4218,33978.9,-6.058,-2058.51,63
T,2025-05-12,2025-05-13,2025-05-19,2-3%,-2.694,27.1171,27.8122,tp_gap_filled,1278.5979,34671.85,2.563,888.72,4
DASH,2025-05-06,2025-05-13,2025-05-20,5-10%,-5.672,193.9437,205.1946,tp_gap_filled,178.2197,34564.59,5.801,2005.12,5
HUM,2025-05-13,2025-05-19,2025-05-20,3-5%,-3.334,244.6744,252.6071,tp_gap_filled,144.0066,35234.73,3.242,1142.36,1
IFF,2025-02-19,2025-02-20,2025-05-21,5-10%,-6.316,81.071,76.9929,time_exit,419.5163,34010.6,-5.03,-1710.81,63
VST,2025-05-19,2025-05-20,2025-05-23,3-5%,-3.987,150.5254,156.4634,tp_gap_filled,235.0678,35383.66,3.945,1395.83,3
VRT,2025-05-15,2025-05-16,2025-05-27,3-5%,-3.361,105.9058,109.3705,tp_gap_filled,332.3041,35192.94,3.272,1151.34,6
WSM,2025-05-22,2025-05-23,2025-05-28,5-10%,-6.801,156.6565,167.7521,tp_gap_filled,219.7264,34421.56,7.083,2437.99,2
EL,2025-04-03,2025-05-12,2025-05-29,5-10%,-5.759,64.8648,68.6912,tp_gap_filled,530.4907,34410.18,5.899,2029.89,12
VTRS,2025-02-27,2025-02-28,2025-05-30,10%+,-17.616,9.2693,8.7812,time_exit,3537.4922,32789.94,-5.265,-1726.47,63
ANET,2025-05-15,2025-05-16,2025-05-30,2-3%,-2.932,95.4353,84.8525,stop,368.8972,35205.83,-11.089,-3903.97,9
CHD,2025-05-01,2025-05-02,2025-06-02,5-10%,-6.392,93.083,99.2407,tp_gap_filled,355.2518,33067.9,6.615,2187.52,20
NEM,2025-05-12,2025-05-20,2025-06-02,5-10%,-5.484,51.071,53.926,tp_gap_filled,692.2772,35355.3,5.59,1976.45,8
INCY,2025-03-17,2025-03-18,2025-06-03,10%+,-11.583,60.06,67.7921,tp_gap_filled,538.3915,32335.8,12.874,4162.92,53
NTAP,2025-05-30,2025-06-02,2025-06-03,3-5%,-4.748,94.5945,99.1108,tp_gap_filled,369.8769,34988.32,4.774,1670.47,1
COHR,2025-05-30,2025-06-03,2025-06-04,2-3%,-2.892,77.2972,79.4405,tp_gap_filled,457.5365,35366.3,2.773,980.62,1
NEE,2025-05-22,2025-05-29,2025-06-05,3-5%,-3.69,68.9689,71.4685,tp_gap_filled,507.8044,35022.71,3.624,1269.29,5
LMT,2025-01-28,2025-03-07,2025-06-06,5-10%,-5.954,474.1737,481.2083,time_exit,68.4593,32461.58,1.484,481.58,63
BBY,2025-05-29,2025-06-02,2025-06-06,3-5%,-4.404,68.4384,71.4485,tp_gap_filled,511.9906,35039.8,4.398,1541.14,4
WBD,2025-04-03,2025-05-28,2025-06-09,5-10%,-5.019,10.04,10.5494,tp_gap_filled,3477.5849,34915.06,5.074,1771.52,8
FSLR,2025-05-21,2025-06-04,2025-06-09,3-5%,-3.331,161.8116,167.0528,tp_gap_filled,218.0564,35284.07,3.239,1142.86,3
MRK,2025-05-13,2025-05-14,2025-06-10,3-5%,-4.327,77.0269,80.3496,tp_gap_filled,446.9704,34428.77,4.314,1485.11,18
RMD,2025-05-20,2025-05-21,2025-06-10,3-5%,-3.9,243.7135,253.0967,tp_gap_filled,142.4525,34717.59,3.85,1336.66,13
CVS,2025-05-13,2025-05-16,2025-06-11,3-5%,-3.271,62.7527,64.7452,tp_gap_filled,560.8433,35194.42,3.175,1117.48,17
PSX,2025-05-21,2025-06-03,2025-06-11,3-5%,-3.507,116.7767,120.7791,tp_gap_filled,302.9239,35374.44,3.427,1212.43,6
AMAT,2025-05-16,2025-06-06,2025-06-11,3-5%,-3.617,168.5984,174.5752,tp_gap_filled,210.354,35465.35,3.545,1257.25,3
ECHO,2025-06-09,2025-06-10,2025-06-12,5-10%,-9.84,15.7758,17.4625,tp_gap_filled,2260.6373,35663.27,10.692,3813.15,2
PCAR,2025-03-13,2025-03-14,2025-06-13,3-5%,-4.808,97.5074,91.7881,time_exit,327.7416,31957.24,-5.865,-1874.45,63
LMT,2025-06-11,2025-06-12,2025-06-13,2-3%,-2.674,464.6141,476.4231,tp_gap_filled,76.7954,35680.24,2.542,906.87,1
MOS,2025-06-06,2025-06-09,2025-06-16,5-10%,-5.769,34.3343,36.3636,tp_gap_filled,1032.8846,35463.37,5.91,2096.04,5
CRWD,2025-06-04,2025-06-05,2025-06-17,5-10%,-6.958,113.8012,122.0678,tp_gap_filled,310.2627,35308.26,7.264,2564.83,8
APA,2025-04-03,2025-06-10,2025-06-17,5-10%,-6.968,19.7798,21.2188,tp_gap_filled,1806.6919,35735.93,7.275,2599.83,5
TFC,2025-04-03,2025-05-02,2025-06-24,5-10%,-5.462,39.3293,41.5184,tp_gap_filled,841.2963,33087.59,5.566,1841.72,35
AVGO,2025-06-06,2025-06-11,2025-06-24,3-5%,-3.382,251.3911,259.6701,tp_gap_filled,141.617,35601.25,3.293,1172.44,8
UAL,2025-06-13,2025-06-16,2025-06-24,5-10%,-5.489,73.2532,77.3526,tp_gap_filled,483.9224,35448.86,5.596,1983.79,5
RDDT,2025-06-23,2025-06-24,2025-06-25,2-3%,-2.429,135.9058,139.0108,tp_gap_filled,261.6551,35560.43,2.285,812.46,1
SMCI,2025-06-23,2025-06-25,2025-06-26,3-5%,-4.082,43.5135,45.2747,tp_gap_filled,813.3499,35391.68,4.048,1432.48,1
NKE,2025-04-03,2025-04-04,2025-06-27,10%+,-13.224,56.4264,64.895,tp_gap_filled,516.3449,29135.47,15.008,4372.75,57
CRM,2025-05-29,2025-05-30,2025-06-30,3-5%,-4.507,263.8536,275.754,tp_gap_filled,132.9153,35070.17,4.51,1581.74,20
GIS,2025-06-25,2025-06-26,2025-07-01,2-3%,-2.546,52.102,53.3566,tp_gap_filled,685.0474,35692.37,2.408,859.42,3
CNC,2025-05-13,2025-05-16,2025-07-02,3-5%,-3.118,60.9709,51.1643,stop,577.1648,35190.26,-16.084,-5660.0,31
SBAC,2025-05-12,2025-05-19,2025-07-02,2-3%,-2.207,234.6344,239.4503,tp_gap_filled,150.2232,35247.53,2.053,723.46,30
FSLR,2025-06-17,2025-06-18,2025-07-02,10%+,-21.284,138.0879,175.0748,tp_gap_filled,253.4266,34995.16,26.785,9373.44,9
FDX,2025-04-03,2025-05-12,2025-07-03,5-10%,-6.114,185.6649,197.3609,tp_gap_filled,184.5998,34273.7,6.299,2159.07,36
FOX,2025-04-03,2025-05-16,2025-07-03,2-3%,-2.925,51.5015,52.947,tp_gap_filled,683.8241,35217.93,2.807,988.5,32
TSLA,2025-07-01,2025-07-02,2025-07-03,5-10%,-6.044,298.7585,317.3423,tp_gap_filled,122.3591,36555.8,6.22,2273.91,1
FTNT,2025-05-08,2025-05-09,2025-07-07,5-10%,-8.546,97.6976,106.6133,tp_gap_filled,340.9332,33308.36,9.126,3039.65,38
GILD,2025-06-10,2025-06-11,2025-07-08,2-3%,-2.752,109.9999,112.887,tp_gap_filled,323.7132,35608.42,2.625,934.6,17
EFX,2025-06-17,2025-06-24,2025-07-08,3-5%,-3.335,258.7885,267.1826,tp_gap_filled,137.3577,35546.6,3.244,1152.99,9
HOOD,2025-07-03,2025-07-07,2025-07-08,2-3%,-2.541,95.5855,97.882,tp_gap_filled,380.5409,36374.18,2.403,873.93,1
WBD,2025-07-01,2025-07-02,2025-07-09,3-5%,-4.45,10.9609,11.4485,tp_gap_filled,3341.8038,36629.34,4.448,1629.43,4
MGM,2025-07-07,2025-07-08,2025-07-09,2-3%,-2.767,36.5865,37.5524,tp_gap_filled,1007.1359,36847.63,2.64,972.75,1
GRMN,2025-04-03,2025-04-09,2025-07-10,10%+,-13.221,189.4292,217.8519,tp_gap_filled,159.7276,30257.07,15.004,4539.89,62
ALB,2025-04-03,2025-07-03,2025-07-10,3-5%,-4.18,69.2992,72.1778,tp_gap_filled,531.1917,36811.18,4.154,1529.04,4
AES,2025-07-08,2025-07-09,2025-07-10,3-5%,-3.385,11.1411,11.5085,tp_gap_filled,3307.9517,36854.32,3.297,1215.18,1
ELV,2025-05-13,2025-05-16,2025-07-14,3-5%,-4.058,400.1798,335.8149,stop,87.92,35183.82,-16.084,-5658.97,38
TSLA,2025-07-07,2025-07-08,2025-07-14,5-10%,-7.604,291.6614,315.0347,tp_gap_filled,126.2453,36820.87,8.014,2950.77,4
LITE,2025-07-01,2025-07-03,2025-07-15,2-3%,-2.199,93.063,94.9649,tp_gap_filled,395.1538,36774.19,2.044,751.57,7
CIEN,2025-06-05,2025-06-24,2025-07-16,5-10%,-8.392,76.9268,83.8061,tp_gap_filled,461.5985,35509.32,8.943,3175.46,15
ALB,2025-07-11,2025-07-14,2025-07-17,5-10%,-5.345,70.3703,74.1957,tp_gap_filled,520.8521,36652.52,5.436,1992.48,3
FSLR,2025-07-08,2025-07-10,2025-07-18,3-5%,-4.936,168.4883,176.8829,tp_gap_filled,219.7772,37029.89,4.982,1844.94,6
BLK,2025-07-15,2025-07-16,2025-07-18,3-5%,-3.654,1071.9208,1110.3485,tp_gap_filled,33.9784,36422.2,3.585,1305.71,2
USB,2025-07-17,2025-07-18,2025-07-21,3-5%,-3.349,44.1942,45.6343,tp_gap_filled,831.5442,36749.39,3.259,1197.56,1
NOC,2025-04-22,2025-04-28,2025-07-22,5-10%,-8.767,485.2348,530.7987,tp_gap_filled,65.5815,31822.43,9.39,2988.15,58
OMC,2025-07-09,2025-07-10,2025-07-22,2-3%,-2.786,72.6526,74.5853,tp_gap_filled,509.3418,37005.0,2.66,984.44,8
EIX,2025-07-07,2025-07-10,2025-07-23,2-3%,-2.303,51.3913,52.4974,tp_gap_filled,720.3197,37018.2,2.152,796.75,9
SW,2025-07-11,2025-07-14,2025-07-23,2-3%,-2.686,46.7767,47.972,tp_gap_filled,784.1197,36678.56,2.555,937.22,7
HSIC,2025-07-14,2025-07-15,2025-07-23,3-5%,-4.141,70.4504,73.3466,tp_gap_filled,514.5373,36249.34,4.111,1490.2,6
WFC,2025-07-15,2025-07-18,2025-07-23,3-5%,-3.212,80.8308,83.3466,tp_gap_filled,455.1591,36790.85,3.112,1145.1,3
RDDT,2025-07-21,2025-07-22,2025-07-23,2-3%,-2.172,145.165,148.0918,tp_gap_filled,258.241,37487.56,2.016,755.8,1
RTX,2025-07-22,2025-07-23,2025-07-24,3-5%,-4.012,145.6255,151.4084,tp_gap_filled,259.7373,37824.37,3.971,1502.05,1
DECK,2025-05-23,2025-05-27,2025-07-25,10%+,-22.325,98.0379,125.9639,tp_gap_filled,357.8178,35079.72,28.485,9992.41,41
DXCM,2025-07-01,2025-07-02,2025-07-25,3-5%,-4.708,83.2632,87.2027,tp_gap_filled,439.8667,36624.7,4.731,1732.87,16
SJM,2025-06-10,2025-07-03,2025-07-29,5-10%,-6.124,105.105,111.7381,tp_gap_filled,350.3463,36823.15,6.311,2323.9,17
ADSK,2025-07-10,2025-07-22,2025-07-29,2-3%,-2.366,300.3,306.9627,tp_gap_filled,124.8458,37491.18,2.219,831.81,5
FCX,2025-07-11,2025-07-21,2025-07-30,2-3%,-2.775,45.9459,40.851,stop,799.3869,36728.55,-11.089,-4072.83,7
TMUS,2025-04-25,2025-04-30,2025-07-31,5-10%,-7.258,243.3931,238.1716,time_exit,131.7231,32060.49,-2.145,-687.8,63
MSI,2025-05-02,2025-05-07,2025-07-31,3-5%,-4.966,417.7674,438.7208,tp_gap_filled,78.8084,32923.59,5.016,1651.31,58
PTC,2025-07-10,2025-07-17,2025-07-31,5-10%,-5.759,198.5484,210.2595,tp_gap_filled,185.7328,36876.94,5.898,2175.15,10
STX,2025-07-30,2025-07-31,2025-08-01,5-10%,-7.65,141.141,152.5273,tp_gap_filled,262.8556,37099.7,8.067,2992.96,1
EG,2025-05-01,2025-05-02,2025-08-04,5-10%,-9.428,325.325,325.714,time_exit,101.3846,32982.96,0.12,39.44,63
LULU,2025-03-28,2025-05-12,2025-08-07,10%+,-11.853,301.351,189.6613,stop,113.6307,34242.74,-37.063,-12691.39,60
GILD,2025-07-28,2025-07-29,2025-08-08,2-3%,-2.418,113.5034,116.0838,tp_gap_filled,334.7764,37998.25,2.273,863.86,8
SWK,2025-04-03,2025-05-12,2025-08-12,5-10%,-7.508,71.2712,71.3586,time_exit,480.6084,34253.53,0.123,41.99,63
EXPD,2025-04-03,2025-05-12,2025-08-12,5-10%,-5.497,115.3052,120.5993,time_exit,298.5029,34418.93,4.591,1580.3,63
PNR,2025-07-22,2025-07-23,2025-08-12,3-5%,-4.053,100.7106,104.7551,tp_gap_filled,375.2122,37787.85,4.016,1517.56,14
HPQ,2025-05-29,2025-05-30,2025-08-13,10%+,-12.426,23.8438,27.1728,tp_gap_filled,1468.6599,35018.46,13.962,4889.14,51
PSKY,2025-07-31,2025-08-01,2025-08-13,5-10%,-9.774,12.012,13.2867,tp_gap_filled,3053.5483,36679.22,10.612,3892.36,8
ADBE,2025-03-13,2025-05-16,2025-08-18,5-10%,-7.599,405.6753,356.8828,time_exit,86.6475,35150.74,-12.027,-4227.75,63
REGN,2025-05-30,2025-06-09,2025-08-22,10%+,-14.491,518.1776,604.7846,tp_gap_filled,68.4412,35464.69,16.714,5927.48,52
ECHO,2025-08-01,2025-08-22,2025-08-26,5-10%,-9.635,29.4795,32.5574,tp_gap_filled,1295.6625,38195.42,10.441,3988.0,2
PANW,2025-07-30,2025-07-31,2025-09-04,5-10%,-7.001,180.4503,193.6462,tp_gap_filled,206.3657,37238.74,7.313,2723.18,24
LMT,2025-07-22,2025-07-23,2025-09-05,5-10%,-8.204,423.1727,460.0695,tp_gap_filled,89.2545,37770.05,8.719,3293.2,31
STLD,2025-07-22,2025-07-23,2025-09-05,3-5%,-4.794,128.2081,134.3955,tp_gap_filled,294.5461,37763.19,4.826,1822.47,31
BF-B,2025-06-05,2025-06-06,2025-09-08,10%+,-17.199,27.5175,27.5624,time_exit,1287.905,35439.91,0.163,57.85,63
GDDY,2025-08-08,2025-08-12,2025-09-10,5-10%,-6.502,140.6205,150.0998,tp_gap_filled,262.1135,36858.52,6.741,2484.65,20
SBUX,2025-04-03,2025-06-11,2025-09-11,5-10%,-6.096,93.4433,82.2776,time_exit,380.7285,35576.54,-11.949,-4251.1,63
EFX,2025-07-22,2025-07-23,2025-09-11,5-10%,-5.731,245.0048,259.3804,tp_gap_filled,154.1146,37758.8,5.867,2215.49,35
DVN,2025-04-03,2025-06-13,2025-09-15,5-10%,-6.619,35.4454,33.7362,time_exit,995.7116,35293.41,-4.822,-1701.85,63
FANG,2025-04-03,2025-06-13,2025-09-15,5-10%,-6.459,151.2111,134.3955,time_exit,233.3313,35282.27,-11.121,-3923.6,63
ALB,2025-09-09,2025-09-11,2025-09-16,5-10%,-8.268,75.2952,81.918,tp_gap_filled,504.1991,37963.78,8.796,3339.2,3
XOM,2025-04-03,2025-06-17,2025-09-17,3-5%,-3.623,114.4844,115.1747,time_exit,306.7648,35119.78,0.603,211.77,63
ADI,2025-09-15,2025-09-16,2025-09-17,2-3%,-2.361,239.6594,244.9648,tp_gap_filled,156.1487,37422.51,2.214,828.43,1
AMAT,2025-08-15,2025-08-18,2025-09-18,10%+,-13.568,162.8627,188.0518,tp_gap_filled,230.0688,37469.62,15.466,5795.22,22
ES,2025-08-25,2025-08-26,2025-09-19,3-5%,-4.554,63.5635,66.4635,tp_gap_filled,595.9917,37883.32,4.562,1728.36,17
NWS,2025-09-09,2025-09-15,2025-09-19,3-5%,-3.591,32.7827,33.936,tp_gap_filled,1144.6556,37524.96,3.518,1320.11,4
NRG,2025-08-06,2025-09-15,2025-09-22,3-5%,-3.425,166.2361,171.788,tp_gap_filled,225.7484,37527.53,3.34,1253.35,5
FOXA,2025-09-09,2025-09-17,2025-09-22,3-5%,-4.526,59.7117,62.4175,tp_gap_filled,629.6304,37596.27,4.532,1703.7,3
AMD,2025-09-18,2025-09-19,2025-09-22,5-10%,-5.152,151.111,159.0008,tp_gap_filled,253.2038,38261.86,5.221,1997.75,1
ECHO,2025-09-15,2025-09-17,2025-09-23,3-5%,-3.712,72.1821,74.8151,tp_gap_filled,520.71,37585.95,3.648,1371.03,4
MU,2025-09-19,2025-09-22,2025-09-23,3-5%,-3.636,162.9128,168.7211,tp_gap_filled,236.4689,38523.79,3.565,1373.5,1
CF,2025-08-07,2025-08-12,2025-09-24,5-10%,-6.34,84.2842,89.8101,tp_gap_filled,437.1344,36843.52,6.556,2415.56,30
SLB,2025-09-22,2025-09-23,2025-09-24,2-3%,-2.44,33.6236,34.3956,tp_gap_filled,1142.7522,38423.43,2.296,882.18,1
AZO,2025-09-23,2025-09-24,2025-09-25,2-3%,-2.093,4038.7647,4116.879,tp_gap_filled,9.4961,38352.65,1.934,741.78,1
EQIX,2025-06-26,2025-06-27,2025-09-26,3-5%,-4.036,791.831,789.5497,time_exit,45.3082,35876.45,-0.288,-103.36,63
PAYX,2025-06-25,2025-06-30,2025-09-29,3-5%,-4.585,145.4153,128.4015,time_exit,248.1688,36087.53,-11.7,-4222.3,63
FOX,2025-09-09,2025-09-18,2025-09-29,3-5%,-4.665,54.2142,56.7532,tp_gap_filled,703.9501,38164.06,4.683,1787.35,7
LITE,2025-09-25,2025-09-26,2025-09-29,3-5%,-4.013,146.7666,152.5972,tp_gap_filled,262.119,38470.32,3.973,1528.32,1
CVNA,2025-09-25,2025-09-26,2025-09-29,3-5%,-3.906,72.106,74.887,tp_gap_filled,535.2188,38592.5,3.857,1488.45,1
TSN,2025-05-05,2025-07-01,2025-09-30,5-10%,-5.248,57.6576,54.2457,time_exit,635.3647,36633.6,-5.918,-2167.8,63
CAH,2025-08-12,2025-08-13,2025-09-30,10%+,-10.567,141.141,157.5023,tp_gap_filled,267.1154,37700.94,11.592,4370.37,33
SNDK,2025-09-24,2025-09-29,2025-09-30,2-3%,-2.674,103.6586,106.2936,tp_gap_filled,374.456,38815.57,2.542,986.71,1
DDOG,2025-07-08,2025-07-09,2025-10-01,3-5%,-4.166,146.2061,152.2576,tp_gap_filled,252.2699,36883.38,4.139,1526.62,59
INTC,2025-09-29,2025-10-01,2025-10-02,2-3%,-2.761,34.5545,35.4645,tp_gap_filled,1131.6413,39103.32,2.633,1029.77,1
REGN,2025-09-23,2025-10-01,2025-10-02,2-3%,-2.632,580.58,595.0843,tp_gap_filled,67.4422,39155.58,2.498,978.2,1
COIN,2025-08-01,2025-08-13,2025-10-03,10%+,-11.282,335.4752,377.3822,tp_gap_filled,112.4753,37732.68,12.492,4713.51,36
WSM,2025-09-26,2025-09-29,2025-10-03,2-3%,-2.009,197.2671,200.9089,tp_gap_filled,197.1822,38897.56,1.846,718.1,4
ELV,2025-07-17,2025-10-02,2025-10-03,3-5%,-3.062,334.334,344.2054,tp_gap_filled,117.8114,39388.34,2.953,1162.97,1
VRTX,2025-05-06,2025-07-08,2025-10-06,5-10%,-6.923,466.0256,402.4971,time_exit,79.0659,36846.75,-13.632,-5022.94,63
ANET,2025-09-12,2025-09-19,2025-10-06,2-3%,-2.522,149.3292,152.887,tp_gap_filled,256.5799,38314.86,2.383,912.85,11
SMCI,2025-08-06,2025-08-07,2025-10-07,10%+,-17.342,47.3773,57.2027,tp_gap_filled,771.5125,36552.21,20.739,7580.42,42
SW,2025-10-06,2025-10-07,2025-10-08,2-3%,-2.358,41.031,41.938,tp_gap_filled,956.0342,39227.03,2.211,867.15,1
JNJ,2025-10-07,2025-10-08,2025-10-09,2-3%,-2.333,183.9538,187.9718,tp_gap_filled,214.8659,39525.39,2.184,863.35,1
LYB,2025-07-24,2025-07-25,2025-10-10,5-10%,-6.813,62.7026,46.3536,stop,609.3432,38207.43,-26.074,-9962.21,54
WBD,2025-09-26,2025-09-29,2025-10-10,2-3%,-2.224,19.3593,17.2126,stop,2010.9692,38931.04,-11.089,-4317.06,9
FAST,2025-09-05,2025-09-29,2025-10-13,2-3%,-2.327,49.1491,43.699,stop,792.2507,38938.41,-11.089,-4317.88,10
ORCL,2025-09-25,2025-10-06,2025-10-13,3-5%,-4.276,295.5653,308.1515,tp_gap_filled,133.5224,39464.57,4.258,1680.55,5
SNDK,2025-10-09,2025-10-10,2025-10-13,3-5%,-3.7,127.127,131.7481,tp_gap_filled,301.6,38341.51,3.635,1393.73,1
PAYX,2025-09-30,2025-10-01,2025-10-14,5-10%,-5.384,121.7316,128.4015,tp_gap_filled,321.0254,39078.94,5.479,2141.19,9
EIX,2025-10-02,2025-10-03,2025-10-15,2-3%,-2.168,55.1151,56.2237,tp_gap_filled,715.0204,39408.39,2.012,792.71,8
REGN,2025-10-13,2025-10-14,2025-10-15,2-3%,-2.325,552.0515,564.0654,tp_gap_filled,70.7088,39034.91,2.176,849.49,1
CRM,2025-09-04,2025-09-05,2025-10-16,5-10%,-6.391,240.3001,256.1936,tp_gap_filled,156.1662,37526.75,6.614,2482.03,29
KVUE,2025-09-22,2025-09-23,2025-10-16,3-5%,-3.435,17.7277,14.8764,stop,2169.4118,38458.7,-16.084,-6185.7,17
SNDK,2025-10-14,2025-10-15,2025-10-16,5-10%,-8.187,123.7136,134.4754,tp_gap_filled,315.7433,39061.73,8.699,3397.97,1
VRT,2025-10-14,2025-10-15,2025-10-16,3-5%,-4.084,171.8617,178.821,tp_gap_filled,228.4373,39259.63,4.049,1589.77,1
ALB,2025-10-14,2025-10-15,2025-10-16,3-5%,-3.83,92.7427,96.2437,tp_gap_filled,424.028,39325.48,3.775,1484.52,1
MCHP,2025-10-14,2025-10-15,2025-10-16,3-5%,-3.37,62.2822,64.3256,tp_gap_filled,632.6372,39402.05,3.281,1292.72,1
WAT,2025-07-14,2025-10-01,2025-10-21,10%+,-10.028,317.8375,352.5571,tp_gap_filled,122.9272,39070.86,10.924,4267.98,14
APP,2025-10-09,2025-10-16,2025-10-21,2-3%,-2.185,616.5559,548.1861,stop,63.3488,39058.05,-11.089,-4331.15,3
TRV,2025-10-16,2025-10-17,2025-10-21,5-10%,-6.253,252.8526,269.1806,tp_gap_filled,155.1121,39220.49,6.457,2532.66,2
OTIS,2025-07-23,2025-07-24,2025-10-22,10%+,-11.872,89.089,91.3286,time_exit,424.1987,37791.44,2.514,950.03,63
EW,2025-10-08,2025-10-09,2025-10-22,2-3%,-2.894,74.5745,76.6433,tp_gap_filled,528.3405,39400.73,2.774,1093.02,9
CMG,2025-07-24,2025-07-25,2025-10-23,10%+,-12.467,46.2462,41.7582,time_exit,825.8686,38193.29,-9.705,-3706.5,63
WRB,2025-10-21,2025-10-22,2025-10-23,2-3%,-2.708,71.5615,73.4065,tp_gap_filled,550.3245,39382.04,2.578,1015.37,1
RVTY,2025-07-28,2025-07-29,2025-10-27,5-10%,-9.395,94.0239,97.0628,time_exit,404.0699,37992.24,3.232,1227.93,63
NUE,2025-09-18,2025-09-23,2025-10-27,3-5%,-4.762,136.136,142.6572,tp_gap_filled,282.5627,38466.95,4.79,1842.65,24
COIN,2025-10-14,2025-10-15,2025-10-27,3-5%,-4.521,341.1909,356.633,tp_gap_filled,115.1215,39278.4,4.526,1777.72,8
PYPL,2025-07-29,2025-07-30,2025-10-28,5-10%,-8.297,71.8017,78.1418,tp_gap_filled,522.1613,37492.08,8.83,3310.53,63
TT,2025-07-30,2025-07-31,2025-10-29,5-10%,-7.746,434.9345,427.0525,time_exit,85.2789,37090.76,-1.812,-672.17,63
JBL,2025-09-25,2025-09-26,2025-10-29,5-10%,-8.243,206.9167,225.0547,tp_gap_filled,185.6549,38415.1,8.766,3367.41,23
CNC,2025-10-21,2025-10-22,2025-10-29,3-5%,-3.145,34.5245,35.5744,tp_gap_filled,1139.0539,39325.26,3.041,1195.89,5
T,2025-10-22,2025-10-23,2025-10-29,3-5%,-4.338,24.9449,26.0239,tp_gap_filled,1587.4542,39598.92,4.326,1712.91,4
GLW,2025-10-28,2025-10-29,2025-10-30,5-10%,-5.662,84.3943,89.2806,tp_gap_filled,466.472,39367.58,5.79,2279.33,1
ALGN,2025-07-31,2025-08-04,2025-10-31,10%+,-30.0,142.6425,137.7421,time_exit,258.8655,36925.23,-3.435,-1268.54,63
AIG,2025-10-16,2025-10-21,2025-11-04,3-5%,-3.63,78.3883,81.1787,tp_gap_filled,507.0334,39745.49,3.56,1414.84,10
FRT,2025-11-03,2025-11-04,2025-11-05,2-3%,-2.1,94.2642,96.0938,tp_gap_filled,410.1746,38664.76,1.941,750.47,1
FTNT,2025-08-07,2025-08-08,2025-11-06,10%+,-23.069,74.3743,80.4595,time_exit,489.5355,36408.86,8.182,2978.9,63
VST,2025-09-23,2025-10-03,2025-11-07,3-5%,-3.584,210.3201,176.4922,stop,187.6211,39460.49,-16.084,-6346.82,25
IR,2025-08-01,2025-08-12,2025-11-10,5-10%,-6.416,79.2792,77.1727,time_exit,464.8973,36856.68,-2.657,-979.28,63
ELV,2025-10-21,2025-10-22,2025-11-10,2-3%,-2.646,345.0447,306.7827,stop,114.3199,39445.48,-11.089,-4374.11,13
COHR,2025-11-07,2025-11-10,2025-11-11,5-10%,-8.035,146.6465,159.1407,tp_gap_filled,265.5203,38937.62,8.52,3317.46,1
HBAN,2025-10-27,2025-10-28,2025-11-12,3-5%,-3.423,15.5355,16.0539,tp_gap_filled,2553.1976,39665.25,3.337,1323.6,11
WM,2025-10-28,2025-10-29,2025-11-19,5-10%,-6.919,199.179,213.5562,tp_gap_filled,197.7038,39378.45,7.218,2842.44,15
RVTY,2025-10-27,2025-10-28,2025-11-21,3-5%,-4.075,94.9549,98.7911,tp_gap_filled,417.5083,39644.45,4.04,1601.67,18
PNC,2025-10-15,2025-10-16,2025-11-25,3-5%,-3.104,184.0238,189.5403,tp_gap_filled,212.4621,39098.1,2.998,1172.03,28
HPQ,2025-11-17,2025-11-21,2025-11-25,3-5%,-3.954,23.5836,24.5055,tp_gap_filled,1647.1658,38846.03,3.909,1518.54,2
LEN,2025-09-19,2025-09-24,2025-11-26,3-5%,-4.794,126.6265,132.7371,tp_gap_filled,302.9548,38362.11,4.826,1851.24,45
TPR,2025-11-06,2025-11-07,2025-11-26,10%+,-13.457,94.6946,109.2007,tp_gap_filled,408.5035,38683.07,15.319,5925.79,13
ALB,2025-11-20,2025-11-25,2025-11-26,3-5%,-3.66,121.2011,125.5543,tp_gap_filled,326.8539,39615.05,3.592,1422.87,1
DLTR,2025-09-03,2025-09-04,2025-11-28,5-10%,-9.475,100.9008,111.2386,tp_gap_filled,370.1459,37348.02,10.246,3826.51,60
AMD,2025-11-25,2025-11-26,2025-11-28,5-10%,-6.31,201.6815,214.835,tp_gap_filled,198.7315,40080.47,6.522,2614.01,1
SJM,2025-11-25,2025-11-26,2025-11-28,3-5%,-3.731,100.4804,104.1657,tp_gap_filled,400.1103,40203.23,3.668,1474.55,1
HD,2025-11-18,2025-11-19,2025-12-01,5-10%,-5.041,340.32,357.672,tp_gap_filled,112.8684,38411.37,5.099,1958.49,7
MU,2025-11-18,2025-11-28,2025-12-01,2-3%,-2.674,235.7155,241.708,tp_gap_filled,171.7163,40476.19,2.542,1029.02,1
NVDA,2025-11-25,2025-11-26,2025-12-02,3-5%,-4.185,175.0849,182.3675,tp_gap_filled,229.3953,40163.66,4.159,1670.58,3
MRVL,2025-11-28,2025-12-01,2025-12-02,2-3%,-2.075,85.9859,87.6323,tp_gap_filled,469.6764,40385.55,1.915,773.27,1
HOOD,2025-11-13,2025-11-28,2025-12-03,2-3%,-2.339,129.9999,132.847,tp_gap_filled,311.3893,40480.57,2.19,886.57,3
COIN,2025-12-01,2025-12-02,2025-12-03,3-5%,-4.505,260.7905,272.5472,tp_gap_filled,155.4329,40535.44,4.508,1827.37,1
TXN,2025-09-04,2025-09-05,2025-12-04,5-10%,-6.12,183.9438,179.9399,time_exit,204.3081,37581.2,-2.177,-818.02,63
LULU,2025-09-05,2025-09-08,2025-12-05,10%+,-19.87,165.3051,189.82,time_exit,226.624,37462.11,14.83,5555.65,63
FCX,2025-09-24,2025-10-08,2025-12-05,5-10%,-7.782,41.8718,45.3146,tp_gap_filled,943.2268,39494.63,8.222,3247.35,41
RMD,2025-12-01,2025-12-02,2025-12-05,3-5%,-4.562,244.4042,255.5742,tp_gap_filled,165.7084,40499.83,4.57,1850.96,3
CRWD,2025-12-03,2025-12-04,2025-12-05,3-5%,-3.593,124.622,129.0084,tp_gap_filled,328.2185,40903.24,3.52,1439.69,1
ALB,2025-12-03,2025-12-04,2025-12-05,2-3%,-2.841,124.6245,128.0119,tp_gap_filled,328.533,40943.26,2.718,1112.86,1
CIEN,2025-12-01,2025-12-02,2025-12-08,3-5%,-4.76,194.6845,204.0058,tp_gap_filled,207.75,40445.71,4.788,1936.5,4
MRNA,2025-11-13,2025-12-05,2025-12-08,2-3%,-2.246,26.1361,26.6833,tp_gap_filled,1573.8152,41133.41,2.094,861.16,1
VRSN,2025-07-29,2025-09-10,2025-12-09,5-10%,-5.876,288.288,242.3274,time_exit,129.9436,37461.17,-15.943,-5972.28,63
AVGO,2025-12-01,2025-12-08,2025-12-09,2-3%,-2.013,395.2449,402.557,tp_gap_filled,104.3149,41229.94,1.85,762.77,1
SNPS,2025-09-10,2025-09-11,2025-12-10,10%+,-29.216,428.2278,475.3542,time_exit,88.5852,37934.63,11.005,4174.7,63
HPE,2025-10-16,2025-10-17,2025-12-10,5-10%,-8.267,22.993,25.015,tp_gap_filled,1705.8419,39222.37,8.794,3449.2,37
NEM,2025-10-21,2025-10-23,2025-12-10,5-10%,-6.176,89.119,94.7951,tp_gap_filled,444.3722,39602.02,6.369,2522.29,33
PSKY,2025-12-05,2025-12-08,2025-12-10,2-3%,-2.767,14.4244,14.8052,tp_gap_filled,2857.3092,41215.0,2.64,1087.98,2
Q,2025-11-14,2025-12-08,2025-12-10,2-3%,-2.037,84.2342,85.8141,tp_gap_filled,489.4555,41228.87,1.876,773.32,2
ITW,2025-10-24,2025-10-28,2025-12-11,3-5%,-3.278,249.249,257.1826,tp_gap_filled,159.1406,39665.64,3.183,1262.55,31
COHR,2025-12-09,2025-12-10,2025-12-11,2-3%,-2.83,180.7806,185.6741,tp_gap_filled,230.138,41604.48,2.707,1126.19,1
DECK,2025-10-24,2025-10-27,2025-12-12,10%+,-13.692,88.5885,102.4375,tp_gap_filled,449.0662,39782.1,15.633,6219.1,33
VRT,2025-12-09,2025-12-10,2025-12-12,2-3%,-2.387,181.3612,161.25,stop,230.1064,41732.36,-11.089,-4627.7,2
IFF,2025-12-11,2025-12-12,2025-12-17,2-3%,-2.89,63.5635,65.3246,tp_gap_filled,660.78,42001.49,2.771,1163.71,3
COHR,2025-12-11,2025-12-12,2025-12-17,2-3%,-2.426,192.8527,171.4672,stop,217.7289,41989.61,-11.089,-4656.23,3
WDC,2025-12-11,2025-12-12,2025-12-19,2-3%,-2.819,176.9968,181.768,tp_gap_filled,237.263,41994.8,2.696,1132.03,5
CASY,2025-12-10,2025-12-11,2025-12-22,3-5%,-4.384,539.0885,562.6768,tp_gap_filled,78.0072,42052.76,4.376,1840.05,7
WRB,2025-12-05,2025-12-10,2025-12-23,3-5%,-3.993,68.108,70.7991,tp_gap_filled,611.015,41615.03,3.951,1644.3,9
FDX,2025-12-19,2025-12-22,2025-12-23,5-10%,-5.245,219.4457,231.1304,tp_gap_filled,190.2385,41747.0,5.325,2222.9,1
COIN,2025-12-11,2025-12-12,2025-12-24,2-3%,-2.977,267.1669,237.5408,stop,157.2049,41999.95,-11.089,-4657.37,8
TTWO,2025-11-07,2025-11-10,2025-12-26,5-10%,-8.071,232.262,252.1476,tp_gap_filled,167.602,38927.57,8.562,3332.86,32
LITE,2025-12-23,2025-12-24,2025-12-26,2-3%,-2.288,381.341,389.4901,tp_gap_filled,109.6083,41798.13,2.137,893.22,1
INTC,2025-12-24,2025-12-26,2025-12-29,3-5%,-3.246,35.2052,36.3136,tp_gap_filled,1188.2811,41833.63,3.149,1317.19,1
DRI,2025-09-18,2025-10-02,2026-01-02,5-10%,-7.242,193.8637,187.0228,time_exit,203.1885,39390.87,-3.529,-1389.99,63
SNDK,2025-11-18,2025-12-24,2026-01-02,3-5%,-3.283,257.4071,265.6141,tp_gap_filled,162.5356,41837.83,3.188,1333.93,5
EFX,2025-10-02,2025-10-03,2026-01-05,5-10%,-7.576,234.8446,220.5692,time_exit,167.9846,39450.27,-6.079,-2398.05,63
LMT,2025-10-21,2025-10-22,2026-01-05,3-5%,-4.584,483.1927,505.3941,tp_gap_filled,81.3641,39314.55,4.595,1806.4,50
APA,2025-12-08,2025-12-09,2026-01-05,2-3%,-2.177,26.5365,23.5939,stop,1557.7646,41337.64,-11.089,-4583.93,17
VRT,2025-12-12,2026-01-02,2026-01-05,3-5%,-3.0,173.4733,178.4813,tp_gap_filled,240.3323,41691.23,2.887,1203.59,1
ADM,2025-12-16,2025-12-17,2026-01-06,2-3%,-2.359,58.8388,60.1398,tp_gap_filled,701.7481,41290.0,2.211,912.99,12
HST,2025-12-31,2026-01-02,2026-01-06,2-3%,-2.132,17.9179,18.2717,tp_gap_filled,2327.7478,41708.35,1.975,823.58,2
HUM,2025-12-16,2026-01-05,2026-01-06,2-3%,-2.41,268.3881,274.4653,tp_gap_filled,156.8076,42085.29,2.264,952.94,1
VLO,2025-12-11,2026-01-05,2026-01-06,2-3%,-2.114,172.4523,175.824,tp_gap_filled,244.2191,42116.13,1.955,823.44,1
APD,2025-12-08,2026-01-05,2026-01-07,2-3%,-2.175,255.275,260.4293,tp_gap_filled,165.0143,42124.03,2.019,850.53,2
CRL,2026-01-05,2026-01-06,2026-01-07,2-3%,-2.678,197.197,202.2176,tp_gap_filled,215.3602,42468.4,2.546,1081.23,1
CMG,2025-10-30,2025-10-31,2026-01-08,10%+,-21.353,31.3013,39.7202,tp_gap_filled,1251.0209,39158.54,26.897,10532.3,46
DE,2025-11-26,2025-12-03,2026-01-08,3-5%,-4.216,477.6071,497.6319,tp_gap_filled,85.389,40782.42,4.193,1709.89,24
NKE,2025-12-19,2025-12-24,2026-01-08,5-10%,-9.797,59.2592,65.5644,tp_gap_filled,705.72,41820.4,10.64,4449.68,9
EFX,2026-01-06,2026-01-07,2026-01-09,3-5%,-3.483,213.3131,220.5692,tp_gap_filled,197.4362,42115.73,3.402,1432.62,2
DECK,2026-01-07,2026-01-08,2026-01-09,5-10%,-6.012,101.101,107.3525,tp_gap_filled,420.9392,42557.37,6.183,2631.52,1
SW,2025-10-29,2026-01-08,2026-01-09,3-5%,-3.783,41.5015,43.0469,tp_gap_filled,1024.8308,42531.97,3.724,1583.83,1
LEN,2025-12-17,2026-01-09,2026-01-12,3-5%,-3.334,113.7637,117.4524,tp_gap_filled,375.081,42670.58,3.242,1383.59,1
MOS,2025-10-10,2025-10-13,2026-01-13,5-10%,-8.493,30.6306,26.1838,time_exit,1270.5609,38918.04,-14.518,-5649.94,63
WBD,2025-12-26,2025-12-29,2026-01-13,2-3%,-2.053,28.6586,29.2008,tp_gap_filled,1458.3377,41793.96,1.892,790.62,10
TT,2026-01-06,2026-01-07,2026-01-13,5-10%,-6.1,367.4871,390.579,tp_gap_filled,114.5118,42081.6,6.284,2644.3,4
TPL,2025-11-18,2026-01-09,2026-01-13,2-3%,-2.237,312.3287,318.8375,tp_gap_filled,136.8891,42754.4,2.084,890.99,2
FERG,2025-12-09,2025-12-10,2026-01-14,5-10%,-5.37,232.8326,245.5542,tp_gap_filled,178.7724,41624.05,5.464,2274.27,23
EXR,2025-10-30,2026-01-09,2026-01-14,2-3%,-2.942,137.7276,141.6182,tp_gap_filled,310.3167,42739.17,2.825,1207.33,3
PNR,2026-01-05,2026-01-06,2026-01-15,2-3%,-2.588,102.8427,105.3645,tp_gap_filled,414.2652,42604.17,2.452,1044.69,7
PGR,2025-10-15,2025-10-16,2026-01-16,5-10%,-5.932,226.3661,202.1676,time_exit,172.8612,39129.92,-10.69,-4182.98,63
ABT,2025-10-15,2025-10-16,2026-01-16,3-5%,-3.947,128.138,121.6382,time_exit,305.1652,39103.26,-5.072,-1983.5,63
LITE,2026-01-07,2026-01-08,2026-01-16,3-5%,-4.881,378.398,317.5365,stop,112.6993,42645.19,-16.084,-6859.05,6
ALB,2026-01-16,2026-01-20,2026-01-21,3-5%,-4.362,166.3662,173.6062,tp_gap_filled,249.6903,41540.02,4.352,1807.76,1
MOS,2026-01-16,2026-01-20,2026-01-21,3-5%,-3.988,26.5065,27.5524,tp_gap_filled,1569.1034,41591.41,3.946,1641.19,1
OMC,2026-01-05,2026-01-06,2026-01-23,2-3%,-2.533,79.3393,81.2387,tp_gap_filled,537.2704,42626.64,2.394,1020.5,12
UNH,2025-10-30,2026-01-06,2026-01-23,2-3%,-2.179,347.8675,354.9047,tp_gap_filled,122.552,42631.84,2.023,862.43,12
LYV,2025-11-04,2025-12-26,2026-01-26,2-3%,-2.169,146.7366,149.6902,tp_gap_filled,285.362,41873.04,2.013,842.84,19
BSX,2026-01-15,2026-01-16,2026-01-26,5-10%,-5.846,88.3483,93.6463,tp_gap_filled,478.0272,42232.87,5.997,2532.59,5
CIEN,2026-01-20,2026-01-21,2026-01-27,5-10%,-5.862,229.3791,243.1766,tp_gap_filled,183.4195,42072.62,6.015,2530.72,4
ORCL,2026-01-23,2026-01-26,2026-01-27,3-5%,-3.12,172.7926,178.0018,tp_gap_filled,245.5551,42430.1,3.015,1279.14,1
COHR,2026-01-23,2026-01-26,2026-01-27,2-3%,-2.215,198.4282,202.5173,tp_gap_filled,214.2289,42509.07,2.061,875.99,1
FFIV,2025-10-28,2025-10-29,2026-01-28,5-10%,-9.662,262.6124,290.1196,tp_gap_filled,150.0223,39397.71,10.474,4126.7,61
NOW,2025-12-15,2025-12-17,2026-01-29,5-10%,-7.752,159.7596,118.1039,stop,258.6279,41318.29,-26.074,-10773.33,28
RCL,2025-10-28,2025-12-19,2026-01-29,5-10%,-7.688,295.9357,319.9397,tp_gap_filled,140.1651,41479.86,8.111,3364.54,26
URI,2025-10-23,2026-01-12,2026-01-29,3-5%,-4.185,950.96,798.0076,stop,44.8674,42667.12,-16.084,-6862.58,12
APP,2026-01-20,2026-01-21,2026-01-29,3-5%,-4.888,541.501,568.1912,tp_gap_filled,77.7246,42087.97,4.929,2074.49,6
APA,2026-01-22,2026-01-23,2026-01-29,2-3%,-2.035,26.026,26.5135,tp_gap_filled,1620.1675,42166.48,1.873,789.77,4
CCI,2025-10-28,2025-10-29,2026-01-30,3-5%,-3.689,94.094,86.7232,time_exit,419.3599,39459.25,-7.833,-3091.02,63
GRMN,2025-10-29,2025-10-30,2026-02-02,10%+,-11.052,220.8907,206.7131,time_exit,177.2614,39155.39,-6.418,-2513.14,63
JCI,2026-01-06,2026-01-07,2026-02-02,5-10%,-7.356,112.7026,121.4085,tp_gap_filled,373.4186,42085.24,7.725,3250.94,17
MRNA,2026-01-23,2026-01-27,2026-02-02,3-5%,-3.968,49.8618,41.842,stop,849.0983,42337.58,-16.084,-6809.58,4
WDAY,2025-11-26,2025-11-28,2026-02-03,5-10%,-7.852,215.5553,159.3514,stop,187.7745,40475.79,-26.074,-10553.66,44
GPN,2025-10-29,2025-12-11,2026-02-03,3-5%,-4.823,81.5815,68.4599,stop,515.398,42046.95,-16.084,-6762.83,35
FIS,2026-01-12,2026-01-13,2026-02-03,3-5%,-3.247,64.7347,54.3227,stop,658.1358,42604.2,-16.084,-6852.46,14
KR,2025-12-04,2025-12-05,2026-02-04,3-5%,-4.003,63.6135,66.1338,tp_gap_filled,646.9203,41152.89,3.962,1630.4,40
MKC,2026-01-22,2026-01-27,2026-02-04,3-5%,-4.913,63.3533,66.4934,tp_gap_filled,668.2576,42336.32,4.957,2098.43,6
FCX,2026-01-30,2026-02-03,2026-02-04,5-10%,-5.205,61.8017,65.0649,tp_gap_filled,666.0504,41163.08,5.28,2173.41,1
SWKS,2026-01-28,2026-01-29,2026-02-05,5-10%,-8.609,54.9349,59.9899,tp_gap_filled,760.6095,41783.99,9.202,3844.93,5
OTIS,2026-01-28,2026-01-29,2026-02-05,5-10%,-6.306,84.9248,90.4595,tp_gap_filled,491.7641,41762.99,6.517,2721.73,5
CI,2025-10-30,2025-11-05,2026-02-06,10%+,-11.407,265.265,291.7579,time_exit,146.8124,38944.18,9.987,3889.49,63
C,2026-01-12,2026-01-13,2026-02-06,3-5%,-3.643,117.0169,121.1987,tp_gap_filled,364.1603,42612.9,3.574,1522.84,17
URI,2026-01-29,2026-02-04,2026-02-06,5-10%,-6.436,845.9051,902.2868,tp_gap_filled,48.7607,41246.92,6.665,2749.21,2
ABBV,2026-02-04,2026-02-05,2026-02-06,5-10%,-7.037,209.9898,225.4343,tp_gap_filled,194.0445,40747.37,7.355,2996.93,1
AXON,2025-11-05,2025-11-06,2026-02-09,10%+,-20.151,564.4039,433.3362,time_exit,67.8463,38292.73,-23.222,-8892.46,63
COR,2026-02-04,2026-02-05,2026-02-09,3-5%,-4.63,345.345,361.3883,tp_gap_filled,118.1595,40805.78,4.646,1895.66,2
COHR,2026-02-05,2026-02-06,2026-02-09,10%+,-15.114,179.2891,210.789,tp_gap_filled,234.3118,42009.56,17.569,7380.8,1
HII,2026-02-05,2026-02-06,2026-02-09,10%+,-14.167,354.9646,412.7269,tp_gap_filled,119.4133,42387.51,16.273,6897.59,1
APP,2026-02-04,2026-02-06,2026-02-09,10%+,-12.947,402.402,461.3282,tp_gap_filled,105.7596,42557.89,14.644,6232.02,1
NRG,2026-01-16,2026-01-27,2026-02-10,2-3%,-2.997,153.9037,158.3415,tp_gap_filled,274.2799,42212.71,2.883,1217.19,10
ADM,2026-02-03,2026-02-04,2026-02-10,5-10%,-8.314,62.4824,68.0119,tp_gap_filled,658.4302,41140.31,8.85,3640.79,4
ARES,2026-02-05,2026-02-09,2026-02-10,3-5%,-3.819,132.112,137.0828,tp_gap_filled,324.5097,42871.62,3.763,1613.07,1
CBOE,2026-02-06,2026-02-09,2026-02-10,2-3%,-2.826,267.7675,275.0047,tp_gap_filled,160.2055,42897.82,2.703,1159.44,1
MCHP,2026-02-06,2026-02-09,2026-02-11,3-5%,-4.651,74.4844,77.962,tp_gap_filled,575.5975,42873.04,4.669,2001.67,2
EBAY,2025-10-30,2025-11-11,2026-02-12,10%+,-14.004,85.6856,79.3306,time_exit,456.6695,39130.0,-7.417,-2902.14,63
ALB,2026-01-30,2026-02-02,2026-02-12,5-10%,-7.355,167.5774,180.5193,tp_gap_filled,246.7332,41346.91,7.723,3193.19,8
KMB,2025-11-03,2025-11-12,2026-02-13,10%+,-12.547,104.7947,109.3006,time_exit,376.6891,39475.02,4.3,1697.32,63
MRNA,2026-02-11,2026-02-12,2026-02-13,10%+,-10.454,37.6426,41.953,tp_gap_filled,1121.6571,42222.09,11.451,4834.79,1
ES,2025-11-19,2026-01-14,2026-02-17,5-10%,-5.541,70.4804,74.4655,tp_gap_filled,601.3065,42380.33,5.654,2396.23,22
NEM,2026-01-30,2026-02-03,2026-02-18,5-10%,-7.035,118.118,126.8031,tp_gap_filled,348.5874,41174.44,7.353,3027.51,10
OMC,2026-02-03,2026-02-10,2026-02-19,5-10%,-6.194,71.8518,76.4435,tp_gap_filled,601.3039,43204.75,6.391,2761.01,6
TTD,2026-02-03,2026-02-10,2026-02-24,3-5%,-4.185,28.5335,23.9442,stop,1515.0249,43228.97,-16.084,-6952.95,9
ZTS,2025-11-04,2025-11-25,2026-02-27,10%+,-13.523,124.9548,130.9689,time_exit,316.7869,39584.06,4.813,1905.18,63
AXP,2026-01-12,2026-01-15,2026-03-02,3-5%,-4.023,360.8605,302.8197,stop,117.9793,42574.06,-16.084,-6847.61,30
TTD,2026-02-26,2026-02-27,2026-03-03,10%+,-16.137,21.1211,25.1348,tp_gap_filled,2043.221,43155.08,19.003,8200.96,2
GD,2026-01-28,2026-01-29,2026-03-04,3-5%,-4.045,352.1418,366.2534,tp_gap_filled,118.7011,41799.63,4.007,1675.06,23
XYZ,2026-03-02,2026-03-03,2026-03-04,5-10%,-5.793,60.07,63.6363,tp_gap_filled,706.0954,42415.16,5.937,2518.14,1
PANW,2026-02-18,2026-02-19,2026-03-05,5-10%,-8.532,149.6996,163.3365,tp_gap_filled,290.8612,43541.8,9.11,3966.46,10
MRVL,2025-12-08,2025-12-09,2026-03-12,5-10%,-8.553,90.5404,87.5823,time_exit,456.8413,41362.62,-3.267,-1351.39,63
RVTY,2026-02-02,2026-02-03,2026-03-12,3-5%,-3.952,104.6045,87.7799,stop,394.1203,41226.76,-16.084,-6630.91,26
DIS,2025-11-13,2025-12-10,2026-03-13,5-10%,-6.652,108.9989,99.1907,time_exit,381.8956,41626.2,-8.998,-3745.7,63
SNDK,2026-02-04,2026-02-12,2026-03-16,5-10%,-5.968,654.654,694.8145,tp_gap_filled,64.6362,42314.35,6.135,2595.82,21
AKAM,2026-02-20,2026-02-24,2026-03-18,5-10%,-8.988,99.8397,109.4804,tp_gap_filled,429.8069,42911.8,9.656,4143.63,16
COHR,2026-03-17,2026-03-18,2026-03-19,3-5%,-4.896,235.4953,247.1226,tp_gap_filled,174.7147,41144.48,4.937,2031.47,1
LITE,2026-03-03,2026-03-04,2026-03-20,5-10%,-7.175,727.777,782.4668,tp_gap_filled,58.8983,42864.81,7.515,3221.13,12
JBL,2026-03-18,2026-03-19,2026-03-20,5-10%,-5.584,247.9477,262.0877,tp_gap_filled,166.6407,41318.18,5.703,2356.29,1
LLY,2026-02-05,2026-02-09,2026-03-24,3-5%,-3.759,1066.5655,895.0191,stop,40.2481,42927.19,-16.084,-6904.41,30
WST,2026-03-10,2026-03-12,2026-03-24,3-5%,-3.092,240.6304,247.8119,tp_gap_filled,169.8061,40860.51,2.984,1219.47,8
LYB,2026-03-23,2026-03-24,2026-03-25,3-5%,-3.682,70.6906,73.2467,tp_gap_filled,573.5634,40545.55,3.616,1466.06,1
ISRG,2026-01-14,2026-01-15,2026-03-31,3-5%,-4.959,534.494,448.526,stop,79.619,42555.89,-16.084,-6844.69,51
MU,2026-03-19,2026-03-20,2026-03-31,5-10%,-7.961,425.395,314.4775,stop,96.19,40918.73,-26.074,-10669.15,7
NEM,2026-03-18,2026-03-31,2026-04-01,3-5%,-3.701,107.0369,110.929,tp_gap_filled,374.8838,40126.41,3.636,1459.06,1
HOOD,2026-03-27,2026-03-31,2026-04-01,2-3%,-2.573,68.6085,70.2796,tp_gap_filled,585.0812,40141.57,2.436,977.73,1
SNDK,2026-03-19,2026-03-20,2026-04-08,5-10%,-6.175,707.8572,752.9363,tp_gap_filled,57.7952,40910.73,6.368,2605.36,12
WDAY,2026-02-09,2026-02-10,2026-04-09,5-10%,-8.108,149.8597,110.7853,stop,288.0853,43172.39,-26.074,-11256.77,40
ADSK,2026-01-29,2026-03-05,2026-04-09,3-5%,-3.104,260.26,218.3998,stop,162.8203,42375.61,-16.084,-6815.69,24
AMD,2026-02-04,2026-02-09,2026-04-10,10%+,-11.197,215.215,241.8679,tp_gap_filled,199.1861,42867.83,12.384,5308.88,42
MKC,2026-03-31,2026-04-01,2026-04-10,5-10%,-6.422,50.3203,53.6663,tp_gap_filled,804.9759,40506.6,6.649,2693.46,6
CVNA,2026-04-09,2026-04-10,2026-04-13,2-3%,-2.283,66.2812,67.6942,tp_gap_filled,629.4562,41721.12,2.132,889.44,1
BLK,2026-03-06,2026-03-25,2026-04-14,3-5%,-4.223,992.2813,1033.965,tp_gap_filled,41.0798,40762.71,4.201,1712.36,13
WDAY,2026-04-09,2026-04-13,2026-04-14,3-5%,-3.004,115.7056,119.0508,tp_gap_filled,367.5401,42526.45,2.891,1229.51,1
SYF,2026-01-12,2026-01-13,2026-04-15,5-10%,-8.781,79.3393,75.914,time_exit,537.2904,42628.23,-4.317,-1840.36,63
COF,2026-01-12,2026-01-13,2026-04-15,5-10%,-7.725,230.1799,202.777,time_exit,185.0957,42605.32,-11.905,-5072.16,63
CEG,2026-03-31,2026-04-01,2026-04-15,5-10%,-7.89,275.325,298.3114,tp_gap_filled,147.0492,40486.34,8.349,3380.12,9
BBY,2026-04-13,2026-04-14,2026-04-15,3-5%,-3.72,60.11,62.3076,tp_gap_filled,711.0194,42739.41,3.656,1562.52,1
GS,2026-04-13,2026-04-14,2026-04-15,3-5%,-3.553,876.4255,906.8922,tp_gap_filled,48.8183,42785.63,3.476,1487.33,1
MGM,2026-04-14,2026-04-15,2026-04-16,2-3%,-2.721,35.7857,36.7132,tp_gap_filled,1196.3318,42811.63,2.592,1109.6,1
FDX,2026-04-14,2026-04-15,2026-04-16,2-3%,-2.404,292.7582,299.3699,tp_gap_filled,146.5861,42914.29,2.258,969.19,1
HPQ,2026-04-14,2026-04-15,2026-04-16,2-3%,-2.392,18.7888,19.2108,tp_gap_filled,2284.3758,42920.61,2.246,964.0,1
FTV,2026-04-14,2026-04-15,2026-04-16,2-3%,-2.148,58.5935,59.7602,tp_gap_filled,733.0879,42954.21,1.991,855.25,1
STX,2026-04-15,2026-04-16,2026-04-17,2-3%,-2.364,521.3508,532.9066,tp_gap_filled,82.8752,43207.03,2.216,957.68,1
APO,2026-02-19,2026-04-16,2026-04-17,2-3%,-2.281,122.6225,125.2346,tp_gap_filled,352.5937,43235.93,2.13,921.02,1
DELL,2026-04-14,2026-04-16,2026-04-17,2-3%,-2.234,185.7356,189.6002,tp_gap_filled,232.6675,43214.62,2.081,899.18,1
ALB,2026-02-26,2026-04-16,2026-04-17,2-3%,-2.032,192.0819,195.6741,tp_gap_filled,225.2772,43271.66,1.87,809.25,1
GLW,2026-04-16,2026-04-17,2026-04-20,2-3%,-2.906,163.5434,168.1017,tp_gap_filled,265.2238,43375.59,2.787,1208.98,1
PYPL,2026-04-16,2026-04-17,2026-04-20,2-3%,-2.38,48.4384,49.5204,tp_gap_filled,895.5729,43380.11,2.234,969.05,1
UNH,2026-01-27,2026-01-28,2026-04-21,10%+,-16.4,294.264,351.2884,tp_gap_filled,142.5174,41937.75,19.379,8126.97,57
HRL,2026-04-09,2026-04-10,2026-04-23,2-3%,-2.726,21.071,21.6184,tp_gap_filled,1980.651,41734.39,2.597,1084.03,9
ABT,2026-01-22,2026-01-23,2026-04-24,10%+,-10.933,107.6375,91.0389,time_exit,391.7715,42169.32,-15.421,-6502.88,63
CVS,2026-01-27,2026-02-02,2026-04-29,10%+,-10.111,75.4654,83.7861,tp_gap_filled,547.8755,41345.64,11.026,4558.73,60
APH,2026-01-28,2026-01-29,2026-04-30,10%+,-15.188,70.5705,73.5614,time_exit,590.9109,41700.88,4.238,1767.34,63
VST,2026-01-16,2026-01-29,2026-04-30,5-10%,-7.01,167.7176,157.6822,time_exit,249.2624,41805.67,-5.984,-2501.45,63
MCK,2026-03-05,2026-03-12,2026-04-30,3-5%,-3.128,949.0481,796.4032,stop,43.0613,40867.24,-16.084,-6573.09,34
TROW,2026-02-04,2026-04-17,2026-04-30,3-5%,-4.685,97.9478,102.5573,tp_gap_filled,442.9897,43389.89,4.706,2041.96,9
ROP,2026-01-27,2026-01-30,2026-05-01,5-10%,-9.829,368.8685,357.8618,time_exit,112.5491,41515.83,-2.984,-1238.8,63
CIEN,2026-04-28,2026-04-30,2026-05-01,3-5%,-4.215,485.485,505.8337,tp_gap_filled,89.6562,43526.74,4.191,1824.38,1
LVS,2026-01-29,2026-02-02,2026-05-04,5-10%,-9.403,55.5555,51.8081,time_exit,744.2073,41344.81,-6.745,-2788.81,63
GLW,2026-04-28,2026-04-29,2026-05-05,10%+,-10.071,151.2411,167.842,tp_gap_filled,283.4413,42867.97,10.976,4705.38,4
IT,2026-02-03,2026-02-04,2026-05-06,10%+,-26.907,148.0879,150.899,time_exit,277.2021,41050.29,1.898,779.22,63
ELV,2026-01-27,2026-02-17,2026-05-06,5-10%,-6.72,351.9516,376.5531,tp_gap_filled,122.0411,42952.56,6.99,3002.39,55
SMCI,2026-03-20,2026-03-24,2026-05-06,10%+,-26.859,22.5425,30.7592,tp_gap_filled,1799.4571,40564.3,36.45,14785.58,30
BKNG,2026-04-29,2026-04-30,2026-05-06,5-10%,-5.099,164.7045,173.2066,tp_gap_filled,264.0763,43494.56,5.162,2245.2,4
KLAC,2026-04-30,2026-05-01,2026-05-06,5-10%,-7.059,168.9688,181.4394,tp_gap_filled,255.6744,43200.99,7.38,3188.41,3
IQV,2026-04-23,2026-05-05,2026-05-06,3-5%,-3.75,168.8086,175.0348,tp_gap_filled,258.6079,43655.25,3.688,1610.13,1
BF-B,2026-04-29,2026-04-30,2026-05-07,5-10%,-7.97,25.5455,27.7023,tp_gap_filled,1702.1311,43481.83,8.443,3671.07,5
ON,2026-05-05,2026-05-06,2026-05-07,3-5%,-4.302,97.7477,101.938,tp_gap_filled,451.3847,44121.8,4.287,1891.44,1
GE,2026-04-21,2026-05-06,2026-05-07,3-5%,-3.3,293.8736,303.2964,tp_gap_filled,150.5232,44234.78,3.206,1418.36,1
EL,2026-02-05,2026-02-06,2026-05-08,10%+,-12.424,104.8547,86.1138,time_exit,406.0199,42573.11,-17.873,-7609.2,63
HUM,2026-01-27,2026-04-21,2026-05-08,10%+,-16.557,220.2,263.3664,tp_gap_filled,197.0444,43389.18,19.603,8505.7,13
AKAM,2026-05-07,2026-05-08,2026-05-11,3-5%,-4.804,116.2461,121.868,tp_gap_filled,377.4619,43878.49,4.836,2122.05,1
WAT,2026-02-09,2026-02-10,2026-05-12,10%+,-12.851,332.6223,351.8578,time_exit,129.8669,43196.64,5.783,2498.05,63
PRU,2026-04-21,2026-04-30,2026-05-12,3-5%,-3.996,98.5985,102.4974,tp_gap_filled,442.7303,43652.54,3.954,1726.16,8
XYL,2026-02-10,2026-02-11,2026-05-13,5-10%,-9.951,126.3662,108.901,time_exit,340.0988,42977.01,-13.821,-5939.91,63
JCI,2026-05-06,2026-05-07,2026-05-13,3-5%,-4.136,138.9688,144.6752,tp_gap_filled,316.7934,44024.41,4.106,1807.74,4
ROL,2026-02-12,2026-02-13,2026-05-15,10%+,-15.168,55.7057,53.3666,time_exit,770.1706,42902.86,-4.199,-1801.49,63
BAX,2026-02-12,2026-02-13,2026-05-15,10%+,-12.348,19.5395,17.2827,time_exit,2198.7898,42963.3,-11.55,-4962.28,63
OXY,2026-05-06,2026-05-12,2026-05-15,5-10%,-6.437,55.5755,59.2807,tp_gap_filled,788.4419,43818.07,6.667,2921.29,3
NOW,2026-04-23,2026-04-24,2026-05-18,10%+,-15.349,87.3372,102.9669,tp_gap_filled,494.58,43195.25,17.896,7730.13,16
INTC,2026-05-12,2026-05-13,2026-05-18,3-5%,-3.925,124.4844,104.4623,stop,348.8866,43430.92,-16.084,-6985.43,3
PAYX,2026-05-13,2026-05-15,2026-05-18,2-3%,-2.369,91.5815,93.6163,tp_gap_filled,473.8924,43399.77,2.222,964.28,1
VMC,2026-02-17,2026-02-18,2026-05-19,5-10%,-9.675,296.246,259.2005,time_exit,146.5023,43400.7,-12.505,-5427.24,63
MRVL,2026-05-15,2026-05-18,2026-05-20,3-5%,-4.754,174.0739,182.3974,tp_gap_filled,249.506,43432.48,4.782,2076.77,2
SOLV,2026-02-27,2026-03-02,2026-05-21,5-10%,-5.121,73.073,76.8631,tp_gap_filled,584.2229,42690.92,5.187,2214.24,57
SMCI,2026-05-15,2026-05-20,2026-05-21,3-5%,-4.329,31.6316,32.997,tp_gap_filled,1380.654,43672.3,4.316,1885.1,1
MU,2026-05-15,2026-05-18,2026-05-22,5-10%,-5.598,733.3026,775.234,tp_gap_filled,59.4732,43611.84,5.718,2493.8,4
TGT,2026-05-20,2026-05-21,2026-05-22,5-10%,-5.525,120.3302,127.1128,tp_gap_filled,366.9277,44152.49,5.637,2488.71,1
CLX,2026-05-01,2026-05-07,2026-05-26,5-10%,-5.651,91.081,96.3436,tp_gap_filled,483.1726,44007.84,5.778,2542.73,12
SNDK,2026-05-12,2026-05-13,2026-05-26,3-5%,-3.59,1493.492,1546.0125,tp_gap_filled,29.0475,43382.14,3.517,1525.59,8
FCX,2026-05-15,2026-05-18,2026-05-29,5-10%,-5.972,62.2522,66.0739,tp_gap_filled,701.2251,43652.8,6.139,2679.85,8
ADBE,2026-03-13,2026-03-16,2026-06-01,5-10%,-7.703,249.249,269.5102,tp_gap_filled,165.7828,41321.21,8.129,3358.96,53
ANET,2026-05-06,2026-05-22,2026-06-01,10%+,-10.116,153.153,170.0498,tp_gap_filled,289.231,44296.6,11.033,4887.07,5
UPS,2026-05-04,2026-05-26,2026-06-01,3-5%,-4.881,102.4223,107.4624,tp_gap_filled,432.3191,44279.12,4.921,2178.94,4
COHR,2026-05-15,2026-05-18,2026-06-02,5-10%,-5.487,383.1027,404.5351,tp_gap_filled,113.5706,43509.22,5.594,2434.08,10
CDW,2026-05-06,2026-06-01,2026-06-02,5-10%,-6.798,127.6275,136.6632,tp_gap_filled,345.2385,44061.93,7.08,3119.47,1
ADSK,2026-05-29,2026-06-01,2026-06-02,5-10%,-6.387,225.7856,240.709,tp_gap_filled,195.83,44215.59,6.61,2922.47,1
NRG,2026-03-03,2026-03-04,2026-06-03,5-10%,-7.25,163.0129,133.6262,time_exit,262.9252,42860.19,-18.027,-7726.48,63
ETN,2026-05-05,2026-05-06,2026-06-03,5-10%,-5.84,398.1678,422.0176,tp_gap_filled,110.5971,44036.19,5.99,2637.72,19
GLW,2026-05-15,2026-05-26,2026-06-03,3-5%,-4.883,198.3081,208.0717,tp_gap_filled,223.3647,44295.04,4.923,2180.85,6
QCOM,2026-06-01,2026-06-02,2026-06-03,5-10%,-7.047,233.5633,250.769,tp_gap_filled,190.2539,44436.34,7.367,3273.44,1
AMGN,2026-05-01,2026-05-06,2026-06-04,3-5%,-3.965,332.8525,345.9038,tp_gap_filled,132.9192,44242.5,3.921,1734.76,20
BAX,2026-05-28,2026-05-29,2026-06-04,2-3%,-2.949,18.7788,19.3107,tp_gap_filled,2347.6878,44086.67,2.833,1248.76,4
AXON,2026-06-02,2026-06-03,2026-06-04,3-5%,-3.403,461.1106,476.4031,tp_gap_filled,96.6056,44545.86,3.316,1477.34,1
ARES,2026-06-03,2026-06-04,2026-06-05,5-10%,-5.597,121.2211,128.1517,tp_gap_filled,369.3151,44768.78,5.717,2559.58,1
LYB,2026-05-06,2026-05-12,2026-06-09,3-5%,-4.925,74.0039,62.1011,stop,592.3513,43836.32,-16.084,-7050.63,19
INTC,2026-06-01,2026-06-03,2026-06-11,3-5%,-4.578,109.5394,114.5653,tp_gap_filled,406.6178,44540.68,4.588,2043.62,6
GEN,2026-06-02,2026-06-03,2026-06-11,2-3%,-2.774,27.017,24.0211,stop,1651.2369,44611.45,-11.089,-4946.96,6
SNDK,2026-06-04,2026-06-09,2026-06-11,3-5%,-4.924,1743.0514,1829.6685,tp_gap_filled,25.3937,44262.49,4.969,2199.53,2
DG,2026-03-12,2026-03-13,2026-06-12,5-10%,-9.176,131.6816,114.6852,time_exit,312.0575,41092.21,-12.907,-5303.84,63
TPR,2026-05-07,2026-05-08,2026-06-12,5-10%,-9.051,135.4954,148.6812,tp_gap_filled,323.9982,43900.25,9.732,4272.18,24
ODFL,2026-06-10,2026-06-11,2026-06-12,5-10%,-7.193,231.0708,248.4813,tp_gap_filled,192.1365,44397.13,7.535,3345.18,1
JBHT,2026-06-10,2026-06-11,2026-06-12,3-5%,-3.6,277.1269,286.9028,tp_gap_filled,160.7226,44540.54,3.528,1571.22,1
MU,2026-06-04,2026-06-12,2026-06-15,5-10%,-6.713,1008.1071,1078.4904,tp_gap_filled,44.3498,44709.31,6.982,3121.48,1
AMD,2026-06-04,2026-06-12,2026-06-15,5-10%,-5.119,515.2647,541.9775,tp_gap_filled,86.6935,44670.11,5.184,2315.82,1
WDC,2026-06-04,2026-06-12,2026-06-15,3-5%,-4.73,566.576,593.5159,tp_gap_filled,78.8234,44659.43,4.755,2123.49,1
MRVL,2026-06-12,2026-06-15,2026-06-16,3-5%,-3.79,270.3401,280.4293,tp_gap_filled,166.1718,44922.9,3.732,1676.54,1
BMY,2026-04-02,2026-04-17,2026-06-18,2-3%,-2.43,60.2902,53.6046,stop,719.5692,43382.99,-11.089,-4810.74,43
ANET,2026-06-04,2026-06-12,2026-06-22,5-10%,-6.475,163.2431,174.1956,tp_gap_filled,273.6418,44670.13,6.709,2997.07,5
NXPI,2026-06-05,2026-06-15,2026-06-22,3-5%,-3.013,312.8225,321.8978,tp_gap_filled,144.3483,45155.39,2.901,1310.0,4
IBM,2026-06-18,2026-06-22,2026-06-23,3-5%,-4.181,251.6314,262.0877,tp_gap_filled,174.1764,43828.25,4.155,1821.24,1
EXPE,2026-05-08,2026-06-04,2026-06-24,5-10%,-8.022,232.7425,252.5372,tp_gap_filled,192.5066,44804.48,8.505,3810.61,13
SYY,2026-03-30,2026-04-08,2026-06-25,5-10%,-8.509,74.9148,81.7182,tp_gap_filled,557.8008,41787.56,9.081,3794.92,54
SNDK,2026-06-23,2026-06-24,2026-06-25,10%+,-11.7,2009.7077,2271.4563,tp_gap_filled,21.79,43791.52,13.024,5703.5,1
PANW,2026-06-02,2026-06-03,2026-06-26,3-5%,-4.333,287.7475,300.1795,tp_gap_filled,154.9402,44583.65,4.32,1926.23,16
MPWR,2026-06-04,2026-06-15,2026-06-26,3-5%,-3.542,1631.6701,1369.2323,stop,27.6627,45136.37,-16.084,-7259.73,8
DOW,2026-05-06,2026-05-11,2026-06-29,5-10%,-6.691,38.1081,28.1718,stop,1145.6591,43658.86,-26.074,-11383.61,33
KLAC,2026-06-23,2026-06-25,2026-06-29,5-10%,-7.839,248.3081,268.8908,tp_gap_filled,177.3468,44036.64,8.289,3650.29,2
MPC,2026-06-15,2026-06-26,2026-06-29,3-5%,-3.729,254.0037,263.3164,tp_gap_filled,172.6162,43845.15,3.666,1607.52,1
MRVL,2026-06-26,2026-06-29,2026-06-30,3-5%,-4.583,268.6384,280.9787,tp_gap_filled,162.9977,43787.44,4.594,2011.45,1
KR,2026-05-21,2026-05-22,2026-07-01,3-5%,-4.95,65.3453,54.8351,stop,678.0146,44305.06,-16.084,-7126.03,26
CEG,2026-06-01,2026-06-02,2026-07-01,3-5%,-4.431,275.275,230.9998,stop,161.5929,44482.49,-16.084,-7154.56,20
MTD,2026-05-08,2026-06-04,2026-07-02,5-10%,-9.569,1194.2431,1317.9707,tp_gap_filled,37.5315,44821.69,10.36,4643.68,19
SCHW,2026-04-16,2026-07-01,2026-07-06,3-5%,-4.498,95.8558,100.1697,tp_gap_filled,455.3743,43650.26,4.5,1964.47,2
WTW,2026-04-30,2026-05-01,2026-07-07,10%+,-10.52,259.8496,289.8199,tp_gap_filled,166.3287,43220.45,11.534,4984.92,44
COR,2026-05-06,2026-05-19,2026-07-07,10%+,-12.383,268.288,305.5941,tp_gap_filled,161.4223,43307.68,13.905,6022.04,32
OKE,2026-06-15,2026-06-23,2026-07-07,3-5%,-3.499,87.5074,90.4994,tp_gap_filled,500.1051,43762.91,3.419,1496.31,9
PSX,2026-06-15,2026-06-26,2026-07-07,3-5%,-3.266,173.7636,179.2705,tp_gap_filled,252.3283,43845.48,3.169,1389.56,6
SNDK,2026-06-26,2026-06-30,2026-07-07,5-10%,-7.067,2172.1651,1605.7948,stop,20.1212,43706.64,-26.074,-11396.07,4
WAT,2026-07-06,2026-07-07,2026-07-09,2-3%,-2.492,370.2098,378.9107,tp_gap_filled,117.4273,43472.75,2.35,1021.72,2
CF,2026-04-08,2026-04-09,2026-07-10,10%+,-14.696,114.2341,116.8031,time_exit,364.2291,41607.39,2.249,935.69,63
APA,2026-04-08,2026-04-09,2026-07-10,10%+,-13.92,37.017,33.4066,time_exit,1125.696,41669.87,-9.753,-4064.24,63
META,2026-04-30,2026-05-06,2026-07-10,5-10%,-7.443,619.9393,668.4509,tp_gap_filled,71.06,44052.91,7.825,3447.23,44
CRH,2026-07-08,2026-07-09,2026-07-10,3-5%,-3.116,103.0029,106.1038,tp_gap_filled,426.5739,43938.35,3.01,1322.76,1
PSKY,2026-07-09,2026-07-10,2026-07-13,5-10%,-5.128,9.2592,9.7402,tp_gap_filled,4771.4897,44180.42,5.195,2295.09,1
WDAY,2026-07-09,2026-07-10,2026-07-13,3-5%,-4.7,131.5314,137.7421,tp_gap_filled,336.0748,44204.39,4.722,2087.27,1
PANW,2026-07-06,2026-07-07,2026-07-14,2-3%,-2.614,339.299,347.7119,tp_gap_filled,128.1754,43489.79,2.48,1078.34,5
PYPL,2026-05-05,2026-05-06,2026-07-15,5-10%,-9.962,45.4154,50.3396,tp_gap_filled,969.3919,44025.29,10.843,4773.52,47
IBM,2026-07-09,2026-07-10,2026-07-15,5-10%,-5.367,286.1258,211.5214,stop,154.3832,44173.04,-26.074,-11517.68,3
SNDK,2026-07-10,2026-07-13,2026-07-15,3-5%,-4.267,1780.763,1494.3451,stop,24.8324,44220.63,-16.084,-7112.45,2
WDC,2026-06-23,2026-06-25,2026-07-16,5-10%,-9.201,665.8752,492.2549,stop,66.102,44015.67,-26.074,-11476.65,14
MU,2026-06-26,2026-06-29,2026-07-16,5-10%,-6.137,1140.219,842.9183,stop,38.4227,43810.27,-26.074,-11423.09,12
HCA,2026-07-14,2026-07-15,2026-07-16,5-10%,-9.313,354.7044,390.3493,tp_gap_filled,121.3616,43047.49,10.049,4325.92,1
WDAY,2026-07-14,2026-07-15,2026-07-16,5-10%,-8.214,133.103,144.7251,tp_gap_filled,324.1488,43145.17,8.732,3767.31,1
CSGP,2026-07-14,2026-07-15,2026-07-16,5-10%,-6.152,27.027,28.7412,tp_gap_filled,1599.8578,43239.36,6.343,2742.52,1
AMD,2026-07-01,2026-07-06,2026-07-17,3-5%,-4.025,558.0876,468.3248,stop,78.0533,43560.59,-16.084,-7006.29,9
LITE,2026-07-01,2026-07-14,2026-07-17,3-5%,-4.621,819.2234,687.4595,stop,53.4287,43770.04,-16.084,-7039.97,3
COHR,2026-07-13,2026-07-14,2026-07-17,3-5%,-3.236,314.314,263.7597,stop,139.2307,43762.17,-16.084,-7038.71,3
BIIB,2026-07-14,2026-07-16,2026-07-17,3-5%,-4.157,200.5403,208.821,tp_gap_filled,215.4826,43212.96,4.129,1784.33,1
ALL,2026-07-15,2026-07-16,2026-07-17,3-5%,-3.683,241.3711,250.0997,tp_gap_filled,179.1925,43251.89,3.616,1564.09,1
NKE,2026-04-01,2026-04-17,2026-07-20,10%+,-11.852,46.6066,43.4265,time_exit,931.3664,43407.79,-6.823,-2961.77,63
ETN,2026-07-16,2026-07-17,2026-07-20,2-3%,-2.681,402.1918,412.4471,tp_gap_filled,106.6315,42886.32,2.55,1093.54,1
NFLX,2026-04-17,2026-04-20,2026-07-21,10%+,-10.595,96.4664,68.6013,time_exit,450.2939,43438.22,-28.886,-12547.46,63
ULTA,2026-03-13,2026-04-20,2026-07-21,5-10%,-9.352,566.8463,488.9805,time_exit,76.5881,43413.66,-13.737,-5963.59,63
GPC,2026-07-06,2026-07-07,2026-07-21,2-3%,-2.542,129.3292,114.9879,stop,336.1974,43480.14,-11.089,-4821.51,10
WDC,2026-07-16,2026-07-17,2026-07-21,5-10%,-5.286,487.1667,513.3262,tp_gap_filled,88.1893,42962.88,5.37,2306.99,2
MU,2026-07-16,2026-07-17,2026-07-21,3-5%,-4.148,867.6368,903.3757,tp_gap_filled,49.4834,42933.64,4.119,1768.49,2
OXY,2026-06-15,2026-06-16,2026-07-22,5-10%,-5.465,53.5035,56.4835,tp_gap_filled,834.8871,44669.34,5.57,2487.97,24
TYL,2026-06-02,2026-07-07,2026-07-22,2-3%,-2.468,322.0117,286.3038,stop,135.061,43491.23,-11.089,-4822.74,11
TEL,2026-04-22,2026-04-23,2026-07-24,10%+,-10.856,216.9968,202.7371,time_exit,198.8062,43140.31,-6.571,-2834.92,63
LDOS,2026-06-17,2026-07-07,2026-07-24,2-3%,-2.773,110.5404,113.4664,tp_gap_filled,393.6627,43515.64,2.647,1151.85,13
UAL,2026-07-16,2026-07-17,2026-07-24,3-5%,-3.579,116.7566,120.849,tp_gap_filled,367.4551,42902.82,3.505,1503.77,5
HST,2026-06-30,2026-07-16,2026-07-27,3-5%,-3.692,24.024,24.8951,tp_gap_filled,1801.2465,43273.15,3.626,1569.03,7
SYK,2026-07-14,2026-07-16,2026-07-27,3-5%,-3.587,319.8796,331.1186,tp_gap_filled,135.2222,43254.81,3.514,1519.76,7
WDAY,2026-07-20,2026-07-21,2026-07-27,2-3%,-2.97,140.6205,144.6352,tp_gap_filled,308.1787,43336.23,2.855,1237.26,4
EFX,2026-07-21,2026-07-22,2026-07-27,10%+,-11.739,159.0989,179.8999,tp_gap_filled,272.7545,43394.95,13.074,5673.56,3
J,2026-05-06,2026-05-07,2026-07-28,5-10%,-7.272,126.7466,136.4135,tp_gap_filled,347.5756,44054.03,7.627,3359.95,55
MSI,2026-05-08,2026-06-02,2026-07-28,3-5%,-3.74,417.417,432.7668,tp_gap_filled,106.5322,44468.35,3.677,1635.25,38
CME,2026-06-17,2026-06-18,2026-07-28,3-5%,-3.601,252.4322,261.3384,tp_gap_filled,174.9181,44154.95,3.528,1557.86,26
PEP,2026-07-09,2026-07-10,2026-07-28,3-5%,-3.803,137.2271,142.3675,tp_gap_filled,322.7315,44287.5,3.746,1658.97,12
CI,2026-07-16,2026-07-21,2026-07-28,2-3%,-2.622,290.29,297.5122,tp_gap_filled,149.2726,43332.35,2.488,1078.07,5
DHR,2026-07-21,2026-07-22,2026-07-28,10%+,-16.046,169.0088,200.9089,tp_gap_filled,256.2494,43308.41,18.875,8174.37,4
HIG,2026-07-24,2026-07-27,2026-07-28,3-5%,-3.693,137.0669,142.0378,tp_gap_filled,322.1261,44152.83,3.627,1601.25,1
EBAY,2026-07-24,2026-07-27,2026-07-28,2-3%,-2.323,106.8868,109.2107,tp_gap_filled,413.3891,44185.82,2.174,960.68,1
DECK,2026-07-24,2026-07-27,2026-07-28,2-3%,-2.307,94.104,96.1338,tp_gap_filled,470.4683,44272.96,2.157,954.94,1
GEHC,2026-04-29,2026-05-04,2026-07-29,5-10%,-9.27,62.2122,68.4315,tp_gap_filled,692.8294,43102.4,9.997,4308.95,59
MCHP,2026-07-16,2026-07-21,2026-07-29,2-3%,-2.794,83.9338,74.6264,stop,516.3814,43341.88,-11.089,-4806.18,6
GOOGL,2026-07-23,2026-07-24,2026-07-29,5-10%,-6.127,321.4511,341.7479,tp_gap_filled,135.8512,43669.53,6.314,2757.34,3
APA,2026-07-27,2026-07-28,2026-07-29,3-5%,-4.205,34.6646,36.1139,tp_gap_filled,1288.6492,44670.55,4.181,1867.54,1
LYB,2026-07-27,2026-07-28,2026-07-29,3-5%,-3.349,58.3583,60.2597,tp_gap_filled,764.7472,44629.35,3.258,1454.08,1
DOW,2026-07-27,2026-07-28,2026-07-29,3-5%,-3.05,28.9589,29.8102,tp_gap_filled,1540.656,44615.75,2.939,1311.45,1
CF,2026-07-27,2026-07-28,2026-07-29,2-3%,-2.639,121.8918,124.9449,tp_gap_filled,365.9817,44610.16,2.505,1117.4,1
ADSK,2026-06-02,2026-07-28,2026-07-29,2-3%,-2.635,241.8616,247.9118,tp_gap_filled,184.4968,44622.7,2.502,1116.25,1
XOM,2026-07-27,2026-07-28,2026-07-29,2-3%,-2.466,153.2231,156.7831,tp_gap_filled,291.0471,44595.14,2.323,1036.12,1
UHS,2026-07-28,2026-07-29,2026-07-30,5-10%,-6.133,149.6895,159.1507,tp_gap_filled,300.725,45015.38,6.321,2845.21,1
MPWR,2026-07-28,2026-07-29,2026-07-30,3-5%,-4.13,1285.0538,1337.7409,tp_gap_filled,35.112,45120.78,4.1,1849.95,1
DDOG,2026-06-02,2026-07-01,2026-07-31,3-5%,-4.771,264.5142,277.2125,tp_gap_filled,165.0211,43650.44,4.801,2095.48,21
CVX,2026-07-27,2026-07-28,2026-07-31,3-5%,-3.142,188.8587,194.5952,tp_gap_filled,236.2922,44625.82,3.037,1355.5,3
GEV,2026-07-28,2026-07-29,2026-07-31,3-5%,-4.79,949.7788,995.5734,tp_gap_filled,47.5472,45159.3,4.822,2177.4,2
HPE,2026-07-28,2026-07-29,2026-07-31,3-5%,-3.88,46.3663,48.1418,tp_gap_filled,972.2207,45078.3,3.829,1726.17,2
ETN,2026-07-28,2026-07-29,2026-07-31,3-5%,-3.856,383.6533,398.2414,tp_gap_filled,117.3348,45015.87,3.802,1711.69,2
GL,2026-07-23,2026-07-24,2026-08-03,5-10%,-7.511,170.3502,183.816,tp_gap_filled,256.1946,43642.8,7.905,3449.87,6
AXP,2026-07-24,2026-07-27,2026-08-03,3-5%,-4.319,326.4461,340.4992,tp_gap_filled,135.1296,44112.54,4.305,1898.98,5
META,2026-07-30,2026-07-31,2026-08-03,10%+,-10.179,526.526,585.0244,tp_gap_filled,87.2834,45956.98,11.11,5105.94,1
WDAY,2026-07-30,2026-07-31,2026-08-03,5-10%,-5.946,158.178,167.842,tp_gap_filled,291.0516,46037.97,6.11,2812.71,1
CTSH,2026-07-30,2026-07-31,2026-08-03,3-5%,-3.788,53.9038,55.914,tp_gap_filled,854.4649,46058.95,3.729,1717.63,1
CNC,2026-07-28,2026-07-29,2026-08-04,5-10%,-7.132,59.5695,64.0159,tp_gap_filled,754.7278,44958.77,7.464,3355.83,4
HUBB,2026-07-28,2026-07-29,2026-08-04,3-5%,-4.804,474.514,497.462,tp_gap_filled,95.2565,45200.53,4.836,2185.94,4
SWKS,2026-07-29,2026-07-30,2026-08-04,5-10%,-9.416,58.6486,64.6153,tp_gap_filled,776.3988,45534.69,10.174,4632.56,3
CVNA,2026-07-30,2026-07-31,2026-08-04,10%+,-11.113,59.009,66.2537,tp_gap_filled,777.3423,45870.15,12.277,5631.63,2
IR,2026-07-31,2026-08-03,2026-08-04,5-10%,-5.194,80.0199,84.2357,tp_gap_filled,582.5624,46616.61,5.268,2455.93,1
CSGP,2026-07-29,2026-07-30,2026-08-05,10%+,-14.177,26.056,30.2997,tp_gap_filled,1739.9912,45337.26,16.287,7383.89,4
WDC,2026-08-03,2026-08-04,2026-08-05,3-5%,-3.759,524.8843,544.2952,tp_gap_filled,90.1912,47339.93,3.698,1750.69,1
PPG,2026-07-29,2026-08-04,2026-08-05,3-5%,-3.554,114.8948,118.891,tp_gap_filled,412.6481,47411.11,3.478,1649.03,1
CMI,2026-08-04,2026-08-05,2026-08-06,10%+,-10.781,579.4789,648.2011,tp_gap_filled,81.5476,47255.12,11.859,5604.13,1
DD,2026-08-04,2026-08-05,2026-08-06,5-10%,-7.85,130.3202,141.1387,tp_gap_filled,364.8681,47549.68,8.301,3947.33,1
HAS,2026-05-20,2026-05-21,2026-08-11,5-10%,-8.407,89.099,97.0828,tp_gap_filled,495.3623,44136.29,8.961,3954.88,55
SYK,2026-07-31,2026-08-03,2026-08-11,5-10%,-5.155,330.4301,347.692,tp_gap_filled,141.5346,46767.3,5.224,2443.15,6
ISRG,2026-07-17,2026-07-28,2026-08-12,5-10%,-9.271,365.395,401.9277,tp_gap_filled,122.2929,44685.2,9.998,4467.68,11
VRT,2026-07-28,2026-08-04,2026-08-12,5-10%,-5.223,272.8526,287.3124,tp_gap_filled,173.5406,47351.01,5.3,2509.37,6
SMCI,2026-06-10,2026-06-22,2026-08-13,10%+,-12.402,35.6356,40.5994,tp_gap_filled,1230.1027,43835.45,13.929,6105.94,37
ABNB,2026-08-11,2026-08-12,2026-08-13,2-3%,-2.823,179.6645,184.5153,tp_gap_filled,271.5322,48784.7,2.7,1317.15,1
STX,2026-07-01,2026-07-02,2026-08-14,5-10%,-7.074,897.6367,964.035,tp_gap_filled,48.5245,43557.38,7.397,3221.94,30
FOXA,2026-06-15,2026-07-17,2026-08-14,10%+,-13.47,57.037,65.7841,tp_gap_filled,752.9895,42948.25,15.336,6586.53,20
FOX,2026-06-15,2026-07-20,2026-08-14,10%+,-11.694,52.082,58.8611,tp_gap_filled,825.569,42997.31,13.016,5596.57,19
RDDT,2026-07-31,2026-08-03,2026-08-14,10%+,-17.041,147.8477,177.862,tp_gap_filled,314.7624,46536.89,20.301,9447.36,9
DVN,2026-05-06,2026-05-15,2026-08-17,5-10%,-6.844,47.5475,47.5224,time_exit,911.5253,43340.75,-0.053,-22.85,63
FANG,2026-07-27,2026-07-28,2026-08-17,3-5%,-3.713,197.2771,204.4753,tp_gap_filled,226.4934,44681.95,3.649,1630.35,14
EME,2026-06-26,2026-08-12,2026-08-17,2-3%,-2.554,841.4706,861.7973,tp_gap_filled,57.9802,48788.6,2.416,1178.54,3
COHR,2026-08-13,2026-08-14,2026-08-17,3-5%,-3.026,345.2249,355.2844,tp_gap_filled,144.2544,49800.2,2.914,1451.13,1
NEM,2026-08-13,2026-08-14,2026-08-17,2-3%,-2.402,115.125,117.7222,tp_gap_filled,431.7649,49706.94,2.256,1121.36,1
EOG,2026-08-03,2026-08-17,2026-08-18,2-3%,-2.475,145.155,148.5413,tp_gap_filled,340.036,49357.93,2.333,1151.47,1
WDAY,2026-08-17,2026-08-18,2026-08-19,3-5%,-3.116,192.6825,198.4813,tp_gap_filled,255.9348,49314.15,3.01,1484.12,1
TSCO,2026-08-17,2026-08-18,2026-08-19,2-3%,-2.205,35.075,35.7942,tp_gap_filled,1405.4645,49296.72,2.05,1010.71,1
AMCR,2026-08-17,2026-08-18,2026-08-19,2-3%,-2.107,45.1051,45.984,tp_gap_filled,1092.5623,49280.09,1.949,960.26,1
CVNA,2026-08-18,2026-08-19,2026-08-20,3-5%,-3.524,67.6876,70.0199,tp_gap_filled,730.5307,49447.89,3.446,1703.8,1
CRM,2026-06-02,2026-08-13,2026-08-21,3-5%,-4.094,201.221,209.3904,tp_gap_filled,246.8687,49675.18,4.06,2016.76,6
TXN,2026-07-16,2026-07-21,2026-08-24,2-3%,-2.55,293.8035,261.2236,stop,147.4909,43333.34,-11.089,-4805.23,24
SNDK,2026-07-15,2026-08-17,2026-08-24,2-3%,-2.306,1719.0073,1528.3866,stop,28.7196,49369.21,-11.089,-5474.55,5
FDXF,2026-06-10,2026-06-11,2026-08-25,5-10%,-6.877,175.6755,129.8699,stop,253.3308,44504.02,-26.074,-11603.98,51
META,2026-08-18,2026-08-24,2026-08-25,2-3%,-2.019,558.0375,568.401,tp_gap_filled,87.721,48951.63,1.857,909.1,1
LITE,2026-08-24,2026-08-25,2026-08-26,3-5%,-4.974,824.4236,865.8433,tp_gap_filled,59.7452,49255.32,5.024,2474.63,1
SPGI,2026-07-28,2026-07-29,2026-08-27,3-5%,-4.8,419.1387,439.3902,tp_gap_filled,107.7388,45157.5,4.832,2181.87,21
NOW,2026-06-02,2026-08-20,2026-08-27,3-5%,-4.387,130.0299,135.7241,tp_gap_filled,378.2328,49181.57,4.379,2153.75,5
CDW,2026-08-05,2026-08-06,2026-08-28,10%+,-25.032,115.5654,153.846,tp_gap_filled,413.8622,47828.17,33.125,15842.87,16
INTU,2026-08-26,2026-08-27,2026-08-28,5-10%,-9.509,323.7935,357.1025,tp_gap_filled,152.7705,49466.08,10.287,5088.64,1
WSM,2026-08-26,2026-08-27,2026-08-28,3-5%,-4.575,224.224,234.5053,tp_gap_filled,221.1599,49589.35,4.585,2273.8,1
FISV,2026-05-05,2026-06-01,2026-08-31,5-10%,-7.945,57.8778,53.2567,time_exit,760.7786,44032.2,-7.984,-3515.66,63
APA,2026-08-25,2026-08-26,2026-08-31,3-5%,-3.678,41.4214,42.917,tp_gap_filled,1191.6624,49360.3,3.611,1782.32,3
HPQ,2026-08-27,2026-08-28,2026-08-31,5-10%,-8.716,27.8879,30.4895,tp_gap_filled,1791.7744,49968.76,9.329,4661.52,1
SNDK,2026-08-24,2026-08-25,2026-09-01,5-10%,-6.39,1495.5841,1594.4839,tp_gap_filled,32.9447,49271.59,6.613,3258.23,5
DLTR,2026-08-27,2026-08-28,2026-09-01,5-10%,-9.215,120.12,132.0478,tp_gap_filled,415.0528,49856.14,9.93,4950.67,2
COR,2026-08-12,2026-08-18,2026-09-02,3-5%,-4.277,319.9096,333.5361,tp_gap_filled,154.211,49333.58,4.259,2101.36,11
CTVA,2026-07-31,2026-08-24,2026-09-02,5-10%,-5.988,84.074,89.2507,tp_gap_filled,582.5366,48976.17,6.157,3015.6,7
BBY,2026-08-27,2026-08-28,2026-09-02,5-10%,-7.823,80.6806,87.3526,tp_gap_filled,621.2889,50125.96,8.27,4145.22,3
SRE,2026-08-31,2026-09-01,2026-09-02,5-10%,-5.136,80.06,84.2257,tp_gap_filled,627.574,50243.57,5.203,2614.29,1
TSLA,2026-07-23,2026-08-13,2026-09-03,5-10%,-8.826,341.341,373.636,tp_gap_filled,145.5491,49681.88,9.461,4700.51,15
COIN,2026-08-28,2026-08-31,2026-09-03,2-3%,-2.459,186.216,190.5293,tp_gap_filled,269.626,50208.69,2.316,1162.97,3
CHTR,2026-09-01,2026-09-02,2026-09-03,3-5%,-4.166,146.2361,152.2876,tp_gap_filled,344.6461,50399.69,4.138,2085.62,1
NEM,2026-09-01,2026-09-02,2026-09-03,3-5%,-3.268,122.0619,125.9339,tp_gap_filled,414.1011,50545.98,3.172,1603.4,1
AVGO,2026-06-04,2026-06-05,2026-09-04,10%+,-14.657,409.399,357.5421,time_exit,108.0575,44238.62,-12.667,-5603.52,63
MU,2026-08-18,2026-08-19,2026-09-04,5-10%,-5.402,958.0571,1010.7382,tp_gap_filled,51.6503,49483.95,5.499,2721.0,12
ADSK,2026-08-28,2026-08-31,2026-09-04,3-5%,-3.481,261.4212,219.3742,stop,192.1314,50227.2,-16.084,-8078.54,4
