slots,ticker,gap_date,entry_date,exit_date,bucket,gap_pct,entry_price,exit_price,exit_reason,units,position_dollars,pnl_pct,pnl_dollar,days_held,cash_cost,proceeds
5,SMCI,2024-09-04,2024-09-05,2024-09-11,3-5%,-4.903,42.054,44.1338,tp_gap_filled,475.5789,20000.0,4.946,989.11,4,20000.0,20989.11
5,HPE,2024-09-05,2024-09-13,2024-09-19,5-10%,-8.631,17.1671,18.7512,tp_gap_filled,1181.3561,20280.52,9.227,1871.36,4,20280.52,22151.88
5,MRNA,2024-09-12,2024-09-13,2024-11-11,10%+,-14.615,67.9579,42.7707,stop,298.1451,20261.31,-37.063,-7509.45,41,20261.31,12751.86
5,FDX,2024-09-20,2024-09-24,2024-11-22,10%+,-13.19,210.3391,241.8127,tp_gap_filled,96.2955,20254.7,14.963,3030.77,43,20254.7,23285.47
5,CNC,2024-09-04,2024-09-11,2024-12-10,5-10%,-7.628,74.1841,56.6533,time_exit,272.2662,20197.82,-23.632,-4773.05,63,20197.82,15424.77
5,DLTR,2024-09-04,2024-09-17,2024-12-16,10%+,-10.851,72.8628,69.96,time_exit,284.7537,20747.95,-3.984,-826.59,63,20747.95,19921.36
5,MRNA,2025-01-13,2025-01-14,2025-01-23,10%+,-21.183,33.3333,42.2077,tp_gap_filled,557.8158,18593.84,26.623,4950.31,6,18593.84,23544.15
5,SMCI,2024-10-30,2024-11-26,2025-02-18,10%+,-29.051,34.8848,49.0709,tp_gap_filled,534.4587,18644.51,40.665,7581.85,54,18644.51,26226.36
5,TGT,2024-11-20,2024-11-25,2025-02-28,10%+,-17.949,128.128,124.1158,time_exit,146.7774,18806.29,-3.131,-588.91,63,18806.29,18217.38
5,INCY,2024-11-19,2024-12-19,2025-03-25,10%+,-12.81,67.1771,62.0179,time_exit,271.4378,18234.4,-7.68,-1400.4,63,18234.4,16834.01
5,CEG,2025-01-27,2025-01-29,2025-04-04,10%+,-15.824,292.7525,184.2496,stop,66.5939,19495.53,-37.063,-7225.63,46,19495.53,12269.9
5,NKE,2025-04-03,2025-04-04,2025-06-27,10%+,-13.224,56.4264,64.895,tp_gap_filled,340.6187,19219.88,15.008,2884.59,57,19219.88,22104.46
5,SWKS,2025-02-06,2025-04-30,2025-07-31,10%+,-28.17,62.6125,68.4715,time_exit,306.9366,19218.08,9.357,1798.31,63,19218.08,21016.4
5,REGN,2025-05-30,2025-06-09,2025-08-22,10%+,-14.491,518.1776,604.7846,tp_gap_filled,39.1034,20262.5,16.714,3386.63,52,20262.5,23649.13
5,BF-B,2025-06-05,2025-06-09,2025-09-09,10%+,-17.199,27.5175,27.4325,time_exit,735.588,20241.54,-0.309,-62.49,63,20241.54,20179.05
5,IT,2025-08-05,2025-08-06,2025-11-04,10%+,-27.983,242.7325,226.9428,time_exit,86.0441,20885.7,-6.505,-1358.61,63,20885.7,19527.09
5,FTNT,2025-08-07,2025-08-08,2025-11-06,10%+,-23.069,74.3743,80.4595,time_exit,279.0228,20752.12,8.182,1697.9,63,20752.12,22450.02
5,HRL,2025-08-28,2025-09-10,2025-12-09,10%+,-14.611,24.8048,23.6064,time_exit,843.8561,20931.67,-4.831,-1011.29,63,20931.67,19920.38
5,SNPS,2025-09-10,2025-09-11,2025-12-10,10%+,-29.216,428.2278,475.3542,time_exit,49.6487,21260.97,11.005,2339.77,63,21260.97,23600.74
5,FTNT,2025-11-06,2026-01-14,2026-02-09,10%+,-11.559,76.1261,85.904,tp_gap_filled,289.3988,22030.79,12.844,2829.73,17,22030.79,24860.51
5,AXON,2025-11-05,2025-11-11,2026-02-12,10%+,-20.151,564.4039,435.3742,time_exit,35.7508,20177.86,-22.861,-4612.91,63,20177.86,15564.96
5,EBAY,2025-10-30,2025-11-11,2026-02-12,10%+,-14.004,85.6856,79.3306,time_exit,236.1361,20233.47,-7.417,-1500.65,63,20233.47,18732.82
5,APH,2026-01-28,2026-02-03,2026-05-05,10%+,-15.188,70.5705,68.2767,time_exit,295.3915,20845.92,-3.25,-677.58,63,20845.92,20168.34
5,SMCI,2026-03-20,2026-03-24,2026-05-06,10%+,-26.859,22.5425,30.7592,tp_gap_filled,901.5776,20323.83,36.45,7407.98,30,20323.83,27731.82
5,IT,2026-02-03,2026-02-23,2026-05-22,10%+,-26.907,148.0879,159.85,time_exit,139.7505,20695.37,7.943,1643.75,63,20695.37,22339.12
5,PYPL,2026-02-03,2026-02-23,2026-05-22,10%+,-18.049,42.9279,44.1858,time_exit,480.066,20608.22,2.93,603.87,63,20608.22,21212.09
5,MTD,2026-05-08,2026-06-04,2026-07-02,5-10%,-9.569,1194.2431,1317.9707,tp_gap_filled,18.664,22289.39,10.36,2309.26,19,22289.39,24598.64
5,COR,2026-05-06,2026-05-19,2026-07-07,10%+,-12.383,268.288,305.5941,tp_gap_filled,82.3739,22099.92,13.905,3073.05,32,22099.92,25172.97
5,REGN,2026-05-18,2026-05-29,2026-07-29,10%+,-11.789,616.5459,697.5517,tp_gap_filled,36.1876,22311.34,13.139,2931.41,41,22311.34,25242.75
5,FOXA,2026-06-15,2026-07-17,2026-08-14,10%+,-13.47,57.037,65.7841,tp_gap_filled,407.6556,23251.45,15.336,3565.83,20,23251.45,26817.28
5,RDDT,2026-07-31,2026-08-03,2026-08-14,10%+,-17.041,147.8477,177.862,tp_gap_filled,161.1277,23822.36,20.301,4836.13,9,23822.36,28658.49
5,FISV,2026-05-05,2026-06-01,2026-08-31,5-10%,-7.945,57.8778,53.2567,time_exit,382.1745,22119.43,-7.984,-1766.08,63,22119.43,20353.35
10,NVDA,2024-09-04,2024-09-05,2024-09-06,2-3%,-2.398,105.5154,107.892,tp_gap_filled,94.7013,9992.45,2.252,225.07,1,9992.45,10217.52
10,CDNS,2024-09-04,2024-09-05,2024-09-10,2-3%,-2.829,249.279,256.0237,tp_gap_filled,40.0602,9986.16,2.706,270.19,3,9986.16,10256.35
10,SMCI,2024-09-04,2024-09-05,2024-09-11,3-5%,-4.903,42.054,44.1338,tp_gap_filled,237.7894,10000.0,4.946,494.56,4,10000.0,10494.56
10,HPE,2024-09-05,2024-09-13,2024-09-19,5-10%,-8.631,17.1671,18.7512,tp_gap_filled,588.5994,10104.57,9.227,932.39,4,10104.57,11036.96
10,HUM,2024-09-11,2024-09-12,2024-10-01,3-5%,-4.619,330.7504,277.5525,stop,30.5383,10100.54,-16.084,-1624.57,13,10100.54,8475.97
10,PANW,2024-09-04,2024-09-05,2024-10-08,3-5%,-3.315,171.8216,177.3575,tp_gap_filled,58.1177,9985.87,3.222,321.73,23,9985.87,10307.6
10,CPRT,2024-09-05,2024-09-06,2024-10-08,5-10%,-5.749,50.05,52.9969,tp_gap_filled,198.0357,9911.69,5.888,583.6,22,9911.69,10495.29
10,TSLA,2024-10-11,2024-10-14,2024-10-24,5-10%,-7.807,220.3501,238.5312,tp_gap_filled,44.6134,9830.57,8.251,811.12,8,9830.57,10641.69
10,MRNA,2024-09-12,2024-09-13,2024-11-11,10%+,-14.615,67.9579,42.7707,stop,148.6183,10099.79,-37.063,-3743.28,41,10099.79,6356.5
10,FDX,2024-09-20,2024-09-24,2024-11-22,10%+,-13.19,210.3391,241.8127,tp_gap_filled,47.9561,10087.04,14.963,1509.36,43,10087.04,11596.39
10,CNC,2024-09-04,2024-09-11,2024-12-10,5-10%,-7.628,74.1841,56.6533,time_exit,135.8818,10080.27,-23.632,-2382.12,63,10080.27,7698.15
10,ADBE,2024-09-13,2024-09-16,2024-12-13,5-10%,-9.203,533.1026,465.2243,time_exit,18.9587,10106.95,-12.733,-1286.89,63,10106.95,8820.06
10,DLTR,2024-09-04,2024-09-17,2024-12-16,10%+,-10.851,72.8628,69.96,time_exit,139.1742,10140.62,-3.984,-404.0,63,10140.62,9736.62
10,NKE,2024-10-02,2024-10-03,2025-01-03,5-10%,-7.001,82.9729,73.2367,time_exit,118.2809,9814.11,-11.734,-1151.61,63,9814.11,8662.5
10,MU,2024-12-19,2024-12-20,2025-01-07,10%+,-13.301,90.1701,103.7961,tp_gap_filled,105.1775,9483.86,15.111,1433.15,10,9483.86,10917.01
10,MRNA,2025-01-13,2025-01-14,2025-01-23,10%+,-21.183,33.3333,42.2077,tp_gap_filled,290.6677,9688.91,26.623,2579.52,6,9688.91,12268.43
10,AMGN,2024-11-26,2024-12-18,2025-02-05,10%+,-10.129,264.4842,293.706,tp_gap_filled,35.8637,9485.38,11.049,1048.0,31,9485.38,10533.39
10,EL,2024-10-31,2024-11-05,2025-02-07,10%+,-24.383,65.9659,64.965,time_exit,146.7296,9679.15,-1.517,-146.87,63,9679.15,9532.29
10,SMCI,2024-10-30,2024-11-26,2025-02-18,10%+,-29.051,34.8848,49.0709,tp_gap_filled,279.231,9740.93,40.665,3961.18,54,9740.93,13702.11
10,ELV,2024-10-17,2024-11-15,2025-02-20,10%+,-18.523,405.3149,390.1095,time_exit,23.3026,9444.89,-3.752,-354.33,63,9444.89,9090.57
10,TGT,2024-11-20,2024-11-25,2025-02-28,10%+,-17.949,128.128,124.1158,time_exit,76.4762,9798.74,-3.131,-306.84,63,9798.74,9491.9
10,HII,2025-02-06,2025-02-10,2025-03-07,10%+,-12.471,171.3612,195.3844,tp_gap_filled,59.2637,10155.5,14.019,1423.71,18,10155.5,11579.21
10,INCY,2024-11-19,2024-12-19,2025-03-25,10%+,-12.81,67.1771,62.0179,time_exit,140.5676,9442.92,-7.68,-725.21,63,9442.92,8717.71
10,CEG,2025-01-27,2025-01-29,2025-04-04,10%+,-15.824,292.7525,184.2496,stop,34.3661,10060.75,-37.063,-3728.81,46,10060.75,6331.93
10,APTV,2024-10-31,2025-01-06,2025-04-08,5-10%,-9.613,62.4924,49.3106,time_exit,156.4571,9777.39,-21.093,-2062.38,63,9777.39,7715.0
10,DHI,2024-10-29,2025-01-21,2025-04-22,10%+,-15.074,153.3432,124.835,time_exit,64.8301,9941.25,-18.591,-1848.19,63,9941.25,8093.06
10,BBY,2025-04-03,2025-04-23,2025-05-12,10%+,-12.452,66.3663,75.6543,tp_gap_filled,143.7116,9537.61,13.995,1334.79,13,9537.61,10872.4
10,FIS,2025-02-11,2025-02-12,2025-05-14,10%+,-12.896,72.072,77.972,time_exit,138.2311,9962.59,8.186,815.56,63,9962.59,10778.15
10,UNH,2025-02-21,2025-04-21,2025-05-15,10%+,-12.513,439.9895,276.9162,stop,21.3927,9412.55,-37.063,-3488.57,18,9412.55,5923.98
10,UNH,2025-05-15,2025-05-16,2025-05-19,10%+,-10.75,275.1749,307.702,tp_gap_filled,35.4537,9755.98,11.821,1153.21,1,9755.98,10909.19
10,VTRS,2025-02-27,2025-02-28,2025-05-30,10%+,-17.616,9.2693,8.7812,time_exit,1089.8068,10101.7,-5.265,-531.88,63,10101.7,9569.82
10,NKE,2025-04-03,2025-04-04,2025-06-27,10%+,-13.224,56.4264,64.895,tp_gap_filled,167.4835,9450.48,15.008,1418.36,57,9450.48,10868.85
10,GRMN,2025-04-03,2025-04-09,2025-07-10,10%+,-13.221,189.4292,217.8519,tp_gap_filled,49.8917,9450.95,15.004,1418.06,62,9450.95,10869.0
10,SWKS,2025-02-06,2025-04-30,2025-07-31,10%+,-28.17,62.6125,68.4715,time_exit,151.9626,9514.77,9.357,890.34,63,9514.77,10405.1
10,HPQ,2025-05-29,2025-06-13,2025-08-13,10%+,-12.426,23.8438,27.1728,tp_gap_filled,409.4894,9763.79,13.962,1363.18,41,9763.79,11126.98
10,REGN,2025-05-30,2025-06-09,2025-08-22,10%+,-14.491,518.1776,604.7846,tp_gap_filled,19.1199,9907.53,16.714,1655.92,52,9907.53,11563.45
10,WDAY,2025-05-23,2025-05-27,2025-08-26,10%+,-11.199,241.8416,222.6571,time_exit,40.5731,9812.27,-7.933,-778.37,63,9812.27,9033.9
10,BF-B,2025-06-05,2025-06-09,2025-09-09,10%+,-17.199,27.5175,27.4325,time_exit,359.8584,9902.4,-0.309,-30.57,63,9902.4,9871.83
10,COHR,2025-08-14,2025-08-15,2025-09-22,10%+,-20.095,91.1911,113.896,tp_gap_filled,110.9368,10116.45,24.898,2518.81,25,10116.45,12635.25
10,MRVL,2025-08-29,2025-09-02,2025-09-24,10%+,-16.444,64.5945,77.1528,tp_gap_filled,153.5826,9920.59,19.442,1928.73,16,9920.59,11849.32
10,SMCI,2025-08-06,2025-08-07,2025-10-07,10%+,-17.342,47.3773,57.2027,tp_gap_filled,209.2378,9913.13,20.739,2055.85,42,9913.13,11968.98
10,OTIS,2025-07-23,2025-07-24,2025-10-22,10%+,-11.872,89.089,91.3286,time_exit,114.7049,10218.94,2.514,256.89,63,10218.94,10475.83
10,CMG,2025-07-24,2025-07-25,2025-10-23,10%+,-12.467,46.2462,41.7582,time_exit,221.0539,10222.9,-9.705,-992.09,63,10222.9,9230.81
10,IT,2025-08-05,2025-08-06,2025-11-04,10%+,-27.983,242.7325,226.9428,time_exit,41.0132,9955.23,-6.505,-647.58,63,9955.23,9307.65
10,FTNT,2025-08-07,2025-08-08,2025-11-06,10%+,-23.069,74.3743,80.4595,time_exit,132.5811,9860.63,8.182,806.78,63,9860.63,10667.4
10,HRL,2025-08-28,2025-09-10,2025-12-09,10%+,-14.611,24.8048,23.6064,time_exit,405.1633,10049.99,-4.831,-485.55,63,10049.99,9564.43
10,SNPS,2025-09-10,2025-09-11,2025-12-10,10%+,-29.216,428.2278,475.3542,time_exit,23.6963,10147.42,11.005,1116.72,63,10147.42,11264.14
10,DECK,2025-10-24,2025-10-27,2025-12-12,10%+,-13.692,88.5885,102.4375,tp_gap_filled,123.6589,10954.76,15.633,1712.55,33,10954.76,12667.31
10,VRTX,2025-08-05,2025-10-02,2026-01-02,10%+,-13.562,408.6282,451.6779,time_exit,26.6112,10874.11,10.535,1145.6,63,10874.11,12019.71
10,ROP,2025-10-23,2025-10-27,2026-01-27,5-10%,-8.231,467.5271,345.6241,stop,23.4811,10978.03,-26.074,-2862.41,62,10978.03,8115.62
10,FFIV,2025-10-28,2025-10-29,2026-01-28,5-10%,-9.662,262.6124,290.1196,tp_gap_filled,40.6878,10685.11,10.474,1119.21,61,10685.11,11804.32
10,GRMN,2025-10-29,2025-10-30,2026-02-02,10%+,-11.052,220.8907,206.7131,time_exit,47.9044,10581.63,-6.418,-679.17,63,10581.63,9902.46
10,FTNT,2025-11-06,2026-01-14,2026-02-09,10%+,-11.559,76.1261,85.904,tp_gap_filled,146.3621,11141.97,12.844,1431.12,17,11141.97,12573.09
10,AXON,2025-11-05,2025-11-11,2026-02-12,10%+,-20.151,564.4039,435.3742,time_exit,18.1655,10252.67,-22.861,-2343.89,63,10252.67,7908.78
10,EBAY,2025-10-30,2025-11-11,2026-02-12,10%+,-14.004,85.6856,79.3306,time_exit,119.8194,10266.79,-7.417,-761.45,63,10266.79,9505.34
10,UNH,2026-01-27,2026-01-28,2026-04-21,10%+,-16.4,294.264,351.2884,tp_gap_filled,37.2169,10951.6,19.379,2122.27,57,10951.6,13073.87
10,ABT,2026-01-22,2026-01-23,2026-04-24,10%+,-10.933,107.6375,91.0389,time_exit,102.9924,11085.85,-15.421,-1709.54,63,11085.85,9376.32
10,CVS,2026-01-27,2026-02-02,2026-04-29,10%+,-10.111,75.4654,83.7861,tp_gap_filled,142.7561,10773.15,11.026,1187.84,60,10773.15,11960.99
10,APH,2026-01-28,2026-02-03,2026-05-05,10%+,-15.188,70.5705,68.2767,time_exit,151.9283,10721.66,-3.25,-348.5,63,10721.66,10373.16
10,SMCI,2026-03-20,2026-03-24,2026-05-06,10%+,-26.859,22.5425,30.7592,tp_gap_filled,456.0716,10281.0,36.45,3747.4,30,10281.0,14028.4
10,HUM,2026-01-27,2026-04-21,2026-05-08,10%+,-16.557,220.2,263.3664,tp_gap_filled,51.3199,11300.63,19.603,2215.29,13,11300.63,13515.92
10,BAX,2026-02-12,2026-02-13,2026-05-15,10%+,-12.348,19.5395,17.2827,time_exit,551.2014,10770.21,-11.55,-1243.96,63,10770.21,9526.25
10,NOW,2026-04-23,2026-04-24,2026-05-18,10%+,-15.349,87.3372,102.9669,tp_gap_filled,128.154,11192.62,17.896,2003.01,16,11192.62,13195.63
10,IT,2026-02-03,2026-02-23,2026-05-22,10%+,-26.907,148.0879,159.85,time_exit,73.1915,10838.77,7.943,860.88,63,10838.77,11699.65
10,PYPL,2026-02-03,2026-02-23,2026-05-22,10%+,-18.049,42.9279,44.1858,time_exit,251.9563,10815.95,2.93,316.93,63,10815.95,11132.88
10,TTD,2026-05-08,2026-05-11,2026-06-01,10%+,-10.707,20.996,23.4665,tp_gap_filled,542.748,11395.52,11.767,1340.88,14,11395.52,12736.4
10,MTD,2026-05-08,2026-06-04,2026-07-02,5-10%,-9.569,1194.2431,1317.9707,tp_gap_filled,9.7562,11651.22,10.36,1207.11,19,11651.22,12858.32
10,COR,2026-05-06,2026-05-19,2026-07-07,10%+,-12.383,268.288,305.5941,tp_gap_filled,42.9581,11525.15,13.905,1602.6,32,11525.15,13127.75
10,AES,2026-03-02,2026-04-07,2026-07-08,10%+,-16.956,14.3644,14.6254,time_exit,728.7229,10467.63,1.817,190.2,63,10467.63,10657.83
10,REGN,2026-05-18,2026-05-29,2026-07-29,10%+,-11.789,616.5459,697.5517,tp_gap_filled,18.7683,11571.5,13.139,1520.34,41,11571.5,13091.84
10,HAS,2026-05-20,2026-05-21,2026-08-11,5-10%,-8.407,89.099,97.0828,tp_gap_filled,129.772,11562.56,8.961,1036.08,55,11562.56,12598.64
10,SMCI,2026-06-10,2026-06-22,2026-08-13,10%+,-12.402,35.6356,40.5994,tp_gap_filled,320.1009,11406.99,13.929,1588.9,37,11406.99,12995.89
10,FOXA,2026-06-15,2026-07-17,2026-08-14,10%+,-13.47,57.037,65.7841,tp_gap_filled,197.09,11241.42,15.336,1723.98,20,11241.42,12965.4
10,FOX,2026-06-15,2026-07-20,2026-08-14,10%+,-11.694,52.082,58.8611,tp_gap_filled,216.658,11283.99,13.016,1468.74,19,11283.99,12752.73
10,RDDT,2026-07-31,2026-08-03,2026-08-14,10%+,-17.041,147.8477,177.862,tp_gap_filled,79.7645,11793.0,20.301,2394.07,9,11793.0,14187.07
10,FISV,2026-05-05,2026-06-01,2026-08-31,5-10%,-7.945,57.8778,53.2567,time_exit,200.647,11613.01,-7.984,-927.22,63,11613.01,10685.8
15,NVDA,2024-09-04,2024-09-05,2024-09-06,2-3%,-2.398,105.5154,107.892,tp_gap_filled,63.1501,6663.31,2.252,150.08,1,6663.31,6813.39
15,CDNS,2024-09-04,2024-09-05,2024-09-10,2-3%,-2.829,249.279,256.0237,tp_gap_filled,26.7191,6660.51,2.706,180.21,3,6660.51,6840.73
15,SMCI,2024-09-04,2024-09-05,2024-09-11,3-5%,-4.903,42.054,44.1338,tp_gap_filled,158.5263,6666.67,4.946,329.7,4,6666.67,6996.37
15,KLAC,2024-09-05,2024-09-06,2024-09-11,2-3%,-2.594,72.6506,74.4365,tp_gap_filled,91.0679,6616.13,2.458,162.64,3,6616.13,6778.77
15,DG,2024-09-04,2024-09-06,2024-09-12,2-3%,-2.459,81.8117,83.7062,tp_gap_filled,80.6943,6601.74,2.316,152.87,4,6601.74,6754.61
15,WDAY,2024-09-09,2024-09-11,2024-09-12,2-3%,-2.313,248.9587,254.3454,tp_gap_filled,26.9346,6705.61,2.164,145.09,1,6705.61,6850.7
15,APTV,2024-09-10,2024-09-12,2024-09-13,2-3%,-2.939,67.1171,69.0109,tp_gap_filled,100.4746,6743.56,2.822,190.29,1,6743.56,6933.85
15,GM,2024-09-10,2024-09-12,2024-09-16,2-3%,-2.996,46.026,47.3526,tp_gap_filled,146.4964,6742.64,2.882,194.35,2,6742.64,6936.99
15,ODFL,2024-09-05,2024-09-06,2024-09-17,3-5%,-4.309,187.3972,195.4444,tp_gap_filled,35.3378,6622.2,4.294,284.37,7,6622.2,6906.57
15,HPE,2024-09-05,2024-09-13,2024-09-19,5-10%,-8.631,17.1671,18.7512,tp_gap_filled,394.4438,6771.48,9.227,624.83,4,6771.48,7396.31
15,HUM,2024-09-11,2024-09-12,2024-10-01,3-5%,-4.619,330.7504,277.5525,stop,20.4116,6751.15,-16.084,-1085.85,13,6751.15,5665.29
15,PANW,2024-09-04,2024-09-05,2024-10-08,3-5%,-3.315,171.8216,177.3575,tp_gap_filled,38.7634,6660.39,3.222,214.59,23,6660.39,6874.98
15,CPRT,2024-09-05,2024-09-06,2024-10-08,5-10%,-5.749,50.05,52.9969,tp_gap_filled,132.4158,6627.41,5.888,390.22,22,6627.41,7017.64
15,GM,2024-09-25,2024-09-26,2024-10-11,3-5%,-4.41,45.996,48.0219,tp_gap_filled,147.3454,6777.29,4.405,298.52,11,6777.29,7075.81
15,TSLA,2024-10-11,2024-10-14,2024-10-24,5-10%,-7.807,220.3501,238.5312,tp_gap_filled,30.1587,6645.46,8.251,548.32,8,6645.46,7193.78
15,GRMN,2024-09-13,2024-09-16,2024-10-30,5-10%,-5.22,173.3932,182.5772,tp_gap_filled,39.0519,6771.34,5.297,358.65,32,6771.34,7129.99
15,MRNA,2024-09-12,2024-09-13,2024-11-11,10%+,-14.615,67.9579,42.7707,stop,99.6108,6769.34,-37.063,-2508.92,41,6769.34,4260.42
15,ZBH,2024-09-05,2024-09-27,2024-11-18,5-10%,-5.084,108.7687,114.3655,tp_gap_filled,62.6582,6815.25,5.146,350.69,36,6815.25,7165.94
15,FDX,2024-09-20,2024-09-24,2024-11-22,10%+,-13.19,210.3391,241.8127,tp_gap_filled,32.2498,6783.39,14.963,1015.02,43,6783.39,7798.41
15,TTD,2024-11-08,2024-11-19,2024-12-02,10%+,-12.39,116.2261,132.3975,tp_gap_filled,55.5317,6454.24,13.914,898.02,8,6454.24,7352.26
15,CNC,2024-09-04,2024-09-11,2024-12-10,5-10%,-7.628,74.1841,56.6533,time_exit,90.4495,6709.92,-23.632,-1585.65,63,6709.92,5124.26
15,LEN,2024-09-20,2024-09-23,2024-12-12,3-5%,-3.617,179.7439,150.8339,stop,37.8037,6794.99,-16.084,-1092.91,57,6794.99,5702.08
15,ADBE,2024-09-13,2024-09-16,2024-12-13,5-10%,-9.203,533.1026,465.2243,time_exit,12.7202,6781.18,-12.733,-863.43,63,6781.18,5917.75
15,DLTR,2024-09-04,2024-09-17,2024-12-16,10%+,-10.851,72.8628,69.96,time_exit,93.3244,6799.88,-3.984,-270.9,63,6799.88,6528.98
15,NKE,2024-10-02,2024-10-03,2025-01-03,5-10%,-7.001,82.9729,73.2367,time_exit,79.8059,6621.72,-11.734,-777.01,63,6621.72,5844.72
15,MU,2024-12-19,2024-12-20,2025-01-07,10%+,-13.301,90.1701,103.7961,tp_gap_filled,71.7871,6473.05,15.111,978.17,10,6473.05,7451.22
15,AOS,2024-10-11,2024-10-16,2025-01-17,5-10%,-6.863,80.4203,71.7382,time_exit,82.8458,6662.49,-10.796,-719.28,63,6662.49,5943.21
15,ORCL,2024-12-10,2024-12-13,2025-01-22,5-10%,-8.921,173.6335,190.2595,tp_gap_filled,38.2716,6645.24,9.575,636.31,24,6645.24,7281.54
15,MRNA,2025-01-13,2025-01-14,2025-01-23,10%+,-21.183,33.3333,42.2077,tp_gap_filled,197.3909,6579.69,26.623,1751.74,6,6579.69,8331.43
15,VRTX,2024-12-19,2024-12-20,2025-01-27,10%+,-12.626,391.391,447.0525,tp_gap_filled,16.538,6472.81,14.221,920.53,22,6472.81,7393.34
15,AMGN,2024-11-26,2024-12-18,2025-02-05,10%+,-10.129,264.4842,293.706,tp_gap_filled,24.44,6464.0,11.049,714.18,31,6464.0,7178.19
15,COHR,2025-01-27,2025-01-30,2025-02-06,10%+,-12.289,88.088,100.2297,tp_gap_filled,79.0,6958.95,13.784,959.19,5,6958.95,7918.15
15,EL,2024-10-31,2024-11-05,2025-02-07,10%+,-24.383,65.9659,64.965,time_exit,100.0229,6598.1,-1.517,-100.12,63,6598.1,6497.98
15,GPC,2024-10-22,2024-11-06,2025-02-10,10%+,-15.847,120.5604,118.3216,time_exit,54.1232,6525.11,-1.857,-121.18,63,6525.11,6403.94
15,SMCI,2024-10-30,2024-11-26,2025-02-18,10%+,-29.051,34.8848,49.0709,tp_gap_filled,192.1312,6702.47,40.665,2725.58,54,6702.47,9428.05
15,ELV,2024-10-17,2024-11-15,2025-02-20,10%+,-18.523,405.3149,390.1095,time_exit,15.9756,6475.16,-3.752,-242.92,63,6475.16,6232.24
15,TGT,2024-11-20,2024-11-25,2025-02-28,10%+,-17.949,128.128,124.1158,time_exit,52.7354,6756.88,-3.131,-211.59,63,6756.88,6545.29
15,HII,2025-02-06,2025-02-10,2025-03-07,10%+,-12.471,171.3612,195.3844,tp_gap_filled,40.7087,6975.89,14.019,977.95,18,6975.89,7953.84
15,ADM,2024-11-05,2024-12-18,2025-03-24,5-10%,-8.68,50.5505,45.8841,time_exit,127.6884,6454.71,-9.231,-595.85,63,6454.71,5858.86
15,INCY,2024-11-19,2024-12-19,2025-03-25,10%+,-12.81,67.1771,62.0179,time_exit,95.8234,6437.14,-7.68,-494.37,63,6437.14,5942.77
15,CEG,2025-01-27,2025-01-29,2025-04-04,10%+,-15.824,292.7525,184.2496,stop,23.4941,6877.94,-37.063,-2549.17,46,6877.94,4328.77
15,CIEN,2025-01-27,2025-01-30,2025-04-04,10%+,-12.44,84.6846,53.2979,stop,82.1772,6959.14,-37.063,-2579.27,45,6959.14,4379.88
15,APTV,2024-10-31,2025-01-06,2025-04-08,5-10%,-9.613,62.4924,49.3106,time_exit,105.7628,6609.38,-21.093,-1394.14,63,6609.38,5215.23
15,DHI,2024-10-29,2025-01-21,2025-04-22,10%+,-15.074,153.3432,124.835,time_exit,44.1349,6767.79,-18.591,-1258.21,63,6767.79,5509.59
15,BBY,2025-04-03,2025-04-23,2025-05-12,10%+,-12.452,66.3663,75.6543,tp_gap_filled,96.0384,6373.72,13.995,892.0,13,6373.72,7265.72
15,FIS,2025-02-11,2025-02-12,2025-05-14,10%+,-12.896,72.072,77.972,time_exit,95.3601,6872.79,8.186,562.62,63,6872.79,7435.41
15,UNH,2025-02-21,2025-04-21,2025-05-15,10%+,-12.513,439.9895,276.9162,stop,14.2258,6259.2,-37.063,-2319.85,18,6259.2,3939.36
15,DVA,2025-02-14,2025-02-18,2025-05-19,10%+,-13.024,154.154,144.815,time_exit,45.7971,7059.81,-6.058,-427.7,63,7059.81,6632.12
15,UNH,2025-05-15,2025-05-16,2025-05-19,10%+,-10.75,275.1749,307.702,tp_gap_filled,24.0971,6630.93,11.821,783.81,1,6630.93,7414.74
15,AVGO,2025-01-27,2025-02-24,2025-05-23,10%+,-12.791,213.6134,228.4913,time_exit,32.2932,6898.27,6.965,480.46,63,6898.27,7378.72
15,SRE,2025-02-25,2025-02-26,2025-05-28,10%+,-16.976,72.4524,77.4225,time_exit,95.363,6909.27,6.86,473.97,63,6909.27,7383.24
15,VTRS,2025-02-27,2025-02-28,2025-05-30,10%+,-17.616,9.2693,8.7812,time_exit,738.7778,6847.92,-5.265,-360.56,63,6847.92,6487.36
15,NKE,2025-04-03,2025-04-04,2025-06-27,10%+,-13.224,56.4264,64.895,tp_gap_filled,110.8058,6252.37,15.008,938.38,57,6252.37,7190.74
15,GRMN,2025-04-03,2025-04-09,2025-07-10,10%+,-13.221,189.4292,217.8519,tp_gap_filled,33.5752,6360.12,15.004,954.3,62,6360.12,7314.42
15,SWKS,2025-02-06,2025-04-30,2025-07-31,10%+,-28.17,62.6125,68.4715,time_exit,102.3997,6411.5,9.357,599.95,63,6411.5,7011.46
15,HPQ,2025-05-29,2025-06-13,2025-08-13,10%+,-12.426,23.8438,27.1728,tp_gap_filled,277.7421,6622.43,13.962,924.6,41,6622.43,7547.03
15,PSKY,2025-07-31,2025-08-05,2025-08-13,5-10%,-9.774,12.012,13.2867,tp_gap_filled,561.0637,6739.5,10.612,715.19,6,6739.5,7454.69
15,REGN,2025-05-30,2025-06-09,2025-08-22,10%+,-14.491,518.1776,604.7846,tp_gap_filled,12.9232,6696.49,16.714,1119.24,52,6696.49,7815.73
15,WDAY,2025-05-23,2025-05-27,2025-08-26,10%+,-11.199,241.8416,222.6571,time_exit,27.5504,6662.82,-7.933,-528.54,63,6662.82,6134.29
15,ROST,2025-05-23,2025-06-12,2025-09-04,10%+,-11.593,134.7346,152.0977,tp_gap_filled,49.6418,6688.47,12.887,861.94,57,6688.47,7550.41
15,BF-B,2025-06-05,2025-06-09,2025-09-09,10%+,-17.199,27.5175,27.4325,time_exit,243.2701,6694.18,-0.309,-20.67,63,6694.18,6673.52
15,TPR,2025-08-14,2025-08-15,2025-09-19,10%+,-15.485,96.0459,113.4165,tp_gap_filled,71.5996,6876.85,18.086,1243.72,24,6876.85,8120.57
15,MRVL,2025-08-29,2025-09-02,2025-09-24,10%+,-16.444,64.5945,77.1528,tp_gap_filled,106.1257,6855.14,19.442,1332.75,16,6855.14,8187.89
15,COIN,2025-08-01,2025-08-13,2025-10-03,10%+,-11.282,335.4752,377.3822,tp_gap_filled,20.6306,6921.04,12.492,864.57,36,6921.04,7785.61
15,SMCI,2025-08-06,2025-08-07,2025-10-07,10%+,-17.342,47.3773,57.2027,tp_gap_filled,141.959,6725.64,20.739,1394.8,42,6725.64,8120.44
15,WAT,2025-07-14,2025-10-01,2025-10-21,10%+,-10.028,317.8375,352.5571,tp_gap_filled,22.6824,7209.3,10.924,787.52,14,7209.3,7996.83
15,OTIS,2025-07-23,2025-07-24,2025-10-22,10%+,-11.872,89.089,91.3286,time_exit,76.7985,6841.9,2.514,172.0,63,6841.9,7013.9
15,CMG,2025-07-24,2025-07-25,2025-10-23,10%+,-12.467,46.2462,41.7582,time_exit,148.1195,6849.96,-9.705,-664.76,63,6849.96,6185.2
15,GWW,2025-08-01,2025-08-04,2025-10-31,5-10%,-9.943,937.1162,978.021,time_exit,7.1793,6727.82,4.365,293.67,63,6727.82,7021.48
15,IT,2025-08-05,2025-08-06,2025-11-04,10%+,-27.983,242.7325,226.9428,time_exit,27.7327,6731.63,-6.505,-437.89,63,6731.63,6293.74
15,FTNT,2025-08-07,2025-08-08,2025-11-06,10%+,-23.069,74.3743,80.4595,time_exit,89.5459,6659.91,8.182,544.9,63,6659.91,7204.81
15,BAX,2025-07-31,2025-08-08,2025-11-06,10%+,-15.294,23.7838,17.962,time_exit,280.0232,6660.01,-24.478,-1630.22,63,6660.01,5029.78
15,HRL,2025-08-28,2025-09-10,2025-12-09,10%+,-14.611,24.8048,23.6064,time_exit,276.2444,6852.18,-4.831,-331.05,63,6852.18,6521.13
15,SNPS,2025-09-10,2025-09-11,2025-12-10,10%+,-29.216,428.2278,475.3542,time_exit,16.1938,6934.63,11.005,763.15,63,6934.63,7697.78
15,DECK,2025-10-24,2025-10-27,2025-12-12,10%+,-13.692,88.5885,102.4375,tp_gap_filled,82.93,7346.64,15.633,1148.49,33,7346.64,8495.14
15,VRTX,2025-08-05,2025-10-02,2026-01-02,10%+,-13.562,408.6282,451.6779,time_exit,17.7744,7263.14,10.535,765.18,63,7263.14,8028.32
15,XYZ,2025-11-07,2025-11-14,2026-01-07,10%+,-13.492,61.4214,70.8591,tp_gap_filled,110.8067,6805.9,15.366,1045.76,35,6805.9,7851.66
15,CMG,2025-10-30,2025-10-31,2026-01-08,10%+,-21.353,31.3013,39.7202,tp_gap_filled,226.0342,7075.16,26.897,1902.97,46,7075.16,8978.13
15,MOS,2025-10-10,2025-10-13,2026-01-13,5-10%,-8.493,30.6306,26.1838,time_exit,235.5911,7216.3,-14.518,-1047.63,63,7216.3,6168.67
15,ROP,2025-10-23,2025-10-27,2026-01-27,5-10%,-8.231,467.5271,345.6241,stop,15.7361,7357.04,-26.074,-1918.28,62,7357.04,5438.77
15,FFIV,2025-10-28,2025-10-29,2026-01-28,5-10%,-9.662,262.6124,290.1196,tp_gap_filled,27.3694,7187.55,10.474,752.86,61,7187.55,7940.41
15,GRMN,2025-10-29,2025-10-30,2026-02-02,10%+,-11.052,220.8907,206.7131,time_exit,31.9795,7063.98,-6.418,-453.39,63,7063.98,6610.59
15,GNRC,2025-10-29,2025-10-30,2026-02-02,10%+,-10.912,169.5694,170.789,time_exit,41.5839,7051.36,0.719,50.72,63,7051.36,7102.08
15,HPE,2025-12-05,2026-01-20,2026-02-04,5-10%,-8.734,20.9209,22.8771,tp_gap_filled,350.7506,7338.02,9.35,686.14,11,7338.02,8024.16
15,FTNT,2025-11-06,2026-01-14,2026-02-09,10%+,-11.559,76.1261,85.904,tp_gap_filled,97.7731,7443.08,12.844,956.02,17,7443.08,8399.1
15,AXON,2025-11-05,2025-11-11,2026-02-12,10%+,-20.151,564.4039,435.3742,time_exit,12.0796,6817.78,-22.861,-1558.63,63,6817.78,5259.15
15,EBAY,2025-10-30,2025-11-11,2026-02-12,10%+,-14.004,85.6856,79.3306,time_exit,79.6405,6824.04,-7.417,-506.12,63,6824.04,6317.93
15,ZTS,2025-11-04,2025-11-25,2026-02-27,10%+,-13.523,124.9548,130.9689,time_exit,54.557,6817.17,4.813,328.11,63,6817.17,7145.28
15,SYF,2026-01-12,2026-01-13,2026-04-15,5-10%,-8.781,79.3393,75.914,time_exit,94.0565,7462.37,-4.317,-322.17,63,7462.37,7140.2
15,UNH,2026-01-27,2026-01-28,2026-04-21,10%+,-16.4,294.264,351.2884,tp_gap_filled,25.0584,7373.77,19.379,1428.94,57,7373.77,8802.71
15,ABT,2026-01-22,2026-01-23,2026-04-24,10%+,-10.933,107.6375,91.0389,time_exit,69.1421,7442.29,-15.421,-1147.67,63,7442.29,6294.62
15,CVS,2026-01-27,2026-02-02,2026-04-29,10%+,-10.111,75.4654,83.7861,tp_gap_filled,96.784,7303.84,11.026,805.31,60,7303.84,8109.16
15,LVS,2026-01-29,2026-02-02,2026-05-04,5-10%,-9.403,55.5555,51.8081,time_exit,131.464,7303.55,-6.745,-492.64,63,7303.55,6810.91
15,APH,2026-01-28,2026-02-03,2026-05-05,10%+,-15.188,70.5705,68.2767,time_exit,103.1737,7281.02,-3.25,-236.66,63,7281.02,7044.36
15,SMCI,2026-03-20,2026-03-24,2026-05-06,10%+,-26.859,22.5425,30.7592,tp_gap_filled,311.1607,7014.35,36.45,2556.71,30,7014.35,9571.06
15,HUM,2026-01-27,2026-04-21,2026-05-08,10%+,-16.557,220.2,263.3664,tp_gap_filled,34.5779,7614.05,19.603,1492.6,13,7614.05,9106.65
15,WAT,2026-02-09,2026-02-10,2026-05-12,10%+,-12.851,332.6223,351.8578,time_exit,22.0715,7341.47,5.783,424.56,63,7341.47,7766.03
15,BAX,2026-02-12,2026-02-13,2026-05-15,10%+,-12.348,19.5395,17.2827,time_exit,374.4832,7317.22,-11.55,-845.14,63,7317.22,6472.08
15,NOW,2026-04-23,2026-04-24,2026-05-18,10%+,-15.349,87.3372,102.9669,tp_gap_filled,85.9082,7502.99,17.896,1342.72,16,7502.99,8845.7
15,IT,2026-02-03,2026-02-23,2026-05-22,10%+,-26.907,148.0879,159.85,time_exit,49.4535,7323.47,7.943,581.67,63,7323.47,7905.14
15,PYPL,2026-02-03,2026-02-23,2026-05-22,10%+,-18.049,42.9279,44.1858,time_exit,170.3598,7313.19,2.93,214.29,63,7313.19,7527.48
15,TTD,2026-05-08,2026-05-11,2026-06-01,10%+,-10.707,20.996,23.4665,tp_gap_filled,357.8124,7512.62,11.767,883.99,14,7512.62,8396.61
15,ROL,2026-02-12,2026-03-10,2026-06-09,10%+,-15.168,55.7057,47.4825,time_exit,128.6728,7167.8,-14.762,-1058.1,63,7167.8,6109.7
15,TPR,2026-05-07,2026-05-08,2026-06-12,5-10%,-9.051,135.4954,148.6812,tp_gap_filled,55.9947,7587.02,9.732,738.34,24,7587.02,8325.36
15,MTD,2026-05-08,2026-06-04,2026-07-02,5-10%,-9.569,1194.2431,1317.9707,tp_gap_filled,6.3736,7611.59,10.36,788.59,19,7611.59,8400.17
15,WTW,2026-04-30,2026-05-01,2026-07-07,10%+,-10.52,259.8496,289.8199,tp_gap_filled,28.8256,7490.32,11.534,863.91,44,7490.32,8354.24
15,COR,2026-05-06,2026-05-19,2026-07-07,10%+,-12.383,268.288,305.5941,tp_gap_filled,28.3212,7598.23,13.905,1056.55,32,7598.23,8654.78
15,AES,2026-03-02,2026-04-07,2026-07-08,10%+,-16.956,14.3644,14.6254,time_exit,495.1258,7112.16,1.817,129.23,63,7112.16,7241.39
15,META,2026-04-30,2026-05-06,2026-07-10,5-10%,-7.443,619.9393,668.4509,tp_gap_filled,12.0915,7495.99,7.825,586.58,44,7495.99,8082.56
15,HII,2026-02-05,2026-04-28,2026-07-29,10%+,-14.167,354.9646,280.1196,time_exit,21.1024,7490.6,-21.085,-1579.41,63,7490.6,5911.19
15,REGN,2026-05-18,2026-05-29,2026-07-29,10%+,-11.789,616.5459,697.5517,tp_gap_filled,12.3437,7610.46,13.139,999.91,41,7610.46,8610.37
15,LULU,2026-06-05,2026-06-18,2026-08-06,10%+,-11.599,110.5404,124.7951,tp_gap_filled,67.3537,7445.3,12.895,960.1,33,7445.3,8405.41
15,HAS,2026-05-20,2026-05-21,2026-08-11,5-10%,-8.407,89.099,97.0828,tp_gap_filled,85.7314,7638.58,8.961,684.46,55,7638.58,8323.05
15,SMCI,2026-06-10,2026-06-22,2026-08-13,10%+,-12.402,35.6356,40.5994,tp_gap_filled,207.487,7393.93,13.929,1029.92,37,7393.93,8423.84
15,FOXA,2026-06-15,2026-07-17,2026-08-14,10%+,-13.47,57.037,65.7841,tp_gap_filled,130.8597,7463.84,15.336,1144.65,20,7463.84,8608.5
15,FOX,2026-06-15,2026-07-20,2026-08-14,10%+,-11.694,52.082,58.8611,tp_gap_filled,143.8284,7490.88,13.016,975.02,19,7490.88,8465.9
15,RDDT,2026-07-31,2026-08-03,2026-08-14,10%+,-17.041,147.8477,177.862,tp_gap_filled,52.3437,7738.89,20.301,1571.06,9,7738.89,9309.95
15,FDXF,2026-06-10,2026-06-12,2026-08-25,5-10%,-6.877,175.6755,129.8699,stop,43.0844,7568.88,-26.074,-1973.51,50,7568.88,5595.37
15,FISV,2026-05-05,2026-06-01,2026-08-31,5-10%,-7.945,57.8778,53.2567,time_exit,130.7018,7564.74,-7.984,-603.99,63,7564.74,6960.75
20,NVDA,2024-09-04,2024-09-05,2024-09-06,2-3%,-2.398,105.5154,107.892,tp_gap_filled,47.3686,4998.11,2.252,112.58,1,4998.11,5110.69
20,CDNS,2024-09-04,2024-09-05,2024-09-10,2-3%,-2.829,249.279,256.0237,tp_gap_filled,20.044,4996.54,2.706,135.19,3,4996.54,5131.73
20,SMCI,2024-09-04,2024-09-05,2024-09-11,3-5%,-4.903,42.054,44.1338,tp_gap_filled,118.8947,5000.0,4.946,247.28,4,5000.0,5247.28
20,KLAC,2024-09-05,2024-09-06,2024-09-11,2-3%,-2.594,72.6506,74.4365,tp_gap_filled,68.4312,4971.56,2.458,122.21,3,4971.56,5093.78
20,TER,2024-09-05,2024-09-06,2024-09-11,2-3%,-2.162,124.144,126.6332,tp_gap_filled,40.0002,4965.78,2.005,99.57,3,4965.78,5065.35
20,DG,2024-09-04,2024-09-06,2024-09-12,2-3%,-2.459,81.8117,83.7062,tp_gap_filled,60.6692,4963.45,2.316,114.94,4,4963.45,5078.39
20,WDAY,2024-09-09,2024-09-11,2024-09-12,2-3%,-2.313,248.9587,254.3454,tp_gap_filled,20.1837,5024.91,2.164,108.72,1,5024.91,5133.63
20,AVGO,2024-09-05,2024-09-11,2024-09-12,2-3%,-2.303,150.7206,153.9659,tp_gap_filled,33.3838,5031.63,2.153,108.34,1,5031.63,5139.97
20,APTV,2024-09-10,2024-09-12,2024-09-13,2-3%,-2.939,67.1171,69.0109,tp_gap_filled,75.2893,5053.2,2.822,142.59,1,5053.2,5195.79
20,COR,2024-09-05,2024-09-09,2024-09-16,2-3%,-2.272,238.1079,243.1566,tp_gap_filled,20.9781,4995.05,2.12,105.91,5,4995.05,5100.97
20,GM,2024-09-10,2024-09-12,2024-09-16,2-3%,-2.996,46.026,47.3526,tp_gap_filled,109.7789,5052.68,2.882,145.64,2,5052.68,5198.32
20,CRWD,2024-09-04,2024-09-13,2024-09-16,2-3%,-2.311,65.1751,66.5834,tp_gap_filled,77.8389,5073.16,2.161,109.62,1,5073.16,5182.78
20,ODFL,2024-09-05,2024-09-06,2024-09-17,3-5%,-4.309,187.3972,195.4444,tp_gap_filled,26.5478,4974.98,4.294,213.63,7,4974.98,5188.62
20,ROL,2024-09-11,2024-09-12,2024-09-17,2-3%,-2.23,50.04,51.0789,tp_gap_filled,100.9744,5052.76,2.076,104.9,3,5052.76,5157.66
20,FERG,2024-09-04,2024-09-16,2024-09-17,2-3%,-2.486,197.5173,202.1477,tp_gap_filled,25.736,5083.3,2.344,119.17,1,5083.3,5202.47
20,COHR,2024-09-16,2024-09-17,2024-09-18,3-5%,-3.001,75.7156,77.902,tp_gap_filled,67.5428,5114.05,2.888,147.67,1,5114.05,5261.72
20,AAPL,2024-09-16,2024-09-17,2024-09-18,2-3%,-2.679,216.7565,222.2775,tp_gap_filled,23.6278,5121.49,2.547,130.45,1,5121.49,5251.94
20,HPE,2024-09-05,2024-09-13,2024-09-19,5-10%,-8.631,17.1671,18.7512,tp_gap_filled,295.5303,5073.41,9.227,468.14,4,5073.41,5541.56
20,MU,2024-09-12,2024-09-16,2024-09-20,3-5%,-3.916,87.1871,90.5594,tp_gap_filled,58.3036,5083.32,3.868,196.61,4,5083.32,5279.94
20,MOS,2024-09-16,2024-09-23,2024-09-24,3-5%,-3.448,25.5055,26.3636,tp_gap_filled,200.8675,5123.22,3.364,172.37,1,5123.22,5295.59
20,ON,2024-09-20,2024-09-24,2024-09-26,3-5%,-3.149,71.111,73.2766,tp_gap_filled,72.1789,5132.72,3.045,156.31,2,5132.72,5289.03
20,HUM,2024-09-11,2024-09-12,2024-10-01,3-5%,-4.619,330.7504,277.5525,stop,15.2909,5057.46,-16.084,-813.44,13,5057.46,4244.02
20,PANW,2024-09-04,2024-09-05,2024-10-08,3-5%,-3.315,171.8216,177.3575,tp_gap_filled,29.0794,4996.47,3.222,160.98,23,4996.47,5157.45
20,CPRT,2024-09-05,2024-09-06,2024-10-08,5-10%,-5.749,50.05,52.9969,tp_gap_filled,99.4589,4977.92,5.888,293.1,22,4977.92,5271.02
20,MCK,2024-09-24,2024-09-27,2024-10-10,3-5%,-3.467,487.9775,504.495,tp_gap_filled,10.5589,5152.53,3.385,174.41,9,5152.53,5326.93
20,GM,2024-09-25,2024-09-26,2024-10-11,3-5%,-4.41,45.996,48.0219,tp_gap_filled,111.6312,5134.58,4.405,226.16,11,5134.58,5360.75
20,TDG,2024-10-04,2024-10-07,2024-10-14,3-5%,-4.446,1357.356,1417.6709,tp_gap_filled,3.6707,4982.47,4.444,221.4,5,4982.47,5203.87
20,GNRC,2024-10-10,2024-10-11,2024-10-14,3-5%,-3.958,165.6355,172.1177,tp_gap_filled,30.4969,5051.37,3.914,197.69,1,5051.37,5249.06
20,ELV,2024-10-15,2024-10-16,2024-10-17,3-5%,-4.513,486.536,408.2816,stop,10.4481,5083.4,-16.084,-817.61,1,5083.4,4265.78
20,FCX,2024-10-14,2024-10-15,2024-10-22,3-5%,-4.217,47.9679,49.98,tp_gap_filled,105.5709,5064.01,4.195,212.41,5,5064.01,5276.43
20,TSLA,2024-10-11,2024-10-14,2024-10-24,5-10%,-7.807,220.3501,238.5312,tp_gap_filled,23.0431,5077.55,8.251,418.95,8,5077.55,5496.49
20,GRMN,2024-09-13,2024-09-16,2024-10-30,5-10%,-5.22,173.3932,182.5772,tp_gap_filled,29.3233,5084.46,5.297,269.31,32,5084.46,5353.76
20,SWKS,2024-09-16,2024-09-19,2024-10-30,2-3%,-2.342,100.1701,89.0622,stop,51.2432,5133.03,-11.089,-569.2,29,5133.03,4563.83
20,APTV,2024-09-30,2024-10-01,2024-10-31,3-5%,-3.543,71.6816,60.1523,stop,70.9164,5083.4,-16.084,-817.61,22,5083.4,4265.79
20,MRNA,2024-09-12,2024-09-13,2024-11-11,10%+,-14.615,67.9579,42.7707,stop,74.6376,5072.21,-37.063,-1879.91,41,5072.21,3192.3
20,MRK,2024-09-09,2024-09-26,2024-11-15,3-5%,-3.98,113.2632,95.0459,stop,45.3241,5133.55,-16.084,-825.68,36,5133.55,4307.87
20,ZBH,2024-09-05,2024-09-27,2024-11-18,5-10%,-5.084,108.7687,114.3655,tp_gap_filled,47.3834,5153.83,5.146,265.2,36,5153.83,5419.02
20,FDX,2024-09-20,2024-09-24,2024-11-22,10%+,-13.19,210.3391,241.8127,tp_gap_filled,24.3736,5126.73,14.963,767.13,43,5126.73,5893.86
20,TTD,2024-11-08,2024-11-19,2024-12-02,10%+,-12.39,116.2261,132.3975,tp_gap_filled,41.15,4782.71,13.914,665.45,8,4782.71,5448.16
20,CNC,2024-09-04,2024-09-11,2024-12-10,5-10%,-7.628,74.1841,56.6533,time_exit,67.7683,5027.33,-23.632,-1188.03,63,5027.33,3839.3
20,LEN,2024-09-20,2024-09-23,2024-12-12,3-5%,-3.617,179.7439,150.8339,stop,28.5019,5123.05,-16.084,-823.99,57,5123.05,4299.06
20,ADBE,2024-09-13,2024-09-16,2024-12-13,5-10%,-9.203,533.1026,465.2243,time_exit,9.5479,5090.0,-12.733,-648.09,63,5090.0,4441.9
20,DLTR,2024-09-04,2024-09-17,2024-12-16,10%+,-10.851,72.8628,69.96,time_exit,70.1567,5111.81,-3.984,-203.65,63,5111.81,4908.16
20,NKE,2024-10-02,2024-10-03,2025-01-03,5-10%,-7.001,82.9729,73.2367,time_exit,60.4867,5018.76,-11.734,-588.91,63,5018.76,4429.84
20,MU,2024-12-19,2024-12-20,2025-01-07,10%+,-13.301,90.1701,103.7961,tp_gap_filled,52.9145,4771.3,15.111,721.01,10,4771.3,5492.31
20,AOS,2024-10-11,2024-10-16,2025-01-17,5-10%,-6.863,80.4203,71.7382,time_exit,63.2178,5084.0,-10.796,-548.87,63,5084.0,4535.13
20,ORCL,2024-12-10,2024-12-13,2025-01-22,5-10%,-8.921,173.6335,190.2595,tp_gap_filled,28.1359,4885.34,9.575,467.79,24,4885.34,5353.13
20,MRNA,2025-01-13,2025-01-14,2025-01-23,10%+,-21.183,33.3333,42.2077,tp_gap_filled,144.5873,4819.57,26.623,1283.13,6,4819.57,6102.7
20,VRTX,2024-12-19,2024-12-20,2025-01-27,10%+,-12.626,391.391,447.0525,tp_gap_filled,12.1903,4771.17,14.221,678.53,22,4771.17,5449.7
20,MCD,2024-10-23,2024-10-25,2025-01-29,5-10%,-6.966,293.0628,289.8199,time_exit,16.8494,4937.92,-1.107,-54.64,63,4937.92,4883.28
20,UHS,2024-10-25,2024-10-29,2025-01-31,5-10%,-7.416,208.208,188.3714,time_exit,23.7277,4940.3,-9.527,-470.68,63,4940.3,4469.62
20,SWK,2024-10-29,2024-10-30,2025-02-03,5-10%,-7.938,94.8447,85.0848,time_exit,52.1476,4945.93,-10.29,-508.96,63,4945.93,4436.97
20,AMGN,2024-11-26,2024-12-18,2025-02-05,10%+,-10.129,264.4842,293.706,tp_gap_filled,17.9585,4749.74,11.049,524.78,31,4749.74,5274.52
20,COHR,2025-01-27,2025-01-30,2025-02-06,10%+,-12.289,88.088,100.2297,tp_gap_filled,57.7442,5086.57,13.784,701.11,5,5086.57,5787.68
20,EL,2024-10-31,2024-11-05,2025-02-07,10%+,-24.383,65.9659,64.965,time_exit,75.0556,4951.11,-1.517,-75.13,63,4951.11,4875.99
20,LLY,2024-10-30,2024-11-05,2025-02-07,10%+,-11.629,799.2985,877.4317,time_exit,6.1938,4950.71,9.775,483.94,63,4950.71,5434.66
20,GPC,2024-10-22,2024-11-06,2025-02-10,10%+,-15.847,120.5604,118.3216,time_exit,40.4407,4875.55,-1.857,-90.54,63,4875.55,4785.01
20,SMCI,2024-10-30,2024-11-26,2025-02-18,10%+,-29.051,34.8848,49.0709,tp_gap_filled,142.4191,4968.27,40.665,2020.36,54,4968.27,6988.63
20,ELV,2024-10-17,2024-11-15,2025-02-20,10%+,-18.523,405.3149,390.1095,time_exit,11.8544,4804.77,-3.752,-180.25,63,4804.77,4624.52
20,ABBV,2024-11-11,2024-11-22,2025-02-20,10%+,-10.491,178.7486,199.3005,tp_gap_filled,27.4163,4900.62,11.498,563.46,58,4900.62,5464.08
20,TGT,2024-11-20,2024-11-25,2025-02-28,10%+,-17.949,128.128,124.1158,time_exit,38.8846,4982.2,-3.131,-156.01,63,4982.2,4826.19
20,HII,2025-02-06,2025-02-10,2025-03-07,10%+,-12.471,171.3612,195.3844,tp_gap_filled,29.8399,5113.39,14.019,716.85,18,5113.39,5830.24
20,ADM,2024-11-05,2024-12-18,2025-03-24,5-10%,-8.68,50.5505,45.8841,time_exit,93.859,4744.62,-9.231,-437.99,63,4744.62,4306.63
20,INCY,2024-11-19,2024-12-19,2025-03-25,10%+,-12.81,67.1771,62.0179,time_exit,70.3937,4728.84,-7.68,-363.17,63,4728.84,4365.67
20,CEG,2025-01-27,2025-01-29,2025-04-04,10%+,-15.824,292.7525,184.2496,stop,17.1774,5028.72,-37.063,-1863.79,46,5028.72,3164.93
20,CIEN,2025-01-27,2025-01-30,2025-04-04,10%+,-12.44,84.6846,53.2979,stop,60.0661,5086.67,-37.063,-1885.27,45,5086.67,3201.4
20,AMD,2025-02-05,2025-02-07,2025-04-07,5-10%,-9.95,107.7176,79.6313,stop,47.0466,5067.75,-26.074,-1321.36,40,5067.75,3746.38
20,APTV,2024-10-31,2025-01-06,2025-04-08,5-10%,-9.613,62.4924,49.3106,time_exit,77.6798,4854.4,-21.093,-1023.96,63,4854.4,3830.44
20,DHI,2024-10-29,2025-01-21,2025-04-22,10%+,-15.074,153.3432,124.835,time_exit,32.1925,4936.5,-18.591,-917.75,63,4936.5,4018.75
20,PWR,2025-01-27,2025-01-31,2025-05-02,10%+,-12.035,315.2549,320.8189,time_exit,16.0757,5067.95,1.765,89.44,63,5067.95,5157.4
20,RL,2025-04-03,2025-04-09,2025-05-05,10%+,-11.576,209.199,236.1137,tp_gap_filled,22.0001,4602.4,12.866,592.13,17,4602.4,5194.53
20,MRK,2025-02-04,2025-02-05,2025-05-07,10%+,-10.813,89.089,79.0409,time_exit,56.4698,5030.84,-11.279,-567.42,63,5030.84,4463.42
20,BBY,2025-04-03,2025-04-23,2025-05-12,10%+,-12.452,66.3663,75.6543,tp_gap_filled,69.2582,4596.41,13.995,643.27,13,4596.41,5239.68
20,FIS,2025-02-11,2025-02-12,2025-05-14,10%+,-12.896,72.072,77.972,time_exit,70.0827,5051.0,8.186,413.48,63,5051.0,5464.48
20,UNH,2025-02-21,2025-04-21,2025-05-15,10%+,-12.513,439.9895,276.9162,stop,10.2168,4495.29,-37.063,-1666.09,18,4495.29,2829.2
20,DVA,2025-02-14,2025-02-18,2025-05-19,10%+,-13.024,154.154,144.815,time_exit,33.4059,5149.66,-6.058,-311.98,63,5149.66,4837.68
20,UNH,2025-05-15,2025-05-16,2025-05-19,10%+,-10.75,275.1749,307.702,tp_gap_filled,17.6527,4857.58,11.821,574.19,1,4857.58,5431.77
20,AVGO,2025-01-27,2025-02-24,2025-05-23,10%+,-12.791,213.6134,228.4913,time_exit,23.6443,5050.74,6.965,351.78,63,5050.74,5402.52
20,UPS,2025-01-30,2025-02-24,2025-05-23,10%+,-12.251,117.5074,95.2746,time_exit,42.9252,5044.02,-18.92,-954.34,63,5044.02,4089.68
20,SRE,2025-02-25,2025-02-26,2025-05-28,10%+,-16.976,72.4524,77.4225,time_exit,69.6968,5049.7,6.86,346.4,63,5049.7,5396.1
20,VTRS,2025-02-27,2025-02-28,2025-05-30,10%+,-17.616,9.2693,8.7812,time_exit,540.4852,5009.9,-5.265,-263.78,63,5009.9,4746.11
20,NTAP,2025-02-28,2025-03-03,2025-06-02,10%+,-15.979,99.4293,98.6712,time_exit,49.5801,4929.72,-0.762,-37.59,63,4929.72,4892.13
20,NKE,2025-04-03,2025-04-04,2025-06-27,10%+,-13.224,56.4264,64.895,tp_gap_filled,79.74,4499.44,15.008,675.29,57,4499.44,5174.73
20,GRMN,2025-04-03,2025-04-09,2025-07-10,10%+,-13.221,189.4292,217.8519,tp_gap_filled,24.2751,4598.42,15.004,689.96,62,4598.42,5288.39
20,SWKS,2025-02-06,2025-04-30,2025-07-31,10%+,-28.17,62.6125,68.4715,time_exit,74.6191,4672.09,9.357,437.19,63,4672.09,5109.28
20,ELV,2025-04-17,2025-05-13,2025-08-13,10%+,-10.353,390.39,294.1356,time_exit,12.4008,4841.14,-24.656,-1193.63,63,4841.14,3647.51
20,HPQ,2025-05-29,2025-06-13,2025-08-13,10%+,-12.426,23.8438,27.1728,tp_gap_filled,201.6192,4807.37,13.962,671.19,41,4807.37,5478.56
20,PSKY,2025-07-31,2025-08-05,2025-08-13,5-10%,-9.774,12.012,13.2867,tp_gap_filled,395.6909,4753.04,10.612,504.39,6,4753.04,5257.43
20,REGN,2025-05-30,2025-06-09,2025-08-22,10%+,-14.491,518.1776,604.7846,tp_gap_filled,9.403,4872.41,16.714,814.36,52,4872.41,5686.77
20,WDAY,2025-05-23,2025-05-27,2025-08-26,10%+,-11.199,241.8416,222.6571,time_exit,20.0332,4844.86,-7.933,-384.33,63,4844.86,4460.53
20,TAP,2025-05-08,2025-05-29,2025-08-28,5-10%,-7.899,52.4023,50.1698,time_exit,92.1699,4829.92,-4.26,-205.78,63,4829.92,4624.15
20,ADBE,2025-03-13,2025-06-02,2025-09-02,5-10%,-7.599,405.6753,345.2844,time_exit,11.9107,4831.86,-14.887,-719.3,63,4831.86,4112.57
20,ROST,2025-05-23,2025-06-12,2025-09-04,10%+,-11.593,134.7346,152.0977,tp_gap_filled,36.0833,4861.67,12.887,626.52,57,4861.67,5488.19
20,BF-B,2025-06-05,2025-06-09,2025-09-09,10%+,-17.199,27.5175,27.4325,time_exit,177.02,4871.15,-0.309,-15.04,63,4871.15,4856.11
20,AMAT,2025-08-15,2025-08-18,2025-09-18,10%+,-13.568,162.8627,188.0518,tp_gap_filled,29.9363,4875.5,15.466,754.07,22,4875.5,5629.57
20,TPR,2025-08-14,2025-08-15,2025-09-19,10%+,-15.485,96.0459,113.4165,tp_gap_filled,50.6323,4863.03,18.086,879.51,24,4863.03,5742.54
20,MRVL,2025-08-29,2025-09-02,2025-09-24,10%+,-16.444,64.5945,77.1528,tp_gap_filled,74.6927,4824.74,19.442,938.01,16,4824.74,5762.75
20,COIN,2025-08-01,2025-08-13,2025-10-03,10%+,-11.282,335.4752,377.3822,tp_gap_filled,14.5639,4885.82,12.492,610.33,36,4885.82,5496.15
20,SMCI,2025-08-06,2025-08-07,2025-10-07,10%+,-17.342,47.3773,57.2027,tp_gap_filled,100.1665,4745.62,20.739,984.18,42,4745.62,5729.8
20,WAT,2025-07-14,2025-10-01,2025-10-21,10%+,-10.028,317.8375,352.5571,tp_gap_filled,15.943,5067.29,10.924,553.54,14,5067.29,5620.83
20,OTIS,2025-07-23,2025-07-24,2025-10-22,10%+,-11.872,89.089,91.3286,time_exit,54.458,4851.61,2.514,121.96,63,4851.61,4973.57
20,CMG,2025-07-24,2025-07-25,2025-10-23,10%+,-12.467,46.2462,41.7582,time_exit,105.1379,4862.23,-9.705,-471.86,63,4862.23,4390.37
20,RVTY,2025-07-28,2025-07-30,2025-10-28,5-10%,-9.395,94.0239,96.3535,time_exit,51.0695,4801.76,2.478,118.97,63,4801.76,4920.73
20,GWW,2025-08-01,2025-08-04,2025-10-31,5-10%,-9.943,937.1162,978.021,time_exit,5.0603,4742.1,4.365,206.99,63,4742.1,4949.09
20,IT,2025-08-05,2025-08-06,2025-11-04,10%+,-27.983,242.7325,226.9428,time_exit,19.5713,4750.58,-6.505,-309.02,63,4750.58,4441.56
20,FTNT,2025-08-07,2025-08-08,2025-11-06,10%+,-23.069,74.3743,80.4595,time_exit,63.5391,4725.68,8.182,386.65,63,4725.68,5112.32
20,BAX,2025-07-31,2025-08-08,2025-11-06,10%+,-15.294,23.7838,17.962,time_exit,198.6956,4725.73,-24.478,-1156.75,63,4725.73,3568.97
20,FCX,2025-09-24,2025-10-10,2025-12-05,5-10%,-7.782,41.8718,45.3146,tp_gap_filled,120.4103,5041.8,8.222,414.55,39,5041.8,5456.35
20,HRL,2025-08-28,2025-09-10,2025-12-09,10%+,-14.611,24.8048,23.6064,time_exit,194.2274,4817.77,-4.831,-232.76,63,4817.77,4585.0
20,SNPS,2025-09-10,2025-09-11,2025-12-10,10%+,-29.216,428.2278,475.3542,time_exit,11.395,4879.67,11.005,537.01,63,4879.67,5416.68
20,DXCM,2025-10-31,2025-11-03,2025-12-10,10%+,-13.211,59.2492,68.1318,tp_gap_filled,83.9059,4971.36,14.992,745.3,26,4971.36,5716.66
20,DECK,2025-10-24,2025-10-27,2025-12-12,10%+,-13.692,88.5885,102.4375,tp_gap_filled,58.1242,5149.14,15.633,804.96,33,5149.14,5954.1
20,VRTX,2025-08-05,2025-10-02,2026-01-02,10%+,-13.562,408.6282,451.6779,time_exit,12.4688,5095.09,10.535,536.78,63,5095.09,5631.87
20,XYZ,2025-11-07,2025-11-14,2026-01-07,10%+,-13.492,61.4214,70.8591,tp_gap_filled,78.6612,4831.48,15.366,742.38,35,4831.48,5573.86
20,CMG,2025-10-30,2025-10-31,2026-01-08,10%+,-21.353,31.3013,39.7202,tp_gap_filled,159.9647,5007.1,26.897,1346.74,46,5007.1,6353.84
20,NKE,2025-12-19,2025-12-24,2026-01-08,5-10%,-9.797,59.2592,65.5644,tp_gap_filled,87.0851,5160.59,10.64,549.09,9,5160.59,5709.68
20,MOS,2025-10-10,2025-10-13,2026-01-13,5-10%,-8.493,30.6306,26.1838,time_exit,165.6666,5074.47,-14.518,-736.69,63,5074.47,4337.78
20,ROP,2025-10-23,2025-10-27,2026-01-27,5-10%,-8.231,467.5271,345.6241,stop,11.0253,5154.6,-26.074,-1344.01,62,5154.6,3810.59
20,FFIV,2025-10-28,2025-10-29,2026-01-28,5-10%,-9.662,262.6124,290.1196,tp_gap_filled,19.3049,5069.7,10.474,531.02,61,5069.7,5600.72
20,GRMN,2025-10-29,2025-10-30,2026-02-02,10%+,-11.052,220.8907,206.7131,time_exit,22.6423,5001.47,-6.418,-321.01,63,5001.47,4680.45
20,GNRC,2025-10-29,2025-10-30,2026-02-02,10%+,-10.912,169.5694,170.789,time_exit,29.4556,4994.76,0.719,35.93,63,4994.76,5030.69
20,META,2025-10-30,2025-10-31,2026-02-03,10%+,-10.978,669.8192,691.0083,time_exit,7.4799,5010.21,3.163,158.49,63,5010.21,5168.7
20,HPE,2025-12-05,2026-01-20,2026-02-04,5-10%,-8.734,20.9209,22.8771,tp_gap_filled,249.1259,5211.94,9.35,487.34,11,5211.94,5699.28
20,CI,2025-10-30,2025-11-05,2026-02-06,10%+,-11.407,265.265,291.7579,time_exit,18.4489,4893.84,9.987,488.76,63,4893.84,5382.6
20,FTNT,2025-11-06,2026-01-14,2026-02-09,10%+,-11.559,76.1261,85.904,tp_gap_filled,69.2722,5273.42,12.844,677.34,17,5273.42,5950.76
20,APP,2026-02-04,2026-02-06,2026-02-09,10%+,-12.947,402.402,461.3282,tp_gap_filled,13.0292,5243.0,14.644,767.76,1,5243.0,6010.76
20,AXON,2025-11-05,2025-11-11,2026-02-12,10%+,-20.151,564.4039,435.3742,time_exit,8.5909,4848.75,-22.861,-1108.48,63,4848.75,3740.26
20,EBAY,2025-10-30,2025-11-11,2026-02-12,10%+,-14.004,85.6856,79.3306,time_exit,56.6266,4852.09,-7.417,-359.86,63,4852.09,4492.22
20,ZTS,2025-11-04,2025-11-25,2026-02-27,10%+,-13.523,124.9548,130.9689,time_exit,39.0222,4876.01,4.813,234.68,63,4876.01,5110.69
20,SYF,2026-01-12,2026-01-13,2026-04-15,5-10%,-8.781,79.3393,75.914,time_exit,66.6784,5290.21,-4.317,-228.39,63,5290.21,5061.82
20,COF,2026-01-12,2026-01-14,2026-04-16,5-10%,-7.725,230.1799,200.5093,time_exit,22.9139,5274.33,-12.89,-679.87,63,5274.33,4594.46
20,UNH,2026-01-27,2026-01-28,2026-04-21,10%+,-16.4,294.264,351.2884,tp_gap_filled,17.8224,5244.48,19.379,1016.31,57,5244.48,6260.79
20,ABT,2026-01-22,2026-01-23,2026-04-24,10%+,-10.933,107.6375,91.0389,time_exit,49.0725,5282.05,-15.421,-814.54,63,5282.05,4467.51
20,CVS,2026-01-27,2026-02-02,2026-04-29,10%+,-10.111,75.4654,83.7861,tp_gap_filled,69.2578,5226.57,11.026,576.28,60,5226.57,5802.84
20,LVS,2026-01-29,2026-02-02,2026-05-04,5-10%,-9.403,55.5555,51.8081,time_exit,94.0755,5226.41,-6.745,-352.53,63,5226.41,4873.88
20,APH,2026-01-28,2026-02-03,2026-05-05,10%+,-15.188,70.5705,68.2767,time_exit,73.8533,5211.87,-3.25,-169.41,63,5211.87,5042.46
20,DIS,2026-02-02,2026-02-03,2026-05-05,5-10%,-7.793,104.114,100.3795,time_exit,50.1642,5222.79,-3.587,-187.34,63,5222.79,5035.46
20,SMCI,2026-03-20,2026-03-24,2026-05-06,10%+,-26.859,22.5425,30.7592,tp_gap_filled,219.2274,4941.94,36.45,1801.32,30,4941.94,6743.26
20,EL,2026-02-05,2026-02-06,2026-05-08,10%+,-12.424,104.8547,86.1138,time_exit,50.0293,5245.81,-17.873,-937.6,63,5245.81,4308.21
20,HUM,2026-01-27,2026-04-21,2026-05-08,10%+,-16.557,220.2,263.3664,tp_gap_filled,24.1026,5307.39,19.603,1040.42,13,5307.39,6347.81
20,WAT,2026-02-09,2026-02-10,2026-05-12,10%+,-12.851,332.6223,351.8578,time_exit,15.9323,5299.44,5.783,306.47,63,5299.44,5605.91
20,XYL,2026-02-10,2026-02-11,2026-05-13,5-10%,-9.951,126.3662,108.901,time_exit,41.8727,5291.3,-13.821,-731.32,63,5291.3,4559.98
20,STE,2026-02-05,2026-02-11,2026-05-13,5-10%,-9.112,240.4302,210.8889,time_exit,22.0111,5292.14,-12.287,-650.24,63,5292.14,4641.9
20,BAX,2026-02-12,2026-02-13,2026-05-15,10%+,-12.348,19.5395,17.2827,time_exit,270.7573,5290.47,-11.55,-611.05,63,5290.47,4679.42
20,NOW,2026-04-23,2026-04-24,2026-05-18,10%+,-15.349,87.3372,102.9669,tp_gap_filled,60.0445,5244.12,17.896,938.48,16,5244.12,6182.6
20,CRL,2026-02-18,2026-05-19,2026-05-21,5-10%,-7.387,146.9668,158.3715,tp_gap_filled,35.7576,5255.19,7.76,407.8,2,5255.19,5662.99
20,IT,2026-02-03,2026-02-23,2026-05-22,10%+,-26.907,148.0879,159.85,time_exit,35.658,5280.52,7.943,419.41,63,5280.52,5699.93
20,PYPL,2026-02-03,2026-02-23,2026-05-22,10%+,-18.049,42.9279,44.1858,time_exit,122.8796,5274.96,2.93,154.57,63,5274.96,5429.53
20,TTD,2026-05-08,2026-05-11,2026-06-01,10%+,-10.707,20.996,23.4665,tp_gap_filled,248.0917,5208.93,11.767,612.92,14,5208.93,5821.85
20,PODD,2026-05-27,2026-05-28,2026-06-05,5-10%,-6.372,144.144,153.6462,tp_gap_filled,36.9583,5327.32,6.592,351.19,6,5327.32,5678.51
20,ROL,2026-02-12,2026-03-10,2026-06-09,10%+,-15.168,55.7057,47.4825,time_exit,91.5363,5099.09,-14.762,-752.72,63,5099.09,4346.37
20,TPR,2026-05-07,2026-05-08,2026-06-12,5-10%,-9.051,135.4954,148.6812,tp_gap_filled,38.8825,5268.4,9.732,512.7,24,5268.4,5781.1
20,CDW,2026-05-06,2026-06-11,2026-06-29,5-10%,-6.798,127.6275,136.6632,tp_gap_filled,41.2806,5268.54,7.08,373.0,11,5268.54,5641.54
20,MTD,2026-05-08,2026-06-04,2026-07-02,5-10%,-9.569,1194.2431,1317.9707,tp_gap_filled,4.4339,5295.21,10.36,548.6,19,5295.21,5843.81
20,WTW,2026-04-30,2026-05-01,2026-07-07,10%+,-10.52,259.8496,289.8199,tp_gap_filled,20.0846,5218.97,11.534,601.94,44,5218.97,5820.91
20,COR,2026-05-06,2026-05-19,2026-07-07,10%+,-12.383,268.288,305.5941,tp_gap_filled,19.5956,5257.26,13.905,731.03,32,5257.26,5988.3
20,AES,2026-03-02,2026-04-07,2026-07-08,10%+,-16.956,14.3644,14.6254,time_exit,347.2591,4988.15,1.817,90.64,63,4988.15,5078.79
20,META,2026-04-30,2026-05-06,2026-07-10,5-10%,-7.443,619.9393,668.4509,tp_gap_filled,8.4488,5237.73,7.825,409.86,44,5237.73,5647.6
20,COHR,2026-06-23,2026-06-24,2026-07-15,5-10%,-8.647,389.0787,287.6303,stop,13.315,5180.59,-26.074,-1350.79,14,5180.59,3829.8
20,NKE,2026-04-01,2026-04-17,2026-07-20,10%+,-11.852,46.6066,43.4265,time_exit,113.737,5300.89,-6.823,-361.69,63,5300.89,4939.2
20,APA,2026-06-15,2026-07-08,2026-07-23,5-10%,-6.186,34.7647,36.983,tp_gap_filled,149.0168,5180.53,6.381,330.56,11,5180.53,5511.08
20,ADSK,2026-05-29,2026-06-08,2026-07-28,5-10%,-6.387,225.7856,240.709,tp_gap_filled,23.2627,5252.38,6.61,347.16,34,5252.38,5599.54
20,HII,2026-02-05,2026-04-28,2026-07-29,10%+,-14.167,354.9646,280.1196,time_exit,14.7186,5224.59,-21.085,-1101.62,63,5224.59,4122.98
20,REGN,2026-05-18,2026-05-29,2026-07-29,10%+,-11.789,616.5459,697.5517,tp_gap_filled,8.6076,5306.95,13.139,697.26,41,5306.95,6004.21
20,LULU,2026-06-05,2026-06-18,2026-08-06,10%+,-11.599,110.5404,124.7951,tp_gap_filled,46.9952,5194.87,12.895,669.9,33,5194.87,5864.77
20,HAS,2026-05-20,2026-05-21,2026-08-11,5-10%,-8.407,89.099,97.0828,tp_gap_filled,59.5981,5310.14,8.961,475.82,55,5310.14,5785.96
20,ISRG,2026-07-17,2026-07-28,2026-08-12,5-10%,-9.271,365.395,401.9277,tp_gap_filled,14.6935,5368.93,9.998,536.79,11,5368.93,5905.72
20,SMCI,2026-06-10,2026-06-22,2026-08-13,10%+,-12.402,35.6356,40.5994,tp_gap_filled,144.225,5139.54,13.929,715.9,37,5139.54,5855.44
20,FOXA,2026-06-15,2026-07-17,2026-08-14,10%+,-13.47,57.037,65.7841,tp_gap_filled,90.7892,5178.34,15.336,794.15,20,5178.34,5972.49
20,FOX,2026-06-15,2026-07-20,2026-08-14,10%+,-11.694,52.082,58.8611,tp_gap_filled,99.5937,5187.04,13.016,675.15,19,5187.04,5862.19
20,RDDT,2026-07-31,2026-08-03,2026-08-14,10%+,-17.041,147.8477,177.862,tp_gap_filled,36.3439,5373.36,20.301,1090.84,9,5373.36,6464.2
20,WDC,2026-08-06,2026-08-07,2026-08-17,10%+,-17.389,429.3189,518.6508,tp_gap_filled,12.7732,5483.77,20.808,1141.05,6,5483.77,6624.83
20,FDXF,2026-06-10,2026-06-12,2026-08-25,5-10%,-6.877,175.6755,129.8699,stop,30.0052,5271.18,-26.074,-1374.41,50,5271.18,3896.77
20,FISV,2026-05-05,2026-06-01,2026-08-31,5-10%,-7.945,57.8778,53.2567,time_exit,91.3484,5287.05,-7.984,-422.13,63,5287.05,4864.91
30,NVDA,2024-09-04,2024-09-05,2024-09-06,2-3%,-2.398,105.5154,107.892,tp_gap_filled,31.583,3332.5,2.252,75.06,1,3332.5,3407.55
30,CDNS,2024-09-04,2024-09-05,2024-09-10,2-3%,-2.829,249.279,256.0237,tp_gap_filled,13.3657,3331.8,2.706,90.15,3,3331.8,3421.94
30,SMCI,2024-09-04,2024-09-05,2024-09-11,3-5%,-4.903,42.054,44.1338,tp_gap_filled,79.2631,3333.33,4.946,164.85,4,3333.33,3498.19
30,KLAC,2024-09-05,2024-09-06,2024-09-11,2-3%,-2.594,72.6506,74.4365,tp_gap_filled,45.7077,3320.69,2.458,81.63,3,3320.69,3402.32
30,TER,2024-09-05,2024-09-06,2024-09-11,2-3%,-2.162,124.144,126.6332,tp_gap_filled,26.728,3318.12,2.005,66.53,3,3318.12,3384.65
30,DG,2024-09-04,2024-09-06,2024-09-12,2-3%,-2.459,81.8117,83.7062,tp_gap_filled,40.5453,3317.08,2.316,76.81,4,3317.08,3393.89
30,WDAY,2024-09-09,2024-09-11,2024-09-12,2-3%,-2.313,248.9587,254.3454,tp_gap_filled,13.4336,3344.41,2.164,72.36,1,3344.41,3416.77
30,AVGO,2024-09-05,2024-09-11,2024-09-12,2-3%,-2.303,150.7206,153.9659,tp_gap_filled,22.2093,3347.39,2.153,72.08,1,3347.39,3419.47
30,APTV,2024-09-10,2024-09-12,2024-09-13,2-3%,-2.939,67.1171,69.0109,tp_gap_filled,50.017,3356.99,2.822,94.73,1,3356.99,3451.72
30,COR,2024-09-05,2024-09-09,2024-09-16,2-3%,-2.272,238.1079,243.1566,tp_gap_filled,13.99,3331.13,2.12,70.63,5,3331.13,3401.76
30,GM,2024-09-10,2024-09-12,2024-09-16,2-3%,-2.996,46.026,47.3526,tp_gap_filled,72.932,3356.76,2.882,96.75,2,3356.76,3453.52
30,CRWD,2024-09-04,2024-09-13,2024-09-16,2-3%,-2.311,65.1751,66.5834,tp_gap_filled,51.6432,3365.85,2.161,72.73,1,3365.85,3438.58
30,ODFL,2024-09-05,2024-09-06,2024-09-17,3-5%,-4.309,187.3972,195.4444,tp_gap_filled,17.7282,3322.21,4.294,142.66,7,3322.21,3464.87
30,ROL,2024-09-11,2024-09-12,2024-09-17,2-3%,-2.23,50.04,51.0789,tp_gap_filled,67.0823,3356.8,2.076,69.69,3,3356.8,3426.49
30,FERG,2024-09-04,2024-09-16,2024-09-17,2-3%,-2.486,197.5173,202.1477,tp_gap_filled,17.0636,3370.35,2.344,79.01,1,3370.35,3449.36
30,COHR,2024-09-16,2024-09-17,2024-09-18,3-5%,-3.001,75.7156,77.902,tp_gap_filled,44.6929,3383.95,2.888,97.72,1,3383.95,3481.67
30,AAPL,2024-09-16,2024-09-17,2024-09-18,2-3%,-2.679,216.7565,222.2775,tp_gap_filled,15.6269,3387.23,2.547,86.28,1,3387.23,3473.51
30,KLAC,2024-09-16,2024-09-17,2024-09-18,2-3%,-2.196,73.5735,75.0749,tp_gap_filled,46.039,3387.25,2.041,69.12,1,3387.25,3456.37
30,SMCI,2024-09-16,2024-09-17,2024-09-18,2-3%,-2.187,44.7607,45.6703,tp_gap_filled,75.6879,3387.85,2.032,68.84,1,3387.85,3456.69
30,HPE,2024-09-05,2024-09-13,2024-09-19,5-10%,-8.631,17.1671,18.7512,tp_gap_filled,196.0701,3365.97,9.227,310.59,4,3365.97,3676.56
30,MPWR,2024-09-16,2024-09-17,2024-09-19,2-3%,-2.018,896.5457,913.1859,tp_gap_filled,3.7765,3385.77,1.856,62.84,2,3385.77,3448.61
30,TER,2024-09-16,2024-09-18,2024-09-19,2-3%,-2.202,128.4683,131.0988,tp_gap_filled,26.3635,3386.87,2.048,69.35,1,3386.87,3456.22
30,MU,2024-09-12,2024-09-16,2024-09-20,3-5%,-3.916,87.1871,90.5594,tp_gap_filled,38.6566,3370.36,3.868,130.36,4,3370.36,3500.72
30,RMD,2024-09-04,2024-09-18,2024-09-20,2-3%,-2.042,240.1399,244.6551,tp_gap_filled,14.1015,3386.34,1.88,63.67,2,3386.34,3450.01
30,MOS,2024-09-16,2024-09-23,2024-09-24,3-5%,-3.448,25.5055,26.3636,tp_gap_filled,133.2711,3399.14,3.364,114.36,1,3399.14,3513.51
30,NXPI,2024-09-20,2024-09-23,2024-09-24,2-3%,-2.224,233.6434,238.4813,tp_gap_filled,14.5477,3398.98,2.071,70.38,1,3398.98,3469.36
30,UPS,2024-09-20,2024-09-23,2024-09-26,2-3%,-2.747,128.6285,131.9979,tp_gap_filled,26.4203,3398.41,2.619,89.02,3,3398.41,3487.43
30,ON,2024-09-20,2024-09-24,2024-09-26,3-5%,-3.149,71.111,73.2766,tp_gap_filled,47.9013,3406.31,3.045,103.74,2,3406.31,3510.05
30,HUM,2024-09-11,2024-09-12,2024-10-01,3-5%,-4.619,330.7504,277.5525,stop,10.1553,3358.88,-16.084,-540.24,13,3358.88,2818.64
30,PANW,2024-09-04,2024-09-05,2024-10-08,3-5%,-3.315,171.8216,177.3575,tp_gap_filled,19.3908,3331.76,3.222,107.34,23,3331.76,3439.11
30,CPRT,2024-09-05,2024-09-06,2024-10-08,5-10%,-5.749,50.05,52.9969,tp_gap_filled,66.404,3323.52,5.888,195.69,22,3323.52,3519.21
30,CIEN,2024-10-07,2024-10-08,2024-10-09,3-5%,-3.299,64.5545,66.6233,tp_gap_filled,51.4922,3324.05,3.205,106.53,1,3324.05,3430.58
30,MCK,2024-09-24,2024-09-27,2024-10-10,3-5%,-3.467,487.9775,504.495,tp_gap_filled,6.9873,3409.63,3.385,115.41,9,3409.63,3525.04
30,HPQ,2024-09-27,2024-09-30,2024-10-10,2-3%,-2.958,35.7958,36.8131,tp_gap_filled,95.352,3413.2,2.842,97.01,8,3413.2,3510.21
30,ARES,2024-10-08,2024-10-09,2024-10-11,3-5%,-3.463,155.155,160.3994,tp_gap_filled,21.6147,3353.62,3.38,113.36,2,3353.62,3466.98
30,TDG,2024-10-04,2024-10-07,2024-10-14,3-5%,-4.446,1357.356,1417.6709,tp_gap_filled,2.4399,3311.75,4.444,147.16,5,3311.75,3458.91
30,GNRC,2024-10-10,2024-10-11,2024-10-14,3-5%,-3.958,165.6355,172.1177,tp_gap_filled,20.2151,3348.34,3.914,131.04,1,3348.34,3479.38
30,GM,2024-09-23,2024-09-24,2024-10-15,2-3%,-2.619,47.6476,48.8311,tp_gap_filled,71.4682,3405.29,2.484,84.58,15,3405.29,3489.87
30,TSN,2024-09-25,2024-09-26,2024-10-15,3-5%,-3.09,58.7087,60.4595,tp_gap_filled,57.9085,3399.73,2.982,101.39,13,3399.73,3501.12
30,GPN,2024-09-25,2024-09-27,2024-10-15,2-3%,-2.938,100.8608,103.7062,tp_gap_filled,33.8059,3409.69,2.821,96.19,12,3409.69,3505.88
30,ELV,2024-10-15,2024-10-16,2024-10-17,3-5%,-4.513,486.536,408.2816,stop,6.9509,3381.86,-16.084,-543.94,1,3381.86,2837.92
30,APP,2024-10-14,2024-10-16,2024-10-21,3-5%,-3.898,141.4113,146.853,tp_gap_filled,23.9322,3384.28,3.848,130.23,3,3384.28,3514.51
30,FCX,2024-10-14,2024-10-15,2024-10-22,3-5%,-4.217,47.9679,49.98,tp_gap_filled,70.1836,3366.56,4.195,141.21,5,3366.56,3507.77
30,TSLA,2024-10-02,2024-10-03,2024-10-24,3-5%,-4.058,247.7976,257.762,tp_gap_filled,13.4432,3331.18,4.021,133.95,15,3331.18,3465.14
30,NXPI,2024-09-30,2024-10-01,2024-10-25,3-5%,-3.078,237.6274,244.6851,tp_gap_filled,14.1931,3372.66,2.97,100.17,18,3372.66,3472.83
30,DHI,2024-09-20,2024-09-23,2024-10-29,2-3%,-2.329,192.6625,171.2981,stop,17.6397,3398.51,-11.089,-376.86,26,3398.51,3021.65
30,GRMN,2024-09-13,2024-09-16,2024-10-30,5-10%,-5.22,173.3932,182.5772,tp_gap_filled,19.4405,3370.86,5.297,178.54,32,3370.86,3549.4
30,SWKS,2024-09-16,2024-09-19,2024-10-30,2-3%,-2.342,100.1701,89.0622,stop,33.969,3402.67,-11.089,-377.32,29,3402.67,3025.35
30,APTV,2024-09-30,2024-10-01,2024-10-31,3-5%,-3.543,71.6816,60.1523,stop,47.076,3374.48,-16.084,-542.75,22,3374.48,2831.73
30,FERG,2024-09-20,2024-09-24,2024-11-06,2-3%,-2.416,203.3531,207.9718,tp_gap_filled,16.7506,3406.3,2.271,77.37,31,3406.3,3483.66
30,CSX,2024-10-17,2024-10-18,2024-11-06,3-5%,-4.426,33.9339,35.4345,tp_gap_filled,98.8085,3352.96,4.422,148.28,13,3352.96,3501.23
30,COHR,2024-10-18,2024-10-21,2024-11-07,3-5%,-4.722,97.3472,101.9679,tp_gap_filled,34.0741,3317.02,4.747,157.45,13,3317.02,3474.46
30,MRNA,2024-09-12,2024-09-13,2024-11-11,10%+,-14.615,67.9579,42.7707,stop,49.5223,3365.43,-37.063,-1247.33,41,3365.43,2118.1
30,MRK,2024-09-09,2024-09-26,2024-11-15,3-5%,-3.98,113.2632,95.0459,stop,30.0177,3399.9,-16.084,-546.84,36,3399.9,2853.06
30,ZBH,2024-09-05,2024-09-27,2024-11-18,5-10%,-5.084,108.7687,114.3655,tp_gap_filled,31.3528,3410.2,5.146,175.48,36,3410.2,3585.68
30,FDX,2024-09-20,2024-09-24,2024-11-22,10%+,-13.19,210.3391,241.8127,tp_gap_filled,16.1818,3403.66,14.963,509.3,43,3403.66,3912.96
30,F,2024-10-29,2024-10-30,2024-11-22,5-10%,-7.388,10.5405,11.3586,tp_gap_filled,313.3965,3303.37,7.761,256.39,17,3303.37,3559.76
30,VMRK,2024-09-24,2024-09-25,2024-11-27,2-3%,-2.699,75.4253,77.3626,tp_gap_filled,44.8688,3384.24,2.568,86.92,45,3384.24,3471.16
30,TTD,2024-11-08,2024-11-19,2024-12-02,10%+,-12.39,116.2261,132.3975,tp_gap_filled,27.9457,3248.02,13.914,451.92,8,3248.02,3699.94
30,HRL,2024-09-04,2024-11-15,2024-12-09,5-10%,-9.928,29.8799,33.1069,tp_gap_filled,108.9088,3254.18,10.8,351.45,15,3254.18,3605.63
30,CNC,2024-09-04,2024-09-11,2024-12-10,5-10%,-7.628,74.1841,56.6533,time_exit,45.0971,3345.49,-23.632,-790.59,63,3345.49,2554.9
30,LEN,2024-09-20,2024-09-23,2024-12-12,3-5%,-3.617,179.7439,150.8339,stop,18.9106,3399.07,-16.084,-546.71,57,3399.07,2852.36
30,ADBE,2024-09-13,2024-09-16,2024-12-13,5-10%,-9.203,533.1026,465.2243,time_exit,6.3277,3373.31,-12.733,-429.51,63,3373.31,2943.79
30,DLTR,2024-09-04,2024-09-17,2024-12-16,10%+,-10.851,72.8628,69.96,time_exit,46.4292,3382.96,-3.984,-134.78,63,3382.96,3248.19
30,FANG,2024-10-15,2024-10-17,2024-12-19,3-5%,-3.692,183.8437,154.2742,stop,18.188,3343.74,-16.084,-537.81,44,3343.74,2805.93
30,INVH,2024-09-24,2024-09-26,2024-12-26,3-5%,-3.068,35.4154,32.2577,time_exit,96.0291,3400.91,-8.916,-303.23,63,3400.91,3097.68
30,NKE,2024-10-02,2024-10-03,2025-01-03,5-10%,-7.001,82.9729,73.2367,time_exit,40.162,3332.35,-11.734,-391.02,63,3332.35,2941.33
30,MU,2024-12-19,2024-12-20,2025-01-07,10%+,-13.301,90.1701,103.7961,tp_gap_filled,35.5677,3207.14,15.111,484.65,10,3207.14,3691.78
30,AMAT,2024-11-15,2024-11-18,2025-01-16,5-10%,-9.495,168.5083,185.814,tp_gap_filled,19.3951,3268.24,10.27,335.65,39,3268.24,3603.88
30,AOS,2024-10-11,2024-10-16,2025-01-17,5-10%,-6.863,80.4203,71.7382,time_exit,42.0557,3382.13,-10.796,-365.13,63,3382.13,3017.0
30,ORCL,2024-12-10,2024-12-13,2025-01-22,5-10%,-8.921,173.6335,190.2595,tp_gap_filled,18.9346,3287.69,9.575,314.81,24,3287.69,3602.5
30,GE,2024-10-22,2024-10-23,2025-01-23,5-10%,-5.01,184.6845,194.0358,tp_gap_filled,17.864,3299.2,5.063,167.05,61,3299.2,3466.25
30,MRNA,2025-01-13,2025-01-14,2025-01-23,10%+,-21.183,33.3333,42.2077,tp_gap_filled,97.1328,3237.76,26.623,862.0,6,3237.76,4099.76
30,KMB,2024-10-22,2024-10-23,2025-01-27,3-5%,-4.965,137.1871,131.2786,time_exit,24.0359,3297.41,-4.307,-142.02,63,3297.41,3155.4
30,VRTX,2024-12-19,2024-12-20,2025-01-27,10%+,-12.626,391.391,447.0525,tp_gap_filled,8.1941,3207.08,14.221,456.09,22,3207.08,3663.17
30,MCD,2024-10-23,2024-10-25,2025-01-29,5-10%,-6.966,293.0628,289.8199,time_exit,11.3057,3313.29,-1.107,-36.66,63,3313.29,3276.62
30,UHS,2024-10-25,2024-10-29,2025-01-31,5-10%,-7.416,208.208,188.3714,time_exit,15.8543,3300.99,-9.527,-314.49,63,3300.99,2986.49
30,SWK,2024-10-29,2024-10-30,2025-02-03,5-10%,-7.938,94.8447,85.0848,time_exit,34.8411,3304.5,-10.29,-340.05,63,3304.5,2964.45
30,CDW,2024-10-30,2024-11-06,2025-02-05,5-10%,-8.954,200.4102,219.6801,tp_gap_filled,16.4646,3299.68,9.615,317.27,60,3299.68,3616.95
30,AMGN,2024-11-26,2024-12-18,2025-02-05,10%+,-10.129,264.4842,293.706,tp_gap_filled,12.0557,3188.54,11.049,352.29,31,3188.54,3540.83
30,COHR,2025-01-27,2025-01-30,2025-02-06,10%+,-12.289,88.088,100.2297,tp_gap_filled,38.2673,3370.89,13.784,464.63,5,3370.89,3835.52
30,EL,2024-10-31,2024-11-05,2025-02-07,10%+,-24.383,65.9659,64.965,time_exit,50.0544,3301.88,-1.517,-50.1,63,3301.88,3251.78
30,LLY,2024-10-30,2024-11-05,2025-02-07,10%+,-11.629,799.2985,877.4317,time_exit,4.1308,3301.71,9.775,322.75,63,3301.71,3624.46
30,GPC,2024-10-22,2024-11-06,2025-02-10,10%+,-15.847,120.5604,118.3216,time_exit,27.3489,3297.2,-1.857,-61.23,63,3297.2,3235.97
30,FSLR,2024-11-06,2024-11-07,2025-02-11,10%+,-12.668,188.7285,161.4384,time_exit,17.5452,3311.27,-14.46,-478.81,63,3311.27,2832.46
30,SMCI,2024-10-30,2024-11-26,2025-02-18,10%+,-29.051,34.8848,49.0709,tp_gap_filled,96.2476,3357.58,40.665,1365.37,54,3357.58,4722.95
30,MU,2025-01-27,2025-02-06,2025-02-18,5-10%,-8.072,94.9549,103.0868,tp_gap_filled,35.619,3382.2,8.564,289.65,7,3382.2,3671.85
30,ELV,2024-10-17,2024-11-15,2025-02-20,10%+,-18.523,405.3149,390.1095,time_exit,8.0318,3255.42,-3.752,-122.13,63,3255.42,3133.29
30,ABBV,2024-11-11,2024-11-22,2025-02-20,10%+,-10.491,178.7486,199.3005,tp_gap_filled,18.5837,3321.81,11.498,381.93,58,3321.81,3703.74
30,TGT,2024-11-20,2024-11-25,2025-02-28,10%+,-17.949,128.128,124.1158,time_exit,26.2488,3363.21,-3.131,-105.32,63,3363.21,3257.9
30,DELL,2024-11-27,2024-12-02,2025-03-06,10%+,-11.867,125.0449,92.927,time_exit,27.3013,3413.88,-25.685,-876.86,63,3413.88,2537.02
30,HII,2025-02-06,2025-02-10,2025-03-07,10%+,-12.471,171.3612,195.3844,tp_gap_filled,19.8852,3407.55,14.019,477.71,18,3407.55,3885.26
30,VRT,2025-02-03,2025-02-20,2025-03-10,5-10%,-9.631,105.8557,78.2549,stop,32.2612,3415.03,-26.074,-890.43,12,3415.03,2524.59
30,FERG,2024-12-10,2024-12-11,2025-03-17,10%+,-10.104,195.9357,162.4074,time_exit,17.0382,3338.4,-17.112,-571.26,63,3338.4,2767.13
30,ADM,2024-11-05,2024-12-18,2025-03-24,5-10%,-8.68,50.5505,45.8841,time_exit,63.031,3186.25,-9.231,-294.13,63,3186.25,2892.12
30,INCY,2024-11-19,2024-12-19,2025-03-25,10%+,-12.81,67.1771,62.0179,time_exit,47.2404,3173.47,-7.68,-243.72,63,3173.47,2929.75
30,SNPS,2024-12-05,2025-01-22,2025-04-04,5-10%,-7.395,545.0645,402.9444,stop,6.1014,3325.63,-26.074,-867.13,51,3325.63,2458.51
30,CEG,2025-01-27,2025-01-29,2025-04-04,10%+,-15.824,292.7525,184.2496,stop,11.397,3336.51,-37.063,-1236.61,46,3336.51,2099.9
30,CIEN,2025-01-27,2025-01-30,2025-04-04,10%+,-12.44,84.6846,53.2979,stop,39.8058,3370.94,-37.063,-1249.37,45,3370.94,2121.57
30,ORCL,2025-01-27,2025-01-30,2025-04-07,5-10%,-8.007,169.0689,124.9859,stop,19.9558,3373.9,-26.074,-879.71,46,3373.9,2494.19
30,AMD,2025-02-05,2025-02-07,2025-04-07,5-10%,-9.95,107.7176,79.6313,stop,31.2824,3369.66,-26.074,-878.61,40,3369.66,2491.06
30,APTV,2024-10-31,2025-01-06,2025-04-08,5-10%,-9.613,62.4924,49.3106,time_exit,52.2601,3265.86,-21.093,-688.88,63,3265.86,2576.98
30,DLTR,2025-04-03,2025-04-04,2025-04-17,10%+,-11.628,68.6186,77.4924,tp_gap_filled,43.2329,2966.58,12.932,383.64,9,2966.58,3350.22
30,DHI,2024-10-29,2025-01-21,2025-04-22,10%+,-15.074,153.3432,124.835,time_exit,21.5987,3312.02,-18.591,-615.74,63,3312.02,2696.28
30,DELL,2025-04-03,2025-04-14,2025-04-25,10%+,-10.049,85.8357,95.2347,tp_gap_filled,35.0902,3012.0,10.95,329.81,8,3012.0,3341.81
30,APH,2025-01-27,2025-01-30,2025-05-01,5-10%,-8.058,35.5205,38.5564,tp_gap_filled,94.9571,3372.92,8.547,288.28,63,3372.92,3661.2
30,PWR,2025-01-27,2025-01-31,2025-05-02,10%+,-12.035,315.2549,320.8189,time_exit,10.6627,3361.47,1.765,59.33,63,3361.47,3420.79
30,NOW,2025-01-30,2025-01-31,2025-05-02,10%+,-10.188,205.6294,195.2765,time_exit,16.334,3358.75,-5.035,-169.1,63,3358.75,3189.65
30,RL,2025-04-03,2025-04-09,2025-05-05,10%+,-11.576,209.199,236.1137,tp_gap_filled,14.5571,3045.33,12.866,391.8,17,3045.33,3437.13
30,MRK,2025-02-04,2025-02-05,2025-05-07,10%+,-10.813,89.089,79.0409,time_exit,37.656,3354.73,-11.279,-378.37,63,3354.73,2976.36
30,PH,2025-04-03,2025-04-09,2025-05-08,5-10%,-8.406,576.6861,628.351,tp_gap_filled,5.28,3044.93,8.959,272.79,20,3044.93,3317.72
30,BBY,2025-04-03,2025-04-23,2025-05-12,10%+,-12.452,66.3663,75.6543,tp_gap_filled,46.0085,3053.41,13.995,427.33,13,3053.41,3480.74
30,ACN,2025-03-20,2025-03-21,2025-05-13,5-10%,-8.728,296.4461,324.1455,tp_gap_filled,10.8042,3202.88,9.344,299.27,36,3202.88,3502.15
30,FIS,2025-02-11,2025-02-12,2025-05-14,10%+,-12.896,72.072,77.972,time_exit,46.5905,3357.87,8.186,274.88,63,3357.87,3632.75
30,UNH,2025-02-21,2025-04-21,2025-05-15,10%+,-12.513,439.9895,276.9162,stop,6.752,2970.82,-37.063,-1101.08,18,2970.82,1869.75
30,DVA,2025-02-14,2025-02-18,2025-05-19,10%+,-13.024,154.154,144.815,time_exit,22.2755,3433.86,-6.058,-208.03,63,3433.86,3225.83
30,UNH,2025-05-15,2025-05-16,2025-05-19,10%+,-10.75,275.1749,307.702,tp_gap_filled,11.7489,3232.99,11.821,382.16,1,3232.99,3615.15
30,AVGO,2025-01-27,2025-02-24,2025-05-23,10%+,-12.791,213.6134,228.4913,time_exit,15.6011,3332.6,6.965,232.11,63,3332.6,3564.71
30,UPS,2025-01-30,2025-02-24,2025-05-23,10%+,-12.251,117.5074,95.2746,time_exit,28.3356,3329.64,-18.92,-629.98,63,3329.64,2699.67
30,SRE,2025-02-25,2025-02-26,2025-05-28,10%+,-16.976,72.4524,77.4225,time_exit,46.1794,3345.81,6.86,229.52,63,3345.81,3575.32
30,VTRS,2025-02-27,2025-02-28,2025-05-30,10%+,-17.616,9.2693,8.7812,time_exit,356.6575,3305.95,-5.265,-174.07,63,3305.95,3131.88
30,NTAP,2025-02-28,2025-03-03,2025-06-02,10%+,-15.979,99.4293,98.6712,time_exit,32.5704,3238.45,-0.762,-24.69,63,3238.45,3213.76
30,APA,2025-04-03,2025-06-10,2025-06-17,5-10%,-6.968,19.7798,21.2188,tp_gap_filled,164.1765,3247.37,7.275,236.25,5,3247.37,3483.62
30,NKE,2025-04-03,2025-04-04,2025-06-27,10%+,-13.224,56.4264,64.895,tp_gap_filled,52.5488,2965.14,15.008,445.02,57,2965.14,3410.15
30,WSM,2025-05-22,2025-06-02,2025-07-01,5-10%,-6.801,156.6565,167.7521,tp_gap_filled,20.5268,3215.66,7.083,227.76,20,3215.66,3443.42
30,FDX,2025-03-21,2025-04-03,2025-07-07,10%+,-10.723,177.3004,189.2465,time_exit,17.246,3057.73,6.738,206.02,63,3057.73,3263.75
30,GRMN,2025-04-03,2025-04-09,2025-07-10,10%+,-13.221,189.4292,217.8519,tp_gap_filled,16.0671,3043.57,15.004,456.67,62,3043.57,3500.24
30,SWKS,2025-02-06,2025-04-30,2025-07-31,10%+,-28.17,62.6125,68.4715,time_exit,49.9341,3126.5,9.357,292.56,63,3126.5,3419.06
30,ELV,2025-04-17,2025-05-13,2025-08-13,10%+,-10.353,390.39,294.1356,time_exit,8.2647,3226.44,-24.656,-795.51,63,3226.44,2430.93
30,HPQ,2025-05-29,2025-06-13,2025-08-13,10%+,-12.426,23.8438,27.1728,tp_gap_filled,134.7661,3213.34,13.962,448.63,41,3213.34,3661.97
30,SWK,2025-07-29,2025-07-30,2025-08-13,5-10%,-7.724,68.2882,73.8561,tp_gap_filled,47.0582,3213.52,8.153,262.01,10,3213.52,3475.54
30,PSKY,2025-07-31,2025-08-05,2025-08-13,5-10%,-9.774,12.012,13.2867,tp_gap_filled,262.9217,3158.22,10.612,335.15,6,3158.22,3493.36
30,INTC,2025-07-25,2025-07-28,2025-08-14,5-10%,-8.617,20.7007,22.6074,tp_gap_filled,156.3931,3237.44,9.211,298.19,13,3237.44,3535.64
30,REGN,2025-05-30,2025-06-09,2025-08-22,10%+,-14.491,518.1776,604.7846,tp_gap_filled,6.2456,3236.31,16.714,540.91,52,3236.31,3777.22
30,WDAY,2025-05-23,2025-05-27,2025-08-26,10%+,-11.199,241.8416,222.6571,time_exit,13.3264,3222.87,-7.933,-255.66,63,3222.87,2967.21
30,LLY,2025-08-07,2025-08-14,2025-08-27,5-10%,-9.474,676.3356,745.6236,tp_gap_filled,4.764,3222.04,10.245,330.09,9,3222.04,3552.12
30,TAP,2025-05-08,2025-05-29,2025-08-28,5-10%,-7.899,52.4023,50.1698,time_exit,61.3807,3216.49,-4.26,-137.04,63,3216.49,3079.46
30,ADBE,2025-03-13,2025-06-02,2025-09-02,5-10%,-7.599,405.6753,345.2844,time_exit,7.9282,3216.26,-14.887,-478.79,63,3216.26,2737.47
30,ROST,2025-05-23,2025-06-12,2025-09-04,10%+,-11.593,134.7346,152.0977,tp_gap_filled,23.9912,3232.44,12.887,416.56,57,3232.44,3649.0
30,LMT,2025-07-22,2025-07-23,2025-09-05,5-10%,-8.204,423.1727,460.0695,tp_gap_filled,7.7146,3264.59,8.719,284.64,31,3264.59,3549.23
30,BF-B,2025-06-05,2025-06-09,2025-09-09,10%+,-17.199,27.5175,27.4325,time_exit,117.589,3235.76,-0.309,-9.99,63,3235.76,3225.77
30,AMAT,2025-08-15,2025-08-18,2025-09-18,10%+,-13.568,162.8627,188.0518,tp_gap_filled,19.9073,3242.16,15.466,501.45,22,3242.16,3743.6
30,TPR,2025-08-14,2025-08-15,2025-09-19,10%+,-15.485,96.0459,113.4165,tp_gap_filled,33.6829,3235.11,18.086,585.09,24,3235.11,3820.2
30,MOS,2025-08-06,2025-08-08,2025-09-24,10%+,-10.454,31.982,35.6443,tp_gap_filled,98.0348,3135.35,11.451,359.04,32,3135.35,3494.39
30,MRVL,2025-08-29,2025-09-02,2025-09-24,10%+,-16.444,64.5945,77.1528,tp_gap_filled,50.0774,3234.73,19.442,628.88,16,3234.73,3863.61
30,IBM,2025-07-24,2025-07-28,2025-09-25,5-10%,-7.361,261.5112,281.728,tp_gap_filled,12.3793,3237.34,7.731,250.27,42,3237.34,3487.61
30,COIN,2025-08-01,2025-08-13,2025-10-03,10%+,-11.282,335.4752,377.3822,tp_gap_filled,9.6726,3244.93,12.492,405.35,36,3244.93,3650.28
30,VRTX,2025-05-06,2025-07-08,2025-10-06,5-10%,-6.923,466.0256,402.4971,time_exit,6.9909,3257.95,-13.632,-444.12,63,3257.95,2813.83
30,SMCI,2025-08-06,2025-08-07,2025-10-07,10%+,-17.342,47.3773,57.2027,tp_gap_filled,66.5026,3150.72,20.739,653.42,42,3150.72,3804.13
30,ACN,2025-06-20,2025-07-11,2025-10-09,5-10%,-8.143,281.7114,251.788,time_exit,11.5271,3247.31,-10.622,-344.93,63,3247.31,2902.38
30,WAT,2025-07-14,2025-10-01,2025-10-21,10%+,-10.028,317.8375,352.5571,tp_gap_filled,10.566,3358.28,10.924,366.85,14,3358.28,3725.13
30,OTIS,2025-07-23,2025-07-24,2025-10-22,10%+,-11.872,89.089,91.3286,time_exit,36.4692,3249.01,2.514,81.68,63,3249.01,3330.68
30,CMG,2025-07-24,2025-07-25,2025-10-23,10%+,-12.467,46.2462,41.7582,time_exit,70.3587,3253.82,-9.705,-315.77,63,3253.82,2938.05
30,RVTY,2025-07-28,2025-07-30,2025-10-28,5-10%,-9.395,94.0239,96.3535,time_exit,34.2495,3220.27,2.478,79.79,63,3220.27,3300.06
30,PYPL,2025-07-29,2025-07-30,2025-10-28,5-10%,-8.297,71.8017,78.1418,tp_gap_filled,44.799,3216.65,8.83,284.03,63,3216.65,3500.67
30,TT,2025-07-30,2025-07-31,2025-10-29,5-10%,-7.746,434.9345,427.0525,time_exit,7.2953,3173.0,-1.812,-57.5,63,3173.0,3115.5
30,GWW,2025-08-01,2025-08-04,2025-10-31,5-10%,-9.943,937.1162,978.021,time_exit,3.3887,3175.6,4.365,138.61,63,3175.6,3314.21
30,IT,2025-08-05,2025-08-06,2025-11-04,10%+,-27.983,242.7325,226.9428,time_exit,13.0331,3163.56,-6.505,-205.79,63,3163.56,2957.77
30,FTNT,2025-08-07,2025-08-08,2025-11-06,10%+,-23.069,74.3743,80.4595,time_exit,42.1615,3135.74,8.182,256.56,63,3135.74,3392.3
30,BAX,2025-07-31,2025-08-08,2025-11-06,10%+,-15.294,23.7838,17.962,time_exit,131.8445,3135.76,-24.478,-767.56,63,3135.76,2368.19
30,WM,2025-10-28,2025-10-29,2025-11-19,5-10%,-6.919,199.179,213.5562,tp_gap_filled,16.7883,3343.88,7.218,241.37,15,3343.88,3585.25
30,TGT,2025-08-20,2025-09-02,2025-12-01,10%+,-10.393,94.5044,91.2686,time_exit,34.2284,3234.73,-3.424,-110.76,63,3234.73,3123.98
30,FCX,2025-09-24,2025-10-10,2025-12-05,5-10%,-7.782,41.8718,45.3146,tp_gap_filled,79.7218,3338.1,8.222,274.47,39,3338.1,3612.57
30,HRL,2025-08-28,2025-09-10,2025-12-09,10%+,-14.611,24.8048,23.6064,time_exit,129.9893,3224.35,-4.831,-155.78,63,3224.35,3068.57
30,SNPS,2025-09-10,2025-09-11,2025-12-10,10%+,-29.216,428.2278,475.3542,time_exit,7.608,3257.94,11.005,358.54,63,3257.94,3616.48
30,NEM,2025-10-21,2025-10-23,2025-12-10,5-10%,-6.176,89.119,94.7951,tp_gap_filled,38.0078,3387.22,6.369,215.74,33,3387.22,3602.96
30,DXCM,2025-10-31,2025-11-03,2025-12-10,10%+,-13.211,59.2492,68.1318,tp_gap_filled,55.5386,3290.62,14.992,493.33,26,3290.62,3783.95
30,DECK,2025-10-24,2025-10-27,2025-12-12,10%+,-13.692,88.5885,102.4375,tp_gap_filled,38.1895,3383.15,15.633,528.89,33,3383.15,3912.04
30,DASH,2025-11-06,2025-11-18,2025-12-19,10%+,-11.235,211.4713,237.762,tp_gap_filled,15.1569,3205.25,12.432,398.49,22,3205.25,3603.73
30,DRI,2025-09-18,2025-10-02,2026-01-02,5-10%,-7.242,193.8637,187.0228,time_exit,17.4105,3375.27,-3.529,-119.1,63,3375.27,3256.17
30,EFX,2025-10-02,2025-10-03,2026-01-05,5-10%,-7.576,234.8446,220.5692,time_exit,14.4104,3384.2,-6.079,-205.71,63,3384.2,3178.49
30,XYZ,2025-11-07,2025-11-14,2026-01-07,10%+,-13.492,61.4214,70.8591,tp_gap_filled,52.8149,3243.96,15.366,498.45,35,3243.96,3742.41
30,CMG,2025-10-30,2025-10-31,2026-01-08,10%+,-21.353,31.3013,39.7202,tp_gap_filled,105.8128,3312.08,26.897,890.83,46,3312.08,4202.91
30,NKE,2025-12-19,2025-12-24,2026-01-08,5-10%,-9.797,59.2592,65.5644,tp_gap_filled,57.5182,3408.48,10.64,362.66,9,3408.48,3771.14
30,MOS,2025-10-10,2025-10-13,2026-01-13,5-10%,-8.493,30.6306,26.1838,time_exit,109.5095,3354.34,-14.518,-486.97,63,3354.34,2867.37
30,PGR,2025-10-15,2025-10-16,2026-01-16,5-10%,-5.932,226.3661,202.1676,time_exit,14.8153,3353.68,-10.69,-358.51,63,3353.68,2995.17
30,ROP,2025-10-23,2025-10-27,2026-01-27,5-10%,-8.231,467.5271,345.6241,stop,7.2414,3385.55,-26.074,-882.75,62,3385.55,2502.8
30,FFIV,2025-10-28,2025-10-29,2026-01-28,5-10%,-9.662,262.6124,290.1196,tp_gap_filled,12.7394,3345.52,10.474,350.42,61,3345.52,3695.94
30,NOW,2025-12-15,2025-12-17,2026-01-29,5-10%,-7.752,159.7596,118.1039,stop,21.203,3387.38,-26.074,-883.22,28,3387.38,2504.15
30,RCL,2025-10-28,2025-12-19,2026-01-29,5-10%,-7.688,295.9357,319.9397,tp_gap_filled,11.4662,3393.27,8.111,275.24,26,3393.27,3668.51
30,GRMN,2025-10-29,2025-10-30,2026-02-02,10%+,-11.052,220.8907,206.7131,time_exit,14.9984,3313.01,-6.418,-212.64,63,3313.01,3100.37
30,GNRC,2025-10-29,2025-10-30,2026-02-02,10%+,-10.912,169.5694,170.789,time_exit,19.5203,3310.05,0.719,23.81,63,3310.05,3333.86
30,JCI,2026-01-06,2026-01-07,2026-02-02,5-10%,-7.356,112.7026,121.4085,tp_gap_filled,30.5287,3440.67,7.725,265.78,17,3440.67,3706.45
30,META,2025-10-30,2025-10-31,2026-02-03,10%+,-10.978,669.8192,691.0083,time_exit,4.9468,3313.45,3.163,104.82,63,3313.45,3418.26
30,MPC,2025-11-04,2025-12-16,2026-02-04,5-10%,-8.524,179.2791,195.5942,tp_gap_filled,18.9563,3398.47,9.1,309.27,33,3398.47,3707.74
30,HPE,2025-12-05,2026-01-20,2026-02-04,5-10%,-8.734,20.9209,22.8771,tp_gap_filled,162.3255,3396.0,9.35,317.54,11,3396.0,3713.54
30,SWKS,2026-01-28,2026-01-29,2026-02-05,5-10%,-8.609,54.9349,59.9899,tp_gap_filled,62.3755,3426.59,9.202,315.31,5,3426.59,3741.9
30,CI,2025-10-30,2025-11-05,2026-02-06,10%+,-11.407,265.265,291.7579,time_exit,12.3057,3264.28,9.987,326.02,63,3264.28,3590.3
30,FTNT,2025-11-06,2026-01-14,2026-02-09,10%+,-11.559,76.1261,85.904,tp_gap_filled,45.146,3436.78,12.844,441.44,17,3436.78,3878.22
30,APP,2026-02-04,2026-02-06,2026-02-09,10%+,-12.947,402.402,461.3282,tp_gap_filled,8.5443,3438.23,14.644,503.48,1,3438.23,3941.71
30,AXON,2025-11-05,2025-11-11,2026-02-12,10%+,-20.151,564.4039,435.3742,time_exit,5.7684,3255.74,-22.861,-744.3,63,3255.74,2511.43
30,EBAY,2025-10-30,2025-11-11,2026-02-12,10%+,-14.004,85.6856,79.3306,time_exit,38.0137,3257.23,-7.417,-241.58,63,3257.23,3015.65
30,KMB,2025-11-03,2025-11-12,2026-02-13,10%+,-12.547,104.7947,109.3006,time_exit,31.303,3280.39,4.3,141.05,63,3280.39,3421.44
30,ZBH,2025-11-05,2025-11-13,2026-02-17,10%+,-12.134,90.7507,97.0529,time_exit,35.8696,3255.19,6.945,226.06,63,3255.19,3481.25
30,NEM,2026-01-30,2026-02-03,2026-02-18,5-10%,-7.035,118.118,126.8031,tp_gap_filled,28.9134,3415.2,7.353,251.12,10,3415.2,3666.31
30,ZTS,2025-11-04,2025-11-25,2026-02-27,10%+,-13.523,124.9548,130.9689,time_exit,26.1888,3272.41,4.813,157.5,63,3272.41,3429.92
30,IQV,2026-02-12,2026-02-17,2026-02-27,5-10%,-8.043,163.0929,177.0028,tp_gap_filled,21.3316,3479.03,8.529,296.72,8,3479.03,3775.75
30,PANW,2026-02-18,2026-02-19,2026-03-05,5-10%,-8.532,149.6996,163.3365,tp_gap_filled,23.4274,3507.07,9.11,319.48,10,3507.07,3826.55
30,AKAM,2026-02-20,2026-02-24,2026-03-18,5-10%,-8.988,99.8397,109.4804,tp_gap_filled,34.869,3481.31,9.656,336.16,16,3481.31,3817.47
30,KLAC,2026-01-30,2026-02-26,2026-04-08,5-10%,-8.59,154.154,168.3025,tp_gap_filled,22.8914,3528.8,9.178,323.88,28,3528.8,3852.68
30,NOW,2026-01-29,2026-01-30,2026-04-10,5-10%,-8.556,118.6485,87.7121,stop,28.7945,3416.42,-26.074,-890.8,48,3416.42,2525.62
30,SYF,2026-01-12,2026-01-13,2026-04-15,5-10%,-8.781,79.3393,75.914,time_exit,43.4382,3446.35,-4.317,-148.79,63,3446.35,3297.57
30,COF,2026-01-12,2026-01-14,2026-04-16,5-10%,-7.725,230.1799,200.5093,time_exit,14.9326,3437.18,-12.89,-443.06,63,3437.18,2994.12
30,UNH,2026-01-27,2026-01-28,2026-04-21,10%+,-16.4,294.264,351.2884,tp_gap_filled,11.6173,3418.56,19.379,662.47,57,3418.56,4081.03
30,ABT,2026-01-22,2026-01-23,2026-04-24,10%+,-10.933,107.6375,91.0389,time_exit,31.9442,3438.39,-15.421,-530.23,63,3438.39,2908.16
30,CVS,2026-01-27,2026-02-02,2026-04-29,10%+,-10.111,75.4654,83.7861,tp_gap_filled,45.3974,3425.93,11.026,377.74,60,3425.93,3803.67
30,ROP,2026-01-27,2026-01-30,2026-05-01,5-10%,-9.829,368.8685,357.8618,time_exit,9.2599,3415.69,-2.984,-101.92,63,3415.69,3313.77
30,LVS,2026-01-29,2026-02-02,2026-05-04,5-10%,-9.403,55.5555,51.8081,time_exit,61.6656,3425.86,-6.745,-231.08,63,3425.86,3194.78
30,APH,2026-01-28,2026-02-03,2026-05-05,10%+,-15.188,70.5705,68.2767,time_exit,48.3249,3410.31,-3.25,-110.85,63,3410.31,3299.46
30,DIS,2026-02-02,2026-02-03,2026-05-05,5-10%,-7.793,104.114,100.3795,time_exit,32.8014,3415.08,-3.587,-122.5,63,3415.08,3292.58
30,SMCI,2026-03-20,2026-03-24,2026-05-06,10%+,-26.859,22.5425,30.7592,tp_gap_filled,147.9652,3335.51,36.45,1215.78,30,3335.51,4551.29
30,EL,2026-02-05,2026-02-06,2026-05-08,10%+,-12.424,104.8547,86.1138,time_exit,32.8021,3439.46,-17.873,-614.74,63,3439.46,2824.71
30,HUM,2026-01-27,2026-04-21,2026-05-08,10%+,-16.557,220.2,263.3664,tp_gap_filled,15.9821,3519.26,19.603,689.89,13,3519.26,4209.15
30,WAT,2026-02-09,2026-02-10,2026-05-12,10%+,-12.851,332.6223,351.8578,time_exit,10.4436,3473.77,5.783,200.89,63,3473.77,3674.66
30,XYL,2026-02-10,2026-02-11,2026-05-13,5-10%,-9.951,126.3662,108.901,time_exit,27.456,3469.52,-13.821,-479.53,63,3469.52,2989.99
30,STE,2026-02-05,2026-02-11,2026-05-13,5-10%,-9.112,240.4302,210.8889,time_exit,14.432,3469.89,-12.287,-426.34,63,3469.89,3043.55
30,BAX,2026-02-12,2026-02-13,2026-05-15,10%+,-12.348,19.5395,17.2827,time_exit,177.864,3475.38,-11.55,-401.41,63,3475.38,3073.97
30,NOW,2026-04-23,2026-04-24,2026-05-18,10%+,-15.349,87.3372,102.9669,tp_gap_filled,39.8947,3484.29,17.896,623.54,16,3484.29,4107.83
30,CRL,2026-02-18,2026-05-19,2026-05-21,5-10%,-7.387,146.9668,158.3715,tp_gap_filled,23.133,3399.78,7.76,263.82,2,3399.78,3663.6
30,IT,2026-02-03,2026-02-23,2026-05-22,10%+,-26.907,148.0879,159.85,time_exit,23.4069,3466.29,7.943,275.31,63,3466.29,3741.6
30,PYPL,2026-02-03,2026-02-23,2026-05-22,10%+,-18.049,42.9279,44.1858,time_exit,80.6901,3463.85,2.93,101.5,63,3463.85,3565.35
30,FCX,2026-05-15,2026-05-18,2026-05-29,5-10%,-5.972,62.2522,66.0739,tp_gap_filled,55.1449,3432.89,6.139,210.75,8,3432.89,3643.64
30,VMC,2026-02-17,2026-03-03,2026-06-02,5-10%,-9.675,296.246,281.5582,time_exit,11.7523,3481.56,-4.958,-172.62,63,3481.56,3308.95
30,APTV,2026-04-01,2026-04-02,2026-06-02,10%+,-13.364,60.2202,69.3706,tp_gap_filled,55.7525,3357.42,15.195,510.16,41,3357.42,3867.58
30,PODD,2026-05-27,2026-05-28,2026-06-05,5-10%,-6.372,144.144,153.6462,tp_gap_filled,24.1369,3479.19,6.592,229.35,6,3479.19,3708.55
30,ROL,2026-02-12,2026-03-10,2026-06-09,10%+,-15.168,55.7057,47.4825,time_exit,61.44,3422.56,-14.762,-505.23,63,3422.56,2917.32
30,CPRT,2026-02-20,2026-03-12,2026-06-11,5-10%,-8.898,34.3343,31.0289,time_exit,98.2034,3371.74,-9.627,-324.6,63,3371.74,3047.15
30,DG,2026-03-12,2026-03-13,2026-06-12,5-10%,-9.176,131.6816,114.6852,time_exit,25.7369,3389.07,-12.907,-437.43,63,3389.07,2951.64
30,TPR,2026-05-07,2026-05-08,2026-06-12,5-10%,-9.051,135.4954,148.6812,tp_gap_filled,25.6172,3471.02,9.732,337.78,24,3471.02,3808.8
30,LITE,2026-06-23,2026-06-24,2026-06-25,5-10%,-6.911,832.9822,893.0361,tp_gap_filled,4.0498,3373.41,7.21,243.21,1,3373.41,3616.62
30,TTD,2026-02-26,2026-03-27,2026-06-29,10%+,-16.137,21.1211,18.6313,time_exit,154.608,3265.49,-11.788,-384.94,63,3265.49,2880.56
30,CDW,2026-05-06,2026-06-11,2026-06-29,5-10%,-6.798,127.6275,136.6632,tp_gap_filled,26.8333,3424.66,7.08,242.46,11,3424.66,3667.12
30,MTD,2026-05-08,2026-06-04,2026-07-02,5-10%,-9.569,1194.2431,1317.9707,tp_gap_filled,2.871,3428.69,10.36,355.22,19,3428.69,3783.92
30,WTW,2026-04-30,2026-05-01,2026-07-07,10%+,-10.52,259.8496,289.8199,tp_gap_filled,13.3485,3468.61,11.534,400.06,44,3468.61,3868.67
30,COR,2026-05-06,2026-05-19,2026-07-07,10%+,-12.383,268.288,305.5941,tp_gap_filled,12.6755,3400.68,13.905,472.87,32,3400.68,3873.55
30,AES,2026-03-02,2026-04-07,2026-07-08,10%+,-16.956,14.3644,14.6254,time_exit,233.6772,3356.62,1.817,60.99,63,3356.62,3417.61
30,MPWR,2026-07-07,2026-07-08,2026-07-09,5-10%,-5.314,1275.8646,1344.7839,tp_gap_filled,2.6586,3392.05,5.402,183.23,1,3392.05,3575.28
30,META,2026-04-30,2026-05-06,2026-07-10,5-10%,-7.443,619.9393,668.4509,tp_gap_filled,5.5888,3464.7,7.825,271.12,44,3464.7,3735.82
30,PSKY,2026-07-09,2026-07-10,2026-07-13,5-10%,-5.128,9.2592,9.7402,tp_gap_filled,369.927,3425.25,5.195,177.93,1,3425.25,3603.18
30,COHR,2026-06-23,2026-06-24,2026-07-15,5-10%,-8.647,389.0787,287.6303,stop,8.6677,3372.42,-26.074,-879.33,14,3372.42,2493.1
30,CIEN,2026-07-01,2026-07-09,2026-07-16,3-5%,-4.966,466.6662,391.6076,stop,7.3275,3419.51,-16.084,-549.99,5,3419.51,2869.52
30,UHS,2026-07-14,2026-07-15,2026-07-16,5-10%,-5.086,145.145,152.6172,tp_gap_filled,23.2979,3381.58,5.148,174.09,1,3381.58,3555.66
30,NKE,2026-04-01,2026-04-17,2026-07-20,10%+,-11.852,46.6066,43.4265,time_exit,75.4417,3516.08,-6.823,-239.91,63,3516.08,3276.17
30,STX,2026-07-16,2026-07-17,2026-07-20,5-10%,-5.214,785.8951,827.4717,tp_gap_filled,4.2906,3371.98,5.29,178.39,1,3371.98,3550.37
30,NFLX,2026-04-17,2026-04-20,2026-07-21,10%+,-10.595,96.4664,68.6013,time_exit,36.6408,3534.6,-28.886,-1021.0,63,3534.6,2513.6
30,ULTA,2026-03-13,2026-04-20,2026-07-21,5-10%,-9.352,566.8463,488.9805,time_exit,6.232,3532.6,-13.737,-485.26,63,3532.6,3047.34
30,WDC,2026-07-16,2026-07-17,2026-07-21,5-10%,-5.286,487.1667,513.3262,tp_gap_filled,6.9263,3374.28,5.37,181.19,2,3374.28,3555.47
30,HOOD,2026-07-17,2026-07-20,2026-07-21,5-10%,-5.329,100.4704,105.914,tp_gap_filled,33.6374,3379.56,5.418,183.11,1,3379.56,3562.67
30,APA,2026-06-15,2026-07-08,2026-07-23,5-10%,-6.186,34.7647,36.983,tp_gap_filled,97.544,3391.09,6.381,216.38,11,3391.09,3607.47
30,CSGP,2026-07-14,2026-07-23,2026-07-27,5-10%,-6.152,27.027,28.7412,tp_gap_filled,125.9432,3403.87,6.343,215.9,2,3403.87,3619.76
30,ADSK,2026-05-29,2026-06-08,2026-07-28,5-10%,-6.387,225.7856,240.709,tp_gap_filled,15.0924,3407.64,6.61,225.23,34,3407.64,3632.87
30,HII,2026-02-05,2026-04-28,2026-07-29,10%+,-14.167,354.9646,280.1196,time_exit,9.7537,3462.2,-21.085,-730.01,63,3462.2,2732.19
30,HCA,2026-04-24,2026-04-28,2026-07-29,5-10%,-9.288,430.43,407.7718,time_exit,8.0484,3464.29,-5.264,-182.36,63,3464.29,3281.93
30,GEHC,2026-04-29,2026-05-04,2026-07-29,5-10%,-9.27,62.2122,68.4315,tp_gap_filled,55.4522,3449.8,9.997,344.88,59,3449.8,3794.68
30,REGN,2026-05-18,2026-05-29,2026-07-29,10%+,-11.789,616.5459,697.5517,tp_gap_filled,5.6352,3474.36,13.139,456.48,41,3474.36,3930.84
30,RDDT,2026-07-22,2026-07-23,2026-07-29,5-10%,-6.963,173.0729,185.6542,tp_gap_filled,19.6835,3406.68,7.269,247.64,4,3406.68,3654.33
30,WDC,2026-07-28,2026-07-29,2026-07-30,5-10%,-6.393,466.5561,497.4221,tp_gap_filled,7.4467,3474.33,6.616,229.85,1,3474.33,3704.18
30,GL,2026-07-23,2026-07-24,2026-08-03,5-10%,-7.511,170.3502,183.816,tp_gap_filled,19.9754,3402.82,7.905,268.99,6,3402.82,3671.81
30,FCX,2026-06-23,2026-07-23,2026-08-05,5-10%,-5.462,65.4954,69.1408,tp_gap_filled,51.9783,3404.34,5.566,189.48,9,3404.34,3593.82
30,LULU,2026-06-05,2026-06-18,2026-08-06,10%+,-11.599,110.5404,124.7951,tp_gap_filled,30.5371,3375.58,12.895,435.3,33,3375.58,3810.88
30,HAS,2026-05-20,2026-05-21,2026-08-11,5-10%,-8.407,89.099,97.0828,tp_gap_filled,38.716,3449.55,8.961,309.1,55,3449.55,3758.65
30,ISRG,2026-07-17,2026-07-28,2026-08-12,5-10%,-9.271,365.395,401.9277,tp_gap_filled,9.5703,3496.92,9.998,349.63,11,3496.92,3846.55
30,SMCI,2026-06-10,2026-06-22,2026-08-13,10%+,-12.402,35.6356,40.5994,tp_gap_filled,93.8378,3343.97,13.929,465.79,37,3343.97,3809.75
30,FOXA,2026-06-15,2026-07-17,2026-08-14,10%+,-13.47,57.037,65.7841,tp_gap_filled,59.1393,3373.13,15.336,517.3,20,3373.13,3890.43
30,FOX,2026-06-15,2026-07-20,2026-08-14,10%+,-11.694,52.082,58.8611,tp_gap_filled,64.9435,3382.39,13.016,440.25,19,3382.39,3822.64
30,RDDT,2026-07-31,2026-08-03,2026-08-14,10%+,-17.041,147.8477,177.862,tp_gap_filled,23.7026,3504.38,20.301,711.42,9,3504.38,4215.8
30,WDC,2026-08-06,2026-08-07,2026-08-17,10%+,-17.389,429.3189,518.6508,tp_gap_filled,8.3225,3573.02,20.808,743.47,6,3573.02,4316.49
30,COIN,2026-06-01,2026-07-21,2026-08-21,5-10%,-5.195,179.3892,188.841,tp_gap_filled,19.0871,3424.03,5.269,180.41,23,3424.03,3604.43
30,FDXF,2026-06-10,2026-06-12,2026-08-25,5-10%,-6.877,175.6755,129.8699,stop,19.5172,3428.69,-26.074,-894.0,50,3428.69,2534.69
30,FISV,2026-05-05,2026-06-01,2026-08-31,5-10%,-7.945,57.8778,53.2567,time_exit,59.7662,3459.14,-7.984,-276.19,63,3459.14,3182.95
40,NVDA,2024-09-04,2024-09-05,2024-09-06,2-3%,-2.398,105.5154,107.892,tp_gap_filled,23.6888,2499.53,2.252,56.3,1,2499.53,2555.83
40,CDNS,2024-09-04,2024-09-05,2024-09-10,2-3%,-2.829,249.279,256.0237,tp_gap_filled,10.0255,2499.13,2.706,67.62,3,2499.13,2566.75
40,SMCI,2024-09-04,2024-09-05,2024-09-11,3-5%,-4.903,42.054,44.1338,tp_gap_filled,59.4474,2500.0,4.946,123.64,4,2500.0,2623.64
40,KLAC,2024-09-05,2024-09-06,2024-09-11,2-3%,-2.594,72.6506,74.4365,tp_gap_filled,34.3134,2492.89,2.458,61.28,3,2492.89,2554.17
40,TER,2024-09-05,2024-09-06,2024-09-11,2-3%,-2.162,124.144,126.6332,tp_gap_filled,20.0689,2491.44,2.005,49.96,3,2491.44,2541.39
40,DG,2024-09-04,2024-09-06,2024-09-12,2-3%,-2.459,81.8117,83.7062,tp_gap_filled,30.4462,2490.85,2.316,57.68,4,2490.85,2548.53
40,WDAY,2024-09-09,2024-09-11,2024-09-12,2-3%,-2.313,248.9587,254.3454,tp_gap_filled,10.0669,2506.23,2.164,54.23,1,2506.23,2560.46
40,AVGO,2024-09-05,2024-09-11,2024-09-12,2-3%,-2.303,150.7206,153.9659,tp_gap_filled,16.6395,2507.91,2.153,54.0,1,2507.91,2561.91
40,APTV,2024-09-10,2024-09-12,2024-09-13,2-3%,-2.939,67.1171,69.0109,tp_gap_filled,37.4467,2513.31,2.822,70.92,1,2513.31,2584.23
40,COR,2024-09-05,2024-09-09,2024-09-16,2-3%,-2.272,238.1079,243.1566,tp_gap_filled,10.4942,2498.76,2.12,52.98,5,2498.76,2551.74
40,GM,2024-09-10,2024-09-12,2024-09-16,2-3%,-2.996,46.026,47.3526,tp_gap_filled,54.6036,2513.18,2.882,72.44,2,2513.18,2585.62
40,CRWD,2024-09-04,2024-09-13,2024-09-16,2-3%,-2.311,65.1751,66.5834,tp_gap_filled,38.6389,2518.29,2.161,54.41,1,2518.29,2572.71
40,ODFL,2024-09-05,2024-09-06,2024-09-17,3-5%,-4.309,187.3972,195.4444,tp_gap_filled,13.3073,2493.74,4.294,107.09,7,2493.74,2600.83
40,ROL,2024-09-11,2024-09-12,2024-09-17,2-3%,-2.23,50.04,51.0789,tp_gap_filled,50.2239,2513.2,2.076,52.18,3,2513.2,2565.38
40,FERG,2024-09-04,2024-09-16,2024-09-17,2-3%,-2.486,197.5173,202.1477,tp_gap_filled,12.7625,2520.82,2.344,59.09,1,2520.82,2579.91
40,COHR,2024-09-16,2024-09-17,2024-09-18,3-5%,-3.001,75.7156,77.902,tp_gap_filled,33.3941,2528.45,2.888,73.01,1,2528.45,2601.46
40,AAPL,2024-09-16,2024-09-17,2024-09-18,2-3%,-2.679,216.7565,222.2775,tp_gap_filled,11.6734,2530.29,2.547,64.45,1,2530.29,2594.74
40,KLAC,2024-09-16,2024-09-17,2024-09-18,2-3%,-2.196,73.5735,75.0749,tp_gap_filled,34.3915,2530.3,2.041,51.63,1,2530.3,2581.94
40,SMCI,2024-09-16,2024-09-17,2024-09-18,2-3%,-2.187,44.7607,45.6703,tp_gap_filled,56.537,2530.63,2.032,51.42,1,2530.63,2582.06
40,HPE,2024-09-05,2024-09-13,2024-09-19,5-10%,-8.631,17.1671,18.7512,tp_gap_filled,146.6963,2518.36,9.227,232.38,4,2518.36,2750.74
40,MPWR,2024-09-16,2024-09-17,2024-09-19,2-3%,-2.018,896.5457,913.1859,tp_gap_filled,2.8214,2529.47,1.856,46.95,2,2529.47,2576.42
40,TER,2024-09-16,2024-09-18,2024-09-19,2-3%,-2.202,128.4683,131.0988,tp_gap_filled,19.6942,2530.09,2.048,51.8,1,2530.09,2581.89
40,MU,2024-09-12,2024-09-16,2024-09-20,3-5%,-3.916,87.1871,90.5594,tp_gap_filled,28.9128,2520.82,3.868,97.5,4,2520.82,2618.32
40,RMD,2024-09-04,2024-09-18,2024-09-20,2-3%,-2.042,240.1399,244.6551,tp_gap_filled,10.5346,2529.79,1.88,47.57,2,2529.79,2577.35
40,MOS,2024-09-16,2024-09-23,2024-09-24,3-5%,-3.448,25.5055,26.3636,tp_gap_filled,99.4678,2536.97,3.364,85.36,1,2536.97,2622.33
40,NXPI,2024-09-20,2024-09-23,2024-09-24,2-3%,-2.224,233.6434,238.4813,tp_gap_filled,10.8579,2536.88,2.071,52.53,1,2536.88,2589.41
40,UPS,2024-09-20,2024-09-23,2024-09-26,2-3%,-2.747,128.6285,131.9979,tp_gap_filled,19.7201,2536.56,2.619,66.44,3,2536.56,2603.01
40,ON,2024-09-20,2024-09-24,2024-09-26,3-5%,-3.149,71.111,73.2766,tp_gap_filled,35.7326,2540.99,3.045,77.38,2,2540.99,2618.37
40,F,2024-09-25,2024-09-26,2024-09-27,2-3%,-2.576,10.6006,10.8591,tp_gap_filled,239.187,2535.52,2.439,61.84,1,2535.52,2597.36
40,BKR,2024-09-26,2024-09-27,2024-09-30,2-3%,-2.302,35.2552,36.0139,tp_gap_filled,72.1569,2543.91,2.152,54.75,1,2543.91,2598.65
40,HUM,2024-09-11,2024-09-12,2024-10-01,3-5%,-4.619,330.7504,277.5525,stop,7.602,2514.37,-16.084,-404.41,13,2514.37,2109.96
40,COP,2024-09-26,2024-09-27,2024-10-01,2-3%,-2.582,103.103,105.6243,tp_gap_filled,24.6638,2542.91,2.445,62.18,2,2542.91,2605.09
40,EOG,2024-09-26,2024-09-27,2024-10-01,2-3%,-2.232,121.9018,124.4354,tp_gap_filled,20.8822,2545.57,2.078,52.91,2,2545.57,2598.48
40,NVDA,2024-09-30,2024-10-01,2024-10-03,2-3%,-2.545,118.4283,121.2786,tp_gap_filled,21.2751,2519.57,2.407,60.64,2,2519.57,2580.21
40,PANW,2024-09-04,2024-09-05,2024-10-08,3-5%,-3.315,171.8216,177.3575,tp_gap_filled,14.5448,2499.12,3.222,80.52,23,2499.12,2579.63
40,CPRT,2024-09-05,2024-09-06,2024-10-08,5-10%,-5.749,50.05,52.9969,tp_gap_filled,49.8397,2494.48,5.888,146.88,22,2494.48,2641.35
40,NOW,2024-09-25,2024-10-01,2024-10-08,2-3%,-2.721,179.8737,184.5353,tp_gap_filled,14.02,2521.82,2.592,65.36,5,2521.82,2587.18
40,CIEN,2024-10-07,2024-10-08,2024-10-09,3-5%,-3.299,64.5545,66.6233,tp_gap_filled,38.7015,2498.36,3.205,80.07,1,2498.36,2578.42
40,MCK,2024-09-24,2024-09-27,2024-10-10,3-5%,-3.467,487.9775,504.495,tp_gap_filled,5.2108,2542.77,3.385,86.07,9,2542.77,2628.84
40,HPQ,2024-09-27,2024-09-30,2024-10-10,2-3%,-2.958,35.7958,36.8131,tp_gap_filled,71.1872,2548.2,2.842,72.43,8,2548.2,2620.63
40,F,2024-09-30,2024-10-02,2024-10-11,2-3%,-2.783,10.4905,10.7692,tp_gap_filled,239.3223,2510.61,2.657,66.71,7,2510.61,2577.31
40,DPZ,2024-10-07,2024-10-08,2024-10-11,3-5%,-3.012,412.9125,424.8847,tp_gap_filled,6.0522,2499.03,2.899,72.46,3,2499.03,2571.49
40,ARES,2024-10-08,2024-10-09,2024-10-11,3-5%,-3.463,155.155,160.3994,tp_gap_filled,16.2221,2516.94,3.38,85.08,2,2516.94,2602.02
40,LVS,2024-10-08,2024-10-09,2024-10-11,3-5%,-3.281,51.6316,53.2767,tp_gap_filled,48.7718,2518.16,3.186,80.23,2,2518.16,2598.4
40,TDG,2024-10-04,2024-10-07,2024-10-14,3-5%,-4.446,1357.356,1417.6709,tp_gap_filled,1.8334,2488.6,4.444,110.58,5,2488.6,2599.18
40,GNRC,2024-10-10,2024-10-11,2024-10-14,3-5%,-3.958,165.6355,172.1177,tp_gap_filled,15.1826,2514.78,3.914,98.42,1,2514.78,2613.2
40,SMCI,2024-10-10,2024-10-11,2024-10-14,3-5%,-3.151,45.8458,47.2427,tp_gap_filled,54.9189,2517.8,3.047,76.72,1,2517.8,2594.52
40,GM,2024-09-23,2024-09-24,2024-10-15,2-3%,-2.619,47.6476,48.8311,tp_gap_filled,53.3167,2540.41,2.484,63.1,15,2540.41,2603.51
40,TSN,2024-09-25,2024-09-26,2024-10-15,3-5%,-3.09,58.7087,60.4595,tp_gap_filled,43.1894,2535.59,2.982,75.62,13,2535.59,2611.21
40,GPN,2024-09-25,2024-09-27,2024-10-15,2-3%,-2.938,100.8608,103.7062,tp_gap_filled,25.2111,2542.81,2.821,71.74,12,2542.81,2614.54
40,V,2024-09-24,2024-10-14,2024-10-17,2-3%,-2.928,280.4602,288.3414,tp_gap_filled,9.037,2534.53,2.81,71.22,3,2534.53,2605.75
40,ELV,2024-10-15,2024-10-16,2024-10-17,3-5%,-4.513,486.536,408.2816,stop,5.2173,2538.42,-16.084,-408.28,1,2538.42,2130.14
40,APP,2024-10-14,2024-10-16,2024-10-21,3-5%,-3.898,141.4113,146.853,tp_gap_filled,17.9603,2539.78,3.848,97.73,3,2539.78,2637.52
40,FCX,2024-10-14,2024-10-15,2024-10-22,3-5%,-4.217,47.9679,49.98,tp_gap_filled,52.6861,2527.24,4.195,106.01,5,2527.24,2633.25
40,TSLA,2024-10-02,2024-10-03,2024-10-24,3-5%,-4.058,247.7976,257.762,tp_gap_filled,10.0743,2496.39,4.021,100.38,15,2496.39,2596.77
40,NXPI,2024-09-30,2024-10-01,2024-10-25,3-5%,-3.078,237.6274,244.6851,tp_gap_filled,10.6296,2525.89,2.97,75.02,18,2525.89,2600.91
40,ON,2024-09-30,2024-10-01,2024-10-28,2-3%,-2.796,72.3823,74.3156,tp_gap_filled,34.8564,2522.99,2.671,67.39,19,2522.99,2590.37
40,DHI,2024-09-20,2024-09-23,2024-10-29,2-3%,-2.329,192.6625,171.2981,stop,13.1661,2536.62,-11.089,-281.29,26,2536.62,2255.33
40,GRMN,2024-09-13,2024-09-16,2024-10-30,5-10%,-5.22,173.3932,182.5772,tp_gap_filled,14.5398,2521.1,5.297,133.53,32,2521.1,2654.64
40,SWKS,2024-09-16,2024-09-19,2024-10-30,2-3%,-2.342,100.1701,89.0622,stop,25.3464,2538.95,-11.089,-281.54,29,2538.95,2257.4
40,APTV,2024-09-30,2024-10-01,2024-10-31,3-5%,-3.543,71.6816,60.1523,stop,35.2519,2526.91,-16.084,-406.43,22,2526.91,2120.48
40,COP,2024-10-15,2024-10-16,2024-10-31,3-5%,-3.17,106.106,109.3605,tp_gap_filled,23.9396,2540.13,3.067,77.91,11,2540.13,2618.04
40,FERG,2024-09-20,2024-09-24,2024-11-06,2-3%,-2.416,203.3531,207.9718,tp_gap_filled,12.4954,2540.98,2.271,57.71,31,2540.98,2598.69
40,CSX,2024-10-17,2024-10-18,2024-11-06,3-5%,-4.426,33.9339,35.4345,tp_gap_filled,74.2501,2519.6,4.422,111.42,13,2519.6,2631.02
40,CSGP,2024-10-23,2024-10-24,2024-11-06,5-10%,-5.763,72.5124,76.7931,tp_gap_filled,34.4082,2495.02,5.903,147.29,9,2495.02,2642.32
40,COHR,2024-10-18,2024-10-21,2024-11-07,3-5%,-4.722,97.3472,101.9679,tp_gap_filled,25.6167,2493.72,4.747,118.37,13,2493.72,2612.08
40,MRNA,2024-09-12,2024-09-13,2024-11-11,10%+,-14.615,67.9579,42.7707,stop,37.0532,2518.06,-37.063,-933.27,41,2518.06,1584.79
40,PYPL,2024-10-29,2024-10-30,2024-11-11,5-10%,-6.64,78.118,83.5064,tp_gap_filled,31.7805,2482.63,6.898,171.25,8,2482.63,2653.88
40,BAX,2024-09-30,2024-10-01,2024-11-12,2-3%,-2.981,37.7877,33.5975,stop,66.8061,2524.45,-11.089,-279.94,30,2524.45,2244.52
40,MRK,2024-09-09,2024-09-26,2024-11-15,3-5%,-3.98,113.2632,95.0459,stop,22.3876,2535.69,-16.084,-407.84,36,2535.69,2127.85
40,VLO,2024-10-15,2024-10-17,2024-11-15,3-5%,-3.308,136.6365,141.0288,tp_gap_filled,18.406,2514.93,3.215,80.85,21,2514.93,2595.77
40,ZBH,2024-09-05,2024-09-27,2024-11-18,5-10%,-5.084,108.7687,114.3655,tp_gap_filled,23.3808,2543.09,5.146,130.86,36,2543.09,2673.95
40,FDX,2024-09-20,2024-09-24,2024-11-22,10%+,-13.19,210.3391,241.8127,tp_gap_filled,12.0734,2539.5,14.963,379.99,43,2539.5,2919.5
40,F,2024-10-29,2024-10-30,2024-11-22,5-10%,-7.388,10.5405,11.3586,tp_gap_filled,235.5714,2483.05,7.761,192.72,17,2483.05,2675.77
40,ESS,2024-09-24,2024-09-25,2024-11-25,2-3%,-2.471,302.302,309.3403,tp_gap_filled,8.3639,2528.43,2.328,58.87,43,2528.43,2587.29
40,VMRK,2024-09-24,2024-09-25,2024-11-27,2-3%,-2.699,75.4253,77.3626,tp_gap_filled,33.5248,2528.62,2.568,64.94,45,2528.62,2593.57
40,TTD,2024-11-08,2024-11-19,2024-12-02,10%+,-12.39,116.2261,132.3975,tp_gap_filled,21.1134,2453.93,13.914,341.43,8,2453.93,2795.36
40,DVN,2024-10-15,2024-10-16,2024-12-06,3-5%,-3.359,41.4714,34.8012,stop,61.279,2541.33,-16.084,-408.75,36,2541.33,2132.58
40,RDDT,2024-11-22,2024-11-25,2024-12-06,5-10%,-7.98,145.5554,157.862,tp_gap_filled,17.4036,2533.19,8.455,214.18,8,2533.19,2747.37
40,HRL,2024-09-04,2024-11-15,2024-12-09,5-10%,-9.928,29.8799,33.1069,tp_gap_filled,82.3251,2459.86,10.8,265.66,15,2459.86,2725.53
40,CNC,2024-09-04,2024-09-11,2024-12-10,5-10%,-7.628,74.1841,56.6533,time_exit,33.7921,2506.84,-23.632,-592.4,63,2506.84,1914.43
40,LEN,2024-09-20,2024-09-23,2024-12-12,3-5%,-3.617,179.7439,150.8339,stop,14.1141,2536.93,-16.084,-408.04,57,2536.93,2128.89
40,ADBE,2024-09-13,2024-09-16,2024-12-13,5-10%,-9.203,533.1026,465.2243,time_exit,4.7317,2522.48,-12.733,-321.18,63,2522.48,2201.3
40,DLTR,2024-09-04,2024-09-17,2024-12-16,10%+,-10.851,72.8628,69.96,time_exit,34.694,2527.9,-3.984,-100.71,63,2527.9,2427.19
40,FANG,2024-10-15,2024-10-17,2024-12-19,3-5%,-3.692,183.8437,154.2742,stop,13.6795,2514.89,-16.084,-404.49,44,2514.89,2110.39
40,INVH,2024-09-24,2024-09-26,2024-12-26,3-5%,-3.068,35.4154,32.2577,time_exit,71.6143,2536.25,-8.916,-226.13,63,2536.25,2310.11
40,NKE,2024-10-02,2024-10-03,2025-01-03,5-10%,-7.001,82.9729,73.2367,time_exit,30.0947,2497.04,-11.734,-293.01,63,2497.04,2204.03
40,GIS,2024-09-18,2024-10-03,2025-01-03,3-5%,-3.02,72.3222,63.8161,time_exit,34.4927,2494.59,-11.761,-293.4,63,2494.59,2201.19
40,MU,2024-12-19,2024-12-20,2025-01-07,10%+,-13.301,90.1701,103.7961,tp_gap_filled,26.9726,2432.13,15.111,367.53,10,2432.13,2799.65
40,AMAT,2024-11-15,2024-11-18,2025-01-16,5-10%,-9.495,168.5083,185.814,tp_gap_filled,14.642,2467.29,10.27,253.39,39,2467.29,2720.68
40,AOS,2024-10-11,2024-10-16,2025-01-17,5-10%,-6.863,80.4203,71.7382,time_exit,31.5663,2538.57,-10.796,-274.06,63,2538.57,2264.51
40,ORCL,2024-12-10,2024-12-13,2025-01-22,5-10%,-8.921,173.6335,190.2595,tp_gap_filled,14.2988,2482.75,9.575,237.73,24,2482.75,2720.48
40,EFX,2024-10-17,2024-10-21,2025-01-23,3-5%,-4.125,278.278,268.6111,time_exit,8.9638,2494.42,-3.474,-86.65,63,2494.42,2407.77
40,GE,2024-10-22,2024-10-23,2025-01-23,5-10%,-5.01,184.6845,194.0358,tp_gap_filled,13.4397,2482.1,5.063,125.68,61,2482.1,2607.78
40,MRNA,2025-01-13,2025-01-14,2025-01-23,10%+,-21.183,33.3333,42.2077,tp_gap_filled,73.561,2452.03,26.623,652.81,6,2452.03,3104.84
40,KMB,2024-10-22,2024-10-23,2025-01-27,3-5%,-4.965,137.1871,131.2786,time_exit,18.0855,2481.09,-4.307,-106.86,63,2481.09,2374.24
40,VRTX,2024-12-19,2024-12-20,2025-01-27,10%+,-12.626,391.391,447.0525,tp_gap_filled,6.214,2432.09,14.221,345.88,22,2432.09,2777.97
40,TAP,2024-11-07,2025-01-10,2025-01-27,5-10%,-7.024,52.6025,56.4635,tp_gap_filled,46.4062,2441.08,7.34,179.17,10,2441.08,2620.25
40,MCD,2024-10-23,2024-10-25,2025-01-29,5-10%,-6.966,293.0628,289.8199,time_exit,8.5016,2491.49,-1.107,-27.57,63,2491.49,2463.92
40,UHS,2024-10-25,2024-10-29,2025-01-31,5-10%,-7.416,208.208,188.3714,time_exit,11.9166,2481.14,-9.527,-236.39,63,2481.14,2244.76
40,SWK,2024-10-29,2024-10-30,2025-02-03,5-10%,-7.938,94.8447,85.0848,time_exit,26.1869,2483.69,-10.29,-255.58,63,2483.69,2228.1
40,CDW,2024-10-30,2024-11-06,2025-02-05,5-10%,-8.954,200.4102,219.6801,tp_gap_filled,12.4482,2494.74,9.615,239.88,60,2494.74,2734.62
40,AMGN,2024-11-26,2024-12-18,2025-02-05,10%+,-10.129,264.4842,293.706,tp_gap_filled,9.1439,2418.42,11.049,267.2,31,2418.42,2685.62
40,CTAS,2024-12-19,2025-01-07,2025-02-06,5-10%,-5.739,192.8527,204.1856,tp_gap_filled,12.778,2464.27,5.876,144.81,20,2464.27,2609.08
40,COHR,2025-01-27,2025-01-30,2025-02-06,10%+,-12.289,88.088,100.2297,tp_gap_filled,28.8093,2537.75,13.784,349.79,5,2537.75,2887.55
40,EL,2024-10-31,2024-11-05,2025-02-07,10%+,-24.383,65.9659,64.965,time_exit,37.77,2491.53,-1.517,-37.81,63,2491.53,2453.73
40,LLY,2024-10-30,2024-11-05,2025-02-07,10%+,-11.629,799.2985,877.4317,time_exit,3.117,2491.43,9.775,243.54,63,2491.43,2734.98
40,GPC,2024-10-22,2024-11-06,2025-02-10,10%+,-15.847,120.5604,118.3216,time_exit,20.6812,2493.34,-1.857,-46.3,63,2493.34,2447.03
40,FSLR,2024-11-06,2024-11-07,2025-02-11,10%+,-12.668,188.7285,161.4384,time_exit,13.2416,2499.06,-14.46,-361.36,63,2499.06,2137.7
40,ABNB,2024-11-08,2024-11-12,2025-02-14,5-10%,-8.618,134.8047,147.2226,tp_gap_filled,18.3743,2476.94,9.212,228.17,63,2476.94,2705.11
40,SMCI,2024-10-30,2024-11-26,2025-02-18,10%+,-29.051,34.8848,49.0709,tp_gap_filled,72.3054,2522.36,40.665,1025.73,54,2522.36,3548.09
40,MU,2025-01-27,2025-02-06,2025-02-18,5-10%,-8.072,94.9549,103.0868,tp_gap_filled,26.7615,2541.13,8.564,217.62,7,2541.13,2758.75
40,ELV,2024-10-17,2024-11-15,2025-02-20,10%+,-18.523,405.3149,390.1095,time_exit,6.0707,2460.56,-3.752,-92.31,63,2460.56,2368.26
40,ABBV,2024-11-11,2024-11-22,2025-02-20,10%+,-10.491,178.7486,199.3005,tp_gap_filled,14.0156,2505.27,11.498,288.05,58,2505.27,2793.31
40,TXN,2025-01-24,2025-01-27,2025-02-20,5-10%,-5.289,190.19,200.4094,tp_gap_filled,13.3296,2535.15,5.373,136.22,17,2535.15,2671.37
40,TGT,2024-11-20,2024-11-25,2025-02-28,10%+,-17.949,128.128,124.1158,time_exit,19.7615,2532.0,-3.131,-79.29,63,2532.0,2452.71
40,DELL,2024-11-27,2024-12-02,2025-03-06,10%+,-11.867,125.0449,92.927,time_exit,20.4443,2556.45,-25.685,-656.63,63,2556.45,1899.83
40,CMCSA,2025-01-30,2025-02-06,2025-03-07,5-10%,-7.869,32.2909,34.979,tp_gap_filled,78.6863,2540.85,8.325,211.52,20,2540.85,2752.37
40,HII,2025-02-06,2025-02-10,2025-03-07,10%+,-12.471,171.3612,195.3844,tp_gap_filled,14.9073,2554.52,14.019,358.12,18,2554.52,2912.64
40,VRT,2025-02-03,2025-02-20,2025-03-10,5-10%,-9.631,105.8557,78.2549,stop,24.2811,2570.29,-26.074,-670.18,12,2570.29,1900.11
40,UNH,2024-10-15,2024-12-06,2025-03-12,5-10%,-8.817,552.572,480.6289,time_exit,4.5893,2535.92,-13.02,-330.17,63,2535.92,2205.75
40,FERG,2024-12-10,2024-12-11,2025-03-17,10%+,-10.104,195.9357,162.4074,time_exit,12.8343,2514.7,-17.112,-430.31,63,2514.7,2084.39
40,ADM,2024-11-05,2024-12-18,2025-03-24,5-10%,-8.68,50.5505,45.8841,time_exit,47.8158,2417.11,-9.231,-223.13,63,2417.11,2193.98
40,INCY,2024-11-19,2024-12-19,2025-03-25,10%+,-12.81,67.1771,62.0179,time_exit,35.8588,2408.89,-7.68,-185.0,63,2408.89,2223.89
40,UHS,2025-02-28,2025-03-12,2025-03-25,5-10%,-8.304,170.7806,185.8739,tp_gap_filled,14.0324,2396.47,8.838,211.8,9,2396.47,2608.27
40,ARES,2025-02-05,2025-02-20,2025-04-03,5-10%,-7.269,181.3412,134.0583,stop,14.1703,2569.67,-26.074,-670.02,30,2569.67,1899.65
40,SNPS,2024-12-05,2025-01-22,2025-04-04,5-10%,-7.395,545.0645,402.9444,stop,4.6023,2508.57,-26.074,-654.09,51,2508.57,1854.49
40,ETN,2024-10-31,2025-01-27,2025-04-04,5-10%,-5.195,325.325,240.4998,stop,7.7894,2534.1,-26.074,-660.74,48,2534.1,1873.36
40,CEG,2025-01-27,2025-01-29,2025-04-04,10%+,-15.824,292.7525,184.2496,stop,8.5846,2513.15,-37.063,-931.45,46,2513.15,1581.7
40,CIEN,2025-01-27,2025-01-30,2025-04-04,10%+,-12.44,84.6846,53.2979,stop,29.9674,2537.78,-37.063,-940.58,45,2537.78,1597.2
40,BBY,2025-03-04,2025-03-07,2025-04-04,5-10%,-8.416,79.5194,58.7855,stop,30.7617,2446.15,-26.074,-637.81,20,2446.15,1808.34
40,ORCL,2025-01-27,2025-01-30,2025-04-07,5-10%,-8.007,169.0689,124.9859,stop,15.0202,2539.45,-26.074,-662.14,46,2539.45,1877.32
40,GOOGL,2025-02-05,2025-02-06,2025-04-07,5-10%,-7.418,191.2611,141.3917,stop,13.2849,2540.88,-26.074,-662.51,41,2540.88,1878.37
40,AMD,2025-02-05,2025-02-07,2025-04-07,5-10%,-9.95,107.7176,79.6313,stop,23.4968,2531.01,-26.074,-659.94,40,2531.01,1871.08
40,APTV,2024-10-31,2025-01-06,2025-04-08,5-10%,-9.613,62.4924,49.3106,time_exit,39.4506,2465.36,-21.093,-520.03,63,2465.36,1945.34
40,CVNA,2025-04-10,2025-04-11,2025-04-15,5-10%,-7.911,40.6406,44.0439,tp_gap_filled,55.4091,2251.86,8.374,188.57,2,2251.86,2440.43
40,DLTR,2025-04-03,2025-04-04,2025-04-17,10%+,-11.628,68.6186,77.4924,tp_gap_filled,32.5702,2234.92,12.932,289.02,9,2234.92,2523.94
40,DHI,2024-10-29,2025-01-21,2025-04-22,10%+,-15.074,153.3432,124.835,time_exit,16.3264,2503.54,-18.591,-465.44,63,2503.54,2038.11
40,RCL,2025-04-03,2025-04-09,2025-04-23,5-10%,-7.574,196.186,211.838,tp_gap_filled,11.6581,2287.16,7.978,182.47,9,2287.16,2469.63
40,DELL,2025-04-03,2025-04-14,2025-04-25,10%+,-10.049,85.8357,95.2347,tp_gap_filled,26.3712,2263.6,10.95,247.86,8,2263.6,2511.46
40,AMD,2025-04-16,2025-04-17,2025-04-25,5-10%,-8.06,87.6976,95.1947,tp_gap_filled,25.6886,2252.83,8.549,192.59,5,2252.83,2445.42
40,APH,2025-01-27,2025-01-30,2025-05-01,5-10%,-8.058,35.5205,38.5564,tp_gap_filled,71.4771,2538.9,8.547,217.0,63,2538.9,2755.9
40,PWR,2025-01-27,2025-01-31,2025-05-02,10%+,-12.035,315.2549,320.8189,time_exit,8.0282,2530.93,1.765,44.67,63,2530.93,2575.59
40,NOW,2025-01-30,2025-01-31,2025-05-02,10%+,-10.188,205.6294,195.2765,time_exit,12.3007,2529.39,-5.035,-127.35,63,2529.39,2402.04
40,DLR,2025-01-27,2025-01-31,2025-05-02,5-10%,-7.961,166.2961,164.3855,time_exit,15.2066,2528.79,-1.149,-29.05,63,2528.79,2499.74
40,RL,2025-04-03,2025-04-09,2025-05-05,10%+,-11.576,209.199,236.1137,tp_gap_filled,10.9248,2285.46,12.866,294.04,17,2285.46,2579.5
40,MRK,2025-02-04,2025-02-05,2025-05-07,10%+,-10.813,89.089,79.0409,time_exit,28.3261,2523.55,-11.279,-284.62,63,2523.55,2238.92
40,PH,2025-04-03,2025-04-09,2025-05-08,5-10%,-8.406,576.6861,628.351,tp_gap_filled,3.9627,2285.23,8.959,204.73,20,2285.23,2489.97
40,C,2025-04-03,2025-04-15,2025-05-08,5-10%,-7.79,66.2362,71.6882,tp_gap_filled,34.0937,2258.24,8.231,185.88,16,2258.24,2444.12
40,BAC,2025-04-03,2025-04-15,2025-05-08,5-10%,-7.694,38.6686,41.8081,tp_gap_filled,58.3577,2256.61,8.119,183.22,16,2256.61,2439.83
40,INTC,2025-04-25,2025-04-30,2025-05-12,5-10%,-8.19,19.7497,21.4685,tp_gap_filled,119.5473,2361.03,8.703,205.48,8,2361.03,2566.5
40,ACN,2025-03-20,2025-03-21,2025-05-13,5-10%,-8.728,296.4461,324.1455,tp_gap_filled,8.1384,2412.6,9.344,225.43,36,2412.6,2638.03
40,FIS,2025-02-11,2025-02-12,2025-05-14,10%+,-12.896,72.072,77.972,time_exit,35.0318,2524.81,8.186,206.69,63,2524.81,2731.5
40,DVA,2025-02-14,2025-02-18,2025-05-19,10%+,-13.024,154.154,144.815,time_exit,16.6984,2574.13,-6.058,-155.95,63,2574.13,2418.18
40,REGN,2025-04-29,2025-05-06,2025-05-20,5-10%,-8.039,562.3117,610.2491,tp_gap_filled,4.2246,2375.56,8.525,202.52,10,2375.56,2578.08
40,AVGO,2025-01-27,2025-02-24,2025-05-23,10%+,-12.791,213.6134,228.4913,time_exit,11.7239,2504.38,6.965,174.43,63,2504.38,2678.8
40,UPS,2025-01-30,2025-02-24,2025-05-23,10%+,-12.251,117.5074,95.2746,time_exit,21.2983,2502.71,-18.92,-473.52,63,2502.71,2029.19
40,PNC,2025-01-16,2025-02-25,2025-05-27,5-10%,-7.454,185.6855,176.0638,time_exit,13.4481,2497.11,-5.182,-129.39,63,2497.11,2367.72
40,SRE,2025-02-25,2025-02-26,2025-05-28,10%+,-16.976,72.4524,77.4225,time_exit,34.6363,2509.49,6.86,172.15,63,2509.49,2681.63
40,VTRS,2025-02-27,2025-02-28,2025-05-30,10%+,-17.616,9.2693,8.7812,time_exit,268.5578,2489.33,-5.265,-131.07,63,2489.33,2358.26
40,NTAP,2025-02-28,2025-03-03,2025-06-02,10%+,-15.979,99.4293,98.6712,time_exit,24.5893,2444.9,-0.762,-18.64,63,2444.9,2426.26
40,APA,2025-04-03,2025-06-10,2025-06-17,5-10%,-6.968,19.7798,21.2188,tp_gap_filled,124.0015,2452.72,7.275,178.44,5,2452.72,2631.16
40,NKE,2025-04-03,2025-04-04,2025-06-27,10%+,-13.224,56.4264,64.895,tp_gap_filled,39.5933,2234.1,15.008,335.3,57,2234.1,2569.41
40,GM,2025-03-27,2025-03-28,2025-06-30,5-10%,-7.772,47.037,49.1608,time_exit,50.323,2367.04,4.515,106.88,63,2367.04,2473.92
40,WSM,2025-05-22,2025-06-02,2025-07-01,5-10%,-6.801,156.6565,167.7521,tp_gap_filled,15.4978,2427.83,7.083,171.96,20,2427.83,2599.78
40,FDX,2025-03-21,2025-04-03,2025-07-07,10%+,-10.723,177.3004,189.2465,time_exit,12.9776,2300.94,6.738,155.03,63,2300.94,2455.97
40,GRMN,2025-04-03,2025-04-09,2025-07-10,10%+,-13.221,189.4292,217.8519,tp_gap_filled,12.0598,2284.47,15.004,342.77,62,2284.47,2627.24
40,TSLA,2025-07-01,2025-07-08,2025-07-14,5-10%,-6.044,298.7585,317.3423,tp_gap_filled,8.235,2460.28,6.22,153.04,4,2460.28,2613.32
40,AAPL,2025-04-03,2025-04-14,2025-07-16,5-10%,-8.196,205.7455,209.9498,time_exit,10.9998,2263.17,2.043,46.25,63,2263.17,2309.42
40,ALB,2025-07-11,2025-07-14,2025-07-17,5-10%,-5.345,70.3703,74.1957,tp_gap_filled,34.8583,2452.99,5.436,133.35,3,2452.99,2586.34
40,NOC,2025-04-22,2025-04-28,2025-07-22,5-10%,-8.767,485.2347,530.7987,tp_gap_filled,4.8592,2357.85,9.39,221.4,58,2357.85,2579.25
40,SJM,2025-06-10,2025-07-03,2025-07-29,5-10%,-6.124,105.105,111.7381,tp_gap_filled,23.4061,2460.1,6.311,155.26,17,2460.1,2615.36
40,SWKS,2025-02-06,2025-04-30,2025-07-31,10%+,-28.17,62.6125,68.4715,time_exit,37.6834,2359.46,9.357,220.78,63,2359.46,2580.24
40,PTC,2025-07-10,2025-07-17,2025-07-31,5-10%,-5.759,198.5484,210.2595,tp_gap_filled,12.3417,2450.43,5.898,144.54,10,2450.43,2594.97
40,TSLA,2025-07-24,2025-07-25,2025-08-08,5-10%,-6.784,310.31,332.2274,tp_gap_filled,7.9739,2474.38,7.063,174.77,10,2474.38,2649.15
40,KLAC,2025-07-31,2025-08-01,2025-08-11,5-10%,-6.545,86.5314,92.4065,tp_gap_filled,27.721,2398.74,6.79,162.86,6,2398.74,2561.6
40,SWK,2025-04-03,2025-05-12,2025-08-12,5-10%,-7.508,71.2712,71.3586,time_exit,34.2785,2443.07,0.123,3.0,63,2443.07,2446.06
40,ELV,2025-04-17,2025-05-13,2025-08-13,10%+,-10.353,390.39,294.1356,time_exit,6.2679,2446.92,-24.656,-603.31,63,2446.92,1843.61
40,HPQ,2025-05-29,2025-06-13,2025-08-13,10%+,-12.426,23.8438,27.1728,tp_gap_filled,101.974,2431.45,13.962,339.47,41,2431.45,2770.92
40,PSKY,2025-07-31,2025-08-05,2025-08-13,5-10%,-9.774,12.012,13.2867,tp_gap_filled,199.8803,2400.96,10.612,254.79,6,2400.96,2655.75
40,INTC,2025-07-25,2025-07-28,2025-08-14,5-10%,-8.617,20.7007,22.6074,tp_gap_filled,119.272,2469.01,9.211,227.41,13,2469.01,2696.43
40,REGN,2025-05-30,2025-06-09,2025-08-22,10%+,-14.491,518.1776,604.7846,tp_gap_filled,4.7156,2443.51,16.714,408.4,52,2443.51,2851.91
40,WDAY,2025-05-23,2025-05-27,2025-08-26,10%+,-11.199,241.8416,222.6571,time_exit,10.069,2435.09,-7.933,-193.17,63,2435.09,2241.93
40,ECHO,2025-08-01,2025-08-22,2025-08-26,5-10%,-9.635,29.4795,32.5574,tp_gap_filled,84.5926,2493.74,10.441,260.37,2,2493.74,2754.12
40,LLY,2025-08-07,2025-08-14,2025-08-27,5-10%,-9.474,676.3356,745.6236,tp_gap_filled,3.6195,2447.97,10.245,250.79,9,2447.97,2698.76
40,TAP,2025-05-08,2025-05-29,2025-08-28,5-10%,-7.899,52.4023,50.1698,time_exit,46.3849,2430.68,-4.26,-103.56,63,2430.68,2327.12
40,ADBE,2025-03-13,2025-06-02,2025-09-02,5-10%,-7.599,405.6753,345.2844,time_exit,5.9855,2428.17,-14.887,-361.47,63,2428.17,2066.7
40,ROST,2025-05-23,2025-06-12,2025-09-04,10%+,-11.593,134.7346,152.0977,tp_gap_filled,18.1338,2443.25,12.887,314.86,57,2443.25,2758.11
40,PANW,2025-07-30,2025-07-31,2025-09-04,5-10%,-7.001,180.4503,193.6462,tp_gap_filled,13.4162,2420.95,7.313,177.04,24,2420.95,2597.99
40,LMT,2025-07-22,2025-07-23,2025-09-05,5-10%,-8.204,423.1727,460.0695,tp_gap_filled,5.8548,2477.58,8.719,216.02,31,2477.58,2693.61
40,BF-B,2025-06-05,2025-06-09,2025-09-09,10%+,-17.199,27.5175,27.4325,time_exit,88.787,2443.2,-0.309,-7.54,63,2443.2,2435.65
40,EFX,2025-07-22,2025-07-23,2025-09-11,5-10%,-5.731,245.0048,259.3804,tp_gap_filled,10.1101,2477.03,5.867,145.34,35,2477.03,2622.37
40,DVN,2025-04-03,2025-06-13,2025-09-15,5-10%,-6.619,35.4454,33.7362,time_exit,68.5968,2431.44,-4.822,-117.24,63,2431.44,2314.2
40,COHR,2025-08-01,2025-09-12,2025-09-15,5-10%,-5.669,101.6015,107.4924,tp_gap_filled,24.3623,2475.24,5.798,143.52,1,2475.24,2618.76
40,FANG,2025-04-03,2025-06-16,2025-09-16,5-10%,-6.459,151.2111,138.2816,time_exit,16.0823,2431.82,-8.551,-207.94,63,2431.82,2223.88
40,AMAT,2025-08-15,2025-08-18,2025-09-18,10%+,-13.568,162.8627,188.0518,tp_gap_filled,15.0943,2458.3,15.466,380.21,22,2458.3,2838.51
40,TPR,2025-08-14,2025-08-15,2025-09-19,10%+,-15.485,96.0459,113.4165,tp_gap_filled,25.5719,2456.07,18.086,444.2,24,2456.07,2900.27
40,MOS,2025-08-06,2025-08-08,2025-09-24,10%+,-10.454,31.982,35.6443,tp_gap_filled,74.7703,2391.3,11.451,273.84,32,2391.3,2665.14
40,MRVL,2025-08-29,2025-09-02,2025-09-24,10%+,-16.444,64.5945,77.1528,tp_gap_filled,38.3063,2474.38,19.442,481.06,16,2474.38,2955.43
40,IBM,2025-07-24,2025-07-28,2025-09-25,5-10%,-7.361,261.5112,281.728,tp_gap_filled,9.4411,2468.95,7.731,190.87,42,2468.95,2659.82
40,COIN,2025-08-01,2025-08-13,2025-10-03,10%+,-11.282,335.4752,377.3822,tp_gap_filled,7.3399,2462.35,12.492,307.59,36,2462.35,2769.94
40,VRTX,2025-05-06,2025-07-08,2025-10-06,5-10%,-6.923,466.0256,402.4971,time_exit,5.2792,2460.24,-13.632,-335.38,63,2460.24,2124.86
40,SMCI,2025-08-06,2025-08-07,2025-10-07,10%+,-17.342,47.3773,57.2027,tp_gap_filled,50.6153,2398.02,20.739,497.32,42,2398.02,2895.33
40,ACN,2025-06-20,2025-07-11,2025-10-09,5-10%,-8.143,281.7114,251.788,time_exit,8.7291,2459.1,-10.622,-261.21,63,2459.1,2197.89
40,LYB,2025-07-24,2025-07-25,2025-10-10,5-10%,-6.813,62.7026,46.3536,stop,39.4416,2473.09,-26.074,-644.83,54,2473.09,1828.26
40,CVNA,2025-08-20,2025-10-14,2025-10-15,5-10%,-5.008,65.4654,68.7792,tp_gap_filled,38.7076,2534.01,5.062,128.27,1,2534.01,2662.27
40,CRM,2025-09-04,2025-09-16,2025-10-16,5-10%,-6.391,240.3001,256.1936,tp_gap_filled,10.3322,2482.83,6.614,164.22,22,2482.83,2647.05
40,WAT,2025-07-14,2025-10-01,2025-10-21,10%+,-10.028,317.8375,352.5571,tp_gap_filled,7.9695,2533.0,10.924,276.7,14,2533.0,2809.7
40,OTIS,2025-07-23,2025-07-24,2025-10-22,10%+,-11.872,89.089,91.3286,time_exit,27.7079,2468.47,2.514,62.05,63,2468.47,2530.53
40,CMG,2025-07-24,2025-07-25,2025-10-23,10%+,-12.467,46.2462,41.7582,time_exit,53.4618,2472.4,-9.705,-239.94,63,2472.4,2232.47
40,NUE,2025-07-29,2025-09-18,2025-10-27,5-10%,-6.76,134.8847,144.3755,tp_gap_filled,18.6735,2518.77,7.036,177.23,27,2518.77,2695.99
40,RVTY,2025-07-28,2025-07-30,2025-10-28,5-10%,-9.395,94.0239,96.3535,time_exit,26.0564,2449.93,2.478,60.7,63,2449.93,2510.63
40,PYPL,2025-07-29,2025-07-30,2025-10-28,5-10%,-8.297,71.8017,78.1418,tp_gap_filled,34.0919,2447.86,8.83,216.14,63,2447.86,2664.0
40,TT,2025-07-30,2025-07-31,2025-10-29,5-10%,-7.746,434.9345,427.0525,time_exit,5.5652,2420.52,-1.812,-43.87,63,2420.52,2376.65
40,GWW,2025-08-01,2025-08-04,2025-10-31,5-10%,-9.943,937.1162,978.021,time_exit,2.5757,2413.75,4.365,105.36,63,2413.75,2519.11
40,IT,2025-08-05,2025-08-06,2025-11-04,10%+,-27.983,242.7325,226.9428,time_exit,9.9092,2405.28,-6.505,-156.46,63,2405.28,2248.82
40,FTNT,2025-08-07,2025-08-08,2025-11-06,10%+,-23.069,74.3743,80.4595,time_exit,32.1552,2391.52,8.182,195.67,63,2391.52,2587.19
40,BAX,2025-07-31,2025-08-08,2025-11-06,10%+,-15.294,23.7838,17.962,time_exit,100.5533,2391.53,-24.478,-585.39,63,2391.53,1806.14
40,ON,2025-08-04,2025-10-20,2025-11-17,3-5%,-4.963,54.054,45.36,stop,47.204,2551.56,-16.084,-410.39,20,2551.56,2141.17
40,WM,2025-10-28,2025-10-29,2025-11-19,5-10%,-6.919,199.179,213.5562,tp_gap_filled,12.6401,2517.64,7.218,181.73,15,2517.64,2699.36
40,CRL,2025-11-05,2025-11-17,2025-11-25,5-10%,-8.187,163.4533,177.6722,tp_gap_filled,14.8222,2422.74,8.699,210.76,6,2422.74,2633.5
40,TGT,2025-08-20,2025-09-02,2025-12-01,10%+,-10.393,94.5044,91.2686,time_exit,26.1827,2474.38,-3.424,-84.72,63,2474.38,2389.66
40,TXN,2025-09-04,2025-09-08,2025-12-05,5-10%,-6.12,183.9438,182.3575,time_exit,13.4198,2468.49,-0.862,-21.29,63,2468.49,2447.21
40,FCX,2025-09-24,2025-10-10,2025-12-05,5-10%,-7.782,41.8718,45.3146,tp_gap_filled,60.0466,2514.26,8.222,206.73,39,2514.26,2720.99
40,HRL,2025-08-28,2025-09-10,2025-12-09,10%+,-14.611,24.8048,23.6064,time_exit,99.3931,2465.42,-4.831,-119.11,63,2465.42,2346.31
40,VRSN,2025-07-29,2025-09-10,2025-12-09,5-10%,-5.876,288.288,242.3274,time_exit,8.5534,2465.84,-15.943,-393.12,63,2465.84,2072.72
40,SNPS,2025-09-10,2025-09-11,2025-12-10,10%+,-29.216,428.2278,475.3542,time_exit,5.8114,2488.59,11.005,273.87,63,2488.59,2762.45
40,NEM,2025-10-21,2025-10-23,2025-12-10,5-10%,-6.176,89.119,94.7951,tp_gap_filled,28.6125,2549.92,6.369,162.41,33,2549.92,2712.32
40,DXCM,2025-10-31,2025-11-03,2025-12-10,10%+,-13.211,59.2492,68.1318,tp_gap_filled,41.922,2483.85,14.992,372.38,26,2483.85,2856.22
40,DECK,2025-10-24,2025-10-27,2025-12-12,10%+,-13.692,88.5885,102.4375,tp_gap_filled,28.7849,2550.01,15.633,398.64,33,2550.01,2948.66
40,DASH,2025-11-06,2025-11-18,2025-12-19,10%+,-11.235,211.4713,237.762,tp_gap_filled,11.4731,2426.23,12.432,301.64,22,2426.23,2727.86
40,SYK,2025-08-01,2025-09-23,2025-12-22,5-10%,-5.197,372.6923,356.1635,time_exit,6.7355,2510.26,-4.435,-111.33,63,2510.26,2398.93
40,DRI,2025-09-18,2025-10-02,2026-01-02,5-10%,-7.242,193.8637,187.0228,time_exit,13.1392,2547.21,-3.529,-89.88,63,2547.21,2457.33
40,EFX,2025-10-02,2025-10-03,2026-01-05,5-10%,-7.576,234.8446,220.5692,time_exit,10.8661,2551.86,-6.079,-155.12,63,2551.86,2396.74
40,XYZ,2025-11-07,2025-11-14,2026-01-07,10%+,-13.492,61.4214,70.8591,tp_gap_filled,39.9419,2453.28,15.366,376.96,35,2453.28,2830.24
40,CMG,2025-10-30,2025-10-31,2026-01-08,10%+,-21.353,31.3013,39.7202,tp_gap_filled,79.716,2495.21,26.897,671.13,46,2495.21,3166.34
40,NKE,2025-12-19,2025-12-24,2026-01-08,5-10%,-9.797,59.2592,65.5644,tp_gap_filled,43.1766,2558.61,10.64,272.24,9,2558.61,2830.85
40,MOS,2025-10-10,2025-10-13,2026-01-13,5-10%,-8.493,30.6306,26.1838,time_exit,82.5576,2528.79,-14.518,-367.12,63,2528.79,2161.67
40,PGR,2025-10-15,2025-10-16,2026-01-16,5-10%,-5.932,226.3661,202.1676,time_exit,11.1832,2531.5,-10.69,-270.62,63,2531.5,2260.89
40,BSX,2026-01-15,2026-01-16,2026-01-26,5-10%,-5.846,88.3483,93.6463,tp_gap_filled,28.9818,2560.5,5.997,153.55,5,2560.5,2714.04
40,ROP,2025-10-23,2025-10-27,2026-01-27,5-10%,-8.231,467.5271,345.6241,stop,5.4572,2551.37,-26.074,-665.24,62,2551.37,1886.12
40,FFIV,2025-10-28,2025-10-29,2026-01-28,5-10%,-9.662,262.6124,290.1196,tp_gap_filled,9.5904,2518.56,10.474,263.81,61,2518.56,2782.36
40,NOW,2025-12-15,2025-12-17,2026-01-29,5-10%,-7.752,159.7596,118.1039,stop,15.9323,2545.34,-26.074,-663.67,28,2545.34,1881.67
40,RCL,2025-10-28,2025-12-19,2026-01-29,5-10%,-7.688,295.9357,319.9397,tp_gap_filled,8.6064,2546.94,8.111,206.59,26,2546.94,2753.53
40,PAYX,2025-09-30,2025-10-29,2026-01-30,5-10%,-5.384,121.7316,103.0269,time_exit,20.6776,2517.11,-15.366,-386.77,63,2517.11,2130.35
40,DECK,2026-01-07,2026-01-12,2026-01-30,5-10%,-6.012,101.101,107.3525,tp_gap_filled,25.5569,2583.83,6.183,159.77,13,2583.83,2743.6
40,GRMN,2025-10-29,2025-10-30,2026-02-02,10%+,-11.052,220.8907,206.7131,time_exit,11.3071,2497.64,-6.418,-160.31,63,2497.64,2337.33
40,GNRC,2025-10-29,2025-10-30,2026-02-02,10%+,-10.912,169.5694,170.789,time_exit,14.7194,2495.96,0.719,17.95,63,2495.96,2513.91
40,JCI,2026-01-06,2026-01-07,2026-02-02,5-10%,-7.356,112.7026,121.4085,tp_gap_filled,22.8069,2570.4,7.725,198.55,17,2570.4,2768.95
40,META,2025-10-30,2025-10-31,2026-02-03,10%+,-10.978,669.8192,691.0083,time_exit,3.7264,2495.99,3.163,78.96,63,2495.99,2574.94
40,WDAY,2025-11-26,2025-11-28,2026-02-03,5-10%,-7.852,215.5553,159.3514,stop,11.6397,2508.99,-26.074,-654.19,44,2508.99,1854.8
40,MPC,2025-11-04,2025-12-16,2026-02-04,5-10%,-8.524,179.2791,195.5942,tp_gap_filled,14.2286,2550.89,9.1,232.14,33,2550.89,2783.03
40,HPE,2025-12-05,2026-01-20,2026-02-04,5-10%,-8.734,20.9209,22.8771,tp_gap_filled,121.3223,2538.17,9.35,237.33,11,2538.17,2775.5
40,SWKS,2026-01-28,2026-01-29,2026-02-05,5-10%,-8.609,54.9349,59.9899,tp_gap_filled,46.4582,2552.17,9.202,234.85,5,2552.17,2787.02
40,CI,2025-10-30,2025-11-05,2026-02-06,10%+,-11.407,265.265,291.7579,time_exit,9.31,2469.62,9.987,246.65,63,2469.62,2716.27
40,URI,2026-01-29,2026-02-04,2026-02-06,5-10%,-6.436,845.9051,902.2868,tp_gap_filled,3.0029,2540.16,6.665,169.31,2,2540.16,2709.47
40,FTNT,2025-11-06,2026-01-14,2026-02-09,10%+,-11.559,76.1261,85.904,tp_gap_filled,33.741,2568.57,12.844,329.92,17,2568.57,2898.49
40,APP,2026-02-04,2026-02-06,2026-02-09,10%+,-12.947,402.402,461.3282,tp_gap_filled,6.3554,2557.42,14.644,374.5,1,2557.42,2931.92
40,SJM,2025-08-27,2025-11-25,2026-02-11,5-10%,-9.342,100.3502,110.4694,tp_gap_filled,24.692,2477.85,10.084,249.86,52,2477.85,2727.71
40,CCI,2026-02-05,2026-02-06,2026-02-11,5-10%,-7.386,79.8297,86.0239,tp_gap_filled,32.0034,2554.82,7.759,198.23,3,2554.82,2753.06
40,CMI,2026-02-05,2026-02-06,2026-02-11,5-10%,-6.78,565.1346,605.0244,tp_gap_filled,4.5222,2555.66,7.058,180.39,3,2555.66,2736.05
40,AXON,2025-11-05,2025-11-11,2026-02-12,10%+,-20.151,564.4039,435.3742,time_exit,4.3603,2461.0,-22.861,-562.61,63,2461.0,1898.38
40,EBAY,2025-10-30,2025-11-11,2026-02-12,10%+,-14.004,85.6856,79.3306,time_exit,28.7311,2461.84,-7.417,-182.59,63,2461.84,2279.26
40,KMB,2025-11-03,2025-11-12,2026-02-13,10%+,-12.547,104.7947,109.3006,time_exit,23.6441,2477.77,4.3,106.54,63,2477.77,2584.31
40,ZBH,2025-11-05,2025-11-13,2026-02-17,10%+,-12.134,90.7507,97.0529,time_exit,27.1457,2463.49,6.945,171.08,63,2463.49,2634.57
40,NEM,2026-01-30,2026-02-03,2026-02-18,5-10%,-7.035,118.118,126.8031,tp_gap_filled,21.4854,2537.81,7.353,186.6,10,2537.81,2724.42
40,ZTS,2025-11-04,2025-11-25,2026-02-27,10%+,-13.523,124.9548,130.9689,time_exit,19.8183,2476.39,4.813,119.19,63,2476.39,2595.58
40,IQV,2026-02-12,2026-02-17,2026-02-27,5-10%,-8.043,163.0929,177.0028,tp_gap_filled,15.8297,2581.71,8.529,220.19,8,2581.71,2801.9
40,EXPE,2026-02-13,2026-02-17,2026-03-05,5-10%,-6.707,212.212,227.0128,tp_gap_filled,12.1682,2582.24,6.975,180.1,12,2582.24,2762.34
40,PANW,2026-02-18,2026-02-19,2026-03-05,5-10%,-8.532,149.6996,163.3365,tp_gap_filled,17.3387,2595.6,9.11,236.45,10,2595.6,2832.05
40,DIS,2025-11-13,2025-12-10,2026-03-13,5-10%,-6.652,108.9989,99.1907,time_exit,23.301,2539.79,-8.998,-228.54,63,2539.79,2311.25
40,SNDK,2026-02-04,2026-02-12,2026-03-16,5-10%,-5.968,654.654,694.8145,tp_gap_filled,3.9203,2566.44,6.135,157.44,21,2566.44,2723.88
40,AKAM,2026-02-20,2026-02-24,2026-03-18,5-10%,-8.988,99.8397,109.4804,tp_gap_filled,25.8555,2581.41,9.656,249.26,16,2581.41,2830.68
40,RL,2026-02-05,2026-03-09,2026-04-01,5-10%,-8.238,325.8055,354.3453,tp_gap_filled,7.8711,2564.43,8.76,224.64,17,2564.43,2789.07
40,KLAC,2026-01-30,2026-02-26,2026-04-08,5-10%,-8.59,154.154,168.3025,tp_gap_filled,16.9994,2620.53,9.178,240.52,28,2620.53,2861.04
40,WDAY,2026-02-09,2026-02-11,2026-04-09,5-10%,-8.108,149.8597,110.7853,stop,17.2444,2584.25,-26.074,-673.82,39,2584.25,1910.43
40,NOW,2026-01-29,2026-01-30,2026-04-10,5-10%,-8.556,118.6485,87.7121,stop,21.4911,2549.88,-26.074,-664.86,48,2549.88,1885.03
40,GOOGL,2026-02-05,2026-02-11,2026-04-14,5-10%,-6.252,312.5322,332.707,tp_gap_filled,8.2614,2581.96,6.455,166.67,42,2581.96,2748.63
40,SYF,2026-01-12,2026-01-13,2026-04-15,5-10%,-8.781,79.3393,75.914,time_exit,32.436,2573.45,-4.317,-111.1,63,2573.45,2462.35
40,GOOG,2026-02-05,2026-02-11,2026-04-15,5-10%,-6.042,313.5132,333.0067,tp_gap_filled,8.2345,2581.63,6.218,160.52,43,2581.63,2742.15
40,COF,2026-01-12,2026-01-14,2026-04-16,5-10%,-7.725,230.1799,200.5093,time_exit,11.1599,2568.79,-12.89,-331.12,63,2568.79,2237.67
40,UNH,2026-01-27,2026-01-28,2026-04-21,10%+,-16.4,294.264,351.2884,tp_gap_filled,8.67,2551.26,19.379,494.4,57,2551.26,3045.65
40,ABT,2026-01-22,2026-01-23,2026-04-24,10%+,-10.933,107.6375,91.0389,time_exit,23.8366,2565.71,-15.421,-395.65,63,2565.71,2170.05
40,BRO,2026-01-27,2026-01-28,2026-04-29,5-10%,-6.682,74.3743,61.5784,time_exit,34.3022,2551.2,-17.205,-438.93,63,2551.2,2112.27
40,CVS,2026-01-27,2026-02-02,2026-04-29,10%+,-10.111,75.4654,83.7861,tp_gap_filled,33.7558,2547.39,11.026,280.87,60,2547.39,2828.27
40,VST,2026-01-16,2026-01-29,2026-04-30,5-10%,-7.01,167.7176,157.6822,time_exit,15.223,2553.17,-5.984,-152.77,63,2553.17,2400.4
40,IP,2026-02-23,2026-02-25,2026-04-30,5-10%,-7.702,43.3033,32.0124,stop,59.9775,2597.22,-26.074,-677.2,45,2597.22,1920.02
40,ROP,2026-01-27,2026-01-30,2026-05-01,5-10%,-9.829,368.8685,357.8618,time_exit,6.9116,2549.47,-2.984,-76.07,63,2549.47,2473.4
40,WDAY,2026-04-23,2026-04-24,2026-05-01,5-10%,-8.863,115.4954,126.4734,tp_gap_filled,22.3283,2578.81,9.505,245.12,5,2578.81,2823.93
40,LVS,2026-01-29,2026-02-02,2026-05-04,5-10%,-9.403,55.5555,51.8081,time_exit,45.8524,2547.35,-6.745,-171.83,63,2547.35,2375.53
40,APH,2026-01-28,2026-02-03,2026-05-05,10%+,-15.188,70.5705,68.2767,time_exit,35.9237,2535.16,-3.25,-82.4,63,2535.16,2452.75
40,SMCI,2026-03-20,2026-03-24,2026-05-06,10%+,-26.859,22.5425,30.7592,tp_gap_filled,110.2672,2485.7,36.45,906.03,30,2485.7,3391.73
40,BF-B,2026-04-29,2026-04-30,2026-05-07,5-10%,-7.97,25.5455,27.7023,tp_gap_filled,100.8178,2575.44,8.443,217.44,5,2575.44,2792.88
40,EL,2026-02-05,2026-02-06,2026-05-08,10%+,-12.424,104.8547,86.1138,time_exit,24.3967,2558.11,-17.873,-457.22,63,2558.11,2100.89
40,HUM,2026-01-27,2026-04-21,2026-05-08,10%+,-16.557,220.2,263.3664,tp_gap_filled,11.8039,2599.22,19.603,509.53,13,2599.22,3108.75
40,WAT,2026-02-09,2026-02-10,2026-05-12,10%+,-12.851,332.6223,351.8578,time_exit,7.7629,2582.1,5.783,149.32,63,2582.1,2731.42
40,XYL,2026-02-10,2026-02-11,2026-05-13,5-10%,-9.951,126.3662,108.901,time_exit,20.4424,2583.23,-13.821,-357.03,63,2583.23,2226.19
40,STE,2026-02-05,2026-02-11,2026-05-13,5-10%,-9.112,240.4302,210.8889,time_exit,10.745,2583.43,-12.287,-317.42,63,2583.43,2266.01
40,BAX,2026-02-12,2026-02-13,2026-05-15,10%+,-12.348,19.5395,17.2827,time_exit,132.2473,2584.05,-11.55,-298.46,63,2584.05,2285.59
40,NOW,2026-04-23,2026-04-24,2026-05-18,10%+,-15.349,87.3372,102.9669,tp_gap_filled,29.5031,2576.72,17.896,461.12,16,2576.72,3037.85
40,IBM,2026-04-23,2026-04-24,2026-05-21,5-10%,-7.778,232.5023,251.6081,tp_gap_filled,11.0998,2580.73,8.217,212.07,19,2580.73,2792.8
40,CRL,2026-02-18,2026-05-19,2026-05-21,5-10%,-7.387,146.9668,158.3715,tp_gap_filled,17.1313,2517.74,7.76,195.38,2,2517.74,2713.11
40,IT,2026-02-03,2026-02-23,2026-05-22,10%+,-26.907,148.0879,159.85,time_exit,17.3591,2570.67,7.943,204.18,63,2570.67,2774.85
40,PYPL,2026-02-03,2026-02-23,2026-05-22,10%+,-18.049,42.9279,44.1858,time_exit,59.852,2569.32,2.93,75.29,63,2569.32,2644.6
40,FCX,2026-05-15,2026-05-18,2026-05-29,5-10%,-5.972,62.2522,66.0739,tp_gap_filled,40.7216,2535.01,6.139,155.62,8,2535.01,2690.63
40,ADBE,2026-03-13,2026-03-16,2026-06-01,5-10%,-7.703,249.249,269.5102,tp_gap_filled,10.182,2537.86,8.129,206.3,53,2537.86,2744.16
40,VMC,2026-02-17,2026-03-03,2026-06-02,5-10%,-9.675,296.246,281.5582,time_exit,8.7046,2578.71,-4.958,-127.85,63,2578.71,2450.86
40,APTV,2026-04-01,2026-04-02,2026-06-02,10%+,-13.364,60.2202,69.3706,tp_gap_filled,41.5546,2502.43,15.195,380.24,41,2502.43,2882.67
40,NCLH,2026-05-04,2026-05-06,2026-06-04,5-10%,-6.858,17.5375,18.7912,tp_gap_filled,146.3967,2567.44,7.148,183.53,20,2567.44,2750.97
40,ABBV,2026-02-04,2026-03-18,2026-06-05,5-10%,-7.037,209.9898,225.4343,tp_gap_filled,12.0044,2520.8,7.355,185.4,55,2520.8,2706.21
40,PODD,2026-05-27,2026-05-28,2026-06-05,5-10%,-6.372,144.144,153.6462,tp_gap_filled,17.9444,2586.57,6.592,170.51,6,2586.57,2757.08
40,ROL,2026-02-12,2026-03-10,2026-06-09,10%+,-15.168,55.7057,47.4825,time_exit,45.8326,2553.13,-14.762,-376.89,63,2553.13,2176.24
40,DVN,2026-04-17,2026-06-09,2026-06-10,5-10%,-5.33,43.3833,45.7342,tp_gap_filled,59.3654,2575.47,5.419,139.56,1,2575.47,2715.03
40,CPRT,2026-02-20,2026-03-12,2026-06-11,5-10%,-8.898,34.3343,31.0289,time_exit,73.0975,2509.75,-9.627,-241.61,63,2509.75,2268.14
40,DG,2026-03-12,2026-03-13,2026-06-12,5-10%,-9.176,131.6816,114.6852,time_exit,19.1697,2524.3,-12.907,-325.82,63,2524.3,2198.49
40,TPR,2026-05-07,2026-05-08,2026-06-12,5-10%,-9.051,135.4954,148.6812,tp_gap_filled,18.9418,2566.52,9.732,249.76,24,2566.52,2816.28
40,HON,2026-04-23,2026-06-10,2026-06-12,5-10%,-5.501,218.2253,230.4667,tp_gap_filled,11.7218,2558.0,5.61,143.49,2,2558.0,2701.5
40,SYY,2026-03-30,2026-04-08,2026-06-25,5-10%,-8.509,74.9148,81.7182,tp_gap_filled,33.9833,2545.86,9.081,231.2,54,2545.86,2777.06
40,TMO,2026-04-23,2026-04-24,2026-06-25,5-10%,-8.041,473.1226,513.466,tp_gap_filled,5.4557,2581.19,8.527,220.1,42,2581.19,2801.29
40,LITE,2026-06-23,2026-06-24,2026-06-25,5-10%,-6.911,832.9822,893.0361,tp_gap_filled,3.0368,2529.6,7.21,182.37,1,2529.6,2711.97
40,TTD,2026-02-26,2026-03-27,2026-06-29,10%+,-16.137,21.1211,18.6313,time_exit,115.2808,2434.86,-11.788,-287.02,63,2434.86,2147.84
40,CDW,2026-05-06,2026-06-11,2026-06-29,5-10%,-6.798,127.6275,136.6632,tp_gap_filled,20.1059,2566.06,7.08,181.67,11,2566.06,2747.73
40,CF,2026-06-15,2026-06-18,2026-06-30,5-10%,-5.636,103.4133,109.3705,tp_gap_filled,24.4503,2528.49,5.761,145.66,7,2528.49,2674.14
40,GEV,2026-06-23,2026-06-24,2026-06-30,5-10%,-6.424,1056.2052,1126.4624,tp_gap_filled,2.3957,2530.33,6.652,168.31,4,2530.33,2698.64
40,MTD,2026-05-08,2026-06-04,2026-07-02,5-10%,-9.569,1194.2431,1317.9707,tp_gap_filled,2.1509,2568.68,10.36,266.12,19,2568.68,2834.81
40,WTW,2026-04-30,2026-05-01,2026-07-07,10%+,-10.52,259.8496,289.8199,tp_gap_filled,9.8808,2567.52,11.534,296.13,44,2567.52,2863.66
40,COR,2026-05-06,2026-05-19,2026-07-07,10%+,-12.383,268.288,305.5941,tp_gap_filled,9.3863,2518.23,13.905,350.17,32,2518.23,2868.4
40,AES,2026-03-02,2026-04-07,2026-07-08,10%+,-16.956,14.3644,14.6254,time_exit,174.3129,2503.89,1.817,45.5,63,2503.89,2549.39
40,META,2026-04-30,2026-05-06,2026-07-10,5-10%,-7.443,619.9393,668.4509,tp_gap_filled,4.1426,2568.17,7.825,200.96,44,2568.17,2769.13
40,PSKY,2026-07-09,2026-07-10,2026-07-13,5-10%,-5.128,9.2592,9.7402,tp_gap_filled,278.7372,2580.9,5.195,134.07,1,2580.9,2714.97
40,COHR,2026-06-23,2026-06-24,2026-07-15,5-10%,-8.647,389.0787,287.6303,stop,6.5001,2529.04,-26.074,-659.42,14,2529.04,1869.62
40,CIEN,2026-07-01,2026-07-09,2026-07-16,3-5%,-4.966,466.6662,391.6076,stop,5.5193,2575.67,-16.084,-414.27,5,2575.67,2161.4
40,UHS,2026-07-14,2026-07-15,2026-07-16,5-10%,-5.086,145.145,152.6172,tp_gap_filled,17.5764,2551.12,5.148,131.33,1,2551.12,2682.46
40,LITE,2026-07-01,2026-07-14,2026-07-17,3-5%,-4.621,819.2234,687.4595,stop,3.1233,2558.7,-16.084,-411.54,3,2558.7,2147.16
40,NKE,2026-04-01,2026-04-17,2026-07-20,10%+,-11.852,46.6066,43.4265,time_exit,55.8392,2602.47,-6.823,-177.57,63,2602.47,2424.9
40,STX,2026-07-16,2026-07-17,2026-07-20,5-10%,-5.214,785.8951,827.4717,tp_gap_filled,3.2352,2542.49,5.29,134.51,1,2542.49,2677.0
40,NFLX,2026-04-17,2026-04-20,2026-07-21,10%+,-10.595,96.4664,68.6013,time_exit,27.0631,2610.68,-28.886,-754.11,63,2610.68,1856.56
40,ULTA,2026-03-13,2026-04-20,2026-07-21,5-10%,-9.352,566.8463,488.9805,time_exit,4.6037,2609.57,-13.737,-358.47,63,2609.57,2251.1
40,WDC,2026-07-16,2026-07-17,2026-07-21,5-10%,-5.286,487.1667,513.3262,tp_gap_filled,5.2216,2543.79,5.37,136.59,2,2543.79,2680.38
40,HOOD,2026-07-17,2026-07-20,2026-07-21,5-10%,-5.329,100.4704,105.914,tp_gap_filled,25.3285,2544.76,5.418,137.88,1,2544.76,2682.64
40,APA,2026-06-15,2026-07-08,2026-07-23,5-10%,-6.186,34.7647,36.983,tp_gap_filled,73.6359,2559.93,6.381,163.34,11,2559.93,2723.27
40,ARES,2026-06-03,2026-06-23,2026-07-27,5-10%,-5.597,121.2211,128.1517,tp_gap_filled,20.7817,2519.17,5.717,144.03,23,2519.17,2663.2
40,CSGP,2026-07-14,2026-07-23,2026-07-27,5-10%,-6.152,27.027,28.7412,tp_gap_filled,94.197,2545.86,6.343,161.48,2,2545.86,2707.34
40,J,2026-05-06,2026-05-07,2026-07-28,5-10%,-7.272,126.7466,136.4135,tp_gap_filled,20.3132,2574.63,7.627,196.36,55,2574.63,2771.0
40,WDAY,2026-06-02,2026-06-04,2026-07-28,5-10%,-5.489,148.7486,157.0728,tp_gap_filled,17.2637,2567.94,5.596,143.71,36,2567.94,2711.65
40,ADSK,2026-05-29,2026-06-08,2026-07-28,5-10%,-6.387,225.7856,240.709,tp_gap_filled,11.2958,2550.44,6.61,168.57,34,2550.44,2719.01
40,RCL,2026-06-23,2026-07-06,2026-07-28,5-10%,-5.615,292.282,309.0506,tp_gap_filled,8.8265,2579.82,5.737,148.01,16,2579.82,2727.83
40,GEV,2026-07-07,2026-07-08,2026-07-28,3-5%,-4.792,1097.9368,921.3446,stop,2.3321,2560.47,-16.084,-411.83,14,2560.47,2148.65
40,HII,2026-02-05,2026-04-28,2026-07-29,10%+,-14.167,354.9646,280.1196,time_exit,7.22,2562.84,-21.085,-540.38,63,2562.84,2022.46
40,HCA,2026-04-24,2026-04-28,2026-07-29,5-10%,-9.288,430.43,407.7718,time_exit,5.9568,2564.0,-5.264,-134.97,63,2564.0,2429.03
40,GEHC,2026-04-29,2026-05-04,2026-07-29,5-10%,-9.27,62.2122,68.4315,tp_gap_filled,41.0564,2554.2,9.997,255.34,59,2554.2,2809.55
40,REGN,2026-05-18,2026-05-29,2026-07-29,10%+,-11.789,616.5459,697.5517,tp_gap_filled,4.2017,2590.56,13.139,340.36,41,2590.56,2930.92
40,RDDT,2026-07-22,2026-07-23,2026-07-29,5-10%,-6.963,173.0729,185.6542,tp_gap_filled,14.7189,2547.44,7.269,185.18,4,2547.44,2732.62
40,WDC,2026-07-28,2026-07-29,2026-07-30,5-10%,-6.393,466.5561,497.4221,tp_gap_filled,5.5991,2612.3,6.616,172.82,1,2612.3,2785.12
40,INTC,2026-07-28,2026-07-29,2026-07-30,5-10%,-5.509,86.7066,91.5783,tp_gap_filled,30.1207,2611.67,5.619,146.74,1,2611.67,2758.4
40,MPWR,2026-06-26,2026-06-30,2026-07-31,5-10%,-5.621,1358.8074,1436.8617,tp_gap_filled,1.874,2546.39,5.744,146.27,22,2546.39,2692.67
40,GL,2026-07-23,2026-07-24,2026-08-03,5-10%,-7.511,170.3502,183.816,tp_gap_filled,14.9981,2554.93,7.905,201.96,6,2554.93,2756.89
40,WDAY,2026-07-30,2026-07-31,2026-08-03,5-10%,-5.946,158.178,167.842,tp_gap_filled,16.5597,2619.39,6.11,160.03,1,2619.39,2779.42
40,FCX,2026-06-23,2026-07-23,2026-08-05,5-10%,-5.462,65.4954,69.1408,tp_gap_filled,38.8749,2546.13,5.566,141.71,9,2546.13,2687.84
40,LULU,2026-06-05,2026-06-18,2026-08-06,10%+,-11.599,110.5404,124.7951,tp_gap_filled,22.8675,2527.79,12.895,325.97,33,2527.79,2853.75
40,HAS,2026-05-20,2026-05-21,2026-08-11,5-10%,-8.407,89.099,97.0828,tp_gap_filled,28.7113,2558.15,8.961,229.23,55,2558.15,2787.38
40,ISRG,2026-07-17,2026-07-28,2026-08-12,5-10%,-9.271,365.395,401.9277,tp_gap_filled,7.1839,2624.97,9.998,262.45,11,2624.97,2887.42
40,SMCI,2026-06-10,2026-06-22,2026-08-13,10%+,-12.402,35.6356,40.5994,tp_gap_filled,70.324,2506.04,13.929,349.07,37,2506.04,2855.11
40,FOXA,2026-06-15,2026-07-17,2026-08-14,10%+,-13.47,57.037,65.7841,tp_gap_filled,44.5876,2543.14,15.336,390.02,20,2543.14,2933.16
40,FOX,2026-06-15,2026-07-20,2026-08-14,10%+,-11.694,52.082,58.8611,tp_gap_filled,48.8912,2546.35,13.016,331.44,19,2546.35,2877.79
40,RDDT,2026-07-31,2026-08-03,2026-08-14,10%+,-17.041,147.8477,177.862,tp_gap_filled,17.8346,2636.8,20.301,535.29,9,2636.8,3172.09
40,WDC,2026-08-06,2026-08-07,2026-08-17,10%+,-17.389,429.3189,518.6508,tp_gap_filled,6.2414,2679.53,20.808,557.55,6,2679.53,3237.08
40,FIS,2026-05-08,2026-05-19,2026-08-19,5-10%,-5.82,44.5445,40.6193,time_exit,56.5743,2520.08,-8.812,-222.06,63,2520.08,2298.01
40,COIN,2026-06-01,2026-07-21,2026-08-21,5-10%,-5.195,179.3892,188.841,tp_gap_filled,14.3188,2568.65,5.269,135.34,23,2568.65,2703.98
40,FDXF,2026-06-10,2026-06-12,2026-08-25,5-10%,-6.877,175.6755,129.8699,stop,14.6232,2568.93,-26.074,-669.82,50,2568.93,1899.11
40,FISV,2026-05-05,2026-06-01,2026-08-31,5-10%,-7.945,57.8778,53.2567,time_exit,44.6316,2583.18,-7.984,-206.25,63,2583.18,2376.93
40,TSLA,2026-07-23,2026-08-13,2026-09-03,5-10%,-8.826,341.341,373.636,tp_gap_filled,7.9697,2720.38,9.461,257.38,15,2720.38,2977.76
50,NVDA,2024-09-04,2024-09-05,2024-09-06,2-3%,-2.398,105.5154,107.892,tp_gap_filled,18.9517,1999.7,2.252,45.04,1,1999.7,2044.74
50,CDNS,2024-09-04,2024-09-05,2024-09-10,2-3%,-2.829,249.279,256.0237,tp_gap_filled,8.0209,1999.45,2.706,54.1,3,1999.45,2053.54
50,SMCI,2024-09-04,2024-09-05,2024-09-11,3-5%,-4.903,42.054,44.1338,tp_gap_filled,47.5579,2000.0,4.946,98.91,4,2000.0,2098.91
50,KLAC,2024-09-05,2024-09-06,2024-09-11,2-3%,-2.594,72.6506,74.4365,tp_gap_filled,27.4664,1995.45,2.458,49.05,3,1995.45,2044.5
50,TER,2024-09-05,2024-09-06,2024-09-11,2-3%,-2.162,124.144,126.6332,tp_gap_filled,16.0662,1994.52,2.005,39.99,3,1994.52,2034.51
50,DG,2024-09-04,2024-09-06,2024-09-12,2-3%,-2.459,81.8117,83.7062,tp_gap_filled,24.3748,1994.14,2.316,46.18,4,1994.14,2040.32
50,WDAY,2024-09-09,2024-09-11,2024-09-12,2-3%,-2.313,248.9587,254.3454,tp_gap_filled,8.0495,2003.99,2.164,43.36,1,2003.99,2047.35
50,AVGO,2024-09-05,2024-09-11,2024-09-12,2-3%,-2.303,150.7206,153.9659,tp_gap_filled,13.3032,2005.06,2.153,43.17,1,2005.06,2048.24
50,APTV,2024-09-10,2024-09-12,2024-09-13,2-3%,-2.939,67.1171,69.0109,tp_gap_filled,29.9257,2008.52,2.822,56.68,1,2008.52,2065.2
50,COR,2024-09-05,2024-09-09,2024-09-16,2-3%,-2.272,238.1079,243.1566,tp_gap_filled,8.3962,1999.2,2.12,42.39,5,1999.2,2041.59
50,GM,2024-09-10,2024-09-12,2024-09-16,2-3%,-2.996,46.026,47.3526,tp_gap_filled,43.6371,2008.44,2.882,57.89,2,2008.44,2066.33
50,CRWD,2024-09-04,2024-09-13,2024-09-16,2-3%,-2.311,65.1751,66.5834,tp_gap_filled,30.8662,2011.71,2.161,43.47,1,2011.71,2055.18
50,ODFL,2024-09-05,2024-09-06,2024-09-17,3-5%,-4.309,187.3972,195.4444,tp_gap_filled,10.6512,1996.0,4.294,85.71,7,1996.0,2081.71
50,ROL,2024-09-11,2024-09-12,2024-09-17,2-3%,-2.23,50.04,51.0789,tp_gap_filled,40.1369,2008.45,2.076,41.7,3,2008.45,2050.15
50,FERG,2024-09-04,2024-09-16,2024-09-17,2-3%,-2.486,197.5173,202.1477,tp_gap_filled,10.1931,2013.32,2.344,47.2,1,2013.32,2060.52
50,COHR,2024-09-16,2024-09-17,2024-09-18,3-5%,-3.001,75.7156,77.902,tp_gap_filled,26.655,2018.2,2.888,58.28,1,2018.2,2076.48
50,AAPL,2024-09-16,2024-09-17,2024-09-18,2-3%,-2.679,216.7565,222.2775,tp_gap_filled,9.3163,2019.38,2.547,51.44,1,2019.38,2070.81
50,KLAC,2024-09-16,2024-09-17,2024-09-18,2-3%,-2.196,73.5735,75.0749,tp_gap_filled,27.4472,2019.38,2.041,41.21,1,2019.38,2060.59
50,SMCI,2024-09-16,2024-09-17,2024-09-18,2-3%,-2.187,44.7607,45.6703,tp_gap_filled,45.1198,2019.6,2.032,41.04,1,2019.6,2060.64
50,HPE,2024-09-05,2024-09-13,2024-09-19,5-10%,-8.631,17.1671,18.7512,tp_gap_filled,117.1859,2011.75,9.227,185.63,4,2011.75,2197.38
50,MPWR,2024-09-16,2024-09-17,2024-09-19,2-3%,-2.018,896.5457,913.1859,tp_gap_filled,2.2518,2018.85,1.856,37.47,2,2018.85,2056.32
50,TER,2024-09-16,2024-09-18,2024-09-19,2-3%,-2.202,128.4683,131.0988,tp_gap_filled,15.7178,2019.24,2.048,41.34,1,2019.24,2060.59
50,MU,2024-09-12,2024-09-16,2024-09-20,3-5%,-3.916,87.1871,90.5594,tp_gap_filled,23.092,2013.33,3.868,77.87,4,2013.33,2091.2
50,RMD,2024-09-04,2024-09-18,2024-09-20,2-3%,-2.042,240.1399,244.6551,tp_gap_filled,8.4078,2019.05,1.88,37.96,2,2019.05,2057.01
50,MOS,2024-09-16,2024-09-23,2024-09-24,3-5%,-3.448,25.5055,26.3636,tp_gap_filled,79.3416,2023.65,3.364,68.09,1,2023.65,2091.73
50,NXPI,2024-09-20,2024-09-23,2024-09-24,2-3%,-2.224,233.6434,238.4813,tp_gap_filled,8.661,2023.59,2.071,41.9,1,2023.59,2065.49
50,UPS,2024-09-20,2024-09-23,2024-09-26,2-3%,-2.747,128.6285,131.9979,tp_gap_filled,15.7304,2023.38,2.619,53.0,3,2023.38,2076.39
50,ON,2024-09-20,2024-09-24,2024-09-26,3-5%,-3.149,71.111,73.2766,tp_gap_filled,28.4935,2026.21,3.045,61.71,2,2026.21,2087.91
50,F,2024-09-25,2024-09-26,2024-09-27,2-3%,-2.576,10.6006,10.8591,tp_gap_filled,190.8115,2022.71,2.439,49.33,1,2022.71,2072.05
50,BKR,2024-09-26,2024-09-27,2024-09-30,2-3%,-2.302,35.2552,36.0139,tp_gap_filled,57.5253,2028.07,2.152,43.65,1,2028.07,2071.71
50,APA,2024-09-26,2024-09-27,2024-09-30,2-3%,-2.157,24.064,24.5454,tp_gap_filled,84.3296,2029.31,2.0,40.6,1,2029.31,2069.91
50,HAL,2024-09-26,2024-09-27,2024-09-30,2-3%,-2.009,28.3183,28.8411,tp_gap_filled,71.6885,2030.1,1.846,37.48,1,2030.1,2067.58
50,HUM,2024-09-11,2024-09-12,2024-10-01,3-5%,-4.619,330.7504,277.5525,stop,6.0747,2009.2,-16.084,-323.16,13,2009.2,1686.04
50,COP,2024-09-26,2024-09-27,2024-10-01,2-3%,-2.582,103.103,105.6243,tp_gap_filled,19.6641,2027.43,2.445,49.58,2,2027.43,2077.01
50,EOG,2024-09-26,2024-09-27,2024-10-01,2-3%,-2.232,121.9018,124.4354,tp_gap_filled,16.6456,2029.13,2.078,42.17,2,2029.13,2071.31
50,FANG,2024-09-26,2024-10-01,2024-10-02,2-3%,-2.487,176.216,180.3495,tp_gap_filled,11.4272,2013.65,2.346,47.23,1,2013.65,2060.89
50,FCX,2024-09-30,2024-10-01,2024-10-02,2-3%,-2.201,50.2602,51.2887,tp_gap_filled,40.0705,2013.95,2.046,41.21,1,2013.95,2055.16
50,NVDA,2024-09-30,2024-10-01,2024-10-03,2-3%,-2.545,118.4283,121.2786,tp_gap_filled,17.0067,2014.07,2.407,48.47,2,2014.07,2062.55
50,OKE,2024-09-26,2024-10-01,2024-10-03,2-3%,-2.08,92.8127,94.5953,tp_gap_filled,21.7001,2014.05,1.921,38.68,2,2014.05,2052.73
50,PANW,2024-09-04,2024-09-05,2024-10-08,3-5%,-3.315,171.8216,177.3575,tp_gap_filled,11.6367,1999.43,3.222,64.42,23,1999.43,2063.85
50,CPRT,2024-09-05,2024-09-06,2024-10-08,5-10%,-5.749,50.05,52.9969,tp_gap_filled,39.8894,1996.47,5.888,117.55,22,1996.47,2114.02
50,NOW,2024-09-25,2024-10-01,2024-10-08,2-3%,-2.721,179.8737,184.5353,tp_gap_filled,11.2052,2015.52,2.592,52.23,5,2015.52,2067.75
50,ECHO,2024-10-01,2024-10-02,2024-10-08,2-3%,-2.659,24.1842,24.7952,tp_gap_filled,83.1241,2010.29,2.527,50.79,4,2010.29,2061.08
50,CIEN,2024-10-07,2024-10-08,2024-10-09,3-5%,-3.299,64.5545,66.6233,tp_gap_filled,31.0079,2001.7,3.205,64.15,1,2001.7,2065.85
50,MCK,2024-09-24,2024-09-27,2024-10-10,3-5%,-3.467,487.9775,504.495,tp_gap_filled,4.1546,2027.34,3.385,68.62,9,2027.34,2095.97
50,HPQ,2024-09-27,2024-09-30,2024-10-10,2-3%,-2.958,35.7958,36.8131,tp_gap_filled,56.7769,2032.37,2.842,57.76,8,2032.37,2090.14
50,APA,2024-10-08,2024-10-09,2024-10-10,2-3%,-2.633,26.2863,26.943,tp_gap_filled,76.6261,2014.21,2.499,50.33,1,2014.21,2064.54
50,F,2024-09-30,2024-10-02,2024-10-11,2-3%,-2.783,10.4905,10.7692,tp_gap_filled,191.6333,2010.33,2.657,53.42,7,2010.33,2063.74
50,DPZ,2024-10-07,2024-10-08,2024-10-11,3-5%,-3.012,412.9125,424.8847,tp_gap_filled,4.8488,2002.13,2.899,58.05,3,2002.13,2060.18
50,ARES,2024-10-08,2024-10-09,2024-10-11,3-5%,-3.463,155.155,160.3994,tp_gap_filled,12.9772,2013.48,3.38,68.06,2,2013.48,2081.53
50,LVS,2024-10-08,2024-10-09,2024-10-11,3-5%,-3.281,51.6316,53.2767,tp_gap_filled,39.0121,2014.26,3.186,64.18,2,2014.26,2078.43
50,EL,2024-10-08,2024-10-09,2024-10-11,2-3%,-2.874,93.3733,95.944,tp_gap_filled,21.5746,2014.49,2.753,55.46,2,2014.49,2069.95
50,TDG,2024-10-04,2024-10-07,2024-10-14,3-5%,-4.446,1357.356,1417.6709,tp_gap_filled,1.4686,1993.42,4.444,88.58,5,1993.42,2082.0
50,SBAC,2024-10-04,2024-10-07,2024-10-14,2-3%,-2.38,234.4342,239.6701,tp_gap_filled,8.503,1993.4,2.233,44.52,5,1993.4,2037.92
50,GNRC,2024-10-10,2024-10-11,2024-10-14,3-5%,-3.958,165.6355,172.1177,tp_gap_filled,12.1633,2014.67,3.914,78.85,1,2014.67,2093.51
50,SMCI,2024-10-10,2024-10-11,2024-10-14,3-5%,-3.151,45.8458,47.2427,tp_gap_filled,43.9867,2016.6,3.047,61.45,1,2016.6,2078.05
50,GM,2024-09-23,2024-09-24,2024-10-15,2-3%,-2.619,47.6476,48.8311,tp_gap_filled,42.5171,2025.84,2.484,50.32,15,2025.84,2076.16
50,TSN,2024-09-25,2024-09-26,2024-10-15,3-5%,-3.09,58.7087,60.4595,tp_gap_filled,34.4542,2022.76,2.982,60.32,13,2022.76,2083.08
50,GPN,2024-09-25,2024-09-27,2024-10-15,2-3%,-2.938,100.8608,103.7062,tp_gap_filled,20.1007,2027.37,2.821,57.19,12,2027.37,2084.56
50,UHS,2024-09-30,2024-10-01,2024-10-15,2-3%,-2.544,224.2941,229.6901,tp_gap_filled,8.9774,2013.59,2.406,48.44,10,2013.59,2062.03
50,WSM,2024-09-20,2024-10-09,2024-10-15,2-3%,-2.679,146.2061,149.9299,tp_gap_filled,13.7794,2014.63,2.547,51.31,4,2014.63,2065.94
50,ELV,2024-10-02,2024-10-03,2024-10-17,2-3%,-2.378,499.5991,444.1986,stop,3.9993,1998.02,-11.089,-221.56,10,1998.02,1776.46
50,V,2024-09-24,2024-10-14,2024-10-17,2-3%,-2.928,280.4602,288.3414,tp_gap_filled,7.2374,2029.81,2.81,57.04,3,2029.81,2086.85
50,APP,2024-10-14,2024-10-16,2024-10-21,3-5%,-3.898,141.4113,146.853,tp_gap_filled,14.3677,2031.76,3.848,78.19,3,2031.76,2109.94
50,SW,2024-10-17,2024-10-18,2024-10-23,3-5%,-3.635,43.7837,45.3446,tp_gap_filled,46.2057,2023.06,3.565,72.12,3,2023.06,2095.18
50,TSLA,2024-10-02,2024-10-03,2024-10-24,3-5%,-4.058,247.7976,257.762,tp_gap_filled,8.0662,1998.78,4.021,80.37,15,1998.78,2079.15
50,NXPI,2024-09-30,2024-10-01,2024-10-25,3-5%,-3.078,237.6274,244.6851,tp_gap_filled,8.4928,2018.11,2.97,59.94,18,2018.11,2078.05
50,BKR,2024-10-15,2024-10-16,2024-10-25,2-3%,-2.896,36.5865,37.6024,tp_gap_filled,55.5291,2031.62,2.776,56.41,7,2031.62,2088.03
50,ON,2024-09-30,2024-10-01,2024-10-28,2-3%,-2.796,72.3823,74.3156,tp_gap_filled,27.8557,2016.26,2.671,53.85,19,2016.26,2070.11
50,DHI,2024-09-20,2024-09-23,2024-10-29,2-3%,-2.329,192.6625,171.2981,stop,10.5024,2023.42,-11.089,-224.38,26,2023.42,1799.04
50,IBKR,2024-10-16,2024-10-17,2024-10-29,3-5%,-3.105,37.0946,38.2068,tp_gap_filled,54.451,2019.83,2.998,60.56,8,2019.83,2080.39
50,GRMN,2024-09-13,2024-09-16,2024-10-30,5-10%,-5.22,173.3932,182.5772,tp_gap_filled,11.6124,2013.51,5.297,106.65,32,2013.51,2120.15
50,SWKS,2024-09-16,2024-09-19,2024-10-30,2-3%,-2.342,100.1701,89.0622,stop,20.2147,2024.9,-11.089,-224.54,29,2024.9,1800.36
50,APTV,2024-09-30,2024-10-01,2024-10-31,3-5%,-3.543,71.6816,60.1523,stop,28.163,2018.77,-16.084,-324.7,22,2018.77,1694.07
50,COP,2024-10-15,2024-10-16,2024-10-31,3-5%,-3.17,106.106,109.3605,tp_gap_filled,19.1505,2031.98,3.067,62.33,11,2031.98,2094.31
50,WYNN,2024-10-03,2024-10-15,2024-11-05,2-3%,-2.029,100.07,88.9732,stop,20.2156,2022.97,-11.089,-224.33,15,2022.97,1798.64
50,FERG,2024-09-20,2024-09-24,2024-11-06,2-3%,-2.416,203.3531,207.9718,tp_gap_filled,9.9639,2026.2,2.271,46.02,31,2026.2,2072.22
50,CSX,2024-10-17,2024-10-18,2024-11-06,3-5%,-4.426,33.9339,35.4345,tp_gap_filled,59.611,2022.83,4.422,89.45,13,2022.83,2112.29
50,CSGP,2024-10-23,2024-10-24,2024-11-06,5-10%,-5.763,72.5124,76.7931,tp_gap_filled,27.5725,1999.35,5.903,118.03,9,1999.35,2117.38
50,TXT,2024-10-24,2024-10-25,2024-11-06,5-10%,-5.606,82.082,86.7831,tp_gap_filled,24.3276,1996.86,5.727,114.37,8,1996.86,2111.22
50,FIX,2024-10-25,2024-10-28,2024-11-06,5-10%,-5.688,390.34,413.0565,tp_gap_filled,5.1195,1998.36,5.82,116.3,7,1998.36,2114.65
50,COHR,2024-10-18,2024-10-21,2024-11-07,3-5%,-4.722,97.3472,101.9679,tp_gap_filled,20.5946,2004.83,4.747,95.16,13,2004.83,2099.99
50,APA,2024-10-15,2024-10-21,2024-11-08,3-5%,-3.783,25.7157,21.5796,stop,77.9652,2004.93,-16.084,-322.47,14,2004.93,1682.46
50,MRNA,2024-09-12,2024-09-13,2024-11-11,10%+,-14.615,67.9579,42.7707,stop,29.6001,2011.56,-37.063,-745.54,41,2011.56,1266.01
50,PYPL,2024-10-29,2024-10-30,2024-11-11,5-10%,-6.64,78.118,83.5064,tp_gap_filled,25.4519,1988.25,6.898,137.14,8,1988.25,2125.4
50,BAX,2024-09-30,2024-10-01,2024-11-12,2-3%,-2.981,37.7877,33.5975,stop,53.3823,2017.2,-11.089,-223.69,30,2017.2,1793.51
50,FCX,2024-10-03,2024-10-10,2024-11-12,2-3%,-2.322,49.6896,44.1796,stop,40.3889,2006.91,-11.089,-222.55,23,2006.91,1784.37
50,MRK,2024-09-09,2024-09-26,2024-11-15,3-5%,-3.98,113.2632,95.0459,stop,17.8595,2022.82,-16.084,-325.35,36,2022.82,1697.47
50,VLO,2024-10-15,2024-10-17,2024-11-15,3-5%,-3.308,136.6365,141.0288,tp_gap_filled,14.7825,2019.83,3.215,64.93,21,2019.83,2084.76
50,ZBH,2024-09-05,2024-09-27,2024-11-18,5-10%,-5.084,108.7687,114.3655,tp_gap_filled,18.6409,2027.55,5.146,104.33,36,2027.55,2131.88
50,AVGO,2024-10-11,2024-10-14,2024-11-20,2-3%,-2.45,181.3211,161.2144,stop,11.1947,2029.84,-11.089,-225.09,27,2029.84,1804.75
50,FDX,2024-09-20,2024-09-24,2024-11-22,10%+,-13.19,210.3391,241.8127,tp_gap_filled,9.6285,2025.26,14.963,303.05,43,2025.26,2328.3
50,GEHC,2024-09-26,2024-10-02,2024-11-22,2-3%,-2.14,91.111,81.0077,stop,22.0673,2010.58,-11.089,-222.95,37,2010.58,1787.62
50,F,2024-10-29,2024-10-30,2024-11-22,5-10%,-7.388,10.5405,11.3586,tp_gap_filled,188.6547,1988.52,7.761,154.34,17,1988.52,2142.86
50,ESS,2024-09-24,2024-09-25,2024-11-25,2-3%,-2.471,302.302,309.3403,tp_gap_filled,6.6761,2018.19,2.328,46.99,43,2018.19,2065.18
50,VMRK,2024-09-24,2024-09-25,2024-11-27,2-3%,-2.699,75.4253,77.3626,tp_gap_filled,26.7591,2018.31,2.568,51.84,45,2018.31,2070.15
50,TTD,2024-11-08,2024-11-19,2024-12-02,10%+,-12.39,116.2261,132.3975,tp_gap_filled,16.8571,1959.24,13.914,272.6,8,1959.24,2231.84
50,DVN,2024-10-15,2024-10-16,2024-12-06,3-5%,-3.359,41.4714,34.8012,stop,49.0156,2032.75,-16.084,-326.95,36,2032.75,1705.8
50,RDDT,2024-11-22,2024-11-25,2024-12-06,5-10%,-7.98,145.5554,157.862,tp_gap_filled,13.8283,2012.78,8.455,170.18,8,2012.78,2182.96
50,HRL,2024-09-04,2024-11-15,2024-12-09,5-10%,-9.928,29.8799,33.1069,tp_gap_filled,65.7257,1963.88,10.8,212.1,15,1963.88,2175.97
50,CNC,2024-09-04,2024-09-11,2024-12-10,5-10%,-7.628,74.1841,56.6533,time_exit,27.0189,2004.38,-23.632,-473.66,63,2004.38,1530.71
50,LEN,2024-09-20,2024-09-23,2024-12-12,3-5%,-3.617,179.7439,150.8339,stop,11.2583,2023.62,-16.084,-325.48,57,2023.62,1698.14
50,ADBE,2024-09-13,2024-09-16,2024-12-13,5-10%,-9.203,533.1026,465.2243,time_exit,3.7786,2014.38,-12.733,-256.48,63,2014.38,1757.9
50,DLTR,2024-09-04,2024-09-17,2024-12-16,10%+,-10.851,72.8628,69.96,time_exit,27.6938,2017.85,-3.984,-80.39,63,2017.85,1937.46
50,MPC,2024-10-15,2024-10-16,2024-12-16,2-3%,-2.806,158.0979,140.5665,stop,12.8515,2031.79,-11.089,-225.31,42,2031.79,1806.48
50,INTU,2024-11-19,2024-11-25,2024-12-17,5-10%,-6.292,636.7361,678.1312,tp_gap_filled,3.1595,2011.77,6.501,130.79,15,2011.77,2142.56
50,CCI,2024-10-17,2024-10-18,2024-12-18,3-5%,-3.181,112.112,94.0799,stop,18.0496,2023.58,-16.084,-325.47,42,2023.58,1698.11
50,FANG,2024-10-15,2024-10-17,2024-12-19,3-5%,-3.692,183.8437,154.2742,stop,10.9865,2019.81,-16.084,-324.87,44,2019.81,1694.94
50,INVH,2024-09-24,2024-09-26,2024-12-26,3-5%,-3.068,35.4154,32.2577,time_exit,57.1271,2023.18,-8.916,-180.39,63,2023.18,1842.79
50,NKE,2024-10-02,2024-10-03,2025-01-03,5-10%,-7.001,82.9729,73.2367,time_exit,24.0946,1999.2,-11.734,-234.59,63,1999.2,1764.61
50,GIS,2024-09-18,2024-10-03,2025-01-03,3-5%,-3.02,72.3222,63.8161,time_exit,27.6212,1997.63,-11.761,-234.95,63,1997.63,1762.68
50,MU,2024-12-19,2024-12-20,2025-01-07,10%+,-13.301,90.1701,103.7961,tp_gap_filled,21.5315,1941.5,15.111,293.39,10,1941.5,2234.89
50,AMAT,2024-11-15,2024-11-18,2025-01-16,5-10%,-9.495,168.5083,185.814,tp_gap_filled,11.6815,1968.43,10.27,202.16,39,1968.43,2170.58
50,AOS,2024-10-11,2024-10-16,2025-01-17,5-10%,-6.863,80.4203,71.7382,time_exit,25.2654,2031.86,-10.796,-219.36,63,2031.86,1812.5
50,ORCL,2024-12-10,2024-12-13,2025-01-22,5-10%,-8.921,173.6335,190.2595,tp_gap_filled,11.3914,1977.93,9.575,189.39,24,1977.93,2167.32
50,EFX,2024-10-17,2024-10-21,2025-01-23,3-5%,-4.125,278.278,268.6111,time_exit,7.206,2005.28,-3.474,-69.66,63,2005.28,1935.62
50,GE,2024-10-22,2024-10-23,2025-01-23,5-10%,-5.01,184.6845,194.0358,tp_gap_filled,10.7872,1992.23,5.063,100.87,61,1992.23,2093.11
50,MRNA,2025-01-13,2025-01-14,2025-01-23,10%+,-21.183,33.3333,42.2077,tp_gap_filled,58.5946,1953.15,26.623,519.99,6,1953.15,2473.15
50,KMB,2024-10-22,2024-10-23,2025-01-27,3-5%,-4.965,137.1871,131.2786,time_exit,14.5173,1991.59,-4.307,-85.77,63,1991.59,1905.81
50,VRTX,2024-12-19,2024-12-20,2025-01-27,10%+,-12.626,391.391,447.0525,tp_gap_filled,4.9605,1941.48,14.221,276.11,22,1941.48,2217.59
50,TAP,2024-11-07,2025-01-10,2025-01-27,5-10%,-7.024,52.6025,56.4635,tp_gap_filled,36.9512,1943.73,7.34,142.67,10,1943.73,2086.4
50,MCD,2024-10-23,2024-10-25,2025-01-29,5-10%,-6.966,293.0628,289.8199,time_exit,6.814,1996.92,-1.107,-22.1,63,1996.92,1974.82
50,UHS,2024-10-25,2024-10-29,2025-01-31,5-10%,-7.416,208.208,188.3714,time_exit,9.5465,1987.65,-9.527,-189.37,63,1987.65,1798.28
50,SWK,2024-10-29,2024-10-30,2025-02-03,5-10%,-7.938,94.8447,85.0848,time_exit,20.9704,1988.93,-10.29,-204.67,63,1988.93,1784.26
50,CDW,2024-10-30,2024-11-06,2025-02-05,5-10%,-8.954,200.4102,219.6801,tp_gap_filled,9.9852,2001.13,9.615,192.41,60,2001.13,2193.54
50,AMGN,2024-11-26,2024-12-18,2025-02-05,10%+,-10.129,264.4842,293.706,tp_gap_filled,7.3008,1930.94,11.049,213.34,31,1930.94,2144.29
50,CPT,2024-11-01,2025-01-08,2025-02-05,5-10%,-5.182,109.8998,115.6742,tp_gap_filled,17.8449,1961.16,5.254,103.04,18,1961.16,2064.2
50,SWKS,2024-10-30,2024-11-06,2025-02-06,5-10%,-7.783,90.4904,66.8959,stop,22.1195,2001.6,-26.074,-521.9,61,2001.6,1479.7
50,IQV,2024-10-31,2024-11-15,2025-02-06,5-10%,-7.286,200.5003,215.824,tp_gap_filled,9.7905,1962.99,7.643,150.03,54,1962.99,2113.02
50,CTAS,2024-12-19,2025-01-07,2025-02-06,5-10%,-5.739,192.8527,204.1856,tp_gap_filled,10.1738,1962.05,5.876,115.3,20,1962.05,2077.35
50,COHR,2025-01-27,2025-01-30,2025-02-06,10%+,-12.289,88.088,100.2297,tp_gap_filled,22.8701,2014.58,13.784,277.68,5,2014.58,2292.27
50,EL,2024-10-31,2024-11-05,2025-02-07,10%+,-24.383,65.9659,64.965,time_exit,30.2462,1995.22,-1.517,-30.27,63,1995.22,1964.95
50,LLY,2024-10-30,2024-11-05,2025-02-07,10%+,-11.629,799.2985,877.4317,time_exit,2.4961,1995.16,9.775,195.03,63,1995.16,2190.19
50,MTD,2024-11-08,2025-01-24,2025-02-07,3-5%,-4.866,1344.1728,1410.1085,tp_gap_filled,1.4894,2002.0,4.905,98.2,10,2002.0,2100.2
50,GPC,2024-10-22,2024-11-06,2025-02-10,10%+,-15.847,120.5604,118.3216,time_exit,16.5911,2000.22,-1.857,-37.15,63,2000.22,1963.08
50,FSLR,2024-11-06,2024-11-07,2025-02-11,10%+,-12.668,188.7285,161.4384,time_exit,10.612,2002.79,-14.46,-289.6,63,2002.79,1713.19
50,ABNB,2024-11-08,2024-11-12,2025-02-14,5-10%,-8.618,134.8047,147.2226,tp_gap_filled,14.6813,1979.11,9.212,182.31,63,1979.11,2161.42
50,SMCI,2024-10-30,2024-11-26,2025-02-18,10%+,-29.051,34.8848,49.0709,tp_gap_filled,57.474,2004.97,40.665,815.33,54,2004.97,2820.3
50,MU,2025-01-27,2025-02-06,2025-02-18,5-10%,-8.072,94.9549,103.0868,tp_gap_filled,21.1241,2005.84,8.564,171.78,7,2005.84,2177.62
50,ELV,2024-10-17,2024-11-15,2025-02-20,10%+,-18.523,405.3149,390.1095,time_exit,4.8464,1964.32,-3.752,-73.69,63,1964.32,1890.63
50,ABBV,2024-11-11,2024-11-22,2025-02-20,10%+,-10.491,178.7486,199.3005,tp_gap_filled,11.1533,1993.64,11.498,229.22,58,1993.64,2222.87
50,TXN,2025-01-24,2025-01-27,2025-02-20,5-10%,-5.289,190.19,200.4094,tp_gap_filled,10.5879,2013.72,5.373,108.2,17,2013.72,2121.92
50,TGT,2024-11-20,2024-11-25,2025-02-28,10%+,-17.949,128.128,124.1158,time_exit,15.7032,2012.02,-3.131,-63.01,63,2012.02,1949.02
50,DELL,2024-11-27,2024-12-02,2025-03-06,10%+,-11.867,125.0449,92.927,time_exit,16.2119,2027.21,-25.685,-520.69,63,2027.21,1506.52
50,ADSK,2024-11-27,2024-12-02,2025-03-06,5-10%,-7.787,293.4932,260.1296,time_exit,6.9081,2027.47,-11.368,-230.48,63,2027.47,1796.99
50,CMCSA,2025-01-30,2025-02-06,2025-03-07,5-10%,-7.869,32.2909,34.979,tp_gap_filled,62.1123,2005.66,8.325,166.96,20,2005.66,2172.63
50,HII,2025-02-06,2025-02-10,2025-03-07,10%+,-12.471,171.3612,195.3844,tp_gap_filled,11.747,2012.98,14.019,282.2,18,2012.98,2295.18
50,VRT,2025-02-03,2025-02-20,2025-03-10,5-10%,-9.631,105.8557,78.2549,stop,19.1045,2022.32,-26.074,-527.3,12,2022.32,1495.02
50,UNH,2024-10-15,2024-12-06,2025-03-12,5-10%,-8.817,552.572,480.6289,time_exit,3.6443,2013.75,-13.02,-262.18,63,2013.75,1751.56
50,BBY,2024-11-26,2024-12-10,2025-03-14,5-10%,-6.955,86.6466,71.4185,time_exit,23.1721,2007.78,-17.575,-352.87,63,2007.78,1654.92
50,FERG,2024-12-10,2024-12-11,2025-03-17,10%+,-10.104,195.9357,162.4074,time_exit,10.2155,2001.58,-17.112,-342.51,63,2001.58,1659.07
50,ADM,2024-11-05,2024-12-18,2025-03-24,5-10%,-8.68,50.5505,45.8841,time_exit,38.1819,1930.11,-9.231,-178.17,63,1930.11,1751.94
50,INCY,2024-11-19,2024-12-19,2025-03-25,10%+,-12.81,67.1771,62.0179,time_exit,28.6486,1924.53,-7.68,-147.8,63,1924.53,1776.73
50,UHS,2025-02-28,2025-03-12,2025-03-25,5-10%,-8.304,170.7806,185.8739,tp_gap_filled,11.0707,1890.66,8.838,167.09,9,1890.66,2057.75
50,LEN,2024-12-19,2024-12-20,2025-03-26,5-10%,-6.119,132.7561,117.7521,time_exit,14.6288,1942.06,-11.302,-219.49,63,1942.06,1722.57
50,ARES,2025-02-05,2025-02-20,2025-04-03,5-10%,-7.269,181.3412,134.0583,stop,11.1498,2021.93,-26.074,-527.2,30,2021.93,1494.73
50,JBHT,2025-01-17,2025-01-21,2025-04-04,5-10%,-6.015,175.175,129.4999,stop,11.3613,1990.22,-26.074,-518.93,52,1990.22,1471.29
50,SNPS,2024-12-05,2025-01-22,2025-04-04,5-10%,-7.395,545.0645,402.9444,stop,3.66,1994.94,-26.074,-520.16,51,1994.94,1474.78
50,ETN,2024-10-31,2025-01-27,2025-04-04,5-10%,-5.195,325.325,240.4998,stop,6.1878,2013.05,-26.074,-524.88,48,2013.05,1488.16
50,CEG,2025-01-27,2025-01-29,2025-04-04,10%+,-15.824,292.7525,184.2496,stop,6.8099,1993.6,-37.063,-738.89,46,1993.6,1254.71
50,CIEN,2025-01-27,2025-01-30,2025-04-04,10%+,-12.44,84.6846,53.2979,stop,23.7895,2014.6,-37.063,-746.67,45,2014.6,1267.93
50,USB,2025-01-16,2025-01-17,2025-04-07,5-10%,-5.914,47.9379,35.4386,stop,41.1067,1970.57,-26.074,-513.81,54,1970.57,1456.76
50,ORCL,2025-01-27,2025-01-30,2025-04-07,5-10%,-8.007,169.0689,124.9859,stop,11.9221,2015.66,-26.074,-525.56,46,2015.66,1490.1
50,GOOGL,2025-02-05,2025-02-06,2025-04-07,5-10%,-7.418,191.2611,141.3917,stop,10.4866,2005.68,-26.074,-522.96,41,2005.68,1482.72
50,GOOG,2025-02-05,2025-02-06,2025-04-07,5-10%,-7.034,193.2931,142.8939,stop,10.3767,2005.75,-26.074,-522.98,41,2005.75,1482.77
50,AMD,2025-02-05,2025-02-07,2025-04-07,5-10%,-9.95,107.7176,79.6313,stop,18.5272,1995.71,-26.074,-520.36,40,1995.71,1475.35
50,APTV,2024-10-31,2025-01-06,2025-04-08,5-10%,-9.613,62.4924,49.3106,time_exit,31.4004,1962.29,-21.093,-413.91,63,1962.29,1548.38
50,GEV,2025-04-04,2025-04-07,2025-04-08,5-10%,-6.887,277.4372,297.3623,tp_gap_filled,6.3571,1763.7,7.182,126.67,1,1763.7,1890.36
50,APP,2025-04-04,2025-04-07,2025-04-09,5-10%,-7.1,243.6234,261.718,tp_gap_filled,7.2462,1765.35,7.427,131.12,2,1765.35,1896.47
50,SBAC,2025-04-07,2025-04-09,2025-04-11,5-10%,-7.485,203.6534,219.6901,tp_gap_filled,8.9082,1814.19,7.874,142.86,2,1814.19,1957.04
50,KHC,2025-02-12,2025-04-08,2025-04-14,5-10%,-6.93,27.5575,29.5504,tp_gap_filled,63.5681,1751.78,7.232,126.68,4,1751.78,1878.46
50,CVNA,2025-04-10,2025-04-11,2025-04-15,5-10%,-7.911,40.6406,44.0439,tp_gap_filled,44.0634,1790.76,8.374,149.96,2,1790.76,1940.72
50,DLTR,2025-04-03,2025-04-04,2025-04-17,10%+,-11.628,68.6186,77.4924,tp_gap_filled,25.8524,1773.96,12.932,229.41,9,1773.96,2003.37
50,DHI,2024-10-29,2025-01-21,2025-04-22,10%+,-15.074,153.3432,124.835,time_exit,12.9952,1992.73,-18.591,-370.47,63,1992.73,1622.26
50,RCL,2025-04-03,2025-04-09,2025-04-23,5-10%,-7.574,196.186,211.838,tp_gap_filled,9.2347,1811.72,7.978,144.54,9,1811.72,1956.27
50,ON,2025-04-10,2025-04-15,2025-04-24,5-10%,-6.684,36.6166,39.1608,tp_gap_filled,49.0418,1795.74,6.948,124.77,6,1795.74,1920.52
50,DELL,2025-04-03,2025-04-14,2025-04-25,10%+,-10.049,85.8357,95.2347,tp_gap_filled,20.9677,1799.78,10.95,197.07,8,1799.78,1996.86
50,AMD,2025-04-16,2025-04-17,2025-04-25,5-10%,-8.06,87.6976,95.1947,tp_gap_filled,20.4199,1790.77,8.549,153.09,5,1790.77,1943.86
50,APH,2025-01-27,2025-01-30,2025-05-01,5-10%,-8.058,35.5205,38.5564,tp_gap_filled,56.7366,2015.31,8.547,172.25,63,2015.31,2187.56
50,NVDA,2025-04-16,2025-04-23,2025-05-01,5-10%,-6.818,104.6546,112.0878,tp_gap_filled,17.403,1821.3,7.103,129.36,6,1821.3,1950.66
50,PWR,2025-01-27,2025-01-31,2025-05-02,10%+,-12.035,315.2549,320.8189,time_exit,6.3692,2007.92,1.765,35.44,63,2007.92,2043.35
50,NOW,2025-01-30,2025-01-31,2025-05-02,10%+,-10.188,205.6294,195.2765,time_exit,9.76,2006.94,-5.035,-101.04,63,2006.94,1905.9
50,DLR,2025-01-27,2025-01-31,2025-05-02,5-10%,-7.961,166.2961,164.3855,time_exit,12.0662,2006.56,-1.149,-23.05,63,2006.56,1983.51
50,RL,2025-04-03,2025-04-09,2025-05-05,10%+,-11.576,209.199,236.1137,tp_gap_filled,8.6552,1810.65,12.866,232.95,17,1810.65,2043.6
50,MRK,2025-02-04,2025-02-05,2025-05-07,10%+,-10.813,89.089,79.0409,time_exit,22.4786,2002.6,-11.279,-225.87,63,2002.6,1776.73
50,PH,2025-04-03,2025-04-09,2025-05-08,5-10%,-8.406,576.6861,628.351,tp_gap_filled,3.1395,1810.51,8.959,162.2,20,1810.51,1972.71
50,C,2025-04-03,2025-04-15,2025-05-08,5-10%,-7.79,66.2362,71.6882,tp_gap_filled,27.1363,1797.41,8.231,147.95,16,1797.41,1945.36
50,BAC,2025-04-03,2025-04-15,2025-05-08,5-10%,-7.694,38.6686,41.8081,tp_gap_filled,46.4556,1796.37,8.119,145.85,16,1796.37,1942.22
50,BX,2025-04-03,2025-04-09,2025-05-12,5-10%,-6.881,137.6375,147.5123,tp_gap_filled,13.1919,1815.7,7.175,130.27,22,1815.7,1945.97
50,BBY,2025-04-03,2025-04-23,2025-05-12,10%+,-12.452,66.3663,75.6543,tp_gap_filled,27.4671,1822.89,13.995,255.11,13,1822.89,2078.0
50,INTC,2025-04-25,2025-04-30,2025-05-12,5-10%,-8.19,19.7497,21.4685,tp_gap_filled,94.4716,1865.79,8.703,162.38,8,1865.79,2028.16
50,ACN,2025-03-20,2025-03-21,2025-05-13,5-10%,-8.728,296.4461,324.1455,tp_gap_filled,6.4038,1898.38,9.344,177.38,36,1898.38,2075.76
50,FIS,2025-02-11,2025-02-12,2025-05-14,10%+,-12.896,72.072,77.972,time_exit,27.6323,1991.51,8.186,163.03,63,1991.51,2154.54
50,DVA,2025-02-14,2025-02-18,2025-05-19,10%+,-13.024,154.154,144.815,time_exit,13.1524,2027.49,-6.058,-122.83,63,2027.49,1904.66
50,REGN,2025-04-29,2025-05-06,2025-05-20,5-10%,-8.039,562.3117,610.2491,tp_gap_filled,3.3404,1878.33,8.525,160.13,10,1878.33,2038.46
50,AVGO,2025-01-27,2025-02-24,2025-05-23,10%+,-12.791,213.6134,228.4913,time_exit,9.2434,1974.51,6.965,137.52,63,1974.51,2112.03
50,UPS,2025-01-30,2025-02-24,2025-05-23,10%+,-12.251,117.5074,95.2746,time_exit,16.7944,1973.46,-18.92,-373.38,63,1973.46,1600.08
50,PNC,2025-01-16,2025-02-25,2025-05-27,5-10%,-7.454,185.6855,176.0638,time_exit,10.613,1970.68,-5.182,-102.12,63,1970.68,1868.56
50,SRE,2025-02-25,2025-02-26,2025-05-28,10%+,-16.976,72.4524,77.4225,time_exit,27.2913,1977.32,6.86,135.64,63,1977.32,2112.96
50,VTRS,2025-02-27,2025-02-28,2025-05-30,10%+,-17.616,9.2693,8.7812,time_exit,211.7528,1962.79,-5.265,-103.35,63,1962.79,1859.45
50,NTAP,2025-02-28,2025-03-03,2025-06-02,10%+,-15.979,99.4293,98.6712,time_exit,19.4139,1930.31,-0.762,-14.72,63,1930.31,1915.59
50,VZ,2025-03-11,2025-03-13,2025-06-12,5-10%,-6.991,43.2832,43.1168,time_exit,43.1922,1869.5,-0.384,-7.19,63,1869.5,1862.31
50,MOS,2025-06-06,2025-06-10,2025-06-16,5-10%,-5.769,34.3343,36.3636,tp_gap_filled,56.2608,1931.67,5.91,114.17,4,1931.67,2045.84
50,APA,2025-04-03,2025-06-10,2025-06-17,5-10%,-6.968,19.7798,21.2188,tp_gap_filled,97.7085,1932.65,7.275,140.6,5,1932.65,2073.25
50,UAL,2025-06-13,2025-06-17,2025-06-24,5-10%,-5.489,73.2532,77.3526,tp_gap_filled,26.0724,1909.89,5.596,106.88,4,1909.89,2016.77
50,NKE,2025-03-21,2025-03-25,2025-06-25,5-10%,-7.334,66.6566,60.7692,time_exit,28.7742,1917.99,-8.832,-169.41,63,1917.99,1748.59
50,GM,2025-03-27,2025-03-28,2025-06-30,5-10%,-7.772,47.037,49.1608,time_exit,39.682,1866.52,4.515,84.28,63,1866.52,1950.8
50,WSM,2025-05-22,2025-06-02,2025-07-01,5-10%,-6.801,156.6565,167.7521,tp_gap_filled,12.243,1917.94,7.083,135.84,20,1917.94,2053.79
50,FDX,2025-03-21,2025-04-03,2025-07-07,10%+,-10.723,177.3004,189.2465,time_exit,10.265,1820.0,6.738,122.63,63,1820.0,1942.62
50,GRMN,2025-04-03,2025-04-09,2025-07-10,10%+,-13.221,189.4292,217.8519,tp_gap_filled,9.5551,1810.02,15.004,271.58,62,1810.02,2081.6
50,TSLA,2025-07-01,2025-07-08,2025-07-14,5-10%,-6.044,298.7585,317.3423,tp_gap_filled,6.4892,1938.71,6.22,120.59,4,1938.71,2059.3
50,AAPL,2025-04-03,2025-04-14,2025-07-16,5-10%,-8.196,205.7455,209.9498,time_exit,8.7463,1799.51,2.043,36.77,63,1799.51,1836.28
50,ALB,2025-07-11,2025-07-14,2025-07-17,5-10%,-5.345,70.3703,74.1957,tp_gap_filled,27.4447,1931.29,5.436,104.99,3,1931.29,2036.28
50,NOC,2025-04-22,2025-04-28,2025-07-22,5-10%,-8.767,485.2347,530.7987,tp_gap_filled,3.8397,1863.14,9.39,174.95,58,1863.14,2038.09
50,SJM,2025-06-10,2025-07-03,2025-07-29,5-10%,-6.124,105.105,111.7381,tp_gap_filled,18.4318,1937.27,6.311,122.26,17,1937.27,2059.54
50,SWKS,2025-02-06,2025-04-30,2025-07-31,10%+,-28.17,62.6125,68.4715,time_exit,29.7831,1864.8,9.357,174.5,63,1864.8,2039.29
50,TMUS,2025-04-25,2025-04-30,2025-07-31,5-10%,-7.258,243.3931,238.1716,time_exit,7.6685,1866.45,-2.145,-40.04,63,1866.45,1826.41
50,PTC,2025-07-10,2025-07-17,2025-07-31,5-10%,-5.759,198.5484,210.2595,tp_gap_filled,9.7047,1926.85,5.898,113.65,10,1926.85,2040.51
50,TSLA,2025-07-24,2025-07-25,2025-08-08,5-10%,-6.784,310.31,332.2274,tp_gap_filled,6.2735,1946.74,7.063,137.5,10,1946.74,2084.24
50,KLAC,2025-07-31,2025-08-01,2025-08-11,5-10%,-6.545,86.5314,92.4065,tp_gap_filled,21.8352,1889.43,6.79,128.28,6,1889.43,2017.72
50,AMAT,2025-07-31,2025-08-01,2025-08-11,5-10%,-6.077,178.0579,189.2006,tp_gap_filled,10.6166,1890.36,6.258,118.3,6,1890.36,2008.66
50,SWK,2025-04-03,2025-05-12,2025-08-12,5-10%,-7.508,71.2712,71.3586,time_exit,27.0257,1926.15,0.123,2.36,63,1926.15,1928.51
50,ELV,2025-04-17,2025-05-13,2025-08-13,10%+,-10.353,390.39,294.1356,time_exit,4.9382,1927.83,-24.656,-475.33,63,1927.83,1452.51
50,HPQ,2025-05-29,2025-06-13,2025-08-13,10%+,-12.426,23.8438,27.1728,tp_gap_filled,80.4672,1918.64,13.962,267.87,41,1918.64,2186.52
50,PSKY,2025-07-31,2025-08-05,2025-08-13,5-10%,-9.774,12.012,13.2867,tp_gap_filled,157.6312,1893.47,10.612,200.93,6,1893.47,2094.4
50,INTC,2025-07-25,2025-07-28,2025-08-14,5-10%,-8.617,20.7007,22.6074,tp_gap_filled,93.8876,1943.54,9.211,179.01,13,1943.54,2122.55
50,REGN,2025-05-30,2025-06-09,2025-08-22,10%+,-14.491,518.1776,604.7846,tp_gap_filled,3.7182,1926.66,16.714,322.02,52,1926.66,2248.68
50,WDAY,2025-05-23,2025-05-27,2025-08-26,10%+,-11.199,241.8416,222.6571,time_exit,7.9473,1922.0,-7.933,-152.47,63,1922.0,1769.53
50,ECHO,2025-08-01,2025-08-22,2025-08-26,5-10%,-9.635,29.4795,32.5574,tp_gap_filled,66.626,1964.1,10.441,205.07,2,1964.1,2169.17
50,LLY,2025-08-07,2025-08-14,2025-08-27,5-10%,-9.474,676.3356,745.6236,tp_gap_filled,2.8545,1930.61,10.245,197.78,9,1930.61,2128.39
50,TAP,2025-05-08,2025-05-29,2025-08-28,5-10%,-7.899,52.4023,50.1698,time_exit,36.611,1918.5,-4.26,-81.74,63,1918.5,1836.77
50,ABNB,2025-08-07,2025-08-08,2025-08-28,5-10%,-7.755,120.5004,130.3695,tp_gap_filled,15.6773,1889.12,8.19,154.72,14,1889.12,2043.84
50,ADBE,2025-03-13,2025-06-02,2025-09-02,5-10%,-7.599,405.6753,345.2844,time_exit,4.7283,1918.16,-14.887,-285.55,63,1918.16,1632.61
50,ROST,2025-05-23,2025-06-12,2025-09-04,10%+,-11.593,134.7346,152.0977,tp_gap_filled,14.289,1925.22,12.887,248.1,57,1925.22,2173.32
50,PANW,2025-07-30,2025-07-31,2025-09-04,5-10%,-7.001,180.4503,193.6462,tp_gap_filled,10.575,1908.26,7.313,139.55,24,1908.26,2047.81
50,LMT,2025-07-22,2025-07-23,2025-09-05,5-10%,-8.204,423.1727,460.0695,tp_gap_filled,4.6011,1947.04,8.719,169.76,31,1947.04,2116.81
50,STLD,2025-07-22,2025-07-24,2025-09-05,3-5%,-4.794,128.2081,134.3955,tp_gap_filled,15.1529,1942.72,4.826,93.76,30,1942.72,2036.48
50,BF-B,2025-06-05,2025-06-09,2025-09-09,10%+,-17.199,27.5175,27.4325,time_exit,70.0087,1926.46,-0.309,-5.95,63,1926.46,1920.52
50,CRL,2025-08-06,2025-08-15,2025-09-09,5-10%,-6.156,157.3372,167.3225,tp_gap_filled,12.3047,1935.99,6.346,122.87,16,1935.99,2058.86
50,GDDY,2025-08-08,2025-08-12,2025-09-10,5-10%,-6.502,140.6205,150.0998,tp_gap_filled,13.5643,1907.42,6.741,128.58,20,1907.42,2036.0
50,SBUX,2025-04-03,2025-06-11,2025-09-11,5-10%,-6.096,93.4433,82.2776,time_exit,20.6096,1925.83,-11.949,-230.12,63,1925.83,1695.71
50,EFX,2025-07-22,2025-07-23,2025-09-11,5-10%,-5.731,245.0048,259.3804,tp_gap_filled,7.9455,1946.7,5.867,114.22,35,1946.7,2060.92
50,DVN,2025-04-03,2025-06-13,2025-09-15,5-10%,-6.619,35.4454,33.7362,time_exit,54.1294,1918.64,-4.822,-92.52,63,1918.64,1826.12
50,OXY,2025-04-03,2025-06-13,2025-09-15,5-10%,-5.737,46.5465,45.4245,time_exit,41.212,1918.28,-2.41,-46.24,63,1918.28,1872.04
50,EOG,2025-04-03,2025-06-13,2025-09-15,5-10%,-5.563,122.8627,117.4225,time_exit,15.6125,1918.2,-4.428,-84.94,63,1918.2,1833.26
50,COHR,2025-08-01,2025-09-12,2025-09-15,5-10%,-5.669,101.6015,107.4924,tp_gap_filled,19.2059,1951.35,5.798,113.14,1,1951.35,2064.49
50,FANG,2025-04-03,2025-06-16,2025-09-16,5-10%,-6.459,151.2111,138.2816,time_exit,12.6918,1919.14,-8.551,-164.1,63,1919.14,1755.05
50,AMAT,2025-08-15,2025-08-18,2025-09-18,10%+,-13.568,162.8627,188.0518,tp_gap_filled,11.8821,1935.15,15.466,299.3,22,1935.15,2234.45
50,TPR,2025-08-14,2025-08-15,2025-09-19,10%+,-15.485,96.0459,113.4165,tp_gap_filled,20.1373,1934.1,18.086,349.79,24,1934.1,2283.9
50,INTU,2025-08-22,2025-08-27,2025-09-19,5-10%,-6.128,655.655,697.0622,tp_gap_filled,2.9975,1965.35,6.315,124.12,16,1965.35,2089.47
50,DELL,2025-08-29,2025-09-03,2025-09-22,5-10%,-7.475,124.154,133.916,tp_gap_filled,15.5962,1936.33,7.863,152.25,13,1936.33,2088.58
50,MOS,2025-08-06,2025-08-08,2025-09-24,10%+,-10.454,31.982,35.6443,tp_gap_filled,59.0685,1889.12,11.451,216.33,32,1889.12,2105.45
50,MRVL,2025-08-29,2025-09-02,2025-09-24,10%+,-16.444,64.5945,77.1528,tp_gap_filled,30.2362,1953.09,19.442,379.71,16,1953.09,2332.81
50,IBM,2025-07-24,2025-07-28,2025-09-25,5-10%,-7.361,261.5112,281.728,tp_gap_filled,7.4318,1943.5,7.731,150.25,42,1943.5,2093.75
50,FOX,2025-09-09,2025-09-18,2025-09-29,3-5%,-4.665,54.2142,56.7532,tp_gap_filled,36.5674,1982.47,4.683,92.85,7,1982.47,2075.32
50,COIN,2025-08-01,2025-08-13,2025-10-03,10%+,-11.282,335.4752,377.3822,tp_gap_filled,5.7857,1940.95,12.492,242.46,36,1940.95,2183.41
50,VRTX,2025-05-06,2025-07-08,2025-10-06,5-10%,-6.923,466.0256,402.4971,time_exit,4.16,1938.68,-13.632,-264.28,63,1938.68,1674.4
50,ETN,2025-08-05,2025-08-06,2025-10-06,5-10%,-6.191,361.3009,384.3752,tp_gap_filled,5.2424,1894.1,6.386,120.97,42,1894.1,2015.07
50,SMCI,2025-08-06,2025-08-07,2025-10-07,10%+,-17.342,47.3773,57.2027,tp_gap_filled,39.9203,1891.32,20.739,392.23,42,1891.32,2283.55
50,ACN,2025-06-20,2025-07-11,2025-10-09,5-10%,-8.143,281.7114,251.788,time_exit,6.8754,1936.88,-10.622,-205.74,63,1936.88,1731.14
50,LYB,2025-07-24,2025-07-25,2025-10-10,5-10%,-6.813,62.7026,46.3536,stop,31.0342,1945.93,-26.074,-507.38,54,1945.93,1438.55
50,ORCL,2025-09-25,2025-10-06,2025-10-13,3-5%,-4.276,295.5653,308.1515,tp_gap_filled,6.8015,2010.28,4.258,85.61,5,2010.28,2095.88
50,CVNA,2025-08-20,2025-10-14,2025-10-15,5-10%,-5.008,65.4654,68.7792,tp_gap_filled,30.5068,1997.14,5.062,101.09,1,1997.14,2098.23
50,CRM,2025-09-04,2025-09-16,2025-10-16,5-10%,-6.391,240.3001,256.1936,tp_gap_filled,8.1453,1957.31,6.614,129.46,22,1957.31,2086.77
50,WAT,2025-07-14,2025-10-01,2025-10-21,10%+,-10.028,317.8375,352.5571,tp_gap_filled,6.2804,1996.14,10.924,218.05,14,1996.14,2214.19
50,OTIS,2025-07-23,2025-07-24,2025-10-22,10%+,-11.872,89.089,91.3286,time_exit,21.806,1942.67,2.514,48.84,63,1942.67,1991.51
50,CMG,2025-07-24,2025-07-25,2025-10-23,10%+,-12.467,46.2462,41.7582,time_exit,42.0682,1945.49,-9.705,-188.8,63,1945.49,1756.69
50,HON,2025-07-24,2025-07-25,2025-10-23,5-10%,-5.496,223.7366,217.9078,time_exit,8.7042,1947.46,-2.605,-50.74,63,1947.46,1896.72
50,NUE,2025-07-29,2025-09-18,2025-10-27,5-10%,-6.76,134.8847,144.3755,tp_gap_filled,14.6988,1982.64,7.036,139.5,27,1982.64,2122.15
50,COIN,2025-10-14,2025-10-15,2025-10-27,3-5%,-4.521,341.1909,356.633,tp_gap_filled,5.8477,1995.19,4.526,90.3,8,1995.19,2085.49
50,RVTY,2025-07-28,2025-07-30,2025-10-28,5-10%,-9.395,94.0239,96.3535,time_exit,20.5186,1929.24,2.478,47.8,63,1929.24,1977.04
50,PYPL,2025-07-29,2025-07-30,2025-10-28,5-10%,-8.297,71.8017,78.1418,tp_gap_filled,26.8509,1927.94,8.83,170.24,63,1927.94,2098.17
50,TT,2025-07-30,2025-07-31,2025-10-29,5-10%,-7.746,434.9345,427.0525,time_exit,4.3868,1907.98,-1.812,-34.58,63,1907.98,1873.41
50,GWW,2025-08-01,2025-08-04,2025-10-31,5-10%,-9.943,937.1162,978.021,time_exit,2.0286,1901.01,4.365,82.98,63,1901.01,1983.99
50,IT,2025-08-05,2025-08-06,2025-11-04,10%+,-27.983,242.7325,226.9428,time_exit,7.8026,1893.95,-6.505,-123.2,63,1893.95,1770.75
50,FTNT,2025-08-07,2025-08-08,2025-11-06,10%+,-23.069,74.3743,80.4595,time_exit,25.4021,1889.27,8.182,154.58,63,1889.27,2043.84
50,BAX,2025-07-31,2025-08-08,2025-11-06,10%+,-15.294,23.7838,17.962,time_exit,79.4354,1889.27,-24.478,-462.45,63,1889.27,1426.82
50,WM,2025-10-28,2025-10-29,2025-11-19,5-10%,-6.919,199.179,213.5562,tp_gap_filled,9.9948,1990.75,7.218,143.7,15,1990.75,2134.44
50,CRL,2025-11-05,2025-11-17,2025-11-25,5-10%,-8.187,163.4533,177.6722,tp_gap_filled,11.7716,1924.11,8.699,167.38,6,1924.11,2091.48
50,LEN,2025-09-19,2025-09-24,2025-11-26,3-5%,-4.794,126.6265,132.7371,tp_gap_filled,15.6353,1979.84,4.826,95.54,45,1979.84,2075.38
50,TGT,2025-08-20,2025-09-02,2025-12-01,10%+,-10.393,94.5044,91.2686,time_exit,20.6667,1953.1,-3.424,-66.87,63,1953.1,1886.22
50,TXN,2025-09-04,2025-09-08,2025-12-05,5-10%,-6.12,183.9438,182.3575,time_exit,10.5758,1945.36,-0.862,-16.78,63,1945.36,1928.58
50,FCX,2025-09-24,2025-10-10,2025-12-05,5-10%,-7.782,41.8718,45.3146,tp_gap_filled,47.2829,1979.82,8.222,162.79,39,1979.82,2142.61
50,HRL,2025-08-28,2025-09-10,2025-12-09,10%+,-14.611,24.8048,23.6064,time_exit,78.4806,1946.69,-4.831,-94.05,63,1946.69,1852.64
50,VRSN,2025-07-29,2025-09-10,2025-12-09,5-10%,-5.876,288.288,242.3274,time_exit,6.7535,1946.95,-15.943,-310.39,63,1946.95,1636.56
50,SNPS,2025-09-10,2025-09-11,2025-12-10,10%+,-29.216,428.2278,475.3542,time_exit,4.5809,1961.65,11.005,215.88,63,1961.65,2177.53
50,NEM,2025-10-21,2025-10-23,2025-12-10,5-10%,-6.176,89.119,94.7951,tp_gap_filled,22.5304,2007.89,6.369,127.88,33,2007.89,2135.77
50,DXCM,2025-10-31,2025-11-03,2025-12-10,10%+,-13.211,59.2492,68.1318,tp_gap_filled,33.1857,1966.22,14.992,294.78,26,1966.22,2261.0
50,DECK,2025-10-24,2025-10-27,2025-12-12,10%+,-13.692,88.5885,102.4375,tp_gap_filled,22.7257,2013.23,15.633,314.73,33,2013.23,2327.96
50,DASH,2025-11-06,2025-11-18,2025-12-19,10%+,-11.235,211.4713,237.762,tp_gap_filled,9.1205,1928.73,12.432,239.79,22,1928.73,2168.51
50,SYK,2025-08-01,2025-09-23,2025-12-22,5-10%,-5.197,372.6923,356.1635,time_exit,5.3117,1979.62,-4.435,-87.8,63,1979.62,1891.83
50,PKG,2025-10-23,2025-10-29,2025-12-26,3-5%,-4.498,199.5494,208.5313,tp_gap_filled,9.9675,1989.0,4.501,89.53,40,1989.0,2078.53
50,TTWO,2025-11-07,2025-11-10,2025-12-26,5-10%,-8.071,232.262,252.1476,tp_gap_filled,8.3732,1944.79,8.562,166.51,32,1944.79,2111.29
50,DRI,2025-09-18,2025-10-02,2026-01-02,5-10%,-7.242,193.8637,187.0228,time_exit,10.3453,2005.58,-3.529,-70.77,63,2005.58,1934.81
50,EFX,2025-10-02,2025-10-03,2026-01-05,5-10%,-7.576,234.8446,220.5692,time_exit,8.5519,2008.37,-6.079,-122.08,63,2008.37,1886.28
50,LMT,2025-10-21,2025-10-22,2026-01-05,3-5%,-4.584,483.1927,505.3941,tp_gap_filled,4.1484,2004.48,4.595,92.1,50,2004.48,2096.58
50,T,2025-07-23,2025-10-06,2026-01-06,3-5%,-4.085,26.3263,24.3157,time_exit,76.3395,2009.74,-7.637,-153.49,63,2009.74,1856.25
50,XYZ,2025-11-07,2025-11-14,2026-01-07,10%+,-13.492,61.4214,70.8591,tp_gap_filled,31.6816,1945.92,15.366,299.0,35,1945.92,2244.93
50,CMG,2025-10-30,2025-10-31,2026-01-08,10%+,-21.353,31.3013,39.7202,tp_gap_filled,63.1404,1976.38,26.897,531.58,46,1976.38,2507.95
50,NKE,2025-12-19,2025-12-24,2026-01-08,5-10%,-9.797,59.2592,65.5644,tp_gap_filled,33.9783,2013.53,10.64,214.24,9,2013.53,2227.77
50,MAS,2025-10-29,2025-10-31,2026-01-09,5-10%,-5.743,64.5645,68.3616,tp_gap_filled,30.6223,1977.11,5.881,116.27,47,1977.11,2093.39
50,MOS,2025-10-10,2025-10-13,2026-01-13,5-10%,-8.493,30.6306,26.1838,time_exit,64.9916,1990.73,-14.518,-289.01,63,1990.73,1701.73
50,PGR,2025-10-15,2025-10-16,2026-01-16,5-10%,-5.932,226.3661,202.1676,time_exit,8.8072,1993.66,-10.69,-213.12,63,1993.66,1780.54
50,ABT,2025-10-15,2025-10-16,2026-01-16,3-5%,-3.947,128.138,121.6382,time_exit,15.5523,1992.85,-5.072,-101.09,63,1992.85,1891.76
50,NFLX,2025-10-22,2025-11-12,2026-01-21,5-10%,-7.931,114.4043,84.5745,stop,17.1798,1965.45,-26.074,-512.47,46,1965.45,1452.98
50,BSX,2026-01-15,2026-01-16,2026-01-26,5-10%,-5.846,88.3483,93.6463,tp_gap_filled,22.7912,2013.57,5.997,120.75,5,2013.57,2134.31
50,ROP,2025-10-23,2025-10-27,2026-01-27,5-10%,-8.231,467.5271,345.6241,stop,4.308,2014.09,-26.074,-525.15,62,2014.09,1488.93
50,FFIV,2025-10-28,2025-10-29,2026-01-28,5-10%,-9.662,262.6124,290.1196,tp_gap_filled,7.5828,1991.33,10.474,208.58,61,1991.33,2199.91
50,NOW,2025-12-15,2025-12-17,2026-01-29,5-10%,-7.752,159.7596,118.1039,stop,12.5279,2001.45,-26.074,-521.86,28,2001.45,1479.59
50,RCL,2025-10-28,2025-12-19,2026-01-29,5-10%,-7.688,295.9357,319.9397,tp_gap_filled,6.7633,2001.49,8.111,162.35,26,2001.49,2163.84
50,PAYX,2025-09-30,2025-10-29,2026-01-30,5-10%,-5.384,121.7316,103.0269,time_exit,16.3509,1990.42,-15.366,-305.84,63,1990.42,1684.58
50,DECK,2026-01-07,2026-01-12,2026-01-30,5-10%,-6.012,101.101,107.3525,tp_gap_filled,20.1068,2032.82,6.183,125.7,13,2032.82,2158.52
50,GRMN,2025-10-29,2025-10-30,2026-02-02,10%+,-11.052,220.8907,206.7131,time_exit,8.9527,1977.57,-6.418,-126.93,63,1977.57,1850.64
50,GNRC,2025-10-29,2025-10-30,2026-02-02,10%+,-10.912,169.5694,170.789,time_exit,11.6561,1976.51,0.719,14.22,63,1976.51,1990.73
50,JCI,2026-01-06,2026-01-07,2026-02-02,5-10%,-7.356,112.7026,121.4085,tp_gap_filled,17.9553,2023.61,7.725,156.32,17,2023.61,2179.92
50,META,2025-10-30,2025-10-31,2026-02-03,10%+,-10.978,669.8192,691.0083,time_exit,2.9513,1976.87,3.163,62.54,63,1976.87,2039.4
50,CHTR,2025-10-30,2025-10-31,2026-02-03,5-10%,-6.855,225.225,212.5273,time_exit,8.7717,1975.6,-5.638,-111.38,63,1975.6,1864.22
50,WDAY,2025-11-26,2025-11-28,2026-02-03,5-10%,-7.852,215.5553,159.3514,stop,9.2212,1987.69,-26.074,-518.27,44,1987.69,1469.42
50,MPC,2025-11-04,2025-12-16,2026-02-04,5-10%,-8.524,179.2791,195.5942,tp_gap_filled,11.1917,2006.43,9.1,182.59,33,2006.43,2189.03
50,HPE,2025-12-05,2026-01-20,2026-02-04,5-10%,-8.734,20.9209,22.8771,tp_gap_filled,95.4842,1997.62,9.35,186.79,11,1997.62,2184.4
50,MKC,2026-01-22,2026-01-27,2026-02-04,3-5%,-4.913,63.3533,66.4934,tp_gap_filled,31.703,2008.49,4.957,99.55,6,2008.49,2108.04
50,SWKS,2026-01-28,2026-01-29,2026-02-05,5-10%,-8.609,54.9349,59.9899,tp_gap_filled,36.4443,2002.06,9.202,184.23,5,2002.06,2186.29
50,OTIS,2026-01-28,2026-01-30,2026-02-05,5-10%,-6.306,84.9248,90.4595,tp_gap_filled,23.5751,2002.11,6.517,130.48,4,2002.11,2132.59
50,CI,2025-10-30,2025-11-05,2026-02-06,10%+,-11.407,265.265,291.7579,time_exit,7.3805,1957.8,9.987,195.53,63,1957.8,2153.33
50,URI,2026-01-29,2026-02-04,2026-02-06,5-10%,-6.436,845.9051,902.2868,tp_gap_filled,2.3621,1998.12,6.665,133.18,2,1998.12,2131.3
50,UBER,2025-11-04,2025-11-06,2026-02-09,5-10%,-7.772,92.062,73.8361,time_exit,21.036,1936.62,-19.797,-383.4,63,1936.62,1553.22
50,FTNT,2025-11-06,2026-01-14,2026-02-09,10%+,-11.559,76.1261,85.904,tp_gap_filled,26.5643,2022.24,12.844,259.74,17,2022.24,2281.98
50,APP,2026-02-04,2026-02-06,2026-02-09,10%+,-12.947,402.402,461.3282,tp_gap_filled,4.9942,2009.69,14.644,294.29,1,2009.69,2303.98
50,NXPI,2026-02-03,2026-02-04,2026-02-10,3-5%,-4.894,219.9898,230.8489,tp_gap_filled,9.0835,1998.27,4.936,98.64,4,1998.27,2096.91
50,SJM,2025-08-27,2025-11-25,2026-02-11,5-10%,-9.342,100.3502,110.4694,tp_gap_filled,19.5486,1961.71,10.084,197.82,52,1961.71,2159.53
50,FCX,2026-01-30,2026-02-04,2026-02-11,5-10%,-5.205,61.8017,65.0649,tp_gap_filled,32.3329,1998.23,5.28,105.51,5,1998.23,2103.74
50,CCI,2026-02-05,2026-02-06,2026-02-11,5-10%,-7.386,79.8297,86.0239,tp_gap_filled,25.1542,2008.05,7.759,155.81,3,2008.05,2163.86
50,CMI,2026-02-05,2026-02-06,2026-02-11,5-10%,-6.78,565.1346,605.0244,tp_gap_filled,3.5542,2008.58,7.058,141.78,3,2008.58,2150.36
50,AXON,2025-11-05,2025-11-11,2026-02-12,10%+,-20.151,564.4039,435.3742,time_exit,3.4628,1954.4,-22.861,-446.8,63,1954.4,1507.6
50,EBAY,2025-10-30,2025-11-11,2026-02-12,10%+,-14.004,85.6856,79.3306,time_exit,22.8152,1954.94,-7.417,-144.99,63,1954.94,1809.95
50,KMB,2025-11-03,2025-11-12,2026-02-13,10%+,-12.547,104.7947,109.3006,time_exit,18.7576,1965.7,4.3,84.52,63,1965.7,2050.22
50,ZBH,2025-11-05,2025-11-13,2026-02-17,10%+,-12.134,90.7507,97.0529,time_exit,21.529,1953.77,6.945,135.68,63,1953.77,2089.45
50,ES,2025-11-19,2026-01-14,2026-02-17,5-10%,-5.541,70.4804,74.4655,tp_gap_filled,28.7047,2023.12,5.654,114.39,22,2023.12,2137.51
50,NEM,2026-01-30,2026-02-03,2026-02-18,5-10%,-7.035,118.118,126.8031,tp_gap_filled,16.8899,1995.01,7.353,146.69,10,1995.01,2141.7
50,OMC,2026-02-03,2026-02-10,2026-02-19,5-10%,-6.194,71.8518,76.4435,tp_gap_filled,28.2342,2028.68,6.391,129.64,6,2028.68,2158.32
50,TYL,2026-02-12,2026-02-18,2026-02-26,5-10%,-5.674,320.32,338.9108,tp_gap_filled,6.3755,2042.21,5.804,118.53,6,2042.21,2160.74
50,ZTS,2025-11-04,2025-11-25,2026-02-27,10%+,-13.523,124.9548,130.9689,time_exit,15.692,1960.79,4.813,94.37,63,1960.79,2055.16
50,IQV,2026-02-12,2026-02-17,2026-02-27,5-10%,-8.043,163.0929,177.0028,tp_gap_filled,12.4421,2029.22,8.529,173.07,8,2029.22,2202.29
50,EXE,2026-02-09,2026-02-11,2026-03-02,5-10%,-5.309,104.6145,110.2596,tp_gap_filled,19.3897,2028.44,5.396,109.46,12,2028.44,2137.9
50,EXPE,2026-02-13,2026-02-17,2026-03-05,5-10%,-6.707,212.212,227.0128,tp_gap_filled,9.5638,2029.55,6.975,141.55,12,2029.55,2171.1
50,PANW,2026-02-18,2026-02-19,2026-03-05,5-10%,-8.532,149.6996,163.3365,tp_gap_filled,13.6528,2043.82,9.11,186.18,10,2043.82,2230.01
50,MU,2026-03-03,2026-03-05,2026-03-10,5-10%,-6.33,386.9365,412.2573,tp_gap_filled,5.2796,2042.87,6.544,133.68,3,2042.87,2176.55
50,DIS,2025-11-13,2025-12-10,2026-03-13,5-10%,-6.652,108.9989,99.1907,time_exit,18.3316,1998.12,-8.998,-179.8,63,1998.12,1818.32
50,SNDK,2026-02-04,2026-02-12,2026-03-16,5-10%,-5.968,654.654,694.8145,tp_gap_filled,3.0802,2016.44,6.135,123.7,21,2016.44,2140.14
50,AKAM,2026-02-20,2026-02-24,2026-03-18,5-10%,-8.988,99.8397,109.4804,tp_gap_filled,20.3793,2034.66,9.656,196.47,16,2034.66,2231.13
50,ISRG,2026-01-14,2026-01-16,2026-03-31,3-5%,-4.959,534.494,448.526,stop,3.767,2013.44,-16.084,-323.84,50,2013.44,1689.6
50,RL,2026-02-05,2026-03-09,2026-04-01,5-10%,-8.238,325.8055,354.3453,tp_gap_filled,6.2076,2022.48,8.76,177.16,17,2022.48,2199.65
50,KLAC,2026-01-30,2026-02-26,2026-04-08,5-10%,-8.59,154.154,168.3025,tp_gap_filled,13.3843,2063.24,9.178,189.37,28,2063.24,2252.61
50,SNDK,2026-03-19,2026-03-20,2026-04-08,5-10%,-6.175,707.8572,752.9363,tp_gap_filled,2.7877,1973.29,6.368,125.67,12,1973.29,2098.95
50,WDAY,2026-02-09,2026-02-11,2026-04-09,5-10%,-8.108,149.8597,110.7853,stop,13.553,2031.04,-26.074,-529.57,39,2031.04,1501.47
50,NOW,2026-01-29,2026-01-30,2026-04-10,5-10%,-8.556,118.6485,87.7121,stop,16.879,2002.66,-26.074,-522.17,48,2002.66,1480.49
50,GOOGL,2026-02-05,2026-02-11,2026-04-14,5-10%,-6.252,312.5322,332.707,tp_gap_filled,6.4941,2029.6,6.455,131.02,42,2029.6,2160.62
50,SYF,2026-01-12,2026-01-13,2026-04-15,5-10%,-8.781,79.3393,75.914,time_exit,25.5264,2025.24,-4.317,-87.43,63,2025.24,1937.81
50,GOOG,2026-02-05,2026-02-11,2026-04-15,5-10%,-6.042,313.5132,333.0067,tp_gap_filled,6.4731,2029.4,6.218,126.18,43,2029.4,2155.58
50,CEG,2026-03-31,2026-04-02,2026-04-15,5-10%,-7.89,275.325,298.3114,tp_gap_filled,7.2018,1982.83,8.349,165.54,8,1982.83,2148.37
50,COF,2026-01-12,2026-01-14,2026-04-16,5-10%,-7.725,230.1799,200.5093,time_exit,8.7861,2022.38,-12.89,-260.69,63,2022.38,1761.69
50,CSCO,2026-02-12,2026-03-04,2026-04-17,5-10%,-6.932,79.6896,85.4545,tp_gap_filled,25.6977,2047.84,7.234,148.14,31,2047.84,2195.99
50,UNH,2026-01-27,2026-01-28,2026-04-21,10%+,-16.4,294.264,351.2884,tp_gap_filled,6.8006,2001.18,19.379,387.8,57,2001.18,2388.98
50,HAL,2026-04-08,2026-04-17,2026-04-22,5-10%,-5.992,36.4364,38.6813,tp_gap_filled,56.5354,2059.95,6.161,126.92,3,2059.95,2186.86
50,ABT,2026-01-22,2026-01-23,2026-04-24,10%+,-10.933,107.6375,91.0389,time_exit,18.7096,2013.86,-15.421,-310.55,63,2013.86,1703.3
50,BRO,2026-01-27,2026-01-28,2026-04-29,5-10%,-6.682,74.3743,61.5784,time_exit,26.9064,2001.14,-17.205,-344.29,63,2001.14,1656.85
50,CVS,2026-01-27,2026-02-02,2026-04-29,10%+,-10.111,75.4654,83.7861,tp_gap_filled,26.5233,2001.59,11.026,220.69,60,2001.59,2222.28
50,VST,2026-01-16,2026-01-29,2026-04-30,5-10%,-7.01,167.7176,157.6822,time_exit,11.9408,2002.69,-5.984,-119.83,63,2002.69,1882.86
50,IP,2026-02-23,2026-02-25,2026-04-30,5-10%,-7.702,43.3033,32.0124,stop,47.2901,2047.81,-26.074,-533.95,45,2047.81,1513.87
50,ROP,2026-01-27,2026-01-30,2026-05-01,5-10%,-9.829,368.8685,357.8618,time_exit,5.4285,2002.41,-2.984,-59.75,63,2002.41,1942.66
50,WDAY,2026-04-23,2026-04-24,2026-05-01,5-10%,-8.863,115.4954,126.4734,tp_gap_filled,17.6813,2042.11,9.505,194.11,5,2042.11,2236.21
50,LVS,2026-01-29,2026-02-02,2026-05-04,5-10%,-9.403,55.5555,51.8081,time_exit,36.0282,2001.56,-6.745,-135.01,63,2001.56,1866.55
50,INTU,2026-04-23,2026-04-24,2026-05-04,5-10%,-5.794,385.385,408.2713,tp_gap_filled,5.3018,2043.23,5.939,121.34,6,2043.23,2164.57
50,APH,2026-01-28,2026-02-03,2026-05-05,10%+,-15.188,70.5705,68.2767,time_exit,28.246,1993.33,-3.25,-64.79,63,1993.33,1928.54
50,SMCI,2026-03-20,2026-03-24,2026-05-06,10%+,-26.859,22.5425,30.7592,tp_gap_filled,87.3389,1968.84,36.45,717.64,30,1968.84,2686.47
50,KHC,2026-01-21,2026-03-18,2026-05-07,5-10%,-6.439,22.2522,23.7362,tp_gap_filled,89.6079,1993.98,6.669,132.98,35,1993.98,2126.95
50,BF-B,2026-04-29,2026-04-30,2026-05-07,5-10%,-7.97,25.5455,27.7023,tp_gap_filled,79.871,2040.35,8.443,172.26,5,2040.35,2212.61
50,EL,2026-02-05,2026-02-06,2026-05-08,10%+,-12.424,104.8547,86.1138,time_exit,19.1705,2010.12,-17.873,-359.27,63,2010.12,1650.85
50,HUM,2026-01-27,2026-04-21,2026-05-08,10%+,-16.557,220.2,263.3664,tp_gap_filled,9.3277,2053.96,19.603,402.64,13,2053.96,2456.6
50,WAT,2026-02-09,2026-02-10,2026-05-12,10%+,-12.851,332.6223,351.8578,time_exit,6.1011,2029.36,5.783,117.36,63,2029.36,2146.72
50,XYL,2026-02-10,2026-02-11,2026-05-13,5-10%,-9.951,126.3662,108.901,time_exit,16.0676,2030.4,-13.821,-280.62,63,2030.4,1749.78
50,STE,2026-02-05,2026-02-11,2026-05-13,5-10%,-9.112,240.4302,210.8889,time_exit,8.4454,2030.53,-12.287,-249.49,63,2030.53,1781.04
50,AIG,2026-01-06,2026-02-11,2026-05-13,5-10%,-5.558,79.7697,75.7042,time_exit,25.4372,2029.12,-5.097,-103.41,63,2029.12,1925.7
50,KLAC,2026-04-28,2026-04-30,2026-05-14,5-10%,-6.369,178.0759,189.81,tp_gap_filled,11.4598,2040.71,6.589,134.47,10,2040.71,2175.18
50,BAX,2026-02-12,2026-02-13,2026-05-15,10%+,-12.348,19.5395,17.2827,time_exit,103.9307,2030.76,-11.55,-234.55,63,2030.76,1796.2
50,INCY,2026-02-10,2026-02-13,2026-05-15,5-10%,-5.531,103.103,95.2147,time_exit,19.7014,2031.28,-7.651,-155.41,63,2031.28,1875.87
50,NOW,2026-04-23,2026-04-24,2026-05-18,10%+,-15.349,87.3372,102.9669,tp_gap_filled,23.3667,2040.78,17.896,365.21,16,2040.78,2406.0
50,IBM,2026-04-23,2026-04-24,2026-05-21,5-10%,-7.778,232.5023,251.6081,tp_gap_filled,8.7884,2043.32,8.217,167.91,19,2043.32,2211.23
50,CRL,2026-02-18,2026-05-19,2026-05-21,5-10%,-7.387,146.9668,158.3715,tp_gap_filled,13.58,1995.81,7.76,154.87,2,1995.81,2150.68
50,IT,2026-02-03,2026-02-23,2026-05-22,10%+,-26.907,148.0879,159.85,time_exit,13.6873,2026.92,7.943,160.99,63,2026.92,2187.91
50,PYPL,2026-02-03,2026-02-23,2026-05-22,10%+,-18.049,42.9279,44.1858,time_exit,47.1971,2026.07,2.93,59.37,63,2026.07,2085.44
50,TGT,2026-05-20,2026-05-21,2026-05-22,5-10%,-5.525,120.3302,127.1128,tp_gap_filled,16.8426,2026.68,5.637,114.24,1,2026.68,2140.91
50,FCX,2026-05-15,2026-05-18,2026-05-29,5-10%,-5.972,62.2522,66.0739,tp_gap_filled,32.303,2010.94,6.139,123.45,8,2010.94,2134.39
50,ADBE,2026-03-13,2026-03-16,2026-06-01,5-10%,-7.703,249.249,269.5102,tp_gap_filled,8.0478,2005.91,8.129,163.06,53,2005.91,2168.97
50,VMC,2026-02-17,2026-03-03,2026-06-02,5-10%,-9.675,296.246,281.5582,time_exit,6.8738,2036.33,-4.958,-100.96,63,2036.33,1935.37
50,APTV,2026-04-01,2026-04-02,2026-06-02,10%+,-13.364,60.2202,69.3706,tp_gap_filled,32.918,1982.33,15.195,301.21,41,1982.33,2283.54
50,COHR,2026-05-15,2026-05-18,2026-06-02,5-10%,-5.487,383.1027,404.5351,tp_gap_filled,5.2461,2009.8,5.594,112.44,10,2009.8,2122.24
50,NRG,2026-03-03,2026-03-04,2026-06-03,5-10%,-7.25,163.0129,133.6262,time_exit,12.5616,2047.71,-18.027,-369.14,63,2047.71,1678.57
50,NCLH,2026-05-04,2026-05-06,2026-06-04,5-10%,-6.858,17.5375,18.7912,tp_gap_filled,116.2752,2039.18,7.148,145.77,20,2039.18,2184.95
50,ABBV,2026-02-04,2026-03-18,2026-06-05,5-10%,-7.037,209.9898,225.4343,tp_gap_filled,9.4971,1994.29,7.355,146.68,55,1994.29,2140.97
50,PODD,2026-05-27,2026-05-28,2026-06-05,5-10%,-6.372,144.144,153.6462,tp_gap_filled,14.1771,2043.55,6.592,134.71,6,2043.55,2178.26
50,ROL,2026-02-12,2026-03-10,2026-06-09,10%+,-15.168,55.7057,47.4825,time_exit,36.2211,2017.72,-14.762,-297.85,63,2017.72,1719.87
50,DVN,2026-04-17,2026-06-09,2026-06-10,5-10%,-5.33,43.3833,45.7342,tp_gap_filled,47.006,2039.28,5.419,110.51,1,2039.28,2149.78
50,CPRT,2026-02-20,2026-03-12,2026-06-11,5-10%,-8.898,34.3343,31.0289,time_exit,57.8666,1986.81,-9.627,-191.27,63,1986.81,1795.54
50,DG,2026-03-12,2026-03-13,2026-06-12,5-10%,-9.176,131.6816,114.6852,time_exit,15.1598,1996.26,-12.907,-257.66,63,1996.26,1738.6
50,TPR,2026-05-07,2026-05-08,2026-06-12,5-10%,-9.051,135.4954,148.6812,tp_gap_filled,15.0302,2036.53,9.732,198.19,24,2036.53,2234.71
50,HON,2026-04-23,2026-06-10,2026-06-12,5-10%,-5.501,218.2253,230.4667,tp_gap_filled,9.2938,2028.15,5.61,113.77,2,2028.15,2141.92
50,ITW,2026-04-30,2026-05-12,2026-06-16,5-10%,-5.898,250.25,265.4043,tp_gap_filled,8.0342,2010.56,6.056,121.75,24,2010.56,2132.32
50,SYY,2026-03-30,2026-04-08,2026-06-25,5-10%,-8.509,74.9148,81.7182,tp_gap_filled,26.9558,2019.39,9.081,183.39,54,2019.39,2202.78
50,TMO,2026-04-23,2026-04-24,2026-06-25,5-10%,-8.041,473.1226,513.466,tp_gap_filled,4.3194,2043.61,8.527,174.26,42,2043.61,2217.87
50,ZBH,2026-04-28,2026-06-04,2026-06-25,5-10%,-5.389,87.6876,92.4974,tp_gap_filled,23.1786,2032.48,5.485,111.48,14,2032.48,2143.96
50,LITE,2026-06-23,2026-06-24,2026-06-25,5-10%,-6.911,832.9822,893.0361,tp_gap_filled,2.3941,1994.26,7.21,143.78,1,1994.26,2138.03
50,ON,2026-06-04,2026-06-16,2026-06-26,3-5%,-4.95,127.4273,106.9319,stop,15.9436,2031.65,-16.084,-326.77,7,2031.65,1704.88
50,TTD,2026-02-26,2026-03-27,2026-06-29,10%+,-16.137,21.1211,18.6313,time_exit,91.3629,1929.68,-11.788,-227.47,63,1929.68,1702.21
50,DOW,2026-05-06,2026-05-11,2026-06-29,5-10%,-6.691,38.1081,28.1718,stop,52.7368,2009.7,-26.074,-524.01,33,2009.7,1485.69
50,CDW,2026-05-06,2026-06-11,2026-06-29,5-10%,-6.798,127.6275,136.6632,tp_gap_filled,15.9238,2032.31,7.08,143.88,11,2032.31,2176.2
50,CF,2026-06-15,2026-06-18,2026-06-30,5-10%,-5.636,103.4133,109.3705,tp_gap_filled,19.3279,1998.76,5.761,115.14,7,1998.76,2113.9
50,GEV,2026-06-23,2026-06-24,2026-06-30,5-10%,-6.424,1056.2052,1126.4624,tp_gap_filled,1.8886,1994.72,6.652,132.69,4,1994.72,2127.4
50,DELL,2026-06-23,2026-06-25,2026-06-30,5-10%,-5.663,395.395,418.2913,tp_gap_filled,5.0531,1997.96,5.791,115.7,3,1997.96,2113.66
50,KR,2026-05-21,2026-05-26,2026-07-01,3-5%,-4.95,65.3453,54.8351,stop,31.1238,2033.79,-16.084,-327.11,25,2033.79,1706.68
50,MTD,2026-05-08,2026-06-04,2026-07-02,5-10%,-9.569,1194.2431,1317.9707,tp_gap_filled,1.7025,2033.18,10.36,210.64,19,2033.18,2243.82
50,WTW,2026-04-30,2026-05-01,2026-07-07,10%+,-10.52,259.8496,289.8199,tp_gap_filled,7.8385,2036.84,11.534,234.92,44,2036.84,2271.76
50,COR,2026-05-06,2026-05-19,2026-07-07,10%+,-12.383,268.288,305.5941,tp_gap_filled,7.4402,1996.12,13.905,277.57,32,1996.12,2273.69
50,AES,2026-03-02,2026-04-07,2026-07-08,10%+,-16.956,14.3644,14.6254,time_exit,138.1506,1984.44,1.817,36.06,63,1984.44,2020.5
50,VRT,2026-07-07,2026-07-08,2026-07-09,3-5%,-4.31,305.0497,318.1515,tp_gap_filled,6.5914,2010.71,4.295,86.36,1,2010.71,2097.07
50,MCHP,2026-07-07,2026-07-08,2026-07-09,3-5%,-4.144,84.044,87.5024,tp_gap_filled,23.9445,2012.39,4.115,82.81,1,2012.39,2095.2
50,META,2026-04-30,2026-05-06,2026-07-10,5-10%,-7.443,619.9393,668.4509,tp_gap_filled,3.2901,2039.64,7.825,159.61,44,2039.64,2199.25
50,PSKY,2026-07-09,2026-07-10,2026-07-13,5-10%,-5.128,9.2592,9.7402,tp_gap_filled,218.7846,2025.78,5.195,105.24,1,2025.78,2131.02
50,COHR,2026-06-23,2026-06-24,2026-07-15,5-10%,-8.647,389.0787,287.6303,stop,5.1247,1993.91,-26.074,-519.89,14,1993.91,1474.02
50,CIEN,2026-07-01,2026-07-09,2026-07-16,3-5%,-4.966,466.6662,391.6076,stop,4.3373,2024.09,-16.084,-325.56,5,2024.09,1698.54
50,UHS,2026-07-14,2026-07-15,2026-07-16,5-10%,-5.086,145.145,152.6172,tp_gap_filled,13.8496,2010.2,5.148,103.49,1,2010.2,2113.68
50,LITE,2026-07-01,2026-07-14,2026-07-17,3-5%,-4.621,819.2234,687.4595,stop,2.4626,2017.42,-16.084,-324.48,3,2017.42,1692.94
50,NKE,2026-04-01,2026-04-17,2026-07-20,10%+,-11.852,46.6066,43.4265,time_exit,44.2096,2060.46,-6.823,-140.59,63,2060.46,1919.87
50,STX,2026-07-16,2026-07-17,2026-07-20,5-10%,-5.214,785.8951,827.4717,tp_gap_filled,2.5526,2006.08,5.29,106.13,1,2006.08,2112.21
50,NFLX,2026-04-17,2026-04-20,2026-07-21,10%+,-10.595,96.4664,68.6013,time_exit,21.3795,2062.4,-28.886,-595.74,63,2062.4,1466.66
50,ULTA,2026-03-13,2026-04-20,2026-07-21,5-10%,-9.352,566.8463,488.9805,time_exit,3.6371,2061.7,-13.737,-283.21,63,2061.7,1778.49
50,COP,2026-06-15,2026-06-16,2026-07-21,5-10%,-5.001,111.2411,116.863,tp_gap_filled,18.2632,2031.62,5.054,102.67,23,2031.62,2134.29
50,WDC,2026-07-16,2026-07-17,2026-07-21,5-10%,-5.286,487.1667,513.3262,tp_gap_filled,4.1195,2006.9,5.37,107.77,2,2006.9,2114.67
50,HOOD,2026-07-17,2026-07-20,2026-07-21,5-10%,-5.329,100.4704,105.914,tp_gap_filled,19.9984,2009.25,5.418,108.86,1,2009.25,2118.11
50,OXY,2026-06-15,2026-06-16,2026-07-22,5-10%,-5.465,53.5035,56.4835,tp_gap_filled,37.9713,2031.6,5.57,113.15,24,2031.6,2144.75
50,DVN,2026-06-15,2026-06-16,2026-07-23,5-10%,-5.186,43.003,45.2647,tp_gap_filled,47.2461,2031.72,5.259,106.86,25,2031.72,2138.58
50,APA,2026-06-15,2026-07-08,2026-07-23,5-10%,-6.186,34.7647,36.983,tp_gap_filled,57.8562,2011.36,6.381,128.34,11,2011.36,2139.69
50,ARES,2026-06-03,2026-06-23,2026-07-27,5-10%,-5.597,121.2211,128.1517,tp_gap_filled,16.4068,1988.85,5.717,113.71,23,1988.85,2102.56
50,CSGP,2026-07-14,2026-07-23,2026-07-27,5-10%,-6.152,27.027,28.7412,tp_gap_filled,74.3884,2010.5,6.343,127.52,2,2010.5,2138.01
50,FICO,2026-07-21,2026-07-23,2026-07-27,3-5%,-4.315,1210.4993,1262.5661,tp_gap_filled,1.6599,2009.29,4.301,86.42,2,2009.29,2095.71
50,J,2026-05-06,2026-05-07,2026-07-28,5-10%,-7.272,126.7466,136.4135,tp_gap_filled,16.1029,2040.98,7.627,155.66,55,2040.98,2196.65
50,WDAY,2026-06-02,2026-06-04,2026-07-28,5-10%,-5.489,148.7486,157.0728,tp_gap_filled,13.6654,2032.71,5.596,113.75,36,2032.71,2146.46
50,ADSK,2026-05-29,2026-06-08,2026-07-28,5-10%,-6.387,225.7856,240.709,tp_gap_filled,8.9562,2022.17,6.61,133.66,34,2022.17,2155.83
50,RCL,2026-06-23,2026-07-06,2026-07-28,5-10%,-5.615,292.282,309.0506,tp_gap_filled,6.8931,2014.72,5.737,115.59,16,2014.72,2130.3
50,GEV,2026-07-07,2026-07-08,2026-07-28,3-5%,-4.792,1097.9368,921.3446,stop,1.8323,2011.7,-16.084,-323.56,14,2011.7,1688.14
50,TEL,2026-07-22,2026-07-23,2026-07-28,3-5%,-4.631,199.5293,208.801,tp_gap_filled,10.0709,2009.44,4.647,93.37,3,2009.44,2102.81
50,HII,2026-02-05,2026-04-28,2026-07-29,10%+,-14.167,354.9646,280.1196,time_exit,5.7302,2034.02,-21.085,-428.88,63,2034.02,1605.15
50,HCA,2026-04-24,2026-04-28,2026-07-29,5-10%,-9.288,430.43,407.7718,time_exit,4.7273,2034.76,-5.264,-107.11,63,2034.76,1927.65
50,DPZ,2026-04-27,2026-04-28,2026-07-29,5-10%,-7.166,341.8115,359.64,time_exit,5.9533,2034.9,5.216,106.14,63,2034.9,2141.04
50,GEHC,2026-04-29,2026-05-04,2026-07-29,5-10%,-9.27,62.2122,68.4315,tp_gap_filled,32.5973,2027.95,9.997,202.73,59,2027.95,2230.68
50,REGN,2026-05-18,2026-05-29,2026-07-29,10%+,-11.789,616.5459,697.5517,tp_gap_filled,3.3107,2041.21,13.139,268.19,41,2041.21,2309.4
50,RDDT,2026-07-22,2026-07-23,2026-07-29,5-10%,-6.963,173.0729,185.6542,tp_gap_filled,11.6222,2011.49,7.269,146.22,4,2011.49,2157.72
50,GOOGL,2026-07-23,2026-07-24,2026-07-29,5-10%,-6.127,321.4511,341.7479,tp_gap_filled,6.2804,2018.86,6.314,127.47,3,2018.86,2146.33
50,GOOG,2026-07-23,2026-07-24,2026-07-29,5-10%,-5.931,321.9516,341.5681,tp_gap_filled,6.2704,2018.75,6.093,123.0,3,2018.75,2141.75
50,WDC,2026-07-28,2026-07-29,2026-07-30,5-10%,-6.393,466.5561,497.4221,tp_gap_filled,4.4227,2063.43,6.616,136.51,1,2063.43,2199.94
50,INTC,2026-07-28,2026-07-29,2026-07-30,5-10%,-5.509,86.7066,91.5783,tp_gap_filled,23.7932,2063.03,5.619,115.91,1,2063.03,2178.94
50,STX,2026-07-28,2026-07-29,2026-07-30,5-10%,-5.163,775.5848,816.173,tp_gap_filled,2.657,2060.73,5.233,107.84,1,2060.73,2168.58
50,MPWR,2026-06-23,2026-06-24,2026-07-31,5-10%,-6.167,1444.4831,1536.3421,tp_gap_filled,1.381,1994.77,6.359,126.85,26,1994.77,2121.62
50,DDOG,2026-06-02,2026-07-01,2026-07-31,3-5%,-4.771,264.5142,277.2125,tp_gap_filled,7.5942,2008.77,4.801,96.43,21,2008.77,2105.2
50,FLEX,2026-07-28,2026-07-30,2026-07-31,5-10%,-5.273,110.0599,115.9539,tp_gap_filled,18.8767,2077.57,5.355,111.26,1,2077.57,2188.83
50,AMAT,2026-07-28,2026-07-30,2026-07-31,5-10%,-5.024,491.4109,516.3731,tp_gap_filled,4.2292,2078.27,5.08,105.57,1,2078.27,2183.83
50,GL,2026-07-23,2026-07-24,2026-08-03,5-10%,-7.511,170.3502,183.816,tp_gap_filled,11.8469,2018.12,7.905,159.53,6,2018.12,2177.64
50,WDAY,2026-07-30,2026-07-31,2026-08-03,5-10%,-5.946,158.178,167.842,tp_gap_filled,13.1528,2080.49,6.11,127.11,1,2080.49,2207.6
50,COHR,2026-07-28,2026-07-31,2026-08-03,5-10%,-5.171,257.5373,271.0387,tp_gap_filled,8.0806,2081.06,5.243,109.1,1,2081.06,2190.16
50,FCX,2026-06-23,2026-07-23,2026-08-05,5-10%,-5.462,65.4954,69.1408,tp_gap_filled,30.6993,2010.66,5.566,111.91,9,2010.66,2122.57
50,LULU,2026-06-05,2026-06-18,2026-08-06,10%+,-11.599,110.5404,124.7951,tp_gap_filled,18.0777,1998.32,12.895,257.69,33,1998.32,2256.01
50,DOV,2026-07-23,2026-07-24,2026-08-06,5-10%,-6.092,201.6615,214.3155,tp_gap_filled,10.0101,2018.64,6.275,126.67,9,2018.64,2145.31
50,HAS,2026-05-20,2026-05-21,2026-08-11,5-10%,-8.407,89.099,97.0828,tp_gap_filled,22.7413,2026.23,8.961,181.56,55,2026.23,2207.79
50,ISRG,2026-07-17,2026-07-28,2026-08-12,5-10%,-9.271,365.395,401.9277,tp_gap_filled,5.6635,2069.41,9.998,206.9,11,2069.41,2276.31
50,SMCI,2026-06-10,2026-06-22,2026-08-13,10%+,-12.402,35.6356,40.5994,tp_gap_filled,55.7151,1985.44,13.929,276.56,37,1985.44,2262.0
50,FOXA,2026-06-15,2026-07-17,2026-08-14,10%+,-13.47,57.037,65.7841,tp_gap_filled,35.1788,2006.49,15.336,307.71,20,2006.49,2314.21
50,FOX,2026-06-15,2026-07-20,2026-08-14,10%+,-11.694,52.082,58.8611,tp_gap_filled,38.5978,2010.25,13.016,261.66,19,2010.25,2271.91
50,RDDT,2026-07-31,2026-08-03,2026-08-14,10%+,-17.041,147.8477,177.862,tp_gap_filled,14.1621,2093.83,20.301,425.06,9,2093.83,2518.89
50,WDC,2026-08-06,2026-08-07,2026-08-17,10%+,-17.389,429.3189,518.6508,tp_gap_filled,4.9401,2120.86,20.808,441.31,6,2120.86,2562.17
50,FIS,2026-05-08,2026-05-19,2026-08-19,5-10%,-5.82,44.5445,40.6193,time_exit,44.8381,1997.29,-8.812,-176.0,63,1997.29,1821.3
50,COIN,2026-06-01,2026-07-21,2026-08-21,5-10%,-5.195,179.3892,188.841,tp_gap_filled,11.2945,2026.11,5.269,106.75,23,2026.11,2132.86
50,FDXF,2026-06-10,2026-06-12,2026-08-25,5-10%,-6.877,175.6755,129.8699,stop,11.5967,2037.26,-26.074,-531.2,50,2037.26,1506.06
50,SPGI,2026-07-28,2026-07-29,2026-08-27,3-5%,-4.8,419.1387,439.3902,tp_gap_filled,4.9152,2060.14,4.832,99.54,21,2060.14,2159.68
50,FISV,2026-05-05,2026-06-01,2026-08-31,5-10%,-7.945,57.8778,53.2567,time_exit,35.1821,2036.26,-7.984,-162.58,63,2036.26,1873.68
50,CTVA,2026-07-31,2026-08-24,2026-09-02,5-10%,-5.988,84.074,89.2507,tp_gap_filled,25.4117,2136.46,6.157,131.55,7,2136.46,2268.01
50,TSLA,2026-07-23,2026-08-13,2026-09-03,5-10%,-8.826,341.341,373.636,tp_gap_filled,6.299,2150.12,9.461,203.43,15,2150.12,2353.55
