ticker,gap_date,entry_date,exit_date,bucket,gap_pct,entry_price,exit_price,exit_reason,contracts_shares,position_dollars,pnl_pct,pnl_dollar,days_held
INTU,2016-09-13,2016-09-14,2016-09-15,2-3%,-2.246,107.1871,109.4305,tp_gap_filled,30.979,3320.55,2.093,69.5,1
MRVL,2016-09-07,2016-09-08,2016-09-16,2-3%,-2.859,12.5826,12.9271,tp_gap_filled,264.6976,3330.58,2.738,91.19,6
PCAR,2016-09-14,2016-09-15,2016-09-16,2-3%,-2.076,36.8301,37.5358,tp_gap_filled,90.4879,3332.68,1.916,63.85,1
TPR,2016-09-14,2016-09-15,2016-09-19,3-5%,-3.004,35.2352,36.2537,tp_gap_filled,94.68,3336.07,2.891,96.43,2
ESS,2016-09-09,2016-09-12,2016-09-20,2-3%,-2.941,220.3802,226.6032,tp_gap_filled,15.1044,3328.71,2.824,93.99,6
DVN,2016-09-16,2016-09-19,2016-09-20,2-3%,-2.2,40.04,40.8591,tp_gap_filled,83.4931,3343.06,2.046,68.39,1
TRGP,2016-09-16,2016-09-19,2016-09-20,2-3%,-2.149,45.5755,46.4835,tp_gap_filled,73.4447,3347.28,1.992,66.68,1
FCX,2016-09-12,2016-09-13,2016-09-21,2-3%,-2.532,10.02,10.2597,tp_gap_filled,332.1499,3328.15,2.392,79.62,6
APA,2016-09-13,2016-09-14,2016-09-21,2-3%,-2.17,58.6586,59.8401,tp_gap_filled,56.6695,3324.15,2.014,66.96,5
HAL,2016-09-16,2016-09-19,2016-09-21,2-3%,-2.394,40.8108,41.7282,tp_gap_filled,81.9714,3345.32,2.248,75.21,2
WMB,2016-09-09,2016-09-12,2016-09-22,3-5%,-4.173,29.8799,31.1188,tp_gap_filled,111.4813,3331.05,4.147,138.13,8
LH,2016-09-13,2016-09-15,2016-09-22,2-3%,-2.176,115.2268,117.5541,tp_gap_filled,28.9188,3332.22,2.02,67.3,5
NRG,2016-09-13,2016-09-21,2016-09-22,2-3%,-2.17,11.7317,11.968,tp_gap_filled,286.5893,3362.19,2.014,67.72,1
HII,2016-09-20,2016-09-22,2016-09-26,2-3%,-2.761,150.5504,154.5153,tp_gap_filled,22.3749,3368.55,2.634,88.72,2
CPT,2016-09-21,2016-09-22,2016-09-27,3-5%,-4.082,84.2041,87.6123,tp_gap_filled,39.978,3366.31,4.048,136.25,3
ACN,2016-09-23,2016-09-26,2016-09-27,2-3%,-2.771,110.6205,113.5463,tp_gap_filled,30.4003,3362.9,2.645,88.95,1
PYPL,2016-09-23,2016-09-26,2016-09-27,2-3%,-2.198,39.6396,40.4495,tp_gap_filled,84.9163,3366.05,2.043,68.77,1
TTD,2016-09-26,2016-09-27,2016-09-28,2-3%,-2.025,2.7127,2.7632,tp_gap_filled,1243.3638,3372.89,1.862,62.82,1
MKC,2016-09-16,2016-09-19,2016-09-29,2-3%,-2.397,47.8978,48.976,tp_gap_filled,69.8695,3346.6,2.251,75.33,8
NTAP,2016-09-26,2016-09-27,2016-09-30,2-3%,-2.215,34.9049,35.6243,tp_gap_filled,96.5907,3371.48,2.061,69.49,3
IVZ,2016-09-13,2016-09-21,2016-10-03,2-3%,-2.183,30.9509,31.5784,tp_gap_filled,108.6426,3362.59,2.027,68.17,8
NCLH,2016-10-05,2016-10-06,2016-10-07,2-3%,-2.97,36.9569,38.0119,tp_gap_filled,91.4131,3378.34,2.855,96.44,1
WYNN,2016-09-30,2016-10-03,2016-10-11,2-3%,-2.436,98.2381,100.4894,tp_gap_filled,34.3977,3379.16,2.292,77.44,6
CRM,2016-09-23,2016-10-10,2016-10-14,2-3%,-2.011,73.1631,74.5154,tp_gap_filled,46.0716,3370.74,1.848,62.3,4
FSLR,2016-10-07,2016-10-11,2016-10-14,2-3%,-2.34,38.8588,39.7102,tp_gap_filled,86.3131,3354.02,2.191,73.49,3
MSCI,2016-10-11,2016-10-12,2016-10-14,2-3%,-2.567,80.9208,82.887,tp_gap_filled,41.5191,3359.76,2.43,81.63,2
VEEV,2016-10-12,2016-10-13,2016-10-14,2-3%,-2.192,37.077,37.8321,tp_gap_filled,90.8249,3367.52,2.037,68.58,1
FITB,2016-10-11,2016-10-12,2016-10-19,2-3%,-2.079,20.2702,20.6593,tp_gap_filled,165.7346,3359.48,1.919,64.48,5
FCX,2016-10-13,2016-10-14,2016-10-19,5-10%,-5.075,9.5495,10.04,tp_gap_filled,353.763,3378.27,5.135,173.49,3
TXT,2016-10-07,2016-10-10,2016-10-20,5-10%,-5.588,37.7177,39.8701,tp_gap_filled,89.41,3372.34,5.707,192.45,8
AMD,2016-09-07,2016-10-03,2016-10-25,3-5%,-3.951,7.0571,7.3327,tp_gap_filled,478.3405,3375.67,3.905,131.84,16
MU,2016-10-19,2016-10-20,2016-10-25,2-3%,-2.355,17.017,17.3926,tp_gap_filled,198.7777,3382.6,2.207,74.66,3
KDP,2016-10-04,2016-10-06,2016-10-26,2-3%,-2.766,88.3382,90.6692,tp_gap_filled,38.2476,3378.73,2.639,89.15,14
EXPD,2016-10-24,2016-10-25,2016-10-26,2-3%,-2.57,48.5685,49.7502,tp_gap_filled,69.3227,3366.9,2.433,81.92,1
GNRC,2016-10-07,2016-10-25,2016-10-26,2-3%,-2.305,37.3273,38.1318,tp_gap_filled,90.3104,3371.04,2.155,72.66,1
DELL,2016-09-12,2016-09-13,2016-10-27,2-3%,-2.078,13.5012,13.7602,tp_gap_filled,246.4401,3327.24,1.918,63.83,32
TSLA,2016-10-06,2016-10-10,2016-10-27,2-3%,-2.878,13.5108,13.8834,tp_gap_filled,249.6789,3373.37,2.758,93.03,13
NWSA,2016-10-11,2016-10-12,2016-10-27,2-3%,-2.011,13.6536,12.1396,stop,246.1718,3361.14,-11.089,-372.72,11
FFIV,2016-10-12,2016-10-19,2016-10-27,2-3%,-2.307,119.119,121.6882,tp_gap_filled,28.5403,3399.69,2.157,73.33,6
LULU,2016-10-25,2016-10-26,2016-10-27,3-5%,-3.043,54.5445,56.1438,tp_gap_filled,61.7116,3366.03,2.932,98.7,1
RL,2016-10-25,2016-10-26,2016-10-27,2-3%,-2.13,96.5965,98.5014,tp_gap_filled,34.9029,3371.5,1.972,66.49,1
REGN,2016-09-30,2016-10-03,2016-10-28,2-3%,-2.441,396.8364,352.8312,stop,8.511,3377.47,-11.089,-374.53,19
ESS,2016-10-13,2016-10-14,2016-10-28,2-3%,-2.986,205.5253,211.4284,tp_gap_filled,16.4287,3376.52,2.872,96.98,10
DAL,2016-10-26,2016-10-27,2016-10-28,2-3%,-2.572,40.1902,41.1688,tp_gap_filled,83.7191,3364.68,2.435,81.93,1
UAL,2016-10-26,2016-10-27,2016-10-28,2-3%,-2.782,53.1631,54.5754,tp_gap_filled,63.3643,3368.64,2.656,89.49,1
PANW,2016-10-12,2016-10-13,2016-10-31,3-5%,-4.457,24.7831,25.8874,tp_gap_filled,135.7986,3365.51,4.456,149.97,12
HLT,2016-10-26,2016-10-27,2016-11-01,2-3%,-2.728,45.4151,46.5953,tp_gap_filled,74.166,3368.25,2.599,87.53,3
CHTR,2016-10-11,2016-10-19,2016-11-03,2-3%,-2.065,262.5823,267.5822,tp_gap_filled,12.951,3400.72,1.904,64.75,11
CME,2016-10-27,2016-10-28,2016-11-03,2-3%,-2.139,100.7406,102.7372,tp_gap_filled,33.5944,3384.32,1.982,67.07,4
CTSH,2016-09-30,2016-10-03,2016-11-07,10%+,-11.218,48.8788,54.945,tp_gap_filled,69.0271,3373.97,12.411,418.73,25
CHRW,2016-10-17,2016-10-18,2016-11-07,2-3%,-2.505,68.5685,70.1897,tp_gap_filled,49.2753,3378.73,2.364,79.89,14
CMI,2016-11-01,2016-11-03,2016-11-07,3-5%,-3.513,123.4533,127.6922,tp_gap_filled,27.2375,3362.57,3.434,115.46,2
TMO,2016-10-25,2016-10-27,2016-11-08,2-3%,-2.456,149.4994,152.9569,tp_gap_filled,22.5342,3368.85,2.313,77.91,8
ALLE,2016-10-27,2016-10-28,2016-11-08,2-3%,-2.18,64.2242,65.5244,tp_gap_filled,52.7128,3385.44,2.025,68.54,7
FISV,2016-10-27,2016-10-28,2016-11-08,5-10%,-6.761,46.6616,49.945,tp_gap_filled,72.5092,3383.39,7.037,238.08,7
JCI,2016-10-31,2016-11-01,2016-11-08,10%+,-10.215,39.3293,43.7162,tp_gap_filled,85.6111,3367.02,11.154,375.57,5
BMY,2016-10-10,2016-10-12,2016-11-09,5-10%,-8.371,50.8408,55.3746,tp_gap_filled,66.1145,3361.31,8.918,299.75,20
PCAR,2016-10-25,2016-10-26,2016-11-09,2-3%,-2.361,36.71,37.5224,tp_gap_filled,91.8305,3371.1,2.213,74.61,10
COF,2016-10-26,2016-10-27,2016-11-09,2-3%,-2.533,73.5535,75.3146,tp_gap_filled,45.7189,3362.78,2.394,80.52,9
ABBV,2016-10-28,2016-11-07,2016-11-09,5-10%,-6.362,57.6075,61.3985,tp_gap_filled,59.5646,3431.37,6.581,225.81,2
CF,2016-11-03,2016-11-07,2016-11-09,3-5%,-4.575,23.5936,24.6753,tp_gap_filled,145.5974,3435.16,4.585,157.5,2
EXR,2016-10-27,2016-11-08,2016-11-09,2-3%,-2.296,74.5445,76.1438,tp_gap_filled,46.2387,3446.84,2.145,73.95,1
NEM,2016-11-07,2016-11-08,2016-11-09,2-3%,-2.593,36.8568,37.7622,tp_gap_filled,93.5546,3448.12,2.456,84.7,1
KR,2016-09-07,2016-09-08,2016-11-10,3-5%,-3.092,31.6917,32.6373,tp_gap_filled,105.1353,3331.91,2.984,99.42,45
CBRE,2016-10-27,2016-11-07,2016-11-10,3-5%,-3.38,26.8969,27.7822,tp_gap_filled,127.6712,3433.96,3.292,113.03,3
ON,2016-11-07,2016-11-08,2016-11-10,2-3%,-2.593,11.2813,11.5584,tp_gap_filled,305.4301,3445.64,2.457,84.65,2
BBY,2016-11-08,2016-11-09,2016-11-10,3-5%,-3.071,37.9079,39.0309,tp_gap_filled,91.8227,3480.8,2.963,103.12,1
CAH,2016-11-08,2016-11-09,2016-11-10,2-3%,-2.333,64.5245,65.934,tp_gap_filled,53.9741,3482.65,2.185,76.08,1
HII,2016-11-03,2016-11-09,2016-11-10,3-5%,-3.107,155.155,159.81,tp_gap_filled,22.4933,3489.95,3.0,104.71,1
MCK,2016-11-08,2016-11-09,2016-11-10,2-3%,-2.141,131.7616,134.3755,tp_gap_filled,26.5541,3498.82,1.984,69.41,1
DECK,2016-10-13,2016-10-14,2016-11-11,5-10%,-9.2,9.2376,10.1532,tp_gap_filled,365.2851,3374.34,9.912,334.46,20
ACN,2016-11-09,2016-11-10,2016-11-11,3-5%,-3.28,115.9959,119.6902,tp_gap_filled,30.0534,3486.07,3.185,111.03,1
ADI,2016-11-09,2016-11-10,2016-11-11,2-3%,-2.729,63.1431,64.7851,tp_gap_filled,55.2503,3488.67,2.601,90.72,1
ADP,2016-11-09,2016-11-10,2016-11-11,3-5%,-3.577,87.9779,91.0589,tp_gap_filled,39.6771,3490.71,3.502,122.24,1
ADSK,2016-11-09,2016-11-10,2016-11-11,3-5%,-4.333,69.6095,72.6173,tp_gap_filled,50.2119,3495.22,4.321,151.03,1
ALLE,2016-11-09,2016-11-10,2016-11-11,2-3%,-2.115,64.3843,65.6443,tp_gap_filled,54.4202,3503.81,1.957,68.57,1
TPL,2016-11-10,2016-11-11,2016-11-14,2-3%,-2.01,28.9534,29.4883,tp_gap_filled,121.6869,3523.25,1.847,65.09,1
AXON,2016-11-11,2016-11-14,2016-11-15,2-3%,-2.722,26.1161,26.7932,tp_gap_filled,135.0454,3526.86,2.593,91.44,1
BBY,2016-11-11,2016-11-14,2016-11-15,3-5%,-3.227,38.7287,39.94,tp_gap_filled,91.2278,3533.13,3.128,110.51,1
TRGP,2016-11-11,2016-11-14,2016-11-15,2-3%,-2.248,47.007,47.992,tp_gap_filled,75.2403,3536.82,2.095,74.11,1
WELL,2016-11-09,2016-11-14,2016-11-15,2-3%,-2.663,63.3032,64.905,tp_gap_filled,55.9365,3540.96,2.53,89.6,1
DLTR,2016-10-04,2016-10-06,2016-11-16,2-3%,-2.125,77.9178,79.4505,tp_gap_filled,43.3595,3378.48,1.967,66.45,29
MCK,2016-11-14,2016-11-15,2016-11-16,2-3%,-2.503,139.5894,142.887,tp_gap_filled,25.4311,3549.91,2.362,83.86,1
AKAM,2016-11-09,2016-11-10,2016-11-17,2-3%,-2.079,65.055,66.3036,tp_gap_filled,53.8271,3501.72,1.919,67.21,5
BR,2016-11-09,2016-11-16,2016-11-18,3-5%,-4.857,62.5525,65.6143,tp_gap_filled,56.8369,3555.29,4.895,174.02,2
C,2016-11-16,2016-11-17,2016-11-18,2-3%,-2.236,54.2642,55.3946,tp_gap_filled,65.7829,3569.66,2.083,74.36,1
DOV,2016-10-10,2016-10-18,2016-11-21,5-10%,-5.606,55.1359,58.2938,tp_gap_filled,61.287,3379.11,5.728,193.54,24
GDDY,2016-11-03,2016-11-18,2016-11-21,2-3%,-2.442,34.3843,35.1748,tp_gap_filled,104.0168,3576.55,2.299,82.22,1
ON,2016-11-18,2016-11-21,2016-11-22,2-3%,-2.787,11.1712,11.4685,tp_gap_filled,319.8028,3572.57,2.662,95.1,1
LOW,2016-10-06,2016-10-07,2016-11-23,2-3%,-2.436,70.5605,72.1778,tp_gap_filled,47.7215,3367.25,2.292,77.18,33
BF-B,2016-11-09,2016-11-16,2016-11-29,2-3%,-2.445,36.7487,37.5944,tp_gap_filled,96.7766,3556.42,2.301,81.84,8
PLD,2016-11-09,2016-11-21,2016-11-29,2-3%,-2.664,49.7397,50.9989,tp_gap_filled,71.8894,3575.75,2.532,90.53,5
ABBV,2016-11-28,2016-11-29,2016-11-30,2-3%,-2.281,59.1891,60.4495,tp_gap_filled,60.8732,3603.03,2.129,76.72,1
APA,2016-11-29,2016-11-30,2016-12-01,2-3%,-2.592,59.8198,61.2886,tp_gap_filled,59.6377,3567.51,2.456,87.6,1
FERG,2016-09-14,2016-09-15,2016-12-05,3-5%,-3.515,60.3454,62.419,tp_gap_filled,55.221,3332.33,3.436,114.51,56
CRH,2016-11-28,2016-11-29,2016-12-06,2-3%,-2.221,33.053,33.7362,tp_gap_filled,109.1551,3607.91,2.067,74.58,5
ADSK,2016-11-30,2016-12-01,2016-12-06,3-5%,-3.388,72.7827,75.1847,tp_gap_filled,48.3559,3519.47,3.3,116.15,3
CRM,2016-12-02,2016-12-05,2016-12-06,2-3%,-2.732,66.6566,68.3915,tp_gap_filled,53.5172,3567.27,2.603,92.85,1
CASY,2016-09-07,2016-09-08,2016-12-07,5-10%,-9.047,121.3712,124.0958,time_exit,27.4639,3333.33,2.245,74.83,63
HON,2016-10-07,2016-10-10,2016-12-07,5-10%,-7.43,101.4921,109.4193,tp_gap_filled,33.2411,3373.71,7.811,263.51,41
TKO,2016-10-27,2016-10-28,2016-12-07,5-10%,-7.789,17.6576,19.1109,tp_gap_filled,191.9534,3389.44,8.23,278.95,27
ADM,2016-11-11,2016-11-16,2016-12-07,3-5%,-3.564,43.6136,45.1348,tp_gap_filled,81.5658,3557.38,3.488,124.08,14
MRVL,2016-12-05,2016-12-06,2016-12-07,3-5%,-3.067,13.6036,14.006,tp_gap_filled,264.3884,3596.63,2.958,106.39,1
NEM,2016-12-05,2016-12-06,2016-12-07,2-3%,-2.591,32.7427,33.5464,tp_gap_filled,109.9681,3600.65,2.455,88.38,1
DHI,2016-11-08,2016-11-09,2016-12-08,5-10%,-5.346,27.8278,29.3406,tp_gap_filled,125.4555,3491.15,5.436,189.79,20
LITE,2016-10-11,2016-10-12,2016-12-09,5-10%,-7.798,41.071,44.4555,tp_gap_filled,81.8103,3360.03,8.241,276.88,41
DLR,2016-11-09,2016-11-15,2016-12-09,2-3%,-2.962,92.1621,94.7851,tp_gap_filled,38.5585,3553.63,2.846,101.14,17
MO,2016-11-09,2016-11-22,2016-12-09,2-3%,-2.582,64.2041,65.7742,tp_gap_filled,55.9733,3593.72,2.445,87.88,12
ABBV,2016-12-07,2016-12-08,2016-12-09,2-3%,-2.207,60.3203,61.5584,tp_gap_filled,60.8632,3671.28,2.053,75.36,1
BF-B,2016-12-07,2016-12-08,2016-12-09,2-3%,-2.091,35.2432,35.924,tp_gap_filled,104.2033,3672.46,1.932,70.94,1
NTAP,2016-12-07,2016-12-08,2016-12-09,3-5%,-3.475,34.7547,35.934,tp_gap_filled,105.7947,3676.86,3.393,124.76,1
PODD,2016-11-22,2016-12-08,2016-12-09,2-3%,-2.079,37.2372,37.952,tp_gap_filled,98.888,3682.31,1.92,70.69,1
EME,2016-12-08,2016-12-09,2016-12-12,2-3%,-2.167,70.9409,72.3676,tp_gap_filled,52.2195,3704.5,2.011,74.5,1
ORCL,2016-09-16,2016-09-22,2016-12-13,3-5%,-3.059,39.6496,40.8191,tp_gap_filled,85.0235,3371.15,2.95,99.44,57
SNPS,2016-12-01,2016-12-06,2016-12-13,3-5%,-3.241,58.5785,60.4195,tp_gap_filled,61.4845,3601.67,3.143,113.19,5
BSX,2016-11-22,2016-11-23,2016-12-14,2-3%,-2.703,20.9009,21.4385,tp_gap_filled,171.7079,3588.85,2.572,92.32,14
HPQ,2016-12-12,2016-12-13,2016-12-14,2-3%,-2.345,15.4254,15.7642,tp_gap_filled,241.2087,3720.74,2.196,81.72,1
NVDA,2016-12-12,2016-12-13,2016-12-14,2-3%,-2.146,2.2485,2.2932,tp_gap_filled,1655.5599,3722.52,1.988,74.02,1
CASY,2016-12-08,2016-12-09,2016-12-15,5-10%,-5.007,118.118,124.0958,tp_gap_filled,31.3225,3699.75,5.061,187.24,4
JBL,2016-09-22,2016-09-23,2016-12-16,5-10%,-6.953,22.1021,23.7063,tp_gap_filled,152.2488,3365.01,7.258,244.24,59
CDNS,2016-12-14,2016-12-15,2016-12-19,5-10%,-6.504,24.1741,25.8042,tp_gap_filled,153.1832,3703.07,6.743,249.69,2
FANG,2016-12-14,2016-12-19,2016-12-20,2-3%,-2.004,103.2732,105.1747,tp_gap_filled,36.0968,3727.83,1.841,68.64,1
VMRK,2016-09-22,2016-09-23,2016-12-22,3-5%,-4.424,63.1531,62.907,time_exit,53.2664,3363.94,-0.39,-13.11,63
CMG,2016-12-06,2016-12-12,2016-12-22,3-5%,-4.126,7.606,7.9175,tp_gap_filled,486.9594,3703.81,4.095,151.68,8
CMCSA,2016-12-21,2016-12-22,2016-12-23,2-3%,-2.169,32.5864,33.2423,tp_gap_filled,114.124,3718.9,2.013,74.84,1
EBAY,2016-10-03,2016-10-04,2017-01-04,3-5%,-4.863,31.3313,29.7302,time_exit,107.5972,3371.16,-5.11,-172.27,63
NI,2016-11-09,2016-11-15,2017-01-04,2-3%,-2.037,22.1421,22.5574,tp_gap_filled,160.4496,3552.69,1.876,66.63,33
FCX,2016-12-15,2016-12-16,2017-01-04,2-3%,-2.048,14.3644,14.6353,tp_gap_filled,259.1077,3721.91,1.887,70.22,11
SW,2016-10-04,2016-10-06,2017-01-06,10%+,-16.622,21.8919,24.3856,time_exit,154.5539,3383.47,11.391,385.41,63
AMGN,2016-10-28,2016-11-09,2017-01-06,5-10%,-5.53,151.8417,160.4094,tp_gap_filled,22.9512,3484.95,5.643,196.64,39
ADBE,2016-11-09,2016-11-10,2017-01-06,2-3%,-2.62,105.6556,108.2816,tp_gap_filled,33.0357,3490.41,2.485,86.75,38
INCY,2016-12-07,2016-12-09,2017-01-06,2-3%,-2.285,104.8648,107.1028,tp_gap_filled,35.3565,3707.65,2.134,79.13,18
BDX,2017-01-03,2017-01-04,2017-01-06,2-3%,-2.175,124.3381,126.848,tp_gap_filled,30.2316,3758.94,2.019,75.88,2
AAPL,2016-10-26,2016-10-27,2017-01-09,3-5%,-3.332,28.6061,29.5329,tp_gap_filled,117.5529,3362.73,3.24,108.96,49
NVDA,2017-01-03,2017-01-04,2017-01-09,2-3%,-2.192,2.6126,2.6658,tp_gap_filled,1439.6494,3761.24,2.037,76.62,3
BBY,2017-01-05,2017-01-06,2017-01-09,2-3%,-2.33,42.7928,43.7262,tp_gap_filled,88.3726,3781.71,2.181,82.49,1
SPG,2017-01-05,2017-01-06,2017-01-09,2-3%,-2.385,179.8697,183.8959,tp_gap_filled,21.0233,3781.46,2.238,84.64,1
TSN,2016-10-07,2016-10-10,2017-01-10,5-10%,-5.243,70.5505,61.1488,time_exit,47.8015,3372.42,-13.326,-449.42,63
RMD,2016-10-26,2016-12-12,2017-01-10,2-3%,-2.635,62.5024,64.0659,tp_gap_filled,59.2626,3704.05,2.501,92.65,19
GM,2016-12-14,2016-12-15,2017-01-10,2-3%,-2.837,36.3363,37.3226,tp_gap_filled,102.1017,3710.0,2.714,100.71,16
FTNT,2016-10-12,2016-10-13,2017-01-13,10%+,-14.696,5.8218,6.4515,time_exit,576.7116,3357.51,10.817,363.17,63
AMZN,2016-10-28,2016-10-31,2017-01-13,3-5%,-4.443,39.1391,40.8771,tp_gap_filled,86.2734,3376.66,4.441,149.94,51
IT,2017-01-05,2017-01-11,2017-01-13,2-3%,-2.741,99.099,101.6882,tp_gap_filled,38.2515,3790.69,2.613,99.04,2
SWKS,2017-01-12,2017-01-13,2017-01-17,2-3%,-2.819,76.2762,78.3316,tp_gap_filled,49.7638,3795.79,2.695,102.28,1
STLD,2017-01-12,2017-01-13,2017-01-18,2-3%,-2.401,36.2162,37.0329,tp_gap_filled,104.8466,3797.14,2.255,85.63,2
HWM,2017-01-17,2017-01-18,2017-01-19,2-3%,-2.035,15.8901,16.1878,tp_gap_filled,240.0881,3815.02,1.873,71.47,1
CSX,2017-01-18,2017-01-19,2017-01-20,3-5%,-4.069,12.1922,12.684,tp_gap_filled,311.1441,3793.53,4.034,153.02,1
LMT,2016-12-12,2016-12-13,2017-01-23,2-3%,-2.986,252.0318,259.2705,tp_gap_filled,14.7756,3723.92,2.872,106.96,26
TPR,2017-01-05,2017-01-06,2017-01-24,3-5%,-3.394,35.045,36.2038,tp_gap_filled,108.042,3786.33,3.306,125.19,11
CSX,2017-01-20,2017-01-23,2017-01-24,2-3%,-2.219,14.8482,15.1548,tp_gap_filled,256.272,3805.17,2.065,78.59,1
MAS,2016-10-25,2016-11-15,2017-01-25,3-5%,-3.546,32.4024,33.5264,tp_gap_filled,109.6105,3551.64,3.469,123.21,47
INTC,2016-10-19,2016-12-12,2017-01-25,3-5%,-4.45,36.1061,37.7122,tp_gap_filled,102.601,3704.52,4.449,164.8,29
RL,2017-01-05,2017-01-06,2017-01-25,2-3%,-2.207,88.7086,90.5294,tp_gap_filled,42.6299,3781.64,2.053,77.62,12
AMD,2017-01-17,2017-01-19,2017-01-25,3-5%,-3.875,10.1802,10.5694,tp_gap_filled,373.1398,3798.63,3.824,145.24,4
HAL,2017-01-23,2017-01-24,2017-01-25,2-3%,-2.569,55.055,56.3936,tp_gap_filled,69.6884,3836.7,2.431,93.28,1
CCI,2016-11-02,2016-11-03,2017-01-26,2-3%,-2.224,88.0279,89.8501,tp_gap_filled,38.204,3363.02,2.07,69.61,56
DVA,2017-01-09,2017-01-10,2017-01-26,3-5%,-4.241,63.063,65.7242,tp_gap_filled,60.0429,3786.48,4.22,159.79,11
DXCM,2017-01-24,2017-01-25,2017-01-26,2-3%,-2.101,19.5946,19.975,tp_gap_filled,196.776,3855.74,1.942,74.86,1
LMT,2017-01-24,2017-01-25,2017-01-27,2-3%,-2.757,250.6304,257.2225,tp_gap_filled,15.4007,3859.88,2.63,101.52,2
TKO,2016-12-13,2016-12-14,2017-02-01,5-10%,-6.172,18.7187,19.9101,tp_gap_filled,197.3479,3694.1,6.365,235.11,32
ALGN,2017-01-19,2017-01-20,2017-02-01,3-5%,-3.082,91.6015,94.3256,tp_gap_filled,41.5787,3808.68,2.974,113.26,8
AVY,2016-10-26,2017-01-25,2017-02-01,2-3%,-2.072,74.2742,75.6942,tp_gap_filled,51.9073,3855.37,1.912,73.71,5
OKE,2017-01-25,2017-01-26,2017-02-01,3-5%,-3.198,54.5345,56.2237,tp_gap_filled,70.6672,3853.8,3.098,119.37,4
LULU,2017-01-31,2017-02-01,2017-02-02,2-3%,-2.691,65.1551,66.8231,tp_gap_filled,59.3803,3868.93,2.56,99.05,1
FDS,2016-09-27,2016-12-14,2017-02-03,3-5%,-4.648,168.168,176.0138,tp_gap_filled,22.004,3700.38,4.665,172.64,34
DECK,2017-01-31,2017-02-01,2017-02-03,2-3%,-2.703,9.3076,8.2755,stop,415.3177,3865.62,-11.089,-428.66,2
IBKR,2017-01-18,2017-01-19,2017-02-06,3-5%,-3.34,9.1967,9.4955,tp_gap_filled,415.8464,3824.41,3.249,124.26,12
CAH,2017-01-26,2017-01-27,2017-02-06,3-5%,-3.335,73.4133,75.7941,tp_gap_filled,52.4971,3853.98,3.243,124.98,6
AOS,2017-02-02,2017-02-03,2017-02-06,3-5%,-3.117,46.9869,48.4016,tp_gap_filled,82.4163,3872.49,3.011,116.59,1
CHD,2016-11-03,2016-11-08,2017-02-07,3-5%,-4.762,45.045,47.2028,tp_gap_filled,76.4749,3444.81,4.79,165.01,61
CSCO,2016-11-17,2016-11-18,2017-02-07,5-10%,-5.258,29.9399,31.5384,tp_gap_filled,119.4256,3575.59,5.339,190.9,53
GNRC,2017-01-13,2017-01-24,2017-02-07,3-5%,-3.715,39.4294,40.8691,tp_gap_filled,97.2545,3834.68,3.651,140.02,10
CTSH,2017-01-31,2017-02-01,2017-02-07,3-5%,-3.038,52.082,53.6063,tp_gap_filled,74.2044,3864.71,2.927,113.11,4
IQV,2017-02-03,2017-02-06,2017-02-07,2-3%,-2.148,76.6065,78.1318,tp_gap_filled,50.477,3866.86,1.991,76.99,1
HWM,2017-02-06,2017-02-07,2017-02-08,2-3%,-2.625,19.3598,19.8421,tp_gap_filled,200.3843,3879.41,2.491,96.64,1
FIS,2017-02-07,2017-02-08,2017-02-09,3-5%,-3.264,76.8368,79.2706,tp_gap_filled,50.8314,3905.72,3.168,123.72,1
IFF,2016-11-08,2016-11-09,2017-02-10,5-10%,-5.133,124.5144,117.7921,time_exit,28.1033,3499.27,-5.399,-188.92,63
NOC,2016-12-12,2016-12-13,2017-02-13,2-3%,-2.009,233.8736,238.1916,tp_gap_filled,15.9221,3723.75,1.846,68.75,41
FERG,2016-12-22,2016-12-23,2017-02-13,2-3%,-2.648,64.1084,65.7209,tp_gap_filled,58.1135,3725.57,2.515,93.71,33
SBAC,2016-11-09,2017-01-13,2017-02-13,2-3%,-2.203,106.6566,108.841,tp_gap_filled,35.6137,3798.43,2.048,77.8,20
ANET,2017-01-17,2017-01-25,2017-02-13,5-10%,-6.253,5.8809,6.2606,tp_gap_filled,655.8131,3856.76,6.457,249.03,13
IEX,2017-01-31,2017-02-01,2017-02-13,3-5%,-3.608,88.7887,91.928,tp_gap_filled,43.5634,3867.94,3.536,136.76,8
AMZN,2017-02-03,2017-02-06,2017-02-13,3-5%,-3.956,40.3763,41.9555,tp_gap_filled,95.73,3865.22,3.911,151.17,5
ADM,2017-02-07,2017-02-08,2017-02-13,2-3%,-2.408,43.003,43.976,tp_gap_filled,90.8044,3904.86,2.263,88.35,3
TSCO,2016-09-08,2016-11-11,2017-02-14,10%+,-15.156,14.1882,14.6653,time_exit,249.0756,3533.93,3.363,118.85,63
STT,2017-01-25,2017-01-26,2017-02-14,5-10%,-6.855,75.075,80.4395,tp_gap_filled,51.345,3854.73,7.145,275.44,13
BIIB,2017-02-02,2017-02-03,2017-02-14,5-10%,-6.365,264.0238,281.4083,tp_gap_filled,14.6919,3879.01,6.584,255.41,7
REGN,2017-01-06,2017-01-10,2017-02-15,5-10%,-5.366,360.8405,380.5391,tp_gap_filled,10.4957,3787.29,5.459,206.75,25
GM,2017-02-07,2017-02-14,2017-02-15,2-3%,-2.932,35.7857,36.7932,tp_gap_filled,111.1831,3978.77,2.815,112.01,1
STZ,2017-01-05,2017-01-09,2017-02-16,3-5%,-4.709,150.7006,157.832,tp_gap_filled,25.1234,3786.11,4.732,179.17,27
LH,2016-10-26,2017-01-11,2017-02-16,3-5%,-3.266,115.1408,118.79,tp_gap_filled,32.9207,3790.51,3.169,120.14,25
SW,2017-01-31,2017-02-07,2017-02-16,3-5%,-3.783,26.2262,27.2028,tp_gap_filled,148.1472,3885.34,3.724,144.68,7
AIZ,2017-02-08,2017-02-14,2017-02-16,2-3%,-2.082,95.075,96.903,tp_gap_filled,41.8432,3978.24,1.923,76.49,2
KDP,2017-02-14,2017-02-15,2017-02-16,3-5%,-3.188,90.6005,93.3965,tp_gap_filled,44.1622,4001.12,3.086,123.48,1
KKR,2017-02-14,2017-02-15,2017-02-16,2-3%,-2.111,17.6376,17.982,tp_gap_filled,227.0368,4004.39,1.953,78.19,1
TMUS,2017-02-13,2017-02-14,2017-02-17,2-3%,-2.885,60.6506,62.3276,tp_gap_filled,65.6904,3984.16,2.765,110.16,3
CSX,2017-02-15,2017-02-16,2017-02-17,2-3%,-2.104,15.679,15.984,tp_gap_filled,255.814,4010.91,1.945,78.02,1
MCK,2017-01-26,2017-02-07,2017-02-21,5-10%,-6.684,141.141,150.9489,tp_gap_filled,27.5359,3886.45,6.949,270.07,9
EXC,2017-02-08,2017-02-14,2017-02-21,2-3%,-2.111,25.1678,25.6591,tp_gap_filled,158.0785,3978.49,1.952,77.66,4
CF,2017-02-16,2017-02-17,2017-02-21,2-3%,-2.349,33.7137,34.4555,tp_gap_filled,119.119,4015.94,2.2,88.37,1
KHC,2017-02-16,2017-02-17,2017-02-21,2-3%,-2.19,89.1891,91.0039,tp_gap_filled,45.1217,4024.36,2.035,81.89,1
MU,2017-02-14,2017-02-17,2017-02-21,2-3%,-2.259,23.3834,23.8761,tp_gap_filled,172.5835,4035.58,2.107,85.04,1
WM,2017-02-16,2017-02-17,2017-02-21,2-3%,-2.397,69.7096,71.2786,tp_gap_filled,57.8886,4035.39,2.251,90.83,1
LNT,2016-11-09,2016-12-14,2017-02-22,2-3%,-2.104,37.7277,38.4615,tp_gap_filled,98.0106,3697.71,1.945,71.92,46
MDLZ,2017-02-17,2017-02-21,2017-02-22,3-5%,-3.102,41.9019,43.1568,tp_gap_filled,96.8608,4058.65,2.995,121.55,1
SJM,2017-02-17,2017-02-21,2017-02-22,3-5%,-3.932,132.5524,137.7022,tp_gap_filled,30.6939,4068.55,3.885,158.07,1
ADP,2017-02-01,2017-02-02,2017-02-23,3-5%,-4.911,96.126,100.889,tp_gap_filled,40.1702,3861.4,4.955,191.33,14
D,2017-02-01,2017-02-21,2017-02-23,2-3%,-2.517,74.4344,76.2037,tp_gap_filled,54.4157,4050.4,2.377,96.28,2
VTR,2016-11-08,2016-12-08,2017-02-24,2-3%,-2.845,62.5625,64.2657,tp_gap_filled,58.8736,3683.28,2.722,100.27,52
CPT,2017-02-08,2017-02-09,2017-02-24,2-3%,-2.009,82.5124,84.0359,tp_gap_filled,47.6686,3933.25,1.846,72.62,10
FSLR,2017-02-22,2017-02-23,2017-02-24,3-5%,-3.031,35.5455,36.5834,tp_gap_filled,114.809,4080.95,2.92,119.16,1
LII,2017-02-17,2017-02-21,2017-02-27,3-5%,-3.333,162.2821,167.5423,tp_gap_filled,24.9919,4055.73,3.241,131.46,4
UNH,2017-02-17,2017-02-21,2017-02-27,2-3%,-2.841,159.159,163.4863,tp_gap_filled,25.623,4078.14,2.719,110.88,4
SO,2016-11-09,2017-01-17,2017-02-28,2-3%,-2.069,49.7597,50.7092,tp_gap_filled,76.5402,3808.62,1.908,72.68,29
GDDY,2017-02-16,2017-02-17,2017-02-28,5-10%,-6.914,34.9049,37.4225,tp_gap_filled,115.0989,4017.51,7.213,289.78,6
AMD,2017-02-24,2017-02-27,2017-02-28,2-3%,-2.235,14.014,14.3057,tp_gap_filled,292.3028,4096.33,2.081,85.26,1
CRH,2017-02-24,2017-02-27,2017-02-28,2-3%,-2.838,32.9029,33.7962,tp_gap_filled,124.8489,4107.89,2.715,111.53,1
FSLR,2017-02-24,2017-02-27,2017-02-28,2-3%,-2.044,36.4664,37.1528,tp_gap_filled,112.7919,4113.12,1.882,77.42,1
ACN,2016-12-21,2016-12-22,2017-03-01,3-5%,-4.472,118.6686,123.9759,tp_gap_filled,31.3463,3719.81,4.472,166.37,45
FFIV,2017-01-26,2017-02-08,2017-03-01,3-5%,-4.425,139.4393,145.6042,tp_gap_filled,28.0139,3906.24,4.421,172.7,14
MCHP,2017-02-09,2017-02-21,2017-03-01,2-3%,-2.304,36.086,36.8631,tp_gap_filled,112.4554,4058.07,2.153,87.38,6
CPRT,2017-02-22,2017-02-23,2017-03-02,2-3%,-2.985,7.3198,7.53,tp_gap_filled,557.2536,4078.99,2.871,117.11,5
BSX,2017-02-23,2017-02-24,2017-03-02,5-10%,-7.114,23.3934,25.1348,tp_gap_filled,175.2202,4098.99,7.444,305.14,4
CNP,2017-02-28,2017-03-01,2017-03-02,3-5%,-3.285,25.9359,26.7632,tp_gap_filled,159.316,4132.01,3.19,131.8,1
NRG,2017-02-28,2017-03-01,2017-03-02,2-3%,-2.027,16.4464,16.7532,tp_gap_filled,251.469,4135.77,1.865,77.15,1
PODD,2017-02-28,2017-03-01,2017-03-02,5-10%,-5.35,43.7437,46.1238,tp_gap_filled,94.6228,4139.15,5.441,225.21,1
BBY,2017-03-01,2017-03-02,2017-03-03,3-5%,-3.58,42.5925,44.0859,tp_gap_filled,96.8262,4124.08,3.506,144.59,1
JBL,2017-02-28,2017-03-01,2017-03-07,2-3%,-2.243,25.7357,26.2737,tp_gap_filled,160.6482,4134.4,2.09,86.43,4
NEM,2017-02-22,2017-02-23,2017-03-08,2-3%,-2.511,36.5365,32.485,stop,111.8673,4087.24,-11.089,-453.23,9
EL,2016-11-02,2017-01-26,2017-03-10,3-5%,-3.511,83.3533,86.2137,tp_gap_filled,46.2603,3855.95,3.432,132.32,30
AMCR,2016-12-09,2016-12-12,2017-03-15,5-10%,-7.43,54.2542,52.7971,time_exit,68.27,3703.94,-2.686,-99.47,63
ECHO,2017-02-28,2017-03-01,2017-03-15,3-5%,-4.16,42.9846,44.7607,tp_gap_filled,96.2655,4137.93,4.132,170.98,10
D,2017-03-01,2017-03-02,2017-03-15,2-3%,-2.267,75.9559,77.5624,tp_gap_filled,54.3916,4131.36,2.115,87.38,9
BALL,2017-03-02,2017-03-03,2017-03-15,2-3%,-2.867,36.4614,37.4625,tp_gap_filled,113.3716,4133.69,2.746,113.49,8
ALB,2017-03-06,2017-03-07,2017-03-15,2-3%,-2.72,102.0219,104.6652,tp_gap_filled,40.0382,4084.77,2.591,105.83,6
LVS,2017-01-26,2017-03-01,2017-03-16,3-5%,-3.425,54.7647,56.5934,tp_gap_filled,75.5099,4135.28,3.339,138.08,11
LITE,2017-03-02,2017-03-03,2017-03-16,3-5%,-4.802,45.6456,47.8521,tp_gap_filled,90.6021,4135.59,4.834,199.91,9
CTAS,2016-12-23,2017-01-04,2017-03-17,2-3%,-2.506,29.2993,29.9925,tp_gap_filled,128.3691,3761.12,2.366,88.99,50
UAL,2017-03-15,2017-03-16,2017-03-17,2-3%,-2.329,65.065,66.4835,tp_gap_filled,63.4589,4128.95,2.18,90.01,1
FSLR,2017-02-28,2017-03-01,2017-03-20,3-5%,-3.146,36.6766,30.7776,stop,112.8956,4140.63,-16.084,-665.98,13
LII,2017-03-16,2017-03-17,2017-03-20,2-3%,-2.313,167.8577,171.4883,tp_gap_filled,24.5261,4116.89,2.163,89.05,1
DAL,2017-03-02,2017-03-03,2017-03-22,2-3%,-2.018,50.05,44.5,stop,82.6247,4135.37,-11.089,-458.57,13
EVRG,2016-12-19,2016-12-20,2017-03-23,3-5%,-4.758,54.7047,54.5354,time_exit,68.3584,3739.52,-0.309,-11.57,63
DECK,2017-02-03,2017-02-06,2017-03-23,10%+,-17.897,7.6076,9.2474,tp_gap_filled,508.0765,3865.24,21.555,833.15,32
CDNS,2017-03-22,2017-03-23,2017-03-24,3-5%,-3.681,30.3804,31.4785,tp_gap_filled,133.9606,4069.77,3.615,147.11,1
FISV,2017-03-22,2017-03-23,2017-03-24,2-3%,-2.471,56.7016,58.0219,tp_gap_filled,71.8815,4075.8,2.328,94.9,1
TSLA,2017-02-23,2017-03-16,2017-03-28,3-5%,-3.477,17.6176,18.2158,tp_gap_filled,234.4307,4130.11,3.395,140.23,8
VTRS,2017-03-24,2017-03-27,2017-03-28,3-5%,-3.196,40.3203,41.5684,tp_gap_filled,101.3936,4088.22,3.095,126.55,1
REGN,2017-03-17,2017-03-20,2017-03-29,3-5%,-3.194,380.43,392.1974,tp_gap_filled,10.832,4120.8,3.093,127.46,7
AMD,2017-03-27,2017-03-28,2017-03-29,2-3%,-2.555,13.3634,13.6863,tp_gap_filled,307.2079,4105.33,2.417,99.21,1
AMP,2017-03-27,2017-03-28,2017-03-29,2-3%,-2.179,122.6525,125.1347,tp_gap_filled,33.4985,4108.67,2.024,83.15,1
BAC,2017-03-27,2017-03-28,2017-03-29,3-5%,-3.633,22.3023,23.0969,tp_gap_filled,184.5123,4115.05,3.563,146.61,1
BNY,2017-03-27,2017-03-28,2017-03-29,2-3%,-2.076,45.3353,46.2038,tp_gap_filled,90.9289,4122.29,1.916,78.97,1
C,2017-03-27,2017-03-28,2017-03-29,2-3%,-2.101,56.9068,58.0119,tp_gap_filled,72.5279,4127.33,1.942,80.15,1
CFG,2017-03-27,2017-03-28,2017-03-29,3-5%,-3.072,33.4835,34.4755,tp_gap_filled,123.4464,4133.41,2.963,122.46,1
COF,2017-03-27,2017-03-28,2017-03-29,2-3%,-2.232,82.0119,83.7162,tp_gap_filled,50.4777,4139.77,2.078,86.03,1
FCX,2017-03-27,2017-03-28,2017-03-29,3-5%,-4.45,12.2522,12.7972,tp_gap_filled,338.1753,4143.41,4.448,184.29,1
IBKR,2017-04-03,2017-04-04,2017-04-05,2-3%,-2.967,8.4309,8.6713,tp_gap_filled,487.1131,4106.81,2.851,117.1,1
FSLR,2017-04-06,2017-04-07,2017-04-10,2-3%,-2.032,26.066,26.5534,tp_gap_filled,157.6387,4109.02,1.87,76.83,1
EW,2016-10-26,2017-01-10,2017-04-11,10%+,-12.65,33.1331,31.1688,time_exit,114.3153,3787.62,-5.929,-224.55,63
AMD,2017-04-04,2017-04-05,2017-04-11,2-3%,-2.254,14.3243,12.7359,stop,285.8068,4093.99,-11.089,-453.98,4
BG,2017-04-06,2017-04-07,2017-04-11,2-3%,-2.638,75.3553,77.2427,tp_gap_filled,54.5133,4107.86,2.505,102.89,2
CSGP,2017-02-23,2017-02-24,2017-04-19,3-5%,-4.385,20.1011,20.981,tp_gap_filled,204.3219,4107.09,4.377,179.79,37
RMD,2017-04-12,2017-04-13,2017-04-20,2-3%,-2.261,67.9279,69.3606,tp_gap_filled,59.9923,4075.15,2.109,85.95,4
HSIC,2017-04-12,2017-04-13,2017-04-24,2-3%,-2.258,65.2495,66.6235,tp_gap_filled,62.4366,4073.96,2.106,85.79,6
GNRC,2017-04-05,2017-04-06,2017-04-25,3-5%,-3.196,35.7757,36.8831,tp_gap_filled,114.6447,4101.5,3.095,126.95,12
GS,2017-04-18,2017-04-24,2017-04-25,3-5%,-3.067,219.5393,226.0337,tp_gap_filled,18.9432,4158.77,2.958,123.02,1
MET,2016-12-16,2017-01-25,2017-04-26,2-3%,-2.147,50.0054,46.2015,time_exit,77.193,3860.07,-7.607,-293.63,63
CASY,2017-03-07,2017-03-08,2017-04-26,5-10%,-5.21,108.3582,114.0858,tp_gap_filled,37.6671,4081.54,5.286,215.74,34
MGM,2017-02-16,2017-04-03,2017-04-26,5-10%,-5.27,28.068,29.5704,tp_gap_filled,147.0259,4126.73,5.353,220.89,16
COST,2017-03-03,2017-04-06,2017-04-26,3-5%,-4.09,170.8707,177.802,tp_gap_filled,24.0075,4102.18,4.056,166.4,13
AMCR,2017-04-06,2017-04-07,2017-04-26,2-3%,-2.597,56.3062,57.6922,tp_gap_filled,72.9581,4108.0,2.462,101.12,12
SW,2017-04-12,2017-04-13,2017-04-26,2-3%,-2.869,25.7557,26.4635,tp_gap_filled,158.238,4075.53,2.748,112.0,8
IBKR,2017-04-19,2017-04-20,2017-04-26,3-5%,-3.277,8.4209,8.6888,tp_gap_filled,492.5222,4147.49,3.181,131.94,4
ZTS,2017-02-13,2017-02-14,2017-04-27,2-3%,-2.207,54.5545,55.6743,tp_gap_filled,73.0689,3986.24,2.053,81.82,50
BKR,2017-04-25,2017-04-26,2017-04-27,3-5%,-3.137,56.8668,58.5914,tp_gap_filled,73.5784,4184.17,3.033,126.89,1
DPZ,2017-04-07,2017-04-26,2017-04-27,2-3%,-2.124,182.2321,185.814,tp_gap_filled,22.9936,4190.17,1.966,82.36,1
EME,2017-02-23,2017-04-26,2017-04-27,3-5%,-4.278,65.6256,68.4215,tp_gap_filled,63.8424,4189.69,4.26,178.5,1
PCAR,2017-04-25,2017-04-26,2017-05-02,2-3%,-2.037,44.2776,45.1082,tp_gap_filled,94.3956,4179.61,1.876,78.41,4
YUM,2017-02-22,2017-02-23,2017-05-03,2-3%,-2.616,65.9659,67.6023,tp_gap_filled,61.921,4084.67,2.481,101.33,48
LITE,2017-04-25,2017-04-26,2017-05-03,2-3%,-2.002,46.5465,41.385,stop,89.9874,4188.6,-11.089,-464.47,5
MLM,2017-02-14,2017-05-02,2017-05-03,2-3%,-2.061,226.8466,231.1586,tp_gap_filled,18.3935,4172.5,1.901,79.31,1
O,2017-02-28,2017-04-11,2017-05-09,2-3%,-2.898,59.4683,52.8739,stop,69.0404,4105.72,-11.089,-455.28,19
EBAY,2017-04-20,2017-04-26,2017-05-09,2-3%,-2.925,32.8929,33.8161,tp_gap_filled,127.3589,4189.2,2.807,117.59,9
CBOE,2017-04-26,2017-04-27,2017-05-09,2-3%,-2.091,82.4824,84.0758,tp_gap_filled,50.7991,4190.03,1.932,80.95,8
NVDA,2017-02-23,2017-03-17,2017-05-10,3-5%,-4.749,2.6401,2.7662,tp_gap_filled,1560.6392,4120.3,4.776,196.79,37
AES,2017-05-08,2017-05-09,2017-05-10,2-3%,-2.12,11.0911,11.3087,tp_gap_filled,374.3999,4152.5,1.962,81.47,1
BIIB,2017-03-16,2017-04-25,2017-05-11,2-3%,-2.607,285.295,253.6587,stop,14.6286,4173.46,-11.089,-462.79,12
GILD,2017-02-08,2017-02-13,2017-05-15,5-10%,-8.013,67.3373,65.884,time_exit,58.9342,3968.47,-2.158,-85.64,63
SNA,2017-02-02,2017-02-15,2017-05-17,2-3%,-2.524,175.9258,164.0058,time_exit,22.7851,4008.49,-6.776,-271.6,63
AIG,2017-02-15,2017-02-16,2017-05-18,5-10%,-6.503,62.6025,61.3286,time_exit,64.0807,4011.62,-2.035,-81.63,63
MRSH,2017-05-08,2017-05-09,2017-05-18,2-3%,-2.08,73.033,74.4355,tp_gap_filled,56.9055,4155.98,1.92,79.81,7
GIS,2017-02-17,2017-02-21,2017-05-22,3-5%,-4.306,58.9489,56.6533,time_exit,68.7203,4050.99,-3.894,-157.75,63
CDNS,2017-04-25,2017-04-26,2017-05-22,5-10%,-5.018,31.8318,33.4465,tp_gap_filled,131.6461,4190.53,5.073,212.57,18
KHC,2017-02-21,2017-02-22,2017-05-23,3-5%,-4.997,91.9118,91.7781,time_exit,44.2967,4071.39,-0.145,-5.92,63
WAB,2017-02-21,2017-02-22,2017-05-23,5-10%,-6.847,81.8418,81.928,time_exit,49.7732,4073.52,0.105,4.29,63
STLD,2017-05-17,2017-05-18,2017-05-23,3-5%,-3.078,34.044,35.0549,tp_gap_filled,119.8907,4081.56,2.969,121.2,3
APO,2017-05-17,2017-05-22,2017-05-23,3-5%,-3.183,26.4865,27.3027,tp_gap_filled,155.7014,4123.98,3.082,127.09,1
TROW,2017-01-26,2017-02-23,2017-05-24,3-5%,-3.06,71.9819,68.6113,time_exit,56.7464,4084.72,-4.683,-191.27,63
VZ,2017-01-24,2017-02-23,2017-05-24,3-5%,-4.102,50.3103,44.995,time_exit,81.1897,4084.68,-10.565,-431.55,63
ECL,2017-05-02,2017-05-03,2017-05-24,2-3%,-2.576,126.0459,129.1207,tp_gap_filled,33.0094,4160.7,2.439,101.5,15
EMR,2017-05-02,2017-05-03,2017-05-24,3-5%,-4.406,57.7677,60.3096,tp_gap_filled,72.0156,4160.17,4.4,183.06,15
CRL,2017-05-10,2017-05-11,2017-05-24,3-5%,-4.82,87.3673,91.6083,tp_gap_filled,47.5328,4152.81,4.854,201.59,9
IFF,2017-05-09,2017-05-17,2017-05-24,2-3%,-2.642,133.8838,137.2426,tp_gap_filled,30.4238,4073.25,2.509,102.19,5
NRG,2017-05-02,2017-05-23,2017-05-24,2-3%,-2.4,16.2863,16.6533,tp_gap_filled,253.224,4124.08,2.254,92.95,1
TTD,2017-05-22,2017-05-23,2017-05-24,2-3%,-2.137,4.9049,5.002,tp_gap_filled,840.108,4120.65,1.98,81.57,1
HRL,2017-02-23,2017-02-24,2017-05-25,5-10%,-5.603,35.2452,33.0969,time_exit,116.5354,4107.32,-6.095,-250.36,63
WSM,2017-05-12,2017-05-15,2017-05-25,2-3%,-2.996,25.6056,26.3436,tp_gap_filled,162.1573,4152.13,2.882,119.68,8
IVZ,2017-05-23,2017-05-24,2017-05-25,2-3%,-2.826,30.981,31.8182,tp_gap_filled,133.4719,4135.09,2.702,111.74,1
MU,2017-05-17,2017-05-24,2017-05-25,2-3%,-2.343,28.3683,28.991,tp_gap_filled,145.7954,4135.97,2.195,90.78,1
ORLY,2017-05-23,2017-05-24,2017-05-26,3-5%,-3.807,15.9493,16.5474,tp_gap_filled,259.51,4138.99,3.75,155.23,2
BG,2017-05-24,2017-05-25,2017-05-26,5-10%,-5.08,77.6276,81.6183,tp_gap_filled,53.4569,4149.73,5.141,213.33,1
COST,2017-05-08,2017-05-25,2017-05-26,3-5%,-3.074,174.8347,180.0198,tp_gap_filled,23.7942,4160.05,2.966,123.38,1
DLTR,2017-05-25,2017-05-26,2017-05-30,2-3%,-2.638,76.096,78.0019,tp_gap_filled,54.7685,4167.66,2.505,104.38,1
DG,2017-02-28,2017-03-01,2017-05-31,2-3%,-2.136,75.2252,73.3166,time_exit,55.0531,4141.37,-2.537,-105.07,63
TROW,2017-05-24,2017-05-25,2017-06-01,2-3%,-2.8,69.1391,70.9889,tp_gap_filled,60.2166,4163.32,2.676,111.39,4
ARES,2017-03-02,2017-03-03,2017-06-02,10%+,-10.0,19.8198,17.8821,time_exit,208.5881,4134.17,-9.777,-404.18,63
AMCR,2017-05-10,2017-05-11,2017-06-02,2-3%,-2.5,56.6065,57.942,tp_gap_filled,73.3652,4152.95,2.359,97.98,15
CIEN,2017-03-08,2017-06-01,2017-06-02,5-10%,-5.006,24.8849,26.1438,tp_gap_filled,168.6766,4197.49,5.059,212.36,1
ON,2017-05-17,2017-05-22,2017-06-05,2-3%,-2.133,15.6156,15.9241,tp_gap_filled,264.251,4126.44,1.975,81.51,9
TTWO,2017-06-02,2017-06-05,2017-06-06,2-3%,-2.445,76.2862,78.0419,tp_gap_filled,55.111,4204.21,2.301,96.76,1
WDAY,2017-06-02,2017-06-05,2017-06-06,2-3%,-2.197,99.3693,101.3985,tp_gap_filled,42.328,4206.11,2.042,85.89,1
AMD,2017-05-17,2017-06-06,2017-06-07,5-10%,-7.373,11.8218,12.7372,tp_gap_filled,354.7078,4193.29,7.744,324.71,1
BMY,2017-01-11,2017-03-10,2017-06-09,3-5%,-3.101,58.1781,53.6962,time_exit,70.4193,4096.86,-7.704,-315.61,63
CVS,2017-05-17,2017-05-18,2017-06-09,2-3%,-2.654,77.097,79.0409,tp_gap_filled,52.9515,4082.4,2.521,102.93,15
IR,2017-06-06,2017-06-07,2017-06-09,3-5%,-3.535,21.8518,22.6074,tp_gap_filled,193.0236,4217.92,3.458,145.84,2
BAC,2017-05-17,2017-05-23,2017-06-12,2-3%,-2.584,23.3934,23.966,tp_gap_filled,176.2933,4124.1,2.448,100.95,13
SW,2017-06-08,2017-06-09,2017-06-12,2-3%,-2.548,27.9479,28.6213,tp_gap_filled,151.6584,4238.54,2.41,102.13,1
DLR,2017-06-09,2017-06-12,2017-06-14,2-3%,-2.398,114.0639,116.6332,tp_gap_filled,37.3084,4255.54,2.253,95.86,2
ADBE,2017-06-12,2017-06-13,2017-06-14,3-5%,-3.137,133.8537,137.912,tp_gap_filled,31.8652,4265.28,3.032,129.32,1
MRVL,2017-06-12,2017-06-13,2017-06-14,2-3%,-2.26,16.8869,17.2427,tp_gap_filled,253.1807,4275.43,2.107,90.1,1
NVDA,2017-06-12,2017-06-13,2017-06-14,2-3%,-2.487,3.6506,3.7363,tp_gap_filled,1173.1154,4282.63,2.345,100.43,1
ACGL,2017-06-09,2017-06-12,2017-06-16,2-3%,-2.448,30.8441,31.5551,tp_gap_filled,137.9231,4254.12,2.305,98.05,4
AMGN,2017-03-17,2017-03-20,2017-06-19,5-10%,-7.073,167.5374,164.9249,time_exit,24.588,4119.41,-1.559,-64.24,63
ADP,2017-05-03,2017-05-04,2017-06-19,3-5%,-4.865,99.0489,103.906,tp_gap_filled,41.9893,4159.0,4.904,203.94,31
BIIB,2017-06-14,2017-06-15,2017-06-19,2-3%,-2.242,255.8156,261.1586,tp_gap_filled,16.6293,4254.03,2.089,88.85,2
AVGO,2017-06-15,2017-06-16,2017-06-19,2-3%,-2.162,23.5575,24.0299,tp_gap_filled,179.8599,4237.06,2.005,84.97,1
COHR,2017-06-15,2017-06-16,2017-06-19,2-3%,-2.147,31.9319,32.5674,tp_gap_filled,132.7031,4237.46,1.99,84.33,1
FLEX,2017-06-15,2017-06-16,2017-06-19,3-5%,-4.439,12.0165,12.5496,tp_gap_filled,353.1765,4243.95,4.436,188.27,1
GOOGL,2017-06-15,2017-06-16,2017-06-19,2-3%,-2.057,47.4484,48.3481,tp_gap_filled,89.5472,4248.87,1.896,80.57,1
LITE,2017-06-15,2017-06-16,2017-06-19,2-3%,-2.655,60.5605,62.0879,tp_gap_filled,70.1829,4250.31,2.522,107.19,1
LH,2017-04-25,2017-04-26,2017-06-20,3-5%,-3.969,119.4234,124.1112,tp_gap_filled,35.0762,4188.92,3.925,164.43,38
AMD,2017-06-12,2017-06-13,2017-06-20,3-5%,-4.316,11.7617,12.2677,tp_gap_filled,363.1129,4270.84,4.302,183.72,5
DG,2017-06-16,2017-06-19,2017-06-20,5-10%,-5.808,68.1881,72.2477,tp_gap_filled,63.0293,4297.85,5.953,255.87,1
FISV,2017-06-16,2017-06-19,2017-06-20,2-3%,-2.973,60.9309,62.6723,tp_gap_filled,70.6849,4306.89,2.858,123.09,1
NKE,2017-03-22,2017-03-23,2017-06-22,5-10%,-5.602,54.8148,52.3476,time_exit,74.4093,4078.73,-4.501,-183.58,63
TSN,2017-05-08,2017-06-13,2017-06-26,2-3%,-2.084,62.072,63.2667,tp_gap_filled,69.0792,4287.88,1.925,82.53,9
REGN,2017-06-23,2017-06-26,2017-06-27,2-3%,-2.799,512.3018,526.0035,tp_gap_filled,8.4049,4305.82,2.675,115.16,1
FFIV,2017-03-29,2017-03-30,2017-06-29,3-5%,-4.037,141.3312,127.1927,time_exit,29.3215,4144.04,-10.004,-414.56,63
LYB,2017-05-08,2017-05-09,2017-06-29,3-5%,-3.03,81.6916,84.0758,tp_gap_filled,50.8694,4155.61,2.919,121.28,36
LULU,2017-03-30,2017-03-31,2017-06-30,10%+,-21.584,52.042,59.6103,time_exit,79.6231,4143.74,14.543,602.61,63
ARES,2017-06-12,2017-06-13,2017-06-30,2-3%,-2.692,17.7277,18.1818,tp_gap_filled,241.0488,4273.24,2.561,109.46,13
BKNG,2017-05-10,2017-05-25,2017-07-07,3-5%,-3.001,74.2254,76.3688,tp_gap_filled,56.0414,4159.69,2.888,120.12,29
AMD,2017-06-27,2017-07-10,2017-07-11,2-3%,-2.273,13.7738,14.0659,tp_gap_filled,310.6226,4278.44,2.121,90.75,1
AXON,2017-07-07,2017-07-10,2017-07-11,3-5%,-4.391,23.974,25.0249,tp_gap_filled,178.4777,4278.82,4.384,187.58,1
TSLA,2017-07-06,2017-07-10,2017-07-11,3-5%,-3.005,21.1718,21.7842,tp_gap_filled,202.3935,4285.04,2.892,123.94,1
TROW,2017-07-11,2017-07-12,2017-07-13,2-3%,-2.012,75.5755,76.973,tp_gap_filled,56.9507,4304.08,1.849,79.59,1
AAPL,2017-06-12,2017-06-13,2017-07-14,2-3%,-2.175,36.4714,37.2078,tp_gap_filled,116.9297,4264.59,2.019,86.1,22
FCX,2017-05-03,2017-06-09,2017-07-17,2-3%,-2.516,12.4124,12.7073,tp_gap_filled,341.5355,4239.27,2.376,100.71,25
DXCM,2017-07-13,2017-07-14,2017-07-17,2-3%,-2.493,17.5175,17.9296,tp_gap_filled,247.8536,4341.78,2.352,102.13,1
ACN,2017-06-22,2017-06-23,2017-07-18,3-5%,-3.257,123.093,126.9829,tp_gap_filled,34.8747,4292.83,3.16,135.66,16
FTNT,2017-07-14,2017-07-17,2017-07-18,2-3%,-2.695,7.8058,8.006,tp_gap_filled,558.2192,4357.35,2.565,111.75,1
CAH,2017-04-18,2017-04-19,2017-07-19,10%+,-11.218,72.7227,76.923,time_exit,56.5739,4114.2,5.776,237.63,63
WBD,2017-05-09,2017-05-10,2017-07-19,2-3%,-2.862,26.4965,27.2228,tp_gap_filled,157.0284,4160.7,2.741,114.05,48
ON,2017-06-20,2017-06-21,2017-07-19,2-3%,-2.364,15.2953,15.6343,tp_gap_filled,279.8597,4280.53,2.217,94.89,19
TMUS,2017-06-27,2017-06-28,2017-07-20,3-5%,-3.009,61.3112,63.0869,tp_gap_filled,70.6577,4332.11,2.896,125.46,15
MGM,2017-06-30,2017-07-13,2017-07-20,2-3%,-2.888,31.9719,32.8571,tp_gap_filled,135.4229,4329.73,2.769,119.87,5
FFIV,2017-07-14,2017-07-17,2017-07-20,3-5%,-3.703,123.6635,128.1617,tp_gap_filled,35.2078,4353.92,3.637,158.37,3
AMD,2017-07-18,2017-07-19,2017-07-20,3-5%,-3.696,13.3033,13.7862,tp_gap_filled,329.0651,4377.65,3.63,158.91,1
COF,2017-04-26,2017-04-27,2017-07-21,3-5%,-4.183,82.082,85.4944,tp_gap_filled,51.0354,4189.08,4.157,174.15,59
HWM,2017-06-26,2017-06-27,2017-07-24,10%+,-11.237,17.4024,19.5663,tp_gap_filled,246.8137,4295.14,12.435,534.09,18
IBKR,2017-07-20,2017-07-21,2017-07-24,2-3%,-2.204,9.1066,9.2932,tp_gap_filled,482.4069,4393.09,2.049,90.02,1
STLD,2017-07-20,2017-07-21,2017-07-24,3-5%,-3.014,36.3964,37.4525,tp_gap_filled,121.0687,4406.46,2.902,127.87,1
TGT,2017-06-16,2017-06-19,2017-07-25,5-10%,-7.266,51.4814,55.4045,tp_gap_filled,83.9234,4320.49,7.62,329.24,25
EQT,2017-04-27,2017-07-14,2017-07-25,2-3%,-2.755,33.8553,34.7448,tp_gap_filled,128.3458,4345.18,2.627,114.16,7
JPM,2017-07-14,2017-07-17,2017-07-25,2-3%,-2.46,90.9008,93.0069,tp_gap_filled,47.9843,4361.82,2.317,101.06,6
ANET,2017-07-21,2017-07-24,2017-07-25,3-5%,-3.699,9.4469,9.7902,tp_gap_filled,465.9326,4401.64,3.634,159.94,1
CL,2017-07-21,2017-07-24,2017-07-25,3-5%,-3.177,69.8698,72.0179,tp_gap_filled,63.0542,4405.59,3.074,135.45,1
WMT,2017-06-16,2017-06-19,2017-07-26,5-10%,-6.286,24.6746,26.277,tp_gap_filled,175.1244,4321.13,6.494,280.62,26
CHRW,2017-04-26,2017-04-27,2017-07-27,5-10%,-5.843,73.2332,65.3945,time_exit,57.213,4189.89,-10.704,-448.47,63
KDP,2017-04-26,2017-04-27,2017-07-27,5-10%,-5.741,92.8528,91.938,time_exit,45.1195,4189.47,-0.985,-41.28,63
LUV,2017-07-10,2017-07-11,2017-07-27,2-3%,-2.024,63.0029,56.0165,stop,68.1326,4292.55,-11.089,-476.0,12
EBAY,2017-07-21,2017-07-24,2017-07-27,2-3%,-2.636,36.2362,37.1428,tp_gap_filled,121.6945,4409.75,2.502,110.33,3
SMCI,2017-07-21,2017-07-25,2017-07-27,2-3%,-2.214,2.6527,2.7073,tp_gap_filled,1676.7042,4447.71,2.06,91.62,2
INCY,2017-07-25,2017-07-26,2017-07-27,2-3%,-2.994,134.2641,138.1317,tp_gap_filled,33.1254,4447.55,2.881,128.12,1
LULU,2017-07-25,2017-07-26,2017-07-28,2-3%,-2.015,60.8308,61.958,tp_gap_filled,73.1667,4450.78,1.853,82.47,2
NDAQ,2017-07-26,2017-07-27,2017-07-28,3-5%,-4.097,23.2766,24.2224,tp_gap_filled,191.2073,4450.65,4.063,180.85,1
KR,2017-06-16,2017-06-19,2017-07-31,10%+,-13.721,21.2112,24.5354,tp_gap_filled,203.2331,4310.82,15.672,675.6,29
BBY,2017-07-10,2017-07-14,2017-07-31,3-5%,-4.648,55.2352,57.8121,tp_gap_filled,78.6041,4341.71,4.665,202.56,11
ADP,2017-07-27,2017-07-28,2017-07-31,2-3%,-2.34,103.6035,105.874,tp_gap_filled,43.0697,4462.17,2.192,97.79,1
BMY,2017-07-27,2017-07-28,2017-07-31,3-5%,-4.734,53.3833,55.924,tp_gap_filled,83.9579,4481.95,4.759,213.31,1
DLTR,2017-06-16,2017-06-19,2017-08-01,3-5%,-4.207,69.7397,72.6573,tp_gap_filled,61.7328,4305.23,4.184,180.11,30
JKHY,2017-07-31,2017-08-01,2017-08-02,2-3%,-2.82,104.1641,106.9729,tp_gap_filled,42.9769,4476.65,2.697,120.72,1
ELV,2017-07-26,2017-07-27,2017-08-03,3-5%,-4.927,181.3712,190.3894,tp_gap_filled,24.5307,4449.17,4.972,221.22,5
MU,2017-07-25,2017-07-27,2017-08-04,2-3%,-2.747,30.8308,27.412,stop,144.4497,4453.5,-11.089,-493.85,6
APO,2017-08-02,2017-08-03,2017-08-04,3-5%,-3.14,27.4775,28.3117,tp_gap_filled,161.9492,4449.95,3.036,135.1,1
COHR,2017-07-26,2017-07-27,2017-08-07,3-5%,-3.019,38.5885,39.7102,tp_gap_filled,115.451,4455.09,2.907,129.5,7
HSIC,2017-07-26,2017-07-27,2017-08-07,2-3%,-2.82,70.4743,72.3746,tp_gap_filled,63.1567,4450.92,2.696,120.02,7
SMCI,2017-08-04,2017-08-07,2017-08-08,2-3%,-2.218,2.6476,2.7023,tp_gap_filled,1689.9605,4474.42,2.064,92.36,1
MKC,2017-07-19,2017-07-20,2017-08-09,5-10%,-6.835,45.2952,48.5214,tp_gap_filled,96.3901,4366.02,7.123,310.97,14
BDX,2017-08-03,2017-08-04,2017-08-11,3-5%,-3.972,148.1385,153.9569,tp_gap_filled,30.0329,4449.03,3.928,174.75,5
CMCSA,2017-06-20,2017-06-21,2017-08-14,3-5%,-3.11,37.9948,39.1361,tp_gap_filled,112.7268,4283.04,3.004,128.65,37
BR,2017-08-10,2017-08-11,2017-08-14,2-3%,-2.264,73.033,74.5754,tp_gap_filled,60.5494,4422.1,2.112,93.39,1
NCLH,2017-08-11,2017-08-14,2017-08-15,3-5%,-4.065,54.8047,57.0129,tp_gap_filled,81.1514,4447.48,4.029,179.2,1
NVDA,2017-08-11,2017-08-14,2017-08-15,3-5%,-4.613,3.9324,4.1144,tp_gap_filled,1132.8024,4454.66,4.627,206.12,1
AMCR,2017-07-13,2017-07-14,2017-08-18,2-3%,-2.253,60.8107,62.0879,tp_gap_filled,71.3995,4341.85,2.1,91.18,25
SW,2017-08-14,2017-08-15,2017-08-23,2-3%,-2.144,29.2392,29.8202,tp_gap_filled,151.9009,4441.46,1.987,88.25,6
AZO,2017-05-23,2017-05-25,2017-08-24,5-10%,-7.958,607.617,511.1184,time_exit,6.8296,4149.79,-15.881,-659.05,63
LOW,2017-05-24,2017-05-25,2017-08-24,3-5%,-3.656,79.4093,72.5374,time_exit,52.3864,4159.97,-8.654,-360.0,63
SNPS,2017-08-17,2017-08-18,2017-08-25,2-3%,-2.997,76.7967,79.0109,tp_gap_filled,57.3412,4403.62,2.883,126.96,5
COHR,2017-08-23,2017-08-24,2017-08-25,2-3%,-2.535,34.6346,35.4645,tp_gap_filled,127.3767,4411.64,2.396,105.71,1
HRL,2017-05-25,2017-06-02,2017-08-31,3-5%,-3.814,34.084,30.7093,time_exit,123.857,4221.55,-9.901,-417.99,63
HUBB,2017-04-25,2017-06-02,2017-08-31,2-3%,-2.74,118.3182,112.6772,time_exit,35.6805,4221.66,-4.768,-201.27,63
CSCO,2017-08-17,2017-08-25,2017-08-31,2-3%,-2.628,31.5215,32.3077,tp_gap_filled,140.2638,4421.32,2.494,110.27,4
PANW,2017-07-20,2017-07-21,2017-09-01,2-3%,-2.074,22.998,23.4382,tp_gap_filled,191.4284,4402.47,1.914,84.27,30
TKO,2017-07-28,2017-07-31,2017-09-01,3-5%,-4.979,20.8208,21.8681,tp_gap_filled,214.5942,4468.02,5.03,224.75,24
EXPE,2017-08-28,2017-08-29,2017-09-01,3-5%,-3.712,143.8637,149.1107,tp_gap_filled,30.6632,4411.33,3.647,160.89,3
AMGN,2017-07-26,2017-07-31,2017-09-07,2-3%,-2.698,176.186,180.7091,tp_gap_filled,25.3889,4473.17,2.567,114.84,27
FERG,2017-06-08,2017-06-09,2017-09-08,2-3%,-2.308,67.1209,61.343,time_exit,63.1499,4238.68,-8.608,-364.87,63
DHR,2017-07-20,2017-07-21,2017-09-08,3-5%,-4.348,72.821,75.9789,tp_gap_filled,60.305,4391.47,4.337,190.44,34
DG,2017-08-31,2017-09-01,2017-09-08,5-10%,-5.513,72.5725,76.6533,tp_gap_filled,61.7983,4484.86,5.623,252.18,4
COO,2017-09-01,2017-09-07,2017-09-08,2-3%,-2.324,61.3112,62.6448,tp_gap_filled,73.5937,4512.12,2.175,98.14,1
MAR,2017-08-08,2017-08-09,2017-09-11,3-5%,-4.917,101.0509,106.0638,tp_gap_filled,44.127,4459.07,4.961,221.2,22
ALB,2017-08-08,2017-09-05,2017-09-11,3-5%,-3.209,119.2491,122.9569,tp_gap_filled,37.5092,4472.94,3.109,139.08,4
BLDR,2017-09-07,2017-09-08,2017-09-11,2-3%,-2.147,16.4264,16.7532,tp_gap_filled,274.9501,4516.44,1.99,89.86,1
CVNA,2017-08-09,2017-08-31,2017-09-12,3-5%,-4.784,3.6657,3.8422,tp_gap_filled,1220.4147,4473.63,4.815,215.39,7
TRGP,2017-07-28,2017-07-31,2017-09-13,2-3%,-2.089,46.4564,47.3526,tp_gap_filled,96.2289,4470.45,1.929,86.24,31
FDS,2017-03-28,2017-06-15,2017-09-14,3-5%,-3.896,167.9177,161.3185,time_exit,25.3314,4253.59,-3.93,-167.17,63
COP,2017-06-20,2017-06-21,2017-09-14,2-3%,-2.049,45.4554,46.3136,tp_gap_filled,94.2049,4282.12,1.888,80.85,59
ON,2017-09-13,2017-09-14,2017-09-15,2-3%,-2.59,16.5665,16.973,tp_gap_filled,272.5653,4515.47,2.454,110.79,1
KLAC,2017-07-28,2017-09-12,2017-09-18,2-3%,-2.192,9.7838,9.983,tp_gap_filled,466.2609,4561.79,2.036,92.89,4
WDC,2017-09-13,2017-09-15,2017-09-18,2-3%,-2.568,65.4471,67.038,tp_gap_filled,69.2236,4530.49,2.431,110.13,1
ITW,2017-07-24,2017-07-25,2017-09-19,2-3%,-2.607,143.5934,147.1427,tp_gap_filled,30.9883,4449.72,2.472,109.99,39
SCHW,2017-09-15,2017-09-18,2017-09-19,3-5%,-3.801,38.5085,39.95,tp_gap_filled,117.9196,4540.91,3.743,169.99,1
ETN,2017-08-01,2017-09-14,2017-09-21,3-5%,-3.527,75.5655,78.1718,tp_gap_filled,59.7542,4515.36,3.449,155.74,5
GPC,2017-07-06,2017-07-07,2017-09-25,2-3%,-2.31,87.1871,89.0708,tp_gap_filled,49.1299,4283.49,2.161,92.55,55
BLK,2017-07-17,2017-07-19,2017-09-26,2-3%,-2.359,428.428,437.9017,tp_gap_filled,10.2242,4380.35,2.211,96.86,48
SHW,2017-07-20,2017-07-21,2017-09-26,2-3%,-2.121,117.4807,119.7868,tp_gap_filled,37.5089,4406.57,1.963,86.5,46
EXPD,2017-08-08,2017-09-11,2017-09-26,2-3%,-2.912,57.3973,59.0009,tp_gap_filled,79.1214,4541.36,2.794,126.88,11
TER,2017-09-18,2017-09-19,2017-09-27,2-3%,-2.441,36.006,36.8331,tp_gap_filled,125.4016,4515.21,2.297,103.73,6
FIX,2017-07-28,2017-09-26,2017-09-27,2-3%,-2.316,35.8858,36.6633,tp_gap_filled,126.4276,4536.96,2.166,98.29,1
FISV,2017-08-02,2017-08-15,2017-09-29,3-5%,-3.659,62.3323,64.5704,tp_gap_filled,71.254,4441.42,3.591,159.47,32
NEM,2017-09-27,2017-09-28,2017-10-02,2-3%,-2.002,37.2472,37.932,tp_gap_filled,122.1152,4548.45,1.839,83.63,2
SYK,2017-08-23,2017-08-31,2017-10-04,3-5%,-3.099,141.141,145.3645,tp_gap_filled,31.6686,4469.74,2.992,133.75,23
NCLH,2017-09-15,2017-09-18,2017-10-05,2-3%,-2.027,56.6065,57.6623,tp_gap_filled,80.2308,4541.59,1.865,84.7,13
ACN,2017-09-28,2017-09-29,2017-10-06,2-3%,-2.818,132.9228,136.5034,tp_gap_filled,34.3006,4559.33,2.694,122.82,5
INCY,2017-10-03,2017-10-04,2017-10-06,2-3%,-2.066,112.9228,115.0748,tp_gap_filled,40.7526,4601.89,1.906,87.7,2
GOOG,2017-07-25,2017-07-26,2017-10-09,2-3%,-2.706,47.7382,48.968,tp_gap_filled,93.2085,4449.61,2.576,114.63,52
GOOGL,2017-07-25,2017-07-26,2017-10-09,2-3%,-2.766,48.5835,49.8656,tp_gap_filled,91.5644,4448.52,2.639,117.39,52
PTC,2017-07-20,2017-07-21,2017-10-10,5-10%,-7.841,54.3543,58.8611,tp_gap_filled,81.0283,4404.24,8.291,365.18,56
ALB,2017-10-06,2017-10-09,2017-10-16,2-3%,-2.843,135.8257,139.5203,tp_gap_filled,33.8461,4597.16,2.72,125.05,5
OMC,2017-08-23,2017-08-24,2017-10-17,5-10%,-5.683,73.7637,78.0519,tp_gap_filled,59.8489,4414.68,5.813,256.64,37
ELV,2017-10-13,2017-10-17,2017-10-18,2-3%,-2.235,185.6855,189.5503,tp_gap_filled,24.7281,4591.64,2.081,95.57,1
PM,2017-07-20,2017-07-21,2017-10-19,2-3%,-2.434,118.7787,108.0419,time_exit,37.071,4403.25,-9.039,-398.02,63
ADBE,2017-09-20,2017-10-10,2017-10-19,2-3%,-2.944,152.142,156.4434,tp_gap_filled,30.228,4598.94,2.827,130.02,7
DRI,2017-09-26,2017-10-06,2017-10-20,3-5%,-3.151,80.6005,83.0569,tp_gap_filled,57.3687,4623.95,3.048,140.92,10
CRH,2017-10-06,2017-10-09,2017-10-20,2-3%,-2.058,36.2062,36.8931,tp_gap_filled,126.9944,4597.98,1.897,87.23,9
CDW,2017-10-13,2017-10-16,2017-10-20,3-5%,-3.292,66.7467,68.881,tp_gap_filled,68.4686,4570.05,3.198,146.14,4
IEX,2017-10-17,2017-10-18,2017-10-20,2-3%,-2.519,122.0319,124.9349,tp_gap_filled,37.715,4602.43,2.379,109.49,2
NDSN,2017-08-22,2017-09-20,2017-10-23,5-10%,-7.249,116.1661,124.9949,tp_gap_filled,38.8731,4515.74,7.6,343.2,23
DOV,2017-10-19,2017-10-20,2017-10-23,5-10%,-5.931,71.1696,75.506,tp_gap_filled,64.9851,4624.97,6.093,281.8,1
KEY,2017-10-19,2017-10-20,2017-10-23,3-5%,-3.283,17.988,18.5614,tp_gap_filled,257.9677,4640.32,3.188,147.93,1
ORLY,2017-07-05,2017-07-27,2017-10-25,5-10%,-9.441,13.32,13.5012,time_exit,334.8516,4460.21,1.36,60.67,63
AKAM,2017-07-26,2017-10-02,2017-10-25,5-10%,-6.25,50.0,53.2267,tp_gap_filled,91.7087,4585.43,6.454,295.92,17
CMG,2017-10-18,2017-10-19,2017-10-25,2-3%,-2.833,6.4058,5.6955,stop,720.4619,4615.13,-11.089,-511.77,4
AMZN,2017-07-28,2017-07-31,2017-10-27,3-5%,-3.237,50.6576,52.2477,tp_gap_filled,88.2741,4471.76,3.139,140.36,63
EVRG,2017-07-10,2017-08-07,2017-10-27,3-5%,-3.124,51.5215,53.0769,tp_gap_filled,86.853,4474.8,3.019,135.09,58
TDG,2017-08-31,2017-09-01,2017-10-27,5-10%,-7.736,255.3751,276.2335,tp_gap_filled,17.5616,4484.79,8.168,366.31,39
LH,2017-09-25,2017-09-26,2017-10-27,3-5%,-3.508,128.6767,133.0884,tp_gap_filled,35.2558,4536.6,3.429,155.54,23
SBUX,2017-07-28,2017-08-02,2017-10-31,5-10%,-7.176,55.2852,54.7852,time_exit,80.8237,4468.36,-0.905,-40.42,63
EBAY,2017-10-19,2017-10-20,2017-11-01,3-5%,-3.924,36.5165,37.932,tp_gap_filled,126.9821,4636.94,3.876,179.75,8
CHD,2017-08-03,2017-08-04,2017-11-02,3-5%,-3.338,51.021,45.3846,time_exit,87.2589,4452.03,-11.047,-491.83,63
HSIC,2017-08-08,2017-09-11,2017-11-06,3-5%,-3.694,69.4812,58.3058,stop,65.3516,4540.7,-16.084,-730.33,40
DPZ,2017-07-25,2017-10-06,2017-11-06,3-5%,-3.257,207.207,173.8798,stop,22.3221,4625.3,-16.084,-743.93,21
BKR,2017-10-20,2017-10-23,2017-11-06,3-5%,-3.439,32.042,33.1169,tp_gap_filled,144.2034,4620.57,3.354,155.0,10
IT,2017-08-08,2017-08-09,2017-11-07,3-5%,-3.58,121.8517,117.6322,time_exit,36.6118,4461.21,-3.463,-154.48,63
CMCSA,2017-10-26,2017-10-27,2017-11-07,2-3%,-2.552,33.67,34.4828,tp_gap_filled,136.061,4581.17,2.414,110.59,7
CNP,2017-11-03,2017-11-06,2017-11-07,3-5%,-3.934,28.5986,29.7103,tp_gap_filled,159.9882,4575.43,3.887,177.86,1
AXON,2017-10-18,2017-10-19,2017-11-08,2-3%,-2.046,23.9639,21.3066,stop,192.4111,4610.93,-11.089,-511.31,14
MGM,2017-10-02,2017-10-25,2017-11-08,3-5%,-3.805,31.3814,32.5574,tp_gap_filled,146.0846,4584.33,3.748,171.8,10
BDX,2017-11-03,2017-11-06,2017-11-09,2-3%,-2.5,167.6932,171.649,tp_gap_filled,27.2697,4572.95,2.359,107.87,3
GEN,2017-10-09,2017-10-31,2017-11-14,3-5%,-3.037,32.9229,27.6276,stop,139.8636,4604.72,-16.084,-740.62,10
HIG,2017-10-23,2017-10-24,2017-11-15,3-5%,-4.426,54.044,56.4335,tp_gap_filled,85.4658,4618.92,4.421,204.22,16
JBL,2017-10-19,2017-10-20,2017-11-16,2-3%,-2.863,28.1882,28.961,tp_gap_filled,164.6638,4641.57,2.742,127.26,19
PODD,2017-11-07,2017-11-08,2017-11-16,2-3%,-2.763,67.9979,69.7901,tp_gap_filled,66.8826,4547.88,2.636,119.87,6
KR,2017-09-08,2017-09-11,2017-11-17,5-10%,-6.236,21.3714,22.7472,tp_gap_filled,212.4826,4541.04,6.438,292.35,49
NKE,2017-08-18,2017-10-25,2017-11-17,3-5%,-4.542,54.9048,57.4025,tp_gap_filled,83.4595,4582.33,4.549,208.46,17
EXPE,2017-11-07,2017-11-08,2017-11-17,2-3%,-2.423,120.12,122.857,tp_gap_filled,37.8775,4549.85,2.279,103.67,7
IR,2017-11-14,2017-11-15,2017-11-17,2-3%,-2.89,28.5886,29.3806,tp_gap_filled,158.3652,4527.43,2.77,125.43,2
BKR,2017-11-15,2017-11-16,2017-11-17,2-3%,-2.163,29.8799,30.4795,tp_gap_filled,152.8862,4568.22,2.007,91.68,1
CRH,2017-11-13,2017-11-16,2017-11-20,2-3%,-2.151,35.065,35.7642,tp_gap_filled,130.3177,4569.59,1.994,91.11,2
ARES,2017-11-16,2017-11-17,2017-11-20,2-3%,-2.128,18.4184,18.7812,tp_gap_filled,249.02,4586.55,1.97,90.34,1
EMR,2017-11-16,2017-11-17,2017-11-20,2-3%,-2.584,58.108,59.5304,tp_gap_filled,78.9502,4587.64,2.448,112.3,1
MDT,2017-08-22,2017-08-23,2017-11-21,2-3%,-2.466,81.5415,83.4365,tp_gap_filled,54.3264,4429.85,2.324,102.95,63
VZ,2017-11-06,2017-11-20,2017-11-22,2-3%,-2.341,46.3563,47.3726,tp_gap_filled,98.7015,4575.44,2.192,100.31,2
CAH,2017-11-20,2017-11-21,2017-11-22,2-3%,-2.695,56.016,57.4525,tp_gap_filled,81.8955,4587.46,2.564,117.65,1
LYV,2017-11-20,2017-11-21,2017-11-27,3-5%,-3.11,43.9739,45.2947,tp_gap_filled,104.3038,4586.65,3.003,137.76,3
CHRW,2017-11-17,2017-11-20,2017-11-28,2-3%,-2.052,78.8287,80.3196,tp_gap_filled,58.0525,4576.21,1.891,86.55,5
MNST,2017-11-20,2017-11-21,2017-11-28,2-3%,-2.638,15.1476,15.527,tp_gap_filled,302.7771,4586.36,2.504,114.85,4
LOW,2017-11-21,2017-11-22,2017-11-28,2-3%,-2.161,79.7797,81.3785,tp_gap_filled,57.8807,4617.71,2.004,92.54,3
GIS,2017-09-20,2017-09-21,2017-11-29,5-10%,-6.555,51.8017,55.3246,tp_gap_filled,86.9848,4505.97,6.801,306.44,48
CVNA,2017-09-22,2017-09-25,2017-11-29,5-10%,-5.592,3.1772,3.3586,tp_gap_filled,1424.3478,4525.4,5.711,258.47,46
DVA,2017-11-08,2017-11-09,2017-11-29,5-10%,-9.108,53.6436,58.901,tp_gap_filled,84.6271,4539.7,9.801,444.92,13
TGT,2017-11-15,2017-11-17,2017-11-29,5-10%,-6.374,56.3163,60.0299,tp_gap_filled,81.5435,4592.23,6.594,302.82,7
EXPD,2017-11-08,2017-11-28,2017-11-29,2-3%,-2.337,60.6506,61.978,tp_gap_filled,77.066,4674.1,2.189,102.3,1
STX,2017-11-27,2017-11-28,2017-11-29,2-3%,-2.035,39.5095,40.2497,tp_gap_filled,118.3372,4675.44,1.874,87.6,1
ULTA,2017-08-25,2017-08-31,2017-11-30,5-10%,-7.817,215.6554,221.4883,time_exit,20.7274,4469.98,2.705,120.9,63
CMI,2017-11-17,2017-11-22,2017-11-30,2-3%,-2.471,163.163,166.9629,tp_gap_filled,28.2999,4617.49,2.329,107.54,5
WBD,2017-11-02,2017-11-29,2017-11-30,3-5%,-3.392,18.5285,19.1408,tp_gap_filled,254.7044,4719.29,3.305,155.96,1
AMGN,2017-10-26,2017-10-27,2017-12-01,3-5%,-3.735,171.0409,177.3225,tp_gap_filled,26.761,4577.22,3.673,168.1,24
MU,2017-11-27,2017-11-28,2017-12-01,3-5%,-3.462,48.008,40.2864,stop,97.3941,4675.69,-16.084,-752.04,3
BBY,2017-08-29,2017-09-13,2017-12-04,5-10%,-6.883,58.2282,62.4075,tp_gap_filled,77.9814,4540.72,7.178,325.91,57
DGX,2017-09-25,2017-09-26,2017-12-04,5-10%,-6.503,95.5655,102.0079,tp_gap_filled,47.4959,4538.97,6.741,305.99,48
CMG,2017-10-25,2017-11-14,2017-12-04,10%+,-12.723,5.6665,6.4795,tp_gap_filled,800.4619,4535.79,14.349,650.82,13
WSM,2017-11-17,2017-11-20,2017-12-04,10%+,-12.843,23.063,26.4086,tp_gap_filled,198.366,4574.92,14.506,663.64,9
NCLH,2017-11-30,2017-12-01,2017-12-04,2-3%,-2.333,54.054,55.2347,tp_gap_filled,87.5976,4735.0,2.184,103.43,1
ULTA,2017-12-01,2017-12-04,2017-12-05,5-10%,-6.152,208.2781,221.4883,tp_gap_filled,22.7802,4744.62,6.343,300.93,1
EBAY,2017-11-09,2017-12-05,2017-12-07,2-3%,-2.026,36.2963,36.973,tp_gap_filled,130.8204,4748.29,1.864,88.53,2
NVDA,2017-12-05,2017-12-06,2017-12-07,2-3%,-2.282,4.5646,4.6618,tp_gap_filled,1036.9304,4733.13,2.131,100.87,1
STLD,2017-12-05,2017-12-06,2017-12-07,3-5%,-3.167,38.5685,39.7502,tp_gap_filled,122.8696,4738.9,3.064,145.19,1
COR,2017-08-03,2017-09-11,2017-12-08,5-10%,-7.845,84.1941,86.6133,time_exit,54.0653,4551.98,2.873,130.79,63
EFX,2017-09-08,2017-09-11,2017-12-08,10%+,-14.644,121.9418,117.2826,time_exit,37.332,4552.33,-3.821,-173.94,63
CF,2017-11-07,2017-11-08,2017-12-08,3-5%,-3.749,37.7777,39.1708,tp_gap_filled,120.437,4549.84,3.687,167.77,21
EIX,2017-12-06,2017-12-07,2017-12-08,2-3%,-2.2,68.5285,69.93,tp_gap_filled,69.4239,4757.51,2.045,97.3,1
CIEN,2017-08-31,2017-09-12,2017-12-11,5-10%,-8.694,22.1822,21.7482,time_exit,205.6613,4562.01,-1.956,-89.24,63
BIIB,2017-10-24,2017-10-25,2017-12-11,2-3%,-2.907,319.319,328.2214,tp_gap_filled,14.3636,4586.57,2.788,127.87,32
NRG,2017-11-29,2017-11-30,2017-12-11,2-3%,-2.252,28.2382,28.8311,tp_gap_filled,167.9579,4742.83,2.1,99.59,7
CVNA,2017-12-08,2017-12-11,2017-12-13,5-10%,-5.495,4.1662,4.3996,tp_gap_filled,1152.2185,4800.33,5.603,268.97,2
LHX,2017-12-11,2017-12-12,2017-12-13,3-5%,-3.609,138.2181,143.1068,tp_gap_filled,34.7292,4800.2,3.537,169.78,1
LOW,2017-12-06,2017-12-07,2017-12-14,3-5%,-3.256,83.5835,86.2237,tp_gap_filled,57.009,4765.01,3.159,150.51,5
LITE,2017-12-13,2017-12-14,2017-12-15,10%+,-11.884,45.6456,51.6982,tp_gap_filled,104.7265,4780.31,13.26,633.87,1
LEN,2017-12-05,2017-12-06,2017-12-21,2-3%,-2.286,59.6336,60.9071,tp_gap_filled,79.3999,4734.9,2.135,101.11,11
CVS,2017-12-04,2017-12-08,2017-12-21,2-3%,-2.889,73.0229,75.0449,tp_gap_filled,65.5795,4788.81,2.769,132.6,9
RL,2017-12-13,2017-12-14,2017-12-21,3-5%,-3.974,96.2562,100.0399,tp_gap_filled,49.8538,4798.74,3.931,188.63,5
FERG,2017-12-07,2017-12-20,2017-12-22,2-3%,-2.051,75.7356,77.1667,tp_gap_filled,63.9801,4845.57,1.89,91.56,2
AMCR,2017-09-27,2017-09-28,2017-12-28,5-10%,-5.717,60.2602,58.941,time_exit,75.4806,4548.48,-2.189,-99.57,63
UAL,2017-10-19,2017-12-21,2017-12-29,2-3%,-2.353,66.4564,67.922,tp_gap_filled,72.7302,4833.39,2.205,106.59,5
BIIB,2017-12-21,2017-12-22,2018-01-02,3-5%,-4.114,320.0697,333.1365,tp_gap_filled,15.1055,4834.83,4.082,197.38,5
JBHT,2017-12-28,2017-12-29,2018-01-02,3-5%,-3.542,111.4914,115.3545,tp_gap_filled,43.4049,4839.27,3.465,167.68,1
MU,2017-12-26,2018-01-02,2018-01-03,2-3%,-2.108,43.2332,44.0759,tp_gap_filled,112.9873,4884.8,1.949,95.21,1
GPC,2017-10-19,2017-11-30,2018-01-04,5-10%,-5.824,92.4223,97.942,tp_gap_filled,51.3068,4741.9,5.972,283.19,23
CSX,2017-12-15,2017-12-18,2018-01-04,5-10%,-9.196,17.364,19.0842,tp_gap_filled,278.6325,4838.18,9.907,479.31,11
TKO,2017-12-22,2017-12-26,2018-01-04,5-10%,-7.813,29.4094,31.8381,tp_gap_filled,164.8278,4847.48,8.258,400.33,6
CME,2017-12-27,2017-12-28,2018-01-04,2-3%,-2.155,145.8757,148.7911,tp_gap_filled,33.3333,4862.52,1.999,97.18,4
CASY,2017-12-12,2018-01-03,2018-01-04,5-10%,-5.567,114.6145,121.1288,tp_gap_filled,42.8897,4915.78,5.684,279.39,1
NVR,2018-01-02,2018-01-03,2018-01-04,2-3%,-2.8,3413.41,3504.7118,tp_gap_filled,1.4425,4923.78,2.675,131.7,1
BKNG,2017-08-09,2017-10-05,2018-01-05,5-10%,-6.759,76.4968,72.8687,time_exit,60.5474,4631.69,-4.743,-219.68,63
PHM,2017-12-05,2017-12-08,2018-01-05,2-3%,-2.033,33.7737,34.4056,tp_gap_filled,141.7952,4788.95,1.871,89.59,18
PAYX,2017-12-21,2017-12-22,2018-01-05,2-3%,-2.63,67.4474,69.1308,tp_gap_filled,71.6787,4834.54,2.496,120.67,8
AAPL,2017-12-26,2017-12-28,2018-01-05,2-3%,-2.406,42.7427,43.7087,tp_gap_filled,113.7601,4862.41,2.26,109.9,5
SRE,2018-01-03,2018-01-04,2018-01-05,2-3%,-2.24,51.5465,52.6223,tp_gap_filled,95.9327,4945.0,2.087,103.21,1
VEEV,2017-12-06,2017-12-07,2018-01-08,5-10%,-5.228,54.8047,57.7122,tp_gap_filled,86.9469,4765.1,5.305,252.8,20
SNPS,2017-12-12,2017-12-13,2018-01-08,2-3%,-2.367,87.5274,89.4704,tp_gap_filled,54.827,4798.87,2.22,106.53,16
DXCM,2018-01-04,2018-01-08,2018-01-10,5-10%,-7.059,13.5085,14.5055,tp_gap_filled,370.071,4999.1,7.38,368.96,2
DPZ,2018-01-10,2018-01-11,2018-01-12,3-5%,-3.972,198.6985,206.5033,tp_gap_filled,25.1966,5006.52,3.928,196.65,1
FAST,2018-01-10,2018-01-11,2018-01-12,3-5%,-3.215,13.4084,13.8262,tp_gap_filled,374.0857,5015.89,3.116,156.28,1
GWW,2018-01-10,2018-01-11,2018-01-12,2-3%,-2.861,230.7305,237.0527,tp_gap_filled,21.7588,5020.43,2.74,137.56,1
MOS,2018-01-10,2018-01-11,2018-01-12,2-3%,-2.03,25.6056,26.0839,tp_gap_filled,196.2658,5025.5,1.868,93.88,1
MU,2018-01-10,2018-01-11,2018-01-12,2-3%,-2.374,41.992,42.927,tp_gap_filled,119.9058,5035.08,2.227,112.12,1
TRMB,2018-01-10,2018-01-11,2018-01-12,3-5%,-3.08,41.5815,42.8171,tp_gap_filled,121.1689,5038.39,2.972,149.72,1
NKE,2017-12-22,2017-12-26,2018-01-16,5-10%,-5.512,61.2612,64.7052,tp_gap_filled,79.0254,4841.19,5.622,272.17,13
WYNN,2018-01-02,2018-01-03,2018-01-16,2-3%,-2.064,165.2751,168.4214,tp_gap_filled,29.8349,4930.97,1.904,93.87,8
GILD,2017-10-26,2018-01-09,2018-01-16,2-3%,-2.003,78.3683,79.8101,tp_gap_filled,63.9077,5008.33,1.84,92.14,4
JBHT,2018-01-11,2018-01-12,2018-01-16,2-3%,-2.29,117.4774,119.9899,tp_gap_filled,42.9351,5043.9,2.139,107.88,1
ORCL,2017-12-15,2017-12-18,2018-01-17,3-5%,-3.407,48.5285,50.1398,tp_gap_filled,99.7933,4842.82,3.32,160.8,19
MRK,2017-10-27,2018-01-16,2018-01-17,2-3%,-2.323,57.8345,59.0916,tp_gap_filled,87.0004,5031.62,2.174,109.37,1
GE,2017-10-20,2017-10-23,2018-01-19,5-10%,-6.107,106.2107,78.5173,stop,43.4779,4617.82,-26.074,-1204.05,60
COO,2017-12-08,2017-12-11,2018-01-19,3-5%,-4.736,56.9294,59.6403,tp_gap_filled,84.3117,4799.81,4.762,228.56,26
MTD,2017-11-03,2018-01-09,2018-01-22,3-5%,-3.343,649.7992,670.9284,tp_gap_filled,7.7066,5007.76,3.252,162.83,8
KEY,2018-01-18,2018-01-19,2018-01-22,2-3%,-2.822,20.6807,21.2387,tp_gap_filled,245.475,5076.58,2.699,136.99,1
ADM,2017-10-31,2017-11-01,2018-01-23,3-5%,-4.835,40.7807,42.7672,tp_gap_filled,112.7561,4598.28,4.871,223.98,55
PEG,2018-01-04,2018-01-05,2018-01-23,5-10%,-5.4,48.048,50.6893,tp_gap_filled,103.7259,4983.82,5.497,273.97,11
META,2018-01-12,2018-01-16,2018-01-23,5-10%,-5.171,178.2381,187.5822,tp_gap_filled,28.229,5031.48,5.243,263.78,5
BNY,2018-01-18,2018-01-19,2018-01-23,3-5%,-4.284,55.4654,57.8321,tp_gap_filled,91.3447,5066.47,4.267,216.19,2
JCI,2018-01-18,2018-01-19,2018-01-23,2-3%,-2.049,38.7587,39.4905,tp_gap_filled,130.9632,5075.97,1.888,95.83,2
ALLE,2017-10-26,2017-10-27,2018-01-24,5-10%,-6.671,80.8007,86.4035,tp_gap_filled,56.6602,4578.19,6.934,317.46,59
BMY,2017-10-26,2017-11-02,2018-01-24,2-3%,-2.328,62.5725,63.936,tp_gap_filled,72.6541,4546.15,2.179,99.06,55
HSIC,2017-11-06,2017-11-07,2018-01-24,5-10%,-9.84,54.9569,60.8332,tp_gap_filled,82.5539,4536.9,10.693,485.12,52
FAST,2018-01-17,2018-01-18,2018-01-24,3-5%,-4.762,13.2132,13.8461,tp_gap_filled,381.6062,5042.24,4.79,241.53,4
GE,2018-01-22,2018-01-23,2018-01-24,2-3%,-2.214,76.276,77.8471,tp_gap_filled,67.087,5117.13,2.06,105.4,1
AXP,2018-01-19,2018-01-22,2018-01-25,2-3%,-2.854,97.107,99.7601,tp_gap_filled,52.4781,5095.99,2.732,139.23,3
APO,2018-01-23,2018-01-24,2018-01-25,2-3%,-2.712,33.7537,34.6253,tp_gap_filled,151.8071,5124.06,2.582,132.32,1
FDS,2017-12-19,2017-12-20,2018-01-26,5-10%,-9.124,186.2361,204.5253,tp_gap_filled,25.9779,4838.02,9.82,475.11,24
GEN,2018-01-18,2018-01-19,2018-01-26,3-5%,-3.743,26.5165,27.4925,tp_gap_filled,191.2,5069.95,3.681,186.61,5
INTC,2018-01-03,2018-01-22,2018-01-26,2-3%,-2.946,45.5155,46.8031,tp_gap_filled,112.0083,5098.11,2.829,144.23,4
LLY,2018-01-22,2018-01-23,2018-01-26,2-3%,-2.62,83.3332,85.4045,tp_gap_filled,61.5689,5130.74,2.486,127.53,3
FTNT,2018-01-23,2018-01-24,2018-01-26,3-5%,-3.402,8.8669,9.1608,tp_gap_filled,578.908,5133.09,3.315,170.18,2
GD,2018-01-24,2018-01-25,2018-01-26,2-3%,-2.164,203.193,207.2725,tp_gap_filled,25.2486,5130.33,2.008,103.0,1
AIG,2017-11-03,2017-11-06,2018-01-29,3-5%,-4.448,62.1521,64.915,tp_gap_filled,73.5634,4572.12,4.445,203.25,56
MGM,2018-01-25,2018-01-26,2018-01-29,2-3%,-2.046,36.8969,37.5924,tp_gap_filled,139.9945,5165.36,1.885,97.37,1
BSX,2017-10-26,2017-10-27,2018-01-30,3-5%,-3.951,28.4684,28.002,time_exit,160.9151,4581.0,-1.639,-75.06,63
ARE,2018-01-04,2018-01-05,2018-01-31,3-5%,-3.062,125.4854,129.1907,tp_gap_filled,39.7004,4981.82,2.953,147.1,17
TSCO,2018-01-25,2018-01-26,2018-02-01,2-3%,-2.305,15.7798,14.0299,stop,327.4953,5167.8,-11.089,-573.06,4
VZ,2018-01-29,2018-01-30,2018-02-01,2-3%,-2.083,53.6336,54.6653,tp_gap_filled,95.3572,5114.35,1.924,98.38,2
AOS,2018-01-30,2018-01-31,2018-02-01,3-5%,-3.921,64.2642,66.7532,tp_gap_filled,79.8489,5131.42,3.873,198.74,1
APTV,2018-02-01,2018-02-02,2018-02-05,3-5%,-4.269,90.9208,94.7851,tp_gap_filled,55.0885,5008.69,4.25,212.88,1
JBL,2018-01-22,2018-01-23,2018-02-06,2-3%,-2.045,26.8568,23.8787,stop,190.9851,5129.26,-11.089,-568.78,10
ADI,2018-01-24,2018-01-25,2018-02-06,2-3%,-2.166,94.4744,83.9981,stop,54.4059,5139.97,-11.089,-569.97,8
HSY,2018-01-10,2018-01-25,2018-02-06,2-3%,-2.144,111.4513,99.0925,stop,46.2083,5149.98,-11.089,-571.08,8
ISRG,2018-01-26,2018-01-29,2018-02-06,2-3%,-2.654,146.1026,129.9013,stop,35.2394,5148.57,-11.089,-570.92,6
ALGN,2018-01-30,2018-01-31,2018-02-06,2-3%,-2.283,270.7205,240.7003,stop,18.9751,5136.94,-11.089,-569.64,4
ANET,2018-02-05,2018-02-06,2018-02-07,2-3%,-2.914,16.611,17.0754,tp_gap_filled,295.4615,4907.9,2.796,137.22,1
HD,2018-02-05,2018-02-06,2018-02-07,2-3%,-2.011,190.2601,193.776,tp_gap_filled,25.8005,4908.8,1.848,90.71,1
EIX,2017-12-12,2017-12-13,2018-02-08,3-5%,-4.522,69.7497,58.5311,stop,68.8031,4798.99,-16.084,-771.87,38
AME,2018-02-06,2018-02-07,2018-02-08,2-3%,-2.016,72.4824,73.8261,tp_gap_filled,67.6076,4900.36,1.854,90.84,1
SWKS,2017-11-07,2017-11-08,2018-02-09,5-10%,-5.553,109.9799,102.5374,time_exit,41.3436,4546.97,-6.767,-307.7,63
IBM,2018-01-19,2018-01-23,2018-02-09,2-3%,-2.755,157.3848,139.9324,stop,32.5798,5127.57,-11.089,-568.6,13
TPR,2018-02-08,2018-02-09,2018-02-12,2-3%,-2.675,48.8088,50.0499,tp_gap_filled,98.0502,4785.71,2.543,121.69,1
AVGO,2018-02-01,2018-02-05,2018-02-14,2-3%,-2.544,24.1962,24.7782,tp_gap_filled,201.0331,4864.23,2.405,117.01,7
BAC,2018-02-05,2018-02-06,2018-02-14,2-3%,-2.598,31.1511,31.9181,tp_gap_filled,157.6819,4911.97,2.462,120.93,6
ALGN,2018-02-06,2018-02-07,2018-02-14,3-5%,-3.998,232.9427,242.1576,tp_gap_filled,21.0326,4899.39,3.956,193.81,5
BKNG,2018-02-09,2018-02-12,2018-02-14,2-3%,-2.108,70.7899,72.1702,tp_gap_filled,68.589,4855.41,1.95,94.67,2
CFG,2018-02-05,2018-02-06,2018-02-15,2-3%,-2.043,45.1251,45.974,tp_gap_filled,108.858,4912.22,1.881,92.41,7
NVDA,2018-02-01,2018-02-09,2018-02-15,2-3%,-2.962,5.969,6.1389,tp_gap_filled,802.5134,4790.17,2.846,136.34,4
CAH,2018-02-13,2018-02-14,2018-02-15,3-5%,-4.336,65.1451,67.962,tp_gap_filled,75.8322,4940.1,4.324,213.61,1
FFIV,2018-02-13,2018-02-14,2018-02-15,3-5%,-4.467,134.0239,140.0098,tp_gap_filled,36.9731,4955.27,4.466,221.32,1
TXT,2018-01-31,2018-02-01,2018-02-16,3-5%,-3.124,58.3583,60.1198,tp_gap_filled,87.4102,5101.11,3.018,153.97,11
FSLR,2018-02-05,2018-02-06,2018-02-16,3-5%,-3.657,64.074,66.3736,tp_gap_filled,76.6351,4910.32,3.589,176.23,8
CMG,2018-02-07,2018-02-14,2018-02-16,10%+,-10.084,5.4783,6.0805,tp_gap_filled,902.7748,4945.65,10.993,543.69,2
BG,2018-02-14,2018-02-15,2018-02-16,3-5%,-4.176,76.2662,79.4305,tp_gap_filled,65.5609,5000.08,4.149,207.45,1
DOC,2018-02-14,2018-02-15,2018-02-16,3-5%,-3.684,21.982,22.7772,tp_gap_filled,227.5547,5002.1,3.618,180.96,1
CDNS,2018-02-07,2018-02-08,2018-02-20,3-5%,-4.219,37.9479,39.5404,tp_gap_filled,125.0879,4746.83,4.197,199.2,7
ADI,2018-02-07,2018-02-16,2018-02-20,2-3%,-2.022,86.8368,88.4515,tp_gap_filled,57.9876,5035.46,1.859,93.63,1
IDXX,2018-02-05,2018-02-16,2018-02-21,2-3%,-2.071,182.6825,186.1736,tp_gap_filled,27.5561,5034.01,1.911,96.2,2
IFF,2018-02-15,2018-02-16,2018-02-23,3-5%,-4.087,139.0689,144.7052,tp_gap_filled,36.1966,5033.83,4.053,204.01,4
CDW,2018-02-07,2018-02-08,2018-02-26,3-5%,-3.372,70.8408,73.1668,tp_gap_filled,66.9406,4742.12,3.283,155.7,11
ARES,2018-02-16,2018-02-20,2018-02-26,2-3%,-2.249,23.9239,24.4256,tp_gap_filled,210.2687,5030.45,2.097,105.48,4
DG,2018-02-20,2018-02-21,2018-02-26,2-3%,-2.742,95.1451,97.6323,tp_gap_filled,52.5915,5003.82,2.614,130.81,3
HRL,2018-02-22,2018-02-23,2018-02-26,2-3%,-2.356,31.9419,32.6473,tp_gap_filled,159.0369,5079.94,2.208,112.19,1
CHRW,2018-01-31,2018-02-01,2018-02-27,3-5%,-3.15,92.0319,94.8351,tp_gap_filled,55.4287,5101.21,3.046,155.37,17
NTAP,2018-02-15,2018-02-16,2018-02-27,10%+,-10.01,54.6246,60.5794,tp_gap_filled,92.2142,5037.16,10.901,549.12,6
FIX,2018-02-23,2018-02-26,2018-02-27,3-5%,-3.81,40.4404,41.958,tp_gap_filled,126.8832,5131.21,3.753,192.56,1
INTU,2018-02-23,2018-02-26,2018-02-27,2-3%,-2.44,168.0679,171.9279,tp_gap_filled,30.563,5136.66,2.297,117.97,1
MCHP,2018-02-07,2018-02-27,2018-03-02,3-5%,-4.754,43.8188,45.914,tp_gap_filled,116.0785,5086.42,4.782,243.21,3
PAYX,2018-03-01,2018-03-02,2018-03-05,2-3%,-2.272,63.7137,65.0649,tp_gap_filled,78.9893,5032.7,2.121,106.73,1
WDC,2017-11-27,2018-01-25,2018-03-06,3-5%,-4.818,66.8166,70.0584,tp_gap_filled,76.9433,5141.09,4.852,249.44,27
SW,2018-01-26,2018-01-29,2018-03-06,3-5%,-3.275,36.066,37.2128,tp_gap_filled,142.6524,5144.91,3.18,163.58,25
ADSK,2017-11-29,2018-01-12,2018-03-07,10%+,-12.251,114.144,129.82,tp_gap_filled,44.1661,5041.3,13.734,692.35,36
ALGN,2018-03-01,2018-03-05,2018-03-07,2-3%,-2.865,255.255,262.2575,tp_gap_filled,19.9545,5093.49,2.743,139.73,2
MCO,2018-03-05,2018-03-06,2018-03-07,3-5%,-3.109,161.9117,166.7731,tp_gap_filled,31.6865,5130.41,3.002,154.04,1
STZ,2018-01-05,2018-01-09,2018-03-08,2-3%,-2.365,220.6704,225.5642,tp_gap_filled,22.6936,5007.81,2.218,111.06,40
WYNN,2018-01-29,2018-01-30,2018-03-08,5-10%,-5.136,171.201,180.1097,tp_gap_filled,29.8783,5115.2,5.204,266.18,26
AXON,2018-03-06,2018-03-07,2018-03-08,2-3%,-2.038,37.5375,38.2417,tp_gap_filled,137.4928,5161.14,1.876,96.83,1
TROW,2018-01-30,2018-02-27,2018-03-09,2-3%,-2.169,115.115,117.4325,tp_gap_filled,44.2009,5088.18,2.013,102.43,8
BA,2018-03-07,2018-03-08,2018-03-09,2-3%,-2.121,341.8615,348.5711,tp_gap_filled,15.2002,5196.35,1.963,101.99,1
CASY,2018-03-07,2018-03-08,2018-03-09,2-3%,-2.231,108.7887,111.0488,tp_gap_filled,47.7975,5199.83,2.078,108.03,1
CAT,2018-03-07,2018-03-08,2018-03-09,2-3%,-2.439,150.15,153.5962,tp_gap_filled,34.634,5200.29,2.295,119.36,1
CVNA,2018-03-07,2018-03-08,2018-03-12,10%+,-13.014,3.253,3.7323,tp_gap_filled,1599.811,5204.26,14.731,766.65,2
SBUX,2018-01-26,2018-01-29,2018-03-13,3-5%,-4.31,57.9979,60.4894,tp_gap_filled,88.7583,5147.8,4.296,221.14,30
DLR,2018-02-16,2018-02-20,2018-03-13,2-3%,-2.978,102.4123,105.3445,tp_gap_filled,49.1042,5028.88,2.863,143.99,15
DG,2018-03-07,2018-03-08,2018-03-15,3-5%,-4.131,89.6696,93.3466,tp_gap_filled,58.1268,5212.21,4.101,213.73,5
WDC,2018-03-13,2018-03-14,2018-03-15,2-3%,-2.78,75.6614,77.6698,tp_gap_filled,69.8406,5284.24,2.654,140.27,1
IRM,2017-12-12,2017-12-13,2018-03-16,5-10%,-5.749,38.3984,32.4875,time_exit,124.9822,4799.11,-15.394,-738.75,63
CRL,2017-11-09,2017-12-15,2018-03-20,5-10%,-8.319,108.108,110.3296,time_exit,44.6588,4827.97,2.055,99.21,63
LII,2018-03-16,2018-03-19,2018-03-21,3-5%,-3.599,204.0338,211.2286,tp_gap_filled,25.6352,5230.45,3.526,184.44,2
FTNT,2018-03-19,2018-03-20,2018-03-21,2-3%,-2.444,10.5465,10.7892,tp_gap_filled,496.4575,5235.91,2.301,120.47,1
ABBV,2018-01-30,2018-02-20,2018-03-22,2-3%,-2.363,119.5394,106.2837,stop,42.1002,5032.63,-11.089,-558.07,22
CBRE,2018-03-20,2018-03-21,2018-03-22,5-10%,-9.11,43.043,47.2627,tp_gap_filled,121.2987,5221.06,9.803,511.84,1
IR,2018-03-20,2018-03-21,2018-03-22,3-5%,-3.027,31.7517,32.6773,tp_gap_filled,165.0295,5239.97,2.915,152.75,1
SBAC,2018-02-27,2018-02-28,2018-03-26,5-10%,-6.316,161.9818,172.5573,tp_gap_filled,31.3008,5070.16,6.529,331.02,18
EOG,2018-02-28,2018-03-01,2018-03-26,3-5%,-4.965,101.7316,106.8331,tp_gap_filled,49.3432,5019.76,5.015,251.72,17
PCG,2017-12-21,2017-12-22,2018-03-27,10%+,-15.728,43.1231,43.8961,time_exit,112.1558,4836.51,1.792,86.69,63
GIS,2018-02-23,2018-02-26,2018-03-28,3-5%,-4.823,52.3523,43.932,stop,98.1754,5139.71,-16.084,-826.67,22
TSLA,2018-03-13,2018-03-14,2018-03-28,3-5%,-4.891,21.9292,18.4021,stop,241.024,5285.47,-16.084,-850.12,10
AMD,2017-10-25,2018-01-23,2018-04-02,5-10%,-9.123,12.9629,9.583,stop,394.7736,5117.43,-26.074,-1334.32,47
GIS,2018-03-28,2018-03-29,2018-04-04,2-3%,-2.979,44.004,45.2647,tp_gap_filled,116.6577,5133.4,2.865,147.07,3
TSLA,2018-03-28,2018-03-29,2018-04-04,5-10%,-5.23,17.6563,18.5934,tp_gap_filled,290.973,5137.51,5.307,272.67,3
NTAP,2018-04-02,2018-04-03,2018-04-04,2-3%,-2.205,60.3903,61.6283,tp_gap_filled,84.344,5093.56,2.05,104.42,1
BA,2018-03-22,2018-03-23,2018-04-05,2-3%,-2.074,330.4401,336.7629,tp_gap_filled,15.4421,5102.68,1.913,97.64,8
D,2018-01-03,2018-01-04,2018-04-06,3-5%,-4.086,77.077,66.1538,time_exit,64.1634,4945.52,-14.172,-700.87,63
AAPL,2018-04-04,2018-04-05,2018-04-06,2-3%,-2.084,41.2612,42.0554,tp_gap_filled,125.1459,5163.67,1.925,99.39,1
ADBE,2018-04-04,2018-04-05,2018-04-06,2-3%,-2.417,210.9207,215.7141,tp_gap_filled,24.5199,5171.76,2.273,117.53,1
ADSK,2018-04-04,2018-04-05,2018-04-06,2-3%,-2.499,121.8417,124.7152,tp_gap_filled,42.5312,5182.07,2.358,122.21,1
AMD,2018-04-04,2018-04-05,2018-04-06,3-5%,-4.921,9.0891,9.5405,tp_gap_filled,571.8148,5197.27,4.966,258.1,1
AMP,2018-04-04,2018-04-05,2018-04-06,2-3%,-2.108,141.7916,144.5553,tp_gap_filled,36.7794,5215.01,1.949,101.65,1
AMAT,2018-04-04,2018-04-05,2018-04-09,3-5%,-3.131,52.3423,53.926,tp_gap_filled,99.1709,5190.83,3.026,157.06,2
OXY,2018-02-14,2018-02-15,2018-04-10,3-5%,-4.446,66.6866,69.6503,tp_gap_filled,75.044,5004.43,4.444,222.4,36
LRCX,2018-04-06,2018-04-09,2018-04-10,2-3%,-2.107,19.1101,19.4825,tp_gap_filled,267.5098,5112.14,1.949,99.62,1
ON,2018-04-06,2018-04-09,2018-04-10,3-5%,-3.84,23.3133,24.1958,tp_gap_filled,219.3572,5113.94,3.785,193.58,1
BKR,2018-02-02,2018-04-11,2018-04-13,2-3%,-2.003,31.8318,32.4176,tp_gap_filled,161.4919,5140.58,1.84,94.59,2
FTNT,2018-04-11,2018-04-12,2018-04-13,2-3%,-2.757,10.9469,11.2348,tp_gap_filled,473.7346,5185.94,2.629,136.35,1
LITE,2018-03-28,2018-04-12,2018-04-16,2-3%,-2.786,64.6146,57.4494,stop,80.3259,5190.22,-11.089,-575.54,2
LIN,2018-03-19,2018-03-20,2018-04-17,2-3%,-2.631,150.4103,154.1657,tp_gap_filled,34.8339,5239.37,2.497,130.82,19
AMZN,2018-03-28,2018-03-29,2018-04-17,3-5%,-3.343,72.4223,74.7776,tp_gap_filled,70.8795,5133.26,3.252,166.94,12
SW,2018-03-26,2018-04-09,2018-04-18,2-3%,-2.84,42.1221,43.2667,tp_gap_filled,121.4504,5115.74,2.717,139.01,7
FERG,2018-02-20,2018-03-09,2018-04-19,3-5%,-4.259,77.9342,81.2386,tp_gap_filled,67.7451,5279.66,4.24,223.86,28
GWW,2018-04-11,2018-04-13,2018-04-19,2-3%,-2.339,285.4552,291.708,tp_gap_filled,18.1102,5169.65,2.19,113.24,4
HAS,2018-03-09,2018-03-12,2018-04-23,2-3%,-2.463,91.1711,81.0611,stop,58.0745,5294.72,-11.089,-587.13,29
SHW,2018-01-25,2018-01-26,2018-04-24,2-3%,-2.406,139.823,124.318,stop,36.9472,5166.07,-11.089,-572.87,60
QCOM,2018-03-13,2018-03-14,2018-04-24,3-5%,-4.84,59.8298,50.2068,stop,88.3276,5284.62,-16.084,-849.98,28
VICI,2018-01-23,2018-01-24,2018-04-25,5-10%,-8.656,21.021,18.022,time_exit,244.357,5136.63,-14.267,-732.84,63
DE,2018-03-22,2018-03-27,2018-04-25,2-3%,-2.727,153.8937,136.8285,stop,33.2286,5113.68,-11.089,-567.06,20
HAS,2018-04-23,2018-04-24,2018-04-25,3-5%,-4.299,79.3292,82.7272,tp_gap_filled,63.794,5060.73,4.283,216.77,1
LULU,2018-04-23,2018-04-24,2018-04-25,2-3%,-2.129,94.3543,96.2137,tp_gap_filled,53.7916,5075.47,1.971,100.02,1
DAL,2018-01-24,2018-01-25,2018-04-26,5-10%,-5.823,56.4964,53.0769,time_exit,90.8985,5135.44,-6.053,-310.83,63
LUV,2018-01-24,2018-01-25,2018-04-26,3-5%,-4.03,62.6926,52.6091,stop,82.141,5149.63,-16.084,-828.27,63
TXN,2018-01-24,2018-01-25,2018-04-26,5-10%,-7.298,111.2511,102.6173,time_exit,46.2268,5142.78,-7.761,-399.12,63
DRI,2018-03-22,2018-04-16,2018-04-26,5-10%,-5.176,88.5685,93.2167,tp_gap_filled,58.5529,5185.94,5.248,272.17,8
BIIB,2018-04-24,2018-04-25,2018-04-26,2-3%,-2.156,253.9637,259.0407,tp_gap_filled,19.972,5072.15,1.999,101.4,1
UNP,2018-01-25,2018-01-26,2018-04-27,3-5%,-4.689,134.7046,135.0648,time_exit,38.3672,5168.24,0.267,13.82,63
BBY,2018-03-07,2018-04-18,2018-04-27,2-3%,-2.579,74.8648,76.6932,tp_gap_filled,70.2735,5261.01,2.442,128.49,7
CNC,2018-04-24,2018-04-25,2018-04-27,2-3%,-2.695,53.8488,55.2297,tp_gap_filled,94.384,5082.46,2.564,130.34,2
LH,2018-04-25,2018-04-26,2018-04-27,2-3%,-2.987,138.5577,142.5377,tp_gap_filled,36.8134,5100.77,2.872,146.52,1
ROK,2018-04-25,2018-04-26,2018-04-27,2-3%,-2.117,158.7386,161.848,tp_gap_filled,32.2075,5112.58,1.959,100.15,1
APD,2018-01-26,2018-01-29,2018-04-30,5-10%,-5.615,164.3942,162.1277,time_exit,31.3057,5146.48,-1.379,-70.96,63
CL,2018-01-26,2018-01-29,2018-04-30,3-5%,-4.488,73.9138,65.1648,time_exit,69.6603,5148.86,-11.837,-609.46,63
JCI,2018-04-05,2018-04-06,2018-05-01,2-3%,-2.4,34.1942,34.965,tp_gap_filled,149.4925,5111.77,2.254,115.23,17
CRM,2018-03-21,2018-04-12,2018-05-04,2-3%,-2.845,121.6816,124.9949,tp_gap_filled,42.6223,5186.34,2.723,141.22,16
LYV,2018-04-02,2018-04-23,2018-05-04,5-10%,-5.505,39.8598,42.0979,tp_gap_filled,128.625,5126.97,5.615,287.87,9
EW,2018-04-25,2018-04-26,2018-05-04,5-10%,-7.916,41.378,44.8451,tp_gap_filled,123.063,5092.1,8.379,426.67,6
CIEN,2018-04-26,2018-04-27,2018-05-04,3-5%,-3.156,25.8058,26.5934,tp_gap_filled,198.497,5122.37,3.052,156.34,5
DECK,2018-03-12,2018-04-11,2018-05-09,2-3%,-2.051,15.9326,16.2338,tp_gap_filled,322.4388,5137.28,1.89,97.11,20
A,2018-04-24,2018-04-25,2018-05-09,2-3%,-2.468,66.4564,68.0019,tp_gap_filled,76.3482,5073.82,2.326,118.0,10
DOV,2018-04-27,2018-04-30,2018-05-09,5-10%,-6.406,71.2343,75.9579,tp_gap_filled,71.0417,5060.61,6.631,335.57,7
CF,2018-05-03,2018-05-04,2018-05-09,3-5%,-4.223,37.4574,39.0309,tp_gap_filled,136.4537,5111.2,4.201,214.71,3
LDOS,2018-05-03,2018-05-04,2018-05-09,3-5%,-3.53,59.9098,61.978,tp_gap_filled,85.3982,5116.19,3.452,176.61,3
ALGN,2018-04-19,2018-04-26,2018-05-10,3-5%,-4.053,266.0858,276.7729,tp_gap_filled,19.1519,5096.06,4.016,204.68,10
META,2018-03-19,2018-04-27,2018-05-10,3-5%,-4.365,177.187,184.9049,tp_gap_filled,28.9408,5127.93,4.356,223.36,9
CCI,2018-04-27,2018-04-30,2018-05-10,2-3%,-2.074,103.0229,104.9949,tp_gap_filled,49.1554,5064.13,1.914,96.93,8
LITE,2018-04-16,2018-04-17,2018-05-14,5-10%,-8.32,59.009,64.2357,tp_gap_filled,88.6181,5229.26,8.858,463.18,19
AMCR,2018-02-13,2018-02-14,2018-05-16,2-3%,-2.638,57.2572,52.0479,time_exit,86.2819,4940.26,-9.098,-449.47,63
GE,2018-03-13,2018-04-20,2018-05-16,2-3%,-2.715,70.4713,72.2934,tp_gap_filled,73.2749,5163.78,2.586,133.52,18
AIG,2018-05-03,2018-05-04,2018-05-17,5-10%,-7.385,50.8408,54.7852,tp_gap_filled,100.4019,5104.51,7.758,396.02,9
AXON,2018-05-15,2018-05-16,2018-05-17,5-10%,-5.475,53.9239,56.933,tp_gap_filled,96.9375,5227.25,5.58,291.7,1
OMC,2018-02-15,2018-02-16,2018-05-18,3-5%,-4.977,78.7387,74.885,time_exit,64.0468,5042.96,-4.894,-246.81,63
HUBB,2018-04-25,2018-04-26,2018-05-22,3-5%,-3.676,105.4353,109.2406,tp_gap_filled,48.367,5099.59,3.609,184.05,18
ANET,2018-02-16,2018-02-26,2018-05-25,10%+,-16.223,16.1411,15.9684,time_exit,317.8312,5130.15,-1.07,-54.9,63
AVGO,2018-04-19,2018-05-10,2018-05-25,2-3%,-2.424,24.3784,24.934,tp_gap_filled,213.5922,5207.03,2.279,118.69,11
HRL,2018-05-24,2018-05-25,2018-05-29,2-3%,-2.596,34.9249,35.7842,tp_gap_filled,149.6536,5226.64,2.46,128.6,1
BKR,2018-05-25,2018-05-29,2018-05-30,2-3%,-2.719,34.7347,35.6343,tp_gap_filled,149.579,5195.58,2.59,134.57,1
FAST,2018-04-11,2018-05-09,2018-06-01,5-10%,-5.182,12.9129,13.5914,tp_gap_filled,398.4681,5145.38,5.254,270.36,16
CVNA,2018-04-24,2018-04-25,2018-06-05,5-10%,-6.142,5.6296,5.986,tp_gap_filled,903.2519,5084.97,6.331,321.9,28
ACN,2018-03-22,2018-05-10,2018-06-06,3-5%,-3.259,156.9067,161.868,tp_gap_filled,33.1881,5207.43,3.162,164.65,18
MU,2018-06-04,2018-06-05,2018-06-06,2-3%,-2.23,57.4874,58.6813,tp_gap_filled,91.5631,5263.73,2.077,109.31,1
DLTR,2018-03-07,2018-03-08,2018-06-07,10%+,-13.521,90.3402,81.878,time_exit,57.6177,5205.19,-9.367,-487.57,63
APA,2018-05-25,2018-05-30,2018-06-07,2-3%,-2.327,40.3403,41.2187,tp_gap_filled,130.3258,5257.38,2.178,114.48,6
MNST,2018-03-01,2018-03-09,2018-06-08,5-10%,-9.342,14.3769,13.8561,time_exit,367.2491,5279.89,-3.622,-191.24,63
UAL,2018-01-24,2018-03-09,2018-06-08,5-10%,-8.388,71.5014,69.92,time_exit,73.8668,5281.58,-2.212,-116.81,63
DAL,2018-06-06,2018-06-07,2018-06-11,2-3%,-2.689,53.2532,54.6153,tp_gap_filled,99.6092,5304.51,2.558,135.68,2
CHRW,2018-05-02,2018-05-09,2018-06-12,5-10%,-6.784,84.5845,90.5594,tp_gap_filled,60.8575,5147.6,7.064,363.61,23
NCLH,2018-06-05,2018-06-06,2018-06-12,3-5%,-3.564,51.1911,52.977,tp_gap_filled,103.6227,5304.57,3.489,185.05,4
ADSK,2018-05-25,2018-06-01,2018-06-13,3-5%,-4.47,132.8427,138.7811,tp_gap_filled,39.3216,5223.59,4.47,233.51,8
CCL,2018-06-05,2018-06-06,2018-06-13,3-5%,-4.2,60.7407,63.2767,tp_gap_filled,87.2974,5302.5,4.175,221.38,5
CASY,2018-06-12,2018-06-13,2018-06-14,2-3%,-2.148,94.3943,96.2736,tp_gap_filled,56.4709,5330.53,1.991,106.13,1
COR,2018-05-03,2018-06-13,2018-06-14,3-5%,-3.179,89.3392,92.0878,tp_gap_filled,59.767,5339.54,3.077,164.27,1
EQIX,2018-02-15,2018-03-16,2018-06-15,3-5%,-4.029,418.6883,398.3612,time_exit,12.634,5289.7,-4.855,-256.81,63
CHTR,2018-04-27,2018-05-01,2018-06-15,5-10%,-7.718,275.4152,297.8518,tp_gap_filled,18.493,5093.24,8.146,414.92,32
CMCSA,2018-06-13,2018-06-14,2018-06-15,3-5%,-4.169,29.1106,30.3164,tp_gap_filled,184.5485,5372.32,4.142,222.53,1
BBY,2018-05-24,2018-05-25,2018-06-18,5-10%,-6.662,70.9609,75.874,tp_gap_filled,73.7421,5232.81,6.924,362.31,15
REGN,2018-04-27,2018-06-07,2018-06-19,2-3%,-2.151,317.317,323.646,tp_gap_filled,16.7189,5305.2,1.995,105.81,8
AXON,2018-06-07,2018-06-08,2018-06-20,3-5%,-3.608,65.5154,67.8321,tp_gap_filled,81.2879,5325.62,3.536,188.32,8
CHTR,2018-06-18,2018-06-19,2018-06-20,2-3%,-2.157,291.0808,296.9028,tp_gap_filled,18.3241,5333.79,2.0,106.68,1
LITE,2018-06-15,2018-06-18,2018-06-21,2-3%,-2.286,57.7577,58.9909,tp_gap_filled,92.7707,5358.22,2.135,114.41,3
PCG,2018-06-11,2018-06-12,2018-06-22,5-10%,-7.407,38.4184,41.4086,tp_gap_filled,139.4339,5356.82,7.783,416.93,8
AMAT,2018-04-18,2018-05-14,2018-06-25,3-5%,-3.215,56.056,47.04,stop,93.2712,5228.41,-16.084,-840.94,29
AMCR,2018-06-15,2018-06-18,2018-06-27,3-5%,-4.064,50.8007,52.8471,tp_gap_filled,105.4787,5358.4,4.028,215.85,7
IR,2018-06-25,2018-06-26,2018-06-27,3-5%,-3.538,27.8378,28.8012,tp_gap_filled,189.0377,5262.4,3.461,182.11,1
BEN,2018-03-28,2018-03-29,2018-06-28,5-10%,-8.03,34.6246,31.7682,time_exit,148.2509,5133.13,-8.25,-423.46,63
APO,2018-06-19,2018-06-20,2018-07-02,2-3%,-2.516,31.4114,32.1578,tp_gap_filled,170.4938,5355.45,2.376,127.26,8
GILD,2018-05-02,2018-05-18,2018-07-05,5-10%,-5.926,68.3283,72.4874,tp_gap_filled,76.2496,5210.0,6.087,317.14,32
EIX,2018-05-02,2018-05-04,2018-07-06,3-5%,-3.007,63.6135,65.4545,tp_gap_filled,80.423,5115.99,2.894,148.05,43
BIIB,2018-06-18,2018-06-19,2018-07-06,3-5%,-3.6,294.344,304.725,tp_gap_filled,18.1257,5335.18,3.527,188.16,12
INCY,2018-04-06,2018-04-09,2018-07-09,10%+,-20.561,66.056,71.5484,time_exit,77.4182,5113.93,8.315,425.21,63
BSX,2018-06-13,2018-06-14,2018-07-09,5-10%,-6.413,31.7017,33.8062,tp_gap_filled,169.321,5367.76,6.638,356.33,16
DGX,2018-06-27,2018-06-28,2018-07-10,2-3%,-2.222,109.6696,111.938,tp_gap_filled,47.7007,5231.31,2.068,108.2,7
AVGO,2018-06-19,2018-06-20,2018-07-12,3-5%,-3.214,25.6256,21.504,stop,209.081,5357.83,-16.084,-861.75,15
AKAM,2018-06-26,2018-06-27,2018-07-12,3-5%,-4.07,74.5645,77.5724,tp_gap_filled,70.13,5229.21,4.034,210.94,10
AMCR,2018-07-03,2018-07-05,2018-07-12,3-5%,-3.333,50.8007,52.4475,tp_gap_filled,104.1627,5291.55,3.242,171.53,5
ACGL,2018-04-09,2018-04-13,2018-07-13,3-5%,-4.344,27.2606,28.4016,time_exit,189.7049,5171.46,4.186,216.45,63
ADBE,2018-06-15,2018-06-18,2018-07-13,2-3%,-2.642,251.5313,257.8419,tp_gap_filled,21.2914,5355.45,2.509,134.36,18
AMD,2018-07-11,2018-07-12,2018-07-13,2-3%,-2.417,16.1661,16.5334,tp_gap_filled,331.5521,5359.92,2.272,121.78,1
ODFL,2018-06-21,2018-06-22,2018-07-16,2-3%,-2.03,53.3066,47.3954,stop,100.1366,5337.94,-11.089,-591.92,15
BA,2018-06-19,2018-07-10,2018-07-16,2-3%,-2.134,347.5172,354.3853,tp_gap_filled,15.5291,5396.62,1.976,106.65,4
HSY,2018-04-10,2018-04-17,2018-07-17,2-3%,-2.164,97.3072,93.4664,time_exit,53.7509,5230.35,-3.947,-206.44,63
INCY,2018-07-13,2018-07-16,2018-07-17,2-3%,-2.474,69.4494,71.0689,tp_gap_filled,77.4336,5377.71,2.332,125.4,1
WFC,2018-07-13,2018-07-16,2018-07-17,2-3%,-2.302,54.7947,55.974,tp_gap_filled,98.174,5379.42,2.152,115.77,1
LUV,2018-04-26,2018-04-27,2018-07-18,3-5%,-3.047,52.2422,53.7762,tp_gap_filled,98.0763,5123.72,2.936,150.45,56
AMAT,2018-06-25,2018-06-26,2018-07-18,2-3%,-2.002,47.047,47.912,tp_gap_filled,111.8839,5263.8,1.839,96.78,15
AMP,2018-07-11,2018-07-12,2018-07-18,3-5%,-4.578,138.3382,144.6852,tp_gap_filled,38.7765,5364.27,4.588,246.11,4
TSLA,2018-07-16,2018-07-17,2018-07-18,2-3%,-2.245,20.8014,21.2367,tp_gap_filled,259.5182,5398.35,2.093,112.97,1
LRCX,2018-04-18,2018-04-19,2018-07-19,5-10%,-5.694,20.044,17.8052,time_exit,259.6992,5205.42,-11.17,-581.43,63
ABBV,2018-05-31,2018-06-11,2018-07-19,2-3%,-2.019,101.0309,89.8276,stop,52.7921,5333.63,-11.089,-591.45,27
KKR,2018-07-18,2018-07-19,2018-07-20,2-3%,-2.528,26.2462,26.8731,tp_gap_filled,206.1755,5411.33,2.388,129.25,1
INTC,2018-06-25,2018-07-06,2018-07-23,2-3%,-2.533,51.2212,52.4475,tp_gap_filled,104.2353,5339.06,2.394,127.83,11
HAS,2018-07-16,2018-07-17,2018-07-23,2-3%,-2.145,94.5444,96.4235,tp_gap_filled,57.1092,5399.35,1.987,107.31,4
AES,2018-07-02,2018-07-03,2018-07-25,2-3%,-2.685,13.0631,13.3966,tp_gap_filled,401.9376,5250.53,2.553,134.06,15
TRMB,2018-05-08,2018-05-09,2018-07-26,5-10%,-8.471,32.6626,35.6144,tp_gap_filled,157.5568,5146.22,9.037,465.06,54
XEL,2018-07-16,2018-07-17,2018-07-26,2-3%,-2.55,45.1351,46.2237,tp_gap_filled,119.7407,5404.51,2.412,130.35,7
GNRC,2018-07-17,2018-07-18,2018-07-26,3-5%,-3.303,50.7007,52.3276,tp_gap_filled,106.647,5407.07,3.209,173.51,6
UNH,2018-07-17,2018-07-18,2018-07-26,2-3%,-2.113,251.8016,256.723,tp_gap_filled,21.5556,5427.73,1.955,106.09,6
AXP,2018-07-19,2018-07-20,2018-07-26,2-3%,-2.7,100.3002,102.877,tp_gap_filled,53.9022,5406.41,2.569,138.9,4
ALLE,2018-04-26,2018-04-27,2018-07-27,5-10%,-9.069,75.5755,81.5184,time_exit,67.7108,5117.28,7.864,402.4,63
T,2018-04-26,2018-04-27,2018-07-27,5-10%,-5.0,25.2821,23.4508,time_exit,202.6916,5124.46,-7.243,-371.17,63
BSX,2018-07-25,2018-07-26,2018-07-27,3-5%,-3.873,32.3023,33.5364,tp_gap_filled,168.264,5435.31,3.821,207.66,1
NSC,2018-07-25,2018-07-26,2018-07-27,2-3%,-2.324,156.9067,160.3195,tp_gap_filled,34.7156,5447.11,2.175,118.48,1
CLX,2018-07-18,2018-07-20,2018-07-30,2-3%,-2.822,131.3412,134.885,tp_gap_filled,41.161,5406.14,2.698,145.87,6
WYNN,2018-07-02,2018-07-09,2018-07-31,3-5%,-4.823,159.4293,167.1727,tp_gap_filled,33.709,5374.2,4.857,261.02,16
KLAC,2018-06-22,2018-07-18,2018-07-31,2-3%,-2.901,10.7217,11.02,tp_gap_filled,504.4164,5408.21,2.782,150.45,9
EFX,2018-07-26,2018-07-27,2018-07-31,3-5%,-3.195,123.7436,127.5723,tp_gap_filled,43.8391,5424.81,3.094,167.85,2
ABBV,2018-07-27,2018-07-30,2018-08-01,2-3%,-2.768,91.4313,93.8461,tp_gap_filled,58.9282,5387.88,2.641,142.3,2
HRL,2018-07-25,2018-07-26,2018-08-03,2-3%,-2.117,36.5565,37.2727,tp_gap_filled,148.9896,5446.54,1.959,106.7,6
WELL,2018-07-27,2018-07-31,2018-08-03,3-5%,-3.172,62.3323,64.2457,tp_gap_filled,87.2469,5438.3,3.07,166.94,3
APO,2018-08-02,2018-08-03,2018-08-06,3-5%,-3.079,34.034,35.0449,tp_gap_filled,161.0647,5481.67,2.97,162.82,1
COHR,2018-07-31,2018-08-01,2018-08-07,5-10%,-5.924,39.7397,42.1578,tp_gap_filled,136.8249,5437.38,6.085,330.86,4
PNC,2018-04-13,2018-05-09,2018-08-08,2-3%,-2.289,149.149,146.1937,time_exit,34.4951,5144.91,-1.981,-101.94,63
YUM,2018-05-02,2018-05-09,2018-08-08,2-3%,-2.816,84.2842,81.8381,time_exit,61.1375,5152.93,-2.902,-149.55,63
AZO,2018-02-27,2018-05-22,2018-08-08,3-5%,-3.717,709.2585,735.1641,tp_gap_filled,7.3835,5236.81,3.652,191.27,54
DPZ,2018-07-19,2018-07-20,2018-08-08,3-5%,-3.06,275.275,283.3963,tp_gap_filled,19.6413,5406.76,2.95,159.51,13
LITE,2018-07-20,2018-07-23,2018-08-08,5-10%,-5.471,56.2062,59.3406,tp_gap_filled,96.2667,5410.78,5.577,301.74,12
CNC,2018-07-24,2018-07-26,2018-08-08,2-3%,-2.292,66.5665,67.9919,tp_gap_filled,81.8232,5446.68,2.141,116.63,9
DECK,2018-07-27,2018-07-31,2018-08-08,5-10%,-5.896,18.7187,19.8518,tp_gap_filled,290.4828,5437.46,6.053,329.14,6
CAH,2018-05-03,2018-05-10,2018-08-09,10%+,-16.643,53.9439,49.3206,time_exit,96.5231,5206.83,-8.57,-446.25,63
AES,2018-08-07,2018-08-08,2018-08-09,3-5%,-3.98,13.2833,13.8062,tp_gap_filled,416.9277,5538.16,3.937,218.02,1
CHTR,2018-08-07,2018-08-08,2018-08-09,2-3%,-2.0,294.294,299.7,tp_gap_filled,18.85,5547.43,1.837,101.9,1
CVNA,2018-08-07,2018-08-08,2018-08-09,3-5%,-3.518,9.0591,9.3706,tp_gap_filled,612.6342,5549.88,3.439,190.88,1
STE,2018-08-08,2018-08-09,2018-08-10,2-3%,-2.398,112.8628,115.4045,tp_gap_filled,49.133,5545.29,2.252,124.88,1
PCAR,2018-08-07,2018-08-08,2018-08-14,2-3%,-2.187,42.389,43.25,tp_gap_filled,131.1316,5558.54,2.031,112.91,4
A,2018-05-15,2018-05-16,2018-08-15,10%+,-10.649,61.9018,64.6653,time_exit,84.4424,5227.14,4.464,233.35,63
SW,2018-05-16,2018-05-17,2018-08-16,5-10%,-5.118,40.08,40.3296,time_exit,130.5016,5230.51,0.623,32.57,63
CSCO,2018-05-17,2018-05-18,2018-08-16,3-5%,-4.495,43.1731,45.1148,tp_gap_filled,120.6735,5209.85,4.497,234.31,62
KHC,2018-08-08,2018-08-09,2018-08-20,2-3%,-2.022,60.1401,61.2587,tp_gap_filled,92.2134,5545.72,1.86,103.15,7
CIEN,2018-07-18,2018-07-19,2018-08-21,2-3%,-2.635,26.2662,26.9231,tp_gap_filled,206.0827,5413.02,2.501,135.36,23
IVZ,2018-08-15,2018-08-16,2018-08-21,2-3%,-2.361,24.4244,24.965,tp_gap_filled,224.2295,5476.67,2.213,121.22,3
DE,2018-08-17,2018-08-20,2018-08-21,2-3%,-2.308,134.3142,137.2127,tp_gap_filled,41.0234,5510.02,2.158,118.91,1
AKAM,2018-08-13,2018-08-14,2018-08-28,2-3%,-2.612,72.7827,74.5853,tp_gap_filled,75.4303,5490.02,2.477,135.97,10
LVS,2018-07-02,2018-07-09,2018-09-06,3-5%,-4.662,72.8728,61.1519,stop,73.7363,5373.37,-16.084,-864.25,42
MMM,2018-04-24,2018-06-08,2018-09-07,3-5%,-4.345,172.8315,177.5564,time_exit,30.8102,5324.98,2.734,145.57,63
PSKY,2018-09-06,2018-09-07,2018-09-10,2-3%,-2.738,51.5515,52.8971,tp_gap_filled,107.3813,5535.67,2.61,144.49,1
FERG,2018-06-11,2018-06-12,2018-09-11,3-5%,-3.596,79.8398,79.8201,time_exit,67.0969,5357.0,-0.025,-1.32,63
SYK,2018-07-25,2018-07-26,2018-09-12,2-3%,-2.556,168.6685,172.7471,tp_gap_filled,32.3816,5461.76,2.418,132.07,33
CRL,2018-08-08,2018-08-09,2018-09-12,2-3%,-2.702,125.0749,128.2916,tp_gap_filled,44.3784,5550.62,2.572,142.75,23
BAX,2018-07-26,2018-07-27,2018-09-13,5-10%,-7.189,71.081,76.4335,tp_gap_filled,76.2995,5423.44,7.53,408.39,33
MAR,2018-08-07,2018-08-08,2018-09-13,3-5%,-3.071,125.4353,129.1507,tp_gap_filled,44.3588,5564.16,2.962,164.81,25
CCL,2018-06-25,2018-06-27,2018-09-14,5-10%,-5.257,60.2502,63.4665,tp_gap_filled,86.7099,5224.29,5.338,278.88,55
TDG,2018-08-07,2018-08-08,2018-09-14,3-5%,-4.024,354.5041,368.631,tp_gap_filled,15.6868,5561.03,3.985,221.61,26
EXPE,2018-09-12,2018-09-13,2018-09-14,2-3%,-2.366,126.8267,129.6402,tp_gap_filled,43.9474,5573.7,2.218,123.65,1
KKR,2018-07-26,2018-07-27,2018-09-17,2-3%,-2.632,27.037,27.7123,tp_gap_filled,200.6301,5424.44,2.498,135.48,35
APA,2018-08-09,2018-09-12,2018-09-17,2-3%,-2.189,45.1651,46.0839,tp_gap_filled,122.8492,5548.5,2.034,112.87,3
BF-B,2018-06-06,2018-07-25,2018-09-18,2-3%,-2.506,54.5245,48.4783,stop,99.5457,5427.68,-11.089,-601.87,38
NDSN,2018-09-14,2018-09-17,2018-09-18,2-3%,-2.178,141.6415,144.5053,tp_gap_filled,39.2234,5555.66,2.022,112.33,1
HAL,2018-09-05,2018-09-12,2018-09-19,3-5%,-3.242,38.2382,39.4405,tp_gap_filled,145.0998,5548.35,3.144,174.46,5
AVGO,2018-07-12,2018-07-13,2018-09-20,10%+,-14.936,20.7287,24.3197,tp_gap_filled,259.8805,5386.99,17.324,933.22,48
GL,2018-09-10,2018-09-14,2018-09-20,3-5%,-3.394,85.4754,88.3016,tp_gap_filled,65.4457,5594.0,3.306,184.96,4
TMO,2018-09-17,2018-09-18,2018-09-20,2-3%,-2.087,237.1669,241.738,tp_gap_filled,23.6157,5600.86,1.927,107.95,2
AZO,2018-09-18,2018-09-19,2018-09-20,5-10%,-5.019,710.71,746.7725,tp_gap_filled,7.8994,5614.21,5.074,284.87,1
SBUX,2018-06-20,2018-09-07,2018-09-21,3-5%,-4.527,54.8848,57.3726,tp_gap_filled,101.1537,5551.8,4.533,251.64,10
LYB,2018-09-19,2018-09-20,2018-09-21,2-3%,-2.37,99.7797,101.9979,tp_gap_filled,56.89,5676.47,2.223,126.19,1
BBY,2018-08-28,2018-08-29,2018-09-24,5-10%,-5.094,77.5775,81.5783,tp_gap_filled,72.3536,5613.01,5.157,289.48,17
EW,2018-07-27,2018-09-13,2018-09-24,5-10%,-5.301,48.9956,51.635,tp_gap_filled,113.7874,5575.09,5.387,300.33,7
WDAY,2018-09-05,2018-09-14,2018-09-24,2-3%,-2.355,153.153,136.1699,stop,36.5093,5591.51,-11.089,-620.04,6
FTNT,2018-09-20,2018-09-21,2018-09-24,2-3%,-2.132,16.8168,17.1488,tp_gap_filled,337.614,5677.59,1.974,112.1,1
FANG,2018-08-15,2018-08-21,2018-09-25,5-10%,-8.007,123.163,133.6162,tp_gap_filled,45.0359,5546.76,8.487,470.77,24
AMD,2018-09-17,2018-09-18,2018-09-25,2-3%,-2.965,31.7817,32.6873,tp_gap_filled,176.2015,5599.99,2.849,159.56,5
EW,2018-09-25,2018-09-26,2018-09-27,2-3%,-2.012,54.1007,55.1015,tp_gap_filled,104.2502,5640.01,1.85,104.33,1
NKE,2018-09-26,2018-09-27,2018-09-28,2-3%,-2.571,82.6926,84.7052,tp_gap_filled,68.1663,5636.85,2.434,137.19,1
ACN,2018-09-27,2018-09-28,2018-10-01,2-3%,-2.336,169.0989,172.797,tp_gap_filled,33.4121,5649.95,2.187,123.56,1
CVNA,2018-09-14,2018-09-17,2018-10-02,2-3%,-2.375,12.5105,11.1232,stop,444.6209,5562.43,-11.089,-616.82,11
CNP,2018-09-25,2018-09-26,2018-10-02,2-3%,-2.013,27.2873,27.7922,tp_gap_filled,206.792,5642.79,1.85,104.41,4
STZ,2018-08-15,2018-08-16,2018-10-04,5-10%,-5.892,208.9487,221.5882,tp_gap_filled,26.2166,5477.92,6.049,331.36,34
MCK,2018-06-28,2018-07-09,2018-10-05,3-5%,-4.369,138.4783,133.9459,time_exit,38.8109,5374.47,-3.273,-175.91,63
GE,2018-09-20,2018-10-01,2018-10-05,2-3%,-2.1,60.3971,61.5691,tp_gap_filled,93.4019,5641.21,1.94,109.47,4
PPG,2018-09-24,2018-09-25,2018-10-09,2-3%,-2.569,113.113,100.5699,stop,49.8781,5641.86,-11.089,-625.63,10
TKO,2018-10-05,2018-10-08,2018-10-09,2-3%,-2.26,88.7387,90.6093,tp_gap_filled,62.9481,5585.93,2.108,117.75,1
AOS,2018-07-11,2018-07-12,2018-10-10,3-5%,-4.903,58.4384,49.0392,stop,91.8806,5369.36,-16.084,-863.61,63
ADI,2018-09-07,2018-09-10,2018-10-10,2-3%,-2.297,94.9549,84.4253,stop,58.3735,5542.84,-11.089,-614.65,22
FDX,2018-09-18,2018-09-21,2018-10-10,2-3%,-2.342,201.4422,179.1043,stop,28.1947,5679.61,-11.089,-629.81,13
NDSN,2018-09-21,2018-09-24,2018-10-11,2-3%,-2.374,141.9919,126.2464,stop,39.9518,5672.83,-11.089,-629.06,13
XYZ,2018-10-09,2018-10-10,2018-10-11,2-3%,-2.754,83.7737,74.484,stop,64.404,5395.36,-11.089,-598.29,1
JCI,2018-09-11,2018-09-12,2018-10-12,2-3%,-2.344,37.5375,33.375,stop,147.7957,5547.88,-11.089,-615.2,22
ANET,2018-10-11,2018-10-12,2018-10-15,3-5%,-3.472,13.6355,14.0978,tp_gap_filled,388.5848,5298.55,3.39,179.63,1
NFLX,2018-07-17,2018-07-18,2018-10-16,10%+,-13.366,34.7297,34.6054,time_exit,155.8687,5413.27,-0.358,-19.38,63
TER,2018-10-10,2018-10-11,2018-10-16,2-3%,-2.265,33.2632,33.966,tp_gap_filled,158.0558,5257.45,2.113,111.08,3
AXON,2018-10-15,2018-10-16,2018-10-17,2-3%,-2.905,57.2072,58.8011,tp_gap_filled,94.557,5409.34,2.786,150.72,1
CRH,2018-08-01,2018-08-07,2018-10-18,2-3%,-2.275,33.5435,29.8239,stop,165.2385,5542.68,-11.089,-614.63,51
CLX,2018-10-10,2018-10-11,2018-10-18,2-3%,-2.216,147.117,150.1497,tp_gap_filled,35.8866,5279.53,2.061,108.83,5
CHD,2018-10-10,2018-10-15,2018-10-18,3-5%,-3.837,57.1971,59.3606,tp_gap_filled,93.1673,5328.9,3.782,201.56,3
EG,2018-07-20,2018-07-23,2018-10-19,3-5%,-3.756,225.7255,215.9638,time_exit,23.9723,5411.15,-4.325,-234.01,63
AIG,2018-08-03,2018-08-06,2018-10-23,3-5%,-3.716,53.1631,44.6124,stop,103.6552,5510.63,-16.084,-886.33,55
CBOE,2018-09-25,2018-09-26,2018-10-23,2-3%,-2.916,102.3222,105.1847,tp_gap_filled,55.2093,5649.14,2.798,158.04,19
DLR,2018-09-25,2018-09-26,2018-10-24,2-3%,-2.588,113.0329,115.8041,tp_gap_filled,49.9193,5642.53,2.452,138.33,20
VTRS,2018-10-09,2018-10-10,2018-10-24,2-3%,-2.294,34.5345,30.705,stop,156.2243,5395.13,-11.089,-598.27,10
AXON,2018-10-22,2018-10-23,2018-10-24,3-5%,-4.477,55.9559,58.4615,tp_gap_filled,95.2377,5329.11,4.478,238.63,1
BIIB,2018-07-26,2018-07-27,2018-10-25,10%+,-11.289,340.8405,298.1715,time_exit,15.9167,5425.04,-12.519,-679.15,63
PH,2018-10-15,2018-10-16,2018-10-25,2-3%,-2.092,163.9638,145.7819,stop,33.0686,5422.05,-11.089,-601.25,7
AAPL,2018-10-23,2018-10-24,2018-10-25,2-3%,-2.184,54.0115,55.1073,tp_gap_filled,96.3802,5205.64,2.029,105.62,1
IBKR,2018-10-17,2018-10-18,2018-10-26,2-3%,-2.948,13.2632,11.7925,stop,405.6289,5379.96,-11.089,-596.58,6
BIIB,2018-10-25,2018-10-26,2018-10-29,2-3%,-2.463,294.9046,301.7479,tp_gap_filled,17.6667,5209.99,2.321,120.9,1
INTC,2018-07-27,2018-08-01,2018-10-30,5-10%,-6.518,48.8088,47.7122,time_exit,111.3887,5436.74,-2.247,-122.14,63
CMCSA,2018-09-24,2018-09-25,2018-10-31,5-10%,-5.145,33.7263,35.4846,tp_gap_filled,167.3747,5644.93,5.214,294.3,26
A,2018-10-23,2018-10-24,2018-10-31,2-3%,-2.271,62.8828,64.2157,tp_gap_filled,82.8601,5210.48,2.12,110.44,5
CTSH,2018-08-02,2018-08-03,2018-11-01,5-10%,-8.089,75.5254,68.7112,time_exit,72.6314,5485.52,-9.022,-494.93,63
ADI,2018-10-18,2018-10-19,2018-11-01,2-3%,-2.639,83.083,85.1648,tp_gap_filled,64.6154,5368.44,2.506,134.51,9
AMZN,2018-10-30,2018-10-31,2018-11-01,3-5%,-3.426,74.3823,76.8671,tp_gap_filled,71.7052,5333.6,3.341,178.17,1
AOS,2018-10-30,2018-10-31,2018-11-01,3-5%,-3.477,40.8508,42.2377,tp_gap_filled,130.8857,5346.79,3.395,181.53,1
COST,2018-10-05,2018-10-09,2018-11-02,2-3%,-2.883,225.225,231.4483,tp_gap_filled,24.5427,5527.62,2.763,152.74,18
TDG,2018-10-10,2018-10-11,2018-11-02,5-10%,-5.754,331.331,350.8588,tp_gap_filled,15.884,5262.85,5.894,310.18,16
HAS,2018-10-22,2018-10-23,2018-11-02,5-10%,-7.752,90.5304,97.942,tp_gap_filled,58.9385,5335.73,8.187,436.82,8
ABBV,2018-10-23,2018-10-24,2018-11-02,2-3%,-2.005,82.6626,84.1857,tp_gap_filled,62.9652,5204.87,1.843,95.91,7
CB,2018-10-24,2018-10-25,2018-11-02,3-5%,-4.868,120.7006,126.6232,tp_gap_filled,43.7488,5280.51,4.907,259.11,6
CLX,2018-10-31,2018-11-01,2018-11-02,5-10%,-5.268,144.9148,152.6672,tp_gap_filled,37.457,5428.08,5.35,290.38,1
COHR,2018-10-05,2018-11-01,2018-11-02,2-3%,-2.074,42.5325,43.3466,tp_gap_filled,127.8807,5439.08,1.914,104.11,1
EXPD,2018-08-07,2018-08-08,2018-11-06,5-10%,-8.866,70.6906,71.3686,time_exit,78.6114,5557.09,0.959,53.29,63
AMCR,2018-08-08,2018-08-09,2018-11-07,3-5%,-4.505,53.053,47.9021,time_exit,104.6276,5550.81,-9.709,-538.93,63
KR,2018-09-13,2018-09-14,2018-11-07,5-10%,-9.833,28.6386,31.6983,tp_gap_filled,195.4346,5596.97,10.684,597.96,38
DVA,2018-10-17,2018-10-18,2018-11-07,3-5%,-3.777,67.8378,70.3596,tp_gap_filled,79.2629,5377.02,3.717,199.89,14
ADBE,2018-10-26,2018-10-29,2018-11-07,3-5%,-3.586,244.0939,252.6671,tp_gap_filled,21.2994,5199.06,3.512,182.6,7
LH,2018-10-23,2018-11-02,2018-11-07,2-3%,-2.569,141.8943,145.3442,tp_gap_filled,38.475,5459.39,2.431,132.73,3
MCK,2018-10-22,2018-11-02,2018-11-07,2-3%,-2.085,129.7596,132.2576,tp_gap_filled,42.0503,5456.43,1.925,105.04,3
MSCI,2018-11-01,2018-11-02,2018-11-07,2-3%,-2.5,146.7666,150.2296,tp_gap_filled,37.1361,5450.33,2.36,128.6,3
RVTY,2018-11-01,2018-11-02,2018-11-07,5-10%,-7.493,80.08,86.3935,tp_gap_filled,68.0201,5447.05,7.884,429.45,3
BKNG,2018-08-09,2018-08-10,2018-11-08,5-10%,-6.553,76.5164,79.0253,time_exit,71.9602,5506.14,3.279,180.54,63
NWSA,2018-08-20,2018-08-21,2018-11-08,3-5%,-3.741,13.3934,13.8861,tp_gap_filled,414.0635,5545.71,3.679,204.02,56
FDS,2018-09-25,2018-09-26,2018-11-08,5-10%,-5.469,219.199,231.4183,tp_gap_filled,25.7728,5649.38,5.575,314.93,31
FISV,2018-11-01,2018-11-02,2018-11-08,5-10%,-6.57,74.1641,79.2207,tp_gap_filled,73.4876,5450.14,6.818,371.6,4
IDXX,2018-11-01,2018-11-02,2018-11-08,5-10%,-7.185,197.0769,211.9079,tp_gap_filled,27.6652,5452.17,7.525,410.3,4
BDX,2018-11-06,2018-11-07,2018-11-08,3-5%,-4.745,173.5589,181.8398,tp_gap_filled,32.3587,5616.13,4.771,267.96,1
COR,2018-11-06,2018-11-07,2018-11-08,5-10%,-5.714,83.5835,88.4714,tp_gap_filled,67.2965,5624.88,5.848,328.94,1
HSIC,2018-11-06,2018-11-07,2018-11-08,3-5%,-4.402,63.5929,66.3884,tp_gap_filled,88.6736,5639.02,4.396,247.89,1
NWS,2018-08-20,2018-08-21,2018-11-09,2-3%,-2.768,14.0641,14.4355,tp_gap_filled,394.3313,5545.9,2.641,146.49,57
TRGP,2018-10-23,2018-11-08,2018-11-13,2-3%,-2.436,54.9249,48.8343,stop,102.9108,5652.36,-11.089,-626.79,3
SO,2018-08-08,2018-08-16,2018-11-14,3-5%,-3.321,47.4975,47.3526,time_exit,115.3306,5477.91,-0.305,-16.71,63
FAST,2018-10-10,2018-10-11,2018-11-14,5-10%,-5.284,13.1882,13.8961,tp_gap_filled,399.8751,5273.62,5.368,283.08,24
BBY,2018-11-13,2018-11-14,2018-11-15,3-5%,-3.276,65.0149,67.0829,tp_gap_filled,84.1191,5469.0,3.181,173.95,1
ECHO,2018-11-08,2018-11-13,2018-11-16,3-5%,-3.826,32.8286,34.0664,tp_gap_filled,166.5688,5468.22,3.771,206.18,3
AVGO,2018-11-09,2018-11-15,2018-11-19,2-3%,-2.185,23.5235,24.001,tp_gap_filled,234.1419,5507.84,2.03,111.8,2
DE,2018-11-15,2018-11-16,2018-11-19,3-5%,-3.131,142.7526,147.0728,tp_gap_filled,38.8933,5552.12,3.026,168.03,1
SW,2018-10-04,2018-10-05,2018-11-20,5-10%,-8.072,37.6176,27.8092,stop,148.5331,5587.46,-26.074,-1456.87,32
LOW,2018-10-17,2018-10-18,2018-11-20,3-5%,-3.406,102.4724,85.9907,stop,52.4322,5372.85,-16.084,-864.17,23
RL,2018-11-06,2018-11-08,2018-11-20,3-5%,-4.788,130.3802,109.4099,stop,43.3326,5649.72,-16.084,-908.7,8
BA,2018-11-13,2018-11-14,2018-11-20,2-3%,-2.095,349.8995,311.0992,stop,15.6379,5471.7,-11.089,-606.76,4
AMAT,2018-11-16,2018-11-19,2018-11-20,5-10%,-8.195,32.1822,34.985,tp_gap_filled,169.6043,5458.23,8.709,475.37,1
LRCX,2018-11-16,2018-11-19,2018-11-20,2-3%,-2.65,14.2663,14.6254,tp_gap_filled,383.4842,5470.88,2.517,137.71,1
LEN,2018-11-08,2018-11-09,2018-11-21,3-5%,-3.491,40.1854,41.5557,tp_gap_filled,139.1039,5589.94,3.41,190.62,8
ADBE,2018-11-20,2018-11-21,2018-11-23,3-5%,-4.679,209.6194,219.4703,tp_gap_filled,26.0634,5463.41,4.699,256.75,1
ADSK,2018-11-20,2018-11-21,2018-11-23,2-3%,-2.044,123.2932,125.6143,tp_gap_filled,44.4276,5477.62,1.883,103.12,1
AMAT,2018-11-20,2018-11-21,2018-11-23,3-5%,-3.138,33.3733,34.3856,tp_gap_filled,164.6528,5495.01,3.033,166.67,1
AMZN,2018-11-20,2018-11-21,2018-11-23,3-5%,-4.945,71.9469,75.5389,tp_gap_filled,76.512,5504.8,4.993,274.83,1
ANET,2018-11-20,2018-11-21,2018-11-26,3-5%,-4.484,13.3258,13.9236,tp_gap_filled,413.8376,5514.72,4.486,247.37,2
FSLR,2018-11-20,2018-11-23,2018-11-26,2-3%,-2.139,43.043,43.8961,tp_gap_filled,127.5337,5489.43,1.982,108.79,1
KMB,2018-10-10,2018-10-11,2018-11-27,2-3%,-2.121,111.8017,113.9959,tp_gap_filled,47.1246,5268.62,1.963,103.4,32
COP,2018-11-23,2018-11-26,2018-11-27,3-5%,-3.971,62.9429,65.4145,tp_gap_filled,88.3601,5561.64,3.927,218.39,1
BLK,2018-10-16,2018-10-17,2018-11-28,3-5%,-3.968,410.41,426.5131,tp_gap_filled,13.2181,5424.85,3.924,212.85,29
ETN,2018-10-23,2018-11-02,2018-11-28,2-3%,-2.599,74.6446,76.4834,tp_gap_filled,73.0604,5453.56,2.463,134.35,17
MAR,2018-11-06,2018-11-07,2018-11-28,3-5%,-4.707,115.115,120.5593,tp_gap_filled,49.1118,5653.5,4.729,267.38,14
CVX,2018-11-23,2018-11-26,2018-11-28,2-3%,-2.441,114.8147,117.4524,tp_gap_filled,48.4852,5566.82,2.297,127.89,2
DG,2018-11-20,2018-11-26,2018-11-28,2-3%,-2.344,108.0279,110.3995,tp_gap_filled,51.5337,5567.08,2.195,122.22,2
TSCO,2018-11-20,2018-11-27,2018-11-28,2-3%,-2.103,18.0821,18.4335,tp_gap_filled,307.101,5553.02,1.944,107.94,1
DHI,2018-11-08,2018-11-09,2018-11-29,5-10%,-6.784,35.075,37.5524,tp_gap_filled,159.5231,5595.28,7.063,395.2,13
EOG,2018-11-23,2018-11-26,2018-11-29,3-5%,-4.123,101.7316,105.894,tp_gap_filled,54.6997,5564.69,4.092,227.68,3
DXCM,2018-11-27,2018-11-28,2018-11-29,2-3%,-2.619,30.7032,31.466,tp_gap_filled,184.2017,5655.58,2.485,140.51,1
UNP,2018-11-20,2018-11-28,2018-11-29,2-3%,-2.078,147.6575,150.4894,tp_gap_filled,38.3288,5659.53,1.918,108.54,1
PPG,2018-10-09,2018-10-10,2018-11-30,5-10%,-8.679,100.1701,109.4704,tp_gap_filled,53.8699,5396.15,9.285,501.01,36
UPS,2018-10-24,2018-11-07,2018-11-30,2-3%,-2.775,111.1811,114.1258,tp_gap_filled,50.8666,5655.41,2.649,149.79,16
CSGP,2018-10-24,2018-10-25,2018-12-03,2-3%,-2.145,37.4875,38.2327,tp_gap_filled,140.9765,5284.85,1.988,105.07,26
BAX,2018-10-31,2018-11-01,2018-12-03,5-10%,-8.535,62.8628,68.5913,tp_gap_filled,86.3385,5427.48,9.113,494.59,21
CL,2018-10-26,2018-11-09,2018-12-03,3-5%,-3.651,61.5515,63.7562,tp_gap_filled,90.7935,5588.47,3.582,200.17,15
LVS,2018-11-08,2018-11-09,2018-12-03,5-10%,-5.003,53.7937,56.5134,tp_gap_filled,103.9467,5591.68,5.056,282.7,15
APA,2018-11-20,2018-11-21,2018-12-03,2-3%,-2.491,35.6556,36.4935,tp_gap_filled,154.8067,5519.73,2.35,129.7,7
DVN,2018-11-23,2018-11-26,2018-12-03,3-5%,-4.066,27.3974,28.5015,tp_gap_filled,203.1765,5566.5,4.03,224.33,5
ATO,2018-11-29,2018-11-30,2018-12-03,2-3%,-2.991,94.8047,97.5324,tp_gap_filled,59.8693,5675.89,2.877,163.3,1
EMR,2018-10-23,2018-11-01,2018-12-06,2-3%,-2.733,69.8298,62.0863,stop,78.0144,5447.73,-11.089,-604.1,23
ALB,2018-11-08,2018-11-09,2018-12-10,3-5%,-3.417,104.4043,87.6119,stop,53.5619,5592.09,-16.084,-899.43,19
ADBE,2018-12-06,2018-12-07,2018-12-11,2-3%,-2.368,240.24,245.5742,tp_gap_filled,22.7897,5475.01,2.22,121.56,2
ADI,2018-12-06,2018-12-07,2018-12-11,3-5%,-3.439,87.4173,90.3496,tp_gap_filled,62.6112,5473.31,3.354,183.59,2
A,2018-12-06,2018-12-07,2018-12-12,2-3%,-2.345,71.2712,72.8371,tp_gap_filled,76.9106,5481.51,2.197,120.43,3
DVN,2018-12-10,2018-12-11,2018-12-12,2-3%,-2.353,26.5866,27.1728,tp_gap_filled,206.6812,5494.94,2.205,121.17,1
CASY,2018-12-11,2018-12-12,2018-12-13,2-3%,-2.415,116.9068,119.5603,tp_gap_filled,47.2362,5522.23,2.27,125.34,1
PKG,2018-10-09,2018-11-08,2018-12-17,2-3%,-2.496,98.9488,87.9764,stop,57.1231,5652.27,-11.089,-626.78,25
GS,2018-11-30,2018-12-03,2018-12-17,2-3%,-2.197,190.7606,169.6071,stop,30.1835,5757.82,-11.089,-638.48,9
FCX,2018-12-14,2018-12-17,2018-12-18,2-3%,-2.564,10.6506,10.9091,tp_gap_filled,501.6401,5342.79,2.427,129.64,1
ON,2018-12-14,2018-12-17,2018-12-18,2-3%,-2.118,17.1171,17.4525,tp_gap_filled,312.0724,5341.77,1.96,104.68,1
JKHY,2018-11-08,2018-11-09,2018-12-19,2-3%,-2.693,142.8427,127.0029,stop,39.1458,5591.69,-11.089,-620.06,26
CPRT,2018-09-19,2018-09-20,2018-12-20,10%+,-15.023,13.6461,11.7033,time_exit,415.5841,5671.12,-14.237,-807.42,63
ACN,2018-12-06,2018-12-07,2018-12-20,2-3%,-2.131,160.8707,143.0318,stop,34.0577,5478.89,-11.089,-607.55,9
CI,2018-12-17,2018-12-18,2018-12-20,2-3%,-2.128,201.201,178.8898,stop,26.6477,5361.54,-11.089,-594.54,2
AAPL,2018-11-02,2018-11-07,2018-12-21,5-10%,-5.702,52.4399,38.7667,stop,107.0933,5615.96,-26.074,-1464.31,30
WAT,2018-11-30,2018-12-03,2018-12-21,2-3%,-2.531,198.5383,176.5224,stop,29.0303,5763.63,-11.089,-639.13,13
VEEV,2018-12-17,2018-12-19,2018-12-21,2-3%,-2.068,89.5895,79.6549,stop,58.9879,5284.7,-11.089,-586.02,2
RTX,2018-11-27,2018-12-03,2018-12-24,3-5%,-3.368,77.9066,65.3761,stop,74.044,5768.52,-16.084,-927.81,14
DAL,2018-12-04,2018-12-06,2018-12-24,3-5%,-3.56,58.038,48.7032,stop,96.3349,5591.08,-16.084,-899.27,12
ORCL,2018-12-06,2018-12-12,2018-12-26,2-3%,-2.051,47.7977,42.4975,stop,116.1524,5551.82,-11.089,-615.64,9
TRGP,2018-12-20,2018-12-21,2018-12-26,2-3%,-2.561,38.088,33.8645,stop,133.3605,5079.44,-11.089,-563.26,2
IBKR,2018-12-21,2018-12-24,2018-12-26,5-10%,-5.647,12.7527,13.489,tp_gap_filled,389.1693,4962.98,5.773,286.53,1
UPS,2018-12-19,2018-12-20,2018-12-27,3-5%,-3.67,93.8037,97.1827,tp_gap_filled,55.2702,5184.55,3.602,186.76,4
AMZN,2018-12-24,2018-12-26,2018-12-27,2-3%,-2.283,67.3673,68.8036,tp_gap_filled,76.5169,5154.74,2.132,109.9,1
ANET,2018-12-24,2018-12-26,2018-12-27,2-3%,-2.5,11.783,12.0611,tp_gap_filled,438.809,5170.5,2.36,122.0,1
APO,2018-12-24,2018-12-26,2018-12-27,2-3%,-2.442,23.1932,23.7262,tp_gap_filled,223.4045,5181.46,2.298,119.09,1
ARES,2018-12-24,2018-12-26,2018-12-27,2-3%,-2.283,16.7067,17.0629,tp_gap_filled,310.7163,5191.04,2.132,110.69,1
IR,2018-12-19,2018-12-21,2018-12-28,2-3%,-2.913,20.02,20.5794,tp_gap_filled,253.7859,5080.79,2.794,141.97,4
NOC,2018-12-21,2018-12-27,2018-12-28,2-3%,-2.192,238.5183,243.3764,tp_gap_filled,21.7909,5197.52,2.037,105.86,1
ADSK,2018-12-27,2018-12-28,2018-12-31,2-3%,-2.597,122.7827,125.8041,tp_gap_filled,42.496,5217.77,2.461,128.4,1
AMP,2018-12-27,2018-12-28,2018-12-31,2-3%,-2.181,100.5605,102.5973,tp_gap_filled,51.9495,5224.07,2.025,105.81,1
CAT,2018-12-27,2018-12-28,2018-12-31,2-3%,-2.373,121.9218,124.6352,tp_gap_filled,42.9065,5231.23,2.226,116.42,1
CSGP,2018-12-27,2018-12-28,2018-12-31,2-3%,-2.564,32.8688,33.6663,tp_gap_filled,159.3153,5236.51,2.426,127.05,1
DD,2018-12-27,2018-12-28,2018-12-31,2-3%,-2.087,91.4546,93.2172,tp_gap_filled,57.3074,5241.02,1.927,101.01,1
APTV,2018-12-27,2018-12-28,2019-01-02,2-3%,-2.187,60.4504,61.6783,tp_gap_filled,86.4933,5228.55,2.031,106.2,2
TRGP,2018-12-27,2018-12-31,2019-01-02,2-3%,-2.057,35.7457,36.4235,tp_gap_filled,147.7707,5282.17,1.896,100.16,1
DVN,2018-12-20,2019-01-02,2019-01-03,2-3%,-2.222,23.3433,23.8262,tp_gap_filled,227.4964,5310.52,2.068,109.84,1
PCAR,2018-12-13,2018-12-14,2019-01-04,2-3%,-2.619,37.9579,38.9011,tp_gap_filled,143.8055,5458.56,2.485,135.63,13
ADSK,2019-01-02,2019-01-03,2019-01-04,2-3%,-2.504,125.5154,128.4814,tp_gap_filled,41.3387,5188.64,2.363,122.61,1
AMAT,2019-01-02,2019-01-03,2019-01-04,2-3%,-2.138,32.072,32.7073,tp_gap_filled,161.5915,5182.57,1.981,102.65,1
AMZN,2019-01-02,2019-01-03,2019-01-04,2-3%,-2.448,73.3333,75.0234,tp_gap_filled,70.6324,5179.7,2.305,119.38,1
DG,2018-12-04,2018-12-06,2019-01-07,5-10%,-5.506,105.6556,111.5883,tp_gap_filled,52.9193,5591.22,5.615,313.96,20
BBY,2018-12-17,2018-12-18,2019-01-07,5-10%,-5.436,52.4124,55.3146,tp_gap_filled,102.3242,5363.05,5.537,296.97,12
MU,2018-12-19,2018-12-20,2019-01-07,5-10%,-7.183,31.6917,34.0759,tp_gap_filled,163.6643,5186.79,7.523,390.21,10
AFL,2019-01-02,2019-01-03,2019-01-07,2-3%,-2.129,44.6346,45.5144,tp_gap_filled,116.134,5183.59,1.971,102.18,2
ANET,2019-01-02,2019-01-03,2019-01-07,2-3%,-2.705,12.8253,13.1556,tp_gap_filled,404.1742,5183.66,2.575,133.49,2
AKAM,2019-01-02,2019-01-04,2019-01-07,3-5%,-3.618,58.9289,61.0189,tp_gap_filled,90.4522,5330.25,3.547,189.05,1
DXCM,2019-01-02,2019-01-04,2019-01-07,2-3%,-2.329,29.2818,29.9201,tp_gap_filled,181.9835,5328.8,2.18,116.16,1
IBKR,2019-01-04,2019-01-07,2019-01-08,2-3%,-2.783,12.7627,13.1019,tp_gap_filled,423.4101,5403.88,2.657,143.59,1
IP,2018-12-17,2019-01-07,2019-01-08,2-3%,-2.164,40.2865,41.0952,tp_gap_filled,134.2606,5408.88,2.008,108.59,1
MCHP,2019-01-02,2019-01-07,2019-01-08,2-3%,-2.294,35.1701,35.924,tp_gap_filled,153.8194,5409.85,2.144,115.97,1
NCLH,2018-12-20,2019-01-07,2019-01-08,3-5%,-3.21,43.7637,45.1248,tp_gap_filled,123.6553,5411.62,3.11,168.31,1
NFLX,2018-11-09,2019-01-07,2019-01-08,2-3%,-2.155,31.1381,31.7602,tp_gap_filled,173.7869,5411.4,1.998,108.11,1
SMCI,2018-10-04,2018-10-08,2019-01-09,10%+,-29.159,1.5175,1.5514,time_exit,3684.4126,5591.16,2.236,125.02,63
ADI,2019-01-02,2019-01-03,2019-01-09,2-3%,-2.097,84.114,85.7442,tp_gap_filled,61.7687,5195.61,1.938,100.69,4
ZBRA,2019-01-02,2019-01-07,2019-01-09,2-3%,-2.035,156.146,159.0708,tp_gap_filled,34.6707,5413.69,1.873,101.4,2
EMR,2018-12-12,2018-12-13,2019-01-10,2-3%,-2.585,60.7307,62.2177,tp_gap_filled,90.6809,5507.11,2.449,134.85,18
GLW,2019-01-02,2019-01-08,2019-01-10,2-3%,-2.052,29.6196,30.1798,tp_gap_filled,183.928,5447.87,1.891,103.04,2
ORCL,2019-01-09,2019-01-10,2019-01-11,2-3%,-2.59,46.6866,47.8321,tp_gap_filled,118.093,5513.37,2.454,135.27,1
BKNG,2019-01-09,2019-01-10,2019-01-14,2-3%,-2.642,65.7597,67.4093,tp_gap_filled,83.774,5508.96,2.509,138.2,2
AMD,2019-01-10,2019-01-11,2019-01-14,2-3%,-2.13,19.7798,20.1698,tp_gap_filled,279.2184,5522.87,1.972,108.91,1
AVGO,2019-01-02,2019-01-10,2019-01-15,2-3%,-2.135,24.9099,25.4026,tp_gap_filled,221.1429,5508.64,1.978,108.95,3
BEN,2019-01-11,2019-01-14,2019-01-15,2-3%,-2.035,29.8799,30.4395,tp_gap_filled,184.3009,5506.88,1.873,103.15,1
EXPE,2019-01-09,2019-01-10,2019-01-16,2-3%,-2.83,113.7737,116.853,tp_gap_filled,48.453,5512.68,2.707,149.2,4
NDSN,2018-11-27,2018-11-28,2019-01-17,3-5%,-3.283,120.9208,124.7751,tp_gap_filled,46.8,5659.1,3.187,180.38,33
ADSK,2019-01-15,2019-01-16,2019-01-17,2-3%,-2.13,132.0119,134.6152,tp_gap_filled,41.9797,5541.82,1.972,109.29,1
ACN,2018-12-20,2019-01-08,2019-01-18,3-5%,-3.286,146.146,150.809,tp_gap_filled,37.3371,5456.67,3.191,174.1,8
CCL,2018-12-20,2019-01-08,2019-01-18,5-10%,-5.199,52.2022,54.955,tp_gap_filled,104.4299,5451.47,5.273,287.48,8
ICE,2019-01-07,2019-01-08,2019-01-18,3-5%,-3.106,73.3933,75.5943,tp_gap_filled,74.2168,5447.02,2.999,163.35,8
ADBE,2018-12-14,2019-01-15,2019-01-18,2-3%,-2.951,241.0008,247.8319,tp_gap_filled,22.9451,5529.79,2.835,156.74,3
FISV,2019-01-16,2019-01-17,2019-01-18,5-10%,-5.983,70.6206,74.965,tp_gap_filled,79.1913,5592.53,6.152,344.04,1
HPE,2019-01-16,2019-01-17,2019-01-18,3-5%,-4.64,13.7838,14.4256,tp_gap_filled,406.4761,5602.77,4.656,260.87,1
CSX,2019-01-17,2019-01-18,2019-01-22,2-3%,-2.172,21.3413,21.7715,tp_gap_filled,266.5006,5687.48,2.016,114.65,1
KMI,2019-01-17,2019-01-18,2019-01-22,2-3%,-2.061,17.1271,17.4525,tp_gap_filled,332.763,5699.27,1.9,108.29,1
SYF,2018-11-02,2018-11-07,2019-01-23,5-10%,-7.303,27.3173,29.4106,tp_gap_filled,207.0184,5655.18,7.663,433.35,50
CBOE,2019-01-07,2019-01-08,2019-01-23,2-3%,-2.908,95.5955,98.2616,tp_gap_filled,57.0677,5455.41,2.789,152.15,10
FCX,2019-01-22,2019-01-23,2019-01-24,2-3%,-2.309,12.2823,10.9203,stop,463.2726,5690.04,-11.089,-630.97,1
EW,2018-10-02,2018-11-29,2019-01-25,3-5%,-4.449,54.4611,56.8831,tp_gap_filled,103.8845,5657.66,4.447,251.61,37
AAPL,2019-01-03,2019-01-04,2019-01-25,5-10%,-8.827,36.031,39.4405,tp_gap_filled,147.7937,5325.15,9.463,503.91,14
PHM,2019-01-17,2019-01-18,2019-01-25,2-3%,-2.411,26.7367,27.3426,tp_gap_filled,213.716,5714.06,2.266,129.5,4
IR,2019-01-22,2019-01-23,2019-01-25,2-3%,-2.455,22.6726,23.1968,tp_gap_filled,251.651,5705.6,2.312,131.9,2
EQIX,2019-01-24,2019-01-25,2019-01-28,2-3%,-2.166,357.7074,364.8947,tp_gap_filled,16.1551,5778.81,2.009,116.11,1
NSC,2019-01-25,2019-01-28,2019-01-29,2-3%,-2.977,161.161,165.7741,tp_gap_filled,35.4846,5718.73,2.862,163.69,1
ALGN,2018-10-25,2018-10-26,2019-01-30,10%+,-20.493,231.4612,232.5972,time_exit,22.5135,5210.99,0.491,25.57,63
ALB,2018-12-20,2018-12-21,2019-01-30,2-3%,-2.807,77.6376,79.7202,tp_gap_filled,65.5212,5086.9,2.683,136.46,25
DAL,2019-01-03,2019-01-04,2019-01-30,3-5%,-3.154,48.5585,50.0399,tp_gap_filled,109.7976,5331.61,3.051,162.65,17
COO,2018-12-07,2019-01-14,2019-01-30,3-5%,-4.888,65.9384,69.1882,tp_gap_filled,83.5585,5509.71,4.929,271.55,11
ADI,2019-01-28,2019-01-29,2019-01-30,2-3%,-2.785,95.0449,97.5723,tp_gap_filled,60.1904,5720.8,2.659,152.12,1
STZ,2019-01-09,2019-01-10,2019-01-31,10%+,-11.448,152.7626,172.1677,tp_gap_filled,36.1203,5517.83,12.703,700.92,14
ABT,2019-01-02,2019-01-15,2019-01-31,2-3%,-2.682,70.4604,72.2577,tp_gap_filled,78.4805,5529.77,2.551,141.05,11
LLY,2019-01-18,2019-01-22,2019-01-31,3-5%,-3.004,115.6956,119.0408,tp_gap_filled,48.9077,5658.4,2.891,163.61,7
LMT,2019-01-29,2019-01-30,2019-01-31,2-3%,-2.348,281.3911,287.5821,tp_gap_filled,20.6971,5823.97,2.2,128.14,1
PHM,2019-01-29,2019-01-30,2019-01-31,5-10%,-5.105,25.6756,27.003,tp_gap_filled,227.1047,5831.06,5.17,301.44,1
VZ,2019-01-29,2019-01-30,2019-01-31,2-3%,-2.633,53.6736,55.0149,tp_gap_filled,108.8599,5842.9,2.499,146.01,1
FLEX,2018-10-26,2018-10-30,2019-02-01,10%+,-30.522,5.7178,7.0766,time_exit,925.0581,5289.34,23.763,1256.89,63
FFIV,2019-01-17,2019-01-18,2019-02-01,3-5%,-3.064,157.0569,161.6981,tp_gap_filled,36.2757,5697.35,2.955,168.36,9
MNST,2018-12-13,2019-01-18,2019-02-01,3-5%,-3.151,13.9214,14.3456,tp_gap_filled,410.0922,5709.06,3.047,173.97,9
BMY,2019-01-24,2019-01-25,2019-02-01,2-3%,-2.422,48.7987,49.91,tp_gap_filled,118.435,5779.48,2.277,131.62,5
CSCO,2018-12-14,2019-01-25,2019-02-01,2-3%,-2.317,46.4164,47.4225,tp_gap_filled,124.525,5780.0,2.168,125.29,5
ALGN,2019-01-30,2019-01-31,2019-02-01,5-10%,-5.986,208.9487,221.808,tp_gap_filled,28.2662,5906.2,6.154,363.48,1
IEX,2019-01-30,2019-01-31,2019-02-01,5-10%,-5.643,131.3812,138.9609,tp_gap_filled,45.2267,5941.94,5.769,342.8,1
PFG,2019-01-30,2019-01-31,2019-02-01,5-10%,-5.079,47.1471,49.5704,tp_gap_filled,126.2949,5954.44,5.14,306.05,1
PKG,2019-01-30,2019-01-31,2019-02-01,2-3%,-2.683,91.4914,93.8261,tp_gap_filled,65.2165,5966.74,2.552,152.26,1
BALL,2019-01-31,2019-02-01,2019-02-04,2-3%,-2.306,50.05,51.1288,tp_gap_filled,118.8418,5948.03,2.155,128.21,1
HSY,2019-01-31,2019-02-01,2019-02-04,2-3%,-2.159,103.4033,105.4744,tp_gap_filled,57.6409,5960.26,2.003,119.38,1
STLD,2019-01-31,2019-02-01,2019-02-04,2-3%,-2.306,36.046,36.8231,tp_gap_filled,165.4417,5963.51,2.156,128.57,1
V,2019-01-31,2019-02-01,2019-02-04,2-3%,-2.333,134.5244,137.4624,tp_gap_filled,44.3832,5970.62,2.184,130.4,1
AMCR,2018-11-20,2018-11-21,2019-02-05,2-3%,-2.513,48.5485,49.7002,tp_gap_filled,113.3915,5504.99,2.372,130.6,49
BIIB,2019-01-30,2019-01-31,2019-02-05,2-3%,-2.475,326.5262,334.1455,tp_gap_filled,18.2034,5943.88,2.333,138.7,3
BRO,2019-01-29,2019-02-01,2019-02-05,2-3%,-2.575,27.2672,27.932,tp_gap_filled,218.426,5955.87,2.438,145.21,2
MSFT,2019-01-31,2019-02-01,2019-02-05,2-3%,-2.425,103.9038,106.2736,tp_gap_filled,57.3887,5962.91,2.281,136.0,2
NOC,2019-01-31,2019-02-01,2019-02-05,3-5%,-3.258,271.9417,280.5392,tp_gap_filled,21.9193,5960.76,3.162,188.45,2
TSCO,2019-01-31,2019-02-01,2019-02-05,3-5%,-3.548,17.3053,17.9061,tp_gap_filled,344.9582,5969.6,3.472,207.25,2
ITW,2019-02-01,2019-02-04,2019-02-05,3-5%,-3.416,132.7526,137.1727,tp_gap_filled,45.3868,6025.22,3.33,200.61,1
MCK,2019-02-01,2019-02-04,2019-02-05,3-5%,-3.657,123.6836,128.1218,tp_gap_filled,48.784,6033.78,3.588,216.51,1
CRH,2018-11-06,2018-11-07,2019-02-06,3-5%,-3.274,29.2792,30.2098,tp_gap_filled,192.338,5631.51,3.178,178.97,60
FDX,2018-12-19,2019-01-08,2019-02-06,5-10%,-8.535,136.4941,148.9323,tp_gap_filled,39.9315,5450.41,9.113,496.68,20
FAST,2019-02-05,2019-02-06,2019-02-07,2-3%,-2.263,15.0225,15.3396,tp_gap_filled,403.1754,6056.71,2.111,127.86,1
ALL,2018-11-01,2018-11-06,2019-02-08,3-5%,-4.931,91.091,92.3675,time_exit,60.4572,5507.11,1.401,77.18,63
PYPL,2019-01-31,2019-02-01,2019-02-11,3-5%,-3.679,89.109,92.3276,tp_gap_filled,66.9012,5961.5,3.612,215.33,6
DTE,2019-02-07,2019-02-08,2019-02-11,3-5%,-3.604,96.1471,99.5429,tp_gap_filled,62.2115,5981.46,3.532,211.26,1
ISRG,2019-01-25,2019-01-31,2019-02-12,3-5%,-3.753,172.172,178.528,tp_gap_filled,34.5684,5951.7,3.692,219.72,8
BEN,2019-01-30,2019-02-06,2019-02-12,2-3%,-2.02,30.5906,31.1588,tp_gap_filled,197.9544,6055.53,1.858,112.49,4
EMR,2019-02-05,2019-02-06,2019-02-12,2-3%,-2.276,66.1761,67.5824,tp_gap_filled,91.4856,6054.16,2.125,128.65,4
STX,2019-02-05,2019-02-06,2019-02-12,3-5%,-4.522,43.5435,45.5144,tp_gap_filled,139.7639,6085.81,4.526,275.47,4
FCX,2019-01-24,2019-01-25,2019-02-13,5-10%,-6.824,11.4815,12.2977,tp_gap_filled,503.8664,5785.13,7.109,411.27,13
FTNT,2018-11-02,2019-02-05,2019-02-13,2-3%,-2.402,16.3523,16.7213,tp_gap_filled,370.475,6058.13,2.256,136.68,6
EXPD,2018-12-07,2018-12-10,2019-02-14,3-5%,-4.522,71.0109,74.2257,tp_gap_filled,77.5145,5504.38,4.527,249.19,45
IT,2019-02-05,2019-02-06,2019-02-15,5-10%,-9.864,129.2491,143.1068,tp_gap_filled,46.9194,6064.29,10.722,650.19,7
PGR,2018-11-14,2019-02-12,2019-02-15,3-5%,-3.157,69.3993,71.5184,tp_gap_filled,87.7154,6087.39,3.053,185.88,3
FIS,2019-02-12,2019-02-13,2019-02-15,2-3%,-2.108,106.9068,108.9909,tp_gap_filled,57.4055,6137.04,1.949,119.64,2
BIIB,2019-02-07,2019-02-14,2019-02-15,2-3%,-2.803,324.2239,332.9068,tp_gap_filled,18.8394,6108.18,2.678,163.58,1
MAR,2018-11-30,2018-12-03,2019-02-19,5-10%,-6.763,113.7136,121.7182,tp_gap_filled,50.6421,5758.7,7.039,405.37,51
AMD,2019-02-05,2019-02-06,2019-02-19,2-3%,-2.942,23.4434,24.1059,tp_gap_filled,258.3716,6057.11,2.826,171.16,8
BLDR,2018-12-04,2019-02-06,2019-02-19,3-5%,-4.482,13.6536,14.2657,tp_gap_filled,443.3847,6053.82,4.483,271.39,8
EG,2019-02-12,2019-02-13,2019-02-19,2-3%,-2.555,214.9648,220.1596,tp_gap_filled,28.5512,6137.51,2.417,148.32,3
HII,2019-02-14,2019-02-15,2019-02-19,3-5%,-4.278,206.9567,215.774,tp_gap_filled,29.9266,6193.51,4.26,263.87,1
SHW,2018-10-09,2018-12-03,2019-02-20,3-5%,-3.419,142.6191,147.3725,tp_gap_filled,40.4449,5768.22,3.333,192.25,52
CB,2019-02-06,2019-02-12,2019-02-20,2-3%,-2.149,131.7516,134.3755,tp_gap_filled,46.1941,6086.15,1.992,121.21,5
L,2019-02-11,2019-02-12,2019-02-20,2-3%,-2.696,46.2362,47.4225,tp_gap_filled,131.648,6086.9,2.566,156.18,5
MET,2019-02-07,2019-02-12,2019-02-20,2-3%,-2.965,43.9039,45.1548,tp_gap_filled,138.61,6085.52,2.849,173.39,5
J,2018-11-20,2019-02-19,2019-02-20,2-3%,-2.482,58.8858,60.2638,tp_gap_filled,105.9784,6240.62,2.34,146.04,1
CHD,2019-02-05,2019-02-06,2019-02-21,5-10%,-6.639,61.091,65.3046,tp_gap_filled,99.0094,6048.59,6.897,417.19,10
LDOS,2019-02-19,2019-02-20,2019-02-21,2-3%,-2.32,61.9619,63.3066,tp_gap_filled,101.4186,6284.09,2.17,136.38,1
OXY,2019-02-19,2019-02-20,2019-02-21,2-3%,-2.232,65.7557,67.1228,tp_gap_filled,95.5527,6283.14,2.079,130.63,1
VRSK,2019-02-20,2019-02-21,2019-02-22,2-3%,-2.033,122.0219,124.3056,tp_gap_filled,51.2157,6249.43,1.872,116.96,1
DELL,2018-12-24,2018-12-27,2019-02-25,10%+,-20.666,22.8953,28.8017,tp_gap_filled,227.159,5200.88,25.797,1341.68,39
GE,2018-10-30,2019-01-31,2019-02-25,5-10%,-5.376,50.6587,53.4301,tp_gap_filled,117.4454,5949.64,5.471,325.48,16
AIG,2019-02-14,2019-02-15,2019-02-25,3-5%,-4.731,42.1321,44.1358,tp_gap_filled,146.9133,6189.76,4.756,294.37,5
SJM,2018-11-28,2018-11-29,2019-02-26,3-5%,-4.928,103.9038,109.0708,tp_gap_filled,54.4445,5656.99,4.973,281.32,58
FDX,2019-02-15,2019-02-19,2019-02-26,2-3%,-2.675,144.3827,148.0549,tp_gap_filled,43.2142,6239.38,2.543,158.69,5
GIS,2019-02-22,2019-02-25,2019-02-26,3-5%,-4.92,44.6846,46.9031,tp_gap_filled,140.914,6296.69,4.965,312.61,1
TTD,2019-02-25,2019-02-26,2019-02-27,2-3%,-2.099,19.3774,19.7532,tp_gap_filled,325.7066,6311.33,1.94,122.42,1
COF,2019-01-23,2019-01-24,2019-02-28,3-5%,-4.353,79.8498,83.3166,tp_gap_filled,71.4727,5707.08,4.342,247.78,24
CI,2019-02-01,2019-02-15,2019-02-28,2-3%,-2.407,195.195,173.5498,stop,31.7154,6190.68,-11.089,-686.48,8
TSLA,2019-02-26,2019-02-27,2019-02-28,2-3%,-2.192,19.5008,19.8981,tp_gap_filled,323.329,6305.18,2.037,128.45,1
ALLE,2019-02-19,2019-02-20,2019-03-01,3-5%,-3.757,88.2081,91.4684,tp_gap_filled,71.2486,6284.7,3.696,232.29,7
QCOM,2019-01-23,2019-02-20,2019-03-01,2-3%,-2.523,52.9729,54.2357,tp_gap_filled,118.7603,6291.08,2.384,149.97,7
SCHW,2019-02-20,2019-02-21,2019-03-01,2-3%,-2.125,46.1061,47.0129,tp_gap_filled,135.5826,6251.18,1.967,122.96,6
AZO,2019-02-27,2019-02-28,2019-03-01,3-5%,-3.743,900.9,934.065,tp_gap_filled,6.9652,6274.93,3.681,231.0,1
LITE,2018-11-12,2018-11-28,2019-03-04,10%+,-21.323,44.064,50.7092,time_exit,128.4148,5658.47,15.081,853.34,63
MU,2019-02-28,2019-03-01,2019-03-04,2-3%,-2.711,40.2402,41.2787,tp_gap_filled,157.0294,6318.9,2.581,163.07,1
VRT,2018-11-28,2018-11-29,2019-03-05,2-3%,-2.087,9.8599,9.99,time_exit,573.6542,5656.14,1.32,74.66,63
NVDA,2018-11-16,2018-11-30,2019-03-06,10%+,-19.304,4.0871,3.7974,time_exit,1389.1607,5677.62,-7.087,-402.35,63
T,2018-10-24,2018-12-03,2019-03-07,3-5%,-3.907,23.9892,22.5756,time_exit,240.272,5763.94,-5.893,-339.66,63
KDP,2019-02-28,2019-03-01,2019-03-07,3-5%,-4.788,25.6756,26.9131,tp_gap_filled,246.001,6316.24,4.819,304.4,4
COST,2018-12-14,2019-02-19,2019-03-08,3-5%,-3.757,218.218,226.2835,tp_gap_filled,28.5917,6239.22,3.696,230.61,13
ON,2019-02-27,2019-03-04,2019-03-11,2-3%,-2.309,22.022,22.4975,tp_gap_filled,285.8268,6294.48,2.159,135.91,5
GE,2019-03-06,2019-03-07,2019-03-11,5-10%,-6.37,46.1992,49.2438,tp_gap_filled,133.7674,6179.95,6.59,407.26,2
AMD,2019-03-08,2019-03-11,2019-03-12,3-5%,-3.306,21.3714,22.0579,tp_gap_filled,293.5461,6273.48,3.213,201.54,1
ANET,2019-03-08,2019-03-11,2019-03-12,2-3%,-2.429,16.8618,17.2471,tp_gap_filled,372.9735,6289.02,2.285,143.69,1
JKHY,2019-02-06,2019-02-07,2019-03-13,3-5%,-4.934,129.2191,135.6542,tp_gap_filled,46.3142,5984.68,4.98,298.04,23
BR,2019-02-07,2019-02-11,2019-03-13,3-5%,-3.564,99.9498,103.4365,tp_gap_filled,60.2307,6020.05,3.488,210.0,21
CRH,2019-03-07,2019-03-08,2019-03-13,2-3%,-2.032,30.8909,31.4685,tp_gap_filled,200.4317,6191.51,1.87,115.78,3
BX,2019-02-08,2019-02-11,2019-03-14,2-3%,-2.521,33.6736,34.4755,tp_gap_filled,178.6784,6016.75,2.381,143.27,22
AMZN,2019-02-01,2019-02-04,2019-03-15,3-5%,-4.646,82.0259,85.8506,tp_gap_filled,73.4658,6026.1,4.663,280.98,28
TMUS,2019-02-26,2019-02-27,2019-03-15,2-3%,-2.204,71.5114,72.977,tp_gap_filled,88.1452,6303.39,2.049,129.18,12
ALGN,2019-03-05,2019-03-12,2019-03-15,3-5%,-4.436,245.1849,256.0537,tp_gap_filled,25.6913,6299.13,4.433,279.23,3
HPE,2019-03-12,2019-03-13,2019-03-15,3-5%,-3.398,15.3654,15.8741,tp_gap_filled,413.5295,6354.03,3.311,210.39,2
OKE,2019-02-26,2019-03-04,2019-03-18,2-3%,-2.203,66.2262,67.5824,tp_gap_filled,95.0608,6295.51,2.048,128.92,10
EOG,2019-03-08,2019-03-14,2019-03-18,2-3%,-2.222,89.4093,91.2586,tp_gap_filled,70.9258,6341.43,2.068,131.17,2
SMCI,2019-03-14,2019-03-15,2019-03-18,2-3%,-2.98,1.9229,1.978,tp_gap_filled,3319.6587,6383.44,2.865,182.91,1
MS,2019-01-17,2019-01-18,2019-03-19,3-5%,-4.585,42.4925,44.4455,tp_gap_filled,134.3462,5708.7,4.596,262.39,40
MDLZ,2019-02-22,2019-02-25,2019-03-19,2-3%,-2.004,47.4874,48.3616,tp_gap_filled,132.7469,6303.81,1.841,116.04,16
FIX,2019-03-12,2019-03-13,2019-03-19,2-3%,-2.501,51.8918,53.1168,tp_gap_filled,122.3761,6350.32,2.361,149.91,4
TTWO,2019-03-14,2019-03-15,2019-03-19,2-3%,-2.53,93.6936,95.934,tp_gap_filled,68.2315,6392.86,2.391,152.86,2
ORCL,2019-03-15,2019-03-18,2019-03-19,3-5%,-3.11,51.4514,52.9969,tp_gap_filled,124.8122,6421.76,3.004,192.9,1
HD,2019-02-26,2019-02-27,2019-03-21,2-3%,-2.311,185.7756,189.79,tp_gap_filled,33.943,6305.77,2.161,136.26,16
AMCR,2019-03-05,2019-03-06,2019-03-22,3-5%,-3.738,51.5515,53.4465,tp_gap_filled,120.818,6228.35,3.676,228.95,12
ADBE,2019-03-15,2019-03-18,2019-03-26,3-5%,-3.609,258.288,267.4223,tp_gap_filled,24.8694,6423.48,3.536,227.16,6
DG,2019-03-14,2019-03-15,2019-03-27,5-10%,-7.491,111.7516,120.5593,tp_gap_filled,57.0853,6379.37,7.881,502.79,8
ADI,2019-03-25,2019-03-26,2019-03-27,2-3%,-2.384,104.9448,107.2926,tp_gap_filled,61.0691,6408.89,2.237,143.38,1
LULU,2019-03-22,2019-03-25,2019-03-28,2-3%,-2.136,145.8757,148.7611,tp_gap_filled,43.7376,6380.25,1.978,126.2,3
AKAM,2019-03-25,2019-03-26,2019-03-28,3-5%,-4.212,68.2982,71.1588,tp_gap_filled,93.901,6413.27,4.188,268.61,2
FDX,2019-03-20,2019-03-21,2019-03-29,3-5%,-4.774,139.3415,146.0343,tp_gap_filled,46.6407,6498.98,4.803,312.16,6
RCL,2019-03-26,2019-03-27,2019-03-29,2-3%,-2.358,111.9118,114.3855,tp_gap_filled,57.1678,6397.75,2.21,141.42,2
HII,2019-03-27,2019-03-28,2019-03-29,2-3%,-2.485,198.3982,203.0468,tp_gap_filled,32.4131,6430.71,2.343,150.67,1
NCLH,2019-03-26,2019-03-27,2019-04-01,3-5%,-3.371,53.3633,55.1148,tp_gap_filled,119.8472,6395.44,3.282,209.91,3
ON,2019-03-25,2019-03-26,2019-04-02,2-3%,-2.264,21.1711,21.6184,tp_gap_filled,303.2416,6419.97,2.112,135.61,5
CNC,2019-03-27,2019-03-28,2019-04-02,5-10%,-8.569,50.2002,54.7951,tp_gap_filled,127.8789,6419.54,9.153,587.6,3
DOW,2019-03-29,2019-04-01,2019-04-02,2-3%,-2.616,49.5695,50.7991,tp_gap_filled,132.7182,6578.78,2.481,163.19,1
EQIX,2019-04-01,2019-04-02,2019-04-03,2-3%,-2.118,444.0036,452.7068,tp_gap_filled,14.7643,6555.39,1.96,128.5,1
META,2019-03-14,2019-04-02,2019-04-03,2-3%,-2.082,169.9298,173.1966,tp_gap_filled,38.6247,6563.48,1.922,126.18,1
CTAS,2019-03-22,2019-04-01,2019-04-04,2-3%,-2.503,50.7782,51.978,tp_gap_filled,129.5193,6576.76,2.363,155.39,3
SW,2019-03-26,2019-04-04,2019-04-05,5-10%,-7.019,27.978,30.0299,tp_gap_filled,235.4942,6588.64,7.334,483.23,1
AXON,2019-02-27,2019-02-28,2019-04-08,5-10%,-7.904,55.5155,60.1598,tp_gap_filled,113.1448,6281.29,8.366,525.48,27
AMCR,2019-04-05,2019-04-08,2019-04-09,2-3%,-2.256,54.2042,55.3446,tp_gap_filled,122.6212,6646.58,2.104,139.84,1
CVNA,2019-04-03,2019-04-04,2019-04-10,2-3%,-2.101,12.3123,12.5514,tp_gap_filled,535.5973,6594.43,1.942,128.08,4
HWM,2019-01-22,2019-01-23,2019-04-11,10%+,-17.896,12.8196,15.5826,tp_gap_filled,443.8896,5690.47,21.553,1226.47,55
SWKS,2018-11-02,2019-02-06,2019-04-11,2-3%,-2.302,87.5174,89.4005,tp_gap_filled,69.628,6093.67,2.152,131.11,45
CLX,2019-04-08,2019-04-09,2019-04-11,2-3%,-2.018,152.6125,155.4444,tp_gap_filled,43.2325,6597.82,1.856,122.43,2
CAT,2019-02-26,2019-02-27,2019-04-12,3-5%,-3.451,136.6665,141.2686,tp_gap_filled,46.1071,6301.3,3.367,212.19,32
WM,2019-04-11,2019-04-12,2019-04-15,2-3%,-2.691,100.2602,102.8271,tp_gap_filled,66.704,6687.75,2.56,171.22,1
GD,2019-01-30,2019-01-31,2019-04-17,3-5%,-3.5,170.0098,175.824,tp_gap_filled,34.9879,5948.29,3.42,203.43,53
NKE,2019-03-22,2019-04-01,2019-04-17,3-5%,-3.193,85.2852,87.922,tp_gap_filled,77.3424,6596.16,3.092,203.94,12
APO,2019-02-20,2019-02-21,2019-04-18,2-3%,-2.36,29.3994,30.0499,tp_gap_filled,212.7466,6254.62,2.213,138.4,40
CHRW,2019-04-16,2019-04-17,2019-04-18,3-5%,-3.477,87.8077,90.7891,tp_gap_filled,75.7591,6652.24,3.395,225.87,1
HSIC,2019-02-20,2019-02-21,2019-04-23,5-10%,-6.497,59.069,63.0469,tp_gap_filled,105.774,6247.97,6.734,420.76,42
HWM,2019-04-17,2019-04-18,2019-04-23,3-5%,-3.288,15.3528,15.843,tp_gap_filled,433.1116,6649.46,3.193,212.34,2
RSG,2019-04-11,2019-04-12,2019-04-24,2-3%,-2.072,78.078,79.5704,tp_gap_filled,85.6496,6687.35,1.911,127.82,7
IBKR,2019-04-22,2019-04-23,2019-04-24,2-3%,-2.023,13.4559,13.7063,tp_gap_filled,496.1607,6676.31,1.86,124.21,1
RVTY,2019-04-23,2019-04-24,2019-04-25,2-3%,-2.137,92.5925,94.4255,tp_gap_filled,72.0226,6668.75,1.98,132.02,1
ADM,2019-02-05,2019-02-22,2019-04-30,3-5%,-3.506,42.9729,44.4455,tp_gap_filled,145.9704,6272.78,3.427,214.95,46
IP,2019-04-16,2019-04-17,2019-04-30,3-5%,-4.524,42.6089,44.5387,tp_gap_filled,156.1606,6653.83,4.529,301.37,8
BMY,2019-03-29,2019-04-01,2019-05-01,2-3%,-2.299,46.7867,47.7922,tp_gap_filled,140.5385,6575.34,2.149,141.3,21
CTSH,2019-04-29,2019-04-30,2019-05-01,3-5%,-3.026,71.2212,73.2966,tp_gap_filled,95.1195,6774.52,2.914,197.42,1
CNP,2019-02-28,2019-03-01,2019-05-03,3-5%,-3.113,30.2202,31.1288,tp_gap_filled,209.0187,6316.59,3.007,189.92,44
CAH,2019-04-02,2019-04-03,2019-05-03,2-3%,-2.097,48.1381,49.0709,tp_gap_filled,136.5268,6572.14,1.938,127.35,21
COR,2019-04-02,2019-04-05,2019-05-03,2-3%,-2.794,76.9569,79.0109,tp_gap_filled,86.4833,6655.49,2.669,177.64,19
GILD,2019-02-05,2019-02-06,2019-05-08,3-5%,-3.283,67.8177,66.0039,time_exit,89.3794,6061.51,-2.675,-162.12,63
AOS,2019-04-30,2019-05-03,2019-05-16,3-5%,-3.996,53.6336,45.0072,stop,126.8919,6805.66,-16.084,-1094.62,9
MGM,2019-02-14,2019-02-15,2019-05-17,5-10%,-5.645,27.6076,25.8641,time_exit,224.8014,6206.22,-6.315,-391.93,63
DD,2019-01-31,2019-02-19,2019-05-20,5-10%,-8.114,97.4097,82.351,time_exit,64.0504,6239.13,-15.459,-964.51,63
NVDA,2019-04-26,2019-04-30,2019-05-20,3-5%,-3.317,4.5223,3.7949,stop,1499.2551,6780.03,-16.084,-1090.5,14
CVS,2019-02-20,2019-02-21,2019-05-22,5-10%,-8.887,63.7337,53.6563,time_exit,98.1034,6252.49,-15.812,-988.63,63
KO,2019-02-14,2019-03-26,2019-05-23,5-10%,-6.206,46.7467,49.7402,tp_gap_filled,137.3458,6420.46,6.404,411.15,41
GM,2019-04-30,2019-05-01,2019-05-23,2-3%,-2.724,38.9589,34.6388,stop,173.4881,6758.91,-11.089,-749.5,16
HD,2019-05-21,2019-05-22,2019-05-23,2-3%,-2.001,187.3171,190.759,tp_gap_filled,34.5893,6479.17,1.837,119.05,1
HRL,2019-04-23,2019-04-24,2019-05-24,3-5%,-3.834,38.9189,40.3896,tp_gap_filled,171.2194,6663.67,3.779,251.81,22
APA,2019-05-02,2019-05-03,2019-05-24,2-3%,-2.87,30.8308,27.412,stop,220.7433,6805.69,-11.089,-754.68,15
AIZ,2019-03-14,2019-03-15,2019-05-28,3-5%,-3.979,97.3472,101.1787,tp_gap_filled,65.5011,6376.35,3.936,250.97,50
PHM,2019-05-22,2019-05-23,2019-05-28,2-3%,-2.138,31.6116,32.2377,tp_gap_filled,201.6542,6374.61,1.981,126.27,2
VTRS,2019-02-27,2019-03-01,2019-05-29,10%+,-10.581,27.4074,17.2494,stop,230.8104,6325.91,-37.063,-2344.57,61
CVNA,2019-05-22,2019-05-23,2019-05-29,2-3%,-2.506,13.0831,11.6323,stop,487.7717,6381.55,-11.089,-707.65,3
LUV,2019-02-20,2019-02-28,2019-05-30,3-5%,-4.56,55.095,49.3406,time_exit,114.0533,6283.77,-10.445,-656.31,63
GPN,2019-05-28,2019-05-29,2019-05-30,3-5%,-3.656,147.9778,153.2866,tp_gap_filled,42.173,6240.68,3.588,223.89,1
HAS,2019-05-13,2019-05-17,2019-06-04,2-3%,-2.155,98.6185,100.5893,tp_gap_filled,65.9764,6506.5,1.998,130.03,11
ROST,2019-05-24,2019-05-28,2019-06-04,2-3%,-2.042,92.6726,94.4155,tp_gap_filled,68.1583,6316.4,1.881,118.79,5
GIS,2019-05-29,2019-05-31,2019-06-04,3-5%,-3.993,49.099,51.0389,tp_gap_filled,125.4694,6160.43,3.951,243.39,2
ALGN,2019-05-31,2019-06-03,2019-06-04,5-10%,-6.337,278.1579,296.3833,tp_gap_filled,22.2845,6198.61,6.552,406.14,1
BKNG,2019-02-28,2019-03-06,2019-06-05,5-10%,-7.975,70.2302,70.5294,time_exit,88.6934,6228.95,0.426,26.54,63
EVRG,2019-02-22,2019-03-13,2019-06-05,3-5%,-4.777,57.067,59.8101,tp_gap_filled,111.2872,6350.83,4.807,305.27,58
ALB,2019-05-23,2019-05-24,2019-06-05,2-3%,-2.148,66.5665,67.892,tp_gap_filled,95.799,6377.01,1.991,126.99,7
CMI,2019-05-31,2019-06-04,2019-06-05,2-3%,-2.29,155.0549,158.3715,tp_gap_filled,41.081,6369.81,2.139,136.25,1
LII,2019-05-31,2019-06-04,2019-06-05,2-3%,-2.239,270.1298,275.764,tp_gap_filled,23.5927,6373.1,2.086,132.92,1
IFF,2019-02-14,2019-04-23,2019-06-06,5-10%,-5.468,137.4173,145.0748,tp_gap_filled,48.6193,6681.13,5.572,372.3,31
ANET,2019-05-13,2019-05-24,2019-06-06,2-3%,-2.945,16.0435,16.4972,tp_gap_filled,397.528,6377.75,2.828,180.36,8
DOC,2019-06-04,2019-06-05,2019-06-06,3-5%,-3.081,30.8608,31.7782,tp_gap_filled,208.1404,6423.38,2.973,190.94,1
VTR,2019-06-04,2019-06-05,2019-06-06,2-3%,-2.416,62.6626,64.0859,tp_gap_filled,102.5816,6428.03,2.271,146.0,1
KR,2019-03-07,2019-03-08,2019-06-07,10%+,-12.271,24.975,23.9061,time_exit,247.9513,6192.57,-4.28,-265.03,63
AAPL,2019-05-20,2019-05-21,2019-06-07,2-3%,-2.899,45.9259,47.2028,tp_gap_filled,142.1108,6526.56,2.78,181.46,12
BKR,2019-05-23,2019-05-24,2019-06-07,2-3%,-2.14,22.8829,23.3366,tp_gap_filled,278.6856,6377.12,1.983,126.46,9
XYZ,2019-05-23,2019-05-28,2019-06-07,2-3%,-2.122,65.1151,66.3935,tp_gap_filled,96.9569,6313.35,1.963,123.96,8
KEYS,2019-05-20,2019-05-30,2019-06-07,3-5%,-4.947,77.8878,81.7781,tp_gap_filled,80.2785,6252.72,4.995,312.31,6
CLX,2019-05-01,2019-06-04,2019-06-07,3-5%,-3.844,153.7436,159.5703,tp_gap_filled,41.4399,6371.11,3.79,241.46,3
CIEN,2019-05-06,2019-06-06,2019-06-07,2-3%,-2.14,37.998,38.7512,tp_gap_filled,170.6399,6483.97,1.982,128.53,1
CMG,2019-05-23,2019-06-06,2019-06-07,3-5%,-3.405,13.6536,14.1067,tp_gap_filled,478.0104,6526.58,3.318,216.56,1
RVTY,2019-05-13,2019-06-06,2019-06-07,2-3%,-2.153,90.5104,92.3176,tp_gap_filled,72.156,6530.87,1.997,130.4,1
APO,2019-05-06,2019-05-08,2019-06-10,2-3%,-2.187,32.6827,33.3466,tp_gap_filled,202.7256,6625.61,2.032,134.6,22
HUBB,2019-05-13,2019-06-06,2019-06-10,2-3%,-2.043,123.3732,125.6942,tp_gap_filled,52.9256,6529.61,1.881,122.84,2
AMAT,2019-05-20,2019-06-07,2019-06-10,2-3%,-2.108,41.8418,42.6573,tp_gap_filled,156.6329,6553.8,1.949,127.73,1
GM,2019-06-06,2019-06-07,2019-06-10,2-3%,-2.093,35.1251,35.8042,tp_gap_filled,186.5329,6551.98,1.933,126.67,1
BA,2019-03-11,2019-03-12,2019-06-11,10%+,-12.134,371.6413,348.9807,time_exit,16.9625,6303.97,-6.097,-384.38,63
AVGO,2019-05-20,2019-05-21,2019-06-11,3-5%,-4.102,27.8278,28.96,tp_gap_filled,234.6572,6529.99,4.069,265.68,14
LRCX,2019-05-20,2019-06-07,2019-06-11,2-3%,-2.843,18.8829,19.3966,tp_gap_filled,347.0989,6554.22,2.721,178.31,2
ADI,2019-05-16,2019-06-10,2019-06-11,2-3%,-2.067,105.7657,107.7821,tp_gap_filled,62.4472,6604.77,1.907,125.92,1
ON,2019-05-16,2019-06-10,2019-06-11,2-3%,-2.075,19.8398,20.2198,tp_gap_filled,332.5386,6597.51,1.915,126.34,1
GILD,2019-05-28,2019-06-07,2019-06-12,2-3%,-2.362,65.3753,66.8231,tp_gap_filled,100.2224,6552.07,2.215,145.1,3
FERG,2019-03-25,2019-04-11,2019-06-13,2-3%,-2.653,69.039,70.7791,tp_gap_filled,96.2892,6647.71,2.521,167.56,43
GEN,2019-06-11,2019-06-12,2019-06-13,5-10%,-5.31,18.2082,19.1908,tp_gap_filled,361.6639,6585.24,5.396,355.37,1
NEM,2019-04-16,2019-06-06,2019-06-14,2-3%,-2.765,35.2052,36.1338,tp_gap_filled,185.4904,6530.22,2.638,172.26,6
HPQ,2019-02-28,2019-03-18,2019-06-17,10%+,-15.933,20.07,19.8801,time_exit,320.0312,6423.04,-0.946,-60.79,63
CTVA,2019-06-07,2019-06-10,2019-06-17,2-3%,-2.714,26.1962,26.8731,tp_gap_filled,252.1343,6604.95,2.584,170.68,5
TTD,2019-06-12,2019-06-13,2019-06-17,3-5%,-4.796,23.7637,24.9111,tp_gap_filled,279.7927,6648.92,4.828,321.01,2
GOOG,2019-06-03,2019-06-07,2019-06-18,3-5%,-3.455,53.3283,55.1263,tp_gap_filled,122.9039,6554.25,3.372,220.99,7
GOOGL,2019-06-03,2019-06-07,2019-06-18,3-5%,-3.576,53.3998,55.2697,tp_gap_filled,122.7372,6554.15,3.502,229.5,7
ADI,2019-06-14,2019-06-17,2019-06-18,2-3%,-2.212,103.5434,105.6742,tp_gap_filled,64.2396,6651.59,2.058,136.88,1
AVGO,2019-06-14,2019-06-17,2019-06-18,5-10%,-8.345,25.8368,28.1328,tp_gap_filled,257.5753,6654.92,8.887,591.4,1
MRVL,2019-06-14,2019-06-17,2019-06-18,2-3%,-2.638,23.6436,24.2357,tp_gap_filled,281.7441,6661.45,2.504,166.83,1
NVDA,2019-06-14,2019-06-17,2019-06-18,2-3%,-2.529,3.6164,3.7028,tp_gap_filled,1842.2291,6662.17,2.39,159.23,1
TROW,2019-06-14,2019-06-17,2019-06-18,3-5%,-3.233,102.7627,105.9839,tp_gap_filled,64.8362,6662.75,3.135,208.85,1
TXN,2019-06-14,2019-06-17,2019-06-18,3-5%,-3.904,106.9468,111.0688,tp_gap_filled,62.3458,6667.69,3.854,256.99,1
WDC,2019-06-14,2019-06-17,2019-06-18,2-3%,-2.25,27.6164,28.1955,tp_gap_filled,241.4224,6667.22,2.097,139.81,1
NXPI,2019-06-14,2019-06-18,2019-06-19,2-3%,-2.7,91.9819,94.3456,tp_gap_filled,73.2055,6733.58,2.57,173.03,1
HII,2019-05-02,2019-06-05,2019-06-20,3-5%,-3.384,215.8056,222.9169,tp_gap_filled,29.7862,6428.03,3.295,211.82,11
BLK,2019-05-13,2019-06-18,2019-06-20,2-3%,-2.134,453.5731,462.537,tp_gap_filled,14.87,6744.64,1.976,133.29,2
MU,2019-06-12,2019-06-18,2019-06-20,2-3%,-2.382,34.044,34.8052,tp_gap_filled,197.7427,6731.96,2.236,150.51,2
ON,2019-06-14,2019-06-18,2019-06-20,2-3%,-2.979,19.5595,20.1199,tp_gap_filled,344.6096,6740.4,2.865,193.09,2
AMAT,2019-06-12,2019-06-19,2019-06-20,2-3%,-2.537,42.6826,43.7062,tp_gap_filled,158.2393,6754.07,2.398,161.98,1
CVX,2019-04-12,2019-04-17,2019-06-21,3-5%,-3.5,121.7016,125.864,tp_gap_filled,54.6947,6656.44,3.42,227.66,45
AXON,2019-06-19,2019-06-20,2019-06-21,2-3%,-2.332,64.5645,65.974,tp_gap_filled,105.5736,6816.31,2.183,148.8,1
EOG,2019-05-23,2019-06-20,2019-06-21,2-3%,-2.002,91.1411,92.8171,tp_gap_filled,75.1224,6846.73,1.839,125.91,1
FANG,2019-05-23,2019-06-20,2019-06-21,2-3%,-2.03,106.7767,108.7711,tp_gap_filled,64.1292,6847.5,1.868,127.9,1
DE,2019-05-06,2019-06-19,2019-06-24,3-5%,-3.391,161.4112,166.7431,tp_gap_filled,41.8389,6753.26,3.303,223.08,3
DRI,2019-06-20,2019-06-21,2019-06-24,2-3%,-2.18,114.9648,117.2926,tp_gap_filled,59.3016,6817.6,2.025,138.04,1
BIIB,2019-03-21,2019-03-26,2019-06-25,10%+,-28.235,230.3001,240.0497,time_exit,27.8682,6418.04,4.233,271.7,63
ABBV,2019-01-25,2019-04-02,2019-06-25,3-5%,-3.924,82.5925,69.3083,stop,79.3617,6554.68,-16.084,-1054.26,58
ANET,2019-06-07,2019-06-10,2019-06-26,2-3%,-2.535,15.6819,16.0577,tp_gap_filled,421.2749,6606.4,2.396,158.3,12
DOW,2019-06-17,2019-06-18,2019-06-26,2-3%,-2.131,50.1101,51.0989,tp_gap_filled,134.5544,6742.53,1.973,133.05,6
PCG,2019-06-21,2019-06-24,2019-06-27,3-5%,-3.479,22.7727,23.5464,tp_gap_filled,297.3971,6772.55,3.397,230.09,3
IP,2019-06-24,2019-06-25,2019-06-28,2-3%,-2.041,40.495,41.2561,tp_gap_filled,164.9896,6681.25,1.879,125.57,3
GLW,2019-04-30,2019-05-01,2019-07-01,5-10%,-7.945,31.081,33.6963,tp_gap_filled,217.1745,6750.01,8.414,567.96,42
AVY,2019-04-24,2019-06-10,2019-07-01,2-3%,-2.776,112.8928,115.884,tp_gap_filled,58.5127,6605.66,2.65,175.02,15
FFIV,2019-05-13,2019-06-11,2019-07-01,2-3%,-2.551,144.9248,148.4214,tp_gap_filled,45.4278,6583.62,2.413,158.85,14
AMD,2019-06-14,2019-06-18,2019-07-01,2-3%,-2.198,30.7307,31.3586,tp_gap_filled,219.5426,6746.7,2.043,137.85,9
LRCX,2019-06-12,2019-06-18,2019-07-01,3-5%,-3.449,18.3553,18.973,tp_gap_filled,366.9649,6735.76,3.365,226.66,9
WAB,2019-05-13,2019-06-20,2019-07-01,2-3%,-2.478,71.3012,72.967,tp_gap_filled,96.0417,6847.89,2.336,159.98,7
NCLH,2019-06-20,2019-06-21,2019-07-01,3-5%,-3.543,52.052,53.8561,tp_gap_filled,131.1636,6827.33,3.466,236.63,6
DVA,2019-05-08,2019-06-25,2019-07-01,3-5%,-4.152,54.3042,56.5434,tp_gap_filled,123.0363,6681.39,4.123,275.5,4
DVN,2019-05-23,2019-06-26,2019-07-01,2-3%,-2.047,28.7387,29.2807,tp_gap_filled,232.8513,6691.85,1.886,126.2,3
GIS,2019-06-26,2019-06-27,2019-07-01,5-10%,-6.164,50.4404,53.6463,tp_gap_filled,134.1094,6764.53,6.356,429.94,2
ACN,2019-06-27,2019-06-28,2019-07-01,2-3%,-2.46,178.9788,183.1267,tp_gap_filled,38.2008,6837.14,2.318,158.45,1
CCL,2019-03-26,2019-04-02,2019-07-02,5-10%,-7.414,52.5025,46.4835,time_exit,124.8693,6555.95,-11.464,-751.59,63
A,2019-05-15,2019-05-16,2019-07-02,10%+,-11.38,67.4274,75.934,tp_gap_filled,97.2231,6555.5,12.616,827.04,32
LYV,2019-06-28,2019-07-01,2019-07-02,2-3%,-2.884,65.065,66.8631,tp_gap_filled,106.0319,6898.97,2.763,190.65,1
CPT,2019-06-21,2019-06-24,2019-07-03,2-3%,-2.573,105.0049,107.5623,tp_gap_filled,64.4785,6770.56,2.436,164.9,7
NEM,2019-07-01,2019-07-02,2019-07-03,2-3%,-2.184,37.6676,38.4315,tp_gap_filled,183.3637,6906.88,2.028,140.07,1
IBKR,2019-07-02,2019-07-03,2019-07-05,2-3%,-2.197,13.1481,13.4166,tp_gap_filled,528.6568,6950.85,2.042,141.91,1
TTD,2019-07-02,2019-07-03,2019-07-05,2-3%,-2.002,22.9319,23.3536,tp_gap_filled,303.3325,6955.99,1.839,127.92,1
WDC,2019-07-02,2019-07-03,2019-07-08,2-3%,-2.679,36.5596,37.4908,tp_gap_filled,190.3894,6960.55,2.547,177.3,2
LITE,2019-05-15,2019-07-01,2019-07-09,2-3%,-2.127,56.1861,49.9557,stop,122.9128,6906.0,-11.089,-765.81,5
NEM,2019-07-05,2019-07-08,2019-07-09,2-3%,-2.296,37.9079,38.7212,tp_gap_filled,181.9643,6897.88,2.146,148.0,1
ADSK,2019-05-23,2019-06-20,2019-07-10,2-3%,-2.31,170.18,173.856,tp_gap_filled,40.0592,6817.28,2.16,147.26,13
LRCX,2019-07-08,2019-07-09,2019-07-10,2-3%,-2.418,17.9379,18.3456,tp_gap_filled,383.914,6886.62,2.273,156.53,1
CRWD,2019-06-21,2019-07-10,2019-07-11,3-5%,-3.193,18.1331,18.6938,tp_gap_filled,379.9412,6889.52,3.092,213.02,1
DVA,2019-07-09,2019-07-10,2019-07-11,5-10%,-5.314,52.6126,55.4545,tp_gap_filled,131.0569,6895.24,5.402,372.45,1
PNR,2019-04-09,2019-04-11,2019-07-12,10%+,-11.357,40.1601,37.922,time_exit,165.5325,6647.8,-5.573,-370.47,63
MSCI,2019-07-08,2019-07-09,2019-07-12,2-3%,-2.278,237.0068,242.0477,tp_gap_filled,29.0766,6891.35,2.127,146.57,3
CRM,2019-06-10,2019-06-11,2019-07-16,3-5%,-4.83,153.6335,161.1087,tp_gap_filled,42.8852,6588.6,4.866,320.58,24
MOS,2019-07-09,2019-07-10,2019-07-16,2-3%,-2.162,23.5535,24.0259,tp_gap_filled,293.1255,6904.14,2.006,138.48,4
FAST,2019-07-11,2019-07-12,2019-07-16,3-5%,-4.416,14.9499,15.6094,tp_gap_filled,467.4701,6988.65,4.411,308.27,2
TAP,2019-07-15,2019-07-16,2019-07-17,2-3%,-2.004,53.3433,54.3256,tp_gap_filled,131.6644,7023.41,1.842,129.34,1
JBHT,2019-04-16,2019-04-17,2019-07-18,5-10%,-5.213,100.1,99.1308,time_exit,66.4208,6648.72,-0.968,-64.38,63
IBM,2019-04-17,2019-04-18,2019-07-18,5-10%,-5.353,131.4602,138.6184,tp_gap_filled,50.5832,6649.68,5.445,362.09,62
ADP,2019-07-02,2019-07-03,2019-07-18,3-5%,-4.033,159.8397,166.2236,tp_gap_filled,43.4479,6944.7,3.994,277.37,10
BX,2019-07-08,2019-07-09,2019-07-18,2-3%,-2.161,46.2362,47.1628,tp_gap_filled,148.8232,6881.02,2.004,137.9,7
KLAC,2019-05-06,2019-07-17,2019-07-18,2-3%,-2.631,12.5215,12.8342,tp_gap_filled,555.9198,6960.95,2.497,173.81,1
FFIV,2019-07-08,2019-07-09,2019-07-19,5-10%,-5.303,139.9698,147.5123,tp_gap_filled,49.169,6882.18,5.389,370.86,8
TER,2019-07-16,2019-07-17,2019-07-19,2-3%,-2.797,45.2252,46.4335,tp_gap_filled,153.9339,6961.69,2.672,186.0,2
UNP,2019-07-17,2019-07-18,2019-07-19,2-3%,-2.369,171.171,174.9748,tp_gap_filled,40.9054,7001.82,2.222,155.6,1
AVGO,2019-07-03,2019-07-05,2019-07-22,3-5%,-3.938,28.3984,29.5035,tp_gap_filled,244.5384,6944.49,3.891,270.24,11
DVA,2019-07-17,2019-07-18,2019-07-22,3-5%,-3.12,55.9559,57.6423,tp_gap_filled,125.0592,6997.8,3.014,210.9,2
IBKR,2019-07-18,2019-07-19,2019-07-22,3-5%,-3.605,11.8443,12.2627,tp_gap_filled,591.522,7006.18,3.532,247.49,1
KMI,2019-07-18,2019-07-19,2019-07-22,2-3%,-2.331,20.1301,20.5694,tp_gap_filled,348.577,7016.89,2.182,153.13,1
DGX,2019-07-15,2019-07-16,2019-07-23,2-3%,-2.505,100.5004,102.877,tp_gap_filled,69.77,7011.92,2.365,165.82,5
STLD,2019-05-13,2019-07-16,2019-07-23,2-3%,-2.314,31.6917,32.3776,tp_gap_filled,221.7434,7027.42,2.164,152.1,5
MGM,2019-07-18,2019-07-19,2019-07-23,2-3%,-2.148,28.2682,28.8311,tp_gap_filled,248.3774,7021.19,1.991,139.81,2
APTV,2019-05-02,2019-05-03,2019-07-24,10%+,-10.318,75.085,83.5564,tp_gap_filled,90.6162,6803.92,11.282,767.64,56
SWK,2019-05-06,2019-06-20,2019-07-24,3-5%,-4.318,146.6165,152.9269,tp_gap_filled,46.7089,6848.29,4.304,294.75,23
FDX,2019-05-17,2019-07-16,2019-07-24,2-3%,-2.168,138.7042,141.4941,tp_gap_filled,50.5693,7014.17,2.011,141.08,6
KEYS,2019-07-22,2019-07-23,2019-07-24,2-3%,-2.104,85.7056,87.3725,tp_gap_filled,82.6128,7080.38,1.945,137.71,1
APH,2019-04-24,2019-04-25,2019-07-25,5-10%,-9.755,11.8994,11.7208,time_exit,561.6575,6683.38,-1.501,-100.32,63
PCAR,2019-07-23,2019-07-24,2019-07-25,3-5%,-3.109,44.718,46.0606,tp_gap_filled,159.4256,7129.2,3.002,214.04,1
UPS,2019-04-25,2019-07-24,2019-07-25,3-5%,-4.23,109.6996,114.3156,tp_gap_filled,65.1519,7147.13,4.208,300.74,1
PANW,2019-05-23,2019-07-17,2019-07-26,2-3%,-2.105,37.2372,37.962,tp_gap_filled,186.9492,6961.46,1.946,135.5,7
META,2019-07-24,2019-07-25,2019-07-26,2-3%,-2.337,197.8276,202.1576,tp_gap_filled,35.9801,7117.86,2.189,155.79,1
STLD,2019-07-24,2019-07-25,2019-07-26,2-3%,-2.368,31.3713,32.0679,tp_gap_filled,227.0507,7122.88,2.22,158.15,1
VTRS,2019-07-10,2019-07-11,2019-07-29,2-3%,-2.65,19.1191,19.6004,tp_gap_filled,361.5104,6911.75,2.517,173.99,12
CCI,2019-07-18,2019-07-19,2019-07-29,3-5%,-4.794,125.4353,131.4884,tp_gap_filled,55.8296,7003.0,4.826,337.94,6
HSY,2019-07-25,2019-07-26,2019-07-29,3-5%,-3.243,142.142,146.6132,tp_gap_filled,50.3715,7159.9,3.146,225.22,1
ARE,2019-06-21,2019-06-24,2019-07-30,2-3%,-2.661,146.0859,149.7801,tp_gap_filled,46.3514,6771.28,2.529,171.23,25
MPWR,2019-05-03,2019-07-18,2019-08-01,5-10%,-6.948,145.4653,156.0138,tp_gap_filled,48.1288,7001.07,7.252,507.69,10
PH,2019-05-06,2019-07-23,2019-08-01,2-3%,-2.419,175.6755,179.6702,tp_gap_filled,40.3476,7088.09,2.274,161.17,7
FTNT,2019-05-03,2019-07-17,2019-08-02,5-10%,-5.967,17.2272,18.2837,tp_gap_filled,404.0027,6959.84,6.133,426.82,12
MS,2019-05-13,2019-07-23,2019-08-05,2-3%,-2.46,45.2452,40.228,stop,156.6762,7088.85,-11.089,-786.08,9
KR,2019-06-20,2019-06-21,2019-08-07,3-5%,-4.907,22.5025,23.6164,tp_gap_filled,303.5213,6829.98,4.95,338.09,32
NVR,2019-07-23,2019-07-25,2019-08-07,2-3%,-2.248,3423.0696,3494.8017,tp_gap_filled,2.0809,7123.1,2.096,149.27,9
CHRW,2019-07-31,2019-08-01,2019-08-08,3-5%,-3.551,81.8418,84.6852,tp_gap_filled,85.7388,7017.01,3.474,243.8,5
ALB,2019-08-05,2019-08-07,2019-08-08,2-3%,-2.155,67.2672,68.6113,tp_gap_filled,102.5877,6900.79,1.998,137.89,1
VRTX,2019-07-05,2019-07-10,2019-08-09,2-3%,-2.079,179.6294,183.0767,tp_gap_filled,38.4097,6899.51,1.919,132.41,22
AMD,2019-07-31,2019-08-08,2019-08-09,5-10%,-5.285,32.1121,33.8361,tp_gap_filled,219.2144,7039.43,5.369,377.94,1
APO,2019-08-07,2019-08-08,2019-08-09,2-3%,-2.435,32.4825,33.2267,tp_gap_filled,217.1216,7052.64,2.291,161.6,1
STX,2019-08-02,2019-08-05,2019-08-13,5-10%,-8.733,42.2622,46.2137,tp_gap_filled,161.0805,6807.62,9.35,636.51,6
EMR,2019-05-07,2019-07-01,2019-08-15,3-5%,-3.778,67.5675,56.6999,stop,102.3046,6912.46,-16.084,-1111.8,32
MTD,2019-07-24,2019-07-25,2019-08-15,3-5%,-4.193,784.784,658.5593,stop,9.0742,7121.32,-16.084,-1145.39,15
BR,2019-08-05,2019-08-07,2019-08-16,2-3%,-2.826,124.2441,127.6023,tp_gap_filled,55.5511,6901.89,2.703,186.55,7
OKE,2019-08-05,2019-08-09,2019-08-19,2-3%,-2.803,69.069,70.919,tp_gap_filled,101.4048,7003.93,2.678,187.6,6
AAPL,2019-08-14,2019-08-15,2019-08-19,2-3%,-2.78,50.8408,52.1903,tp_gap_filled,133.4291,6783.64,2.654,180.06,2
ADI,2019-08-14,2019-08-15,2019-08-19,2-3%,-2.159,110.6906,112.907,tp_gap_filled,61.2684,6781.84,2.002,135.8,2
AMD,2019-08-14,2019-08-16,2019-08-19,3-5%,-3.457,31.031,32.0779,tp_gap_filled,221.9907,6888.59,3.374,232.4,1
APO,2019-08-14,2019-08-19,2019-08-20,2-3%,-2.084,32.9229,33.5564,tp_gap_filled,212.2853,6989.04,1.924,134.49,1
AMAT,2019-08-16,2019-08-19,2019-08-21,2-3%,-2.545,46.006,47.1128,tp_gap_filled,151.7957,6983.51,2.406,168.02,2
EXPD,2019-05-07,2019-07-01,2019-08-23,2-3%,-2.045,77.1771,68.6189,stop,89.5284,6909.54,-11.089,-766.2,38
PHM,2019-07-23,2019-07-30,2019-08-23,3-5%,-4.122,32.1321,33.4465,tp_gap_filled,222.8343,7160.13,4.091,292.9,18
LOW,2019-05-22,2019-06-18,2019-08-29,5-10%,-8.866,101.3512,110.9889,tp_gap_filled,66.5042,6740.29,9.509,640.94,51
CHTR,2019-07-26,2019-07-29,2019-08-29,5-10%,-6.289,380.38,405.0945,tp_gap_filled,18.8146,7156.69,6.497,464.99,23
DE,2019-08-23,2019-08-26,2019-08-29,2-3%,-2.813,151.151,155.2146,tp_gap_filled,45.6537,6900.6,2.688,185.52,3
CNC,2019-06-03,2019-06-04,2019-09-03,5-10%,-7.359,53.5535,46.0939,time_exit,118.9758,6371.57,-13.929,-887.52,63
DVN,2019-08-23,2019-08-29,2019-09-04,2-3%,-2.171,22.5525,23.007,tp_gap_filled,309.2795,6975.04,2.015,140.55,3
C,2019-08-12,2019-08-13,2019-09-05,2-3%,-2.18,64.6746,65.984,tp_gap_filled,108.2074,6998.27,2.025,141.68,16
ECHO,2019-08-08,2019-08-29,2019-09-05,3-5%,-3.455,33.7777,34.9164,tp_gap_filled,206.4946,6974.91,3.371,235.15,4
BA,2019-09-03,2019-09-04,2019-09-05,2-3%,-2.741,354.4641,363.7259,tp_gap_filled,19.8264,7027.73,2.613,183.63,1
SJM,2019-06-06,2019-06-07,2019-09-06,3-5%,-4.263,120.0399,105.1048,time_exit,54.5796,6551.74,-12.442,-815.15,63
GEN,2019-07-15,2019-07-16,2019-09-06,10%+,-13.962,22.022,25.5444,tp_gap_filled,318.363,7010.99,15.995,1121.41,37
ADSK,2019-08-28,2019-08-29,2019-09-06,10%+,-12.503,131.5614,150.0598,tp_gap_filled,52.8691,6955.53,14.061,977.99,5
BKR,2019-08-14,2019-09-05,2019-09-06,2-3%,-2.715,22.9529,23.5464,tp_gap_filled,310.6023,7129.23,2.586,184.34,1
GRMN,2019-05-01,2019-06-20,2019-09-09,3-5%,-4.362,82.082,85.6543,tp_gap_filled,83.4439,6849.24,4.352,298.08,55
BNY,2019-08-14,2019-08-19,2019-09-09,2-3%,-2.107,42.7928,43.6263,tp_gap_filled,163.3474,6990.08,1.948,136.16,14
HAS,2019-08-23,2019-08-26,2019-09-09,5-10%,-6.471,107.0569,114.2356,tp_gap_filled,64.4524,6900.08,6.705,462.68,9
CRH,2019-05-07,2019-06-11,2019-09-10,3-5%,-3.34,33.023,33.956,time_exit,199.6653,6593.55,2.825,186.29,63
APA,2019-08-01,2019-08-02,2019-09-10,5-10%,-5.528,23.0931,24.3956,tp_gap_filled,302.377,6982.81,5.64,393.85,26
ADM,2019-08-05,2019-09-05,2019-09-10,2-3%,-2.645,39.049,40.0299,tp_gap_filled,182.6368,7131.78,2.512,179.15,3
FCX,2019-08-14,2019-09-05,2019-09-10,3-5%,-3.539,9.5495,9.8801,tp_gap_filled,747.1674,7135.1,3.462,246.99,3
EQT,2019-09-06,2019-09-09,2019-09-10,2-3%,-2.385,10.6506,10.8891,tp_gap_filled,681.185,7255.06,2.239,162.43,1
PNC,2019-08-05,2019-09-09,2019-09-10,2-3%,-2.073,135.2351,137.822,tp_gap_filled,53.8323,7280.02,1.913,139.26,1
WMB,2019-08-05,2019-09-09,2019-09-10,2-3%,-2.519,24.4044,24.985,tp_gap_filled,298.3854,7281.91,2.379,173.25,1
WSM,2019-08-29,2019-09-09,2019-09-10,3-5%,-3.329,33.2782,34.3556,tp_gap_filled,218.9014,7284.65,3.237,235.84,1
LUV,2019-07-25,2019-07-26,2019-09-11,2-3%,-2.54,53.3833,54.6653,tp_gap_filled,134.4633,7178.1,2.401,172.38,32
ITW,2019-07-26,2019-07-29,2019-09-11,2-3%,-2.295,155.155,158.4814,tp_gap_filled,46.2329,7173.26,2.144,153.79,31
BEN,2019-08-14,2019-08-19,2019-09-11,2-3%,-2.699,27.7878,28.5015,tp_gap_filled,251.7029,6994.26,2.568,179.64,16
BAC,2019-08-05,2019-09-09,2019-09-11,2-3%,-2.893,28.5585,29.3506,tp_gap_filled,254.0205,7254.45,2.774,201.21,2
FOXA,2019-09-09,2019-09-10,2019-09-11,2-3%,-2.454,33.4234,34.1958,tp_gap_filled,219.6379,7341.04,2.311,169.64,1
PWR,2019-08-01,2019-09-10,2019-09-11,2-3%,-2.031,36.6967,37.3826,tp_gap_filled,200.2215,7347.46,1.869,137.34,1
LLY,2019-09-10,2019-09-11,2019-09-12,2-3%,-2.431,108.4784,110.9589,tp_gap_filled,68.2161,7399.97,2.287,169.21,1
TTD,2019-09-10,2019-09-11,2019-09-12,2-3%,-2.509,20.8518,21.3456,tp_gap_filled,355.2337,7407.27,2.368,175.42,1
URI,2019-07-18,2019-07-24,2019-09-13,5-10%,-6.077,123.6235,131.3585,tp_gap_filled,57.8961,7157.32,6.257,447.83,36
WAB,2019-08-08,2019-09-11,2019-09-13,2-3%,-2.735,73.3232,75.2347,tp_gap_filled,101.0737,7411.05,2.607,193.2,2
CIEN,2019-09-05,2019-09-06,2019-09-16,5-10%,-6.165,38.6987,41.1588,tp_gap_filled,184.8427,7153.16,6.357,454.74,6
APA,2019-09-12,2019-09-13,2019-09-16,2-3%,-2.293,23.4634,23.966,tp_gap_filled,317.6125,7452.28,2.142,159.62,1
COP,2019-09-12,2019-09-13,2019-09-16,2-3%,-2.115,56.046,57.1428,tp_gap_filled,133.1328,7461.56,1.957,146.02,1
DVN,2019-09-12,2019-09-13,2019-09-16,3-5%,-3.364,24.1541,24.945,tp_gap_filled,309.1523,7467.3,3.274,244.51,1
EOG,2019-09-12,2019-09-13,2019-09-16,2-3%,-2.234,79.2992,80.949,tp_gap_filled,94.2852,7476.74,2.08,155.55,1
FANG,2019-09-12,2019-09-13,2019-09-16,2-3%,-2.259,96.5865,98.6213,tp_gap_filled,77.4128,7477.03,2.107,157.52,1
HAL,2019-09-12,2019-09-13,2019-09-16,2-3%,-2.943,19.4795,20.0299,tp_gap_filled,383.8607,7477.4,2.826,211.31,1
LYB,2019-09-12,2019-09-13,2019-09-16,2-3%,-2.52,83.6336,85.6243,tp_gap_filled,89.577,7491.64,2.38,178.32,1
SLB,2019-09-12,2019-09-13,2019-09-16,2-3%,-2.117,36.5665,37.2827,tp_gap_filled,205.0112,7496.55,1.958,146.82,1
WMB,2019-09-12,2019-09-13,2019-09-16,2-3%,-2.204,24.4344,24.935,tp_gap_filled,307.0165,7501.77,2.049,153.7,1
NEE,2019-09-05,2019-09-06,2019-09-18,2-3%,-2.204,54.8498,55.974,tp_gap_filled,130.506,7158.22,2.05,146.71,8
LUV,2019-09-16,2019-09-17,2019-09-18,2-3%,-2.509,54.4444,55.7342,tp_gap_filled,138.0722,7517.26,2.369,178.09,1
C,2019-09-16,2019-09-17,2019-09-19,2-3%,-2.032,69.029,70.3196,tp_gap_filled,108.7242,7505.12,1.87,140.32,2
TJX,2019-09-16,2019-09-17,2019-09-19,2-3%,-2.386,55.2852,56.5234,tp_gap_filled,136.2195,7530.93,2.24,168.67,2
BNY,2019-09-17,2019-09-18,2019-09-19,2-3%,-2.824,45.4754,46.7032,tp_gap_filled,165.636,7532.37,2.7,203.37,1
IBKR,2019-09-18,2019-09-19,2019-09-20,2-3%,-2.693,12.6601,12.9845,tp_gap_filled,596.0538,7546.13,2.562,193.33,1
BKR,2019-09-11,2019-09-16,2019-09-23,3-5%,-3.567,23.2732,24.0859,tp_gap_filled,322.9735,7516.64,3.492,262.46,5
ELV,2019-07-24,2019-07-25,2019-09-24,3-5%,-3.011,293.7735,246.523,stop,24.2286,7117.72,-16.084,-1144.81,42
PGR,2019-09-13,2019-09-16,2019-09-24,3-5%,-4.508,73.5835,76.903,tp_gap_filled,102.2297,7522.42,4.511,339.35,6
ABBV,2019-06-25,2019-06-27,2019-09-26,10%+,-10.172,70.5405,73.956,time_exit,95.9202,6766.26,4.842,327.62,63
ADBE,2019-09-18,2019-09-19,2019-09-26,3-5%,-3.281,275.6254,284.4053,tp_gap_filled,27.3596,7540.99,3.185,240.22,5
IBKR,2019-09-23,2019-09-24,2019-09-26,3-5%,-3.394,12.6076,13.0245,tp_gap_filled,587.0063,7400.74,3.306,244.7,2
TXT,2019-07-17,2019-09-16,2019-10-02,2-3%,-2.832,52.5525,46.725,stop,143.1292,7521.8,-11.089,-834.09,12
COHR,2019-09-23,2019-09-24,2019-10-02,3-5%,-3.125,37.8578,31.7688,stop,195.8117,7413.0,-16.084,-1192.31,6
FCX,2019-09-23,2019-09-24,2019-10-02,2-3%,-2.579,10.2102,9.078,stop,725.3118,7405.58,-11.089,-821.2,6
CCL,2019-09-16,2019-09-17,2019-10-03,3-5%,-3.066,49.049,41.16,stop,153.046,7506.75,-16.084,-1207.39,12
DDOG,2019-10-02,2019-10-03,2019-10-04,2-3%,-2.285,31.6816,32.3576,tp_gap_filled,224.4581,7111.2,2.134,151.72,1
GEN,2019-10-02,2019-10-03,2019-10-04,2-3%,-2.127,23.033,23.4865,tp_gap_filled,309.1321,7120.24,1.969,140.19,1
FERG,2019-09-17,2019-09-18,2019-10-07,2-3%,-2.163,75.1751,76.6832,tp_gap_filled,100.3096,7540.78,2.006,151.28,13
PODD,2019-10-03,2019-10-04,2019-10-07,3-5%,-4.463,150.4403,157.1527,tp_gap_filled,47.9583,7214.85,4.462,321.92,1
GM,2019-09-16,2019-09-17,2019-10-08,2-3%,-2.29,38.008,33.7933,stop,197.6931,7513.91,-11.089,-833.22,15
TSLA,2019-10-03,2019-10-04,2019-10-08,3-5%,-4.635,15.4728,16.1925,tp_gap_filled,466.8262,7223.1,4.651,335.96,2
INCY,2019-10-07,2019-10-08,2019-10-09,2-3%,-2.484,73.083,74.7951,tp_gap_filled,97.5302,7127.8,2.343,166.98,1
CFG,2019-10-08,2019-10-09,2019-10-10,2-3%,-2.711,33.053,33.9061,tp_gap_filled,216.9068,7169.43,2.581,185.03,1
CRH,2019-10-08,2019-10-09,2019-10-10,2-3%,-2.383,31.982,32.6973,tp_gap_filled,224.1568,7168.97,2.237,160.34,1
NKE,2019-10-08,2019-10-09,2019-10-10,2-3%,-2.919,90.5404,93.0768,tp_gap_filled,79.2993,7179.8,2.801,201.13,1
ORCL,2019-09-12,2019-09-13,2019-10-11,3-5%,-3.464,54.3943,56.2337,tp_gap_filled,137.873,7499.51,3.382,253.6,20
AVGO,2019-09-25,2019-09-26,2019-10-11,3-5%,-3.741,27.2022,28.2028,tp_gap_filled,272.8381,7421.79,3.678,273.0,11
UAL,2019-10-02,2019-10-08,2019-10-11,2-3%,-2.095,86.086,87.7522,tp_gap_filled,82.8499,7132.21,1.935,138.04,3
JBHT,2019-10-08,2019-10-09,2019-10-11,2-3%,-2.96,105.0149,108.0019,tp_gap_filled,68.3052,7173.07,2.844,204.03,2
MTD,2019-10-08,2019-10-09,2019-10-11,3-5%,-3.146,661.0604,681.1681,tp_gap_filled,10.8543,7175.38,3.042,218.26,2
RF,2019-10-08,2019-10-10,2019-10-11,2-3%,-2.016,15.0851,15.3646,tp_gap_filled,476.6204,7189.85,1.853,133.24,1
MPWR,2019-10-09,2019-10-10,2019-10-14,5-10%,-6.255,133.0729,141.6682,tp_gap_filled,53.976,7182.75,6.459,463.94,2
NTAP,2019-10-10,2019-10-11,2019-10-14,3-5%,-4.536,49.089,51.3186,tp_gap_filled,149.0065,7314.59,4.542,332.22,1
ODFL,2019-09-27,2019-09-30,2019-10-15,2-3%,-2.527,56.76,58.1152,tp_gap_filled,130.062,7382.32,2.387,176.25,11
DVN,2019-10-14,2019-10-15,2019-10-16,2-3%,-2.07,20.8408,21.2387,tp_gap_filled,353.5862,7369.03,1.909,140.7,1
FCX,2019-10-14,2019-10-15,2019-10-16,3-5%,-3.665,9.2092,9.5405,tp_gap_filled,800.6589,7373.43,3.597,265.22,1
DPZ,2019-07-16,2019-07-19,2019-10-17,5-10%,-5.787,254.5543,256.1936,time_exit,27.5112,7003.09,0.644,45.1,63
NFLX,2019-07-18,2019-07-19,2019-10-17,10%+,-10.672,32.4084,29.3057,time_exit,216.7296,7023.85,-9.574,-672.45,63
MO,2019-09-13,2019-10-10,2019-10-18,2-3%,-2.294,43.4834,44.4155,tp_gap_filled,165.2474,7185.52,2.144,154.03,6
BBY,2019-08-14,2019-08-21,2019-10-21,3-5%,-3.914,68.5685,71.2187,tp_gap_filled,102.4507,7024.89,3.865,271.52,42
RVTY,2019-10-08,2019-10-11,2019-10-21,2-3%,-2.11,82.6526,84.2656,tp_gap_filled,88.6423,7326.51,1.952,142.99,6
FAST,2019-10-14,2019-10-15,2019-10-21,2-3%,-2.724,17.6927,18.1518,tp_gap_filled,416.5876,7370.55,2.595,191.28,4
INTC,2019-04-26,2019-07-24,2019-10-22,5-10%,-8.453,52.7927,51.958,time_exit,134.8904,7121.24,-1.581,-112.6,63
MCHP,2019-05-06,2019-07-24,2019-10-22,3-5%,-3.99,48.4134,48.1368,time_exit,147.1042,7121.81,-0.571,-40.68,63
CDNS,2019-10-16,2019-10-17,2019-10-22,2-3%,-2.129,66.2562,67.5624,tp_gap_filled,111.9366,7416.49,1.971,146.21,3
CAT,2019-07-24,2019-07-25,2019-10-23,5-10%,-5.156,131.111,135.2047,time_exit,54.2381,7111.21,3.122,222.03,63
IRM,2019-09-13,2019-10-18,2019-10-23,2-3%,-2.05,33.4734,34.1059,tp_gap_filled,220.9718,7396.69,1.889,139.75,3
BA,2019-10-21,2019-10-22,2019-10-23,3-5%,-3.23,333.2229,343.656,tp_gap_filled,22.3286,7440.42,3.131,232.96,1
ALLE,2019-07-25,2019-07-26,2019-10-24,5-10%,-5.738,102.112,108.1118,tp_gap_filled,70.0461,7152.55,5.876,420.26,63
NUE,2019-09-16,2019-09-17,2019-10-24,2-3%,-2.425,52.3523,53.5464,tp_gap_filled,143.7028,7523.17,2.281,171.6,27
LMT,2019-10-22,2019-10-23,2019-10-24,2-3%,-2.954,363.363,373.6759,tp_gap_filled,20.5343,7461.42,2.838,211.77,1
FTV,2019-07-26,2019-07-29,2019-10-25,5-10%,-9.303,46.8318,43.0654,time_exit,152.9946,7165.01,-8.042,-576.23,63
PCG,2019-08-19,2019-08-20,2019-10-25,10%+,-26.821,10.4604,6.5835,stop,662.8394,6933.6,-37.063,-2569.8,47
SW,2019-10-17,2019-10-21,2019-10-25,3-5%,-3.474,31.4314,32.4975,tp_gap_filled,237.5143,7465.41,3.392,253.21,4
TXT,2019-10-22,2019-10-23,2019-10-25,2-3%,-2.012,46.3063,47.1628,tp_gap_filled,161.3022,7469.3,1.85,138.16,2
CSGP,2019-10-23,2019-10-24,2019-10-25,5-10%,-7.095,53.2532,57.2057,tp_gap_filled,140.1072,7461.16,7.422,553.78,1
ELV,2019-10-23,2019-10-24,2019-10-25,2-3%,-2.909,252.9327,259.9898,tp_gap_filled,29.5666,7478.36,2.79,208.65,1
GWW,2019-10-23,2019-10-24,2019-10-25,3-5%,-3.691,307.7074,318.8608,tp_gap_filled,24.3245,7484.82,3.625,271.3,1
MU,2019-09-27,2019-10-15,2019-10-28,5-10%,-5.556,45.9459,48.5514,tp_gap_filled,160.6612,7381.72,5.671,418.6,9
CRM,2019-10-16,2019-10-17,2019-10-28,3-5%,-3.588,147.4073,152.5873,tp_gap_filled,50.3064,7415.53,3.514,260.59,7
NFLX,2019-10-22,2019-10-23,2019-10-28,2-3%,-2.478,27.1431,27.7772,tp_gap_filled,275.2251,7470.47,2.336,174.51,3
MMM,2019-10-24,2019-10-25,2019-10-28,2-3%,-2.133,138.2317,140.9626,tp_gap_filled,54.3102,7507.39,1.976,148.31,1
AMGN,2019-09-09,2019-10-11,2019-10-29,2-3%,-2.503,202.7325,207.5223,tp_gap_filled,36.1006,7318.76,2.363,172.91,12
MRK,2019-10-22,2019-10-23,2019-10-29,2-3%,-2.982,78.3225,80.5682,tp_gap_filled,95.3503,7468.08,2.867,214.13,4
SWK,2019-10-24,2019-10-25,2019-10-29,2-3%,-2.33,150.2001,153.4764,tp_gap_filled,49.9903,7508.55,2.181,163.78,2
BEN,2019-10-25,2019-10-28,2019-10-29,2-3%,-2.594,27.4374,28.1119,tp_gap_filled,275.8026,7567.31,2.458,186.01,1
CRL,2019-07-31,2019-08-01,2019-10-30,3-5%,-3.579,136.1961,132.4274,time_exit,51.5038,7014.61,-2.767,-194.1,63
RCL,2019-09-16,2019-09-17,2019-10-30,2-3%,-2.386,112.2021,114.7152,tp_gap_filled,67.0817,7526.71,2.24,168.58,31
ADI,2019-10-23,2019-10-28,2019-10-30,3-5%,-3.048,107.6075,110.7691,tp_gap_filled,70.1895,7552.91,2.938,221.91,2
AMZN,2019-10-25,2019-10-28,2019-10-30,3-5%,-4.674,84.9624,88.95,tp_gap_filled,88.9308,7555.77,4.693,354.62,2
KHC,2019-08-08,2019-08-09,2019-10-31,10%+,-13.411,26.7567,30.8391,tp_gap_filled,261.1697,6988.05,15.257,1066.2,58
ECL,2019-10-29,2019-10-30,2019-10-31,2-3%,-2.667,186.6665,191.3984,tp_gap_filled,40.7911,7614.34,2.535,193.02,1
EME,2019-10-29,2019-10-30,2019-10-31,3-5%,-3.756,86.4464,89.6403,tp_gap_filled,88.1924,7623.91,3.695,281.68,1
GE,2019-08-05,2019-10-30,2019-10-31,2-3%,-2.1,48.8435,49.7915,tp_gap_filled,156.4861,7643.33,1.941,148.35,1
KKR,2019-10-29,2019-10-30,2019-10-31,3-5%,-4.286,27.4975,28.6713,tp_gap_filled,278.2161,7650.24,4.269,326.58,1
ARES,2019-09-19,2019-09-20,2019-11-01,3-5%,-4.668,29.4394,30.8192,tp_gap_filled,254.8614,7502.97,4.687,351.64,30
ADBE,2019-10-16,2019-10-17,2019-11-01,3-5%,-3.279,270.5002,279.1106,tp_gap_filled,27.4219,7417.64,3.183,236.11,11
ADP,2019-10-30,2019-10-31,2019-11-01,2-3%,-2.475,158.9588,162.6672,tp_gap_filled,48.0137,7632.2,2.333,178.05,1
MDLZ,2019-10-30,2019-10-31,2019-11-01,2-3%,-2.006,51.8218,52.7772,tp_gap_filled,147.4686,7642.08,1.844,140.89,1
IVZ,2019-09-12,2019-09-13,2019-11-04,2-3%,-2.675,17.1171,17.5524,tp_gap_filled,437.4289,7487.51,2.543,190.43,36
UPS,2019-09-18,2019-09-19,2019-11-04,2-3%,-2.672,119.2391,122.2676,tp_gap_filled,63.3323,7551.69,2.54,191.8,32
EIX,2019-10-28,2019-10-29,2019-11-04,3-5%,-4.118,63.3933,65.984,tp_gap_filled,119.8848,7599.9,4.087,310.58,4
CF,2019-10-31,2019-11-01,2019-11-04,2-3%,-2.211,46.046,46.993,tp_gap_filled,167.3383,7705.26,2.057,158.46,1
GNRC,2019-10-31,2019-11-01,2019-11-04,3-5%,-3.108,89.8798,92.5773,tp_gap_filled,85.706,7703.24,3.001,231.2,1
HBAN,2019-09-16,2019-09-17,2019-11-05,2-3%,-2.034,14.4644,14.7352,tp_gap_filled,519.6031,7515.77,1.872,140.71,35
GILD,2019-10-25,2019-10-28,2019-11-05,3-5%,-4.545,63.063,65.934,tp_gap_filled,120.0775,7572.45,4.553,344.74,6
AOS,2019-10-29,2019-10-30,2019-11-05,3-5%,-3.603,49.5495,51.2986,tp_gap_filled,153.5921,7610.41,3.53,268.66,4
CMI,2019-10-29,2019-10-30,2019-11-05,2-3%,-2.994,174.8146,179.85,tp_gap_filled,43.5585,7614.66,2.88,219.33,4
GLW,2019-10-30,2019-10-31,2019-11-05,3-5%,-3.933,29.0991,30.2297,tp_gap_filled,262.4633,7637.44,3.886,296.76,3
BG,2019-10-30,2019-11-04,2019-11-05,2-3%,-2.047,55.095,56.1338,tp_gap_filled,140.4169,7736.27,1.885,145.86,1
STX,2019-11-01,2019-11-04,2019-11-05,3-5%,-4.36,55.5555,57.972,tp_gap_filled,139.3512,7741.72,4.35,336.74,1
MNST,2019-08-08,2019-08-09,2019-11-07,5-10%,-9.091,13.7387,14.1458,time_exit,508.476,6985.81,2.963,207.01,63
NCLH,2019-09-26,2019-09-27,2019-11-07,2-3%,-2.683,51.9219,53.2467,tp_gap_filled,142.0611,7376.08,2.552,188.21,29
DXCM,2019-10-15,2019-10-16,2019-11-07,2-3%,-2.61,39.039,40.005,tp_gap_filled,188.5691,7361.55,2.474,182.15,16
TSLA,2019-10-29,2019-11-04,2019-11-07,2-3%,-2.356,21.354,21.8255,tp_gap_filled,363.0913,7753.45,2.208,171.19,3
TPR,2019-11-05,2019-11-06,2019-11-07,2-3%,-2.3,25.9359,26.4935,tp_gap_filled,299.1381,7758.42,2.15,166.79,1
PRU,2019-11-05,2019-11-06,2019-11-08,3-5%,-3.704,91.091,94.4055,tp_gap_filled,85.1891,7759.96,3.639,282.36,2
CPAY,2019-11-07,2019-11-08,2019-11-11,2-3%,-2.013,288.4381,293.7759,tp_gap_filled,26.9573,7775.52,1.851,143.89,1
SMCI,2019-11-07,2019-11-08,2019-11-11,3-5%,-3.333,2.003,2.0679,tp_gap_filled,3889.701,7791.07,3.242,252.55,1
CVNA,2019-11-07,2019-11-08,2019-11-12,5-10%,-6.259,14.8408,15.8002,tp_gap_filled,524.2314,7780.03,6.464,502.93,2
TTD,2019-11-08,2019-11-11,2019-11-12,2-3%,-2.132,18.8829,19.2557,tp_gap_filled,413.6096,7810.13,1.975,154.22,1
ALB,2019-08-09,2019-11-07,2019-11-13,2-3%,-2.164,71.9719,63.9909,stop,108.2359,7789.94,-11.089,-863.83,4
MTD,2019-11-08,2019-11-11,2019-11-13,5-10%,-5.662,680.68,720.0892,tp_gap_filled,11.4619,7801.88,5.79,451.7,2
LITE,2019-11-11,2019-11-12,2019-11-13,3-5%,-3.051,64.5645,66.4635,tp_gap_filled,121.1976,7825.06,2.941,230.15,1
VMC,2019-11-06,2019-11-07,2019-11-14,5-10%,-5.339,133.6335,140.889,tp_gap_filled,58.2726,7787.18,5.429,422.8,5
UHS,2019-10-25,2019-10-28,2019-11-15,3-5%,-4.665,138.0879,144.5553,tp_gap_filled,54.9271,7584.77,4.684,355.23,14
ALB,2019-11-13,2019-11-14,2019-11-15,2-3%,-2.435,63.7837,65.2447,tp_gap_filled,122.8879,7838.25,2.291,179.54,1
CTAS,2019-11-13,2019-11-14,2019-11-15,2-3%,-2.507,63.1531,64.6478,tp_gap_filled,124.229,7845.44,2.367,185.68,1
EL,2019-10-31,2019-11-01,2019-11-18,3-5%,-3.591,186.5163,193.0767,tp_gap_filled,41.3002,7703.15,3.517,270.95,11
MCK,2019-10-30,2019-11-05,2019-11-18,3-5%,-4.665,142.5724,149.2506,tp_gap_filled,54.4262,7759.67,4.684,363.47,9
MOS,2019-11-06,2019-11-07,2019-11-19,2-3%,-2.494,21.1311,18.7879,stop,368.7447,7791.98,-11.089,-864.05,8
HSY,2019-10-24,2019-10-25,2019-11-20,2-3%,-2.745,145.7456,149.5603,tp_gap_filled,51.539,7511.58,2.617,196.61,18
JNJ,2019-10-18,2019-10-30,2019-11-20,2-3%,-2.1,133.4433,136.0338,tp_gap_filled,57.3381,7651.39,1.941,148.54,15
BR,2019-11-06,2019-11-07,2019-11-20,3-5%,-3.995,118.5885,123.2766,tp_gap_filled,65.6712,7787.84,3.953,307.88,9
TDG,2019-11-19,2019-11-20,2019-11-21,3-5%,-3.328,549.3388,567.1123,tp_gap_filled,14.2959,7853.3,3.235,254.09,1
DVN,2019-11-11,2019-11-12,2019-11-22,2-3%,-2.008,22.4725,22.8871,tp_gap_filled,348.396,7829.31,1.845,144.46,8
HSIC,2019-11-20,2019-11-21,2019-11-22,3-5%,-3.036,67.4574,69.4305,tp_gap_filled,116.2789,7843.87,2.925,229.43,1
FCX,2019-11-11,2019-11-12,2019-11-25,3-5%,-3.125,11.1712,11.5085,tp_gap_filled,700.744,7828.12,3.02,236.38,9
ROST,2019-10-21,2019-10-22,2019-11-26,2-3%,-2.313,111.6015,114.0159,tp_gap_filled,66.6947,7443.23,2.163,161.03,25
CTSH,2019-11-22,2019-11-25,2019-11-26,2-3%,-2.224,62.052,63.3366,tp_gap_filled,128.9072,7998.95,2.07,165.6,1
WAT,2019-10-08,2019-10-11,2019-11-27,3-5%,-3.982,214.7946,223.2565,tp_gap_filled,34.1004,7324.58,3.94,288.56,33
LYV,2019-11-01,2019-11-19,2019-11-27,3-5%,-3.546,68.068,70.4295,tp_gap_filled,115.7592,7879.5,3.469,273.37,6
BDX,2019-11-05,2019-11-26,2019-11-27,2-3%,-2.202,195.747,199.754,tp_gap_filled,41.0433,8034.11,2.047,164.46,1
A,2019-11-26,2019-11-27,2019-11-29,2-3%,-2.106,78.6486,80.1797,tp_gap_filled,102.8567,8089.54,1.947,157.49,1
ADI,2019-11-26,2019-11-27,2019-11-29,3-5%,-3.817,108.7286,112.8171,tp_gap_filled,74.4778,8097.87,3.76,304.5,1
COO,2019-08-30,2019-09-03,2019-12-02,5-10%,-7.541,76.0285,77.8671,time_exit,91.2732,6939.36,2.418,167.82,63
PCG,2019-11-06,2019-11-18,2019-12-02,3-5%,-4.375,7.6577,7.992,tp_gap_filled,1027.2744,7866.51,4.366,343.47,9
T,2019-11-20,2019-11-21,2019-12-04,2-3%,-2.395,28.0416,28.6722,tp_gap_filled,279.8585,7847.68,2.249,176.48,8
BIIB,2019-12-02,2019-12-03,2019-12-05,2-3%,-2.488,292.6424,299.5102,tp_gap_filled,27.119,7936.18,2.347,186.25,2
AAPL,2019-12-03,2019-12-04,2019-12-05,2-3%,-2.215,64.6421,65.974,tp_gap_filled,123.2312,7965.92,2.06,164.13,1
SWKS,2019-11-13,2019-11-14,2019-12-06,5-10%,-5.896,95.6956,101.4884,tp_gap_filled,82.0532,7852.13,6.053,475.32,15
LRCX,2019-11-21,2019-11-22,2019-12-11,3-5%,-3.068,26.5986,27.3856,tp_gap_filled,297.3135,7908.12,2.959,233.99,12
CRH,2019-11-29,2019-12-02,2019-12-11,2-3%,-2.284,38.1181,38.931,tp_gap_filled,209.4512,7983.88,2.133,170.27,7
CIEN,2019-10-01,2019-10-11,2019-12-12,3-5%,-3.008,38.088,39.1908,tp_gap_filled,192.0926,7316.43,2.895,211.82,43
NWS,2019-11-08,2019-11-11,2019-12-12,3-5%,-3.481,13.3233,13.7762,tp_gap_filled,586.1469,7809.42,3.399,265.47,22
AMAT,2019-11-21,2019-11-22,2019-12-12,5-10%,-5.046,56.6966,59.5904,tp_gap_filled,139.5433,7911.64,5.104,403.8,13
MCHP,2019-11-06,2019-12-05,2019-12-12,2-3%,-2.519,48.7987,49.96,tp_gap_filled,163.3303,7970.32,2.38,189.67,5
FFIV,2019-12-05,2019-12-06,2019-12-12,3-5%,-4.276,137.5774,143.4364,tp_gap_filled,58.3343,8025.49,4.259,341.78,4
HPQ,2019-12-10,2019-12-11,2019-12-12,2-3%,-2.443,19.99,20.4495,tp_gap_filled,402.6812,8049.59,2.299,185.06,1
FSLR,2019-10-25,2019-10-28,2019-12-13,3-5%,-3.382,54.054,55.8341,tp_gap_filled,140.1608,7576.25,3.293,249.5,33
APA,2019-12-02,2019-12-06,2019-12-13,10%+,-10.233,20.02,22.2577,tp_gap_filled,400.8937,8025.89,11.177,897.09,5
MRVL,2019-12-03,2019-12-12,2019-12-13,3-5%,-3.371,24.9649,25.7842,tp_gap_filled,326.1904,8143.32,3.282,267.23,1
SMCI,2019-12-11,2019-12-12,2019-12-13,5-10%,-6.318,2.0631,2.1978,tp_gap_filled,3950.71,8150.56,6.531,532.31,1
DAL,2019-09-16,2019-09-17,2019-12-16,3-5%,-3.299,58.088,58.3616,time_exit,129.2588,7508.39,0.471,35.36,63
CTVA,2019-10-31,2019-11-01,2019-12-16,3-5%,-3.566,26.5265,27.4525,tp_gap_filled,290.5211,7706.51,3.491,269.03,30
CF,2019-11-14,2019-11-15,2019-12-16,2-3%,-2.135,45.8858,46.7932,tp_gap_filled,172.311,7906.64,1.977,156.34,20
ADSK,2019-12-12,2019-12-13,2019-12-16,2-3%,-2.16,175.9358,179.4604,tp_gap_filled,46.524,8185.23,2.003,163.98,1
HST,2019-12-12,2019-12-13,2019-12-16,2-3%,-2.233,17.5275,17.8921,tp_gap_filled,467.4427,8193.11,2.08,170.42,1
WST,2019-12-12,2019-12-13,2019-12-16,2-3%,-2.236,143.5334,146.5233,tp_gap_filled,57.1274,8199.69,2.083,170.81,1
CMG,2019-10-23,2019-11-26,2019-12-17,2-3%,-2.003,16.3047,16.6048,tp_gap_filled,492.7485,8034.11,1.841,147.87,14
CNP,2019-11-15,2019-12-13,2019-12-17,3-5%,-3.784,25.7057,26.6633,tp_gap_filled,318.6307,8190.62,3.725,305.13,2
AVGO,2019-12-13,2019-12-16,2019-12-18,2-3%,-2.971,31.8378,32.7472,tp_gap_filled,259.0226,8246.71,2.856,235.56,2
PCG,2019-12-16,2019-12-17,2019-12-18,10%+,-20.907,8.8989,11.2288,tp_gap_filled,928.0971,8259.03,26.182,2162.34,1
BKNG,2019-11-07,2019-11-08,2019-12-19,3-5%,-3.473,77.7657,80.4031,tp_gap_filled,100.098,7784.19,3.391,264.0,28
CHD,2019-12-10,2019-12-11,2019-12-20,2-3%,-2.175,68.8888,70.2796,tp_gap_filled,116.82,8047.59,2.019,162.48,7
DDOG,2019-12-17,2019-12-18,2019-12-20,2-3%,-2.398,37.8979,38.7512,tp_gap_filled,220.2614,8347.43,2.252,187.96,2
WDC,2019-10-31,2019-12-16,2019-12-23,5-10%,-7.802,43.3615,46.9371,tp_gap_filled,190.2349,8248.88,8.246,680.21,5
REGN,2019-12-16,2019-12-17,2019-12-23,2-3%,-2.279,368.2078,376.0436,tp_gap_filled,22.5993,8321.25,2.128,177.08,4
TFC,2019-12-20,2019-12-23,2019-12-24,3-5%,-3.295,54.3443,56.0839,tp_gap_filled,155.9235,8473.55,3.201,271.24,1
LULU,2019-12-12,2019-12-16,2019-12-26,3-5%,-3.062,226.2761,232.9568,tp_gap_filled,36.4599,8250.0,2.952,243.58,7
FDS,2019-12-20,2019-12-23,2019-12-27,2-3%,-2.757,262.6424,269.5502,tp_gap_filled,32.2038,8458.08,2.63,222.46,3
DE,2019-11-27,2019-11-29,2020-01-02,3-5%,-4.614,168.6685,176.4733,tp_gap_filled,47.8424,8069.51,4.627,373.4,22
COHR,2019-11-12,2019-12-17,2020-01-02,5-10%,-6.143,33.033,35.1248,tp_gap_filled,249.9993,8258.23,6.333,522.96,10
PGR,2019-11-13,2019-11-14,2020-01-03,2-3%,-2.015,73.033,74.3855,tp_gap_filled,107.519,7852.43,1.852,145.43,33
OXY,2019-11-05,2020-01-02,2020-01-03,3-5%,-4.703,42.1922,44.1858,tp_gap_filled,202.871,8559.56,4.725,404.45,1
TSLA,2019-12-31,2020-01-02,2020-01-03,2-3%,-2.339,27.027,27.619,tp_gap_filled,316.8012,8562.19,2.19,187.55,1
UBER,2019-12-31,2020-01-02,2020-01-03,2-3%,-2.118,29.1391,29.7103,tp_gap_filled,294.4388,8579.68,1.96,168.17,1
TKO,2019-10-31,2019-11-18,2020-01-07,10%+,-11.725,58.7087,66.3736,tp_gap_filled,133.6612,7847.07,13.056,1024.5,33
BA,2019-12-16,2019-12-17,2020-01-07,3-5%,-3.846,328.8585,341.3283,tp_gap_filled,25.1165,8259.78,3.792,313.2,13
AMD,2020-01-03,2020-01-06,2020-01-07,2-3%,-2.179,48.078,49.0509,tp_gap_filled,177.6588,8541.48,2.024,172.84,1
ANET,2020-01-03,2020-01-06,2020-01-07,2-3%,-2.306,12.5125,12.7822,tp_gap_filled,682.7838,8543.33,2.155,184.15,1
CPAY,2019-12-19,2019-12-20,2020-01-08,2-3%,-2.48,289.7194,296.4932,tp_gap_filled,29.1693,8450.92,2.338,197.59,11
DAL,2020-01-03,2020-01-06,2020-01-08,2-3%,-2.608,57.5575,58.981,tp_gap_filled,148.5045,8547.55,2.473,211.39,2
ELV,2020-01-03,2020-01-06,2020-01-08,2-3%,-2.39,293.9737,300.5691,tp_gap_filled,29.0776,8548.05,2.244,191.78,2
ADI,2020-01-03,2020-01-07,2020-01-08,2-3%,-2.018,118.118,120.3096,tp_gap_filled,72.4446,8557.01,1.855,158.77,1
AMAT,2020-01-03,2020-01-07,2020-01-08,2-3%,-2.428,60.7507,62.1378,tp_gap_filled,140.9127,8560.55,2.283,195.46,1
JBHT,2020-01-06,2020-01-07,2020-01-08,3-5%,-4.965,111.3312,116.913,tp_gap_filled,76.9293,8564.63,5.014,429.4,1
MCHP,2020-01-03,2020-01-07,2020-01-08,2-3%,-2.045,52.7527,53.7462,tp_gap_filled,162.6615,8580.83,1.883,161.6,1
WDAY,2019-10-16,2019-11-20,2020-01-09,5-10%,-7.162,168.168,180.779,tp_gap_filled,46.7718,7865.53,7.499,589.84,33
JKHY,2019-12-11,2019-12-12,2020-01-10,2-3%,-2.206,145.5754,148.5613,tp_gap_filled,55.9233,8141.06,2.051,166.98,19
TDG,2019-12-27,2020-01-03,2020-01-10,3-5%,-4.982,568.568,597.1822,tp_gap_filled,15.0348,8548.3,5.033,430.21,5
ALB,2020-01-08,2020-01-09,2020-01-10,2-3%,-2.527,70.6706,72.3576,tp_gap_filled,122.3881,8649.24,2.387,206.47,1
WAT,2020-01-08,2020-01-09,2020-01-10,3-5%,-4.733,221.221,231.748,tp_gap_filled,39.0984,8649.4,4.759,411.59,1
PNW,2019-11-07,2019-11-08,2020-01-13,3-5%,-4.574,87.087,91.0788,tp_gap_filled,89.487,7793.15,4.584,357.22,43
BAX,2019-10-24,2019-11-12,2020-01-13,5-10%,-9.608,79.5795,87.862,tp_gap_filled,98.3621,7827.61,10.408,814.69,41
PCG,2019-12-19,2019-12-23,2020-01-13,2-3%,-2.034,11.0911,11.2987,tp_gap_filled,764.3439,8477.4,1.872,158.69,13
ACN,2020-01-07,2020-01-08,2020-01-13,2-3%,-2.509,203.4032,208.2216,tp_gap_filled,42.4147,8627.28,2.369,204.37,3
FDX,2019-12-18,2019-12-23,2020-01-14,5-10%,-7.235,122.1365,131.3995,tp_gap_filled,69.2958,8463.55,7.584,641.89,14
COHR,2020-01-10,2020-01-13,2020-01-14,2-3%,-2.917,35.9759,36.983,tp_gap_filled,242.4523,8722.45,2.799,244.16,1
MRVL,2020-01-03,2020-01-13,2020-01-14,2-3%,-2.812,26.6366,27.3526,tp_gap_filled,327.714,8729.19,2.688,234.65,1
DOC,2019-11-06,2019-11-15,2020-01-15,3-5%,-3.857,34.4344,35.7442,tp_gap_filled,229.5353,7903.91,3.804,300.65,40
ARE,2020-01-07,2020-01-08,2020-01-15,2-3%,-2.819,156.6465,160.869,tp_gap_filled,55.0832,8628.6,2.696,232.59,5
MCD,2019-10-22,2020-01-08,2020-01-15,2-3%,-2.268,205.2951,209.6402,tp_gap_filled,42.0408,8630.77,2.116,182.67,5
PGR,2020-01-07,2020-01-08,2020-01-15,3-5%,-3.528,73.073,75.5943,tp_gap_filled,118.1234,8631.63,3.45,297.83,5
CSCO,2019-11-14,2019-11-15,2020-01-16,5-10%,-5.984,45.6056,48.4115,tp_gap_filled,173.3755,7906.89,6.153,486.49,41
CCL,2020-01-03,2020-01-14,2020-01-16,2-3%,-2.456,50.1,51.2587,tp_gap_filled,174.8756,8761.28,2.313,202.62,2
DG,2019-11-26,2019-11-27,2020-01-17,2-3%,-2.27,156.4463,159.7601,tp_gap_filled,51.8402,8110.21,2.118,171.79,34
IFF,2019-12-16,2019-12-26,2020-01-17,5-10%,-6.053,125.9959,133.846,tp_gap_filled,67.4211,8494.78,6.23,529.27,15
TTWO,2020-01-14,2020-01-15,2020-01-17,2-3%,-2.289,125.6355,128.3215,tp_gap_filled,69.7358,8761.29,2.138,187.31,2
SMCI,2020-01-15,2020-01-16,2020-01-17,2-3%,-2.237,2.7127,2.7692,tp_gap_filled,3263.9442,8854.13,2.083,184.47,1
BBY,2020-01-15,2020-01-16,2020-01-21,3-5%,-3.172,87.6876,90.3795,tp_gap_filled,100.9252,8849.89,3.07,271.68,2
ZBRA,2020-01-08,2020-01-16,2020-01-21,2-3%,-2.024,251.5313,256.2135,tp_gap_filled,35.2651,8870.27,1.861,165.12,2
TSLA,2020-01-16,2020-01-17,2020-01-21,3-5%,-4.773,32.9496,34.5321,tp_gap_filled,269.0393,8864.73,4.803,425.76,1
AXON,2019-11-27,2019-11-29,2020-01-22,2-3%,-2.756,74.8848,76.8531,tp_gap_filled,107.8111,8073.41,2.628,212.2,35
HAS,2019-10-22,2019-10-23,2020-01-24,10%+,-15.937,101.111,104.5753,time_exit,73.836,7465.63,3.426,255.79,63
TRV,2019-10-22,2019-10-23,2020-01-24,5-10%,-6.582,132.7026,134.6452,time_exit,56.2937,7470.32,1.464,109.36,63
EL,2020-01-21,2020-01-22,2020-01-27,2-3%,-2.033,215.6254,191.7147,stop,41.0265,8846.36,-11.089,-980.97,3
KMB,2020-01-23,2020-01-24,2020-01-27,2-3%,-2.964,140.2501,144.2456,tp_gap_filled,62.5349,8770.53,2.849,249.86,1
EBAY,2019-10-24,2019-10-25,2020-01-28,5-10%,-8.75,35.8058,36.1738,time_exit,209.7801,7511.34,1.028,77.2,63
PFG,2019-10-25,2019-10-28,2020-01-29,5-10%,-7.666,53.053,54.4255,time_exit,142.784,7575.12,2.587,195.97,63
AAPL,2020-01-27,2020-01-28,2020-01-29,2-3%,-2.592,77.5925,79.4979,tp_gap_filled,111.6304,8661.69,2.456,212.7,1
ADBE,2020-01-27,2020-01-28,2020-01-29,2-3%,-2.94,341.381,351.0186,tp_gap_filled,25.3924,8668.5,2.823,244.72,1
ALB,2020-01-27,2020-01-28,2020-01-29,3-5%,-3.141,78.7086,81.0988,tp_gap_filled,110.2765,8679.71,3.037,263.58,1
PSA,2019-10-30,2019-10-31,2020-02-03,3-5%,-3.464,226.7966,223.9558,time_exit,33.7094,7645.17,-1.253,-95.76,63
SYK,2019-10-30,2019-10-31,2020-02-03,2-3%,-2.512,215.205,211.4284,time_exit,35.5045,7640.75,-1.755,-134.09,63
GILD,2019-12-13,2019-12-16,2020-02-03,2-3%,-2.041,66.3162,67.5624,tp_gap_filled,124.4162,8250.81,1.879,155.04,32
XYL,2019-10-31,2020-01-03,2020-02-03,3-5%,-4.83,80.08,83.9759,tp_gap_filled,106.8051,8552.95,4.865,416.11,20
FICO,2020-01-31,2020-02-03,2020-02-04,3-5%,-3.003,397.9776,409.4801,tp_gap_filled,21.418,8523.9,2.89,246.36,1
FAST,2020-01-17,2020-01-21,2020-02-05,2-3%,-2.519,18.2032,18.6363,tp_gap_filled,485.7358,8841.94,2.38,210.4,11
FCX,2020-01-23,2020-01-24,2020-02-05,5-10%,-7.143,11.4514,12.3077,tp_gap_filled,765.0233,8760.62,7.477,655.04,8
AMGN,2020-01-31,2020-02-03,2020-02-05,3-5%,-3.268,218.9788,225.9238,tp_gap_filled,38.9976,8539.65,3.172,270.84,2
DOW,2020-01-30,2020-02-04,2020-02-05,2-3%,-2.738,48.3583,49.6203,tp_gap_filled,178.8213,8647.5,2.61,225.68,1
HD,2019-11-19,2020-01-17,2020-02-06,3-5%,-3.454,230.8306,238.6112,tp_gap_filled,38.3848,8860.38,3.371,298.65,13
BKR,2020-01-31,2020-02-03,2020-02-07,2-3%,-2.774,21.7517,22.3277,tp_gap_filled,392.4709,8536.92,2.648,226.03,4
CTVA,2020-02-05,2020-02-06,2020-02-07,2-3%,-2.036,30.3503,30.9191,tp_gap_filled,290.0551,8803.27,1.874,164.96,1
SW,2020-01-08,2020-01-09,2020-02-10,2-3%,-2.17,36.997,37.7422,tp_gap_filled,233.7945,8649.68,2.014,174.24,21
AMD,2020-02-06,2020-02-07,2020-02-10,2-3%,-2.087,48.8488,49.7902,tp_gap_filled,178.7284,8730.67,1.927,168.25,1
ADI,2020-01-27,2020-02-05,2020-02-11,2-3%,-2.484,114.7647,117.4524,tp_gap_filled,76.6566,8797.46,2.342,206.04,4
DE,2020-01-27,2020-02-05,2020-02-11,2-3%,-2.316,166.3462,169.9499,tp_gap_filled,52.9159,8802.36,2.166,190.69,4
QCOM,2020-02-06,2020-02-07,2020-02-11,3-5%,-3.135,88.1481,90.8191,tp_gap_filled,99.1051,8735.92,3.03,264.71,2
DELL,2019-11-27,2019-12-23,2020-02-12,3-5%,-4.023,25.9002,26.932,tp_gap_filled,326.701,8461.62,3.984,337.09,34
APA,2020-02-07,2020-02-11,2020-02-12,2-3%,-2.281,28.3083,28.9111,tp_gap_filled,311.7382,8824.77,2.129,187.91,1
EBAY,2020-02-07,2020-02-10,2020-02-14,5-10%,-5.711,35.8658,37.962,tp_gap_filled,243.8479,8745.81,5.844,511.15,4
CASY,2019-12-10,2020-01-10,2020-02-18,5-10%,-5.886,165.165,175.1447,tp_gap_filled,52.2783,8634.55,6.042,521.72,25
PSX,2020-01-27,2020-01-29,2020-02-18,2-3%,-2.043,98.3683,87.4602,stop,87.9298,8649.5,-11.089,-959.14,13
CF,2020-02-14,2020-02-18,2020-02-19,3-5%,-3.101,38.1581,39.3007,tp_gap_filled,231.5913,8837.09,2.994,264.6,1
FSLR,2020-01-15,2020-02-12,2020-02-20,5-10%,-6.073,55.2652,58.7212,tp_gap_filled,161.5713,8929.27,6.253,558.39,5
JBL,2020-01-27,2020-01-29,2020-02-21,2-3%,-2.357,41.8818,37.2376,stop,206.5433,8650.41,-11.089,-959.24,16
APTV,2020-01-03,2020-01-09,2020-02-24,2-3%,-2.139,94.3442,83.8824,stop,91.7669,8657.68,-11.089,-960.05,30
ALGN,2020-01-14,2020-01-15,2020-02-24,3-5%,-3.989,286.4662,240.391,stop,30.6089,8768.42,-16.084,-1410.31,26
BKNG,2020-01-21,2020-01-22,2020-02-24,2-3%,-2.37,80.3202,71.4135,stop,110.1519,8847.43,-11.089,-981.09,22
MS,2020-01-21,2020-01-22,2020-02-24,2-3%,-2.834,55.9359,49.7332,stop,158.0572,8841.07,-11.089,-980.39,22
DVN,2020-01-27,2020-02-05,2020-02-24,3-5%,-3.132,23.2232,19.488,stop,379.1851,8805.89,-16.084,-1416.34,12
CRH,2020-01-03,2020-01-06,2020-02-25,2-3%,-2.522,39.8498,35.4309,stop,214.4832,8547.12,-11.089,-947.79,34
IP,2020-01-21,2020-01-22,2020-02-25,2-3%,-2.601,42.2392,37.5553,stop,209.3384,8842.28,-11.089,-980.52,23
HAL,2020-01-27,2020-01-29,2020-02-25,3-5%,-3.03,22.4224,18.816,stop,386.2484,8660.62,-16.084,-1392.97,18
PPG,2020-01-16,2020-01-17,2020-02-27,3-5%,-3.358,126.4763,106.1339,stop,70.0665,8861.76,-16.084,-1425.33,27
JBHT,2020-01-17,2020-01-21,2020-02-27,3-5%,-4.334,114.6846,96.2387,stop,77.0572,8837.27,-16.084,-1421.39,26
AAPL,2020-02-18,2020-02-19,2020-02-27,2-3%,-2.951,78.9188,70.1675,stop,112.8357,8904.86,-11.089,-987.46,6
AIG,2020-02-14,2020-02-20,2020-02-27,2-3%,-2.101,49.9099,44.3754,stop,178.1162,8889.75,-11.089,-985.78,5
ADM,2020-02-24,2020-02-25,2020-02-27,2-3%,-2.597,42.8028,38.0564,stop,191.6909,8204.9,-11.089,-909.84,2
ORCL,2019-12-13,2020-01-14,2020-02-28,2-3%,-2.603,55.055,48.95,stop,159.1485,8761.92,-11.089,-971.61,31
A,2020-01-30,2020-02-05,2020-02-28,2-3%,-2.682,84.9849,75.5609,stop,103.5202,8797.65,-11.089,-975.57,16
AXON,2020-02-20,2020-02-21,2020-02-28,3-5%,-3.093,86.2362,72.3659,stop,101.8118,8779.86,-16.084,-1412.15,5
ABBV,2020-02-24,2020-02-25,2020-02-28,2-3%,-2.938,92.2622,82.0312,stop,89.2058,8230.32,-11.089,-912.66,3
AIZ,2020-02-24,2020-02-25,2020-02-28,2-3%,-2.027,137.3973,122.1613,stop,59.5147,8177.15,-11.089,-906.76,3
NI,2020-02-26,2020-02-27,2020-03-02,2-3%,-2.537,27.6877,28.3516,tp_gap_filled,283.5103,7849.74,2.398,188.24,2
AMAT,2020-02-27,2020-02-28,2020-03-02,3-5%,-4.364,57.2572,59.7502,tp_gap_filled,134.7102,7713.13,4.354,335.83,1
AMD,2020-02-27,2020-02-28,2020-03-02,3-5%,-4.443,45.4254,47.4425,tp_gap_filled,169.8831,7717.0,4.441,342.68,1
APA,2020-02-27,2020-02-28,2020-03-02,2-3%,-2.538,23.8338,24.4056,tp_gap_filled,323.7969,7717.31,2.399,185.13,1
CRWD,2020-02-27,2020-02-28,2020-03-02,3-5%,-3.951,14.0515,14.6004,tp_gap_filled,550.0492,7729.04,3.906,301.89,1
DDOG,2020-02-27,2020-02-28,2020-03-02,3-5%,-4.077,42.1621,43.8661,tp_gap_filled,183.6904,7744.78,4.041,313.0,1
EQT,2020-02-21,2020-02-28,2020-03-02,2-3%,-2.163,5.8859,6.004,tp_gap_filled,1318.9315,7763.07,2.007,155.78,1
A,2020-02-28,2020-03-02,2020-03-03,3-5%,-3.177,75.045,77.3526,tp_gap_filled,105.8292,7941.95,3.075,244.21,1
AAPL,2020-02-27,2020-03-02,2020-03-03,3-5%,-3.947,70.3453,73.0893,tp_gap_filled,113.2468,7966.38,3.901,310.76,1
ABBV,2020-02-28,2020-03-02,2020-03-03,3-5%,-3.079,82.8728,85.3346,tp_gap_filled,96.3263,7982.83,2.971,237.13,1
ADM,2020-02-28,2020-03-02,2020-03-03,2-3%,-2.632,36.6666,37.5824,tp_gap_filled,218.2231,8001.51,2.497,199.84,1
ADP,2020-02-28,2020-03-02,2020-03-03,2-3%,-2.615,153.5634,157.3725,tp_gap_filled,52.2085,8017.31,2.48,198.87,1
AFL,2020-02-28,2020-03-02,2020-03-03,2-3%,-2.455,43.3533,44.3556,tp_gap_filled,185.3085,8033.74,2.312,185.73,1
AIG,2020-02-28,2020-03-02,2020-03-03,2-3%,-2.603,42.3223,43.3666,tp_gap_filled,190.1055,8045.7,2.468,198.53,1
HUM,2020-02-24,2020-03-03,2020-03-04,3-5%,-4.509,353.353,369.3003,tp_gap_filled,22.0964,7807.83,4.513,352.38,1
IVZ,2020-02-27,2020-03-03,2020-03-05,2-3%,-2.587,15.0751,13.4034,stop,515.8274,7776.13,-11.089,-862.29,2
JPM,2020-02-27,2020-03-03,2020-03-06,2-3%,-2.945,123.0329,109.3898,stop,63.0939,7762.63,-11.089,-860.8,3
BNY,2020-01-16,2020-01-17,2020-03-09,5-10%,-7.773,46.7967,34.595,stop,189.4206,8864.27,-26.074,-2311.27,34
LVS,2020-01-21,2020-01-22,2020-03-09,5-10%,-6.13,69.5895,51.4447,stop,127.0544,8841.66,-26.074,-2305.37,32
CPAY,2020-02-07,2020-02-10,2020-03-09,5-10%,-5.729,310.32,229.4072,stop,28.173,8742.65,-26.074,-2279.56,19
CBOE,2020-02-07,2020-02-14,2020-03-09,2-3%,-2.29,125.125,111.2499,stop,70.913,8872.98,-11.089,-983.93,15
BLDR,2020-02-21,2020-02-24,2020-03-09,5-10%,-6.21,26.4564,19.5582,stop,318.8381,8435.32,-26.074,-2199.42,10
ACN,2020-02-24,2020-02-25,2020-03-09,3-5%,-3.502,204.6745,171.7546,stop,40.167,8221.15,-16.084,-1322.29,9
ADSK,2020-02-24,2020-02-25,2020-03-09,3-5%,-3.145,195.7556,164.2702,stop,41.8365,8189.74,-16.084,-1317.24,9
CRM,2020-02-26,2020-02-27,2020-03-09,2-3%,-2.609,176.7165,157.1204,stop,44.4582,7856.5,-11.089,-871.21,7
EXPE,2020-02-27,2020-02-28,2020-03-09,2-3%,-2.589,98.6686,87.7272,stop,78.6712,7762.37,-11.089,-860.77,6
COP,2020-02-27,2020-03-03,2020-03-09,3-5%,-3.068,49.6496,41.664,stop,157.6939,7829.44,-16.084,-1259.29,4
ECHO,2020-02-27,2020-03-03,2020-03-09,2-3%,-2.228,35.5755,31.6306,stop,219.8533,7821.4,-11.089,-867.32,4
GS,2020-02-27,2020-03-03,2020-03-09,2-3%,-2.452,210.7005,187.3359,stop,37.0992,7816.82,-11.089,-866.81,4
IEX,2020-02-27,2020-03-03,2020-03-09,2-3%,-2.122,156.0859,138.7776,stop,49.8906,7787.21,-11.089,-863.52,4
AMD,2020-03-05,2020-03-06,2020-03-09,2-3%,-2.854,48.7287,43.3252,stop,156.721,7636.81,-11.089,-846.85,1
AMCR,2020-03-03,2020-03-04,2020-03-10,2-3%,-2.043,47.998,42.6755,stop,167.9949,8063.41,-11.089,-894.15,4
AWK,2020-03-06,2020-03-09,2020-03-10,2-3%,-2.404,136.146,139.2206,tp_gap_filled,52.5938,7160.43,2.258,161.71,1
AZO,2020-03-06,2020-03-09,2020-03-10,2-3%,-2.075,1009.5085,1028.8401,tp_gap_filled,7.0948,7162.26,1.915,137.15,1
CLX,2020-03-06,2020-03-09,2020-03-10,2-3%,-2.223,172.1119,175.6742,tp_gap_filled,41.7571,7186.9,2.07,148.75,1
DG,2020-03-06,2020-03-09,2020-03-10,2-3%,-2.045,154.4143,157.3225,tp_gap_filled,46.5527,7188.4,1.883,135.39,1
DLTR,2020-03-06,2020-03-09,2020-03-10,2-3%,-2.552,76.076,77.912,tp_gap_filled,94.589,7195.95,2.413,173.67,1
DPZ,2020-03-06,2020-03-09,2020-03-10,2-3%,-2.303,325.6853,332.697,tp_gap_filled,22.1668,7219.39,2.153,155.43,1
ERIE,2020-03-06,2020-03-09,2020-03-10,2-3%,-2.012,148.2081,150.9489,tp_gap_filled,48.766,7227.51,1.849,133.66,1
GIS,2020-03-06,2020-03-09,2020-03-10,3-5%,-3.131,52.6526,54.2457,tp_gap_filled,137.3228,7230.4,3.026,218.77,1
APH,2020-03-05,2020-03-09,2020-03-11,2-3%,-2.722,11.8068,10.4975,stop,608.383,7183.05,-11.089,-796.53,2
FFIV,2019-12-20,2019-12-23,2020-03-12,5-10%,-7.788,132.6325,98.0499,stop,63.8137,8463.77,-26.074,-2206.84,54
BSX,2020-01-14,2020-01-15,2020-03-12,5-10%,-6.73,42.4524,31.3834,stop,206.2499,8755.81,-26.074,-2282.99,39
CHRW,2019-10-30,2020-01-15,2020-03-12,5-10%,-9.302,82.1821,60.7539,stop,106.5514,8756.61,-26.074,-2283.2,39
MKC,2020-01-28,2020-01-29,2020-03-12,3-5%,-4.869,82.2322,69.0059,stop,105.1212,8644.34,-16.084,-1390.36,30
ADBE,2020-02-24,2020-02-25,2020-03-12,3-5%,-4.708,355.7454,298.5273,stop,23.0811,8211.01,-16.084,-1320.66,12
AKAM,2020-02-24,2020-02-25,2020-03-12,3-5%,-3.402,97.1971,81.5639,stop,84.0574,8170.13,-16.084,-1314.08,12
ADP,2020-03-05,2020-03-06,2020-03-12,3-5%,-3.011,159.5994,133.9295,stop,47.8543,7637.52,-16.084,-1228.42,4
AEP,2020-03-06,2020-03-09,2020-03-12,2-3%,-2.925,95.9959,85.3509,stop,74.9477,7194.67,-11.089,-797.82,3
ALLE,2020-03-06,2020-03-09,2020-03-12,2-3%,-2.666,119.4994,106.2481,stop,60.1851,7192.08,-11.089,-797.53,3
CMS,2020-03-06,2020-03-09,2020-03-12,2-3%,-2.539,66.076,58.7488,stop,108.8259,7190.78,-11.089,-797.39,3
BLDR,2020-03-09,2020-03-10,2020-03-12,5-10%,-7.473,20.4504,15.1182,stop,364.7986,7460.29,-26.074,-1945.2,2
ANET,2020-02-14,2020-02-18,2020-03-13,5-10%,-8.467,13.6073,10.0594,stop,648.6336,8826.18,-26.074,-2301.34,18
FERG,2020-02-27,2020-02-28,2020-03-13,3-5%,-3.441,90.7407,76.1459,stop,85.5432,7762.25,-16.084,-1248.48,10
CNC,2020-03-11,2020-03-12,2020-03-13,3-5%,-3.727,58.1781,60.3096,tp_gap_filled,113.7751,6619.22,3.664,242.51,1
EQT,2020-03-11,2020-03-12,2020-03-13,5-10%,-5.099,6.7067,7.0529,tp_gap_filled,983.6914,6597.32,5.163,340.59,1
EW,2020-03-11,2020-03-12,2020-03-13,2-3%,-2.913,65.719,58.4314,stop,100.5033,6604.97,-11.089,-732.43,1
IDXX,2020-03-11,2020-03-12,2020-03-13,3-5%,-3.826,245.8356,255.1046,tp_gap_filled,26.8214,6593.65,3.77,248.61,1
GLW,2020-03-06,2020-03-09,2020-03-16,3-5%,-3.821,23.6837,19.8744,stop,305.5783,7237.21,-16.084,-1164.03,5
ARE,2020-03-09,2020-03-10,2020-03-16,3-5%,-3.584,153.5134,128.8223,stop,48.5253,7449.29,-16.084,-1198.14,4
ELV,2020-03-11,2020-03-12,2020-03-16,2-3%,-2.604,278.8786,247.9538,stop,23.7209,6615.25,-11.089,-733.56,2
WTW,2020-03-11,2020-03-12,2020-03-16,2-3%,-2.904,182.4022,162.1756,stop,36.1253,6589.33,-11.089,-730.69,2
AKAM,2020-03-12,2020-03-13,2020-03-16,5-10%,-6.205,81.7016,86.933,tp_gap_filled,85.1196,6954.41,6.403,445.29,1
AWK,2020-03-12,2020-03-13,2020-03-16,5-10%,-5.753,122.3322,129.5403,tp_gap_filled,56.9999,6972.92,5.892,410.86,1
CCI,2020-03-11,2020-03-13,2020-03-16,2-3%,-2.68,155.2351,138.0211,stop,45.0532,6993.84,-11.089,-775.55,1
MAS,2020-02-11,2020-02-12,2020-03-17,5-10%,-6.747,46.3463,34.262,stop,192.7635,8933.88,-26.074,-2329.42,23
AMGN,2020-03-09,2020-03-10,2020-03-17,5-10%,-6.129,197.9377,210.4393,tp_gap_filled,37.4687,7416.48,6.316,468.42,5
AEP,2020-03-12,2020-03-13,2020-03-17,5-10%,-7.49,83.083,89.6303,tp_gap_filled,83.5907,6944.97,7.88,547.29,2
CASY,2020-03-12,2020-03-13,2020-03-17,3-5%,-4.375,152.4923,159.1507,tp_gap_filled,45.8328,6989.16,4.366,305.17,2
CHRW,2020-03-12,2020-03-13,2020-03-17,5-10%,-5.569,60.6005,64.0459,tp_gap_filled,115.4052,6993.62,5.685,397.61,2
KMB,2020-03-11,2020-03-16,2020-03-17,2-3%,-2.142,138.138,140.879,tp_gap_filled,46.3438,6401.83,1.984,127.03,1
KR,2020-03-11,2020-03-16,2020-03-17,2-3%,-2.423,31.8418,32.5674,tp_gap_filled,200.8849,6396.54,2.279,145.76,1
SJM,2020-03-11,2020-03-16,2020-03-17,2-3%,-2.25,108.6986,110.9789,tp_gap_filled,58.8009,6391.57,2.098,134.08,1
WEC,2020-03-11,2020-03-16,2020-03-17,2-3%,-2.028,100.08,101.948,tp_gap_filled,63.8478,6389.89,1.866,119.27,1
BEN,2020-03-09,2020-03-10,2020-03-18,5-10%,-8.915,19.7397,21.6283,tp_gap_filled,377.6712,7455.12,9.568,713.28,6
AKAM,2020-03-16,2020-03-17,2020-03-18,10%+,-10.475,76.8267,85.6443,tp_gap_filled,88.0841,6767.22,11.477,776.68,1
ANET,2020-03-16,2020-03-17,2020-03-18,5-10%,-8.826,10.0826,11.0365,tp_gap_filled,674.5585,6801.29,9.461,643.45,1
AWK,2020-03-16,2020-03-17,2020-03-18,5-10%,-9.97,115.6155,128.1617,tp_gap_filled,58.9278,6812.97,10.852,739.32,1
CMS,2020-03-16,2020-03-17,2020-03-18,5-10%,-9.905,56.2662,62.3276,tp_gap_filled,121.9667,6862.6,10.773,739.29,1
COR,2020-03-16,2020-03-17,2020-03-18,10%+,-15.556,76.076,89.91,tp_gap_filled,90.7262,6902.08,18.184,1255.11,1
COST,2020-03-16,2020-03-17,2020-03-18,5-10%,-6.762,282.1118,301.9677,tp_gap_filled,24.6097,6942.68,7.038,488.65,1
ADBE,2020-03-12,2020-03-13,2020-03-19,5-10%,-7.874,290.7004,314.9148,tp_gap_filled,23.7292,6898.1,8.33,574.59,4
CBOE,2020-03-12,2020-03-13,2020-03-19,5-10%,-6.939,99.069,73.2377,stop,70.6972,7003.9,-26.074,-1826.2,4
GILD,2020-03-09,2020-03-18,2020-03-19,2-3%,-2.867,77.9979,80.1398,tp_gap_filled,86.1443,6719.08,2.746,184.51,1
EXPD,2020-01-17,2020-01-21,2020-03-20,5-10%,-6.823,75.8658,56.0845,stop,116.6417,8849.11,-26.074,-2307.32,42
AOS,2020-03-09,2020-03-10,2020-03-20,3-5%,-4.615,40.7607,34.2048,stop,182.5432,7440.59,-16.084,-1196.74,8
ATO,2020-03-06,2020-03-17,2020-03-20,3-5%,-3.176,107.7076,90.3839,stop,63.2468,6812.16,-16.084,-1095.67,3
WST,2020-03-06,2020-03-18,2020-03-20,2-3%,-2.404,149.9398,133.313,stop,44.8391,6723.16,-11.089,-745.53,2
AKAM,2020-03-18,2020-03-19,2020-03-20,5-10%,-6.74,82.5525,88.3416,tp_gap_filled,80.0081,6604.87,7.013,463.17,1
ANET,2020-03-18,2020-03-19,2020-03-20,5-10%,-6.225,9.868,10.502,tp_gap_filled,670.4008,6615.5,6.425,425.04,1
CHRW,2020-03-18,2020-03-19,2020-03-20,3-5%,-3.653,62.3022,64.5354,tp_gap_filled,106.3151,6623.67,3.584,237.42,1
BR,2020-01-31,2020-02-03,2020-03-23,5-10%,-6.929,120.6105,89.1625,stop,70.7547,8533.76,-26.074,-2225.09,34
LLY,2020-02-10,2020-02-11,2020-03-23,3-5%,-3.354,141.6415,118.8599,stop,62.3193,8827.0,-16.084,-1419.73,28
ALLE,2020-03-12,2020-03-13,2020-03-23,5-10%,-5.567,108.4984,80.2085,stop,64.2022,6965.84,-26.074,-1816.27,6
CHD,2020-03-11,2020-03-17,2020-03-23,2-3%,-2.226,71.2212,63.3234,stop,96.4705,6870.74,-11.089,-761.9,4
AWK,2020-03-18,2020-03-19,2020-03-23,5-10%,-6.419,129.7396,95.9113,stop,51.2058,6643.43,-26.074,-1732.21,2
CASY,2020-03-18,2020-03-19,2020-03-23,3-5%,-4.213,156.3562,131.2079,stop,42.3714,6625.03,-16.084,-1065.57,2
TTWO,2020-03-18,2020-03-23,2020-03-24,3-5%,-4.138,111.7617,116.3535,tp_gap_filled,54.4594,6086.47,4.109,250.07,1
CRWD,2020-03-06,2020-03-24,2020-03-25,3-5%,-3.004,13.5736,13.966,tp_gap_filled,468.3752,6357.52,2.891,183.82,1
ODFL,2020-03-11,2020-03-24,2020-03-25,2-3%,-2.967,61.7617,63.5231,tp_gap_filled,103.0624,6365.31,2.852,181.53,1
PG,2020-03-23,2020-03-24,2020-03-25,2-3%,-2.187,100.2902,102.3276,tp_gap_filled,63.4985,6368.27,2.031,129.37,1
UNH,2020-03-23,2020-03-24,2020-03-25,2-3%,-2.202,202.242,206.3834,tp_gap_filled,31.4756,6365.69,2.048,130.35,1
VZ,2020-03-23,2020-03-24,2020-03-25,2-3%,-2.297,50.6606,51.7482,tp_gap_filled,126.0173,6384.11,2.147,137.05,1
CPAY,2020-03-16,2020-03-17,2020-03-26,10%+,-10.813,210.21,235.2245,tp_gap_filled,33.1244,6963.09,11.9,828.59,7
ECHO,2020-03-11,2020-03-25,2020-03-26,2-3%,-2.364,32.2422,32.957,tp_gap_filled,197.1552,6356.72,2.217,140.93,1
ELV,2020-03-18,2020-03-25,2020-03-26,5-10%,-5.82,224.6744,238.0817,tp_gap_filled,28.3114,6360.84,5.967,379.58,1
LITE,2020-03-11,2020-03-25,2020-03-26,3-5%,-4.08,74.6045,77.6223,tp_gap_filled,84.9986,6341.28,4.045,256.51,1
MRVL,2020-03-11,2020-03-25,2020-03-26,2-3%,-2.24,22.7127,23.1868,tp_gap_filled,279.166,6340.61,2.087,132.35,1
OTIS,2020-03-23,2020-03-25,2020-03-26,5-10%,-6.667,42.042,44.955,tp_gap_filled,150.5698,6330.26,6.929,438.61,1
SW,2020-03-19,2020-03-20,2020-03-27,10%+,-15.222,22.5225,26.5135,tp_gap_filled,279.7085,6299.73,17.72,1116.31,5
GEN,2020-03-06,2020-03-25,2020-03-27,2-3%,-2.222,18.9389,19.3307,tp_gap_filled,335.4471,6353.01,2.068,131.4,2
CRWD,2020-03-25,2020-03-26,2020-03-27,2-3%,-2.32,14.014,14.3182,tp_gap_filled,480.9326,6739.79,2.17,146.28,1
HSIC,2020-03-05,2020-03-26,2020-03-27,2-3%,-2.531,60.1301,53.4622,stop,112.2591,6750.15,-11.089,-748.52,1
LLY,2020-03-25,2020-03-26,2020-03-27,2-3%,-2.254,120.2401,122.7671,tp_gap_filled,55.9296,6724.98,2.102,141.33,1
LVS,2020-03-11,2020-03-26,2020-03-27,2-3%,-2.997,51.8318,46.0842,stop,130.2539,6751.29,-11.089,-748.65,1
MRNA,2020-03-25,2020-03-26,2020-03-27,3-5%,-3.176,25.025,25.7942,tp_gap_filled,269.1795,6736.22,3.074,207.05,1
AMGN,2020-03-18,2020-03-19,2020-03-30,3-5%,-4.447,198.7586,207.5922,tp_gap_filled,33.3151,6621.66,4.444,294.29,7
WTW,2020-03-18,2020-03-24,2020-03-30,3-5%,-4.667,165.205,172.9469,tp_gap_filled,38.6265,6381.3,4.686,299.04,4
AMZN,2020-03-05,2020-03-19,2020-03-31,2-3%,-2.168,96.7467,98.6927,tp_gap_filled,68.4433,6621.66,2.011,133.19,8
ADBE,2020-03-27,2020-03-30,2020-03-31,3-5%,-3.4,312.0117,322.3473,tp_gap_filled,21.6759,6763.13,3.313,224.03,1
ANET,2020-03-27,2020-03-30,2020-03-31,3-5%,-3.665,12.0883,12.5231,tp_gap_filled,559.9519,6768.88,3.597,243.45,1
AOS,2020-03-27,2020-03-30,2020-03-31,2-3%,-2.656,36.3263,37.2427,tp_gap_filled,186.7311,6783.25,2.523,171.13,1
ATO,2020-03-27,2020-03-30,2020-03-31,3-5%,-3.625,92.8728,96.1737,tp_gap_filled,73.1905,6797.4,3.554,241.6,1
AWK,2020-03-27,2020-03-30,2020-03-31,2-3%,-2.137,116.8868,119.2007,tp_gap_filled,58.3614,6821.67,1.98,135.04,1
BR,2020-03-27,2020-03-30,2020-03-31,2-3%,-2.094,94.9949,96.8331,tp_gap_filled,71.9829,6838.01,1.935,132.32,1
TSCO,2020-03-11,2020-03-24,2020-04-01,3-5%,-4.048,16.7027,17.3726,tp_gap_filled,381.6499,6374.58,4.011,255.68,6
CRM,2020-03-11,2020-03-25,2020-04-01,2-3%,-2.269,157.8377,140.3351,stop,40.3656,6371.22,-11.089,-706.5,5
OTIS,2020-03-30,2020-03-31,2020-04-01,2-3%,-2.178,44.2942,45.1898,tp_gap_filled,150.9303,6685.35,2.022,135.16,1
MKC,2020-03-31,2020-04-01,2020-04-02,2-3%,-2.298,69.9999,71.5034,tp_gap_filled,92.5257,6476.79,2.148,139.11,1
VRTX,2020-03-05,2020-03-31,2020-04-03,2-3%,-2.478,239.4792,245.0747,tp_gap_filled,28.0361,6714.05,2.337,156.87,3
AKAM,2020-04-01,2020-04-02,2020-04-03,2-3%,-2.459,89.3292,91.3985,tp_gap_filled,73.6819,6581.95,2.316,152.47,1
AMGN,2020-03-31,2020-04-02,2020-04-03,2-3%,-2.394,203.6935,208.2715,tp_gap_filled,32.3587,6591.26,2.248,148.14,1
IEX,2020-03-11,2020-03-31,2020-04-06,2-3%,-2.845,140.4803,144.3055,tp_gap_filled,47.616,6689.11,2.723,182.14,4
ANET,2020-04-01,2020-04-02,2020-04-06,3-5%,-3.93,12.174,12.6467,tp_gap_filled,541.8786,6596.85,3.883,256.13,2
AOS,2020-04-01,2020-04-02,2020-04-06,2-3%,-2.645,36.8468,37.7722,tp_gap_filled,179.0135,6596.08,2.511,165.66,2
CIEN,2020-03-06,2020-04-03,2020-04-06,3-5%,-3.008,41.6316,42.8371,tp_gap_filled,156.0644,6497.21,2.896,188.14,1
IDXX,2020-04-02,2020-04-03,2020-04-06,2-3%,-2.012,226.246,230.4293,tp_gap_filled,28.6877,6490.49,1.849,120.01,1
INCY,2020-03-05,2020-04-03,2020-04-06,2-3%,-2.258,78.4283,80.0798,tp_gap_filled,82.8582,6498.43,2.106,136.84,1
AMD,2020-03-09,2020-03-10,2020-04-07,10%+,-11.443,43.073,48.5414,tp_gap_filled,171.8769,7403.26,12.696,939.89,20
BSX,2020-03-12,2020-03-13,2020-04-07,5-10%,-6.586,31.6616,33.8261,tp_gap_filled,220.5901,6984.24,6.836,477.47,17
KEYS,2020-03-18,2020-03-24,2020-04-07,5-10%,-8.026,86.7166,94.0958,tp_gap_filled,73.4504,6369.37,8.51,542.0,10
MAS,2020-03-18,2020-03-25,2020-04-07,5-10%,-5.469,34.4344,36.3536,tp_gap_filled,184.192,6342.54,5.574,353.5,9
DPZ,2020-03-31,2020-04-01,2020-04-07,5-10%,-6.273,325.325,346.4032,tp_gap_filled,19.8932,6471.75,6.479,419.31,4
MCK,2020-03-31,2020-04-01,2020-04-07,3-5%,-3.442,133.4033,137.882,tp_gap_filled,48.5546,6477.35,3.357,217.46,4
UNH,2020-03-31,2020-04-01,2020-04-07,3-5%,-3.104,243.7235,251.0287,tp_gap_filled,26.5656,6474.66,2.997,194.07,4
ADBE,2020-04-01,2020-04-06,2020-04-07,3-5%,-3.532,307.307,317.9218,tp_gap_filled,22.297,6852.01,3.454,236.68,1
ALLE,2020-04-01,2020-04-06,2020-04-07,3-5%,-3.771,88.6386,91.928,tp_gap_filled,77.402,6860.8,3.711,254.61,1
BNY,2020-03-11,2020-04-06,2020-04-07,2-3%,-2.544,35.6556,36.5134,tp_gap_filled,192.8419,6875.9,2.406,165.43,1
CASY,2020-04-03,2020-04-06,2020-04-07,3-5%,-3.086,122.2822,125.924,tp_gap_filled,56.2079,6873.23,2.978,204.7,1
CDNS,2020-03-05,2020-04-06,2020-04-07,3-5%,-3.529,67.8578,70.1997,tp_gap_filled,101.6669,6898.89,3.451,238.1,1
AMT,2020-03-09,2020-03-10,2020-04-08,5-10%,-6.045,231.6614,246.0737,tp_gap_filled,32.0621,7427.54,6.221,462.09,21
ARE,2020-03-16,2020-03-17,2020-04-08,5-10%,-9.077,134.4643,147.5923,tp_gap_filled,50.6525,6810.95,9.763,664.96,16
CCI,2020-03-16,2020-03-17,2020-04-08,10%+,-10.42,139.0689,154.9349,tp_gap_filled,49.3131,6857.92,11.409,782.4,16
CNC,2020-03-16,2020-03-17,2020-04-08,10%+,-10.697,56.8268,63.5064,tp_gap_filled,121.3755,6897.38,11.754,810.75,16
CAT,2020-03-05,2020-04-07,2020-04-08,3-5%,-3.336,123.2732,127.2726,tp_gap_filled,55.8938,6890.21,3.244,223.54,1
NDSN,2020-03-05,2020-04-07,2020-04-08,2-3%,-2.66,144.3042,147.9519,tp_gap_filled,47.4931,6853.45,2.528,173.24,1
SW,2020-04-06,2020-04-07,2020-04-08,5-10%,-7.35,26.2462,28.2717,tp_gap_filled,260.0991,6826.62,7.717,526.83,1
TER,2020-03-05,2020-04-07,2020-04-08,2-3%,-2.929,60.7006,62.4075,tp_gap_filled,112.7256,6842.52,2.812,192.41,1
ACN,2020-03-09,2020-03-10,2020-04-09,5-10%,-7.469,165.5654,178.5712,tp_gap_filled,44.573,7379.75,7.855,579.71,22
RSG,2020-03-18,2020-03-27,2020-04-09,3-5%,-3.969,78.4784,81.5584,tp_gap_filled,83.9476,6588.07,3.925,258.55,9
AMCR,2020-03-11,2020-03-30,2020-04-09,5-10%,-8.25,41.1912,44.8051,tp_gap_filled,164.3008,6767.74,8.774,593.78,8
MDT,2020-03-06,2020-04-07,2020-04-09,2-3%,-2.895,97.3773,100.0798,tp_gap_filled,70.4507,6860.3,2.775,190.4,2
CMS,2020-03-31,2020-04-08,2020-04-09,2-3%,-2.163,60.6606,61.8781,tp_gap_filled,116.565,7070.9,2.007,141.91,1
DGX,2020-03-27,2020-04-08,2020-04-09,3-5%,-4.013,85.4854,88.881,tp_gap_filled,82.7138,7070.82,3.972,280.87,1
GWW,2020-03-11,2020-04-08,2020-04-09,2-3%,-2.496,272.9127,279.3404,tp_gap_filled,25.9325,7077.31,2.355,166.69,1
HAS,2020-03-05,2020-04-08,2020-04-09,2-3%,-2.659,75.8558,77.7721,tp_gap_filled,93.271,7075.14,2.526,178.74,1
LVS,2020-03-27,2020-04-08,2020-04-09,5-10%,-5.811,45.5955,48.3116,tp_gap_filled,154.9781,7066.31,5.957,420.93,1
SBAC,2020-03-06,2020-04-08,2020-04-09,2-3%,-2.557,292.9327,300.0197,tp_gap_filled,24.1395,7071.24,2.419,171.08,1
GS,2020-03-11,2020-04-09,2020-04-13,3-5%,-3.184,178.6585,184.1657,tp_gap_filled,40.1244,7168.56,3.083,220.97,1
JKHY,2020-04-08,2020-04-09,2020-04-13,3-5%,-4.995,158.9888,167.0128,tp_gap_filled,45.1113,7172.19,5.047,361.97,1
OTIS,2020-04-08,2020-04-09,2020-04-13,3-5%,-4.675,42.2522,44.2357,tp_gap_filled,169.761,7172.78,4.694,336.72,1
ADSK,2020-03-09,2020-03-10,2020-04-14,5-10%,-8.995,157.9778,173.2466,tp_gap_filled,46.7984,7393.12,9.665,714.55,24
LHX,2020-03-11,2020-03-26,2020-04-14,2-3%,-2.713,190.9908,195.9239,tp_gap_filled,35.2141,6725.56,2.583,173.71,12
BIIB,2020-03-05,2020-03-30,2020-04-14,2-3%,-2.655,320.0497,328.1216,tp_gap_filled,21.3742,6840.8,2.522,172.53,10
HUM,2020-03-11,2020-04-07,2020-04-14,2-3%,-2.078,342.382,348.9507,tp_gap_filled,20.0806,6875.25,1.919,131.9,4
NOC,2020-03-05,2020-04-07,2020-04-14,2-3%,-2.159,339.8195,346.623,tp_gap_filled,20.1603,6850.85,2.002,137.16,4
NVDA,2020-03-05,2020-04-07,2020-04-14,2-3%,-2.815,6.9194,7.1056,tp_gap_filled,988.7022,6841.24,2.691,184.12,4
ABT,2020-02-24,2020-04-09,2020-04-14,2-3%,-2.287,85.5354,87.3625,tp_gap_filled,83.8783,7174.57,2.136,153.25,2
KDP,2020-03-05,2020-04-09,2020-04-14,2-3%,-2.377,27.1371,27.7422,tp_gap_filled,264.9137,7188.99,2.23,160.3,2
KLAC,2020-03-05,2020-04-09,2020-04-14,2-3%,-2.526,15.6807,16.0549,tp_gap_filled,458.3061,7186.54,2.387,171.53,2
PEG,2020-03-11,2020-04-09,2020-04-14,2-3%,-2.531,51.6516,52.8871,tp_gap_filled,139.623,7211.75,2.392,172.5,2
COST,2020-04-09,2020-04-13,2020-04-14,2-3%,-2.131,299.7495,305.664,tp_gap_filled,23.6048,7075.52,1.973,139.61,1
ELV,2020-04-09,2020-04-13,2020-04-14,2-3%,-2.461,241.1809,246.773,tp_gap_filled,29.3366,7075.42,2.319,164.05,1
WMT,2020-04-09,2020-04-13,2020-04-14,2-3%,-2.971,39.4461,40.5727,tp_gap_filled,179.3533,7074.78,2.856,202.07,1
DE,2020-03-11,2020-04-07,2020-04-15,2-3%,-2.671,151.0009,134.2564,stop,45.6136,6887.69,-11.089,-763.78,5
ED,2020-04-13,2020-04-14,2020-04-15,2-3%,-2.001,86.2662,87.8521,tp_gap_filled,84.0345,7249.34,1.838,133.27,1
FAST,2020-04-13,2020-04-14,2020-04-15,3-5%,-3.004,16.3213,16.7932,tp_gap_filled,444.6847,7257.83,2.891,209.84,1
MRNA,2020-04-07,2020-04-14,2020-04-15,2-3%,-2.396,33.8438,34.6054,tp_gap_filled,214.9623,7275.14,2.25,163.7,1
TMO,2020-03-05,2020-04-14,2020-04-15,2-3%,-2.44,318.9887,326.3134,tp_gap_filled,22.8375,7284.91,2.296,167.28,1
TSLA,2020-03-05,2020-04-14,2020-04-15,3-5%,-3.433,48.2996,49.9167,tp_gap_filled,150.9439,7290.53,3.348,244.09,1
TYL,2020-03-06,2020-04-14,2020-04-15,2-3%,-2.041,317.1568,323.1166,tp_gap_filled,22.9717,7285.63,1.879,136.9,1
KR,2020-04-07,2020-04-08,2020-04-16,3-5%,-3.586,31.4915,32.5974,tp_gap_filled,224.5002,7069.84,3.512,248.28,5
IFF,2020-02-24,2020-04-09,2020-04-16,2-3%,-2.156,129.4593,115.1036,stop,55.4309,7176.05,-11.089,-795.75,4
CHTR,2020-03-06,2020-04-14,2020-04-16,3-5%,-3.623,487.3268,504.6349,tp_gap_filled,14.878,7250.43,3.552,257.51,2
FDS,2020-03-06,2020-04-09,2020-04-17,3-5%,-3.234,279.7895,288.5612,tp_gap_filled,25.6232,7169.1,3.135,224.76,5
ADSK,2020-04-15,2020-04-16,2020-04-17,2-3%,-2.119,168.7386,172.0478,tp_gap_filled,42.604,7188.94,1.961,140.99,1
AMD,2020-04-15,2020-04-16,2020-04-17,2-3%,-2.185,53.7837,54.8751,tp_gap_filled,133.7236,7192.15,2.029,145.94,1
ARE,2020-04-15,2020-04-16,2020-04-17,2-3%,-2.131,152.2021,155.2046,tp_gap_filled,47.3467,7206.27,1.973,142.16,1
BAX,2020-03-05,2020-04-16,2020-04-17,2-3%,-2.218,89.129,90.9689,tp_gap_filled,80.8497,7206.06,2.064,148.76,1
BNY,2020-04-15,2020-04-16,2020-04-17,3-5%,-3.935,34.9449,36.3037,tp_gap_filled,206.32,7209.83,3.888,280.34,1
BSX,2020-04-15,2020-04-16,2020-04-17,2-3%,-2.032,35.2252,35.8841,tp_gap_filled,204.9117,7218.05,1.871,135.01,1
CBOE,2020-04-15,2020-04-16,2020-04-17,2-3%,-2.209,98.3883,100.4095,tp_gap_filled,73.3785,7219.59,2.054,148.31,1
COP,2020-04-15,2020-04-16,2020-04-17,5-10%,-5.604,32.2022,34.0459,tp_gap_filled,224.1617,7218.49,5.726,413.3,1
CPAY,2020-04-15,2020-04-16,2020-04-17,3-5%,-4.3,212.5123,221.6182,tp_gap_filled,33.9276,7210.03,4.285,308.94,1
CRWD,2020-04-15,2020-04-16,2020-04-17,2-3%,-2.546,14.8498,15.2073,tp_gap_filled,485.2802,7206.33,2.407,173.46,1
DE,2020-04-15,2020-04-16,2020-04-17,3-5%,-3.627,133.2531,137.9919,tp_gap_filled,54.2029,7222.71,3.556,256.85,1
TGT,2020-01-15,2020-01-17,2020-04-20,5-10%,-6.203,117.6075,108.871,time_exit,75.3903,8866.46,-7.428,-658.64,63
DTE,2020-03-06,2020-04-09,2020-04-20,2-3%,-2.89,96.1812,85.5157,stop,74.5762,7172.83,-11.089,-795.4,6
STE,2020-03-06,2020-04-14,2020-04-20,2-3%,-2.295,154.6645,157.9819,tp_gap_filled,47.076,7280.99,2.145,156.17,4
EQIX,2020-04-16,2020-04-17,2020-04-20,2-3%,-2.443,659.6891,674.8545,tp_gap_filled,11.1784,7374.29,2.299,169.53,1
GDDY,2020-03-06,2020-04-17,2020-04-20,2-3%,-2.352,65.2352,66.6733,tp_gap_filled,113.2431,7387.43,2.204,162.85,1
GLW,2020-04-15,2020-04-17,2020-04-20,2-3%,-2.802,20.1401,20.6793,tp_gap_filled,367.0988,7393.41,2.677,197.93,1
PKG,2020-04-15,2020-04-17,2020-04-20,2-3%,-2.418,86.4464,88.4115,tp_gap_filled,85.702,7408.62,2.273,168.42,1
NEM,2020-04-17,2020-04-20,2020-04-21,3-5%,-4.708,57.1371,59.8401,tp_gap_filled,127.5986,7290.61,4.731,344.9,1
COP,2020-04-20,2020-04-21,2020-04-22,5-10%,-7.913,32.5025,35.2247,tp_gap_filled,219.2377,7125.77,8.376,596.82,1
EQT,2020-04-20,2020-04-21,2020-04-22,2-3%,-2.543,13.043,13.3566,tp_gap_filled,546.7129,7130.79,2.404,171.45,1
LITE,2020-04-20,2020-04-21,2020-04-22,2-3%,-2.326,73.5735,75.1748,tp_gap_filled,97.4962,7173.14,2.176,156.12,1
MRNA,2020-04-20,2020-04-21,2020-04-22,3-5%,-3.949,45.045,46.8031,tp_gap_filled,159.3323,7177.12,3.903,280.13,1
KMB,2020-03-18,2020-04-14,2020-04-23,3-5%,-3.63,138.9788,143.9259,tp_gap_filled,52.3238,7271.9,3.56,258.85,7
EBAY,2020-03-05,2020-04-17,2020-04-23,2-3%,-2.624,37.5175,38.4515,tp_gap_filled,196.5662,7374.67,2.49,183.6,4
FFIV,2020-04-20,2020-04-21,2020-04-23,2-3%,-2.683,120.9008,123.9859,tp_gap_filled,59.3614,7176.84,2.552,183.14,2
ARE,2020-04-21,2020-04-22,2020-04-23,2-3%,-2.325,147.6275,150.839,tp_gap_filled,49.6248,7325.99,2.175,159.37,1
ODFL,2020-04-08,2020-04-09,2020-04-24,3-5%,-3.919,68.5935,71.2487,tp_gap_filled,104.6211,7176.33,3.871,277.79,10
BSX,2020-04-21,2020-04-23,2020-04-24,2-3%,-2.846,36.2262,37.2128,tp_gap_filled,201.7318,7307.97,2.723,199.02,1
CPAY,2020-04-20,2020-04-23,2020-04-24,2-3%,-2.035,219.259,223.3664,tp_gap_filled,33.3357,7309.14,1.873,136.92,1
ZBRA,2020-03-05,2020-04-14,2020-04-27,3-5%,-3.027,209.7095,215.824,tp_gap_filled,34.7779,7293.27,2.916,212.65,9
ACN,2020-04-15,2020-04-17,2020-04-27,2-3%,-2.134,174.4743,177.9219,tp_gap_filled,42.2449,7370.65,1.976,145.64,6
INTU,2020-03-11,2020-04-17,2020-04-27,2-3%,-2.129,264.1839,269.3903,tp_gap_filled,28.0127,7400.51,1.971,145.85,6
HSIC,2020-04-20,2020-04-21,2020-04-27,2-3%,-2.442,52.3823,53.5864,tp_gap_filled,136.9688,7174.74,2.299,164.91,4
BNY,2020-04-21,2020-04-22,2020-04-27,2-3%,-2.966,35.3653,36.3736,tp_gap_filled,207.3066,7331.47,2.851,209.02,3
ALLE,2020-04-20,2020-04-23,2020-04-27,2-3%,-2.038,95.7356,97.5324,tp_gap_filled,76.351,7309.52,1.877,137.18,2
GWW,2020-04-23,2020-04-24,2020-04-27,3-5%,-4.32,264.4642,275.8539,tp_gap_filled,28.0551,7419.58,4.307,319.54,1
CARR,2020-04-01,2020-04-03,2020-04-28,5-10%,-7.246,16.016,17.2328,tp_gap_filled,404.908,6485.01,7.597,492.67,16
VRSK,2020-03-11,2020-04-07,2020-04-28,2-3%,-2.916,152.3222,156.5833,tp_gap_filled,44.8064,6825.0,2.797,190.92,14
CMI,2020-03-05,2020-04-09,2020-04-28,2-3%,-2.825,152.172,156.2836,tp_gap_filled,47.157,7175.98,2.702,193.89,12
AMCR,2020-04-15,2020-04-17,2020-04-28,3-5%,-4.204,43.3433,45.1548,tp_gap_filled,170.0727,7371.51,4.179,308.09,7
LULU,2020-03-05,2020-04-17,2020-04-28,2-3%,-2.685,225.6254,231.3884,tp_gap_filled,32.8256,7406.29,2.554,189.17,7
PGR,2020-02-19,2020-04-17,2020-04-28,2-3%,-2.002,81.8117,83.3166,tp_gap_filled,90.5316,7406.55,1.839,136.24,7
DTE,2020-04-20,2020-04-23,2020-04-28,2-3%,-2.504,87.9176,89.995,tp_gap_filled,83.1281,7308.42,2.363,172.69,3
MDT,2020-04-21,2020-04-24,2020-04-28,2-3%,-2.009,99.5995,101.4385,tp_gap_filled,74.5424,7424.39,1.846,137.08,2
APH,2020-03-11,2020-04-27,2020-04-28,3-5%,-3.26,10.9534,11.2999,tp_gap_filled,687.4922,7530.41,3.163,238.21,1
GS,2020-04-20,2020-04-27,2020-04-28,2-3%,-2.066,179.8797,183.3065,tp_gap_filled,41.8526,7528.43,1.905,143.42,1
IEX,2020-04-24,2020-04-27,2020-04-28,3-5%,-3.931,146.5164,152.2076,tp_gap_filled,51.4177,7533.54,3.884,292.63,1
INTC,2020-04-24,2020-04-27,2020-04-28,3-5%,-4.81,56.2562,58.981,tp_gap_filled,134.2125,7550.29,4.843,365.7,1
PKG,2020-04-20,2020-04-27,2020-04-28,3-5%,-3.28,87.9479,90.7492,tp_gap_filled,86.0131,7564.66,3.185,240.95,1
SPGI,2020-03-05,2020-04-27,2020-04-28,2-3%,-2.283,273.9729,279.8145,tp_gap_filled,27.6342,7571.01,2.132,161.43,1
EQT,2020-04-23,2020-04-27,2020-04-29,2-3%,-2.667,13.8839,14.2358,tp_gap_filled,542.3651,7530.13,2.534,190.85,2
APO,2020-03-05,2020-04-28,2020-04-29,2-3%,-2.236,42.022,42.8971,tp_gap_filled,181.0238,7606.98,2.082,158.41,1
ARES,2020-03-05,2020-04-28,2020-04-29,3-5%,-3.744,35.5155,36.8231,tp_gap_filled,213.9495,7598.52,3.682,279.77,1
BBY,2020-03-05,2020-04-28,2020-04-29,3-5%,-3.209,77.9078,80.3296,tp_gap_filled,97.4786,7594.34,3.108,236.07,1
BLDR,2020-03-12,2020-04-28,2020-04-29,10%+,-10.623,17.0971,19.0909,tp_gap_filled,444.1291,7593.31,11.662,885.51,1
COHR,2020-02-24,2020-04-28,2020-04-29,3-5%,-4.954,33.033,34.6853,tp_gap_filled,229.9614,7596.31,5.002,379.96,1
DIS,2020-03-11,2020-04-28,2020-04-29,2-3%,-2.727,108.5284,111.3485,tp_gap_filled,69.9823,7595.07,2.599,197.36,1
LH,2020-03-05,2020-04-28,2020-04-29,2-3%,-2.071,161.0458,143.1874,stop,47.2121,7603.31,-11.089,-843.13,1
ON,2020-03-11,2020-04-28,2020-04-29,2-3%,-2.783,16.4364,16.8731,tp_gap_filled,460.5525,7569.83,2.657,201.12,1
ROK,2020-03-05,2020-04-28,2020-04-29,3-5%,-3.501,185.7055,192.0578,tp_gap_filled,40.7133,7560.68,3.421,258.62,1
LRCX,2020-03-11,2020-04-17,2020-05-01,3-5%,-3.14,27.8819,23.3973,stop,265.6247,7406.11,-16.084,-1191.2,10
AXON,2020-03-05,2020-04-20,2020-05-04,3-5%,-3.0,78.3182,65.7215,stop,93.1505,7295.39,-16.084,-1173.39,10
AAPL,2020-03-05,2020-05-01,2020-05-06,2-3%,-2.385,73.9539,75.6093,tp_gap_filled,99.8726,7385.97,2.238,165.33,3
ADP,2020-03-12,2020-03-13,2020-05-07,5-10%,-7.067,137.6876,147.862,tp_gap_filled,50.357,6933.53,7.39,512.35,38
V,2020-03-11,2020-04-07,2020-05-07,2-3%,-2.711,177.8276,182.4174,tp_gap_filled,38.4464,6836.84,2.581,176.46,21
MNST,2020-03-11,2020-04-14,2020-05-08,3-5%,-3.221,16.016,16.516,tp_gap_filled,454.1605,7273.83,3.122,227.07,18
CMG,2020-02-24,2020-04-22,2020-05-08,2-3%,-2.469,17.9663,18.3844,tp_gap_filled,408.1261,7332.54,2.327,170.62,12
CVNA,2020-02-27,2020-04-22,2020-05-08,10%+,-12.958,17.6977,20.2917,tp_gap_filled,414.075,7328.17,14.657,1074.11,12
GOOG,2020-03-05,2020-04-29,2020-05-08,2-3%,-2.619,67.5775,69.2567,tp_gap_filled,114.6509,7747.82,2.485,192.52,7
GOOGL,2020-03-05,2020-04-29,2020-05-08,2-3%,-2.609,67.3448,69.0109,tp_gap_filled,115.0185,7745.9,2.474,191.64,7
ADSK,2020-05-01,2020-05-04,2020-05-08,3-5%,-4.227,179.3992,186.9429,tp_gap_filled,41.2246,7395.66,4.205,310.98,4
NDSN,2020-04-30,2020-05-06,2020-05-08,2-3%,-2.174,161.6715,164.9349,tp_gap_filled,45.9312,7425.77,2.019,149.89,2
COHR,2020-04-30,2020-05-07,2020-05-08,2-3%,-2.008,34.6847,35.3246,tp_gap_filled,216.5102,7509.58,1.845,138.56,1
ANET,2020-05-06,2020-05-07,2020-05-11,5-10%,-6.324,12.9192,13.7637,tp_gap_filled,580.9261,7505.07,6.537,490.63,2
CRL,2020-03-06,2020-05-08,2020-05-11,2-3%,-2.685,157.4473,161.4684,tp_gap_filled,48.7691,7678.57,2.554,196.11,1
EQIX,2020-05-07,2020-05-08,2020-05-11,3-5%,-3.242,662.672,683.5058,tp_gap_filled,11.5987,7686.13,3.144,241.64,1
TSN,2020-05-04,2020-05-08,2020-05-11,2-3%,-2.933,58.3082,59.95,tp_gap_filled,131.9582,7694.25,2.816,216.64,1
BDX,2020-02-06,2020-02-11,2020-05-12,10%+,-11.535,194.2422,200.8191,time_exit,45.4244,8823.34,3.386,298.75,63
CTVA,2020-03-05,2020-04-09,2020-05-12,3-5%,-3.114,28.028,23.52,stop,255.9464,7173.67,-16.084,-1153.81,22
PODD,2020-05-08,2020-05-11,2020-05-12,5-10%,-5.652,203.193,214.9348,tp_gap_filled,37.7745,7675.52,5.779,443.54,1
RMD,2020-03-06,2020-05-11,2020-05-12,2-3%,-2.202,167.157,170.5792,tp_gap_filled,46.0863,7703.65,2.047,157.72,1
ADM,2020-03-05,2020-04-29,2020-05-13,2-3%,-2.515,38.4184,34.1582,stop,201.6717,7747.9,-11.089,-859.16,10
IP,2020-03-05,2020-04-29,2020-05-13,3-5%,-3.085,34.8359,29.2329,stop,222.3277,7744.99,-16.084,-1245.7,10
CAH,2020-03-05,2020-05-11,2020-05-13,2-3%,-2.599,53.2632,47.3569,stop,144.1076,7675.63,-11.089,-851.15,2
ABBV,2020-03-06,2020-05-12,2020-05-13,2-3%,-2.075,88.8187,90.5194,tp_gap_filled,84.8777,7538.73,1.915,144.35,1
AMCR,2020-05-11,2020-05-12,2020-05-13,2-3%,-2.453,43.7937,44.8051,tp_gap_filled,172.2478,7543.38,2.309,174.21,1
CL,2020-03-05,2020-04-14,2020-05-14,2-3%,-2.202,73.7837,65.6018,stop,98.2811,7251.54,-11.089,-804.12,22
NRG,2020-03-05,2020-04-28,2020-05-14,2-3%,-2.539,34.5845,30.7495,stop,219.0637,7576.22,-11.089,-840.13,12
CAT,2020-04-13,2020-04-29,2020-05-14,3-5%,-4.063,120.0699,100.7579,stop,64.5278,7747.84,-16.084,-1246.16,11
GLW,2020-05-01,2020-05-08,2020-05-14,2-3%,-2.317,21.5215,19.135,stop,357.4156,7692.12,-11.089,-852.98,4
SMCI,2020-03-06,2020-05-08,2020-05-14,2-3%,-2.279,2.5325,2.2517,stop,3037.7897,7693.29,-11.089,-853.11,4
CIEN,2020-05-13,2020-05-14,2020-05-15,2-3%,-2.89,46.7467,48.0419,tp_gap_filled,159.114,7438.05,2.771,206.09,1
DDOG,2020-05-13,2020-05-14,2020-05-15,3-5%,-3.224,66.7066,68.7911,tp_gap_filled,111.5768,7442.91,3.125,232.58,1
AZO,2020-03-12,2020-04-24,2020-05-18,3-5%,-4.49,1041.1701,1087.941,tp_gap_filled,7.1249,7418.18,4.492,333.24,16
ECL,2020-03-05,2020-04-28,2020-05-18,2-3%,-2.471,199.4893,204.1357,tp_gap_filled,38.0454,7589.66,2.329,176.77,14
DHR,2020-05-07,2020-05-08,2020-05-18,3-5%,-3.214,140.841,145.227,tp_gap_filled,54.5438,7682.0,3.114,239.22,6
PYPL,2020-05-08,2020-05-11,2020-05-18,2-3%,-2.078,143.3932,146.1437,tp_gap_filled,53.7169,7702.64,1.918,147.75,5
SHW,2020-03-05,2020-05-11,2020-05-18,2-3%,-2.39,187.2003,191.4017,tp_gap_filled,41.1693,7706.92,2.244,172.97,5
A,2020-03-05,2020-05-12,2020-05-18,2-3%,-2.62,82.2221,84.2656,tp_gap_filled,91.7757,7545.99,2.485,187.54,4
APO,2020-05-14,2020-05-15,2020-05-18,3-5%,-3.985,40.04,41.6183,tp_gap_filled,186.039,7449.0,3.942,293.63,1
ARES,2020-05-14,2020-05-15,2020-05-18,2-3%,-2.292,32.8528,33.5564,tp_gap_filled,226.8613,7453.03,2.142,159.62,1
CDW,2020-05-14,2020-05-15,2020-05-18,2-3%,-2.796,95.3653,97.912,tp_gap_filled,78.2141,7458.91,2.67,199.19,1
COP,2020-05-14,2020-05-15,2020-05-18,2-3%,-2.407,38.9689,39.8501,tp_gap_filled,191.5701,7465.28,2.261,168.81,1
CTVA,2020-05-14,2020-05-15,2020-05-18,2-3%,-2.149,22.7928,23.2467,tp_gap_filled,328.0611,7477.42,1.992,148.93,1
CVNA,2020-05-14,2020-05-15,2020-05-18,2-3%,-2.102,17.6196,17.962,tp_gap_filled,424.3668,7477.17,1.943,145.31,1
DD,2020-05-14,2020-05-15,2020-05-18,2-3%,-2.278,53.9032,55.0495,tp_gap_filled,138.9542,7490.08,2.127,159.28,1
DE,2020-05-14,2020-05-15,2020-05-18,2-3%,-2.241,123.123,125.6942,tp_gap_filled,60.9525,7504.66,2.088,156.72,1
HSIC,2020-05-14,2020-05-15,2020-05-18,2-3%,-2.014,50.1501,51.0789,tp_gap_filled,149.7609,7510.52,1.852,139.09,1
NKE,2020-03-05,2020-04-29,2020-05-19,2-3%,-2.698,91.3513,93.6962,tp_gap_filled,84.8124,7747.72,2.567,198.88,14
COHR,2020-05-13,2020-05-14,2020-05-19,3-5%,-3.124,42.5225,43.8061,tp_gap_filled,174.9309,7438.49,3.019,224.55,3
AAPL,2020-05-15,2020-05-18,2020-05-19,2-3%,-2.969,75.1626,77.3076,tp_gap_filled,101.848,7655.16,2.854,218.47,1
AMD,2020-05-15,2020-05-18,2020-05-19,2-3%,-2.183,53.3733,54.4555,tp_gap_filled,143.6543,7667.31,2.028,155.46,1
CARR,2020-05-13,2020-05-18,2020-05-19,3-5%,-3.315,17.2272,17.7822,tp_gap_filled,445.4086,7673.15,3.222,247.2,1
CDNS,2020-05-15,2020-05-18,2020-05-19,3-5%,-3.25,79.2692,81.7681,tp_gap_filled,96.8591,7677.94,3.152,242.05,1
INTC,2020-05-15,2020-05-18,2020-05-19,2-3%,-2.844,57.4574,59.0209,tp_gap_filled,133.8966,7693.35,2.721,209.35,1
KLAC,2020-05-15,2020-05-18,2020-05-19,3-5%,-4.934,16.8198,17.6573,tp_gap_filled,458.1254,7705.58,4.979,383.69,1
LITE,2020-05-15,2020-05-18,2020-05-19,3-5%,-4.591,69.8998,73.1168,tp_gap_filled,110.3273,7711.86,4.602,354.92,1
MPWR,2020-05-15,2020-05-18,2020-05-19,2-3%,-2.468,196.196,200.759,tp_gap_filled,39.3556,7721.4,2.326,179.58,1
MRVL,2020-05-15,2020-05-18,2020-05-19,2-3%,-2.473,25.6556,26.2537,tp_gap_filled,301.4042,7732.71,2.331,180.27,1
NDSN,2020-05-15,2020-05-18,2020-05-19,2-3%,-2.229,158.9087,162.2076,tp_gap_filled,48.783,7752.05,2.076,160.93,1
KEYS,2020-05-15,2020-05-18,2020-05-20,2-3%,-2.442,96.3863,98.6013,tp_gap_filled,79.9319,7704.34,2.298,177.05,2
LRCX,2020-05-15,2020-05-18,2020-05-20,5-10%,-6.041,25.3003,26.8731,tp_gap_filled,305.0109,7716.86,6.217,479.73,2
CPRT,2020-03-05,2020-05-19,2020-05-20,2-3%,-2.621,21.1987,21.7258,tp_gap_filled,362.9146,7693.31,2.486,191.28,1
MCK,2020-05-20,2020-05-21,2020-05-22,3-5%,-3.132,140.2401,144.4854,tp_gap_filled,55.0778,7724.11,3.027,233.82,1
PANW,2020-02-24,2020-05-21,2020-05-22,2-3%,-2.539,39.5111,40.4595,tp_gap_filled,195.7513,7734.36,2.4,185.64,1
DLTR,2020-03-12,2020-03-23,2020-05-26,3-5%,-4.243,80.2001,83.5863,tp_gap_filled,76.0121,6096.18,4.222,257.39,44
NDAQ,2020-03-05,2020-04-28,2020-05-26,3-5%,-3.265,37.5609,38.7512,tp_gap_filled,201.7931,7579.52,3.169,240.21,19
MCHP,2020-03-05,2020-04-29,2020-05-26,3-5%,-3.463,45.06,46.5834,tp_gap_filled,171.8402,7743.12,3.381,261.77,18
AVGO,2020-03-05,2020-05-12,2020-05-26,2-3%,-2.869,27.7537,28.5165,tp_gap_filled,272.1603,7553.46,2.748,207.58,9
BLDR,2020-04-30,2020-05-18,2020-05-26,3-5%,-3.48,18.8789,19.5205,tp_gap_filled,406.4404,7673.13,3.399,260.77,5
MA,2020-03-05,2020-05-19,2020-05-26,2-3%,-2.199,296.0057,302.0576,tp_gap_filled,25.9816,7690.69,2.045,157.24,4
CVNA,2020-05-19,2020-05-20,2020-05-26,5-10%,-7.983,18.1621,19.6983,tp_gap_filled,427.5167,7764.62,8.458,656.73,3
FICO,2020-03-05,2020-05-20,2020-05-26,2-3%,-2.462,382.3119,391.1784,tp_gap_filled,20.3119,7765.47,2.319,180.1,3
GNRC,2020-03-05,2020-05-21,2020-05-26,2-3%,-2.617,115.105,117.9619,tp_gap_filled,67.1179,7725.6,2.482,191.75,2
ALLE,2020-05-21,2020-05-22,2020-05-26,3-5%,-3.462,94.064,97.2427,tp_gap_filled,82.6279,7772.31,3.379,262.65,1
DECK,2020-03-05,2020-05-22,2020-05-26,2-3%,-2.507,29.2626,29.955,tp_gap_filled,265.7154,7775.52,2.366,183.99,1
MDT,2020-05-21,2020-05-22,2020-05-26,3-5%,-3.038,95.1951,97.9819,tp_gap_filled,81.7622,7783.36,2.927,227.86,1
NSC,2020-03-05,2020-04-29,2020-05-27,3-5%,-3.669,177.6575,184.0558,tp_gap_filled,43.5582,7738.44,3.601,278.7,19
BX,2020-03-06,2020-05-19,2020-05-27,3-5%,-4.603,55.1851,57.7322,tp_gap_filled,139.6052,7704.13,4.616,355.59,5
SNA,2020-03-11,2020-05-19,2020-05-27,2-3%,-2.507,136.9969,140.2396,tp_gap_filled,56.1044,7686.13,2.367,181.93,5
PSX,2020-02-27,2020-05-20,2020-05-27,2-3%,-2.029,78.7787,80.2497,tp_gap_filled,98.5843,7766.34,1.867,145.02,4
BSX,2020-05-21,2020-05-22,2020-05-27,3-5%,-4.465,35.5555,37.1428,tp_gap_filled,218.6139,7772.93,4.464,347.01,2
KDP,2020-05-21,2020-05-22,2020-05-27,2-3%,-2.925,26.9069,27.6623,tp_gap_filled,289.1798,7780.93,2.808,218.46,2
BNY,2020-05-01,2020-05-26,2020-05-27,2-3%,-2.371,36.6867,37.5025,tp_gap_filled,216.7476,7951.74,2.224,176.82,1
DHI,2020-03-06,2020-05-26,2020-05-27,3-5%,-3.527,54.7647,56.6533,tp_gap_filled,145.2251,7953.21,3.449,274.27,1
EL,2020-03-11,2020-05-26,2020-05-27,2-3%,-2.599,182.6925,187.1926,tp_gap_filled,43.5631,7958.66,2.463,196.04,1
EXPE,2020-03-11,2020-05-26,2020-05-27,3-5%,-3.13,83.3232,85.8441,tp_gap_filled,95.5806,7964.09,3.025,240.94,1
GS,2020-04-30,2020-05-26,2020-05-27,2-3%,-2.121,186.186,189.84,tp_gap_filled,42.7663,7962.48,1.963,156.27,1
ITW,2020-03-05,2020-05-26,2020-05-27,3-5%,-3.292,171.7316,177.2226,tp_gap_filled,46.4478,7976.56,3.197,255.05,1
KKR,2020-03-05,2020-05-26,2020-05-27,3-5%,-3.228,28.5085,29.4006,tp_gap_filled,279.8703,7978.68,3.129,249.67,1
UAL,2020-04-30,2020-05-26,2020-05-27,3-5%,-4.966,29.6897,31.1788,tp_gap_filled,268.2441,7964.08,5.016,399.45,1
LMT,2020-03-05,2020-04-17,2020-05-28,2-3%,-2.017,394.3139,401.628,tp_gap_filled,18.7708,7401.61,1.855,137.29,28
NUE,2020-03-05,2020-04-29,2020-05-28,3-5%,-3.589,41.6816,43.1468,tp_gap_filled,185.749,7742.32,3.515,272.15,20
CSCO,2020-02-24,2020-05-18,2020-05-28,2-3%,-2.808,45.045,46.2537,tp_gap_filled,170.7444,7691.18,2.683,206.38,7
TRMB,2020-02-27,2020-05-26,2020-05-28,2-3%,-2.41,41.7417,42.6873,tp_gap_filled,191.4156,7990.01,2.265,181.0,2
EQT,2020-05-26,2020-05-27,2020-05-28,2-3%,-2.911,13.3533,13.7263,tp_gap_filled,606.0299,8092.52,2.793,226.0,1
GPC,2020-03-11,2020-05-27,2020-05-28,2-3%,-2.758,83.6336,85.8341,tp_gap_filled,96.9011,8104.18,2.631,213.23,1
REGN,2020-05-26,2020-05-27,2020-05-28,3-5%,-3.75,549.0885,569.3401,tp_gap_filled,14.7884,8120.15,3.688,299.49,1
STLD,2020-03-05,2020-05-27,2020-05-28,2-3%,-2.998,26.5565,27.3227,tp_gap_filled,305.674,8117.64,2.885,234.18,1
STT,2020-04-30,2020-05-27,2020-05-28,2-3%,-2.187,63.113,64.3955,tp_gap_filled,128.752,8125.93,2.032,165.12,1
SYF,2020-04-30,2020-05-27,2020-05-28,3-5%,-3.183,20.4004,21.0289,tp_gap_filled,398.5806,8131.2,3.081,250.54,1
TDY,2020-03-05,2020-05-27,2020-05-28,2-3%,-2.13,358.348,365.4142,tp_gap_filled,22.726,8143.81,1.972,160.59,1
BF-B,2020-05-27,2020-05-28,2020-05-29,2-3%,-2.943,61.7317,63.4765,tp_gap_filled,131.3047,8105.66,2.826,229.1,1
KEYS,2020-05-27,2020-05-28,2020-05-29,5-10%,-5.706,97.5975,103.2966,tp_gap_filled,83.197,8119.82,5.839,474.15,1
MCO,2020-03-05,2020-04-28,2020-06-01,3-5%,-3.457,260.5203,269.3104,tp_gap_filled,29.1254,7587.77,3.374,256.02,23
ICE,2020-03-06,2020-05-18,2020-06-01,2-3%,-2.839,95.2251,97.8121,tp_gap_filled,80.7693,7691.27,2.717,208.95,9
DDOG,2020-05-28,2020-05-29,2020-06-01,2-3%,-2.873,64.9649,66.7532,tp_gap_filled,125.4489,8149.78,2.753,224.34,1
META,2020-05-28,2020-05-29,2020-06-01,2-3%,-2.112,224.5243,228.9109,tp_gap_filled,36.4228,8177.81,1.954,159.77,1
ALGN,2020-02-24,2020-05-22,2020-06-02,5-10%,-5.725,245.6054,259.9997,tp_gap_filled,31.6535,7774.28,5.861,455.63,6
TEL,2020-03-05,2020-05-27,2020-06-02,3-5%,-3.333,83.0229,85.7142,tp_gap_filled,98.1188,8146.11,3.242,264.06,4
AMP,2020-05-29,2020-06-01,2020-06-02,2-3%,-2.019,140.8807,143.4964,tp_gap_filled,58.232,8203.77,1.857,152.31,1
AXP,2020-05-29,2020-06-01,2020-06-02,2-3%,-2.611,95.5955,97.9619,tp_gap_filled,85.8797,8209.71,2.475,203.23,1
C,2020-05-29,2020-06-01,2020-06-02,2-3%,-2.319,48.068,49.1108,tp_gap_filled,170.8624,8213.02,2.169,178.18,1
CARR,2020-05-29,2020-06-01,2020-06-02,3-5%,-3.265,18.979,19.5804,tp_gap_filled,433.158,8220.89,3.169,260.52,1
CBRE,2020-05-29,2020-06-01,2020-06-02,2-3%,-2.063,43.2532,44.0759,tp_gap_filled,191.0126,8261.91,1.902,157.14,1
CCL,2020-05-29,2020-06-01,2020-06-02,3-5%,-4.394,15.2452,15.9141,tp_gap_filled,542.3044,8267.56,4.387,362.72,1
CFG,2020-05-29,2020-06-01,2020-06-02,2-3%,-2.758,24.004,24.6353,tp_gap_filled,345.5952,8295.66,2.63,218.2,1
DAL,2020-05-29,2020-06-01,2020-06-02,3-5%,-4.053,24.6446,25.6343,tp_gap_filled,337.0722,8307.02,4.016,333.61,1
EME,2020-05-29,2020-06-01,2020-06-02,2-3%,-2.035,64.074,65.2747,tp_gap_filled,129.9147,8324.15,1.874,155.98,1
HBAN,2020-05-29,2020-06-01,2020-06-02,2-3%,-2.195,8.9189,9.1009,tp_gap_filled,933.6678,8327.3,2.04,169.91,1
BEN,2020-03-18,2020-03-19,2020-06-03,5-10%,-6.498,18.8689,20.1398,tp_gap_filled,350.7619,6618.47,6.736,445.81,52
TTD,2020-05-08,2020-05-11,2020-06-03,5-10%,-7.194,29.9599,32.2178,tp_gap_filled,257.1986,7705.65,7.536,580.71,16
TMUS,2020-05-19,2020-05-20,2020-06-03,3-5%,-3.425,98.5084,101.7981,tp_gap_filled,78.8218,7764.61,3.339,259.3,9
BBY,2020-05-21,2020-05-26,2020-06-03,2-3%,-2.502,79.5795,81.4585,tp_gap_filled,99.9266,7952.11,2.361,187.76,6
FOXA,2020-03-05,2020-05-27,2020-06-03,2-3%,-2.489,30.1902,30.8991,tp_gap_filled,268.5981,8109.02,2.348,190.41,5
GRMN,2020-03-05,2020-05-28,2020-06-03,2-3%,-2.441,91.2211,93.3166,tp_gap_filled,89.0226,8120.75,2.297,186.54,4
D,2020-03-06,2020-05-29,2020-06-03,2-3%,-2.604,84.9849,87.0828,tp_gap_filled,95.8958,8149.7,2.469,201.18,3
IR,2020-05-28,2020-05-29,2020-06-03,5-10%,-6.667,28.028,29.97,tp_gap_filled,291.7133,8176.14,6.929,566.51,3
EFX,2020-03-05,2020-06-02,2020-06-03,2-3%,-2.419,159.0889,162.7071,tp_gap_filled,52.4217,8339.71,2.274,189.67,1
EQT,2020-06-01,2020-06-02,2020-06-03,3-5%,-3.898,12.8328,13.3267,tp_gap_filled,650.9668,8353.74,3.848,321.47,1
PPG,2020-03-05,2020-06-02,2020-06-03,2-3%,-2.538,105.3252,107.852,tp_gap_filled,79.4402,8367.06,2.399,200.73,1
PWR,2020-03-05,2020-06-02,2020-06-03,2-3%,-2.137,39.4194,40.1998,tp_gap_filled,212.4048,8372.87,1.98,165.76,1
TRMB,2020-05-29,2020-06-02,2020-06-03,3-5%,-3.382,40.6106,41.948,tp_gap_filled,206.2061,8374.15,3.293,275.79,1
WDC,2020-06-01,2020-06-02,2020-06-03,2-3%,-2.186,32.837,33.5039,tp_gap_filled,254.9731,8372.56,2.031,170.03,1
YUM,2020-03-05,2020-06-02,2020-06-03,2-3%,-2.261,92.5825,94.5354,tp_gap_filled,90.4721,8376.14,2.109,176.68,1
LYB,2020-03-09,2020-05-26,2020-06-04,5-10%,-9.71,65.065,71.918,tp_gap_filled,122.6336,7979.16,10.533,840.41,7
PNR,2020-03-05,2020-05-27,2020-06-04,3-5%,-3.474,39.4995,40.8391,tp_gap_filled,205.4443,8114.94,3.392,275.23,6
HAS,2020-04-29,2020-06-03,2020-06-04,2-3%,-2.504,75.9859,77.7821,tp_gap_filled,111.6046,8480.38,2.364,200.47,1
CSX,2020-02-27,2020-05-27,2020-06-05,2-3%,-2.191,24.5779,25.0782,tp_gap_filled,329.2802,8093.01,2.036,164.75,7
CI,2020-03-05,2020-05-28,2020-06-05,3-5%,-3.107,203.233,209.3305,tp_gap_filled,39.9753,8124.29,3.0,243.75,6
CMCSA,2020-03-05,2020-06-03,2020-06-05,2-3%,-2.541,38.8579,39.7915,tp_gap_filled,218.1437,8476.62,2.402,203.64,2
CRH,2020-03-05,2020-06-03,2020-06-05,2-3%,-2.316,35.4654,36.2337,tp_gap_filled,238.9797,8475.52,2.166,183.61,2
FCX,2020-03-05,2020-06-03,2020-06-05,3-5%,-3.732,10.0701,10.4395,tp_gap_filled,841.6665,8475.63,3.669,310.99,2
FOX,2020-03-05,2020-06-03,2020-06-05,2-3%,-2.739,29.8598,30.6393,tp_gap_filled,283.913,8477.59,2.611,221.31,2
NTAP,2020-05-28,2020-06-03,2020-06-05,3-5%,-3.283,44.8248,46.2537,tp_gap_filled,189.2894,8484.86,3.188,270.48,2
TROW,2020-03-05,2020-06-03,2020-06-05,2-3%,-2.889,125.165,128.6312,tp_gap_filled,67.833,8490.32,2.769,235.12,2
WAT,2020-03-05,2020-06-03,2020-06-05,2-3%,-2.384,203.6735,208.2316,tp_gap_filled,41.712,8495.62,2.238,190.13,2
AMAT,2020-03-05,2020-06-04,2020-06-05,3-5%,-3.239,58.6186,60.4595,tp_gap_filled,143.9992,8441.03,3.141,265.09,1
JPM,2020-03-06,2020-06-04,2020-06-05,5-10%,-6.765,106.3663,113.856,tp_gap_filled,79.4096,8446.5,7.041,594.76,1
NCLH,2020-06-03,2020-06-04,2020-06-05,3-5%,-3.393,16.8168,17.3726,tp_gap_filled,502.2773,8446.7,3.305,279.17,1
RCL,2020-06-03,2020-06-04,2020-06-05,2-3%,-2.321,54.7547,55.944,tp_gap_filled,155.1123,8493.13,2.172,184.47,1
WFC,2020-04-30,2020-06-04,2020-06-05,2-3%,-2.267,29.3493,29.97,tp_gap_filled,289.8978,8508.3,2.115,179.93,1
GILD,2020-06-01,2020-06-04,2020-06-08,3-5%,-3.032,75.5455,77.7522,tp_gap_filled,111.7085,8439.07,2.921,246.51,2
APTV,2020-06-04,2020-06-05,2020-06-08,2-3%,-2.148,81.6215,83.2467,tp_gap_filled,105.3125,8595.77,1.991,171.15,1
GPC,2020-06-04,2020-06-05,2020-06-08,2-3%,-2.019,87.4273,89.0509,tp_gap_filled,98.4015,8602.98,1.857,159.76,1
HLT,2020-03-11,2020-06-05,2020-06-08,2-3%,-2.325,88.3082,90.2297,tp_gap_filled,97.6002,8618.9,2.176,187.53,1
OXY,2020-06-04,2020-06-05,2020-06-08,2-3%,-2.395,15.0951,15.4345,tp_gap_filled,569.4461,8595.83,2.249,193.31,1
DDOG,2020-06-05,2020-06-08,2020-06-09,2-3%,-2.522,70.0199,71.6882,tp_gap_filled,123.7053,8661.84,2.383,206.38,1
REGN,2020-06-05,2020-06-08,2020-06-09,2-3%,-2.262,585.585,597.9414,tp_gap_filled,14.8301,8684.3,2.11,183.25,1
CRM,2020-05-29,2020-06-01,2020-06-10,3-5%,-3.755,174.4743,180.9189,tp_gap_filled,47.5945,8304.02,3.694,306.73,7
WST,2020-06-08,2020-06-09,2020-06-10,2-3%,-2.032,201.7516,205.5243,tp_gap_filled,42.4358,8561.48,1.87,160.1,1
LEN,2020-03-05,2020-05-27,2020-06-11,2-3%,-2.191,63.1609,56.157,stop,128.4972,8116.0,-11.089,-899.98,11
CRWD,2020-06-04,2020-06-05,2020-06-11,3-5%,-3.945,23.5811,24.5005,tp_gap_filled,365.1494,8610.61,3.899,335.72,4
INVH,2020-03-06,2020-06-05,2020-06-11,2-3%,-2.185,29.5695,26.2906,stop,291.357,8615.29,-11.089,-955.35,4
PPL,2020-03-06,2020-06-05,2020-06-11,2-3%,-2.683,30.8608,27.4387,stop,282.0382,8703.93,-11.089,-965.18,4
ALB,2020-06-09,2020-06-10,2020-06-11,2-3%,-2.006,85.085,75.6499,stop,100.4022,8542.72,-11.089,-947.3,1
BAC,2020-06-09,2020-06-10,2020-06-11,2-3%,-2.873,27.7477,24.6708,stop,307.0697,8520.48,-11.089,-944.84,1
LII,2020-03-11,2020-06-08,2020-06-12,2-3%,-2.053,241.6814,214.8814,stop,35.9511,8688.72,-11.089,-963.49,4
BALL,2020-03-06,2020-06-04,2020-06-15,2-3%,-2.35,75.2952,66.9457,stop,112.0746,8438.68,-11.089,-935.77,7
ECHO,2020-03-27,2020-06-05,2020-06-15,3-5%,-3.708,34.5745,29.0136,stop,249.0101,8609.41,-16.084,-1384.74,6
BKR,2020-06-09,2020-06-10,2020-06-15,3-5%,-3.778,18.3583,15.4056,stop,462.8411,8496.99,-16.084,-1366.66,3
AMCR,2020-06-10,2020-06-12,2020-06-15,2-3%,-2.157,49.9499,50.949,tp_gap_filled,161.793,8081.54,2.0,161.65,1
ARE,2020-06-11,2020-06-12,2020-06-15,3-5%,-3.122,153.143,157.7621,tp_gap_filled,52.6898,8069.08,3.016,243.38,1
APO,2020-06-09,2020-06-10,2020-06-16,2-3%,-2.253,51.6816,52.7672,tp_gap_filled,165.0972,8532.49,2.1,179.22,4
ALGN,2020-06-11,2020-06-12,2020-06-16,3-5%,-4.904,254.6944,267.2924,tp_gap_filled,31.744,8085.03,4.946,399.91,2
BBY,2020-06-11,2020-06-12,2020-06-16,2-3%,-2.754,79.5294,81.6183,tp_gap_filled,101.5651,8077.42,2.627,212.15,2
BLK,2020-06-11,2020-06-15,2020-06-16,2-3%,-2.507,544.6141,557.5019,tp_gap_filled,14.9084,8119.31,2.366,192.14,1
COHR,2020-06-11,2020-06-15,2020-06-16,3-5%,-3.323,48.048,49.6004,tp_gap_filled,168.967,8118.52,3.231,262.3,1
FOX,2020-06-11,2020-06-15,2020-06-16,3-5%,-3.431,28.7387,29.7003,tp_gap_filled,282.4379,8116.9,3.346,271.58,1
ACN,2020-06-15,2020-06-16,2020-06-17,2-3%,-2.53,196.6865,201.3884,tp_gap_filled,41.9908,8259.03,2.391,197.44,1
ADP,2020-06-15,2020-06-16,2020-06-17,2-3%,-2.857,142.9528,146.863,tp_gap_filled,57.8769,8273.67,2.735,226.31,1
AJG,2020-06-15,2020-06-16,2020-06-17,2-3%,-2.413,93.113,95.2247,tp_gap_filled,89.0391,8290.7,2.268,188.02,1
AEP,2020-03-18,2020-03-19,2020-06-18,5-10%,-6.776,85.105,81.6882,time_exit,77.7392,6616.0,-4.015,-265.62,63
ADM,2020-06-11,2020-06-16,2020-06-19,2-3%,-2.879,40.1902,41.2987,tp_gap_filled,205.7675,8269.83,2.758,228.1,3
ORCL,2020-06-17,2020-06-18,2020-06-22,2-3%,-2.858,53.083,54.5354,tp_gap_filled,155.1217,8234.33,2.736,225.3,2
FCX,2020-06-18,2020-06-19,2020-06-22,2-3%,-2.056,10.4905,10.6893,tp_gap_filled,781.9515,8203.05,1.895,155.47,1
FISV,2020-03-05,2020-06-02,2020-06-24,2-3%,-2.701,109.2592,97.1434,stop,76.5687,8365.83,-11.089,-927.69,16
GPN,2020-03-05,2020-06-03,2020-06-24,2-3%,-2.362,189.5293,168.5124,stop,44.7477,8481.0,-11.089,-940.46,15
IFF,2020-06-08,2020-06-09,2020-06-24,2-3%,-2.503,134.5444,119.6248,stop,63.6327,8561.43,-11.089,-949.38,11
AIZ,2020-06-09,2020-06-10,2020-06-24,2-3%,-2.249,114.8848,102.1452,stop,74.3686,8543.82,-11.089,-947.42,10
TMUS,2020-06-23,2020-06-24,2020-06-25,2-3%,-2.72,103.8037,106.4934,tp_gap_filled,76.5511,7946.29,2.591,205.9,1
AXP,2020-06-09,2020-06-10,2020-06-26,3-5%,-3.158,110.1901,92.4671,stop,77.4197,8530.89,-16.084,-1372.11,12
COHR,2020-06-24,2020-06-25,2020-06-26,2-3%,-2.073,49.1691,50.1098,tp_gap_filled,163.1341,8021.16,1.913,153.46,1
ALGN,2020-06-24,2020-06-26,2020-06-29,2-3%,-2.034,262.232,267.1426,tp_gap_filled,29.9864,7863.39,1.873,147.25,1
DHI,2020-06-25,2020-06-26,2020-06-29,3-5%,-3.143,52.4424,54.0359,tp_gap_filled,149.9606,7864.29,3.039,238.97,1
LEN,2020-06-25,2020-06-26,2020-06-29,2-3%,-2.354,55.8641,57.0968,tp_gap_filled,140.8279,7867.23,2.206,173.59,1
KIM,2020-06-24,2020-06-25,2020-06-30,2-3%,-2.146,12.7828,13.037,tp_gap_filled,627.8684,8025.9,1.988,159.59,3
LUV,2020-06-24,2020-06-29,2020-06-30,2-3%,-2.158,34.034,34.7152,tp_gap_filled,234.8513,7992.93,2.002,159.99,1
NWS,2020-06-24,2020-06-25,2020-07-01,2-3%,-2.071,11.8318,12.0579,tp_gap_filled,678.2736,8025.21,1.911,153.36,4
HST,2020-06-24,2020-06-29,2020-07-01,2-3%,-2.402,10.981,11.2288,tp_gap_filled,727.9355,7993.44,2.257,180.37,2
CRH,2020-06-24,2020-06-29,2020-07-02,2-3%,-2.422,34.6847,35.4745,tp_gap_filled,230.5057,7995.01,2.277,182.06,3
FDX,2020-06-09,2020-07-01,2020-07-02,2-3%,-2.343,117.6679,120.2503,tp_gap_filled,68.7039,8084.25,2.195,177.42,1
TTWO,2020-05-21,2020-05-26,2020-07-06,3-5%,-3.201,142.2821,146.6932,tp_gap_filled,56.1327,7986.68,3.1,247.6,28
BKNG,2020-06-11,2020-06-12,2020-07-06,3-5%,-4.469,66.3002,69.2631,tp_gap_filled,121.7405,8071.43,4.469,360.7,15
PFG,2020-06-18,2020-06-19,2020-07-06,5-10%,-5.017,40.7407,42.8071,tp_gap_filled,201.2388,8198.61,5.072,415.85,10
AES,2020-06-09,2020-06-30,2020-07-06,3-5%,-3.073,14.5245,14.955,tp_gap_filled,558.1289,8106.55,2.964,240.29,3
ALL,2020-06-11,2020-06-16,2020-07-08,2-3%,-2.206,99.8297,88.7596,stop,83.1308,8298.93,-11.089,-920.27,15
BIIB,2020-06-18,2020-06-19,2020-07-08,5-10%,-7.241,261.3411,281.1785,tp_gap_filled,31.3497,8192.95,7.591,621.9,12
JBL,2020-06-09,2020-06-19,2020-07-09,2-3%,-2.295,34.0941,30.3134,stop,240.6077,8203.29,-11.089,-909.66,13
CHRW,2020-07-07,2020-07-08,2020-07-09,2-3%,-2.007,78.6786,80.1298,tp_gap_filled,103.4794,8141.61,1.844,150.17,1
CARR,2020-06-09,2020-07-06,2020-07-10,2-3%,-2.585,23.7637,24.3456,tp_gap_filled,347.7796,8264.54,2.449,202.37,4
ABT,2020-06-01,2020-06-02,2020-07-13,2-3%,-2.075,93.0429,94.8251,tp_gap_filled,89.6465,8340.97,1.915,159.76,28
ALB,2020-06-11,2020-06-16,2020-07-13,5-10%,-5.855,79.0289,83.7761,tp_gap_filled,105.0024,8298.23,6.007,498.47,18
C,2020-06-22,2020-06-23,2020-07-13,2-3%,-2.022,51.9018,52.8671,tp_gap_filled,158.2188,8211.85,1.86,152.72,13
CASY,2020-06-22,2020-06-23,2020-07-13,3-5%,-3.43,150.5104,155.5443,tp_gap_filled,54.5967,8217.37,3.345,274.84,13
CINF,2020-06-09,2020-07-10,2020-07-13,2-3%,-2.408,69.7797,71.3586,tp_gap_filled,117.2022,8178.34,2.263,185.05,1
MPC,2020-07-07,2020-07-10,2020-07-13,2-3%,-2.255,35.5755,36.3236,tp_gap_filled,229.9634,8181.07,2.103,172.04,1
BDX,2020-05-20,2020-07-08,2020-07-14,2-3%,-2.834,196.3459,201.6696,tp_gap_filled,41.4833,8145.08,2.711,220.85,4
ZTS,2020-03-05,2020-06-02,2020-07-15,2-3%,-2.012,140.8707,143.4764,tp_gap_filled,59.4518,8375.01,1.85,154.91,30
AME,2020-06-11,2020-06-12,2020-07-15,3-5%,-3.253,90.2101,93.0569,tp_gap_filled,89.532,8076.69,3.156,254.87,22
CFG,2020-06-26,2020-06-30,2020-07-15,2-3%,-2.732,24.5946,25.2347,tp_gap_filled,329.5812,8105.91,2.603,210.99,10
ARE,2020-07-07,2020-07-08,2020-07-15,2-3%,-2.245,161.2511,164.6252,tp_gap_filled,50.5159,8145.75,2.092,170.45,5
LUV,2020-07-07,2020-07-13,2020-07-15,2-3%,-2.362,33.5235,34.2657,tp_gap_filled,244.8446,8208.05,2.214,181.73,2
SWK,2020-06-09,2020-07-13,2020-07-15,2-3%,-2.375,144.8547,148.0818,tp_gap_filled,56.6142,8200.84,2.228,182.7,2
MCK,2020-07-07,2020-07-14,2020-07-15,2-3%,-2.178,148.3582,151.3585,tp_gap_filled,55.8378,8284.0,2.022,167.53,1
XYL,2020-06-09,2020-07-14,2020-07-15,2-3%,-2.047,70.8908,72.2277,tp_gap_filled,116.8422,8283.04,1.886,156.2,1
JCI,2020-03-11,2020-06-05,2020-07-16,3-5%,-3.009,36.4564,37.5124,tp_gap_filled,236.0753,8606.46,2.897,249.3,28
ALL,2020-07-08,2020-07-13,2020-07-16,3-5%,-3.734,89.2792,92.5574,tp_gap_filled,91.9636,8210.44,3.672,301.47,3
AMGN,2020-07-14,2020-07-15,2020-07-16,2-3%,-2.912,243.0028,249.79,tp_gap_filled,34.6317,8415.59,2.793,235.05,1
BLDR,2020-06-24,2020-07-15,2020-07-16,2-3%,-2.028,21.2813,21.6783,tp_gap_filled,396.0051,8427.49,1.866,157.23,1
FIX,2020-06-09,2020-07-15,2020-07-16,2-3%,-2.831,41.5715,42.6973,tp_gap_filled,202.8844,8434.21,2.708,228.39,1
MRNA,2020-05-19,2020-07-15,2020-07-16,2-3%,-2.413,78.1481,79.92,tp_gap_filled,108.0012,8440.09,2.267,191.37,1
PAYX,2020-07-14,2020-07-15,2020-07-16,2-3%,-2.29,70.06,71.5584,tp_gap_filled,120.5759,8447.55,2.139,180.67,1
SYF,2020-06-24,2020-07-15,2020-07-16,2-3%,-2.801,23.2732,23.8961,tp_gap_filled,363.5716,8461.49,2.676,226.44,1
UNH,2020-07-15,2020-07-16,2020-07-17,2-3%,-2.399,301.4211,308.2115,tp_gap_filled,27.992,8437.37,2.253,190.08,1
TER,2020-07-14,2020-07-15,2020-07-20,3-5%,-3.834,83.6035,86.7631,tp_gap_filled,101.2629,8465.94,3.779,319.95,3
AKAM,2020-07-16,2020-07-17,2020-07-20,2-3%,-2.181,110.4303,112.6672,tp_gap_filled,76.4773,8445.42,2.026,171.07,1
NVDA,2020-07-16,2020-07-17,2020-07-20,2-3%,-2.075,10.025,10.217,tp_gap_filled,841.8581,8439.64,1.915,161.64,1
NXPI,2020-07-16,2020-07-17,2020-07-20,2-3%,-2.134,119.3492,121.7082,tp_gap_filled,70.7553,8444.59,1.977,166.91,1
ON,2020-07-16,2020-07-17,2020-07-20,2-3%,-2.415,21.031,21.5085,tp_gap_filled,401.9074,8452.52,2.27,191.89,1
TSLA,2020-07-16,2020-07-17,2020-07-20,3-5%,-4.453,98.5758,102.9643,tp_gap_filled,85.768,8454.65,4.452,376.39,1
UBER,2020-07-16,2020-07-17,2020-07-20,2-3%,-2.316,32.082,32.7772,tp_gap_filled,263.664,8458.88,2.167,183.28,1
FTNT,2020-07-15,2020-07-20,2020-07-21,2-3%,-2.29,26.3063,26.8691,tp_gap_filled,322.2553,8477.34,2.14,181.37,1
PFE,2020-06-01,2020-06-02,2020-07-22,5-10%,-7.044,33.7149,36.1972,tp_gap_filled,248.0256,8362.16,7.363,615.67,35
CPRT,2020-07-20,2020-07-21,2020-07-22,2-3%,-2.27,21.3363,21.7882,tp_gap_filled,398.9121,8511.31,2.118,180.26,1
LII,2020-07-20,2020-07-21,2020-07-22,3-5%,-3.466,239.4892,247.5922,tp_gap_filled,35.5591,8516.03,3.383,288.13,1
WRB,2020-06-09,2020-07-21,2020-07-22,2-3%,-2.172,28.4595,29.0332,tp_gap_filled,299.8386,8533.27,2.016,171.99,1
BKR,2020-07-22,2020-07-23,2020-07-24,2-3%,-2.023,15.996,16.2937,tp_gap_filled,530.8988,8492.25,1.861,158.05,1
EQT,2020-07-22,2020-07-23,2020-07-24,2-3%,-2.171,13.0831,13.3466,tp_gap_filled,649.9728,8503.64,2.015,171.31,1
MPC,2020-07-22,2020-07-23,2020-07-24,2-3%,-2.18,37.7377,38.5015,tp_gap_filled,226.0568,8530.86,2.024,172.65,1
FERG,2020-03-13,2020-04-28,2020-07-27,10%+,-22.564,67.8478,87.4425,tp_gap_filled,111.8273,7587.24,28.88,2191.22,62
APD,2020-07-23,2020-07-24,2020-07-27,2-3%,-2.054,289.7294,295.2145,tp_gap_filled,29.1926,8457.95,1.893,160.12,1
DOW,2020-07-23,2020-07-24,2020-07-27,3-5%,-3.022,43.043,44.2957,tp_gap_filled,196.5406,8459.69,2.91,246.2,1
COHR,2020-06-30,2020-07-01,2020-07-28,5-10%,-6.489,45.2952,48.3416,tp_gap_filled,178.7137,8094.88,6.726,544.43,18
AAPL,2020-07-24,2020-07-27,2020-07-28,2-3%,-2.001,91.0785,92.7522,tp_gap_filled,93.3128,8498.79,1.838,156.17,1
ANET,2020-07-24,2020-07-27,2020-07-28,2-3%,-2.925,14.5333,14.9413,tp_gap_filled,586.4133,8522.5,2.808,239.27,1
CRWD,2020-07-24,2020-07-27,2020-07-28,2-3%,-2.326,24.7998,25.3396,tp_gap_filled,344.3075,8538.75,2.177,185.88,1
DDOG,2020-07-24,2020-07-27,2020-07-28,2-3%,-2.136,83.4834,85.1348,tp_gap_filled,102.432,8551.37,1.978,169.15,1
MRK,2020-04-28,2020-04-29,2020-07-29,3-5%,-3.334,77.5393,75.6399,time_exit,99.94,7749.28,-2.45,-189.82,63
AMAT,2020-07-24,2020-07-27,2020-07-29,5-10%,-5.123,60.4304,63.5664,tp_gap_filled,140.8297,8510.39,5.189,441.64,2
EQT,2020-07-27,2020-07-28,2020-07-29,5-10%,-6.422,13.2733,14.1558,tp_gap_filled,641.1047,8509.55,6.649,565.82,1
CFG,2020-07-28,2020-07-29,2020-07-30,2-3%,-2.293,24.3143,24.8351,tp_gap_filled,354.0413,8608.26,2.142,184.4,1
AXON,2020-06-11,2020-06-15,2020-07-31,3-5%,-4.591,98.6085,82.7483,stop,82.2904,8114.53,-16.084,-1305.14,33
AKAM,2020-07-29,2020-07-30,2020-07-31,2-3%,-2.67,109.109,111.878,tp_gap_filled,78.4543,8560.07,2.538,217.24,1
SW,2020-07-02,2020-07-06,2020-08-03,5-10%,-6.559,31.9419,34.1159,tp_gap_filled,258.8987,8269.72,6.806,562.83,20
DGX,2020-07-23,2020-07-29,2020-08-03,2-3%,-2.158,127.087,129.6302,tp_gap_filled,67.8487,8622.69,2.001,172.56,3
MKC,2020-07-28,2020-07-29,2020-08-03,2-3%,-2.306,95.8458,97.912,tp_gap_filled,89.965,8622.76,2.156,185.89,3
BKR,2020-07-30,2020-07-31,2020-08-03,2-3%,-2.53,15.4254,15.7942,tp_gap_filled,553.023,8530.61,2.391,203.94,1
FSLR,2020-07-27,2020-07-28,2020-08-04,2-3%,-2.124,60.9008,62.0978,tp_gap_filled,139.9198,8521.23,1.965,167.48,5
CVX,2020-07-31,2020-08-03,2020-08-04,3-5%,-3.501,83.3332,86.1837,tp_gap_filled,102.6854,8557.11,3.421,292.7,1
DIS,2020-06-11,2020-06-15,2020-08-05,3-5%,-3.749,117.7176,122.0578,tp_gap_filled,68.9648,8118.37,3.687,299.32,36
BRK-B,2020-06-09,2020-08-03,2020-08-05,2-3%,-2.188,197.3471,201.3584,tp_gap_filled,43.3552,8556.03,2.033,173.91,2
DECK,2020-07-31,2020-08-03,2020-08-05,5-10%,-7.434,33.0714,35.656,tp_gap_filled,258.8996,8562.17,7.815,669.15,2
CF,2020-06-09,2020-08-04,2020-08-05,2-3%,-2.486,32.1922,32.947,tp_gap_filled,267.6404,8615.92,2.345,202.03,1
CTVA,2020-06-08,2020-06-09,2020-08-07,3-5%,-3.132,29.7197,24.9396,stop,288.1145,8562.67,-16.084,-1377.22,42
AXP,2020-07-30,2020-08-05,2020-08-07,2-3%,-2.079,94.7747,96.5933,tp_gap_filled,92.0729,8726.18,1.919,167.45,2
BAC,2020-06-11,2020-06-12,2020-08-10,5-10%,-6.09,25.005,26.5734,tp_gap_filled,323.1293,8079.84,6.272,506.8,40
HST,2020-07-16,2020-07-17,2020-08-10,2-3%,-2.496,11.3413,11.6084,tp_gap_filled,744.2862,8441.2,2.355,198.76,16
COF,2020-06-26,2020-07-23,2020-08-10,2-3%,-2.237,65.6055,66.973,tp_gap_filled,129.6312,8504.53,2.084,177.26,12
HBAN,2020-06-26,2020-07-23,2020-08-10,2-3%,-2.831,9.6196,9.8801,tp_gap_filled,886.5732,8528.49,2.708,230.95,12
CAT,2020-07-31,2020-08-03,2020-08-10,3-5%,-3.145,132.5624,136.5933,tp_gap_filled,64.5643,8558.8,3.041,260.25,5
BLDR,2020-08-04,2020-08-05,2020-08-10,2-3%,-2.164,26.7067,27.2427,tp_gap_filled,326.812,8728.06,2.007,175.19,3
C,2020-07-30,2020-08-05,2020-08-10,2-3%,-2.685,51.1611,52.4675,tp_gap_filled,170.562,8726.14,2.553,222.82,3
CINF,2020-07-30,2020-08-07,2020-08-10,2-3%,-2.301,81.6015,83.3566,tp_gap_filled,107.6756,8786.5,2.151,188.98,1
AMP,2020-06-09,2020-06-10,2020-08-11,3-5%,-3.331,157.4373,162.5373,tp_gap_filled,54.235,8538.62,3.239,276.6,43
APTV,2020-06-09,2020-06-10,2020-08-11,5-10%,-6.914,81.5314,87.4125,tp_gap_filled,104.5946,8527.75,7.213,615.13,43
BNY,2020-07-15,2020-07-16,2020-08-11,5-10%,-5.158,36.997,38.931,tp_gap_filled,228.1086,8439.32,5.228,441.18,18
MMM,2020-07-28,2020-07-29,2020-08-11,3-5%,-4.76,130.1216,136.3518,tp_gap_filled,66.2975,8626.73,4.788,413.05,9
COP,2020-07-30,2020-08-05,2020-08-11,3-5%,-4.557,38.1581,39.9001,tp_gap_filled,228.6656,8725.45,4.565,398.32,4
AEE,2020-08-07,2020-08-10,2020-08-11,2-3%,-2.122,79.4193,80.9789,tp_gap_filled,111.4923,8854.64,1.964,173.88,1
ALB,2020-08-06,2020-08-10,2020-08-11,2-3%,-2.212,86.7266,88.5114,tp_gap_filled,102.2625,8868.88,2.058,182.51,1
BKR,2020-08-07,2020-08-10,2020-08-11,2-3%,-2.326,16.3964,16.7532,tp_gap_filled,541.0073,8870.56,2.176,193.06,1
EMR,2020-06-09,2020-08-10,2020-08-11,2-3%,-2.351,67.7677,69.2607,tp_gap_filled,131.1264,8886.14,2.203,195.77,1
GDDY,2020-08-07,2020-08-10,2020-08-11,3-5%,-3.608,76.2262,78.921,tp_gap_filled,116.5175,8881.68,3.535,314.0,1
IBM,2020-08-07,2020-08-10,2020-08-11,2-3%,-2.077,118.1869,120.453,tp_gap_filled,75.1966,8887.25,1.917,170.41,1
SJM,2020-06-04,2020-06-05,2020-08-12,3-5%,-4.433,109.6195,114.4754,tp_gap_filled,79.3309,8696.22,4.43,385.22,47
IQV,2020-07-28,2020-07-29,2020-08-12,2-3%,-2.175,158.9087,162.1177,tp_gap_filled,54.2493,8620.68,2.019,174.08,10
DRI,2020-06-09,2020-08-11,2020-08-12,2-3%,-2.289,82.8828,84.6553,tp_gap_filled,107.2429,8888.59,2.139,190.08,1
KEY,2020-06-24,2020-08-11,2020-08-12,2-3%,-2.172,13.0731,13.3367,tp_gap_filled,679.0708,8877.53,2.016,179.0,1
SYY,2020-08-11,2020-08-12,2020-08-13,2-3%,-2.496,58.6586,60.0399,tp_gap_filled,151.5087,8887.29,2.355,209.28,1
TTD,2020-08-11,2020-08-12,2020-08-13,2-3%,-2.265,45.5635,46.5264,tp_gap_filled,195.1681,8892.55,2.113,187.93,1
VRT,2020-08-12,2020-08-13,2020-08-14,3-5%,-4.413,16.046,16.7532,tp_gap_filled,552.8757,8871.46,4.407,390.99,1
NEM,2020-08-11,2020-08-12,2020-08-17,3-5%,-4.861,64.6546,67.8221,tp_gap_filled,137.576,8894.92,4.899,435.78,3
IP,2020-08-13,2020-08-14,2020-08-17,2-3%,-2.179,34.0492,34.738,tp_gap_filled,261.1206,8890.94,2.023,179.86,1
DPZ,2020-07-16,2020-07-17,2020-08-18,2-3%,-2.34,404.404,413.2663,tp_gap_filled,20.8976,8451.08,2.191,185.2,22
FCX,2020-08-07,2020-08-10,2020-08-18,2-3%,-2.404,14.2242,14.5454,tp_gap_filled,624.8427,8887.89,2.258,200.72,6
HAL,2020-08-14,2020-08-17,2020-08-18,2-3%,-2.042,16.3263,16.6333,tp_gap_filled,545.179,8900.76,1.881,167.39,1
CB,2020-06-09,2020-07-21,2020-08-20,2-3%,-2.253,137.6675,122.4016,stop,61.8569,8515.68,-11.089,-944.3,22
KIM,2020-07-07,2020-08-11,2020-08-20,2-3%,-2.011,12.6827,11.2763,stop,699.986,8877.69,-11.089,-984.45,7
CRWD,2020-08-07,2020-08-18,2020-08-20,2-3%,-2.811,26.8268,27.5474,tp_gap_filled,331.1466,8883.6,2.686,238.63,2
A,2020-08-19,2020-08-20,2020-08-21,2-3%,-2.688,95.3252,97.7621,tp_gap_filled,92.4429,8812.14,2.556,225.27,1
EXPE,2020-06-09,2020-07-15,2020-08-24,3-5%,-3.054,91.2111,93.896,tp_gap_filled,92.5023,8437.24,2.944,248.36,28
FOX,2020-08-05,2020-08-14,2020-08-24,2-3%,-2.658,26.026,26.6833,tp_gap_filled,341.7078,8893.29,2.526,224.6,6
CRH,2020-08-20,2020-08-21,2020-08-24,2-3%,-2.887,38.7287,39.8002,tp_gap_filled,227.3351,8804.39,2.767,243.58,1
HLT,2020-06-09,2020-08-11,2020-08-25,2-3%,-2.118,87.8878,89.6103,tp_gap_filled,101.0431,8880.46,1.96,174.05,10
SBUX,2020-06-10,2020-08-11,2020-08-25,3-5%,-3.023,79.9599,82.2876,tp_gap_filled,110.8935,8867.03,2.911,258.13,10
SJM,2020-08-19,2020-08-20,2020-08-25,2-3%,-2.186,111.5414,113.8061,tp_gap_filled,79.0711,8819.71,2.03,179.07,3
SW,2020-08-19,2020-08-20,2020-08-25,3-5%,-3.784,35.6356,36.963,tp_gap_filled,247.5236,8820.65,3.725,328.56,3
NFLX,2020-07-17,2020-07-20,2020-08-26,5-10%,-6.166,49.5365,52.6863,tp_gap_filled,171.2746,8484.34,6.358,539.48,27
CNC,2020-07-28,2020-07-29,2020-08-26,2-3%,-2.23,65.8358,58.5352,stop,130.9392,8620.49,-11.089,-955.93,20
KDP,2020-08-18,2020-08-19,2020-08-26,3-5%,-3.395,28.7687,29.7202,tp_gap_filled,306.9105,8829.43,3.307,292.03,5
FCX,2020-08-20,2020-08-24,2020-08-26,2-3%,-2.276,14.6146,14.9251,tp_gap_filled,608.5652,8893.94,2.124,188.93,2
APH,2020-08-24,2020-08-25,2020-08-26,3-5%,-3.003,13.1369,13.5165,tp_gap_filled,678.0988,8908.1,2.89,257.4,1
IBKR,2020-07-16,2020-07-17,2020-08-27,5-10%,-5.806,12.545,13.2917,tp_gap_filled,672.2163,8432.97,5.952,501.92,29
DXCM,2020-08-25,2020-08-26,2020-08-27,2-3%,-2.692,102.9554,105.5918,tp_gap_filled,86.8162,8938.19,2.561,228.89,1
ODFL,2020-08-25,2020-08-26,2020-08-27,2-3%,-2.917,96.6115,99.3156,tp_gap_filled,92.6207,8948.22,2.799,250.45,1
AJG,2020-08-21,2020-08-24,2020-08-28,3-5%,-3.008,103.2732,106.2636,tp_gap_filled,86.0998,8891.79,2.896,257.48,4
LYV,2020-06-09,2020-08-27,2020-08-28,2-3%,-2.242,55.8658,57.0329,tp_gap_filled,160.2547,8952.76,2.089,187.03,1
ADSK,2020-08-26,2020-08-27,2020-09-01,2-3%,-2.212,246.9067,251.9878,tp_gap_filled,36.2783,8957.35,2.058,184.33,3
CVNA,2020-08-07,2020-08-28,2020-09-01,3-5%,-3.314,43.1631,44.5534,tp_gap_filled,208.2076,8986.89,3.221,289.47,2
ALGN,2020-07-20,2020-07-21,2020-09-02,3-5%,-3.67,310.7805,321.9777,tp_gap_filled,27.3876,8511.53,3.603,306.66,31
ROST,2020-08-19,2020-08-25,2020-09-02,3-5%,-4.03,90.5905,94.2057,tp_gap_filled,98.4391,8917.64,3.991,355.88,6
SYK,2020-07-31,2020-08-27,2020-09-02,2-3%,-2.368,195.6555,199.9998,tp_gap_filled,45.7613,8953.44,2.22,198.8,4
WMT,2020-08-31,2020-09-01,2020-09-02,2-3%,-2.01,45.8725,46.7199,tp_gap_filled,196.0004,8991.03,1.847,166.09,1
O,2020-03-16,2020-06-05,2020-09-03,10%+,-11.29,61.8835,62.1858,time_exit,139.0234,8603.26,0.488,42.03,63
SNA,2020-06-09,2020-08-11,2020-09-03,2-3%,-2.095,152.9428,155.9039,tp_gap_filled,57.9498,8863.0,1.936,171.6,17
RCL,2020-09-01,2020-09-02,2020-09-03,2-3%,-2.687,67.057,68.7712,tp_gap_filled,136.4862,9152.35,2.556,233.96,1
PANW,2020-08-25,2020-08-26,2020-09-04,2-3%,-2.655,43.3733,38.5637,stop,206.5126,8957.14,-11.089,-993.26,7
IVZ,2020-08-13,2020-09-03,2020-09-04,3-5%,-3.512,11.001,11.3786,tp_gap_filled,811.3315,8925.45,3.433,306.38,1
HII,2020-08-06,2020-08-11,2020-09-08,3-5%,-4.287,171.181,143.6483,stop,51.9043,8885.03,-16.084,-1429.07,19
LRCX,2020-08-20,2020-08-24,2020-09-08,3-5%,-3.248,36.046,30.2484,stop,246.7078,8892.83,-16.084,-1430.32,10
BEN,2020-06-09,2020-06-10,2020-09-09,3-5%,-3.054,23.5135,20.3796,time_exit,361.8662,8508.74,-13.328,-1134.05,63
FCX,2020-09-03,2020-09-04,2020-09-09,2-3%,-2.397,15.8959,16.2537,tp_gap_filled,557.3966,8860.31,2.251,199.46,2
BLDR,2020-09-03,2020-09-08,2020-09-10,2-3%,-2.126,30.8809,31.4885,tp_gap_filled,281.3739,8689.06,1.968,170.97,2
ACN,2020-09-08,2020-09-09,2020-09-10,2-3%,-2.126,231.2811,235.8339,tp_gap_filled,37.9996,8788.58,1.969,173.01,1
ADBE,2020-09-08,2020-09-09,2020-09-10,3-5%,-4.076,472.3619,491.4481,tp_gap_filled,18.6261,8798.24,4.041,355.5,1
COF,2020-09-08,2020-09-10,2020-09-14,2-3%,-2.203,72.4324,73.916,tp_gap_filled,120.7725,8747.83,2.048,179.18,2
HIG,2020-06-09,2020-08-11,2020-09-15,3-5%,-3.516,45.045,37.8,stop,197.4267,8893.09,-16.084,-1430.36,24
SW,2020-08-31,2020-09-01,2020-09-15,3-5%,-4.259,36.4564,38.002,tp_gap_filled,246.6322,8991.33,4.239,381.18,9
VTR,2020-06-09,2020-09-03,2020-09-15,3-5%,-3.086,44.3243,45.6443,tp_gap_filled,201.4519,8929.21,2.978,265.92,7
DDOG,2020-08-07,2020-08-13,2020-09-16,5-10%,-8.232,82.6826,89.92,tp_gap_filled,107.3067,8872.4,8.753,776.62,23
TJX,2020-08-19,2020-08-27,2020-09-16,5-10%,-5.988,54.064,57.3926,tp_gap_filled,165.6235,8954.27,6.157,551.28,13
FERG,2020-09-04,2020-09-08,2020-09-16,5-10%,-5.838,92.8428,98.4015,tp_gap_filled,93.5021,8680.99,5.987,519.75,6
LEN,2020-09-15,2020-09-16,2020-09-17,3-5%,-4.367,73.2096,76.3998,tp_gap_filled,122.0044,8931.9,4.358,389.21,1
MU,2020-08-06,2020-09-16,2020-09-17,2-3%,-2.057,50.05,50.9989,tp_gap_filled,178.631,8940.48,1.896,169.51,1
SCHW,2020-09-15,2020-09-16,2020-09-17,2-3%,-2.939,34.7147,35.6943,tp_gap_filled,257.5693,8941.43,2.822,252.31,1
WAB,2020-06-09,2020-08-11,2020-09-21,2-3%,-2.221,70.5204,62.7004,stop,125.7055,8864.81,-11.089,-983.02,28
CRWD,2020-09-03,2020-09-10,2020-09-22,5-10%,-7.792,32.7827,35.482,tp_gap_filled,266.4727,8735.71,8.234,719.27,8
ADBE,2020-09-17,2020-09-18,2020-09-22,2-3%,-2.429,464.9044,475.524,tp_gap_filled,19.0979,8878.68,2.284,202.81,2
AMZN,2020-09-17,2020-09-18,2020-09-22,2-3%,-2.237,150.613,153.7511,tp_gap_filled,58.9563,8879.58,2.084,185.01,2
EBAY,2020-09-17,2020-09-21,2020-09-22,2-3%,-2.102,49.4094,50.3696,tp_gap_filled,178.0436,8797.02,1.943,170.96,1
AIG,2020-09-21,2020-09-22,2020-09-23,3-5%,-3.037,27.1671,27.962,tp_gap_filled,326.3224,8865.25,2.926,259.38,1
APO,2020-09-21,2020-09-22,2020-09-23,2-3%,-2.597,43.5535,44.6253,tp_gap_filled,203.6033,8867.64,2.461,218.23,1
PRU,2020-06-09,2020-08-11,2020-09-24,3-5%,-3.653,72.072,60.4799,stop,123.106,8872.5,-16.084,-1427.05,31
EQIX,2020-09-23,2020-09-24,2020-09-25,2-3%,-2.748,730.1194,749.25,tp_gap_filled,11.9425,8719.47,2.62,228.47,1
XYZ,2020-09-03,2020-09-15,2020-09-28,3-5%,-3.61,157.157,162.7171,tp_gap_filled,56.5925,8893.9,3.538,314.66,9
KLAC,2020-09-08,2020-09-16,2020-09-28,5-10%,-6.299,18.1371,19.3177,tp_gap_filled,492.516,8932.82,6.509,581.44,8
ADSK,2020-09-17,2020-09-18,2020-09-28,2-3%,-2.279,225.7255,230.5292,tp_gap_filled,39.3414,8880.36,2.128,188.99,6
ACGL,2020-09-21,2020-09-22,2020-09-28,2-3%,-2.476,28.7787,29.4505,tp_gap_filled,307.9695,8862.98,2.334,206.88,4
APTV,2020-09-21,2020-09-25,2020-09-28,2-3%,-2.473,86.8368,88.861,tp_gap_filled,102.0157,8858.71,2.331,206.51,1
DVN,2020-09-25,2020-09-28,2020-09-29,2-3%,-2.121,8.7788,8.951,tp_gap_filled,1027.8365,9023.14,1.962,177.06,1
HAS,2020-06-09,2020-07-21,2020-09-30,3-5%,-4.862,79.9198,83.8361,tp_gap_filled,106.6057,8519.91,4.9,417.49,50
AXON,2020-08-07,2020-08-25,2020-09-30,5-10%,-6.731,85.5855,91.5783,tp_gap_filled,104.2101,8918.88,7.002,624.51,25
ETN,2020-09-21,2020-09-28,2020-09-30,2-3%,-2.253,101.1711,103.2966,tp_gap_filled,89.5328,9058.13,2.101,190.3,2
FLEX,2020-09-03,2020-09-04,2020-10-01,2-3%,-2.551,8.358,8.5596,tp_gap_filled,1060.3738,8862.62,2.412,213.79,18
AMAT,2020-09-08,2020-09-14,2020-10-01,5-10%,-6.381,57.1271,60.899,tp_gap_filled,155.2656,8869.87,6.603,585.66,13
AMP,2020-09-21,2020-09-30,2020-10-02,2-3%,-2.593,153.7736,157.5523,tp_gap_filled,59.0757,9084.29,2.457,223.23,2
MRVL,2020-09-03,2020-09-10,2020-10-05,3-5%,-3.375,39.8398,41.1488,tp_gap_filled,219.1716,8731.75,3.286,286.9,17
AMCR,2020-09-21,2020-09-22,2020-10-05,2-3%,-2.133,55.105,56.1938,tp_gap_filled,160.9132,8867.13,1.976,175.19,9
CAT,2020-09-21,2020-09-23,2020-10-05,2-3%,-2.513,148.7086,152.2376,tp_gap_filled,58.6462,8721.19,2.373,206.97,8
BNY,2020-09-21,2020-09-28,2020-10-05,2-3%,-2.627,34.5045,35.3646,tp_gap_filled,261.5656,9025.18,2.493,224.98,5
CBRE,2020-09-21,2020-09-28,2020-10-05,2-3%,-2.393,47.3673,48.4315,tp_gap_filled,190.4966,9023.31,2.247,202.73,5
ALB,2020-09-23,2020-09-30,2020-10-05,5-10%,-6.573,89.069,95.1448,tp_gap_filled,101.9836,9083.57,6.821,619.63,3
AXP,2020-09-21,2020-09-30,2020-10-05,2-3%,-2.746,100.7006,103.3366,tp_gap_filled,90.2175,9084.95,2.618,237.81,3
CFG,2020-09-21,2020-10-02,2020-10-05,3-5%,-3.13,26.3363,27.1328,tp_gap_filled,345.4835,9098.76,3.024,275.19,1
KEY,2020-09-21,2020-10-02,2020-10-05,2-3%,-2.688,12.3223,12.6373,tp_gap_filled,738.2792,9097.31,2.557,232.59,1
MCHP,2020-09-08,2020-09-16,2020-10-06,2-3%,-2.94,52.5375,54.0209,tp_gap_filled,170.2547,8944.75,2.824,252.56,14
BG,2020-09-21,2020-09-23,2020-10-06,2-3%,-2.373,46.5265,47.5624,tp_gap_filled,187.6968,8732.87,2.226,194.44,9
AES,2020-10-02,2020-10-05,2020-10-06,2-3%,-2.176,17.5475,17.9021,tp_gap_filled,529.2903,9287.74,2.021,187.66,1
AMAT,2020-10-02,2020-10-05,2020-10-06,2-3%,-2.572,59.1491,60.5894,tp_gap_filled,157.3304,9305.95,2.435,226.6,1
AMP,2020-10-02,2020-10-05,2020-10-06,2-3%,-2.035,152.3021,155.1547,tp_gap_filled,61.1519,9313.56,1.873,174.44,1
APO,2020-10-02,2020-10-05,2020-10-06,2-3%,-2.934,45.6957,46.983,tp_gap_filled,204.3708,9338.86,2.817,263.09,1
APTV,2020-10-02,2020-10-05,2020-10-06,2-3%,-2.661,91.5515,93.866,tp_gap_filled,102.1848,9355.17,2.528,236.51,1
BA,2020-10-02,2020-10-05,2020-10-06,3-5%,-3.574,162.0219,167.6921,tp_gap_filled,57.8589,9374.41,3.5,328.08,1
BEN,2020-09-21,2020-10-05,2020-10-06,2-3%,-2.498,20.7107,21.1988,tp_gap_filled,453.4908,9392.11,2.357,221.34,1
COHR,2020-09-03,2020-09-29,2020-10-07,5-10%,-5.174,42.012,44.2157,tp_gap_filled,214.8886,9027.89,5.246,473.56,6
ADSK,2020-10-02,2020-10-05,2020-10-07,2-3%,-2.218,228.9988,233.726,tp_gap_filled,40.5584,9287.83,2.064,191.73,2
AXON,2020-10-02,2020-10-06,2020-10-07,2-3%,-2.207,93.5935,95.5144,tp_gap_filled,99.3622,9299.66,2.052,190.86,1
LYB,2020-09-21,2020-10-06,2020-10-07,3-5%,-3.354,76.4263,78.921,tp_gap_filled,121.4751,9283.9,3.264,303.04,1
MTB,2020-09-21,2020-10-06,2020-10-07,2-3%,-2.938,98.8888,101.6782,tp_gap_filled,93.8643,9282.13,2.821,261.83,1
D,2020-07-06,2020-07-22,2020-10-08,3-5%,-3.991,79.4694,82.6073,tp_gap_filled,107.5883,8549.97,3.949,337.6,55
ADP,2020-07-29,2020-08-11,2020-10-08,3-5%,-4.582,140.0699,146.5033,tp_gap_filled,63.488,8892.76,4.593,408.45,41
AMZN,2020-10-02,2020-10-05,2020-10-08,2-3%,-2.099,157.8392,160.9019,tp_gap_filled,59.1404,9334.68,1.94,181.13,3
DD,2020-09-21,2020-10-06,2020-10-08,3-5%,-3.255,72.072,74.3482,tp_gap_filled,129.0157,9298.42,3.158,293.66,2
NUE,2020-09-21,2020-10-06,2020-10-08,2-3%,-2.013,48.2382,49.1308,tp_gap_filled,192.3944,9280.76,1.85,171.74,2
SYY,2020-09-21,2020-10-06,2020-10-08,3-5%,-3.815,65.1151,67.5624,tp_gap_filled,142.3634,9270.0,3.758,348.41,2
BBY,2020-08-25,2020-08-26,2020-10-09,3-5%,-3.297,113.6135,117.2526,tp_gap_filled,78.702,8941.61,3.203,286.41,31
AVGO,2020-09-03,2020-09-04,2020-10-09,2-3%,-2.4,36.6376,37.4635,tp_gap_filled,241.9119,8863.07,2.254,199.79,24
SWKS,2020-09-03,2020-10-01,2020-10-09,2-3%,-2.792,149.159,153.1367,tp_gap_filled,61.1306,9118.18,2.667,243.16,6
ADBE,2020-10-02,2020-10-06,2020-10-09,2-3%,-2.306,488.478,499.0105,tp_gap_filled,19.0504,9305.69,2.156,200.65,3
MMM,2020-09-21,2020-10-07,2020-10-09,2-3%,-2.106,138.918,141.6225,tp_gap_filled,67.9381,9437.83,1.947,183.73,2
GE,2020-09-21,2020-10-08,2020-10-09,3-5%,-3.634,33.0779,34.2566,tp_gap_filled,287.8233,9520.58,3.563,339.26,1
NDSN,2020-08-20,2020-08-27,2020-10-12,5-10%,-5.305,193.5033,203.9359,tp_gap_filled,46.3052,8960.21,5.391,483.08,31
ADI,2020-07-13,2020-09-02,2020-10-12,2-3%,-2.225,121.8517,124.3755,tp_gap_filled,75.1087,9152.13,2.071,189.56,27
ACN,2020-09-24,2020-09-28,2020-10-12,5-10%,-5.107,219.0889,230.4193,tp_gap_filled,41.171,9020.12,5.172,466.49,10
NVDA,2020-09-03,2020-10-06,2020-10-12,3-5%,-3.609,13.8426,14.3322,tp_gap_filled,669.8439,9272.37,3.537,327.94,4
MU,2020-09-30,2020-10-07,2020-10-12,3-5%,-3.471,48.999,50.6593,tp_gap_filled,192.6261,9438.48,3.389,319.82,3
DGX,2020-08-27,2020-08-28,2020-10-14,5-10%,-7.699,109.3292,118.2117,tp_gap_filled,82.2336,8990.53,8.124,730.44,32
ALB,2020-10-14,2020-10-15,2020-10-16,2-3%,-2.502,92.8528,95.0449,tp_gap_filled,103.3694,9598.14,2.361,226.6,1
COP,2020-10-14,2020-10-15,2020-10-16,2-3%,-2.408,34.074,34.8451,tp_gap_filled,281.8362,9603.3,2.263,217.32,1
PNR,2020-10-14,2020-10-15,2020-10-16,2-3%,-2.271,48.2482,49.2707,tp_gap_filled,199.2977,9615.75,2.119,203.78,1
UNH,2020-10-14,2020-10-15,2020-10-16,2-3%,-2.821,322.3921,331.0886,tp_gap_filled,29.8578,9625.93,2.697,259.66,1
PCG,2020-10-12,2020-10-13,2020-10-19,5-10%,-5.855,10.1401,10.7492,tp_gap_filled,945.9023,9591.57,6.007,576.16,4
CASY,2020-10-15,2020-10-16,2020-10-19,2-3%,-2.62,178.188,182.6172,tp_gap_filled,54.1514,9649.13,2.486,239.85,1
CAT,2020-10-15,2020-10-16,2020-10-19,2-3%,-2.041,160.4303,163.4464,tp_gap_filled,60.219,9660.95,1.88,181.63,1
CRH,2020-10-15,2020-10-16,2020-10-19,2-3%,-2.688,37.3273,38.2817,tp_gap_filled,259.2648,9677.65,2.557,247.44,1
CRWD,2020-10-15,2020-10-16,2020-10-19,2-3%,-2.977,35.8833,36.9106,tp_gap_filled,269.9343,9686.15,2.863,277.28,1
DDOG,2020-10-15,2020-10-16,2020-10-19,5-10%,-5.592,107.3072,113.4365,tp_gap_filled,90.3035,9690.21,5.712,553.49,1
CFG,2020-10-16,2020-10-19,2020-10-20,3-5%,-3.226,27.027,27.8721,tp_gap_filled,356.4566,9633.95,3.127,301.24,1
ISRG,2020-10-16,2020-10-19,2020-10-20,2-3%,-2.159,241.9083,246.753,tp_gap_filled,39.8058,9629.36,2.003,192.85,1
PYPL,2020-09-03,2020-10-13,2020-10-21,2-3%,-2.433,205.8957,210.6092,tp_gap_filled,46.6122,9597.24,2.289,219.71,6
PSKY,2020-10-13,2020-10-14,2020-10-21,2-3%,-2.118,27.7577,28.3017,tp_gap_filled,345.2929,9584.55,1.96,187.82,5
FE,2020-07-22,2020-07-24,2020-10-22,10%+,-15.299,29.039,32.997,time_exit,291.2241,8456.86,13.63,1152.65,63
SNA,2020-10-19,2020-10-20,2020-10-22,2-3%,-2.042,156.0659,159.0008,tp_gap_filled,61.9495,9668.2,1.881,181.82,2
DAL,2020-09-18,2020-10-09,2020-10-23,2-3%,-2.179,33.2532,33.926,tp_gap_filled,287.3012,9553.69,2.023,193.3,10
BAC,2020-10-14,2020-10-16,2020-10-23,2-3%,-2.405,24.3744,24.9251,tp_gap_filled,395.9449,9650.9,2.259,218.05,5
KEY,2020-10-21,2020-10-22,2020-10-23,3-5%,-4.434,12.5125,13.0669,tp_gap_filled,776.9059,9721.03,4.431,430.73,1
NCLH,2020-10-13,2020-10-22,2020-10-23,3-5%,-4.314,17.3173,18.0619,tp_gap_filled,562.1969,9735.73,4.3,418.62,1
OXY,2020-10-21,2020-10-22,2020-10-23,2-3%,-2.085,9.8699,10.0599,tp_gap_filled,987.1559,9743.09,1.926,187.63,1
AMD,2020-09-03,2020-10-08,2020-10-27,2-3%,-2.638,87.9278,78.1775,stop,108.3354,9525.7,-11.089,-1056.3,13
AKAM,2020-10-15,2020-10-16,2020-10-28,2-3%,-2.938,110.11,97.8999,stop,87.6268,9648.59,-11.089,-1069.93,8
BAX,2020-07-30,2020-07-31,2020-10-29,5-10%,-6.315,85.085,78.0019,time_exit,100.209,8526.28,-8.325,-709.79,63
BLDR,2020-10-26,2020-10-27,2020-10-30,2-3%,-2.572,31.8518,32.6273,tp_gap_filled,297.7897,9485.14,2.435,230.94,3
AIG,2020-10-28,2020-10-29,2020-10-30,2-3%,-2.375,30.4504,31.1288,tp_gap_filled,304.6905,9277.95,2.228,206.71,1
CCI,2020-08-03,2020-08-04,2020-11-02,2-3%,-2.515,166.0959,159.3205,time_exit,51.8754,8616.3,-4.079,-351.48,63
LULU,2020-09-08,2020-10-12,2020-11-02,2-3%,-2.878,351.361,312.3986,stop,27.3261,9601.32,-11.089,-1064.69,15
MLM,2020-10-13,2020-10-14,2020-11-02,3-5%,-3.576,260.7705,269.8998,tp_gap_filled,36.7591,9585.7,3.501,335.59,13
BKR,2020-09-21,2020-10-30,2020-11-02,2-3%,-2.637,14.7848,15.1548,tp_gap_filled,623.3783,9216.51,2.503,230.69,1
CHD,2020-10-29,2020-10-30,2020-11-02,3-5%,-4.805,84.084,88.1518,tp_gap_filled,109.607,9216.2,4.838,445.85,1
VMC,2020-10-13,2020-10-14,2020-11-03,3-5%,-3.225,145.3952,149.9399,tp_gap_filled,65.9224,9584.8,3.126,299.59,14
AVY,2020-10-22,2020-10-23,2020-11-03,2-3%,-2.785,138.7286,142.4174,tp_gap_filled,70.3338,9757.31,2.659,259.45,7
HIG,2020-10-22,2020-10-23,2020-11-03,3-5%,-3.713,38.9389,40.3596,tp_gap_filled,251.1177,9778.25,3.649,356.76,7
BEN,2020-10-28,2020-11-02,2020-11-03,2-3%,-2.382,19.2793,19.7103,tp_gap_filled,485.4679,9359.46,2.236,209.24,1
CFG,2020-10-27,2020-11-02,2020-11-03,2-3%,-2.151,27.7778,28.3316,tp_gap_filled,337.122,9364.49,1.994,186.73,1
CI,2020-10-28,2020-11-02,2020-11-03,2-3%,-2.244,174.4643,178.1117,tp_gap_filled,53.6919,9367.32,2.091,195.84,1
DVN,2020-10-26,2020-11-02,2020-11-03,2-3%,-2.564,9.1291,9.3506,tp_gap_filled,1026.1665,9368.0,2.427,227.32,1
FAST,2020-10-13,2020-10-14,2020-11-04,5-10%,-5.059,22.6376,23.7962,tp_gap_filled,423.5427,9588.0,5.118,490.7,15
SW,2020-10-13,2020-10-14,2020-11-04,2-3%,-2.719,39.7597,40.7892,tp_gap_filled,240.9408,9579.74,2.589,248.04,15
AMAT,2020-10-15,2020-10-16,2020-11-04,2-3%,-2.47,62.4624,63.916,tp_gap_filled,154.4983,9650.34,2.327,224.58,13
PHM,2020-10-22,2020-10-26,2020-11-04,2-3%,-2.498,44.1541,45.1948,tp_gap_filled,217.2364,9591.88,2.357,226.07,7
DRI,2020-10-28,2020-11-03,2020-11-04,2-3%,-2.264,93.7637,95.7442,tp_gap_filled,101.6143,9527.73,2.112,201.25,1
ELV,2020-10-28,2020-11-03,2020-11-04,3-5%,-3.667,288.2079,298.5811,tp_gap_filled,33.0507,9525.48,3.599,342.84,1
FERG,2020-10-27,2020-11-03,2020-11-04,2-3%,-2.171,103.7537,105.844,tp_gap_filled,91.8644,9531.27,2.015,192.03,1
CAH,2020-08-06,2020-08-07,2020-11-05,5-10%,-8.854,52.5525,53.0069,time_exit,167.1917,8786.34,0.865,75.98,63
AMZN,2020-10-15,2020-10-16,2020-11-05,2-3%,-2.132,164.7651,168.0173,tp_gap_filled,58.5871,9653.11,1.974,190.54,14
TTD,2020-10-15,2020-10-19,2020-11-05,3-5%,-4.581,62.4624,65.3306,tp_gap_filled,154.236,9633.95,4.592,442.38,13
STX,2020-10-23,2020-10-26,2020-11-05,3-5%,-3.881,49.8298,51.7382,tp_gap_filled,192.2395,9579.25,3.83,366.88,8
CNC,2020-10-27,2020-10-28,2020-11-05,5-10%,-5.573,62.7527,66.3236,tp_gap_filled,146.704,9206.07,5.69,523.87,6
CNP,2020-10-28,2020-11-03,2020-11-05,2-3%,-2.463,21.8018,22.3077,tp_gap_filled,437.1067,9529.7,2.32,221.13,2
DELL,2020-10-28,2020-11-03,2020-11-05,2-3%,-2.407,31.4759,32.1878,tp_gap_filled,302.756,9529.53,2.261,215.5,2
DDOG,2020-10-28,2020-11-04,2020-11-05,2-3%,-2.053,99.3492,101.2287,tp_gap_filled,97.1638,9653.15,1.892,182.61,1
ISRG,2020-10-28,2020-11-04,2020-11-05,2-3%,-2.3,235.0081,240.0597,tp_gap_filled,41.052,9647.55,2.15,207.38,1
KKR,2020-11-03,2020-11-04,2020-11-05,2-3%,-2.539,34.1942,35.0149,tp_gap_filled,282.202,9649.66,2.4,231.63,1
MA,2020-10-28,2020-11-04,2020-11-05,3-5%,-4.863,301.9917,316.7929,tp_gap_filled,32.0211,9670.12,4.901,473.95,1
MAR,2020-10-26,2020-11-04,2020-11-05,2-3%,-2.221,99.5995,101.6582,tp_gap_filled,97.1458,9675.67,2.067,200.0,1
FTNT,2020-08-07,2020-08-10,2020-11-06,5-10%,-6.15,26.2122,23.4186,time_exit,339.1987,8891.14,-10.658,-947.6,63
AIZ,2020-11-04,2020-11-05,2020-11-06,2-3%,-2.003,123.9038,126.1837,tp_gap_filled,79.8223,9890.29,1.84,181.99,1
BAC,2020-11-04,2020-11-05,2020-11-06,3-5%,-3.24,23.9139,24.6653,tp_gap_filled,414.1586,9904.14,3.142,311.21,1
C,2020-11-04,2020-11-05,2020-11-06,2-3%,-2.297,42.5725,43.4865,tp_gap_filled,232.9258,9916.24,2.147,212.88,1
CARR,2020-11-04,2020-11-05,2020-11-06,3-5%,-3.572,35.6656,36.9131,tp_gap_filled,278.1418,9920.1,3.498,346.96,1
CB,2020-11-04,2020-11-05,2020-11-06,2-3%,-2.328,132.2621,135.1447,tp_gap_filled,75.24,9951.4,2.179,216.89,1
CFG,2020-11-04,2020-11-05,2020-11-06,3-5%,-3.551,28.008,28.981,tp_gap_filled,355.706,9962.61,3.474,346.11,1
COF,2020-11-04,2020-11-05,2020-11-06,2-3%,-2.037,76.066,77.4924,tp_gap_filled,131.1138,9973.3,1.875,187.03,1
CRH,2020-11-04,2020-11-05,2020-11-06,3-5%,-3.523,37.007,38.2817,tp_gap_filled,269.809,9984.81,3.445,343.93,1
CPAY,2020-08-07,2020-08-17,2020-11-09,5-10%,-6.692,245.6454,262.737,tp_gap_filled,36.2352,8901.01,6.958,619.32,59
DOW,2020-09-21,2020-10-06,2020-11-09,2-3%,-2.64,49.089,50.3196,tp_gap_filled,189.279,9291.52,2.507,232.92,24
STLD,2020-10-20,2020-10-21,2020-11-09,2-3%,-2.748,32.2422,33.0869,tp_gap_filled,299.8171,9666.77,2.62,253.25,13
IBKR,2020-10-21,2020-10-22,2020-11-09,3-5%,-3.112,12.0746,12.4375,tp_gap_filled,804.3168,9711.77,3.006,291.96,12
SYF,2020-10-20,2020-10-22,2020-11-09,3-5%,-3.508,28.0881,29.0509,tp_gap_filled,347.2282,9752.97,3.428,334.33,12
EW,2020-10-22,2020-10-23,2020-11-09,3-5%,-4.629,79.8197,83.5264,tp_gap_filled,122.4739,9775.84,4.644,453.97,11
RCL,2020-10-13,2020-10-23,2020-11-09,5-10%,-8.077,64.2542,69.7602,tp_gap_filled,152.3984,9792.24,8.569,839.1,11
ADM,2020-10-30,2020-11-02,2020-11-09,3-5%,-3.846,48.048,49.8701,tp_gap_filled,194.7248,9356.14,3.792,354.8,5
ANET,2020-08-05,2020-11-03,2020-11-09,5-10%,-6.057,15.5155,16.4829,tp_gap_filled,614.3476,9531.91,6.235,594.3,4
CME,2020-10-28,2020-11-03,2020-11-09,2-3%,-2.69,155.3352,159.3105,tp_gap_filled,61.3737,9533.5,2.559,243.98,4
LYV,2020-10-26,2020-11-04,2020-11-09,2-3%,-2.117,56.006,57.1028,tp_gap_filled,172.7935,9677.46,1.959,189.54,3
MCD,2020-10-28,2020-11-04,2020-11-09,2-3%,-2.054,218.6084,222.747,tp_gap_filled,44.2372,9670.62,1.893,183.08,3
BKNG,2020-10-26,2020-11-05,2020-11-09,2-3%,-2.655,71.0762,72.8691,tp_gap_filled,139.4806,9913.75,2.522,250.07,2
BNY,2020-11-04,2020-11-05,2020-11-09,2-3%,-2.39,35.1651,35.954,tp_gap_filled,281.8745,9912.15,2.243,222.37,2
CAT,2020-11-04,2020-11-05,2020-11-09,5-10%,-5.075,159.3392,167.5223,tp_gap_filled,62.4052,9943.6,5.136,510.67,2
EOG,2020-11-05,2020-11-06,2020-11-09,2-3%,-2.026,35.3453,36.004,tp_gap_filled,281.4756,9948.84,1.863,185.39,1
HBAN,2020-11-04,2020-11-06,2020-11-09,3-5%,-3.877,10.6707,11.0789,tp_gap_filled,931.682,9941.66,3.826,380.36,1
KEY,2020-11-04,2020-11-06,2020-11-09,3-5%,-3.123,13.3533,13.7562,tp_gap_filled,743.2966,9925.49,3.017,299.47,1
NWS,2020-09-21,2020-11-06,2020-11-09,2-3%,-2.132,15.1651,15.4645,tp_gap_filled,653.6222,9912.28,1.974,195.67,1
AXP,2020-10-23,2020-11-09,2020-11-10,3-5%,-3.97,100.7306,104.6852,tp_gap_filled,101.3612,10210.18,3.926,400.84,1
CCL,2020-09-15,2020-11-09,2020-11-10,3-5%,-3.641,17.2172,17.8322,tp_gap_filled,596.2873,10266.4,3.572,366.69,1
CINF,2020-10-22,2020-11-09,2020-11-10,3-5%,-3.903,81.081,84.2057,tp_gap_filled,127.0903,10304.61,3.854,397.12,1
COP,2020-10-26,2020-11-09,2020-11-10,2-3%,-2.397,31.7918,32.5075,tp_gap_filled,324.7477,10324.3,2.251,232.42,1
FSLR,2020-10-29,2020-11-09,2020-11-10,2-3%,-2.315,91.2412,81.1234,stop,112.8847,10299.73,-11.089,-1142.14,1
MGM,2020-10-26,2020-11-09,2020-11-10,2-3%,-2.14,22.8829,23.3366,tp_gap_filled,448.9694,10273.71,1.983,203.73,1
MTB,2020-11-04,2020-11-09,2020-11-10,2-3%,-2.954,106.8668,109.9,tp_gap_filled,96.3009,10291.37,2.838,292.1,1
NCLH,2020-10-26,2020-11-09,2020-11-10,3-5%,-3.324,17.7577,18.3317,tp_gap_filled,582.6252,10346.11,3.232,334.37,1
SLB,2020-09-21,2020-11-09,2020-11-10,3-5%,-3.364,18.1181,18.7113,tp_gap_filled,573.594,10392.43,3.274,340.24,1
TECH,2020-11-06,2020-11-09,2020-11-10,3-5%,-3.112,73.8538,76.0739,tp_gap_filled,140.7289,10393.36,3.006,312.43,1
WYNN,2020-11-06,2020-11-09,2020-11-10,2-3%,-2.795,77.9679,80.0499,tp_gap_filled,133.2891,10392.27,2.67,277.5,1
SMCI,2020-11-06,2020-11-09,2020-11-11,3-5%,-3.102,2.7828,2.8661,tp_gap_filled,3735.4573,10394.96,2.995,311.35,2
UPS,2020-11-09,2020-11-10,2020-11-11,2-3%,-2.135,164.2641,167.5123,tp_gap_filled,61.9637,10178.41,1.977,201.27,1
EFX,2020-10-22,2020-11-09,2020-11-12,2-3%,-2.587,158.3081,162.1877,tp_gap_filled,65.1492,10313.64,2.451,252.75,3
CMCSA,2020-11-10,2020-11-11,2020-11-12,2-3%,-2.141,43.3141,44.1732,tp_gap_filled,237.1459,10271.77,1.983,203.73,1
CVNA,2020-11-09,2020-11-11,2020-11-12,3-5%,-4.167,40.2902,41.958,tp_gap_filled,255.4828,10293.47,4.139,426.08,1
CSGP,2020-11-10,2020-11-11,2020-11-13,3-5%,-3.104,88.4494,91.1008,tp_gap_filled,116.2534,10282.54,2.998,308.24,2
PSX,2020-09-21,2020-11-09,2020-11-16,3-5%,-3.176,57.9779,59.7602,tp_gap_filled,179.5702,10411.11,3.074,320.04,5
UNP,2020-10-21,2020-11-09,2020-11-16,3-5%,-3.255,200.2501,206.5732,tp_gap_filled,51.9534,10403.67,3.158,328.51,5
CTAS,2020-11-10,2020-11-11,2020-11-16,2-3%,-2.583,88.606,90.7741,tp_gap_filled,116.1099,10288.03,2.447,251.74,3
EXPE,2020-11-10,2020-11-11,2020-11-16,3-5%,-4.944,122.4023,128.5114,tp_gap_filled,84.1563,10300.93,4.991,514.12,3
CFG,2020-11-12,2020-11-13,2020-11-16,2-3%,-2.683,30.8608,31.6483,tp_gap_filled,334.8536,10333.86,2.552,263.69,1
BDX,2020-08-06,2020-08-19,2020-11-17,5-10%,-6.15,204.223,185.7398,time_exit,43.2573,8834.15,-9.051,-799.53,63
HAS,2020-10-26,2020-11-09,2020-11-17,5-10%,-5.413,87.107,91.908,tp_gap_filled,118.0206,10280.42,5.512,566.61,6
ABT,2020-11-09,2020-11-11,2020-11-17,2-3%,-2.29,111.9118,114.3056,tp_gap_filled,91.7637,10269.44,2.139,219.66,4
MOS,2020-11-03,2020-11-09,2020-11-18,5-10%,-8.231,17.968,19.5404,tp_gap_filled,573.7927,10309.88,8.752,902.28,7
KKR,2020-11-11,2020-11-12,2020-11-18,3-5%,-4.586,36.6566,38.3416,tp_gap_filled,277.788,10182.77,4.597,468.07,4
HAL,2020-09-08,2020-11-16,2020-11-18,3-5%,-3.127,15.5055,15.974,tp_gap_filled,673.2733,10439.43,3.022,315.44,2
UAL,2020-11-10,2020-11-16,2020-11-18,2-3%,-2.106,40.4905,41.2787,tp_gap_filled,257.8725,10441.37,1.947,203.26,2
CVNA,2020-11-16,2020-11-17,2020-11-18,2-3%,-2.407,41.2412,42.1738,tp_gap_filled,253.2551,10444.54,2.261,236.18,1
NOW,2020-11-16,2020-11-17,2020-11-18,2-3%,-2.071,99.5975,101.5004,tp_gap_filled,105.1283,10470.52,1.911,200.05,1
CRWD,2020-11-09,2020-11-12,2020-11-19,3-5%,-3.907,34.0966,35.4121,tp_gap_filled,298.0218,10161.52,3.858,392.04,5
WSM,2020-11-09,2020-11-17,2020-11-19,2-3%,-2.475,48.7087,49.8451,tp_gap_filled,215.1796,10481.11,2.333,244.54,2
APTV,2020-11-17,2020-11-18,2020-11-19,2-3%,-2.158,112.112,114.3555,tp_gap_filled,92.7621,10399.74,2.001,208.11,1
BLDR,2020-11-18,2020-11-19,2020-11-20,3-5%,-3.435,34.6146,35.7742,tp_gap_filled,301.0495,10420.7,3.35,349.1,1
WDC,2020-08-06,2020-09-02,2020-11-23,10%+,-12.076,29.5836,33.5794,tp_gap_filled,309.5745,9158.33,13.507,1236.99,57
DGX,2020-11-09,2020-11-10,2020-11-23,5-10%,-7.021,118.118,126.7831,tp_gap_filled,86.0462,10163.6,7.336,745.6,9
BBY,2020-11-09,2020-11-17,2020-11-23,2-3%,-2.235,120.4303,122.9369,tp_gap_filled,86.8401,10458.17,2.081,217.68,4
CF,2020-09-21,2020-11-18,2020-11-23,2-3%,-2.382,33.2332,33.976,tp_gap_filled,312.6994,10392.0,2.235,232.27,3
BNY,2020-11-19,2020-11-20,2020-11-23,2-3%,-2.272,37.8979,38.7013,tp_gap_filled,274.5044,10403.13,2.12,220.54,1
DLTR,2020-08-27,2020-11-09,2020-11-24,3-5%,-4.48,99.6696,104.1358,tp_gap_filled,103.61,10326.77,4.481,462.74,11
ROP,2020-10-27,2020-11-09,2020-11-24,3-5%,-3.085,405.405,417.4721,tp_gap_filled,25.6668,10405.43,2.977,309.72,11
EBAY,2020-11-09,2020-11-11,2020-11-24,5-10%,-5.307,48.048,50.6393,tp_gap_filled,214.4385,10303.34,5.393,555.68,9
FERG,2020-11-10,2020-11-11,2020-11-24,3-5%,-3.251,105.7557,109.0908,tp_gap_filled,97.3314,10293.35,3.154,324.61,9
CCL,2020-11-10,2020-11-17,2020-11-24,3-5%,-3.688,18.5585,19.2308,tp_gap_filled,563.3035,10454.09,3.622,378.66,5
BG,2020-11-17,2020-11-18,2020-11-24,2-3%,-2.241,59.3893,60.6293,tp_gap_filled,175.2642,10408.83,2.088,217.32,4
NCLH,2020-11-18,2020-11-19,2020-11-24,5-10%,-6.301,20.6907,22.0379,tp_gap_filled,504.5706,10439.9,6.511,679.79,3
PCAR,2020-11-20,2020-11-23,2020-11-24,2-3%,-2.099,58.8254,59.9666,tp_gap_filled,178.6292,10507.94,1.94,203.85,1
PYPL,2020-11-09,2020-11-23,2020-11-24,3-5%,-3.448,195.9357,202.5273,tp_gap_filled,53.6563,10513.19,3.364,353.68,1
DDOG,2020-11-11,2020-11-12,2020-11-25,5-10%,-8.045,85.2352,92.5074,tp_gap_filled,119.2441,10163.79,8.532,867.17,9
QCOM,2020-11-23,2020-11-24,2020-11-25,2-3%,-2.52,142.4924,145.884,tp_gap_filled,74.6702,10639.93,2.38,253.25,1
WYNN,2020-11-10,2020-11-24,2020-11-27,2-3%,-2.191,100.1,102.1378,tp_gap_filled,106.3785,10648.49,2.036,216.77,2
MRNA,2020-11-24,2020-11-25,2020-11-27,2-3%,-2.603,98.4984,100.929,tp_gap_filled,108.1119,10648.84,2.468,262.77,1
CRM,2020-09-03,2020-11-09,2020-11-30,2-3%,-2.208,270.8506,240.8159,stop,38.1815,10341.49,-11.089,-1146.77,14
IBM,2020-10-20,2020-11-23,2020-12-01,3-5%,-4.557,114.6461,119.88,tp_gap_filled,91.6512,10507.45,4.565,479.69,5
INTC,2020-07-24,2020-09-02,2020-12-02,10%+,-13.659,52.2022,49.8501,time_exit,175.3199,9152.07,-4.506,-412.36,63
HAL,2020-11-25,2020-11-27,2020-12-02,2-3%,-2.289,17.5175,17.8921,tp_gap_filled,611.2495,10707.56,2.138,228.97,3
HST,2020-11-25,2020-11-27,2020-12-02,2-3%,-2.158,14.5245,14.8152,tp_gap_filled,737.2661,10708.43,2.001,214.29,3
FLEX,2020-11-30,2020-12-01,2020-12-02,3-5%,-3.144,12.0844,12.4517,tp_gap_filled,881.049,10646.96,3.04,323.63,1
ORCL,2020-10-26,2020-11-09,2020-12-03,3-5%,-3.005,58.1581,59.8401,tp_gap_filled,179.1492,10418.98,2.892,301.33,17
CDNS,2020-11-10,2020-11-11,2020-12-03,2-3%,-2.218,116.0559,118.4514,tp_gap_filled,88.5064,10271.7,2.064,212.02,15
BKR,2020-11-25,2020-11-27,2020-12-03,2-3%,-2.221,19.8298,20.2397,tp_gap_filled,540.0183,10708.46,2.067,221.37,4
SLB,2020-11-25,2020-11-27,2020-12-03,2-3%,-2.249,21.7517,22.2078,tp_gap_filled,492.7863,10718.95,2.097,224.73,4
CVS,2020-11-17,2020-11-18,2020-12-04,5-10%,-7.105,68.3182,73.3965,tp_gap_filled,151.8649,10375.14,7.433,771.21,11
APA,2020-09-08,2020-11-24,2020-12-04,3-5%,-3.493,14.1041,14.5854,tp_gap_filled,754.1855,10637.1,3.413,363.0,7
CRWD,2020-12-02,2020-12-03,2020-12-04,2-3%,-2.129,36.1261,36.8381,tp_gap_filled,296.834,10723.45,1.971,211.36,1
HST,2020-12-02,2020-12-03,2020-12-04,2-3%,-2.963,14.0941,14.4955,tp_gap_filled,763.6055,10762.32,2.848,306.52,1
NCLH,2020-12-02,2020-12-03,2020-12-04,2-3%,-2.354,22.4224,22.9171,tp_gap_filled,481.1339,10788.18,2.206,238.0,1
CVNA,2020-12-02,2020-12-03,2020-12-07,5-10%,-8.721,45.8918,50.1758,tp_gap_filled,234.5672,10764.72,9.335,1004.87,2
PLTR,2020-12-02,2020-12-03,2020-12-07,10%+,-13.362,22.2622,25.6443,tp_gap_filled,486.7547,10836.25,15.192,1646.25,2
FE,2020-11-20,2020-12-04,2020-12-07,2-3%,-2.238,28.4184,29.011,tp_gap_filled,382.983,10883.76,2.085,226.94,1
NDSN,2020-12-03,2020-12-04,2020-12-07,2-3%,-2.248,193.2831,197.3325,tp_gap_filled,56.3284,10887.33,2.095,228.1,1
PNR,2020-12-03,2020-12-04,2020-12-08,2-3%,-2.569,50.1101,51.3286,tp_gap_filled,217.5357,10900.73,2.432,265.08,2
LOW,2020-11-18,2020-11-19,2020-12-09,5-10%,-5.936,150.5204,159.7001,tp_gap_filled,69.3729,10442.03,6.099,636.83,13
F,2020-11-25,2020-11-30,2020-12-09,2-3%,-2.646,9.2092,9.4405,tp_gap_filled,1151.1845,10601.49,2.512,266.33,7
APA,2020-12-07,2020-12-08,2020-12-09,2-3%,-2.174,14.8649,15.1648,tp_gap_filled,738.5385,10978.26,2.018,221.54,1
OXY,2020-12-07,2020-12-08,2020-12-09,3-5%,-4.088,17.8478,18.5714,tp_gap_filled,613.8648,10956.15,4.054,444.18,1
EQT,2020-12-07,2020-12-08,2020-12-10,2-3%,-2.458,13.9039,14.2258,tp_gap_filled,788.964,10969.67,2.315,253.94,2
BKR,2020-12-08,2020-12-09,2020-12-10,2-3%,-2.089,21.5816,21.998,tp_gap_filled,506.5097,10931.27,1.93,210.92,1
HAL,2020-12-08,2020-12-09,2020-12-10,2-3%,-2.214,18.5685,18.951,tp_gap_filled,589.7423,10950.66,2.06,225.56,1
AZO,2020-12-08,2020-12-09,2020-12-11,2-3%,-2.522,1129.128,1156.0229,tp_gap_filled,9.6872,10938.04,2.382,260.53,2
MOS,2020-11-25,2020-11-27,2020-12-14,3-5%,-4.443,22.1721,23.1568,tp_gap_filled,483.0734,10710.78,4.441,475.67,11
DAL,2020-12-10,2020-12-11,2020-12-14,2-3%,-2.256,41.2012,42.0679,tp_gap_filled,264.6263,10902.91,2.104,229.36,1
JBL,2020-12-08,2020-12-09,2020-12-15,2-3%,-2.504,39.7497,40.6893,tp_gap_filled,275.9559,10969.17,2.364,259.28,4
VEEV,2020-12-09,2020-12-10,2020-12-15,2-3%,-2.89,262.0117,269.2705,tp_gap_filled,41.5779,10893.89,2.77,301.8,3
CMG,2020-10-22,2020-10-23,2020-12-16,5-10%,-5.448,25.87,27.3059,tp_gap_filled,377.4392,9764.37,5.55,541.94,37
WDAY,2020-11-20,2020-11-27,2020-12-16,3-5%,-4.584,220.4402,230.5692,tp_gap_filled,48.6348,10721.06,4.595,492.62,13
ABNB,2020-12-14,2020-12-16,2020-12-17,3-5%,-3.052,135.135,139.1108,tp_gap_filled,81.488,11011.88,2.942,323.98,1
AKAM,2020-10-28,2020-11-05,2020-12-18,5-10%,-5.182,101.2812,106.6033,tp_gap_filled,97.7426,9899.49,5.255,520.2,30
FIX,2020-10-27,2020-11-24,2020-12-18,3-5%,-4.227,51.9419,54.1258,tp_gap_filled,204.7575,10635.49,4.205,447.18,17
CRH,2020-11-27,2020-12-01,2020-12-18,3-5%,-4.475,40.6006,42.4175,tp_gap_filled,262.2843,10648.89,4.475,476.56,13
FSLR,2020-12-01,2020-12-02,2020-12-18,2-3%,-2.729,90.9709,93.3366,tp_gap_filled,117.4371,10683.35,2.6,277.82,12
SW,2020-12-14,2020-12-15,2020-12-18,3-5%,-3.419,45.2452,46.7532,tp_gap_filled,242.4148,10968.11,3.333,365.56,3
MRNA,2020-12-16,2020-12-17,2020-12-21,5-10%,-6.433,137.8877,147.0728,tp_gap_filled,80.3762,11082.89,6.661,738.26,2
FLEX,2020-12-18,2020-12-21,2020-12-22,3-5%,-4.099,12.884,13.4078,tp_gap_filled,862.8113,11116.47,4.066,451.96,1
PLTR,2020-12-18,2020-12-21,2020-12-22,3-5%,-3.526,26.2963,27.2028,tp_gap_filled,423.327,11131.92,3.447,383.75,1
CDW,2020-12-17,2020-12-18,2020-12-23,2-3%,-2.533,129.0389,132.1277,tp_gap_filled,86.3282,11139.69,2.394,266.65,3
ALB,2020-12-21,2020-12-22,2020-12-23,2-3%,-2.246,135.9158,138.7611,tp_gap_filled,81.7702,11113.86,2.093,232.66,1
ALGN,2020-12-21,2020-12-22,2020-12-23,2-3%,-2.232,518.6081,529.3901,tp_gap_filled,21.4846,11142.08,2.079,231.65,1
AMCR,2020-12-21,2020-12-22,2020-12-23,2-3%,-2.144,57.107,58.2417,tp_gap_filled,195.3342,11154.96,1.987,221.64,1
APTV,2020-12-21,2020-12-22,2020-12-23,3-5%,-3.459,120.12,124.1757,tp_gap_filled,92.8551,11153.76,3.376,376.59,1
CTAS,2020-12-22,2020-12-23,2020-12-28,2-3%,-2.349,84.5845,86.446,tp_gap_filled,132.3566,11195.32,2.201,246.38,2
WBD,2020-12-18,2020-12-23,2020-12-28,2-3%,-2.575,28.028,28.7113,tp_gap_filled,399.3504,11192.99,2.438,272.86,2
AMZN,2020-11-09,2020-12-01,2020-12-29,2-3%,-2.426,161.713,165.4029,tp_gap_filled,65.8602,10650.45,2.282,243.02,19
TSLA,2020-12-21,2020-12-28,2020-12-30,3-5%,-4.138,222.3021,231.435,tp_gap_filled,50.1469,11147.76,4.108,457.99,2
CNC,2020-12-21,2020-12-29,2021-01-04,2-3%,-2.289,59.8097,61.0889,tp_gap_filled,185.4554,11092.04,2.139,237.22,3
APA,2020-12-21,2020-12-22,2021-01-05,5-10%,-7.045,14.2642,15.3147,tp_gap_filled,782.2016,11157.52,7.364,821.64,8
EQT,2020-12-28,2021-01-04,2021-01-05,2-3%,-2.804,13.5335,13.8961,tp_gap_filled,819.0937,11085.22,2.679,296.98,1
JBHT,2020-10-16,2020-11-24,2021-01-06,3-5%,-4.146,136.096,141.6982,tp_gap_filled,78.1685,10638.41,4.116,437.91,28
GPC,2020-12-02,2020-12-04,2021-01-06,3-5%,-3.669,98.0379,101.5683,tp_gap_filled,111.085,10890.55,3.601,392.17,21
KR,2020-12-03,2020-12-04,2021-01-06,3-5%,-4.336,30.9209,32.2577,tp_gap_filled,352.2321,10891.33,4.323,470.87,21
CSX,2020-12-10,2020-12-11,2021-01-06,2-3%,-2.377,29.8799,30.5461,tp_gap_filled,364.7845,10899.71,2.23,243.03,16
AIG,2020-12-11,2020-12-14,2021-01-06,2-3%,-2.216,38.8688,39.6703,tp_gap_filled,279.5047,10864.02,2.062,224.01,15
GLW,2020-12-11,2020-12-14,2021-01-06,2-3%,-2.367,36.3263,37.1328,tp_gap_filled,298.8859,10857.42,2.22,241.06,15
HPE,2020-12-21,2020-12-23,2021-01-06,2-3%,-2.228,11.8619,12.1079,tp_gap_filled,943.9094,11196.51,2.074,232.23,8
FISV,2020-12-21,2020-12-24,2021-01-06,2-3%,-2.038,112.5825,114.6952,tp_gap_filled,99.4413,11195.35,1.877,210.09,7
COR,2020-11-17,2020-11-18,2021-01-07,2-3%,-2.761,106.106,108.901,tp_gap_filled,97.8629,10383.84,2.634,273.53,33
COP,2020-12-07,2020-12-08,2021-01-07,2-3%,-2.078,43.3933,44.2257,tp_gap_filled,252.9347,10975.68,1.918,210.54,20
QCOM,2020-12-11,2020-12-15,2021-01-07,3-5%,-4.18,149.3892,155.5942,tp_gap_filled,73.4365,10970.63,4.154,455.67,15
FSLR,2021-01-05,2021-01-06,2021-01-07,3-5%,-4.099,97.1871,101.1388,tp_gap_filled,117.2506,11395.24,4.066,463.34,1
PHM,2021-01-05,2021-01-06,2021-01-07,3-5%,-3.435,40.8008,42.1678,tp_gap_filled,279.5297,11405.02,3.351,382.13,1
STT,2021-01-05,2021-01-06,2021-01-07,3-5%,-3.433,69.8398,72.1778,tp_gap_filled,163.3093,11405.48,3.348,381.81,1
SWK,2021-01-04,2021-01-05,2021-01-08,3-5%,-4.884,170.0098,178.3814,tp_gap_filled,65.8396,11193.38,4.924,551.18,3
AAPL,2021-01-06,2021-01-07,2021-01-08,2-3%,-2.511,127.8477,130.879,tp_gap_filled,90.0366,11510.97,2.371,272.92,1
ADSK,2021-01-06,2021-01-07,2021-01-08,2-3%,-2.502,294.4441,301.3983,tp_gap_filled,39.1339,11522.75,2.362,272.14,1
CDNS,2021-01-06,2021-01-07,2021-01-08,2-3%,-2.791,132.4723,136.0039,tp_gap_filled,87.2146,11553.53,2.666,308.0,1
CI,2021-01-06,2021-01-07,2021-01-08,3-5%,-4.473,194.5243,203.2266,tp_gap_filled,59.5171,11577.53,4.474,517.93,1
CRWD,2021-01-06,2021-01-07,2021-01-08,3-5%,-3.427,51.051,52.7572,tp_gap_filled,227.793,11629.06,3.342,388.66,1
DHR,2021-01-06,2021-01-07,2021-01-08,2-3%,-2.138,198.6736,202.6075,tp_gap_filled,58.6985,11661.84,1.98,230.91,1
FTNT,2021-01-05,2021-01-07,2021-01-08,2-3%,-2.748,28.3403,29.0829,tp_gap_filled,412.4481,11688.91,2.62,306.27,1
GOOG,2021-01-06,2021-01-07,2021-01-08,2-3%,-2.199,85.2166,86.959,tp_gap_filled,137.217,11693.17,2.045,239.08,1
CHTR,2021-01-06,2021-01-07,2021-01-11,3-5%,-3.838,612.7721,635.9534,tp_gap_filled,18.8762,11566.83,3.783,437.58,2
TTD,2021-01-06,2021-01-08,2021-01-11,2-3%,-2.776,76.7421,78.7751,tp_gap_filled,152.1215,11674.12,2.649,309.28,1
DASH,2020-12-10,2020-12-11,2021-01-12,5-10%,-5.171,179.8897,189.3205,tp_gap_filled,60.6353,10907.66,5.243,571.84,20
UBER,2021-01-08,2021-01-11,2021-01-12,3-5%,-3.091,54.4494,56.0739,tp_gap_filled,214.5246,11680.73,2.983,348.49,1
DPZ,2020-10-08,2020-10-13,2021-01-13,5-10%,-5.835,406.3059,381.4781,time_exit,23.604,9590.46,-6.111,-586.04,63
MRNA,2020-12-23,2020-12-24,2021-01-13,3-5%,-4.631,120.1701,125.7541,tp_gap_filled,93.1639,11195.51,4.647,520.23,12
APA,2021-01-11,2021-01-12,2021-01-13,3-5%,-3.8,15.9659,16.5634,tp_gap_filled,736.6588,11761.46,3.742,440.13,1
BKR,2021-01-11,2021-01-12,2021-01-13,2-3%,-2.982,21.8218,22.4475,tp_gap_filled,542.3228,11834.46,2.867,339.35,1
CF,2021-01-11,2021-01-12,2021-01-13,2-3%,-2.317,42.2022,43.1168,tp_gap_filled,280.9449,11856.48,2.167,256.97,1
COF,2021-01-11,2021-01-12,2021-01-13,2-3%,-2.107,108.3382,110.4494,tp_gap_filled,109.7453,11889.61,1.949,231.69,1
TDY,2021-01-04,2021-01-05,2021-01-14,10%+,-10.001,353.1328,391.588,tp_gap_filled,31.6981,11193.64,10.89,1218.96,7
BA,2021-01-11,2021-01-12,2021-01-14,3-5%,-3.273,203.233,209.6901,tp_gap_filled,58.1816,11824.42,3.177,375.68,2
ALB,2021-01-11,2021-01-12,2021-01-19,2-3%,-2.879,178.9788,183.9159,tp_gap_filled,65.6712,11753.75,2.758,324.23,4
CHRW,2020-10-28,2020-11-09,2021-01-20,5-10%,-5.598,94.5244,99.93,tp_gap_filled,109.0385,10306.8,5.719,589.41,48
AMZN,2021-01-06,2021-01-07,2021-01-20,2-3%,-2.238,157.4813,160.7646,tp_gap_filled,73.3409,11549.83,2.085,240.8,8
ARE,2021-01-06,2021-01-07,2021-01-20,3-5%,-3.717,164.4142,170.4194,tp_gap_filled,70.2576,11551.36,3.652,421.91,8
NOW,2021-01-06,2021-01-08,2021-01-20,2-3%,-2.293,104.058,106.2876,tp_gap_filled,112.1268,11667.68,2.143,250.0,7
AAPL,2021-01-11,2021-01-12,2021-01-20,2-3%,-2.166,129.3192,131.918,tp_gap_filled,90.9016,11755.32,2.01,236.23,5
DELL,2021-01-13,2021-01-15,2021-01-20,2-3%,-2.606,37.9244,38.8613,tp_gap_filled,309.6526,11743.37,2.47,290.11,2
AEP,2021-01-15,2021-01-19,2021-01-20,2-3%,-2.372,77.037,78.7512,tp_gap_filled,152.9898,11785.87,2.225,262.26,1
O,2021-01-12,2021-01-13,2021-01-21,3-5%,-4.005,55.3266,57.5199,tp_gap_filled,213.7144,11824.09,3.964,468.75,5
MRNA,2021-01-19,2021-01-20,2021-01-21,5-10%,-5.823,122.2221,129.5203,tp_gap_filled,97.6414,11933.94,5.971,712.61,1
PSKY,2021-01-19,2021-01-20,2021-01-21,2-3%,-2.605,44.1641,45.2547,tp_gap_filled,270.4329,11943.43,2.469,294.93,1
KR,2021-01-20,2021-01-21,2021-01-22,2-3%,-2.023,32.9729,33.5864,tp_gap_filled,362.5161,11953.22,1.86,222.38,1
CLX,2020-11-09,2020-11-11,2021-01-25,5-10%,-6.713,203.6434,217.8619,tp_gap_filled,50.4487,10273.54,6.982,717.3,49
UAL,2020-12-16,2021-01-14,2021-01-25,2-3%,-2.023,46.5465,41.385,stop,254.3922,11841.07,-11.089,-1313.06,6
IP,2021-01-13,2021-01-21,2021-01-25,2-3%,-2.014,48.8841,49.7892,tp_gap_filled,244.2717,11940.99,1.852,221.09,2
AMD,2021-01-13,2021-01-22,2021-01-25,2-3%,-2.464,93.103,95.2646,tp_gap_filled,128.3503,11949.8,2.322,277.45,1
BKR,2021-01-15,2021-01-21,2021-01-26,2-3%,-2.32,23.1832,20.6124,stop,515.2238,11944.51,-11.089,-1324.53,3
COP,2021-01-22,2021-01-25,2021-01-26,2-3%,-2.616,42.1021,43.1468,tp_gap_filled,283.4665,11934.53,2.481,296.15,1
EOG,2021-01-22,2021-01-25,2021-01-26,3-5%,-3.235,53.3032,54.975,tp_gap_filled,223.9834,11939.04,3.136,374.44,1
EQT,2021-01-22,2021-01-25,2021-01-26,2-3%,-2.376,15.6256,15.974,tp_gap_filled,764.9751,11953.2,2.23,266.52,1
ADP,2021-01-13,2021-01-14,2021-01-27,3-5%,-4.176,162.162,168.8909,tp_gap_filled,72.9199,11824.83,4.15,490.67,8
T,2021-01-08,2021-01-14,2021-01-27,2-3%,-2.574,22.0311,22.568,tp_gap_filled,537.3969,11839.43,2.437,288.57,8
MO,2020-12-24,2020-12-28,2021-01-28,2-3%,-2.286,41.9319,42.8271,tp_gap_filled,265.9496,11151.77,2.135,238.09,21
HST,2021-01-20,2021-01-21,2021-01-28,2-3%,-2.71,14.3744,14.7452,tp_gap_filled,830.2033,11933.64,2.58,307.91,5
PCAR,2021-01-26,2021-01-27,2021-01-28,2-3%,-2.114,63.9772,65.228,tp_gap_filled,182.6429,11684.99,1.955,228.45,1
PLTR,2021-01-26,2021-01-27,2021-01-28,3-5%,-3.009,35.1751,36.1938,tp_gap_filled,332.2446,11686.75,2.896,338.43,1
ABNB,2021-01-27,2021-01-28,2021-01-29,2-3%,-2.646,187.8276,192.5473,tp_gap_filled,63.0094,11834.9,2.513,297.38,1
AES,2021-01-27,2021-01-28,2021-01-29,2-3%,-2.443,23.984,24.5354,tp_gap_filled,493.1099,11826.73,2.299,271.94,1
ADBE,2021-01-06,2021-01-07,2021-02-02,2-3%,-2.386,474.5741,485.2043,tp_gap_filled,24.2748,11520.19,2.24,258.05,17
DXCM,2021-01-11,2021-01-22,2021-02-02,3-5%,-3.633,93.591,96.9255,tp_gap_filled,127.6668,11948.46,3.563,425.7,7
ADSK,2021-01-27,2021-01-28,2021-02-02,2-3%,-2.204,285.6053,291.4582,tp_gap_filled,41.416,11828.64,2.049,242.4,3
APA,2021-01-22,2021-01-25,2021-02-03,3-5%,-3.245,16.1161,16.6234,tp_gap_filled,741.1262,11944.06,3.148,375.94,7
FITB,2021-01-25,2021-01-26,2021-02-03,2-3%,-2.104,30.2802,30.8691,tp_gap_filled,392.2808,11878.36,1.945,230.99,6
BSX,2020-11-17,2020-12-16,2021-02-04,5-10%,-6.679,35.5255,37.992,tp_gap_filled,310.1895,11019.63,6.943,765.08,33
SW,2021-01-11,2021-01-14,2021-02-04,2-3%,-2.581,47.9879,49.1608,tp_gap_filled,246.3998,11824.22,2.444,288.99,14
EW,2021-01-28,2021-01-29,2021-02-04,3-5%,-3.277,82.1421,84.7552,tp_gap_filled,142.1173,11673.81,3.181,371.37,4
ABBV,2021-01-27,2021-02-03,2021-02-04,2-3%,-2.316,106.3863,108.6912,tp_gap_filled,111.6897,11882.25,2.167,257.44,1
DAL,2021-01-29,2021-02-03,2021-02-04,2-3%,-2.021,39.3093,40.0399,tp_gap_filled,302.3295,11884.35,1.859,220.9,1
DVN,2021-01-22,2021-01-26,2021-02-05,3-5%,-3.208,17.8178,18.3716,tp_gap_filled,667.8663,11899.91,3.108,369.87,8
HWM,2021-02-03,2021-02-04,2021-02-05,3-5%,-3.102,25.3253,26.0839,tp_gap_filled,476.3161,12062.85,2.995,361.33,1
XYZ,2021-01-11,2021-01-13,2021-02-08,3-5%,-4.075,231.8416,241.2085,tp_gap_filled,51.021,11828.8,4.04,477.91,17
ALB,2021-02-04,2021-02-05,2021-02-08,5-10%,-5.523,153.0929,161.7181,tp_gap_filled,78.9666,12089.22,5.634,681.1,1
JBHT,2021-01-20,2021-01-21,2021-02-09,3-5%,-3.804,143.0129,148.3715,tp_gap_filled,83.498,11941.29,3.747,447.43,13
KLAC,2021-01-27,2021-02-02,2021-02-09,2-3%,-2.059,29.7597,30.3246,tp_gap_filled,398.9552,11872.8,1.898,225.38,5
STX,2021-01-28,2021-02-08,2021-02-09,2-3%,-2.398,70.07,71.6483,tp_gap_filled,173.985,12191.13,2.252,274.6,1
VRTX,2020-10-15,2020-11-09,2021-02-10,10%+,-16.175,227.7776,212.3175,time_exit,45.6576,10399.77,-6.787,-705.87,63
CRH,2021-01-25,2021-01-26,2021-02-10,3-5%,-3.009,42.9129,44.1558,tp_gap_filled,277.3196,11900.58,2.896,344.69,11
HBAN,2021-01-22,2021-02-04,2021-02-10,2-3%,-2.963,14.0941,14.4955,tp_gap_filled,855.828,12062.11,2.848,343.54,4
NEM,2020-11-09,2020-11-10,2021-02-11,5-10%,-5.709,64.3142,58.3216,time_exit,158.1459,10171.04,-9.318,-947.71,63
REGN,2020-11-09,2020-11-10,2021-02-11,3-5%,-4.571,552.1616,490.0495,time_exit,18.4259,10174.07,-11.249,-1144.47,63
CRM,2020-12-02,2020-12-03,2021-02-11,5-10%,-6.576,225.7055,241.1087,tp_gap_filled,47.5441,10730.95,6.824,732.33,47
ADI,2021-01-27,2021-01-28,2021-02-11,2-3%,-2.485,151.2411,154.7851,tp_gap_filled,78.2455,11833.94,2.343,277.3,10
LRCX,2021-01-27,2021-02-09,2021-02-11,2-3%,-2.544,53.9139,55.2107,tp_gap_filled,226.0802,12188.86,2.405,293.2,2
FIS,2021-02-09,2021-02-10,2021-02-11,3-5%,-4.819,127.127,133.2966,tp_gap_filled,95.7707,12175.04,4.853,590.86,1
INTC,2021-01-22,2021-02-04,2021-02-12,5-10%,-5.78,58.9088,62.3975,tp_gap_filled,205.3144,12094.84,5.922,716.28,6
UDR,2021-02-10,2021-02-11,2021-02-12,3-5%,-4.105,39.5195,41.1288,tp_gap_filled,308.9811,12210.77,4.072,497.26,1
BBY,2020-11-24,2020-11-25,2021-02-16,5-10%,-5.121,115.9058,121.918,tp_gap_filled,91.928,10654.99,5.187,552.69,54
ARES,2021-02-11,2021-02-12,2021-02-16,3-5%,-3.2,49.059,50.5794,tp_gap_filled,249.3515,12232.94,3.099,379.1,1
DASH,2021-02-11,2021-02-12,2021-02-16,3-5%,-3.095,208.7085,214.9448,tp_gap_filled,58.7074,12252.73,2.988,366.12,1
CBOE,2021-02-05,2021-02-16,2021-02-17,2-3%,-2.145,93.1731,95.0249,tp_gap_filled,131.0859,12213.67,1.987,242.74,1
CCL,2021-02-12,2021-02-16,2021-02-17,2-3%,-2.992,20.1201,20.6993,tp_gap_filled,607.8347,12229.7,2.879,352.05,1
KMB,2020-10-22,2020-11-16,2021-02-18,5-10%,-5.142,140.8908,132.0578,time_exit,74.0887,10438.41,-6.269,-654.42,63
CSX,2021-01-22,2021-02-02,2021-02-19,2-3%,-2.347,29.8498,30.5061,tp_gap_filled,397.3552,11860.98,2.199,260.79,12
MGM,2021-02-11,2021-02-12,2021-02-19,2-3%,-2.166,35.7157,36.4335,tp_gap_filled,342.735,12241.01,2.01,246.03,4
ADI,2021-02-17,2021-02-18,2021-02-19,2-3%,-2.081,157.3071,160.3295,tp_gap_filled,76.9791,12109.37,1.921,232.66,1
CAH,2020-11-17,2020-11-18,2021-02-22,5-10%,-5.935,55.055,52.0779,time_exit,188.9552,10402.93,-5.408,-562.54,63
ALB,2021-02-18,2021-02-19,2021-02-22,3-5%,-4.439,150.6305,157.3125,tp_gap_filled,80.7438,12162.48,4.436,539.53,1
AJG,2021-01-08,2021-01-11,2021-02-23,3-5%,-3.621,118.0179,122.2077,tp_gap_filled,98.9619,11679.28,3.55,414.63,29
STT,2021-01-19,2021-01-20,2021-02-24,2-3%,-2.63,75.2252,77.1028,tp_gap_filled,158.6728,11936.18,2.496,297.93,24
IP,2021-02-04,2021-02-09,2021-02-24,3-5%,-4.998,45.5853,47.8877,tp_gap_filled,267.3926,12189.18,5.051,615.63,10
BA,2021-02-22,2021-02-23,2021-02-24,2-3%,-2.566,212.1019,217.2525,tp_gap_filled,56.8578,12059.65,2.428,292.85,1
ABNB,2021-02-23,2021-02-24,2021-02-25,3-5%,-3.246,189.189,195.1447,tp_gap_filled,64.3693,12177.96,3.148,383.36,1
ALB,2021-02-23,2021-02-24,2021-02-25,3-5%,-4.013,150.3602,156.3335,tp_gap_filled,81.149,12201.58,3.973,484.73,1
ALGN,2021-02-23,2021-02-24,2021-02-25,2-3%,-2.806,563.8433,578.9604,tp_gap_filled,21.6906,12230.09,2.681,327.9,1
ADSK,2021-02-24,2021-02-25,2021-02-26,3-5%,-3.073,281.6113,289.9598,tp_gap_filled,42.5224,11974.8,2.965,355.0,1
NRG,2021-02-16,2021-02-17,2021-03-01,5-10%,-5.553,40.6907,42.997,tp_gap_filled,300.1074,12211.57,5.668,692.14,8
INTU,2021-02-24,2021-02-25,2021-03-01,2-3%,-2.706,388.6783,398.6909,tp_gap_filled,30.8178,11978.22,2.576,308.57,2
CI,2021-02-04,2021-02-09,2021-03-02,3-5%,-4.297,210.21,219.2106,tp_gap_filled,57.9785,12187.67,4.282,521.84,14
GM,2021-02-11,2021-02-12,2021-03-02,2-3%,-2.314,53.6636,54.8251,tp_gap_filled,228.1154,12241.5,2.164,264.96,11
EXPD,2021-02-18,2021-02-19,2021-03-02,2-3%,-2.033,92.5925,94.3256,tp_gap_filled,131.5917,12184.4,1.872,228.06,7
CVX,2021-02-26,2021-03-01,2021-03-02,2-3%,-2.003,100.4003,102.2476,tp_gap_filled,121.5502,12203.68,1.84,224.55,1
FCX,2021-02-26,2021-03-01,2021-03-02,3-5%,-3.251,34.5545,35.6443,tp_gap_filled,353.3651,12210.36,3.154,385.1,1
BF-B,2020-12-08,2020-12-09,2021-03-03,2-3%,-2.152,78.7387,70.0073,stop,138.9467,10940.48,-11.089,-1213.19,56
AMD,2021-01-27,2021-02-08,2021-03-05,3-5%,-3.812,91.1911,76.5239,stop,133.6741,12189.89,-16.084,-1960.62,18
PLTR,2021-02-16,2021-02-22,2021-03-05,5-10%,-5.923,30.05,22.2148,stop,403.0421,12111.42,-26.074,-3157.93,9
NEM,2021-03-03,2021-03-04,2021-03-05,2-3%,-2.43,55.4754,56.7432,tp_gap_filled,214.2031,11883.01,2.285,271.56,1
CIEN,2020-09-03,2020-12-03,2021-03-08,10%+,-22.424,46.6466,49.1508,time_exit,230.0721,10732.08,5.368,576.15,63
BNY,2021-01-20,2021-02-11,2021-03-08,3-5%,-4.583,43.7637,45.7742,tp_gap_filled,279.1487,12216.59,4.594,561.22,16
DLTR,2021-02-18,2021-02-19,2021-03-08,2-3%,-2.179,106.066,108.2117,tp_gap_filled,114.8096,12177.39,2.023,246.35,11
IRM,2021-01-28,2021-02-25,2021-03-08,3-5%,-3.134,35.8858,36.973,tp_gap_filled,333.7669,11977.51,3.029,362.85,7
TKO,2021-02-05,2021-03-02,2021-03-08,5-10%,-5.321,53.073,55.944,tp_gap_filled,229.4968,12180.09,5.409,658.88,4
FCX,2021-03-04,2021-03-05,2021-03-08,2-3%,-2.943,34.004,34.965,tp_gap_filled,354.1496,12042.49,2.826,340.35,1
AES,2021-03-04,2021-03-05,2021-03-09,2-3%,-2.826,26.1561,26.8631,tp_gap_filled,460.5055,12045.04,2.703,325.57,2
STX,2021-03-04,2021-03-05,2021-03-09,3-5%,-4.135,72.8728,75.8641,tp_gap_filled,165.4182,12054.49,4.105,494.81,2
ROK,2021-01-26,2021-03-08,2021-03-09,2-3%,-2.055,255.7455,260.5892,tp_gap_filled,47.1907,12068.8,1.894,228.58,1
ROST,2021-03-03,2021-03-08,2021-03-09,3-5%,-3.094,114.114,117.5224,tp_gap_filled,105.7902,12072.14,2.987,360.57,1
CSCO,2021-02-10,2021-02-11,2021-03-10,3-5%,-4.845,46.1962,48.4515,tp_gap_filled,264.1212,12201.38,4.882,595.69,18
IFF,2021-03-08,2021-03-09,2021-03-10,3-5%,-3.006,129.8297,133.5863,tp_gap_filled,94.0418,12209.42,2.893,353.28,1
EL,2021-03-08,2021-03-09,2021-03-11,3-5%,-3.377,283.283,292.5971,tp_gap_filled,43.1163,12214.11,3.288,401.59,2
MRVL,2021-03-04,2021-03-09,2021-03-11,5-10%,-5.487,43.1031,45.5144,tp_gap_filled,283.3688,12214.06,5.594,683.31,2
EOG,2021-03-09,2021-03-10,2021-03-11,2-3%,-2.145,73.063,74.5154,tp_gap_filled,168.5152,12312.22,1.988,244.75,1
FCX,2021-03-09,2021-03-10,2021-03-11,3-5%,-3.05,33.4134,34.3956,tp_gap_filled,368.8259,12323.72,2.94,362.26,1
FERG,2021-03-09,2021-03-10,2021-03-11,2-3%,-2.0,117.2171,119.3705,tp_gap_filled,105.2456,12336.59,1.837,226.64,1
ABNB,2021-03-01,2021-03-02,2021-03-12,5-10%,-5.103,196.0158,206.1437,tp_gap_filled,62.203,12192.77,5.167,629.98,8
CFG,2021-03-09,2021-03-10,2021-03-12,2-3%,-2.485,44.7747,45.8241,tp_gap_filled,275.4672,12333.97,2.344,289.08,2
CARR,2021-02-09,2021-02-10,2021-03-15,5-10%,-6.549,37.1371,39.6603,tp_gap_filled,327.8248,12174.46,6.794,827.17,22
BBY,2021-02-25,2021-03-08,2021-03-15,5-10%,-8.496,103.9238,113.3465,tp_gap_filled,116.0328,12058.57,9.067,1093.34,5
AXON,2021-03-04,2021-03-11,2021-03-15,2-3%,-2.051,151.9818,154.855,tp_gap_filled,82.0943,12476.84,1.89,235.87,2
HD,2021-02-23,2021-03-11,2021-03-15,2-3%,-2.345,269.6494,275.5742,tp_gap_filled,46.2785,12478.97,2.197,274.19,2
CVNA,2021-03-04,2021-03-12,2021-03-15,2-3%,-2.124,56.4584,57.5684,tp_gap_filled,221.6045,12511.44,1.966,245.97,1
AMGN,2021-02-03,2021-02-04,2021-03-16,3-5%,-3.713,231.7916,240.2495,tp_gap_filled,51.998,12052.7,3.649,439.8,27
ATO,2021-02-22,2021-02-23,2021-03-16,3-5%,-3.805,90.09,93.4664,tp_gap_filled,133.8851,12061.7,3.748,452.05,15
DPZ,2021-02-25,2021-02-26,2021-03-16,5-10%,-6.745,340.34,364.2254,tp_gap_filled,35.0575,11931.45,7.018,837.36,12
PPL,2021-03-09,2021-03-12,2021-03-16,2-3%,-2.261,27.6977,28.2817,tp_gap_filled,451.8249,12514.5,2.109,263.87,2
AMAT,2021-03-12,2021-03-15,2021-03-16,2-3%,-2.253,114.6646,117.0728,tp_gap_filled,110.3479,12653.0,2.1,265.75,1
CDNS,2021-03-12,2021-03-15,2021-03-16,2-3%,-2.367,127.1771,129.9999,tp_gap_filled,99.4974,12653.79,2.22,280.86,1
DHI,2021-03-12,2021-03-15,2021-03-16,2-3%,-2.233,81.5314,83.2267,tp_gap_filled,155.2914,12661.13,2.079,263.26,1
DLR,2021-03-12,2021-03-15,2021-03-16,2-3%,-2.41,131.7316,134.7152,tp_gap_filled,96.1991,12672.46,2.265,287.01,1
DXCM,2021-03-12,2021-03-15,2021-03-16,2-3%,-2.058,89.8973,91.6033,tp_gap_filled,141.085,12683.16,1.898,240.69,1
CRWD,2021-03-04,2021-03-10,2021-03-17,2-3%,-2.768,51.2487,52.6023,tp_gap_filled,240.6412,12332.55,2.641,325.74,5
DD,2021-02-01,2021-02-02,2021-03-18,5-10%,-6.57,93.2689,99.6283,tp_gap_filled,127.174,11861.38,6.818,808.75,31
TFC,2021-03-16,2021-03-17,2021-03-18,2-3%,-2.69,57.9379,59.4205,tp_gap_filled,218.7549,12674.2,2.559,324.33,1
COHR,2021-02-12,2021-02-16,2021-03-19,5-10%,-7.883,91.8217,67.8801,stop,133.7081,12277.31,-26.074,-3201.19,23
PNW,2021-03-16,2021-03-17,2021-03-19,2-3%,-2.189,78.7287,80.3296,tp_gap_filled,160.9537,12671.67,2.033,257.68,2
MPWR,2021-03-17,2021-03-18,2021-03-19,2-3%,-2.095,335.8055,342.3073,tp_gap_filled,36.9408,12404.93,1.936,240.18,1
ABNB,2021-03-17,2021-03-18,2021-03-22,2-3%,-2.19,195.8256,199.81,tp_gap_filled,63.4798,12430.98,2.035,252.93,2
CDNS,2021-03-18,2021-03-19,2021-03-22,2-3%,-2.358,125.5855,128.3615,tp_gap_filled,99.2005,12458.14,2.21,275.39,1
DG,2021-03-18,2021-03-19,2021-03-22,5-10%,-5.957,176.5163,187.3225,tp_gap_filled,70.5759,12457.8,6.122,762.65,1
CHTR,2021-01-29,2021-02-05,2021-03-23,3-5%,-4.375,626.636,653.9954,tp_gap_filled,19.3094,12099.96,4.366,528.29,31
APA,2021-03-16,2021-03-17,2021-03-23,2-3%,-2.462,21.021,18.69,stop,602.5753,12666.73,-11.089,-1404.61,4
FANG,2021-03-16,2021-03-17,2021-03-23,2-3%,-2.717,82.082,72.9799,stop,154.3464,12669.06,-11.089,-1404.87,4
ADSK,2021-03-18,2021-03-22,2021-03-23,2-3%,-2.668,265.8256,272.5672,tp_gap_filled,47.048,12506.57,2.536,317.18,1
IBM,2021-01-22,2021-01-26,2021-03-24,5-10%,-8.318,115.5074,125.7346,tp_gap_filled,102.7764,11871.43,8.854,1051.11,40
OXY,2021-03-16,2021-03-17,2021-03-25,2-3%,-2.389,28.6286,25.454,stop,442.4108,12665.6,-11.089,-1404.49,6
WMB,2021-03-11,2021-03-12,2021-03-26,2-3%,-2.008,23.9339,24.3756,tp_gap_filled,523.9695,12540.64,1.845,231.43,10
EOG,2021-03-16,2021-03-17,2021-03-26,2-3%,-2.353,72.6826,74.2856,tp_gap_filled,174.2661,12666.11,2.206,279.35,7
APA,2021-03-23,2021-03-24,2021-03-26,3-5%,-3.393,18.2382,18.8411,tp_gap_filled,678.5395,12375.35,3.306,409.11,2
JKHY,2021-02-09,2021-02-10,2021-03-29,5-10%,-5.885,149.0489,158.0518,tp_gap_filled,81.8184,12194.94,6.04,736.6,32
ORCL,2021-03-11,2021-03-12,2021-03-29,5-10%,-6.198,67.7177,72.0479,tp_gap_filled,184.8548,12517.93,6.395,800.46,11
MRK,2021-03-22,2021-03-23,2021-03-29,2-3%,-2.206,72.4006,73.886,tp_gap_filled,171.8216,12439.98,2.052,255.22,4
GIS,2021-03-24,2021-03-25,2021-03-29,3-5%,-4.363,58.5785,61.1288,tp_gap_filled,212.5275,12449.55,4.354,542.01,2
ABNB,2021-03-25,2021-03-26,2021-03-29,3-5%,-3.215,173.2731,178.6712,tp_gap_filled,73.0529,12658.11,3.115,394.34,1
AXON,2021-03-25,2021-03-26,2021-03-29,2-3%,-2.585,130.13,133.3165,tp_gap_filled,97.2939,12660.85,2.449,310.03,1
BA,2021-03-25,2021-03-26,2021-03-29,2-3%,-2.048,234.5743,239.0008,tp_gap_filled,54.08,12685.79,1.887,239.38,1
MKC,2021-01-28,2021-01-29,2021-03-30,3-5%,-3.264,91.091,93.9759,tp_gap_filled,128.1782,11675.88,3.167,369.79,41
MPWR,2021-03-26,2021-03-29,2021-03-30,3-5%,-4.295,317.6573,331.2484,tp_gap_filled,39.9672,12695.88,4.279,543.2,1
ETN,2021-03-15,2021-03-16,2021-03-31,2-3%,-2.046,138.0279,140.6292,tp_gap_filled,91.6753,12653.75,1.885,238.48,11
ALGN,2021-03-18,2021-03-19,2021-03-31,2-3%,-2.241,528.4379,539.47,tp_gap_filled,23.5739,12457.34,2.088,260.07,8
C,2021-03-29,2021-03-30,2021-03-31,2-3%,-2.013,71.6216,72.947,tp_gap_filled,177.8201,12735.75,1.851,235.69,1
GS,2021-03-29,2021-03-30,2021-03-31,2-3%,-2.15,320.6704,327.0626,tp_gap_filled,39.7408,12743.68,1.993,254.03,1
HIG,2021-03-29,2021-03-30,2021-03-31,3-5%,-3.84,65.1651,67.6323,tp_gap_filled,195.7905,12758.7,3.786,483.05,1
FERG,2021-03-18,2021-03-23,2021-04-01,2-3%,-2.451,121.5214,124.3255,tp_gap_filled,102.2655,12427.44,2.308,286.77,7
APA,2021-03-30,2021-03-31,2021-04-01,2-3%,-2.116,17.5976,17.942,tp_gap_filled,728.0701,12812.27,1.957,250.79,1
BLK,2021-01-14,2021-01-15,2021-04-05,3-5%,-3.815,750.75,778.9702,tp_gap_filled,15.6582,11755.37,3.759,441.88,53
CTSH,2021-02-04,2021-02-05,2021-04-05,5-10%,-6.302,74.4143,79.2607,tp_gap_filled,162.5248,12094.17,6.513,787.65,39
WFC,2021-03-29,2021-03-30,2021-04-05,2-3%,-2.968,38.6186,39.7202,tp_gap_filled,331.0954,12786.44,2.853,364.75,3
UDR,2021-03-31,2021-04-01,2021-04-05,2-3%,-2.455,43.3533,44.3556,tp_gap_filled,297.1871,12884.05,2.312,297.87,1
TYL,2021-03-04,2021-03-05,2021-04-06,2-3%,-2.55,428.428,438.7608,tp_gap_filled,28.1431,12057.28,2.412,290.8,21
PANW,2021-03-18,2021-03-23,2021-04-06,2-3%,-2.944,54.5545,56.0972,tp_gap_filled,227.9042,12433.2,2.828,351.58,9
CCL,2021-03-22,2021-04-05,2021-04-06,2-3%,-2.244,28.3383,28.931,tp_gap_filled,456.9564,12949.37,2.092,270.85,1
F,2021-03-23,2021-04-05,2021-04-06,2-3%,-2.179,12.5826,12.8372,tp_gap_filled,1028.8753,12945.9,2.023,261.93,1
FCX,2021-03-23,2021-04-05,2021-04-06,2-3%,-2.599,34.1341,34.975,tp_gap_filled,379.3838,12949.92,2.463,319.02,1
SW,2021-03-08,2021-03-12,2021-04-07,5-10%,-5.894,46.1861,48.981,tp_gap_filled,270.9619,12514.68,6.051,757.29,17
AOS,2021-04-05,2021-04-06,2021-04-07,2-3%,-2.063,66.5365,67.8021,tp_gap_filled,195.8257,13029.55,1.902,247.85,1
MS,2021-03-29,2021-03-30,2021-04-08,3-5%,-3.726,77.077,79.9,tp_gap_filled,165.7474,12775.31,3.663,467.91,6
FICO,2021-01-27,2021-04-01,2021-04-08,2-3%,-2.031,501.6712,511.0484,tp_gap_filled,25.7026,12894.28,1.869,241.02,4
FSLR,2021-02-22,2021-03-31,2021-04-09,2-3%,-2.276,88.9789,79.112,stop,143.9799,12811.17,-11.089,-1420.63,6
LULU,2021-03-31,2021-04-01,2021-04-09,2-3%,-2.977,307.9576,316.7729,tp_gap_filled,41.8683,12893.66,2.862,369.08,5
PGR,2021-01-07,2021-01-08,2021-04-12,3-5%,-4.302,94.6345,96.3336,time_exit,123.3658,11674.67,1.795,209.6,63
XYL,2021-01-08,2021-01-11,2021-04-12,2-3%,-2.406,105.9759,108.3715,tp_gap_filled,110.2302,11681.74,2.261,264.07,62
IDXX,2021-03-18,2021-03-22,2021-04-12,2-3%,-2.254,494.0135,504.3951,tp_gap_filled,25.3245,12510.63,2.101,262.91,14
NVDA,2021-02-25,2021-04-06,2021-04-12,3-5%,-3.128,14.0595,14.4845,tp_gap_filled,927.8379,13044.98,3.023,394.29,4
XYZ,2021-02-23,2021-03-02,2021-04-13,5-10%,-7.658,247.7976,267.8119,tp_gap_filled,49.148,12178.76,8.077,983.67,29
CRWD,2021-03-18,2021-04-08,2021-04-13,2-3%,-2.134,50.9484,51.9555,tp_gap_filled,257.2108,13104.48,1.977,259.04,3
CPRT,2021-02-19,2021-04-09,2021-04-13,2-3%,-2.004,29.1266,29.6628,tp_gap_filled,452.0555,13166.84,1.841,242.4,2
VRSK,2021-02-24,2021-03-09,2021-04-15,5-10%,-5.05,176.176,185.1746,tp_gap_filled,69.3693,12221.21,5.108,624.23,26
FFIV,2021-04-08,2021-04-09,2021-04-15,2-3%,-2.622,205.5754,210.6891,tp_gap_filled,64.0766,13172.58,2.488,327.67,4
STZ,2021-04-08,2021-04-09,2021-04-15,3-5%,-4.427,224.7645,234.7051,tp_gap_filled,58.6522,13182.92,4.423,583.03,4
CCL,2021-04-13,2021-04-14,2021-04-15,2-3%,-2.306,27.1371,27.7222,tp_gap_filled,485.6939,13180.33,2.156,284.2,1
DAL,2021-04-13,2021-04-14,2021-04-15,2-3%,-2.806,47.4975,48.7712,tp_gap_filled,277.7691,13193.33,2.682,353.8,1
JNJ,2021-04-13,2021-04-14,2021-04-15,2-3%,-2.957,157.0169,161.4784,tp_gap_filled,84.0744,13201.1,2.841,375.1,1
NCLH,2021-04-13,2021-04-14,2021-04-15,3-5%,-3.281,28.3283,29.2307,tp_gap_filled,466.291,13209.23,3.186,420.8,1
NI,2021-04-13,2021-04-14,2021-04-15,3-5%,-4.202,23.7337,24.7252,tp_gap_filled,557.1374,13222.94,4.178,552.42,1
RCL,2021-04-13,2021-04-14,2021-04-15,2-3%,-2.504,84.9649,86.9729,tp_gap_filled,155.9619,13251.28,2.363,313.18,1
UAL,2021-04-13,2021-04-14,2021-04-15,3-5%,-3.116,54.4644,56.1038,tp_gap_filled,243.4511,13259.42,3.01,399.12,1
SW,2021-04-08,2021-04-09,2021-04-16,3-5%,-3.242,48.999,50.5394,tp_gap_filled,269.0205,13181.72,3.144,414.42,5
SYF,2021-04-14,2021-04-15,2021-04-16,2-3%,-2.774,40.3503,41.4185,tp_gap_filled,331.0211,13356.8,2.647,353.61,1
FAST,2021-04-13,2021-04-14,2021-04-19,3-5%,-3.155,24.5796,25.3296,tp_gap_filled,537.0135,13199.55,3.052,402.81,3
LITE,2021-01-19,2021-01-20,2021-04-21,10%+,-10.638,95.105,93.0269,time_exit,125.4419,11930.15,-2.185,-260.68,63
ABBV,2021-03-17,2021-03-18,2021-04-21,5-10%,-6.388,103.8638,110.7292,tp_gap_filled,119.6891,12431.36,6.61,821.71,23
FDS,2021-03-30,2021-03-31,2021-04-21,2-3%,-2.92,314.8045,323.6261,tp_gap_filled,40.7225,12819.61,2.802,359.24,14
GEN,2021-04-13,2021-04-14,2021-04-22,2-3%,-2.297,21.7117,22.1778,tp_gap_filled,608.3182,13207.62,2.147,283.54,6
MRNA,2021-02-22,2021-04-16,2021-04-22,3-5%,-3.972,167.9678,174.5653,tp_gap_filled,79.7612,13397.31,3.928,526.22,4
ABT,2021-04-20,2021-04-21,2021-04-22,3-5%,-3.236,120.6205,124.4055,tp_gap_filled,110.8923,13375.89,3.138,419.72,1
HBAN,2021-04-13,2021-04-14,2021-04-23,2-3%,-2.002,16.1661,14.3735,stop,816.2625,13195.82,-11.089,-1463.28,7
APA,2021-04-21,2021-04-22,2021-04-23,3-5%,-3.471,16.4264,16.983,tp_gap_filled,812.5912,13347.96,3.388,452.28,1
BKR,2021-04-21,2021-04-22,2021-04-23,2-3%,-2.717,18.999,19.4905,tp_gap_filled,704.2492,13380.02,2.587,346.15,1
FCX,2021-04-21,2021-04-22,2021-04-23,2-3%,-2.926,34.8648,35.8441,tp_gap_filled,383.5273,13371.62,2.809,375.58,1
OXY,2021-04-21,2021-04-22,2021-04-23,3-5%,-3.233,22.4725,23.1768,tp_gap_filled,595.7023,13386.89,3.134,419.58,1
T,2021-04-08,2021-04-22,2021-04-23,2-3%,-2.037,22.9081,23.3377,tp_gap_filled,585.7849,13419.21,1.875,251.64,1
GE,2021-03-10,2021-03-18,2021-04-26,2-3%,-2.5,68.1015,69.7081,tp_gap_filled,182.4002,12421.72,2.359,293.05,26
XYZ,2021-04-19,2021-04-20,2021-04-26,2-3%,-2.296,250.4702,255.8439,tp_gap_filled,52.9638,13265.87,2.145,284.61,4
ZBRA,2021-04-21,2021-04-22,2021-04-26,2-3%,-2.552,487.2968,499.0604,tp_gap_filled,27.5497,13424.89,2.414,324.08,2
BIIB,2021-04-22,2021-04-23,2021-04-26,3-5%,-3.65,260.26,269.5802,tp_gap_filled,51.6894,13452.69,3.581,481.75,1
DHI,2021-04-22,2021-04-23,2021-04-26,2-3%,-2.572,90.9909,93.2067,tp_gap_filled,147.8914,13456.77,2.435,327.7,1
HIG,2021-04-22,2021-04-23,2021-04-26,2-3%,-2.52,65.8158,67.3825,tp_gap_filled,205.0682,13496.72,2.381,321.3,1
CSGP,2021-02-16,2021-02-17,2021-04-27,5-10%,-5.323,89.063,93.882,tp_gap_filled,137.0084,12202.38,5.411,660.25,48
LVS,2021-04-22,2021-04-23,2021-04-27,3-5%,-4.098,58.3283,60.6992,tp_gap_filled,231.687,13513.9,4.065,549.32,2
AXP,2021-04-23,2021-04-26,2021-04-27,3-5%,-3.819,141.6815,147.0128,tp_gap_filled,95.7064,13559.82,3.763,510.24,1
RF,2021-04-23,2021-04-26,2021-04-27,5-10%,-5.914,19.1091,20.2697,tp_gap_filled,710.8624,13583.93,6.074,825.04,1
HAL,2021-04-21,2021-04-22,2021-04-28,5-10%,-6.562,18.5285,19.7902,tp_gap_filled,721.5918,13370.02,6.809,910.42,4
TSLA,2021-02-22,2021-04-13,2021-04-29,2-3%,-2.388,254.4675,226.2496,stop,51.9488,13219.27,-11.089,-1465.88,12
HCA,2021-04-26,2021-04-27,2021-04-29,3-5%,-3.096,196.4262,202.2975,tp_gap_filled,69.0029,13553.97,2.989,405.13,2
DVN,2021-03-16,2021-04-28,2021-04-29,2-3%,-2.357,24.054,24.5854,tp_gap_filled,561.7445,13512.22,2.209,298.49,1
SYF,2021-04-27,2021-04-28,2021-04-29,3-5%,-4.244,39.7497,41.4285,tp_gap_filled,340.1711,13521.7,4.223,571.09,1
CHRW,2021-04-28,2021-04-29,2021-04-30,2-3%,-2.785,93.9939,96.4934,tp_gap_filled,144.5381,13585.7,2.659,361.27,1
DVA,2021-02-02,2021-02-11,2021-05-03,3-5%,-4.048,114.114,118.6912,tp_gap_filled,107.0295,12213.57,4.011,489.89,55
LDOS,2021-02-23,2021-03-18,2021-05-03,5-10%,-5.665,98.0179,103.6962,tp_gap_filled,126.6012,12409.19,5.793,718.88,31
SBUX,2021-04-28,2021-04-29,2021-05-03,2-3%,-2.333,113.5534,116.0339,tp_gap_filled,119.6974,13592.05,2.184,296.9,2
PAYX,2021-04-06,2021-04-07,2021-05-04,5-10%,-5.331,95.105,100.2596,tp_gap_filled,136.9998,13029.37,5.42,706.18,19
COIN,2021-04-21,2021-04-22,2021-05-04,2-3%,-2.587,312.8325,278.1425,stop,42.8322,13399.29,-11.089,-1485.85,8
CHTR,2021-04-30,2021-05-03,2021-05-04,2-3%,-2.37,654.7441,669.3,tp_gap_filled,20.6223,13502.34,2.223,300.18,1
SW,2021-04-20,2021-04-21,2021-05-05,3-5%,-4.404,48.4584,50.5894,tp_gap_filled,276.4983,13398.67,4.397,589.2,10
MMM,2021-04-27,2021-04-28,2021-05-05,3-5%,-4.068,160.2855,166.7478,tp_gap_filled,84.2981,13511.77,4.032,544.76,5
MO,2021-04-20,2021-04-21,2021-05-06,5-10%,-6.398,45.9859,49.0309,tp_gap_filled,291.0282,13383.2,6.622,886.18,11
ABNB,2021-04-30,2021-05-03,2021-05-06,2-3%,-2.632,173.177,153.9734,stop,77.9904,13506.15,-11.089,-1497.7,3
FERG,2021-05-04,2021-05-05,2021-05-06,2-3%,-2.302,126.156,128.871,tp_gap_filled,106.6357,13452.74,2.152,289.51,1
MOS,2021-05-04,2021-05-05,2021-05-06,5-10%,-6.395,32.8228,34.995,tp_gap_filled,410.2479,13465.48,6.618,891.13,1
MPC,2021-05-04,2021-05-05,2021-05-06,2-3%,-2.029,56.056,57.1028,tp_gap_filled,240.724,13494.02,1.867,252.0,1
ADP,2021-04-28,2021-05-03,2021-05-07,2-3%,-2.399,191.3812,195.6941,tp_gap_filled,70.5032,13492.98,2.254,304.07,4
AMGN,2021-04-28,2021-05-03,2021-05-07,5-10%,-5.335,241.7615,254.8749,tp_gap_filled,55.822,13495.61,5.424,732.01,4
CNC,2021-04-27,2021-05-04,2021-05-07,3-5%,-3.136,63.9939,65.934,tp_gap_filled,209.3023,13394.08,3.032,406.06,3
AMCR,2021-05-05,2021-05-06,2021-05-07,2-3%,-2.655,60.5605,62.0879,tp_gap_filled,223.769,13551.56,2.522,341.77,1
SMCI,2021-05-05,2021-05-06,2021-05-07,2-3%,-2.706,3.5626,3.6543,tp_gap_filled,3809.8193,13572.71,2.576,349.68,1
KR,2021-01-28,2021-03-29,2021-05-10,2-3%,-2.761,37.7177,38.7112,tp_gap_filled,336.5337,12693.27,2.634,334.37,29
UAL,2021-04-20,2021-04-26,2021-05-10,2-3%,-2.764,53.5235,54.935,tp_gap_filled,254.6798,13631.35,2.637,359.49,10
CTVA,2021-05-05,2021-05-06,2021-05-10,3-5%,-4.499,47.5975,49.7402,tp_gap_filled,285.0075,13565.66,4.502,610.67,2
CF,2021-05-06,2021-05-07,2021-05-10,2-3%,-2.855,48.6987,50.0299,tp_gap_filled,282.6739,13765.84,2.734,376.32,1
NVDA,2021-04-19,2021-04-27,2021-05-11,2-3%,-2.363,15.552,13.8275,stop,871.8988,13559.8,-11.089,-1503.65,10
MU,2021-04-28,2021-04-29,2021-05-11,2-3%,-2.012,87.7477,78.0173,stop,154.8809,13590.44,-11.089,-1507.04,8
COHR,2021-05-06,2021-05-07,2021-05-11,5-10%,-7.385,59.8798,64.5254,tp_gap_filled,230.8984,13826.15,7.758,1072.66,2
ALL,2021-05-07,2021-05-10,2021-05-11,2-3%,-2.172,129.8697,132.4874,tp_gap_filled,105.2467,13668.36,2.016,275.5,1
APA,2021-05-07,2021-05-10,2021-05-11,2-3%,-2.8,20.8508,21.4086,tp_gap_filled,656.3079,13684.56,2.675,366.05,1
BAC,2021-05-07,2021-05-10,2021-05-11,2-3%,-2.095,41.1711,41.968,tp_gap_filled,332.9347,13707.3,1.935,265.3,1
BKR,2021-05-07,2021-05-10,2021-05-11,2-3%,-2.081,22.6126,23.0469,tp_gap_filled,606.6113,13717.05,1.921,263.48,1
AMAT,2021-04-30,2021-05-03,2021-05-12,2-3%,-2.504,132.132,117.4799,stop,102.1188,13493.16,-11.089,-1496.26,7
PLTR,2021-05-10,2021-05-11,2021-05-12,2-3%,-2.38,19.2993,19.7303,tp_gap_filled,703.9365,13585.47,2.233,303.38,1
TSN,2021-05-10,2021-05-11,2021-05-12,3-5%,-3.134,76.4263,78.7412,tp_gap_filled,178.0386,13606.84,3.029,412.13,1
ALGN,2021-05-11,2021-05-12,2021-05-13,2-3%,-2.631,540.4499,553.9455,tp_gap_filled,24.7639,13383.63,2.497,334.2,1
EQIX,2021-04-22,2021-04-23,2021-05-14,2-3%,-2.151,711.2205,725.4039,tp_gap_filled,18.9707,13492.36,1.994,269.07,15
AAPL,2021-05-11,2021-05-12,2021-05-14,2-3%,-2.641,123.6235,126.7231,tp_gap_filled,108.2563,13383.02,2.507,335.56,2
ADSK,2021-05-11,2021-05-12,2021-05-14,2-3%,-2.554,269.269,275.7739,tp_gap_filled,49.7019,13383.18,2.416,323.31,2
APA,2021-05-11,2021-05-12,2021-05-17,3-5%,-3.472,21.1511,21.8681,tp_gap_filled,633.3669,13396.43,3.39,454.11,3
COIN,2021-05-13,2021-05-14,2021-05-17,2-3%,-2.521,276.7365,246.0491,stop,49.4169,13675.46,-11.089,-1516.47,1
WBD,2021-04-14,2021-04-22,2021-05-18,3-5%,-3.418,39.039,32.76,stop,344.1275,13434.4,-16.084,-2160.79,18
GOOG,2021-05-11,2021-05-14,2021-05-18,2-3%,-2.127,114.7076,116.9659,tp_gap_filled,118.9564,13645.2,1.969,268.64,2
IVZ,2021-05-11,2021-05-14,2021-05-18,2-3%,-2.339,27.5876,28.1918,tp_gap_filled,494.7725,13649.56,2.19,298.95,2
AMD,2021-05-11,2021-05-12,2021-05-19,3-5%,-3.185,73.6436,75.914,tp_gap_filled,181.827,13390.39,3.083,412.83,5
ADI,2021-05-12,2021-05-13,2021-05-19,2-3%,-2.281,147.5474,150.6892,tp_gap_filled,91.1664,13451.37,2.129,286.42,4
AMAT,2021-05-17,2021-05-18,2021-05-19,2-3%,-2.267,122.122,124.7052,tp_gap_filled,110.4514,13488.55,2.115,285.31,1
COIN,2021-05-17,2021-05-18,2021-05-19,3-5%,-3.24,250.25,209.9998,stop,53.8957,13487.4,-16.084,-2169.31,1
LRCX,2021-05-17,2021-05-18,2021-05-19,2-3%,-2.09,59.098,60.2387,tp_gap_filled,227.836,13464.66,1.93,259.88,1
COHR,2021-05-18,2021-05-19,2021-05-20,2-3%,-2.045,62.3323,63.5064,tp_gap_filled,216.1899,13475.61,1.884,253.84,1
APH,2021-05-11,2021-05-12,2021-05-21,2-3%,-2.058,16.4364,16.7482,tp_gap_filled,815.0181,13395.98,1.897,254.13,7
GM,2021-05-11,2021-05-18,2021-05-21,2-3%,-2.195,56.2062,57.3526,tp_gap_filled,239.6034,13467.19,2.04,274.69,3
ALGN,2021-05-19,2021-05-20,2021-05-21,2-3%,-2.121,557.9774,568.9305,tp_gap_filled,24.329,13575.02,1.963,266.48,1
AMAT,2021-05-19,2021-05-20,2021-05-21,2-3%,-2.783,118.5384,121.6882,tp_gap_filled,114.7247,13599.29,2.657,361.36,1
APO,2021-05-19,2021-05-20,2021-05-21,2-3%,-2.632,55.5455,56.933,tp_gap_filled,245.5708,13640.35,2.498,340.73,1
APP,2021-05-19,2021-05-20,2021-05-21,2-3%,-2.846,62.5225,64.2257,tp_gap_filled,218.3276,13650.38,2.724,371.87,1
CSCO,2021-05-20,2021-05-21,2021-05-24,3-5%,-3.926,50.4604,52.4175,tp_gap_filled,271.0401,13676.8,3.879,530.46,1
DVN,2021-05-19,2021-05-21,2021-05-25,3-5%,-3.011,25.4755,26.2138,tp_gap_filled,537.44,13691.53,2.898,396.8,2
MOS,2021-05-19,2021-05-21,2021-05-25,2-3%,-2.029,35.7657,36.4335,tp_gap_filled,382.601,13684.0,1.867,255.5,2
APTV,2021-03-19,2021-03-22,2021-05-27,3-5%,-3.58,143.7136,148.7511,tp_gap_filled,87.0257,12506.78,3.505,438.39,47
ALB,2021-05-06,2021-05-07,2021-05-27,5-10%,-5.63,157.8977,166.9828,tp_gap_filled,87.0018,13737.39,5.754,790.42,14
DIS,2021-05-14,2021-05-17,2021-05-27,3-5%,-3.034,173.1029,178.1617,tp_gap_filled,78.2589,13546.84,2.922,395.89,8
DG,2021-05-24,2021-05-26,2021-05-27,2-3%,-2.18,200.7706,204.835,tp_gap_filled,68.5152,13755.83,2.024,278.47,1
TXN,2021-04-28,2021-04-29,2021-05-28,3-5%,-4.506,181.8216,190.0198,tp_gap_filled,74.7785,13596.34,4.509,613.05,21
PODD,2021-05-26,2021-05-27,2021-05-28,2-3%,-2.041,254.6144,259.4003,tp_gap_filled,54.4009,13851.25,1.88,260.36,1
WTW,2021-05-26,2021-05-27,2021-05-28,2-3%,-2.512,255.275,261.3284,tp_gap_filled,54.3754,13880.68,2.371,329.15,1
APA,2021-05-19,2021-05-20,2021-06-01,3-5%,-4.061,20.8108,21.6483,tp_gap_filled,655.636,13644.3,4.025,549.12,7
COP,2021-05-19,2021-05-21,2021-06-01,2-3%,-2.356,55.9959,57.2327,tp_gap_filled,244.2965,13679.61,2.209,302.14,6
HAL,2021-05-19,2021-05-21,2021-06-01,2-3%,-2.533,22.7227,23.2667,tp_gap_filled,602.4494,13689.28,2.394,327.74,6
BSX,2021-05-26,2021-05-27,2021-06-01,3-5%,-3.509,41.5615,42.987,tp_gap_filled,333.1644,13846.82,3.43,474.91,2
ORCL,2021-05-10,2021-05-11,2021-06-02,2-3%,-2.027,78.8488,80.3196,tp_gap_filled,172.3822,13592.13,1.865,253.55,15
ABNB,2021-05-11,2021-05-12,2021-06-02,5-10%,-5.2,139.2391,146.5833,tp_gap_filled,96.0933,13379.94,5.274,705.72,14
IVZ,2021-06-01,2021-06-02,2021-06-03,3-5%,-4.451,27.2873,28.5015,tp_gap_filled,508.9951,13889.08,4.45,618.03,1
VST,2021-02-26,2021-03-08,2021-06-07,10%+,-18.014,18.6787,17.5924,time_exit,647.4879,12094.21,-5.816,-703.35,63
LLY,2021-03-15,2021-04-20,2021-06-07,5-10%,-7.242,193.203,207.8719,tp_gap_filled,68.6936,13271.8,7.592,1007.66,33
EXC,2021-06-03,2021-06-04,2021-06-07,2-3%,-2.942,31.3223,32.2074,tp_gap_filled,445.6001,13957.22,2.826,394.41,1
ARES,2021-04-06,2021-04-07,2021-06-08,5-10%,-8.524,54.1441,59.0709,tp_gap_filled,240.4196,13017.3,9.099,1184.49,43
PNR,2021-06-04,2021-06-07,2021-06-08,2-3%,-2.228,68.088,69.5004,tp_gap_filled,205.503,13992.29,2.074,290.26,1
AKAM,2021-02-10,2021-04-23,2021-06-09,5-10%,-8.994,107.4674,117.852,tp_gap_filled,125.1971,13454.6,9.663,1300.13,32
EOG,2021-06-08,2021-06-09,2021-06-10,2-3%,-2.137,85.2552,86.943,tp_gap_filled,164.0444,13985.63,1.98,276.87,1
SW,2021-05-24,2021-05-25,2021-06-11,10%+,-10.055,50.9509,56.5334,tp_gap_filled,267.846,13646.99,10.957,1495.25,12
FCX,2021-06-03,2021-06-04,2021-06-15,2-3%,-2.93,42.1121,37.4423,stop,331.8547,13975.09,-11.089,-1549.7,7
FERG,2021-06-09,2021-06-10,2021-06-16,2-3%,-2.095,137.5574,140.2196,tp_gap_filled,102.0622,14039.41,1.935,271.71,4
DE,2021-05-19,2021-05-21,2021-06-17,2-3%,-2.129,362.1818,322.0195,stop,37.8114,13694.59,-11.089,-1518.59,18
MSFT,2021-04-28,2021-04-29,2021-06-18,2-3%,-2.248,256.3361,261.708,tp_gap_filled,53.0444,13597.2,2.096,284.95,35
ON,2021-04-30,2021-05-25,2021-06-18,2-3%,-2.073,40.1902,35.7335,stop,339.9131,13661.16,-11.089,-1514.89,17
DXCM,2021-04-30,2021-06-11,2021-06-21,5-10%,-5.146,100.1,105.3196,tp_gap_filled,140.9141,14105.5,5.214,735.51,6
NKE,2021-03-19,2021-03-23,2021-06-22,2-3%,-2.214,140.14,132.3475,time_exit,88.7836,12442.14,-5.56,-691.84,63
MRNA,2021-06-11,2021-06-14,2021-06-22,2-3%,-2.35,212.1119,216.783,tp_gap_filled,66.3237,14068.04,2.202,309.8,6
AVY,2021-06-18,2021-06-21,2021-06-22,2-3%,-2.095,204.4042,208.3614,tp_gap_filled,67.7899,13856.53,1.936,268.26,1
AXP,2021-06-18,2021-06-21,2021-06-22,2-3%,-2.116,158.8587,161.9679,tp_gap_filled,87.3034,13868.9,1.957,271.44,1
UBER,2021-06-15,2021-06-16,2021-06-23,2-3%,-2.403,49.5995,50.7192,tp_gap_filled,280.6745,13921.33,2.257,314.27,5
ALB,2021-06-18,2021-06-21,2021-06-23,2-3%,-2.081,160.6205,163.7061,tp_gap_filled,86.2546,13854.26,1.921,266.15,2
COIN,2021-06-21,2021-06-22,2021-06-23,2-3%,-2.682,223.3631,229.0607,tp_gap_filled,62.2091,13895.21,2.551,354.44,1
CRWD,2021-06-21,2021-06-22,2021-06-23,2-3%,-2.805,59.5695,61.1663,tp_gap_filled,233.2294,13893.36,2.681,372.41,1
NOW,2021-04-29,2021-06-16,2021-06-24,5-10%,-6.503,104.3042,111.3366,tp_gap_filled,133.5662,13931.52,6.742,939.28,6
MU,2021-06-18,2021-06-23,2021-06-24,2-3%,-2.158,78.9789,80.5594,tp_gap_filled,176.341,13927.22,2.001,278.7,1
EL,2021-05-03,2021-05-04,2021-06-25,3-5%,-3.636,302.6924,313.4862,tp_gap_filled,44.2629,13398.03,3.566,477.76,37
FSLR,2021-04-30,2021-06-24,2021-06-25,3-5%,-3.758,84.094,87.2027,tp_gap_filled,166.398,13993.08,3.697,517.28,1
ABT,2021-06-01,2021-06-07,2021-06-29,5-10%,-5.572,110.2602,116.5334,tp_gap_filled,126.9125,13993.39,5.689,796.15,16
PM,2021-06-24,2021-06-25,2021-07-01,2-3%,-2.129,98.0179,99.95,tp_gap_filled,144.0293,14117.45,1.971,278.27,4
NRG,2021-03-17,2021-04-05,2021-07-02,10%+,-12.178,38.1882,41.3686,time_exit,339.5143,12965.43,8.328,1079.8,63
FAST,2021-06-15,2021-06-16,2021-07-02,3-5%,-3.376,25.5005,26.3386,tp_gap_filled,546.3205,13931.43,3.287,457.9,12
CVNA,2021-06-23,2021-06-24,2021-07-02,2-3%,-2.108,61.3613,62.5574,tp_gap_filled,228.1009,13996.57,1.949,272.83,6
LLY,2021-06-11,2021-06-24,2021-07-02,2-3%,-2.788,227.257,233.3065,tp_gap_filled,61.5839,13995.38,2.662,372.55,6
NCLH,2021-06-11,2021-06-14,2021-07-06,2-3%,-2.432,31.7317,28.213,stop,443.0158,14057.64,-11.089,-1558.85,15
APO,2021-07-01,2021-07-02,2021-07-06,2-3%,-2.299,60.8308,62.1378,tp_gap_filled,233.6994,14216.12,2.149,305.45,1
BDX,2021-05-06,2021-05-07,2021-07-07,3-5%,-3.115,185.7892,191.3792,tp_gap_filled,74.016,13751.37,3.009,413.75,41
TPR,2021-05-19,2021-05-28,2021-07-07,2-3%,-2.159,45.3553,40.3259,stop,305.8085,13870.04,-11.089,-1538.05,26
HIG,2021-04-28,2021-04-29,2021-07-08,2-3%,-2.849,67.5875,60.0927,stop,201.2722,13603.49,-11.089,-1508.49,48
RCL,2021-06-11,2021-06-14,2021-07-08,2-3%,-2.416,88.5284,78.7115,stop,158.6704,14046.84,-11.089,-1557.65,17
BIIB,2021-06-24,2021-06-25,2021-07-09,5-10%,-5.899,350.31,371.5281,tp_gap_filled,40.309,14120.65,6.057,855.28,9
SW,2021-06-28,2021-06-29,2021-07-09,5-10%,-5.64,53.5935,56.6833,tp_gap_filled,262.5416,14070.54,5.765,811.18,7
COIN,2021-06-30,2021-07-01,2021-07-09,2-3%,-2.589,248.5483,254.6451,tp_gap_filled,57.1311,14199.84,2.453,348.32,5
MAS,2021-07-07,2021-07-08,2021-07-09,2-3%,-2.433,56.5965,57.8921,tp_gap_filled,247.5949,14013.02,2.289,320.76,1
AAPL,2021-07-08,2021-07-09,2021-07-12,2-3%,-2.068,141.7216,144.4254,tp_gap_filled,100.1853,14198.42,1.908,270.89,1
ABNB,2021-07-08,2021-07-09,2021-07-12,2-3%,-2.289,140.5704,143.5763,tp_gap_filled,101.0862,14209.73,2.138,303.85,1
ALB,2021-07-08,2021-07-09,2021-07-12,2-3%,-2.558,165.8557,169.87,tp_gap_filled,85.8595,14240.29,2.42,344.66,1
AMAT,2021-07-08,2021-07-09,2021-07-12,2-3%,-2.395,131.7716,134.7351,tp_gap_filled,108.2777,14267.92,2.249,320.88,1
AMD,2021-07-08,2021-07-09,2021-07-12,2-3%,-2.96,87.9479,90.4495,tp_gap_filled,162.36,14279.21,2.844,406.16,1
APTV,2021-07-08,2021-07-09,2021-07-12,2-3%,-2.279,150.6405,153.846,tp_gap_filled,94.8961,14295.19,2.128,304.19,1
AXON,2021-07-08,2021-07-09,2021-07-12,3-5%,-3.02,170.6705,175.6342,tp_gap_filled,83.8511,14310.91,2.908,416.21,1
AXP,2021-07-08,2021-07-09,2021-07-12,2-3%,-2.357,167.1169,170.809,tp_gap_filled,85.7615,14332.21,2.209,316.64,1
BAC,2021-07-08,2021-07-09,2021-07-12,2-3%,-2.843,38.6586,39.7102,tp_gap_filled,371.0944,14346.0,2.72,390.25,1
NFLX,2021-04-21,2021-04-22,2021-07-14,5-10%,-7.564,50.8508,54.902,tp_gap_filled,263.2535,13386.65,7.967,1066.5,57
APA,2021-07-12,2021-07-13,2021-07-14,2-3%,-2.236,20.1301,20.5494,tp_gap_filled,706.8074,14228.11,2.083,296.38,1
COP,2021-07-12,2021-07-13,2021-07-14,2-3%,-2.029,58.9689,60.0699,tp_gap_filled,241.2975,14229.05,1.867,265.66,1
OXY,2021-07-12,2021-07-13,2021-07-14,2-3%,-2.017,29.6596,30.2098,tp_gap_filled,479.8779,14233.0,1.855,264.0,1
ARE,2021-06-15,2021-06-18,2021-07-16,3-5%,-4.284,185.4252,193.3365,tp_gap_filled,73.8353,13690.93,4.267,584.13,19
VRSK,2021-05-05,2021-07-07,2021-07-16,3-5%,-3.119,182.8226,188.3315,tp_gap_filled,77.2697,14126.65,3.013,425.67,7
BALL,2021-05-26,2021-07-08,2021-07-16,2-3%,-2.411,83.8838,85.7841,tp_gap_filled,166.9594,14005.19,2.265,317.28,6
EVRG,2021-06-22,2021-07-14,2021-07-16,2-3%,-2.276,62.3223,63.6463,tp_gap_filled,228.4951,14240.33,2.124,302.53,2
RL,2021-05-20,2021-05-27,2021-07-19,3-5%,-3.77,126.2361,105.9323,stop,109.9754,13882.86,-16.084,-2232.92,35
FCX,2021-06-15,2021-06-23,2021-07-19,3-5%,-4.053,37.9179,31.8192,stop,367.538,13936.26,-16.084,-2241.51,17
UBER,2021-07-06,2021-07-07,2021-07-19,2-3%,-2.147,50.6506,45.034,stop,279.266,14144.99,-11.089,-1568.54,8
FAST,2021-07-13,2021-07-14,2021-07-20,2-3%,-2.018,26.4915,26.983,tp_gap_filled,537.5405,14240.23,1.855,264.21,4
BNY,2021-07-15,2021-07-16,2021-07-20,2-3%,-2.009,48.3383,49.2307,tp_gap_filled,293.7597,14199.84,1.846,262.16,2
ABNB,2021-07-19,2021-07-20,2021-07-21,2-3%,-2.196,131.4914,134.1757,tp_gap_filled,107.7903,14173.49,2.041,289.34,1
AIG,2021-07-19,2021-07-20,2021-07-21,2-3%,-2.985,45.5455,46.8531,tp_gap_filled,311.5568,14190.01,2.871,407.39,1
ALB,2021-07-19,2021-07-20,2021-07-21,3-5%,-3.576,174.3742,180.4793,tp_gap_filled,81.4771,14207.51,3.501,497.43,1
AMAT,2021-07-19,2021-07-20,2021-07-21,2-3%,-2.333,125.3152,128.0518,tp_gap_filled,113.6532,14242.47,2.184,311.03,1
APTV,2021-07-19,2021-07-20,2021-07-21,3-5%,-3.452,144.7246,149.6002,tp_gap_filled,98.5851,14267.69,3.369,480.67,1
AXP,2021-07-19,2021-07-20,2021-07-21,2-3%,-2.565,165.8156,169.84,tp_gap_filled,86.2125,14295.37,2.427,346.95,1
BAC,2021-07-19,2021-07-20,2021-07-21,3-5%,-3.085,36.7868,37.8821,tp_gap_filled,388.8398,14304.15,2.978,425.91,1
BEN,2021-07-19,2021-07-20,2021-07-21,2-3%,-2.584,28.6786,29.3806,tp_gap_filled,499.1817,14315.86,2.448,350.4,1
PTC,2021-04-29,2021-06-29,2021-07-22,3-5%,-4.552,141.6815,148.1417,tp_gap_filled,99.3092,14070.28,4.56,641.55,16
SHW,2021-07-20,2021-07-21,2021-07-22,2-3%,-2.28,276.7565,282.6471,tp_gap_filled,51.9244,14370.42,2.128,305.86,1
CDNS,2021-04-27,2021-06-24,2021-07-23,5-10%,-6.032,135.6655,144.0858,tp_gap_filled,103.186,13998.79,6.207,868.85,20
MA,2021-07-19,2021-07-21,2021-07-23,2-3%,-2.356,378.378,386.7329,tp_gap_filled,37.9341,14353.42,2.208,316.93,2
MRNA,2021-07-21,2021-07-22,2021-07-23,2-3%,-2.87,298.8085,307.0227,tp_gap_filled,48.0641,14361.96,2.749,394.81,1
STX,2021-07-21,2021-07-22,2021-07-23,3-5%,-4.375,81.8317,85.4045,tp_gap_filled,175.891,14393.47,4.366,628.42,1
SW,2021-07-21,2021-07-22,2021-07-23,5-10%,-7.919,52.032,56.3936,tp_gap_filled,276.7748,14401.14,8.382,1207.17,1
INTC,2021-04-23,2021-04-26,2021-07-26,5-10%,-5.45,59.2192,54.2557,time_exit,229.4434,13587.45,-8.382,-1138.84,63
CSX,2021-07-08,2021-07-22,2021-07-26,2-3%,-2.668,32.1321,32.947,tp_gap_filled,446.7169,14353.95,2.536,364.04,2
DHI,2021-07-22,2021-07-23,2021-07-26,3-5%,-4.603,87.3473,91.3785,tp_gap_filled,165.8905,14490.08,4.615,668.75,1
FFIV,2021-04-28,2021-04-29,2021-07-27,5-10%,-7.544,190.0399,205.1347,tp_gap_filled,71.5758,13602.25,7.943,1080.42,61
ALL,2021-07-15,2021-07-16,2021-07-27,2-3%,-2.179,128.9488,131.5583,tp_gap_filled,110.2052,14210.83,2.024,287.58,7
MTB,2021-07-21,2021-07-22,2021-07-27,2-3%,-2.955,131.1811,134.905,tp_gap_filled,109.7833,14401.49,2.839,408.82,3
COF,2021-07-23,2021-07-26,2021-07-27,2-3%,-2.744,157.157,161.2686,tp_gap_filled,92.9445,14606.87,2.616,382.15,1
KMB,2021-07-23,2021-07-26,2021-07-27,3-5%,-3.335,130.5804,134.815,tp_gap_filled,111.9841,14622.93,3.243,474.21,1
APA,2021-07-15,2021-07-16,2021-07-28,2-3%,-2.258,18.6286,19.021,tp_gap_filled,763.1455,14216.34,2.106,299.42,8
PPG,2021-07-20,2021-07-21,2021-07-28,5-10%,-6.606,154.9548,165.5842,tp_gap_filled,92.6434,14355.55,6.86,984.75,5
NXPI,2021-07-15,2021-07-16,2021-07-29,3-5%,-3.095,197.4472,203.3465,tp_gap_filled,71.843,14185.2,2.988,423.82,9
WSM,2021-07-22,2021-07-23,2021-07-29,3-5%,-4.392,76.051,79.3855,tp_gap_filled,191.0018,14525.88,4.385,636.91,4
AMP,2021-07-27,2021-07-28,2021-07-29,3-5%,-3.747,241.9817,250.8988,tp_gap_filled,60.2777,14586.11,3.685,537.5,1
GLW,2021-07-27,2021-07-28,2021-07-29,2-3%,-2.119,40.2302,41.0189,tp_gap_filled,363.0824,14606.87,1.961,286.38,1
IR,2021-04-29,2021-04-30,2021-07-30,3-5%,-3.138,50.3603,48.8211,time_exit,268.8306,13538.39,-3.056,-413.78,63
LII,2021-07-14,2021-07-16,2021-07-30,3-5%,-4.81,320.32,335.8338,tp_gap_filled,44.2956,14188.76,4.843,687.19,10
FTV,2021-04-30,2021-05-06,2021-08-02,3-5%,-3.173,54.6778,56.3566,tp_gap_filled,248.2428,13573.38,3.07,416.73,60
INTC,2021-07-27,2021-07-28,2021-08-02,2-3%,-2.191,53.1731,54.2557,tp_gap_filled,274.8429,14614.25,2.036,297.54,3
CSGP,2021-07-28,2021-07-29,2021-08-02,10%+,-10.133,80.08,88.931,tp_gap_filled,183.7906,14717.95,11.053,1626.73,2
FIX,2021-07-29,2021-07-30,2021-08-02,2-3%,-2.572,72.4324,74.1957,tp_gap_filled,204.0615,14780.66,2.435,359.84,1
LRCX,2021-07-29,2021-07-30,2021-08-02,3-5%,-3.847,61.1181,63.4365,tp_gap_filled,242.0957,14796.42,3.793,561.29,1
MMM,2021-07-27,2021-07-28,2021-08-03,2-3%,-2.212,165.0562,168.4518,tp_gap_filled,88.5353,14613.31,2.057,300.63,4
CHRW,2021-07-28,2021-07-29,2021-08-03,5-10%,-5.212,86.6466,91.2287,tp_gap_filled,169.6932,14703.33,5.288,777.56,3
ERIE,2021-07-30,2021-08-02,2021-08-03,2-3%,-2.39,181.1309,185.1946,tp_gap_filled,81.5986,14780.04,2.244,331.59,1
FSLR,2021-07-30,2021-08-02,2021-08-03,2-3%,-2.102,82.062,83.6563,tp_gap_filled,180.2318,14790.18,1.943,287.34,1
COR,2021-05-05,2021-05-07,2021-08-04,3-5%,-4.164,120.7306,125.7241,tp_gap_filled,114.7604,13855.09,4.136,573.06,61
ANET,2021-08-03,2021-08-04,2021-08-05,3-5%,-3.367,22.8028,23.5502,tp_gap_filled,647.3282,14760.88,3.278,483.81,1
APA,2021-08-03,2021-08-04,2021-08-05,2-3%,-2.462,17.8478,18.2617,tp_gap_filled,828.3461,14784.18,2.319,342.84,1
CAH,2021-05-06,2021-05-07,2021-08-06,5-10%,-8.45,55.7457,50.939,time_exit,246.584,13745.99,-8.623,-1185.25,63
TRV,2021-07-22,2021-07-23,2021-08-06,2-3%,-2.529,148.148,151.6882,tp_gap_filled,98.0396,14524.38,2.39,347.08,10
FICO,2021-07-26,2021-07-27,2021-08-06,2-3%,-2.331,540.53,480.5906,stop,27.0673,14630.7,-11.089,-1622.4,8
CFG,2021-07-28,2021-07-29,2021-08-06,3-5%,-3.903,42.6326,44.2757,tp_gap_filled,344.8262,14700.84,3.854,566.58,6
COP,2021-08-04,2021-08-05,2021-08-06,2-3%,-2.313,55.3853,56.5834,tp_gap_filled,266.3514,14751.96,2.163,319.1,1
PGR,2021-07-15,2021-07-16,2021-08-09,5-10%,-7.645,90.09,97.3525,tp_gap_filled,157.2608,14167.63,8.061,1142.11,16
APA,2021-08-05,2021-08-06,2021-08-09,2-3%,-2.31,17.3573,17.7322,tp_gap_filled,853.4386,14813.42,2.16,319.96,1
APTV,2021-08-05,2021-08-06,2021-08-09,5-10%,-5.057,157.4973,165.5543,tp_gap_filled,94.2308,14841.09,5.116,759.21,1
BLK,2021-07-14,2021-07-15,2021-08-10,2-3%,-2.537,885.9151,907.1619,tp_gap_filled,16.0656,14232.77,2.398,341.34,18
CAT,2021-07-30,2021-08-02,2021-08-10,2-3%,-2.192,208.1079,212.3474,tp_gap_filled,71.0546,14787.02,2.037,301.24,6
AJG,2021-07-26,2021-07-27,2021-08-11,2-3%,-2.831,139.139,142.907,tp_gap_filled,105.1217,14626.53,2.708,396.09,11
BA,2021-07-13,2021-07-28,2021-08-11,2-3%,-2.526,232.5023,238.0517,tp_gap_filled,62.8225,14606.36,2.387,348.63,10
APA,2021-08-09,2021-08-10,2021-08-11,2-3%,-2.128,17.9579,18.3117,tp_gap_filled,825.7564,14828.89,1.97,292.09,1
BKR,2021-08-09,2021-08-10,2021-08-11,2-3%,-2.454,20.6907,21.1688,tp_gap_filled,718.1604,14859.22,2.311,343.38,1
CINF,2021-06-16,2021-06-17,2021-08-12,2-3%,-2.136,119.2191,121.5783,tp_gap_filled,116.3975,13876.81,1.979,274.6,39
DDOG,2021-08-06,2021-08-09,2021-08-13,2-3%,-2.0,129.9498,132.3375,tp_gap_filled,114.1015,14827.46,1.837,272.44,4
CPAY,2021-08-11,2021-08-12,2021-08-13,5-10%,-7.735,243.4632,263.3464,tp_gap_filled,61.4315,14956.32,8.167,1221.45,1
UHS,2021-08-12,2021-08-13,2021-08-16,2-3%,-2.642,144.5844,148.2116,tp_gap_filled,103.4807,14961.7,2.509,375.35,1
CDW,2021-08-13,2021-08-16,2021-08-17,3-5%,-3.32,191.5313,197.7121,tp_gap_filled,78.0008,14939.6,3.227,482.1,1
LOW,2021-07-26,2021-07-27,2021-08-18,2-3%,-2.256,196.5063,200.6392,tp_gap_filled,74.4138,14622.78,2.103,307.54,16
EOG,2021-07-15,2021-07-16,2021-08-19,3-5%,-3.666,76.8167,64.4615,stop,184.9863,14210.04,-16.084,-2285.54,24
ALB,2021-08-17,2021-08-18,2021-08-23,2-3%,-2.001,221.6014,225.6741,tp_gap_filled,66.3475,14702.69,1.838,270.21,3
TGT,2021-08-18,2021-08-19,2021-08-23,2-3%,-2.223,249.239,254.3953,tp_gap_filled,58.7861,14651.79,2.069,303.12,2
DRI,2021-08-09,2021-08-11,2021-08-24,2-3%,-2.329,141.4713,144.5553,tp_gap_filled,105.7708,14963.53,2.18,326.19,9
ABNB,2021-08-13,2021-08-16,2021-08-24,2-3%,-2.971,146.8067,150.9988,tp_gap_filled,101.7344,14935.29,2.856,426.49,6
WYNN,2021-08-19,2021-08-23,2021-08-24,2-3%,-2.447,90.1801,92.2576,tp_gap_filled,164.9254,14872.98,2.304,342.64,1
GEN,2021-07-15,2021-07-16,2021-08-25,2-3%,-2.75,26.1962,26.8831,tp_gap_filled,541.7631,14192.12,2.622,372.15,28
LUV,2021-08-11,2021-08-12,2021-08-25,2-3%,-2.446,49.9099,51.0589,tp_gap_filled,300.304,14988.13,2.302,345.06,9
APA,2021-08-16,2021-08-24,2021-08-25,2-3%,-2.181,17.5075,17.8621,tp_gap_filled,854.4771,14959.75,2.026,303.02,1
DASH,2021-08-23,2021-08-24,2021-08-25,3-5%,-3.651,177.5374,183.8959,tp_gap_filled,84.3255,14970.93,3.582,536.19,1
MU,2021-08-12,2021-08-24,2021-08-25,3-5%,-3.798,72.2522,74.955,tp_gap_filled,207.5895,14998.79,3.741,561.07,1
GNRC,2021-07-28,2021-07-29,2021-08-27,5-10%,-7.473,406.5261,438.4811,tp_gap_filled,36.316,14763.41,7.86,1160.48,21
KDP,2021-08-02,2021-08-03,2021-08-27,2-3%,-2.584,34.3343,35.1748,tp_gap_filled,434.2227,14908.73,2.448,364.96,18
AMAT,2021-08-12,2021-08-16,2021-08-27,2-3%,-2.092,132.132,134.6852,tp_gap_filled,113.0784,14941.27,1.932,288.71,9
OXY,2021-08-16,2021-08-27,2021-08-30,2-3%,-2.288,25.2252,25.7642,tp_gap_filled,594.5704,14998.16,2.137,320.48,1
DASH,2021-08-27,2021-08-30,2021-08-31,2-3%,-2.152,187.0769,190.809,tp_gap_filled,80.1644,14996.91,1.995,299.18,1
DLTR,2021-05-27,2021-06-04,2021-09-02,5-10%,-5.651,102.4423,92.4974,time_exit,136.2732,13960.14,-9.708,-1355.23,63
BDX,2021-08-05,2021-08-06,2021-09-02,5-10%,-5.676,184.4764,195.1873,tp_gap_filled,80.5461,14858.85,5.806,862.73,19
EQT,2021-07-29,2021-08-09,2021-09-03,5-10%,-8.096,19.0891,20.7292,tp_gap_filled,776.7615,14827.66,8.592,1274.03,19
COIN,2021-08-12,2021-08-13,2021-09-03,3-5%,-4.314,266.6564,278.1216,tp_gap_filled,56.1465,14971.82,4.3,643.73,15
BAX,2021-07-29,2021-09-02,2021-09-03,3-5%,-3.247,79.3292,81.8281,tp_gap_filled,189.779,15055.03,3.15,474.23,1
WDC,2021-08-12,2021-08-25,2021-09-08,2-3%,-2.098,49.422,43.9416,stop,304.3178,15040.0,-11.089,-1667.79,9
CASY,2021-06-09,2021-06-10,2021-09-09,3-5%,-3.949,206.4863,195.0348,time_exit,68.0007,14041.22,-5.546,-778.71,63
GIS,2021-06-09,2021-06-10,2021-09-09,2-3%,-2.231,61.8418,58.3916,time_exit,226.949,14034.93,-5.579,-783.03,63
BIIB,2021-07-15,2021-08-04,2021-09-09,2-3%,-2.9,342.1919,304.2462,stop,43.1965,14781.48,-11.089,-1639.12,25
PPG,2021-09-07,2021-09-08,2021-09-10,3-5%,-3.964,149.6395,155.5043,tp_gap_filled,99.5024,14889.49,3.919,583.57,2
MRNA,2021-08-11,2021-09-09,2021-09-10,2-3%,-2.888,444.0136,456.3032,tp_gap_filled,33.3291,14798.55,2.768,409.6,1
VRTX,2021-06-11,2021-06-14,2021-09-13,10%+,-10.486,194.234,190.5293,time_exit,72.3034,14043.78,-1.907,-267.87,63
CPRT,2021-09-09,2021-09-10,2021-09-13,2-3%,-2.889,35.1576,36.1313,tp_gap_filled,420.2445,14774.8,2.77,409.2,1
EQT,2021-09-09,2021-09-10,2021-09-13,2-3%,-2.736,19.9299,20.4495,tp_gap_filled,741.7947,14783.9,2.607,385.45,1
TXN,2021-07-22,2021-07-23,2021-09-14,3-5%,-4.376,185.9257,194.0458,tp_gap_filled,78.1144,14523.47,4.367,634.29,36
ABNB,2021-09-13,2021-09-14,2021-09-15,2-3%,-2.996,160.4102,165.0348,tp_gap_filled,92.046,14765.13,2.883,425.67,1
FDX,2021-06-25,2021-06-28,2021-09-22,3-5%,-3.606,236.1263,198.1477,stop,59.693,14095.09,-16.084,-2267.05,60
ORCL,2021-09-14,2021-09-15,2021-09-22,3-5%,-3.037,86.2762,88.8011,tp_gap_filled,172.081,14846.49,2.927,434.49,5
MGM,2021-09-14,2021-09-17,2021-09-22,3-5%,-3.179,41.7717,43.0569,tp_gap_filled,354.3236,14800.71,3.077,455.37,3
EXPE,2021-08-06,2021-08-09,2021-09-23,5-10%,-7.502,149.7096,161.5283,tp_gap_filled,99.0516,14828.97,7.894,1170.67,32
APA,2021-09-20,2021-09-22,2021-09-23,3-5%,-3.774,19.3994,20.1199,tp_gap_filled,757.7234,14699.36,3.714,545.92,1
BEN,2021-09-20,2021-09-22,2021-09-23,3-5%,-3.415,30.2903,31.2987,tp_gap_filled,485.8844,14717.56,3.329,489.97,1
CVX,2021-08-18,2021-08-25,2021-09-24,2-3%,-2.025,98.7887,100.6293,tp_gap_filled,152.2584,15041.41,1.863,280.24,21
AMP,2021-09-20,2021-09-23,2021-09-24,2-3%,-2.604,262.7925,269.2804,tp_gap_filled,56.3554,14809.77,2.469,365.63,1
BG,2021-09-20,2021-09-22,2021-09-27,2-3%,-2.879,78.3383,80.4994,tp_gap_filled,187.9277,14721.93,2.759,406.14,3
LHX,2021-09-23,2021-09-24,2021-09-27,2-3%,-2.46,217.4672,222.5073,tp_gap_filled,68.2812,14848.93,2.318,344.14,1
DDOG,2021-09-28,2021-09-29,2021-09-30,2-3%,-2.211,138.9989,141.858,tp_gap_filled,105.2671,14632.01,2.057,300.97,1
TTWO,2021-09-10,2021-09-13,2021-10-01,2-3%,-2.503,153.2531,156.873,tp_gap_filled,96.8915,14848.92,2.362,350.73,14
APA,2021-09-30,2021-10-01,2021-10-04,2-3%,-2.398,20.7808,21.2487,tp_gap_filled,700.8107,14563.38,2.252,327.96,1
EQT,2021-09-29,2021-09-30,2021-10-05,5-10%,-5.797,20.8208,22.0579,tp_gap_filled,694.1228,14452.19,5.942,858.71,3
APP,2021-06-30,2021-09-02,2021-10-07,5-10%,-5.94,78.4494,83.2367,tp_gap_filled,191.9075,15055.02,6.102,918.72,24
AFL,2021-09-20,2021-09-23,2021-10-07,2-3%,-2.019,52.9529,53.936,tp_gap_filled,279.7773,14815.02,1.857,275.05,10
GM,2021-08-04,2021-08-06,2021-10-08,3-5%,-4.578,55.2852,57.8221,tp_gap_filled,268.7535,14858.1,4.589,681.8,44
ABNB,2021-10-06,2021-10-07,2021-10-08,2-3%,-2.034,161.5514,164.5753,tp_gap_filled,91.2933,14748.56,1.872,276.06,1
APA,2021-10-06,2021-10-07,2021-10-08,2-3%,-2.882,21.5916,22.1878,tp_gap_filled,684.2046,14773.05,2.761,407.94,1
DVN,2021-10-06,2021-10-08,2021-10-11,2-3%,-2.645,39.059,40.0399,tp_gap_filled,376.4142,14702.37,2.511,369.23,1
FAST,2021-10-08,2021-10-11,2021-10-12,2-3%,-2.314,25.7758,26.3336,tp_gap_filled,567.3664,14624.29,2.164,316.53,1
FSLR,2021-09-20,2021-10-11,2021-10-12,3-5%,-3.346,100.6405,103.916,tp_gap_filled,145.3275,14625.84,3.255,476.01,1
UHS,2021-09-08,2021-09-09,2021-10-13,3-5%,-3.527,150.0499,125.9159,stop,98.7124,14811.78,-16.084,-2382.33,24
FCX,2021-09-16,2021-10-11,2021-10-14,3-5%,-3.239,35.5855,36.7033,tp_gap_filled,411.1419,14630.71,3.141,459.54,3
HAS,2021-10-11,2021-10-12,2021-10-14,2-3%,-2.222,88.088,89.91,tp_gap_filled,166.2136,14641.42,2.068,302.84,2
FOXA,2021-10-12,2021-10-13,2021-10-14,3-5%,-3.487,40.6726,42.0579,tp_gap_filled,361.6212,14708.08,3.406,500.94,1
COIN,2021-09-08,2021-09-09,2021-10-15,3-5%,-3.677,257.257,266.5432,tp_gap_filled,57.5591,14807.49,3.61,534.51,26
BX,2021-09-28,2021-09-29,2021-10-15,2-3%,-2.594,120.2601,123.2167,tp_gap_filled,121.7149,14637.45,2.458,359.85,12
FANG,2021-10-13,2021-10-14,2021-10-15,2-3%,-2.291,107.5875,109.89,tp_gap_filled,139.4774,15006.03,2.14,321.15,1
TSCO,2021-10-04,2021-10-05,2021-10-18,2-3%,-2.131,39.4534,40.2317,tp_gap_filled,367.5444,14500.88,1.973,286.06,9
CDW,2021-10-06,2021-10-07,2021-10-18,3-5%,-3.03,178.7286,183.9459,tp_gap_filled,82.8106,14800.61,2.919,432.05,7
DE,2021-10-14,2021-10-15,2021-10-18,2-3%,-2.271,321.8515,328.671,tp_gap_filled,46.9052,15096.52,2.119,319.87,1
PNC,2021-10-15,2021-10-18,2021-10-19,3-5%,-3.398,195.8156,202.2975,tp_gap_filled,77.016,15080.94,3.31,499.21,1
CI,2021-09-10,2021-09-13,2021-10-20,2-3%,-2.318,209.199,213.736,tp_gap_filled,70.981,14849.16,2.169,322.04,27
EMR,2021-10-11,2021-10-12,2021-10-20,3-5%,-4.149,92.7226,96.5434,tp_gap_filled,157.9285,14643.54,4.121,603.4,6
ADI,2021-09-28,2021-10-18,2021-10-20,2-3%,-2.617,172.4523,176.7331,tp_gap_filled,87.4478,15080.57,2.482,374.35,2
CTVA,2021-10-18,2021-10-19,2021-10-20,2-3%,-2.494,42.4674,43.4665,tp_gap_filled,358.0584,15205.82,2.353,357.72,1
CCI,2021-07-22,2021-07-23,2021-10-21,5-10%,-5.057,191.1209,177.7621,time_exit,75.7855,14484.19,-6.99,-1012.41,63
BNY,2021-10-19,2021-10-20,2021-10-21,2-3%,-2.473,56.046,57.3526,tp_gap_filled,273.1981,15311.66,2.331,356.96,1
NEM,2021-10-15,2021-10-18,2021-10-22,2-3%,-2.077,56.6266,57.7122,tp_gap_filled,266.3613,15083.13,1.917,289.18,4
LMT,2021-07-26,2021-07-27,2021-10-25,2-3%,-2.041,373.373,375.9537,time_exit,39.1593,14621.01,0.691,101.06,63
ADBE,2021-09-22,2021-09-23,2021-10-25,3-5%,-3.267,625.4148,645.2441,tp_gap_filled,23.6815,14810.74,3.171,469.59,22
CNC,2021-07-27,2021-07-28,2021-10-26,3-5%,-4.624,69.3793,70.899,time_exit,210.501,14604.41,2.19,319.9,63
HUM,2021-07-28,2021-10-14,2021-10-26,5-10%,-5.029,444.434,467.0325,tp_gap_filled,33.7773,15011.8,5.085,763.32,8
DPZ,2021-10-14,2021-10-15,2021-10-27,3-5%,-3.208,461.461,475.8037,tp_gap_filled,32.7516,15113.58,3.108,469.75,8
COF,2021-08-30,2021-10-20,2021-10-27,2-3%,-2.082,172.3121,153.2044,stop,89.0796,15349.5,-11.089,-1702.11,5
APP,2021-10-25,2021-10-26,2021-10-27,3-5%,-4.509,90.09,94.1558,tp_gap_filled,170.6457,15373.47,4.513,693.8,1
FIS,2021-08-03,2021-08-06,2021-10-28,3-5%,-3.551,134.3142,112.7111,stop,110.6355,14859.92,-16.084,-2390.07,58
ALGN,2021-10-13,2021-10-20,2021-10-28,2-3%,-3.0,609.2186,626.8026,tp_gap_filled,25.1347,15312.51,2.886,441.97,6
AMZN,2021-07-30,2021-08-02,2021-10-29,5-10%,-6.999,167.5649,168.4529,time_exit,88.2639,14789.94,0.53,78.38,63
GWW,2021-07-30,2021-08-02,2021-10-29,5-10%,-6.405,432.1217,460.7688,tp_gap_filled,34.3132,14827.48,6.629,982.97,63
DRI,2021-10-20,2021-10-21,2021-10-29,2-3%,-2.969,142.2921,146.3535,tp_gap_filled,108.0353,15372.58,2.854,438.77,6
CCL,2021-10-25,2021-10-26,2021-10-29,2-3%,-2.243,21.8118,22.2677,tp_gap_filled,705.846,15395.77,2.09,321.81,3
ARES,2021-10-27,2021-10-28,2021-10-29,2-3%,-2.414,82.5425,84.4155,tp_gap_filled,186.1872,15368.35,2.269,348.74,1
CBRE,2021-10-28,2021-10-29,2021-11-01,2-3%,-2.231,101.3112,103.4165,tp_gap_filled,151.866,15385.73,2.078,319.72,1
CMCSA,2021-10-28,2021-10-29,2021-11-01,3-5%,-3.89,47.2825,49.098,tp_gap_filled,325.6967,15399.75,3.84,591.31,1
EW,2021-10-28,2021-10-29,2021-11-01,5-10%,-5.23,110.11,115.9539,tp_gap_filled,140.113,15427.85,5.307,818.81,1
CLX,2021-08-03,2021-08-04,2021-11-02,5-10%,-9.923,163.3832,165.2246,time_exit,90.4352,14775.59,1.127,166.53,63
ALB,2021-10-29,2021-11-01,2021-11-02,2-3%,-2.624,239.9898,245.9638,tp_gap_filled,64.6671,15519.45,2.489,386.32,1
AKAM,2021-08-04,2021-08-05,2021-11-03,5-10%,-5.233,113.6636,110.7591,time_exit,129.797,14753.19,-2.555,-376.98,63
TRMB,2021-09-23,2021-09-24,2021-11-04,2-3%,-2.43,88.4283,90.4495,tp_gap_filled,168.0756,14862.64,2.286,339.7,29
MNST,2021-10-13,2021-10-14,2021-11-04,2-3%,-2.229,21.5165,21.963,tp_gap_filled,697.1933,15001.16,2.075,311.31,15
ADI,2021-10-27,2021-10-28,2021-11-04,3-5%,-3.208,174.2841,179.7001,tp_gap_filled,88.2106,15373.71,3.108,477.75,5
AMZN,2021-10-29,2021-11-01,2021-11-04,3-5%,-4.252,165.166,172.1562,tp_gap_filled,94.17,15553.68,4.232,658.26,3
APA,2021-10-27,2021-11-03,2021-11-04,2-3%,-2.309,27.5275,28.1218,tp_gap_filled,569.4746,15676.21,2.159,338.47,1
EL,2021-11-02,2021-11-03,2021-11-04,2-3%,-2.762,316.4862,324.8248,tp_gap_filled,49.5382,15678.16,2.635,413.08,1
DIS,2021-10-18,2021-10-21,2021-11-05,2-3%,-2.323,172.5324,176.2835,tp_gap_filled,89.1202,15376.12,2.174,334.31,11
META,2021-10-22,2021-10-25,2021-11-05,3-5%,-4.543,326.6764,341.5381,tp_gap_filled,47.1004,15386.59,4.549,700.0,9
FLEX,2021-10-28,2021-10-29,2021-11-05,5-10%,-6.893,12.8387,13.7617,tp_gap_filled,1205.195,15473.2,7.188,1112.28,5
CRWD,2021-11-01,2021-11-04,2021-11-05,2-3%,-2.221,68.9541,70.3795,tp_gap_filled,229.1245,15799.08,2.067,326.6,1
DE,2021-11-03,2021-11-04,2021-11-05,2-3%,-2.575,346.4961,354.9447,tp_gap_filled,45.6177,15806.34,2.438,385.4,1
EIX,2021-11-03,2021-11-04,2021-11-05,2-3%,-2.723,61.8718,63.4765,tp_gap_filled,255.5921,15813.95,2.594,410.14,1
GLW,2021-10-26,2021-10-27,2021-11-08,5-10%,-5.335,36.5865,38.5714,tp_gap_filled,417.1432,15261.83,5.425,827.96,8
FSLR,2021-11-03,2021-11-04,2021-11-08,2-3%,-2.141,116.2261,118.5314,tp_gap_filled,136.2574,15836.66,1.983,314.11,2
ANET,2021-11-04,2021-11-05,2021-11-08,3-5%,-3.459,31.0329,32.0804,tp_gap_filled,513.941,15949.07,3.375,538.36,1
APD,2021-11-04,2021-11-05,2021-11-08,2-3%,-2.595,294.5843,301.8279,tp_gap_filled,54.2646,15985.49,2.459,393.07,1
FIS,2021-11-04,2021-11-05,2021-11-08,2-3%,-2.714,108.0179,110.8091,tp_gap_filled,148.1186,15999.46,2.584,413.42,1
SJM,2021-08-26,2021-08-27,2021-11-09,3-5%,-3.363,123.123,127.1527,tp_gap_filled,121.9043,15009.22,3.273,491.24,51
DHI,2021-09-08,2021-09-09,2021-11-09,2-3%,-2.431,91.6015,93.6962,tp_gap_filled,161.6337,14805.89,2.287,338.57,43
CVNA,2021-11-05,2021-11-08,2021-11-09,3-5%,-3.58,58.024,60.0579,tp_gap_filled,275.0555,15959.81,3.505,559.44,1
PODD,2021-11-05,2021-11-08,2021-11-09,3-5%,-3.001,292.8526,301.3084,tp_gap_filled,54.5919,15987.37,2.887,461.62,1
DASH,2021-10-27,2021-11-02,2021-11-10,5-10%,-6.204,199.9197,212.7171,tp_gap_filled,77.7334,15540.44,6.401,994.78,6
DECK,2021-09-24,2021-11-04,2021-11-11,2-3%,-2.831,69.2208,71.0955,tp_gap_filled,228.4423,15812.96,2.708,428.26,5
DHR,2021-11-05,2021-11-08,2021-11-11,3-5%,-3.601,261.7597,270.9965,tp_gap_filled,60.9895,15964.6,3.529,563.34,3
JKHY,2021-11-09,2021-11-10,2021-11-11,3-5%,-4.463,154.0639,160.9389,tp_gap_filled,103.5948,15960.22,4.462,712.21,1
ABNB,2021-11-10,2021-11-11,2021-11-12,2-3%,-2.286,190.4202,194.4853,tp_gap_filled,83.8678,15970.12,2.135,340.93,1
APP,2021-11-10,2021-11-11,2021-11-12,3-5%,-4.905,98.5885,103.4664,tp_gap_filled,162.094,15980.6,4.948,790.69,1
NVDA,2021-11-10,2021-11-11,2021-11-12,3-5%,-4.244,29.3854,30.6263,tp_gap_filled,547.311,16082.93,4.223,679.21,1
CL,2021-07-30,2021-08-17,2021-11-15,3-5%,-3.592,80.6005,78.2217,time_exit,183.9987,14830.39,-2.951,-437.7,63
BALL,2021-11-04,2021-11-05,2021-11-15,2-3%,-2.486,91.8718,94.0259,tp_gap_filled,174.2877,16012.12,2.345,375.43,6
AMD,2021-11-10,2021-11-11,2021-11-15,3-5%,-3.351,144.0739,148.7711,tp_gap_filled,110.8698,15973.45,3.26,520.77,2
FOXA,2021-11-11,2021-11-12,2021-11-15,2-3%,-2.064,39.8898,40.6493,tp_gap_filled,404.4652,16134.05,1.904,307.18,1
EQT,2021-10-28,2021-11-12,2021-11-16,2-3%,-2.173,21.6316,22.0679,tp_gap_filled,746.1677,16140.81,2.017,325.55,2
AAPL,2021-10-29,2021-11-01,2021-11-17,3-5%,-3.507,147.3672,152.4174,tp_gap_filled,105.2735,15513.86,3.427,531.65,12
ALLE,2021-10-21,2021-10-22,2021-11-18,3-5%,-4.757,130.4703,136.7132,tp_gap_filled,117.8267,15372.89,4.785,735.57,19
ROST,2021-08-20,2021-08-23,2021-11-19,3-5%,-3.713,122.0019,112.6672,time_exit,121.8263,14863.04,-7.651,-1137.21,63
PNR,2021-08-26,2021-08-27,2021-11-19,3-5%,-3.555,76.3162,78.971,tp_gap_filled,196.6393,15006.77,3.479,522.02,59
PHM,2021-09-08,2021-10-15,2021-11-19,5-10%,-5.539,49.8498,52.6673,tp_gap_filled,303.0388,15106.43,5.652,853.81,25
AKAM,2021-11-15,2021-11-16,2021-11-19,2-3%,-2.018,109.3693,111.3985,tp_gap_filled,148.3238,16222.07,1.855,300.98,3
MA,2021-11-17,2021-11-18,2021-11-22,2-3%,-2.701,359.9396,320.0259,stop,44.6558,16073.38,-11.089,-1782.38,2
CRWD,2021-11-15,2021-11-18,2021-11-23,3-5%,-4.727,67.7827,56.8805,stop,237.3548,16088.55,-16.084,-2587.68,3
APA,2021-11-19,2021-11-22,2021-11-23,3-5%,-3.553,26.6266,27.5524,tp_gap_filled,593.1866,15794.54,3.477,549.18,1
SW,2021-08-25,2021-08-26,2021-11-24,5-10%,-5.227,56.9869,50.969,time_exit,260.7724,14860.62,-10.56,-1569.31,63
CVX,2021-11-17,2021-11-18,2021-11-24,2-3%,-2.055,114.9849,117.1627,tp_gap_filled,139.8086,16075.87,1.894,304.48,4
BKR,2021-11-19,2021-11-23,2021-11-24,2-3%,-2.967,23.2432,23.9061,tp_gap_filled,678.3508,15767.06,2.852,449.65,1
EXE,2021-11-19,2021-11-23,2021-11-24,2-3%,-2.413,62.7427,64.1658,tp_gap_filled,251.4834,15778.74,2.268,357.88,1
ADSK,2021-08-26,2021-08-27,2021-11-26,5-10%,-7.325,317.5172,253.9158,time_exit,47.2144,14991.39,-20.031,-3002.9,63
DG,2021-08-26,2021-08-27,2021-11-26,5-10%,-5.968,220.9507,224.1956,time_exit,67.8361,14988.44,1.469,220.12,63
DDOG,2021-11-23,2021-11-24,2021-11-26,5-10%,-5.61,170.7806,180.5692,tp_gap_filled,91.9324,15700.27,5.732,899.89,1
GDDY,2021-08-05,2021-09-01,2021-12-01,10%+,-10.18,75.075,67.932,time_exit,199.7178,14993.81,-9.514,-1426.58,63
CHTR,2021-10-08,2021-10-20,2021-12-01,2-3%,-2.713,722.5418,642.4192,stop,21.2325,15341.38,-11.089,-1701.21,29
NKE,2021-11-24,2021-11-26,2021-12-01,2-3%,-2.126,168.6585,171.9778,tp_gap_filled,91.5631,15442.9,1.968,303.93,3
BIIB,2021-11-17,2021-11-18,2021-12-02,2-3%,-2.673,254.8146,226.5582,stop,63.122,16084.4,-11.089,-1783.6,9
BKNG,2021-11-30,2021-12-01,2021-12-02,2-3%,-2.774,84.9441,87.1931,tp_gap_filled,175.9499,14945.9,2.648,395.72,1
VEEV,2021-09-02,2021-09-03,2021-12-03,5-10%,-5.97,314.2039,249.2405,time_exit,47.9188,15056.27,-20.676,-3112.97,63
CSCO,2021-11-18,2021-11-19,2021-12-03,5-10%,-7.1,52.7827,56.7032,tp_gap_filled,302.0811,15944.67,7.428,1184.31,9
CRWD,2021-11-23,2021-11-24,2021-12-03,3-5%,-3.605,57.8077,48.51,stop,271.6127,15701.32,-16.084,-2525.4,6
APA,2021-11-30,2021-12-01,2021-12-03,5-10%,-5.889,25.2752,26.8032,tp_gap_filled,591.345,14946.39,6.045,903.53,2
CCL,2021-11-30,2021-12-01,2021-12-06,2-3%,-2.037,17.8078,18.1418,tp_gap_filled,838.5442,14932.62,1.876,280.11,3
AAPL,2021-12-02,2021-12-03,2021-12-06,3-5%,-3.66,158.8987,164.6052,tp_gap_filled,94.0312,14941.44,3.591,536.59,1
COST,2021-12-02,2021-12-03,2021-12-06,2-3%,-2.138,519.0285,529.3102,tp_gap_filled,28.7947,14945.26,1.981,296.06,1
AMCR,2021-09-07,2021-09-08,2021-12-07,2-3%,-2.997,61.5615,57.8921,time_exit,241.8587,14889.18,-5.961,-887.49,63
AWK,2021-11-03,2021-11-10,2021-12-07,2-3%,-2.715,172.172,176.6232,tp_gap_filled,92.7023,15960.75,2.585,412.64,18
DDOG,2021-12-02,2021-12-03,2021-12-07,2-3%,-2.996,159.7596,164.3655,tp_gap_filled,93.6079,14954.77,2.883,431.15,2
REG,2021-11-26,2021-12-06,2021-12-07,2-3%,-2.017,72.9228,74.2756,tp_gap_filled,206.9036,15088.0,1.855,279.9,1
CBRE,2021-11-26,2021-12-02,2021-12-08,3-5%,-3.502,100.6906,104.1358,tp_gap_filled,150.2461,15128.37,3.422,517.62,4
BXP,2021-11-26,2021-12-06,2021-12-08,2-3%,-2.845,114.8647,117.9919,tp_gap_filled,131.4092,15094.29,2.722,410.94,2
SWK,2021-11-26,2021-12-06,2021-12-08,2-3%,-2.124,185.8557,189.5103,tp_gap_filled,81.1886,15089.36,1.966,296.71,2
CRWD,2021-12-06,2021-12-07,2021-12-08,3-5%,-3.552,47.56,49.2132,tp_gap_filled,323.5213,15386.68,3.476,534.85,1
NVDA,2021-12-06,2021-12-07,2021-12-08,2-3%,-2.649,29.9099,30.6623,tp_gap_filled,515.7038,15424.64,2.516,388.03,1
ACGL,2021-11-26,2021-12-03,2021-12-09,2-3%,-2.558,42.7127,43.7462,tp_gap_filled,350.0287,14950.66,2.42,361.77,4
ALLE,2021-12-08,2021-12-09,2021-12-10,3-5%,-3.188,127.6675,131.6083,tp_gap_filled,120.1726,15342.14,3.087,473.57,1
ANET,2021-11-19,2021-11-22,2021-12-13,2-3%,-2.293,32.4099,33.1044,tp_gap_filled,487.5228,15800.55,2.143,338.58,14
BDX,2021-12-08,2021-12-09,2021-12-13,3-5%,-3.1,186.2576,191.8313,tp_gap_filled,82.4399,15355.05,2.992,459.5,2
DECK,2021-11-24,2021-11-26,2021-12-14,2-3%,-2.324,69.4027,61.7066,stop,222.5452,15445.23,-11.089,-1712.72,12
COIN,2021-11-10,2021-11-11,2021-12-15,5-10%,-8.442,327.5472,242.1426,stop,49.057,16068.47,-26.074,-4189.69,23
GD,2021-10-26,2021-10-27,2021-12-16,3-5%,-4.185,199.4092,207.7021,tp_gap_filled,76.4537,15245.57,4.159,634.02,35
ADBE,2021-12-03,2021-12-13,2021-12-16,2-3%,-2.051,658.7581,585.7084,stop,23.1446,15246.68,-11.089,-1690.7,3
ADSK,2021-12-14,2021-12-15,2021-12-16,2-3%,-2.246,263.1028,268.6111,tp_gap_filled,57.8938,15232.03,2.094,318.9,1
DPZ,2021-12-15,2021-12-16,2021-12-17,2-3%,-2.338,511.4309,522.6269,tp_gap_filled,29.461,15067.28,2.189,329.84,1
MO,2021-10-28,2021-12-16,2021-12-17,2-3%,-2.526,46.3463,47.4525,tp_gap_filled,325.5421,15087.67,2.387,360.11,1
CCL,2021-12-09,2021-12-10,2021-12-21,2-3%,-2.561,19.039,19.5005,tp_gap_filled,807.4144,15372.38,2.424,372.59,7
HST,2021-12-10,2021-12-13,2021-12-21,2-3%,-2.019,16.5165,16.8232,tp_gap_filled,923.0966,15246.32,1.857,283.08,6
DAL,2021-12-13,2021-12-14,2021-12-21,2-3%,-2.148,37.3974,38.1418,tp_gap_filled,405.2059,15153.63,1.991,301.66,5
MOS,2021-11-05,2021-11-08,2021-12-22,3-5%,-4.639,37.037,38.7612,tp_gap_filled,431.3406,15975.56,4.655,743.72,31
ADSK,2021-12-20,2021-12-21,2021-12-22,2-3%,-2.755,270.27,277.3723,tp_gap_filled,56.3228,15222.37,2.628,400.02,1
APA,2021-12-20,2021-12-21,2021-12-22,3-5%,-4.02,23.4234,24.3556,tp_gap_filled,650.6923,15241.42,3.98,606.59,1
BA,2021-12-20,2021-12-21,2021-12-22,2-3%,-2.346,188.2981,192.4374,tp_gap_filled,81.1638,15283.0,2.198,335.96,1
AMAT,2021-11-19,2021-11-22,2021-12-27,3-5%,-4.895,151.121,158.5813,tp_gap_filled,104.6381,15813.01,4.937,780.63,23
SBUX,2021-12-17,2021-12-22,2021-12-27,2-3%,-2.042,111.3813,113.4764,tp_gap_filled,138.282,15402.03,1.881,289.72,2
EQIX,2021-11-04,2021-11-05,2021-12-28,3-5%,-3.566,808.808,837.0421,tp_gap_filled,19.8035,16017.21,3.491,559.13,35
HCA,2021-10-22,2021-10-25,2021-12-29,5-10%,-5.185,246.7665,259.74,tp_gap_filled,62.3946,15396.9,5.257,809.48,45
DVA,2021-10-29,2021-11-05,2021-12-29,5-10%,-6.547,106.7366,113.9859,tp_gap_filled,149.9401,16004.1,6.792,1086.96,36
CPAY,2021-11-26,2021-12-07,2021-12-30,2-3%,-2.69,222.3521,228.0417,tp_gap_filled,69.2224,15391.76,2.559,393.85,16
VTR,2021-11-26,2021-12-08,2021-12-30,2-3%,-2.825,49.9299,51.2787,tp_gap_filled,310.3561,15496.04,2.701,418.61,15
GM,2021-12-17,2021-12-22,2021-12-30,3-5%,-3.751,56.2562,58.3316,tp_gap_filled,273.9673,15412.36,3.689,568.59,5
CCL,2021-12-27,2021-12-28,2021-12-30,3-5%,-4.057,20.3603,21.1788,tp_gap_filled,770.6253,15690.19,4.02,630.73,2
IBM,2021-10-21,2021-12-17,2022-01-03,5-10%,-5.913,127.7663,135.524,tp_gap_filled,117.918,15065.94,6.072,914.78,10
NUE,2021-12-20,2021-12-27,2022-01-03,2-3%,-2.085,115.6555,117.882,tp_gap_filled,135.5919,15681.96,1.925,301.89,5
KHC,2021-11-18,2021-11-19,2022-01-04,3-5%,-3.009,35.4955,36.5234,tp_gap_filled,449.3356,15949.37,2.896,461.91,30
AXP,2021-11-26,2021-12-07,2022-01-04,3-5%,-3.799,165.2551,171.4384,tp_gap_filled,93.1076,15386.5,3.742,575.71,19
ALB,2021-12-15,2021-12-16,2022-01-04,5-10%,-5.951,229.5493,243.5862,tp_gap_filled,65.6254,15064.28,6.115,921.17,12
GIS,2021-12-21,2021-12-22,2022-01-04,3-5%,-4.853,64.5645,67.7222,tp_gap_filled,238.5727,15403.33,4.891,753.34,8
LYV,2021-11-08,2021-12-22,2022-01-04,3-5%,-4.023,118.9388,123.6762,tp_gap_filled,129.5687,15410.75,3.983,613.82,8
FISV,2021-10-27,2022-01-03,2022-01-04,2-3%,-2.586,107.107,109.7302,tp_gap_filled,148.2463,15878.22,2.449,388.87,1
HBAN,2021-11-26,2022-01-03,2022-01-04,3-5%,-3.242,15.8358,16.3337,tp_gap_filled,1002.8376,15880.76,3.144,499.24,1
LUV,2021-12-09,2022-01-03,2022-01-04,2-3%,-2.584,44.1441,45.2247,tp_gap_filled,359.721,15879.56,2.448,388.73,1
SW,2021-12-30,2022-01-03,2022-01-04,2-3%,-2.072,55.3553,56.4135,tp_gap_filled,286.8349,15877.83,1.912,303.54,1
CARR,2022-01-03,2022-01-04,2022-01-05,2-3%,-2.01,53.2032,54.1858,tp_gap_filled,299.1236,15914.32,1.847,293.92,1
ALL,2021-11-04,2022-01-04,2022-01-07,3-5%,-4.06,121.121,125.9939,tp_gap_filled,131.3916,15914.28,4.023,640.26,3
CRWD,2022-01-05,2022-01-06,2022-01-07,2-3%,-2.215,46.2962,47.2502,tp_gap_filled,341.484,15809.43,2.061,325.76,1
PANW,2022-01-05,2022-01-06,2022-01-07,2-3%,-2.052,85.6272,87.246,tp_gap_filled,184.5451,15802.08,1.891,298.74,1
BX,2021-12-08,2021-12-09,2022-01-10,3-5%,-3.596,134.4543,112.8287,stop,114.2864,15366.3,-16.084,-2471.52,21
PSX,2021-10-27,2022-01-06,2022-01-10,2-3%,-2.092,80.5805,82.1378,tp_gap_filled,196.3467,15821.71,1.933,305.77,2
DG,2022-01-06,2022-01-07,2022-01-10,3-5%,-3.041,226.9167,233.5662,tp_gap_filled,69.3166,15729.1,2.93,460.92,1
FTNT,2022-01-06,2022-01-07,2022-01-10,2-3%,-2.966,58.9569,60.6373,tp_gap_filled,267.2348,15755.34,2.85,449.06,1
XYZ,2022-01-06,2022-01-07,2022-01-10,2-3%,-2.0,140.7606,143.3465,tp_gap_filled,112.1816,15790.75,1.837,290.09,1
CNC,2022-01-06,2022-01-10,2022-01-11,2-3%,-2.243,78.078,79.7102,tp_gap_filled,201.9455,15767.5,2.09,329.62,1
VEEV,2022-01-07,2022-01-10,2022-01-11,2-3%,-2.392,236.1259,241.4283,tp_gap_filled,66.8699,15789.72,2.246,354.57,1
TXN,2022-01-07,2022-01-10,2022-01-12,2-3%,-2.565,182.152,186.5732,tp_gap_filled,86.6715,15787.39,2.427,383.2,2
ADSK,2022-01-10,2022-01-11,2022-01-12,2-3%,-2.203,256.7965,262.0577,tp_gap_filled,62.085,15943.21,2.049,326.64,1
ALB,2022-01-10,2022-01-11,2022-01-12,2-3%,-2.127,231.231,235.784,tp_gap_filled,69.0731,15971.84,1.969,314.49,1
ALGN,2022-01-10,2022-01-11,2022-01-12,2-3%,-2.554,533.553,546.443,tp_gap_filled,29.9734,15992.42,2.416,386.36,1
AMAT,2022-01-10,2022-01-11,2022-01-12,2-3%,-2.049,147.8677,150.6592,tp_gap_filled,108.3298,16018.49,1.888,302.4,1
AMD,2022-01-10,2022-01-11,2022-01-12,2-3%,-2.212,129.2091,131.868,tp_gap_filled,124.1014,16035.03,2.058,329.98,1
NOW,2022-01-05,2022-01-06,2022-01-13,2-3%,-2.474,117.9178,104.8419,stop,134.1272,15815.99,-11.089,-1753.83,5
IBM,2022-01-11,2022-01-12,2022-01-13,3-5%,-3.34,130.6505,134.895,tp_gap_filled,121.9329,15930.6,3.249,517.54,1
STLD,2022-01-11,2022-01-12,2022-01-13,2-3%,-2.476,59.1491,60.5294,tp_gap_filled,269.5316,15942.55,2.334,372.04,1
AXON,2021-12-01,2021-12-02,2022-01-14,3-5%,-3.543,162.9728,136.7603,stop,92.8962,15139.56,-16.084,-2435.05,30
EBAY,2021-10-28,2021-10-29,2022-01-18,3-5%,-4.674,74.104,62.1851,stop,207.947,15409.71,-16.084,-2478.5,54
INCY,2021-09-22,2021-12-17,2022-01-18,3-5%,-3.865,73.1931,75.9839,tp_gap_filled,205.8185,15064.5,3.813,574.4,20
AKAM,2022-01-06,2022-01-10,2022-01-19,2-3%,-2.624,112.5624,115.3645,tp_gap_filled,140.0742,15767.09,2.489,392.5,6
F,2022-01-14,2022-01-18,2022-01-20,2-3%,-2.198,24.4945,21.7783,stop,632.025,15481.12,-11.089,-1716.7,2
ADSK,2022-01-18,2022-01-19,2022-01-20,2-3%,-2.007,254.1539,258.8409,tp_gap_filled,60.414,15354.45,1.844,283.16,1
DDOG,2022-01-05,2022-01-12,2022-01-21,3-5%,-3.366,152.6024,128.0579,stop,104.5361,15952.46,-16.084,-2565.79,6
TSLA,2021-11-08,2021-11-09,2022-01-24,5-10%,-5.916,383.6466,283.6146,stop,41.8499,16055.57,-26.074,-4186.33,51
PYPL,2021-11-09,2021-11-15,2022-01-24,5-10%,-7.419,212.6124,157.1758,stop,76.0637,16172.09,-26.074,-4216.71,47
TGT,2021-11-17,2021-11-18,2022-01-24,3-5%,-4.655,254.244,213.3514,stop,63.1517,16055.93,-16.084,-2582.44,44
VRSK,2022-01-05,2022-01-06,2022-01-24,2-3%,-2.228,217.0068,192.9429,stop,72.9058,15821.06,-11.089,-1754.4,11
APH,2022-01-07,2022-01-12,2022-01-24,2-3%,-2.148,20.8608,18.5476,stop,764.9227,15956.93,-11.089,-1769.46,7
APTV,2022-01-11,2022-01-12,2022-01-24,3-5%,-4.041,158.5584,133.0559,stop,100.6149,15953.34,-16.084,-2565.94,7
COF,2021-10-27,2022-01-12,2022-01-24,2-3%,-2.857,160.3001,142.5245,stop,99.5475,15957.47,-11.089,-1769.52,7
AMP,2022-01-14,2022-01-18,2022-01-24,2-3%,-2.062,320.8906,285.307,stop,48.3259,15507.32,-11.089,-1719.61,4
ALGN,2022-01-18,2022-01-20,2022-01-24,2-3%,-2.932,509.7592,453.232,stop,29.8147,15198.31,-11.089,-1685.34,2
AXP,2022-01-14,2022-01-18,2022-01-25,2-3%,-2.643,168.8787,173.1167,tp_gap_filled,91.809,15504.59,2.509,389.09,5
CVNA,2022-01-21,2022-01-24,2022-01-25,2-3%,-2.734,30.7647,31.5664,tp_gap_filled,478.1438,14709.97,2.606,383.31,1
DVN,2022-01-21,2022-01-24,2022-01-25,3-5%,-3.043,47.1972,48.5814,tp_gap_filled,311.946,14722.96,2.933,431.8,1
ADSK,2022-01-24,2022-01-25,2022-01-26,2-3%,-2.065,234.4842,238.9508,tp_gap_filled,62.8042,14726.59,1.905,280.52,1
ALB,2022-01-24,2022-01-25,2022-01-26,3-5%,-3.192,206.166,212.5372,tp_gap_filled,71.4236,14725.12,3.09,455.06,1
AMAT,2022-01-24,2022-01-25,2022-01-26,2-3%,-2.628,131.6415,134.9249,tp_gap_filled,111.8549,14724.75,2.494,367.27,1
AMP,2022-01-24,2022-01-25,2022-01-26,2-3%,-2.839,291.1709,299.0806,tp_gap_filled,50.5881,14729.78,2.717,400.14,1
AMZN,2022-01-24,2022-01-25,2022-01-26,2-3%,-2.554,139.139,142.5004,tp_gap_filled,105.9529,14742.19,2.416,356.15,1
APA,2022-01-24,2022-01-25,2022-01-26,3-5%,-3.688,29.019,30.0699,tp_gap_filled,508.1216,14745.18,3.621,533.99,1
APTV,2022-01-24,2022-01-25,2022-01-26,3-5%,-3.938,134.8047,140.0498,tp_gap_filled,109.8729,14811.38,3.891,576.3,1
ARES,2022-01-24,2022-01-25,2022-01-26,2-3%,-2.502,71.0009,72.6772,tp_gap_filled,208.6663,14815.5,2.361,349.79,1
HII,2021-10-26,2021-10-27,2022-01-27,3-5%,-3.149,205.9958,188.2416,time_exit,74.0073,15245.19,-8.619,-1313.94,63
APO,2022-01-24,2022-01-25,2022-01-27,2-3%,-2.276,64.4644,65.8341,tp_gap_filled,229.798,14813.79,2.125,314.75,2
ADI,2022-01-25,2022-01-26,2022-01-27,2-3%,-2.509,157.5474,161.2786,tp_gap_filled,93.6965,14761.64,2.368,349.6,1
AES,2022-01-25,2022-01-26,2022-01-27,2-3%,-2.125,22.1321,22.5674,tp_gap_filled,667.2922,14768.58,1.967,290.47,1
ALGN,2022-01-25,2022-01-26,2022-01-27,2-3%,-2.188,464.514,473.9556,tp_gap_filled,31.8074,14774.99,2.033,300.31,1
AMD,2022-01-24,2022-01-26,2022-01-27,2-3%,-2.87,115.5154,102.7059,stop,127.8393,14767.4,-11.089,-1637.56,1
AOS,2022-01-25,2022-01-26,2022-01-27,2-3%,-2.145,77.1671,78.7012,tp_gap_filled,191.1038,14746.93,1.988,293.18,1
AVGO,2022-01-25,2022-01-26,2022-01-27,2-3%,-2.507,52.8528,54.1038,tp_gap_filled,278.7239,14731.34,2.367,348.7,1
BKNG,2022-01-25,2022-01-26,2022-01-27,2-3%,-2.746,91.495,93.8908,tp_gap_filled,161.2973,14757.9,2.619,386.44,1
ABT,2022-01-26,2022-01-27,2022-01-28,3-5%,-3.31,119.3092,123.1467,tp_gap_filled,123.5398,14739.43,3.216,474.09,1
BX,2022-01-14,2022-01-27,2022-01-28,2-3%,-2.413,116.1861,118.8211,tp_gap_filled,126.9006,14744.09,2.268,334.38,1
CHD,2022-01-26,2022-01-27,2022-01-28,3-5%,-3.257,98.4183,101.5284,tp_gap_filled,149.933,14756.16,3.16,466.3,1
CL,2022-01-26,2022-01-27,2022-01-28,2-3%,-2.214,80.0099,81.6583,tp_gap_filled,184.4442,14757.37,2.06,304.02,1
GILD,2022-01-26,2022-01-27,2022-01-28,2-3%,-2.223,67.3773,68.7712,tp_gap_filled,219.3525,14779.38,2.069,305.74,1
WBD,2022-01-21,2022-01-24,2022-01-31,2-3%,-2.401,26.8568,27.4625,tp_gap_filled,548.6404,14734.74,2.255,332.3,5
CDNS,2022-01-25,2022-01-26,2022-01-31,2-3%,-2.901,147.4073,151.5083,tp_gap_filled,100.238,14775.81,2.782,411.08,3
CMCSA,2022-01-27,2022-01-28,2022-01-31,5-10%,-6.17,42.6574,45.3716,tp_gap_filled,353.892,15096.12,6.363,960.54,1
EW,2022-01-27,2022-01-28,2022-01-31,5-10%,-7.944,100.1,108.5214,tp_gap_filled,151.2748,15142.6,8.413,1273.94,1
HCA,2022-01-27,2022-01-28,2022-01-31,5-10%,-8.125,220.7205,239.76,tp_gap_filled,68.7143,15166.66,8.626,1308.29,1
MRSH,2022-01-27,2022-01-28,2022-01-31,3-5%,-3.247,149.149,153.846,tp_gap_filled,101.932,15203.05,3.149,478.77,1
PODD,2022-01-25,2022-01-28,2022-01-31,2-3%,-2.009,218.7385,222.777,tp_gap_filled,69.5207,15206.86,1.846,280.76,1
V,2021-10-27,2022-01-04,2022-02-01,3-5%,-3.05,224.9747,231.5882,tp_gap_filled,70.7656,15920.47,2.94,468.0,19
AXON,2022-01-14,2022-01-31,2022-02-01,2-3%,-2.102,140.7706,143.5063,tp_gap_filled,109.403,15400.74,1.943,299.29,1
CEG,2022-01-28,2022-01-31,2022-02-01,2-3%,-2.644,44.5945,45.7142,tp_gap_filled,345.2814,15397.67,2.511,386.61,1
CHD,2022-01-28,2022-01-31,2022-02-01,2-3%,-2.027,96.7567,98.5613,tp_gap_filled,159.5432,15436.86,1.865,287.92,1
CVX,2022-01-28,2022-01-31,2022-02-01,3-5%,-3.967,130.13,135.2346,tp_gap_filled,118.863,15467.65,3.923,606.75,1
IDXX,2022-01-25,2022-01-31,2022-02-01,2-3%,-2.076,501.531,511.1383,tp_gap_filled,30.8503,15472.4,1.916,296.39,1
ISRG,2022-01-21,2022-01-31,2022-02-02,5-10%,-6.043,275.315,292.4373,tp_gap_filled,56.2204,15478.33,6.219,962.62,2
BKR,2022-01-31,2022-02-01,2022-02-02,2-3%,-2.356,26.5465,27.1328,tp_gap_filled,586.5343,15570.44,2.209,343.9,1
CHTR,2022-01-18,2022-01-31,2022-02-03,2-3%,-2.353,593.9834,607.0823,tp_gap_filled,26.0415,15468.21,2.205,341.11,3
SWK,2022-02-01,2022-02-02,2022-02-03,3-5%,-4.953,166.166,174.4753,tp_gap_filled,94.209,15654.33,5.001,782.81,1
EMR,2021-11-03,2021-11-04,2022-02-04,5-10%,-5.372,94.8648,95.2846,time_exit,166.8048,15823.9,0.443,70.03,63
CBOE,2022-01-20,2022-01-21,2022-02-04,2-3%,-2.569,117.3172,120.1697,tp_gap_filled,126.8634,14883.26,2.431,361.88,10
BAC,2022-01-14,2022-01-18,2022-02-07,2-3%,-2.543,47.5675,48.7112,tp_gap_filled,325.7749,15496.3,2.404,372.59,14
CLX,2022-01-26,2022-01-27,2022-02-07,3-5%,-4.567,166.7266,139.9103,stop,88.6116,14773.91,-16.084,-2376.23,7
COF,2022-01-26,2022-01-27,2022-02-07,5-10%,-5.396,144.0939,152.0078,tp_gap_filled,102.5039,14770.19,5.492,811.21,7
BSX,2022-02-02,2022-02-03,2022-02-07,3-5%,-3.931,41.8318,43.4565,tp_gap_filled,369.9084,15473.93,3.884,600.99,2
ALGN,2022-02-03,2022-02-04,2022-02-07,3-5%,-4.996,480.8403,505.1144,tp_gap_filled,32.0264,15399.59,5.048,777.41,1
MRK,2021-11-05,2021-11-08,2022-02-08,5-10%,-9.112,82.3723,76.8331,time_exit,194.0626,15985.38,-6.725,-1074.95,63
C,2022-01-14,2022-01-18,2022-02-08,3-5%,-3.57,65.4254,67.7122,tp_gap_filled,236.6377,15482.11,3.495,541.16,15
LHX,2022-01-31,2022-02-01,2022-02-08,3-5%,-3.723,210.7405,218.4513,tp_gap_filled,73.9631,15587.02,3.659,570.31,5
WSM,2022-01-05,2022-02-01,2022-02-08,2-3%,-2.55,80.9058,82.8571,tp_gap_filled,192.6314,15585.0,2.412,375.87,5
CI,2022-02-03,2022-02-07,2022-02-08,2-3%,-2.182,225.225,229.79,tp_gap_filled,68.4824,15423.96,2.027,312.62,1
COHR,2022-02-03,2022-02-07,2022-02-08,2-3%,-2.278,62.7026,64.0359,tp_gap_filled,245.9587,15422.26,2.126,327.93,1
EXC,2022-02-04,2022-02-07,2022-02-08,2-3%,-2.558,42.7127,43.7462,tp_gap_filled,361.1366,15425.11,2.42,373.25,1
ADSK,2022-02-03,2022-02-04,2022-02-09,2-3%,-2.238,242.6924,247.752,tp_gap_filled,63.4658,15402.66,2.085,321.11,3
CDNS,2022-02-03,2022-02-07,2022-02-09,2-3%,-2.351,149.6795,152.9769,tp_gap_filled,103.1145,15434.13,2.203,340.0,2
KLAC,2022-02-03,2022-02-08,2022-02-09,2-3%,-2.498,38.5966,39.5065,tp_gap_filled,401.3703,15491.51,2.357,365.21,1
MU,2022-02-03,2022-02-08,2022-02-09,2-3%,-2.177,82.7527,84.4255,tp_gap_filled,187.1905,15490.51,2.021,313.14,1
SWK,2022-02-07,2022-02-08,2022-02-09,2-3%,-2.841,161.9017,166.3035,tp_gap_filled,95.7312,15499.05,2.719,421.39,1
APTV,2022-02-03,2022-02-08,2022-02-10,3-5%,-3.777,134.6445,139.6502,tp_gap_filled,115.0664,15493.06,3.718,575.99,2
BX,2022-02-03,2022-02-09,2022-02-10,2-3%,-2.189,135.095,137.842,tp_gap_filled,116.608,15753.16,2.033,320.33,1
CEG,2022-02-08,2022-02-09,2022-02-10,2-3%,-2.04,45.1751,46.0239,tp_gap_filled,348.6705,15751.23,1.879,295.95,1
DDOG,2022-02-08,2022-02-09,2022-02-10,2-3%,-2.208,149.3992,152.4674,tp_gap_filled,105.5966,15776.05,2.054,323.98,1
IT,2022-02-08,2022-02-09,2022-02-10,5-10%,-8.282,270.7004,294.5552,tp_gap_filled,58.4552,15823.86,8.812,1394.43,1
DIS,2021-11-11,2021-11-12,2022-02-14,5-10%,-6.627,163.0529,150.6992,time_exit,99.0606,16152.11,-7.577,-1223.77,63
ANET,2022-02-10,2022-02-11,2022-02-15,2-3%,-2.217,31.6741,32.3276,tp_gap_filled,484.4717,15345.23,2.063,316.6,2
FCX,2022-02-11,2022-02-14,2022-02-16,2-3%,-2.983,42.6426,43.8661,tp_gap_filled,358.1218,15271.24,2.869,438.16,2
A,2021-11-23,2021-11-26,2022-02-17,3-5%,-4.233,156.0459,130.9475,stop,99.0629,15458.36,-16.084,-2486.32,57
BLK,2022-01-14,2022-01-20,2022-02-18,2-3%,-2.603,845.845,752.0492,stop,17.9458,15179.38,-11.089,-1683.24,21
APTV,2022-02-16,2022-02-17,2022-02-18,2-3%,-2.221,140.5604,143.4664,tp_gap_filled,108.4072,15237.76,2.067,315.03,1
ZBH,2022-02-07,2022-02-08,2022-02-22,5-10%,-6.945,111.0818,119.1332,tp_gap_filled,139.5971,15506.7,7.248,1123.94,9
ADBE,2021-12-16,2021-12-27,2022-02-23,5-10%,-8.239,578.9784,428.0156,stop,27.0876,15683.13,-26.074,-4089.22,40
KKR,2022-02-08,2022-02-09,2022-02-23,3-5%,-4.397,67.6876,56.8007,stop,234.7046,15886.6,-16.084,-2555.2,9
BAX,2022-02-17,2022-02-18,2022-02-23,5-10%,-5.086,80.8808,85.0449,tp_gap_filled,187.7207,15183.0,5.148,781.68,2
JBL,2022-01-24,2022-02-01,2022-02-24,2-3%,-2.307,62.3122,55.4024,stop,250.1588,15587.96,-11.089,-1728.55,16
GM,2022-02-04,2022-02-07,2022-02-24,2-3%,-2.806,51.6716,45.9418,stop,298.7379,15436.27,-11.089,-1711.73,12
XYZ,2022-02-02,2022-02-10,2022-02-24,5-10%,-7.037,118.7486,87.7861,stop,131.5866,15625.73,-26.074,-4074.25,9
CCL,2022-02-22,2022-02-23,2022-02-24,2-3%,-2.797,21.5715,19.1795,stop,684.8592,14773.47,-11.089,-1638.23,1
BBY,2021-11-23,2021-11-24,2022-02-25,10%+,-15.942,116.116,95.7342,time_exit,135.1987,15698.73,-17.553,-2755.6,63
MDT,2021-11-23,2021-11-24,2022-02-25,3-5%,-3.602,112.7927,105.7342,time_exit,139.4556,15729.57,-6.258,-984.35,63
MOS,2022-02-23,2022-02-24,2022-02-25,3-5%,-3.168,42.8328,44.1458,tp_gap_filled,350.0816,14994.97,3.065,459.66,1
ROST,2022-02-23,2022-02-24,2022-02-25,2-3%,-2.938,89.6195,92.1478,tp_gap_filled,167.6459,15024.35,2.821,423.85,1
TJX,2022-02-23,2022-02-24,2022-02-25,5-10%,-6.636,60.9809,65.1847,tp_gap_filled,246.4713,15030.05,6.894,1036.12,1
DASH,2022-02-18,2022-02-22,2022-02-28,3-5%,-3.789,101.1511,104.925,tp_gap_filled,148.6823,15039.37,3.731,561.11,4
AAPL,2022-02-24,2022-02-25,2022-02-28,3-5%,-4.679,152.7326,159.9099,tp_gap_filled,100.2893,15317.44,4.699,719.81,1
ABBV,2022-02-24,2022-02-25,2022-02-28,2-3%,-2.146,143.7536,146.6132,tp_gap_filled,106.8352,15357.95,1.989,305.51,1
ABNB,2022-02-24,2022-02-25,2022-02-28,5-10%,-5.825,141.4413,149.89,tp_gap_filled,108.7275,15378.56,5.973,918.6,1
ACGL,2022-02-24,2022-02-25,2022-02-28,2-3%,-2.787,45.045,46.2437,tp_gap_filled,342.5024,15428.02,2.661,410.56,1
ADBE,2022-02-24,2022-02-25,2022-02-28,2-3%,-2.529,419.0086,429.0206,tp_gap_filled,36.8883,15456.51,2.389,369.32,1
FSLR,2022-02-03,2022-02-09,2022-03-01,5-10%,-5.421,72.3022,76.2936,tp_gap_filled,218.6688,15810.24,5.52,872.79,13
CHRW,2022-02-02,2022-02-23,2022-03-01,10%+,-10.825,93.3432,104.4654,tp_gap_filled,157.9374,14742.39,11.915,1756.61,4
AIZ,2022-02-28,2022-03-01,2022-03-02,2-3%,-2.138,164.9748,168.2416,tp_gap_filled,91.9547,15170.21,1.98,300.4,1
ALL,2022-02-28,2022-03-01,2022-03-02,2-3%,-2.464,121.2311,124.0458,tp_gap_filled,125.1383,15170.65,2.322,352.23,1
PNW,2021-10-07,2021-12-29,2022-03-04,5-10%,-5.527,70.1501,74.1058,tp_gap_filled,224.4199,15743.08,5.639,887.75,45
LLY,2022-01-12,2022-01-13,2022-03-04,3-5%,-3.591,253.1529,262.0577,tp_gap_filled,62.3347,15780.2,3.518,555.08,34
SW,2022-01-07,2022-01-10,2022-03-07,5-10%,-5.95,54.9048,40.589,stop,287.1495,15765.9,-26.074,-4110.8,38
ALGN,2022-02-10,2022-02-11,2022-03-07,3-5%,-3.654,526.516,441.8311,stop,29.2288,15389.44,-16.084,-2475.24,15
IT,2022-02-10,2022-02-15,2022-03-07,2-3%,-2.443,295.7955,262.9947,stop,52.6562,15575.48,-11.089,-1727.16,13
COHR,2022-02-22,2022-02-23,2022-03-07,2-3%,-2.411,70.08,62.3088,stop,210.2958,14737.53,-11.089,-1634.24,8
AXP,2022-02-28,2022-03-01,2022-03-07,2-3%,-2.106,189.8196,168.7705,stop,79.7583,15139.68,-11.089,-1678.84,4
BAC,2022-02-28,2022-03-01,2022-03-07,2-3%,-2.888,43.7637,38.9108,stop,345.227,15108.42,-11.089,-1675.37,4
FANG,2022-03-03,2022-03-04,2022-03-07,2-3%,-2.063,133.9839,136.5333,tp_gap_filled,112.8495,15120.01,1.903,287.71,1
CAT,2022-01-28,2022-02-01,2022-03-08,3-5%,-3.101,205.7956,211.9578,tp_gap_filled,75.7503,15589.09,2.994,466.79,24
ADI,2022-02-10,2022-02-16,2022-03-08,2-3%,-2.61,163.9838,145.7997,stop,94.8709,15557.29,-11.089,-1725.15,13
COST,2022-03-04,2022-03-07,2022-03-08,2-3%,-2.542,520.0195,532.5169,tp_gap_filled,28.1284,14627.33,2.403,351.53,1
EXE,2022-03-04,2022-03-07,2022-03-08,2-3%,-2.429,78.4083,80.1997,tp_gap_filled,186.3969,14615.07,2.285,333.91,1
DOW,2022-03-04,2022-03-07,2022-03-09,2-3%,-2.128,58.4584,59.6103,tp_gap_filled,250.0763,14619.06,1.971,288.07,2
BNY,2022-03-04,2022-03-08,2022-03-09,2-3%,-2.75,50.9709,52.3076,tp_gap_filled,285.8342,14569.23,2.623,382.08,1
GE,2022-03-04,2022-03-08,2022-03-09,2-3%,-2.412,56.2648,57.5403,tp_gap_filled,258.0973,14521.79,2.267,329.21,1
INCY,2022-02-08,2022-03-04,2022-03-10,3-5%,-3.708,70.7006,73.2766,tp_gap_filled,214.0627,15134.36,3.644,551.43,4
APO,2022-03-07,2022-03-09,2022-03-10,2-3%,-2.032,62.2522,63.4165,tp_gap_filled,239.0165,14879.3,1.87,278.29,1
BAC,2022-03-07,2022-03-09,2022-03-10,2-3%,-2.491,39.9699,40.9091,tp_gap_filled,372.4692,14887.57,2.35,349.79,1
BF-B,2021-12-08,2021-12-09,2022-03-11,5-10%,-5.201,69.6996,62.4874,time_exit,220.3718,15359.83,-10.348,-1589.36,63
CASY,2021-12-08,2021-12-09,2022-03-11,5-10%,-6.818,187.6875,174.0758,time_exit,81.8623,15364.53,-7.252,-1114.29,63
BBY,2022-03-04,2022-03-07,2022-03-11,2-3%,-2.016,108.0279,96.0487,stop,135.5198,14639.93,-11.089,-1623.42,4
CNC,2022-03-04,2022-03-07,2022-03-11,2-3%,-2.1,83.083,84.6952,tp_gap_filled,176.0281,14624.94,1.94,283.8,4
APA,2022-03-09,2022-03-10,2022-03-11,3-5%,-4.245,37.027,38.5914,tp_gap_filled,396.9239,14696.9,4.225,620.94,1
BKR,2022-03-09,2022-03-10,2022-03-11,2-3%,-2.586,33.9339,34.7652,tp_gap_filled,434.2785,14736.76,2.45,361.01,1
CF,2022-03-08,2022-03-10,2022-03-11,2-3%,-2.895,93.0129,95.5943,tp_gap_filled,158.8745,14777.38,2.775,410.12,1
KEYS,2022-02-18,2022-02-22,2022-03-14,2-3%,-2.429,161.6415,143.7171,stop,92.7968,14999.82,-11.089,-1663.33,14
CINF,2022-02-28,2022-03-02,2022-03-14,2-3%,-2.137,122.3923,124.8151,tp_gap_filled,125.5178,15362.41,1.98,304.1,8
CRH,2022-03-04,2022-03-07,2022-03-14,5-10%,-8.167,39.9599,43.4265,tp_gap_filled,366.2494,14635.3,8.675,1269.65,5
HBAN,2022-03-04,2022-03-07,2022-03-14,2-3%,-2.454,14.7247,15.0649,tp_gap_filled,995.7112,14661.56,2.31,338.75,5
ARES,2022-03-10,2022-03-11,2022-03-14,2-3%,-2.34,69.3493,70.8691,tp_gap_filled,210.8164,14619.96,2.191,320.4,1
BKNG,2022-03-10,2022-03-11,2022-03-14,2-3%,-2.921,79.1194,81.3374,tp_gap_filled,184.7408,14616.58,2.803,409.74,1
SW,2022-03-11,2022-03-14,2022-03-15,3-5%,-4.339,39.4995,41.2088,tp_gap_filled,369.8499,14608.87,4.327,632.18,1
AFL,2022-02-28,2022-03-01,2022-03-16,2-3%,-2.68,60.3503,61.8881,tp_gap_filled,251.6292,15185.9,2.548,386.95,11
ABNB,2022-03-10,2022-03-11,2022-03-16,2-3%,-2.083,145.3652,148.1617,tp_gap_filled,100.9376,14672.82,1.924,282.27,3
APP,2022-03-10,2022-03-11,2022-03-16,3-5%,-4.368,46.4664,48.4915,tp_gap_filled,315.0682,14640.09,4.358,638.03,3
BNY,2022-03-10,2022-03-11,2022-03-16,2-3%,-2.798,50.7707,52.1278,tp_gap_filled,288.0852,14626.29,2.673,390.96,3
CFG,2022-03-04,2022-03-14,2022-03-16,3-5%,-3.168,48.6486,50.1398,tp_gap_filled,300.6447,14625.94,3.065,448.32,2
RF,2022-03-04,2022-03-14,2022-03-16,3-5%,-3.073,22.7327,23.4066,tp_gap_filled,642.6486,14609.14,2.964,433.06,2
AAPL,2022-03-14,2022-03-15,2022-03-16,2-3%,-2.12,151.6014,154.5753,tp_gap_filled,97.5832,14793.75,1.962,290.19,1
AXON,2022-03-10,2022-03-11,2022-03-17,2-3%,-2.028,129.089,131.4984,tp_gap_filled,113.3584,14633.32,1.866,273.13,4
BLK,2022-03-04,2022-03-16,2022-03-17,2-3%,-2.13,722.722,736.9723,tp_gap_filled,20.8424,15063.23,1.972,297.01,1
COP,2022-03-15,2022-03-16,2022-03-17,3-5%,-3.822,92.9529,96.4535,tp_gap_filled,162.1387,15071.26,3.766,567.58,1
DASH,2022-03-14,2022-03-16,2022-03-17,2-3%,-2.38,84.9849,86.883,tp_gap_filled,177.4592,15081.35,2.233,336.84,1
EOG,2022-03-15,2022-03-16,2022-03-17,3-5%,-4.86,110.3202,115.7242,tp_gap_filled,137.0051,15114.43,4.898,740.37,1
CSGP,2022-02-23,2022-02-24,2022-03-18,10%+,-21.481,49.4694,62.8771,tp_gap_filled,300.8595,14883.35,27.103,4033.82,16
ALGN,2022-03-10,2022-03-11,2022-03-18,3-5%,-3.117,428.6983,441.6079,tp_gap_filled,34.2247,14672.07,3.011,441.83,5
MOS,2022-03-11,2022-03-14,2022-03-18,2-3%,-2.685,60.5805,62.1278,tp_gap_filled,241.4821,14629.11,2.554,373.64,4
APA,2022-03-14,2022-03-17,2022-03-18,2-3%,-2.663,38.048,39.0109,tp_gap_filled,403.0217,15334.17,2.531,388.09,1
AMP,2022-02-28,2022-03-01,2022-03-21,3-5%,-3.078,293.7435,302.4672,tp_gap_filled,51.6265,15164.94,2.97,450.38,14
CF,2022-03-11,2022-03-14,2022-03-21,3-5%,-4.113,93.3432,97.1528,tp_gap_filled,156.6012,14617.66,4.081,596.57,5
CMI,2022-03-04,2022-03-16,2022-03-21,2-3%,-2.311,204.3642,208.781,tp_gap_filled,73.7363,15069.06,2.161,325.68,3
EG,2022-03-04,2022-03-16,2022-03-21,2-3%,-2.162,283.1428,288.8209,tp_gap_filled,53.3793,15113.97,2.005,303.09,3
NOC,2022-03-16,2022-03-17,2022-03-21,3-5%,-3.885,430.8504,447.3722,tp_gap_filled,35.6424,15356.54,3.835,588.87,2
COF,2022-03-17,2022-03-18,2022-03-21,3-5%,-4.186,132.2021,137.7022,tp_gap_filled,116.956,15461.83,4.16,643.27,1
CVNA,2022-03-17,2022-03-18,2022-03-21,2-3%,-2.348,25.3073,25.8641,tp_gap_filled,611.8892,15485.25,2.2,340.72,1
DASH,2022-03-17,2022-03-18,2022-03-21,2-3%,-2.541,88.2882,90.4095,tp_gap_filled,176.1287,15550.09,2.403,373.62,1
DVN,2022-03-11,2022-03-18,2022-03-21,3-5%,-3.781,58.3383,60.5094,tp_gap_filled,268.4626,15661.64,3.722,582.87,1
ERIE,2022-02-25,2022-02-28,2022-03-22,3-5%,-4.803,172.3922,180.7291,tp_gap_filled,89.1208,15363.73,4.836,742.99,16
AIG,2022-02-28,2022-03-02,2022-03-22,3-5%,-3.024,61.3112,63.0968,tp_gap_filled,250.6012,15364.67,2.912,447.47,14
FDX,2022-03-18,2022-03-21,2022-03-22,3-5%,-3.5,177.4537,183.523,tp_gap_filled,87.4529,15518.84,3.42,530.78,1
FLEX,2022-03-18,2022-03-21,2022-03-22,2-3%,-2.717,12.4239,12.7453,tp_gap_filled,1249.4824,15523.4,2.588,401.68,1
LEN,2022-03-18,2022-03-21,2022-03-22,2-3%,-2.094,84.7119,86.3511,tp_gap_filled,183.6061,15553.63,1.935,300.97,1
NSC,2022-03-18,2022-03-21,2022-03-22,3-5%,-3.193,265.8956,274.1156,tp_gap_filled,58.5335,15563.79,3.091,481.14,1
HII,2022-03-16,2022-03-17,2022-03-23,2-3%,-2.726,197.177,202.2975,tp_gap_filled,77.87,15354.16,2.597,398.74,4
BKR,2022-03-14,2022-03-21,2022-03-23,2-3%,-2.577,36.7067,37.6024,tp_gap_filled,422.9669,15525.71,2.44,378.85,2
HAL,2022-03-11,2022-03-21,2022-03-23,2-3%,-2.372,37.087,37.9121,tp_gap_filled,419.1959,15546.74,2.225,345.84,2
NEM,2022-03-11,2022-03-21,2022-03-23,2-3%,-2.484,75.4354,77.2027,tp_gap_filled,206.2408,15557.85,2.343,364.5,2
CRWD,2022-03-21,2022-03-22,2022-03-23,2-3%,-2.432,50.8007,51.963,tp_gap_filled,308.8805,15691.36,2.288,358.99,1
DASH,2022-03-21,2022-03-22,2022-03-23,3-5%,-3.775,103.3432,107.1827,tp_gap_filled,152.1825,15727.03,3.715,584.3,1
MPWR,2022-02-17,2022-03-22,2022-03-24,2-3%,-2.359,476.5461,487.0824,tp_gap_filled,33.0893,15768.59,2.211,348.64,2
FERG,2022-01-18,2022-03-08,2022-03-25,3-5%,-4.7,164.3942,137.9531,stop,88.6098,14566.94,-16.084,-2342.95,13
ADP,2022-01-25,2022-03-16,2022-03-25,2-3%,-2.36,213.3031,218.0218,tp_gap_filled,70.6282,15065.21,2.212,333.27,7
PEG,2022-03-18,2022-03-21,2022-03-25,2-3%,-2.185,66.3363,67.6822,tp_gap_filled,234.9801,15587.7,2.029,316.28,4
XOM,2022-03-14,2022-03-23,2022-03-25,2-3%,-2.19,83.1431,84.8351,tp_gap_filled,187.004,15548.09,2.035,316.41,2
CVNA,2022-03-23,2022-03-24,2022-03-25,2-3%,-2.06,27.7017,28.2277,tp_gap_filled,566.7591,15700.18,1.899,298.16,1
DASH,2022-03-23,2022-03-24,2022-03-25,2-3%,-2.921,108.108,111.1388,tp_gap_filled,145.5812,15738.5,2.803,441.22,1
INTC,2022-01-27,2022-03-24,2022-03-25,3-5%,-3.308,50.03,51.6383,tp_gap_filled,315.2382,15771.36,3.215,507.01,1
EW,2022-03-23,2022-03-25,2022-03-28,2-3%,-2.266,110.5004,112.837,tp_gap_filled,142.5175,15748.24,2.115,333.01,1
MSI,2022-02-10,2022-03-17,2022-03-29,3-5%,-3.706,229.8897,238.2615,tp_gap_filled,66.791,15354.56,3.642,559.16,8
BA,2022-03-21,2022-03-22,2022-03-29,3-5%,-4.372,184.5844,192.6372,tp_gap_filled,84.9102,15673.09,4.363,683.76,5
GL,2022-02-28,2022-03-22,2022-03-29,2-3%,-2.462,101.111,103.4564,tp_gap_filled,155.9389,15767.14,2.32,365.74,5
PPL,2022-02-18,2022-03-22,2022-03-29,3-5%,-3.696,27.1271,28.1119,tp_gap_filled,581.0253,15761.53,3.63,572.17,5
NOW,2022-03-23,2022-03-24,2022-03-29,2-3%,-2.552,114.8427,117.6143,tp_gap_filled,137.4755,15788.07,2.413,381.02,3
VRT,2022-03-23,2022-03-24,2022-03-29,2-3%,-2.086,13.1531,13.4066,tp_gap_filled,1200.8059,15794.37,1.927,304.33,3
ADBE,2022-03-23,2022-03-25,2022-03-29,5-10%,-6.204,437.9475,465.9836,tp_gap_filled,35.9765,15755.83,6.402,1008.64,2
XYZ,2022-03-23,2022-03-28,2022-03-29,2-3%,-2.088,138.9688,141.6482,tp_gap_filled,113.9612,15837.06,1.928,305.34,1
APA,2022-03-28,2022-03-29,2022-03-30,2-3%,-2.48,40.5405,41.4885,tp_gap_filled,395.9669,16052.7,2.338,375.36,1
EQT,2022-03-28,2022-03-29,2022-03-30,2-3%,-2.505,33.5035,34.2957,tp_gap_filled,479.2701,16057.21,2.365,379.68,1
HPQ,2022-03-28,2022-03-29,2022-03-30,3-5%,-3.715,38.3984,39.8002,tp_gap_filled,418.4007,16065.9,3.651,586.51,1
MCD,2022-02-28,2022-03-29,2022-03-30,2-3%,-2.008,244.6844,249.2005,tp_gap_filled,65.735,16084.34,1.846,296.87,1
ON,2022-02-10,2022-03-29,2022-03-30,2-3%,-2.206,65.6656,67.0129,tp_gap_filled,245.0594,16091.97,2.052,330.17,1
OXY,2022-03-28,2022-03-29,2022-03-30,3-5%,-3.219,56.8768,58.6513,tp_gap_filled,283.1701,16105.81,3.12,502.48,1
SYF,2022-03-28,2022-03-29,2022-03-30,3-5%,-3.245,35.5155,36.6333,tp_gap_filled,453.4596,16104.84,3.147,506.9,1
PHM,2022-02-10,2022-02-28,2022-03-31,3-5%,-3.188,49.8498,41.832,stop,308.3618,15371.77,-16.084,-2472.4,23
HAL,2022-03-28,2022-03-29,2022-03-31,2-3%,-2.905,37.8078,38.8611,tp_gap_filled,424.9207,16065.3,2.786,447.58,2
EXE,2022-03-28,2022-03-30,2022-03-31,2-3%,-2.385,87.2772,89.2307,tp_gap_filled,183.9885,16058.0,2.238,359.42,1
FCX,2022-03-29,2022-03-30,2022-03-31,2-3%,-2.467,49.079,50.2197,tp_gap_filled,327.0587,16051.72,2.324,373.08,1
LMT,2022-03-29,2022-03-30,2022-03-31,2-3%,-2.636,433.6832,444.535,tp_gap_filled,37.0553,16070.27,2.502,402.12,1
DELL,2022-02-24,2022-03-29,2022-04-01,2-3%,-2.976,55.1451,49.0301,stop,291.2014,16058.33,-11.089,-1780.71,3
RCL,2022-02-28,2022-03-31,2022-04-01,2-3%,-2.256,81.9519,83.6762,tp_gap_filled,193.5183,15859.19,2.104,333.7,1
BIIB,2021-12-30,2022-01-03,2022-04-04,5-10%,-5.079,245.4352,211.4284,time_exit,64.7055,15881.01,-13.856,-2200.43,63
SW,2022-03-24,2022-03-25,2022-04-04,3-5%,-4.499,42.4925,44.4056,tp_gap_filled,370.8217,15757.12,4.502,709.42,6
RMD,2022-03-31,2022-04-01,2022-04-05,2-3%,-2.032,244.1939,248.761,tp_gap_filled,65.3866,15967.01,1.87,298.62,2
AMAT,2022-02-10,2022-02-11,2022-04-06,3-5%,-3.058,139.9298,117.4235,stop,109.8585,15372.47,-16.084,-2472.51,37
BG,2022-03-29,2022-03-30,2022-04-06,3-5%,-3.39,110.11,113.7461,tp_gap_filled,145.9132,16066.5,3.302,530.56,5
ADM,2022-03-29,2022-03-31,2022-04-06,2-3%,-2.545,90.09,92.2576,tp_gap_filled,176.2465,15878.04,2.406,382.04,4
CF,2022-03-28,2022-03-31,2022-04-06,2-3%,-2.794,106.5665,109.4105,tp_gap_filled,149.006,15879.04,2.669,423.78,4
MO,2022-03-28,2022-03-31,2022-04-06,2-3%,-2.201,52.4924,53.5664,tp_gap_filled,302.1698,15861.63,2.046,324.51,4
UDR,2022-03-30,2022-03-31,2022-04-06,2-3%,-2.806,57.9078,59.4605,tp_gap_filled,274.073,15870.98,2.681,425.53,4
CVNA,2022-03-30,2022-04-04,2022-04-06,3-5%,-3.173,26.8849,22.5607,stop,594.9982,15996.44,-16.084,-2572.87,2
ARE,2022-01-05,2022-01-06,2022-04-07,3-5%,-4.9,210.21,203.3564,time_exit,75.2122,15810.36,-3.26,-515.47,63
CNC,2022-03-23,2022-03-24,2022-04-07,3-5%,-3.186,84.8648,87.4824,tp_gap_filled,185.0135,15701.13,3.084,484.3,10
PCG,2022-02-01,2022-02-02,2022-04-08,5-10%,-5.16,12.1421,12.7772,tp_gap_filled,1288.8758,15649.7,5.23,818.54,46
GILD,2022-03-07,2022-03-08,2022-04-08,3-5%,-4.672,59.029,61.7981,tp_gap_filled,245.8151,14510.21,4.691,680.7,23
CVX,2022-03-11,2022-03-14,2022-04-08,2-3%,-2.886,166.0559,170.6492,tp_gap_filled,88.0858,14627.16,2.766,404.6,19
DVN,2022-03-28,2022-03-30,2022-04-08,2-3%,-2.704,60.8708,62.4375,tp_gap_filled,263.9124,16064.56,2.574,413.47,7
EOG,2022-03-28,2022-03-30,2022-04-08,2-3%,-2.144,121.9618,124.3855,tp_gap_filled,131.6955,16061.83,1.987,319.18,7
BAX,2022-04-04,2022-04-05,2022-04-08,3-5%,-3.092,76.2262,78.5014,tp_gap_filled,207.3478,15805.32,2.985,471.77,3
TJX,2022-04-05,2022-04-06,2022-04-08,2-3%,-2.707,60.4504,62.0079,tp_gap_filled,261.4348,15803.84,2.577,407.2,2
AMAT,2022-04-06,2022-04-07,2022-04-08,2-3%,-2.218,119.129,121.5883,tp_gap_filled,133.2704,15876.37,2.064,327.75,1
CRWD,2022-04-06,2022-04-07,2022-04-08,3-5%,-3.376,53.1869,54.935,tp_gap_filled,298.4154,15871.78,3.287,521.67,1
T,2022-02-01,2022-02-02,2022-04-11,5-10%,-5.137,18.2887,19.2406,tp_gap_filled,857.3583,15679.94,5.205,816.12,47
PCAR,2022-04-05,2022-04-06,2022-04-11,2-3%,-2.012,55.2619,56.2837,tp_gap_filled,285.9133,15800.11,1.849,292.14,3
BBY,2022-03-31,2022-04-04,2022-04-12,3-5%,-3.671,92.9829,96.3336,tp_gap_filled,171.9527,15988.66,3.604,576.16,6
DHI,2022-04-06,2022-04-08,2022-04-12,2-3%,-2.053,72.6025,73.976,tp_gap_filled,220.1591,15984.1,1.892,302.37,2
WSM,2022-03-30,2022-04-11,2022-04-12,2-3%,-2.85,75.7607,77.8271,tp_gap_filled,209.1722,15847.03,2.728,432.24,1
BEN,2022-03-04,2022-03-09,2022-04-13,2-3%,-2.088,28.6286,25.454,stop,520.4884,14900.86,-11.089,-1652.36,25
ABNB,2022-04-06,2022-04-07,2022-04-13,2-3%,-2.43,167.2171,171.0388,tp_gap_filled,94.941,15875.75,2.285,362.84,4
UAL,2022-04-06,2022-04-11,2022-04-13,3-5%,-3.243,43.3033,44.6653,tp_gap_filled,366.2036,15857.81,3.145,498.78,2
CRWD,2022-04-11,2022-04-12,2022-04-13,2-3%,-2.035,53.4959,54.4979,tp_gap_filled,295.9747,15833.45,1.873,296.57,1
DASH,2022-04-11,2022-04-12,2022-04-13,2-3%,-2.067,104.3242,106.3136,tp_gap_filled,151.9967,15856.94,1.907,302.38,1
DECK,2022-04-11,2022-04-12,2022-04-13,2-3%,-2.669,42.8244,43.911,tp_gap_filled,370.2891,15857.43,2.537,402.36,1
LVS,2022-04-11,2022-04-12,2022-04-13,2-3%,-2.364,35.1351,35.9141,tp_gap_filled,451.3791,15859.25,2.217,351.6,1
MRNA,2022-04-11,2022-04-12,2022-04-13,3-5%,-3.009,156.156,160.6792,tp_gap_filled,101.5584,15858.95,2.897,459.36,1
MU,2022-04-11,2022-04-12,2022-04-13,2-3%,-2.204,70.6206,72.0679,tp_gap_filled,224.726,15870.27,2.049,325.25,1
MAS,2022-04-11,2022-04-12,2022-04-14,2-3%,-2.309,49.5495,50.6193,tp_gap_filled,320.0369,15857.67,2.159,342.38,2
BKNG,2022-04-06,2022-04-13,2022-04-14,2-3%,-2.628,89.5943,91.8281,tp_gap_filled,179.535,16085.31,2.493,401.04,1
DAL,2022-02-28,2022-04-13,2022-04-14,2-3%,-2.913,40.3703,41.4985,tp_gap_filled,398.564,16090.16,2.794,449.63,1
LUV,2022-04-06,2022-04-13,2022-04-14,2-3%,-2.057,44.3243,45.1648,tp_gap_filled,363.1849,16097.91,1.896,305.26,1
SLB,2022-03-28,2022-03-29,2022-04-18,2-3%,-2.473,42.6426,43.6363,tp_gap_filled,377.6738,16104.99,2.33,375.3,13
SW,2022-04-12,2022-04-13,2022-04-18,5-10%,-8.898,39.1491,42.8871,tp_gap_filled,411.7284,16118.8,9.548,1539.02,2
T,2022-04-13,2022-04-14,2022-04-18,2-3%,-2.249,19.1391,19.5404,tp_gap_filled,835.7767,15996.03,2.097,335.41,1
AMP,2022-04-06,2022-04-07,2022-04-19,2-3%,-2.184,292.312,298.2415,tp_gap_filled,54.3628,15890.9,2.028,322.34,7
HPE,2022-04-12,2022-04-13,2022-04-19,2-3%,-2.024,15.5055,15.7942,tp_gap_filled,1038.2639,16098.79,1.862,299.75,3
NCLH,2022-04-06,2022-04-14,2022-04-19,2-3%,-2.434,21.6716,22.1678,tp_gap_filled,738.1446,15996.81,2.289,366.24,2
STX,2022-04-14,2022-04-18,2022-04-19,3-5%,-3.472,81.2612,84.0159,tp_gap_filled,196.8563,15996.78,3.39,542.28,1
TSLA,2022-04-14,2022-04-18,2022-04-19,2-3%,-2.257,333.4298,340.4492,tp_gap_filled,47.9971,16003.66,2.105,336.91,1
WDC,2022-04-14,2022-04-18,2022-04-19,2-3%,-2.967,35.1371,36.1392,tp_gap_filled,455.5235,16005.79,2.852,456.45,1
DOV,2022-04-08,2022-04-11,2022-04-20,2-3%,-2.092,151.3512,154.2756,tp_gap_filled,104.9096,15878.19,1.932,306.79,6
WFC,2022-04-14,2022-04-18,2022-04-20,5-10%,-5.459,45.9359,48.4915,tp_gap_filled,348.6359,16014.9,5.563,890.96,2
BNY,2022-04-18,2022-04-19,2022-04-20,3-5%,-3.574,45.6456,47.2427,tp_gap_filled,357.232,16306.07,3.499,570.54,1
PGR,2022-04-18,2022-04-19,2022-04-20,2-3%,-2.248,109.6996,111.9979,tp_gap_filled,148.7352,16316.19,2.095,341.84,1
RL,2022-04-05,2022-04-19,2022-04-20,3-5%,-3.398,111.2712,114.9549,tp_gap_filled,146.6992,16323.39,3.311,540.41,1
UAL,2022-04-18,2022-04-19,2022-04-20,2-3%,-2.105,44.2242,45.0849,tp_gap_filled,369.36,16334.64,1.946,317.9,1
WYNN,2022-04-06,2022-04-19,2022-04-20,2-3%,-2.024,77.5475,78.9909,tp_gap_filled,210.8961,16354.46,1.861,304.42,1
APP,2022-04-06,2022-04-07,2022-04-21,3-5%,-3.238,53.2532,44.688,stop,298.3002,15885.44,-16.084,-2555.01,9
ROK,2022-04-06,2022-04-08,2022-04-21,2-3%,-2.261,273.0628,278.8209,tp_gap_filled,58.4887,15971.1,2.109,336.78,8
DASH,2022-04-18,2022-04-19,2022-04-21,2-3%,-2.607,106.5665,94.7493,stop,153.1109,16316.48,-11.089,-1809.33,2
BG,2022-04-19,2022-04-20,2022-04-21,2-3%,-2.106,124.2141,126.6332,tp_gap_filled,131.8331,16375.53,1.948,318.92,1
OXY,2022-04-19,2022-04-20,2022-04-21,2-3%,-2.167,60.1,61.3086,tp_gap_filled,272.6809,16388.13,2.011,329.56,1
KMB,2022-01-26,2022-01-27,2022-04-22,5-10%,-6.575,130.5804,139.4904,tp_gap_filled,113.1762,14778.59,6.823,1008.39,59
CBRE,2022-03-04,2022-03-29,2022-04-25,2-3%,-2.254,93.3332,82.9835,stop,172.0527,16058.23,-11.089,-1780.7,18
EQT,2022-04-19,2022-04-20,2022-04-25,2-3%,-2.813,44.2642,39.3558,stop,370.1268,16383.38,-11.089,-1816.75,3
ADBE,2022-04-06,2022-04-07,2022-04-26,2-3%,-2.255,448.6882,398.9332,stop,35.3734,15871.61,-11.089,-1760.0,12
FERG,2022-03-25,2022-04-21,2022-04-27,2-3%,-2.445,140.9708,125.3386,stop,114.2468,16105.47,-11.089,-1785.94,4
CF,2022-04-25,2022-04-26,2022-04-27,2-3%,-2.28,94.8247,96.8431,tp_gap_filled,164.338,15583.31,2.128,331.69,1
DVN,2022-04-25,2022-04-26,2022-04-27,3-5%,-3.582,56.046,58.0119,tp_gap_filled,278.1005,15586.42,3.508,546.73,1
EQT,2022-04-25,2022-04-26,2022-04-27,3-5%,-3.145,38.5285,39.7003,tp_gap_filled,404.547,15586.59,3.041,474.04,1
FFIV,2022-01-26,2022-01-27,2022-04-28,10%+,-11.821,195.195,175.7341,time_exit,75.6267,14761.95,-9.97,-1471.76,63
AMCR,2022-02-02,2022-02-03,2022-04-28,2-3%,-2.213,59.7097,60.939,tp_gap_filled,259.2846,15481.79,2.059,318.75,58
PCG,2022-04-14,2022-04-18,2022-04-28,5-10%,-5.447,12.1621,12.8372,tp_gap_filled,1315.2277,15996.0,5.55,887.78,8
APA,2022-04-25,2022-04-26,2022-04-28,3-5%,-4.004,39.1191,40.6693,tp_gap_filled,398.5252,15589.94,3.963,617.8,2
CVX,2022-04-25,2022-04-26,2022-04-28,3-5%,-3.243,155.8857,160.789,tp_gap_filled,99.9724,15584.27,3.145,490.2,2
EOG,2022-04-25,2022-04-26,2022-04-28,3-5%,-3.419,112.2622,116.0039,tp_gap_filled,138.8687,15589.7,3.333,519.61,2
LRCX,2022-04-26,2022-04-27,2022-04-28,2-3%,-2.053,46.7107,47.5944,tp_gap_filled,334.8994,15643.37,1.892,295.95,1
MCHP,2022-04-27,2022-04-28,2022-04-29,2-3%,-2.516,63.5935,65.1048,tp_gap_filled,252.0962,16031.69,2.376,380.99,1
MU,2022-04-26,2022-04-28,2022-04-29,2-3%,-2.039,68.7587,70.0499,tp_gap_filled,233.7469,16072.13,1.878,301.81,1
TMO,2022-04-25,2022-04-28,2022-04-29,2-3%,-2.635,547.0365,560.7187,tp_gap_filled,29.4006,16083.2,2.501,402.27,1
TXN,2022-04-27,2022-04-28,2022-04-29,3-5%,-4.684,160.7106,168.2716,tp_gap_filled,100.1479,16094.82,4.705,757.22,1
EXE,2022-04-25,2022-04-26,2022-05-03,2-3%,-2.762,84.2241,86.4435,tp_gap_filled,185.1267,15592.14,2.635,410.86,5
MMM,2022-04-26,2022-04-27,2022-05-03,2-3%,-2.147,121.7018,124.1232,tp_gap_filled,128.4438,15631.85,1.99,311.01,4
MPWR,2022-04-26,2022-04-28,2022-05-03,2-3%,-2.273,411.0306,419.7498,tp_gap_filled,39.0974,16070.23,2.121,340.9,3
UBER,2022-04-06,2022-04-19,2022-05-04,3-5%,-3.161,33.8889,28.4382,stop,482.6334,16355.89,-16.084,-2630.68,11
ANET,2022-04-20,2022-04-21,2022-05-04,2-3%,-2.592,31.4064,27.9237,stop,514.163,16148.0,-11.089,-1790.65,9
HAL,2022-04-25,2022-04-26,2022-05-04,3-5%,-3.9,36.2562,37.6523,tp_gap_filled,429.8627,15585.2,3.851,600.13,6
AMP,2022-04-26,2022-04-28,2022-05-04,3-5%,-3.901,270.27,280.679,tp_gap_filled,59.1453,15985.21,3.851,615.65,4
GOOG,2022-04-27,2022-04-28,2022-05-04,3-5%,-4.295,114.4874,119.3865,tp_gap_filled,139.6697,15990.41,4.279,684.26,4
GOOGL,2022-04-27,2022-04-28,2022-05-04,3-5%,-3.523,114.584,118.5314,tp_gap_filled,139.752,16013.34,3.445,551.65,4
MCO,2022-05-02,2022-05-03,2022-05-04,5-10%,-8.99,288.318,316.1635,tp_gap_filled,55.6226,16037.0,9.658,1548.84,1
PFE,2022-05-02,2022-05-03,2022-05-04,2-3%,-2.833,47.7277,49.0209,tp_gap_filled,336.8303,16076.13,2.71,435.61,1
CHTR,2022-04-29,2022-05-04,2022-05-05,2-3%,-2.514,450.3399,461.0285,tp_gap_filled,36.5713,16469.51,2.373,390.9,1
EXPD,2022-05-03,2022-05-04,2022-05-05,2-3%,-2.01,98.098,99.91,tp_gap_filled,168.6738,16546.56,1.847,305.64,1
CSGP,2022-04-06,2022-04-07,2022-05-06,2-3%,-2.03,65.6856,58.4017,stop,241.7947,15882.43,-11.089,-1761.2,20
COP,2022-03-28,2022-05-05,2022-05-06,2-3%,-2.27,105.1651,107.3925,tp_gap_filled,153.7373,16167.79,2.118,342.44,1
FSLR,2022-04-05,2022-04-12,2022-05-09,3-5%,-3.049,81.4814,68.3759,stop,194.8262,15874.71,-16.084,-2553.29,18
GPN,2022-05-02,2022-05-04,2022-05-09,2-3%,-2.635,133.5034,118.6992,stop,124.4765,16618.04,-11.089,-1842.77,3
COF,2022-04-26,2022-05-04,2022-05-10,2-3%,-2.074,133.7636,118.9306,stop,123.1058,16467.07,-11.089,-1826.03,4
FISV,2022-02-08,2022-02-09,2022-05-11,5-10%,-5.874,99.7697,92.4874,time_exit,158.3399,15797.52,-7.299,-1153.07,63
DIS,2022-04-20,2022-04-21,2022-05-11,3-5%,-4.435,126.1761,105.8819,stop,127.7953,16124.71,-16.084,-2593.5,14
ADBE,2022-05-09,2022-05-10,2022-05-11,2-3%,-2.317,382.332,390.619,tp_gap_filled,40.6399,15537.94,2.167,336.78,1
CVS,2022-02-09,2022-02-10,2022-05-12,3-5%,-3.943,106.5665,98.1518,time_exit,146.6861,15631.82,-7.896,-1234.32,63
HD,2022-02-22,2022-03-17,2022-05-12,3-5%,-3.396,335.4251,281.4753,stop,45.771,15352.74,-16.084,-2469.33,39
SW,2022-04-20,2022-04-21,2022-05-12,2-3%,-2.981,42.022,37.3622,stop,382.7945,16085.78,-11.089,-1783.75,15
CARR,2022-04-28,2022-04-29,2022-05-13,5-10%,-9.886,36.3163,40.2197,tp_gap_filled,433.8791,15756.87,10.749,1693.63,10
ARES,2022-05-09,2022-05-11,2022-05-13,3-5%,-3.152,65.8158,67.8221,tp_gap_filled,233.4095,15362.02,3.048,468.3,2
CF,2022-05-09,2022-05-11,2022-05-13,2-3%,-2.815,97.107,99.7202,tp_gap_filled,157.8854,15331.78,2.691,412.58,2
APP,2022-05-06,2022-05-12,2022-05-13,2-3%,-2.303,35.6756,36.4435,tp_gap_filled,430.3207,15351.97,2.152,330.43,1
DASH,2022-05-11,2022-05-12,2022-05-13,3-5%,-3.356,66.2962,68.4615,tp_gap_filled,231.7965,15367.23,3.266,501.89,1
GILD,2022-05-11,2022-05-12,2022-05-13,2-3%,-2.379,60.3703,61.7182,tp_gap_filled,254.4591,15361.78,2.233,342.99,1
ABBV,2022-04-29,2022-05-03,2022-05-16,3-5%,-4.318,149.7096,156.1537,tp_gap_filled,107.1234,16037.4,4.304,690.32,9
AAPL,2022-05-12,2022-05-13,2022-05-16,2-3%,-2.546,142.9128,146.3535,tp_gap_filled,109.7192,15680.27,2.408,377.51,1
AXON,2022-05-06,2022-05-13,2022-05-17,2-3%,-2.02,97.5975,99.4105,tp_gap_filled,160.8101,15694.67,1.858,291.55,2
AXP,2022-05-12,2022-05-13,2022-05-17,2-3%,-2.378,155.7556,159.2306,tp_gap_filled,100.7861,15698.0,2.231,350.23,2
COF,2022-05-12,2022-05-13,2022-05-17,3-5%,-3.002,116.116,119.4704,tp_gap_filled,135.2791,15708.06,2.889,453.78,2
COP,2022-05-09,2022-05-16,2022-05-17,2-3%,-2.34,105.2752,107.5823,tp_gap_filled,148.545,15638.1,2.192,342.71,1
TYL,2022-02-17,2022-03-22,2022-05-18,5-10%,-5.371,444.9545,328.9371,stop,35.4112,15756.36,-26.074,-4108.31,40
DELL,2022-04-01,2022-04-04,2022-05-20,3-5%,-3.228,48.6186,40.7988,stop,328.8997,15990.63,-16.084,-2571.93,33
HPQ,2022-04-08,2022-04-11,2022-05-20,2-3%,-2.371,39.1491,34.8079,stop,405.3928,15870.77,-11.089,-1759.91,28
DE,2022-04-25,2022-05-04,2022-05-20,2-3%,-2.884,392.3219,348.8173,stop,41.9801,16469.71,-11.089,-1826.33,12
CTVA,2022-05-05,2022-05-06,2022-05-20,3-5%,-4.718,56.4063,59.0809,tp_gap_filled,283.6873,16001.76,4.742,758.72,10
AMAT,2022-05-05,2022-05-17,2022-05-20,2-3%,-2.306,116.1861,103.3022,stop,137.437,15968.27,-11.089,-1770.72,3
AMD,2022-05-18,2022-05-19,2022-05-20,2-3%,-2.41,100.1,88.9999,stop,153.9006,15405.45,-11.089,-1708.31,1
AMGN,2022-04-28,2022-04-29,2022-05-23,5-10%,-5.249,235.9657,248.5412,tp_gap_filled,66.8023,15763.05,5.329,840.07,16
APA,2022-05-09,2022-05-16,2022-05-23,2-3%,-2.222,43.1731,44.0659,tp_gap_filled,362.432,15647.32,2.068,323.56,5
COP,2022-05-19,2022-05-20,2022-05-23,2-3%,-2.536,101.9318,104.3755,tp_gap_filled,150.1034,15300.32,2.397,366.81,1
CVX,2022-05-19,2022-05-20,2022-05-23,2-3%,-2.041,164.7946,167.8919,tp_gap_filled,92.9385,15315.77,1.879,287.86,1
ALB,2022-02-17,2022-03-28,2022-05-24,10%+,-11.183,218.7085,245.754,tp_gap_filled,72.46,15847.61,12.366,1959.72,40
KR,2022-05-18,2022-05-23,2022-05-24,3-5%,-3.143,49.6696,51.1788,tp_gap_filled,312.929,15543.06,3.038,472.26,1
EOG,2022-05-09,2022-05-17,2022-05-25,2-3%,-2.473,129.0789,132.0878,tp_gap_filled,123.6506,15960.69,2.331,372.04,6
DRI,2022-05-19,2022-05-20,2022-05-25,2-3%,-2.318,116.8267,119.3605,tp_gap_filled,131.1784,15325.14,2.169,332.38,3
MRVL,2022-05-23,2022-05-24,2022-05-25,2-3%,-2.774,52.6226,54.0159,tp_gap_filled,293.9577,15468.81,2.648,409.59,1
FANG,2022-03-28,2022-03-30,2022-05-26,3-5%,-3.058,142.172,146.3635,tp_gap_filled,112.9836,16063.11,2.948,473.57,40
BKNG,2022-05-09,2022-05-11,2022-05-26,3-5%,-4.051,84.2982,87.6814,tp_gap_filled,181.9771,15340.35,4.013,615.67,11
CMCSA,2022-04-28,2022-05-17,2022-05-26,3-5%,-3.87,40.0869,41.6172,tp_gap_filled,398.1314,15959.86,3.817,609.26,7
ARES,2022-05-18,2022-05-20,2022-05-26,2-3%,-2.536,68.088,69.7202,tp_gap_filled,224.9693,15317.72,2.397,367.19,4
CMI,2022-05-19,2022-05-20,2022-05-26,2-3%,-2.023,200.23,203.9558,tp_gap_filled,76.4509,15307.76,1.861,284.84,4
BEN,2022-05-05,2022-05-23,2022-05-26,2-3%,-2.313,26.2062,26.7732,tp_gap_filled,593.1886,15545.21,2.164,336.35,3
FFIV,2022-05-19,2022-05-23,2022-05-26,2-3%,-2.226,157.8677,161.1387,tp_gap_filled,98.4628,15544.1,2.072,322.07,3
FIS,2022-05-05,2022-05-23,2022-05-26,2-3%,-2.061,102.2522,104.1957,tp_gap_filled,152.0341,15545.81,1.901,295.49,3
ADSK,2022-05-23,2022-05-25,2022-05-26,3-5%,-4.42,183.1329,191.2186,tp_gap_filled,85.6742,15689.77,4.415,692.73,1
AMD,2022-05-24,2022-05-25,2022-05-26,2-3%,-2.661,92.6325,94.9749,tp_gap_filled,169.4811,15699.47,2.529,396.99,1
APO,2022-05-24,2022-05-25,2022-05-26,2-3%,-2.191,54.064,55.1648,tp_gap_filled,290.3885,15699.57,2.036,319.65,1
APP,2022-05-24,2022-05-25,2022-05-26,5-10%,-6.556,35.5255,37.942,tp_gap_filled,442.3915,15716.18,6.802,1069.05,1
BLK,2022-05-05,2022-05-26,2022-05-27,2-3%,-2.096,651.9413,664.5648,tp_gap_filled,24.5794,16024.32,1.936,310.28,1
CARR,2022-05-18,2022-05-26,2022-05-27,3-5%,-3.559,38.7887,40.1398,tp_gap_filled,413.1283,16024.73,3.483,558.17,1
CRWD,2022-05-09,2022-05-26,2022-05-27,3-5%,-3.519,39.7923,41.1613,tp_gap_filled,403.0293,16037.44,3.44,551.77,1
DASH,2022-05-16,2022-05-26,2022-05-27,2-3%,-2.998,71.5715,73.6363,tp_gap_filled,223.9501,16028.44,2.885,462.41,1
DLTR,2022-05-18,2022-05-26,2022-05-27,5-10%,-7.406,144.9148,156.1937,tp_gap_filled,110.6454,16034.15,7.783,1247.96,1
ESS,2022-05-25,2022-05-26,2022-05-27,2-3%,-2.652,275.6053,282.5472,tp_gap_filled,58.4173,16100.12,2.519,405.52,1
LRCX,2022-05-18,2022-05-26,2022-05-27,2-3%,-2.294,50.1021,51.1758,tp_gap_filled,321.6389,16114.77,2.143,345.35,1
NKE,2022-05-18,2022-05-26,2022-05-27,2-3%,-2.934,112.6125,115.7841,tp_gap_filled,143.1773,16123.55,2.816,454.1,1
ACGL,2022-04-28,2022-04-29,2022-05-31,3-5%,-3.86,46.1261,47.8821,tp_gap_filled,341.5434,15754.06,3.807,599.75,21
EL,2022-05-03,2022-05-04,2022-05-31,10%+,-12.712,227.7275,260.3694,tp_gap_filled,72.3467,16475.34,14.334,2361.53,18
AAPL,2022-05-26,2022-05-27,2022-05-31,2-3%,-2.227,137.5274,140.3795,tp_gap_filled,119.1609,16387.89,2.074,339.86,1
APP,2022-05-26,2022-05-27,2022-05-31,2-3%,-2.185,34.9449,35.6543,tp_gap_filled,470.3403,16436.0,2.03,333.66,1
AVGO,2022-05-19,2022-05-27,2022-05-31,2-3%,-2.203,55.8558,56.9999,tp_gap_filled,295.758,16519.8,2.048,338.39,1
DDOG,2022-05-24,2022-05-27,2022-05-31,2-3%,-2.129,92.0219,93.8361,tp_gap_filled,179.9558,16559.88,1.971,326.47,1
DELL,2022-05-26,2022-05-27,2022-05-31,2-3%,-2.102,42.4324,43.2567,tp_gap_filled,391.1202,16596.16,1.943,322.4,1
HPE,2022-05-19,2022-05-27,2022-05-31,2-3%,-2.475,15.3854,15.7442,tp_gap_filled,1084.9709,16692.68,2.333,389.36,1
DHI,2022-05-05,2022-05-26,2022-06-01,3-5%,-3.652,72.8828,75.4944,tp_gap_filled,220.0014,16034.32,3.583,574.56,3
EQT,2022-05-27,2022-05-31,2022-06-01,2-3%,-2.278,46.3663,47.3526,tp_gap_filled,351.1266,16280.45,2.127,346.31,1
COST,2022-05-18,2022-05-26,2022-06-02,5-10%,-6.212,460.46,489.9795,tp_gap_filled,34.8178,16032.18,6.411,1027.8,4
CSX,2022-05-19,2022-05-26,2022-06-02,2-3%,-2.785,31.4514,32.2877,tp_gap_filled,509.556,16026.26,2.659,426.12,4
TRGP,2022-05-09,2022-05-31,2022-06-02,2-3%,-2.173,73.9038,75.3945,tp_gap_filled,220.4717,16293.7,2.017,328.66,2
WDAY,2022-05-27,2022-05-31,2022-06-02,5-10%,-7.006,156.5264,167.9818,tp_gap_filled,104.0444,16285.7,7.319,1191.88,2
FDS,2022-06-01,2022-06-02,2022-06-03,2-3%,-2.837,371.321,381.3982,tp_gap_filled,44.3301,16460.7,2.714,446.73,1
MTB,2022-05-31,2022-06-01,2022-06-06,2-3%,-2.384,176.6665,180.6192,tp_gap_filled,91.3093,16131.29,2.237,360.92,3
AMT,2022-06-02,2022-06-03,2022-06-06,2-3%,-2.574,246.3061,252.3074,tp_gap_filled,66.2683,16322.29,2.437,397.7,1
RTX,2022-04-26,2022-04-27,2022-06-07,2-3%,-2.721,96.9969,99.5104,tp_gap_filled,161.1086,15627.03,2.591,404.94,28
DG,2022-05-17,2022-05-26,2022-06-07,3-5%,-3.442,226.3361,233.9358,tp_gap_filled,70.8869,16044.26,3.358,538.72,7
ANET,2022-05-09,2022-05-13,2022-06-10,2-3%,-2.018,27.2122,24.1946,stop,576.7865,15695.62,-11.089,-1740.49,19
CFG,2022-04-26,2022-05-04,2022-06-13,2-3%,-2.087,40.8508,36.3209,stop,402.9522,16460.93,-11.089,-1825.35,27
BALL,2022-05-06,2022-05-17,2022-06-13,2-3%,-2.565,74.9048,66.5986,stop,213.2207,15971.26,-11.089,-1771.05,18
BKR,2022-03-28,2022-05-31,2022-06-13,2-3%,-2.066,37.9579,33.7488,stop,429.6541,16308.77,-11.089,-1808.48,9
PSKY,2022-04-20,2022-05-31,2022-06-13,5-10%,-5.017,34.4945,25.5004,stop,472.4321,16296.29,-26.074,-4249.09,9
DAL,2022-05-31,2022-06-01,2022-06-13,3-5%,-3.599,40.7507,34.1964,stop,396.5446,16159.47,-16.084,-2599.09,8
F,2022-05-09,2022-06-01,2022-06-13,2-3%,-2.533,13.8639,12.3265,stop,1164.429,16143.47,-11.089,-1790.15,8
MSCI,2022-04-26,2022-06-02,2022-06-13,2-3%,-2.661,450.45,400.4996,stop,36.6832,16523.95,-11.089,-1832.34,7
ADBE,2022-06-03,2022-06-06,2022-06-13,2-3%,-2.395,431.1407,383.3315,stop,37.9359,16355.72,-11.089,-1813.69,5
BX,2022-06-06,2022-06-07,2022-06-13,2-3%,-2.752,118.128,105.0288,stop,139.6925,16501.6,-11.089,-1829.86,4
AJG,2022-06-13,2022-06-14,2022-06-15,2-3%,-2.183,149.8097,152.847,tp_gap_filled,99.5756,14917.38,2.027,302.44,1
FERG,2022-05-18,2022-05-27,2022-06-16,2-3%,-2.618,120.2802,106.9423,stop,138.754,16689.35,-11.089,-1850.68,13
DECK,2022-05-05,2022-06-02,2022-06-16,2-3%,-2.189,45.5405,40.4905,stop,361.4768,16461.83,-11.089,-1825.45,10
AAPL,2022-06-03,2022-06-06,2022-06-16,2-3%,-2.85,147.0469,130.7409,stop,111.2508,16359.08,-11.089,-1814.06,8
AAPL,2022-06-16,2022-06-17,2022-06-21,2-3%,-2.474,132.2121,135.2946,tp_gap_filled,111.2858,14713.33,2.331,343.04,1
ABT,2022-06-16,2022-06-17,2022-06-21,2-3%,-2.29,102.5024,104.6952,tp_gap_filled,143.5177,14710.91,2.139,314.71,1
AON,2022-06-16,2022-06-17,2022-06-21,2-3%,-2.121,248.0078,252.8769,tp_gap_filled,59.3169,14711.04,1.963,288.82,1
TTWO,2022-06-10,2022-06-13,2022-06-22,2-3%,-2.113,126.6265,129.1008,tp_gap_filled,118.4426,14997.97,1.954,293.06,6
ACN,2022-06-13,2022-06-14,2022-06-22,3-5%,-3.269,276.9367,285.724,tp_gap_filled,53.8836,14922.34,3.173,473.49,5
AMT,2022-06-13,2022-06-21,2022-06-22,2-3%,-2.394,245.245,250.759,tp_gap_filled,60.9912,14957.78,2.248,336.3,1
UNH,2022-05-27,2022-05-31,2022-06-23,2-3%,-2.236,491.491,501.7278,tp_gap_filled,33.1234,16279.86,2.083,339.08,16
MRSH,2022-06-10,2022-06-13,2022-06-23,2-3%,-2.15,149.8597,152.847,tp_gap_filled,100.3105,15032.5,1.993,299.66,7
TPL,2022-06-10,2022-06-13,2022-06-23,3-5%,-3.349,184.8369,155.1077,stop,81.2394,15016.03,-16.084,-2415.18,7
ADM,2022-06-13,2022-06-14,2022-06-23,2-3%,-2.137,82.9529,73.7542,stop,179.85,14919.08,-11.089,-1654.38,6
ANET,2022-06-13,2022-06-14,2022-06-23,3-5%,-3.928,22.8303,23.7163,tp_gap_filled,653.9407,14929.67,3.881,579.36,6
INTU,2022-06-10,2022-06-22,2022-06-23,2-3%,-2.534,390.7904,400.1494,tp_gap_filled,38.3393,14982.63,2.395,358.82,1
SYY,2022-06-10,2022-06-13,2022-06-24,2-3%,-2.061,80.8708,82.4075,tp_gap_filled,185.7776,15023.98,1.9,285.49,8
TFC,2022-06-10,2022-06-13,2022-06-24,2-3%,-2.18,46.7167,47.6623,tp_gap_filled,321.4453,15016.85,2.024,303.97,8
ALL,2022-06-13,2022-06-14,2022-06-24,2-3%,-2.368,121.7616,124.4654,tp_gap_filled,122.6062,14928.73,2.221,331.5,7
AMAT,2022-06-16,2022-06-21,2022-06-24,2-3%,-2.7,94.8848,97.3226,tp_gap_filled,157.6257,14956.28,2.569,384.26,3
CCI,2022-06-13,2022-06-22,2022-06-24,2-3%,-2.021,169.3292,172.4773,tp_gap_filled,88.5265,14990.11,1.859,278.7,2
CIEN,2022-06-10,2022-06-23,2022-06-24,2-3%,-2.139,45.8058,46.7132,tp_gap_filled,328.2642,15036.39,1.981,297.89,1
CTAS,2022-06-13,2022-06-23,2022-06-24,2-3%,-2.017,91.8918,93.5963,tp_gap_filled,163.499,15024.22,1.855,278.69,1
DDOG,2022-06-10,2022-06-23,2022-06-24,2-3%,-2.649,100.9959,103.5364,tp_gap_filled,148.7467,15022.8,2.515,377.89,1
CMI,2022-06-22,2022-06-23,2022-06-27,2-3%,-2.258,191.9518,195.9938,tp_gap_filled,78.3533,15040.05,2.106,316.71,2
DHR,2022-06-10,2022-06-23,2022-06-27,2-3%,-2.01,225.012,229.1678,tp_gap_filled,66.7557,15020.84,1.847,277.42,2
ACN,2022-06-23,2022-06-24,2022-06-27,3-5%,-3.631,276.276,286.1136,tp_gap_filled,55.6648,15378.86,3.561,547.61,1
AES,2022-06-10,2022-06-24,2022-06-27,2-3%,-2.088,21.1211,21.5284,tp_gap_filled,730.4703,15428.34,1.929,297.56,1
APH,2022-06-16,2022-06-24,2022-06-27,2-3%,-2.495,16.1336,16.5135,tp_gap_filled,956.7361,15435.61,2.354,363.42,1
ARE,2022-06-13,2022-06-24,2022-06-27,2-3%,-2.481,142.8027,146.1437,tp_gap_filled,108.2167,15453.63,2.34,361.56,1
CNC,2022-05-26,2022-05-27,2022-06-28,3-5%,-3.892,82.072,85.2247,tp_gap_filled,201.5812,16544.17,3.841,635.53,20
HIG,2022-06-16,2022-06-22,2022-06-28,2-3%,-2.044,65.7257,66.963,tp_gap_filled,228.0144,14986.4,1.883,282.12,4
CF,2022-06-22,2022-06-23,2022-06-28,3-5%,-3.362,87.7677,90.6393,tp_gap_filled,171.788,15077.44,3.272,493.31,3
BAX,2022-06-24,2022-06-27,2022-06-28,2-3%,-2.044,63.8137,65.0149,tp_gap_filled,241.555,15414.53,1.882,290.15,1
CTVA,2022-06-22,2022-06-27,2022-06-28,2-3%,-2.998,53.7637,55.3146,tp_gap_filled,287.085,15434.76,2.885,445.25,1
BBY,2022-06-07,2022-06-08,2022-06-30,3-5%,-3.28,76.7467,64.4027,stop,212.2967,16293.07,-16.084,-2620.58,15
CL,2022-04-29,2022-05-09,2022-07-01,3-5%,-4.285,77.8177,81.1388,tp_gap_filled,199.6929,15539.65,4.268,663.19,37
BLDR,2022-06-16,2022-06-24,2022-07-01,3-5%,-4.165,53.2032,55.4045,tp_gap_filled,290.6358,15462.74,4.138,639.8,5
DASH,2022-06-29,2022-06-30,2022-07-01,2-3%,-2.046,66.1361,67.3825,tp_gap_filled,224.6667,14858.57,1.885,280.04,1
BKR,2022-06-16,2022-06-21,2022-07-05,2-3%,-2.899,30.8508,27.4298,stop,484.9481,14961.05,-11.089,-1659.03,9
APP,2022-06-10,2022-06-24,2022-07-05,3-5%,-3.176,39.059,32.7768,stop,395.4555,15446.1,-16.084,-2484.35,6
CMG,2022-06-10,2022-06-27,2022-07-05,2-3%,-2.275,26.7954,27.3644,tp_gap_filled,576.1388,15437.85,2.124,327.85,5
PODD,2022-05-31,2022-06-01,2022-07-06,10%+,-10.582,210.5303,234.9748,tp_gap_filled,76.6384,16134.71,11.611,1873.38,23
MU,2022-07-01,2022-07-05,2022-07-06,3-5%,-3.6,53.3433,55.2247,tp_gap_filled,282.7618,15083.45,3.527,532.0,1
WDAY,2022-06-30,2022-07-05,2022-07-06,2-3%,-2.044,143.4633,146.1637,tp_gap_filled,105.3683,15116.49,1.882,284.53,1
BNY,2022-06-30,2022-07-01,2022-07-07,2-3%,-2.028,41.5915,42.3676,tp_gap_filled,362.6521,15083.26,1.866,281.43,3
CFG,2022-06-30,2022-07-01,2022-07-07,2-3%,-2.325,35.3253,36.0939,tp_gap_filled,427.2655,15093.28,2.176,328.39,3
ANET,2022-07-05,2022-07-06,2022-07-07,2-3%,-2.248,22.8503,23.3291,tp_gap_filled,661.601,15117.8,2.095,316.79,1
APP,2022-07-05,2022-07-06,2022-07-07,2-3%,-2.487,34.1441,34.945,tp_gap_filled,443.9317,15157.65,2.346,355.55,1
BKR,2022-07-05,2022-07-06,2022-07-07,3-5%,-3.438,28.1181,29.0609,tp_gap_filled,539.9848,15183.34,3.353,509.11,1
AMAT,2022-07-01,2022-07-07,2022-07-08,2-3%,-2.484,88.8087,90.889,tp_gap_filled,172.8147,15347.45,2.342,359.51,1
SHW,2022-06-13,2022-07-05,2022-07-12,2-3%,-2.413,241.6914,247.1726,tp_gap_filled,62.5399,15115.37,2.268,342.79,5
KLAC,2022-07-01,2022-07-07,2022-07-12,2-3%,-2.959,30.995,31.8761,tp_gap_filled,495.5933,15360.9,2.843,436.68,3
ADSK,2022-06-10,2022-06-24,2022-07-13,2-3%,-2.676,190.0298,168.9574,stop,81.1541,15421.71,-11.089,-1710.11,12
CF,2022-07-11,2022-07-12,2022-07-13,2-3%,-2.035,84.3342,85.914,tp_gap_filled,178.7941,15078.47,1.873,282.45,1
HON,2022-02-03,2022-04-21,2022-07-14,3-5%,-3.561,198.0502,166.1958,stop,81.2805,16097.62,-16.084,-2589.14,57
MOS,2022-07-12,2022-07-13,2022-07-14,2-3%,-2.004,44.064,44.8751,tp_gap_filled,339.9124,14977.91,1.841,275.69,1
C,2022-06-10,2022-06-28,2022-07-15,2-3%,-2.502,48.7687,49.92,tp_gap_filled,310.9831,15166.25,2.361,358.04,12
FERG,2022-06-30,2022-07-07,2022-07-15,2-3%,-2.036,111.7416,113.836,tp_gap_filled,137.4484,15358.71,1.874,287.87,6
ADSK,2022-07-13,2022-07-14,2022-07-15,3-5%,-3.093,167.167,172.1577,tp_gap_filled,89.0584,14887.62,2.985,444.46,1
AMAT,2022-07-13,2022-07-14,2022-07-15,2-3%,-2.479,86.6165,88.6413,tp_gap_filled,172.0096,14898.88,2.338,348.28,1
ABBV,2022-07-14,2022-07-15,2022-07-18,2-3%,-2.143,149.0389,151.9978,tp_gap_filled,102.2273,15235.84,1.985,302.49,1
AFL,2022-07-14,2022-07-15,2022-07-18,2-3%,-2.418,53.3233,54.5354,tp_gap_filled,286.0186,15251.45,2.273,346.69,1
AOS,2022-07-14,2022-07-15,2022-07-18,2-3%,-2.685,54.054,55.4345,tp_gap_filled,282.3261,15260.86,2.554,389.75,1
AWK,2022-07-14,2022-07-15,2022-07-18,2-3%,-2.061,145.115,147.872,tp_gap_filled,105.3323,15285.29,1.9,290.4,1
CTVA,2022-07-05,2022-07-07,2022-07-19,2-3%,-2.457,52.8428,54.0659,tp_gap_filled,290.6477,15358.64,2.315,355.49,8
OTIS,2022-07-07,2022-07-08,2022-07-19,3-5%,-3.663,68.7187,71.1887,tp_gap_filled,222.8375,15313.09,3.594,550.43,7
HD,2022-06-10,2022-07-12,2022-07-19,2-3%,-2.788,291.7915,299.5601,tp_gap_filled,51.6975,15084.88,2.662,401.62,5
ADI,2022-06-10,2022-07-18,2022-07-19,2-3%,-2.017,158.5084,161.4484,tp_gap_filled,95.9181,15203.81,1.855,282.0,1
EXE,2022-06-30,2022-07-18,2022-07-19,2-3%,-2.31,85.085,86.923,tp_gap_filled,178.5673,15193.4,2.16,328.21,1
FSLR,2022-07-15,2022-07-18,2022-07-19,3-5%,-4.575,67.8578,70.969,tp_gap_filled,224.044,15203.13,4.585,697.04,1
HBAN,2022-06-10,2022-07-18,2022-07-19,2-3%,-2.064,12.8228,13.0669,tp_gap_filled,1185.1377,15196.8,1.904,289.3,1
SCHW,2022-04-18,2022-04-19,2022-07-20,5-10%,-7.795,76.3763,62.7672,time_exit,213.8217,16330.91,-17.819,-2909.93,63
NEM,2022-04-22,2022-04-25,2022-07-20,5-10%,-7.566,71.3012,52.7101,stop,222.0974,15835.82,-26.074,-4129.03,59
ADBE,2022-06-13,2022-06-15,2022-07-20,3-5%,-4.184,377.7373,393.4462,tp_gap_filled,39.9257,15081.42,4.159,627.18,23
AXON,2022-06-10,2022-06-28,2022-07-20,2-3%,-2.811,98.2982,100.939,tp_gap_filled,154.6476,15201.58,2.686,408.39,15
BKR,2022-07-11,2022-07-19,2022-07-20,2-3%,-2.037,27.9179,24.8221,stop,559.8818,15630.72,-11.089,-1733.29,1
IRM,2022-07-14,2022-07-19,2022-07-20,2-3%,-2.141,46.2062,47.1228,tp_gap_filled,338.424,15637.27,1.984,310.22,1
BEN,2022-06-10,2022-06-24,2022-07-21,2-3%,-2.534,25.025,25.6243,tp_gap_filled,617.6325,15456.25,2.395,370.18,18
A,2022-06-10,2022-06-27,2022-07-21,2-3%,-2.022,121.7516,124.0159,tp_gap_filled,126.703,15426.3,1.86,286.88,17
AVY,2022-06-10,2022-07-19,2022-07-21,2-3%,-2.351,170.0299,173.776,tp_gap_filled,91.9001,15625.76,2.203,344.27,2
LMT,2022-07-19,2022-07-20,2022-07-21,2-3%,-2.184,379.1988,386.8927,tp_gap_filled,41.3016,15661.54,2.029,317.77,1
ESS,2022-06-13,2022-06-27,2022-07-22,2-3%,-2.285,264.9847,270.6391,tp_gap_filled,58.2649,15439.31,2.134,329.45,18
INVH,2022-07-12,2022-07-13,2022-07-22,3-5%,-4.959,34.7247,36.4635,tp_gap_filled,431.0909,14969.5,5.007,749.59,7
GWW,2022-07-13,2022-07-19,2022-07-22,2-3%,-2.008,465.1146,473.6958,tp_gap_filled,33.6183,15636.36,1.845,288.49,3
LOW,2022-06-10,2022-07-19,2022-07-22,2-3%,-2.563,189.4893,194.0857,tp_gap_filled,82.536,15639.68,2.426,379.37,3
MA,2022-06-10,2022-07-19,2022-07-22,2-3%,-2.198,341.6713,348.651,tp_gap_filled,45.7683,15637.73,2.043,319.45,3
FIX,2022-06-10,2022-07-20,2022-07-22,2-3%,-2.15,89.7597,91.5484,tp_gap_filled,174.492,15662.35,1.993,312.11,2
ABT,2022-07-20,2022-07-21,2022-07-22,2-3%,-2.674,107.097,109.8201,tp_gap_filled,147.6274,15810.45,2.543,402.0,1
ANET,2022-07-20,2022-07-21,2022-07-22,2-3%,-2.616,25.528,26.1613,tp_gap_filled,619.971,15826.62,2.481,392.63,1
EFX,2022-04-21,2022-04-22,2022-07-25,5-10%,-6.924,206.2861,197.9618,time_exit,76.5322,15787.52,-4.035,-637.07,63
ADM,2022-07-05,2022-07-07,2022-07-25,2-3%,-2.356,74.6846,76.3336,tp_gap_filled,205.523,15349.4,2.208,338.9,12
CVS,2022-07-21,2022-07-22,2022-07-25,2-3%,-2.764,92.6125,95.0549,tp_gap_filled,169.5021,15698.02,2.637,413.98,1
EXE,2022-07-21,2022-07-22,2022-07-25,3-5%,-4.202,88.088,91.7681,tp_gap_filled,178.3012,15706.2,4.178,656.17,1
CVNA,2022-07-21,2022-07-22,2022-07-26,2-3%,-2.009,5.3714,4.7757,stop,2927.9038,15726.84,-11.089,-1743.95,2
AVGO,2022-06-16,2022-06-27,2022-07-27,2-3%,-2.802,51.2462,52.6183,tp_gap_filled,300.9258,15421.3,2.678,412.91,21
EMR,2022-06-16,2022-06-28,2022-07-27,2-3%,-2.527,83.3833,85.3745,tp_gap_filled,181.3701,15123.24,2.388,361.15,20
MAR,2022-06-16,2022-07-19,2022-07-27,3-5%,-3.198,149.9999,154.6452,tp_gap_filled,104.2385,15635.76,3.097,484.22,6
MCHP,2022-06-10,2022-07-20,2022-07-27,2-3%,-2.026,65.3453,66.5634,tp_gap_filled,240.0841,15688.36,1.864,292.44,5
CMG,2022-07-21,2022-07-22,2022-07-27,2-3%,-2.194,26.9213,27.4701,tp_gap_filled,584.2291,15728.2,2.039,320.63,3
LRCX,2022-07-25,2022-07-26,2022-07-27,2-3%,-2.959,45.071,46.3526,tp_gap_filled,342.3528,15430.19,2.843,438.75,1
MCO,2022-06-01,2022-06-02,2022-07-28,5-10%,-9.925,271.9117,301.2684,tp_gap_filled,60.6086,16480.19,10.796,1779.27,38
APD,2022-06-30,2022-07-01,2022-07-28,2-3%,-2.254,237.8876,242.8869,tp_gap_filled,63.3618,15073.0,2.102,316.76,18
BRK-B,2022-06-13,2022-07-20,2022-07-28,2-3%,-2.153,285.7154,291.4183,tp_gap_filled,54.8264,15664.76,1.996,312.67,6
IDXX,2022-07-25,2022-07-26,2022-07-28,3-5%,-3.095,381.7113,393.1165,tp_gap_filled,40.4404,15436.54,2.988,461.23,2
BBY,2022-07-26,2022-07-27,2022-07-28,3-5%,-3.732,73.083,75.7642,tp_gap_filled,216.3554,15811.91,3.669,580.08,1
COST,2022-07-26,2022-07-27,2022-07-28,2-3%,-2.672,515.515,528.6109,tp_gap_filled,30.6873,15819.75,2.54,401.88,1
CRH,2022-07-26,2022-07-27,2022-07-28,2-3%,-2.146,35.6056,36.3136,tp_gap_filled,444.5008,15826.71,1.989,314.74,1
CVNA,2022-07-26,2022-07-27,2022-07-28,3-5%,-4.841,4.8008,5.035,tp_gap_filled,3301.481,15849.74,4.878,773.09,1
LYV,2022-06-10,2022-07-20,2022-07-29,2-3%,-2.236,91.9118,93.8261,tp_gap_filled,170.6374,15683.59,2.083,326.64,7
APO,2022-06-10,2022-07-21,2022-07-29,3-5%,-3.406,54.7847,56.6033,tp_gap_filled,289.2494,15846.45,3.32,526.03,6
AMP,2022-06-10,2022-07-28,2022-07-29,2-3%,-2.416,259.5393,265.4343,tp_gap_filled,61.5769,15981.62,2.271,363.0,1
ARES,2022-06-10,2022-07-28,2022-07-29,2-3%,-2.54,68.7487,70.3995,tp_gap_filled,232.5555,15987.88,2.401,383.91,1
CEG,2022-07-14,2022-07-28,2022-07-29,2-3%,-2.558,58.3483,59.7602,tp_gap_filled,274.3617,16008.54,2.42,387.37,1
DECK,2022-07-26,2022-07-28,2022-07-29,2-3%,-2.497,47.3606,48.4765,tp_gap_filled,339.2188,16065.62,2.356,378.51,1
FLEX,2022-06-10,2022-07-28,2022-07-29,2-3%,-2.018,12.454,12.6851,tp_gap_filled,1290.6138,16073.36,1.855,298.23,1
ALGN,2022-04-28,2022-04-29,2022-08-01,10%+,-21.76,282.282,282.5372,time_exit,55.7913,15748.87,0.09,14.24,63
CAH,2022-05-05,2022-05-06,2022-08-01,5-10%,-9.01,55.095,60.4295,tp_gap_filled,289.8825,15971.09,9.682,1546.37,58
AMD,2022-06-13,2022-07-21,2022-08-01,3-5%,-3.754,91.3513,94.7252,tp_gap_filled,173.2667,15828.13,3.693,584.59,7
MU,2022-07-22,2022-07-25,2022-08-01,3-5%,-3.693,61.3513,63.5764,tp_gap_filled,255.9456,15702.6,3.627,569.5,5
DASH,2022-07-26,2022-07-27,2022-08-01,2-3%,-2.439,70.08,71.6882,tp_gap_filled,226.9062,15901.59,2.295,364.92,3
ALLE,2022-06-13,2022-07-28,2022-08-01,2-3%,-2.082,104.9949,107.0129,tp_gap_filled,152.2464,15985.1,1.922,307.23,2
DLTR,2022-07-26,2022-07-28,2022-08-01,3-5%,-3.408,162.8427,168.2516,tp_gap_filled,98.6948,16071.72,3.322,533.83,2
APTV,2022-06-10,2022-07-29,2022-08-01,2-3%,-2.537,104.6045,107.1128,tp_gap_filled,154.5876,16170.56,2.398,387.75,1
NOW,2022-07-28,2022-07-29,2022-08-01,3-5%,-3.872,86.3322,89.6303,tp_gap_filled,187.455,16183.41,3.82,618.23,1
MRVL,2022-06-10,2022-07-29,2022-08-02,2-3%,-2.231,55.2752,56.4235,tp_gap_filled,292.7074,16179.46,2.077,336.12,2
DXCM,2022-07-29,2022-08-01,2022-08-02,10%+,-10.047,78.3282,86.903,tp_gap_filled,206.7126,16191.44,10.947,1772.51,1
KLAC,2022-07-29,2022-08-01,2022-08-02,2-3%,-2.146,36.2402,36.961,tp_gap_filled,447.4297,16214.94,1.989,322.51,1
COIN,2022-07-21,2022-07-22,2022-08-03,5-10%,-5.673,71.071,75.1947,tp_gap_filled,221.3096,15728.7,5.802,912.62,8
CVNA,2022-08-01,2022-08-02,2022-08-03,2-3%,-2.093,5.7137,5.8242,tp_gap_filled,2833.703,16190.95,1.933,313.02,1
CRL,2022-04-25,2022-05-04,2022-08-04,5-10%,-5.853,257.307,227.4124,time_exit,64.0063,16469.27,-11.618,-1913.45,63
AKAM,2022-05-04,2022-05-05,2022-08-05,10%+,-12.961,99.1491,96.1837,time_exit,163.0918,16170.4,-2.991,-483.62,63
AMD,2022-08-03,2022-08-04,2022-08-05,3-5%,-4.492,94.9248,99.1907,tp_gap_filled,171.4797,16277.68,4.494,731.51,1
CPAY,2022-06-16,2022-06-28,2022-08-08,2-3%,-2.819,223.2731,229.2905,tp_gap_filled,67.8545,15150.09,2.695,408.31,28
CHTR,2022-07-28,2022-07-29,2022-08-08,5-10%,-6.799,444.0236,475.4641,tp_gap_filled,36.4216,16172.03,7.081,1145.11,6
DE,2022-06-10,2022-07-29,2022-08-08,2-3%,-2.447,337.2169,344.9847,tp_gap_filled,47.9511,16169.93,2.303,372.47,6
PSA,2022-07-29,2022-08-01,2022-08-08,3-5%,-3.812,324.5742,336.7629,tp_gap_filled,50.0705,16251.59,3.755,610.29,5
CEG,2022-08-04,2022-08-05,2022-08-08,2-3%,-2.471,65.5755,67.1028,tp_gap_filled,249.9799,16392.56,2.329,381.8,1
CRWD,2022-08-04,2022-08-05,2022-08-08,2-3%,-2.053,47.8753,48.7812,tp_gap_filled,343.9195,16465.26,1.892,311.54,1
DVA,2022-05-06,2022-05-09,2022-08-09,5-10%,-9.575,96.7967,89.1907,time_exit,160.5289,15538.66,-7.858,-1220.98,63
EXE,2022-08-01,2022-08-03,2022-08-09,2-3%,-2.103,92.2822,94.0758,tp_gap_filled,177.2745,16359.28,1.944,317.97,4
APP,2022-08-05,2022-08-08,2022-08-09,2-3%,-2.361,35.1852,35.964,tp_gap_filled,469.0969,16505.24,2.214,365.36,1
COIN,2022-08-05,2022-08-08,2022-08-09,2-3%,-2.61,86.6666,88.8111,tp_gap_filled,191.4263,16590.26,2.474,410.52,1
AXP,2022-06-10,2022-07-22,2022-08-10,2-3%,-2.311,157.4173,160.819,tp_gap_filled,100.2147,15775.53,2.161,340.91,13
BAC,2022-06-10,2022-07-22,2022-08-10,2-3%,-2.405,33.7137,34.4755,tp_gap_filled,467.4899,15760.81,2.26,356.14,13
BX,2022-06-13,2022-07-28,2022-08-10,5-10%,-5.064,102.2822,107.5224,tp_gap_filled,156.5034,16007.51,5.123,820.11,9
AMZN,2022-04-29,2022-07-29,2022-08-10,10%+,-10.199,129.9788,144.4519,tp_gap_filled,124.2507,16149.97,11.135,1798.29,8
CFG,2022-08-01,2022-08-02,2022-08-10,2-3%,-2.028,37.2372,37.932,tp_gap_filled,435.0033,16198.31,1.866,302.25,6
EXPD,2022-08-02,2022-08-03,2022-08-10,3-5%,-3.165,103.2131,106.3735,tp_gap_filled,158.457,16354.84,3.062,500.79,5
ADSK,2022-08-05,2022-08-08,2022-08-10,2-3%,-2.469,216.6765,221.7181,tp_gap_filled,76.1021,16489.54,2.327,383.68,2
STX,2022-07-22,2022-07-25,2022-08-11,10%+,-10.298,75.075,83.5264,tp_gap_filled,209.0223,15692.35,11.257,1766.53,13
HPE,2022-06-10,2022-08-01,2022-08-11,2-3%,-2.044,14.3944,14.6653,tp_gap_filled,1126.317,16212.64,1.882,305.16,8
ALGN,2022-08-05,2022-08-08,2022-08-11,2-3%,-2.353,287.1068,293.4363,tp_gap_filled,57.4689,16499.72,2.205,363.75,3
AIG,2022-06-10,2022-08-10,2022-08-11,2-3%,-2.845,54.3443,55.8241,tp_gap_filled,308.0124,16738.71,2.723,455.81,1
ALL,2022-07-14,2022-08-10,2022-08-11,2-3%,-2.475,123.8437,126.7331,tp_gap_filled,135.2077,16744.62,2.333,390.67,1
AMAT,2022-08-09,2022-08-10,2022-08-11,3-5%,-3.784,103.8537,107.7222,tp_gap_filled,161.2304,16744.38,3.725,623.71,1
CCL,2022-08-09,2022-08-10,2022-08-11,2-3%,-2.997,9.7197,10.0,tp_gap_filled,1732.1299,16835.8,2.884,485.48,1
COIN,2022-08-09,2022-08-10,2022-08-11,3-5%,-4.213,93.9839,97.922,tp_gap_filled,179.516,16871.61,4.19,706.95,1
CVNA,2022-08-09,2022-08-10,2022-08-11,3-5%,-3.465,8.979,9.2827,tp_gap_filled,1879.1185,16872.55,3.383,570.76,1
FSLR,2022-08-09,2022-08-10,2022-08-11,2-3%,-2.277,104.4143,106.6333,tp_gap_filled,161.7888,16893.06,2.125,359.0,1
AOS,2022-08-01,2022-08-02,2022-08-12,2-3%,-2.039,62.042,63.2067,tp_gap_filled,261.3069,16212.0,1.877,304.36,8
APTV,2022-08-04,2022-08-08,2022-08-12,5-10%,-7.964,101.101,109.6303,tp_gap_filled,164.0213,16582.72,8.436,1398.98,4
ALB,2022-05-31,2022-08-11,2022-08-12,2-3%,-2.152,265.3551,270.6491,tp_gap_filled,63.9867,16979.19,1.995,338.75,1
MU,2022-08-05,2022-08-11,2022-08-12,3-5%,-3.069,62.9229,64.7851,tp_gap_filled,269.7456,16973.16,2.96,502.34,1
OKE,2022-06-13,2022-08-11,2022-08-12,2-3%,-2.688,63.063,64.6753,tp_gap_filled,269.0602,16967.74,2.557,433.79,1
COR,2022-05-12,2022-05-13,2022-08-15,5-10%,-7.818,148.8387,150.6692,time_exit,105.5479,15709.61,1.23,193.2,63
CLX,2022-07-26,2022-07-27,2022-08-15,3-5%,-3.39,142.9028,147.6222,tp_gap_filled,110.719,15822.05,3.303,522.54,13
PG,2022-07-29,2022-08-01,2022-08-15,3-5%,-4.478,141.5714,147.9119,tp_gap_filled,114.7584,16246.51,4.479,727.63,10
CAH,2022-08-11,2022-08-12,2022-08-15,3-5%,-3.41,60.6706,62.6872,tp_gap_filled,283.8465,17221.14,3.324,572.42,1
EG,2022-07-14,2022-07-20,2022-08-16,2-3%,-2.199,271.1108,276.6531,tp_gap_filled,57.7821,15665.35,2.044,320.24,19
EQT,2022-06-13,2022-07-26,2022-08-16,3-5%,-3.065,46.5365,47.912,tp_gap_filled,331.9381,15447.24,2.956,456.6,15
ELV,2022-07-20,2022-08-01,2022-08-16,3-5%,-3.102,482.482,496.9326,tp_gap_filled,33.6372,16229.35,2.995,486.08,11
EMR,2022-08-09,2022-08-10,2022-08-16,2-3%,-2.599,87.7777,89.94,tp_gap_filled,192.5638,16902.8,2.463,416.38,4
FITB,2022-06-10,2022-08-10,2022-08-16,3-5%,-3.248,36.3763,37.5224,tp_gap_filled,464.489,16896.41,3.151,532.35,4
IBM,2022-07-19,2022-08-01,2022-08-17,3-5%,-4.742,131.7116,137.9919,tp_gap_filled,123.0993,16213.6,4.768,773.1,12
MPC,2022-06-16,2022-08-11,2022-08-17,2-3%,-2.386,96.6365,98.8011,tp_gap_filled,175.6347,16972.73,2.24,380.17,4
AIZ,2022-08-03,2022-08-15,2022-08-17,2-3%,-2.658,167.177,171.3984,tp_gap_filled,102.6165,17155.12,2.525,433.19,2
CF,2022-08-15,2022-08-16,2022-08-17,2-3%,-2.937,101.5514,104.4155,tp_gap_filled,169.7924,17242.66,2.82,486.29,1
EXE,2022-08-15,2022-08-16,2022-08-17,3-5%,-3.207,95.1551,98.1118,tp_gap_filled,181.3058,17252.16,3.107,536.07,1
MOS,2022-08-15,2022-08-16,2022-08-17,3-5%,-3.081,53.2132,54.7951,tp_gap_filled,324.8218,17284.8,2.973,513.86,1
TPL,2022-08-15,2022-08-16,2022-08-17,2-3%,-2.961,180.9363,186.0848,tp_gap_filled,95.6221,17301.51,2.845,492.31,1
CSCO,2022-05-19,2022-05-23,2022-08-18,10%+,-10.959,43.1031,48.3116,tp_gap_filled,360.5574,15541.13,12.084,1877.99,60
OKE,2022-08-15,2022-08-16,2022-08-18,2-3%,-2.347,62.9028,64.2856,tp_gap_filled,274.9882,17297.54,2.198,380.26,2
SYY,2022-08-09,2022-08-12,2022-08-19,2-3%,-2.663,84.5144,86.6533,tp_gap_filled,204.739,17303.4,2.531,437.9,5
OXY,2022-08-15,2022-08-16,2022-08-19,3-5%,-3.53,63.4734,65.6643,tp_gap_filled,272.5736,17301.18,3.452,597.17,3
GM,2022-08-17,2022-08-18,2022-08-19,2-3%,-2.052,38.2282,38.951,tp_gap_filled,451.4767,17259.14,1.891,326.34,1
BXP,2022-06-13,2022-06-28,2022-08-22,2-3%,-2.249,94.8347,84.3185,stop,160.1162,15184.58,-11.089,-1683.82,38
FCX,2022-08-15,2022-08-16,2022-08-23,3-5%,-4.396,30.2602,31.5884,tp_gap_filled,570.4951,17263.31,4.389,757.7,5
COP,2022-06-16,2022-08-18,2022-08-23,3-5%,-3.951,105.115,109.2207,tp_gap_filled,164.2284,17262.87,3.906,674.27,3
DE,2022-08-19,2022-08-22,2022-08-23,2-3%,-2.544,358.9886,367.622,tp_gap_filled,46.2905,16617.77,2.405,399.64,1
KMI,2022-06-13,2022-08-11,2022-08-24,2-3%,-2.312,18.6086,19.011,tp_gap_filled,912.1216,16973.3,2.162,367.02,9
CVX,2022-06-16,2022-07-29,2022-08-25,2-3%,-2.63,160.0999,164.0957,tp_gap_filled,100.9217,16157.55,2.496,403.26,19
STLD,2022-06-08,2022-08-11,2022-08-25,2-3%,-2.027,84.1641,85.7342,tp_gap_filled,201.8053,16984.76,1.866,316.85,10
CRWD,2022-08-17,2022-08-18,2022-08-25,2-3%,-2.001,49.1491,50.0524,tp_gap_filled,351.2086,17261.59,1.838,317.25,5
AXP,2022-08-22,2022-08-23,2022-08-25,2-3%,-2.009,159.139,162.0778,tp_gap_filled,104.7782,16674.29,1.847,307.92,2
CCL,2022-08-19,2022-08-24,2022-08-25,2-3%,-2.967,10.1501,10.4395,tp_gap_filled,1650.4041,16751.83,2.851,477.64,1
NVDA,2022-08-05,2022-08-15,2022-08-26,2-3%,-2.108,18.8288,16.7409,stop,911.1649,17156.15,-11.089,-1902.45,9
ALGN,2022-08-22,2022-08-25,2022-08-26,2-3%,-2.476,263.4032,269.5502,tp_gap_filled,64.7344,17051.23,2.334,397.92,1
CRH,2022-08-24,2022-08-25,2022-08-26,2-3%,-2.315,37.1671,37.972,tp_gap_filled,459.3284,17071.92,2.166,369.69,1
FCX,2022-08-24,2022-08-25,2022-08-26,2-3%,-2.265,31.1011,31.7582,tp_gap_filled,549.5206,17090.68,2.113,361.11,1
AMD,2022-08-05,2022-08-08,2022-08-29,2-3%,-2.752,101.1511,89.9344,stop,163.2324,16511.13,-11.089,-1830.92,15
APTV,2022-08-17,2022-08-18,2022-08-29,2-3%,-2.36,105.6255,93.9127,stop,163.2159,17239.76,-11.089,-1911.72,7
BLDR,2022-08-17,2022-08-18,2022-08-30,2-3%,-2.037,67.8678,60.3419,stop,254.1099,17245.88,-11.089,-1912.4,8
PFE,2022-07-28,2022-08-01,2022-08-31,2-3%,-2.117,50.9008,45.2565,stop,319.2403,16249.6,-11.089,-1801.92,22
COF,2022-06-10,2022-08-11,2022-09-01,2-3%,-2.933,115.9558,103.0975,stop,146.4061,16976.64,-11.089,-1882.54,15
ABNB,2022-08-17,2022-08-18,2022-09-01,2-3%,-2.053,121.7516,108.2506,stop,141.6165,17242.04,-11.089,-1911.97,10
BX,2022-08-17,2022-08-18,2022-09-01,2-3%,-2.398,105.105,93.4499,stop,164.1277,17250.64,-11.089,-1912.92,10
AXON,2022-08-22,2022-08-23,2022-09-01,2-3%,-2.379,127.7176,113.555,stop,130.7558,16699.82,-11.089,-1851.84,7
DDOG,2022-08-17,2022-08-25,2022-09-01,2-3%,-2.158,111.2011,98.87,stop,153.745,17096.62,-11.089,-1895.84,5
COP,2022-08-31,2022-09-01,2022-09-02,2-3%,-2.398,107.9578,110.3895,tp_gap_filled,147.0498,15875.18,2.252,357.57,1
XOM,2022-08-31,2022-09-01,2022-09-02,2-3%,-2.367,94.124,96.2137,tp_gap_filled,168.6782,15876.68,2.22,352.48,1
FSLR,2022-09-01,2022-09-02,2022-09-06,2-3%,-2.368,124.6545,127.4225,tp_gap_filled,126.6984,15793.53,2.22,350.69,1
DG,2022-08-25,2022-08-26,2022-09-08,3-5%,-3.027,240.2,247.2025,tp_gap_filled,68.663,16492.84,2.915,480.82,8
CCL,2022-08-29,2022-08-30,2022-09-08,2-3%,-2.106,9.7698,9.96,tp_gap_filled,1648.5179,16105.62,1.948,313.66,6
HOOD,2022-08-19,2022-08-26,2022-09-09,3-5%,-3.147,9.8599,10.1598,tp_gap_filled,1667.9122,16445.36,3.042,500.34,9
EXE,2022-08-30,2022-08-31,2022-09-09,3-5%,-3.363,100.3803,103.6662,tp_gap_filled,159.3951,16000.13,3.273,523.76,6
AMAT,2022-09-01,2022-09-02,2022-09-09,2-3%,-2.689,91.6315,93.9759,tp_gap_filled,172.4642,15803.16,2.558,404.32,4
AMD,2022-09-01,2022-09-02,2022-09-09,2-3%,-2.969,82.4323,84.7851,tp_gap_filled,191.6833,15800.91,2.854,450.99,4
CRH,2022-09-01,2022-09-02,2022-09-09,2-3%,-2.649,36.046,36.953,tp_gap_filled,437.9652,15786.9,2.516,397.24,4
COP,2022-09-07,2022-09-08,2022-09-09,2-3%,-2.587,105.9258,108.5214,tp_gap_filled,152.1828,16120.09,2.45,395.0,1
CRWD,2022-09-01,2022-09-08,2022-09-09,2-3%,-2.278,44.6571,45.6068,tp_gap_filled,361.2468,16132.24,2.127,343.09,1
MOS,2022-09-07,2022-09-08,2022-09-09,2-3%,-2.277,52.8328,53.956,tp_gap_filled,305.4162,16135.99,2.126,343.05,1
STX,2022-08-31,2022-09-01,2022-09-12,5-10%,-5.776,65.4754,69.3506,tp_gap_filled,242.4281,15873.08,5.919,939.45,6
ADP,2022-09-08,2022-09-09,2022-09-12,2-3%,-2.081,236.9267,241.4783,tp_gap_filled,69.39,16440.34,1.921,315.83,1
APTV,2022-09-08,2022-09-09,2022-09-12,2-3%,-2.107,90.2402,91.9979,tp_gap_filled,182.3733,16457.4,1.948,320.57,1
BEN,2022-09-08,2022-09-09,2022-09-12,2-3%,-2.303,25.4755,26.0239,tp_gap_filled,647.5611,16496.91,2.153,355.19,1
CASY,2022-09-08,2022-09-09,2022-09-12,3-5%,-3.27,214.3742,221.1786,tp_gap_filled,77.0449,16516.44,3.174,524.25,1
CCL,2022-09-08,2022-09-09,2022-09-12,2-3%,-2.546,9.5796,9.8102,tp_gap_filled,1725.9424,16533.79,2.407,398.02,1
EQT,2022-08-30,2022-09-09,2022-09-12,2-3%,-2.28,48.9189,49.96,tp_gap_filled,339.2532,16595.88,2.128,353.2,1
FCX,2022-08-29,2022-09-09,2022-09-12,2-3%,-2.237,31.5015,32.1578,tp_gap_filled,526.6246,16589.45,2.084,345.64,1
ABNB,2022-09-13,2022-09-14,2022-09-15,3-5%,-4.079,119.8197,124.6652,tp_gap_filled,134.5666,16123.73,4.044,652.04,1
ALB,2022-09-13,2022-09-14,2022-09-15,3-5%,-3.505,286.8466,296.673,tp_gap_filled,56.3574,16165.93,3.426,553.79,1
FIS,2022-08-04,2022-08-10,2022-09-16,3-5%,-3.342,100.7507,84.5459,stop,167.7535,16901.28,-16.084,-2718.4,26
TDG,2022-08-18,2022-08-19,2022-09-16,2-3%,-2.335,653.8632,581.3563,stop,26.0112,17007.79,-11.089,-1885.99,19
DDOG,2022-09-01,2022-09-12,2022-09-16,2-3%,-2.925,101.9819,90.6731,stop,163.6062,16684.86,-11.089,-1850.18,4
APP,2022-08-09,2022-08-10,2022-09-20,10%+,-12.606,35.1151,22.1004,stop,477.0261,16750.81,-37.063,-6208.35,28
AMCR,2022-08-18,2022-08-23,2022-09-20,2-3%,-2.229,63.6636,56.6039,stop,262.4184,16706.5,-11.089,-1852.58,19
VZ,2022-08-18,2022-08-19,2022-09-21,2-3%,-2.029,44.4644,39.5338,stop,382.3501,17000.97,-11.089,-1885.24,22
DIS,2022-08-22,2022-08-25,2022-09-21,2-3%,-2.031,117.8177,104.7529,stop,145.075,17092.41,-11.089,-1895.38,18
EXE,2022-09-15,2022-09-16,2022-09-21,2-3%,-2.793,101.7416,104.4554,tp_gap_filled,154.7213,15741.6,2.667,419.88,3
CF,2022-09-19,2022-09-20,2022-09-21,2-3%,-2.302,96.4163,98.4914,tp_gap_filled,160.8478,15508.36,2.152,333.77,1
CRL,2022-08-16,2022-08-17,2022-09-22,3-5%,-4.912,220.7205,185.2198,stop,77.736,17157.93,-16.084,-2759.68,25
LDOS,2022-08-02,2022-08-19,2022-09-22,2-3%,-2.996,102.102,90.7799,stop,166.5505,17005.14,-11.089,-1885.7,23
TRGP,2022-06-10,2022-09-12,2022-09-22,2-3%,-2.051,73.6135,65.4505,stop,226.8332,16698.0,-11.089,-1851.64,8
TAP,2022-08-02,2022-08-11,2022-09-23,3-5%,-4.474,57.067,47.8884,stop,297.39,16971.16,-16.084,-2729.64,30
JPM,2022-06-10,2022-08-15,2022-09-23,2-3%,-2.171,122.7126,109.105,stop,139.8172,17157.33,-11.089,-1902.58,28
FANG,2022-06-16,2022-08-29,2022-09-23,3-5%,-3.468,141.8117,119.0027,stop,114.8008,16280.09,-16.084,-2618.49,18
AES,2022-09-13,2022-09-14,2022-09-23,2-3%,-2.175,27.017,24.0211,stop,598.352,16165.67,-11.089,-1792.61,7
ANET,2022-09-13,2022-09-14,2022-09-23,2-3%,-2.188,30.5355,27.1494,stop,530.5182,16199.64,-11.089,-1796.38,7
ALGN,2022-09-13,2022-09-15,2022-09-23,3-5%,-4.776,255.255,214.1998,stop,62.6551,15993.04,-16.084,-2572.32,6
AXP,2022-09-13,2022-09-15,2022-09-23,2-3%,-2.653,158.2981,140.7445,stop,100.9882,15986.24,-11.089,-1772.71,6
COP,2022-09-15,2022-09-16,2022-09-23,2-3%,-2.183,115.2551,102.4745,stop,136.6644,15751.28,-11.089,-1746.66,5
ABNB,2022-09-16,2022-09-20,2022-09-23,3-5%,-3.143,121.2311,101.7323,stop,128.0831,15527.66,-16.084,-2497.47,3
APP,2022-09-20,2022-09-21,2022-09-23,2-3%,-2.498,22.2722,19.8025,stop,685.8823,15276.14,-11.089,-1693.97,2
HOOD,2022-09-16,2022-09-22,2022-09-23,3-5%,-3.022,10.9209,9.1644,stop,1363.5871,14891.61,-16.084,-2395.17,1
J,2022-08-01,2022-08-12,2022-09-26,3-5%,-3.299,109.9306,92.2493,stop,157.3991,17302.98,-16.084,-2783.01,30
ALB,2022-09-23,2022-09-26,2022-09-27,2-3%,-2.627,265.265,271.8778,tp_gap_filled,54.4768,14450.78,2.493,360.25,1
FSLR,2022-09-23,2022-09-26,2022-09-27,2-3%,-2.345,128.8087,131.6382,tp_gap_filled,111.6901,14386.65,2.197,316.03,1
ON,2022-09-23,2022-09-26,2022-09-27,2-3%,-2.124,63.6436,64.895,tp_gap_filled,225.4368,14347.61,1.966,282.12,1
RCL,2022-09-23,2022-09-26,2022-09-27,3-5%,-3.213,45.5355,46.953,tp_gap_filled,314.6094,14325.89,3.113,445.96,1
CNC,2022-08-26,2022-08-29,2022-09-28,3-5%,-4.502,91.5114,76.7927,stop,177.9069,16280.51,-16.084,-2618.56,21
CCL,2022-09-23,2022-09-26,2022-09-28,3-5%,-4.253,9.2392,9.6304,tp_gap_filled,1563.3109,14443.79,4.233,611.46,2
MPC,2022-09-23,2022-09-26,2022-09-28,3-5%,-3.417,92.7927,95.884,tp_gap_filled,155.0168,14384.43,3.331,479.21,2
NCLH,2022-09-23,2022-09-26,2022-09-28,2-3%,-2.988,13.974,14.3756,tp_gap_filled,1028.1709,14367.62,2.874,412.97,2
HST,2022-09-26,2022-09-27,2022-09-28,2-3%,-2.023,15.5155,15.8042,tp_gap_filled,930.8855,14443.15,1.861,268.73,1
TPL,2022-09-23,2022-09-28,2022-09-29,3-5%,-3.353,191.3022,197.5434,tp_gap_filled,77.2289,14774.05,3.262,482.0,1
CMCSA,2022-07-28,2022-08-11,2022-09-30,5-10%,-8.716,37.1411,27.457,stop,457.173,16979.92,-26.074,-4427.35,35
FCX,2022-09-23,2022-09-26,2022-09-30,3-5%,-4.409,27.1271,28.3217,tp_gap_filled,530.7515,14397.75,4.404,634.01,4
DD,2022-09-23,2022-09-26,2022-10-03,2-3%,-2.019,64.621,65.8211,tp_gap_filled,223.2417,14426.11,1.857,267.91,5
EXE,2022-09-23,2022-09-26,2022-10-03,3-5%,-4.669,94.0239,98.4315,tp_gap_filled,153.288,14412.74,4.688,675.62,5
PSX,2022-09-23,2022-09-28,2022-10-03,3-5%,-3.501,79.4694,82.1877,tp_gap_filled,185.7583,14762.1,3.421,504.95,3
XOM,2022-09-23,2022-09-28,2022-10-03,3-5%,-3.39,87.5875,90.4794,tp_gap_filled,168.86,14790.03,3.302,488.33,3
APA,2022-09-23,2022-09-29,2022-10-03,5-10%,-5.605,35.065,37.0729,tp_gap_filled,415.9054,14583.74,5.726,835.08,2
FANG,2022-09-23,2022-09-29,2022-10-03,3-5%,-4.346,121.161,126.4135,tp_gap_filled,120.3534,14582.14,4.335,632.15,2
DDOG,2022-09-29,2022-09-30,2022-10-03,2-3%,-2.518,87.5875,89.6702,tp_gap_filled,164.0491,14368.65,2.378,341.67,1
EOG,2022-09-23,2022-09-30,2022-10-03,3-5%,-4.09,113.6235,118.2316,tp_gap_filled,126.5158,14375.17,4.056,583.0,1
BLDR,2022-09-13,2022-09-21,2022-10-04,3-5%,-4.364,58.7887,61.3486,tp_gap_filled,259.4078,15250.25,4.354,664.05,9
APTV,2022-09-23,2022-09-26,2022-10-04,2-3%,-2.498,84.7847,86.7831,tp_gap_filled,170.4358,14450.35,2.357,340.61,6
CF,2022-09-23,2022-09-28,2022-10-04,2-3%,-2.984,98.5985,101.4285,tp_gap_filled,149.6378,14754.06,2.87,423.47,4
UAL,2022-09-23,2022-09-28,2022-10-04,2-3%,-2.264,33.7037,34.4156,tp_gap_filled,438.7316,14786.87,2.112,312.33,4
APP,2022-09-29,2022-09-30,2022-10-04,3-5%,-3.556,20.6306,21.3486,tp_gap_filled,698.654,14413.66,3.48,501.65,2
BKNG,2022-09-29,2022-09-30,2022-10-04,2-3%,-2.104,67.6896,69.0061,tp_gap_filled,212.4778,14382.54,1.945,279.73,2
ARES,2022-09-29,2022-10-03,2022-10-04,2-3%,-2.146,63.8938,65.1648,tp_gap_filled,232.8495,14877.65,1.989,295.94,1
COP,2022-09-23,2022-10-03,2022-10-04,3-5%,-4.516,105.1951,109.9499,tp_gap_filled,141.4384,14878.63,4.52,672.52,1
CVX,2022-09-23,2022-10-03,2022-10-04,3-5%,-3.318,149.8997,154.7351,tp_gap_filled,99.4074,14901.14,3.226,480.67,1
DECK,2022-09-30,2022-10-03,2022-10-04,5-10%,-5.432,50.9759,53.7961,tp_gap_filled,292.4362,14907.2,5.532,824.74,1
KLAC,2022-09-30,2022-10-03,2022-10-04,2-3%,-2.504,30.3233,31.0399,tp_gap_filled,492.527,14935.04,2.363,352.96,1
LMT,2022-09-30,2022-10-03,2022-10-04,2-3%,-2.093,382.0116,389.4002,tp_gap_filled,39.1529,14956.87,1.934,289.28,1
LULU,2022-09-30,2022-10-03,2022-10-04,3-5%,-4.853,285.9356,299.9198,tp_gap_filled,52.3894,14980.01,4.891,732.62,1
PHM,2022-09-29,2022-10-03,2022-10-04,2-3%,-2.028,38.6786,39.4006,tp_gap_filled,387.5724,14990.77,1.866,279.8,1
BG,2022-09-23,2022-10-04,2022-10-05,2-3%,-2.378,86.2862,88.2117,tp_gap_filled,177.7815,15340.09,2.232,342.32,1
DAL,2022-09-29,2022-10-04,2022-10-05,2-3%,-2.102,28.8989,29.4605,tp_gap_filled,531.1978,15351.02,1.943,298.34,1
ODFL,2022-09-13,2022-10-04,2022-10-06,3-5%,-3.301,133.5785,137.862,tp_gap_filled,115.3805,15412.35,3.207,494.24,2
DVN,2022-09-15,2022-10-05,2022-10-06,2-3%,-2.744,70.2602,72.0978,tp_gap_filled,218.9385,15382.66,2.615,402.33,1
NVDA,2022-09-13,2022-09-21,2022-10-10,3-5%,-4.847,13.8158,11.5937,stop,1101.6391,15220.03,-16.084,-2447.99,13
MOS,2022-09-23,2022-10-04,2022-10-10,3-5%,-3.503,50.7307,52.4675,tp_gap_filled,303.5361,15398.59,3.424,527.18,4
PSKY,2022-09-23,2022-09-26,2022-10-11,2-3%,-2.923,20.2803,18.0314,stop,707.1169,14340.51,-11.089,-1590.22,11
AZO,2022-08-24,2022-10-05,2022-10-11,2-3%,-2.067,2246.374,2289.1985,tp_gap_filled,6.8479,15382.87,1.906,293.26,4
DAL,2022-10-05,2022-10-06,2022-10-11,2-3%,-2.439,30.03,30.7192,tp_gap_filled,509.7241,15307.01,2.295,351.33,3
TSLA,2022-10-03,2022-10-04,2022-10-12,3-5%,-4.053,254.7545,213.7798,stop,60.6357,15447.22,-16.084,-2484.53,6
ABNB,2022-10-07,2022-10-10,2022-10-12,2-3%,-2.429,108.9789,111.4684,tp_gap_filled,134.9742,14709.33,2.284,336.02,2
AMGN,2022-09-12,2022-10-11,2022-10-12,3-5%,-3.912,238.238,247.4423,tp_gap_filled,61.3224,14609.31,3.863,564.43,1
LITE,2022-08-16,2022-08-17,2022-10-13,5-10%,-5.396,91.091,67.3399,stop,188.3413,17156.2,-26.074,-4473.31,40
NEE,2022-09-15,2022-09-16,2022-10-13,3-5%,-3.87,85.5254,71.7695,stop,183.9874,15735.6,-16.084,-2530.91,19
CDNS,2022-09-13,2022-09-21,2022-10-13,3-5%,-3.051,169.8497,142.5311,stop,89.6759,15231.42,-16.084,-2449.82,16
APP,2022-10-05,2022-10-06,2022-10-13,3-5%,-3.249,20.5705,17.262,stop,743.6486,15297.26,-16.084,-2460.41,5
APA,2022-10-11,2022-10-12,2022-10-13,2-3%,-2.599,40.1401,41.1288,tp_gap_filled,362.0839,14534.08,2.463,358.0,1
COP,2022-10-11,2022-10-12,2022-10-13,2-3%,-2.303,114.2241,116.6832,tp_gap_filled,127.3063,14541.45,2.153,313.06,1
DVN,2022-10-11,2022-10-12,2022-10-13,2-3%,-2.388,68.7387,70.2796,tp_gap_filled,211.675,14550.26,2.242,326.19,1
BAC,2022-10-05,2022-10-06,2022-10-14,2-3%,-2.594,31.5715,32.3476,tp_gap_filled,484.8929,15308.82,2.458,376.32,6
ABNB,2022-10-13,2022-10-14,2022-10-17,3-5%,-4.495,107.4073,112.2376,tp_gap_filled,133.6807,14358.28,4.497,645.72,1
ABT,2022-10-13,2022-10-14,2022-10-17,2-3%,-2.148,98.0279,99.9799,tp_gap_filled,146.551,14366.09,1.991,286.07,1
APTV,2022-10-05,2022-10-06,2022-10-18,2-3%,-2.19,86.2862,88.0419,tp_gap_filled,177.2764,15296.5,2.035,311.24,8
CHRW,2022-10-07,2022-10-10,2022-10-18,2-3%,-2.452,95.1951,97.3925,tp_gap_filled,154.6128,14718.38,2.308,339.75,6
HPQ,2022-10-07,2022-10-13,2022-10-18,2-3%,-2.681,25.7958,26.4535,tp_gap_filled,571.7204,14747.97,2.55,376.05,3
FIX,2022-10-05,2022-10-17,2022-10-18,2-3%,-2.114,104.7446,106.7931,tp_gap_filled,140.5694,14723.89,1.956,287.95,1
DE,2022-09-13,2022-10-11,2022-10-19,2-3%,-2.267,365.9155,373.656,tp_gap_filled,39.9656,14624.04,2.115,309.35,6
VLO,2022-08-30,2022-10-13,2022-10-19,2-3%,-2.017,121.0509,123.2966,tp_gap_filled,121.7798,14741.56,1.855,273.47,4
BKR,2022-07-20,2022-07-22,2022-10-20,5-10%,-9.922,25.4454,25.9241,time_exit,619.2229,15756.39,1.881,296.38,63
FERG,2022-09-15,2022-10-04,2022-10-20,2-3%,-2.061,113.6636,101.0594,stop,135.442,15394.82,-11.089,-1707.13,12
SMCI,2022-09-19,2022-10-04,2022-10-20,5-10%,-6.677,5.8198,6.2238,tp_gap_filled,2651.0995,15428.91,6.941,1070.93,12
WMB,2022-09-23,2022-10-04,2022-10-20,2-3%,-2.599,30.3804,31.1288,tp_gap_filled,508.1072,15436.47,2.464,380.31,12
STLD,2022-09-13,2022-10-13,2022-10-20,2-3%,-2.503,81.4814,83.4065,tp_gap_filled,180.9534,14744.34,2.363,348.35,5
NCLH,2022-09-29,2022-10-18,2022-10-20,2-3%,-2.596,14.2743,14.6254,tp_gap_filled,1043.1417,14890.08,2.46,366.25,2
HOOD,2022-10-07,2022-10-13,2022-10-21,2-3%,-2.328,10.9209,9.7099,stop,1351.6341,14761.07,-11.089,-1636.86,6
VRT,2022-09-16,2022-10-20,2022-10-21,2-3%,-2.765,12.6727,13.007,tp_gap_filled,1163.3554,14742.81,2.638,388.93,1
WYNN,2022-10-19,2022-10-20,2022-10-21,3-5%,-3.693,54.5545,56.5334,tp_gap_filled,270.0249,14731.07,3.627,534.35,1
ABBV,2022-07-29,2022-09-27,2022-10-24,2-3%,-2.878,145.5854,149.6002,tp_gap_filled,99.2953,14455.95,2.758,398.65,19
APO,2022-10-05,2022-10-06,2022-10-24,2-3%,-2.292,50.7907,51.8781,tp_gap_filled,301.1387,15295.06,2.141,327.44,12
OMC,2022-09-13,2022-10-18,2022-10-24,2-3%,-2.181,70.04,71.4585,tp_gap_filled,212.6117,14891.32,2.025,301.59,4
SYF,2022-10-19,2022-10-20,2022-10-24,2-3%,-2.946,31.6616,32.5574,tp_gap_filled,466.2668,14762.77,2.829,417.67,2
CSX,2022-10-20,2022-10-21,2022-10-24,2-3%,-2.149,27.3473,27.8921,tp_gap_filled,549.5871,15029.73,1.992,299.39,1
ADSK,2022-09-13,2022-09-14,2022-10-25,5-10%,-5.057,204.4843,214.9448,tp_gap_filled,79.0038,16155.04,5.116,826.42,29
BIIB,2022-09-29,2022-09-30,2022-10-25,2-3%,-2.646,269.5593,276.3334,tp_gap_filled,53.3727,14387.1,2.513,361.55,17
OKE,2022-09-23,2022-10-04,2022-10-25,3-5%,-3.297,55.7757,57.5624,tp_gap_filled,276.5341,15423.89,3.203,494.07,15
LULU,2022-10-07,2022-10-11,2022-10-25,2-3%,-2.232,303.8535,310.1695,tp_gap_filled,48.1172,14620.59,2.079,303.91,10
CNC,2022-10-07,2022-10-18,2022-10-25,3-5%,-4.1,77.0269,80.1598,tp_gap_filled,193.6613,14917.14,4.067,606.7,5
APP,2022-10-19,2022-10-20,2022-10-25,2-3%,-2.952,18.0981,18.6114,tp_gap_filled,816.5078,14777.22,2.836,419.1,3
FERG,2022-10-21,2022-10-24,2022-10-25,2-3%,-2.065,100.1701,102.0778,tp_gap_filled,152.1323,15239.1,1.905,290.23,1
HUBB,2022-10-19,2022-10-24,2022-10-25,2-3%,-2.955,223.223,229.5602,tp_gap_filled,68.4027,15269.06,2.839,433.48,1
VRSN,2022-09-13,2022-10-05,2022-10-26,2-3%,-2.587,184.3341,188.851,tp_gap_filled,83.4744,15387.18,2.45,377.04,15
TFC,2022-10-18,2022-10-19,2022-10-26,3-5%,-3.759,42.8028,44.3856,tp_gap_filled,346.0848,14813.38,3.698,547.79,5
ULTA,2022-10-19,2022-10-20,2022-10-26,2-3%,-2.217,396.396,404.575,tp_gap_filled,37.2385,14761.19,2.063,304.57,4
EMR,2022-09-13,2022-10-24,2022-10-26,2-3%,-2.162,83.7937,85.4744,tp_gap_filled,181.8576,15238.52,2.006,305.65,2
GE,2022-09-13,2022-10-24,2022-10-26,2-3%,-2.735,45.6879,46.8787,tp_gap_filled,334.1997,15268.87,2.606,397.98,2
BLDR,2022-10-19,2022-10-25,2022-10-26,2-3%,-2.012,59.4894,60.5894,tp_gap_filled,261.2913,15544.07,1.849,287.4,1
FCX,2022-10-24,2022-10-25,2022-10-26,2-3%,-2.841,31.1511,31.998,tp_gap_filled,499.2633,15552.61,2.719,422.8,1
FICO,2022-10-06,2022-10-25,2022-10-26,2-3%,-2.093,431.2008,439.54,tp_gap_filled,36.0882,15561.25,1.934,300.95,1
HCA,2022-09-13,2022-10-25,2022-10-26,2-3%,-2.006,218.1179,222.1376,tp_gap_filled,71.3229,15556.8,1.843,286.7,1
ITW,2022-09-13,2022-10-25,2022-10-26,2-3%,-2.173,203.2731,207.3724,tp_gap_filled,76.488,15547.96,2.017,313.55,1
ZBRA,2022-10-07,2022-10-13,2022-10-27,2-3%,-2.329,274.0938,280.0697,tp_gap_filled,53.7801,14740.78,2.18,321.38,10
ALLE,2022-09-13,2022-10-25,2022-10-27,3-5%,-3.182,98.088,101.1088,tp_gap_filled,158.5002,15546.97,3.08,478.8,2
FLEX,2022-09-13,2022-10-25,2022-10-27,3-5%,-3.344,14.1739,14.6349,tp_gap_filled,1098.0104,15563.11,3.253,506.2,2
AMP,2022-09-13,2022-10-26,2022-10-27,2-3%,-2.392,282.6023,288.9508,tp_gap_filled,55.2225,15606.02,2.246,350.58,1
ANET,2022-10-25,2022-10-26,2022-10-27,3-5%,-3.377,26.7767,27.6573,tp_gap_filled,583.5002,15624.24,3.289,513.81,1
CSGP,2022-09-13,2022-10-26,2022-10-27,2-3%,-2.116,76.8568,78.3616,tp_gap_filled,203.4082,15633.3,1.958,306.09,1
MMM,2022-10-25,2022-10-26,2022-10-27,3-5%,-4.114,95.0029,98.881,tp_gap_filled,164.678,15644.89,4.082,638.62,1
EW,2022-07-29,2022-08-01,2022-10-28,5-10%,-6.757,100.14,74.0295,stop,161.9368,16216.36,-26.074,-4228.25,63
AME,2022-09-13,2022-09-14,2022-10-28,2-3%,-2.302,124.0339,126.7032,tp_gap_filled,130.6407,16203.88,2.152,348.71,32
FDS,2022-09-22,2022-10-04,2022-10-28,3-5%,-4.052,413.423,430.0196,tp_gap_filled,37.2108,15383.79,4.014,617.57,18
CCI,2022-10-20,2022-10-21,2022-10-28,3-5%,-3.749,125.9258,130.5693,tp_gap_filled,119.4277,15039.03,3.687,554.56,5
JCI,2022-09-13,2022-10-25,2022-10-28,2-3%,-2.616,57.3773,58.8011,tp_gap_filled,271.0929,15554.58,2.482,385.99,3
KR,2022-10-14,2022-10-26,2022-10-28,3-5%,-3.049,45.1952,46.5234,tp_gap_filled,346.1006,15642.07,2.939,459.72,2
AIG,2022-09-13,2022-10-27,2022-10-28,2-3%,-2.317,55.2752,56.4735,tp_gap_filled,281.583,15564.56,2.168,337.41,1
CDNS,2022-10-26,2022-10-27,2022-10-28,2-3%,-2.042,148.3782,151.1687,tp_gap_filled,104.6986,15534.99,1.881,292.16,1
NVDA,2022-10-26,2022-10-27,2022-10-28,2-3%,-2.956,12.8819,13.2477,tp_gap_filled,1204.5092,15516.33,2.84,440.69,1
APH,2022-09-13,2022-10-28,2022-10-31,2-3%,-2.042,18.7287,19.0809,tp_gap_filled,841.1521,15753.69,1.88,296.25,1
CTAS,2022-09-13,2022-10-28,2022-10-31,2-3%,-2.003,105.1851,107.1203,tp_gap_filled,149.9223,15769.59,1.84,290.13,1
FISV,2022-10-27,2022-10-28,2022-10-31,5-10%,-5.759,95.9959,101.6582,tp_gap_filled,164.4307,15784.67,5.899,931.06,1
FOX,2022-10-17,2022-10-18,2022-11-01,3-5%,-4.252,27.9479,29.1308,tp_gap_filled,533.3536,14906.12,4.233,630.91,10
A,2022-09-13,2022-10-26,2022-11-01,2-3%,-2.538,136.4563,139.7301,tp_gap_filled,114.332,15601.32,2.399,374.3,4
CL,2022-10-28,2022-10-31,2022-11-01,2-3%,-2.171,71.7116,73.1568,tp_gap_filled,219.2268,15721.11,2.015,316.81,1
CVS,2022-10-07,2022-10-24,2022-11-02,5-10%,-5.478,93.2732,98.4814,tp_gap_filled,163.286,15230.21,5.584,850.43,7
APP,2022-10-26,2022-10-27,2022-11-02,2-3%,-2.766,18.2983,16.2692,stop,850.2662,15558.41,-11.089,-1725.27,4
ACN,2022-09-13,2022-10-28,2022-11-03,2-3%,-2.425,288.3881,256.4087,stop,54.635,15756.07,-11.089,-1747.19,4
MCHP,2022-10-26,2022-10-27,2022-11-04,2-3%,-2.45,62.9629,64.4155,tp_gap_filled,246.6611,15530.5,2.307,358.31,6
AOS,2022-09-13,2022-10-31,2022-11-04,2-3%,-2.314,54.9249,56.1138,tp_gap_filled,286.2546,15722.49,2.165,340.35,4
PSKY,2022-10-31,2022-11-01,2022-11-04,3-5%,-3.049,18.4584,15.4896,stop,856.8797,15816.66,-16.084,-2543.95,3
APD,2022-09-13,2022-11-03,2022-11-04,2-3%,-2.087,258.258,263.2365,tp_gap_filled,58.2096,15033.1,1.928,289.8,1
ALB,2022-11-03,2022-11-04,2022-11-07,5-10%,-5.073,253.253,266.2535,tp_gap_filled,60.6074,15349.01,5.133,787.92,1
APA,2022-11-03,2022-11-04,2022-11-07,2-3%,-2.464,43.1932,44.1958,tp_gap_filled,356.8418,15413.12,2.321,357.77,1
BLDR,2022-11-03,2022-11-04,2022-11-07,2-3%,-2.946,56.066,57.6523,tp_gap_filled,275.6328,15453.63,2.829,437.23,1
FERG,2022-10-27,2022-10-28,2022-11-08,2-3%,-2.541,109.8097,112.4474,tp_gap_filled,143.6868,15778.21,2.402,379.01,7
HWM,2022-09-13,2022-10-28,2022-11-08,2-3%,-2.296,36.2062,36.983,tp_gap_filled,436.9662,15820.87,2.146,339.44,7
MTD,2022-09-13,2022-11-01,2022-11-08,2-3%,-2.587,1281.6704,1313.0756,tp_gap_filled,12.3409,15817.0,2.45,387.57,5
AMAT,2022-09-13,2022-11-02,2022-11-08,3-5%,-4.019,92.5224,96.2037,tp_gap_filled,165.3818,15301.52,3.979,608.82,4
ACN,2022-11-03,2022-11-07,2022-11-08,2-3%,-2.133,266.9067,272.1776,tp_gap_filled,58.0563,15495.61,1.975,306.01,1
ECHO,2022-11-04,2022-11-07,2022-11-08,3-5%,-4.15,16.4164,17.0929,tp_gap_filled,944.2383,15500.99,4.121,638.77,1
SWK,2022-07-28,2022-08-11,2022-11-09,10%+,-15.028,99.8998,73.7861,time_exit,169.9725,16980.22,-26.14,-4438.6,63
APP,2022-11-03,2022-11-04,2022-11-09,2-3%,-2.365,15.7057,13.9641,stop,985.7622,15482.08,-11.089,-1716.81,3
CPRT,2022-09-08,2022-09-09,2022-11-10,3-5%,-4.948,28.2657,29.6778,tp_gap_filled,586.6108,16580.99,4.996,828.33,44
MU,2022-09-13,2022-10-13,2022-11-10,3-5%,-3.866,55.7557,57.8821,tp_gap_filled,264.5871,14752.24,3.814,562.61,20
NTRS,2022-10-19,2022-10-20,2022-11-10,10%+,-10.809,78.2181,87.5224,tp_gap_filled,188.8195,14769.11,11.895,1756.82,15
DHR,2022-10-20,2022-10-21,2022-11-10,5-10%,-6.286,214.4696,228.3973,tp_gap_filled,70.0951,15033.26,6.494,976.26,14
ON,2022-10-07,2022-10-26,2022-11-10,3-5%,-3.189,68.078,70.1798,tp_gap_filled,230.3284,15680.3,3.087,484.09,11
COF,2022-09-13,2022-10-28,2022-11-10,3-5%,-3.516,106.0359,109.6802,tp_gap_filled,148.6695,15764.31,3.437,541.79,9
MSCI,2022-09-13,2022-11-01,2022-11-10,3-5%,-3.349,480.4199,496.0734,tp_gap_filled,32.9469,15828.36,3.258,515.73,7
BLK,2022-09-13,2022-11-07,2022-11-10,3-5%,-3.265,674.7341,696.1132,tp_gap_filled,22.9717,15499.79,3.169,491.12,3
AMCR,2022-11-02,2022-11-08,2022-11-10,2-3%,-2.502,56.5565,57.8921,tp_gap_filled,276.7129,15649.91,2.361,369.56,2
CARR,2022-09-13,2022-11-08,2022-11-10,2-3%,-2.53,41.2612,42.2477,tp_gap_filled,379.1866,15645.7,2.391,374.06,2
GDDY,2022-11-04,2022-11-08,2022-11-10,3-5%,-3.193,70.4003,72.5774,tp_gap_filled,222.2657,15647.58,3.092,483.88,2
INTU,2022-11-03,2022-11-08,2022-11-10,2-3%,-2.387,376.2158,384.645,tp_gap_filled,41.565,15637.42,2.241,350.36,2
MLM,2022-09-13,2022-11-08,2022-11-10,2-3%,-2.08,348.2679,354.9547,tp_gap_filled,44.9258,15646.22,1.92,300.41,2
CEG,2022-11-08,2022-11-09,2022-11-10,3-5%,-4.214,89.6496,93.4065,tp_gap_filled,169.9075,15232.14,4.191,638.33,1
BAX,2022-07-28,2022-08-15,2022-11-11,5-10%,-7.56,61.8118,54.8251,time_exit,277.5427,17155.4,-11.303,-1939.09,63
DLTR,2022-08-25,2022-08-26,2022-11-11,10%+,-10.212,149.179,165.814,tp_gap_filled,110.4978,16483.96,11.151,1838.13,54
NUE,2022-09-13,2022-10-26,2022-11-11,2-3%,-2.244,138.6785,141.5783,tp_gap_filled,113.1145,15686.55,2.091,328.0,12
RVTY,2022-09-13,2022-10-26,2022-11-11,2-3%,-2.648,138.7386,142.2276,tp_gap_filled,113.0017,15677.7,2.515,394.27,12
ABT,2022-10-19,2022-11-02,2022-11-11,3-5%,-3.791,101.101,104.875,tp_gap_filled,151.5018,15316.98,3.733,571.77,7
GLW,2022-09-13,2022-11-08,2022-11-11,2-3%,-2.418,33.5235,34.2857,tp_gap_filled,466.7138,15645.88,2.274,355.72,3
AMAT,2022-11-09,2022-11-10,2022-11-11,2-3%,-2.237,95.3753,97.3625,tp_gap_filled,168.562,16076.65,2.084,334.98,1
ANET,2022-11-09,2022-11-10,2022-11-11,3-5%,-3.269,31.2537,32.2452,tp_gap_filled,516.084,16129.55,3.172,511.7,1
APP,2022-11-09,2022-11-10,2022-11-11,2-3%,-2.306,14.8448,15.1648,tp_gap_filled,1087.1123,16138.0,2.156,347.87,1
BX,2022-09-13,2022-11-10,2022-11-11,3-5%,-4.027,96.8568,100.7192,tp_gap_filled,167.1541,16190.0,3.988,645.62,1
CCL,2022-09-29,2022-11-10,2022-11-11,2-3%,-2.238,9.6196,9.8202,tp_gap_filled,1686.8802,16227.13,2.085,338.32,1
EBAY,2022-09-13,2022-11-10,2022-11-11,3-5%,-3.01,44.1942,45.4745,tp_gap_filled,367.3823,16236.15,2.897,470.37,1
GM,2022-09-20,2022-11-10,2022-11-11,2-3%,-2.803,40.2702,41.3486,tp_gap_filled,403.3939,16244.77,2.678,435.01,1
GRMN,2022-09-13,2022-11-10,2022-11-11,2-3%,-2.97,90.2702,92.8471,tp_gap_filled,179.8782,16237.64,2.855,463.52,1
ICE,2022-09-13,2022-11-10,2022-11-11,2-3%,-2.008,102.102,103.9859,tp_gap_filled,159.0945,16243.87,1.845,299.72,1
IQV,2022-09-13,2022-11-10,2022-11-11,3-5%,-3.021,220.1099,226.5133,tp_gap_filled,73.8095,16246.19,2.909,472.63,1
IVZ,2022-09-13,2022-11-10,2022-11-11,3-5%,-3.03,17.2973,17.8022,tp_gap_filled,939.5853,16252.27,2.919,474.4,1
KIM,2022-09-13,2022-11-10,2022-11-11,2-3%,-2.197,21.8318,22.2777,tp_gap_filled,747.4371,16317.9,2.042,333.27,1
ABBV,2022-10-28,2022-10-31,2022-11-14,3-5%,-4.932,146.0759,153.3465,tp_gap_filled,107.6244,15721.33,4.977,782.49,10
BEN,2022-09-13,2022-11-11,2022-11-14,2-3%,-2.804,26.026,26.7232,tp_gap_filled,633.1428,16478.18,2.679,441.46,1
COO,2022-09-13,2022-11-11,2022-11-14,2-3%,-2.657,77.6551,79.6153,tp_gap_filled,212.5159,16502.94,2.524,416.58,1
EFX,2022-09-13,2022-11-11,2022-11-14,2-3%,-2.311,194.234,198.4314,tp_gap_filled,85.2258,16553.76,2.161,357.72,1
MCO,2022-09-13,2022-11-11,2022-11-14,2-3%,-2.186,296.9967,303.0267,tp_gap_filled,55.7889,16569.12,2.03,336.4,1
OXY,2022-11-09,2022-11-11,2022-11-14,2-3%,-2.913,72.7227,74.7552,tp_gap_filled,228.1818,16593.99,2.795,463.78,1
JKHY,2022-11-09,2022-11-10,2022-11-15,5-10%,-6.433,169.4693,180.7591,tp_gap_filled,96.1695,16297.77,6.662,1085.73,3
ABNB,2022-11-02,2022-11-11,2022-11-15,5-10%,-5.873,102.7476,108.941,tp_gap_filled,159.9105,16430.43,6.028,990.38,2
APA,2022-11-09,2022-11-11,2022-11-15,2-3%,-2.08,48.068,48.991,tp_gap_filled,342.5622,16466.29,1.92,316.16,2
AVGO,2022-09-13,2022-11-11,2022-11-15,2-3%,-2.877,51.4354,52.8531,tp_gap_filled,320.289,16474.19,2.756,454.08,2
PPG,2022-09-13,2022-11-11,2022-11-15,3-5%,-3.276,127.3973,131.4484,tp_gap_filled,130.3887,16611.16,3.18,528.22,2
APP,2022-11-11,2022-11-14,2022-11-15,3-5%,-4.177,15.6156,16.2637,tp_gap_filled,1048.5405,16373.59,4.15,679.58,1
AXON,2022-11-11,2022-11-14,2022-11-15,2-3%,-2.506,178.3482,182.5672,tp_gap_filled,91.7568,16364.66,2.366,387.13,1
BX,2022-11-14,2022-11-15,2022-11-16,2-3%,-2.133,106.5564,94.7404,stop,156.0071,16623.56,-11.089,-1843.39,1
DECK,2022-11-14,2022-11-15,2022-11-16,2-3%,-2.704,56.0143,57.4558,tp_gap_filled,295.9429,16577.03,2.574,426.61,1
PEG,2022-11-14,2022-11-15,2022-11-16,2-3%,-2.213,57.057,58.2317,tp_gap_filled,290.432,16571.18,2.059,341.17,1
BBY,2022-09-13,2022-11-15,2022-11-17,2-3%,-2.583,75.8858,67.4708,stop,219.0877,16625.64,-11.089,-1843.62,2
ALL,2022-10-20,2022-10-21,2022-11-18,10%+,-13.755,116.6766,135.0148,tp_gap_filled,128.7699,15024.42,15.717,2361.42,20
DG,2022-11-16,2022-11-17,2022-11-18,2-3%,-2.597,250.8306,257.0027,tp_gap_filled,64.2658,16119.84,2.461,396.66,1
COR,2022-11-08,2022-11-09,2022-11-21,3-5%,-4.382,155.0649,161.848,tp_gap_filled,98.1467,15219.11,4.374,665.74,8
DIS,2022-11-09,2022-11-11,2022-11-21,5-10%,-9.359,90.6406,99.8001,tp_gap_filled,182.3378,16527.2,10.105,1670.13,6
APA,2022-11-17,2022-11-18,2022-11-22,2-3%,-2.277,46.3963,47.3826,tp_gap_filled,348.5731,16172.52,2.126,343.77,2
EOG,2022-11-18,2022-11-21,2022-11-22,2-3%,-2.512,141.0009,144.3455,tp_gap_filled,114.2773,16113.19,2.372,382.22,1
EQIX,2022-09-13,2022-11-11,2022-11-23,2-3%,-2.017,652.702,664.8045,tp_gap_filled,25.3608,16553.07,1.854,306.93,8
KLAC,2022-11-16,2022-11-17,2022-11-23,3-5%,-3.569,37.2162,38.5164,tp_gap_filled,433.4038,16129.63,3.494,563.54,4
ADSK,2022-11-17,2022-11-18,2022-11-23,2-3%,-2.388,216.0759,192.1152,stop,74.9124,16186.77,-11.089,-1794.95,3
APO,2022-11-16,2022-11-22,2022-11-23,2-3%,-2.231,63.1631,64.4755,tp_gap_filled,258.6678,16338.26,2.078,339.47,1
CRM,2022-08-25,2022-08-26,2022-11-25,5-10%,-6.35,168.7486,153.1967,time_exit,97.8042,16504.31,-9.216,-1521.04,63
EXE,2022-11-09,2022-11-11,2022-11-25,2-3%,-2.377,102.3623,104.6452,tp_gap_filled,161.7759,16559.74,2.23,369.33,9
BX,2022-11-22,2022-11-23,2022-11-25,3-5%,-4.151,86.2061,89.7601,tp_gap_filled,190.2304,16399.03,4.123,676.08,1
CVNA,2022-11-21,2022-11-23,2022-11-25,3-5%,-4.839,1.5355,1.6104,tp_gap_filled,10687.0701,16410.36,4.875,799.97,1
GEN,2022-11-23,2022-11-25,2022-11-28,2-3%,-2.899,22.4624,23.0869,tp_gap_filled,732.4805,16453.3,2.78,457.4,1
FOXA,2022-10-17,2022-10-18,2022-11-29,5-10%,-5.737,29.7697,31.5184,tp_gap_filled,500.4942,14899.58,5.874,875.22,29
DLTR,2022-11-16,2022-11-17,2022-11-29,2-3%,-2.938,164.0439,145.8531,stop,98.332,16130.76,-11.089,-1788.74,7
CMG,2022-10-26,2022-11-14,2022-11-30,3-5%,-3.258,30.6788,31.6487,tp_gap_filled,533.6716,16372.43,3.161,517.59,11
DASH,2022-11-21,2022-11-23,2022-11-30,2-3%,-2.728,56.7567,58.2317,tp_gap_filled,289.6905,16441.87,2.599,427.3,4
HAL,2022-11-23,2022-11-25,2022-11-30,2-3%,-2.51,36.5465,37.4126,tp_gap_filled,450.6343,16469.11,2.37,390.27,3
CVNA,2022-11-25,2022-11-28,2022-11-30,2-3%,-2.34,1.5876,1.4115,stop,10175.1337,16153.9,-11.089,-1791.31,2
APTV,2022-11-28,2022-11-29,2022-11-30,3-5%,-3.335,102.4323,105.7541,tp_gap_filled,158.2425,16209.15,3.243,525.65,1
COIN,2022-11-28,2022-11-29,2022-11-30,2-3%,-2.213,43.3433,44.2357,tp_gap_filled,373.904,16206.23,2.059,333.68,1
PNR,2022-09-13,2022-11-11,2022-12-01,2-3%,-2.776,46.2762,47.5024,tp_gap_filled,358.8498,16606.21,2.65,440.03,13
HAS,2022-11-14,2022-11-15,2022-12-01,5-10%,-8.358,58.1681,63.3466,tp_gap_filled,285.301,16595.42,8.903,1477.43,11
AMAT,2022-11-16,2022-11-17,2022-12-01,3-5%,-4.599,105.4854,110.3495,tp_gap_filled,152.8659,16125.11,4.611,743.56,9
BR,2022-11-02,2022-11-21,2022-12-01,2-3%,-2.005,146.7466,149.4504,tp_gap_filled,109.794,16111.9,1.842,296.86,7
APA,2022-11-23,2022-11-25,2022-12-01,2-3%,-2.051,46.8468,47.7322,tp_gap_filled,351.3192,16458.18,1.89,311.06,4
BIIB,2022-11-28,2022-11-30,2022-12-01,2-3%,-2.989,296.326,304.8448,tp_gap_filled,56.2427,16666.17,2.875,479.12,1
EL,2022-11-21,2022-11-30,2022-12-01,2-3%,-2.15,228.6684,233.2265,tp_gap_filled,72.9561,16682.75,1.993,332.54,1
FICO,2022-11-16,2022-11-30,2022-12-01,2-3%,-2.083,604.2537,615.8735,tp_gap_filled,27.6375,16700.07,1.923,321.14,1
NXPI,2022-11-28,2022-11-30,2022-12-01,2-3%,-2.108,169.2191,172.5173,tp_gap_filled,98.7732,16714.32,1.949,325.78,1
TDG,2022-11-28,2022-11-30,2022-12-01,2-3%,-2.719,619.8492,635.9034,tp_gap_filled,27.0003,16736.11,2.59,433.47,1
NKE,2022-09-13,2022-11-15,2022-12-02,3-5%,-3.15,108.9488,112.2676,tp_gap_filled,152.2048,16582.54,3.046,505.13,12
CVNA,2022-11-30,2022-12-01,2022-12-02,3-5%,-4.496,1.4034,1.4665,tp_gap_filled,11970.6297,16799.61,4.498,755.71,1
SLB,2022-11-23,2022-12-01,2022-12-05,2-3%,-2.218,52.5025,53.5864,tp_gap_filled,322.2191,16917.29,2.064,349.26,2
AXON,2022-12-01,2022-12-02,2022-12-05,3-5%,-3.304,178.1279,183.846,tp_gap_filled,94.0383,16750.85,3.21,537.71,1
PLTR,2022-11-17,2022-12-01,2022-12-06,2-3%,-2.854,7.8378,6.9687,stop,2158.2118,16915.7,-11.089,-1875.78,3
AMAT,2022-12-02,2022-12-05,2022-12-06,2-3%,-2.514,104.4243,106.903,tp_gap_filled,157.6402,16461.47,2.374,390.74,1
FERG,2022-11-11,2022-11-14,2022-12-07,3-5%,-4.514,117.9478,123.2766,tp_gap_filled,138.748,16365.02,4.518,739.36,16
ABNB,2022-11-17,2022-11-30,2022-12-07,2-3%,-2.49,101.9318,90.6286,stop,163.492,16665.03,-11.089,-1847.99,5
CIEN,2022-09-01,2022-10-27,2022-12-08,5-10%,-6.385,47.5475,50.6893,tp_gap_filled,326.7406,15535.7,6.608,1026.54,29
AIZ,2022-11-03,2022-11-11,2022-12-09,2-3%,-2.198,128.2681,130.889,tp_gap_filled,128.3779,16466.79,2.043,336.46,19
EW,2022-12-06,2022-12-07,2022-12-09,2-3%,-2.031,72.4223,73.7761,tp_gap_filled,223.266,16169.45,1.869,302.26,2
ABNB,2022-12-07,2022-12-08,2022-12-09,3-5%,-4.634,88.8938,93.0269,tp_gap_filled,184.3389,16386.59,4.649,761.89,1
ADI,2022-12-02,2022-12-05,2022-12-12,2-3%,-2.496,167.3672,171.3085,tp_gap_filled,98.3461,16459.92,2.355,387.61,5
ADSK,2022-11-23,2022-11-25,2022-12-13,5-10%,-8.688,190.9407,208.6911,tp_gap_filled,86.0492,16430.3,9.296,1527.4,12
PHM,2022-12-02,2022-12-07,2022-12-13,2-3%,-2.082,44.2542,45.1049,tp_gap_filled,365.403,16170.62,1.922,310.83,4
RCL,2022-12-06,2022-12-07,2022-12-13,2-3%,-2.693,57.8778,59.3606,tp_gap_filled,279.4652,16174.83,2.562,414.38,4
COIN,2022-12-09,2022-12-12,2022-12-13,2-3%,-2.826,41.6416,42.7672,tp_gap_filled,397.4102,16548.8,2.703,447.32,1
COO,2022-12-09,2022-12-12,2022-12-13,2-3%,-2.151,78.2181,79.7776,tp_gap_filled,211.7347,16561.49,1.994,330.2,1
CVNA,2022-12-09,2022-12-12,2022-12-13,5-10%,-8.266,0.9109,0.991,tp_gap_filled,18189.2536,16568.77,8.793,1456.92,1
CHTR,2022-09-13,2022-11-11,2022-12-14,2-3%,-2.574,396.386,352.4307,stop,41.6405,16505.7,-11.089,-1830.32,22
INTC,2022-09-13,2022-11-14,2022-12-15,2-3%,-2.313,30.8608,27.4387,stop,530.7285,16378.72,-11.089,-1816.24,22
LRCX,2022-08-19,2022-11-11,2022-12-16,2-3%,-2.083,49.3163,43.8476,stop,335.8054,16560.67,-11.089,-1836.41,24
MRVL,2022-10-07,2022-11-15,2022-12-16,3-5%,-3.753,46.2062,38.7744,stop,359.2719,16600.58,-16.084,-2670.04,22
BX,2022-12-01,2022-12-13,2022-12-16,3-5%,-3.955,87.9979,73.8443,stop,190.4342,16757.81,-16.084,-2695.33,3
ANET,2022-12-02,2022-12-13,2022-12-19,2-3%,-2.347,34.1591,30.3712,stop,491.0141,16772.61,-11.089,-1859.91,4
ADBE,2022-12-15,2022-12-16,2022-12-19,2-3%,-2.106,333.0928,339.5801,tp_gap_filled,47.7768,15914.1,1.948,309.94,1
CVNA,2022-12-15,2022-12-16,2022-12-19,3-5%,-3.042,1.021,0.8568,stop,15594.9676,15922.77,-16.084,-2561.02,1
DHI,2022-12-15,2022-12-16,2022-12-19,2-3%,-2.46,85.3352,87.3126,tp_gap_filled,186.4993,15914.97,2.317,368.77,1
HAL,2022-12-16,2022-12-19,2022-12-20,2-3%,-2.753,35.7157,36.6533,tp_gap_filled,438.6963,15668.34,2.625,411.33,1
MPC,2022-12-16,2022-12-19,2022-12-20,2-3%,-2.165,108.5785,110.7591,tp_gap_filled,144.3506,15673.37,2.008,314.78,1
APA,2022-12-16,2022-12-19,2022-12-21,2-3%,-2.775,43.8438,45.0049,tp_gap_filled,356.8052,15643.7,2.648,414.3,2
GEHC,2022-12-19,2022-12-20,2022-12-21,5-10%,-6.591,53.053,56.6833,tp_gap_filled,296.5427,15732.48,6.843,1076.53,1
META,2022-12-19,2022-12-20,2022-12-21,2-3%,-2.177,116.9468,119.3106,tp_gap_filled,134.8781,15773.57,2.021,318.82,1
COR,2022-12-09,2022-12-12,2022-12-22,2-3%,-2.904,165.6755,170.2895,tp_gap_filled,99.9767,16563.69,2.785,461.3,8
CVNA,2022-12-20,2022-12-21,2022-12-22,2-3%,-2.715,0.8609,0.7654,stop,18561.6611,15978.99,-11.089,-1771.91,1
META,2022-12-22,2022-12-23,2022-12-29,2-3%,-2.138,117.3172,119.6402,tp_gap_filled,134.9438,15831.23,1.98,313.48,3
INTU,2022-12-22,2022-12-23,2023-01-03,2-3%,-2.029,385.7354,392.9367,tp_gap_filled,41.0461,15832.93,1.867,295.59,5
CRWD,2022-12-22,2022-12-29,2023-01-03,2-3%,-2.422,26.2137,26.8107,tp_gap_filled,608.7954,15958.77,2.277,363.44,2
ALGN,2022-10-27,2022-10-28,2023-01-04,10%+,-14.776,189.0789,221.4184,tp_gap_filled,83.3248,15754.97,17.104,2694.68,45
CMCSA,2022-12-14,2022-12-15,2023-01-04,5-10%,-5.012,32.7131,34.3705,tp_gap_filled,494.1553,16165.35,5.066,819.0,12
DRI,2022-12-16,2022-12-19,2023-01-04,5-10%,-7.56,132.1921,142.7171,tp_gap_filled,118.3403,15643.65,7.962,1245.54,10
CINF,2022-12-15,2022-12-21,2023-01-04,2-3%,-2.359,104.0039,106.3036,tp_gap_filled,153.6115,15976.2,2.211,353.26,8
BKR,2022-11-17,2022-11-22,2023-01-06,2-3%,-2.051,29.6396,30.1998,tp_gap_filled,551.6951,16352.03,1.89,309.04,30
HPE,2022-12-01,2022-12-02,2023-01-06,2-3%,-2.324,16.4064,16.7632,tp_gap_filled,1023.2939,16788.56,2.175,365.14,23
GPN,2022-11-03,2022-11-11,2023-01-09,3-5%,-3.17,104.2742,107.4724,tp_gap_filled,158.8131,16560.11,3.067,507.92,38
APO,2022-12-15,2022-12-21,2023-01-09,2-3%,-2.088,64.7647,66.0139,tp_gap_filled,246.7092,15978.04,1.929,308.2,11
AMD,2022-12-22,2023-01-03,2023-01-09,2-3%,-2.364,66.1461,67.6123,tp_gap_filled,240.3247,15896.54,2.217,352.37,4
COHR,2022-12-15,2023-01-04,2023-01-09,2-3%,-2.497,36.3463,37.2028,tp_gap_filled,444.611,16159.97,2.356,380.79,3
AMAT,2022-12-22,2023-01-06,2023-01-09,3-5%,-3.579,102.2121,105.7941,tp_gap_filled,160.4714,16402.12,3.504,574.81,1
AXP,2023-01-05,2023-01-06,2023-01-09,2-3%,-2.245,147.3072,150.3895,tp_gap_filled,111.4211,16413.13,2.092,343.43,1
BBY,2022-12-14,2022-12-15,2023-01-10,3-5%,-3.711,81.0309,83.9859,tp_gap_filled,199.5166,16167.02,3.647,589.57,16
ARES,2022-12-15,2023-01-09,2023-01-10,2-3%,-2.953,70.3903,72.3875,tp_gap_filled,233.7523,16453.9,2.837,466.85,1
COIN,2022-12-15,2023-01-09,2023-01-10,3-5%,-3.085,38.989,40.1498,tp_gap_filled,422.3278,16466.12,2.977,490.26,1
IQV,2022-12-02,2022-12-13,2023-01-11,2-3%,-2.004,216.3461,220.3295,tp_gap_filled,77.244,16711.44,1.841,307.69,19
ACN,2022-12-16,2023-01-04,2023-01-11,2-3%,-2.294,274.9447,280.8389,tp_gap_filled,58.8153,16170.96,2.144,346.67,5
LIN,2023-01-03,2023-01-04,2023-01-11,2-3%,-2.609,317.9877,325.8538,tp_gap_filled,50.7987,16153.36,2.474,399.59,5
ABNB,2022-12-15,2023-01-09,2023-01-11,2-3%,-2.566,91.6115,93.8361,tp_gap_filled,179.8681,16477.99,2.428,400.13,2
ADSK,2022-12-15,2023-01-09,2023-01-11,2-3%,-2.129,195.9958,199.8599,tp_gap_filled,84.0006,16463.77,1.972,324.59,2
DASH,2023-01-09,2023-01-10,2023-01-11,3-5%,-3.125,46.5465,47.952,tp_gap_filled,356.7355,16604.79,3.02,501.39,1
FSLR,2022-12-06,2023-01-10,2023-01-11,2-3%,-2.698,162.7926,166.9729,tp_gap_filled,102.1087,16622.55,2.568,426.84,1
AXON,2022-12-06,2023-01-09,2023-01-12,3-5%,-3.864,177.0769,183.826,tp_gap_filled,92.982,16464.96,3.811,627.54,3
AOS,2023-01-10,2023-01-11,2023-01-12,2-3%,-2.309,60.1301,61.4285,tp_gap_filled,280.4761,16865.04,2.159,364.18,1
BA,2023-01-10,2023-01-11,2023-01-12,2-3%,-2.239,204.1039,208.3614,tp_gap_filled,82.7419,16887.95,2.086,352.28,1
CVNA,2023-01-05,2023-01-11,2023-01-12,3-5%,-3.373,0.975,1.007,tp_gap_filled,17332.5426,16898.78,3.284,554.95,1
GOOG,2023-01-10,2023-01-11,2023-01-12,2-3%,-2.342,86.8067,88.7112,tp_gap_filled,195.1322,16938.79,2.194,371.63,1
MSFT,2023-01-04,2023-01-11,2023-01-12,3-5%,-3.047,232.5123,239.3404,tp_gap_filled,73.0037,16974.26,2.937,498.48,1
ON,2023-01-10,2023-01-11,2023-01-12,3-5%,-4.795,61.6115,64.5854,tp_gap_filled,275.6332,16982.19,4.827,819.68,1
COF,2022-12-01,2022-12-02,2023-01-13,3-5%,-3.109,100.13,103.1368,tp_gap_filled,167.626,16784.4,3.003,504.01,28
COIN,2023-01-11,2023-01-12,2023-01-13,2-3%,-2.938,42.002,43.1868,tp_gap_filled,404.0546,16971.09,2.821,478.73,1
FERG,2023-01-11,2023-01-12,2023-01-13,2-3%,-2.496,136.106,139.3105,tp_gap_filled,125.239,17045.77,2.354,401.34,1
LRCX,2023-01-11,2023-01-12,2023-01-13,2-3%,-2.379,44.8148,45.8151,tp_gap_filled,380.5855,17055.85,2.232,380.73,1
SMCI,2023-01-10,2023-01-13,2023-01-17,3-5%,-4.447,8.1081,8.4685,tp_gap_filled,2101.5026,17039.19,4.445,757.43,1
CCL,2022-11-16,2022-11-23,2023-01-18,10%+,-12.366,9.7898,11.1488,tp_gap_filled,1676.6159,16413.7,13.882,2278.62,36
LHX,2022-11-11,2022-12-02,2023-01-18,3-5%,-4.107,229.7395,192.7882,stop,73.1186,16798.23,-16.084,-2701.83,30
CDNS,2022-12-02,2022-12-13,2023-01-18,2-3%,-2.178,173.1029,176.6032,tp_gap_filled,96.6412,16728.88,2.022,338.27,23
AMAT,2023-01-13,2023-01-17,2023-01-18,2-3%,-2.423,107.6375,110.0898,tp_gap_filled,158.69,17080.99,2.278,389.15,1
BLDR,2023-01-13,2023-01-17,2023-01-18,2-3%,-2.948,68.2182,70.1498,tp_gap_filled,250.5253,17090.37,2.832,483.92,1
COIN,2023-01-13,2023-01-17,2023-01-18,2-3%,-2.755,46.2862,47.5024,tp_gap_filled,369.8676,17119.78,2.628,449.84,1
MRNA,2023-01-17,2023-01-18,2023-01-19,2-3%,-2.138,188.0829,191.808,tp_gap_filled,90.0262,16932.38,1.981,335.36,1
CHTR,2022-12-14,2023-01-03,2023-01-20,10%+,-12.634,343.4131,392.2873,tp_gap_filled,46.2403,15879.51,14.232,2259.96,12
WDAY,2023-01-05,2023-01-13,2023-01-20,2-3%,-2.161,167.6875,171.0488,tp_gap_filled,101.6016,17037.32,2.004,341.51,4
GEHC,2023-01-17,2023-01-19,2023-01-20,2-3%,-2.292,64.0039,65.3746,tp_gap_filled,262.7109,16814.53,2.141,360.08,1
GOOGL,2022-12-15,2023-01-19,2023-01-20,2-3%,-2.041,93.2231,94.9749,tp_gap_filled,180.3627,16813.97,1.879,315.96,1
WBD,2022-11-02,2023-01-12,2023-01-23,2-3%,-2.397,13.043,13.3367,tp_gap_filled,1309.7894,17083.62,2.251,384.58,6
PLTR,2022-12-15,2023-01-18,2023-01-23,2-3%,-2.449,7.1772,7.3426,tp_gap_filled,2362.9371,16959.2,2.306,391.02,3
AMD,2023-01-19,2023-01-20,2023-01-23,2-3%,-2.212,69.039,70.4595,tp_gap_filled,248.1306,17130.68,2.058,352.47,1
AXP,2023-01-19,2023-01-20,2023-01-23,2-3%,-2.533,146.7566,150.2696,tp_gap_filled,116.7866,17139.21,2.394,410.27,1
BX,2023-01-19,2023-01-20,2023-01-23,2-3%,-2.191,82.2322,83.906,tp_gap_filled,208.654,17158.07,2.036,349.26,1
CCL,2023-01-19,2023-01-20,2023-01-23,2-3%,-2.876,10.1401,10.4196,tp_gap_filled,1694.0006,17177.39,2.756,473.37,1
COF,2023-01-19,2023-01-20,2023-01-23,3-5%,-4.504,97.4073,101.7981,tp_gap_filled,176.5372,17196.01,4.508,775.14,1
DASH,2023-01-19,2023-01-20,2023-01-23,2-3%,-2.242,54.1241,55.2547,tp_gap_filled,318.4511,17235.87,2.089,360.05,1
GM,2023-01-19,2023-01-20,2023-01-23,2-3%,-2.168,35.6857,36.4036,tp_gap_filled,484.1504,17277.22,2.012,347.58,1
CVNA,2023-01-19,2023-01-23,2023-01-24,3-5%,-3.295,1.3514,1.3946,tp_gap_filled,12818.547,17322.34,3.201,554.45,1
SW,2023-01-20,2023-01-23,2023-01-24,3-5%,-3.012,41.2512,42.4475,tp_gap_filled,420.5578,17348.52,2.9,503.11,1
REGN,2023-01-09,2023-01-10,2023-01-25,5-10%,-5.972,693.8231,736.4129,tp_gap_filled,23.9982,16650.52,6.138,1022.08,10
CRM,2022-12-01,2023-01-09,2023-01-26,5-10%,-7.925,147.6976,160.0898,tp_gap_filled,111.4169,16456.0,8.39,1380.7,12
SMCI,2023-01-19,2023-01-24,2023-01-26,3-5%,-3.018,7.6566,7.8791,tp_gap_filled,2263.273,17329.09,2.905,503.5,2
AMD,2023-01-24,2023-01-25,2023-01-26,3-5%,-3.633,73.8237,76.4535,tp_gap_filled,235.5227,17387.17,3.562,619.36,1
BA,2023-01-24,2023-01-25,2023-01-26,2-3%,-2.367,205.205,209.76,tp_gap_filled,84.7723,17395.69,2.22,386.14,1
DELL,2023-01-24,2023-01-25,2023-01-26,2-3%,-2.047,40.2402,40.999,tp_gap_filled,432.8213,17416.82,1.886,328.41,1
FTNT,2022-08-04,2022-10-26,2023-01-27,5-10%,-9.621,56.8868,52.6473,time_exit,275.1934,15654.88,-7.453,-1166.69,63
ARE,2022-09-13,2022-12-01,2023-01-27,2-3%,-2.059,157.137,160.1197,tp_gap_filled,106.962,16807.69,1.898,319.04,38
DLR,2022-12-14,2023-01-12,2023-01-27,3-5%,-3.52,107.2872,110.9789,tp_gap_filled,158.8802,17045.81,3.441,586.54,10
MU,2022-11-16,2023-01-23,2023-01-27,3-5%,-4.073,60.5905,63.0369,tp_gap_filled,286.3699,17351.3,4.038,700.57,4
ABNB,2023-01-25,2023-01-26,2023-01-27,3-5%,-3.62,100.4604,104.0259,tp_gap_filled,174.7218,17552.61,3.549,622.97,1
ADSK,2023-01-25,2023-01-26,2023-01-27,2-3%,-2.146,202.202,206.2236,tp_gap_filled,87.0907,17609.91,1.989,350.24,1
ALGN,2023-01-25,2023-01-26,2023-01-27,2-3%,-2.3,247.0668,252.3774,tp_gap_filled,71.3494,17628.08,2.149,378.9,1
AMZN,2023-01-25,2023-01-26,2023-01-27,3-5%,-3.904,92.6526,96.2237,tp_gap_filled,190.6677,17665.85,3.854,680.9,1
BRO,2022-10-25,2022-10-27,2023-01-30,5-10%,-9.67,57.037,57.4025,time_exit,272.4207,15538.05,0.641,99.59,63
DOW,2023-01-26,2023-01-27,2023-01-30,2-3%,-2.125,56.7167,57.8321,tp_gap_filled,311.5731,17671.39,1.967,347.54,1
LUV,2023-01-26,2023-01-27,2023-01-30,2-3%,-2.36,36.036,36.8331,tp_gap_filled,491.0309,17694.79,2.212,391.41,1
INVH,2022-10-27,2022-10-28,2023-01-31,10%+,-10.253,30.2302,32.4675,time_exit,523.3291,15820.34,7.401,1170.84,63
MAS,2022-09-13,2022-11-11,2023-01-31,3-5%,-3.112,51.1111,52.6473,tp_gap_filled,324.1811,16569.24,3.006,498.02,53
IP,2022-09-16,2022-11-14,2023-01-31,5-10%,-6.452,37.1571,39.6403,tp_gap_filled,440.5531,16369.68,6.683,1093.98,52
STZ,2023-01-05,2023-01-13,2023-01-31,3-5%,-3.041,224.3541,230.9288,tp_gap_filled,75.9321,17035.68,2.931,499.23,11
FICO,2023-01-27,2023-01-30,2023-01-31,3-5%,-3.446,624.4138,645.4039,tp_gap_filled,28.2182,17619.82,3.362,592.3,1
AMGN,2022-12-12,2022-12-13,2023-02-01,2-3%,-2.092,273.0928,242.8096,stop,61.4235,16774.32,-11.089,-1860.1,33
CMCSA,2023-01-26,2023-01-27,2023-02-01,2-3%,-2.618,36.6345,37.5444,tp_gap_filled,482.1595,17663.69,2.484,438.71,3
TROW,2023-01-26,2023-01-27,2023-02-01,2-3%,-2.272,114.104,116.5234,tp_gap_filled,155.3232,17723.0,2.12,375.78,3
DDOG,2023-01-27,2023-01-30,2023-02-01,3-5%,-3.184,73.6536,75.924,tp_gap_filled,239.2054,17618.34,3.083,543.1,2
FTNT,2023-01-27,2023-01-30,2023-02-01,2-3%,-2.462,51.9519,53.1568,tp_gap_filled,339.5161,17638.51,2.319,409.08,2
ALGN,2023-01-30,2023-01-31,2023-02-01,2-3%,-2.117,263.7635,268.9308,tp_gap_filled,67.9374,17919.41,1.959,351.05,1
APTV,2023-01-30,2023-01-31,2023-02-01,2-3%,-2.007,108.4784,110.4794,tp_gap_filled,165.3134,17932.93,1.845,330.8,1
COIN,2023-01-30,2023-01-31,2023-02-01,2-3%,-2.216,60.07,61.3086,tp_gap_filled,298.9568,17958.34,2.062,370.29,1
EW,2023-01-30,2023-01-31,2023-02-01,2-3%,-2.124,76.5565,78.0619,tp_gap_filled,234.3693,17942.49,1.966,352.81,1
GEHC,2023-01-30,2023-01-31,2023-02-01,2-3%,-2.383,68.4784,70.0099,tp_gap_filled,262.0331,17943.61,2.236,401.31,1
SYF,2022-12-01,2022-12-02,2023-02-02,3-5%,-4.071,36.086,37.5424,tp_gap_filled,465.5225,16798.87,4.036,677.97,41
CCI,2023-01-12,2023-01-13,2023-02-02,2-3%,-2.164,148.4583,151.4384,tp_gap_filled,114.7124,17030.01,2.007,341.85,13
NTRS,2023-01-19,2023-01-23,2023-02-02,3-5%,-3.759,95.3452,98.871,tp_gap_filled,182.107,17363.04,3.698,642.07,8
SHW,2023-01-26,2023-01-27,2023-02-02,10%+,-10.64,221.0208,246.8429,tp_gap_filled,80.0962,17702.92,11.683,2068.25,4
AMAT,2023-01-27,2023-02-01,2023-02-02,2-3%,-2.561,112.7326,115.4644,tp_gap_filled,160.2479,18065.17,2.423,437.77,1
HAS,2023-01-27,2023-02-01,2023-02-02,5-10%,-6.177,59.8998,63.7162,tp_gap_filled,302.1155,18096.67,6.371,1152.99,1
MU,2023-01-31,2023-02-01,2023-02-02,3-5%,-4.229,59.1591,61.6483,tp_gap_filled,306.1013,18108.67,4.208,761.94,1
NVDA,2023-01-30,2023-02-01,2023-02-02,2-3%,-2.038,19.97,20.3446,tp_gap_filled,908.5542,18143.78,1.876,340.42,1
SW,2023-01-31,2023-02-01,2023-02-02,5-10%,-6.2,41.041,43.6663,tp_gap_filled,442.8072,18173.25,6.397,1162.5,1
UNP,2023-01-24,2023-02-01,2023-02-02,2-3%,-2.441,205.205,209.9199,tp_gap_filled,88.6501,18191.44,2.298,417.97,1
BXP,2023-02-01,2023-02-02,2023-02-03,3-5%,-3.609,71.9218,74.4655,tp_gap_filled,255.1907,18353.79,3.537,649.11,1
COF,2023-02-01,2023-02-02,2023-02-03,5-10%,-5.042,113.113,118.881,tp_gap_filled,162.7455,18408.64,5.099,938.72,1
TPL,2023-02-01,2023-02-02,2023-02-03,2-3%,-2.297,216.8844,221.5393,tp_gap_filled,85.0155,18438.54,2.146,395.74,1
TSLA,2022-12-05,2023-02-02,2023-02-03,2-3%,-2.781,189.6294,194.6651,tp_gap_filled,97.2045,18432.84,2.656,489.49,1
ALL,2023-01-19,2023-01-23,2023-02-06,3-5%,-4.818,126.1761,132.2976,tp_gap_filled,137.3211,17326.63,4.852,840.61,10
CHRW,2023-02-02,2023-02-03,2023-02-06,3-5%,-4.71,97.4073,102.0179,tp_gap_filled,188.0293,18315.43,4.733,866.92,1
LLY,2023-02-02,2023-02-03,2023-02-06,2-3%,-2.502,334.334,342.2274,tp_gap_filled,54.9308,18365.25,2.361,433.59,1
ABNB,2023-02-03,2023-02-06,2023-02-07,2-3%,-2.092,116.156,118.4015,tp_gap_filled,157.8344,18333.42,1.933,354.41,1
AON,2023-02-03,2023-02-06,2023-02-09,2-3%,-2.477,315.315,322.677,tp_gap_filled,58.1339,18330.49,2.335,427.98,3
APTV,2023-02-03,2023-02-06,2023-02-09,3-5%,-3.96,114.094,118.5613,tp_gap_filled,160.7024,18335.17,3.915,717.91,3
AZO,2022-12-06,2022-12-07,2023-02-10,3-5%,-3.4,2443.441,2524.393,tp_gap_filled,6.6164,16166.84,3.313,535.61,44
DXCM,2023-01-09,2023-01-11,2023-02-10,2-3%,-2.901,112.5725,115.7042,tp_gap_filled,150.7563,16971.01,2.782,472.13,21
ALGN,2023-02-03,2023-02-06,2023-02-10,2-3%,-2.631,350.7604,311.8646,stop,52.3006,18344.96,-11.089,-2034.27,4
APP,2022-11-16,2023-02-09,2023-02-10,3-5%,-3.028,15.0651,15.5045,tp_gap_filled,1205.457,18160.27,2.917,529.71,1
F,2022-09-20,2022-11-10,2023-02-13,5-10%,-5.626,14.1041,13.0769,time_exit,1151.5704,16241.85,-7.283,-1182.87,63
SYY,2023-01-31,2023-02-01,2023-02-13,3-5%,-3.329,75.5755,78.0219,tp_gap_filled,240.4569,18172.65,3.237,588.25,8
WM,2023-02-01,2023-02-02,2023-02-13,2-3%,-2.992,150.2501,154.5753,tp_gap_filled,122.6518,18428.44,2.879,530.49,7
ABNB,2023-02-10,2023-02-13,2023-02-14,2-3%,-2.34,112.3622,114.8251,tp_gap_filled,163.9334,18419.93,2.192,403.74,1
APP,2023-02-10,2023-02-13,2023-02-14,2-3%,-2.483,15.7257,16.0939,tp_gap_filled,1172.7357,18442.1,2.341,431.78,1
BKNG,2023-02-10,2023-02-13,2023-02-14,2-3%,-2.151,95.4437,97.3474,tp_gap_filled,193.2798,18447.35,1.994,367.93,1
COIN,2023-02-10,2023-02-14,2023-02-15,2-3%,-2.298,58.3183,59.5704,tp_gap_filled,315.7984,18416.81,2.147,395.42,1
CVNA,2023-02-10,2023-02-14,2023-02-15,2-3%,-2.385,2.3353,2.3876,tp_gap_filled,7889.3704,18424.31,2.239,412.43,1
DASH,2023-02-10,2023-02-14,2023-02-15,3-5%,-3.04,60.03,61.7881,tp_gap_filled,306.0803,18373.99,2.929,538.14,1
FSLR,2023-02-14,2023-02-15,2023-02-16,3-5%,-3.157,162.142,167.0927,tp_gap_filled,114.1596,18510.07,3.053,565.18,1
TECH,2023-02-14,2023-02-15,2023-02-16,2-3%,-2.348,75.3553,77.0129,tp_gap_filled,246.1284,18547.08,2.2,407.99,1
LDOS,2023-02-14,2023-02-16,2023-02-17,2-3%,-2.045,98.7487,100.6093,tp_gap_filled,185.8258,18350.05,1.884,345.75,1
HUM,2023-02-02,2023-02-10,2023-02-21,2-3%,-2.757,499.6291,512.7667,tp_gap_filled,36.5658,18269.35,2.629,480.39,6
FCX,2023-02-15,2023-02-16,2023-02-21,2-3%,-2.885,41.7817,42.937,tp_gap_filled,438.8457,18335.74,2.765,506.99,2
MRNA,2023-01-31,2023-02-02,2023-02-22,2-3%,-2.416,176.6765,157.0848,stop,104.3697,18439.67,-11.089,-2044.78,13
LIN,2023-02-16,2023-02-21,2023-02-23,2-3%,-2.063,325.9957,332.1975,tp_gap_filled,55.4,18060.15,1.902,343.58,2
ADBE,2023-02-03,2023-02-07,2023-02-24,2-3%,-2.024,384.6743,342.0178,stop,47.9606,18449.23,-11.089,-2045.83,12
PSKY,2023-02-03,2023-02-15,2023-02-24,2-3%,-2.614,24.6146,21.8851,stop,753.5754,18548.95,-11.089,-2056.89,6
ALGN,2023-02-24,2023-02-27,2023-02-28,2-3%,-2.616,297.7675,305.1545,tp_gap_filled,59.9639,17855.29,2.481,442.96,1
APTV,2023-02-24,2023-02-27,2023-02-28,2-3%,-2.096,114.114,116.3236,tp_gap_filled,156.5893,17869.03,1.936,345.99,1
CRM,2023-02-10,2023-02-13,2023-03-02,3-5%,-3.455,167.8277,173.4863,tp_gap_filled,109.9751,18456.87,3.372,622.31,12
APA,2023-02-17,2023-02-23,2023-03-02,2-3%,-2.217,39.2892,40.0999,tp_gap_filled,460.4198,18089.55,2.063,373.22,5
CCL,2023-02-28,2023-03-01,2023-03-03,2-3%,-2.493,10.5706,10.8192,tp_gap_filled,1682.3057,17782.91,2.352,418.24,2
A,2023-03-01,2023-03-02,2023-03-03,2-3%,-2.388,138.7186,141.828,tp_gap_filled,129.113,17910.38,2.242,401.47,1
NTAP,2022-11-30,2022-12-01,2023-03-06,5-10%,-9.653,64.9249,65.2946,time_exit,260.1226,16888.43,0.57,96.19,63
AMAT,2023-02-16,2023-02-17,2023-03-06,2-3%,-2.16,116.9969,119.3405,tp_gap_filled,156.9777,18365.9,2.003,367.9,10
ADBE,2023-02-24,2023-03-02,2023-03-06,5-10%,-5.446,328.4481,346.673,tp_gap_filled,54.569,17923.08,5.549,994.51,2
ALB,2023-03-02,2023-03-03,2023-03-06,2-3%,-2.482,246.6164,252.3874,tp_gap_filled,73.376,18095.72,2.34,423.45,1
AXON,2023-03-02,2023-03-03,2023-03-06,2-3%,-2.741,215.215,220.8389,tp_gap_filled,84.227,18126.91,2.613,473.69,1
DG,2022-12-01,2022-12-02,2023-03-07,5-10%,-6.266,239.8997,219.0707,time_exit,69.9074,16770.76,-8.682,-1456.1,63
HII,2022-11-11,2022-12-02,2023-03-07,2-3%,-2.973,237.1469,213.786,time_exit,70.7588,16780.23,-9.851,-1652.99,63
PNC,2023-01-13,2023-01-27,2023-03-07,2-3%,-2.411,164.9147,146.6274,stop,107.3838,17709.17,-11.089,-1963.77,26
MCD,2023-01-31,2023-02-01,2023-03-07,2-3%,-2.141,265.3551,270.6191,tp_gap_filled,68.2353,18106.59,1.984,359.19,23
FTV,2023-03-03,2023-03-06,2023-03-07,2-3%,-2.127,49.9746,50.9588,tp_gap_filled,361.3991,18060.76,1.969,355.7,1
AMD,2023-02-16,2023-03-06,2023-03-08,2-3%,-2.583,83.063,85.0948,tp_gap_filled,217.5864,18073.38,2.446,442.1,2
ABT,2023-01-25,2023-01-26,2023-03-09,2-3%,-2.248,110.11,97.8999,stop,159.8837,17604.79,-11.089,-1952.2,29
BLK,2023-02-03,2023-02-06,2023-03-09,2-3%,-2.69,750.75,667.4993,stop,24.4286,18339.76,-11.089,-2033.7,22
CHTR,2023-02-21,2023-02-22,2023-03-09,2-3%,-2.669,385.4451,342.7031,stop,46.9013,18077.87,-11.089,-2004.65,11
HOOD,2023-02-21,2023-02-28,2023-03-10,2-3%,-2.126,10.1401,9.0157,stop,1760.3354,17850.03,-11.089,-1979.39,8
GNRC,2023-02-17,2023-03-06,2023-03-10,2-3%,-2.24,127.127,113.0299,stop,142.181,18075.05,-11.089,-2004.34,4
COIN,2023-03-10,2023-03-13,2023-03-14,2-3%,-2.926,56.4464,58.0319,tp_gap_filled,303.9837,17158.78,2.809,481.97,1
MTB,2023-03-10,2023-03-13,2023-03-14,3-5%,-3.682,128.8487,133.5064,tp_gap_filled,133.3842,17186.38,3.615,621.26,1
AIZ,2023-02-08,2023-02-09,2023-03-15,3-5%,-3.428,131.131,110.0399,stop,138.454,18155.61,-16.084,-2920.15,23
COP,2023-02-02,2023-02-10,2023-03-15,3-5%,-3.577,113.6035,95.3315,stop,160.7481,18261.54,-16.084,-2937.19,22
EW,2023-03-08,2023-03-09,2023-03-15,2-3%,-2.255,77.2171,78.8411,tp_gap_filled,226.7953,17512.48,2.103,368.3,4
GPC,2022-12-12,2022-12-13,2023-03-16,2-3%,-2.101,178.6084,164.4953,time_exit,93.5744,16713.18,-7.902,-1320.62,63
ABNB,2023-03-13,2023-03-14,2023-03-16,2-3%,-2.179,115.8377,118.1817,tp_gap_filled,149.9677,17371.92,2.024,351.52,2
ALGN,2023-03-15,2023-03-16,2023-03-17,2-3%,-2.407,313.353,320.4392,tp_gap_filled,55.5189,17397.01,2.261,393.42,1
ORCL,2023-03-10,2023-03-13,2023-03-20,2-3%,-2.832,84.4944,86.7831,tp_gap_filled,203.089,17159.89,2.709,464.81,5
PANW,2023-03-06,2023-03-07,2023-03-21,2-3%,-2.02,93.9539,95.6992,tp_gap_filled,189.3384,17789.07,1.858,330.46,10
NTRS,2023-03-10,2023-03-13,2023-03-21,2-3%,-2.301,84.9949,86.8231,tp_gap_filled,202.1139,17178.65,2.151,369.5,6
AFL,2023-03-13,2023-03-14,2023-03-21,2-3%,-2.155,62.7127,63.966,tp_gap_filled,277.0499,17374.53,1.999,347.23,5
ACGL,2023-03-15,2023-03-16,2023-03-21,3-5%,-4.188,64.5845,67.2727,tp_gap_filled,268.5629,17345.01,4.162,721.93,3
AIG,2023-03-15,2023-03-16,2023-03-21,3-5%,-4.48,48.8788,51.0689,tp_gap_filled,355.1293,17358.3,4.481,777.75,3
AIZ,2023-03-15,2023-03-16,2023-03-21,2-3%,-2.689,110.5004,113.3266,tp_gap_filled,157.2286,17373.82,2.558,444.36,3
AJG,2023-03-15,2023-03-16,2023-03-21,3-5%,-3.42,177.2571,183.1667,tp_gap_filled,98.0287,17376.29,3.334,579.31,3
FCX,2023-03-15,2023-03-17,2023-03-21,3-5%,-4.732,36.2762,38.002,tp_gap_filled,471.2922,17096.71,4.757,813.32,2
APA,2023-03-15,2023-03-20,2023-03-21,5-10%,-5.053,33.1031,34.7952,tp_gap_filled,527.2587,17453.88,5.112,892.18,1
ALB,2023-03-15,2023-03-21,2023-03-22,3-5%,-3.261,218.228,225.1346,tp_gap_filled,80.9519,17665.98,3.165,559.11,1
BXP,2023-03-20,2023-03-21,2023-03-22,2-3%,-2.153,50.05,51.0489,tp_gap_filled,353.2201,17678.67,1.996,352.83,1
IR,2023-03-15,2023-03-21,2023-03-22,2-3%,-2.352,54.4444,55.6443,tp_gap_filled,326.0865,17753.58,2.204,391.27,1
META,2023-03-17,2023-03-21,2023-03-22,2-3%,-2.132,200.7606,204.7251,tp_gap_filled,88.5104,17769.4,1.975,350.9,1
PG,2023-01-19,2023-01-23,2023-03-24,2-3%,-2.117,143.4533,146.2636,tp_gap_filled,121.0025,17358.21,1.959,340.05,43
MKC,2023-01-26,2023-01-27,2023-03-28,5-10%,-6.386,73.073,77.902,tp_gap_filled,242.1979,17698.13,6.608,1169.58,41
FANG,2023-03-15,2023-03-21,2023-03-29,3-5%,-4.064,127.3772,132.5074,tp_gap_filled,139.2469,17736.89,4.027,714.35,6
LLY,2023-03-27,2023-03-28,2023-03-29,2-3%,-2.478,328.1278,335.7939,tp_gap_filled,53.523,17562.38,2.336,410.31,1
FOX,2023-03-28,2023-03-29,2023-03-30,2-3%,-2.744,30.1601,30.949,tp_gap_filled,589.9576,17793.2,2.616,465.41,1
FOXA,2023-03-28,2023-03-29,2023-03-30,2-3%,-2.409,32.8528,33.5964,tp_gap_filled,541.8187,17800.27,2.263,402.87,1
CL,2023-01-27,2023-01-30,2023-03-31,3-5%,-3.548,72.9228,75.4545,tp_gap_filled,241.6071,17618.68,3.472,611.66,43
DELL,2023-03-03,2023-03-06,2023-03-31,2-3%,-2.763,39.0991,40.1298,tp_gap_filled,461.8929,18059.58,2.636,476.1,19
CMI,2023-03-15,2023-03-21,2023-03-31,2-3%,-2.077,233.0829,237.5522,tp_gap_filled,76.026,17720.35,1.917,339.79,8
CIEN,2023-03-29,2023-03-30,2023-03-31,2-3%,-2.064,49.8698,50.8191,tp_gap_filled,358.8571,17896.14,1.904,340.67,1
COP,2023-03-15,2023-03-21,2023-04-03,3-5%,-3.887,97.5174,101.2586,tp_gap_filled,181.7481,17723.61,3.836,679.96,9
HAL,2023-03-15,2023-03-21,2023-04-03,3-5%,-4.788,31.8518,33.3866,tp_gap_filled,557.329,17751.94,4.818,855.37,9
NUE,2023-03-15,2023-03-21,2023-04-03,3-5%,-3.162,151.4513,156.0838,tp_gap_filled,117.3548,17773.53,3.059,543.64,9
ETN,2023-03-15,2023-03-22,2023-04-03,2-3%,-2.142,168.3181,171.6582,tp_gap_filled,103.9156,17490.87,1.984,347.08,8
DVA,2022-10-28,2023-01-04,2023-04-05,10%+,-20.207,77.2772,82.8571,time_exit,209.0428,16154.24,7.221,1166.43,63
JCI,2023-02-01,2023-02-02,2023-04-05,3-5%,-4.772,66.3162,55.6499,stop,278.3009,18455.87,-16.084,-2968.44,43
NEM,2023-02-03,2023-04-04,2023-04-05,2-3%,-2.727,51.051,52.3776,tp_gap_filled,351.2851,17933.46,2.599,466.0,1
BDX,2023-02-02,2023-02-03,2023-04-06,5-10%,-5.902,188.2148,199.6194,tp_gap_filled,97.2243,18299.04,6.059,1108.8,43
EXR,2023-04-03,2023-04-04,2023-04-10,5-10%,-6.242,152.9128,162.7671,tp_gap_filled,117.0938,17905.13,6.444,1153.88,3
HBAN,2023-04-05,2023-04-06,2023-04-10,2-3%,-2.004,10.7708,10.969,tp_gap_filled,1651.7378,17790.47,1.841,327.47,1
NVDA,2023-04-05,2023-04-06,2023-04-10,2-3%,-2.273,26.8558,27.4255,tp_gap_filled,663.3031,17813.55,2.121,377.89,1
STLD,2023-04-05,2023-04-06,2023-04-10,2-3%,-2.478,100.8307,103.1867,tp_gap_filled,176.7076,17817.56,2.337,416.32,1
PPL,2023-02-21,2023-04-05,2023-04-11,2-3%,-2.083,28.2382,28.7812,tp_gap_filled,630.793,17812.46,1.923,342.51,3
AMAT,2023-04-06,2023-04-10,2023-04-11,2-3%,-2.676,114.2942,117.2027,tp_gap_filled,157.2761,17975.74,2.545,457.44,1
CIEN,2023-04-06,2023-04-10,2023-04-11,5-10%,-6.421,48.5785,51.8081,tp_gap_filled,370.6055,18003.47,6.648,1196.91,1
PHM,2023-02-03,2023-04-03,2023-04-12,2-3%,-2.539,58.7987,60.2097,tp_gap_filled,308.9836,18167.85,2.4,435.97,6
ANET,2023-04-06,2023-04-10,2023-04-12,2-3%,-2.56,39.7122,40.6743,tp_gap_filled,452.9419,17987.31,2.423,435.78,2
CNC,2023-03-08,2023-03-09,2023-04-13,2-3%,-2.046,66.6266,67.882,tp_gap_filled,262.9883,17522.01,1.884,330.18,24
DDOG,2023-04-11,2023-04-12,2023-04-13,2-3%,-2.086,64.8248,66.0739,tp_gap_filled,279.8667,18142.29,1.927,349.58,1
ALB,2023-04-05,2023-04-11,2023-04-14,3-5%,-4.108,201.161,209.3604,tp_gap_filled,90.3836,18181.66,4.076,741.1,3
EQT,2023-04-11,2023-04-12,2023-04-17,2-3%,-2.306,32.6526,33.3566,tp_gap_filled,556.191,18161.09,2.156,391.55,3
CTSH,2023-04-13,2023-04-14,2023-04-17,2-3%,-2.289,58.9589,60.2197,tp_gap_filled,310.273,18293.36,2.138,391.2,1
LEN,2023-02-03,2023-03-23,2023-04-18,2-3%,-2.803,101.7958,104.5227,tp_gap_filled,170.3828,17344.25,2.679,464.61,17
DAL,2023-03-15,2023-03-31,2023-04-18,3-5%,-3.101,34.4044,35.4345,tp_gap_filled,527.7168,18155.76,2.994,543.63,11
DXCM,2023-03-06,2023-03-07,2023-04-19,5-10%,-7.175,114.2141,122.7971,tp_gap_filled,155.8728,17802.87,7.515,1337.85,30
APP,2023-02-16,2023-04-04,2023-04-19,3-5%,-3.912,16.2262,16.8531,tp_gap_filled,1103.076,17898.74,3.864,691.54,10
HIG,2023-04-14,2023-04-17,2023-04-19,2-3%,-2.584,69.069,70.7592,tp_gap_filled,266.6501,18417.26,2.447,450.68,2
AMAT,2023-04-17,2023-04-18,2023-04-20,3-5%,-3.26,109.3292,112.7871,tp_gap_filled,168.8689,18462.31,3.163,583.93,2
INTU,2023-02-03,2023-03-30,2023-04-21,2-3%,-2.521,441.2008,451.7078,tp_gap_filled,40.6187,17921.02,2.381,426.78,15
GS,2023-04-18,2023-04-19,2023-04-21,3-5%,-3.439,328.328,339.3403,tp_gap_filled,56.239,18464.83,3.354,619.32,2
LITE,2022-11-08,2023-01-23,2023-04-24,10%+,-13.328,61.061,47.5524,time_exit,284.2815,17358.51,-22.123,-3840.25,63
XYL,2023-01-23,2023-01-24,2023-04-25,5-10%,-8.64,100.7607,102.8171,time_exit,172.1087,17341.79,2.041,353.93,63
DPZ,2023-02-23,2023-03-06,2023-04-27,5-10%,-9.559,315.4651,348.1115,tp_gap_filled,57.246,18059.13,10.349,1868.88,37
ABNB,2023-04-21,2023-04-24,2023-04-28,2-3%,-2.91,115.07,118.2816,tp_gap_filled,160.1121,18424.09,2.791,514.22,4
TT,2023-03-15,2023-03-22,2023-05-02,2-3%,-2.062,185.3852,188.9109,tp_gap_filled,94.3085,17483.4,1.902,332.5,28
BX,2023-02-16,2023-04-20,2023-05-02,2-3%,-2.039,94.7547,84.2473,stop,194.3054,18411.34,-11.089,-2041.63,8
COST,2022-12-01,2023-02-01,2023-05-03,3-5%,-3.729,519.6592,489.5699,time_exit,34.828,18098.7,-5.79,-1047.95,63
KLAC,2023-01-27,2023-02-01,2023-05-03,5-10%,-5.542,40.5405,37.7792,time_exit,446.4695,18100.1,-6.811,-1232.84,63
GNRC,2023-03-31,2023-04-03,2023-05-03,3-5%,-3.546,108.108,111.858,tp_gap_filled,168.0309,18165.49,3.469,630.12,21
IBKR,2023-04-19,2023-04-20,2023-05-03,2-3%,-2.643,20.6456,18.3562,stop,891.046,18396.2,-11.089,-2039.95,9
DELL,2023-04-19,2023-05-02,2023-05-03,2-3%,-2.264,44.5145,45.4545,tp_gap_filled,402.7651,17928.87,2.112,378.61,1
INCY,2023-03-06,2023-03-07,2023-05-04,2-3%,-2.269,75.8758,67.4619,stop,234.604,17800.77,-11.089,-1973.93,41
URI,2023-03-15,2023-03-22,2023-05-04,3-5%,-3.249,402.9726,338.1585,stop,43.3569,17471.66,-16.084,-2810.14,30
SBAC,2023-02-22,2023-04-13,2023-05-04,2-3%,-2.079,267.3871,237.7366,stop,68.5467,18328.51,-11.089,-2032.45,15
EXPD,2023-05-02,2023-05-03,2023-05-04,2-3%,-2.189,114.0339,116.3535,tp_gap_filled,156.4708,17842.97,2.034,362.95,1
AVY,2023-02-02,2023-02-03,2023-05-05,3-5%,-4.169,183.8537,171.9079,time_exit,99.5784,18307.85,-6.497,-1189.54,63
HON,2023-02-02,2023-02-03,2023-05-05,3-5%,-3.759,196.853,195.9363,time_exit,93.239,18354.37,-0.466,-85.47,63
EG,2023-05-02,2023-05-03,2023-05-05,3-5%,-4.822,362.362,379.9597,tp_gap_filled,49.1789,17820.55,4.856,865.43,2
AMD,2023-05-03,2023-05-04,2023-05-05,5-10%,-7.085,83.6235,89.8201,tp_gap_filled,210.9191,17637.8,7.41,1306.97,1
DDOG,2023-04-28,2023-05-04,2023-05-05,2-3%,-2.236,68.7086,70.1398,tp_gap_filled,257.0099,17658.8,2.083,367.82,1
AES,2023-04-17,2023-04-18,2023-05-08,2-3%,-2.333,24.3043,21.6092,stop,759.5113,18459.38,-11.089,-2046.96,14
CAH,2023-05-04,2023-05-05,2023-05-08,3-5%,-3.185,79.119,81.5584,tp_gap_filled,227.6124,18008.48,3.083,555.22,1
CRWD,2023-04-28,2023-05-05,2023-05-08,2-3%,-2.261,30.8308,31.481,tp_gap_filled,585.111,18039.44,2.109,380.43,1
CVNA,2023-02-21,2023-05-05,2023-05-08,2-3%,-2.199,2.2262,1.9794,stop,8101.2432,18035.18,-11.089,-1999.92,1
FANG,2023-05-03,2023-05-05,2023-05-08,2-3%,-2.532,131.7616,134.915,tp_gap_filled,135.9874,17917.92,2.393,428.81,1
FERG,2023-03-07,2023-03-08,2023-05-09,3-5%,-3.218,139.099,143.4364,tp_gap_filled,128.305,17847.09,3.118,556.52,43
FOX,2023-05-04,2023-05-05,2023-05-09,2-3%,-2.169,29.3493,29.94,tp_gap_filled,610.666,17922.63,2.013,360.73,2
FOXA,2023-05-04,2023-05-05,2023-05-09,2-3%,-2.141,32.032,32.6673,tp_gap_filled,559.5485,17923.46,1.983,355.48,2
PLTR,2023-04-20,2023-05-09,2023-05-10,2-3%,-2.356,8.2983,8.4815,tp_gap_filled,2160.7898,17930.86,2.208,395.9,1
AMZN,2023-02-03,2023-04-21,2023-05-11,5-10%,-6.775,105.3653,112.7971,tp_gap_filled,174.2188,18356.61,7.053,1294.76,14
CVNA,2023-05-09,2023-05-10,2023-05-11,3-5%,-4.071,2.1702,2.2577,tp_gap_filled,8305.7264,18024.82,4.035,727.35,1
APO,2023-02-09,2023-02-10,2023-05-12,5-10%,-5.265,70.07,62.4475,time_exit,260.5455,18256.42,-10.878,-1986.01,63
WDAY,2023-05-08,2023-05-09,2023-05-12,3-5%,-3.174,175.8957,181.2985,tp_gap_filled,102.4528,18021.02,3.072,553.53,3
ALB,2023-04-20,2023-05-10,2023-05-15,2-3%,-2.66,198.5584,203.5762,tp_gap_filled,90.8943,18047.82,2.527,456.09,3
EOG,2023-02-17,2023-04-03,2023-05-16,2-3%,-2.349,122.3222,108.7579,stop,148.5422,18170.0,-11.089,-2014.87,30
GDDY,2023-05-05,2023-05-08,2023-05-16,5-10%,-6.716,67.5024,72.2177,tp_gap_filled,265.7226,17936.92,6.985,1252.96,6
NOW,2023-02-03,2023-04-04,2023-05-17,2-3%,-2.675,95.7216,98.1557,tp_gap_filled,187.3867,17936.96,2.543,456.12,30
INTU,2023-05-15,2023-05-16,2023-05-17,3-5%,-3.419,413.413,427.1924,tp_gap_filled,43.1778,17850.27,3.333,594.96,1
PLTR,2023-05-15,2023-05-16,2023-05-17,3-5%,-3.053,9.2192,9.4905,tp_gap_filled,1937.4527,17861.78,2.943,525.61,1
AKAM,2023-02-15,2023-04-12,2023-05-18,5-10%,-7.131,81.6115,87.7022,tp_gap_filled,222.3166,18143.6,7.463,1354.06,26
GNRC,2023-05-16,2023-05-17,2023-05-18,2-3%,-2.425,113.9638,116.5633,tp_gap_filled,159.3434,18159.39,2.281,414.21,1
HD,2023-05-16,2023-05-17,2023-05-18,2-3%,-2.353,282.0318,288.2515,tp_gap_filled,64.4321,18171.91,2.205,400.75,1
LOW,2023-05-16,2023-05-17,2023-05-18,2-3%,-2.52,196.6665,201.3485,tp_gap_filled,92.5127,18194.15,2.381,433.14,1
CRH,2023-04-05,2023-04-12,2023-05-19,3-5%,-3.742,48.4084,50.1898,tp_gap_filled,374.7369,18140.4,3.68,667.56,27
LITE,2023-05-09,2023-05-10,2023-05-19,5-10%,-6.035,45.045,47.8421,tp_gap_filled,402.6698,18138.26,6.21,1126.31,7
FANG,2023-05-11,2023-05-12,2023-05-19,2-3%,-2.176,127.7777,130.3595,tp_gap_filled,139.88,17873.54,2.021,361.15,5
EG,2023-05-17,2023-05-18,2023-05-19,3-5%,-3.013,367.367,378.0216,tp_gap_filled,49.9824,18361.9,2.9,532.54,1
NOC,2023-01-13,2023-02-21,2023-05-22,2-3%,-2.783,474.8744,442.6269,time_exit,38.0258,18057.5,-6.791,-1226.24,63
MCHP,2023-04-20,2023-05-02,2023-05-22,2-3%,-2.066,77.8177,79.3006,tp_gap_filled,230.4381,17932.17,1.906,341.71,14
CEG,2023-02-21,2023-05-19,2023-05-23,3-5%,-3.477,81.6916,84.4655,tp_gap_filled,223.9696,18296.44,3.396,621.26,2
A,2023-05-09,2023-05-10,2023-05-24,2-3%,-2.982,128.6285,114.3649,stop,140.3304,18050.48,-11.089,-2001.62,10
CF,2023-05-11,2023-05-12,2023-05-24,5-10%,-5.074,64.4143,67.7222,tp_gap_filled,277.1742,17854.0,5.135,916.85,8
EQT,2023-05-22,2023-05-23,2023-05-24,2-3%,-2.125,35.4955,36.1938,tp_gap_filled,514.7489,18271.25,1.967,359.45,1
DELL,2023-05-22,2023-05-23,2023-05-25,2-3%,-2.094,46.7967,47.7022,tp_gap_filled,390.5627,18277.07,1.935,353.65,2
MU,2023-05-22,2023-05-23,2023-05-25,3-5%,-3.55,65.8158,68.1018,tp_gap_filled,277.7045,18277.33,3.473,634.85,2
COHR,2023-04-06,2023-04-10,2023-05-26,10%+,-10.03,33.043,36.6533,tp_gap_filled,546.1773,18047.34,10.926,1971.86,34
ULTA,2023-05-03,2023-05-04,2023-05-26,2-3%,-2.102,520.2998,462.6038,stop,34.0498,17716.12,-11.089,-1964.54,16
HPQ,2023-04-19,2023-05-10,2023-05-26,2-3%,-2.21,30.5605,31.1888,tp_gap_filled,593.973,18152.13,2.056,373.16,12
ANET,2023-05-02,2023-05-19,2023-05-26,5-10%,-9.272,36.3638,40.0,tp_gap_filled,503.3277,18302.92,9.999,1830.17,5
QCOM,2023-05-22,2023-05-23,2023-05-26,2-3%,-2.069,103.7737,105.7541,tp_gap_filled,176.1442,18279.13,1.908,348.85,3
AMAT,2023-05-24,2023-05-25,2023-05-26,2-3%,-2.064,122.0419,124.3655,tp_gap_filled,149.5266,18248.51,1.904,347.44,1
CSCO,2023-04-19,2023-05-19,2023-05-30,2-3%,-2.147,49.2792,50.2597,tp_gap_filled,371.3731,18300.98,1.99,364.12,6
DECK,2023-05-19,2023-05-22,2023-05-30,2-3%,-2.648,76.7433,78.6729,tp_gap_filled,240.3463,18444.98,2.514,463.77,5
INTC,2023-05-25,2023-05-26,2023-05-30,2-3%,-2.448,28.3183,28.971,tp_gap_filled,653.6213,18509.44,2.305,426.62,1
APTV,2023-04-20,2023-04-21,2023-05-31,3-5%,-3.165,104.114,87.3683,stop,176.4016,18365.87,-16.084,-2953.97,27
ADM,2023-04-25,2023-04-27,2023-06-01,2-3%,-2.847,78.5785,69.8649,stop,232.0398,18233.34,-11.089,-2021.89,24
ADSK,2023-05-23,2023-05-25,2023-06-01,2-3%,-2.074,199.4693,203.2865,tp_gap_filled,91.5145,18254.34,1.914,349.33,4
BKR,2023-05-25,2023-05-26,2023-06-01,2-3%,-2.403,28.058,28.6913,tp_gap_filled,658.4419,18474.58,2.257,416.96,3
DG,2023-05-25,2023-05-26,2023-06-01,2-3%,-2.715,203.3832,180.83,stop,90.8182,18470.9,-11.089,-2048.24,3
TSLA,2023-04-03,2023-05-30,2023-06-01,3-5%,-3.639,200.1099,207.2525,tp_gap_filled,92.3421,18478.57,3.569,659.57,2
BA,2023-04-14,2023-04-17,2023-06-02,5-10%,-5.15,202.7926,213.3764,tp_gap_filled,90.7848,18410.49,5.219,960.85,33
DD,2023-05-02,2023-05-03,2023-06-02,5-10%,-7.798,80.3774,87.0008,tp_gap_filled,221.6147,17812.8,8.24,1467.84,21
STLD,2023-05-23,2023-05-24,2023-06-02,2-3%,-2.284,95.065,97.0928,tp_gap_filled,189.9384,18056.49,2.133,385.16,6
BX,2023-05-02,2023-05-30,2023-06-02,2-3%,-2.355,86.7467,88.6612,tp_gap_filled,212.8561,18464.56,2.207,407.53,3
EOG,2023-05-30,2023-05-31,2023-06-02,2-3%,-2.189,107.8177,110.0099,tp_gap_filled,170.1454,18344.68,2.033,372.99,2
COHR,2023-05-31,2023-06-01,2023-06-02,2-3%,-2.728,37.4774,38.4515,tp_gap_filled,492.7238,18466.03,2.599,479.95,1
CVNA,2023-05-31,2023-06-01,2023-06-02,3-5%,-3.717,2.6446,2.7413,tp_gap_filled,6981.5759,18463.77,3.653,674.52,1
DELL,2023-05-31,2023-06-01,2023-06-02,2-3%,-2.832,46.026,47.2727,tp_gap_filled,403.7655,18583.7,2.709,503.37,1
EQT,2023-05-30,2023-06-01,2023-06-02,2-3%,-2.05,35.3853,36.0539,tp_gap_filled,524.9654,18576.08,1.889,350.97,1
FANG,2023-05-25,2023-05-26,2023-06-05,2-3%,-2.962,130.5304,134.2456,tp_gap_filled,141.8113,18510.68,2.846,526.86,5
DDOG,2023-06-01,2023-06-02,2023-06-05,2-3%,-2.012,93.093,94.8151,tp_gap_filled,203.1288,18909.87,1.85,349.81,1
APD,2023-02-02,2023-03-07,2023-06-06,5-10%,-7.157,295.6553,278.2215,time_exit,60.2439,17811.43,-5.897,-1050.28,63
CMI,2023-05-09,2023-05-10,2023-06-06,2-3%,-2.007,219.4692,223.5163,tp_gap_filled,82.1781,18035.56,1.844,332.58,18
XEL,2023-06-02,2023-06-05,2023-06-06,3-5%,-3.006,61.7016,63.4864,tp_gap_filled,304.7132,18801.31,2.893,543.86,1
CPT,2023-05-15,2023-05-16,2023-06-07,2-3%,-2.1,108.2882,110.3895,tp_gap_filled,164.9516,17862.31,1.94,346.62,15
HPE,2023-04-19,2023-05-26,2023-06-07,2-3%,-2.345,15.4254,15.7642,tp_gap_filled,1200.1533,18512.86,2.196,406.62,7
AMAT,2023-05-31,2023-06-01,2023-06-07,2-3%,-2.175,133.7336,136.4334,tp_gap_filled,138.0429,18460.98,2.019,372.69,4
VLO,2023-05-31,2023-06-02,2023-06-07,2-3%,-2.015,109.5194,111.5483,tp_gap_filled,173.0132,18948.3,1.853,351.03,3
CVNA,2023-06-02,2023-06-05,2023-06-07,5-10%,-5.19,2.999,3.1568,tp_gap_filled,6268.9748,18800.63,5.263,989.52,2
AMD,2023-05-31,2023-06-06,2023-06-07,2-3%,-2.275,122.5424,125.1447,tp_gap_filled,153.6218,18825.19,2.124,399.77,1
CF,2023-06-06,2023-06-07,2023-06-08,2-3%,-2.051,62.6125,63.7961,tp_gap_filled,302.6429,18949.24,1.89,358.21,1
FERG,2023-06-06,2023-06-07,2023-06-08,2-3%,-2.048,144.0839,146.803,tp_gap_filled,131.9516,19012.1,1.887,358.79,1
HAL,2023-06-06,2023-06-07,2023-06-08,2-3%,-2.599,30.3804,31.1288,tp_gap_filled,626.1713,19023.3,2.464,468.68,1
HOOD,2023-06-06,2023-06-07,2023-06-08,3-5%,-3.322,8.7387,9.021,tp_gap_filled,2182.0779,19068.59,3.23,615.87,1
MOS,2023-06-06,2023-06-07,2023-06-08,3-5%,-3.73,32.032,33.2068,tp_gap_filled,596.9955,19122.96,3.667,701.33,1
BX,2023-06-05,2023-06-06,2023-06-09,3-5%,-4.315,85.2452,88.911,tp_gap_filled,220.9373,18833.83,4.3,809.92,3
PNC,2023-05-01,2023-06-06,2023-06-09,2-3%,-2.894,126.6065,130.1198,tp_gap_filled,148.883,18849.55,2.775,523.07,3
LITE,2023-06-06,2023-06-07,2023-06-09,2-3%,-2.587,50.1401,51.3686,tp_gap_filled,381.2234,19114.57,2.45,468.33,2
ROST,2023-05-19,2023-05-22,2023-06-12,3-5%,-4.242,101.0109,105.2746,tp_gap_filled,182.5475,18439.29,4.221,778.33,14
ADI,2023-05-24,2023-05-25,2023-06-12,5-10%,-8.738,171.6715,187.7321,tp_gap_filled,106.3181,18251.79,9.355,1707.53,11
VZ,2023-06-02,2023-06-05,2023-06-12,3-5%,-3.695,34.4344,35.6843,tp_gap_filled,545.99,18800.84,3.63,682.42,5
CARR,2023-06-08,2023-06-09,2023-06-12,3-5%,-3.289,44.1441,45.5544,tp_gap_filled,431.7328,19058.46,3.195,608.87,1
LVS,2023-06-08,2023-06-09,2023-06-12,2-3%,-2.684,56.9769,58.4315,tp_gap_filled,334.7863,19075.09,2.553,486.98,1
VTR,2023-06-08,2023-06-09,2023-06-12,2-3%,-2.845,45.1151,46.3436,tp_gap_filled,423.243,19094.64,2.723,519.97,1
WYNN,2023-06-08,2023-06-09,2023-06-12,2-3%,-2.353,100.9308,103.1567,tp_gap_filled,189.2699,19103.17,2.205,421.3,1
FAST,2023-06-06,2023-06-07,2023-06-13,2-3%,-2.478,26.987,27.6174,tp_gap_filled,704.5071,19012.5,2.336,444.12,4
APD,2023-06-08,2023-06-09,2023-06-13,2-3%,-2.149,276.6264,282.1376,tp_gap_filled,68.8797,19053.95,1.992,379.61,2
EL,2023-06-05,2023-06-06,2023-06-14,2-3%,-2.284,184.174,188.1017,tp_gap_filled,102.3472,18849.7,2.133,401.99,6
ITW,2023-05-02,2023-06-07,2023-06-14,3-5%,-3.588,237.227,245.5642,tp_gap_filled,80.5839,19116.69,3.514,671.84,5
IFF,2023-06-09,2023-06-12,2023-06-14,2-3%,-2.846,77.5575,79.6702,tp_gap_filled,248.3087,19258.2,2.724,524.62,2
CVNA,2023-06-12,2023-06-13,2023-06-14,2-3%,-2.989,3.7037,3.8102,tp_gap_filled,5236.8272,19395.64,2.875,557.65,1
HAL,2023-06-12,2023-06-13,2023-06-14,2-3%,-2.257,31.6416,32.3077,tp_gap_filled,618.5675,19572.47,2.105,412.0,1
MDT,2023-05-25,2023-06-13,2023-06-14,2-3%,-2.537,85.3553,87.4025,tp_gap_filled,229.5616,19594.3,2.398,469.97,1
SLB,2023-06-12,2023-06-13,2023-06-14,2-3%,-2.209,46.5265,47.4825,tp_gap_filled,421.2078,19597.32,2.055,402.67,1
ABNB,2023-05-10,2023-05-11,2023-06-15,10%+,-13.552,109.9598,126.9429,tp_gap_filled,163.048,17928.74,15.445,2769.06,24
CRWD,2023-06-01,2023-06-02,2023-06-15,5-10%,-8.374,36.7167,39.9925,tp_gap_filled,514.5011,18890.77,8.922,1685.4,9
STE,2023-02-09,2023-05-11,2023-06-16,5-10%,-6.671,201.6514,215.6342,tp_gap_filled,88.943,17935.48,6.934,1243.66,25
HSIC,2023-05-24,2023-05-25,2023-06-16,2-3%,-2.251,75.1951,76.7731,tp_gap_filled,243.2408,18290.52,2.099,383.84,15
SPG,2023-06-08,2023-06-09,2023-06-16,2-3%,-2.298,110.2201,112.5873,tp_gap_filled,173.2158,19091.86,2.148,410.03,5
COO,2023-06-02,2023-06-13,2023-06-16,3-5%,-3.757,90.1225,93.454,tp_gap_filled,215.2401,19397.99,3.697,717.06,3
CI,2023-06-14,2023-06-15,2023-06-16,3-5%,-4.47,260.3401,271.9778,tp_gap_filled,75.5763,19675.53,4.47,879.53,1
CVNA,2023-06-15,2023-06-16,2023-06-20,2-3%,-2.863,4.5505,4.6753,tp_gap_filled,4325.4302,19683.07,2.742,539.7,1
TSLA,2023-06-15,2023-06-16,2023-06-20,3-5%,-3.267,248.6484,256.5332,tp_gap_filled,79.5357,19776.43,3.171,627.13,1
ANET,2023-05-31,2023-06-12,2023-06-21,2-3%,-2.528,42.545,37.8272,stop,452.6708,19258.88,-11.089,-2135.62,6
DGX,2023-05-02,2023-05-03,2023-06-22,2-3%,-2.839,135.6555,139.3405,tp_gap_filled,131.3341,17816.2,2.716,483.97,34
CASY,2023-06-07,2023-06-08,2023-06-23,2-3%,-2.658,218.5183,224.0357,tp_gap_filled,87.3988,19098.24,2.525,482.22,10
FDX,2023-06-21,2023-06-22,2023-06-23,3-5%,-3.389,180.5188,186.4773,tp_gap_filled,108.6766,19618.17,3.301,647.55,1
COIN,2023-03-23,2023-03-24,2023-06-26,10%+,-19.821,61.9118,61.8781,time_exit,280.0527,17338.58,-0.055,-9.46,63
ETN,2023-06-16,2023-06-20,2023-06-26,2-3%,-2.082,192.9828,196.6931,tp_gap_filled,101.4083,19570.06,1.923,376.26,4
AMAT,2023-06-14,2023-06-15,2023-06-27,2-3%,-2.384,138.5484,141.6482,tp_gap_filled,141.9531,19667.38,2.237,440.02,7
AES,2023-06-22,2023-06-23,2023-06-27,2-3%,-2.526,20.4705,20.959,tp_gap_filled,956.9251,19588.69,2.387,467.52,2
EQT,2023-06-23,2023-06-26,2023-06-27,2-3%,-2.053,38.6887,39.4205,tp_gap_filled,509.5752,19714.78,1.892,372.95,1
CCL,2023-06-26,2023-06-27,2023-06-28,5-10%,-5.19,14.995,15.7842,tp_gap_filled,1316.0608,19734.3,5.263,1038.66,1
KKR,2023-06-23,2023-06-27,2023-06-28,2-3%,-2.156,54.054,55.1348,tp_gap_filled,365.8114,19773.57,1.999,395.37,1
NCLH,2023-06-26,2023-06-27,2023-06-28,3-5%,-3.505,18.7387,19.3806,tp_gap_filled,1055.7887,19784.13,3.425,677.69,1
KR,2023-06-15,2023-06-16,2023-06-29,5-10%,-5.952,44.4444,47.1628,tp_gap_filled,444.5352,19757.1,6.116,1208.42,8
CVNA,2023-06-23,2023-06-28,2023-06-29,2-3%,-2.153,5.003,5.1029,tp_gap_filled,3940.1138,19712.38,1.997,393.59,1
DVA,2023-06-27,2023-06-28,2023-06-29,3-5%,-3.142,94.124,96.9829,tp_gap_filled,210.2713,19791.58,3.037,601.14,1
EXE,2023-03-06,2023-04-14,2023-06-30,3-5%,-3.742,81.101,84.0858,tp_gap_filled,225.7005,18304.54,3.68,673.67,53
ALGN,2023-04-27,2023-04-28,2023-06-30,5-10%,-9.195,322.272,354.1954,tp_gap_filled,57.0809,18395.57,9.906,1822.22,43
FANG,2023-06-12,2023-06-13,2023-06-30,2-3%,-2.162,129.5494,132.1477,tp_gap_filled,151.0613,19569.9,2.006,392.5,12
CRL,2023-06-20,2023-06-21,2023-06-30,2-3%,-2.233,205.5053,209.78,tp_gap_filled,95.3336,19591.56,2.08,407.52,7
MPWR,2023-06-28,2023-06-29,2023-06-30,2-3%,-2.001,522.6722,532.2772,tp_gap_filled,38.0709,19898.6,1.838,365.67,1
NVDA,2023-06-28,2023-06-29,2023-06-30,2-3%,-2.904,40.7007,41.8341,tp_gap_filled,489.2387,19912.34,2.785,554.53,1
BALL,2023-06-20,2023-06-26,2023-07-03,3-5%,-3.252,56.5865,58.3716,tp_gap_filled,348.5148,19721.24,3.155,622.11,5
MRVL,2023-06-28,2023-06-29,2023-07-03,3-5%,-3.334,58.6286,60.5294,tp_gap_filled,339.6853,19915.26,3.242,645.69,2
COIN,2023-07-05,2023-07-06,2023-07-07,3-5%,-3.791,76.9769,79.8501,tp_gap_filled,258.3411,19886.3,3.733,742.26,1
ALGN,2023-07-06,2023-07-07,2023-07-10,2-3%,-2.001,330.4101,336.4832,tp_gap_filled,60.2242,19898.67,1.838,365.75,1
APP,2023-07-06,2023-07-07,2023-07-10,2-3%,-2.033,26.046,26.5334,tp_gap_filled,763.9142,19896.93,1.871,372.35,1
BXP,2023-07-06,2023-07-07,2023-07-10,2-3%,-2.032,56.9469,58.0119,tp_gap_filled,349.3694,19895.5,1.87,372.09,1
CVNA,2023-07-06,2023-07-07,2023-07-10,2-3%,-2.128,5.0651,5.1648,tp_gap_filled,3932.8934,19920.34,1.97,392.39,1
EXPE,2023-07-06,2023-07-07,2023-07-10,2-3%,-2.062,109.3492,111.4285,tp_gap_filled,183.1607,20028.49,1.901,380.83,1
CHRW,2023-06-05,2023-06-14,2023-07-11,2-3%,-2.703,95.125,97.5723,tp_gap_filled,205.1773,19517.5,2.573,502.13,17
UPS,2023-07-05,2023-07-06,2023-07-11,2-3%,-2.394,179.5494,183.5862,tp_gap_filled,110.8106,19895.97,2.248,447.33,3
AXP,2023-07-06,2023-07-10,2023-07-11,2-3%,-2.181,171.9117,175.3944,tp_gap_filled,116.8692,20091.19,2.026,407.02,1
WBD,2023-07-07,2023-07-10,2023-07-11,3-5%,-3.315,12.2622,12.6573,tp_gap_filled,1638.3945,20090.4,3.222,647.3,1
CRM,2023-06-01,2023-06-02,2023-07-12,5-10%,-6.787,208.4282,223.1566,tp_gap_filled,90.5678,18876.88,7.066,1333.92,26
ULTA,2023-05-26,2023-06-13,2023-07-12,10%+,-10.103,436.5461,484.6349,tp_gap_filled,44.9378,19617.44,11.016,2161.01,19
ACN,2023-06-22,2023-06-23,2023-07-12,3-5%,-4.786,298.5082,312.8868,tp_gap_filled,65.6225,19588.86,4.817,943.56,12
AMCR,2023-07-10,2023-07-11,2023-07-12,3-5%,-3.622,47.9479,49.6503,tp_gap_filled,422.6845,20266.84,3.551,719.58,1
CF,2023-07-10,2023-07-11,2023-07-12,2-3%,-2.31,70.2602,71.7781,tp_gap_filled,288.7824,20289.91,2.16,438.36,1
CFG,2023-07-10,2023-07-11,2023-07-12,2-3%,-2.005,26.4164,26.9031,tp_gap_filled,769.013,20314.55,1.842,374.26,1
CRH,2023-07-05,2023-07-11,2023-07-12,2-3%,-2.147,54.7347,55.8241,tp_gap_filled,371.6908,20344.37,1.99,404.94,1
FOXA,2023-07-10,2023-07-11,2023-07-12,2-3%,-2.7,33.1932,34.0459,tp_gap_filled,613.157,20352.62,2.569,522.88,1
GNRC,2023-07-05,2023-07-11,2023-07-12,2-3%,-2.968,146.2761,150.4494,tp_gap_filled,139.2133,20363.59,2.853,580.98,1
CVS,2023-06-14,2023-06-15,2023-07-14,5-10%,-5.522,68.3383,72.1877,tp_gap_filled,288.5254,19717.33,5.633,1110.67,19
CVNA,2023-07-13,2023-07-14,2023-07-17,5-10%,-8.28,7.1411,7.7702,tp_gap_filled,2857.2232,20403.81,8.809,1797.44,1
CDW,2023-04-19,2023-04-20,2023-07-18,10%+,-13.979,163.8537,190.0997,tp_gap_filled,112.2533,18393.11,16.018,2946.2,60
GPN,2023-05-01,2023-07-12,2023-07-18,3-5%,-3.753,108.5885,112.5973,tp_gap_filled,187.2383,20331.93,3.692,750.6,4
CNC,2023-06-14,2023-06-15,2023-07-19,5-10%,-7.557,64.2842,69.4005,tp_gap_filled,306.4294,19698.58,7.959,1567.79,22
CSCO,2023-07-14,2023-07-17,2023-07-19,2-3%,-2.154,50.4704,51.4785,tp_gap_filled,405.2595,20453.62,1.997,408.52,2
ARE,2023-06-16,2023-06-20,2023-07-20,5-10%,-6.108,113.8637,121.0289,tp_gap_filled,171.8638,19569.05,6.293,1231.42,21
BALL,2023-07-10,2023-07-11,2023-07-20,2-3%,-2.785,55.9159,57.4025,tp_gap_filled,362.8057,20286.59,2.659,539.38,7
ALL,2023-07-13,2023-07-14,2023-07-20,3-5%,-3.299,104.1541,107.4924,tp_gap_filled,196.087,20423.25,3.205,654.61,4
DHR,2023-04-25,2023-05-03,2023-07-21,3-5%,-3.605,217.5755,225.2621,tp_gap_filled,81.9035,17820.2,3.533,629.56,54
PNR,2023-07-14,2023-07-17,2023-07-21,3-5%,-3.057,64.7647,66.6733,tp_gap_filled,315.8851,20458.21,2.947,602.89,4
A,2023-05-24,2023-05-25,2023-07-24,10%+,-10.448,115.3152,128.5114,tp_gap_filled,158.0867,18229.79,11.444,2086.14,39
APA,2023-04-19,2023-07-13,2023-07-24,2-3%,-2.131,38.6186,39.3806,tp_gap_filled,530.3044,20479.61,1.973,404.09,7
AIZ,2023-06-23,2023-07-19,2023-07-24,2-3%,-2.125,128.6185,131.1487,tp_gap_filled,160.737,20673.76,1.967,406.7,3
AMT,2023-07-20,2023-07-21,2023-07-24,3-5%,-3.326,183.0028,188.9209,tp_gap_filled,113.3373,20741.05,3.234,670.74,1
INTC,2023-07-20,2023-07-21,2023-07-24,2-3%,-2.205,33.7337,34.4255,tp_gap_filled,615.0793,20748.9,2.051,425.54,1
SW,2023-05-26,2023-05-30,2023-07-25,5-10%,-6.763,36.016,38.5514,tp_gap_filled,512.6085,18462.1,7.04,1299.68,38
FCX,2023-04-19,2023-07-13,2023-07-25,2-3%,-2.002,42.1421,42.917,tp_gap_filled,485.9577,20479.28,1.839,376.59,8
FAST,2023-07-13,2023-07-14,2023-07-25,2-3%,-2.946,28.5285,29.3356,tp_gap_filled,716.5397,20441.8,2.829,578.34,7
HAL,2023-07-19,2023-07-24,2023-07-25,2-3%,-2.598,37.1571,38.0719,tp_gap_filled,562.1556,20888.08,2.462,514.24,1
ELV,2023-04-19,2023-04-25,2023-07-26,3-5%,-3.155,468.3078,469.1204,time_exit,38.5796,18067.15,0.174,31.35,63
CRL,2023-07-24,2023-07-25,2023-07-26,2-3%,-2.18,202.0819,206.1736,tp_gap_filled,103.5632,20928.25,2.025,423.75,1
KVUE,2023-07-24,2023-07-25,2023-07-26,3-5%,-3.499,23.1932,23.986,tp_gap_filled,903.6831,20959.28,3.418,716.46,1
AMAT,2023-06-28,2023-06-29,2023-07-27,2-3%,-2.559,142.9428,146.4035,tp_gap_filled,139.165,19892.63,2.421,481.6,19
IBKR,2023-07-19,2023-07-20,2023-07-27,3-5%,-4.37,20.6456,21.5459,tp_gap_filled,1000.9707,20665.66,4.361,901.18,5
CCI,2023-07-20,2023-07-21,2023-07-27,5-10%,-5.304,107.5875,113.3865,tp_gap_filled,192.8485,20748.08,5.39,1118.33,4
A,2023-07-25,2023-07-26,2023-07-27,2-3%,-2.13,125.125,127.5923,tp_gap_filled,167.4045,20946.49,1.972,413.03,1
AVY,2023-07-25,2023-07-26,2023-07-27,5-10%,-5.574,167.8777,177.4324,tp_gap_filled,124.8835,20965.16,5.691,1193.22,1
CDNS,2023-07-25,2023-07-26,2023-07-27,3-5%,-3.917,232.0518,241.0287,tp_gap_filled,90.5755,21018.2,3.868,813.09,1
CSX,2023-07-21,2023-07-24,2023-07-28,5-10%,-5.251,31.9719,33.6763,tp_gap_filled,652.9902,20877.37,5.331,1112.92,4
ALGN,2023-07-18,2023-07-27,2023-07-28,3-5%,-3.067,359.359,369.9896,tp_gap_filled,58.4376,21000.09,2.958,621.23,1
AMZN,2023-07-26,2023-07-27,2023-07-28,2-3%,-2.029,126.6365,129.0009,tp_gap_filled,166.2289,21050.64,1.867,393.03,1
LDOS,2023-05-02,2023-07-13,2023-07-31,3-5%,-4.379,90.2802,94.2257,tp_gap_filled,226.8302,20478.27,4.37,894.96,12
STX,2023-06-20,2023-07-13,2023-07-31,2-3%,-2.286,62.8928,64.2357,tp_gap_filled,325.5565,20475.17,2.135,437.18,12
DDOG,2023-07-26,2023-07-27,2023-07-31,3-5%,-4.961,109.6896,115.1847,tp_gap_filled,191.9926,21059.59,5.01,1055.02,2
TPR,2023-07-17,2023-07-18,2023-08-01,2-3%,-2.107,42.7827,43.6163,tp_gap_filled,479.6637,20521.33,1.948,399.85,10
V,2023-07-26,2023-07-27,2023-08-01,3-5%,-3.046,231.6514,238.4513,tp_gap_filled,90.8826,21053.09,2.935,617.99,3
DECK,2023-07-28,2023-07-31,2023-08-01,3-5%,-3.545,86.4163,89.4138,tp_gap_filled,246.4293,21295.52,3.469,738.67,1
CL,2023-07-28,2023-07-31,2023-08-02,2-3%,-2.477,75.2752,77.0329,tp_gap_filled,282.6061,21273.23,2.335,496.74,2
ANET,2023-07-28,2023-08-01,2023-08-02,2-3%,-2.478,39.2892,40.2073,tp_gap_filled,540.0985,21220.06,2.337,495.81,1
CTSH,2023-07-20,2023-07-24,2023-08-03,2-3%,-2.301,67.5675,69.0209,tp_gap_filled,309.1619,20889.29,2.151,449.34,8
CBRE,2023-08-01,2023-08-02,2023-08-03,2-3%,-2.077,81.6616,83.2267,tp_gap_filled,257.578,21034.23,1.917,403.14,1
CTVA,2023-07-10,2023-07-19,2023-08-04,2-3%,-2.321,56.026,57.2427,tp_gap_filled,368.9449,20670.49,2.172,448.91,12
APP,2023-08-02,2023-08-03,2023-08-04,2-3%,-2.736,30.6006,31.3986,tp_gap_filled,688.7042,21074.74,2.608,549.59,1
DASH,2023-08-02,2023-08-03,2023-08-04,2-3%,-2.552,84.4644,86.5034,tp_gap_filled,249.5075,21074.5,2.414,508.75,1
BKNG,2023-08-03,2023-08-04,2023-08-07,2-3%,-2.424,112.7118,115.2814,tp_gap_filled,186.9628,21072.91,2.28,480.42,1
GIS,2023-06-07,2023-06-08,2023-08-08,2-3%,-2.996,81.3513,72.3302,stop,234.8089,19102.0,-11.089,-2118.22,41
BIIB,2023-08-07,2023-08-08,2023-08-09,2-3%,-2.216,263.223,268.6511,tp_gap_filled,80.0502,21071.06,2.062,434.52,1
JNJ,2023-07-31,2023-08-02,2023-08-10,2-3%,-2.745,169.8597,174.3055,tp_gap_filled,123.8225,21032.46,2.617,550.49,6
APA,2023-08-08,2023-08-09,2023-08-10,2-3%,-2.182,41.2912,42.1278,tp_gap_filled,508.4822,20995.86,2.026,425.39,1
REGN,2023-05-04,2023-06-15,2023-08-11,3-5%,-3.44,776.3155,802.3668,tp_gap_filled,25.4277,19739.92,3.356,662.42,39
COHR,2023-06-21,2023-06-30,2023-08-16,5-10%,-8.859,50.4604,37.3034,stop,397.0685,20036.24,-26.074,-5224.25,32
ABNB,2023-08-03,2023-08-04,2023-08-18,2-3%,-2.504,141.0809,125.4365,stop,149.5003,21091.64,-11.089,-2338.85,10
COF,2023-07-20,2023-07-21,2023-08-22,2-3%,-2.518,115.105,102.341,stop,180.2364,20746.11,-11.089,-2300.54,22
ADI,2023-08-23,2023-08-24,2023-08-25,3-5%,-4.557,168.7786,176.4833,tp_gap_filled,120.2353,20293.15,4.565,926.38,1
DLTR,2023-05-25,2023-05-26,2023-08-28,10%+,-13.267,134.8747,124.4354,time_exit,136.987,18476.09,-7.74,-1430.05,63
BMY,2023-07-27,2023-07-28,2023-08-29,3-5%,-3.801,61.061,63.3466,tp_gap_filled,346.6054,21164.07,3.743,792.2,22
BA,2023-08-24,2023-08-25,2023-08-29,2-3%,-2.656,222.7325,228.3514,tp_gap_filled,91.7241,20429.94,2.523,515.39,2
MRVL,2023-08-25,2023-08-28,2023-08-30,3-5%,-4.922,54.5245,57.2327,tp_gap_filled,377.0906,20560.66,4.967,1021.25,2
SW,2023-08-21,2023-08-29,2023-08-30,3-5%,-4.088,38.989,40.5694,tp_gap_filled,533.9021,20816.28,4.054,843.8,1
CIEN,2023-06-06,2023-06-07,2023-08-31,5-10%,-9.642,42.9629,47.4525,tp_gap_filled,442.424,19007.83,10.45,1986.3,59
IT,2023-08-01,2023-08-02,2023-08-31,3-5%,-3.532,341.4411,353.2364,tp_gap_filled,61.6487,21049.41,3.455,727.17,21
CRM,2023-08-29,2023-08-30,2023-08-31,2-3%,-2.347,206.9567,211.5083,tp_gap_filled,101.1358,20930.73,2.199,460.32,1
APD,2023-08-03,2023-08-04,2023-09-01,3-5%,-3.114,290.29,299.0207,tp_gap_filled,72.6415,21087.1,3.008,634.21,20
CRWD,2023-08-02,2023-08-31,2023-09-01,2-3%,-2.68,40.4186,41.4485,tp_gap_filled,516.9347,20893.79,2.548,532.38,1
DELL,2023-08-30,2023-08-31,2023-09-01,3-5%,-3.221,54.7347,56.4435,tp_gap_filled,381.8352,20899.63,3.122,652.49,1
BX,2023-07-20,2023-07-21,2023-09-05,3-5%,-3.115,104.9048,108.0618,tp_gap_filled,197.781,20748.18,3.009,624.4,31
BAX,2023-07-27,2023-07-28,2023-09-05,3-5%,-3.514,47.2772,39.6732,stop,447.7432,21168.06,-16.084,-3404.67,26
DVN,2023-08-02,2023-09-01,2023-09-05,3-5%,-3.092,52.072,53.6263,tp_gap_filled,402.5955,20963.96,2.985,625.75,1
MPC,2023-08-15,2023-08-16,2023-09-06,2-3%,-2.619,144.7946,148.3915,tp_gap_filled,141.5355,20493.58,2.484,509.08,14
AZO,2023-05-23,2023-06-15,2023-09-08,3-5%,-4.878,2494.502,2617.1802,tp_gap_filled,7.8873,19674.77,4.918,967.59,58
DDOG,2023-09-05,2023-09-06,2023-09-08,2-3%,-2.179,95.6956,97.6323,tp_gap_filled,216.7184,20739.0,2.024,419.71,2
CHTR,2023-09-01,2023-09-06,2023-09-11,3-5%,-3.405,423.6232,437.6819,tp_gap_filled,48.9703,20744.95,3.319,688.46,3
MRVL,2023-09-07,2023-09-08,2023-09-11,2-3%,-2.592,55.2952,56.6533,tp_gap_filled,372.9641,20623.14,2.456,506.5,1
NKE,2023-05-19,2023-06-16,2023-09-12,3-5%,-3.626,114.6746,96.2303,stop,172.5114,19782.67,-16.084,-3181.84,59
CVNA,2023-07-20,2023-09-12,2023-09-14,3-5%,-4.355,10.6847,11.1488,tp_gap_filled,1926.5906,20584.99,4.344,894.26,2
HUM,2023-06-14,2023-06-15,2023-09-15,10%+,-10.951,456.9465,470.2992,time_exit,43.1746,19728.5,2.922,576.5,63
NDAQ,2023-06-12,2023-06-15,2023-09-15,5-10%,-9.908,52.1521,50.7192,time_exit,378.4783,19738.44,-2.747,-542.31,63
A,2023-09-13,2023-09-14,2023-09-15,2-3%,-2.465,110.11,112.6672,tp_gap_filled,187.3625,20630.49,2.322,479.13,1
YUM,2023-05-03,2023-06-16,2023-09-18,2-3%,-2.204,139.8898,127.4424,time_exit,141.5969,19807.96,-8.898,-1762.5,63
PPG,2023-07-21,2023-07-24,2023-09-19,2-3%,-2.231,146.5264,130.2781,stop,142.5167,20882.46,-11.089,-2315.66,40
CRH,2023-09-18,2023-09-19,2023-09-20,2-3%,-2.355,53.5335,54.7152,tp_gap_filled,381.4213,20418.81,2.207,450.75,1
CI,2023-08-17,2023-08-18,2023-09-21,5-10%,-6.572,270.24,288.671,tp_gap_filled,75.4953,20401.85,6.82,1391.46,23
DLTR,2023-08-31,2023-09-01,2023-09-21,2-3%,-2.651,121.3112,107.859,stop,172.9336,20978.78,-11.089,-2326.34,13
CRWD,2023-09-15,2023-09-18,2023-09-21,2-3%,-2.7,41.5715,42.6398,tp_gap_filled,491.1059,20416.02,2.57,524.64,3
AZO,2023-09-19,2023-09-20,2023-09-21,2-3%,-2.902,2451.3488,2519.578,tp_gap_filled,8.2699,20272.29,2.783,564.25,1
XYL,2023-08-09,2023-08-10,2023-09-22,2-3%,-2.786,102.3222,90.9757,stop,205.3612,21013.02,-11.089,-2330.13,30
MOS,2023-08-14,2023-09-05,2023-09-22,2-3%,-2.758,40.5805,36.0806,stop,513.5092,20838.48,-11.089,-2310.78,13
AMD,2023-09-07,2023-09-08,2023-09-25,2-3%,-2.873,106.2461,94.4645,stop,194.1167,20624.15,-11.089,-2287.01,11
BBY,2023-08-22,2023-08-29,2023-09-26,2-3%,-2.079,77.3172,68.7435,stop,269.2771,20819.76,-11.089,-2308.7,19
LUV,2023-09-06,2023-09-07,2023-09-26,2-3%,-2.827,29.9299,26.611,stop,688.5028,20606.82,-11.089,-2285.09,13
APP,2023-09-21,2023-09-22,2023-09-27,2-3%,-2.415,38.4184,39.2907,tp_gap_filled,520.0501,19979.48,2.271,453.63,3
ITW,2023-08-01,2023-08-02,2023-09-28,2-3%,-2.981,255.7255,227.3681,stop,82.3075,21048.11,-11.089,-2334.03,40
CHTR,2023-09-26,2023-09-27,2023-09-28,2-3%,-2.3,430.3299,439.58,tp_gap_filled,45.7009,19666.48,2.15,422.74,1
CVNA,2023-09-26,2023-09-27,2023-09-28,2-3%,-2.36,7.8679,8.042,tp_gap_filled,2500.195,19671.18,2.213,435.26,1
NEM,2023-07-20,2023-07-25,2023-10-02,3-5%,-3.896,43.4634,36.4728,stop,483.7402,21025.0,-16.084,-3381.66,48
CVNA,2023-09-28,2023-09-29,2023-10-02,5-10%,-6.16,7.6707,8.1578,tp_gap_filled,2584.5824,19825.46,6.351,1259.13,1
MU,2023-09-28,2023-09-29,2023-10-02,3-5%,-3.284,66.036,68.1418,tp_gap_filled,301.4533,19906.76,3.189,634.81,1
NOW,2023-09-28,2023-09-29,2023-10-02,2-3%,-2.264,106.9088,109.1667,tp_gap_filled,186.3906,19926.8,2.112,420.86,1
PFE,2023-06-26,2023-07-05,2023-10-03,3-5%,-3.342,37.057,33.8661,time_exit,541.5649,20068.78,-8.611,-1728.09,63
BF-B,2023-08-30,2023-08-31,2023-10-06,3-5%,-3.969,66.3563,55.6835,stop,314.9086,20896.17,-16.084,-3360.94,25
ACN,2023-09-28,2023-09-29,2023-10-06,3-5%,-4.017,302.0517,314.0656,tp_gap_filled,65.5994,19814.4,3.977,788.1,5
ON,2023-10-04,2023-10-05,2023-10-06,2-3%,-2.518,87.5875,89.6702,tp_gap_filled,226.0486,19799.03,2.378,470.8,1
ROL,2023-10-04,2023-10-05,2023-10-09,2-3%,-2.978,35.2252,36.2337,tp_gap_filled,562.1949,19803.42,2.863,567.0,2
CARR,2023-10-05,2023-10-06,2023-10-09,2-3%,-2.692,53.1931,54.5554,tp_gap_filled,375.9314,19996.97,2.561,512.11,1
VLTO,2023-10-05,2023-10-06,2023-10-09,2-3%,-2.314,76.076,77.7222,tp_gap_filled,262.9559,20004.64,2.164,432.88,1
NSC,2023-10-02,2023-10-03,2023-10-10,3-5%,-3.94,189.3592,196.7331,tp_gap_filled,104.2012,19731.45,3.894,768.37,5
AES,2023-10-06,2023-10-09,2023-10-10,3-5%,-4.044,12.1121,12.5974,tp_gap_filled,1662.1174,20131.73,4.007,806.61,1
BXP,2023-10-06,2023-10-09,2023-10-10,2-3%,-2.105,53.5335,54.5754,tp_gap_filled,376.6465,20163.2,1.946,392.42,1
CVNA,2023-10-06,2023-10-09,2023-10-10,2-3%,-2.434,6.981,7.1409,tp_gap_filled,2889.5058,20171.57,2.29,461.97,1
DDOG,2023-10-06,2023-10-09,2023-10-10,2-3%,-2.189,87.6676,89.4505,tp_gap_filled,230.9628,20247.95,2.034,411.78,1
ISRG,2023-07-21,2023-07-24,2023-10-11,3-5%,-3.38,336.2459,282.1641,stop,62.1829,20908.75,-16.084,-3362.96,56
CVS,2023-08-17,2023-09-11,2023-10-11,5-10%,-6.078,68.3683,72.6473,tp_gap_filled,302.306,20668.15,6.259,1293.56,22
CFG,2023-10-09,2023-10-10,2023-10-11,2-3%,-2.215,25.6256,26.1538,tp_gap_filled,791.4614,20281.67,2.061,418.07,1
FSLR,2023-10-09,2023-10-10,2023-10-11,2-3%,-2.194,145.4453,148.4114,tp_gap_filled,139.6712,20314.52,2.039,414.28,1
NVDA,2023-10-09,2023-10-10,2023-10-11,2-3%,-2.01,44.8868,45.7162,tp_gap_filled,453.206,20342.99,1.848,375.89,1
ADBE,2023-09-15,2023-09-18,2023-10-12,3-5%,-3.631,532.6421,551.6078,tp_gap_filled,38.3303,20416.31,3.561,726.96,18
DAL,2023-10-09,2023-10-10,2023-10-12,3-5%,-3.486,35.7457,36.963,tp_gap_filled,568.2618,20312.92,3.405,691.74,2
AVGO,2023-09-01,2023-10-12,2023-10-13,2-3%,-2.278,90.2772,92.1967,tp_gap_filled,223.6653,20191.87,2.126,429.33,1
XOM,2023-10-11,2023-10-12,2023-10-16,3-5%,-3.16,107.067,110.3395,tp_gap_filled,188.4058,20172.04,3.057,616.57,2
JKHY,2023-10-12,2023-10-13,2023-10-16,2-3%,-2.052,144.3042,147.0328,tp_gap_filled,138.8907,20042.51,1.891,378.98,1
OMC,2023-07-19,2023-07-20,2023-10-18,5-10%,-9.395,88.8087,75.2547,time_exit,232.7885,20673.65,-15.262,-3155.23,63
ED,2023-10-16,2023-10-17,2023-10-18,3-5%,-3.261,85.2352,87.932,tp_gap_filled,238.5265,20330.84,3.164,643.26,1
ELV,2023-10-16,2023-10-17,2023-10-18,3-5%,-3.988,436.436,453.6559,tp_gap_filled,46.6505,20359.98,3.946,803.32,1
PSX,2023-10-04,2023-10-17,2023-10-18,2-3%,-2.136,113.2732,115.5144,tp_gap_filled,180.1379,20404.79,1.979,403.73,1
AES,2023-10-17,2023-10-18,2023-10-19,2-3%,-2.115,13.4334,13.6963,tp_gap_filled,1503.5146,20197.34,1.957,395.23,1
BNY,2023-10-17,2023-10-18,2023-10-19,2-3%,-2.008,41.041,41.7982,tp_gap_filled,492.4257,20209.64,1.845,372.85,1
TXN,2023-07-26,2023-07-27,2023-10-20,3-5%,-4.939,177.0669,148.5875,stop,118.8845,21050.5,-16.084,-3385.76,60
MPWR,2023-07-20,2023-07-25,2023-10-23,5-10%,-5.137,545.545,413.0765,time_exit,38.5254,21017.32,-24.282,-5103.4,63
AMAT,2023-09-07,2023-09-11,2023-10-23,2-3%,-2.585,149.3692,132.8057,stop,138.4517,20680.42,-11.089,-2293.25,30
LVS,2023-09-21,2023-09-22,2023-10-24,3-5%,-3.027,46.5065,47.8621,tp_gap_filled,429.2874,19964.64,2.915,581.96,22
AMT,2023-10-19,2023-10-20,2023-10-24,2-3%,-2.648,158.6285,162.6172,tp_gap_filled,124.8324,19801.98,2.515,497.93,2
FSLR,2023-10-20,2023-10-23,2023-10-24,2-3%,-2.494,148.3282,151.818,tp_gap_filled,133.1631,19751.83,2.353,464.72,1
FISV,2023-07-26,2023-07-27,2023-10-25,3-5%,-4.09,124.8647,114.0059,time_exit,168.6474,21058.12,-8.696,-1831.32,63
COR,2023-08-04,2023-08-07,2023-10-25,2-3%,-2.179,187.3772,191.1686,tp_gap_filled,113.4411,21256.27,2.023,430.11,56
COHR,2023-09-05,2023-10-11,2023-10-25,3-5%,-4.049,36.056,30.2568,stop,564.5915,20356.92,-16.084,-3274.21,10
EBAY,2023-07-27,2023-07-28,2023-10-26,5-10%,-6.639,45.6056,38.3216,time_exit,464.1561,21168.1,-15.972,-3380.88,63
CCI,2023-10-19,2023-10-24,2023-10-26,3-5%,-3.178,88.128,90.8391,tp_gap_filled,227.4021,20040.51,3.076,616.49,2
GLW,2023-10-24,2023-10-25,2023-10-26,3-5%,-4.976,25.6156,26.9031,tp_gap_filled,769.3557,19707.5,5.026,990.53,1
GM,2023-10-24,2023-10-25,2023-10-26,2-3%,-2.841,28.4184,29.1908,tp_gap_filled,694.5278,19737.36,2.718,536.45,1
CMG,2023-07-27,2023-07-31,2023-10-27,5-10%,-7.799,38.5389,37.714,time_exit,552.2345,21282.51,-2.14,-455.51,63
CME,2023-10-25,2023-10-26,2023-10-27,3-5%,-3.062,207.8977,214.0358,tp_gap_filled,94.486,19643.42,2.952,579.96,1
AVY,2023-10-25,2023-10-26,2023-10-30,2-3%,-2.721,168.5284,172.8969,tp_gap_filled,116.505,19634.4,2.592,508.96,2
CDNS,2023-10-24,2023-10-25,2023-10-31,2-3%,-2.18,234.9247,239.6801,tp_gap_filled,83.935,19718.4,2.024,399.14,4
AMZN,2023-09-21,2023-09-22,2023-11-01,2-3%,-2.476,132.0719,135.1547,tp_gap_filled,151.39,19994.38,2.334,466.7,28
STX,2023-09-07,2023-10-05,2023-11-01,5-10%,-5.84,67.1371,71.1588,tp_gap_filled,295.1472,19815.32,5.99,1186.99,19
HSIC,2023-10-16,2023-10-17,2023-11-01,2-3%,-2.727,71.4213,63.5014,stop,285.7055,20405.47,-11.089,-2262.76,11
AMD,2023-10-17,2023-10-18,2023-11-01,2-3%,-2.743,103.6435,106.3535,tp_gap_filled,195.0843,20219.22,2.615,528.68,10
DDOG,2023-10-17,2023-10-18,2023-11-01,2-3%,-2.254,88.5685,78.7471,stop,228.5718,20244.26,-11.089,-2244.89,10
ANET,2023-10-26,2023-10-31,2023-11-01,3-5%,-3.273,45.045,46.476,tp_gap_filled,441.6212,19892.82,3.177,631.95,1
BA,2023-10-13,2023-10-17,2023-11-02,2-3%,-2.629,186.4563,191.1087,tp_gap_filled,109.0548,20333.95,2.495,507.37,12
HBAN,2023-10-20,2023-10-23,2023-11-02,3-5%,-4.088,9.6296,10.02,tp_gap_filled,2052.533,19765.11,4.054,801.21,8
AME,2023-10-31,2023-11-01,2023-11-02,2-3%,-2.305,137.0269,139.9799,tp_gap_filled,145.7497,19971.62,2.155,430.4,1
AMGN,2023-10-31,2023-11-01,2023-11-02,2-3%,-2.774,256.1459,262.9268,tp_gap_filled,78.0716,19997.73,2.647,529.4,1
ARES,2023-10-31,2023-11-01,2023-11-02,3-5%,-4.841,96.6065,101.3186,tp_gap_filled,207.1283,20009.94,4.878,976.0,1
FERG,2023-10-31,2023-11-01,2023-11-02,3-5%,-3.973,147.8277,153.6362,tp_gap_filled,135.6767,20056.77,3.929,788.08,1
IFF,2023-09-21,2023-09-22,2023-11-03,2-3%,-2.486,68.3283,69.93,tp_gap_filled,292.2567,19969.4,2.344,468.12,30
CTVA,2023-10-23,2023-10-24,2023-11-03,5-10%,-5.73,47.4274,50.2097,tp_gap_filled,422.5501,20040.44,5.867,1175.69,8
A,2023-10-25,2023-10-26,2023-11-03,2-3%,-2.594,103.0029,105.5344,tp_gap_filled,190.5393,19626.1,2.458,482.34,6
CMCSA,2023-10-26,2023-10-27,2023-11-03,5-10%,-6.316,37.5727,40.0255,tp_gap_filled,521.7618,19603.99,6.528,1279.81,5
CAT,2023-10-31,2023-11-01,2023-11-03,5-10%,-5.992,227.8776,241.9178,tp_gap_filled,87.9647,20045.18,6.161,1235.04,2
HUBB,2023-10-31,2023-11-01,2023-11-03,5-10%,-6.399,265.4652,283.0467,tp_gap_filled,75.6515,20082.83,6.623,1330.06,2
CDW,2023-11-01,2023-11-02,2023-11-03,5-10%,-7.41,185.7356,200.1996,tp_gap_filled,110.1731,20463.05,7.787,1593.55,1
CVS,2023-11-01,2023-11-02,2023-11-03,3-5%,-4.724,65.8158,68.941,tp_gap_filled,312.0823,20539.93,4.748,975.33,1
DTE,2023-11-01,2023-11-02,2023-11-03,2-3%,-2.262,94.2942,96.2836,tp_gap_filled,218.2501,20579.72,2.11,434.19,1
CTSH,2023-11-02,2023-11-03,2023-11-06,3-5%,-3.633,62.6626,64.895,tp_gap_filled,330.6521,20719.52,3.563,738.16,1
FOXA,2023-11-02,2023-11-03,2023-11-06,3-5%,-4.399,29.1491,30.4295,tp_gap_filled,712.0802,20756.51,4.393,911.76,1
LITE,2023-10-17,2023-11-03,2023-11-06,2-3%,-2.135,41.3013,42.1178,tp_gap_filled,504.0277,20816.98,1.977,411.58,1
MAR,2023-11-02,2023-11-03,2023-11-06,2-3%,-2.383,184.4843,188.6112,tp_gap_filled,112.9716,20841.49,2.237,466.22,1
MCK,2023-11-02,2023-11-03,2023-11-06,3-5%,-4.008,441.6112,459.1304,tp_gap_filled,47.2523,20867.15,3.967,827.82,1
CLX,2023-10-05,2023-10-06,2023-11-07,3-5%,-4.422,126.126,131.6982,tp_gap_filled,158.6556,20010.59,4.418,884.06,22
BKNG,2023-11-03,2023-11-06,2023-11-07,2-3%,-2.065,111.3112,113.4313,tp_gap_filled,186.4924,20758.69,1.905,395.37,1
FTNT,2023-08-04,2023-08-10,2023-11-08,10%+,-20.248,60.4804,50.1898,time_exit,347.4198,21012.09,-17.015,-3575.18,63
HSIC,2023-11-02,2023-11-03,2023-11-08,2-3%,-2.45,62.5625,64.0059,tp_gap_filled,332.7677,20818.78,2.307,480.33,3
RL,2023-08-10,2023-08-11,2023-11-09,3-5%,-4.024,123.4433,116.4734,time_exit,169.6658,20944.11,-5.646,-1182.56,63
WDAY,2023-09-28,2023-09-29,2023-11-09,10%+,-12.053,203.193,230.5792,tp_gap_filled,98.2177,19957.14,13.478,2689.81,29
NXPI,2023-11-07,2023-11-08,2023-11-09,2-3%,-2.489,178.4282,182.6172,tp_gap_filled,117.1383,20900.78,2.348,490.69,1
UBER,2023-11-07,2023-11-08,2023-11-09,2-3%,-2.368,47.047,48.0919,tp_gap_filled,444.6313,20918.57,2.221,464.58,1
PANW,2023-11-03,2023-11-06,2023-11-10,2-3%,-2.333,122.3823,125.0548,tp_gap_filled,170.1042,20817.74,2.184,454.61,4
FICO,2023-11-09,2023-11-10,2023-11-13,3-5%,-4.165,902.1613,939.4896,tp_gap_filled,23.3863,21098.23,4.138,872.97,1
HPQ,2023-09-14,2023-09-15,2023-11-14,5-10%,-5.118,26.9069,28.3017,tp_gap_filled,759.8823,20446.06,5.184,1059.88,42
DVA,2023-10-11,2023-10-12,2023-11-14,10%+,-16.521,76.2762,91.1887,tp_gap_filled,264.7481,20193.98,19.551,3948.06,23
CFG,2023-10-18,2023-10-19,2023-11-14,5-10%,-5.129,25.7357,27.0729,tp_gap_filled,782.3005,20133.06,5.196,1046.09,18
MOS,2023-10-23,2023-10-24,2023-11-14,3-5%,-4.321,33.9139,35.3746,tp_gap_filled,591.3297,20054.29,4.307,863.76,15
DHR,2023-10-24,2023-10-26,2023-11-14,3-5%,-4.955,194.1339,203.846,tp_gap_filled,101.3071,19667.14,5.003,983.9,13
BX,2023-10-19,2023-11-02,2023-11-14,3-5%,-4.848,97.4373,102.1977,tp_gap_filled,209.9577,20457.72,4.886,999.48,8
HPE,2023-10-20,2023-11-03,2023-11-14,2-3%,-2.209,15.9559,16.2837,tp_gap_filled,1304.8375,20819.91,2.054,427.67,7
CHD,2023-11-03,2023-11-06,2023-11-14,5-10%,-7.242,85.3853,91.868,tp_gap_filled,243.6672,20805.6,7.592,1579.63,6
DE,2023-11-07,2023-11-08,2023-11-14,3-5%,-3.001,367.2669,377.8718,tp_gap_filled,56.8785,20889.6,2.888,603.19,4
BF-B,2023-11-10,2023-11-13,2023-11-14,3-5%,-3.22,56.5565,58.3216,tp_gap_filled,373.2552,21110.01,3.121,658.84,1
UAL,2023-10-18,2023-11-08,2023-11-15,5-10%,-5.085,38.1181,40.0799,tp_gap_filled,548.8208,20920.0,5.147,1076.68,5
EBAY,2023-11-08,2023-11-09,2023-11-15,5-10%,-8.56,37.3173,40.7292,tp_gap_filled,558.524,20842.6,9.143,1905.66,4
LRCX,2023-09-07,2023-11-10,2023-11-15,2-3%,-2.189,68.1681,69.5544,tp_gap_filled,310.5841,21171.93,2.034,430.56,3
CRL,2023-11-08,2023-11-14,2023-11-15,2-3%,-2.084,179.179,182.6272,tp_gap_filled,120.8663,21656.71,1.924,416.77,1
DOC,2023-11-06,2023-11-14,2023-11-15,2-3%,-2.034,16.8769,17.1928,tp_gap_filled,1283.026,21653.45,1.872,405.34,1
FCX,2023-11-07,2023-11-14,2023-11-15,2-3%,-2.007,34.6947,35.3346,tp_gap_filled,624.1926,21656.15,1.845,399.46,1
TSN,2023-11-13,2023-11-14,2023-11-15,2-3%,-2.023,46.046,46.9031,tp_gap_filled,470.5304,21666.04,1.861,403.27,1
WDAY,2023-11-13,2023-11-14,2023-11-15,2-3%,-2.122,225.3551,229.78,tp_gap_filled,96.2597,21692.61,1.964,425.93,1
AAPL,2023-08-04,2023-08-30,2023-11-20,2-3%,-2.955,185.7055,190.9788,tp_gap_filled,112.6699,20923.43,2.84,594.14,57
PANW,2023-11-16,2023-11-17,2023-11-20,5-10%,-6.32,120.115,127.9619,tp_gap_filled,180.6484,21698.58,6.533,1417.53,1
DG,2023-11-16,2023-11-17,2023-11-21,2-3%,-2.0,120.6505,122.867,tp_gap_filled,179.7344,21685.05,1.837,398.38,2
TGT,2023-11-16,2023-11-17,2023-11-21,2-3%,-2.453,127.3873,130.3295,tp_gap_filled,170.5095,21720.74,2.31,501.69,2
NFLX,2023-07-20,2023-09-05,2023-11-22,5-10%,-6.405,44.7447,47.7112,tp_gap_filled,465.2832,20818.96,6.63,1380.28,56
GOOG,2023-10-25,2023-11-02,2023-11-22,5-10%,-7.387,129.8998,139.9799,tp_gap_filled,158.9219,20643.92,7.76,1601.95,14
CVNA,2023-10-12,2023-11-15,2023-11-24,3-5%,-4.331,7.2532,6.0866,stop,3011.2341,21841.22,-16.084,-3512.94,6
BBY,2023-11-21,2023-11-22,2023-11-24,3-5%,-4.566,65.065,68.0419,tp_gap_filled,337.1419,21936.14,4.575,1003.63,1
HUM,2023-11-01,2023-11-07,2023-11-27,3-5%,-4.459,500.8403,523.1663,tp_gap_filled,41.6645,20867.27,4.458,930.2,13
APA,2023-11-22,2023-11-24,2023-11-28,3-5%,-4.943,34.8448,36.5834,tp_gap_filled,633.1108,22060.63,4.989,1100.71,2
DLTR,2023-11-16,2023-11-17,2023-11-29,2-3%,-2.864,115.4353,118.6013,tp_gap_filled,187.8784,21687.8,2.743,594.82,7
MRVL,2023-11-16,2023-11-17,2023-11-29,3-5%,-3.428,55.2652,57.1128,tp_gap_filled,392.5518,21694.46,3.343,725.29,7
COIN,2023-11-27,2023-11-28,2023-11-29,2-3%,-2.562,112.6926,115.4245,tp_gap_filled,194.1459,21878.81,2.424,530.38,1
KEY,2023-11-27,2023-11-28,2023-11-29,2-3%,-2.076,11.8018,12.028,tp_gap_filled,1862.3969,21979.62,1.916,421.22,1
URI,2023-11-20,2023-11-21,2023-11-30,2-3%,-2.763,468.1577,480.499,tp_gap_filled,46.6207,21825.82,2.636,575.36,6
ADSK,2023-11-22,2023-11-24,2023-11-30,5-10%,-7.544,201.4512,217.4523,tp_gap_filled,109.4729,22053.44,7.943,1751.68,4
EW,2023-11-28,2023-11-29,2023-11-30,2-3%,-2.323,65.6656,67.0928,tp_gap_filled,335.5182,22032.0,2.174,478.87,1
EL,2023-11-01,2023-11-02,2023-12-01,10%+,-15.201,109.3893,128.7411,tp_gap_filled,188.4332,20612.57,17.691,3646.53,20
CIEN,2023-11-16,2023-11-17,2023-12-01,3-5%,-3.815,44.6646,46.3436,tp_gap_filled,485.3182,21676.55,3.759,814.84,9
ABNB,2023-10-03,2023-10-10,2023-12-04,3-5%,-3.215,132.3022,136.4234,tp_gap_filled,153.3256,20285.31,3.115,631.9,38
ABBV,2023-10-27,2023-10-30,2023-12-04,3-5%,-4.428,138.9088,145.0548,tp_gap_filled,141.895,19710.46,4.425,872.09,24
INCY,2023-11-21,2023-11-22,2023-12-04,2-3%,-2.76,53.2532,54.6553,tp_gap_filled,412.5472,21969.46,2.633,578.43,7
PCG,2023-11-29,2023-11-30,2023-12-04,2-3%,-2.286,17.1171,17.4825,tp_gap_filled,1292.1599,22118.03,2.135,472.15,2
JCI,2023-09-28,2023-09-29,2023-12-05,5-10%,-5.226,51.7417,54.4855,tp_gap_filled,384.37,19887.95,5.303,1054.62,46
HOOD,2023-11-08,2023-11-29,2023-12-05,5-10%,-9.99,8.7938,9.7502,tp_gap_filled,2504.969,22028.16,10.876,2395.89,4
TSLA,2023-12-01,2023-12-04,2023-12-05,2-3%,-2.891,233.3731,239.8399,tp_gap_filled,96.222,22455.62,2.771,622.25,1
APO,2023-11-30,2023-12-01,2023-12-06,3-5%,-3.24,89.3693,92.1777,tp_gap_filled,251.3503,22462.99,3.143,705.9,3
NTAP,2023-12-01,2023-12-04,2023-12-06,2-3%,-2.167,89.4994,91.2986,tp_gap_filled,250.6239,22430.69,2.01,450.92,2
EVRG,2023-12-04,2023-12-05,2023-12-06,2-3%,-2.898,50.3103,51.7082,tp_gap_filled,443.0522,22290.07,2.779,619.38,1
FERG,2023-12-04,2023-12-05,2023-12-06,2-3%,-2.419,168.4082,172.2376,tp_gap_filled,132.4363,22303.36,2.274,507.14,1
KKR,2023-12-04,2023-12-05,2023-12-06,2-3%,-2.418,73.1331,74.7951,tp_gap_filled,305.3132,22328.49,2.273,507.45,1
SMCI,2023-12-01,2023-12-04,2023-12-08,3-5%,-4.099,26.2522,27.3197,tp_gap_filled,854.9642,22444.71,4.066,912.61,4
CVNA,2023-12-05,2023-12-06,2023-12-08,3-5%,-3.269,7.7598,8.006,tp_gap_filled,2866.7819,22245.52,3.173,705.9,2
TSCO,2023-12-05,2023-12-06,2023-12-08,2-3%,-2.156,41.5295,42.3596,tp_gap_filled,534.4939,22197.26,1.999,443.69,2
GILD,2023-11-08,2023-11-09,2023-12-11,3-5%,-3.87,77.5675,80.5294,tp_gap_filled,269.3298,20891.24,3.818,797.73,21
LITE,2023-11-16,2023-11-17,2023-12-11,3-5%,-3.146,43.7637,45.0949,tp_gap_filled,495.5645,21687.75,3.042,659.66,15
AMAT,2023-11-17,2023-11-20,2023-12-11,5-10%,-8.249,142.182,154.6552,tp_gap_filled,153.9715,21891.99,8.773,1920.51,14
AVGO,2023-11-21,2023-11-22,2023-12-11,2-3%,-2.08,97.5975,99.4714,tp_gap_filled,224.7918,21939.11,1.92,421.24,12
MU,2023-11-28,2023-11-29,2023-12-11,3-5%,-3.135,75.1551,77.4325,tp_gap_filled,293.2429,22038.7,3.03,667.83,8
LVS,2023-11-29,2023-11-30,2023-12-11,3-5%,-3.546,46.016,47.6123,tp_gap_filled,480.6236,22116.36,3.469,767.25,7
COIN,2023-12-07,2023-12-08,2023-12-11,2-3%,-2.681,131.151,134.4954,tp_gap_filled,171.8927,22543.9,2.55,574.87,1
FIX,2023-12-04,2023-12-06,2023-12-12,2-3%,-2.431,192.0218,196.4134,tp_gap_filled,115.7077,22218.4,2.287,508.14,4
HOOD,2023-12-08,2023-12-11,2023-12-12,2-3%,-2.178,11.2412,11.4685,tp_gap_filled,2025.4095,22768.09,2.022,460.36,1
EMR,2023-11-07,2023-11-08,2023-12-13,5-10%,-8.655,83.8838,91.6483,tp_gap_filled,249.0777,20893.59,9.256,1933.95,24
BAX,2023-10-11,2023-11-20,2023-12-13,3-5%,-4.073,35.8358,37.2827,tp_gap_filled,612.3848,21945.3,4.038,886.05,16
JBHT,2023-10-18,2023-11-30,2023-12-13,5-10%,-5.449,185.5153,195.814,tp_gap_filled,119.2211,22117.34,5.551,1227.82,9
TTWO,2023-12-05,2023-12-06,2023-12-13,2-3%,-2.094,154.4143,157.4024,tp_gap_filled,143.7932,22203.72,1.935,429.68,5
GEHC,2023-11-27,2023-12-11,2023-12-13,3-5%,-3.324,71.3313,73.6363,tp_gap_filled,319.2182,22770.23,3.231,735.81,2
ROK,2023-10-18,2023-12-11,2023-12-13,2-3%,-2.254,284.284,290.2594,tp_gap_filled,80.2006,22799.74,2.102,479.23,2
COIN,2023-12-11,2023-12-12,2023-12-13,3-5%,-3.492,141.6415,146.4734,tp_gap_filled,161.1995,22832.54,3.411,778.9,1
EQT,2023-12-11,2023-12-12,2023-12-13,2-3%,-2.343,36.2963,37.0929,tp_gap_filled,628.7613,22821.68,2.195,500.88,1
EXE,2023-12-11,2023-12-12,2023-12-13,2-3%,-2.172,73.4934,74.975,tp_gap_filled,310.4453,22815.68,2.016,459.94,1
SMCI,2023-12-11,2023-12-12,2023-12-13,3-5%,-3.525,26.3303,27.2377,tp_gap_filled,866.6228,22818.44,3.446,786.4,1
MO,2023-09-14,2023-09-15,2023-12-14,2-3%,-2.078,43.8638,42.0679,time_exit,466.376,20457.03,-4.094,-837.58,63
ALGN,2023-10-26,2023-10-27,2023-12-14,10%+,-22.386,197.0969,253.4363,tp_gap_filled,99.5674,19624.42,28.585,5609.57,33
APTV,2023-11-02,2023-11-03,2023-12-14,5-10%,-9.085,78.3383,85.9939,tp_gap_filled,264.5823,20726.91,9.773,2025.55,28
DD,2023-11-01,2023-11-03,2023-12-14,3-5%,-4.116,87.8032,91.3897,tp_gap_filled,236.4297,20759.28,4.085,847.95,28
F,2023-10-27,2023-11-29,2023-12-14,3-5%,-3.7,10.9409,11.3387,tp_gap_filled,2015.5266,22051.74,3.635,801.62,11
FCX,2023-12-04,2023-12-08,2023-12-14,2-3%,-2.931,38.1281,39.2008,tp_gap_filled,593.4518,22627.18,2.813,636.58,4
ABNB,2023-12-12,2023-12-13,2023-12-14,3-5%,-3.506,138.0379,142.7671,tp_gap_filled,167.5374,23126.51,3.426,792.32,1
HAS,2023-12-12,2023-12-13,2023-12-14,2-3%,-2.393,47.7677,48.8411,tp_gap_filled,484.9017,23162.65,2.247,520.49,1
HPE,2023-12-12,2023-12-13,2023-12-14,3-5%,-3.661,16.066,16.6433,tp_gap_filled,1443.819,23196.47,3.593,833.5,1
ZBRA,2023-09-20,2023-12-13,2023-12-14,2-3%,-2.808,245.3351,251.9178,tp_gap_filled,94.6567,23222.61,2.683,623.1,1
CRM,2023-12-04,2023-12-06,2023-12-15,2-3%,-2.769,253.0528,259.74,tp_gap_filled,87.954,22257.02,2.643,588.17,7
AJG,2023-12-15,2023-12-18,2023-12-19,2-3%,-2.859,220.7706,226.813,tp_gap_filled,105.8335,23364.93,2.737,639.49,1
DRI,2023-12-15,2023-12-18,2023-12-19,3-5%,-4.715,155.5554,162.9269,tp_gap_filled,150.4561,23404.26,4.739,1109.09,1
FCX,2023-12-15,2023-12-18,2023-12-19,2-3%,-2.43,40.991,41.928,tp_gap_filled,572.3827,23462.51,2.286,536.37,1
GOOG,2023-12-08,2023-12-18,2023-12-19,2-3%,-2.015,135.7957,138.3115,tp_gap_filled,172.8285,23469.36,1.853,434.82,1
MPC,2023-12-15,2023-12-18,2023-12-19,3-5%,-3.433,145.8557,150.7391,tp_gap_filled,160.9963,23482.23,3.348,786.21,1
FANG,2023-11-15,2023-11-17,2023-12-20,2-3%,-2.35,155.5754,159.0008,tp_gap_filled,139.3863,21685.08,2.202,477.46,22
COIN,2023-12-18,2023-12-19,2023-12-20,2-3%,-2.089,144.9548,147.7521,tp_gap_filled,163.5857,23712.54,1.93,457.6,1
CSCO,2023-09-21,2023-09-22,2023-12-21,3-5%,-3.766,53.4634,49.6503,time_exit,373.4904,19968.07,-7.132,-1424.16,63
ACN,2023-12-19,2023-12-20,2023-12-21,2-3%,-2.668,333.0627,341.5082,tp_gap_filled,70.3841,23442.33,2.536,594.42,1
FDS,2023-12-19,2023-12-20,2023-12-21,2-3%,-2.94,445.445,458.0215,tp_gap_filled,52.6607,23457.43,2.823,662.29,1
DELL,2023-12-01,2023-12-14,2023-12-22,5-10%,-5.285,71.9319,75.7941,tp_gap_filled,324.8971,23370.45,5.369,1254.84,6
JCI,2023-12-12,2023-12-14,2023-12-22,3-5%,-3.642,54.5645,56.5134,tp_gap_filled,428.4075,23375.85,3.572,834.93,6
SYK,2023-12-15,2023-12-18,2023-12-22,3-5%,-3.676,286.4662,296.8029,tp_gap_filled,82.0836,23514.18,3.608,848.48,4
TJX,2023-11-15,2023-11-17,2023-12-26,2-3%,-2.919,89.8898,92.4075,tp_gap_filled,241.7956,21734.96,2.801,608.77,25
ECHO,2023-11-06,2023-12-08,2023-12-27,10%+,-15.026,13.1331,15.4246,tp_gap_filled,1723.3172,22632.53,17.448,3948.88,12
PCAR,2023-12-14,2023-12-15,2023-12-27,3-5%,-3.059,95.1551,97.9619,tp_gap_filled,244.1915,23236.06,2.95,685.42,7
MRNA,2023-10-16,2023-12-22,2023-12-27,3-5%,-3.052,95.3953,98.2017,tp_gap_filled,248.8607,23740.14,2.942,698.4,2
VEEV,2023-11-09,2023-11-15,2023-12-28,5-10%,-8.108,178.5684,193.9359,tp_gap_filled,122.0761,21798.94,8.606,1876.0,29
MCK,2023-12-14,2023-12-21,2023-12-28,2-3%,-2.157,451.3108,460.3392,tp_gap_filled,52.4825,23685.94,2.0,473.83,4
CEG,2023-12-22,2023-12-26,2023-12-28,2-3%,-2.798,115.115,118.1917,tp_gap_filled,207.0103,23829.99,2.673,636.91,2
SMCI,2023-12-19,2023-12-20,2023-12-29,2-3%,-2.232,31.5315,28.035,stop,744.3192,23469.5,-11.089,-2602.53,6
GIS,2023-12-20,2023-12-21,2024-01-02,3-5%,-4.137,64.014,66.6433,tp_gap_filled,369.9744,23683.52,4.107,972.79,6
EIX,2023-12-28,2023-12-29,2024-01-02,2-3%,-2.072,70.4904,71.8381,tp_gap_filled,338.5784,23866.54,1.912,456.29,1
IBKR,2023-10-18,2023-10-19,2024-01-03,3-5%,-4.083,20.7507,21.5909,tp_gap_filled,969.1584,20110.74,4.049,814.25,51
COIN,2023-12-28,2023-12-29,2024-01-03,3-5%,-3.201,179.4893,150.6202,stop,133.1068,23891.25,-16.084,-3842.67,2
BRO,2023-12-15,2023-12-18,2024-01-08,2-3%,-2.557,70.1901,71.888,tp_gap_filled,333.308,23394.93,2.419,565.93,13
HST,2023-12-28,2023-12-29,2024-01-08,2-3%,-2.529,19.6797,20.1498,tp_gap_filled,1213.3246,23877.82,2.389,570.47,5
APP,2024-01-03,2024-01-04,2024-01-08,2-3%,-2.166,37.9779,38.7412,tp_gap_filled,620.1266,23551.13,2.01,473.33,2
AMD,2024-01-02,2024-01-08,2024-01-09,2-3%,-2.123,144.4243,147.2626,tp_gap_filled,165.2369,23864.22,1.965,468.99,1
BLDR,2024-01-03,2024-01-08,2024-01-09,2-3%,-2.062,162.132,165.2146,tp_gap_filled,147.2498,23873.89,1.901,453.92,1
LEN,2023-12-15,2023-12-18,2024-01-10,5-10%,-5.542,141.7001,149.7146,tp_gap_filled,165.6837,23477.4,5.656,1327.87,15
MLM,2023-12-28,2023-12-29,2024-01-10,2-3%,-2.086,489.6892,499.1204,tp_gap_filled,48.7438,23869.34,1.926,459.71,7
DECK,2023-12-22,2023-12-26,2024-01-11,2-3%,-2.233,114.8497,117.2376,tp_gap_filled,207.7991,23865.67,2.079,496.21,11
PH,2023-12-28,2023-12-29,2024-01-11,3-5%,-3.189,447.9575,461.7878,tp_gap_filled,53.3183,23884.32,3.087,737.4,8
ECHO,2024-01-02,2024-01-10,2024-01-11,2-3%,-2.474,16.1762,16.5534,tp_gap_filled,1474.3944,23850.04,2.332,556.24,1
HUM,2023-11-29,2023-12-01,2024-01-12,2-3%,-2.829,496.506,441.4485,stop,45.2983,22490.9,-11.089,-2494.02,28
GILD,2024-01-10,2024-01-11,2024-01-12,2-3%,-2.51,83.9839,85.9739,tp_gap_filled,283.7367,23829.32,2.37,564.65,1
AVGO,2024-01-02,2024-01-11,2024-01-16,2-3%,-2.162,109.3212,111.5134,tp_gap_filled,217.9244,23823.76,2.005,477.73,2
CAH,2023-12-14,2024-01-03,2024-01-17,3-5%,-3.748,104.104,107.942,tp_gap_filled,226.114,23539.37,3.687,867.81,9
CNC,2024-01-12,2024-01-16,2024-01-17,2-3%,-2.63,77.4574,79.3905,tp_gap_filled,304.6773,23599.5,2.496,588.99,1
MPWR,2024-01-03,2024-01-08,2024-01-18,2-3%,-2.182,591.4108,603.396,tp_gap_filled,40.3822,23882.47,2.027,483.99,7
LUV,2023-12-13,2023-12-14,2024-01-22,2-3%,-2.408,29.6096,30.2797,tp_gap_filled,789.4635,23375.68,2.263,529.03,24
URI,2023-12-28,2023-12-29,2024-01-22,2-3%,-2.529,564.7842,578.2811,tp_gap_filled,42.3294,23906.97,2.39,571.32,14
C,2024-01-11,2024-01-12,2024-01-22,2-3%,-2.226,51.8918,52.967,tp_gap_filled,458.3535,23784.81,2.072,492.79,5
BALL,2024-01-16,2024-01-17,2024-01-22,2-3%,-2.165,55.1951,56.3036,tp_gap_filled,425.8208,23503.24,2.008,472.02,3
FTNT,2024-01-16,2024-01-17,2024-01-22,2-3%,-2.162,61.1511,62.3776,tp_gap_filled,384.2159,23495.22,2.006,471.23,3
AAPL,2024-01-02,2024-01-18,2024-01-22,2-3%,-2.794,187.3371,192.3375,tp_gap_filled,126.4067,23680.68,2.669,632.07,2
ADP,2023-10-25,2023-11-14,2024-01-23,3-5%,-4.492,229.8796,240.2095,tp_gap_filled,94.2015,21655.01,4.494,973.09,46
ORCL,2023-12-12,2023-12-13,2024-01-24,10%+,-10.796,102.8027,115.0149,tp_gap_filled,225.8813,23221.2,11.879,2758.5,27
BAC,2024-01-12,2024-01-16,2024-01-24,2-3%,-2.715,32.2822,33.1169,tp_gap_filled,731.159,23603.46,2.585,610.23,6
NEM,2024-01-17,2024-01-23,2024-01-24,2-3%,-2.138,35.2752,35.974,tp_gap_filled,680.5771,24007.52,1.981,475.55,1
ADBE,2023-12-14,2023-12-18,2024-01-25,5-10%,-5.008,593.593,623.6357,tp_gap_filled,39.3496,23357.67,5.061,1182.17,25
FANG,2024-01-08,2024-01-09,2024-01-25,2-3%,-2.02,152.9528,155.794,tp_gap_filled,155.4238,23772.5,1.858,441.6,11
GE,2024-01-23,2024-01-24,2024-01-25,2-3%,-2.743,101.9614,104.6279,tp_gap_filled,235.0788,23968.96,2.615,626.84,1
INTC,2024-01-02,2024-01-24,2024-01-25,2-3%,-2.09,49.2492,50.1998,tp_gap_filled,486.9632,23982.55,1.93,462.88,1
J,2023-11-21,2024-01-10,2024-01-26,3-5%,-3.636,109.293,113.1898,tp_gap_filled,218.4341,23873.33,3.565,851.18,11
SW,2024-01-19,2024-01-22,2024-01-26,2-3%,-2.965,36.3663,37.4026,tp_gap_filled,657.7721,23920.76,2.849,681.6,4
T,2024-01-09,2024-01-23,2024-01-26,2-3%,-2.021,16.987,17.3027,tp_gap_filled,1413.4036,24009.44,1.859,446.23,3
WST,2023-10-25,2023-12-14,2024-01-29,2-3%,-2.05,362.5022,369.3503,tp_gap_filled,64.431,23356.38,1.889,441.23,29
COIN,2024-01-23,2024-01-24,2024-01-29,3-5%,-4.524,122.5324,128.0818,tp_gap_filled,195.6767,23976.74,4.529,1085.89,3
AMP,2024-01-25,2024-01-26,2024-01-29,3-5%,-4.966,370.4901,389.0705,tp_gap_filled,65.5218,24275.17,5.015,1217.42,1
FDS,2024-01-02,2024-01-11,2024-01-30,2-3%,-2.71,464.5841,476.5729,tp_gap_filled,51.2903,23828.67,2.581,614.91,12
ABT,2024-01-24,2024-01-25,2024-01-31,2-3%,-2.851,110.8607,113.886,tp_gap_filled,217.9195,24158.72,2.729,659.26,4
CNC,2024-01-25,2024-01-26,2024-01-31,3-5%,-3.352,73.0229,75.4045,tp_gap_filled,333.077,24322.26,3.261,793.25,3
UPS,2023-12-20,2023-12-21,2024-02-01,2-3%,-2.939,157.0269,139.6142,stop,150.8556,23688.39,-11.089,-2626.81,27
CI,2024-01-25,2024-01-26,2024-02-01,2-3%,-2.463,297.297,304.1955,tp_gap_filled,81.8065,24320.84,2.32,564.34,4
CMI,2023-12-22,2023-12-26,2024-02-02,3-5%,-4.205,233.9737,243.756,tp_gap_filled,101.9214,23846.93,4.181,997.02,26
RL,2023-12-22,2023-12-26,2024-02-02,2-3%,-2.021,145.0749,147.7721,tp_gap_filled,164.4793,23861.82,1.859,443.63,26
DDOG,2024-01-31,2024-02-01,2024-02-02,2-3%,-2.791,123.4133,126.7032,tp_gap_filled,196.5275,24254.1,2.666,646.55,1
ANET,2024-01-31,2024-02-02,2024-02-05,2-3%,-2.732,66.1986,67.922,tp_gap_filled,365.9038,24222.33,2.603,630.59,1
AMAT,2024-01-26,2024-01-30,2024-02-06,2-3%,-2.062,169.2391,172.4574,tp_gap_filled,143.3852,24266.37,1.902,461.46,5
AAPL,2024-02-02,2024-02-05,2024-02-06,3-5%,-3.746,180.0399,186.6731,tp_gap_filled,132.7827,23906.17,3.684,880.78,1
FICO,2024-01-26,2024-02-01,2024-02-07,3-5%,-3.797,1236.7355,1282.9857,tp_gap_filled,19.6299,24276.94,3.74,907.89,4
DGX,2024-02-01,2024-02-02,2024-02-07,3-5%,-3.41,124.1741,128.3016,tp_gap_filled,195.2313,24242.66,3.324,805.82,3
FCX,2024-02-05,2024-02-06,2024-02-07,2-3%,-2.219,39.2492,40.0599,tp_gap_filled,616.3706,24192.06,2.065,499.69,1
PLTR,2023-12-04,2024-02-06,2024-02-07,2-3%,-2.565,19.7697,20.2497,tp_gap_filled,1224.6476,24210.98,2.428,587.81,1
BX,2024-01-03,2024-01-25,2024-02-08,2-3%,-2.51,125.1751,128.1417,tp_gap_filled,193.0917,24170.27,2.37,572.84,10
FSLR,2024-02-02,2024-02-07,2024-02-09,2-3%,-2.644,144.124,147.7421,tp_gap_filled,168.3354,24261.17,2.51,609.06,2
ALB,2024-02-02,2024-02-07,2024-02-12,2-3%,-2.089,114.4543,116.6632,tp_gap_filled,212.0753,24272.94,1.93,468.45,3
CARR,2024-02-06,2024-02-07,2024-02-12,2-3%,-2.488,54.9149,56.2037,tp_gap_filled,442.0871,24277.15,2.347,569.8,3
ABNB,2024-02-09,2024-02-12,2024-02-13,3-5%,-3.122,145.9858,150.3895,tp_gap_filled,168.1426,24546.44,3.016,740.44,1
BDX,2023-11-09,2023-11-13,2024-02-14,5-10%,-7.33,186.633,187.3989,time_exit,113.1341,21114.56,0.41,86.65,63
CME,2023-12-27,2023-12-28,2024-02-14,2-3%,-2.654,209.3091,214.5852,tp_gap_filled,114.4218,23949.52,2.521,603.7,32
LIN,2023-12-13,2023-12-14,2024-02-15,3-5%,-4.87,406.3459,426.2933,tp_gap_filled,57.5106,23369.21,4.909,1147.18,42
AMD,2024-01-26,2024-01-29,2024-02-15,2-3%,-2.795,175.4653,180.1497,tp_gap_filled,138.978,24385.81,2.67,651.03,13
AOS,2024-01-30,2024-01-31,2024-02-15,3-5%,-3.539,78.8388,81.5684,tp_gap_filled,304.8023,24030.23,3.462,831.99,11
CINF,2024-02-07,2024-02-08,2024-02-15,3-5%,-3.684,108.078,111.9879,tp_gap_filled,224.1353,24224.08,3.618,876.35,5
ABNB,2024-02-13,2024-02-14,2024-02-15,2-3%,-2.984,149.3592,153.6462,tp_gap_filled,163.0875,24358.62,2.87,699.15,1
APD,2023-11-07,2023-11-15,2024-02-16,5-10%,-6.715,272.0117,226.6232,time_exit,80.2793,21836.92,-16.686,-3643.76,63
CBRE,2024-01-03,2024-02-15,2024-02-16,2-3%,-2.403,91.071,93.1268,tp_gap_filled,270.1415,24602.06,2.257,555.36,1
EBAY,2024-02-13,2024-02-15,2024-02-16,2-3%,-2.299,42.5325,43.4465,tp_gap_filled,579.1133,24631.13,2.149,529.32,1
ADBE,2024-02-13,2024-02-14,2024-02-20,2-3%,-2.475,597.2967,531.0625,stop,40.7709,24352.32,-11.089,-2700.43,3
AES,2024-02-13,2024-02-15,2024-02-20,2-3%,-2.666,16.4464,16.8631,tp_gap_filled,1494.8018,24584.15,2.534,622.87,2
ALB,2024-02-15,2024-02-16,2024-02-20,2-3%,-2.089,112.112,114.2756,tp_gap_filled,218.3536,24480.06,1.93,472.43,1
BG,2024-01-22,2024-01-23,2024-02-21,2-3%,-2.169,90.7607,92.5873,tp_gap_filled,264.571,24012.64,2.013,483.28,20
ADI,2024-02-13,2024-02-15,2024-02-21,3-5%,-3.035,188.3482,193.856,tp_gap_filled,130.5437,24587.67,2.924,719.01,3
DAL,2024-01-12,2024-01-25,2024-02-22,3-5%,-4.993,40.1902,42.2177,tp_gap_filled,601.1279,24159.42,5.045,1218.84,19
BKNG,2024-02-09,2024-02-12,2024-02-22,3-5%,-3.651,148.148,153.4552,tp_gap_filled,165.9843,24590.24,3.582,880.91,7
BXP,2024-02-16,2024-02-20,2024-02-22,2-3%,-2.129,65.3553,66.6433,tp_gap_filled,375.0466,24511.28,1.971,483.06,2
GEHC,2024-02-16,2024-02-20,2024-02-22,2-3%,-2.476,83.5935,85.5444,tp_gap_filled,293.6253,24545.17,2.334,572.82,2
ADBE,2024-02-20,2024-02-21,2024-02-22,2-3%,-2.773,532.0315,546.1133,tp_gap_filled,46.4099,24691.52,2.647,653.54,1
ALLE,2024-02-20,2024-02-21,2024-02-22,3-5%,-3.194,128.3182,132.2876,tp_gap_filled,192.5024,24701.56,3.093,764.12,1
ARE,2024-02-02,2024-02-16,2024-02-23,2-3%,-2.27,119.8097,122.3475,tp_gap_filled,204.9611,24556.32,2.118,520.16,4
APP,2024-02-21,2024-02-22,2024-02-23,3-5%,-3.698,55.2652,57.2727,tp_gap_filled,451.5534,24955.19,3.632,906.48,1
COHR,2024-02-21,2024-02-22,2024-02-23,2-3%,-2.113,55.6356,56.7232,tp_gap_filled,449.2331,24993.35,1.955,488.6,1
CRM,2024-02-21,2024-02-22,2024-02-23,2-3%,-2.207,280.3501,286.1036,tp_gap_filled,89.5265,25098.75,2.052,515.09,1
DDOG,2024-02-21,2024-02-22,2024-02-23,2-3%,-2.232,124.9348,127.5323,tp_gap_filled,201.8658,25220.06,2.079,524.35,1
MU,2024-01-26,2024-01-29,2024-02-26,2-3%,-2.197,87.3272,89.1108,tp_gap_filled,279.3603,24395.76,2.042,498.26,19
CAH,2024-02-01,2024-02-02,2024-02-26,3-5%,-4.753,104.104,109.0808,tp_gap_filled,232.9176,24247.66,4.781,1159.19,15
COIN,2024-02-21,2024-02-22,2024-02-26,5-10%,-5.222,164.4142,173.1267,tp_gap_filled,152.4548,25065.74,5.299,1328.26,2
CVNA,2024-02-16,2024-02-23,2024-02-26,3-5%,-4.252,11.045,11.5125,tp_gap_filled,2281.1958,25195.89,4.232,1066.33,1
EQT,2024-02-22,2024-02-23,2024-02-26,2-3%,-2.198,36.5165,37.2627,tp_gap_filled,694.9673,25377.76,2.044,518.6,1
AZO,2024-02-08,2024-02-13,2024-02-27,3-5%,-3.009,2759.757,2839.6975,tp_gap_filled,8.7756,24218.62,2.897,701.53,9
CRWD,2024-02-21,2024-02-22,2024-02-27,10%+,-12.567,70.8283,80.8466,tp_gap_filled,354.921,25138.44,14.145,3555.71,3
A,2024-02-22,2024-02-23,2024-02-28,2-3%,-2.106,132.6125,135.1947,tp_gap_filled,190.0242,25199.58,1.947,490.68,3
CVNA,2024-02-26,2024-02-27,2024-02-28,3-5%,-3.264,13.4074,13.8322,tp_gap_filled,1886.4326,25292.15,3.168,801.28,1
FIS,2024-02-26,2024-02-27,2024-02-28,2-3%,-2.318,62.8528,64.2157,tp_gap_filled,405.0807,25460.45,2.168,552.1,1
BF-B,2023-12-06,2023-12-12,2024-02-29,5-10%,-5.745,56.8268,60.1698,tp_gap_filled,401.7654,22831.03,5.883,1343.1,53
ECHO,2024-02-22,2024-02-23,2024-02-29,2-3%,-2.739,13.1531,13.4965,tp_gap_filled,1931.7722,25408.87,2.61,663.27,4
KEY,2024-02-26,2024-02-27,2024-02-29,2-3%,-2.174,13.9639,14.2457,tp_gap_filled,1827.2897,25516.18,2.018,514.91,2
SBAC,2024-02-27,2024-02-28,2024-02-29,2-3%,-2.094,203.6334,207.5722,tp_gap_filled,124.7162,25396.38,1.934,491.23,1
DASH,2024-02-16,2024-02-20,2024-03-01,10%+,-11.396,111.9919,126.1437,tp_gap_filled,218.9419,24519.72,12.636,3098.43,8
EOG,2024-02-23,2024-02-26,2024-03-01,5-10%,-5.619,109.9699,116.2836,tp_gap_filled,228.9274,25175.11,5.741,1445.39,4
KEYS,2024-02-20,2024-02-26,2024-03-01,2-3%,-2.493,151.5014,155.0648,tp_gap_filled,166.2756,25190.98,2.352,592.51,4
LLY,2024-02-27,2024-02-28,2024-03-01,2-3%,-2.205,755.6549,771.1481,tp_gap_filled,33.6055,25394.16,2.05,520.65,2
AMAT,2024-02-28,2024-02-29,2024-03-01,2-3%,-2.154,198.6885,202.6571,tp_gap_filled,128.438,25519.15,1.997,509.72,1
CVNA,2024-02-28,2024-02-29,2024-03-01,2-3%,-2.139,15.7557,16.0679,tp_gap_filled,1620.4696,25531.7,1.981,505.87,1
EXR,2024-02-28,2024-02-29,2024-03-01,3-5%,-3.373,135.6255,140.0798,tp_gap_filled,187.9833,25495.33,3.284,837.33,1
MS,2024-01-16,2024-01-22,2024-03-04,3-5%,-3.3,86.8267,89.6103,tp_gap_filled,275.616,23930.83,3.206,767.19,29
CPAY,2024-02-08,2024-02-09,2024-03-04,5-10%,-7.36,270.7705,291.698,tp_gap_filled,90.0373,24379.45,7.729,1884.26,15
BEN,2024-02-13,2024-02-15,2024-03-04,2-3%,-2.882,27.3273,28.0819,tp_gap_filled,900.2271,24600.77,2.761,679.3,11
ROL,2024-02-15,2024-02-23,2024-03-04,3-5%,-4.859,42.1421,44.2058,tp_gap_filled,602.4663,25389.19,4.897,1243.28,6
DELL,2024-02-29,2024-03-01,2024-03-04,2-3%,-2.413,91.091,93.1568,tp_gap_filled,281.3729,25630.54,2.268,581.25,1
HPQ,2024-02-29,2024-03-01,2024-03-04,2-3%,-2.994,27.8879,28.6913,tp_gap_filled,930.3234,25944.73,2.881,747.44,1
ECHO,2024-03-01,2024-03-04,2024-03-05,5-10%,-9.001,11.9419,13.0969,tp_gap_filled,2148.5882,25658.29,9.671,2481.53,1
HPE,2024-01-09,2024-03-04,2024-03-05,5-10%,-6.321,16.6166,17.7023,tp_gap_filled,1548.9119,25737.65,6.534,1681.62,1
SMCI,2024-02-23,2024-03-04,2024-03-05,3-5%,-3.83,93.9098,97.4544,tp_gap_filled,274.361,25765.19,3.775,972.51,1
USB,2024-01-31,2024-03-04,2024-03-05,2-3%,-2.03,42.5025,43.2967,tp_gap_filled,609.1147,25888.87,1.869,483.76,1
PFE,2023-12-01,2023-12-04,2024-03-06,3-5%,-4.923,28.999,27.1628,time_exit,773.7332,22437.47,-6.332,-1420.7,63
KMB,2024-01-24,2024-01-25,2024-03-06,3-5%,-4.194,119.8297,124.825,tp_gap_filled,201.5416,24150.67,4.169,1006.77,28
DXCM,2024-02-09,2024-03-04,2024-03-06,3-5%,-3.188,123.123,126.923,tp_gap_filled,208.442,25664.01,3.086,792.07,2
ITW,2024-03-04,2024-03-05,2024-03-06,2-3%,-2.356,254.3141,259.9298,tp_gap_filled,101.4541,25801.2,2.208,569.74,1
PLTR,2024-03-04,2024-03-05,2024-03-06,2-3%,-2.126,24.4244,24.9051,tp_gap_filled,1057.0668,25818.22,1.968,508.1,1
AON,2023-12-15,2023-12-18,2024-03-07,2-3%,-2.11,311.6313,317.712,tp_gap_filled,75.053,23388.88,1.951,456.37,54
D,2024-03-01,2024-03-04,2024-03-07,2-3%,-2.049,46.8968,47.7822,tp_gap_filled,547.3204,25667.6,1.888,484.56,3
WEC,2024-02-02,2024-03-04,2024-03-07,2-3%,-2.311,79.9699,81.6982,tp_gap_filled,323.7829,25892.88,2.161,559.6,3
CFG,2024-01-31,2024-03-05,2024-03-07,3-5%,-3.614,33.1031,34.2757,tp_gap_filled,780.3746,25832.79,3.542,915.08,2
IRM,2024-03-04,2024-03-05,2024-03-07,2-3%,-2.567,79.0289,80.949,tp_gap_filled,326.541,25806.19,2.43,626.97,2
AMD,2024-03-05,2024-03-06,2024-03-07,2-3%,-2.367,200.7005,205.1546,tp_gap_filled,129.8397,26058.89,2.219,578.32,1
BBY,2024-03-05,2024-03-06,2024-03-07,2-3%,-2.025,76.046,77.4625,tp_gap_filled,343.238,26101.87,1.863,486.19,1
CRWD,2024-03-05,2024-03-06,2024-03-07,2-3%,-2.001,76.9594,78.374,tp_gap_filled,339.4859,26126.63,1.838,480.26,1
INTC,2024-03-05,2024-03-06,2024-03-07,2-3%,-2.302,44.6046,45.5644,tp_gap_filled,587.1173,26188.11,2.152,563.53,1
CVNA,2024-03-04,2024-03-05,2024-03-08,2-3%,-2.429,16.2052,16.5754,tp_gap_filled,1594.89,25845.49,2.285,590.46,3
KKR,2024-03-04,2024-03-05,2024-03-08,3-5%,-3.002,96.056,98.8311,tp_gap_filled,268.7315,25813.26,2.889,745.76,3
MO,2023-12-20,2024-01-02,2024-03-11,2-3%,-2.71,41.3313,42.3976,tp_gap_filled,577.2463,23858.34,2.58,615.5,47
CSCO,2024-02-15,2024-02-16,2024-03-11,3-5%,-4.018,48.3083,50.2297,tp_gap_filled,508.2507,24552.7,3.977,976.58,15
CRH,2024-03-04,2024-03-05,2024-03-12,2-3%,-2.44,81.6416,83.5164,tp_gap_filled,316.5755,25845.72,2.296,593.53,5
HAL,2024-01-30,2024-01-31,2024-03-13,3-5%,-3.334,35.986,37.1528,tp_gap_filled,667.4202,24017.75,3.243,778.78,29
KVUE,2024-02-08,2024-03-07,2024-03-13,3-5%,-3.265,19.8699,20.4995,tp_gap_filled,1326.2142,26351.68,3.169,835.02,4
MS,2024-03-06,2024-03-07,2024-03-13,2-3%,-2.648,86.8568,89.0409,tp_gap_filled,303.3568,26348.59,2.515,662.56,4
WSM,2024-03-08,2024-03-11,2024-03-13,5-10%,-5.095,117.5574,123.6213,tp_gap_filled,226.4,26615.0,5.158,1372.85,2
SMCI,2024-03-11,2024-03-12,2024-03-13,3-5%,-3.488,110.135,113.887,tp_gap_filled,240.8129,26521.94,3.407,903.52,1
AFL,2024-02-01,2024-02-07,2024-03-15,5-10%,-6.486,78.9489,84.2557,tp_gap_filled,307.4668,24274.16,6.722,1631.66,26
MKC,2023-10-03,2023-12-14,2024-03-18,5-10%,-5.902,70.3803,68.0519,time_exit,332.1901,23379.64,-3.308,-773.48,63
DE,2024-02-15,2024-02-29,2024-03-18,3-5%,-4.595,367.4671,384.3952,tp_gap_filled,69.3965,25500.92,4.607,1174.75,12
AAPL,2024-03-05,2024-03-06,2024-03-18,2-3%,-2.479,170.9308,174.9249,tp_gap_filled,152.5068,26068.1,2.337,609.14,8
CMI,2024-03-14,2024-03-15,2024-03-18,2-3%,-2.49,263.7735,269.9698,tp_gap_filled,99.8571,26339.66,2.349,618.74,1
RL,2024-03-04,2024-03-05,2024-03-19,2-3%,-2.703,180.17,184.805,tp_gap_filled,143.1791,25796.57,2.573,663.64,10
ACN,2024-03-15,2024-03-18,2024-03-19,2-3%,-2.491,369.1588,377.8318,tp_gap_filled,71.6878,26464.18,2.349,621.75,1
FERG,2024-03-05,2024-03-13,2024-03-20,3-5%,-4.106,206.9067,215.3345,tp_gap_filled,128.923,26675.02,4.073,1086.53,5
MMM,2024-01-23,2024-03-13,2024-03-20,5-10%,-6.628,84.4154,90.2274,tp_gap_filled,315.9295,26669.32,6.885,1836.17,5
ADI,2024-03-15,2024-03-18,2024-03-20,2-3%,-2.921,188.9387,194.2356,tp_gap_filled,140.24,26496.78,2.803,742.83,2
BKR,2024-01-08,2024-03-19,2024-03-20,2-3%,-2.154,32.7327,33.3866,tp_gap_filled,812.9291,26609.36,1.998,531.56,1
DD,2024-01-24,2024-01-25,2024-03-21,10%+,-13.71,80.9805,93.6594,tp_gap_filled,298.3338,24159.22,15.657,3782.55,39
PNC,2024-03-06,2024-03-07,2024-03-21,3-5%,-4.068,148.9588,154.9649,tp_gap_filled,176.8364,26341.34,4.032,1062.09,10
AVGO,2024-03-11,2024-03-12,2024-03-21,2-3%,-2.353,127.9208,130.7411,tp_gap_filled,207.2625,26513.18,2.205,584.55,7
ABNB,2024-03-13,2024-03-14,2024-03-21,2-3%,-2.55,162.5824,166.5033,tp_gap_filled,162.3901,26401.78,2.412,636.72,5
COHR,2024-03-19,2024-03-20,2024-03-21,3-5%,-3.054,57.8278,59.5304,tp_gap_filled,464.4862,26860.2,2.944,790.85,1
COIN,2024-03-14,2024-03-20,2024-03-21,2-3%,-2.673,245.245,251.4783,tp_gap_filled,109.6617,26893.99,2.542,683.55,1
CVNA,2024-03-19,2024-03-20,2024-03-21,2-3%,-2.729,15.7327,16.1418,tp_gap_filled,1712.1339,26936.52,2.6,700.48,1
HOOD,2024-03-19,2024-03-20,2024-03-21,2-3%,-2.691,17.7377,18.1918,tp_gap_filled,1523.5923,27025.05,2.56,691.82,1
LEN,2024-03-14,2024-03-20,2024-03-21,2-3%,-2.236,156.7878,160.0528,tp_gap_filled,172.6334,27066.81,2.082,563.64,1
FDX,2023-12-20,2023-12-21,2024-03-22,10%+,-11.964,198.8288,225.3989,tp_gap_filled,119.1053,23681.56,13.363,3164.64,62
FLEX,2024-03-15,2024-03-21,2024-03-22,2-3%,-2.055,27.6776,28.2018,tp_gap_filled,977.2553,27048.13,1.894,512.2,1
NDAQ,2024-03-20,2024-03-21,2024-03-26,3-5%,-4.051,59.9899,62.3975,tp_gap_filled,451.2622,27071.19,4.013,1086.46,3
COIN,2024-03-22,2024-03-25,2024-03-26,2-3%,-2.962,254.4942,261.738,tp_gap_filled,105.2639,26789.05,2.846,762.51,1
HOOD,2024-03-22,2024-03-25,2024-03-26,2-3%,-2.357,18.6586,19.0709,tp_gap_filled,1440.329,26874.58,2.21,593.81,1
NKE,2023-12-22,2023-12-26,2024-03-27,10%+,-11.646,108.3683,94.0359,time_exit,220.2155,23864.38,-13.226,-3156.22,63
AMGN,2024-02-27,2024-02-28,2024-03-27,2-3%,-2.539,279.3791,286.0836,tp_gap_filled,90.9158,25399.97,2.4,609.55,20
AMCR,2024-03-20,2024-03-21,2024-03-27,2-3%,-2.665,45.6957,46.8531,tp_gap_filled,591.3733,27023.19,2.533,684.48,4
INTC,2024-03-25,2024-03-26,2024-03-27,3-5%,-3.946,40.9309,42.5274,tp_gap_filled,654.2752,26780.06,3.901,1044.58,1
NEM,2024-02-02,2024-03-11,2024-03-28,2-3%,-2.359,34.8048,35.5744,tp_gap_filled,764.3754,26603.91,2.211,588.28,13
CSX,2024-03-26,2024-03-27,2024-03-28,2-3%,-2.66,35.8959,36.8032,tp_gap_filled,761.0957,27320.18,2.528,690.54,1
WYNN,2024-03-01,2024-03-11,2024-04-01,2-3%,-2.091,103.103,105.0948,tp_gap_filled,258.1851,26619.66,1.932,514.25,14
AEE,2023-12-15,2024-01-02,2024-04-03,2-3%,-2.066,73.5435,73.0769,time_exit,324.3442,23853.4,-0.634,-151.35,63
PSKY,2024-02-15,2024-03-21,2024-04-03,3-5%,-4.018,12.6727,13.1768,tp_gap_filled,2138.3843,27099.02,3.978,1078.07,8
T,2024-04-01,2024-04-02,2024-04-03,2-3%,-2.33,17.2072,17.5824,tp_gap_filled,1572.6662,27061.17,2.181,590.08,1
LVS,2024-03-01,2024-03-13,2024-04-04,2-3%,-2.054,53.4534,54.4655,tp_gap_filled,498.9587,26671.04,1.893,504.99,15
DG,2024-03-13,2024-03-14,2024-04-04,3-5%,-3.87,155.135,161.0588,tp_gap_filled,170.3205,26422.66,3.818,1008.95,14
EQT,2024-03-11,2024-03-25,2024-04-04,5-10%,-6.983,34.9349,37.4825,tp_gap_filled,769.3603,26877.53,7.292,1960.01,7
ADP,2024-04-02,2024-04-03,2024-04-04,2-3%,-2.12,240.3501,245.0647,tp_gap_filled,113.3837,27251.79,1.962,534.56,1
ALGN,2024-04-02,2024-04-03,2024-04-05,2-3%,-2.265,312.7224,319.3303,tp_gap_filled,87.1617,27257.41,2.113,575.96,2
CVNA,2024-04-02,2024-04-04,2024-04-08,2-3%,-2.846,16.8809,17.3406,tp_gap_filled,1598.3482,26981.5,2.724,734.88,2
ALB,2024-03-05,2024-03-07,2024-04-09,5-10%,-8.363,122.1821,133.0668,tp_gap_filled,215.6474,26348.24,8.909,2347.27,22
BX,2024-04-02,2024-04-04,2024-04-09,2-3%,-2.274,128.1781,130.899,tp_gap_filled,210.6189,26996.72,2.123,573.08,3
FSLR,2024-04-05,2024-04-08,2024-04-09,2-3%,-2.397,167.5174,171.2885,tp_gap_filled,162.1302,27159.63,2.251,611.42,1
BA,2024-01-08,2024-01-09,2024-04-10,5-10%,-8.434,228.228,174.4554,time_exit,104.1988,23781.08,-23.561,-5603.04,63
CCL,2024-03-27,2024-03-28,2024-04-10,2-3%,-2.466,16.6266,14.7829,stop,1651.3957,27457.11,-11.089,-3044.72,8
SWKS,2024-04-08,2024-04-09,2024-04-10,2-3%,-2.474,102.9729,105.3745,tp_gap_filled,265.4165,27330.7,2.332,637.44,1
ECHO,2024-04-02,2024-04-04,2024-04-11,2-3%,-2.137,13.7537,14.026,tp_gap_filled,1959.3159,26947.92,1.979,533.37,5
APTV,2024-01-03,2024-01-29,2024-04-12,3-5%,-3.005,87.5475,73.4663,stop,278.669,24396.76,-16.084,-3923.97,52
AES,2024-04-10,2024-04-11,2024-04-16,2-3%,-2.679,17.8178,15.842,stop,1512.9961,26958.26,-11.089,-2989.4,3
ADSK,2024-04-02,2024-04-03,2024-04-17,3-5%,-3.812,249.7996,209.6218,stop,109.1669,27269.85,-16.084,-4386.08,10
A,2024-04-10,2024-04-11,2024-04-18,2-3%,-2.022,144.5644,128.5337,stop,186.4538,26954.58,-11.089,-2988.99,5
BLDR,2024-04-16,2024-04-17,2024-04-18,2-3%,-2.585,179.9598,184.3655,tp_gap_filled,143.3782,25802.32,2.448,631.68,1
KDP,2024-02-22,2024-03-26,2024-04-19,3-5%,-3.259,30.6006,31.5684,tp_gap_filled,875.9041,26803.16,3.163,847.73,17
AEE,2024-04-10,2024-04-11,2024-04-19,2-3%,-2.825,71.9719,73.916,tp_gap_filled,374.5529,26957.29,2.701,728.17,6
A,2024-04-18,2024-04-19,2024-04-22,2-3%,-2.445,131.3913,134.4155,tp_gap_filled,197.4218,25939.5,2.302,597.04,1
CFG,2024-04-10,2024-04-22,2024-04-23,2-3%,-2.058,34.3043,34.955,tp_gap_filled,759.5837,26056.96,1.897,494.29,1
GILD,2024-01-22,2024-01-25,2024-04-25,5-10%,-7.779,80.5805,65.2047,time_exit,299.752,24154.17,-19.081,-4608.92,63
ALB,2024-04-16,2024-04-17,2024-04-29,3-5%,-3.004,116.9969,120.3795,tp_gap_filled,220.7024,25821.49,2.891,746.55,8
ALGN,2024-04-10,2024-04-11,2024-04-30,2-3%,-2.329,322.8826,287.0781,stop,83.4928,26958.37,-11.089,-2989.41,13
CTSH,2024-03-21,2024-03-27,2024-05-01,2-3%,-2.222,73.5535,65.3971,stop,371.7586,27344.14,-11.089,-3032.19,24
CVS,2024-04-02,2024-04-04,2024-05-01,5-10%,-5.882,74.9549,55.4111,stop,359.6906,26960.57,-26.074,-7029.7,19
ES,2024-01-09,2024-03-08,2024-05-02,3-5%,-4.915,59.8398,62.8071,tp_gap_filled,441.2127,26402.07,4.959,1309.23,38
PSKY,2024-04-04,2024-04-05,2024-05-02,5-10%,-8.358,12.4024,13.5065,tp_gap_filled,2180.453,27042.83,8.902,2407.42,19
CTVA,2024-04-12,2024-04-19,2024-05-02,3-5%,-3.17,54.7247,56.4035,tp_gap_filled,474.1611,25948.31,3.068,796.06,9
AES,2024-04-30,2024-05-01,2024-05-02,2-3%,-2.856,17.3674,17.8421,tp_gap_filled,1451.5723,25209.97,2.734,689.19,1
ALB,2024-04-30,2024-05-01,2024-05-02,2-3%,-2.179,123.113,125.6043,tp_gap_filled,205.0864,25248.8,2.024,510.93,1
APD,2024-04-30,2024-05-01,2024-05-02,2-3%,-2.327,232.8126,237.8819,tp_gap_filled,108.3304,25220.68,2.177,549.16,1
IDXX,2024-05-01,2024-05-02,2024-05-03,3-5%,-4.01,473.473,492.2672,tp_gap_filled,54.004,25569.44,3.969,1014.96,1
SW,2024-04-09,2024-04-10,2024-05-06,5-10%,-5.268,45.1851,47.6024,tp_gap_filled,595.154,26892.11,5.35,1438.61,18
FLEX,2024-05-01,2024-05-02,2024-05-06,5-10%,-5.899,26.987,28.6213,tp_gap_filled,946.9673,25555.77,6.056,1547.71,2
ARES,2024-05-02,2024-05-03,2024-05-06,2-3%,-2.05,129.129,131.5683,tp_gap_filled,199.8558,25807.18,1.889,487.51,1
COIN,2024-04-29,2024-05-02,2024-05-10,2-3%,-2.7,230.1699,204.6464,stop,111.1111,25574.43,-11.089,-2835.95,6
COST,2024-03-08,2024-05-06,2024-05-10,3-5%,-3.76,756.806,784.8044,tp_gap_filled,34.4159,26046.16,3.7,963.59,4
GEN,2024-02-02,2024-03-28,2024-05-13,5-10%,-6.438,22.4024,23.8961,tp_gap_filled,1224.9296,27441.34,6.668,1829.68,31
CHRW,2024-02-01,2024-05-02,2024-05-13,5-10%,-7.801,77.6075,84.0059,tp_gap_filled,329.0902,25539.87,8.245,2105.64,7
AMAT,2024-04-12,2024-04-15,2024-05-15,2-3%,-2.338,208.208,212.767,tp_gap_filled,125.8324,26199.32,2.19,573.67,22
BXP,2024-04-10,2024-04-23,2024-05-15,3-5%,-3.828,62.8628,65.2347,tp_gap_filled,416.4607,26179.89,3.773,987.8,16
IR,2024-05-03,2024-05-06,2024-05-15,5-10%,-5.223,88.088,92.7571,tp_gap_filled,295.6974,26047.39,5.301,1380.66,7
EXR,2024-04-10,2024-05-13,2024-05-15,2-3%,-2.815,148.2481,152.2376,tp_gap_filled,178.8498,26514.15,2.691,713.52,2
ODFL,2024-04-17,2024-04-18,2024-05-21,3-5%,-3.701,212.5323,178.3486,stop,121.3159,25783.55,-16.084,-4147.03,23
MCHP,2024-05-21,2024-05-22,2024-05-23,2-3%,-2.136,94.4944,96.3635,tp_gap_filled,280.2743,26484.36,1.978,523.87,1
PODD,2024-02-23,2024-02-26,2024-05-24,5-10%,-6.194,185.1149,179.8899,time_exit,136.1084,25195.69,-2.823,-711.16,63
WBD,2024-02-23,2024-02-26,2024-05-24,5-10%,-9.519,8.6586,7.7223,time_exit,2901.3536,25121.8,-10.814,-2716.77,63
WDAY,2024-03-04,2024-03-21,2024-05-24,3-5%,-4.426,279.279,234.3598,stop,96.8144,27038.24,-16.084,-4348.83,45
ALB,2024-05-22,2024-05-23,2024-05-24,2-3%,-2.085,124.124,126.5134,tp_gap_filled,210.4891,26126.75,1.925,502.93,1
FSLR,2024-05-23,2024-05-24,2024-05-28,2-3%,-2.681,245.245,251.4982,tp_gap_filled,106.9508,26229.14,2.55,668.79,1
MRNA,2024-05-23,2024-05-24,2024-05-28,2-3%,-2.039,160.16,163.1667,tp_gap_filled,164.5181,26349.22,1.877,494.65,1
CNC,2024-03-08,2024-03-11,2024-05-29,2-3%,-2.084,78.078,69.4199,stop,340.742,26604.46,-11.089,-2950.17,55
CRM,2024-04-15,2024-05-15,2024-05-30,3-5%,-3.867,283.2229,237.6694,stop,94.1933,26677.71,-16.084,-4290.84,10
CFG,2024-05-29,2024-05-30,2024-05-31,2-3%,-2.02,33.994,34.6253,tp_gap_filled,756.3243,25710.46,1.857,477.53,1
CCL,2024-05-29,2024-05-30,2024-06-03,2-3%,-2.811,15.2252,15.6343,tp_gap_filled,1688.7699,25711.88,2.687,690.94,2
COIN,2024-05-29,2024-05-30,2024-06-04,2-3%,-2.441,239.259,244.755,tp_gap_filled,107.5025,25720.95,2.297,590.83,3
NTAP,2024-06-03,2024-06-04,2024-06-05,2-3%,-2.076,118.0479,120.3096,tp_gap_filled,219.051,25858.51,1.916,495.41,1
ROST,2024-03-06,2024-03-07,2024-06-06,3-5%,-3.265,144.4443,144.0058,time_exit,182.4238,26350.07,-0.304,-79.99,63
APP,2024-05-14,2024-05-15,2024-06-06,5-10%,-6.078,81.2011,86.2836,tp_gap_filled,328.3656,26663.65,6.259,1668.92,15
NEM,2024-06-04,2024-06-05,2024-06-06,2-3%,-2.125,41.041,41.8481,tp_gap_filled,634.0173,26020.71,1.967,511.72,1
CIEN,2024-03-07,2024-03-08,2024-06-07,10%+,-13.25,53.8037,45.7042,time_exit,490.5659,26394.29,-15.054,-3973.34,63
RVTY,2024-06-06,2024-06-07,2024-06-10,2-3%,-2.321,107.4173,109.7501,tp_gap_filled,241.8778,25981.86,2.172,564.26,1
ADM,2024-01-22,2024-03-12,2024-06-11,10%+,-16.586,56.9369,61.4285,time_exit,465.6229,26511.12,7.889,2091.41,63
BKNG,2024-02-23,2024-03-27,2024-06-12,5-10%,-5.22,148.0799,155.9235,tp_gap_filled,184.5435,27327.2,5.297,1447.48,53
DHI,2024-06-07,2024-06-10,2024-06-12,3-5%,-3.271,139.139,143.5563,tp_gap_filled,187.0447,26025.21,3.175,826.23,2
DDOG,2024-05-31,2024-06-11,2024-06-12,2-3%,-2.299,114.8647,117.3325,tp_gap_filled,225.9566,25954.45,2.148,557.62,1
KR,2024-04-08,2024-04-10,2024-06-13,2-3%,-2.478,55.9459,49.742,stop,480.4935,26881.64,-11.089,-2980.9,45
ANET,2024-05-23,2024-05-24,2024-06-13,3-5%,-3.52,76.4163,79.0459,tp_gap_filled,343.2069,26226.61,3.441,902.48,13
ALB,2024-05-29,2024-05-30,2024-06-13,2-3%,-2.387,124.8347,110.9918,stop,206.0254,25719.12,-11.089,-2851.99,10
COHR,2024-06-04,2024-06-12,2024-06-13,2-3%,-2.397,68.4884,70.0299,tp_gap_filled,382.3629,26187.43,2.251,589.4,1
COIN,2024-06-11,2024-06-12,2024-06-13,2-3%,-2.754,243.1729,249.5602,tp_gap_filled,107.7923,26212.18,2.627,688.5,1
CVNA,2024-06-11,2024-06-12,2024-06-13,2-3%,-2.027,21.1932,21.5884,tp_gap_filled,1238.8202,26254.53,1.865,489.6,1
ABT,2024-03-15,2024-03-18,2024-06-17,3-5%,-4.905,113.133,103.3465,time_exit,233.9687,26469.58,-8.65,-2289.73,63
ADBE,2024-03-15,2024-03-18,2024-06-17,10%+,-12.413,500.1397,518.2213,time_exit,52.9304,26472.57,3.615,957.07,63
ADSK,2024-04-17,2024-04-18,2024-06-17,5-10%,-6.778,212.9828,228.0118,tp_gap_filled,121.1039,25793.05,7.056,1820.07,41
TSLA,2024-05-22,2024-06-13,2024-06-17,2-3%,-2.01,183.0329,186.4134,tp_gap_filled,142.7151,26121.55,1.847,482.46,2
AMAT,2024-06-13,2024-06-14,2024-06-17,2-3%,-2.6,231.7015,237.4123,tp_gap_filled,112.4911,26064.36,2.465,642.42,1
FIX,2024-06-14,2024-06-17,2024-06-18,2-3%,-2.481,317.1669,324.5851,tp_gap_filled,82.8037,26262.58,2.339,614.26,1
GWW,2024-06-14,2024-06-17,2024-06-18,2-3%,-2.533,898.6377,920.1489,tp_gap_filled,29.2393,26275.5,2.394,628.97,1
NUE,2024-06-14,2024-06-17,2024-06-18,2-3%,-2.673,150.15,153.9659,tp_gap_filled,175.1388,26297.1,2.541,668.31,1
EW,2024-06-17,2024-06-18,2024-06-20,2-3%,-2.394,85.2852,87.2027,tp_gap_filled,310.4807,26479.41,2.248,595.35,1
WSM,2024-06-14,2024-06-18,2024-06-20,2-3%,-2.073,157.4923,160.5043,tp_gap_filled,168.344,26512.89,1.912,507.05,1
EQIX,2024-03-20,2024-03-21,2024-06-21,5-10%,-5.16,801.801,764.235,time_exit,33.7204,27037.07,-4.685,-1266.74,63
JBL,2024-03-15,2024-03-21,2024-06-21,10%+,-12.702,128.8587,113.0768,time_exit,210.0652,27068.73,-12.247,-3315.23,63
MO,2024-06-14,2024-06-17,2024-06-21,2-3%,-2.754,44.5345,45.7042,tp_gap_filled,590.4152,26293.84,2.627,690.64,3
FSLR,2024-06-18,2024-06-20,2024-06-21,2-3%,-2.311,255.5453,261.0687,tp_gap_filled,103.3842,26419.34,2.161,571.03,1
DRI,2024-03-21,2024-03-22,2024-06-24,5-10%,-5.642,164.8947,153.9759,time_exit,162.5341,26801.01,-6.622,-1774.69,63
COR,2024-05-01,2024-06-03,2024-06-24,3-5%,-4.141,229.3791,238.811,tp_gap_filled,112.8258,25879.88,4.112,1064.15,14
COIN,2024-06-18,2024-06-20,2024-06-24,2-3%,-2.795,238.4882,212.0423,stop,110.832,26432.12,-11.089,-2931.06,2
DHR,2024-06-20,2024-06-21,2024-06-24,2-3%,-2.765,250.6404,257.2525,tp_gap_filled,105.8818,26538.25,2.638,700.1,1
CCL,2024-06-14,2024-06-18,2024-06-25,2-3%,-2.059,16.1862,16.4935,tp_gap_filled,1636.7241,26492.29,1.899,503.0,4
AES,2024-06-21,2024-06-24,2024-06-25,2-3%,-2.068,18.4885,18.8411,tp_gap_filled,1431.6317,26468.68,1.908,504.9,1
APA,2024-01-04,2024-03-26,2024-06-26,5-10%,-5.442,34.7847,28.6114,time_exit,771.2873,26829.04,-17.747,-4761.46,63
IVZ,2024-01-23,2024-03-28,2024-06-28,3-5%,-4.255,16.6666,14.945,time_exit,1646.4761,27441.24,-10.33,-2834.59,63
INTU,2024-05-24,2024-06-21,2024-06-28,5-10%,-6.23,621.621,661.5977,tp_gap_filled,42.7165,26553.49,6.431,1707.67,5
COIN,2024-06-24,2024-06-25,2024-07-01,3-5%,-3.825,217.4372,225.6341,tp_gap_filled,121.2771,26370.15,3.77,994.1,4
BG,2024-04-24,2024-04-25,2024-07-02,3-5%,-4.215,105.105,109.5104,tp_gap_filled,246.4944,25907.79,4.191,1085.9,46
PSKY,2024-06-12,2024-06-13,2024-07-03,3-5%,-3.261,10.6907,11.029,tp_gap_filled,2445.9932,26149.33,3.164,827.43,13
ARES,2024-06-13,2024-06-14,2024-07-03,3-5%,-3.68,132.5624,137.3525,tp_gap_filled,196.7702,26084.34,3.613,942.55,12
CHTR,2024-07-01,2024-07-02,2024-07-03,2-3%,-2.06,293.0928,298.661,tp_gap_filled,89.8517,26334.89,1.9,500.32,1
WMT,2024-06-25,2024-06-26,2024-07-05,2-3%,-2.511,67.2372,68.8311,tp_gap_filled,390.7606,26273.64,2.371,622.85,6
AVGO,2024-06-21,2024-07-03,2024-07-05,2-3%,-2.243,169.7356,173.2825,tp_gap_filled,155.4011,26377.1,2.09,551.2,1
CRH,2024-07-02,2024-07-03,2024-07-05,2-3%,-2.124,71.4814,72.887,tp_gap_filled,369.2373,26393.6,1.966,519.01,1
CRWD,2024-07-02,2024-07-03,2024-07-08,2-3%,-2.519,95.6631,97.9395,tp_gap_filled,276.1421,26416.6,2.38,628.61,2
RDDT,2024-07-03,2024-07-05,2024-07-08,2-3%,-2.149,72.0019,73.4365,tp_gap_filled,366.172,26365.09,1.992,525.3,1
NVDA,2024-06-21,2024-06-26,2024-07-09,2-3%,-2.799,127.2471,130.6492,tp_gap_filled,206.5231,26279.47,2.674,702.61,8
COIN,2024-07-05,2024-07-08,2024-07-09,5-10%,-5.095,213.6935,224.7151,tp_gap_filled,124.1454,26529.07,5.158,1368.28,1
HOOD,2024-07-05,2024-07-08,2024-07-09,3-5%,-3.539,22.1021,22.8671,tp_gap_filled,1201.5828,26557.48,3.461,919.25,1
ADI,2024-06-13,2024-06-14,2024-07-10,2-3%,-2.47,232.7826,238.2016,tp_gap_filled,111.9942,26070.3,2.328,606.9,16
MCHP,2024-06-13,2024-06-14,2024-07-10,2-3%,-2.793,91.9719,94.4255,tp_gap_filled,283.6169,26084.78,2.668,695.88,16
DECK,2024-06-28,2024-07-01,2024-07-10,2-3%,-2.187,163.1697,145.0758,stop,160.7281,26225.95,-11.089,-2908.2,6
HBAN,2024-06-10,2024-06-24,2024-07-11,2-3%,-2.537,13.0731,13.3866,tp_gap_filled,2025.9337,26485.15,2.398,635.21,12
PH,2024-06-14,2024-06-24,2024-07-11,2-3%,-2.959,513.7632,528.3711,tp_gap_filled,51.5543,26486.7,2.843,753.1,12
NSC,2024-06-25,2024-06-26,2024-07-11,2-3%,-2.511,213.4032,218.4613,tp_gap_filled,123.1622,26283.22,2.37,622.97,10
ALB,2024-07-09,2024-07-10,2024-07-11,2-3%,-2.32,96.9468,99.0509,tp_gap_filled,274.7247,26633.69,2.17,578.02,1
DG,2024-06-06,2024-06-24,2024-07-12,2-3%,-2.195,131.6015,134.2856,tp_gap_filled,201.3094,26492.61,2.04,540.34,13
PNR,2024-06-25,2024-06-28,2024-07-12,3-5%,-4.3,76.6366,79.92,tp_gap_filled,344.1074,26371.21,4.284,1129.86,9
VLO,2024-07-09,2024-07-10,2024-07-12,2-3%,-2.42,144.5244,147.812,tp_gap_filled,184.2822,26633.27,2.275,605.86,2
F,2024-04-10,2024-07-11,2024-07-12,2-3%,-2.068,13.2733,13.5265,tp_gap_filled,2022.4141,26844.03,1.908,512.07,1
MGM,2024-04-10,2024-07-11,2024-07-12,2-3%,-2.133,45.4654,46.3636,tp_gap_filled,590.5368,26849.0,1.976,530.4,1
V,2024-07-10,2024-07-11,2024-07-12,2-3%,-2.381,259.3791,265.1746,tp_gap_filled,103.524,26851.97,2.234,599.97,1
CBRE,2024-04-10,2024-07-11,2024-07-15,2-3%,-2.64,93.7537,96.1038,tp_gap_filled,286.3896,26850.08,2.507,673.05,2
INTU,2024-07-10,2024-07-11,2024-07-15,2-3%,-2.111,637.3267,649.7696,tp_gap_filled,42.1405,26857.29,1.952,524.35,2
IBKR,2024-07-11,2024-07-12,2024-07-15,2-3%,-2.371,30.4955,31.1738,tp_gap_filled,893.622,27251.42,2.224,606.17,1
LUV,2024-07-11,2024-07-12,2024-07-15,2-3%,-2.28,27.027,27.6024,tp_gap_filled,1008.2011,27248.65,2.129,580.09,1
PEP,2024-07-11,2024-07-12,2024-07-15,2-3%,-2.745,159.2591,163.4264,tp_gap_filled,171.2498,27273.09,2.617,713.65,1
EFX,2024-04-10,2024-05-15,2024-07-16,3-5%,-3.288,254.3541,262.4773,tp_gap_filled,104.9374,26691.27,3.194,852.42,41
EXPE,2024-05-03,2024-06-07,2024-07-16,10%+,-10.126,122.4323,135.9539,tp_gap_filled,212.1427,25973.11,11.044,2868.51,25
MA,2024-07-10,2024-07-11,2024-07-16,2-3%,-2.269,435.0446,444.2553,tp_gap_filled,61.709,26846.17,2.117,568.38,3
FERG,2024-06-14,2024-07-12,2024-07-16,2-3%,-2.097,204.224,208.1816,tp_gap_filled,133.4437,27252.42,1.938,528.11,2
TSLA,2024-07-12,2024-07-15,2024-07-16,2-3%,-2.17,236.0358,240.789,tp_gap_filled,115.6963,27308.48,2.014,549.92,1
WFC,2024-07-12,2024-07-15,2024-07-16,5-10%,-6.582,56.2562,60.0998,tp_gap_filled,486.5721,27372.7,6.832,1870.21,1
ALB,2024-07-15,2024-07-16,2024-07-17,3-5%,-4.363,93.6936,97.7721,tp_gap_filled,296.1015,27742.81,4.353,1207.66,1
HCA,2024-07-15,2024-07-16,2024-07-17,2-3%,-2.935,315.1148,323.9957,tp_gap_filled,88.1769,27785.86,2.818,783.09,1
HPQ,2024-05-31,2024-07-16,2024-07-17,2-3%,-2.007,37.6276,38.3216,tp_gap_filled,739.1995,27814.3,1.845,513.04,1
UHS,2024-07-15,2024-07-16,2024-07-17,2-3%,-2.841,179.3692,184.2456,tp_gap_filled,155.1185,27823.47,2.719,756.41,1
MU,2024-06-21,2024-06-24,2024-07-18,3-5%,-4.536,137.7876,115.6259,stop,192.1716,26478.87,-16.084,-4258.86,17
COIN,2024-07-17,2024-07-18,2024-07-19,2-3%,-2.223,246.1459,251.2385,tp_gap_filled,110.2064,27126.86,2.069,561.24,1
IP,2024-06-27,2024-06-28,2024-07-22,5-10%,-9.933,42.022,46.5634,tp_gap_filled,626.9965,26347.63,10.807,2847.45,15
CCL,2024-07-17,2024-07-18,2024-07-23,2-3%,-2.607,18.6987,19.1608,tp_gap_filled,1452.9558,27168.36,2.472,671.47,3
QCOM,2024-06-24,2024-07-08,2024-07-24,2-3%,-2.644,207.1169,184.1497,stop,128.2222,26557.0,-11.089,-2944.91,12
ABT,2024-07-18,2024-07-19,2024-07-24,2-3%,-2.188,102.4924,104.5753,tp_gap_filled,264.6035,27119.85,2.032,551.15,3
DDOG,2024-07-08,2024-07-09,2024-07-25,2-3%,-2.215,131.7116,117.1061,stop,201.4925,26538.89,-11.089,-2942.9,12
META,2024-07-12,2024-07-15,2024-07-25,2-3%,-2.914,498.2578,443.006,stop,54.8071,27308.04,-11.089,-3028.19,8
NOW,2024-07-08,2024-07-15,2024-07-25,5-10%,-5.328,152.8527,161.1327,tp_gap_filled,178.6308,27304.21,5.417,1479.07,8
APP,2024-07-17,2024-07-23,2024-07-25,2-3%,-2.855,84.1441,74.8133,stop,324.9213,27340.19,-11.089,-3031.75,2
AON,2024-04-26,2024-04-29,2024-07-26,10%+,-11.477,271.1509,305.694,tp_gap_filled,95.5866,25918.39,12.739,3301.86,61
HII,2024-05-02,2024-07-16,2024-07-26,5-10%,-5.327,262.5623,276.7829,tp_gap_filled,105.8683,27797.01,5.416,1505.52,8
CNC,2024-07-17,2024-07-18,2024-07-26,2-3%,-2.923,67.1571,69.0409,tp_gap_filled,404.2258,27146.63,2.805,761.48,6
AVY,2024-07-25,2024-07-26,2024-07-29,2-3%,-2.23,210.21,214.5752,tp_gap_filled,129.722,27268.86,2.077,566.26,1
BMY,2024-04-25,2024-07-26,2024-07-29,3-5%,-3.009,47.4374,48.8111,tp_gap_filled,575.1607,27284.12,2.896,790.13,1
CARR,2024-07-25,2024-07-26,2024-07-29,2-3%,-2.197,64.6045,65.924,tp_gap_filled,423.2192,27341.88,2.042,558.42,1
SBAC,2024-04-10,2024-07-11,2024-07-30,3-5%,-4.053,209.9497,218.3814,tp_gap_filled,127.899,26852.36,4.016,1078.4,13
AXP,2024-07-19,2024-07-22,2024-07-30,2-3%,-2.969,242.0418,248.9508,tp_gap_filled,112.8426,27312.61,2.854,779.63,6
CINF,2024-07-26,2024-07-29,2024-07-30,3-5%,-3.574,116.116,120.1797,tp_gap_filled,235.4714,27342.0,3.5,956.89,1
DLR,2024-07-26,2024-07-29,2024-07-30,3-5%,-3.06,143.0029,147.2226,tp_gap_filled,191.7661,27423.11,2.951,809.21,1
APH,2024-07-24,2024-07-25,2024-07-31,5-10%,-5.554,31.3213,33.0969,tp_gap_filled,858.0903,26876.5,5.669,1523.61,4
COR,2024-06-27,2024-07-25,2024-07-31,3-5%,-3.49,229.229,237.0427,tp_gap_filled,117.0692,26835.65,3.409,914.75,4
ABT,2024-07-29,2024-07-30,2024-07-31,3-5%,-4.418,100.6906,105.1348,tp_gap_filled,271.6893,27356.56,4.414,1207.43,1
NEE,2024-06-11,2024-07-12,2024-08-01,2-3%,-2.17,75.3753,76.893,tp_gap_filled,361.7306,27265.55,2.014,549.01,14
DGX,2024-07-23,2024-07-24,2024-08-01,2-3%,-2.301,144.104,147.2027,tp_gap_filled,186.3121,26848.31,2.15,577.32,6
APTV,2024-07-19,2024-07-31,2024-08-01,2-3%,-2.023,70.3002,71.6083,tp_gap_filled,391.522,27524.09,1.861,512.14,1
CLX,2024-05-01,2024-05-02,2024-08-02,5-10%,-5.43,139.9798,143.9459,time_exit,182.7143,25576.32,2.833,724.66,63
CVS,2024-05-01,2024-05-02,2024-08-02,10%+,-17.294,56.056,59.2607,time_exit,456.1429,25569.54,5.717,1461.79,63
AVGO,2024-07-24,2024-07-31,2024-08-02,2-3%,-2.088,160.5104,142.7114,stop,171.4046,27512.21,-11.089,-3050.83,2
ANET,2024-07-17,2024-08-01,2024-08-02,2-3%,-2.099,87.7652,78.0329,stop,309.4663,27160.36,-11.089,-3011.81,1
DELL,2024-05-31,2024-06-17,2024-08-05,10%+,-15.372,143.9438,90.5939,stop,182.5311,26274.22,-37.063,-9738.02,33
AAPL,2024-07-17,2024-07-18,2024-08-05,2-3%,-2.287,229.6794,204.2103,stop,118.4769,27211.71,-11.089,-3017.51,12
BALL,2024-08-01,2024-08-02,2024-08-05,2-3%,-2.35,62.3923,63.7662,tp_gap_filled,425.4313,26543.65,2.202,584.47,1
BDX,2024-08-01,2024-08-02,2024-08-05,5-10%,-5.604,179.0704,189.3231,tp_gap_filled,148.4178,26577.23,5.725,1521.68,1
DASH,2024-05-02,2024-05-06,2024-08-06,5-10%,-8.01,117.3672,122.5174,time_exit,221.9167,26045.75,4.388,1142.9,63
CHD,2024-07-30,2024-07-31,2024-08-06,3-5%,-3.179,98.4584,101.4884,tp_gap_filled,279.4397,27513.18,3.077,846.72,4
AVGO,2024-08-02,2024-08-05,2024-08-06,3-5%,-3.462,142.0719,146.873,tp_gap_filled,182.8808,25982.23,3.379,878.02,1
CMG,2024-08-02,2024-08-05,2024-08-06,2-3%,-2.114,52.3823,53.4065,tp_gap_filled,496.3541,26000.18,1.955,508.37,1
ACN,2024-08-05,2024-08-06,2024-08-07,3-5%,-3.571,311.9216,322.8268,tp_gap_filled,84.4617,26345.43,3.496,921.08,1
ADBE,2024-08-05,2024-08-06,2024-08-07,3-5%,-4.17,504.7342,525.6438,tp_gap_filled,52.2343,26364.46,4.143,1092.2,1
AKAM,2024-08-05,2024-08-06,2024-08-07,2-3%,-2.57,92.2221,94.4654,tp_gap_filled,286.0587,26380.94,2.433,641.72,1
APP,2024-08-02,2024-08-07,2024-08-08,5-10%,-6.079,70.5955,75.0149,tp_gap_filled,369.2431,26066.91,6.26,1631.83,1
ABNB,2024-05-09,2024-05-10,2024-08-12,5-10%,-7.156,146.7466,113.5064,time_exit,180.5916,26501.2,-22.651,-6002.9,63
CDW,2024-05-01,2024-05-10,2024-08-12,5-10%,-7.384,224.224,211.8879,time_exit,118.1793,26498.63,-5.502,-1457.87,63
CPAY,2024-05-09,2024-05-13,2024-08-13,5-10%,-5.09,289.289,283.8459,time_exit,91.6716,26519.58,-1.882,-498.98,63
CVNA,2024-07-17,2024-08-01,2024-08-13,3-5%,-3.865,27.9129,28.977,tp_gap_filled,971.193,27108.8,3.812,1033.46,8
AAPL,2024-08-05,2024-08-06,2024-08-13,5-10%,-9.447,199.2891,219.6401,tp_gap_filled,132.0217,26310.49,10.212,2686.78,5
DELL,2024-08-09,2024-08-12,2024-08-13,2-3%,-2.165,89.5695,91.3685,tp_gap_filled,295.9924,26511.89,2.009,532.51,1
FLEX,2024-08-02,2024-08-12,2024-08-13,3-5%,-3.717,29.5595,30.6393,tp_gap_filled,898.8009,26568.13,3.653,970.52,1
BLDR,2024-05-07,2024-05-15,2024-08-15,10%+,-12.804,175.3352,164.4853,time_exit,152.2509,26694.94,-6.188,-1651.9,63
CIEN,2024-08-02,2024-08-13,2024-08-15,3-5%,-3.607,49.4894,51.2387,tp_gap_filled,546.5838,27050.12,3.535,956.12,2
HPQ,2024-08-02,2024-08-13,2024-08-15,2-3%,-2.161,34.4444,35.1348,tp_gap_filled,785.4278,27053.6,2.004,542.27,2
IVZ,2024-08-02,2024-08-13,2024-08-15,2-3%,-2.735,16.3764,16.8032,tp_gap_filled,1652.4953,27061.86,2.606,705.32,2
LITE,2024-08-02,2024-08-13,2024-08-15,3-5%,-3.562,46.3463,47.962,tp_gap_filled,583.7553,27054.9,3.486,943.17,2
ALGN,2024-07-25,2024-07-30,2024-08-16,5-10%,-6.818,228.3381,244.5552,tp_gap_filled,119.9909,27398.48,7.102,1945.9,13
BSX,2024-07-24,2024-07-25,2024-08-19,2-3%,-2.532,76.6766,78.5114,tp_gap_filled,350.353,26863.87,2.393,642.83,17
BKNG,2024-08-02,2024-08-05,2024-08-19,5-10%,-9.623,132.5961,146.4206,tp_gap_filled,195.9506,25982.28,10.426,2708.93,10
DHI,2024-08-02,2024-08-05,2024-08-19,2-3%,-2.413,174.9047,178.871,tp_gap_filled,148.6343,25996.84,2.268,589.52,10
HOOD,2024-08-02,2024-08-15,2024-08-19,5-10%,-5.138,19.2192,20.2198,tp_gap_filled,1437.5983,27629.49,5.206,1438.4,2
ULTA,2024-07-24,2024-08-16,2024-08-19,2-3%,-2.515,379.8795,388.9007,tp_gap_filled,72.9199,27700.76,2.375,657.83,1
MDT,2024-05-23,2024-06-07,2024-08-20,2-3%,-2.554,83.6536,85.6742,tp_gap_filled,310.5373,25977.55,2.416,627.49,50
AMGN,2024-08-07,2024-08-08,2024-08-20,2-3%,-2.42,321.311,328.6211,tp_gap_filled,82.8699,26627.0,2.275,605.79,8
LLY,2024-07-17,2024-08-13,2024-08-20,3-5%,-3.355,910.92,940.6584,tp_gap_filled,29.6984,27052.83,3.265,883.18,5
AMCR,2024-08-16,2024-08-19,2024-08-21,3-5%,-4.885,51.6516,54.1958,tp_gap_filled,541.342,27961.18,4.926,1377.26,2
EL,2024-08-16,2024-08-19,2024-08-22,3-5%,-3.448,91.9519,95.0449,tp_gap_filled,304.4248,27992.43,3.364,941.59,3
WDAY,2024-05-24,2024-07-15,2024-08-23,10%+,-11.004,232.4222,260.6391,tp_gap_filled,117.7707,27372.51,12.14,3323.12,29
ADSK,2024-07-17,2024-07-18,2024-08-23,2-3%,-2.096,248.7485,253.5662,tp_gap_filled,109.3072,27189.99,1.937,526.61,26
CI,2024-08-01,2024-08-02,2024-08-23,3-5%,-3.634,336.336,348.3213,tp_gap_filled,79.1828,26632.04,3.564,949.03,15
CCL,2024-08-02,2024-08-15,2024-08-23,3-5%,-3.807,15.1752,15.7442,tp_gap_filled,1818.4488,27595.25,3.75,1034.84,6
HPE,2024-08-02,2024-08-15,2024-08-23,2-3%,-2.778,18.5685,19.0609,tp_gap_filled,1488.8261,27645.34,2.652,733.05,6
HPQ,2024-08-19,2024-08-20,2024-08-23,3-5%,-3.592,34.6546,35.8741,tp_gap_filled,805.0779,27899.67,3.519,981.77,3
LYV,2024-05-23,2024-05-24,2024-08-26,5-10%,-6.262,95.1451,96.0439,time_exit,276.8554,26341.43,0.945,248.84,63
FSLR,2024-07-15,2024-07-16,2024-08-26,5-10%,-5.582,220.4402,233.0068,tp_gap_filled,126.0317,27782.45,5.701,1583.78,29
APTV,2024-08-02,2024-08-07,2024-08-26,2-3%,-2.694,71.2312,73.0569,tp_gap_filled,365.3597,26024.99,2.563,667.04,13
CTVA,2024-08-01,2024-08-19,2024-08-26,3-5%,-3.815,54.014,56.0439,tp_gap_filled,518.1497,27987.32,3.758,1051.81,5
COHR,2024-07-17,2024-08-20,2024-08-26,2-3%,-2.908,78.2181,80.3995,tp_gap_filled,356.6401,27895.72,2.789,777.97,4
EG,2024-08-01,2024-08-23,2024-08-26,2-3%,-2.003,385.385,392.4771,tp_gap_filled,73.9694,28506.7,1.84,524.6,1
NCLH,2024-08-02,2024-08-23,2024-08-26,3-5%,-3.746,16.7167,17.3327,tp_gap_filled,1705.1872,28505.1,3.685,1050.31,1
ECHO,2024-08-09,2024-08-22,2024-08-27,5-10%,-7.221,18.6486,20.0599,tp_gap_filled,1494.5114,27870.59,7.568,2109.19,3
GEV,2024-08-23,2024-08-26,2024-08-27,2-3%,-2.796,180.9808,185.814,tp_gap_filled,157.6959,28539.94,2.671,762.18,1
ETN,2024-08-01,2024-08-02,2024-08-29,3-5%,-4.839,290.33,304.4852,tp_gap_filled,91.7392,26634.66,4.876,1298.58,19
CRM,2024-08-27,2024-08-28,2024-08-29,2-3%,-2.122,259.9096,265.0147,tp_gap_filled,109.5437,28471.47,1.964,559.23,1
KEY,2024-08-27,2024-08-28,2024-08-29,2-3%,-2.065,16.6166,16.9331,tp_gap_filled,1713.2132,28467.78,1.904,542.15,1
A,2024-05-30,2024-05-31,2024-08-30,10%+,-13.871,125.4253,142.7771,time_exit,206.2325,25866.78,13.834,3578.5,63
ALB,2024-08-02,2024-08-21,2024-08-30,3-5%,-4.701,88.8788,93.0768,tp_gap_filled,315.5556,28046.2,4.723,1324.71,7
MRVL,2024-07-17,2024-08-23,2024-08-30,3-5%,-4.101,72.5725,75.5244,tp_gap_filled,392.9133,28514.7,4.068,1159.84,5
DELL,2024-08-29,2024-08-30,2024-09-03,2-3%,-2.94,108.3883,111.4484,tp_gap_filled,267.855,29032.35,2.823,819.68,1
SJM,2024-08-28,2024-08-29,2024-09-04,5-10%,-6.437,113.0429,120.5793,tp_gap_filled,253.9635,28708.77,6.667,1913.96,3
CME,2024-09-03,2024-09-04,2024-09-05,3-5%,-3.374,208.6685,215.5243,tp_gap_filled,135.832,28343.85,3.285,931.24,1
NVDA,2024-08-29,2024-08-30,2024-09-06,3-5%,-3.383,121.4814,101.9423,stop,239.54,29099.65,-16.084,-4680.39,4
ULTA,2024-08-30,2024-09-03,2024-09-06,5-10%,-6.39,344.4341,367.2124,tp_gap_filled,82.4646,28403.63,6.613,1878.41,3
APH,2024-09-04,2024-09-05,2024-09-06,5-10%,-6.316,29.029,30.924,tp_gap_filled,969.6773,28148.76,6.528,1837.58,1
SW,2024-06-06,2024-06-07,2024-09-09,5-10%,-5.995,47.087,44.4255,time_exit,552.3835,26010.1,-5.652,-1470.17,63
GOOG,2024-08-02,2024-08-19,2024-09-09,2-3%,-2.47,168.3582,149.689,stop,166.3212,28001.54,-11.089,-3105.09,14
GOOGL,2024-08-02,2024-08-19,2024-09-09,2-3%,-2.53,166.6064,148.1315,stop,168.0714,28001.78,-11.089,-3105.12,14
SLB,2024-08-28,2024-08-29,2024-09-10,2-3%,-2.398,44.004,39.1244,stop,652.5572,28715.1,-11.089,-3184.22,7
AMZN,2024-08-02,2024-08-07,2024-09-11,5-10%,-9.409,166.9167,183.8859,tp_gap_filled,156.2966,26088.51,10.166,2652.23,24
STLD,2024-08-28,2024-08-29,2024-09-11,2-3%,-2.076,119.0089,105.812,stop,241.3175,28718.93,-11.089,-3184.64,8
KLAC,2024-09-05,2024-09-06,2024-09-11,2-3%,-2.594,72.6506,74.4365,tp_gap_filled,381.7314,27733.01,2.458,681.74,3
WDAY,2024-09-09,2024-09-10,2024-09-11,2-3%,-2.313,248.9587,254.3454,tp_gap_filled,111.1236,27665.18,2.164,598.59,1
AVGO,2024-09-05,2024-09-11,2024-09-12,2-3%,-2.303,150.7206,153.9659,tp_gap_filled,184.4128,27794.8,2.153,598.47,1
COHR,2024-09-03,2024-09-11,2024-09-13,2-3%,-2.502,76.076,77.872,tp_gap_filled,365.8483,27832.28,2.361,657.08,2
APTV,2024-09-10,2024-09-12,2024-09-13,2-3%,-2.939,67.1171,69.0109,tp_gap_filled,415.5482,27890.37,2.822,786.99,1
CNP,2024-08-02,2024-08-26,2024-09-16,3-5%,-3.126,27.2973,28.1218,tp_gap_filled,1045.6733,28544.03,3.021,862.24,14
COR,2024-09-05,2024-09-09,2024-09-16,2-3%,-2.272,238.1079,243.1566,tp_gap_filled,116.9324,27842.52,2.12,590.36,5
AES,2024-07-15,2024-09-12,2024-09-16,3-5%,-3.388,18.2682,18.8711,tp_gap_filled,1527.1258,27897.92,3.3,920.64,2
GEV,2024-09-12,2024-09-13,2024-09-16,3-5%,-4.375,200.2,208.9408,tp_gap_filled,140.5673,28141.58,4.366,1228.68,1
DAL,2024-07-11,2024-07-12,2024-09-17,5-10%,-8.216,43.053,46.8131,tp_gap_filled,632.719,27240.46,8.734,2379.11,46
ALB,2024-09-03,2024-09-11,2024-09-17,3-5%,-3.269,87.3873,90.1598,tp_gap_filled,317.8327,27774.54,3.173,881.17,4
FERG,2024-09-04,2024-09-16,2024-09-17,2-3%,-2.486,197.5173,202.1477,tp_gap_filled,143.4118,28326.31,2.344,664.04,1
HSIC,2024-08-28,2024-08-29,2024-09-18,3-5%,-4.92,68.6786,72.0878,tp_gap_filled,417.5133,28674.24,4.964,1423.4,13
MAR,2024-07-31,2024-08-29,2024-09-18,3-5%,-3.673,230.23,238.5312,tp_gap_filled,124.6755,28704.04,3.606,1034.96,13
JBL,2024-09-03,2024-09-13,2024-09-18,2-3%,-2.315,106.8568,109.1707,tp_gap_filled,264.4713,28260.55,2.165,611.98,3
AAPL,2024-09-16,2024-09-17,2024-09-18,2-3%,-2.679,216.7565,222.2775,tp_gap_filled,131.6664,28539.55,2.547,726.93,1
COHR,2024-09-16,2024-09-17,2024-09-18,3-5%,-3.001,75.7156,77.902,tp_gap_filled,376.9326,28539.69,2.888,824.12,1
COIN,2024-09-16,2024-09-17,2024-09-18,2-3%,-2.791,158.6585,162.887,tp_gap_filled,180.0558,28567.39,2.665,761.36,1
KLAC,2024-09-16,2024-09-17,2024-09-18,2-3%,-2.196,73.5735,75.0749,tp_gap_filled,388.593,28590.15,2.041,583.41,1
FTV,2024-07-24,2024-07-25,2024-09-19,5-10%,-7.407,53.5577,57.7267,tp_gap_filled,500.9067,26827.38,7.784,2088.3,39
FCX,2024-08-28,2024-08-29,2024-09-19,2-3%,-2.609,44.094,45.1848,tp_gap_filled,650.427,28679.96,2.474,709.43,14
HPE,2024-09-05,2024-09-06,2024-09-19,5-10%,-8.631,17.1671,18.7512,tp_gap_filled,1614.3323,27713.48,9.227,2557.23,9
NUE,2024-09-17,2024-09-18,2024-09-19,2-3%,-2.455,139.5894,142.817,tp_gap_filled,205.3754,28668.24,2.312,662.87,1
GIS,2024-09-18,2024-09-19,2024-09-20,3-5%,-3.02,72.3222,74.4255,tp_gap_filled,402.4897,29108.96,2.908,846.54,1
APO,2024-08-01,2024-09-19,2024-09-23,3-5%,-4.237,120.12,125.1847,tp_gap_filled,242.2315,29096.85,4.216,1226.83,2
DECK,2024-09-20,2024-09-23,2024-09-24,2-3%,-2.715,148.128,151.9579,tp_gap_filled,196.0006,29033.17,2.586,750.67,1
NXPI,2024-09-20,2024-09-23,2024-09-24,2-3%,-2.224,233.6434,238.4813,tp_gap_filled,124.4528,29077.57,2.071,602.09,1
PLTR,2024-09-20,2024-09-23,2024-09-24,2-3%,-2.226,36.046,36.7932,tp_gap_filled,806.474,29070.17,2.073,602.57,1
STLD,2024-09-20,2024-09-23,2024-09-24,2-3%,-2.889,116.7366,119.9699,tp_gap_filled,249.462,29121.35,2.77,806.58,1
RDDT,2024-07-24,2024-09-19,2024-09-25,3-5%,-3.206,65.7307,67.7722,tp_gap_filled,443.0986,29125.17,3.106,904.58,4
AOS,2024-07-23,2024-07-24,2024-09-26,5-10%,-8.884,81.0009,88.7212,tp_gap_filled,331.4897,26850.97,9.531,2559.19,45
AME,2024-08-01,2024-08-15,2024-09-26,3-5%,-4.888,165.165,173.3065,tp_gap_filled,167.0712,27594.31,4.929,1360.21,29
ON,2024-09-20,2024-09-24,2024-09-26,3-5%,-3.149,71.111,73.2766,tp_gap_filled,409.389,29112.08,3.045,886.58,2
AZO,2024-09-24,2024-09-25,2024-09-26,3-5%,-4.229,2922.7998,3045.7712,tp_gap_filled,9.8668,28838.76,4.207,1213.34,1
MTD,2024-08-02,2024-09-26,2024-09-27,3-5%,-3.447,1464.5831,1513.8346,tp_gap_filled,19.9896,29276.45,3.363,984.52,1
BKR,2024-09-26,2024-09-27,2024-09-30,2-3%,-2.302,35.2552,36.0139,tp_gap_filled,833.0477,29369.28,2.152,632.06,1
MU,2024-07-24,2024-09-26,2024-10-01,2-3%,-2.433,111.5815,99.2082,stop,262.5353,29294.07,-11.089,-3248.42,3
COP,2024-09-26,2024-09-27,2024-10-01,2-3%,-2.582,103.103,105.6243,tp_gap_filled,285.1028,29394.96,2.445,718.82,2
HUM,2024-07-31,2024-09-04,2024-10-02,5-10%,-9.737,365.4951,270.1959,stop,77.64,28377.04,-26.074,-7399.03,20
PRU,2024-08-02,2024-08-26,2024-10-04,3-5%,-3.404,118.4383,122.3675,tp_gap_filled,241.0198,28545.98,3.317,947.01,28
ALB,2024-10-03,2024-10-04,2024-10-07,2-3%,-2.147,92.1421,93.9759,tp_gap_filled,312.4339,28788.3,1.99,572.97,1
C,2024-08-02,2024-08-15,2024-10-08,5-10%,-5.705,59.7297,63.2167,tp_gap_filled,461.7988,27583.09,5.838,1610.32,37
CPRT,2024-09-05,2024-09-06,2024-10-08,5-10%,-5.749,50.05,52.9969,tp_gap_filled,553.9336,27724.38,5.888,1632.41,22
ECHO,2024-10-01,2024-10-02,2024-10-08,2-3%,-2.659,24.1842,24.7952,tp_gap_filled,1191.3183,28811.03,2.527,727.92,4
PTC,2024-07-09,2024-07-11,2024-10-09,3-5%,-3.694,180.5804,181.4084,time_exit,148.7225,26856.37,0.459,123.14,63
ALB,2024-10-07,2024-10-08,2024-10-09,2-3%,-2.165,99.9799,101.9879,tp_gap_filled,288.5793,28852.12,2.008,579.48,1
CIEN,2024-10-07,2024-10-08,2024-10-09,3-5%,-3.299,64.5545,66.6233,tp_gap_filled,447.0298,28857.78,3.205,924.83,1
HPQ,2024-09-27,2024-09-30,2024-10-10,2-3%,-2.958,35.7958,36.8131,tp_gap_filled,821.483,29405.61,2.842,835.77,8
AME,2024-10-07,2024-10-08,2024-10-11,2-3%,-2.275,166.4062,169.9399,tp_gap_filled,173.3998,28854.81,2.124,612.73,3
ARES,2024-10-08,2024-10-09,2024-10-11,3-5%,-3.463,155.155,160.3994,tp_gap_filled,187.8387,29144.11,3.38,985.11,2
EL,2024-10-08,2024-10-09,2024-10-11,2-3%,-2.874,93.3733,95.944,tp_gap_filled,312.3263,29162.93,2.753,802.89,2
LVS,2024-10-08,2024-10-09,2024-10-11,3-5%,-3.281,51.6316,53.2767,tp_gap_filled,564.8932,29166.33,3.186,929.3,2
MRVL,2024-09-03,2024-09-11,2024-10-14,2-3%,-2.177,74.6546,76.1638,tp_gap_filled,372.6987,27823.67,2.022,562.47,23
SBAC,2024-10-04,2024-10-07,2024-10-14,2-3%,-2.38,234.4342,239.6701,tp_gap_filled,122.1592,28638.29,2.233,639.61,5
GNRC,2024-10-10,2024-10-11,2024-10-14,3-5%,-3.958,165.6355,172.1177,tp_gap_filled,176.7912,29282.9,3.914,1146.0,1
HII,2024-10-10,2024-10-11,2024-10-14,3-5%,-3.468,249.3791,257.8219,tp_gap_filled,117.6112,29329.78,3.386,992.96,1
HUBB,2024-10-10,2024-10-11,2024-10-14,2-3%,-2.873,436.9365,448.9606,tp_gap_filled,67.2158,29369.02,2.752,808.21,1
GM,2024-09-23,2024-09-24,2024-10-15,2-3%,-2.619,47.6476,48.8311,tp_gap_filled,610.8069,29103.48,2.484,722.9,15
TSN,2024-09-25,2024-09-26,2024-10-15,3-5%,-3.09,58.7087,60.4595,tp_gap_filled,498.72,29279.18,2.982,873.17,13
CEG,2024-10-11,2024-10-14,2024-10-15,2-3%,-2.257,256.6464,262.0477,tp_gap_filled,115.5072,29644.51,2.105,623.89,1
COIN,2024-09-30,2024-10-14,2024-10-15,3-5%,-3.681,184.3742,191.0388,tp_gap_filled,161.0997,29702.63,3.615,1073.66,1
AIG,2024-08-01,2024-08-29,2024-10-17,3-5%,-3.471,76.5565,79.1508,tp_gap_filled,374.696,28685.41,3.389,972.07,34
BMY,2024-10-15,2024-10-16,2024-10-17,2-3%,-2.582,51.3613,52.6173,tp_gap_filled,574.7103,29517.88,2.445,721.85,1
APP,2024-10-14,2024-10-15,2024-10-21,3-5%,-3.898,141.4113,146.853,tp_gap_filled,207.5761,29353.6,3.848,1129.57,4
PYPL,2024-10-10,2024-10-11,2024-10-23,2-3%,-2.094,80.0199,81.5684,tp_gap_filled,367.571,29413.01,1.935,569.15,8
FISV,2024-10-22,2024-10-23,2024-10-24,2-3%,-2.658,192.1219,196.9728,tp_gap_filled,149.8033,28780.49,2.525,726.68,1
BIIB,2024-07-26,2024-07-29,2024-10-25,5-10%,-7.061,211.5914,181.5083,time_exit,129.163,27329.77,-14.218,-3885.62,63
RMD,2024-09-18,2024-09-19,2024-10-25,5-10%,-6.876,233.8636,250.6291,tp_gap_filled,124.4652,29107.88,7.169,2086.72,26
BKR,2024-10-15,2024-10-16,2024-10-25,2-3%,-2.896,36.5865,37.6024,tp_gap_filled,806.6831,29513.75,2.776,819.44,7
UPS,2024-07-23,2024-07-30,2024-10-28,10%+,-10.36,130.2701,135.2047,time_exit,210.4072,27409.77,3.788,1038.26,63
AVY,2024-10-24,2024-10-25,2024-10-28,2-3%,-2.196,203.2931,207.4423,tp_gap_filled,142.5028,28969.83,2.041,591.28,1
ADM,2024-07-30,2024-07-31,2024-10-29,3-5%,-3.633,61.061,56.2637,time_exit,450.5304,27509.84,-7.857,-2161.34,63
DHI,2024-09-20,2024-09-23,2024-10-29,2-3%,-2.329,192.6625,171.2981,stop,150.9007,29072.9,-11.089,-3223.89,26
BG,2024-07-31,2024-08-01,2024-10-30,5-10%,-8.135,105.3452,85.7741,time_exit,257.5183,27128.33,-18.578,-5039.92,63
GRMN,2024-09-13,2024-09-16,2024-10-30,5-10%,-5.22,173.3932,182.5772,tp_gap_filled,163.3564,28324.89,5.297,1500.27,32
SWKS,2024-09-16,2024-09-19,2024-10-30,2-3%,-2.342,100.1701,89.0622,stop,290.9621,29145.7,-11.089,-3231.97,29
AMP,2024-10-24,2024-10-25,2024-10-30,3-5%,-3.829,501.0405,519.9495,tp_gap_filled,57.8061,28963.2,3.774,1093.05,3
BKR,2024-10-28,2024-10-29,2024-10-30,2-3%,-2.372,36.6666,37.4825,tp_gap_filled,791.8127,29033.1,2.225,646.0,1
APTV,2024-09-30,2024-10-01,2024-10-31,3-5%,-3.543,71.6816,60.1523,stop,403.8059,28945.46,-16.084,-4655.59,22
COP,2024-10-28,2024-10-29,2024-10-31,2-3%,-2.64,101.9018,104.4554,tp_gap_filled,285.0222,29044.28,2.506,727.84,2
CCL,2024-10-29,2024-10-30,2024-10-31,2-3%,-2.053,21.4915,21.8981,tp_gap_filled,1346.5949,28940.3,1.892,547.54,1
ALGN,2024-10-29,2024-10-30,2024-11-04,3-5%,-4.05,207.2671,215.5842,tp_gap_filled,139.6523,28945.31,4.013,1161.51,3
BLDR,2024-10-29,2024-10-30,2024-11-05,5-10%,-5.244,175.2851,184.6152,tp_gap_filled,165.1797,28953.55,5.323,1541.14,4
FERG,2024-09-20,2024-09-24,2024-11-06,2-3%,-2.416,203.3531,207.9718,tp_gap_filled,143.1703,29114.14,2.271,661.26,31
CAT,2024-10-14,2024-10-16,2024-11-06,2-3%,-2.147,393.7834,401.618,tp_gap_filled,75.0574,29556.36,1.99,588.04,15
CFG,2024-10-16,2024-10-17,2024-11-06,2-3%,-2.645,42.3723,43.4365,tp_gap_filled,693.7845,29397.27,2.512,738.32,14
BSX,2024-10-23,2024-10-24,2024-11-06,3-5%,-3.102,85.3653,87.922,tp_gap_filled,339.0652,28944.4,2.995,866.89,9
AAPL,2024-11-01,2024-11-04,2024-11-06,2-3%,-2.187,221.191,225.6841,tp_gap_filled,130.8223,28936.71,2.031,587.8,2
ALB,2024-10-11,2024-10-14,2024-11-07,2-3%,-2.244,100.7507,102.857,tp_gap_filled,294.0269,29623.41,2.091,619.33,18
COHR,2024-10-18,2024-10-21,2024-11-07,3-5%,-4.722,97.3472,101.9679,tp_gap_filled,298.7299,29080.53,4.747,1380.34,13
AXP,2024-10-18,2024-11-06,2024-11-07,3-5%,-3.142,277.0768,285.4942,tp_gap_filled,106.4355,29490.82,3.038,895.91,1
MCK,2024-08-08,2024-09-03,2024-11-08,5-10%,-7.114,574.1536,616.8925,tp_gap_filled,49.471,28403.96,7.444,2114.34,48
VRSK,2024-07-31,2024-09-03,2024-11-08,3-5%,-3.843,275.275,285.704,tp_gap_filled,103.3262,28443.12,3.789,1077.59,48
MCHP,2024-09-03,2024-09-19,2024-11-11,2-3%,-2.3,80.3503,71.4402,stop,362.7063,29143.55,-11.089,-3231.73,37
AFL,2024-10-31,2024-11-06,2024-11-11,2-3%,-2.634,107.2972,109.9799,tp_gap_filled,274.9807,29504.66,2.5,737.69,3
COIN,2024-11-07,2024-11-08,2024-11-11,3-5%,-3.413,245.8756,254.0557,tp_gap_filled,121.5867,29895.2,3.327,994.59,1
BAX,2024-09-30,2024-10-01,2024-11-12,2-3%,-2.981,37.7877,33.5975,stop,765.5873,28929.82,-11.089,-3208.03,30
CMG,2024-10-30,2024-10-31,2024-11-12,5-10%,-5.174,57.4174,60.4295,tp_gap_filled,498.7524,28637.05,5.246,1502.32,8
HUM,2024-11-11,2024-11-12,2024-11-13,5-10%,-5.248,273.273,287.8319,tp_gap_filled,107.2229,29301.13,5.328,1561.04,1
ADI,2024-07-23,2024-08-21,2024-11-15,2-3%,-2.475,234.3341,208.3488,stop,119.8011,28073.49,-11.089,-3113.07,61
A,2024-10-16,2024-10-17,2024-11-15,2-3%,-2.123,141.6515,125.9438,stop,207.7392,29426.57,-11.089,-3263.11,21
BBY,2024-11-06,2024-11-07,2024-11-15,3-5%,-4.276,88.9589,92.7472,tp_gap_filled,335.9242,29883.44,4.258,1272.58,6
COIN,2024-11-12,2024-11-13,2024-11-18,3-5%,-4.376,310.36,323.9158,tp_gap_filled,94.5042,29330.34,4.368,1281.07,3
NTAP,2024-11-14,2024-11-15,2024-11-18,2-3%,-2.248,117.107,119.5603,tp_gap_filled,247.4684,28980.28,2.095,607.12,1
AWK,2024-11-06,2024-11-07,2024-11-19,2-3%,-2.458,133.8737,136.9729,tp_gap_filled,223.2785,29891.14,2.315,691.97,8
AVGO,2024-10-11,2024-10-14,2024-11-20,2-3%,-2.45,181.3211,161.2144,stop,163.4621,29639.13,-11.089,-3286.68,27
FRT,2024-11-18,2024-11-19,2024-11-20,2-3%,-2.501,110.8107,113.4265,tp_gap_filled,261.6798,28996.92,2.361,684.49,1
DE,2024-11-08,2024-11-11,2024-11-21,2-3%,-2.204,402.5021,410.7488,tp_gap_filled,73.8096,29708.52,2.049,608.69,8
CCL,2024-11-19,2024-11-20,2024-11-21,2-3%,-2.081,24.024,24.4855,tp_gap_filled,1215.4754,29200.58,1.921,560.93,1
DAL,2024-11-19,2024-11-20,2024-11-21,2-3%,-2.451,61.7517,63.1768,tp_gap_filled,473.5638,29243.37,2.308,674.86,1
FDX,2024-09-20,2024-09-24,2024-11-22,10%+,-13.19,210.3391,241.8127,tp_gap_filled,138.3076,29091.48,14.963,4353.05,43
CBOE,2024-11-06,2024-11-18,2024-11-22,2-3%,-2.578,206.8967,211.9478,tp_gap_filled,140.58,29085.55,2.441,710.09,4
COHR,2024-11-20,2024-11-21,2024-11-22,2-3%,-2.264,101.9919,104.1458,tp_gap_filled,290.3881,29617.23,2.112,625.46,1
ALB,2024-11-12,2024-11-13,2024-11-25,3-5%,-3.53,106.6966,110.3795,tp_gap_filled,274.7666,29316.66,3.452,1011.94,8
SWKS,2024-11-13,2024-11-15,2024-11-25,2-3%,-2.597,84.8648,86.953,tp_gap_filled,341.4978,28981.13,2.461,713.11,6
KLAC,2024-11-15,2024-11-18,2024-11-25,3-5%,-3.794,62.1151,64.4355,tp_gap_filled,468.1678,29080.27,3.736,1086.36,5
IDXX,2024-11-21,2024-11-22,2024-11-25,2-3%,-2.164,409.9595,418.1914,tp_gap_filled,72.7077,29807.21,2.008,598.52,1
J,2024-11-19,2024-11-22,2024-11-25,2-3%,-2.501,135.6206,138.8214,tp_gap_filled,219.9139,29824.86,2.36,703.9,1
CEG,2024-11-04,2024-11-05,2024-11-26,5-10%,-9.919,232.7325,257.8419,tp_gap_filled,125.9068,29302.6,10.789,3161.44,15
APP,2024-11-22,2024-11-25,2024-11-26,2-3%,-2.903,309.309,317.9218,tp_gap_filled,97.633,30198.77,2.785,840.89,1
INTC,2024-08-02,2024-08-30,2024-11-29,10%+,-24.475,21.9619,24.0259,time_exit,1324.8466,29096.2,9.398,2734.49,63
LRCX,2024-11-15,2024-11-21,2024-11-29,3-5%,-4.198,71.7217,74.7152,tp_gap_filled,413.536,29659.49,4.174,1237.94,5
AMZN,2024-11-15,2024-11-26,2024-12-02,2-3%,-2.232,206.9668,211.2685,tp_gap_filled,145.0796,30026.65,2.078,624.1,3
ANET,2024-11-08,2024-11-11,2024-12-04,5-10%,-5.698,101.7166,107.6472,tp_gap_filled,292.3003,29731.8,5.831,1733.52,16
IBM,2024-10-24,2024-11-21,2024-12-04,5-10%,-5.134,221.0208,232.5172,tp_gap_filled,134.1653,29653.32,5.202,1542.42,8
HPE,2024-11-27,2024-11-29,2024-12-05,3-5%,-4.564,21.1411,22.1079,tp_gap_filled,1422.9272,30082.28,4.573,1375.61,4
RDDT,2024-11-22,2024-11-25,2024-12-06,5-10%,-7.98,145.5554,157.862,tp_gap_filled,207.6081,30218.48,8.455,2554.94,8
ACN,2024-12-03,2024-12-04,2024-12-06,3-5%,-3.481,349.1488,361.0186,tp_gap_filled,86.9502,30358.56,3.4,1032.08,2
HRL,2024-12-04,2024-12-05,2024-12-06,2-3%,-2.514,31.051,31.7882,tp_gap_filled,971.3541,30161.54,2.374,716.04,1
INCY,2024-12-05,2024-12-06,2024-12-09,2-3%,-2.144,73.093,74.5454,tp_gap_filled,414.3878,30288.85,1.987,601.84,1
CNC,2024-09-04,2024-09-11,2024-12-10,5-10%,-7.628,74.1841,56.6533,time_exit,375.2989,27841.21,-23.632,-6579.3,63
KR,2024-12-05,2024-12-06,2024-12-10,2-3%,-2.003,58.7687,59.8501,tp_gap_filled,516.0553,30327.9,1.84,558.05,2
LEN,2024-09-20,2024-09-23,2024-12-12,3-5%,-3.617,179.7439,150.8339,stop,161.7685,29076.92,-16.084,-4676.73,57
ADBE,2024-09-13,2024-09-16,2024-12-13,5-10%,-9.203,533.1026,465.2243,time_exit,53.1734,28346.88,-12.733,-3609.32,63
FCX,2024-10-08,2024-10-10,2024-12-13,3-5%,-3.583,49.019,41.1348,stop,593.5132,29093.41,-16.084,-4679.38,45
MU,2024-11-12,2024-11-25,2024-12-16,3-5%,-3.359,105.105,108.5414,tp_gap_filled,287.6384,30232.23,3.269,988.43,14
GD,2024-12-12,2024-12-13,2024-12-16,2-3%,-2.046,260.26,265.1646,tp_gap_filled,112.5389,29289.37,1.884,551.95,1
ACGL,2024-10-31,2024-11-07,2024-12-17,2-3%,-2.872,102.2221,90.8867,stop,292.6447,29914.76,-11.089,-3317.25,27
PHM,2024-10-22,2024-11-25,2024-12-17,3-5%,-3.937,138.7186,116.4071,stop,217.8961,30226.24,-16.084,-4861.59,15
KHC,2024-10-30,2024-10-31,2024-12-18,2-3%,-2.615,33.9239,30.1621,stop,843.3485,28609.66,-11.089,-3172.53,33
CCI,2024-11-06,2024-11-08,2024-12-18,2-3%,-2.355,106.2461,94.4645,stop,281.4118,29898.91,-11.089,-3315.49,27
AMT,2024-10-29,2024-10-30,2024-12-19,3-5%,-3.177,215.3752,180.7342,stop,134.4725,28962.04,-16.084,-4658.25,35
IRM,2024-11-06,2024-11-26,2024-12-19,3-5%,-3.142,121.9018,102.2951,stop,246.3538,30030.97,-16.084,-4830.18,16
CI,2024-12-17,2024-12-18,2024-12-19,3-5%,-3.509,263.9337,272.9867,tp_gap_filled,106.8261,28195.0,3.43,967.1,1
PLTR,2024-12-17,2024-12-18,2024-12-19,3-5%,-3.261,73.3533,75.6742,tp_gap_filled,384.7727,28224.34,3.164,893.05,1
UNH,2024-12-17,2024-12-18,2024-12-19,2-3%,-2.307,487.487,498.0015,tp_gap_filled,57.8491,28200.7,2.157,608.25,1
FDS,2024-12-19,2024-12-20,2024-12-23,2-3%,-2.938,459.6091,472.5769,tp_gap_filled,61.8566,28429.84,2.821,802.14,1
COIN,2024-12-20,2024-12-23,2024-12-24,2-3%,-2.844,266.3961,273.6461,tp_gap_filled,107.6259,28671.12,2.721,780.28,1
NVDA,2024-12-09,2024-12-10,2025-01-03,2-3%,-2.436,139.109,142.2976,tp_gap_filled,214.6709,29862.64,2.292,684.5,16
LRCX,2024-12-19,2024-12-20,2025-01-03,3-5%,-3.258,72.8227,75.1248,tp_gap_filled,391.1645,28485.67,3.161,900.48,8
INCY,2024-12-12,2024-12-13,2025-01-06,2-3%,-2.745,70.5705,72.4175,tp_gap_filled,415.1885,29300.06,2.617,766.86,14
MU,2024-12-19,2024-12-20,2025-01-07,10%+,-13.301,90.1701,103.7961,tp_gap_filled,315.7611,28472.21,15.111,4302.57,10
RMD,2024-12-23,2024-12-24,2025-01-07,2-3%,-2.976,230.4402,237.0327,tp_gap_filled,125.4534,28909.51,2.861,827.05,8
GEV,2025-01-03,2025-01-06,2025-01-07,2-3%,-2.139,332.0217,338.6011,tp_gap_filled,86.9378,28865.22,1.982,572.0,1
EL,2025-01-08,2025-01-10,2025-01-13,2-3%,-2.13,72.6626,74.0958,tp_gap_filled,389.2021,28280.43,1.972,557.82,1
AIG,2025-01-10,2025-01-13,2025-01-14,3-5%,-3.066,69.3092,71.3586,tp_gap_filled,409.8645,28407.4,2.957,839.95,1
AOS,2024-10-11,2024-10-14,2025-01-15,5-10%,-6.863,80.4203,70.879,time_exit,368.2169,29612.13,-11.864,-3513.26,63
AJG,2024-12-10,2024-12-11,2025-01-15,2-3%,-2.775,284.0337,291.5582,tp_gap_filled,104.9913,29821.08,2.649,790.0,22
ANET,2025-01-13,2025-01-14,2025-01-15,3-5%,-3.699,110.2201,114.2257,tp_gap_filled,258.978,28544.58,3.634,1037.35,1
AMAT,2024-11-15,2024-11-18,2025-01-16,5-10%,-9.495,168.5083,185.814,tp_gap_filled,172.5302,29072.77,10.27,2985.75,39
CEG,2025-01-13,2025-01-15,2025-01-16,2-3%,-2.521,297.7925,304.8848,tp_gap_filled,96.3853,28702.83,2.382,683.6,1
TMUS,2025-01-06,2025-01-07,2025-01-17,2-3%,-2.583,213.6634,218.8909,tp_gap_filled,134.3847,28713.1,2.447,702.49,7
CVNA,2024-12-27,2025-01-16,2025-01-17,2-3%,-2.156,43.8898,44.7672,tp_gap_filled,658.3431,28894.58,1.999,577.59,1
ORCL,2025-01-10,2025-01-16,2025-01-17,2-3%,-2.415,159.3592,162.9769,tp_gap_filled,181.6608,28949.31,2.27,657.19,1
F,2024-12-16,2024-12-18,2025-01-21,3-5%,-3.08,10.0801,10.3796,tp_gap_filled,2803.6305,28260.79,2.972,839.8,20
ELV,2025-01-16,2025-01-17,2025-01-21,3-5%,-3.054,377.7774,388.9007,tp_gap_filled,76.8784,29042.92,2.944,855.14,1
HSY,2024-12-11,2024-12-12,2025-01-23,3-5%,-4.562,178.8286,150.0658,stop,164.8954,29488.02,-16.084,-4742.85,26
DDOG,2025-01-16,2025-01-17,2025-01-23,2-3%,-2.444,137.6425,140.809,tp_gap_filled,210.9638,29037.59,2.301,668.02,3
APD,2024-12-05,2024-12-06,2025-01-24,3-5%,-3.967,314.8045,327.1525,tp_gap_filled,96.0965,30251.62,3.922,1186.6,31
ADBE,2025-01-03,2025-01-06,2025-01-24,2-3%,-2.619,429.8795,440.559,tp_gap_filled,67.1803,28879.45,2.484,717.46,12
ABT,2025-01-22,2025-01-23,2025-01-24,2-3%,-2.278,114.2441,116.6732,tp_gap_filled,257.204,29384.04,2.126,624.77,1
APA,2025-01-22,2025-01-23,2025-01-24,2-3%,-2.236,23.1932,23.6763,tp_gap_filled,1270.2444,29461.0,2.083,613.69,1
MTB,2025-01-16,2025-01-17,2025-01-27,2-3%,-2.569,195.9057,200.6691,tp_gap_filled,148.3477,29062.17,2.431,706.64,5
COHR,2025-01-23,2025-01-24,2025-01-27,2-3%,-2.019,105.8858,94.1441,stop,277.5331,29386.81,-11.089,-3258.7,1
STT,2025-01-17,2025-01-21,2025-01-28,3-5%,-4.806,95.7557,100.3895,tp_gap_filled,305.8993,29291.59,4.839,1417.49,5
APP,2025-01-23,2025-01-24,2025-01-28,2-3%,-2.084,354.5342,361.3583,tp_gap_filled,82.8218,29363.16,1.925,565.18,2
CSX,2025-01-24,2025-01-27,2025-01-28,3-5%,-4.811,32.082,33.6363,tp_gap_filled,913.3664,29302.67,4.845,1419.63,1
ERIE,2025-01-21,2025-01-27,2025-01-28,2-3%,-2.707,394.9846,405.1644,tp_gap_filled,74.3069,29350.1,2.577,756.43,1
ALLE,2024-10-24,2024-10-25,2025-01-29,5-10%,-5.648,142.4823,130.869,time_exit,203.2701,28962.4,-8.151,-2360.64,63
FISV,2024-12-05,2024-12-06,2025-01-29,5-10%,-5.953,203.203,215.6342,tp_gap_filled,148.9575,30268.61,6.118,1851.71,34
AMZN,2025-01-27,2025-01-28,2025-01-29,3-5%,-3.679,226.4362,234.6152,tp_gap_filled,128.7312,29149.4,3.612,1052.88,1
APO,2025-01-27,2025-01-28,2025-01-29,2-3%,-2.395,168.1079,171.8879,tp_gap_filled,173.6959,29199.66,2.249,656.57,1
AXON,2025-01-27,2025-01-28,2025-01-29,2-3%,-2.053,598.3878,609.7097,tp_gap_filled,48.8258,29216.78,1.892,552.8,1
CARR,2024-10-24,2024-10-28,2025-01-30,5-10%,-5.316,75.7757,65.904,time_exit,384.7446,29154.29,-13.027,-3798.07,63
CL,2024-10-25,2024-10-28,2025-01-30,3-5%,-3.208,96.6365,90.7991,time_exit,301.6748,29152.81,-6.041,-1761.01,63
CMCSA,2024-12-16,2024-12-17,2025-01-30,2-3%,-2.079,36.6721,32.6055,stop,789.7736,28962.62,-11.089,-3211.67,28
COIN,2025-01-23,2025-01-24,2025-01-30,2-3%,-2.065,290.0297,295.5542,tp_gap_filled,101.1462,29335.41,1.905,558.77,4
ARES,2025-01-27,2025-01-28,2025-01-30,2-3%,-2.995,191.6014,197.1227,tp_gap_filled,152.4343,29206.62,2.882,841.63,2
BXP,2025-01-29,2025-01-30,2025-01-31,3-5%,-3.772,70.4904,73.1068,tp_gap_filled,418.2262,29480.94,3.712,1094.25,1
DHI,2024-10-29,2024-10-30,2025-02-03,10%+,-15.074,153.3432,137.3225,time_exit,188.9247,28970.31,-10.448,-3026.7,63
BF-B,2025-01-10,2025-01-15,2025-02-03,2-3%,-2.417,35.1551,31.2568,stop,817.5981,28742.76,-11.089,-3187.28,12
LLY,2024-10-30,2024-10-31,2025-02-04,10%+,-11.629,799.2985,825.2439,time_exit,35.7771,28596.62,3.246,928.25,63
CMI,2025-01-27,2025-01-30,2025-02-04,2-3%,-2.073,360.36,367.2524,tp_gap_filled,81.8824,29507.16,1.913,564.36,3
BR,2025-01-31,2025-02-03,2025-02-04,3-5%,-3.383,231.261,238.8809,tp_gap_filled,125.0655,28922.77,3.295,952.98,1
CDW,2024-10-30,2024-11-06,2025-02-05,5-10%,-8.954,200.4102,219.6801,tp_gap_filled,147.4724,29554.97,9.615,2841.77,60
CTAS,2024-12-19,2025-01-07,2025-02-06,5-10%,-5.739,192.8527,204.1856,tp_gap_filled,148.9927,28733.63,5.876,1688.53,20
FLEX,2025-01-27,2025-01-29,2025-02-06,5-10%,-5.647,41.8118,44.2257,tp_gap_filled,697.4695,29162.43,5.773,1683.66,6
ALGN,2025-02-03,2025-02-04,2025-02-06,2-3%,-2.378,214.1139,218.8909,tp_gap_filled,136.6222,29252.7,2.231,652.64,2
ADM,2024-11-05,2024-11-06,2025-02-10,5-10%,-8.68,50.5505,46.0439,time_exit,582.626,29452.04,-8.915,-2625.66,63
AMCR,2024-11-01,2024-11-06,2025-02-10,5-10%,-6.02,52.3523,50.1498,time_exit,563.8001,29516.23,-4.207,-1241.77,63
CAT,2025-01-27,2025-01-29,2025-02-12,2-3%,-2.561,397.5872,353.4987,stop,73.3472,29161.9,-11.089,-3233.76,10
AAPL,2025-02-03,2025-02-04,2025-02-12,2-3%,-2.547,230.22,235.764,tp_gap_filled,126.9706,29231.17,2.408,703.93,6
ABNB,2024-11-08,2024-11-11,2025-02-13,5-10%,-8.618,134.8047,140.899,time_exit,220.4132,29712.73,4.521,1343.26,63
AMAT,2025-01-23,2025-01-24,2025-02-14,2-3%,-2.752,190.3201,169.2155,stop,154.3795,29381.53,-11.089,-3258.12,15
SMCI,2024-10-30,2024-11-25,2025-02-18,10%+,-29.051,34.8848,49.0709,tp_gap_filled,865.5099,30193.18,40.665,12278.15,55
CARR,2025-02-11,2025-02-14,2025-02-18,2-3%,-2.612,64.5645,66.1638,tp_gap_filled,462.1645,29839.42,2.477,739.13,1
MCHP,2024-12-16,2024-12-17,2025-02-19,3-5%,-3.321,57.9979,59.8701,tp_gap_filled,499.2333,28954.5,3.228,934.63,41
ADM,2025-02-12,2025-02-13,2025-02-19,2-3%,-2.326,45.4054,46.3936,tp_gap_filled,654.8075,29731.77,2.176,647.08,3
ABBV,2024-11-11,2024-11-22,2025-02-20,10%+,-10.491,178.7486,199.3005,tp_gap_filled,166.8109,29817.21,11.498,3428.28,58
ALB,2025-02-03,2025-02-04,2025-02-20,3-5%,-3.183,81.5915,84.1058,tp_gap_filled,358.3962,29242.09,3.082,901.12,11
AES,2025-02-11,2025-02-20,2025-02-21,2-3%,-2.791,10.4604,10.7392,tp_gap_filled,2871.9299,30041.68,2.665,800.69,1
BAX,2025-02-03,2025-02-20,2025-02-21,2-3%,-2.457,31.7918,32.5274,tp_gap_filled,945.5827,30061.74,2.314,695.65,1
CL,2025-01-31,2025-02-03,2025-02-24,5-10%,-6.007,85.5154,90.7991,tp_gap_filled,338.5772,28953.57,6.179,1788.93,14
AMZN,2025-02-05,2025-02-06,2025-02-25,2-3%,-2.082,237.257,210.9476,stop,125.1231,29686.34,-11.089,-3291.92,12
DPZ,2025-02-24,2025-02-25,2025-02-26,3-5%,-4.622,441.441,461.9076,tp_gap_filled,66.1898,29218.87,4.636,1354.68,1
ACGL,2025-02-11,2025-02-12,2025-02-27,2-3%,-2.143,89.5895,91.3685,tp_gap_filled,329.5883,29527.65,1.986,586.35,10
CVS,2025-02-21,2025-02-24,2025-02-28,3-5%,-3.395,62.9429,65.0249,tp_gap_filled,465.1855,29280.12,3.308,968.53,4
AXON,2025-02-20,2025-02-26,2025-02-28,2-3%,-2.093,581.581,517.0895,stop,50.4128,29319.13,-11.089,-3251.2,2
KDP,2025-02-27,2025-02-28,2025-03-03,2-3%,-2.786,32.8328,33.7063,tp_gap_filled,880.6447,28914.03,2.66,769.21,1
CF,2025-01-24,2025-01-29,2025-03-04,3-5%,-4.336,91.2011,76.5323,stop,319.6056,29148.38,-16.084,-4688.23,23
ALB,2025-02-28,2025-03-03,2025-03-04,2-3%,-2.026,77.4474,68.8592,stop,367.7124,28478.36,-11.089,-3157.97,1
DELL,2024-11-27,2024-11-29,2025-03-05,10%+,-11.867,125.0449,97.1528,time_exit,240.4086,30061.88,-22.306,-6705.52,63
ADSK,2024-11-27,2024-12-02,2025-03-06,5-10%,-7.787,293.4932,260.1296,time_exit,103.4408,30359.16,-11.368,-3451.15,63
KR,2025-03-03,2025-03-04,2025-03-06,3-5%,-3.116,62.8628,64.7552,tp_gap_filled,446.7083,28081.34,3.01,845.34,2
AMZN,2025-03-04,2025-03-05,2025-03-06,2-3%,-2.395,200.3101,204.815,tp_gap_filled,142.1247,28469.02,2.249,640.25,1
COO,2024-12-06,2024-12-09,2025-03-07,3-5%,-3.72,99.4894,83.4875,stop,304.9659,30340.87,-16.084,-4880.03,59
GIS,2024-12-18,2024-12-19,2025-03-07,3-5%,-4.292,63.1631,65.8641,tp_gap_filled,444.4614,28073.56,4.276,1200.48,51
AOS,2025-01-30,2025-01-31,2025-03-07,3-5%,-3.915,66.5765,69.1508,tp_gap_filled,441.4064,29387.3,3.867,1136.3,24
HII,2025-02-06,2025-02-10,2025-03-07,10%+,-12.471,171.3612,195.3844,tp_gap_filled,174.7487,29945.15,14.019,4198.03,18
EBAY,2025-02-27,2025-02-28,2025-03-07,5-10%,-7.015,64.3543,69.0709,tp_gap_filled,449.2048,28908.25,7.329,2118.71,5
ROST,2025-03-05,2025-03-06,2025-03-07,3-5%,-4.832,129.5294,135.834,tp_gap_filled,215.9177,27967.69,4.867,1361.28,1
TPL,2025-03-05,2025-03-06,2025-03-07,2-3%,-2.738,443.7767,455.3575,tp_gap_filled,63.1576,28027.86,2.61,731.42,1
AES,2025-03-03,2025-03-04,2025-03-10,3-5%,-3.796,11.1611,11.5784,tp_gap_filled,2518.5557,28109.98,3.739,1050.89,4
BF-B,2025-03-06,2025-03-07,2025-03-10,3-5%,-3.723,34.6847,35.954,tp_gap_filled,820.2029,28448.45,3.66,1041.13,1
GPC,2025-03-06,2025-03-07,2025-03-10,2-3%,-2.176,121.0509,123.4964,tp_gap_filled,235.7249,28534.72,2.02,576.45,1
AXON,2025-03-06,2025-03-07,2025-03-11,2-3%,-2.264,523.3728,534.4251,tp_gap_filled,54.348,28444.27,2.112,600.67,2
ALB,2025-03-07,2025-03-10,2025-03-11,2-3%,-2.877,74.3543,76.4035,tp_gap_filled,373.0249,27736.0,2.756,764.42,1
ETN,2025-03-06,2025-03-07,2025-03-12,3-5%,-3.653,277.4972,287.4423,tp_gap_filled,102.7392,28509.84,3.584,1021.75,3
BA,2025-03-10,2025-03-11,2025-03-12,2-3%,-2.692,150.18,154.0258,tp_gap_filled,183.7751,27599.35,2.561,706.76,1
HST,2025-02-20,2025-02-21,2025-03-13,2-3%,-2.225,16.7167,14.863,stop,1768.4552,29562.74,-11.089,-3278.21,14
AES,2025-03-12,2025-03-13,2025-03-14,2-3%,-2.502,11.7017,11.978,tp_gap_filled,2337.3939,27351.46,2.361,645.87,1
ABBV,2025-03-10,2025-03-11,2025-03-17,2-3%,-2.007,210.2,214.0757,tp_gap_filled,131.2299,27584.52,1.844,508.61,4
APO,2025-03-06,2025-03-07,2025-03-19,3-5%,-3.935,135.135,140.3895,tp_gap_filled,210.6299,28463.47,3.888,1106.75,8
FICO,2025-03-06,2025-03-07,2025-03-19,2-3%,-2.097,1835.5637,1871.137,tp_gap_filled,15.5459,28535.46,1.938,553.02,8
AMP,2025-03-10,2025-03-12,2025-03-19,2-3%,-2.447,487.6071,498.8407,tp_gap_filled,57.1102,27847.35,2.304,641.55,5
CFG,2025-03-10,2025-03-12,2025-03-19,2-3%,-2.426,40.6706,41.5984,tp_gap_filled,684.3696,27833.74,2.281,634.91,5
AXP,2025-03-10,2025-03-19,2025-03-20,2-3%,-2.013,267.9777,272.9368,tp_gap_filled,106.5625,28556.37,1.851,528.45,1
NRG,2025-03-18,2025-03-19,2025-03-20,2-3%,-2.018,94.2842,96.0339,tp_gap_filled,303.1369,28581.02,1.856,530.39,1
CMI,2025-03-13,2025-03-14,2025-03-24,3-5%,-3.677,318.8685,330.3793,tp_gap_filled,87.6791,27958.12,3.61,1009.25,6
CRWD,2025-03-05,2025-03-06,2025-03-25,5-10%,-7.3,90.5104,97.4425,tp_gap_filled,309.4073,28004.59,7.659,2144.82,13
ADSK,2025-03-21,2025-03-24,2025-03-25,2-3%,-2.005,262.7125,267.5522,tp_gap_filled,110.3456,28989.17,1.842,534.04,1
LEN,2024-12-19,2024-12-20,2025-03-26,5-10%,-6.119,132.7561,117.7521,time_exit,214.5224,28479.15,-11.302,-3218.68,63
ABT,2025-03-14,2025-03-17,2025-03-27,3-5%,-3.765,125.125,129.7601,tp_gap_filled,226.9848,28401.47,3.704,1052.1,8
ETR,2025-03-18,2025-03-19,2025-03-31,2-3%,-2.575,83.3332,85.3645,tp_gap_filled,342.7906,28565.86,2.438,696.31,8
PGR,2025-03-19,2025-03-20,2025-03-31,2-3%,-2.393,276.7765,282.9967,tp_gap_filled,102.9736,28500.67,2.247,640.52,7
CCI,2025-03-25,2025-03-26,2025-03-31,2-3%,-2.675,101.6215,104.2057,tp_gap_filled,281.9307,28650.23,2.543,728.56,3
ALB,2025-03-31,2025-04-01,2025-04-02,2-3%,-2.327,70.5805,72.1178,tp_gap_filled,397.5885,28062.0,2.178,611.21,1
AMZN,2025-03-31,2025-04-01,2025-04-02,2-3%,-2.351,188.3782,192.5273,tp_gap_filled,149.0535,28078.43,2.203,618.44,1
ARES,2025-02-05,2025-02-06,2025-04-03,5-10%,-7.269,181.3412,134.0583,stop,163.7405,29692.9,-26.074,-7742.13,39
DXCM,2025-03-10,2025-03-20,2025-04-03,3-5%,-3.983,74.8147,62.7815,stop,380.8998,28496.92,-16.084,-4583.44,10
DGX,2025-03-19,2025-03-31,2025-04-03,2-3%,-2.157,168.8987,172.2775,tp_gap_filled,165.5095,27954.35,2.001,559.23,3
DELL,2025-03-28,2025-04-02,2025-04-03,2-3%,-2.801,94.4744,83.9981,stop,301.1764,28453.45,-11.089,-3155.2,1
GPC,2025-04-01,2025-04-02,2025-04-03,2-3%,-2.636,116.116,119.0209,tp_gap_filled,245.1173,28462.04,2.502,712.03,1
CRL,2025-01-14,2025-01-15,2025-04-04,5-10%,-5.401,180.0499,133.1037,stop,159.4691,28712.4,-26.074,-7486.47,55
JBHT,2025-01-17,2025-01-21,2025-04-04,5-10%,-6.015,175.175,129.4999,stop,167.237,29295.75,-26.074,-7638.57,52
ANET,2025-01-27,2025-01-29,2025-04-04,10%+,-15.135,109.7296,69.0605,stop,265.914,29178.65,-37.063,-10814.48,46
CEG,2025-01-27,2025-01-29,2025-04-04,10%+,-15.824,292.7525,184.2496,stop,99.5764,29151.24,-37.063,-10804.33,46
CIEN,2025-01-27,2025-01-30,2025-04-04,10%+,-12.44,84.6846,53.2979,stop,348.4407,29507.56,-37.063,-10936.39,45
CNC,2025-02-04,2025-02-05,2025-04-04,5-10%,-7.05,60.3102,64.7552,tp_gap_filled,491.2226,29625.76,7.37,2183.45,41
LII,2025-01-29,2025-02-18,2025-04-04,3-5%,-4.919,630.63,529.1995,stop,47.7107,30087.8,-16.084,-4839.32,33
AMAT,2025-02-14,2025-02-19,2025-04-04,5-10%,-5.117,175.0148,129.3815,stop,172.5482,30198.5,-26.074,-7873.96,32
BSX,2025-02-18,2025-02-19,2025-04-04,2-3%,-2.281,103.7937,92.284,stop,290.8944,30193.01,-11.089,-3348.1,32
BBY,2025-03-04,2025-03-07,2025-04-04,5-10%,-8.416,79.5194,58.7855,stop,357.7711,28449.76,-26.074,-7417.99,20
BALL,2025-02-03,2025-03-10,2025-04-04,2-3%,-2.011,54.6346,48.5762,stop,508.1271,27761.31,-11.089,-3078.45,19
C,2025-03-04,2025-03-25,2025-04-04,3-5%,-3.408,74.6145,62.6135,stop,387.8624,28940.18,-16.084,-4654.74,8
CTSH,2025-03-20,2025-03-25,2025-04-04,2-3%,-2.021,78.1281,69.4644,stop,370.3959,28938.31,-11.089,-3208.97,8
CRWD,2025-04-02,2025-04-03,2025-04-04,2-3%,-2.544,88.3783,78.578,stop,303.1057,26787.96,-11.089,-2970.52,1
ETN,2025-04-02,2025-04-03,2025-04-04,2-3%,-2.172,270.9607,240.9139,stop,98.8058,26772.5,-11.089,-2968.8,1
GEV,2025-04-02,2025-04-03,2025-04-04,2-3%,-2.712,307.3871,273.3009,stop,87.0028,26743.54,-11.089,-2965.59,1
GLW,2025-04-02,2025-04-03,2025-04-04,2-3%,-2.042,44.6546,39.7029,stop,598.266,26715.33,-11.089,-2962.46,1
AMD,2025-02-05,2025-02-06,2025-04-07,5-10%,-9.95,107.7176,79.6313,stop,275.386,29663.92,-26.074,-7734.57,41
APP,2025-02-26,2025-02-27,2025-04-07,10%+,-12.887,328.7985,206.9359,stop,87.53,28779.72,-37.063,-10666.63,27
SNA,2025-02-06,2025-03-10,2025-04-07,2-3%,-2.763,346.6063,308.1711,stop,80.0622,27750.06,-11.089,-3077.2,20
DHI,2025-04-03,2025-04-04,2025-04-07,2-3%,-2.383,125.0449,127.842,tp_gap_filled,201.1348,25150.89,2.237,562.6,1
INTC,2025-04-03,2025-04-04,2025-04-07,2-3%,-2.639,21.4214,19.046,stop,1172.787,25122.74,-11.089,-2785.86,1
APTV,2024-10-31,2025-01-06,2025-04-08,5-10%,-9.613,62.4924,49.3106,time_exit,462.1738,28882.36,-21.093,-6092.28,63
CVS,2025-04-03,2025-04-04,2025-04-08,3-5%,-3.085,66.036,68.0019,tp_gap_filled,381.3238,25181.09,2.977,749.67,2
ALGN,2025-04-03,2025-04-07,2025-04-08,2-3%,-2.067,160.7506,142.925,stop,153.4181,24662.05,-11.089,-2734.77,1
AMAT,2025-04-04,2025-04-07,2025-04-08,3-5%,-4.723,129.2391,135.3745,tp_gap_filled,190.3891,24605.72,4.747,1168.11,1
ANET,2025-04-04,2025-04-07,2025-04-08,5-10%,-5.262,67.5875,71.1987,tp_gap_filled,364.3962,24628.63,5.343,1315.91,1
BDX,2025-02-06,2025-02-10,2025-04-09,3-5%,-4.697,183.7921,154.231,stop,163.0279,29963.23,-16.084,-4819.29,41
CASY,2025-04-03,2025-04-04,2025-04-09,3-5%,-3.269,429.7994,443.4361,tp_gap_filled,58.9184,25323.1,3.173,803.46,3
CPRT,2025-04-03,2025-04-04,2025-04-09,3-5%,-3.115,55.7357,57.4125,tp_gap_filled,453.0711,25252.22,3.009,759.73,3
GOOG,2025-04-03,2025-04-04,2025-04-09,3-5%,-3.793,152.9878,158.7011,tp_gap_filled,164.4364,25156.76,3.734,939.47,3
LEN,2025-04-03,2025-04-04,2025-04-09,2-3%,-2.819,112.5124,100.0359,stop,222.4154,25024.49,-11.089,-2774.97,3
NEM,2025-04-03,2025-04-04,2025-04-09,3-5%,-4.166,46.7467,48.6813,tp_gap_filled,533.8186,24954.26,4.138,1032.71,3
NFLX,2025-04-03,2025-04-04,2025-04-09,3-5%,-3.604,90.2702,93.4584,tp_gap_filled,275.9337,24908.58,3.532,879.75,3
AJG,2025-04-07,2025-04-08,2025-04-09,2-3%,-2.644,311.1208,318.9308,tp_gap_filled,78.1749,24321.85,2.51,610.54,1
AMD,2025-04-07,2025-04-08,2025-04-09,5-10%,-5.924,80.7607,85.6742,tp_gap_filled,300.7476,24288.58,6.084,1477.74,1
MLM,2025-04-03,2025-04-04,2025-04-11,3-5%,-3.448,475.9655,491.9775,tp_gap_filled,52.5554,25014.53,3.364,841.52,5
AMCR,2025-04-07,2025-04-08,2025-04-11,3-5%,-3.037,44.7447,46.0539,tp_gap_filled,543.5932,24322.91,2.926,711.67,3
CTAS,2025-04-03,2025-04-04,2025-04-14,2-3%,-2.799,203.0328,208.4613,tp_gap_filled,124.2839,25233.71,2.674,674.67,6
LDOS,2025-04-03,2025-04-04,2025-04-14,2-3%,-2.658,139.2791,142.7971,tp_gap_filled,179.9358,25061.31,2.526,633.0,6
AMGN,2025-04-07,2025-04-08,2025-04-14,2-3%,-2.276,287.9777,294.0956,tp_gap_filled,84.2531,24263.01,2.124,515.45,4
BRK-B,2025-04-04,2025-04-09,2025-04-14,2-3%,-2.105,519.519,529.6298,tp_gap_filled,49.3016,25613.14,1.946,498.48,3
ALLE,2025-04-04,2025-04-07,2025-04-15,2-3%,-2.964,123.5634,127.0828,tp_gap_filled,199.2839,24624.21,2.848,701.35,6
APP,2025-04-11,2025-04-14,2025-04-16,2-3%,-2.098,258.5533,229.8823,stop,98.8021,25545.61,-11.089,-2832.75,2
DLTR,2025-04-03,2025-04-04,2025-04-17,10%+,-11.628,68.6186,77.4924,tp_gap_filled,366.8079,25169.83,12.932,3255.01,9
ADM,2025-04-04,2025-04-11,2025-04-17,3-5%,-3.826,45.7958,47.5224,tp_gap_filled,552.8685,25319.03,3.77,954.63,4
AMZN,2025-04-02,2025-04-09,2025-04-21,2-3%,-2.347,187.8477,167.0172,stop,136.2489,25594.04,-11.089,-2838.12,7
ADSK,2025-04-03,2025-04-09,2025-04-23,3-5%,-4.087,257.237,267.6621,tp_gap_filled,99.3955,25568.2,4.053,1036.21,9
BA,2025-04-03,2025-04-09,2025-04-23,5-10%,-5.078,160.16,168.3914,tp_gap_filled,159.934,25615.04,5.14,1316.49,9
APD,2025-04-15,2025-04-16,2025-04-23,2-3%,-2.04,267.287,272.3074,tp_gap_filled,93.2539,24925.57,1.878,468.17,4
APP,2025-04-16,2025-04-17,2025-04-23,3-5%,-4.459,234.7595,245.2245,tp_gap_filled,106.9702,25112.28,4.458,1119.44,3
CNC,2025-04-17,2025-04-21,2025-04-23,5-10%,-5.292,58.7587,61.918,tp_gap_filled,417.849,24552.27,5.377,1320.12,2
AMAT,2025-04-10,2025-04-11,2025-04-24,5-10%,-5.009,142.3722,149.5803,tp_gap_filled,177.8426,25319.84,5.063,1281.9,8
ABBV,2025-04-07,2025-04-08,2025-04-25,3-5%,-3.172,181.211,186.773,tp_gap_filled,134.3553,24346.66,3.069,747.29,12
ANET,2025-04-10,2025-04-14,2025-04-25,2-3%,-2.632,74.074,75.924,tp_gap_filled,344.9412,25551.17,2.498,638.14,8
AMD,2025-04-16,2025-04-17,2025-04-25,5-10%,-8.06,87.6976,95.1947,tp_gap_filled,286.3723,25114.16,8.549,2146.96,5
CF,2025-04-03,2025-04-04,2025-04-28,3-5%,-3.595,77.037,79.7502,tp_gap_filled,328.3572,25295.64,3.522,890.9,15
ARES,2025-04-03,2025-04-23,2025-04-28,5-10%,-5.612,145.9758,154.3455,tp_gap_filled,176.4634,25759.39,5.734,1476.94,3
CHTR,2025-04-24,2025-04-25,2025-04-28,3-5%,-4.192,323.6833,337.1725,tp_gap_filled,81.2857,26310.81,4.167,1096.47,1
FE,2025-02-27,2025-04-03,2025-04-29,5-10%,-5.203,40.8508,43.0069,tp_gap_filled,654.5573,26739.2,5.278,1411.32,17
MSI,2025-04-03,2025-04-04,2025-04-29,2-3%,-2.071,428.3679,436.553,tp_gap_filled,58.3734,25005.31,1.911,477.79,16
CDNS,2025-02-19,2025-04-25,2025-04-29,5-10%,-5.063,285.5052,300.1296,tp_gap_filled,92.1109,26298.15,5.122,1347.06,2
DPZ,2025-04-28,2025-04-29,2025-04-30,2-3%,-2.166,477.497,487.0924,tp_gap_filled,55.7743,26632.06,2.01,535.18,1
APH,2025-01-27,2025-01-30,2025-05-01,5-10%,-8.058,35.5205,38.5564,tp_gap_filled,829.4641,29462.97,8.547,2518.19,63
AVGO,2025-01-27,2025-01-30,2025-05-01,10%+,-12.791,213.6134,197.1327,time_exit,137.9667,29471.53,-7.715,-2273.79,63
APO,2025-04-02,2025-04-28,2025-05-01,2-3%,-2.313,135.3052,138.2316,tp_gap_filled,195.5083,26453.29,2.163,572.15,3
AXP,2025-04-03,2025-04-09,2025-05-02,5-10%,-5.468,260.4602,274.9747,tp_gap_filled,98.3214,25608.81,5.573,1427.09,16
BEN,2025-04-03,2025-04-09,2025-05-02,3-5%,-3.86,18.6987,19.4106,tp_gap_filled,1370.0729,25618.56,3.807,975.34,16
CDW,2025-04-03,2025-04-09,2025-05-02,3-5%,-4.366,157.4473,164.3055,tp_gap_filled,162.6863,25614.52,4.356,1115.74,16
CMCSA,2025-04-24,2025-04-25,2025-05-02,5-10%,-7.224,30.0019,32.2732,tp_gap_filled,881.4855,26446.2,7.571,2002.18,5
HIG,2025-04-04,2025-04-29,2025-05-02,2-3%,-2.066,121.0109,123.3166,tp_gap_filled,220.3246,26661.68,1.905,508.0,3
ACGL,2025-04-30,2025-05-01,2025-05-02,3-5%,-4.308,88.4984,92.2976,tp_gap_filled,299.565,26511.03,4.293,1138.11,1
AMAT,2025-04-30,2025-05-01,2025-05-02,2-3%,-2.394,146.116,149.4005,tp_gap_filled,181.5183,26522.73,2.248,596.19,1
AMD,2025-04-30,2025-05-01,2025-05-02,3-5%,-3.383,92.9028,95.9639,tp_gap_filled,285.6742,26539.94,3.295,874.49,1
APD,2025-05-01,2025-05-02,2025-05-05,3-5%,-4.6,258.8786,270.8189,tp_gap_filled,104.0846,26945.27,4.612,1242.8,1
CNC,2025-04-25,2025-04-28,2025-05-07,5-10%,-5.164,58.4584,61.5184,tp_gap_filled,452.6323,26460.16,5.235,1385.06,7
BLDR,2025-04-29,2025-04-30,2025-05-07,2-3%,-2.025,119.159,105.9455,stop,223.7606,26663.1,-11.089,-2956.67,5
EFX,2025-02-06,2025-02-12,2025-05-08,5-10%,-5.699,255.0848,269.9598,tp_gap_filled,115.6989,29513.05,5.831,1721.02,59
BAC,2025-04-03,2025-04-15,2025-05-08,5-10%,-7.694,38.6686,41.8081,tp_gap_filled,657.3499,25418.82,8.119,2063.76,16
AME,2025-04-03,2025-04-24,2025-05-08,3-5%,-3.364,167.0769,172.5473,tp_gap_filled,157.3096,26282.8,3.274,860.54,10
CINF,2025-04-03,2025-04-29,2025-05-08,2-3%,-2.412,144.174,147.4424,tp_gap_filled,184.9767,26668.84,2.267,604.57,7
CTVA,2025-04-03,2025-04-29,2025-05-08,2-3%,-2.422,62.5125,63.936,tp_gap_filled,426.1899,26642.18,2.277,606.7,7
AMD,2025-05-06,2025-05-07,2025-05-08,2-3%,-2.167,98.5084,100.4894,tp_gap_filled,272.3728,26831.01,2.011,539.57,1
AMP,2025-04-03,2025-04-09,2025-05-09,3-5%,-4.972,470.2498,493.8656,tp_gap_filled,54.4159,25589.05,5.022,1285.08,21
AXON,2025-05-06,2025-05-08,2025-05-09,2-3%,-2.0,609.5789,620.7786,tp_gap_filled,44.437,27087.83,1.837,497.68,1
CVNA,2025-02-20,2025-05-08,2025-05-09,5-10%,-6.007,53.031,56.3076,tp_gap_filled,512.5244,27179.67,6.179,1679.37,1
HD,2025-04-03,2025-04-04,2025-05-12,3-5%,-4.074,356.1358,370.5191,tp_gap_filled,70.5574,25128.0,4.039,1014.85,25
BX,2025-04-03,2025-04-09,2025-05-12,5-10%,-6.881,137.6375,147.5123,tp_gap_filled,186.1138,25616.24,7.175,1837.85,22
AVY,2025-04-03,2025-04-23,2025-05-12,2-3%,-2.215,176.7566,180.3994,tp_gap_filled,145.7328,25759.24,2.061,530.88,13
BLK,2025-04-03,2025-04-23,2025-05-12,3-5%,-4.5,919.4786,960.8782,tp_gap_filled,27.9807,25727.63,4.503,1158.39,13
ABNB,2025-03-27,2025-05-02,2025-05-12,2-3%,-2.041,126.141,128.5114,tp_gap_filled,213.662,26951.55,1.879,506.45,6
CAT,2025-04-03,2025-05-02,2025-05-12,3-5%,-4.479,319.9897,334.3253,tp_gap_filled,84.4099,27010.29,4.48,1210.07,6
CSCO,2025-04-03,2025-05-02,2025-05-12,3-5%,-3.947,59.4394,61.7582,tp_gap_filled,454.5689,27019.29,3.901,1054.05,6
APO,2025-05-02,2025-05-05,2025-05-12,2-3%,-2.712,134.2841,137.7521,tp_gap_filled,200.5435,26929.82,2.583,695.48,5
ANET,2025-05-06,2025-05-08,2025-05-12,3-5%,-3.275,87.5074,90.2896,tp_gap_filled,309.577,27090.28,3.179,861.3,2
COF,2025-03-04,2025-05-08,2025-05-12,2-3%,-2.1,192.2521,195.9838,tp_gap_filled,141.4927,27202.26,1.941,528.02,2
CSX,2025-04-03,2025-05-08,2025-05-12,2-3%,-2.589,28.999,29.7103,tp_gap_filled,937.3053,27180.89,2.453,666.7,2
ABBV,2025-05-08,2025-05-09,2025-05-12,2-3%,-2.105,184.3141,187.9019,tp_gap_filled,146.7112,27040.94,1.947,526.37,1
AMGN,2025-05-08,2025-05-09,2025-05-12,2-3%,-2.317,269.7195,275.5642,tp_gap_filled,100.261,27042.34,2.167,585.99,1
ACN,2025-03-20,2025-03-21,2025-05-13,5-10%,-8.728,296.4461,324.1455,tp_gap_filled,95.695,28368.42,9.344,2650.69,36
LOW,2025-04-03,2025-04-04,2025-05-13,5-10%,-5.309,223.0128,235.0447,tp_gap_filled,112.1617,25013.5,5.395,1349.52,26
CRWD,2025-05-06,2025-05-08,2025-05-13,2-3%,-2.541,108.1585,110.7566,tp_gap_filled,251.3835,27189.28,2.402,653.12,3
ADI,2025-03-10,2025-05-12,2025-05-13,2-3%,-2.497,220.4402,225.6341,tp_gap_filled,126.3626,27855.4,2.356,656.32,1
CFG,2025-04-03,2025-05-12,2025-05-13,5-10%,-5.185,39.5395,41.6183,tp_gap_filled,705.4151,27891.76,5.258,1466.44,1
DAL,2025-03-10,2025-05-12,2025-05-13,3-5%,-3.097,51.6816,53.2267,tp_gap_filled,541.1177,27965.84,2.99,836.07,1
FTV,2025-04-03,2025-05-12,2025-05-13,3-5%,-4.092,53.7462,55.9274,tp_gap_filled,520.1458,27955.88,4.058,1134.55,1
IBKR,2025-03-06,2025-05-12,2025-05-13,2-3%,-2.049,48.2132,49.1233,tp_gap_filled,579.8627,27957.02,1.888,527.77,1
ABBV,2025-05-12,2025-05-13,2025-05-14,2-3%,-2.492,180.18,184.4154,tp_gap_filled,155.6503,28045.08,2.351,659.24,1
AES,2025-04-03,2025-05-13,2025-05-14,3-5%,-3.846,12.012,12.4675,tp_gap_filled,2338.1328,28085.65,3.792,1065.07,1
COR,2025-05-12,2025-05-13,2025-05-14,2-3%,-2.484,276.246,282.717,tp_gap_filled,101.8242,28128.54,2.342,658.91,1
MCK,2025-05-12,2025-05-13,2025-05-14,2-3%,-2.862,674.2836,692.7666,tp_gap_filled,41.7577,28156.54,2.741,771.81,1
BXP,2025-04-03,2025-04-23,2025-05-16,3-5%,-3.008,65.8458,67.7522,tp_gap_filled,390.078,25684.99,2.895,743.65,17
CCL,2025-03-04,2025-05-13,2025-05-16,3-5%,-3.138,22.5525,23.2367,tp_gap_filled,1246.8998,28120.75,3.034,853.14,3
J,2025-05-14,2025-05-15,2025-05-16,3-5%,-3.364,121.5769,125.5575,tp_gap_filled,230.7564,28054.65,3.274,918.55,1
PM,2025-05-12,2025-05-15,2025-05-16,2-3%,-2.392,165.8056,169.5303,tp_gap_filled,169.478,28100.4,2.246,631.25,1
DVA,2025-02-14,2025-02-18,2025-05-19,10%+,-13.024,154.154,144.815,time_exit,195.1424,30081.97,-6.058,-1822.43,63
AON,2025-04-25,2025-04-28,2025-05-19,5-10%,-6.451,341.8415,364.6849,tp_gap_filled,77.3724,26449.09,6.682,1767.45,15
ITW,2025-04-03,2025-05-12,2025-05-19,2-3%,-2.286,246.9067,252.1776,tp_gap_filled,113.315,27978.22,2.135,597.27,5
T,2025-05-12,2025-05-13,2025-05-19,2-3%,-2.694,27.1171,27.8122,tp_gap_filled,1039.0245,28175.32,2.563,722.19,4
DASH,2025-05-06,2025-05-13,2025-05-20,5-10%,-5.672,193.9437,205.1946,tp_gap_filled,145.0827,28137.89,5.801,1632.3,5
HUM,2025-05-13,2025-05-19,2025-05-20,3-5%,-3.334,244.6744,252.6071,tp_gap_filled,116.0869,28403.51,3.242,920.88,1
COHR,2025-05-15,2025-05-16,2025-05-21,2-3%,-2.317,78.9088,80.6193,tp_gap_filled,360.2188,28424.44,2.168,616.14,3
APH,2025-05-19,2025-05-20,2025-05-21,2-3%,-2.348,42.4624,43.3966,tp_gap_filled,666.8168,28314.65,2.2,622.9,1
CLX,2025-02-04,2025-02-21,2025-05-22,3-5%,-3.617,154.154,130.7691,time_exit,191.6457,29542.96,-15.17,-4481.62,63
CVNA,2025-05-21,2025-05-22,2025-05-23,2-3%,-2.686,58.8928,60.3975,tp_gap_filled,467.7446,27546.8,2.555,703.82,1
DECK,2025-05-21,2025-05-22,2025-05-23,2-3%,-2.065,126.3062,112.3001,stop,218.2877,27571.08,-11.089,-3057.36,1
RL,2025-05-22,2025-05-23,2025-05-27,3-5%,-3.691,264.0338,273.6061,tp_gap_filled,103.4197,27306.28,3.625,989.97,1
WSM,2025-05-22,2025-05-23,2025-05-28,5-10%,-6.801,156.6565,167.7521,tp_gap_filled,174.5278,27340.92,7.083,1936.49,2
AMD,2025-05-23,2025-05-27,2025-05-28,2-3%,-2.367,108.1981,110.5993,tp_gap_filled,257.4494,27855.54,2.219,618.19,1
ANET,2025-05-15,2025-05-16,2025-05-30,2-3%,-2.932,95.4353,84.8525,stop,297.6315,28404.56,-11.089,-3149.78,9
CHD,2025-05-01,2025-05-02,2025-06-02,5-10%,-6.392,93.083,99.2407,tp_gap_filled,290.2859,27020.68,6.615,1787.48,20
NEM,2025-05-27,2025-05-28,2025-06-02,2-3%,-2.05,52.6025,53.5964,tp_gap_filled,526.2311,27681.1,1.889,522.97,3
MRNA,2025-05-30,2025-06-02,2025-06-03,2-3%,-2.172,26.3713,26.9031,tp_gap_filled,1049.0076,27663.74,2.016,557.78,1
COHR,2025-05-30,2025-06-03,2025-06-04,2-3%,-2.892,77.2972,79.4405,tp_gap_filled,360.1623,27839.55,2.773,771.92,1
ABNB,2025-05-20,2025-06-04,2025-06-05,2-3%,-2.083,133.8888,136.4634,tp_gap_filled,207.764,27817.26,1.923,534.92,1
BR,2025-04-03,2025-04-23,2025-06-06,2-3%,-2.152,241.1909,246.0038,tp_gap_filled,106.565,25702.51,1.995,512.88,31
AIG,2025-04-04,2025-05-13,2025-06-06,2-3%,-2.355,84.2542,86.1138,tp_gap_filled,333.842,28127.58,2.207,620.82,17
BBY,2025-05-29,2025-06-02,2025-06-06,3-5%,-4.404,68.4384,71.4485,tp_gap_filled,404.247,27666.01,4.398,1216.83,4
WBD,2025-04-03,2025-05-28,2025-06-09,5-10%,-5.019,10.04,10.5494,tp_gap_filled,2757.5055,27685.44,5.074,1404.7,8
MRK,2025-05-13,2025-05-14,2025-06-10,3-5%,-4.327,77.0269,80.3496,tp_gap_filled,362.3123,27907.81,4.314,1203.83,18
ALGN,2025-05-19,2025-05-20,2025-06-10,2-3%,-2.103,184.5143,188.1017,tp_gap_filled,153.5087,28324.55,1.944,550.69,14
RMD,2025-05-20,2025-05-21,2025-06-10,3-5%,-3.9,243.7135,253.0967,tp_gap_filled,113.4536,27650.18,3.85,1064.56,13
CBRE,2025-04-03,2025-05-12,2025-06-11,3-5%,-3.151,129.2191,133.1567,tp_gap_filled,215.6555,27866.81,3.047,849.17,21
AMAT,2025-05-16,2025-06-06,2025-06-11,3-5%,-3.617,168.5984,174.5752,tp_gap_filled,166.547,28079.56,3.545,995.42,3
AES,2025-05-20,2025-06-10,2025-06-12,3-5%,-3.672,11.2913,11.6983,tp_gap_filled,2510.343,28344.99,3.605,1021.74,2
ECHO,2025-06-09,2025-06-10,2025-06-12,5-10%,-9.84,15.7758,17.4625,tp_gap_filled,1795.2229,28321.01,10.692,3028.11,2
BRO,2025-06-11,2025-06-12,2025-06-13,2-3%,-2.076,103.4033,105.3845,tp_gap_filled,276.2244,28562.52,1.916,547.26,1
LMT,2025-06-11,2025-06-12,2025-06-13,2-3%,-2.674,464.6141,476.4231,tp_gap_filled,61.5431,28593.79,2.542,726.76,1
MOS,2025-06-06,2025-06-09,2025-06-16,5-10%,-5.769,34.3343,36.3636,tp_gap_filled,818.8983,28116.3,5.91,1661.79,5
CF,2025-06-12,2025-06-13,2025-06-16,2-3%,-2.1,93.3332,95.1448,tp_gap_filled,302.3204,28216.54,1.941,547.66,1
CRWD,2025-06-04,2025-06-05,2025-06-17,5-10%,-6.958,113.8012,122.0678,tp_gap_filled,244.2736,27798.62,7.264,2019.32,8
CEG,2025-06-04,2025-06-09,2025-06-17,2-3%,-2.885,304.304,312.717,tp_gap_filled,92.4425,28130.61,2.765,777.72,6
APA,2025-04-03,2025-06-10,2025-06-17,5-10%,-6.968,19.7798,21.2188,tp_gap_filled,1433.0244,28344.88,7.275,2062.12,5
AMAT,2025-06-13,2025-06-16,2025-06-17,2-3%,-2.251,171.2311,174.825,tp_gap_filled,166.2799,28472.28,2.099,597.6,1
AMD,2025-06-13,2025-06-16,2025-06-17,2-3%,-2.068,116.1661,118.3815,tp_gap_filled,245.3536,28501.76,1.907,543.57,1
DVN,2025-06-16,2025-06-17,2025-06-18,2-3%,-2.022,34.4344,35.0749,tp_gap_filled,822.247,28313.58,1.86,526.64,1
CVNA,2025-06-13,2025-06-18,2025-06-20,3-5%,-3.944,61.3353,63.7262,tp_gap_filled,460.6534,28254.3,3.898,1101.39,1
EL,2025-06-17,2025-06-18,2025-06-20,2-3%,-2.105,73.093,74.5154,tp_gap_filled,386.6045,28258.09,1.946,549.9,1
GE,2025-06-12,2025-06-20,2025-06-23,2-3%,-2.248,240.24,245.2745,tp_gap_filled,118.2022,28396.9,2.096,595.09,1
AVGO,2025-06-06,2025-06-11,2025-06-24,3-5%,-3.382,251.3911,259.6701,tp_gap_filled,112.987,28403.92,3.293,935.41,8
NXPI,2025-06-17,2025-06-18,2025-06-24,2-3%,-2.059,213.2631,217.3125,tp_gap_filled,132.7804,28317.16,1.899,537.68,3
COIN,2025-06-23,2025-06-24,2025-06-25,2-3%,-2.043,302.3821,308.0716,tp_gap_filled,95.8039,28969.37,1.882,545.08,1
APA,2025-06-24,2025-06-25,2025-06-26,2-3%,-2.066,18.028,18.3716,tp_gap_filled,1594.5156,28745.94,1.906,547.87,1
KKR,2025-03-04,2025-05-12,2025-06-27,3-5%,-4.105,127.6776,132.877,tp_gap_filled,219.2325,27991.07,4.072,1139.88,32
APO,2025-05-19,2025-05-20,2025-06-27,2-3%,-2.294,140.6805,143.6962,tp_gap_filled,201.377,28329.83,2.144,607.28,26
BA,2025-06-12,2025-06-13,2025-06-27,5-10%,-5.528,202.3722,213.786,tp_gap_filled,139.4761,28226.09,5.64,1591.96,9
GM,2025-03-27,2025-03-28,2025-06-30,5-10%,-7.772,47.037,49.1608,time_exit,592.1111,27851.12,4.515,1257.52,63
CRM,2025-05-29,2025-05-30,2025-06-30,3-5%,-4.507,263.8536,275.754,tp_gap_filled,105.2032,27758.25,4.51,1251.96,20
TTD,2025-06-26,2025-06-27,2025-06-30,3-5%,-3.288,67.5725,69.7302,tp_gap_filled,431.3245,29145.67,3.193,930.67,1
GIS,2025-06-25,2025-06-26,2025-07-01,2-3%,-2.546,52.102,53.3566,tp_gap_filled,556.6111,29000.58,2.408,698.29,3
NEM,2025-06-27,2025-06-30,2025-07-01,2-3%,-2.957,57.4974,59.1308,tp_gap_filled,510.9391,29377.69,2.841,834.55,1
CNC,2025-05-13,2025-05-16,2025-07-02,3-5%,-3.118,60.9709,51.1643,stop,465.9907,28411.88,-16.084,-4569.77,31
SBAC,2025-05-12,2025-05-19,2025-07-02,2-3%,-2.207,234.6344,239.4503,tp_gap_filled,121.0983,28413.82,2.053,583.2,30
FSLR,2025-06-17,2025-06-18,2025-07-02,10%+,-21.284,138.0879,175.0748,tp_gap_filled,204.7902,28279.06,26.785,7574.53,9
DECK,2025-06-13,2025-06-27,2025-07-02,2-3%,-2.581,105.0249,107.5923,tp_gap_filled,277.6632,29161.56,2.445,712.87,3
AES,2025-06-30,2025-07-01,2025-07-02,3-5%,-4.851,10.2102,10.7093,tp_gap_filled,2912.4593,29736.79,4.888,1453.55,1
FDX,2025-04-03,2025-05-12,2025-07-03,5-10%,-6.114,185.6649,197.3609,tp_gap_filled,150.5164,27945.61,6.299,1760.43,36
COIN,2025-07-01,2025-07-02,2025-07-03,2-3%,-2.999,340.32,350.1395,tp_gap_filled,87.5583,29797.85,2.885,859.78,1
TSLA,2025-07-01,2025-07-02,2025-07-03,5-10%,-6.044,298.7585,317.3423,tp_gap_filled,99.8896,29842.88,6.22,1856.34,1
FTNT,2025-05-08,2025-05-09,2025-07-07,5-10%,-8.546,97.6976,106.6133,tp_gap_filled,276.6644,27029.44,9.126,2466.65,38
NOC,2025-07-02,2025-07-03,2025-07-07,2-3%,-2.091,493.493,503.0265,tp_gap_filled,60.7284,29969.03,1.932,578.95,1
DD,2025-04-03,2025-05-12,2025-07-08,3-5%,-3.654,91.0952,94.3616,tp_gap_filled,306.8886,27956.07,3.586,1002.43,38
GILD,2025-06-10,2025-06-11,2025-07-08,2-3%,-2.752,109.9999,112.887,tp_gap_filled,258.2697,28409.64,2.625,745.65,17
ACN,2025-06-20,2025-06-23,2025-07-08,5-10%,-8.143,281.7114,306.0736,tp_gap_filled,101.5783,28615.77,8.648,2474.67,10
HOOD,2025-07-03,2025-07-07,2025-07-08,2-3%,-2.541,95.5855,97.882,tp_gap_filled,310.2855,29658.79,2.403,712.58,1
WBD,2025-07-01,2025-07-02,2025-07-09,3-5%,-4.45,10.9609,11.4485,tp_gap_filled,2727.7855,29899.12,4.448,1330.04,4
MGM,2025-07-07,2025-07-08,2025-07-09,2-3%,-2.767,36.5865,37.5524,tp_gap_filled,819.2038,29971.84,2.64,791.24,1
ON,2025-07-07,2025-07-08,2025-07-09,2-3%,-2.138,55.4454,56.5434,tp_gap_filled,541.0248,29997.33,1.98,594.05,1
ZTS,2025-06-18,2025-06-20,2025-07-10,2-3%,-2.833,157.2471,161.5083,tp_gap_filled,180.566,28393.47,2.71,769.44,13
AMD,2025-07-01,2025-07-02,2025-07-10,2-3%,-2.206,138.9088,141.7581,tp_gap_filled,214.5338,29800.63,2.051,611.28,5
ALB,2025-04-03,2025-07-03,2025-07-10,3-5%,-4.18,69.2992,72.1778,tp_gap_filled,432.9419,30002.54,4.154,1246.23,4
AES,2025-07-08,2025-07-09,2025-07-10,3-5%,-3.385,11.1411,11.5085,tp_gap_filled,2698.8218,30067.92,3.297,991.41,1
NEE,2025-07-08,2025-07-09,2025-07-10,2-3%,-2.528,72.9329,74.6752,tp_gap_filled,414.5552,30234.7,2.389,722.32,1
TSLA,2025-07-07,2025-07-08,2025-07-14,5-10%,-7.604,291.6614,315.0347,tp_gap_filled,102.9843,30036.55,8.014,2407.08,4
HUM,2025-05-21,2025-07-01,2025-07-15,2-3%,-2.166,250.0298,222.304,stop,119.231,29811.3,-11.089,-3305.78,9
LITE,2025-07-01,2025-07-03,2025-07-15,2-3%,-2.199,93.063,94.9649,tp_gap_filled,322.0657,29972.39,2.044,612.56,7
NCLH,2025-07-11,2025-07-14,2025-07-15,2-3%,-2.333,22.6326,23.1268,tp_gap_filled,1328.209,30060.84,2.184,656.45,1
AAPL,2025-04-03,2025-04-14,2025-07-16,5-10%,-8.196,205.7455,209.9498,time_exit,124.2887,25571.85,2.043,522.55,63
AFL,2025-04-04,2025-04-14,2025-07-16,2-3%,-2.157,109.4493,101.3386,time_exit,233.5189,25558.49,-7.411,-1894.02,63
CIEN,2025-06-05,2025-06-24,2025-07-16,5-10%,-8.392,76.9268,83.8061,tp_gap_filled,376.1883,28938.98,8.943,2587.9,15
ALB,2025-07-11,2025-07-14,2025-07-17,5-10%,-5.345,70.3703,74.1957,tp_gap_filled,426.8775,30039.5,5.436,1632.99,3
CCI,2025-05-12,2025-05-19,2025-07-18,2-3%,-2.076,102.9228,104.895,tp_gap_filled,275.9639,28402.98,1.916,544.25,41
FSLR,2025-07-08,2025-07-10,2025-07-18,3-5%,-4.936,168.4883,176.8829,tp_gap_filled,179.6396,30267.17,4.982,1508.0,6
BLK,2025-07-15,2025-07-16,2025-07-18,3-5%,-3.654,1071.9208,1110.3485,tp_gap_filled,27.9188,29926.79,3.585,1072.86,2
KLAC,2025-07-16,2025-07-17,2025-07-18,2-3%,-2.5,91.4033,93.5593,tp_gap_filled,330.5916,30217.17,2.359,712.77,1
LRCX,2025-07-16,2025-07-17,2025-07-18,3-5%,-3.315,97.8177,100.9689,tp_gap_filled,309.1727,30242.56,3.222,974.27,1
CRWD,2025-07-14,2025-07-15,2025-07-21,2-3%,-2.431,116.8217,119.4929,tp_gap_filled,255.2128,29814.39,2.287,681.72,4
USB,2025-07-17,2025-07-18,2025-07-21,3-5%,-3.349,44.1942,45.6343,tp_gap_filled,682.154,30147.22,3.259,982.42,1
OMC,2025-07-09,2025-07-10,2025-07-22,2-3%,-2.786,72.6526,74.5853,tp_gap_filled,416.3214,30246.82,2.66,804.65,8
EIX,2025-07-07,2025-07-10,2025-07-23,2-3%,-2.303,51.3913,52.4974,tp_gap_filled,588.9934,30269.16,2.152,651.49,9
SW,2025-07-11,2025-07-14,2025-07-23,2-3%,-2.686,46.7767,47.972,tp_gap_filled,643.2484,30089.06,2.555,768.84,7
WFC,2025-07-15,2025-07-18,2025-07-23,3-5%,-3.212,80.8308,83.3466,tp_gap_filled,373.388,30181.23,3.112,939.38,3
DOW,2025-07-11,2025-07-22,2025-07-23,2-3%,-2.018,29.6496,30.1998,tp_gap_filled,1027.2643,30458.0,1.855,565.15,1
CHRW,2025-04-03,2025-05-16,2025-07-24,2-3%,-2.315,100.5404,102.7172,tp_gap_filled,282.6159,28414.33,2.165,615.18,46
BAC,2025-07-08,2025-07-21,2025-07-24,2-3%,-2.384,47.5475,48.6113,tp_gap_filled,632.9152,30093.53,2.237,673.32,3
GM,2025-07-22,2025-07-23,2025-07-24,2-3%,-2.8,51.7717,53.1568,tp_gap_filled,593.1842,30710.16,2.675,821.6,1
HAL,2025-07-22,2025-07-23,2025-07-24,2-3%,-2.266,20.7207,21.1588,tp_gap_filled,1483.3968,30737.02,2.114,649.91,1
DXCM,2025-07-01,2025-07-02,2025-07-25,3-5%,-4.708,83.2632,87.2027,tp_gap_filled,358.3708,29839.09,4.731,1411.81,16
DHR,2025-07-14,2025-07-15,2025-07-25,2-3%,-2.368,200.2,204.6452,tp_gap_filled,148.9867,29827.14,2.22,662.27,8
ALB,2025-07-23,2025-07-24,2025-07-25,2-3%,-2.21,81.4814,83.1568,tp_gap_filled,377.6732,30773.34,2.056,632.74,1
HLT,2025-07-23,2025-07-24,2025-07-25,3-5%,-3.265,265.1649,273.5662,tp_gap_filled,116.1817,30807.31,3.168,976.07,1
MCO,2025-07-23,2025-07-24,2025-07-25,2-3%,-2.971,484.7743,498.6209,tp_gap_filled,63.569,30816.63,2.856,880.21,1
NTRS,2025-07-23,2025-07-24,2025-07-25,3-5%,-4.371,121.121,126.4035,tp_gap_filled,254.9238,30876.63,4.361,1346.63,1
KMI,2025-07-17,2025-07-18,2025-07-29,2-3%,-2.544,27.2272,27.8821,tp_gap_filled,1106.2502,30120.1,2.405,724.47,7
ADSK,2025-07-10,2025-07-22,2025-07-29,2-3%,-2.366,300.3,306.9627,tp_gap_filled,101.435,30460.94,2.219,675.83,5
FCX,2025-07-11,2025-07-21,2025-07-30,2-3%,-2.775,45.9459,40.851,stop,654.9465,30092.11,-11.089,-3336.91,7
ESS,2025-04-04,2025-05-02,2025-08-01,2-3%,-2.028,288.6684,256.6579,stop,93.8152,27081.49,-11.089,-3003.07,62
UNH,2025-07-24,2025-07-25,2025-08-01,3-5%,-3.217,283.3831,237.8038,stop,109.5819,31053.67,-16.084,-4994.67,5
EG,2025-05-01,2025-05-02,2025-08-04,5-10%,-9.428,325.325,325.714,time_exit,83.0481,27017.64,0.12,32.3,63
FRT,2025-04-03,2025-05-02,2025-08-04,2-3%,-2.039,97.1571,91.4485,time_exit,278.8729,27094.47,-5.876,-1591.97,63
BLDR,2025-07-31,2025-08-01,2025-08-04,3-5%,-3.307,122.0619,125.9839,tp_gap_filled,240.6403,29373.03,3.213,943.78,1
AMD,2025-08-01,2025-08-04,2025-08-05,3-5%,-3.488,170.3302,176.1337,tp_gap_filled,173.8733,29615.87,3.407,1009.08,1
AIZ,2025-04-03,2025-05-07,2025-08-06,2-3%,-2.889,204.8847,210.5592,tp_gap_filled,131.1236,26865.21,2.77,744.07,62
ABT,2025-07-17,2025-07-23,2025-08-07,3-5%,-3.94,126.6766,131.6083,tp_gap_filled,242.4555,30713.43,3.893,1195.72,11
MU,2025-07-17,2025-07-18,2025-08-08,2-3%,-2.147,114.0439,116.3136,tp_gap_filled,264.3207,30144.17,1.99,599.91,15
TSLA,2025-07-24,2025-07-25,2025-08-08,5-10%,-6.784,310.31,332.2274,tp_gap_filled,100.0113,31034.5,7.063,2191.99,10
GILD,2025-07-28,2025-07-29,2025-08-08,2-3%,-2.418,113.5034,116.0838,tp_gap_filled,271.834,30854.08,2.273,701.44,8
BMY,2025-07-31,2025-08-01,2025-08-08,3-5%,-3.936,44.2142,45.934,tp_gap_filled,665.8079,29438.14,3.89,1145.09,5
AMD,2025-08-06,2025-08-07,2025-08-08,5-10%,-5.312,165.2151,174.1357,tp_gap_filled,178.5863,29505.14,5.399,1593.1,1
BEN,2025-08-07,2025-08-08,2025-08-11,2-3%,-2.104,24.6847,25.1648,tp_gap_filled,1202.0559,29672.34,1.945,577.17,1
INTC,2025-08-07,2025-08-08,2025-08-11,2-3%,-2.009,20.02,20.3896,tp_gap_filled,1482.7564,29684.78,1.846,548.01,1
CPAY,2025-04-03,2025-05-12,2025-08-12,5-10%,-5.199,340.2199,309.0606,time_exit,82.1233,27939.98,-9.159,-2558.9,63
EXPD,2025-04-03,2025-05-12,2025-08-12,5-10%,-5.497,115.3052,120.5993,time_exit,242.3078,27939.35,4.591,1282.8,63
GEHC,2025-04-03,2025-05-12,2025-08-12,3-5%,-3.56,76.6115,74.3356,time_exit,365.3168,27987.48,-2.971,-831.44,63
MCHP,2025-08-08,2025-08-11,2025-08-12,5-10%,-7.007,61.6416,66.1538,tp_gap_filled,480.0527,29591.21,7.32,2166.09,1
APTV,2025-07-07,2025-07-08,2025-08-13,2-3%,-2.122,71.091,72.4874,tp_gap_filled,421.5252,29966.65,1.964,588.63,26
NEM,2025-08-11,2025-08-12,2025-08-13,2-3%,-2.146,67.5675,68.911,tp_gap_filled,444.7461,30050.38,1.988,597.53,1
AMAT,2025-07-16,2025-07-17,2025-08-15,2-3%,-2.654,194.194,172.6598,stop,155.6477,30225.85,-11.089,-3351.74,21
ADBE,2025-03-13,2025-05-16,2025-08-18,5-10%,-7.599,405.6753,356.8828,time_exit,69.9521,28377.85,-12.027,-3413.14,63
ALB,2025-07-28,2025-08-11,2025-08-18,5-10%,-5.66,79.079,83.6563,tp_gap_filled,373.9331,29570.26,5.788,1711.59,5
AWK,2025-08-05,2025-08-06,2025-08-20,3-5%,-3.313,142.2721,146.853,tp_gap_filled,206.9717,29446.31,3.22,948.11,10
CB,2025-07-23,2025-08-13,2025-08-20,2-3%,-2.052,273.283,278.4513,tp_gap_filled,112.2298,30670.49,1.891,580.03,5
AMD,2025-08-14,2025-08-15,2025-08-20,2-3%,-2.489,180.0098,160.0485,stop,169.249,30466.49,-11.089,-3378.43,3
DVA,2025-08-06,2025-08-18,2025-08-21,3-5%,-3.003,136.4363,140.3795,tp_gap_filled,222.934,30416.3,2.89,879.07,3
MCK,2025-08-07,2025-08-20,2025-08-21,2-3%,-2.879,684.1835,703.0562,tp_gap_filled,44.4641,30421.63,2.758,839.16,1
MDT,2025-08-19,2025-08-20,2025-08-21,5-10%,-5.355,87.9278,92.7172,tp_gap_filled,346.3003,30449.43,5.447,1658.55,1
HBAN,2025-07-14,2025-07-15,2025-08-22,2-3%,-2.415,16.987,17.3726,tp_gap_filled,1753.7375,29790.68,2.27,676.31,28
ALB,2025-08-20,2025-08-21,2025-08-22,3-5%,-4.345,77.1271,80.4695,tp_gap_filled,394.3105,30412.01,4.334,1317.94,1
COO,2025-08-20,2025-08-21,2025-08-22,2-3%,-2.053,72.5725,73.946,tp_gap_filled,419.3853,30435.84,1.893,576.02,1
KEYS,2025-08-20,2025-08-21,2025-08-22,3-5%,-4.655,156.0259,163.3165,tp_gap_filled,195.1111,30442.37,4.673,1422.49,1
ECHO,2025-08-01,2025-08-22,2025-08-26,5-10%,-9.635,29.4795,32.5574,tp_gap_filled,1057.1324,31163.68,10.441,3253.81,2
ABNB,2025-08-07,2025-08-08,2025-08-28,5-10%,-7.755,120.5004,130.3695,tp_gap_filled,246.2397,29671.97,8.19,2430.17,14
MU,2025-08-20,2025-08-22,2025-08-28,2-3%,-2.745,118.8187,121.928,tp_gap_filled,262.257,31161.04,2.617,815.42,4
MRVL,2025-08-01,2025-08-05,2025-08-29,3-5%,-4.106,77.1471,64.7387,stop,381.1491,29404.54,-16.084,-4729.43,18
PYPL,2025-08-27,2025-08-28,2025-08-29,2-3%,-2.066,68.7987,70.1098,tp_gap_filled,451.8169,31084.43,1.906,592.37,1
BKR,2025-07-29,2025-07-30,2025-09-04,3-5%,-3.33,45.045,46.5034,tp_gap_filled,674.6924,30391.52,3.238,984.0,25
AMZN,2025-08-01,2025-08-04,2025-09-04,5-10%,-7.219,217.4272,233.8759,tp_gap_filled,136.3824,29653.25,7.565,2243.31,22
BF-B,2025-06-05,2025-06-06,2025-09-08,10%+,-17.199,27.5175,27.5624,time_exit,1020.0509,28069.24,0.163,45.82,63
CRWD,2025-08-28,2025-08-29,2025-09-08,2-3%,-2.984,102.6025,105.5468,tp_gap_filled,301.915,30977.24,2.87,888.94,5
GDDY,2025-08-08,2025-08-12,2025-09-10,5-10%,-6.502,140.6205,150.0998,tp_gap_filled,213.7855,30062.61,6.741,2026.53,20
LRCX,2025-08-15,2025-08-28,2025-09-10,2-3%,-2.514,104.7847,107.2726,tp_gap_filled,296.7161,31091.3,2.374,738.21,8
EFX,2025-07-22,2025-07-23,2025-09-11,5-10%,-5.731,245.0048,259.3804,tp_gap_filled,125.3306,30706.59,5.867,1801.71,35
KLAC,2025-08-15,2025-09-08,2025-09-11,3-5%,-3.264,92.5154,95.4455,tp_gap_filled,331.7409,30691.15,3.167,972.01,3
CAT,2025-08-29,2025-09-10,2025-09-11,2-3%,-2.184,425.8354,434.4751,tp_gap_filled,71.9307,30630.65,2.029,621.46,1
AMD,2025-09-05,2025-09-10,2025-09-15,2-3%,-2.886,157.2771,161.6282,tp_gap_filled,194.6626,30615.97,2.767,846.99,3
APA,2025-09-03,2025-09-04,2025-09-16,2-3%,-2.013,23.3834,23.8162,tp_gap_filled,1305.7453,30532.71,1.851,565.13,8
ALB,2025-09-09,2025-09-11,2025-09-16,5-10%,-8.268,75.2952,81.918,tp_gap_filled,412.8205,31083.41,8.796,2734.02,3
XOM,2025-04-03,2025-06-17,2025-09-17,3-5%,-3.623,114.4844,115.1747,time_exit,247.3799,28321.14,0.603,170.78,63
ADI,2025-09-15,2025-09-16,2025-09-17,2-3%,-2.361,239.6594,244.9648,tp_gap_filled,127.7108,30607.1,2.214,677.55,1
FERG,2025-09-12,2025-09-16,2025-09-17,2-3%,-2.069,221.2711,225.4943,tp_gap_filled,138.4095,30626.01,1.909,584.53,1
AMAT,2025-08-15,2025-08-18,2025-09-18,10%+,-13.568,162.8627,188.0518,tp_gap_filled,186.7349,30412.14,15.466,4703.68,22
CDNS,2025-09-10,2025-09-11,2025-09-18,3-5%,-3.668,348.8485,361.4082,tp_gap_filled,89.0932,31080.04,3.6,1118.99,5
HWM,2025-07-31,2025-09-15,2025-09-18,2-3%,-2.269,187.9678,191.9479,tp_gap_filled,163.3246,30699.75,2.117,650.04,3
ES,2025-08-25,2025-08-26,2025-09-19,3-5%,-4.554,63.5635,66.4635,tp_gap_filled,485.6271,30868.16,4.562,1408.3,17
WBD,2025-09-16,2025-09-18,2025-09-19,3-5%,-3.546,18.7888,19.4405,tp_gap_filled,1649.5645,30993.29,3.469,1075.13,1
FOXA,2025-09-09,2025-09-17,2025-09-22,3-5%,-4.526,59.7117,62.4175,tp_gap_filled,513.782,30678.77,4.532,1390.23,3
AMD,2025-09-18,2025-09-19,2025-09-22,5-10%,-5.152,151.111,159.0008,tp_gap_filled,205.7034,31084.05,5.221,1622.97,1
ECHO,2025-09-15,2025-09-17,2025-09-23,3-5%,-3.712,72.1821,74.8151,tp_gap_filled,425.1687,30689.57,3.648,1119.47,4
MU,2025-09-19,2025-09-22,2025-09-23,3-5%,-3.636,162.9128,168.7211,tp_gap_filled,191.267,31159.83,3.565,1110.95,1
CF,2025-08-07,2025-08-12,2025-09-24,5-10%,-6.34,84.2842,89.8101,tp_gap_filled,356.8768,30079.08,6.556,1972.07,30
SLB,2025-09-22,2025-09-23,2025-09-24,2-3%,-2.44,33.6236,34.3956,tp_gap_filled,926.2615,31144.24,2.296,715.06,1
AZO,2025-09-23,2025-09-24,2025-09-25,2-3%,-2.093,4038.7647,4116.879,tp_gap_filled,7.6914,31063.65,1.934,600.81,1
EQIX,2025-06-26,2025-06-27,2025-09-26,3-5%,-4.036,791.831,789.5497,time_exit,36.8184,29153.92,-0.288,-83.99,63
PAYX,2025-06-25,2025-06-30,2025-09-29,3-5%,-4.585,145.4153,128.4015,time_exit,202.1155,29390.68,-11.7,-3438.75,63
FOX,2025-09-09,2025-09-18,2025-09-29,3-5%,-4.665,54.2142,56.7532,tp_gap_filled,571.7508,30996.99,4.683,1451.69,7
AMD,2025-09-25,2025-09-26,2025-09-29,2-3%,-2.325,157.2971,160.7191,tp_gap_filled,196.939,30977.94,2.175,673.92,1
APP,2025-09-25,2025-09-26,2025-09-29,2-3%,-2.656,625.4949,641.2781,tp_gap_filled,49.5482,30992.14,2.523,782.03,1
FTV,2025-06-30,2025-07-01,2025-09-30,3-5%,-3.533,52.102,48.941,time_exit,571.7844,29791.14,-6.067,-1807.43,63
CAH,2025-08-12,2025-08-13,2025-09-30,10%+,-10.567,141.141,157.5023,tp_gap_filled,216.9463,30620.02,11.592,3549.53,33
SNDK,2025-09-24,2025-09-29,2025-09-30,2-3%,-2.674,103.6586,106.2936,tp_gap_filled,301.0257,31203.89,2.542,793.22,1
SNPS,2025-09-26,2025-09-29,2025-09-30,2-3%,-2.065,477.6172,486.7128,tp_gap_filled,65.5392,31302.64,1.904,596.12,1
DDOG,2025-07-08,2025-07-09,2025-10-01,3-5%,-4.166,146.2061,152.2576,tp_gap_filled,206.9582,30258.54,4.139,1252.41,59
COIN,2025-09-22,2025-09-23,2025-10-01,2-3%,-2.634,333.7734,342.1175,tp_gap_filled,93.5432,31222.24,2.5,780.53,6
HAL,2025-09-30,2025-10-01,2025-10-02,2-3%,-2.12,24.4945,24.975,tp_gap_filled,1281.9831,31401.5,1.962,616.03,1
INTC,2025-09-29,2025-10-01,2025-10-02,2-3%,-2.761,34.5545,35.4645,tp_gap_filled,909.2537,31418.83,2.633,827.4,1
REGN,2025-09-23,2025-10-01,2025-10-02,2-3%,-2.632,580.58,595.0843,tp_gap_filled,54.2224,31480.45,2.498,786.46,1
EMR,2025-09-16,2025-09-17,2025-10-03,3-5%,-3.008,131.7116,135.5243,tp_gap_filled,232.9658,30684.3,2.895,888.24,12
COHR,2025-10-01,2025-10-02,2025-10-03,2-3%,-2.507,105.125,107.6123,tp_gap_filled,300.4229,31581.96,2.366,747.23,1
LITE,2025-10-01,2025-10-02,2025-10-03,2-3%,-2.133,159.3992,162.5473,tp_gap_filled,198.666,31667.22,1.975,625.41,1
VRTX,2025-05-06,2025-07-08,2025-10-06,5-10%,-6.923,466.0256,402.4971,time_exit,64.4979,30057.65,-13.632,-4097.45,63
ANET,2025-09-12,2025-09-19,2025-10-06,2-3%,-2.522,149.3292,152.887,tp_gap_filled,208.4462,31127.1,2.383,741.61,11
GEV,2025-10-01,2025-10-02,2025-10-08,2-3%,-2.482,600.2397,614.2851,tp_gap_filled,52.7401,31656.69,2.34,740.76,4
SW,2025-10-06,2025-10-07,2025-10-08,2-3%,-2.358,41.031,41.938,tp_gap_filled,767.427,31488.29,2.211,696.08,1
GILD,2025-08-21,2025-08-22,2025-10-09,2-3%,-2.72,115.6155,118.6113,tp_gap_filled,269.5887,31168.64,2.591,807.63,33
JNJ,2025-10-07,2025-10-08,2025-10-09,2-3%,-2.333,183.9538,187.9718,tp_gap_filled,172.2522,31686.44,2.184,692.12,1
LYB,2025-07-24,2025-07-25,2025-10-10,5-10%,-6.813,62.7026,46.3536,stop,494.6035,31012.95,-26.074,-8086.32,54
WBD,2025-09-26,2025-09-29,2025-10-10,2-3%,-2.224,19.3593,17.2126,stop,1617.3776,31311.36,-11.089,-3472.12,9
FAST,2025-09-05,2025-09-29,2025-10-13,2-3%,-2.327,49.1491,43.699,stop,635.0024,31209.8,-11.089,-3460.85,10
ORCL,2025-09-25,2025-10-06,2025-10-13,3-5%,-4.276,295.5653,308.1515,tp_gap_filled,107.2901,31711.21,4.258,1350.38,5
SNDK,2025-10-09,2025-10-10,2025-10-13,3-5%,-3.7,127.127,131.7481,tp_gap_filled,243.3799,30940.16,3.635,1124.69,1
PAYX,2025-09-30,2025-10-01,2025-10-14,5-10%,-5.384,121.7316,128.4015,tp_gap_filled,258.4441,31460.82,5.479,1723.79,9
EIX,2025-10-02,2025-10-03,2025-10-15,2-3%,-2.168,55.1151,56.2237,tp_gap_filled,577.809,31845.98,2.012,640.59,8
LYV,2025-10-08,2025-10-09,2025-10-15,2-3%,-2.672,151.3312,155.1747,tp_gap_filled,208.77,31593.42,2.54,802.41,4
REGN,2025-10-13,2025-10-14,2025-10-15,2-3%,-2.325,552.0515,564.0654,tp_gap_filled,57.3542,31662.47,2.176,689.05,1
CPRT,2025-09-05,2025-09-08,2025-10-16,2-3%,-2.421,48.8088,43.3964,stop,628.8293,30692.38,-11.089,-3403.48,28
KVUE,2025-09-22,2025-09-23,2025-10-16,3-5%,-3.435,17.7277,14.8764,stop,1758.8009,31179.51,-16.084,-5014.91,17
ALB,2025-10-14,2025-10-15,2025-10-16,3-5%,-3.83,92.7427,96.2437,tp_gap_filled,340.9055,31616.48,3.775,1193.51,1
AMAT,2025-10-14,2025-10-15,2025-10-16,2-3%,-2.542,214.1139,219.2605,tp_gap_filled,147.9495,31678.04,2.404,761.44,1
ANET,2025-10-14,2025-10-15,2025-10-16,3-5%,-3.028,143.128,147.3025,tp_gap_filled,221.7836,31743.44,2.917,925.85,1
APA,2025-10-14,2025-10-15,2025-10-16,2-3%,-2.805,22.2022,22.7972,tp_gap_filled,1429.8283,31745.31,2.68,850.75,1
COO,2025-08-28,2025-08-29,2025-10-20,10%+,-15.976,62.3323,74.0359,tp_gap_filled,495.6263,30893.52,18.776,5800.62,35
BDX,2025-10-16,2025-10-17,2025-10-20,2-3%,-2.12,143.8623,146.6849,tp_gap_filled,218.7812,31474.36,1.962,617.54,1
WAT,2025-07-14,2025-10-01,2025-10-21,10%+,-10.028,317.8375,352.5571,tp_gap_filled,99.1558,31515.44,10.924,3442.65,14
AMZN,2025-10-14,2025-10-15,2025-10-21,2-3%,-2.049,215.7756,219.8499,tp_gap_filled,147.1179,31744.45,1.888,599.41,4
CDNS,2025-10-14,2025-10-15,2025-10-21,2-3%,-2.327,324.8245,331.8978,tp_gap_filled,97.8829,31794.77,2.178,692.35,4
APP,2025-10-09,2025-10-16,2025-10-21,2-3%,-2.185,616.5559,548.1861,stop,51.0259,31460.33,-11.089,-3488.64,3
ANET,2025-10-17,2025-10-20,2025-10-21,2-3%,-2.055,143.153,145.864,tp_gap_filled,221.5105,31709.89,1.894,600.51,1
COIN,2025-10-17,2025-10-20,2025-10-21,3-5%,-3.282,319.7294,329.9198,tp_gap_filled,99.2541,31734.45,3.187,1011.43,1
EW,2025-10-08,2025-10-09,2025-10-22,2-3%,-2.894,74.5745,76.6433,tp_gap_filled,423.5325,31584.73,2.774,876.2,9
AMP,2025-07-24,2025-07-25,2025-10-23,3-5%,-3.313,519.6892,477.6718,time_exit,59.6671,31008.36,-8.085,-2507.05,63
CMG,2025-07-24,2025-07-25,2025-10-23,10%+,-12.467,46.2462,41.7582,time_exit,670.565,31011.09,-9.705,-3009.5,63
HON,2025-07-24,2025-07-25,2025-10-23,5-10%,-5.496,223.7366,217.9078,time_exit,138.6567,31022.57,-2.605,-808.2,63
BLDR,2025-10-21,2025-10-22,2025-10-23,2-3%,-2.009,120.12,122.3375,tp_gap_filled,264.411,31761.05,1.846,586.34,1
CB,2025-10-16,2025-10-22,2025-10-23,2-3%,-2.472,271.7014,278.0317,tp_gap_filled,116.9764,31782.64,2.33,740.49,1
MRVL,2025-10-22,2025-10-23,2025-10-24,3-5%,-3.596,81.3112,84.1757,tp_gap_filled,393.5782,32002.33,3.523,1127.41,1
RVTY,2025-07-28,2025-07-29,2025-10-27,5-10%,-9.395,94.0239,97.0628,time_exit,328.2214,30860.66,3.232,997.44,63
NUE,2025-09-18,2025-09-23,2025-10-27,3-5%,-4.762,136.136,142.6572,tp_gap_filled,228.822,31150.92,4.79,1492.2,24
CMCSA,2025-07-25,2025-08-22,2025-10-29,3-5%,-3.478,32.0282,26.8768,stop,973.0291,31164.42,-16.084,-5012.48,47
CNC,2025-10-21,2025-10-22,2025-10-29,3-5%,-3.145,34.5245,35.5744,tp_gap_filled,921.1267,31801.43,3.041,967.09,5
NTRS,2025-10-22,2025-10-23,2025-10-29,3-5%,-3.128,124.6245,128.3915,tp_gap_filled,256.9235,32018.96,3.023,967.83,4
ALGN,2025-07-31,2025-08-04,2025-10-31,10%+,-30.0,142.6425,137.7421,time_exit,207.8597,29649.63,-3.435,-1018.59,63
AIG,2025-10-16,2025-10-21,2025-11-04,3-5%,-3.63,78.3883,81.1787,tp_gap_filled,406.607,31873.23,3.56,1134.61,10
HIG,2025-10-16,2025-10-17,2025-11-05,2-3%,-2.767,125.2251,128.5313,tp_gap_filled,251.6219,31509.38,2.64,831.92,13
BAX,2025-07-31,2025-08-08,2025-11-06,10%+,-15.294,23.7838,17.962,time_exit,1247.7522,29676.24,-24.478,-7264.09,63
FTNT,2025-08-07,2025-08-08,2025-11-06,10%+,-23.069,74.3743,80.4595,time_exit,399.1241,29684.57,8.182,2428.73,63
VST,2025-09-23,2025-10-03,2025-11-07,3-5%,-3.584,210.3201,176.4922,stop,151.4327,31849.35,-16.084,-5122.65,25
MCHP,2025-10-22,2025-10-23,2025-11-07,3-5%,-3.421,65.2752,54.7763,stop,490.3141,32005.35,-16.084,-5147.74,11
A,2025-11-05,2025-11-06,2025-11-07,2-3%,-2.006,143.2931,145.9339,tp_gap_filled,212.2548,30414.65,1.843,560.52,1
IR,2025-08-01,2025-08-12,2025-11-10,5-10%,-6.416,79.2792,77.1727,time_exit,379.1803,30061.11,-2.657,-798.72,63
HPQ,2025-09-10,2025-09-11,2025-11-10,2-3%,-2.135,28.4484,25.2938,stop,1093.1157,31097.42,-11.089,-3448.39,42
ELV,2025-10-21,2025-10-22,2025-11-10,2-3%,-2.646,345.0447,306.7827,stop,92.2992,31847.35,-11.089,-3531.55,13
CMS,2025-11-03,2025-11-04,2025-11-10,2-3%,-2.053,72.112,73.4765,tp_gap_filled,424.3092,30597.8,1.892,578.93,4
BDX,2025-11-06,2025-11-07,2025-11-10,5-10%,-6.741,129.4532,138.5327,tp_gap_filled,236.4551,30609.87,7.014,2146.89,1
AMD,2025-11-07,2025-11-10,2025-11-11,2-3%,-2.844,231.1709,237.4623,tp_gap_filled,133.1939,30790.56,2.722,837.97,1
CEG,2025-11-07,2025-11-10,2025-11-11,3-5%,-4.503,335.8155,350.9487,tp_gap_filled,91.8583,30847.43,4.506,1390.11,1
CIEN,2025-11-07,2025-11-10,2025-11-11,3-5%,-4.199,193.193,201.2585,tp_gap_filled,160.0438,30919.34,4.175,1290.84,1
COHR,2025-11-07,2025-11-10,2025-11-11,5-10%,-8.035,146.6465,159.1407,tp_gap_filled,211.4082,31002.28,8.52,2641.38,1
HBAN,2025-10-27,2025-10-28,2025-11-12,3-5%,-3.423,15.5355,16.0539,tp_gap_filled,2034.7067,31610.23,3.337,1054.81,11
CF,2025-11-06,2025-11-10,2025-11-12,2-3%,-2.21,83.2532,84.965,tp_gap_filled,371.4493,30924.33,2.056,635.84,2
ABBV,2025-10-31,2025-11-11,2025-11-12,2-3%,-2.279,223.223,227.9718,tp_gap_filled,139.5602,31153.04,2.127,662.74,1
ELV,2025-11-10,2025-11-11,2025-11-12,2-3%,-2.593,309.8495,317.4622,tp_gap_filled,100.6194,31176.86,2.457,765.98,1
COHR,2025-11-11,2025-11-12,2025-11-13,2-3%,-2.633,162.4923,144.4736,stop,193.5662,31453.02,-11.089,-3487.83,1
TXN,2025-10-20,2025-10-21,2025-11-17,2-3%,-2.305,172.6825,153.5337,stop,184.5764,31873.12,-11.089,-3534.41,19
CNC,2025-11-10,2025-11-12,2025-11-17,5-10%,-5.431,35.5555,37.5224,tp_gap_filled,884.0828,31434.02,5.532,1738.92,3
BRO,2025-07-29,2025-08-20,2025-11-18,5-10%,-5.167,97.3773,79.8501,time_exit,312.4728,30427.75,-17.999,-5476.78,63
ADM,2025-11-04,2025-11-05,2025-11-18,5-10%,-6.557,56.2062,60.0299,tp_gap_filled,548.8207,30847.1,6.803,2098.56,9
ALB,2025-11-14,2025-11-17,2025-11-18,3-5%,-4.949,109.0089,114.4554,tp_gap_filled,279.0748,30421.64,4.996,1519.99,1
AMAT,2025-11-14,2025-11-17,2025-11-18,5-10%,-8.726,203.9537,223.0068,tp_gap_filled,149.5559,30502.49,9.342,2849.49,1
LLY,2025-11-17,2025-11-18,2025-11-19,2-3%,-2.103,1004.7237,1024.2547,tp_gap_filled,30.4421,30585.91,1.944,594.57,1
CIEN,2025-11-11,2025-11-12,2025-11-20,2-3%,-2.017,204.7345,182.0315,stop,153.416,31409.55,-11.089,-3483.01,6
FSLR,2025-11-18,2025-11-19,2025-11-20,2-3%,-2.579,247.247,253.2865,tp_gap_filled,123.4633,30525.92,2.443,745.65,1
BALL,2025-11-10,2025-11-11,2025-11-21,3-5%,-3.226,47.4474,48.931,tp_gap_filled,656.7715,31162.1,3.127,974.4,8
COHR,2025-11-13,2025-11-20,2025-11-21,2-3%,-2.84,152.3722,135.4757,stop,197.2852,30060.79,-11.089,-3333.44,1
PNC,2025-10-15,2025-10-16,2025-11-25,3-5%,-3.104,184.0238,189.5403,tp_gap_filled,170.741,31420.41,2.998,941.88,28
ADI,2025-10-22,2025-10-23,2025-11-25,2-3%,-2.366,240.7805,246.1236,tp_gap_filled,132.8772,31994.24,2.219,709.98,23
CRH,2025-11-06,2025-11-07,2025-11-25,2-3%,-2.127,113.3232,115.5543,tp_gap_filled,270.8317,30691.52,1.969,604.26,12
HPQ,2025-11-17,2025-11-21,2025-11-25,3-5%,-3.954,23.5836,24.5055,tp_gap_filled,1295.2607,30546.86,3.909,1194.12,2
LEN,2025-09-19,2025-09-24,2025-11-26,3-5%,-4.794,126.6265,132.7371,tp_gap_filled,245.5968,31099.06,4.826,1500.75,45
APA,2025-11-19,2025-11-20,2025-11-26,3-5%,-3.812,23.994,24.8951,tp_gap_filled,1253.9173,30086.45,3.756,1129.92,4
ALB,2025-11-20,2025-11-25,2025-11-26,3-5%,-3.66,121.2011,125.5543,tp_gap_filled,256.5871,31098.63,3.592,1116.98,1
NVR,2025-11-24,2025-11-25,2025-11-26,2-3%,-2.227,7231.5241,7381.431,tp_gap_filled,4.3061,31139.44,2.073,645.51,1
DLTR,2025-09-03,2025-09-04,2025-11-28,5-10%,-9.475,100.9008,111.2386,tp_gap_filled,302.6257,30535.18,10.246,3128.5,60
AMZN,2025-11-18,2025-11-25,2025-11-28,2-3%,-2.048,228.3281,232.6371,tp_gap_filled,136.3535,31133.34,1.887,587.55,2
ADI,2025-11-25,2025-11-26,2025-11-28,3-5%,-3.676,230.8306,239.1606,tp_gap_filled,136.2794,31457.46,3.609,1135.21,1
AMD,2025-11-25,2025-11-26,2025-11-28,5-10%,-6.31,201.6815,214.835,tp_gap_filled,156.5861,31580.52,6.522,2059.65,1
COHR,2025-11-25,2025-11-26,2025-11-28,3-5%,-3.695,146.3462,151.6582,tp_gap_filled,216.2412,31646.07,3.63,1148.67,1
COIN,2025-11-25,2025-11-26,2025-11-28,3-5%,-3.207,248.0078,255.714,tp_gap_filled,127.8236,31701.24,3.107,985.04,1
HD,2025-11-18,2025-11-19,2025-12-01,5-10%,-5.041,340.32,357.672,tp_gap_filled,89.7536,30544.95,5.099,1557.4,7
MU,2025-11-18,2025-11-28,2025-12-01,2-3%,-2.674,235.7155,241.708,tp_gap_filled,134.903,31798.72,2.542,808.42,1
MRVL,2025-11-28,2025-12-01,2025-12-02,2-3%,-2.075,85.9859,87.6323,tp_gap_filled,368.7958,31711.24,1.915,607.18,1
SNPS,2025-11-04,2025-12-01,2025-12-02,2-3%,-2.405,435.435,445.2743,tp_gap_filled,72.971,31774.11,2.26,717.98,1
HOOD,2025-11-13,2025-11-28,2025-12-03,2-3%,-2.339,129.9999,132.847,tp_gap_filled,244.7005,31811.03,2.19,696.7,3
COHR,2025-12-01,2025-12-02,2025-12-03,2-3%,-2.344,160.5704,164.0957,tp_gap_filled,198.11,31810.61,2.195,698.4,1
COIN,2025-12-01,2025-12-02,2025-12-03,3-5%,-4.505,260.7905,272.5472,tp_gap_filled,122.087,31839.13,4.508,1435.34,1
ECHO,2025-12-01,2025-12-02,2025-12-03,2-3%,-2.756,71.3413,73.2167,tp_gap_filled,446.4342,31849.18,2.629,837.26,1
HRL,2025-10-29,2025-11-21,2025-12-04,3-5%,-3.129,22.9329,23.6263,tp_gap_filled,1332.7184,30563.11,3.024,924.16,8
HPE,2025-11-17,2025-12-01,2025-12-04,3-5%,-3.898,21.9619,22.8072,tp_gap_filled,1443.966,31712.3,3.849,1220.48,3
FCX,2025-09-24,2025-10-08,2025-12-05,5-10%,-7.782,41.8718,45.3146,tp_gap_filled,756.1595,31661.79,8.222,2603.31,41
AMP,2025-10-30,2025-11-06,2025-12-05,3-5%,-3.295,463.2328,478.0615,tp_gap_filled,65.7215,30444.35,3.201,974.56,20
FTNT,2025-11-06,2025-11-07,2025-12-05,10%+,-11.559,76.1261,85.904,tp_gap_filled,403.1287,30688.6,12.844,3941.77,19
ALB,2025-12-03,2025-12-04,2025-12-05,2-3%,-2.841,124.6245,128.0119,tp_gap_filled,258.1197,32168.04,2.718,874.34,1
CRWD,2025-12-03,2025-12-04,2025-12-05,3-5%,-3.593,124.622,129.0084,tp_gap_filled,257.7462,32120.85,3.52,1130.57,1
CIEN,2025-12-01,2025-12-02,2025-12-08,3-5%,-4.76,194.6845,204.0058,tp_gap_filled,163.1773,31768.1,4.788,1521.03,4
MRNA,2025-11-13,2025-12-05,2025-12-08,2-3%,-2.246,26.1361,26.6833,tp_gap_filled,1235.2609,32284.92,2.094,675.91,1
AVGO,2025-12-01,2025-12-08,2025-12-09,2-3%,-2.013,395.2449,402.557,tp_gap_filled,81.8679,32357.85,1.85,598.63,1
HPE,2025-12-05,2025-12-08,2025-12-09,5-10%,-8.734,20.9209,22.8771,tp_gap_filled,1547.4395,32373.83,9.35,3027.1,1
NEM,2025-10-21,2025-10-23,2025-12-10,5-10%,-6.176,89.119,94.7951,tp_gap_filled,359.3112,32021.47,6.369,2039.48,33
IRM,2025-12-01,2025-12-04,2025-12-10,2-3%,-2.142,84.5845,86.2636,tp_gap_filled,380.1202,32152.27,1.985,638.28,4
PSKY,2025-12-05,2025-12-08,2025-12-10,2-3%,-2.767,14.4244,14.8052,tp_gap_filled,2254.888,32525.43,2.64,858.59,2
Q,2025-11-14,2025-12-08,2025-12-10,2-3%,-2.037,84.2342,85.8141,tp_gap_filled,386.2611,32536.37,1.876,610.27,2
COHR,2025-12-09,2025-12-10,2025-12-11,2-3%,-2.83,180.7806,185.6741,tp_gap_filled,180.6633,32660.42,2.707,884.08,1
DECK,2025-10-24,2025-10-27,2025-12-12,10%+,-13.692,88.5885,102.4375,tp_gap_filled,360.348,31922.69,15.633,4990.45,33
VRT,2025-12-09,2025-12-10,2025-12-12,2-3%,-2.387,181.3612,161.25,stop,180.59,32752.02,-11.089,-3631.87,2
COHR,2025-12-11,2025-12-12,2025-12-17,2-3%,-2.426,192.8527,171.4672,stop,170.4604,32873.74,-11.089,-3645.37,3
IFF,2025-12-11,2025-12-12,2025-12-17,2-3%,-2.89,63.5635,65.3246,tp_gap_filled,515.901,32792.48,2.771,908.56,3
CCL,2025-10-28,2025-10-29,2025-12-19,3-5%,-3.569,28.3984,29.3906,tp_gap_filled,1102.5364,31310.24,3.494,1093.95,36
DASH,2025-11-06,2025-11-18,2025-12-19,10%+,-11.235,211.4713,237.762,tp_gap_filled,144.62,30582.98,12.432,3802.17,22
CASY,2025-12-10,2025-12-11,2025-12-22,3-5%,-4.384,539.0885,562.6768,tp_gap_filled,61.1882,32985.88,4.376,1443.32,7
INCY,2025-12-08,2025-12-19,2025-12-22,2-3%,-2.331,100.2301,102.4175,tp_gap_filled,323.6081,32435.28,2.182,707.84,1
WRB,2025-12-05,2025-12-10,2025-12-23,3-5%,-3.993,68.108,70.7991,tp_gap_filled,480.9239,32754.78,3.951,1294.21,9
CIEN,2025-12-12,2025-12-22,2025-12-23,2-3%,-2.628,236.236,242.1276,tp_gap_filled,137.9537,32589.63,2.494,812.77,1
ELV,2025-12-19,2025-12-22,2025-12-23,2-3%,-2.017,337.9876,344.2554,tp_gap_filled,96.4295,32591.99,1.854,604.4,1
COIN,2025-12-11,2025-12-12,2025-12-24,2-3%,-2.977,267.1669,237.5408,stop,122.7371,32791.28,-11.089,-3636.22,8
LITE,2025-12-23,2025-12-24,2025-12-26,2-3%,-2.288,381.341,389.4901,tp_gap_filled,85.6662,32668.04,2.137,698.11,1
INTC,2025-12-24,2025-12-26,2025-12-29,3-5%,-3.246,35.2052,36.3136,tp_gap_filled,928.9168,32702.67,3.149,1029.69,1
DRI,2025-09-18,2025-10-02,2026-01-02,5-10%,-7.242,193.8637,187.0228,time_exit,163.304,31658.72,-3.529,-1117.14,63
SNDK,2025-11-18,2025-12-24,2026-01-02,3-5%,-3.283,257.4071,265.6141,tp_gap_filled,127.1266,32723.3,3.188,1043.33,5
EFX,2025-10-02,2025-10-03,2026-01-05,5-10%,-7.576,234.8446,220.5692,time_exit,135.5693,31837.73,-6.079,-1935.31,63
LMT,2025-10-21,2025-10-22,2026-01-05,3-5%,-4.584,483.1927,505.3941,tp_gap_filled,65.9113,31847.86,4.595,1463.32,50
APA,2025-12-08,2025-12-09,2026-01-05,2-3%,-2.177,26.5365,23.5939,stop,1225.3266,32515.89,-11.089,-3605.69,17
VRT,2025-12-12,2026-01-02,2026-01-05,3-5%,-3.0,173.4733,178.4813,tp_gap_filled,188.0677,32624.72,2.887,941.85,1
ADM,2025-12-16,2025-12-17,2026-01-06,2-3%,-2.359,58.8388,60.1398,tp_gap_filled,550.649,32399.52,2.211,716.41,12
ACN,2025-12-18,2025-12-19,2026-01-06,3-5%,-3.193,265.265,273.4663,tp_gap_filled,122.1678,32406.84,3.092,1001.93,10
HST,2025-12-31,2026-01-02,2026-01-06,2-3%,-2.132,17.9179,18.2717,tp_gap_filled,1819.9695,32610.03,1.975,643.93,2
HUM,2025-12-16,2026-01-05,2026-01-06,2-3%,-2.41,268.3881,274.4653,tp_gap_filled,122.2107,32799.91,2.264,742.69,1
VLO,2025-12-11,2026-01-05,2026-01-06,2-3%,-2.114,172.4523,175.824,tp_gap_filled,190.3721,32830.1,1.955,641.88,1
APD,2025-12-08,2026-01-05,2026-01-07,2-3%,-2.175,255.275,260.4293,tp_gap_filled,128.5126,32806.06,2.019,662.39,2
CRL,2026-01-05,2026-01-06,2026-01-07,2-3%,-2.678,197.197,202.2176,tp_gap_filled,167.6196,33054.08,2.546,841.55,1
APTV,2025-10-30,2025-10-31,2026-01-08,5-10%,-5.153,81.4313,85.6842,tp_gap_filled,380.4445,30980.1,5.223,1617.98,46
DE,2025-11-26,2025-12-03,2026-01-08,3-5%,-4.216,477.6071,497.6319,tp_gap_filled,67.2022,32096.23,4.193,1345.71,24
NKE,2025-12-19,2025-12-24,2026-01-08,5-10%,-9.797,59.2592,65.5644,tp_gap_filled,551.9762,32709.67,10.64,3480.3,9
CARR,2026-01-06,2026-01-07,2026-01-08,3-5%,-3.16,52.1421,53.7362,tp_gap_filled,627.6564,32727.32,3.057,1000.56,1
COHR,2026-01-06,2026-01-07,2026-01-08,2-3%,-2.168,182.5023,186.1736,tp_gap_filled,179.3745,32736.27,2.012,658.54,1
EFX,2026-01-06,2026-01-07,2026-01-09,3-5%,-3.483,213.3131,220.5692,tp_gap_filled,153.7214,32790.78,3.402,1115.42,2
DECK,2026-01-07,2026-01-08,2026-01-09,5-10%,-6.012,101.101,107.3525,tp_gap_filled,328.1701,33178.32,6.183,2051.57,1
LRCX,2026-01-07,2026-01-08,2026-01-09,2-3%,-2.116,202.7826,206.753,tp_gap_filled,163.5176,33158.52,1.958,649.24,1
MCHP,2026-01-07,2026-01-08,2026-01-09,2-3%,-2.418,73.1331,74.7951,tp_gap_filled,453.2641,33148.59,2.273,753.36,1
LEN,2025-12-17,2026-01-09,2026-01-12,3-5%,-3.334,113.7637,117.4524,tp_gap_filled,292.5847,33285.5,3.242,1079.28,1
MOS,2025-10-10,2025-10-13,2026-01-13,5-10%,-8.493,30.6306,26.1838,time_exit,1024.5413,31382.32,-14.518,-4555.94,63
WBD,2025-12-26,2025-12-29,2026-01-13,2-3%,-2.053,28.6586,29.2008,tp_gap_filled,1141.8487,32723.82,1.892,619.04,10
TPL,2025-11-18,2026-01-09,2026-01-13,2-3%,-2.237,312.3287,318.8375,tp_gap_filled,106.7434,33339.01,2.084,694.78,2
CIEN,2026-01-09,2026-01-12,2026-01-13,2-3%,-2.633,219.4993,224.9848,tp_gap_filled,151.6076,33277.75,2.499,831.65,1
COHR,2026-01-09,2026-01-12,2026-01-13,2-3%,-2.397,169.169,172.9768,tp_gap_filled,197.154,33352.35,2.251,750.73,1
FERG,2025-12-09,2025-12-10,2026-01-14,5-10%,-5.37,232.8326,245.5542,tp_gap_filled,140.6981,32759.11,5.464,1789.91,23
EXR,2025-10-30,2026-01-09,2026-01-14,2-3%,-2.942,137.7276,141.6182,tp_gap_filled,241.5903,33273.65,2.825,939.94,3
CRWD,2026-01-12,2026-01-13,2026-01-14,2-3%,-2.201,115.1776,117.5348,tp_gap_filled,288.9937,33285.59,2.047,681.24,1
PNR,2026-01-05,2026-01-06,2026-01-15,2-3%,-2.588,102.8427,105.3645,tp_gap_filled,322.471,33163.8,2.452,813.21,7
CEG,2026-01-12,2026-01-13,2026-01-15,2-3%,-2.292,335.0047,342.1775,tp_gap_filled,99.3399,33279.32,2.141,712.54,2
CNC,2026-01-12,2026-01-13,2026-01-15,2-3%,-2.381,45.5455,46.5634,tp_gap_filled,730.5757,33274.44,2.235,743.65,2
ABT,2025-10-15,2025-10-16,2026-01-16,3-5%,-3.947,128.138,121.6382,time_exit,245.5516,31464.49,-5.072,-1596.03,63
PGR,2025-10-15,2025-10-16,2026-01-16,5-10%,-5.932,226.3661,202.1676,time_exit,138.8981,31441.83,-10.69,-3361.13,63
LITE,2026-01-07,2026-01-08,2026-01-16,3-5%,-4.881,378.398,317.5365,stop,87.862,33246.79,-16.084,-5347.41,6
MO,2025-10-30,2025-11-18,2026-01-20,3-5%,-4.518,59.2292,61.908,tp_gap_filled,516.8334,30611.61,4.523,1384.53,41
CCL,2026-01-07,2026-01-08,2026-01-20,2-3%,-2.539,31.5115,28.0172,stop,1052.6976,33172.06,-11.089,-3678.45,7
ALB,2026-01-16,2026-01-20,2026-01-21,3-5%,-4.362,166.3662,173.6062,tp_gap_filled,196.3453,32665.22,4.352,1421.54,1
CF,2026-01-16,2026-01-20,2026-01-21,2-3%,-2.079,84.8848,86.5134,tp_gap_filled,385.2942,32705.62,1.919,627.49,1
FCX,2026-01-15,2026-01-20,2026-01-21,2-3%,-2.27,59.039,60.2896,tp_gap_filled,554.7357,32751.03,2.118,693.79,1
JBHT,2026-01-16,2026-01-20,2026-01-21,3-5%,-3.249,200.0098,206.3135,tp_gap_filled,163.8424,32770.09,3.152,1032.81,1
ABNB,2026-01-20,2026-01-21,2026-01-22,2-3%,-2.166,127.9578,130.5293,tp_gap_filled,258.4978,33076.81,2.01,664.73,1
ALGN,2026-01-20,2026-01-21,2026-01-22,2-3%,-2.455,167.4473,171.3185,tp_gap_filled,197.8255,33125.34,2.312,765.83,1
AMAT,2026-01-20,2026-01-21,2026-01-22,3-5%,-3.336,316.4161,326.683,tp_gap_filled,104.7413,33141.85,3.245,1075.37,1
AMD,2026-01-20,2026-01-21,2026-01-22,2-3%,-2.48,226.3061,231.5982,tp_gap_filled,146.5831,33172.66,2.338,775.73,1
OMC,2026-01-05,2026-01-06,2026-01-23,2-3%,-2.533,79.3393,81.2387,tp_gap_filled,417.9489,33159.75,2.394,793.86,12
UNH,2025-10-30,2026-01-06,2026-01-23,2-3%,-2.179,347.8675,354.9047,tp_gap_filled,95.3849,33181.3,2.023,671.25,12
FTNT,2026-01-14,2026-01-15,2026-01-23,2-3%,-2.4,76.5264,78.2517,tp_gap_filled,435.7445,33345.98,2.254,751.76,5
AMZN,2026-01-20,2026-01-22,2026-01-23,2-3%,-2.242,233.9938,238.8809,tp_gap_filled,142.5634,33358.93,2.089,696.72,1
JNJ,2026-01-21,2026-01-22,2026-01-23,3-5%,-3.304,211.211,217.9918,tp_gap_filled,157.9993,33371.19,3.21,1071.36,1
LYV,2025-11-04,2025-12-26,2026-01-26,2-3%,-2.169,146.7366,149.6902,tp_gap_filled,223.0764,32733.47,2.013,658.87,19
BSX,2026-01-15,2026-01-16,2026-01-26,5-10%,-5.846,88.3483,93.6463,tp_gap_filled,374.3392,33072.22,5.997,1983.25,5
ALLE,2025-10-23,2025-10-24,2026-01-27,2-3%,-2.165,171.8717,166.7231,time_exit,185.9459,31958.85,-2.996,-957.36,63
COHR,2026-01-23,2026-01-26,2026-01-27,2-3%,-2.215,198.4282,202.5173,tp_gap_filled,168.4892,33433.0,2.061,688.96,1
ORCL,2026-01-23,2026-01-26,2026-01-27,3-5%,-3.12,172.7926,178.0018,tp_gap_filled,193.4646,33429.25,3.015,1007.8,1
RCL,2026-01-13,2026-01-27,2026-01-28,2-3%,-2.285,294.5442,300.8289,tp_gap_filled,113.0201,33289.41,2.134,710.29,1
NOW,2025-12-15,2025-12-17,2026-01-29,5-10%,-7.752,159.7596,118.1039,stop,202.7697,32394.4,-26.074,-8446.52,28
APA,2026-01-22,2026-01-23,2026-01-29,2-3%,-2.035,26.026,26.5135,tp_gap_filled,1278.4989,33274.21,1.873,623.22,4
GS,2026-01-23,2026-01-28,2026-01-29,2-3%,-2.155,935.0141,953.6954,tp_gap_filled,35.3951,33094.94,1.998,661.23,1
CCI,2025-10-28,2025-10-29,2026-01-30,3-5%,-3.689,94.094,86.7232,time_exit,332.9641,31329.93,-7.833,-2454.22,63
CDNS,2025-10-28,2025-10-29,2026-01-30,3-5%,-3.526,339.349,296.0636,time_exit,92.2084,31290.82,-12.755,-3991.28,63
BXP,2026-01-28,2026-01-29,2026-01-30,2-3%,-2.024,63.9639,65.1548,tp_gap_filled,516.8175,33057.66,1.862,615.47,1
CARR,2026-01-28,2026-01-29,2026-01-30,2-3%,-2.085,55.9359,57.0129,tp_gap_filled,591.3143,33075.68,1.926,636.87,1
JCI,2026-01-06,2026-01-07,2026-02-02,5-10%,-7.356,112.7026,121.4085,tp_gap_filled,290.9582,32791.74,7.725,2533.05,17
LEN,2026-01-14,2026-01-15,2026-02-02,2-3%,-2.084,120.8707,107.4674,stop,275.9743,33357.22,-11.089,-3698.98,11
MRNA,2026-01-23,2026-01-27,2026-02-02,3-5%,-3.968,49.8618,41.842,stop,669.2986,33372.44,-16.084,-5367.62,4
CMCSA,2026-01-29,2026-01-30,2026-02-02,2-3%,-2.746,27.6576,28.3816,tp_gap_filled,1191.3855,32950.9,2.618,862.52,1
DOW,2026-01-29,2026-01-30,2026-02-02,3-5%,-4.248,26.6266,27.7522,tp_gap_filled,1240.6388,33033.99,4.227,1396.49,1
WDAY,2025-11-26,2025-11-28,2026-02-03,5-10%,-7.852,215.5553,159.3514,stop,147.5359,31802.15,-26.074,-8292.09,44
GPN,2025-10-29,2025-12-11,2026-02-03,3-5%,-4.823,81.5815,68.4599,stop,404.4202,32993.21,-16.084,-5306.63,35
BAC,2026-01-14,2026-01-15,2026-02-03,3-5%,-3.044,52.9329,54.4855,tp_gap_filled,630.1033,33353.18,2.933,978.29,12
EXPE,2026-01-20,2026-01-22,2026-02-03,2-3%,-2.936,277.0167,246.2983,stop,120.428,33360.58,-11.089,-3699.35,8
JPM,2026-01-20,2026-01-22,2026-02-03,2-3%,-2.003,306.5162,312.1575,tp_gap_filled,108.9976,33409.53,1.84,614.89,8
AMD,2026-01-30,2026-02-02,2026-02-03,5-10%,-6.047,237.1669,251.9278,tp_gap_filled,138.6975,32894.46,6.224,2047.3,1
APTV,2026-01-30,2026-02-02,2026-02-03,3-5%,-3.006,76.5365,78.7512,tp_gap_filled,430.3379,32936.54,2.894,953.07,1
KR,2025-12-04,2025-12-05,2026-02-04,3-5%,-4.003,63.6135,66.1338,tp_gap_filled,507.7567,32300.21,3.962,1279.67,40
MKC,2026-01-22,2026-01-27,2026-02-04,3-5%,-4.913,63.3533,66.4934,tp_gap_filled,526.7515,33371.44,4.957,1654.08,6
AMAT,2026-01-30,2026-02-03,2026-02-04,2-3%,-2.464,333.2629,296.3074,stop,98.0482,32675.83,-11.089,-3623.42,1
APA,2026-02-02,2026-02-03,2026-02-04,3-5%,-3.938,25.3954,26.3836,tp_gap_filled,1284.8065,32628.14,3.891,1269.67,1
BBY,2026-02-02,2026-02-03,2026-02-04,2-3%,-2.442,63.5735,65.0349,tp_gap_filled,513.952,32673.73,2.299,751.08,1
COP,2026-02-02,2026-02-03,2026-02-04,2-3%,-2.61,101.6115,104.1258,tp_gap_filled,321.892,32707.93,2.474,809.32,1
CVNA,2026-02-02,2026-02-03,2026-02-04,2-3%,-2.473,78.3162,80.1418,tp_gap_filled,417.4382,32692.19,2.331,762.05,1
EOG,2026-02-02,2026-02-03,2026-02-04,3-5%,-3.014,108.8587,112.0179,tp_gap_filled,300.7976,32744.45,2.902,950.25,1
DOC,2026-02-03,2026-02-04,2026-02-05,2-3%,-2.482,16.5165,16.9031,tp_gap_filled,1981.1017,32720.87,2.341,765.85,1
ETN,2026-02-03,2026-02-04,2026-02-05,2-3%,-2.763,349.8595,359.0806,tp_gap_filled,93.5755,32738.27,2.636,862.86,1
GPN,2026-02-03,2026-02-04,2026-02-05,2-3%,-2.278,70.4203,71.918,tp_gap_filled,465.6315,32789.93,2.127,697.36,1
PFE,2026-02-03,2026-02-04,2026-02-05,3-5%,-4.876,25.3854,26.6333,tp_gap_filled,1296.0995,32901.95,4.916,1617.51,1
C,2026-01-12,2026-01-13,2026-02-06,3-5%,-3.643,117.0169,121.1987,tp_gap_filled,284.4556,33286.12,3.574,1189.53,17
ABBV,2026-02-04,2026-02-05,2026-02-06,5-10%,-7.037,209.9898,225.4343,tp_gap_filled,155.2315,32597.03,7.355,2397.48,1
CF,2026-02-04,2026-02-05,2026-02-06,2-3%,-2.27,90.4904,92.4075,tp_gap_filled,360.7427,32643.75,2.119,691.58,1
CI,2026-02-04,2026-02-05,2026-02-06,2-3%,-2.03,270.0698,275.1146,tp_gap_filled,120.9085,32653.73,1.868,609.96,1
CMG,2026-02-04,2026-02-05,2026-02-06,3-5%,-3.702,37.7577,39.1308,tp_gap_filled,866.3661,32712.01,3.637,1189.61,1
AJG,2026-01-27,2026-01-30,2026-02-09,2-3%,-2.095,250.3101,222.5532,stop,131.6568,32955.03,-11.089,-3654.38,6
APP,2026-02-04,2026-02-06,2026-02-09,10%+,-12.947,402.402,461.3282,tp_gap_filled,82.9349,33373.19,14.644,4887.04,1
CIEN,2026-02-05,2026-02-06,2026-02-09,3-5%,-4.284,242.8826,253.2465,tp_gap_filled,137.514,33399.77,4.267,1425.18,1
NRG,2026-01-16,2026-01-27,2026-02-10,2-3%,-2.997,153.9037,158.3415,tp_gap_filled,216.2001,33274.01,2.883,959.44,10
ADM,2026-02-03,2026-02-04,2026-02-10,5-10%,-8.314,62.4824,68.0119,tp_gap_filled,522.3276,32636.29,8.85,2888.21,4
NXPI,2026-02-03,2026-02-04,2026-02-10,3-5%,-4.894,219.9898,230.8489,tp_gap_filled,149.4058,32867.74,4.936,1622.42,4
AMT,2026-02-05,2026-02-06,2026-02-10,2-3%,-2.249,172.7526,176.3735,tp_gap_filled,193.2402,33382.74,2.096,699.7,2
ARES,2026-02-05,2026-02-09,2026-02-10,3-5%,-3.819,132.112,137.0828,tp_gap_filled,254.8092,33663.35,3.763,1266.61,1
CBOE,2026-02-06,2026-02-09,2026-02-10,2-3%,-2.826,267.7675,275.0047,tp_gap_filled,125.8816,33706.99,2.703,911.03,1
ADBE,2026-01-29,2026-01-30,2026-02-11,2-3%,-2.637,291.9717,259.5949,stop,112.8542,32950.22,-11.089,-3653.85,8
CRM,2026-01-29,2026-02-02,2026-02-11,3-5%,-4.953,216.8867,182.0026,stop,151.9561,32957.25,-16.084,-5300.84,7
CCI,2026-02-05,2026-02-06,2026-02-11,5-10%,-7.386,79.8297,86.0239,tp_gap_filled,418.2041,33385.12,7.759,2590.41,3
CMI,2026-02-05,2026-02-06,2026-02-11,5-10%,-6.78,565.1346,605.0244,tp_gap_filled,59.3312,33530.12,7.058,2366.71,3
BDX,2026-02-09,2026-02-10,2026-02-11,2-3%,-2.866,160.5377,164.945,tp_gap_filled,210.9736,33869.23,2.745,929.8,1
EQT,2026-02-09,2026-02-10,2026-02-11,2-3%,-2.166,55.6156,56.7332,tp_gap_filled,610.3973,33947.59,2.01,682.21,1
FISV,2026-02-03,2026-02-10,2026-02-11,2-3%,-2.622,61.3513,62.8771,tp_gap_filled,553.2565,33943.0,2.487,844.14,1
NWS,2026-02-06,2026-02-10,2026-02-11,2-3%,-2.446,26.7467,27.3626,tp_gap_filled,1269.9069,33965.84,2.303,782.12,1
EBAY,2025-10-30,2025-11-11,2026-02-12,10%+,-14.004,85.6856,79.3306,time_exit,363.6291,31157.78,-7.417,-2310.86,63
ALB,2026-01-30,2026-02-02,2026-02-12,5-10%,-7.355,167.5774,180.5193,tp_gap_filled,196.3975,32911.79,7.723,2541.75,8
ICE,2026-02-10,2026-02-11,2026-02-12,2-3%,-2.938,164.6645,146.4049,stop,205.0754,33768.64,-11.089,-3744.6,1
LITE,2026-02-10,2026-02-11,2026-02-12,5-10%,-5.013,548.7682,576.5729,tp_gap_filled,61.3775,33682.0,5.067,1706.58,1
MU,2026-02-04,2026-02-11,2026-02-12,2-3%,-2.11,411.0006,419.0206,tp_gap_filled,82.0774,33733.84,1.951,658.26,1
KMB,2025-11-03,2025-11-12,2026-02-13,10%+,-12.547,104.7947,109.3006,time_exit,299.7809,31415.45,4.3,1350.78,63
KHC,2026-02-11,2026-02-12,2026-02-13,3-5%,-4.418,23.8238,24.8751,tp_gap_filled,1391.8555,33159.29,4.413,1463.26,1
MRNA,2026-02-11,2026-02-12,2026-02-13,10%+,-10.454,37.6426,41.953,tp_gap_filled,881.5093,33182.31,11.451,3799.66,1
ZBH,2025-11-05,2025-11-13,2026-02-17,10%+,-12.134,90.7507,97.0529,time_exit,340.5943,30909.16,6.945,2146.49,63
ES,2025-11-19,2026-01-14,2026-02-17,5-10%,-5.541,70.4804,74.4655,tp_gap_filled,471.6263,33240.41,5.654,1879.45,22
BLDR,2026-02-11,2026-02-12,2026-02-17,2-3%,-2.733,125.0349,111.1698,stop,265.5163,33198.8,-11.089,-3681.42,2
NCLH,2026-02-11,2026-02-12,2026-02-17,2-3%,-2.334,23.033,23.5364,tp_gap_filled,1443.7891,33254.81,2.186,726.85,2
MAS,2026-02-13,2026-02-17,2026-02-18,2-3%,-2.347,75.7957,77.4625,tp_gap_filled,441.9772,33499.98,2.199,736.66,1
MU,2026-02-13,2026-02-17,2026-02-18,2-3%,-2.121,405.5952,413.556,tp_gap_filled,82.6082,33505.49,1.963,657.63,1
OMC,2026-02-03,2026-02-10,2026-02-19,5-10%,-6.194,71.8518,76.4435,tp_gap_filled,472.988,33985.03,6.391,2171.82,6
COHR,2026-02-10,2026-02-11,2026-02-20,3-5%,-4.232,232.4322,242.2175,tp_gap_filled,145.6255,33848.06,4.21,1425.0,6
CRL,2026-02-12,2026-02-13,2026-02-20,5-10%,-5.115,157.6475,165.814,tp_gap_filled,212.2476,33460.3,5.18,1733.32,4
FCX,2026-02-17,2026-02-18,2026-02-20,2-3%,-2.546,61.3012,62.7772,tp_gap_filled,551.6592,33817.4,2.408,814.2,2
DELL,2026-02-12,2026-02-13,2026-02-23,5-10%,-5.364,117.6175,124.0358,tp_gap_filled,284.7067,33486.49,5.457,1827.35,5
ALB,2026-02-19,2026-02-20,2026-02-23,3-5%,-3.37,165.6154,171.0488,tp_gap_filled,206.3411,34173.28,3.281,1121.12,1
NDAQ,2026-02-10,2026-02-11,2026-02-26,3-5%,-4.612,82.4023,86.2137,tp_gap_filled,409.3578,33732.04,4.625,1560.22,10
CVNA,2026-02-18,2026-02-19,2026-02-26,3-5%,-3.36,67.8978,70.1178,tp_gap_filled,500.7122,33997.27,3.27,1111.57,5
ZTS,2025-11-04,2025-11-25,2026-02-27,10%+,-13.523,124.9548,130.9689,time_exit,249.4604,31171.29,4.813,1500.27,63
ARES,2026-02-19,2026-02-20,2026-02-27,3-5%,-3.337,129.6295,108.7799,stop,263.7715,34192.57,-16.084,-5499.53,5
CPRT,2026-02-20,2026-02-23,2026-02-27,5-10%,-8.898,34.3343,37.6124,tp_gap_filled,970.4115,33318.4,9.547,3181.06,4
CARR,2026-02-25,2026-02-26,2026-02-27,2-3%,-2.574,61.9569,63.4665,tp_gap_filled,552.2959,34218.54,2.436,833.73,1
AXP,2026-01-12,2026-01-15,2026-03-02,3-5%,-4.023,360.8605,302.8197,stop,92.4566,33363.94,-16.084,-5366.26,30
CINF,2026-02-10,2026-02-11,2026-03-02,2-3%,-2.537,164.5844,168.5313,tp_gap_filled,205.7046,33855.77,2.398,811.89,12
HBAN,2026-02-10,2026-02-11,2026-03-02,2-3%,-2.526,18.5385,16.4828,stop,1823.5341,33805.62,-11.089,-3748.71,12
MOS,2026-02-25,2026-02-27,2026-03-02,3-5%,-3.264,27.5876,28.4615,tp_gap_filled,1228.8536,33901.07,3.168,1073.96,1
CRH,2026-01-13,2026-02-03,2026-03-03,2-3%,-2.664,128.0079,113.8131,stop,255.7915,32743.33,-11.089,-3630.91,19
ANET,2026-02-27,2026-03-02,2026-03-04,2-3%,-2.096,127.6475,130.1198,tp_gap_filled,263.5093,33636.31,1.937,651.46,2
ABNB,2026-03-02,2026-03-03,2026-03-04,3-5%,-4.152,129.6295,134.9749,tp_gap_filled,255.8248,33162.44,4.124,1367.48,1
EXPE,2026-02-13,2026-02-17,2026-03-05,5-10%,-6.707,212.212,227.0128,tp_gap_filled,158.1538,33562.14,6.975,2340.8,12
ARES,2026-02-27,2026-03-02,2026-03-05,3-5%,-3.43,114.144,117.9619,tp_gap_filled,294.8102,33650.83,3.345,1125.55,3
AKAM,2026-03-03,2026-03-04,2026-03-05,2-3%,-2.079,95.7056,97.5424,tp_gap_filled,349.8647,33484.01,1.919,642.61,1
AMAT,2026-02-27,2026-03-02,2026-03-06,2-3%,-2.603,366.3059,325.6863,stop,91.783,33620.66,-11.089,-3728.2,4
APA,2026-03-04,2026-03-05,2026-03-06,2-3%,-2.826,30.981,31.8182,tp_gap_filled,1076.1487,33340.11,2.702,900.95,1
OXY,2026-03-04,2026-03-05,2026-03-06,2-3%,-2.422,52.4324,53.6263,tp_gap_filled,636.8259,33390.3,2.277,760.33,1
PNR,2026-02-03,2026-02-12,2026-03-09,2-3%,-2.635,102.8327,91.4296,stop,323.4889,33265.25,-11.089,-3688.78,16
GM,2026-02-09,2026-02-18,2026-03-09,2-3%,-2.339,82.3523,73.2202,stop,410.922,33840.36,-11.089,-3752.56,13
BF-B,2026-02-25,2026-02-27,2026-03-09,3-5%,-3.419,29.4094,24.6792,stop,1153.4482,33922.2,-16.084,-5456.05,6
CIEN,2026-03-05,2026-03-06,2026-03-10,5-10%,-9.181,312.322,343.2064,tp_gap_filled,105.7977,33042.94,9.889,3267.5,2
IRM,2026-03-05,2026-03-06,2026-03-10,2-3%,-2.068,105.7156,107.7322,tp_gap_filled,312.04,32987.5,1.908,629.24,2
AMAT,2026-03-06,2026-03-09,2026-03-10,3-5%,-4.909,329.8495,346.1835,tp_gap_filled,100.2938,33081.87,4.952,1638.2,1
ANET,2026-03-06,2026-03-09,2026-03-10,2-3%,-2.159,136.5264,139.2606,tp_gap_filled,242.5338,33112.26,2.003,663.14,1
AXP,2026-03-06,2026-03-09,2026-03-10,2-3%,-2.126,300.9807,306.9028,tp_gap_filled,110.0319,33117.46,1.968,651.62,1
BA,2026-01-27,2026-01-28,2026-03-11,2-3%,-2.387,242.7425,215.8248,stop,136.4984,33133.96,-11.089,-3674.22,29
APTV,2026-03-09,2026-03-10,2026-03-11,2-3%,-2.338,71.071,72.6273,tp_gap_filled,463.8152,32963.81,2.19,721.83,1
MRVL,2025-12-08,2025-12-09,2026-03-12,5-10%,-8.553,90.5404,87.5823,time_exit,359.065,32509.91,-3.267,-1062.16,63
APD,2026-02-13,2026-02-23,2026-03-12,2-3%,-2.607,284.1839,291.2085,tp_gap_filled,117.2552,33322.05,2.472,823.67,13
TAP,2026-02-25,2026-02-27,2026-03-12,2-3%,-2.846,48.5185,43.1383,stop,698.9382,33911.41,-11.089,-3760.44,9
CASY,2026-03-10,2026-03-11,2026-03-12,2-3%,-2.034,651.671,663.8754,tp_gap_filled,50.4496,32876.54,1.873,615.71,1
OXY,2026-03-10,2026-03-11,2026-03-12,3-5%,-3.217,53.3032,54.965,tp_gap_filled,617.8346,32932.59,3.118,1026.67,1
DIS,2025-11-13,2025-12-10,2026-03-13,5-10%,-6.652,108.9989,99.1907,time_exit,300.5609,32760.81,-8.998,-2947.96,63
FANG,2026-03-11,2026-03-12,2026-03-13,3-5%,-3.011,173.173,178.1916,tp_gap_filled,187.4431,32460.08,2.898,940.71,1
DELL,2026-03-03,2026-03-12,2026-03-16,2-3%,-2.488,149.8797,153.3965,tp_gap_filled,216.5727,32459.86,2.346,761.63,2
LITE,2026-03-11,2026-03-12,2026-03-16,3-5%,-3.115,651.7211,671.328,tp_gap_filled,49.8435,32484.05,3.008,977.28,2
CAT,2026-03-12,2026-03-13,2026-03-16,2-3%,-2.062,693.693,706.8824,tp_gap_filled,46.8207,32479.2,1.901,617.54,1
CEG,2026-03-09,2026-03-10,2026-03-18,2-3%,-2.131,312.5723,318.7409,tp_gap_filled,105.4285,32954.02,1.974,650.35,6
BAC,2026-02-19,2026-02-20,2026-03-19,2-3%,-2.717,51.9619,46.1999,stop,656.9367,34135.68,-11.089,-3785.31,19
COHR,2026-03-17,2026-03-18,2026-03-19,3-5%,-4.896,235.4953,247.1226,tp_gap_filled,137.5722,32397.61,4.937,1599.6,1
SMCI,2026-02-09,2026-02-10,2026-03-20,3-5%,-3.403,33.2432,27.8964,stop,1022.888,34004.08,-16.084,-5469.22,27
GS,2026-03-12,2026-03-16,2026-03-20,2-3%,-2.239,806.1253,822.9362,tp_gap_filled,40.664,32780.24,2.085,683.6,4
JBL,2026-03-18,2026-03-19,2026-03-20,5-10%,-5.584,247.9477,262.0877,tp_gap_filled,130.9639,32472.19,5.703,1851.82,1
CFG,2026-03-12,2026-03-13,2026-03-23,2-3%,-2.581,57.057,58.4515,tp_gap_filled,569.2494,32479.66,2.444,793.81,6
AMAT,2026-03-19,2026-03-20,2026-03-23,2-3%,-2.498,341.0807,349.1205,tp_gap_filled,94.6664,32288.87,2.357,761.1,1
APP,2026-03-19,2026-03-20,2026-03-23,3-5%,-3.219,428.7533,442.1274,tp_gap_filled,75.4263,32339.3,3.119,1008.76,1
CAT,2026-03-19,2026-03-20,2026-03-23,2-3%,-2.47,677.1665,692.9264,tp_gap_filled,47.8074,32373.58,2.327,753.44,1
CIEN,2026-03-19,2026-03-20,2026-03-23,3-5%,-3.151,373.4931,384.8747,tp_gap_filled,86.6937,32379.5,3.047,986.72,1
EXE,2026-02-02,2026-02-04,2026-03-24,3-5%,-3.354,108.7486,112.2976,tp_gap_filled,301.4796,32785.49,3.263,1069.94,33
IP,2026-03-19,2026-03-23,2026-03-24,2-3%,-2.312,35.1051,35.8641,tp_gap_filled,925.3686,32485.13,2.162,702.38,1
APA,2026-03-23,2026-03-24,2026-03-25,2-3%,-2.403,38.2082,39.0709,tp_gap_filled,849.3533,32452.23,2.258,732.76,1
COP,2026-03-23,2026-03-24,2026-03-25,2-3%,-2.592,123.7536,126.7931,tp_gap_filled,262.8255,32525.61,2.456,798.85,1
DVN,2026-03-23,2026-03-24,2026-03-25,2-3%,-2.384,47.5475,48.6113,tp_gap_filled,685.0968,32574.64,2.237,728.83,1
EOG,2026-03-23,2026-03-24,2026-03-25,2-3%,-2.076,135.9859,138.5913,tp_gap_filled,240.0015,32636.81,1.916,625.3,1
META,2026-03-13,2026-03-16,2026-03-26,2-3%,-2.239,624.5139,555.2616,stop,52.4646,32764.85,-11.089,-3633.29,8
GEV,2026-03-24,2026-03-25,2026-03-26,2-3%,-2.097,864.9941,881.7574,tp_gap_filled,37.6066,32529.49,1.938,630.41,1
CF,2026-03-13,2026-03-26,2026-03-27,2-3%,-2.868,132.2321,135.864,tp_gap_filled,243.83,32242.15,2.747,885.56,1
CMG,2026-03-09,2026-03-10,2026-03-30,2-3%,-2.46,34.5345,30.705,stop,954.6946,32969.9,-11.089,-3656.03,14
ISRG,2026-01-14,2026-01-15,2026-03-31,3-5%,-4.959,534.494,448.526,stop,62.3823,33342.98,-16.084,-5362.89,51
CRWD,2026-03-27,2026-03-30,2026-03-31,5-10%,-5.545,92.8052,98.0568,tp_gap_filled,340.4619,31596.63,5.659,1787.98,1
C,2026-02-27,2026-03-23,2026-04-01,2-3%,-2.591,113.2932,116.0738,tp_gap_filled,287.0739,32523.51,2.454,798.25,7
FERG,2026-03-06,2026-03-31,2026-04-01,2-3%,-2.076,235.0949,239.6002,tp_gap_filled,137.356,32291.69,1.916,618.83,1
HOOD,2026-03-27,2026-03-31,2026-04-01,2-3%,-2.573,68.6085,70.2796,tp_gap_filled,470.5433,32283.29,2.436,786.33,1
AMP,2026-02-27,2026-03-02,2026-04-02,2-3%,-2.288,476.3158,423.4972,stop,70.6225,33638.63,-11.089,-3730.19,23
CDW,2026-03-09,2026-03-10,2026-04-02,2-3%,-2.293,120.7106,123.2966,tp_gap_filled,273.1557,32972.79,2.142,706.38,17
DG,2026-03-24,2026-03-26,2026-04-06,2-3%,-2.678,121.8818,124.9849,tp_gap_filled,264.5582,32244.82,2.546,820.96,6
APA,2026-04-01,2026-04-02,2026-04-06,2-3%,-2.568,41.3913,42.3976,tp_gap_filled,785.3122,32505.13,2.431,790.19,1
AXON,2026-03-26,2026-03-27,2026-04-07,2-3%,-2.595,448.6582,398.9065,stop,70.5116,31635.62,-11.089,-3508.07,6
AKAM,2026-04-02,2026-04-06,2026-04-07,2-3%,-2.635,112.8127,115.6342,tp_gap_filled,289.0624,32609.91,2.501,815.61,1
HUBB,2026-03-03,2026-03-23,2026-04-08,3-5%,-3.484,499.469,516.463,tp_gap_filled,65.0845,32507.69,3.402,1106.05,11
CRH,2026-03-06,2026-03-25,2026-04-08,2-3%,-2.79,108.108,110.9889,tp_gap_filled,301.0637,32547.39,2.665,867.33,9
DAL,2026-02-27,2026-03-25,2026-04-08,3-5%,-3.914,67.8177,70.4395,tp_gap_filled,479.6199,32526.74,3.866,1257.44,9
AMAT,2026-03-26,2026-04-01,2026-04-08,2-3%,-2.97,358.7284,368.9707,tp_gap_filled,90.465,32452.37,2.855,926.57,4
ALGN,2026-04-02,2026-04-06,2026-04-08,2-3%,-2.437,168.6885,172.5573,tp_gap_filled,193.4164,32627.13,2.293,748.28,2
ANET,2026-03-26,2026-04-07,2026-04-08,2-3%,-2.385,131.9218,134.875,tp_gap_filled,246.7404,32550.43,2.239,728.67,1
ADI,2026-03-03,2026-03-04,2026-04-09,3-5%,-3.763,339.4891,352.0576,tp_gap_filled,98.611,33477.37,3.702,1239.39,25
ADSK,2026-01-29,2026-03-05,2026-04-09,3-5%,-3.104,260.26,218.3998,stop,128.0398,33323.64,-16.084,-5359.77,24
AMZN,2026-02-05,2026-04-08,2026-04-09,3-5%,-3.468,225.1349,232.757,tp_gap_filled,148.3655,33402.26,3.386,1130.86,1
EME,2026-02-26,2026-04-08,2026-04-09,2-3%,-2.719,780.78,800.9982,tp_gap_filled,42.7346,33366.34,2.589,864.02,1
FCX,2026-03-05,2026-04-08,2026-04-09,2-3%,-2.7,64.2142,65.8641,tp_gap_filled,519.7969,33378.32,2.569,857.62,1
GLW,2026-04-07,2026-04-08,2026-04-09,2-3%,-2.744,142.6225,146.3535,tp_gap_filled,234.1403,33393.66,2.616,873.58,1
AMD,2026-02-04,2026-02-09,2026-04-10,10%+,-11.197,215.215,241.8679,tp_gap_filled,156.3983,33659.26,12.384,4168.47,42
APD,2026-04-08,2026-04-09,2026-04-10,2-3%,-2.319,285.8956,292.0976,tp_gap_filled,116.7128,33367.69,2.169,723.86,1
BKR,2026-04-08,2026-04-09,2026-04-10,2-3%,-2.139,59.9999,61.1888,tp_gap_filled,557.2882,33437.26,1.981,662.51,1
CVNA,2026-02-27,2026-04-08,2026-04-13,2-3%,-2.847,68.8338,70.7092,tp_gap_filled,484.9896,33383.66,2.725,909.58,3
ALGN,2026-04-09,2026-04-10,2026-04-13,2-3%,-2.047,173.3832,176.6532,tp_gap_filled,192.144,33314.55,1.886,628.3,1
BLK,2026-03-06,2026-03-25,2026-04-14,3-5%,-4.223,992.2813,1033.965,tp_gap_filled,32.8126,32559.35,4.201,1367.75,13
VEEV,2026-04-10,2026-04-13,2026-04-14,2-3%,-2.559,153.2131,156.9229,tp_gap_filled,220.2887,33751.1,2.421,817.24,1
WDAY,2026-04-09,2026-04-13,2026-04-14,3-5%,-3.004,115.7056,119.0508,tp_gap_filled,292.0305,33789.56,2.891,976.91,1
COF,2026-01-12,2026-01-13,2026-04-15,5-10%,-7.725,230.1799,202.777,time_exit,144.5811,33279.66,-11.905,-3961.94,63
CEG,2026-03-31,2026-04-01,2026-04-15,5-10%,-7.89,275.325,298.3114,tp_gap_filled,117.9058,32462.43,8.349,2710.22,9
BKNG,2026-03-06,2026-04-08,2026-04-15,2-3%,-2.065,180.9007,184.3467,tp_gap_filled,184.538,33383.05,1.905,635.91,5
ARES,2026-03-06,2026-04-14,2026-04-15,3-5%,-3.247,113.3532,116.923,tp_gap_filled,297.7497,33750.89,3.149,1062.88,1
GS,2026-04-13,2026-04-14,2026-04-15,3-5%,-3.553,876.4255,906.8922,tp_gap_filled,38.5045,33746.29,3.476,1173.1,1
FDX,2026-04-14,2026-04-15,2026-04-16,2-3%,-2.404,292.7582,299.3699,tp_gap_filled,115.6038,33843.96,2.258,764.34,1
FTV,2026-04-14,2026-04-15,2026-04-16,2-3%,-2.148,58.5935,59.7602,tp_gap_filled,577.6908,33848.95,1.991,673.96,1
HPQ,2026-04-14,2026-04-15,2026-04-16,2-3%,-2.392,18.7888,19.2108,tp_gap_filled,1802.3478,33863.9,2.246,760.59,1
MGM,2026-04-14,2026-04-15,2026-04-16,2-3%,-2.721,35.7857,36.7132,tp_gap_filled,947.0364,33890.41,2.592,878.38,1
BEN,2026-03-06,2026-04-14,2026-04-17,2-3%,-2.452,26.2863,26.8931,tp_gap_filled,1283.6941,33743.52,2.309,778.97,3
ALB,2026-02-26,2026-04-16,2026-04-17,2-3%,-2.032,192.0819,195.6741,tp_gap_filled,177.698,34132.57,1.87,638.33,1
APO,2026-02-19,2026-04-16,2026-04-17,2-3%,-2.281,122.6225,125.2346,tp_gap_filled,279.4919,34271.99,2.13,730.07,1
DELL,2026-04-14,2026-04-16,2026-04-17,2-3%,-2.234,185.7356,189.6002,tp_gap_filled,184.4295,34255.11,2.081,712.76,1
STX,2026-04-15,2026-04-16,2026-04-17,2-3%,-2.364,521.3508,532.9066,tp_gap_filled,65.7912,34300.32,2.216,760.26,1
BBY,2026-03-09,2026-03-10,2026-04-20,2-3%,-2.37,65.1651,66.6133,tp_gap_filled,506.083,32978.95,2.222,732.92,28
GLW,2026-04-16,2026-04-17,2026-04-20,2-3%,-2.906,163.5434,168.1017,tp_gap_filled,208.7862,34145.59,2.787,951.72,1
PYPL,2026-04-16,2026-04-17,2026-04-20,2-3%,-2.38,48.4384,49.5204,tp_gap_filled,704.7578,34137.33,2.234,762.58,1
EXPD,2026-02-24,2026-02-26,2026-04-21,3-5%,-4.277,143.3732,149.4804,tp_gap_filled,238.7707,34233.32,4.26,1458.21,37
A,2026-02-26,2026-02-27,2026-04-21,2-3%,-2.269,122.0119,124.5953,tp_gap_filled,278.0717,33928.05,2.117,718.37,36
BIIB,2026-03-31,2026-04-01,2026-04-21,3-5%,-4.324,179.6395,187.3824,tp_gap_filled,180.57,32437.5,4.31,1398.15,13
APD,2026-04-17,2026-04-20,2026-04-21,2-3%,-2.476,290.1699,296.9428,tp_gap_filled,118.4556,34372.24,2.334,802.28,1
BG,2026-04-08,2026-04-09,2026-04-22,5-10%,-5.298,120.4203,126.903,tp_gap_filled,277.4762,33413.77,5.383,1798.79,9
GE,2026-03-12,2026-04-14,2026-04-22,2-3%,-2.002,318.9587,283.5893,stop,105.812,33749.67,-11.089,-3742.5,6
COP,2026-04-17,2026-04-20,2026-04-22,3-5%,-4.31,116.4463,121.4484,tp_gap_filled,295.3795,34395.85,4.296,1477.52,2
CVX,2026-04-17,2026-04-20,2026-04-22,3-5%,-3.327,182.0719,187.9618,tp_gap_filled,188.9138,34395.89,3.235,1112.69,2
DHI,2026-03-02,2026-04-21,2026-04-22,2-3%,-2.188,157.0369,160.2296,tp_gap_filled,219.8724,34528.08,2.033,701.99,1
HRL,2026-04-09,2026-04-10,2026-04-23,2-3%,-2.726,21.071,21.6184,tp_gap_filled,1580.984,33312.99,2.597,865.29,9
ABT,2026-01-22,2026-01-23,2026-04-24,10%+,-10.933,107.6375,91.0389,time_exit,309.1529,33276.46,-15.421,-5131.52,63
CB,2026-04-22,2026-04-23,2026-04-24,2-3%,-2.317,321.9817,328.9607,tp_gap_filled,106.6464,34338.18,2.168,744.29,1
T,2026-04-22,2026-04-23,2026-04-24,2-3%,-2.821,25.1751,25.8541,tp_gap_filled,1365.6616,34380.74,2.697,927.24,1
ADM,2026-04-08,2026-04-09,2026-04-28,3-5%,-4.615,68.8888,72.0779,tp_gap_filled,483.1782,33285.57,4.629,1540.87,13
COHR,2026-04-23,2026-04-24,2026-04-28,2-3%,-2.146,343.293,305.2252,stop,99.3979,34122.61,-11.089,-3783.86,2
BRO,2026-01-27,2026-01-28,2026-04-29,5-10%,-6.682,74.3743,61.5784,time_exit,445.4323,33128.71,-17.205,-5699.73,63
CVS,2026-01-27,2026-02-02,2026-04-29,10%+,-10.111,75.4654,83.7861,tp_gap_filled,436.3122,32926.47,11.026,3630.44,60
APH,2026-01-28,2026-01-29,2026-04-30,10%+,-15.188,70.5705,73.5614,time_exit,467.5028,32991.91,4.238,1398.24,63
MCK,2026-03-05,2026-03-12,2026-04-30,3-5%,-3.128,949.0481,796.4032,stop,34.1657,32424.85,-16.084,-5215.21,34
TROW,2026-02-04,2026-04-17,2026-04-30,3-5%,-4.685,97.9478,102.5573,tp_gap_filled,349.0944,34193.05,4.706,1609.15,9
AMD,2026-04-28,2026-04-29,2026-04-30,5-10%,-6.805,312.1718,334.2954,tp_gap_filled,109.5621,34202.21,7.087,2423.9,1
DDOG,2026-01-29,2026-04-21,2026-05-01,3-5%,-4.404,134.5044,140.4194,tp_gap_filled,257.0382,34572.76,4.398,1520.4,8
ABBV,2026-04-29,2026-04-30,2026-05-01,2-3%,-2.878,192.192,197.4923,tp_gap_filled,179.5253,34503.32,2.758,951.54,1
ABNB,2026-04-29,2026-04-30,2026-05-01,2-3%,-2.007,136.3862,138.901,tp_gap_filled,253.8217,34617.79,1.844,638.29,1
BG,2026-04-29,2026-04-30,2026-05-01,3-5%,-3.079,122.5925,126.2336,tp_gap_filled,282.7381,34661.56,2.97,1029.5,1
CRM,2026-04-23,2026-04-24,2026-05-04,5-10%,-6.449,177.7376,189.6102,tp_gap_filled,191.8488,34098.75,6.68,2277.75,6
AMAT,2026-04-28,2026-04-29,2026-05-05,3-5%,-4.658,386.386,404.4551,tp_gap_filled,88.5472,34213.42,4.676,1599.97,4
IT,2026-02-03,2026-02-04,2026-05-06,10%+,-26.907,148.0879,150.899,time_exit,221.4618,32795.82,1.898,622.53,63
ELV,2026-01-27,2026-02-17,2026-05-06,5-10%,-6.72,351.9516,376.5531,tp_gap_filled,95.4249,33584.95,6.99,2347.59,55
ARE,2026-04-28,2026-05-05,2026-05-06,3-5%,-3.644,43.9439,45.5144,tp_gap_filled,785.2249,34505.84,3.574,1233.23,1
GEN,2026-04-23,2026-04-28,2026-05-07,3-5%,-3.002,19.4094,19.97,tp_gap_filled,1759.1563,34144.15,2.888,986.22,7
BF-B,2026-04-29,2026-04-30,2026-05-07,5-10%,-7.97,25.5455,27.7023,tp_gap_filled,1356.4574,34651.41,8.443,2925.54,5
APP,2026-04-23,2026-05-04,2026-05-07,2-3%,-2.688,471.1807,483.2263,tp_gap_filled,72.9731,34383.53,2.556,879.0,3
HUM,2026-01-27,2026-04-21,2026-05-08,10%+,-16.557,220.2,263.3664,tp_gap_filled,157.0098,34573.55,19.603,6777.55,13
ALB,2026-04-17,2026-05-07,2026-05-11,3-5%,-3.738,207.7676,215.4044,tp_gap_filled,166.2996,34551.66,3.676,1270.0,2
AKAM,2026-05-07,2026-05-08,2026-05-11,3-5%,-4.804,116.2461,121.868,tp_gap_filled,295.0406,34297.33,4.836,1658.68,1
AFL,2026-04-30,2026-05-01,2026-05-12,3-5%,-3.39,112.3823,116.0938,tp_gap_filled,307.5013,34557.69,3.303,1141.3,7
COIN,2026-05-08,2026-05-11,2026-05-12,3-5%,-3.581,186.2361,192.767,tp_gap_filled,183.8352,34236.74,3.507,1200.63,1
AIG,2026-01-06,2026-02-11,2026-05-13,5-10%,-5.558,79.7697,75.7042,time_exit,424.6549,33874.59,-5.097,-1726.42,63
FDS,2026-02-03,2026-04-21,2026-05-13,3-5%,-4.124,238.7385,200.3398,stop,144.7857,34565.92,-16.084,-5559.58,16
EFX,2026-04-21,2026-04-22,2026-05-13,3-5%,-4.006,190.6905,160.0198,stop,181.0102,34516.93,-16.084,-5551.7,15
EXPE,2026-04-23,2026-05-06,2026-05-13,3-5%,-3.061,256.7565,215.4598,stop,134.5869,34556.06,-16.084,-5558.0,5
APP,2026-05-11,2026-05-12,2026-05-13,2-3%,-2.664,456.5261,468.0814,tp_gap_filled,75.216,34338.06,2.531,869.15,1
CIEN,2026-05-12,2026-05-13,2026-05-14,2-3%,-2.354,568.3478,580.8885,tp_gap_filled,59.5958,33871.15,2.207,747.37,1
FIX,2026-05-12,2026-05-13,2026-05-14,2-3%,-2.056,1993.1712,2030.947,tp_gap_filled,17.0031,33890.13,1.895,642.31,1
KLAC,2026-05-12,2026-05-13,2026-05-14,2-3%,-2.317,180.4232,184.3345,tp_gap_filled,187.7559,33875.54,2.168,734.36,1
BAX,2026-02-12,2026-02-13,2026-05-15,10%+,-12.348,19.5395,17.2827,time_exit,1711.7106,33446.0,-11.55,-3863.02,63
NVR,2026-04-22,2026-04-23,2026-05-15,3-5%,-4.23,6646.8805,5577.7962,stop,5.1719,34376.92,-16.084,-5529.18,16
CAH,2026-05-06,2026-05-07,2026-05-15,2-3%,-2.538,192.192,196.803,tp_gap_filled,179.5052,34499.46,2.399,827.7,6
ADSK,2026-05-13,2026-05-14,2026-05-15,2-3%,-2.329,229.6294,234.6351,tp_gap_filled,148.4296,34083.8,2.18,743.0,1
AON,2026-04-30,2026-05-01,2026-05-18,3-5%,-3.119,312.7424,322.1675,tp_gap_filled,110.5152,34562.79,3.014,1041.61,11
AXON,2026-05-11,2026-05-12,2026-05-18,2-3%,-2.315,394.5942,403.1365,tp_gap_filled,87.2383,34423.71,2.165,745.21,4
INTC,2026-05-12,2026-05-13,2026-05-18,3-5%,-3.925,124.4844,104.4623,stop,272.4328,33913.62,-16.084,-5454.67,3
COIN,2026-05-12,2026-05-14,2026-05-18,2-3%,-2.17,212.1119,188.5908,stop,160.8516,34118.54,-11.089,-3783.4,2
PAYX,2026-05-13,2026-05-15,2026-05-18,2-3%,-2.369,91.5815,93.6163,tp_gap_filled,369.2875,33819.9,2.222,751.43,1
CRM,2026-05-08,2026-05-11,2026-05-19,3-5%,-3.574,179.8597,186.1537,tp_gap_filled,191.387,34422.81,3.499,1204.59,6
AMD,2026-05-12,2026-05-13,2026-05-19,2-3%,-2.079,449.6992,399.8321,stop,75.343,33881.7,-11.089,-3757.14,4
COIN,2026-05-18,2026-05-19,2026-05-20,2-3%,-2.651,190.4402,195.2346,tp_gap_filled,176.9132,33691.39,2.517,848.18,1
SNDK,2026-05-14,2026-05-15,2026-05-21,3-5%,-3.65,1395.7944,1445.7828,tp_gap_filled,24.2295,33819.39,3.581,1211.19,4
DELL,2026-05-15,2026-05-18,2026-05-21,3-5%,-3.017,240.6504,247.6421,tp_gap_filled,140.5881,33832.58,2.905,982.95,3
AVGO,2026-05-19,2026-05-20,2026-05-21,2-3%,-2.588,410.2298,420.2893,tp_gap_filled,82.6134,33890.49,2.452,831.05,1
GDDY,2026-05-20,2026-05-21,2026-05-22,2-3%,-2.067,88.6686,90.3595,tp_gap_filled,383.6719,34019.64,1.907,648.78,1
KEYS,2026-05-20,2026-05-21,2026-05-22,3-5%,-4.1,330.33,343.7659,tp_gap_filled,103.1366,34069.12,4.067,1385.73,1
AEE,2026-05-06,2026-05-07,2026-05-26,2-3%,-2.141,109.3592,111.5284,tp_gap_filled,316.0032,34557.87,1.983,685.45,12
AEP,2026-05-13,2026-05-14,2026-05-26,3-5%,-3.797,127.0569,131.8081,tp_gap_filled,268.4209,34104.73,3.739,1275.3,7
AMAT,2026-05-15,2026-05-18,2026-05-26,2-3%,-2.756,428.8484,440.1194,tp_gap_filled,79.236,33980.23,2.628,893.07,5
CVNA,2026-05-15,2026-05-18,2026-05-26,2-3%,-2.963,67.5375,69.4605,tp_gap_filled,501.6476,33880.01,2.847,964.67,5
CARR,2026-05-21,2026-05-22,2026-05-26,3-5%,-3.051,61.7117,63.5264,tp_gap_filled,557.5984,34410.32,2.941,1011.91,1
ADI,2026-05-15,2026-05-18,2026-05-27,2-3%,-2.72,415.5952,426.3632,tp_gap_filled,81.7432,33972.1,2.591,880.21,6
FLEX,2026-05-15,2026-05-26,2026-05-27,3-5%,-3.001,139.4293,143.4564,tp_gap_filled,247.1866,34465.06,2.888,995.45,1
RDDT,2026-05-22,2026-05-26,2026-05-27,3-5%,-3.206,145.3752,149.89,tp_gap_filled,237.2325,34487.73,3.106,1071.04,1
MSCI,2026-02-03,2026-04-22,2026-05-28,2-3%,-2.185,611.7111,624.1253,tp_gap_filled,56.3082,34444.34,2.029,699.02,25
A,2026-04-23,2026-04-24,2026-05-28,3-5%,-3.295,116.6165,120.3495,tp_gap_filled,292.6946,34133.02,3.201,1092.64,23
BBY,2026-04-22,2026-05-27,2026-05-28,3-5%,-4.325,63.7737,66.5234,tp_gap_filled,539.5914,34411.75,4.312,1483.71,1
CRH,2026-05-15,2026-05-27,2026-05-29,2-3%,-2.518,105.0249,107.5224,tp_gap_filled,327.7844,34425.53,2.378,818.62,2
COIN,2026-05-27,2026-05-28,2026-05-29,2-3%,-2.017,176.5564,179.83,tp_gap_filled,195.2285,34468.83,1.854,639.1,1
CRWD,2026-05-27,2026-05-28,2026-05-29,3-5%,-4.548,160.4128,167.7196,tp_gap_filled,215.1069,34505.88,4.555,1571.75,1
FTNT,2026-05-27,2026-05-28,2026-05-29,3-5%,-3.292,129.6796,133.826,tp_gap_filled,266.4915,34558.49,3.197,1105.01,1
CME,2026-03-10,2026-03-12,2026-06-01,3-5%,-3.081,309.5693,259.7781,stop,104.8366,32454.19,-16.084,-5219.93,55
ADBE,2026-03-13,2026-03-16,2026-06-01,5-10%,-7.703,249.249,269.5102,tp_gap_filled,131.4701,32768.8,8.129,2663.75,53
ANET,2026-05-06,2026-05-22,2026-06-01,10%+,-10.116,153.153,170.0498,tp_gap_filled,224.6365,34403.75,11.033,3795.63,5
GEV,2026-05-15,2026-05-26,2026-06-01,2-3%,-2.249,1067.066,948.7391,stop,32.3283,34496.46,-11.089,-3825.31,4
DHI,2026-05-28,2026-05-29,2026-06-01,2-3%,-2.3,144.5544,147.6622,tp_gap_filled,239.6231,34638.58,2.15,744.69,1
LII,2026-05-28,2026-05-29,2026-06-01,2-3%,-2.218,492.492,502.6568,tp_gap_filled,70.3744,34658.83,2.064,715.34,1
APTV,2026-04-01,2026-04-02,2026-06-02,10%+,-13.364,60.2202,69.3706,tp_gap_filled,540.0535,32522.11,15.195,4941.71,41
COHR,2026-05-15,2026-05-18,2026-06-02,5-10%,-5.487,383.1027,404.5351,tp_gap_filled,88.5921,33939.88,5.594,1898.74,10
ADSK,2026-05-29,2026-06-01,2026-06-02,5-10%,-6.387,225.7856,240.709,tp_gap_filled,153.3009,34613.13,6.61,2287.78,1
CDW,2026-05-06,2026-06-01,2026-06-02,5-10%,-6.798,127.6275,136.6632,tp_gap_filled,272.1002,34727.46,7.08,2458.62,1
CFG,2026-05-29,2026-06-01,2026-06-02,2-3%,-2.211,61.091,62.3476,tp_gap_filled,570.4368,34848.57,2.057,716.79,1
BX,2026-04-23,2026-05-01,2026-06-03,2-3%,-2.629,126.4463,112.4247,stop,273.2474,34551.13,-11.089,-3831.37,22
ETN,2026-05-05,2026-05-06,2026-06-03,5-10%,-5.84,398.1678,422.0176,tp_gap_filled,86.6193,34489.01,5.99,2065.85,19
CAT,2026-05-15,2026-05-26,2026-06-03,2-3%,-2.333,899.6488,919.2998,tp_gap_filled,38.2968,34453.69,2.184,752.57,6
GLW,2026-05-15,2026-05-26,2026-06-03,3-5%,-4.883,198.3081,208.0717,tp_gap_filled,173.9723,34500.12,4.923,1698.6,6
ADI,2026-06-01,2026-06-02,2026-06-03,2-3%,-2.32,404.6542,413.4362,tp_gap_filled,86.7609,35108.15,2.17,761.93,1
AKAM,2026-05-14,2026-06-02,2026-06-03,2-3%,-2.644,157.0369,160.9789,tp_gap_filled,223.9078,35161.78,2.51,882.64,1
AMD,2026-06-01,2026-06-02,2026-06-03,3-5%,-3.089,500.6602,515.5839,tp_gap_filled,70.2798,35186.29,2.981,1048.84,1
CIEN,2026-06-01,2026-06-02,2026-06-03,3-5%,-3.569,560.0795,579.6498,tp_gap_filled,62.8911,35224.0,3.494,1230.79,1
DE,2026-05-21,2026-06-02,2026-06-03,2-3%,-2.369,547.7272,559.8996,tp_gap_filled,64.5655,35364.29,2.222,785.92,1
AMGN,2026-05-01,2026-05-06,2026-06-04,3-5%,-3.965,332.8525,345.9038,tp_gap_filled,103.6346,34495.03,3.921,1352.56,20
BAX,2026-05-28,2026-05-29,2026-06-04,2-3%,-2.949,18.7788,19.3107,tp_gap_filled,1844.5573,34638.5,2.833,981.14,4
AXON,2026-06-02,2026-06-03,2026-06-04,3-5%,-3.403,461.1106,476.4031,tp_gap_filled,76.4765,35264.13,3.316,1169.52,1
CRWD,2026-06-02,2026-06-03,2026-06-04,2-3%,-2.214,191.4037,170.1789,stop,184.5108,35316.06,-11.089,-3916.2,1
CSGP,2026-06-02,2026-06-03,2026-06-04,2-3%,-2.304,33.1131,33.8261,tp_gap_filled,1065.6929,35288.38,2.153,759.9,1
RVTY,2026-06-02,2026-06-03,2026-06-04,2-3%,-2.069,98.5384,100.4195,tp_gap_filled,357.5268,35230.13,1.909,672.52,1
ES,2026-03-05,2026-03-06,2026-06-05,2-3%,-2.031,73.8638,70.5294,time_exit,446.483,32978.93,-4.514,-1488.75,63
FITB,2026-02-27,2026-04-17,2026-06-05,2-3%,-2.02,50.9709,51.918,tp_gap_filled,670.18,34159.69,1.858,634.74,34
ARES,2026-06-03,2026-06-04,2026-06-05,5-10%,-5.597,121.2211,128.1517,tp_gap_filled,292.5541,35463.72,5.717,2027.58,1
BEN,2026-06-03,2026-06-04,2026-06-05,2-3%,-2.024,30.5205,31.0889,tp_gap_filled,1164.9292,35554.21,1.862,662.14,1
BX,2026-06-03,2026-06-04,2026-06-05,3-5%,-4.282,110.1,114.7951,tp_gap_filled,323.5673,35624.76,4.264,1519.18,1
CMG,2026-06-03,2026-06-04,2026-06-05,2-3%,-2.563,28.5385,29.2307,tp_gap_filled,1251.4982,35715.89,2.426,866.32,1
IBM,2026-06-02,2026-06-03,2026-06-08,2-3%,-2.082,314.0637,279.2372,stop,112.3213,35276.05,-11.089,-3911.76,3
APO,2026-06-03,2026-06-04,2026-06-08,3-5%,-3.697,124.124,128.6312,tp_gap_filled,285.3836,35422.95,3.631,1286.29,2
CLX,2026-05-29,2026-06-05,2026-06-08,2-3%,-2.64,93.7537,96.1038,tp_gap_filled,372.3999,34913.86,2.507,875.19,1
AKAM,2026-06-04,2026-06-05,2026-06-09,2-3%,-2.052,157.2271,139.7922,stop,223.052,35069.81,-11.089,-3888.89,2
AMAT,2026-06-04,2026-06-08,2026-06-09,3-5%,-3.017,486.1457,500.2692,tp_gap_filled,71.6179,34816.71,2.905,1011.5,1
APH,2026-06-05,2026-06-08,2026-06-09,2-3%,-2.398,71.6966,73.3116,tp_gap_filled,485.8122,34831.09,2.253,784.58,1
AMCR,2026-05-28,2026-05-29,2026-06-11,2-3%,-2.874,38.5685,39.6303,tp_gap_filled,897.9075,34630.97,2.753,953.4,9
GEN,2026-06-02,2026-06-03,2026-06-11,2-3%,-2.774,27.017,24.0211,stop,1306.5322,35298.57,-11.089,-3914.26,6
INTC,2026-06-01,2026-06-03,2026-06-11,3-5%,-4.578,109.5394,114.5653,tp_gap_filled,321.7515,35244.48,4.588,1617.09,6
ECHO,2026-05-29,2026-06-01,2026-06-12,3-5%,-3.67,126.3863,130.9389,tp_gap_filled,275.6839,34842.66,3.602,1255.1,9
DAL,2026-06-10,2026-06-11,2026-06-12,2-3%,-2.291,79.3893,81.0888,tp_gap_filled,438.6211,34821.83,2.141,745.45,1
GEV,2026-06-10,2026-06-11,2026-06-12,2-3%,-2.46,898.4075,919.2299,tp_gap_filled,38.8311,34886.11,2.318,808.55,1
ORLY,2026-05-26,2026-05-27,2026-06-15,2-3%,-2.213,89.7997,91.6483,tp_gap_filled,383.5081,34438.91,2.059,708.93,13
PAYX,2026-06-02,2026-06-03,2026-06-15,2-3%,-2.46,100.0199,102.3376,tp_gap_filled,352.4156,35248.58,2.317,816.77,8
COHR,2026-06-04,2026-06-05,2026-06-15,3-5%,-4.487,399.0987,417.0126,tp_gap_filled,87.4938,34918.65,4.489,1567.35,6
FIX,2026-06-05,2026-06-08,2026-06-15,2-3%,-2.436,1869.878,1912.7354,tp_gap_filled,18.6284,34832.77,2.292,798.36,5
AMD,2026-06-04,2026-06-12,2026-06-15,5-10%,-5.119,515.2647,541.9775,tp_gap_filled,68.2113,35146.88,5.184,1822.11,1
AKAM,2026-06-10,2026-06-12,2026-06-16,2-3%,-2.366,134.6846,137.6722,tp_gap_filled,261.0335,35157.18,2.218,779.87,2
ADI,2026-06-04,2026-06-15,2026-06-16,2-3%,-2.26,428.2078,437.2323,tp_gap_filled,82.4069,35287.26,2.108,743.69,1
APP,2026-06-10,2026-06-15,2026-06-16,2-3%,-2.851,506.496,520.3192,tp_gap_filled,69.666,35285.54,2.729,963.01,1
MRVL,2026-06-12,2026-06-15,2026-06-16,3-5%,-3.79,270.3401,280.4293,tp_gap_filled,130.5034,35280.31,3.732,1316.68,1
ETN,2026-06-05,2026-06-09,2026-06-17,2-3%,-2.403,408.9585,418.1914,tp_gap_filled,84.8786,34711.82,2.258,783.67,6
DOW,2026-06-15,2026-06-16,2026-06-17,3-5%,-3.368,32.7427,33.8161,tp_gap_filled,1072.1036,35103.58,3.278,1150.84,1
BMY,2026-04-02,2026-04-17,2026-06-18,2-3%,-2.43,60.2902,53.6046,stop,566.6251,34161.96,-11.089,-3788.22,43
BR,2026-04-30,2026-05-01,2026-06-18,2-3%,-2.918,156.2161,138.8933,stop,221.2209,34558.25,-11.089,-3832.16,33
BKR,2026-05-27,2026-06-04,2026-06-18,2-3%,-2.203,65.3253,58.0813,stop,545.126,35610.5,-11.089,-3948.85,10
GNRC,2026-06-04,2026-06-09,2026-06-18,3-5%,-3.67,275.1148,285.0247,tp_gap_filled,126.0977,34691.34,3.602,1249.61,7
CSGP,2026-06-11,2026-06-15,2026-06-18,2-3%,-2.045,33.5635,29.8417,stop,1052.2997,35318.89,-11.089,-3916.51,3
INTC,2026-06-16,2026-06-17,2026-06-18,2-3%,-2.151,125.2351,127.7321,tp_gap_filled,278.8823,34925.86,1.994,696.38,1
MAR,2026-06-16,2026-06-17,2026-06-18,2-3%,-2.279,391.8915,400.2294,tp_gap_filled,89.0231,34887.42,2.128,742.26,1
ANET,2026-06-04,2026-06-12,2026-06-22,5-10%,-6.475,163.2431,174.1956,tp_gap_filled,215.2525,35138.48,6.709,2357.56,5
IBM,2026-06-18,2026-06-22,2026-06-23,3-5%,-4.181,251.6314,262.0877,tp_gap_filled,138.7419,34911.81,4.155,1450.72,1
RMD,2026-06-17,2026-06-18,2026-06-24,2-3%,-2.032,190.19,193.7461,tp_gap_filled,184.0023,34995.4,1.87,654.32,3
APP,2026-06-22,2026-06-23,2026-06-24,2-3%,-2.634,457.7973,469.2403,tp_gap_filled,75.7427,34674.79,2.5,866.72,1
CNP,2026-06-22,2026-06-23,2026-06-24,2-3%,-2.849,41.6416,42.7772,tp_gap_filled,833.2551,34698.08,2.727,946.23,1
CRH,2026-06-22,2026-06-23,2026-06-24,3-5%,-3.254,107.7276,111.1288,tp_gap_filled,322.5699,34749.69,3.157,1097.1,1
BIIB,2026-05-14,2026-06-05,2026-06-25,2-3%,-2.093,200.4502,204.3255,tp_gap_filled,174.3253,34943.55,1.933,675.55,13
AMAT,2026-06-23,2026-06-24,2026-06-25,5-10%,-9.099,582.5119,639.5398,tp_gap_filled,59.276,34528.98,9.79,3380.39,1
AOS,2026-06-23,2026-06-24,2026-06-25,2-3%,-2.556,57.2472,58.6313,tp_gap_filled,603.3108,34537.85,2.418,835.05,1
DD,2026-05-15,2026-05-18,2026-06-26,2-3%,-2.055,148.8287,132.3251,stop,227.4739,33854.63,-11.089,-3754.14,27
PANW,2026-06-02,2026-06-03,2026-06-26,3-5%,-4.333,287.7475,300.1795,tp_gap_filled,122.6022,35278.48,4.32,1524.2,16
MPWR,2026-06-04,2026-06-15,2026-06-26,3-5%,-3.542,1631.6701,1369.2323,stop,21.6131,35265.45,-16.084,-5672.1,8
GEN,2026-06-22,2026-06-23,2026-06-26,2-3%,-2.812,23.5235,24.1558,tp_gap_filled,1478.3998,34777.14,2.688,934.82,3
CRWD,2026-06-04,2026-06-05,2026-06-29,5-10%,-9.837,168.686,186.7156,tp_gap_filled,206.6216,34854.17,10.688,3725.3,15
APP,2026-06-25,2026-06-26,2026-06-29,3-5%,-3.009,451.421,464.495,tp_gap_filled,76.2608,34425.72,2.896,997.04,1
DLTR,2026-06-25,2026-06-26,2026-06-29,3-5%,-3.226,115.6155,119.2306,tp_gap_filled,298.3246,34490.94,3.127,1078.49,1
DVA,2026-06-25,2026-06-26,2026-06-29,2-3%,-2.366,208.208,212.827,tp_gap_filled,166.0504,34573.03,2.218,766.98,1
MPC,2026-06-15,2026-06-26,2026-06-29,3-5%,-3.729,254.0037,263.3164,tp_gap_filled,136.3047,34621.91,3.666,1269.36,1
AMD,2026-06-23,2026-06-24,2026-06-30,5-10%,-7.714,509.5891,551.0784,tp_gap_filled,67.7835,34541.74,8.142,2812.29,4
AMAT,2026-06-26,2026-06-29,2026-06-30,3-5%,-3.778,643.4028,667.332,tp_gap_filled,53.6245,34502.15,3.719,1283.19,1
CAT,2026-06-26,2026-06-29,2026-06-30,2-3%,-2.38,1032.8818,1055.953,tp_gap_filled,33.47,34570.59,2.234,772.19,1
ETN,2026-06-26,2026-06-29,2026-06-30,2-3%,-2.22,410.9605,419.4501,tp_gap_filled,84.1199,34569.98,2.066,714.14,1
CEG,2026-06-01,2026-06-02,2026-07-01,3-5%,-4.431,275.275,230.9998,stop,128.0,35235.2,-16.084,-5667.23,20
DELL,2026-06-25,2026-06-29,2026-07-01,3-5%,-4.497,414.9545,433.6259,tp_gap_filled,83.3126,34570.93,4.5,1555.56,2
APTV,2026-06-26,2026-06-30,2026-07-01,2-3%,-2.227,60.6506,61.908,tp_gap_filled,571.6708,34672.17,2.073,718.84,1
COHR,2026-06-26,2026-06-30,2026-07-02,3-5%,-3.548,393.1928,329.9517,stop,88.2307,34691.68,-16.084,-5579.81,2
FTNT,2026-06-30,2026-07-01,2026-07-02,2-3%,-2.818,151.191,155.2646,tp_gap_filled,227.4007,34380.94,2.694,926.33,1
ANET,2026-06-23,2026-06-24,2026-07-06,5-10%,-5.23,165.5954,174.3854,tp_gap_filled,208.7296,34564.67,5.308,1834.74,7
DOW,2026-07-01,2026-07-02,2026-07-06,2-3%,-2.047,26.8268,27.3326,tp_gap_filled,1275.4354,34215.85,1.886,645.17,1
COR,2026-05-06,2026-05-19,2026-07-07,10%+,-12.383,268.288,305.5941,tp_gap_filled,125.6453,33709.14,13.905,4687.34,32
OKE,2026-06-15,2026-06-23,2026-07-07,3-5%,-3.499,87.5074,90.4994,tp_gap_filled,397.2709,34764.15,3.419,1188.63,9
AES,2026-03-02,2026-04-07,2026-07-08,10%+,-16.956,14.3644,14.6254,time_exit,2265.7114,32545.47,1.817,591.37,63
EOG,2026-06-15,2026-06-16,2026-07-08,3-5%,-4.164,131.091,136.5133,tp_gap_filled,267.8395,35111.34,4.136,1452.33,14
ARE,2026-06-30,2026-07-01,2026-07-08,2-3%,-2.752,54.1141,48.1134,stop,635.7772,34404.49,-11.089,-3815.11,4
DELL,2026-07-01,2026-07-02,2026-07-08,3-5%,-3.12,418.418,431.0285,tp_gap_filled,81.9316,34281.66,3.014,1033.2,3
CRWD,2026-07-06,2026-07-07,2026-07-08,2-3%,-2.304,189.6995,193.786,tp_gap_filled,181.2543,34383.86,2.154,740.7,1
ANET,2026-07-07,2026-07-08,2026-07-09,2-3%,-2.412,169.2691,173.1067,tp_gap_filled,204.2529,34573.7,2.267,783.84,1
MCHP,2026-07-07,2026-07-08,2026-07-09,3-5%,-4.144,84.044,87.5024,tp_gap_filled,412.5006,34668.19,4.115,1426.61,1
MPWR,2026-07-07,2026-07-08,2026-07-09,5-10%,-5.314,1275.8646,1344.7839,tp_gap_filled,27.1879,34688.07,5.402,1873.77,1
APA,2026-04-08,2026-04-09,2026-07-10,10%+,-13.92,37.017,33.4066,time_exit,899.8332,33309.11,-9.753,-3248.78,63
CF,2026-04-08,2026-04-09,2026-07-10,10%+,-14.696,114.2341,116.8031,time_exit,293.2643,33500.79,2.249,753.38,63
FERG,2026-07-07,2026-07-08,2026-07-10,3-5%,-3.298,221.5914,228.6911,tp_gap_filled,156.4541,34668.87,3.204,1110.78,2
CCL,2026-07-08,2026-07-09,2026-07-10,2-3%,-2.174,26.1261,26.6533,tp_gap_filled,1334.7472,34871.74,2.018,703.71,1
DAL,2026-07-08,2026-07-09,2026-07-10,2-3%,-2.076,86.8768,88.5414,tp_gap_filled,401.6972,34898.16,1.916,668.66,1
BKR,2026-06-24,2026-06-25,2026-07-13,2-3%,-2.556,57.2372,58.6213,tp_gap_filled,606.3556,34706.09,2.418,839.28,11
FANG,2026-06-24,2026-07-08,2026-07-13,2-3%,-2.065,184.214,187.7221,tp_gap_filled,188.1177,34653.91,1.904,659.93,3
CLX,2026-07-08,2026-07-10,2026-07-13,2-3%,-2.258,95.3052,97.3126,tp_gap_filled,367.081,34984.73,2.106,736.87,1
FTNT,2026-07-09,2026-07-10,2026-07-13,2-3%,-2.195,153.4233,156.5533,tp_gap_filled,228.1276,35000.08,2.04,714.04,1
STX,2026-07-10,2026-07-13,2026-07-14,3-5%,-3.197,862.4916,889.1999,tp_gap_filled,40.4529,34890.28,3.097,1080.43,1
GEV,2026-07-01,2026-07-06,2026-07-15,2-3%,-2.422,1147.5464,1020.295,stop,29.8847,34294.12,-11.089,-3802.87,7
MPWR,2026-07-10,2026-07-14,2026-07-15,2-3%,-2.792,1337.0958,1372.7559,tp_gap_filled,26.1871,35014.62,2.667,933.83,1
GDDY,2026-06-02,2026-07-07,2026-07-16,2-3%,-2.043,91.1811,92.897,tp_gap_filled,377.4203,34413.59,1.882,647.62,7
AMCR,2026-07-08,2026-07-10,2026-07-16,2-3%,-2.205,43.5135,44.4056,tp_gap_filled,805.3466,35043.43,2.05,718.43,4
BLDR,2026-07-08,2026-07-10,2026-07-16,2-3%,-2.244,76.7367,78.3416,tp_gap_filled,456.1137,35000.64,2.091,732.02,4
ADP,2026-07-14,2026-07-15,2026-07-16,2-3%,-2.426,245.205,250.799,tp_gap_filled,141.8326,34778.06,2.281,793.41,1
BAX,2026-07-14,2026-07-15,2026-07-16,2-3%,-2.836,21.9519,22.5474,tp_gap_filled,1584.7702,34788.76,2.713,943.73,1
BKNG,2026-07-14,2026-07-15,2026-07-16,2-3%,-2.634,171.3412,175.6242,tp_gap_filled,203.099,34799.23,2.5,869.88,1
CDNS,2026-06-05,2026-06-09,2026-07-17,2-3%,-2.351,402.402,357.7796,stop,86.3438,34744.92,-11.089,-3852.86,26
CVX,2026-06-15,2026-06-16,2026-07-17,3-5%,-4.444,179.0789,187.0328,tp_gap_filled,195.9854,35096.84,4.442,1558.85,21
CMI,2026-06-26,2026-06-30,2026-07-17,2-3%,-2.547,709.7691,631.0628,stop,48.8695,34686.07,-11.089,-3846.34,12
AMD,2026-07-01,2026-07-06,2026-07-17,3-5%,-4.025,558.0876,468.3248,stop,61.4715,34306.49,-16.084,-5517.86,9
AXON,2026-07-09,2026-07-10,2026-07-17,2-3%,-2.951,582.6821,518.0685,stop,60.1262,35034.48,-11.089,-3884.97,5
LITE,2026-07-01,2026-07-14,2026-07-17,3-5%,-4.621,819.2234,687.4595,stop,42.7489,35020.92,-16.084,-5632.77,3
VRT,2026-07-13,2026-07-14,2026-07-17,2-3%,-2.17,312.2519,277.6263,stop,112.2457,35048.94,-11.089,-3886.58,3
ALL,2026-07-15,2026-07-16,2026-07-17,3-5%,-3.683,241.3711,250.0997,tp_gap_filled,144.5177,34882.4,3.616,1261.43,1
BIIB,2026-07-14,2026-07-16,2026-07-17,3-5%,-4.157,200.5403,208.821,tp_gap_filled,173.9538,34884.76,4.129,1440.45,1
HIG,2026-07-15,2026-07-16,2026-07-17,2-3%,-2.316,135.0849,138.0118,tp_gap_filled,257.7545,34818.76,2.167,754.42,1
NKE,2026-04-01,2026-04-17,2026-07-20,10%+,-11.852,46.6066,43.4265,time_exit,732.7598,34151.42,-6.823,-2330.2,63
ETN,2026-07-16,2026-07-17,2026-07-20,2-3%,-2.681,402.1918,412.4471,tp_gap_filled,85.9211,34556.77,2.55,881.15,1
HUBB,2026-07-16,2026-07-17,2026-07-20,2-3%,-2.073,470.44,479.4401,tp_gap_filled,73.3979,34529.31,1.913,660.59,1
LULU,2026-07-16,2026-07-17,2026-07-20,2-3%,-2.001,115.1851,117.3026,tp_gap_filled,299.9247,34546.85,1.838,635.09,1
MPWR,2026-07-16,2026-07-17,2026-07-20,2-3%,-2.56,1319.3481,1351.3074,tp_gap_filled,26.1935,34558.3,2.422,837.13,1
STX,2026-07-16,2026-07-17,2026-07-20,5-10%,-5.214,785.8951,827.4717,tp_gap_filled,43.9516,34541.36,5.29,1827.36,1
COP,2026-06-15,2026-06-16,2026-07-21,5-10%,-5.001,111.2411,116.863,tp_gap_filled,315.493,35095.8,5.054,1773.67,23
AMD,2026-07-17,2026-07-20,2026-07-21,3-5%,-4.803,477.3569,500.4391,tp_gap_filled,72.5513,34632.88,4.835,1674.64,1
AME,2026-07-17,2026-07-20,2026-07-21,2-3%,-2.739,231.0308,237.0627,tp_gap_filled,150.1803,34696.27,2.611,905.87,1
ANET,2026-07-17,2026-07-20,2026-07-21,3-5%,-3.236,163.2681,168.3914,tp_gap_filled,212.7922,34742.19,3.138,1090.21,1
CRH,2026-06-29,2026-06-30,2026-07-23,2-3%,-2.386,109.7496,97.5795,stop,316.1325,34695.43,-11.089,-3847.38,16
PWR,2026-07-16,2026-07-17,2026-07-23,2-3%,-2.335,634.3237,648.1912,tp_gap_filled,54.4704,34551.88,2.186,755.37,4
TT,2026-07-16,2026-07-17,2026-07-23,2-3%,-2.324,469.509,479.7198,tp_gap_filled,73.5746,34543.95,2.175,751.25,4
TEL,2026-04-22,2026-04-23,2026-07-24,10%+,-10.856,216.9968,202.7371,time_exit,158.7399,34446.05,-6.571,-2263.59,63
ARES,2026-07-17,2026-07-20,2026-07-24,2-3%,-2.416,122.5224,125.3046,tp_gap_filled,283.9099,34785.33,2.271,789.89,4
CCL,2026-07-17,2026-07-20,2026-07-24,3-5%,-3.165,26.036,26.8331,tp_gap_filled,1335.5915,34773.47,3.062,1064.64,4
AMD,2026-07-22,2026-07-23,2026-07-24,3-5%,-3.224,527.4069,543.8856,tp_gap_filled,65.8177,34712.73,3.124,1084.59,1
CB,2026-07-22,2026-07-23,2026-07-24,2-3%,-2.621,345.8455,354.4452,tp_gap_filled,100.4485,34739.68,2.487,863.83,1
EMR,2026-06-23,2026-06-25,2026-07-27,2-3%,-2.244,146.9868,150.0598,tp_gap_filled,236.0761,34700.08,2.091,725.45,21
HST,2026-06-30,2026-07-16,2026-07-27,3-5%,-3.692,24.024,24.8951,tp_gap_filled,1449.8919,34832.2,3.626,1262.97,7
BKNG,2026-07-23,2026-07-24,2026-07-27,2-3%,-2.131,174.2441,177.6821,tp_gap_filled,200.2828,34898.09,1.973,688.58,1
BLDR,2026-07-23,2026-07-24,2026-07-27,2-3%,-2.07,69.6296,70.959,tp_gap_filled,501.5048,34919.56,1.909,666.71,1
BR,2026-07-21,2026-07-24,2026-07-27,2-3%,-2.026,147.127,149.87,tp_gap_filled,237.7101,34973.56,1.864,652.04,1
DAL,2026-07-23,2026-07-24,2026-07-27,2-3%,-2.945,81.1411,83.4365,tp_gap_filled,431.1969,34987.77,2.829,989.78,1
DLR,2026-06-30,2026-07-24,2026-07-27,3-5%,-4.371,182.4322,190.3894,tp_gap_filled,192.0938,35044.1,4.362,1528.52,1
CME,2026-06-17,2026-06-18,2026-07-28,3-5%,-3.601,252.4322,261.3384,tp_gap_filled,138.7438,35023.39,3.528,1235.68,26
APH,2026-07-07,2026-07-09,2026-07-28,2-3%,-2.985,80.9959,72.0143,stop,430.515,34869.96,-11.089,-3866.73,13
CNC,2026-07-15,2026-07-16,2026-07-28,2-3%,-2.561,67.027,59.5943,stop,521.1836,34933.35,-11.089,-3873.76,8
FDS,2026-06-02,2026-07-17,2026-07-28,2-3%,-2.005,265.6854,270.5792,tp_gap_filled,130.0428,34550.47,1.842,636.39,7
CI,2026-07-16,2026-07-21,2026-07-28,2-3%,-2.622,290.29,297.5122,tp_gap_filled,120.6763,35031.13,2.488,871.55,5
DECK,2026-07-24,2026-07-27,2026-07-28,2-3%,-2.307,94.104,96.1338,tp_gap_filled,374.9827,35287.38,2.157,761.13,1
EBAY,2026-07-24,2026-07-27,2026-07-28,2-3%,-2.323,106.8868,109.2107,tp_gap_filled,330.5619,35332.7,2.174,768.19,1
HIG,2026-07-24,2026-07-27,2026-07-28,3-5%,-3.693,137.0669,142.0378,tp_gap_filled,258.2853,35402.37,3.627,1283.91,1
TYL,2026-07-21,2026-07-27,2026-07-28,3-5%,-3.353,307.6073,317.642,tp_gap_filled,115.1755,35428.83,3.262,1155.76,1
DPZ,2026-04-27,2026-04-28,2026-07-29,5-10%,-7.166,341.8115,359.64,time_exit,99.9049,34148.65,5.216,1781.16,63
ADI,2026-06-23,2026-06-25,2026-07-29,3-5%,-4.18,427.2868,358.562,stop,81.2837,34731.44,-16.084,-5586.2,23
MCHP,2026-07-16,2026-07-21,2026-07-29,2-3%,-2.794,83.9338,74.6264,stop,417.1011,35008.9,-11.089,-3882.14,6
ADSK,2026-06-02,2026-07-28,2026-07-29,2-3%,-2.635,241.8616,247.9118,tp_gap_filled,146.693,35479.4,2.502,887.53,1
APA,2026-07-27,2026-07-28,2026-07-29,3-5%,-4.205,34.6646,36.1139,tp_gap_filled,1022.8722,35457.49,4.181,1482.37,1
CF,2026-07-27,2026-07-28,2026-07-29,2-3%,-2.639,121.8918,124.9449,tp_gap_filled,290.9674,35466.53,2.505,888.37,1
DOW,2026-07-27,2026-07-28,2026-07-29,3-5%,-3.05,28.9589,29.8102,tp_gap_filled,1224.7863,35468.5,2.939,1042.57,1
LYB,2026-07-27,2026-07-28,2026-07-29,3-5%,-3.349,58.3583,60.2597,tp_gap_filled,606.3707,35386.77,3.258,1152.94,1
VLO,2026-07-27,2026-07-28,2026-07-29,2-3%,-2.231,296.0457,302.1975,tp_gap_filled,119.522,35383.97,2.078,735.27,1
ANET,2026-07-28,2026-07-29,2026-07-30,3-5%,-3.039,165.7356,170.5892,tp_gap_filled,214.2722,35512.53,2.929,1040.0,1
APH,2026-07-28,2026-07-29,2026-07-30,2-3%,-2.572,72.7927,74.5654,tp_gap_filled,487.0962,35457.06,2.435,863.45,1
CEG,2026-07-28,2026-07-29,2026-07-30,2-3%,-2.461,263.6184,269.73,tp_gap_filled,134.647,35495.42,2.318,822.91,1
CVNA,2026-07-17,2026-07-29,2026-07-30,2-3%,-2.618,68.8788,61.2408,stop,516.1776,35553.7,-11.089,-3942.55,1
DDOG,2026-06-02,2026-07-01,2026-07-31,3-5%,-4.771,264.5142,277.2125,tp_gap_filled,129.9782,34381.09,4.801,1650.5,21
AMZN,2026-07-17,2026-07-20,2026-07-31,2-3%,-2.173,244.7045,249.6401,tp_gap_filled,141.874,34717.19,2.017,700.24,9
CVX,2026-07-27,2026-07-28,2026-07-31,3-5%,-3.142,188.8587,194.5952,tp_gap_filled,187.8469,35476.51,3.037,1077.59,3
EOG,2026-07-27,2026-07-28,2026-07-31,2-3%,-2.316,143.143,146.2436,tp_gap_filled,247.7526,35464.05,2.166,768.18,3
COP,2026-07-27,2026-07-29,2026-07-31,2-3%,-2.528,117.3372,120.1397,tp_gap_filled,302.9397,35546.1,2.388,848.99,2
ETN,2026-07-28,2026-07-29,2026-07-31,3-5%,-3.856,383.6533,398.2414,tp_gap_filled,92.5567,35509.67,3.802,1350.23,2
AMD,2026-07-28,2026-07-30,2026-07-31,5-10%,-5.647,467.467,494.4551,tp_gap_filled,76.1349,35590.56,5.773,2054.73,1
AXP,2026-07-24,2026-07-27,2026-08-03,3-5%,-4.319,326.4461,340.4992,tp_gap_filled,107.9969,35255.18,4.305,1517.69,5
CTSH,2026-06-02,2026-07-29,2026-08-03,2-3%,-2.204,55.9559,57.1028,tp_gap_filled,635.3824,35553.4,2.05,728.74,3
ADP,2026-07-30,2026-07-31,2026-08-03,2-3%,-2.901,265.7054,273.0966,tp_gap_filled,134.7382,35800.67,2.782,995.87,1
AMGN,2026-07-30,2026-07-31,2026-08-03,2-3%,-2.035,380.1297,387.2524,tp_gap_filled,94.189,35804.05,1.874,670.87,1
AXON,2026-07-30,2026-07-31,2026-08-03,2-3%,-2.669,517.537,530.6688,tp_gap_filled,69.2121,35819.85,2.537,908.88,1
CHTR,2026-07-30,2026-07-31,2026-08-03,3-5%,-3.581,140.14,145.0548,tp_gap_filled,255.642,35825.68,3.507,1256.43,1
CNC,2026-07-28,2026-07-29,2026-08-04,5-10%,-7.132,59.5695,64.0159,tp_gap_filled,595.9658,35501.39,7.464,2649.91,4
AMCR,2026-07-29,2026-07-30,2026-08-04,2-3%,-2.335,45.6456,46.6433,tp_gap_filled,779.9973,35603.44,2.186,778.21,3
BIIB,2026-07-30,2026-07-31,2026-08-04,2-3%,-2.318,204.5844,209.0208,tp_gap_filled,175.1611,35835.22,2.168,777.08,2
BA,2026-07-08,2026-08-03,2026-08-04,2-3%,-2.02,227.227,231.4483,tp_gap_filled,158.4611,36006.63,1.858,668.91,1
BLDR,2026-07-29,2026-08-03,2026-08-04,2-3%,-2.158,72.1621,73.6063,tp_gap_filled,499.0484,36012.38,2.001,720.74,1
IFF,2026-07-08,2026-07-17,2026-08-05,2-3%,-2.236,80.08,81.7482,tp_gap_filled,431.7421,34573.91,2.083,720.22,13
FCX,2026-06-23,2026-07-23,2026-08-05,5-10%,-5.462,65.4954,69.1408,tp_gap_filled,530.7923,34764.47,5.566,1934.93,9
BKNG,2026-07-30,2026-08-03,2026-08-05,2-3%,-2.136,197.197,201.0987,tp_gap_filled,182.7599,36039.71,1.979,713.08,2
AMD,2026-08-03,2026-08-04,2026-08-05,3-5%,-3.016,462.2518,475.6738,tp_gap_filled,78.9083,36475.49,2.904,1059.11,1
ANET,2026-08-03,2026-08-04,2026-08-05,3-5%,-3.288,174.5944,180.1697,tp_gap_filled,209.7641,36623.65,3.193,1169.48,1
APO,2026-06-23,2026-08-04,2026-08-05,2-3%,-2.374,132.132,135.0748,tp_gap_filled,278.0169,36734.93,2.227,818.15,1
IT,2026-06-02,2026-08-04,2026-08-05,2-3%,-2.845,174.6545,179.4104,tp_gap_filled,210.3346,36735.88,2.723,1000.34,1
ALL,2026-08-04,2026-08-05,2026-08-06,2-3%,-2.063,257.5173,262.4173,tp_gap_filled,142.078,36587.55,1.903,696.19,1
CMI,2026-08-04,2026-08-05,2026-08-06,10%+,-10.781,579.4789,648.2011,tp_gap_filled,63.2217,36635.66,11.859,4344.74,1
CSGP,2026-08-04,2026-08-05,2026-08-06,2-3%,-2.031,29.4494,30.0,tp_gap_filled,1249.0841,36784.8,1.869,687.68,1
CTSH,2026-08-04,2026-08-05,2026-08-06,2-3%,-2.574,53.8037,55.1148,tp_gap_filled,684.2733,36816.47,2.437,897.14,1
DD,2026-08-04,2026-08-05,2026-08-06,5-10%,-7.85,130.3202,141.1387,tp_gap_filled,282.8537,36861.55,8.301,3060.06,1
ADSK,2026-07-30,2026-08-03,2026-08-07,2-3%,-2.919,238.3281,245.0048,tp_gap_filled,151.1236,36016.99,2.801,1009.0,4
APA,2026-08-03,2026-08-06,2026-08-07,2-3%,-2.197,36.5365,37.2827,tp_gap_filled,1013.0451,37013.12,2.042,755.91,1
HAS,2026-05-20,2026-05-21,2026-08-11,5-10%,-8.407,89.099,97.0828,tp_gap_filled,382.2334,34056.62,8.961,3051.68,55
ISRG,2026-07-17,2026-07-28,2026-08-12,5-10%,-9.271,365.395,401.9277,tp_gap_filled,96.877,35398.37,9.998,3539.17,11
COF,2026-08-05,2026-08-06,2026-08-12,2-3%,-2.474,216.6364,221.6881,tp_gap_filled,172.1538,37294.79,2.332,869.67,4
AKAM,2026-08-06,2026-08-07,2026-08-12,3-5%,-4.637,116.7166,122.1477,tp_gap_filled,321.5342,37528.37,4.653,1746.29,3
SMCI,2026-06-10,2026-06-22,2026-08-13,10%+,-12.402,35.6356,40.5994,tp_gap_filled,979.7654,34914.53,13.929,4863.32,37
AJG,2026-07-31,2026-08-03,2026-08-13,3-5%,-4.106,246.1759,256.2035,tp_gap_filled,146.2319,35998.76,4.073,1466.36,8
ABNB,2026-08-11,2026-08-12,2026-08-13,2-3%,-2.823,179.6645,184.5153,tp_gap_filled,209.5231,37643.86,2.7,1016.36,1
FOXA,2026-06-15,2026-07-17,2026-08-14,10%+,-13.47,57.037,65.7841,tp_gap_filled,605.1783,34517.54,15.336,5293.6,20
ADSK,2026-08-12,2026-08-13,2026-08-14,2-3%,-2.337,245.9557,251.3384,tp_gap_filled,155.078,38142.32,2.188,834.74,1
BDX,2026-08-12,2026-08-13,2026-08-14,2-3%,-2.095,177.7876,181.2286,tp_gap_filled,214.8877,38204.38,1.935,739.43,1
DVN,2026-05-06,2026-05-15,2026-08-17,5-10%,-6.844,47.5475,47.5224,time_exit,710.3193,33773.91,-0.053,-17.81,63
FANG,2026-07-27,2026-07-28,2026-08-17,3-5%,-3.713,197.2771,204.4753,tp_gap_filled,179.6211,35435.12,3.649,1292.95,14
C,2026-07-14,2026-08-04,2026-08-17,2-3%,-2.111,137.8777,140.5693,tp_gap_filled,266.503,36744.83,1.952,717.31,9
EME,2026-06-26,2026-08-12,2026-08-17,2-3%,-2.554,841.4706,861.7973,tp_gap_filled,44.7394,37646.87,2.416,909.4,3
COHR,2026-08-13,2026-08-14,2026-08-17,3-5%,-3.026,345.2249,355.2844,tp_gap_filled,110.6315,38192.75,2.914,1112.9,1
NEM,2026-08-13,2026-08-14,2026-08-17,2-3%,-2.402,115.125,117.7222,tp_gap_filled,331.129,38121.23,2.256,859.99,1
EOG,2026-08-03,2026-08-17,2026-08-18,2-3%,-2.475,145.155,148.5413,tp_gap_filled,261.2947,37928.23,2.333,884.82,1
ADBE,2026-06-02,2026-08-07,2026-08-19,2-3%,-2.208,268.248,273.756,tp_gap_filled,139.9546,37542.55,2.053,770.87,8
CLX,2026-08-12,2026-08-13,2026-08-19,2-3%,-2.079,106.106,108.1418,tp_gap_filled,360.3409,38234.33,1.919,733.56,4
AMCR,2026-08-17,2026-08-18,2026-08-19,2-3%,-2.107,45.1051,45.984,tp_gap_filled,839.7966,37879.08,1.949,738.1,1
TSCO,2026-08-17,2026-08-18,2026-08-19,2-3%,-2.205,35.075,35.7942,tp_gap_filled,1079.4901,37863.16,2.05,776.29,1
WDAY,2026-08-17,2026-08-18,2026-08-19,3-5%,-3.116,192.6825,198.4813,tp_gap_filled,196.4391,37850.38,3.01,1139.11,1
CVNA,2026-08-18,2026-08-19,2026-08-20,3-5%,-3.524,67.6876,70.0199,tp_gap_filled,563.8546,38165.98,3.446,1315.07,1
COIN,2026-06-01,2026-07-21,2026-08-21,5-10%,-5.195,179.3892,188.841,tp_gap_filled,195.2845,35031.94,5.269,1845.78,23
CRM,2026-06-02,2026-08-13,2026-08-21,3-5%,-4.094,201.221,209.3904,tp_gap_filled,190.0375,38239.55,4.06,1552.49,6
ARE,2026-08-04,2026-08-20,2026-08-21,2-3%,-2.131,51.9519,52.977,tp_gap_filled,726.066,37720.51,1.973,744.27,1
TXN,2026-07-16,2026-07-21,2026-08-24,2-3%,-2.55,293.8035,261.2236,stop,119.1313,35001.2,-11.089,-3881.28,24
BLDR,2026-08-20,2026-08-21,2026-08-24,2-3%,-2.343,70.9208,72.4775,tp_gap_filled,537.5912,38126.42,2.195,836.82,1
FDXF,2026-06-10,2026-06-11,2026-08-25,5-10%,-6.877,175.6755,129.8699,stop,198.4199,34857.51,-26.074,-9088.75,51
META,2026-08-18,2026-08-24,2026-08-25,2-3%,-2.019,558.0375,568.401,tp_gap_filled,68.1145,38010.44,1.857,705.91,1
BAX,2026-08-20,2026-08-21,2026-08-26,2-3%,-2.778,25.9259,26.6134,tp_gap_filled,1469.8095,38106.13,2.652,1010.43,3
LITE,2026-08-24,2026-08-25,2026-08-26,3-5%,-4.974,824.4236,865.8433,tp_gap_filled,46.2769,38151.78,5.024,1916.78,1
RDDT,2026-08-24,2026-08-25,2026-08-26,2-3%,-2.14,150.16,153.1367,tp_gap_filled,254.7022,38246.09,1.982,758.17,1
ANET,2026-08-18,2026-08-26,2026-08-27,2-3%,-2.874,196.196,201.5982,tp_gap_filled,195.4673,38349.9,2.753,1055.95,1
CDW,2026-08-05,2026-08-06,2026-08-28,10%+,-25.032,115.5654,153.846,tp_gap_filled,320.2765,37012.9,33.125,12260.36,16
CF,2026-08-25,2026-08-26,2026-08-28,2-3%,-2.167,126.5664,129.1108,tp_gap_filled,303.2573,38382.2,2.01,771.58,2
ADBE,2026-08-26,2026-08-27,2026-08-28,3-5%,-3.187,265.4552,273.6461,tp_gap_filled,144.3851,38327.77,3.086,1182.64,1
FISV,2026-05-05,2026-06-01,2026-08-31,5-10%,-7.945,57.8778,53.2567,time_exit,602.1677,34852.16,-7.984,-2782.69,63
APA,2026-08-25,2026-08-26,2026-08-31,3-5%,-3.678,41.4214,42.917,tp_gap_filled,926.8002,38389.35,3.611,1386.18,3
DLTR,2026-08-27,2026-08-28,2026-09-01,5-10%,-9.215,120.12,132.0478,tp_gap_filled,319.8932,38425.57,9.93,3815.63,2
COR,2026-08-12,2026-08-18,2026-09-02,3-5%,-4.277,319.9096,333.5361,tp_gap_filled,118.4716,37900.21,4.259,1614.36,11
DELL,2026-08-18,2026-08-19,2026-09-02,2-3%,-2.674,467.447,479.3302,tp_gap_filled,81.7584,38217.71,2.542,971.55,10
CTVA,2026-07-31,2026-08-24,2026-09-02,5-10%,-5.988,84.074,89.2507,tp_gap_filled,452.3336,38029.49,6.157,2341.58,7
BBY,2026-08-27,2026-08-28,2026-09-02,5-10%,-7.823,80.6806,87.3526,tp_gap_filled,475.9218,38397.65,8.27,3175.33,3
HPE,2026-08-18,2026-08-19,2026-09-03,3-5%,-3.038,55.9159,46.9224,stop,682.2351,38147.76,-16.084,-6135.69,11
COIN,2026-08-28,2026-08-31,2026-09-03,2-3%,-2.459,186.216,190.5293,tp_gap_filled,205.4463,38257.39,2.316,886.14,3
GDDY,2026-07-30,2026-09-01,2026-09-03,2-3%,-2.94,102.112,104.9949,tp_gap_filled,373.6631,38155.49,2.823,1077.23,2
ALB,2026-09-01,2026-09-02,2026-09-03,2-3%,-2.2,132.132,134.835,tp_gap_filled,290.9894,38449.01,2.046,786.55,1
ARES,2026-09-01,2026-09-02,2026-09-03,2-3%,-2.214,140.14,143.0268,tp_gap_filled,274.7503,38503.5,2.06,793.16,1
CHTR,2026-09-01,2026-09-02,2026-09-03,3-5%,-4.166,146.2361,152.2876,tp_gap_filled,263.0192,38462.89,4.138,1591.65,1
AVGO,2026-06-04,2026-06-05,2026-09-04,10%+,-14.657,409.399,357.5421,time_exit,85.5181,35011.02,-12.667,-4434.7,63
ADSK,2026-08-28,2026-08-31,2026-09-04,3-5%,-3.481,261.4212,219.3742,stop,146.3978,38271.5,-16.084,-6155.59,4
PCG,2026-09-02,2026-09-03,2026-09-04,3-5%,-3.556,13.5736,14.0459,tp_gap_filled,2853.1779,38727.78,3.48,1347.78,1
