ticker,gap_date,entry_date,exit_date,bucket,gap_pct,entry_price,exit_price,exit_reason,units,position_dollars,cash_cost,proceeds,pnl_pct,pnl_dollar,days_held
FCX,2016-10-13,2016-10-17,2016-10-19,5-10%,-5.075,9.5495,10.04,tp_gap_filled,524.0274,5004.22,5004.22,5261.21,5.135,256.99,2
TXT,2016-10-07,2016-10-13,2016-10-20,5-10%,-5.588,37.7177,39.8701,tp_gap_filled,132.7028,5005.24,5005.24,5290.87,5.707,285.63,5
NCLH,2016-11-09,2016-11-10,2016-11-14,5-10%,-5.903,36.8568,39.0909,tp_gap_filled,135.8975,5008.75,5008.75,5312.35,6.061,303.6,2
XYZ,2016-11-09,2016-11-10,2016-11-14,5-10%,-5.267,11.7017,12.3277,tp_gap_filled,428.6828,5016.31,5016.31,5284.66,5.349,268.34,2
TSN,2016-10-07,2016-10-10,2016-11-17,5-10%,-5.243,70.5505,64.6299,stop,70.8712,5000.0,5000.0,4580.4,-8.392,-419.6,28
DOV,2016-10-10,2016-10-18,2016-11-21,5-10%,-5.606,55.1359,58.2938,tp_gap_filled,90.8758,5010.51,5010.51,5297.5,5.728,286.98,24
GEN,2016-11-09,2016-11-21,2016-11-22,5-10%,-5.828,23.2933,24.6853,tp_gap_filled,216.7327,5048.41,5048.41,5350.11,5.976,301.7,1
APTV,2016-11-09,2016-11-10,2016-11-29,5-10%,-5.149,55.7976,51.2028,stop,89.8821,5015.2,5015.2,4602.22,-8.235,-412.99,12
DHI,2016-11-08,2016-11-09,2016-12-08,5-10%,-5.346,27.8278,29.3406,tp_gap_filled,180.4601,5021.81,5021.81,5294.81,5.436,273.01,20
REG,2016-11-15,2016-11-17,2017-01-04,5-10%,-5.855,65.8358,69.7901,tp_gap_filled,76.4981,5036.31,5036.31,5338.81,6.006,302.5,31
AMGN,2016-10-28,2016-11-09,2017-01-06,5-10%,-5.53,151.8417,160.4094,tp_gap_filled,33.1318,5030.79,5030.79,5314.65,5.643,283.86,39
IFF,2016-11-08,2016-11-09,2017-01-06,5-10%,-5.133,124.5144,114.2949,stop,40.3103,5019.21,5019.21,4607.26,-8.207,-411.95,39
COR,2017-01-26,2017-01-30,2017-01-31,5-10%,-5.581,81.121,85.7442,tp_gap_filled,62.0742,5035.52,5035.52,5322.5,5.699,286.98,1
CSCO,2016-11-17,2016-11-22,2017-02-07,5-10%,-5.258,29.9399,31.5384,tp_gap_filled,168.9089,5057.12,5057.12,5327.12,5.339,270.0,51
WSM,2016-11-18,2016-12-22,2017-02-08,5-10%,-5.241,25.4304,23.2975,stop,198.4947,5047.8,5047.8,4624.43,-8.387,-423.37,31
VMC,2017-02-07,2017-02-08,2017-02-13,5-10%,-5.731,120.8607,127.9519,tp_gap_filled,41.9303,5067.73,5067.73,5365.06,5.867,297.34,3
REGN,2017-01-06,2017-01-10,2017-02-15,5-10%,-5.366,360.8405,380.5391,tp_gap_filled,14.0324,5063.46,5063.46,5339.88,5.459,276.42,25
NTRS,2017-01-18,2017-01-19,2017-02-15,5-10%,-5.23,83.6235,88.0619,tp_gap_filled,60.3745,5048.73,5048.73,5316.69,5.307,267.96,19
EW,2017-02-02,2017-02-22,2017-02-23,5-10%,-5.978,30.7507,32.6407,tp_gap_filled,166.6096,5123.36,5123.36,5438.25,6.146,314.88,1
STE,2017-02-07,2017-02-09,2017-03-01,5-10%,-5.886,67.067,71.1188,tp_gap_filled,75.7199,5078.31,5078.31,5385.11,6.041,306.8,13
CASY,2016-12-08,2016-12-30,2017-03-07,5-10%,-5.007,118.118,108.6699,stop,42.6387,5036.4,5036.4,4633.54,-7.999,-402.86,44
ARE,2017-03-10,2017-03-14,2017-04-11,5-10%,-5.128,107.9779,113.5863,tp_gap_filled,47.348,5112.54,5112.54,5378.08,5.194,265.55,20
AMD,2017-04-06,2017-04-07,2017-04-13,5-10%,-5.293,13.4334,12.295,stop,380.3859,5109.88,5109.88,4676.84,-8.475,-433.04,4
CASY,2017-03-07,2017-03-09,2017-04-26,5-10%,-5.21,108.3582,114.0858,tp_gap_filled,47.1581,5109.97,5109.97,5380.07,5.286,270.1,33
MGM,2017-02-16,2017-04-03,2017-04-26,5-10%,-5.27,28.068,29.5704,tp_gap_filled,182.1263,5111.93,5111.93,5385.55,5.353,273.62,16
SMCI,2017-02-24,2017-02-27,2017-04-28,5-10%,-5.109,2.6026,2.39,stop,1973.5712,5136.42,5136.42,4716.83,-8.169,-419.59,43
APD,2017-01-27,2017-01-30,2017-05-01,5-10%,-5.92,140.14,141.888,time_exit,35.9212,5034.0,5034.0,5096.79,1.247,62.79,63
PODD,2017-02-28,2017-03-06,2017-05-09,5-10%,-5.35,43.7437,39.995,stop,117.1481,5124.49,5124.49,4685.33,-8.57,-439.16,45
CDNS,2017-04-25,2017-04-26,2017-05-22,5-10%,-5.018,31.8318,33.4465,tp_gap_filled,161.2436,5132.67,5132.67,5393.04,5.073,260.36,18
HRL,2017-02-23,2017-02-24,2017-05-25,5-10%,-5.603,35.2452,33.0969,time_exit,145.895,5142.1,5142.1,4828.67,-6.095,-313.43,63
CHRW,2017-04-26,2017-04-27,2017-05-31,5-10%,-5.843,73.2332,66.3499,stop,70.1141,5134.68,5134.68,4652.07,-9.399,-482.61,23
NKE,2017-03-22,2017-03-23,2017-06-22,5-10%,-5.602,54.8148,52.3476,time_exit,93.3884,5119.06,5119.06,4888.66,-4.501,-230.4,63
EQT,2017-06-19,2017-06-23,2017-06-27,5-10%,-5.547,30.248,31.9604,tp_gap_filled,167.1827,5056.94,5056.94,5343.22,5.661,286.29,2
LLY,2017-04-17,2017-04-18,2017-07-18,5-10%,-5.333,81.3813,83.6163,time_exit,62.4855,5085.15,5085.15,5224.81,2.746,139.65,63
KDP,2017-04-26,2017-04-27,2017-07-27,5-10%,-5.741,92.8528,91.938,time_exit,55.2832,5133.2,5133.2,5082.62,-0.985,-50.57,63
ADM,2017-05-02,2017-05-08,2017-08-07,5-10%,-5.97,43.043,42.3976,time_exit,118.4723,5099.4,5099.4,5022.94,-1.5,-76.47,63
LUV,2017-07-27,2017-07-28,2017-08-23,5-10%,-5.141,56.5165,51.8699,stop,89.9555,5083.96,5083.96,4665.98,-8.222,-417.98,18
WYNN,2017-07-26,2017-07-27,2017-08-31,5-10%,-5.022,132.132,138.841,tp_gap_filled,38.4681,5082.87,5082.87,5340.96,5.078,258.08,25
VTRS,2017-08-09,2017-08-14,2017-09-01,5-10%,-5.945,29.9299,31.7582,tp_gap_filled,169.3024,5067.2,5067.2,5376.74,6.109,309.54,14
PSA,2017-07-27,2017-07-28,2017-09-07,5-10%,-5.722,198.238,209.8499,tp_gap_filled,25.616,5078.07,5078.07,5375.52,5.858,297.45,28
BG,2017-05-24,2017-06-12,2017-09-11,5-10%,-5.08,77.6276,75.6743,time_exit,65.2927,5068.51,5068.51,4940.97,-2.516,-127.54,63
CVNA,2017-09-22,2017-09-26,2017-09-29,5-10%,-5.592,3.1772,2.892,stop,1604.0854,5096.46,5096.46,4639.01,-8.976,-457.45,3
OMC,2017-08-23,2017-08-24,2017-10-17,5-10%,-5.683,73.7637,78.0519,tp_gap_filled,68.7262,5069.5,5069.5,5364.21,5.813,294.71,37
HAS,2017-10-23,2017-10-24,2017-11-13,5-10%,-5.601,92.7827,98.0918,tp_gap_filled,54.7815,5082.77,5082.77,5373.61,5.722,290.84,14
DIS,2017-08-09,2017-08-18,2017-11-16,5-10%,-5.861,100.8107,103.4964,time_exit,50.2624,5066.99,5066.99,5201.98,2.664,134.99,63
SMCI,2017-10-27,2017-11-01,2017-11-28,5-10%,-5.53,2.052,2.1678,tp_gap_filled,2470.4436,5069.47,5069.47,5355.5,5.642,286.03,18
SJM,2017-08-24,2017-11-16,2017-11-29,5-10%,-5.343,112.6125,118.7311,tp_gap_filled,45.2631,5097.19,5097.19,5374.14,5.433,276.95,8
SWKS,2017-11-07,2017-11-09,2017-12-01,5-10%,-5.553,109.9799,100.1799,stop,45.9746,5056.28,5056.28,4605.73,-8.911,-450.55,15
FIS,2017-10-31,2017-11-07,2017-12-08,5-10%,-5.017,91.3412,95.9739,tp_gap_filled,55.3959,5059.93,5059.93,5316.57,5.072,256.63,22
CVNA,2017-12-08,2017-12-11,2017-12-13,5-10%,-5.495,4.1662,4.3996,tp_gap_filled,1231.9195,5132.38,5132.38,5419.95,5.603,287.57,2
GPC,2017-10-19,2017-11-30,2018-01-04,5-10%,-5.824,92.4223,97.942,tp_gap_filled,55.4651,5126.21,5126.21,5432.36,5.972,306.15,23
CASY,2017-12-12,2018-01-03,2018-01-04,5-10%,-5.567,114.6145,121.1287,tp_gap_filled,44.9588,5152.93,5152.93,5445.81,5.684,292.87,1
VEEV,2017-12-06,2017-12-07,2018-01-08,5-10%,-5.228,54.8047,57.7122,tp_gap_filled,93.4245,5120.11,5120.11,5391.73,5.305,271.63,20
META,2018-01-12,2018-01-16,2018-01-23,5-10%,-5.171,178.2381,187.5822,tp_gap_filled,29.0123,5171.09,5171.09,5442.19,5.243,271.1,5
IRM,2017-12-12,2017-12-13,2018-01-29,5-10%,-5.749,38.3984,34.85,stop,133.8811,5140.82,5140.82,4665.75,-9.241,-475.06,30
TT,2017-10-25,2017-10-27,2018-01-30,5-10%,-5.261,70.3418,71.7125,time_exit,72.4286,5094.76,5094.76,5194.04,1.949,99.28,63
CI,2018-01-30,2018-01-31,2018-02-05,5-10%,-5.498,211.8016,193.1248,stop,24.3875,5165.32,5165.32,4709.84,-8.818,-455.48,3
UNH,2018-01-30,2018-02-02,2018-02-05,5-10%,-5.873,233.1129,211.0848,stop,22.0635,5143.29,5143.29,4657.27,-9.45,-486.02,1
GLW,2018-01-30,2018-01-31,2018-02-06,5-10%,-5.664,32.3423,29.4,stop,159.9853,5174.3,5174.3,4703.56,-9.097,-470.73,4
DAL,2018-01-24,2018-01-25,2018-02-08,5-10%,-5.823,56.4964,51.2049,stop,91.786,5185.58,5185.58,4699.9,-9.366,-485.69,10
CBOE,2018-02-07,2018-02-12,2018-02-15,5-10%,-5.071,111.121,116.8231,tp_gap_filled,45.3285,5036.95,5036.95,5295.42,5.131,258.47,3
PEG,2018-01-04,2018-02-06,2018-02-26,5-10%,-5.4,48.048,50.6893,tp_gap_filled,105.3428,5061.51,5061.51,5339.75,5.497,278.24,13
WYNN,2018-01-29,2018-01-30,2018-03-02,5-10%,-5.136,171.201,157.1398,stop,30.2557,5179.8,5179.8,4754.37,-8.213,-425.43,22
ELV,2018-01-30,2018-02-01,2018-03-22,5-10%,-5.14,244.0538,223.9948,stop,21.1699,5166.6,5166.6,4741.95,-8.219,-424.65,34
ANET,2018-03-19,2018-03-22,2018-03-28,5-10%,-5.927,17.2866,15.6372,stop,292.6279,5058.56,5058.56,4575.87,-9.542,-482.68,4
TSLA,2018-03-28,2018-03-29,2018-04-04,5-10%,-5.23,17.6563,18.5934,tp_gap_filled,285.7694,5045.63,5045.63,5313.42,5.307,267.79,3
RL,2018-02-01,2018-02-05,2018-04-05,5-10%,-5.511,108.118,114.1957,tp_gap_filled,46.7881,5058.63,5058.63,5342.99,5.621,284.36,41
WY,2018-02-02,2018-02-05,2018-04-18,5-10%,-5.947,34.985,37.1228,tp_gap_filled,144.6348,5060.04,5060.04,5369.25,6.111,309.21,50
LRCX,2018-04-18,2018-04-19,2018-04-25,5-10%,-5.694,20.044,18.2105,stop,254.734,5105.89,5105.89,4638.83,-9.148,-467.07,4
DE,2018-04-04,2018-04-06,2018-04-26,5-10%,-5.044,145.4653,133.7399,stop,34.8172,5064.69,5064.69,4656.45,-8.061,-408.25,14
DRI,2018-03-22,2018-04-16,2018-04-26,5-10%,-5.176,88.5685,93.2167,tp_gap_filled,57.5135,5093.88,5093.88,5361.22,5.248,267.33,8
APD,2018-01-26,2018-02-02,2018-05-04,5-10%,-5.615,164.3942,162.5972,time_exit,31.278,5141.93,5141.93,5085.72,-1.093,-56.21,63
LYV,2018-04-02,2018-04-23,2018-05-04,5-10%,-5.505,39.8598,42.0979,tp_gap_filled,127.7939,5093.84,5093.84,5379.85,5.615,286.01,9
J,2018-02-06,2018-03-01,2018-05-09,5-10%,-5.859,49.2233,52.1823,tp_gap_filled,103.0381,5071.87,5071.87,5376.77,6.011,304.89,48
AXON,2018-05-15,2018-05-16,2018-05-17,5-10%,-5.475,53.9239,56.933,tp_gap_filled,94.017,5069.76,5069.76,5352.67,5.58,282.91,1
FAST,2018-04-11,2018-05-09,2018-06-01,5-10%,-5.182,12.9129,13.5914,tp_gap_filled,392.3496,5066.37,5066.37,5332.58,5.254,266.21,16
TGT,2018-05-23,2018-05-24,2018-06-04,5-10%,-5.3,71.5415,75.3945,tp_gap_filled,70.9417,5075.28,5075.28,5348.62,5.386,273.34,6
DG,2018-05-31,2018-06-04,2018-06-12,5-10%,-5.947,90.8708,96.4235,tp_gap_filled,56.2665,5112.98,5112.98,5425.41,6.111,312.43,6
MGM,2018-04-26,2018-05-10,2018-06-19,5-10%,-5.689,33.3533,30.305,stop,152.014,5070.17,5070.17,4606.78,-9.14,-463.39,27
MU,2018-05-31,2018-06-01,2018-06-25,5-10%,-5.338,59.2892,54.2199,stop,85.9362,5095.09,5095.09,4659.46,-8.55,-435.64,16
EBAY,2018-04-26,2018-04-27,2018-06-28,5-10%,-5.199,38.8788,35.645,stop,130.0332,5055.54,5055.54,4635.03,-8.318,-420.51,43
GILD,2018-05-02,2018-05-18,2018-07-05,5-10%,-5.926,68.3283,72.4874,tp_gap_filled,74.4017,5083.74,5083.74,5393.19,6.087,309.45,32
ORCL,2018-06-20,2018-06-21,2018-07-09,5-10%,-5.965,43.5535,46.2237,tp_gap_filled,117.3303,5110.15,5110.15,5423.44,6.131,313.3,11
TAP,2018-05-02,2018-06-20,2018-07-20,5-10%,-5.078,68.108,62.5799,stop,75.1947,5121.36,5121.36,4705.68,-8.117,-415.68,21
T,2018-04-26,2018-04-27,2018-07-23,5-10%,-5.0,25.2821,23.2628,stop,199.7986,5051.32,5051.32,4647.88,-7.987,-403.44,59
COHR,2018-07-31,2018-08-01,2018-08-07,5-10%,-5.924,39.7397,42.1578,tp_gap_filled,126.8471,5040.86,5040.86,5347.59,6.085,306.73,4
LITE,2018-07-20,2018-07-23,2018-08-08,5-10%,-5.471,56.2062,59.3406,tp_gap_filled,89.9964,5058.35,5058.35,5340.44,5.577,282.09,12
DECK,2018-07-27,2018-07-31,2018-08-08,5-10%,-5.896,18.7187,19.8518,tp_gap_filled,269.6362,5047.24,5047.24,5352.76,6.053,305.52,6
VTRS,2018-08-08,2018-08-09,2018-08-13,5-10%,-5.293,36.5365,38.5015,tp_gap_filled,139.391,5092.86,5092.86,5366.76,5.378,273.9,2
STZ,2018-06-29,2018-08-14,2018-08-15,5-10%,-5.045,220.8306,203.0298,stop,23.012,5081.74,5081.74,4672.11,-8.061,-409.63,1
FSLR,2018-07-27,2018-08-15,2018-08-22,5-10%,-5.72,50.6506,53.6163,tp_gap_filled,99.52,5040.75,5040.75,5335.9,5.855,295.15,5
HAL,2018-07-23,2018-07-30,2018-09-05,5-10%,-5.752,42.6426,38.7,stop,118.2151,5041.0,5041.0,4574.92,-9.246,-466.08,26
GM,2018-07-25,2018-07-26,2018-09-06,5-10%,-5.142,37.4875,34.405,stop,134.616,5046.41,5046.41,4631.46,-8.223,-414.95,29
CCL,2018-06-25,2018-06-27,2018-09-14,5-10%,-5.257,60.2502,63.4665,tp_gap_filled,84.097,5066.86,5066.86,5337.34,5.338,270.48,55
DVN,2018-08-01,2018-08-08,2018-09-17,5-10%,-5.577,42.5425,38.735,stop,119.8607,5099.17,5099.17,4642.8,-8.95,-456.37,27
MGM,2018-08-02,2018-09-06,2018-09-19,5-10%,-5.016,27.1071,28.4815,tp_gap_filled,186.8401,5064.69,5064.69,5321.48,5.07,256.79,9
BBY,2018-08-28,2018-08-29,2018-09-24,5-10%,-5.094,77.5775,81.5783,tp_gap_filled,65.8979,5112.2,5112.2,5375.84,5.157,263.65,17
EW,2018-07-27,2018-09-13,2018-09-24,5-10%,-5.301,48.9956,51.635,tp_gap_filled,103.8247,5086.96,5086.96,5360.99,5.387,274.03,7
PODD,2018-09-12,2018-09-17,2018-09-28,5-10%,-5.368,102.3422,107.932,tp_gap_filled,49.4622,5062.07,5062.07,5338.55,5.462,276.48,9
DVA,2018-08-30,2018-08-31,2018-10-01,5-10%,-5.955,68.7687,72.977,tp_gap_filled,74.1205,5097.17,5097.17,5409.09,6.119,311.92,20
STZ,2018-08-15,2018-08-16,2018-10-04,5-10%,-5.892,208.9487,221.5882,tp_gap_filled,24.1863,5053.69,5053.69,5359.39,6.049,305.7,34
WTW,2018-08-02,2018-08-03,2018-10-11,5-10%,-5.121,151.151,138.7749,stop,33.4218,5051.74,5051.74,4638.11,-8.188,-413.63,48
STT,2018-07-20,2018-07-24,2018-10-12,5-10%,-5.089,88.108,80.9399,stop,57.2356,5042.92,5042.92,4632.65,-8.136,-410.27,57
LII,2018-08-21,2018-10-05,2018-10-12,5-10%,-5.468,213.213,194.5198,stop,24.0143,5120.15,5120.15,4671.25,-8.767,-448.9,5
MU,2018-09-12,2018-10-18,2018-10-23,5-10%,-5.413,41.2812,37.7,stop,123.43,5095.35,5095.35,4653.31,-8.675,-442.04,3
AZO,2018-09-18,2018-10-17,2018-10-24,5-10%,-5.019,710.71,746.7725,tp_gap_filled,7.1764,5100.36,5100.36,5359.16,5.074,258.8,5
FAST,2018-10-10,2018-10-11,2018-10-26,5-10%,-5.284,13.1882,12.0725,stop,383.7821,5061.38,5061.38,4633.2,-8.46,-428.18,11
CHTR,2018-10-26,2018-10-29,2018-10-30,5-10%,-5.657,297.297,314.4952,tp_gap_filled,16.8853,5019.95,5019.95,5310.35,5.785,290.4,1
CMCSA,2018-09-24,2018-09-25,2018-10-31,5-10%,-5.145,33.7263,35.4846,tp_gap_filled,151.432,5107.24,5107.24,5373.51,5.214,266.27,26
SHW,2018-10-25,2018-10-26,2018-10-31,5-10%,-5.13,122.7893,129.1707,tp_gap_filled,40.968,5030.43,5030.43,5291.86,5.197,261.43,3
GOOGL,2018-10-26,2018-10-29,2018-10-31,5-10%,-5.007,52.4689,55.1243,tp_gap_filled,95.6335,5017.79,5017.79,5271.73,5.061,253.95,2
TDG,2018-10-10,2018-10-11,2018-11-02,5-10%,-5.754,331.331,350.8588,tp_gap_filled,15.2995,5069.19,5069.19,5367.95,5.894,298.76,16
LITE,2018-10-23,2018-10-24,2018-11-05,5-10%,-5.261,56.056,51.3349,stop,89.8056,5034.14,5034.14,4610.16,-8.422,-423.98,8
FDS,2018-09-25,2018-10-08,2018-11-08,5-10%,-5.469,219.199,231.4183,tp_gap_filled,23.4077,5130.95,5130.95,5416.98,5.575,286.03,23
AAPL,2018-11-02,2018-11-07,2018-11-14,5-10%,-5.702,52.4399,47.6362,stop,98.1396,5146.43,5146.43,4675.0,-9.16,-471.43,5
EQT,2018-10-25,2018-11-13,2018-11-14,5-10%,-5.363,20.8646,19.0718,stop,243.8276,5087.37,5087.37,4650.24,-8.592,-437.13,1
BMY,2018-10-22,2018-11-01,2018-11-16,5-10%,-5.617,51.3012,54.2457,tp_gap_filled,100.1065,5135.59,5135.59,5430.35,5.74,294.76,11
LVS,2018-11-08,2018-11-09,2018-11-20,5-10%,-5.003,53.7937,49.495,stop,95.4971,5137.15,5137.15,4726.63,-7.991,-410.52,7
EIX,2018-11-14,2018-11-15,2018-11-27,5-10%,-5.564,52.5025,55.4845,tp_gap_filled,97.0039,5092.94,5092.94,5382.21,5.68,289.27,7
NFLX,2018-11-20,2018-11-26,2018-11-28,5-10%,-5.902,25.4885,27.0329,tp_gap_filled,199.1092,5074.99,5074.99,5382.51,6.06,307.52,2
GOOG,2018-10-26,2018-10-29,2018-11-30,5-10%,-5.343,51.9034,54.7237,tp_gap_filled,96.7594,5022.14,5022.14,5295.03,5.434,272.9,23
SNA,2018-10-18,2018-11-02,2018-12-03,5-10%,-5.12,159.149,167.4024,tp_gap_filled,32.1347,5114.21,5114.21,5379.43,5.186,265.22,20
COHR,2018-12-06,2018-12-10,2018-12-11,5-10%,-5.213,34.034,35.8341,tp_gap_filled,149.9842,5104.56,5104.56,5374.55,5.289,269.99,1
ZBH,2018-10-26,2018-10-29,2018-12-18,5-10%,-5.403,112.2966,102.5727,stop,44.7293,5022.95,5022.95,4588.01,-8.659,-434.95,34
COR,2018-11-06,2018-12-06,2018-12-18,5-10%,-5.714,83.5835,75.9099,stop,61.2314,5117.93,5117.93,4648.07,-9.181,-469.86,8
IR,2018-12-06,2018-12-10,2018-12-19,5-10%,-5.412,22.042,20.13,stop,231.5633,5104.12,5104.12,4661.37,-8.675,-442.76,7
BBY,2018-12-17,2018-12-18,2018-12-24,5-10%,-5.436,52.4124,47.845,stop,96.4744,5056.45,5056.45,4615.81,-8.714,-440.64,4
PCG,2018-12-17,2018-12-18,2018-12-26,5-10%,-5.998,24.4745,22.11,stop,207.217,5071.52,5071.52,4581.56,-9.661,-489.96,5
IBKR,2018-12-21,2018-12-24,2018-12-26,5-10%,-5.647,12.7527,13.489,tp_gap_filled,389.4328,4966.33,4966.33,5253.06,5.773,286.72,1
BA,2018-11-20,2018-12-24,2018-12-28,5-10%,-5.87,302.4021,320.6191,tp_gap_filled,16.4454,4973.11,4973.11,5272.7,6.024,299.58,3
BSX,2018-11-20,2018-12-20,2018-12-31,5-10%,-5.809,33.2732,35.2547,tp_gap_filled,151.2109,5031.28,5031.28,5330.9,5.955,299.62,6
LULU,2018-11-20,2018-12-07,2019-01-04,5-10%,-5.937,119.5694,126.863,tp_gap_filled,42.7076,5106.52,5106.52,5418.02,6.1,311.49,18
PNR,2018-10-23,2018-12-24,2019-01-04,5-10%,-5.205,36.0961,38.002,tp_gap_filled,137.6472,4968.52,4968.52,5230.86,5.28,262.34,7
DG,2018-12-04,2018-12-06,2019-01-07,5-10%,-5.506,105.6556,111.5883,tp_gap_filled,48.5092,5125.27,5125.27,5413.06,5.615,287.79,20
HCA,2018-12-17,2018-12-20,2019-01-09,5-10%,-5.311,120.12,126.6033,tp_gap_filled,41.8846,5031.18,5031.18,5302.73,5.397,271.55,12
CCL,2018-12-20,2019-01-08,2019-01-18,5-10%,-5.199,52.2022,54.955,tp_gap_filled,98.1838,5125.41,5125.41,5395.69,5.273,270.28,8
WDC,2019-01-14,2019-01-15,2019-01-24,5-10%,-5.346,28.6681,30.2267,tp_gap_filled,179.1233,5135.12,5135.12,5414.31,5.437,279.19,6
GLW,2018-10-23,2018-12-20,2019-01-29,5-10%,-5.157,29.2692,30.7992,tp_gap_filled,171.8737,5030.61,5030.61,5293.57,5.227,262.95,25
PFG,2019-01-30,2019-01-31,2019-02-01,5-10%,-5.079,47.1471,49.5704,tp_gap_filled,109.6262,5168.56,5168.56,5434.21,5.14,265.65,1
CLX,2018-10-31,2019-01-31,2019-02-04,5-10%,-5.268,144.9148,152.6672,tp_gap_filled,35.6478,5165.89,5165.89,5442.25,5.35,276.36,2
INTC,2019-01-25,2019-01-29,2019-02-05,5-10%,-5.848,46.8968,49.7102,tp_gap_filled,110.247,5170.24,5170.24,5480.41,5.999,310.17,5
GE,2018-10-30,2019-01-31,2019-02-08,5-10%,-5.376,50.6587,46.2949,stop,102.1727,5175.94,5175.94,4730.08,-8.614,-445.87,6
MRVL,2019-02-07,2019-02-08,2019-02-11,5-10%,-5.567,17.998,19.021,tp_gap_filled,288.7573,5197.05,5197.05,5492.44,5.684,295.39,1
NXPI,2019-02-07,2019-02-08,2019-02-12,5-10%,-5.43,87.5174,92.3575,tp_gap_filled,59.4477,5202.71,5202.71,5490.44,5.53,287.73,2
XYZ,2019-01-29,2019-01-31,2019-02-13,5-10%,-5.195,72.3323,76.1438,tp_gap_filled,71.5043,5172.07,5172.07,5444.61,5.269,272.54,9
NEM,2019-01-14,2019-01-25,2019-02-20,5-10%,-5.82,32.8828,34.8451,tp_gap_filled,156.9605,5161.31,5161.31,5469.31,5.967,308.0,17
MU,2019-01-28,2019-03-08,2019-03-11,5-10%,-5.159,36.987,38.921,tp_gap_filled,141.4847,5233.09,5233.09,5506.73,5.229,273.64,1
PHM,2019-01-29,2019-03-20,2019-03-25,5-10%,-5.105,25.6756,27.003,tp_gap_filled,204.2516,5244.29,5244.29,5515.4,5.17,271.11,3
MGM,2019-02-14,2019-02-15,2019-03-27,5-10%,-5.645,27.6076,25.105,stop,189.4764,5230.98,5230.98,4756.8,-9.065,-474.18,27
FFIV,2019-03-12,2019-03-14,2019-04-01,5-10%,-5.213,153.7936,161.9279,tp_gap_filled,34.1134,5246.43,5246.43,5523.92,5.289,277.49,12
WTW,2019-03-06,2019-03-12,2019-04-24,5-10%,-5.521,172.162,181.858,tp_gap_filled,30.4818,5247.81,5247.81,5543.36,5.632,295.55,30
JBHT,2019-04-16,2019-04-17,2019-05-01,5-10%,-5.213,100.1,91.7499,stop,52.6106,5266.32,5266.32,4827.02,-8.342,-439.3,9
WDC,2019-04-26,2019-04-30,2019-05-01,5-10%,-5.666,37.7929,39.9827,tp_gap_filled,139.7571,5281.82,5281.82,5587.86,5.794,306.04,1
ROK,2019-04-25,2019-04-26,2019-05-13,5-10%,-5.627,178.4483,162.3249,stop,29.645,5290.1,5290.1,4812.12,-9.035,-477.98,11
XYZ,2019-05-02,2019-05-06,2019-05-13,5-10%,-5.189,69.8698,64.0699,stop,75.5636,5279.62,5279.62,4841.36,-8.301,-438.26,5
TGT,2019-04-26,2019-04-29,2019-05-14,5-10%,-5.652,77.1971,70.1899,stop,68.4055,5280.71,5280.71,4801.38,-9.077,-479.33,11
AMD,2019-05-06,2019-05-07,2019-05-16,5-10%,-5.315,26.7467,28.1918,tp_gap_filled,196.0644,5244.08,5244.08,5527.41,5.403,283.32,7
ECHO,2019-02-21,2019-05-08,2019-05-21,5-10%,-5.544,33.4451,35.3374,tp_gap_filled,156.6127,5237.93,5237.93,5534.29,5.658,296.36,9
ALB,2019-05-08,2019-05-09,2019-05-23,5-10%,-5.036,72.102,66.2999,stop,72.4268,5222.12,5222.12,4801.89,-8.047,-420.23,10
FAST,2019-05-06,2019-05-07,2019-05-28,5-10%,-5.559,16.7492,15.255,stop,313.1948,5245.77,5245.77,4777.78,-8.921,-467.99,14
ISRG,2019-04-22,2019-04-23,2019-06-03,5-10%,-5.333,166.8,152.5532,stop,31.6078,5272.17,5272.17,4821.86,-8.541,-450.31,28
IFF,2019-02-14,2019-04-23,2019-06-06,5-10%,-5.468,137.4173,145.0748,tp_gap_filled,38.3806,5274.16,5274.16,5568.06,5.572,293.9,31
ADSK,2019-05-24,2019-05-29,2019-06-20,5-10%,-5.226,160.8407,169.3705,tp_gap_filled,31.8664,5125.41,5125.41,5397.23,5.303,271.81,16
PANW,2019-05-30,2019-06-05,2019-07-09,5-10%,-5.675,33.8838,35.8508,tp_gap_filled,152.2168,5157.69,5157.69,5457.09,5.805,299.4,23
DVA,2019-07-09,2019-07-10,2019-07-11,5-10%,-5.314,52.6126,55.4545,tp_gap_filled,99.3195,5225.45,5225.45,5507.71,5.402,282.26,1
WYNN,2019-05-10,2019-07-10,2019-07-15,5-10%,-5.127,129.4693,136.1937,tp_gap_filled,40.4387,5235.57,5235.57,5507.49,5.194,271.92,3
PKG,2019-04-16,2019-04-17,2019-07-18,5-10%,-5.477,96.0459,98.2417,time_exit,54.8509,5268.2,5268.2,5388.64,2.286,120.44,63
IBM,2019-04-17,2019-05-07,2019-07-18,5-10%,-5.353,131.4602,138.6184,tp_gap_filled,39.8891,5243.83,5243.83,5529.36,5.445,285.53,50
DHI,2019-04-25,2019-04-26,2019-07-26,5-10%,-5.892,43.9639,44.4555,time_exit,120.3232,5289.88,5289.88,5349.03,1.118,59.15,63
NTAP,2019-07-08,2019-07-16,2019-08-02,5-10%,-5.079,59.2992,54.4849,stop,88.6918,5259.35,5259.35,4832.37,-8.119,-426.99,13
FTNT,2019-05-03,2019-07-17,2019-08-02,5-10%,-5.967,17.2272,18.2837,tp_gap_filled,305.0876,5255.81,5255.81,5578.13,6.133,322.32,12
ROL,2019-06-26,2019-07-24,2019-08-05,5-10%,-5.076,23.2099,21.3266,stop,226.602,5259.4,5259.4,4832.66,-8.114,-426.74,8
CAT,2019-07-24,2019-08-01,2019-08-05,5-10%,-5.156,131.111,120.2999,stop,39.6906,5203.87,5203.87,4774.77,-8.246,-429.1,2
CRWD,2019-08-05,2019-08-06,2019-08-08,5-10%,-5.306,20.8558,21.9805,tp_gap_filled,247.6767,5165.5,5165.5,5444.06,5.393,278.55,2
AMD,2019-07-31,2019-08-08,2019-08-09,5-10%,-5.285,32.1121,33.8361,tp_gap_filled,161.9446,5200.38,5200.38,5479.58,5.369,279.2,1
COF,2019-07-30,2019-07-31,2019-08-14,5-10%,-5.613,91.5715,83.3199,stop,56.9409,5214.17,5214.17,4744.32,-9.011,-469.85,10
FFIV,2019-07-08,2019-08-02,2019-08-14,5-10%,-5.303,139.9698,128.0849,stop,37.2076,5207.94,5207.94,4765.73,-8.491,-442.21,8
APA,2019-08-01,2019-08-06,2019-08-14,5-10%,-5.528,23.0931,21.045,stop,223.7658,5167.44,5167.44,4709.15,-8.869,-458.29,6
QCOM,2019-08-01,2019-08-05,2019-08-16,5-10%,-5.85,68.9489,73.0868,tp_gap_filled,74.7337,5152.8,5152.8,5462.05,6.001,309.25,9
DPZ,2019-07-16,2019-07-19,2019-08-19,5-10%,-5.787,254.5543,230.8698,stop,20.6759,5263.14,5263.14,4773.44,-9.304,-489.7,21
CLX,2019-08-01,2019-08-05,2019-08-19,5-10%,-5.474,153.8537,162.4374,tp_gap_filled,33.488,5152.25,5152.25,5439.7,5.579,287.45,10
TDG,2019-08-15,2019-08-19,2019-08-21,5-10%,-5.187,511.6011,538.5109,tp_gap_filled,10.0727,5153.18,5153.18,5424.23,5.26,271.05,2
IR,2019-08-01,2019-08-02,2019-08-23,5-10%,-5.217,31.2812,28.67,stop,166.4322,5206.21,5206.21,4771.61,-8.348,-434.6,15
GE,2019-08-15,2019-08-16,2019-08-23,5-10%,-5.426,42.6071,38.9011,stop,120.7796,5146.07,5146.07,4698.46,-8.698,-447.6,5
BBY,2019-08-29,2019-09-05,2019-09-09,5-10%,-5.391,65.3453,68.931,tp_gap_filled,78.4605,5127.02,5127.02,5408.36,5.487,281.34,2
NOW,2019-10-16,2019-10-17,2019-10-22,5-10%,-5.583,51.8378,47.193,stop,99.5659,5161.28,5161.28,4698.81,-8.96,-462.47,3
ALLE,2019-07-25,2019-08-02,2019-10-24,5-10%,-5.738,102.112,108.1118,tp_gap_filled,51.0092,5208.66,5208.66,5514.7,5.876,306.04,58
MU,2019-09-27,2019-10-15,2019-10-28,5-10%,-5.556,45.9459,48.5514,tp_gap_filled,112.2084,5155.51,5155.51,5447.87,5.671,292.36,9
SBAC,2019-10-29,2019-11-05,2019-11-20,5-10%,-5.035,230.5303,242.2675,tp_gap_filled,22.3864,5160.74,5160.74,5423.49,5.091,262.75,11
SJM,2019-08-27,2019-09-03,2019-11-22,5-10%,-5.251,107.107,112.8171,tp_gap_filled,47.8441,5124.44,5124.44,5397.63,5.331,273.19,58
SWKS,2019-11-13,2019-11-19,2019-12-06,5-10%,-5.896,95.6956,101.4884,tp_gap_filled,53.9823,5165.87,5165.87,5478.57,6.053,312.71,12
DDOG,2019-12-03,2019-12-04,2019-12-09,5-10%,-5.101,37.6176,34.55,stop,137.7557,5182.04,5182.04,4759.46,-8.155,-422.58,3
AMAT,2019-11-21,2019-11-22,2019-12-12,5-10%,-5.046,56.6966,59.5904,tp_gap_filled,91.5124,5188.44,5188.44,5453.25,5.104,264.81,13
CCL,2019-09-26,2019-12-09,2019-12-16,5-10%,-5.327,45.5455,48.0119,tp_gap_filled,113.6858,5177.88,5177.88,5458.27,5.415,280.4,5
PGR,2019-10-16,2019-10-18,2020-01-06,5-10%,-5.269,71.091,74.895,tp_gap_filled,72.185,5131.71,5131.71,5406.3,5.351,274.59,53
WDAY,2019-12-04,2019-12-05,2020-01-08,5-10%,-5.153,164.7246,173.3265,tp_gap_filled,31.3969,5171.83,5171.83,5441.91,5.222,270.07,22
CSCO,2019-11-14,2019-11-15,2020-01-16,5-10%,-5.984,45.6056,48.4115,tp_gap_filled,113.3682,5170.22,5170.22,5488.33,6.153,318.11,41
IBM,2019-10-17,2019-10-24,2020-01-22,5-10%,-5.003,129.1922,135.7246,tp_gap_filled,39.879,5152.06,5152.06,5412.57,5.056,260.51,60
AXON,2020-01-03,2020-01-06,2020-01-22,5-10%,-5.564,72.3723,76.4834,tp_gap_filled,72.4426,5242.84,5242.84,5540.66,5.681,297.82,11
WYNN,2020-01-21,2020-01-22,2020-01-27,5-10%,-5.593,143.2831,130.4199,stop,36.8841,5284.87,5284.87,4810.42,-8.978,-474.45,3
APTV,2020-01-30,2020-01-31,2020-02-04,5-10%,-5.429,85.085,89.7901,tp_gap_filled,61.4098,5225.06,5225.06,5514.0,5.53,288.94,2
RCL,2020-01-30,2020-02-03,2020-02-04,5-10%,-5.048,115.6155,121.5184,tp_gap_filled,45.307,5238.19,5238.19,5505.63,5.106,267.44,1
AMD,2020-01-29,2020-01-30,2020-02-07,5-10%,-5.324,47.8878,50.4795,tp_gap_filled,109.8023,5258.2,5258.2,5542.76,5.412,284.57,6
RJF,2020-01-23,2020-01-30,2020-02-12,5-10%,-5.121,61.5682,64.7618,tp_gap_filled,85.484,5263.09,5263.09,5536.1,5.187,273.01,9
EBAY,2020-02-07,2020-02-10,2020-02-14,5-10%,-5.711,35.8658,37.962,tp_gap_filled,147.4807,5289.52,5289.52,5598.66,5.844,309.14,4
CASY,2019-12-10,2020-01-10,2020-02-18,5-10%,-5.886,165.165,175.1447,tp_gap_filled,31.7236,5239.63,5239.63,5556.23,6.042,316.59,25
FFIV,2020-01-28,2020-01-30,2020-02-20,5-10%,-5.772,125.165,132.5673,tp_gap_filled,42.0109,5258.29,5258.29,5569.27,5.914,310.98,14
NCLH,2020-01-30,2020-02-03,2020-02-20,5-10%,-5.159,53.1831,48.795,stop,98.4003,5233.24,5233.24,4801.44,-8.251,-431.8,12
BKR,2020-01-27,2020-01-29,2020-02-24,5-10%,-5.643,21.5916,19.635,stop,243.0832,5248.55,5248.55,4772.93,-9.062,-475.61,17
CCL,2020-01-30,2020-01-31,2020-02-24,5-10%,-5.892,43.8038,39.65,stop,119.3206,5226.69,5226.69,4731.05,-9.483,-495.63,15
KLAC,2020-02-18,2020-02-20,2020-02-24,5-10%,-5.264,16.7167,15.308,stop,318.7193,5327.94,5327.94,4878.95,-8.427,-448.98,2
NTRS,2020-01-22,2020-01-23,2020-02-25,5-10%,-5.747,102.4323,92.9699,stop,51.5388,5279.24,5279.24,4791.56,-9.238,-487.68,22
IT,2020-02-04,2020-02-05,2020-02-25,5-10%,-5.084,155.6755,143.0249,stop,34.1816,5321.23,5321.23,4888.81,-8.126,-432.42,13
CSCO,2020-02-13,2020-02-14,2020-02-25,5-10%,-5.568,47.1972,42.98,stop,113.2767,5346.34,5346.34,4868.63,-8.935,-477.71,6
EXPE,2020-02-24,2020-02-25,2020-02-26,5-10%,-5.786,113.2832,102.7449,stop,45.2906,5130.66,5130.66,4653.38,-9.303,-477.28,1
CPAY,2020-02-07,2020-02-10,2020-02-27,5-10%,-5.729,310.32,281.7497,stop,17.0361,5286.66,5286.66,4799.93,-9.207,-486.73,12
WAT,2020-02-04,2020-02-18,2020-02-27,5-10%,-5.114,214.7045,197.1498,stop,24.8275,5330.57,5330.57,4894.73,-8.176,-435.84,7
DDOG,2020-02-14,2020-02-20,2020-02-27,5-10%,-5.34,45.9559,42.025,stop,115.9315,5327.74,5327.74,4872.02,-8.554,-455.72,5
MRVL,2020-02-07,2020-02-21,2020-02-27,5-10%,-5.903,24.2542,21.95,stop,218.3594,5296.14,5296.14,4792.98,-9.5,-503.16,4
FCX,2020-02-24,2020-02-25,2020-02-27,5-10%,-5.779,11.2612,10.215,stop,454.792,5121.53,5121.53,4645.7,-9.291,-475.83,2
WTW,2020-02-06,2020-02-07,2020-02-28,5-10%,-5.117,209.0088,191.9098,stop,25.3181,5291.71,5291.71,4858.8,-8.181,-432.91,14
IEX,2020-01-30,2020-02-25,2020-02-28,5-10%,-5.78,162.3522,147.2649,stop,31.541,5120.76,5120.76,4644.89,-9.293,-475.87,3
EME,2020-02-27,2020-02-28,2020-03-02,5-10%,-5.713,74.6746,79.0409,tp_gap_filled,66.5947,4972.93,4972.93,5263.71,5.847,290.77,1
UAL,2020-02-27,2020-02-28,2020-03-02,5-10%,-5.456,62.9629,57.4549,stop,79.1007,4980.41,4980.41,4544.73,-8.748,-435.68,1
VRT,2020-02-24,2020-02-27,2020-03-03,5-10%,-5.914,12.1021,10.95,stop,412.761,4995.27,4995.27,4519.73,-9.52,-475.54,3
DVN,2020-02-27,2020-02-28,2020-03-03,5-10%,-5.323,15.8458,16.7033,tp_gap_filled,313.9615,4974.98,4974.98,5244.19,5.411,269.21,2
DELL,2020-02-28,2020-03-02,2020-03-03,5-10%,-5.418,20.9028,22.056,tp_gap_filled,239.1132,4998.13,4998.13,5273.87,5.517,275.74,1
CVNA,2020-02-28,2020-03-02,2020-03-05,5-10%,-5.306,16.8288,15.399,stop,297.4122,5005.09,5005.09,4579.85,-8.496,-425.25,3
CRM,2020-02-24,2020-02-26,2020-03-06,5-10%,-5.652,178.9688,162.7248,stop,28.349,5073.58,5073.58,4613.08,-9.076,-460.5,7
LRCX,2020-02-24,2020-02-25,2020-03-09,5-10%,-5.556,29.9499,27.28,stop,170.5996,5109.45,5109.45,4653.95,-8.915,-455.49,9
PCG,2020-02-28,2020-03-02,2020-03-09,5-10%,-5.634,15.4254,14.03,stop,324.4142,5004.22,5004.22,4551.53,-9.046,-452.7,5
HPE,2020-03-04,2020-03-05,2020-03-09,5-10%,-5.481,11.9119,10.865,stop,417.2335,4970.04,4970.04,4533.24,-8.789,-436.81,2
FCX,2020-02-28,2020-03-06,2020-03-09,5-10%,-5.204,9.2993,8.525,stop,531.5651,4943.18,4943.18,4531.59,-8.326,-411.59,1
TTD,2020-02-27,2020-03-06,2020-03-09,5-10%,-5.152,25.3403,23.2525,stop,195.2088,4946.65,4946.65,4539.09,-8.239,-407.56,1
UAL,2020-03-06,2020-03-09,2020-03-10,5-10%,-5.776,48.6586,51.5384,tp_gap_filled,99.4379,4838.51,4838.51,5124.87,5.918,286.36,1
IR,2020-03-06,2020-03-09,2020-03-10,5-10%,-5.516,25.3754,23.13,stop,189.9237,4819.38,4819.38,4392.93,-8.849,-426.45,1
PLD,2020-03-09,2020-03-10,2020-03-11,5-10%,-5.88,80.9108,73.2549,stop,60.7878,4918.39,4918.39,4453.0,-9.462,-465.38,1
HAS,2020-03-09,2020-03-10,2020-03-11,5-10%,-5.869,68.5485,62.0749,stop,71.8163,4922.9,4922.9,4457.99,-9.444,-464.91,1
CL,2020-02-24,2020-02-27,2020-03-12,5-10%,-5.979,71.7817,64.8699,stop,69.6689,5000.95,5000.95,4519.42,-9.629,-481.54,10
PODD,2020-03-02,2020-03-03,2020-03-12,5-10%,-5.248,180.18,165.0448,stop,27.5556,4964.97,4964.97,4547.91,-8.4,-417.06,7
SWKS,2020-02-28,2020-03-09,2020-03-12,5-10%,-5.74,92.052,83.5599,stop,52.4614,4829.17,4829.17,4383.67,-9.225,-445.5,3
ECL,2020-03-09,2020-03-10,2020-03-12,5-10%,-5.998,182.9327,165.2598,stop,26.5588,4858.48,4858.48,4389.11,-9.661,-469.37,2
SO,2020-03-09,2020-03-10,2020-03-12,5-10%,-5.997,62.9229,56.8449,stop,77.3804,4868.99,4868.99,4398.68,-9.659,-470.31,2
CINF,2020-03-09,2020-03-10,2020-03-12,5-10%,-5.987,92.4223,83.5099,stop,52.6442,4865.5,4865.5,4396.31,-9.643,-469.19,2
WM,2020-03-09,2020-03-10,2020-03-12,5-10%,-5.951,110.2702,99.7049,stop,44.2086,4874.89,4874.89,4407.82,-9.581,-467.08,2
CME,2020-03-09,2020-03-10,2020-03-12,5-10%,-5.928,203.6434,184.2098,stop,23.973,4881.94,4881.94,4416.06,-9.543,-465.88,2
IBM,2020-03-09,2020-03-10,2020-03-12,5-10%,-5.927,114.9906,104.02,stop,42.4902,4885.98,4885.98,4419.83,-9.54,-466.14,2
WBD,2020-03-09,2020-03-10,2020-03-12,5-10%,-5.896,23.9639,21.69,stop,204.7644,4906.96,4906.96,4441.34,-9.489,-465.63,2
LMT,2020-03-09,2020-03-10,2020-03-12,5-10%,-5.88,360.34,326.2447,stop,13.6489,4918.23,4918.23,4452.87,-9.462,-465.36,2
PM,2020-03-09,2020-03-10,2020-03-12,5-10%,-5.844,82.2522,74.5199,stop,59.7946,4918.23,4918.23,4455.89,-9.401,-462.35,2
KO,2020-03-09,2020-03-10,2020-03-12,5-10%,-5.809,52.102,47.235,stop,94.5383,4925.64,4925.64,4465.51,-9.341,-460.13,2
UPS,2020-03-09,2020-03-10,2020-03-13,5-10%,-5.915,88.5284,93.906,tp_gap_filled,55.2941,4895.1,4895.1,5192.44,6.074,297.35,3
AAPL,2020-02-28,2020-03-12,2020-03-13,5-10%,-5.945,64.3793,68.3116,tp_gap_filled,69.5784,4479.41,4479.41,4753.01,6.108,273.6,1
IDXX,2020-03-09,2020-03-12,2020-03-13,5-10%,-5.518,236.3361,249.6401,tp_gap_filled,18.7092,4421.65,4421.65,4670.56,5.629,248.91,1
DLTR,2020-03-09,2020-03-12,2020-03-16,5-10%,-5.982,75.5154,68.2399,stop,59.5214,4494.78,4494.78,4061.74,-9.634,-433.05,2
VMRK,2020-03-09,2020-03-12,2020-03-16,5-10%,-5.783,73.2232,66.4149,stop,60.8431,4455.12,4455.12,4040.89,-9.298,-414.23,2
ROL,2020-03-09,2020-03-12,2020-03-16,5-10%,-5.736,25.005,22.7,stop,177.7786,4445.35,4445.35,4035.57,-9.218,-409.78,2
UDR,2020-03-12,2020-03-13,2020-03-16,5-10%,-5.997,41.8918,37.845,stop,108.7565,4556.01,4556.01,4115.88,-9.66,-440.13,1
ROST,2020-03-12,2020-03-13,2020-03-16,5-10%,-5.976,92.7627,83.8349,stop,49.3992,4582.4,4582.4,4141.38,-9.624,-441.02,1
DUK,2020-03-12,2020-03-13,2020-03-16,5-10%,-5.971,85.5955,77.3649,stop,53.5375,4582.57,4582.57,4141.92,-9.616,-440.64,1
LH,2020-03-12,2020-03-13,2020-03-16,5-10%,-5.969,128.5649,116.207,stop,35.6476,4583.03,4583.03,4142.5,-9.612,-440.53,1
AVY,2020-03-12,2020-03-13,2020-03-16,5-10%,-5.877,104.5244,94.6399,stop,44.21,4621.03,4621.03,4184.03,-9.457,-436.99,1
EW,2020-03-12,2020-03-13,2020-03-16,5-10%,-5.847,62.0053,56.1733,stop,74.5818,4624.46,4624.46,4189.5,-9.406,-434.96,1
VRSN,2020-03-12,2020-03-13,2020-03-16,5-10%,-5.836,167.8076,177.852,tp_gap_filled,27.5543,4623.82,4623.82,4900.59,5.986,276.76,1
EXC,2020-03-12,2020-03-13,2020-03-16,5-10%,-5.803,26.7743,24.276,stop,173.4589,4644.23,4644.23,4210.89,-9.331,-433.34,1
TGT,2020-03-09,2020-03-12,2020-03-17,5-10%,-5.842,99.8598,105.844,tp_gap_filled,44.7761,4471.33,4471.33,4739.29,5.993,267.95,3
BDX,2020-03-09,2020-03-12,2020-03-17,5-10%,-5.675,173.1673,183.219,tp_gap_filled,25.5635,4426.76,4426.76,4683.71,5.805,256.95,3
ADM,2020-03-12,2020-03-13,2020-03-17,5-10%,-5.988,33.003,35.0349,tp_gap_filled,138.5046,4571.06,4571.06,4852.5,6.157,281.44,2
CAH,2020-03-12,2020-03-13,2020-03-18,5-10%,-5.961,45.7957,48.6014,tp_gap_filled,100.1213,4585.13,4585.13,4866.03,6.126,280.9,3
MDLZ,2020-03-12,2020-03-13,2020-03-18,5-10%,-5.942,49.2792,44.565,stop,93.2292,4594.26,4594.26,4154.76,-9.566,-439.51,3
TTWO,2020-03-12,2020-03-13,2020-03-18,5-10%,-5.922,112.112,118.931,tp_gap_filled,41.0475,4601.91,4601.91,4881.81,6.082,279.9,3
PEP,2020-03-12,2020-03-13,2020-03-20,5-10%,-5.896,122.2221,110.6249,stop,37.7277,4611.16,4611.16,4173.63,-9.489,-437.54,5
PSA,2020-03-16,2020-03-17,2020-03-20,5-10%,-5.512,199.8897,182.2148,stop,22.0483,4407.23,4407.23,4017.53,-8.842,-389.7,3
LNT,2020-03-16,2020-03-18,2020-03-20,5-10%,-5.953,47.9179,43.325,stop,91.2578,4372.88,4372.88,3953.74,-9.585,-419.14,2
TSN,2020-03-18,2020-03-19,2020-03-20,5-10%,-5.976,45.045,47.8121,tp_gap_filled,96.5778,4350.35,4350.35,4617.59,6.143,267.24,1
V,2020-03-18,2020-03-19,2020-03-20,5-10%,-5.973,148.6085,157.7321,tp_gap_filled,29.5717,4394.6,4394.6,4664.41,6.139,269.8,1
HPQ,2020-03-18,2020-03-19,2020-03-20,5-10%,-5.903,13.5636,14.3856,tp_gap_filled,323.6925,4390.42,4390.42,4656.51,6.061,266.09,1
IRM,2020-03-18,2020-03-19,2020-03-20,5-10%,-5.843,25.3253,22.945,stop,172.9988,4381.25,4381.25,3969.45,-9.399,-411.79,1
EXC,2020-03-18,2020-03-19,2020-03-23,5-10%,-5.972,24.1682,21.8438,stop,182.0568,4399.99,4399.99,3976.81,-9.618,-423.18,2
ZTS,2020-03-18,2020-03-19,2020-03-23,5-10%,-5.898,104.6045,94.6749,stop,42.101,4403.96,4403.96,3985.91,-9.493,-418.05,2
MO,2020-03-18,2020-03-19,2020-03-23,5-10%,-5.897,37.5375,33.975,stop,117.194,4399.17,4399.17,3981.66,-9.491,-417.51,2
CTSH,2020-03-18,2020-03-19,2020-03-23,5-10%,-5.888,47.1972,42.725,stop,93.154,4396.61,4396.61,3980.0,-9.476,-416.6,2
VRSN,2020-03-18,2020-03-19,2020-03-23,5-10%,-5.863,166.0259,150.3648,stop,26.4616,4393.31,4393.31,3978.9,-9.433,-414.42,2
NTAP,2020-03-18,2020-03-19,2020-03-23,5-10%,-5.843,39.6796,35.95,stop,110.5715,4387.44,4387.44,3975.04,-9.399,-412.4,2
MSFT,2020-03-18,2020-03-20,2020-03-24,5-10%,-5.847,138.138,146.4234,tp_gap_filled,30.7663,4250.0,4250.0,4504.91,5.998,254.91,2
EW,2020-03-18,2020-03-20,2020-03-24,5-10%,-5.726,55.4888,58.7412,tp_gap_filled,76.5702,4248.79,4248.79,4497.82,5.861,249.04,2
GOOG,2020-03-18,2020-03-23,2020-03-24,5-10%,-5.652,52.8783,55.934,tp_gap_filled,79.3613,4196.49,4196.49,4439.0,5.779,242.5,1
VEEV,2020-03-18,2020-03-23,2020-03-24,5-10%,-5.604,125.6155,132.8071,tp_gap_filled,33.406,4196.31,4196.31,4436.55,5.725,240.24,1
UPS,2020-03-18,2020-03-20,2020-03-25,5-10%,-5.982,91.091,96.6932,tp_gap_filled,46.596,4244.48,4244.48,4505.52,6.15,261.04,3
WAB,2020-03-18,2020-03-25,2020-03-26,5-10%,-5.841,47.2772,50.1098,tp_gap_filled,90.2786,4268.12,4268.12,4523.85,5.991,255.72,1
ELV,2020-03-18,2020-03-25,2020-03-26,5-10%,-5.82,224.6744,238.0817,tp_gap_filled,18.9853,4265.52,4265.52,4520.06,5.967,254.54,1
ETR,2020-03-18,2020-03-26,2020-03-27,5-10%,-5.943,46.8968,49.7602,tp_gap_filled,91.6607,4298.6,4298.6,4561.05,6.106,262.46,1
PPL,2020-03-18,2020-03-26,2020-03-27,5-10%,-5.832,24.0841,25.5244,tp_gap_filled,178.7605,4305.28,4305.28,4562.76,5.981,257.48,1
DG,2020-03-18,2020-03-19,2020-03-31,5-10%,-5.844,145.6455,154.3755,tp_gap_filled,30.1515,4391.43,4391.43,4654.65,5.994,263.22,8
MOS,2020-03-27,2020-03-30,2020-03-31,5-10%,-5.69,10.1201,10.7093,tp_gap_filled,429.978,4351.42,4351.42,4604.76,5.822,253.33,1
HWM,2020-03-27,2020-03-30,2020-04-01,5-10%,-5.926,12.7965,13.5754,tp_gap_filled,339.179,4340.31,4340.31,4604.48,6.086,264.17,2
HLT,2020-03-27,2020-03-30,2020-04-01,5-10%,-5.738,69.069,62.6999,stop,62.9375,4347.03,4347.03,3946.18,-9.221,-400.85,2
AXP,2020-03-27,2020-03-30,2020-04-01,5-10%,-5.735,88.0279,79.9149,stop,49.3685,4345.81,4345.81,3945.28,-9.216,-400.53,2
WELL,2020-03-27,2020-03-30,2020-04-01,5-10%,-5.733,47.5675,43.185,stop,91.4771,4351.34,4351.34,3950.44,-9.213,-400.9,2
ULTA,2020-03-27,2020-03-30,2020-04-01,5-10%,-5.73,178.188,161.7798,stop,24.41,4349.57,4349.57,3949.04,-9.208,-400.52,2
DVN,2020-03-27,2020-03-31,2020-04-01,5-10%,-5.707,6.9469,6.31,stop,623.6893,4332.73,4332.73,3935.48,-9.169,-397.26,1
MS,2020-03-27,2020-03-30,2020-04-06,5-10%,-5.797,33.6736,35.6743,tp_gap_filled,128.7828,4336.58,4336.58,4594.23,5.941,257.65,5
ROK,2020-03-27,2020-03-30,2020-04-06,5-10%,-5.782,150.2301,159.1307,tp_gap_filled,28.9163,4344.09,4344.09,4601.47,5.925,257.37,5
PNC,2020-04-01,2020-04-02,2020-04-06,5-10%,-5.976,90.09,95.6243,tp_gap_filled,47.3697,4267.54,4267.54,4529.7,6.143,262.16,2
FCX,2020-04-01,2020-04-02,2020-04-06,5-10%,-5.926,6.3563,6.7432,tp_gap_filled,671.6203,4269.05,4269.05,4528.9,6.087,259.85,2
WFC,2020-04-01,2020-04-02,2020-04-06,5-10%,-5.854,27.047,28.6713,tp_gap_filled,157.88,4270.18,4270.18,4526.63,6.005,256.44,2
SWK,2020-04-01,2020-04-02,2020-04-06,5-10%,-5.84,94.2542,99.9,tp_gap_filled,45.3195,4271.55,4271.55,4527.42,5.99,255.87,2
HD,2020-04-01,2020-04-02,2020-04-06,5-10%,-5.784,176.0859,186.5233,tp_gap_filled,24.2768,4274.8,4274.8,4528.19,5.927,253.39,2
CBRE,2020-04-01,2020-04-02,2020-04-06,5-10%,-5.754,35.5755,37.6723,tp_gap_filled,120.3395,4281.14,4281.14,4533.47,5.894,252.32,2
L,2020-04-01,2020-04-02,2020-04-06,5-10%,-5.742,32.8628,34.7952,tp_gap_filled,130.4735,4287.73,4287.73,4539.85,5.88,252.12,2
FLEX,2020-04-01,2020-04-02,2020-04-06,5-10%,-5.728,5.9592,6.3087,tp_gap_filled,719.8577,4289.8,4289.8,4541.35,5.864,251.55,2
AXP,2020-04-01,2020-04-06,2020-04-07,5-10%,-5.794,80.7307,85.5244,tp_gap_filled,54.4987,4399.71,4399.71,4660.96,5.938,261.25,1
GPN,2020-04-01,2020-04-06,2020-04-07,5-10%,-5.72,136.116,144.0858,tp_gap_filled,32.3861,4408.27,4408.27,4666.38,5.855,258.11,1
DUK,2020-03-18,2020-03-26,2020-04-08,5-10%,-5.802,81.091,85.914,tp_gap_filled,53.1565,4310.52,4310.52,4566.89,5.948,256.37,9
LVS,2020-03-27,2020-04-08,2020-04-09,5-10%,-5.811,45.5955,48.3116,tp_gap_filled,97.2704,4435.1,4435.1,4699.29,5.957,264.2,1
CB,2020-03-12,2020-04-14,2020-04-16,5-10%,-5.553,124.124,113.0649,stop,35.9316,4459.98,4459.98,4062.61,-8.91,-397.37,2
MAR,2020-04-15,2020-04-16,2020-04-17,5-10%,-5.636,78.098,82.5973,tp_gap_filled,56.5192,4414.04,4414.04,4668.33,5.761,254.3,1
DTE,2020-03-09,2020-04-09,2020-04-20,5-10%,-5.701,93.2847,84.7403,stop,47.8004,4459.04,4459.04,4050.62,-9.159,-408.42,6
BKR,2020-04-15,2020-04-16,2020-04-20,5-10%,-5.993,12.5626,13.3367,tp_gap_filled,351.3262,4413.55,4413.55,4685.52,6.162,271.96,2
VLO,2020-04-15,2020-04-17,2020-04-20,5-10%,-5.77,48.058,50.8991,tp_gap_filled,92.8455,4461.97,4461.97,4725.75,5.912,263.78,1
MOS,2020-04-15,2020-04-17,2020-04-21,5-10%,-5.911,11.4715,10.38,stop,388.5518,4457.26,4457.26,4033.16,-9.515,-424.09,2
OKE,2020-04-15,2020-04-17,2020-04-21,5-10%,-5.842,28.7187,26.02,stop,155.1895,4456.84,4456.84,4038.03,-9.397,-418.81,2
KMI,2020-04-20,2020-04-21,2020-04-22,5-10%,-5.544,14.1541,14.955,tp_gap_filled,309.5197,4380.99,4380.99,4628.88,5.658,247.89,1
MPC,2020-04-15,2020-04-17,2020-04-23,5-10%,-5.665,24.8348,26.2737,tp_gap_filled,180.358,4479.16,4479.16,4738.67,5.794,259.52,4
XOM,2020-04-20,2020-04-21,2020-04-23,5-10%,-5.715,40.7907,43.1768,tp_gap_filled,107.3792,4380.08,4380.08,4636.29,5.849,256.21,2
BRO,2020-03-18,2020-04-07,2020-04-24,5-10%,-5.636,37.7077,34.295,stop,117.2878,4422.65,4422.65,4022.38,-9.05,-400.27,12
AXP,2020-04-15,2020-04-16,2020-04-28,5-10%,-5.611,83.5134,88.3016,tp_gap_filled,52.9318,4420.51,4420.51,4673.96,5.733,253.45,8
FIX,2020-04-20,2020-04-23,2020-04-28,5-10%,-5.786,31.6216,33.4965,tp_gap_filled,139.9507,4425.46,4425.46,4687.85,5.929,262.39,3
IVZ,2020-04-23,2020-04-29,2020-05-01,5-10%,-5.556,8.6787,7.905,stop,512.5653,4448.38,4448.38,4051.82,-8.915,-396.56,2
MPC,2020-05-01,2020-05-04,2020-05-05,5-10%,-5.549,30.3303,32.0479,tp_gap_filled,146.0378,4429.37,4429.37,4680.21,5.663,250.84,1
VTR,2020-04-21,2020-05-07,2020-05-08,5-10%,-5.759,27.027,28.6213,tp_gap_filled,164.0949,4434.99,4434.99,4696.62,5.899,261.62,1
MCO,2020-04-30,2020-05-01,2020-05-11,5-10%,-5.483,241.241,254.725,tp_gap_filled,18.3329,4422.64,4422.64,4669.84,5.589,247.2,6
OXY,2020-05-04,2020-05-06,2020-05-11,5-10%,-5.709,14.3844,15.2248,tp_gap_filled,307.0842,4417.21,4417.21,4675.28,5.842,258.07,3
SYF,2020-05-01,2020-05-05,2020-05-13,5-10%,-5.76,18.6686,16.94,stop,238.1211,4445.4,4445.4,4033.77,-9.26,-411.63,6
CVNA,2020-05-07,2020-05-14,2020-05-15,5-10%,-5.694,17.2092,18.2118,tp_gap_filled,259.6768,4468.83,4468.83,4729.17,5.826,260.35,1
HLT,2020-04-15,2020-05-13,2020-05-18,5-10%,-5.671,66.106,69.94,tp_gap_filled,67.3466,4452.02,4452.02,4710.22,5.8,258.2,3
NTRS,2020-04-01,2020-05-13,2020-05-18,5-10%,-5.579,71.3212,75.3845,tp_gap_filled,62.3627,4447.79,4447.79,4701.18,5.697,253.4,3
CAT,2020-03-27,2020-05-13,2020-05-18,5-10%,-5.493,104.5344,110.3895,tp_gap_filled,42.5166,4444.45,4444.45,4693.38,5.601,248.94,3
AMZN,2020-05-01,2020-05-05,2020-05-19,5-10%,-5.546,116.9568,123.5763,tp_gap_filled,37.9408,4437.44,4437.44,4688.59,5.66,251.15,10
IR,2020-05-12,2020-05-18,2020-05-19,5-10%,-5.431,27.5375,29.0609,tp_gap_filled,163.9726,4515.4,4515.4,4765.19,5.532,249.8,1
PFG,2020-03-06,2020-05-27,2020-05-29,5-10%,-5.309,41.6016,38.065,stop,109.3129,4547.59,4547.59,4160.99,-8.501,-386.6,2
ALGN,2020-02-24,2020-05-22,2020-06-02,5-10%,-5.725,245.6054,259.9997,tp_gap_filled,18.4466,4530.58,4530.58,4796.1,5.861,265.53,6
WM,2020-03-18,2020-04-28,2020-06-03,5-10%,-5.765,102.7527,108.8211,tp_gap_filled,43.3304,4452.31,4452.31,4715.26,5.906,262.95,25
MRNA,2020-06-02,2020-06-03,2020-06-11,5-10%,-5.597,58.7587,62.1178,tp_gap_filled,77.3668,4545.97,4545.97,4805.86,5.717,259.88,6
KEY,2020-03-06,2020-06-05,2020-06-11,5-10%,-5.632,15.0951,13.73,stop,301.0103,4543.77,4543.77,4132.87,-9.043,-410.91,4
HBAN,2020-03-06,2020-06-05,2020-06-11,5-10%,-5.603,11.1311,10.13,stop,407.4811,4535.72,4535.72,4127.78,-8.994,-407.94,4
SRE,2020-03-09,2020-06-05,2020-06-12,5-10%,-5.477,67.1171,61.2225,stop,67.5364,4532.85,4532.85,4134.75,-8.783,-398.1,5
DOC,2020-06-11,2020-06-12,2020-06-15,5-10%,-5.753,26.5665,28.1318,tp_gap_filled,169.2348,4495.98,4495.98,4760.89,5.892,264.9,1
HPE,2020-06-11,2020-06-12,2020-06-16,5-10%,-5.981,10.0701,10.6893,tp_gap_filled,446.2414,4493.68,4493.68,4770.01,6.149,276.33,2
AMP,2020-06-11,2020-06-12,2020-06-16,5-10%,-5.881,145.135,153.896,tp_gap_filled,30.9743,4495.46,4495.46,4766.83,6.036,271.36,2
ON,2020-06-11,2020-06-15,2020-06-16,5-10%,-5.91,18.3283,19.4405,tp_gap_filled,246.9759,4526.65,4526.65,4801.34,6.068,274.69,1
REG,2020-06-11,2020-06-15,2020-06-16,5-10%,-5.586,45.5155,48.1118,tp_gap_filled,99.7087,4538.29,4538.29,4797.17,5.704,258.88,1
KEYS,2020-05-27,2020-06-11,2020-06-17,5-10%,-5.706,97.5975,103.2966,tp_gap_filled,46.1064,4499.87,4499.87,4762.63,5.839,262.77,4
UAL,2020-06-10,2020-06-16,2020-06-18,5-10%,-5.824,42.082,38.14,stop,109.1486,4593.2,4593.2,4162.92,-9.368,-430.27,2
DAL,2020-06-10,2020-06-16,2020-06-19,5-10%,-5.648,32.2722,29.345,stop,142.01,4582.98,4582.98,4167.28,-9.071,-415.7,3
VTR,2020-06-15,2020-06-19,2020-06-24,5-10%,-5.532,37.2672,33.96,stop,121.1672,4515.57,4515.57,4114.83,-8.874,-400.73,3
HLT,2020-06-11,2020-06-12,2020-06-25,5-10%,-5.831,78.078,70.7549,stop,57.6064,4497.79,4497.79,4075.94,-9.379,-421.86,9
PNC,2020-06-11,2020-06-12,2020-06-26,5-10%,-5.684,112.2822,102.0299,stop,40.1055,4503.13,4503.13,4091.96,-9.131,-411.17,10
COF,2020-06-15,2020-06-24,2020-07-01,5-10%,-5.847,66.5665,60.3049,stop,66.7817,4445.42,4445.42,4027.27,-9.406,-418.16,5
CCL,2020-06-24,2020-07-01,2020-07-06,5-10%,-5.389,17.047,15.575,stop,258.0068,4398.25,4398.25,4018.45,-8.635,-379.8,2
KEY,2020-06-15,2020-06-24,2020-07-08,5-10%,-5.598,12.4925,11.37,stop,355.3592,4439.32,4439.32,4040.43,-8.985,-398.89,9
JPM,2020-06-11,2020-06-12,2020-07-09,5-10%,-5.685,100.13,90.9849,stop,44.9786,4503.71,4503.71,4092.38,-9.133,-411.34,18
STLD,2020-06-11,2020-06-15,2020-07-09,5-10%,-5.864,27.1571,24.595,stop,167.2438,4541.86,4541.86,4113.36,-9.435,-428.5,17
EOG,2020-06-15,2020-06-24,2020-07-09,5-10%,-5.402,49.7797,45.47,stop,89.1783,4439.27,4439.27,4054.94,-8.658,-384.34,10
ALB,2020-06-11,2020-06-16,2020-07-13,5-10%,-5.855,79.0289,83.7761,tp_gap_filled,58.113,4592.61,4592.61,4868.49,6.007,275.87,18
UAL,2020-06-25,2020-07-08,2020-07-13,5-10%,-5.201,31.3814,33.0369,tp_gap_filled,138.7108,4352.93,4352.93,4582.58,5.276,229.65,3
CFG,2020-06-15,2020-06-24,2020-07-16,5-10%,-5.809,24.3443,25.7942,tp_gap_filled,182.4545,4441.73,4441.73,4706.26,5.956,264.53,15
VLO,2020-07-30,2020-07-31,2020-08-05,5-10%,-5.462,56.4864,51.54,stop,77.7182,4390.03,4390.03,4005.59,-8.757,-384.43,3
MTB,2020-06-15,2020-06-24,2020-08-10,5-10%,-5.965,102.5625,108.851,tp_gap_filled,43.336,4444.65,4444.65,4717.17,6.131,272.52,32
WFC,2020-07-14,2020-08-03,2020-08-10,5-10%,-5.864,23.9439,25.3846,tp_gap_filled,183.0887,4383.86,4383.86,4647.63,6.017,263.77,5
BNY,2020-07-15,2020-07-16,2020-08-11,5-10%,-5.158,36.997,38.931,tp_gap_filled,118.7109,4391.94,4391.94,4621.54,5.228,229.6,18
CCL,2020-07-16,2020-08-11,2020-08-12,5-10%,-5.95,16.4564,14.88,stop,268.032,4410.85,4410.85,3988.31,-9.58,-422.54,1
CTVA,2020-08-06,2020-08-11,2020-08-19,5-10%,-5.849,26.9069,28.5214,tp_gap_filled,163.6133,4402.32,4402.32,4666.49,6.001,264.17,6
IBKR,2020-07-16,2020-07-21,2020-08-27,5-10%,-5.806,12.545,13.2917,tp_gap_filled,350.1941,4393.2,4393.2,4654.67,5.952,261.48,27
FICO,2020-07-30,2020-08-31,2020-09-01,5-10%,-5.153,416.2158,437.9516,tp_gap_filled,10.5969,4410.59,4410.59,4640.92,5.222,230.33,1
TXT,2020-06-09,2020-08-10,2020-09-02,5-10%,-5.351,38.4184,40.5094,tp_gap_filled,114.5927,4402.47,4402.47,4642.09,5.443,239.62,17
AMAT,2020-07-24,2020-09-04,2020-09-08,5-10%,-5.123,60.4304,55.4799,stop,73.4735,4440.03,4440.03,4076.31,-8.192,-363.73,1
TTD,2020-09-08,2020-09-11,2020-09-15,5-10%,-5.498,41.7417,44.0819,tp_gap_filled,105.7231,4413.06,4413.06,4660.47,5.606,247.41,2
TJX,2020-08-19,2020-08-27,2020-09-16,5-10%,-5.988,54.064,57.3926,tp_gap_filled,81.7813,4421.43,4421.43,4693.64,6.157,272.21,13
CRM,2020-09-08,2020-09-11,2020-09-16,5-10%,-5.548,240.8106,254.4453,tp_gap_filled,18.3172,4410.97,4410.97,4660.72,5.662,249.75,3
RCL,2020-06-09,2020-08-28,2020-09-21,5-10%,-5.711,70.9008,64.3949,stop,62.3831,4423.02,4423.02,4017.16,-9.176,-405.86,15
AAPL,2020-09-08,2020-09-10,2020-09-21,5-10%,-5.795,114.0639,103.4349,stop,38.718,4416.32,4416.32,4004.79,-9.319,-411.54,7
TSLA,2020-09-17,2020-09-21,2020-09-23,5-10%,-5.922,138.6719,125.4532,stop,31.8522,4417.01,4417.01,3995.97,-9.532,-421.04,2
RCL,2020-09-21,2020-09-22,2020-09-28,5-10%,-5.134,62.1521,65.3845,tp_gap_filled,71.1337,4421.11,4421.11,4651.04,5.201,229.94,4
CDNS,2020-09-08,2020-09-17,2020-09-29,5-10%,-5.553,100.1,105.7741,tp_gap_filled,44.431,4447.55,4447.55,4699.65,5.668,252.11,8
CRH,2020-09-21,2020-09-22,2020-10-05,5-10%,-5.112,35.6756,37.5224,tp_gap_filled,123.9468,4421.88,4421.88,4650.79,5.177,228.91,9
CNC,2020-09-21,2020-09-30,2020-10-05,5-10%,-5.12,58.058,61.0689,tp_gap_filled,75.9907,4411.87,4411.87,4640.66,5.186,228.8,3
WYNN,2020-09-21,2020-09-22,2020-10-06,5-10%,-5.097,73.8137,77.6223,tp_gap_filled,59.9223,4423.09,4423.09,4651.3,5.16,228.22,10
COHR,2020-09-03,2020-09-29,2020-10-07,5-10%,-5.174,42.012,44.2157,tp_gap_filled,105.1398,4417.13,4417.13,4648.84,5.246,231.7,6
DAL,2020-09-21,2020-09-28,2020-10-08,5-10%,-5.116,31.1912,32.8072,tp_gap_filled,141.8218,4423.59,4423.59,4652.77,5.181,229.18,8
NDSN,2020-08-20,2020-08-27,2020-10-12,5-10%,-5.305,193.5033,203.9359,tp_gap_filled,22.841,4419.82,4419.82,4658.11,5.391,238.29,31
ACN,2020-09-24,2020-09-28,2020-10-12,5-10%,-5.107,219.0889,230.4193,tp_gap_filled,20.1957,4424.64,4424.64,4653.47,5.172,228.83,10
TSLA,2020-10-02,2020-10-05,2020-10-12,5-10%,-5.973,140.6038,149.2373,tp_gap_filled,31.7454,4463.53,4463.53,4737.6,6.14,274.07,5
CCL,2020-10-02,2020-10-13,2020-10-22,5-10%,-5.123,14.2743,15.015,tp_gap_filled,316.4723,4517.41,4517.41,4751.82,5.189,234.41,7
DDOG,2020-10-15,2020-10-21,2020-10-23,5-10%,-5.592,107.3072,97.6749,stop,41.9742,4504.14,4504.14,4099.83,-8.976,-404.31,2
APA,2020-10-02,2020-10-26,2020-10-28,5-10%,-5.156,8.8388,8.11,stop,508.8385,4497.54,4497.54,4126.68,-8.246,-370.86,2
CMG,2020-10-22,2020-10-26,2020-11-02,5-10%,-5.448,25.87,23.6107,stop,173.7271,4494.33,4494.33,4101.81,-8.734,-392.51,5
HST,2020-09-29,2020-10-29,2020-11-02,5-10%,-5.764,10.3103,10.9191,tp_gap_filled,430.228,4435.78,4435.78,4697.69,5.904,261.91,2
FAST,2020-10-13,2020-10-14,2020-11-04,5-10%,-5.059,22.6376,23.7962,tp_gap_filled,199.2297,4510.09,4510.09,4740.91,5.118,230.82,15
CNC,2020-10-27,2020-10-28,2020-11-05,5-10%,-5.573,62.7527,66.3236,tp_gap_filled,70.895,4448.85,4448.85,4702.01,5.69,253.16,6
UAL,2020-10-02,2020-10-28,2020-11-05,5-10%,-5.173,33.3934,35.1448,tp_gap_filled,133.0566,4443.21,4443.21,4676.25,5.245,233.04,6
FSLR,2020-11-04,2020-11-05,2020-11-06,5-10%,-5.708,82.3423,87.1528,tp_gap_filled,54.7441,4507.75,4507.75,4771.1,5.842,263.35,1
IEX,2020-10-28,2020-11-02,2020-11-09,5-10%,-5.086,176.7165,185.814,tp_gap_filled,25.1977,4452.85,4452.85,4682.08,5.148,229.24,5
CAT,2020-11-04,2020-11-05,2020-11-09,5-10%,-5.075,159.3392,167.5223,tp_gap_filled,28.3886,4523.41,4523.41,4755.72,5.136,232.31,2
PCG,2020-10-12,2020-10-22,2020-11-11,5-10%,-5.855,10.1401,10.7492,tp_gap_filled,443.464,4496.78,4496.78,4766.9,6.007,270.12,14
CRWD,2020-09-08,2020-11-10,2020-11-11,5-10%,-5.056,29.7447,31.2662,tp_gap_filled,152.4264,4533.88,4533.88,4765.8,5.115,231.91,1
HAS,2020-10-26,2020-11-09,2020-11-17,5-10%,-5.413,87.107,91.908,tp_gap_filled,52.1069,4538.88,4538.88,4789.04,5.512,250.16,6
NEM,2020-11-09,2020-11-10,2020-11-24,5-10%,-5.709,64.3142,58.4149,stop,70.4642,4531.85,4531.85,4116.16,-9.173,-415.69,10
EBAY,2020-11-09,2020-11-11,2020-11-24,5-10%,-5.307,48.048,50.6393,tp_gap_filled,95.0542,4567.16,4567.16,4813.48,5.393,246.31,9
BBY,2020-11-24,2020-11-25,2020-12-03,5-10%,-5.121,115.9058,106.4149,stop,39.4629,4573.97,4573.97,4199.44,-8.188,-374.54,5
NFLX,2020-11-09,2020-11-11,2020-12-07,5-10%,-5.671,48.6026,51.4215,tp_gap_filled,93.9239,4564.94,4564.94,4829.71,5.8,264.77,17
LOW,2020-11-18,2020-11-19,2020-12-09,5-10%,-5.936,150.5204,159.7001,tp_gap_filled,30.3407,4566.9,4566.9,4845.42,6.099,278.52,13
DASH,2020-12-10,2020-12-11,2020-12-14,5-10%,-5.171,179.8897,165.0099,stop,25.4077,4570.58,4570.58,4192.52,-8.272,-378.06,1
AKAM,2020-10-28,2020-11-05,2020-12-18,5-10%,-5.182,101.2812,106.6033,tp_gap_filled,44.6305,4520.22,4520.22,4757.75,5.255,237.53,30
CCL,2020-12-21,2020-12-22,2020-12-28,5-10%,-5.778,20.2402,21.4385,tp_gap_filled,225.3876,4561.89,4561.89,4831.98,5.92,270.09,3
KMB,2020-10-22,2020-11-16,2021-01-12,5-10%,-5.142,140.8907,129.3049,stop,32.5011,4579.11,4579.11,4202.56,-8.223,-376.55,38
DXCM,2020-10-27,2021-01-08,2021-01-12,5-10%,-5.447,98.9063,90.2687,stop,46.3571,4585.01,4585.01,4184.59,-8.733,-400.42,2
DPZ,2020-10-08,2020-10-13,2021-01-13,5-10%,-5.835,406.3059,381.4781,time_exit,11.1163,4516.62,4516.62,4240.63,-6.111,-275.99,63
CHRW,2020-10-28,2020-11-09,2021-01-20,5-10%,-5.598,94.5244,99.93,tp_gap_filled,48.0334,4540.33,4540.33,4799.97,5.719,259.65,48
FCX,2021-01-11,2021-01-22,2021-01-26,5-10%,-5.233,29.5495,27.075,stop,154.3486,4560.93,4560.93,4178.99,-8.374,-381.94,2
TSLA,2021-01-28,2021-01-29,2021-02-02,5-10%,-5.11,273.6067,287.7653,tp_gap_filled,16.5187,4519.62,4519.62,4753.5,5.175,233.88,2
INTC,2021-01-22,2021-02-04,2021-02-12,5-10%,-5.78,58.9088,62.3975,tp_gap_filled,77.1527,4544.98,4544.98,4814.14,5.922,269.16,6
CAH,2020-11-17,2020-11-18,2021-02-22,5-10%,-5.935,55.055,52.0779,time_exit,82.915,4564.89,4564.89,4318.04,-5.408,-246.85,63
NRG,2021-02-16,2021-02-17,2021-02-22,5-10%,-5.553,40.6907,37.065,stop,111.7018,4545.22,4545.22,4140.22,-8.91,-405.0,3
PLTR,2021-02-16,2021-02-22,2021-02-23,5-10%,-5.923,30.05,27.185,stop,150.9503,4536.06,4536.06,4103.58,-9.534,-432.48,1
ALB,2021-02-04,2021-02-19,2021-02-24,5-10%,-5.523,153.0929,161.7181,tp_gap_filled,29.7408,4553.11,4553.11,4809.63,5.634,256.52,3
CSGP,2021-02-16,2021-02-17,2021-02-25,5-10%,-5.323,89.063,81.4709,stop,50.976,4540.08,4540.08,4153.07,-8.524,-387.01,6
XYZ,2021-02-24,2021-02-25,2021-02-26,5-10%,-5.254,243.3531,222.8898,stop,18.4321,4485.5,4485.5,4108.32,-8.409,-377.18,1
PYPL,2021-02-23,2021-02-24,2021-03-01,5-10%,-5.171,259.9497,273.5762,tp_gap_filled,17.3161,4501.31,4501.31,4737.26,5.242,235.96,3
ABNB,2021-03-01,2021-03-02,2021-03-03,5-10%,-5.103,196.0158,180.0248,stop,22.9321,4495.06,4495.06,4128.35,-8.158,-366.71,1
WMT,2021-02-18,2021-02-19,2021-03-04,5-10%,-5.571,46.3797,42.2333,stop,98.1985,4554.42,4554.42,4147.25,-8.94,-407.17,9
DXCM,2021-02-12,2021-02-26,2021-03-04,5-10%,-5.417,97.092,88.6624,stop,45.9566,4462.02,4462.02,4074.63,-8.682,-387.4,4
TKO,2021-02-05,2021-03-02,2021-03-08,5-10%,-5.321,53.073,55.944,tp_gap_filled,84.7096,4495.79,4495.79,4738.99,5.409,243.2,4
MRNA,2021-01-19,2021-03-05,2021-03-08,5-10%,-5.823,122.2221,129.5203,tp_gap_filled,36.4668,4457.05,4457.05,4723.19,5.971,266.14,1
APD,2021-02-04,2021-02-12,2021-03-11,5-10%,-5.329,262.1218,276.3234,tp_gap_filled,17.3432,4546.04,4546.04,4792.34,5.418,246.3,18
MRVL,2021-03-04,2021-03-09,2021-03-11,5-10%,-5.487,43.1031,45.5144,tp_gap_filled,103.803,4474.23,4474.23,4724.54,5.594,250.31,2
NTAP,2021-02-25,2021-03-10,2021-03-18,5-10%,-5.058,68.0179,71.4984,tp_gap_filled,65.8339,4477.89,4477.89,4707.02,5.117,229.13,6
CHRW,2021-01-27,2021-01-28,2021-03-26,5-10%,-5.99,91.7517,97.4025,tp_gap_filled,49.5095,4542.58,4542.58,4822.35,6.159,279.77,40
JKHY,2021-02-09,2021-02-10,2021-03-29,5-10%,-5.885,149.0489,158.0518,tp_gap_filled,30.4713,4541.72,4541.72,4816.05,6.04,274.33,32
VRSK,2021-02-24,2021-03-09,2021-04-15,5-10%,-5.05,176.176,185.1746,tp_gap_filled,25.4186,4478.16,4478.16,4706.89,5.108,228.73,26
LDOS,2021-02-23,2021-03-18,2021-05-03,5-10%,-5.665,98.0179,103.6962,tp_gap_filled,45.9395,4502.9,4502.9,4763.75,5.793,260.86,31
PAYX,2021-04-06,2021-04-07,2021-05-04,5-10%,-5.331,95.105,100.2596,tp_gap_filled,47.6864,4535.21,4535.21,4781.02,5.42,245.81,19
AMGN,2021-04-28,2021-05-03,2021-05-07,5-10%,-5.335,241.7615,254.8749,tp_gap_filled,18.8432,4555.56,4555.56,4802.66,5.424,247.1,4
UBER,2021-05-06,2021-05-07,2021-05-11,5-10%,-5.451,48.4384,44.205,stop,94.5394,4579.34,4579.34,4179.11,-8.74,-400.23,2
INTC,2021-04-23,2021-04-26,2021-05-12,5-10%,-5.45,59.2192,54.0449,stop,76.8972,4553.79,4553.79,4155.9,-8.737,-397.88,12
PODD,2021-05-07,2021-05-18,2021-05-20,5-10%,-5.186,240.27,252.9068,tp_gap_filled,18.8689,4533.64,4533.64,4772.08,5.259,238.44,2
ALB,2021-05-06,2021-05-07,2021-05-27,5-10%,-5.63,157.8977,166.9828,tp_gap_filled,28.9577,4572.36,4572.36,4835.44,5.754,263.08,14
FCX,2021-05-19,2021-05-20,2021-06-01,5-10%,-5.478,41.2812,43.5864,tp_gap_filled,110.1109,4545.52,4545.52,4799.34,5.584,253.82,7
ABNB,2021-05-11,2021-05-12,2021-06-02,5-10%,-5.2,139.2391,146.5833,tp_gap_filled,32.5601,4533.63,4533.63,4772.76,5.274,239.13,14
HPQ,2021-05-28,2021-06-04,2021-06-18,5-10%,-5.109,30.4905,28.0,stop,150.4304,4586.69,4586.69,4212.05,-8.168,-374.65,10
DXCM,2021-04-30,2021-06-11,2021-06-21,5-10%,-5.146,100.1,105.3196,tp_gap_filled,45.7691,4581.49,4581.49,4820.38,5.214,238.9,6
ABT,2021-06-01,2021-06-07,2021-06-29,5-10%,-5.572,110.2602,116.5334,tp_gap_filled,41.5734,4583.89,4583.89,4844.69,5.689,260.8,16
BIIB,2021-06-24,2021-06-25,2021-07-09,5-10%,-5.899,350.31,371.5281,tp_gap_filled,13.0664,4577.29,4577.29,4854.54,6.057,277.24,9
COIN,2021-07-08,2021-07-14,2021-07-19,5-10%,-5.147,239.239,219.5448,stop,19.2485,4604.99,4604.99,4225.91,-8.232,-379.08,3
CCL,2021-07-19,2021-07-20,2021-07-21,5-10%,-5.736,19.7397,20.8991,tp_gap_filled,231.5957,4571.63,4571.63,4840.14,5.873,268.5,1
APA,2021-07-19,2021-07-20,2021-07-21,5-10%,-5.395,17.027,17.962,tp_gap_filled,269.4794,4588.43,4588.43,4840.39,5.491,251.97,1
FANG,2021-07-19,2021-07-20,2021-07-21,5-10%,-5.271,74.3042,78.2816,tp_gap_filled,61.8486,4595.61,4595.61,4841.61,5.353,246.0,1
UAL,2021-07-19,2021-07-20,2021-07-21,5-10%,-5.021,43.7437,45.964,tp_gap_filled,105.1012,4597.51,4597.51,4830.87,5.076,233.35,1
FCX,2021-07-08,2021-07-15,2021-07-26,5-10%,-5.993,34.074,36.1738,tp_gap_filled,134.8014,4593.23,4593.23,4876.28,6.162,283.05,7
RF,2021-04-23,2021-07-08,2021-08-11,5-10%,-5.914,19.1091,20.2697,tp_gap_filled,240.581,4597.28,4597.28,4876.51,6.074,279.22,24
OXY,2021-07-19,2021-08-17,2021-08-19,5-10%,-5.975,24.4144,22.065,stop,191.5052,4675.48,4675.48,4225.56,-9.623,-449.92,2
DLTR,2021-05-27,2021-06-04,2021-08-27,5-10%,-5.651,102.4423,93.1449,stop,44.7875,4588.13,4588.13,4171.72,-9.076,-416.41,59
WTW,2021-07-26,2021-08-05,2021-09-02,5-10%,-5.04,215.215,226.1836,tp_gap_filled,21.5748,4643.22,4643.22,4879.87,5.097,236.65,20
BDX,2021-08-05,2021-08-06,2021-09-02,5-10%,-5.676,184.4764,195.1873,tp_gap_filled,25.225,4653.42,4653.42,4923.61,5.806,270.18,19
APP,2021-06-30,2021-09-02,2021-09-08,5-10%,-5.94,78.4494,70.9474,stop,59.2391,4647.27,4647.27,4202.86,-9.563,-444.41,3
PTC,2021-07-29,2021-08-05,2021-09-13,5-10%,-5.983,136.6966,123.5249,stop,33.9858,4645.75,4645.75,4198.1,-9.636,-447.65,26
TTWO,2021-08-03,2021-08-04,2021-09-20,5-10%,-5.9,163.153,147.6599,stop,28.4997,4649.82,4649.82,4208.27,-9.496,-441.55,32
APTV,2021-08-05,2021-08-17,2021-09-20,5-10%,-5.057,157.4973,144.7698,stop,29.662,4671.68,4671.68,4294.16,-8.081,-377.52,23
CCI,2021-07-22,2021-07-23,2021-09-28,5-10%,-5.057,191.1209,175.6748,stop,24.286,4641.56,4641.56,4266.44,-8.082,-375.12,46
VEEV,2021-09-02,2021-09-03,2021-09-28,5-10%,-5.97,314.2039,283.9947,stop,14.7892,4646.82,4646.82,4200.05,-9.615,-446.77,16
PYPL,2021-07-29,2021-08-30,2021-09-29,5-10%,-5.5,285.6554,260.4547,stop,16.1577,4615.53,4615.53,4208.35,-8.822,-407.18,21
AKAM,2021-08-04,2021-08-05,2021-10-01,5-10%,-5.233,113.6636,104.1449,stop,40.8557,4643.8,4643.8,4254.91,-8.374,-388.89,40
IDXX,2021-07-30,2021-08-11,2021-10-01,5-10%,-5.375,666.9763,609.5344,stop,7.006,4672.8,4672.8,4270.37,-8.612,-402.44,36
UPS,2021-07-27,2021-08-17,2021-10-01,5-10%,-5.618,198.2681,180.3848,stop,23.5655,4672.28,4672.28,4250.85,-9.02,-421.43,32
EQT,2021-09-29,2021-09-30,2021-10-05,5-10%,-5.797,20.8208,22.0579,tp_gap_filled,213.1494,4437.94,4437.94,4701.63,5.942,263.69,3
LVS,2021-09-15,2021-09-16,2021-10-11,5-10%,-5.58,36.5865,38.6713,tp_gap_filled,124.5193,4555.73,4555.73,4815.32,5.698,259.59,17
CHRW,2021-07-28,2021-09-20,2021-10-11,5-10%,-5.212,86.6466,91.2287,tp_gap_filled,52.117,4515.76,4515.76,4754.56,5.288,238.81,15
VMC,2021-08-04,2021-09-17,2021-10-18,5-10%,-5.369,171.3111,180.6692,tp_gap_filled,26.5216,4543.44,4543.44,4791.63,5.463,248.19,21
NKE,2021-09-24,2021-10-07,2021-10-19,5-10%,-5.352,151.191,159.4204,tp_gap_filled,29.5158,4462.52,4462.52,4705.42,5.443,242.9,8
HUM,2021-07-28,2021-10-14,2021-10-26,5-10%,-5.029,444.434,467.0325,tp_gap_filled,10.0953,4486.69,4486.69,4714.83,5.085,228.14,8
TTD,2021-10-22,2021-10-26,2021-11-05,5-10%,-5.342,76.8067,70.2349,stop,58.6703,4506.27,4506.27,4120.7,-8.556,-385.57,8
SBUX,2021-10-29,2021-11-01,2021-11-05,5-10%,-5.035,107.6075,113.0868,tp_gap_filled,41.9417,4513.24,4513.24,4743.05,5.092,229.81,4
GLW,2021-10-26,2021-10-27,2021-11-08,5-10%,-5.335,36.5865,38.5714,tp_gap_filled,122.8307,4493.95,4493.95,4737.75,5.425,243.8,8
CHTR,2021-10-29,2021-11-01,2021-11-10,5-10%,-5.491,668.1575,705.5637,tp_gap_filled,6.7531,4512.15,4512.15,4764.76,5.598,252.61,7
TSLA,2021-11-08,2021-11-09,2021-11-10,5-10%,-5.916,383.6466,347.113,stop,11.8613,4550.53,4550.53,4117.2,-9.523,-433.33,1
LII,2021-10-25,2021-10-27,2021-11-11,5-10%,-5.0,296.8666,311.8678,tp_gap_filled,15.1001,4482.71,4482.71,4709.23,5.053,226.52,11
OTIS,2021-10-25,2021-10-26,2021-11-12,5-10%,-5.302,81.1711,85.5444,tp_gap_filled,55.5148,4506.19,4506.19,4748.97,5.388,242.78,13
TTD,2021-11-10,2021-11-11,2021-11-12,5-10%,-5.253,92.082,96.9929,tp_gap_filled,49.0716,4518.61,4518.61,4759.59,5.333,240.99,1
GPN,2021-11-02,2021-11-04,2021-11-17,5-10%,-5.342,138.168,126.3449,stop,32.7978,4531.6,4531.6,4143.83,-8.557,-387.77,9
PHM,2021-09-08,2021-10-15,2021-11-19,5-10%,-5.539,49.8498,52.6673,tp_gap_filled,90.0125,4487.1,4487.1,4740.71,5.652,253.61,25
INCY,2021-11-02,2021-11-03,2021-11-26,5-10%,-5.494,65.6055,69.2806,tp_gap_filled,69.0986,4533.25,4533.25,4787.2,5.602,253.94,16
HCA,2021-10-22,2021-10-25,2021-11-30,5-10%,-5.185,246.7665,226.2998,stop,18.2994,4515.68,4515.68,4141.15,-8.294,-374.53,25
DG,2021-08-26,2021-09-01,2021-12-01,5-10%,-5.968,220.9507,222.5672,time_exit,20.9902,4637.81,4637.81,4671.74,0.732,33.93,63
UHS,2021-10-26,2021-10-27,2021-12-01,5-10%,-5.004,127.127,116.9649,stop,35.2923,4486.6,4486.6,4127.96,-7.994,-358.64,24
EMR,2021-11-03,2021-11-17,2021-12-01,5-10%,-5.372,94.8648,86.6999,stop,47.8176,4536.2,4536.2,4145.78,-8.607,-390.42,9
UBER,2021-11-26,2021-11-29,2021-12-01,5-10%,-5.87,39.6496,35.905,stop,114.0727,4522.94,4522.94,4095.78,-9.444,-427.16,2
APA,2021-11-30,2021-12-01,2021-12-03,5-10%,-5.889,25.2752,26.8032,tp_gap_filled,174.0812,4399.95,4399.95,4665.93,6.045,265.98,2
DDOG,2021-11-23,2021-12-01,2021-12-03,5-10%,-5.61,170.7806,155.3998,stop,25.7624,4399.73,4399.73,4003.48,-9.006,-396.25,2
HWM,2021-11-26,2021-11-29,2021-12-06,5-10%,-5.63,29.029,30.6993,tp_gap_filled,155.8394,4523.86,4523.86,4784.16,5.754,260.29,5
EW,2021-10-28,2021-11-26,2021-12-07,5-10%,-5.23,110.11,115.9539,tp_gap_filled,41.1057,4526.15,4526.15,4766.37,5.307,240.22,7
MA,2021-11-26,2021-11-29,2021-12-07,5-10%,-5.418,321.9016,339.66,tp_gap_filled,14.0345,4517.74,4517.74,4766.97,5.517,249.23,6
COP,2021-11-26,2021-11-30,2021-12-07,5-10%,-5.746,70.6005,74.7552,tp_gap_filled,63.2019,4462.09,4462.09,4724.67,5.885,262.58,5
MPC,2021-11-26,2021-11-30,2021-12-07,5-10%,-5.546,61.031,64.4855,tp_gap_filled,73.0493,4458.27,4458.27,4710.62,5.66,252.35,5
TRGP,2021-11-26,2021-12-01,2021-12-15,5-10%,-5.276,53.7337,49.195,stop,81.7304,4391.68,4391.68,4020.72,-8.447,-370.95,10
APP,2021-12-03,2021-12-15,2021-12-16,5-10%,-5.89,85.085,90.2297,tp_gap_filled,52.7245,4486.07,4486.07,4757.32,6.047,271.25,1
HST,2021-11-26,2021-11-29,2021-12-20,5-10%,-5.537,16.5665,15.095,stop,272.8233,4519.74,4519.74,4118.26,-8.883,-401.48,15
GE,2021-11-26,2021-11-30,2021-12-20,5-10%,-5.448,60.281,55.0154,stop,73.9472,4457.61,4457.61,4068.24,-8.735,-389.37,14
TDG,2021-11-26,2021-11-29,2021-12-23,5-10%,-5.825,582.582,617.382,tp_gap_filled,7.7641,4523.23,4523.23,4793.42,5.973,270.19,18
IBM,2021-10-21,2021-12-17,2022-01-03,5-10%,-5.913,127.7663,135.524,tp_gap_filled,35.1859,4495.57,4495.57,4768.54,6.072,272.96,10
EOG,2021-11-26,2021-11-30,2022-01-04,5-10%,-5.61,87.9178,92.957,tp_gap_filled,50.736,4460.6,4460.6,4716.27,5.732,255.66,24
ALB,2021-12-15,2021-12-16,2022-01-04,5-10%,-5.951,229.5493,243.5862,tp_gap_filled,19.5915,4497.22,4497.22,4772.22,6.115,275.0,12
BIIB,2021-12-30,2022-01-03,2022-01-12,5-10%,-5.079,245.4352,225.5098,stop,18.4923,4538.65,4538.65,4170.18,-8.118,-368.47,7
FSLR,2021-12-20,2021-12-21,2022-01-21,5-10%,-5.764,87.8778,79.7349,stop,51.1271,4492.94,4492.94,4076.62,-9.266,-416.32,21
DXCM,2022-01-10,2022-01-14,2022-01-24,5-10%,-5.794,111.1535,100.7974,stop,40.6682,4520.42,4520.42,4099.25,-9.317,-421.17,5
RF,2022-01-20,2022-01-21,2022-01-26,5-10%,-5.581,22.3523,23.6263,tp_gap_filled,199.5551,4460.52,4460.52,4714.76,5.7,254.24,3
HOOD,2022-01-24,2022-01-27,2022-01-28,5-10%,-5.624,12.2622,11.155,stop,362.4558,4444.52,4444.52,4043.19,-9.03,-401.33,1
PLTR,2022-01-24,2022-01-26,2022-01-31,5-10%,-5.469,12.8028,13.5165,tp_gap_filled,348.5116,4461.92,4461.92,4710.65,5.574,248.73,3
PTC,2022-01-27,2022-01-28,2022-01-31,5-10%,-5.093,107.8077,113.3665,tp_gap_filled,41.2753,4449.8,4449.8,4679.24,5.156,229.44,1
GE,2022-01-25,2022-01-26,2022-02-01,5-10%,-5.975,56.8261,60.3162,tp_gap_filled,78.6004,4466.55,4466.55,4740.88,6.142,274.33,4
TXN,2021-10-27,2021-12-17,2022-02-04,5-10%,-5.757,185.8256,168.6298,stop,24.189,4494.93,4494.93,4078.98,-9.254,-415.95,33
COF,2022-01-26,2022-01-27,2022-02-07,5-10%,-5.396,144.0939,152.0078,tp_gap_filled,30.7626,4432.7,4432.7,4676.15,5.492,243.45,7
DRI,2021-12-17,2022-01-18,2022-02-09,5-10%,-5.104,139.7596,146.9829,tp_gap_filled,32.1173,4488.7,4488.7,4720.69,5.168,231.99,16
COIN,2022-01-21,2022-02-07,2022-02-11,5-10%,-5.252,210.19,192.5198,stop,21.3427,4486.02,4486.02,4108.89,-8.407,-377.13,4
PCG,2022-02-01,2022-02-02,2022-02-14,5-10%,-5.16,12.1421,11.14,stop,372.3557,4521.19,4521.19,4148.04,-8.253,-373.15,8
DECK,2022-02-04,2022-02-07,2022-02-16,5-10%,-5.324,50.8842,53.638,tp_gap_filled,88.2935,4492.74,4492.74,4735.89,5.412,243.14,7
FSLR,2022-02-03,2022-02-09,2022-02-22,5-10%,-5.421,72.3022,66.0199,stop,62.8102,4541.32,4541.32,4146.72,-8.689,-394.59,8
BF-B,2021-12-08,2022-01-06,2022-02-24,5-10%,-5.201,69.6996,63.8999,stop,64.9167,4524.67,4524.67,4148.17,-8.321,-376.5,33
GS,2022-01-18,2022-02-01,2022-02-24,5-10%,-5.486,360.4,328.6897,stop,12.4929,4502.45,4502.45,4106.3,-8.799,-396.16,16
FISV,2022-02-08,2022-02-10,2022-02-24,5-10%,-5.874,99.7697,90.3399,stop,44.9566,4485.31,4485.31,4061.38,-9.452,-423.93,9
AMZN,2022-02-03,2022-02-24,2022-02-25,5-10%,-5.893,141.8792,150.4619,tp_gap_filled,30.8597,4378.35,4378.35,4643.21,6.049,264.86,1
WYNN,2022-02-24,2022-03-01,2022-03-02,5-10%,-5.758,82.2522,87.1028,tp_gap_filled,53.5068,4401.05,4401.05,4660.59,5.897,259.54,1
PNW,2021-10-07,2021-12-29,2022-03-04,5-10%,-5.527,70.1501,74.1058,tp_gap_filled,64.4968,4524.46,4524.46,4779.59,5.639,255.13,45
RCL,2022-02-24,2022-03-01,2022-03-04,5-10%,-5.397,75.8057,69.2499,stop,58.0625,4401.47,4401.47,4020.82,-8.648,-380.65,3
CRL,2022-02-16,2022-02-17,2022-03-07,5-10%,-5.959,294.294,266.0547,stop,15.0479,4428.51,4428.51,4003.57,-9.596,-424.94,11
LUV,2022-02-24,2022-03-01,2022-03-07,5-10%,-5.658,41.5615,37.785,stop,105.853,4399.41,4399.41,3999.65,-9.087,-399.76,4
CVNA,2022-02-24,2022-03-04,2022-03-08,5-10%,-5.288,21.5495,19.725,stop,204.9962,4417.57,4417.57,4043.55,-8.467,-374.03,2
ALB,2022-02-24,2022-03-07,2022-03-08,5-10%,-5.352,172.4323,181.818,tp_gap_filled,25.2273,4349.99,4349.99,4586.77,5.443,236.78,1
MRVL,2022-02-24,2022-03-07,2022-03-08,5-10%,-5.276,61.4614,64.7552,tp_gap_filled,70.769,4349.56,4349.56,4582.66,5.359,233.1,1
ABNB,2022-02-24,2022-03-04,2022-03-09,5-10%,-5.825,141.4413,149.89,tp_gap_filled,31.2187,4415.61,4415.61,4679.36,5.973,263.76,3
PYPL,2022-02-24,2022-03-07,2022-03-09,5-10%,-5.937,94.8347,100.6193,tp_gap_filled,45.904,4353.29,4353.29,4618.83,6.1,265.53,2
TTD,2022-01-24,2022-03-14,2022-03-15,5-10%,-5.265,56.3763,51.6249,stop,77.6182,4375.83,4375.83,4007.04,-8.428,-368.79,1
PODD,2022-02-24,2022-03-14,2022-03-16,5-10%,-5.554,218.218,230.5892,tp_gap_filled,20.0814,4382.11,4382.11,4630.54,5.669,248.43,2
ADP,2022-01-26,2022-01-31,2022-03-18,5-10%,-5.252,205.6955,216.6631,tp_gap_filled,21.8269,4489.69,4489.69,4729.08,5.332,239.39,33
V,2022-02-24,2022-03-04,2022-03-18,5-10%,-5.825,203.5734,215.734,tp_gap_filled,21.708,4419.17,4419.17,4683.16,5.974,263.98,10
MCO,2022-03-10,2022-03-11,2022-03-18,5-10%,-5.274,306.5663,322.9867,tp_gap_filled,14.3338,4394.26,4394.26,4629.62,5.356,235.37,5
FERG,2022-03-10,2022-03-17,2022-03-18,5-10%,-5.853,140.8907,149.3505,tp_gap_filled,31.5953,4451.48,4451.48,4718.77,6.004,267.29,1
F,2022-02-24,2022-03-07,2022-03-21,5-10%,-5.664,16.006,16.9331,tp_gap_filled,271.8034,4350.48,4350.48,4602.46,5.792,251.98,10
HAL,2022-03-15,2022-03-16,2022-03-21,5-10%,-5.143,34.5245,36.3236,tp_gap_filled,128.1695,4424.99,4424.99,4655.58,5.211,230.6,3
MDT,2021-12-15,2022-01-03,2022-03-29,5-10%,-5.444,105.7156,111.5783,tp_gap_filled,42.9248,4537.82,4537.82,4789.48,5.546,251.66,59
PSX,2022-03-09,2022-03-10,2022-03-30,5-10%,-5.705,79.5795,84.2257,tp_gap_filled,55.3629,4405.75,4405.75,4662.98,5.838,257.23,14
T,2022-02-01,2022-02-02,2022-04-11,5-10%,-5.137,18.2887,19.2406,tp_gap_filled,247.3226,4523.2,4523.2,4758.62,5.205,235.43,47
HOOD,2022-04-08,2022-04-11,2022-04-12,5-10%,-5.054,11.4715,12.0579,tp_gap_filled,392.7289,4505.17,4505.17,4735.5,5.112,230.32,1
TYL,2022-02-17,2022-03-22,2022-04-14,5-10%,-5.371,444.9545,406.6646,stop,10.0675,4479.6,4479.6,4094.11,-8.605,-385.48,17
PYPL,2022-04-13,2022-04-14,2022-04-21,5-10%,-5.229,102.6926,94.0999,stop,43.8846,4506.63,4506.63,4129.54,-8.367,-377.09,4
BAX,2022-02-17,2022-03-08,2022-04-22,5-10%,-5.086,80.8808,74.3049,stop,54.0027,4367.78,4367.78,4012.67,-8.13,-355.11,32
OXY,2022-03-09,2022-04-25,2022-04-26,5-10%,-5.073,51.8818,54.5454,tp_gap_filled,86.2569,4475.16,4475.16,4704.91,5.134,229.75,1
PCG,2022-04-14,2022-04-18,2022-04-28,5-10%,-5.447,12.1621,12.8372,tp_gap_filled,369.8377,4498.02,4498.02,4747.66,5.55,249.64,8
LH,2022-04-28,2022-05-02,2022-05-04,5-10%,-5.394,205.8672,217.1709,tp_gap_filled,21.8103,4490.02,4490.02,4736.55,5.491,246.54,2
CRL,2022-04-25,2022-05-04,2022-05-09,5-10%,-5.853,257.307,233.0797,stop,17.566,4519.86,4519.86,4094.28,-9.416,-425.58,3
CRWD,2022-02-24,2022-05-09,2022-05-10,5-10%,-5.147,38.4134,35.2512,stop,116.5078,4475.46,4475.46,4107.04,-8.232,-368.42,1
WFC,2022-04-14,2022-04-25,2022-05-12,5-10%,-5.459,45.9359,41.915,stop,97.4332,4475.68,4475.68,4083.91,-8.753,-391.77,13
AMGN,2022-04-28,2022-04-29,2022-05-23,5-10%,-5.249,235.9657,248.5412,tp_gap_filled,19.0483,4494.74,4494.74,4734.28,5.329,239.54,16
GOOGL,2022-05-24,2022-05-25,2022-05-27,5-10%,-5.127,105.8778,111.3765,tp_gap_filled,42.1957,4467.59,4467.59,4699.61,5.193,232.02,2
PSKY,2022-04-20,2022-05-31,2022-06-01,5-10%,-5.017,34.4945,31.73,stop,130.2046,4491.34,4491.34,4131.39,-8.014,-359.95,1
DPZ,2022-04-28,2022-05-02,2022-06-02,5-10%,-5.889,351.301,372.5371,tp_gap_filled,12.7814,4490.13,4490.13,4761.56,6.045,271.43,22
EMR,2022-05-04,2022-05-09,2022-06-06,5-10%,-5.217,85.8458,90.3895,tp_gap_filled,52.1774,4479.2,4479.2,4716.29,5.293,237.08,19
DASH,2022-06-03,2022-06-06,2022-06-08,5-10%,-5.578,68.9689,72.897,tp_gap_filled,64.9891,4482.23,4482.23,4737.51,5.696,255.29,2
LYB,2022-06-03,2022-06-06,2022-06-13,5-10%,-5.944,108.5084,98.1249,stop,41.3265,4484.28,4484.28,4055.16,-9.569,-429.11,5
TSLA,2022-06-03,2022-06-06,2022-06-13,5-10%,-5.848,243.4699,220.5664,stop,18.4294,4487.01,4487.01,4064.91,-9.407,-422.1,5
DASH,2022-06-13,2022-06-14,2022-06-15,5-10%,-5.806,58.6286,62.1178,tp_gap_filled,75.721,4439.41,4439.41,4703.62,5.951,264.21,1
DELL,2022-03-31,2022-05-27,2022-06-16,5-10%,-5.56,51.3513,46.77,stop,87.6043,4498.59,4498.59,4097.25,-8.922,-401.35,13
DVN,2022-06-13,2022-06-14,2022-06-16,5-10%,-5.117,70.3403,64.5849,stop,63.1043,4438.78,4438.78,4075.59,-8.182,-363.19,2
DDOG,2022-06-13,2022-06-15,2022-06-16,5-10%,-5.79,90.7206,82.2749,stop,49.1596,4459.79,4459.79,4044.6,-9.31,-415.19,1
ABNB,2022-06-13,2022-06-15,2022-06-16,5-10%,-5.564,102.9528,93.7599,stop,43.2861,4456.42,4456.42,4058.5,-8.929,-397.93,1
NVDA,2022-05-26,2022-06-13,2022-06-21,5-10%,-5.532,16.052,16.958,tp_gap_filled,276.5994,4439.98,4439.98,4690.58,5.644,250.6,5
DASH,2022-06-16,2022-06-17,2022-06-21,5-10%,-5.973,59.8798,63.5564,tp_gap_filled,73.1393,4379.57,4379.57,4648.47,6.14,268.9,1
ABNB,2022-06-16,2022-06-17,2022-06-21,5-10%,-5.204,96.2862,101.3685,tp_gap_filled,45.5536,4386.19,4386.19,4617.71,5.278,231.52,1
COIN,2022-06-10,2022-06-21,2022-06-22,5-10%,-5.897,60.06,54.3599,stop,73.5145,4415.28,4415.28,3996.25,-9.491,-419.04,1
NCLH,2022-06-13,2022-06-24,2022-06-27,5-10%,-5.395,12.4624,13.1468,tp_gap_filled,354.5183,4418.17,4418.17,4660.8,5.492,242.63,1
EOG,2022-06-22,2022-06-23,2022-06-28,5-10%,-5.814,110.9208,117.5324,tp_gap_filled,39.7628,4410.52,4410.52,4673.41,5.961,262.89,3
TRGP,2022-06-22,2022-06-23,2022-06-28,5-10%,-5.01,60.3503,63.4065,tp_gap_filled,72.9207,4400.79,4400.79,4623.65,5.064,222.86,3
BKR,2022-06-22,2022-06-23,2022-06-29,5-10%,-5.085,28.9589,30.4495,tp_gap_filled,152.045,4403.06,4403.06,4629.7,5.147,226.64,4
WSM,2022-06-07,2022-06-10,2022-06-30,5-10%,-5.265,60.4304,55.3374,stop,73.9787,4470.56,4470.56,4093.79,-8.428,-376.77,13
COIN,2022-06-27,2022-07-08,2022-07-11,5-10%,-5.023,59.6196,54.8349,stop,74.5582,4445.13,4445.13,4088.4,-8.025,-356.73,1
NFLX,2022-06-10,2022-06-15,2022-07-18,5-10%,-5.255,18.2823,19.2577,tp_gap_filled,243.5811,4453.21,4453.21,4690.82,5.336,237.6,21
NOW,2022-07-12,2022-07-22,2022-07-26,5-10%,-5.944,92.3422,83.5049,stop,47.9739,4430.02,4430.02,4006.06,-9.57,-423.96,2
COIN,2022-07-21,2022-07-22,2022-07-26,5-10%,-5.673,71.071,64.5949,stop,62.2314,4422.85,4422.85,4019.84,-9.112,-403.01,2
CEG,2022-07-15,2022-07-18,2022-07-28,5-10%,-5.11,55.015,57.8621,tp_gap_filled,80.5982,4434.11,4434.11,4663.58,5.175,229.47,8
ROST,2022-07-26,2022-07-27,2022-08-01,5-10%,-5.095,78.4984,82.5474,tp_gap_filled,55.9863,4394.83,4394.83,4621.52,5.158,226.69,3
MGM,2022-06-10,2022-07-28,2022-08-03,5-10%,-5.303,32.5325,34.2857,tp_gap_filled,135.6292,4412.36,4412.36,4650.14,5.389,237.78,4
TDY,2022-07-27,2022-07-28,2022-08-03,5-10%,-5.242,379.4791,399.6699,tp_gap_filled,11.6288,4412.88,4412.88,4647.68,5.321,234.79,4
RCL,2022-08-01,2022-08-02,2022-08-03,5-10%,-5.012,36.8068,38.6713,tp_gap_filled,120.0279,4417.84,4417.84,4641.63,5.066,223.79,1
BX,2022-06-13,2022-07-28,2022-08-10,5-10%,-5.064,102.2822,107.5224,tp_gap_filled,43.1668,4415.2,4415.2,4641.4,5.123,226.2,9
APA,2022-08-15,2022-08-17,2022-08-18,5-10%,-5.159,32.9429,34.6653,tp_gap_filled,135.1813,4453.27,4453.27,4686.1,5.228,232.84,1
WAT,2022-08-02,2022-08-03,2022-08-23,5-10%,-5.622,345.345,314.1747,stop,12.889,4451.16,4451.16,4049.4,-9.026,-401.75,14
FANG,2022-08-15,2022-08-16,2022-08-23,5-10%,-5.957,125.3252,132.9969,tp_gap_filled,35.6483,4467.63,4467.63,4741.12,6.121,273.48,5
META,2022-07-22,2022-08-08,2022-08-30,5-10%,-5.514,173.2431,157.9199,stop,25.6669,4446.61,4446.61,4053.31,-8.845,-393.3,16
TSN,2022-08-08,2022-08-16,2022-09-01,5-10%,-5.878,82.3923,74.5999,stop,54.2296,4468.1,4468.1,4045.53,-9.458,-422.58,12
LITE,2022-08-16,2022-08-17,2022-09-01,5-10%,-5.396,91.091,83.2149,stop,48.9359,4457.62,4457.62,4072.2,-8.646,-385.42,11
STX,2022-08-31,2022-09-01,2022-09-12,5-10%,-5.776,65.4754,69.3506,tp_gap_filled,67.0565,4390.55,4390.55,4650.41,5.919,259.85,6
NVDA,2022-09-01,2022-09-09,2022-09-15,5-10%,-5.863,14.2232,12.8815,stop,310.7307,4419.59,4419.59,4002.67,-9.433,-416.91,4
DASH,2022-09-13,2022-09-14,2022-09-15,5-10%,-5.79,62.1181,65.8041,tp_gap_filled,70.5006,4379.36,4379.36,4639.23,5.934,259.87,1
CCL,2022-09-13,2022-09-14,2022-09-15,5-10%,-5.0,10.0801,10.5894,tp_gap_filled,435.5918,4390.8,4390.8,4612.66,5.053,221.86,1
LUV,2022-07-28,2022-07-29,2022-09-16,5-10%,-5.862,38.4184,34.795,stop,115.0433,4419.78,4419.78,4002.93,-9.431,-416.85,34
F,2022-08-22,2022-09-01,2022-09-20,5-10%,-5.038,15.0951,13.88,stop,290.9586,4392.04,4392.04,4038.5,-8.05,-353.54,12
NOW,2022-09-13,2022-09-14,2022-09-21,5-10%,-5.52,90.09,82.1129,stop,48.6998,4387.37,4387.37,3998.88,-8.855,-388.48,5
ADSK,2022-09-13,2022-09-15,2022-09-22,5-10%,-5.057,204.4843,187.9598,stop,21.446,4385.36,4385.36,4030.98,-8.081,-354.38,5
EXPE,2022-09-13,2022-09-16,2022-09-22,5-10%,-5.038,106.2161,97.6649,stop,40.9596,4350.57,4350.57,4000.32,-8.051,-350.25,4
JKHY,2022-08-17,2022-08-18,2022-09-23,5-10%,-5.141,200.2,183.7398,stop,22.3777,4480.02,4480.02,4111.68,-8.222,-368.34,25
TTD,2022-09-13,2022-09-14,2022-09-23,5-10%,-5.546,63.7537,58.0799,stop,68.8252,4387.86,4387.86,3997.36,-8.899,-390.5,7
UBER,2022-09-13,2022-09-21,2022-09-23,5-10%,-5.569,30.7207,27.975,stop,140.3763,4312.46,4312.46,3927.02,-8.938,-385.43,2
NCLH,2022-09-13,2022-09-23,2022-09-30,5-10%,-5.405,14.014,12.8,stop,304.4631,4266.75,4266.75,3897.12,-8.663,-369.62,5
APA,2022-09-23,2022-09-29,2022-10-03,5-10%,-5.605,35.065,37.0729,tp_gap_filled,121.1512,4248.17,4248.17,4491.43,5.726,243.25,2
SLB,2022-09-23,2022-09-30,2022-10-03,5-10%,-5.179,36.2862,38.1918,tp_gap_filled,116.1462,4214.51,4214.51,4435.83,5.251,221.32,1
RCL,2022-09-30,2022-10-04,2022-10-05,5-10%,-5.202,41.4114,43.5964,tp_gap_filled,103.1927,4273.35,4273.35,4498.82,5.276,225.47,1
CLX,2022-08-04,2022-09-27,2022-10-10,5-10%,-5.444,136.8367,124.8949,stop,31.1575,4263.49,4263.49,3891.41,-8.727,-372.08,9
GE,2022-09-16,2022-09-21,2022-10-17,5-10%,-5.094,40.786,42.8892,tp_gap_filled,105.6905,4310.7,4310.7,4532.98,5.156,222.28,18
XYZ,2022-10-13,2022-10-14,2022-10-17,5-10%,-5.54,53.083,56.0839,tp_gap_filled,80.1778,4256.08,4256.08,4496.68,5.653,240.6,1
DASH,2022-10-13,2022-10-14,2022-10-18,5-10%,-5.822,44.044,46.6733,tp_gap_filled,96.8341,4264.96,4264.96,4519.57,5.97,254.6,2
ALB,2022-10-13,2022-10-14,2022-10-18,5-10%,-5.548,237.7375,251.1985,tp_gap_filled,17.9034,4256.32,4256.32,4497.32,5.662,241.0,2
NOW,2022-10-13,2022-10-14,2022-10-24,5-10%,-5.792,69.6196,73.7522,tp_gap_filled,61.1925,4260.2,4260.2,4513.08,5.936,252.89,6
LVS,2022-10-24,2022-10-28,2022-11-01,5-10%,-5.554,36.9369,39.0309,tp_gap_filled,117.0522,4323.54,4323.54,4568.65,5.669,245.11,2
CVS,2022-10-07,2022-10-26,2022-11-02,5-10%,-5.478,93.2732,98.4814,tp_gap_filled,46.2815,4316.82,4316.82,4557.87,5.584,241.05,5
TTD,2022-10-13,2022-11-02,2022-11-04,5-10%,-5.72,49.6596,45.095,stop,87.6265,4351.5,4351.5,3951.51,-9.192,-399.98,2
MOS,2022-11-03,2022-11-04,2022-11-08,5-10%,-5.569,49.049,51.8381,tp_gap_filled,88.2786,4329.98,4329.98,4576.19,5.686,246.22,2
FISV,2022-10-27,2022-11-03,2022-11-10,5-10%,-5.759,95.9959,101.6582,tp_gap_filled,45.2766,4346.37,4346.37,4602.74,5.899,256.37,5
MGM,2022-11-03,2022-11-04,2022-11-10,5-10%,-5.867,33.083,35.0749,tp_gap_filled,130.7325,4325.03,4325.03,4585.43,6.021,260.4,4
AMD,2022-10-07,2022-11-08,2022-11-10,5-10%,-5.66,64.074,67.7821,tp_gap_filled,67.9247,4352.21,4352.21,4604.08,5.787,251.87,2
PYPL,2022-10-13,2022-11-08,2022-11-10,5-10%,-5.319,79.4313,83.7262,tp_gap_filled,54.7825,4351.45,4351.45,4586.73,5.407,235.28,2
PKG,2022-09-16,2022-11-04,2022-11-15,5-10%,-5.562,125.4253,132.5473,tp_gap_filled,34.5308,4331.04,4331.04,4576.97,5.678,245.93,7
ABNB,2022-11-02,2022-11-11,2022-11-15,5-10%,-5.873,102.7476,108.941,tp_gap_filled,42.9752,4415.6,4415.6,4681.76,6.028,266.16,2
FOXA,2022-10-17,2022-10-18,2022-11-29,5-10%,-5.737,29.7697,31.5184,tp_gap_filled,144.9573,4315.34,4315.34,4568.83,5.874,253.49,29
HRL,2022-09-01,2022-09-02,2022-12-02,5-10%,-5.609,47.5075,47.5924,time_exit,92.3655,4388.05,4388.05,4395.89,0.179,7.84,63
BX,2022-10-13,2022-12-02,2022-12-13,5-10%,-5.097,81.2612,85.4545,tp_gap_filled,54.648,4440.76,4440.76,4669.91,5.16,229.15,7
ALB,2022-11-03,2022-12-09,2022-12-13,5-10%,-5.073,253.253,266.2535,tp_gap_filled,17.3658,4397.95,4397.95,4623.71,5.133,225.76,2
HPQ,2022-08-31,2022-11-11,2022-12-15,5-10%,-5.145,29.5295,27.1,stop,150.0282,4430.26,4430.26,4065.76,-8.227,-364.5,23
F,2022-09-20,2022-11-10,2022-12-16,5-10%,-5.626,14.1041,12.83,stop,311.6014,4394.85,4394.85,3997.84,-9.034,-397.01,25
ROL,2022-11-22,2022-11-23,2022-12-16,5-10%,-5.342,39.9099,36.495,stop,111.2981,4441.89,4441.89,4061.82,-8.557,-380.07,16
VEEV,2022-12-02,2022-12-13,2022-12-16,5-10%,-5.214,181.6214,166.4698,stop,24.4632,4443.04,4443.04,4072.38,-8.342,-370.66,3
CF,2022-11-03,2022-12-12,2022-12-22,5-10%,-5.496,97.5975,88.9949,stop,45.358,4426.83,4426.83,4036.63,-8.814,-390.2,8
MRVL,2022-10-13,2022-12-27,2023-01-03,5-10%,-5.24,36.026,37.942,tp_gap_filled,121.0879,4362.31,4362.31,4594.32,5.318,232.01,4
CMCSA,2022-12-14,2022-12-15,2023-01-04,5-10%,-5.012,32.7131,34.3705,tp_gap_filled,134.0915,4386.55,4386.55,4608.79,5.066,222.24,12
UBER,2022-10-13,2022-12-22,2023-01-05,5-10%,-5.812,24.4945,25.954,tp_gap_filled,178.0238,4360.6,4360.6,4620.43,5.959,259.83,8
WDC,2022-12-15,2023-01-05,2023-01-06,5-10%,-5.777,25.5433,27.0553,tp_gap_filled,172.4546,4405.06,4405.06,4665.81,5.919,260.76,1
MDT,2022-11-22,2022-11-23,2023-01-23,5-10%,-5.213,78.078,82.2077,tp_gap_filled,56.8769,4440.84,4440.84,4675.72,5.289,234.89,39
REGN,2023-01-09,2023-01-10,2023-01-25,5-10%,-5.972,693.8231,736.4129,tp_gap_filled,6.3631,4414.85,4414.85,4685.85,6.138,271.0,10
PNC,2023-01-18,2023-01-20,2023-01-26,5-10%,-5.783,152.6425,161.6882,tp_gap_filled,28.9913,4425.31,4425.31,4687.56,5.926,262.25,4
PLTR,2023-01-24,2023-01-25,2023-01-26,5-10%,-5.149,7.007,7.3726,tp_gap_filled,634.7191,4447.48,4447.48,4679.54,5.218,232.07,1
TTD,2022-12-15,2023-01-25,2023-01-27,5-10%,-5.457,48.2082,50.8891,tp_gap_filled,92.3359,4451.34,4451.34,4698.89,5.561,247.54,2
F,2023-01-13,2023-01-17,2023-01-31,5-10%,-5.957,12.6426,13.4166,tp_gap_filled,350.3948,4429.91,4429.91,4701.1,6.122,271.18,10
DASH,2023-02-03,2023-02-07,2023-02-08,5-10%,-5.689,60.2402,63.7462,tp_gap_filled,74.7211,4501.21,4501.21,4763.19,5.82,261.97,1
PLTR,2023-02-03,2023-02-08,2023-02-10,5-10%,-5.006,8.5485,7.865,stop,526.1557,4497.86,4497.86,4138.21,-7.996,-359.65,2
EXPE,2023-02-10,2023-02-13,2023-02-15,5-10%,-5.352,111.5214,117.5923,tp_gap_filled,40.1803,4480.96,4480.96,4724.89,5.444,243.93,2
GNRC,2023-02-03,2023-02-14,2023-02-15,5-10%,-5.131,124.3642,130.829,tp_gap_filled,36.1173,4491.7,4491.7,4725.19,5.198,233.49,1
MRNA,2023-02-17,2023-02-21,2023-02-23,5-10%,-5.403,163.163,149.0349,stop,27.297,4453.86,4453.86,4068.21,-8.659,-385.66,2
FCX,2023-01-24,2023-02-06,2023-02-24,5-10%,-5.006,42.7427,39.325,stop,105.0296,4489.25,4489.25,4130.29,-7.996,-358.96,13
KLAC,2023-01-27,2023-02-01,2023-03-02,5-10%,-5.542,40.5405,36.936,stop,110.7022,4487.92,4487.92,4088.89,-8.891,-399.03,20
CARR,2023-02-07,2023-02-21,2023-03-02,5-10%,-5.222,43.7837,46.1039,tp_gap_filled,101.6284,4449.67,4449.67,4685.46,5.299,235.79,7
ADBE,2023-02-24,2023-03-02,2023-03-06,5-10%,-5.446,328.4481,346.673,tp_gap_filled,13.487,4429.78,4429.78,4675.58,5.549,245.8,2
NEM,2023-02-06,2023-02-14,2023-03-07,5-10%,-5.757,47.027,42.675,stop,95.515,4491.78,4491.78,4076.1,-9.254,-415.68,14
MMM,2023-01-24,2023-01-25,2023-03-08,5-10%,-5.366,97.1204,88.7708,stop,45.8571,4453.66,4453.66,4070.77,-8.597,-382.89,29
COIN,2023-03-02,2023-03-07,2023-03-08,5-10%,-5.567,61.1311,64.6053,tp_gap_filled,72.101,4407.61,4407.61,4658.11,5.683,250.5,1
COF,2023-02-01,2023-02-15,2023-03-09,5-10%,-5.042,113.113,103.9999,stop,39.8527,4507.85,4507.85,4144.67,-8.057,-363.18,15
APO,2023-02-09,2023-02-10,2023-03-10,5-10%,-5.265,70.07,64.1649,stop,63.7991,4470.4,4470.4,4093.66,-8.427,-376.74,19
EBAY,2023-02-23,2023-02-27,2023-03-10,5-10%,-5.099,45.4554,41.75,stop,97.2904,4422.37,4422.37,4061.87,-8.152,-360.5,9
KEY,2023-03-15,2023-03-16,2023-03-20,5-10%,-5.834,11.4715,12.1578,tp_gap_filled,383.5068,4399.38,4399.38,4662.61,5.983,263.23,2
FITB,2023-03-15,2023-03-16,2023-03-20,5-10%,-5.307,25.005,26.3536,tp_gap_filled,176.9557,4424.77,4424.77,4663.42,5.393,238.65,2
PFG,2023-03-15,2023-03-16,2023-03-21,5-10%,-5.438,69.4494,73.2966,tp_gap_filled,63.5699,4414.89,4414.89,4659.46,5.54,244.57,3
APA,2023-03-15,2023-03-20,2023-03-21,5-10%,-5.053,33.1031,34.7952,tp_gap_filled,133.2379,4410.58,4410.58,4636.03,5.112,225.45,1
SNPS,2023-02-16,2023-02-17,2023-03-22,5-10%,-5.695,358.2279,379.1005,tp_gap_filled,12.5101,4481.47,4481.47,4742.59,5.827,261.12,22
TSN,2023-02-06,2023-02-07,2023-03-23,5-10%,-5.169,60.7807,55.7549,stop,74.0431,4500.39,4500.39,4128.27,-8.269,-372.12,31
APH,2023-01-25,2023-03-15,2023-03-23,5-10%,-5.677,18.7512,19.8401,tp_gap_filled,232.3311,4356.49,4356.49,4609.48,5.807,252.99,6
MTB,2023-03-13,2023-03-15,2023-03-23,5-10%,-5.481,124.6245,113.6699,stop,34.9811,4359.5,4359.5,3976.3,-8.79,-383.2,6
SLB,2023-03-15,2023-03-23,2023-03-30,5-10%,-5.247,46.8168,49.3106,tp_gap_filled,94.0831,4404.67,4404.67,4639.3,5.327,234.63,5
FFIV,2023-01-25,2023-03-10,2023-04-05,5-10%,-5.325,138.8087,146.3235,tp_gap_filled,31.3022,4345.02,4345.02,4580.25,5.414,235.23,18
TPR,2023-02-08,2023-02-21,2023-04-06,5-10%,-5.019,43.003,39.555,stop,103.4791,4449.91,4449.91,4093.11,-8.018,-356.8,32
BDX,2023-02-02,2023-02-23,2023-04-06,5-10%,-5.902,188.2148,199.6194,tp_gap_filled,23.6492,4451.13,4451.13,4720.84,6.059,269.71,30
GOOGL,2023-02-08,2023-03-17,2023-04-06,5-10%,-5.193,102.1521,107.5324,tp_gap_filled,42.8066,4372.78,4372.78,4603.09,5.267,230.31,14
DDOG,2023-01-25,2023-03-10,2023-04-10,5-10%,-5.876,69.4294,62.8649,stop,62.7758,4358.48,4358.48,3946.4,-9.455,-412.09,20
PNC,2023-03-13,2023-03-14,2023-04-14,5-10%,-5.709,129.4593,117.5849,stop,33.6892,4361.38,4361.38,3961.34,-9.172,-400.04,22
ON,2023-03-02,2023-04-20,2023-05-01,5-10%,-5.97,73.6336,78.1518,tp_gap_filled,60.1487,4428.96,4428.96,4700.72,6.136,271.76,7
URI,2023-04-27,2023-04-28,2023-05-04,5-10%,-5.069,356.356,327.4847,stop,12.4047,4420.48,4420.48,4062.34,-8.102,-358.14,4
BNY,2023-04-17,2023-04-18,2023-05-16,5-10%,-5.759,43.7337,39.685,stop,101.1716,4424.61,4424.61,4014.99,-9.258,-409.62,20
CDNS,2023-04-25,2023-05-11,2023-05-18,5-10%,-5.813,200.8006,212.767,tp_gap_filled,21.8188,4381.23,4381.23,4642.32,5.959,261.09,5
CF,2023-05-11,2023-05-17,2023-05-24,5-10%,-5.074,64.4143,67.7222,tp_gap_filled,67.9274,4375.5,4375.5,4600.19,5.135,224.69,5
BA,2023-04-14,2023-04-17,2023-06-02,5-10%,-5.15,202.7926,213.3764,tp_gap_filled,21.7884,4418.53,4418.53,4649.13,5.219,230.6,33
CVNA,2023-06-02,2023-06-05,2023-06-07,5-10%,-5.19,2.999,3.1568,tp_gap_filled,1467.6066,4401.35,4401.35,4633.0,5.263,231.65,2
PFG,2023-04-28,2023-05-02,2023-06-16,5-10%,-5.157,70.8808,74.5853,tp_gap_filled,62.3494,4419.37,4419.37,4650.35,5.226,230.98,32
ODFL,2023-04-26,2023-04-28,2023-06-27,5-10%,-5.905,159.8247,169.5153,tp_gap_filled,27.6551,4419.97,4419.97,4687.96,6.063,268.0,40
CCL,2023-06-26,2023-06-27,2023-06-28,5-10%,-5.19,14.995,15.7842,tp_gap_filled,297.8415,4466.13,4466.13,4701.19,5.263,235.06,1
CVS,2023-06-14,2023-06-15,2023-07-14,5-10%,-5.522,68.3383,72.1877,tp_gap_filled,65.2351,4458.05,4458.05,4709.17,5.633,251.12,19
RVTY,2023-05-11,2023-05-12,2023-07-19,5-10%,-5.917,117.2972,124.4255,tp_gap_filled,37.2764,4372.42,4372.42,4638.13,6.077,265.72,45
ZTS,2023-05-04,2023-05-25,2023-07-21,5-10%,-5.475,168.168,177.5523,tp_gap_filled,26.0791,4385.67,4385.67,4630.4,5.58,244.73,38
PM,2023-04-20,2023-04-21,2023-07-24,5-10%,-5.014,96.5164,97.5224,time_exit,45.8266,4423.02,4423.02,4469.12,1.042,46.1,63
CCI,2023-07-20,2023-07-21,2023-07-27,5-10%,-5.304,107.5875,113.3865,tp_gap_filled,41.9957,4518.21,4518.21,4761.75,5.39,243.53,4
MPWR,2023-07-20,2023-07-25,2023-08-01,5-10%,-5.137,545.545,500.7345,stop,8.2934,4524.4,4524.4,4152.77,-8.214,-371.63,5
ZBH,2023-08-01,2023-08-02,2023-08-17,5-10%,-5.118,131.2111,120.4749,stop,34.3859,4511.81,4511.81,4142.64,-8.182,-369.17,11
LITE,2023-08-16,2023-08-17,2023-08-22,5-10%,-5.649,48.4884,51.2887,tp_gap_filled,92.3029,4475.62,4475.62,4734.09,5.775,258.47,3
USB,2023-08-08,2023-08-15,2023-09-19,5-10%,-5.932,37.7777,34.17,stop,118.7195,4484.95,4484.95,4056.64,-9.55,-428.31,24
CFG,2023-10-18,2023-10-19,2023-10-20,5-10%,-5.129,25.7357,23.625,stop,173.1198,4455.36,4455.36,4089.95,-8.202,-365.41,1
CSX,2023-07-21,2023-08-04,2023-10-25,5-10%,-5.251,31.9719,29.285,stop,140.8549,4503.4,4503.4,4124.93,-8.404,-378.47,57
DDOG,2023-10-09,2023-10-11,2023-10-25,5-10%,-5.475,89.3493,81.5049,stop,50.3155,4495.65,4495.65,4100.96,-8.779,-394.69,10
ROL,2023-10-19,2023-10-25,2023-10-26,5-10%,-5.457,33.994,35.8841,tp_gap_filled,129.5523,4404.0,4404.0,4648.87,5.56,244.87,1
STX,2023-09-07,2023-10-05,2023-11-01,5-10%,-5.84,67.1371,71.1588,tp_gap_filled,66.5051,4464.96,4464.96,4732.42,5.99,267.46,19
CTVA,2023-10-23,2023-10-27,2023-11-03,5-10%,-5.73,47.4274,50.2097,tp_gap_filled,93.1418,4417.47,4417.47,4676.63,5.867,259.15,5
TSCO,2023-10-26,2023-10-27,2023-11-03,5-10%,-5.473,37.4834,39.5744,tp_gap_filled,117.9,4419.3,4419.3,4665.82,5.578,246.52,5
CAT,2023-10-31,2023-11-01,2023-11-03,5-10%,-5.992,227.8776,241.9178,tp_gap_filled,19.555,4456.14,4456.14,4730.7,6.161,274.56,2
NSC,2023-10-25,2023-10-26,2023-11-10,5-10%,-5.193,186.2361,196.0438,tp_gap_filled,23.7282,4419.05,4419.05,4651.77,5.266,232.72,11
HPQ,2023-09-14,2023-09-21,2023-11-14,5-10%,-5.118,26.9069,28.3017,tp_gap_filled,166.6689,4484.54,4484.54,4717.01,5.184,232.47,38
UAL,2023-10-18,2023-11-08,2023-11-15,5-10%,-5.085,38.1181,40.0799,tp_gap_filled,117.9891,4497.52,4497.52,4728.99,5.147,231.47,5
JCI,2023-09-28,2023-10-03,2023-12-05,5-10%,-5.226,51.7417,54.4855,tp_gap_filled,86.3722,4469.04,4469.04,4706.03,5.303,236.99,44
KR,2023-06-15,2023-09-08,2023-12-07,5-10%,-5.952,44.4444,44.7552,time_exit,100.8482,4482.14,4482.14,4513.48,0.699,31.34,63
JBHT,2023-10-18,2023-11-30,2023-12-13,5-10%,-5.449,185.5153,195.814,tp_gap_filled,24.4347,4533.01,4533.01,4784.65,5.551,251.64,9
DE,2023-11-22,2023-11-28,2023-12-14,5-10%,-5.663,361.341,382.2673,tp_gap_filled,12.5284,4527.03,4527.03,4789.21,5.791,262.17,12
DELL,2023-12-01,2023-12-14,2023-12-22,5-10%,-5.285,71.9319,75.7941,tp_gap_filled,63.4775,4566.05,4566.05,4811.22,5.369,245.17,6
HOOD,2024-01-03,2024-01-04,2024-01-08,5-10%,-5.578,11.6917,12.3576,tp_gap_filled,389.5921,4554.99,4554.99,4814.43,5.696,259.45,2
LEN,2023-12-15,2023-12-18,2024-01-10,5-10%,-5.542,141.7001,149.7146,tp_gap_filled,32.2357,4567.81,4567.81,4826.16,5.656,258.35,15
NXPI,2024-01-04,2024-01-17,2024-01-19,5-10%,-5.447,204.5143,215.8639,tp_gap_filled,22.3799,4577.01,4577.01,4831.01,5.55,254.0,2
ADBE,2023-12-14,2023-12-18,2024-01-25,5-10%,-5.008,593.593,623.6357,tp_gap_filled,7.6976,4569.22,4569.22,4800.47,5.061,231.26,25
CVS,2024-01-18,2024-01-19,2024-02-07,5-10%,-5.014,73.2031,76.913,tp_gap_filled,62.8111,4597.97,4597.97,4830.99,5.068,233.02,13
QCOM,2024-02-01,2024-02-02,2024-02-08,5-10%,-5.144,141.0109,148.3615,tp_gap_filled,32.7611,4619.68,4619.68,4860.49,5.213,240.81,4
ALB,2024-02-13,2024-02-14,2024-02-15,5-10%,-5.071,114.114,119.9699,tp_gap_filled,40.6462,4638.3,4638.3,4876.32,5.132,238.02,1
CDNS,2024-02-13,2024-02-16,2024-02-22,5-10%,-5.408,290.29,306.2734,tp_gap_filled,15.964,4634.19,4634.19,4889.35,5.506,255.16,3
ZTS,2024-02-13,2024-02-15,2024-02-23,5-10%,-5.13,186.7866,196.4933,tp_gap_filled,24.8642,4644.31,4644.31,4885.66,5.197,241.35,5
COIN,2024-02-21,2024-02-22,2024-02-26,5-10%,-5.222,164.4142,173.1267,tp_gap_filled,28.5187,4688.88,4688.88,4937.34,5.299,248.47,2
BF-B,2023-12-06,2023-12-12,2024-02-29,5-10%,-5.745,56.8268,60.1698,tp_gap_filled,80.0452,4548.71,4548.71,4816.3,5.883,267.59,53
DLR,2024-02-16,2024-02-22,2024-03-01,5-10%,-5.794,140.14,148.4614,tp_gap_filled,33.4659,4689.91,4689.91,4968.39,5.938,278.48,6
GOOGL,2024-01-31,2024-02-05,2024-03-04,5-10%,-5.176,143.7636,131.8598,stop,32.1024,4615.16,4615.16,4233.02,-8.28,-382.14,19
GOOG,2024-01-31,2024-02-05,2024-03-04,5-10%,-5.005,145.5354,133.8999,stop,31.7107,4615.02,4615.02,4246.05,-7.995,-368.97,19
WSM,2024-03-08,2024-03-11,2024-03-13,5-10%,-5.095,117.5574,123.6213,tp_gap_filled,40.0839,4712.16,4712.16,4955.22,5.158,243.06,2
MKC,2023-10-03,2023-12-14,2024-03-18,5-10%,-5.902,70.3803,68.0519,time_exit,64.9738,4572.88,4572.88,4421.59,-3.308,-151.29,63
DHI,2024-01-23,2024-02-12,2024-03-20,5-10%,-5.834,148.6485,157.5423,tp_gap_filled,31.3056,4653.53,4653.53,4931.95,5.983,278.43,26
MCO,2024-02-13,2024-02-22,2024-04-04,5-10%,-5.65,378.8084,400.6889,tp_gap_filled,12.3729,4686.96,4686.96,4957.69,5.776,270.73,29
TSLA,2024-04-02,2024-04-03,2024-04-04,5-10%,-5.975,164.9147,175.0448,tp_gap_filled,28.5561,4709.33,4709.33,4998.6,6.143,289.27,1
COIN,2024-04-02,2024-04-10,2024-04-11,5-10%,-5.557,238.3381,251.8579,tp_gap_filled,19.7003,4695.33,4695.33,4961.67,5.673,266.34,1
EQIX,2024-03-20,2024-03-22,2024-04-16,5-10%,-5.16,801.801,735.6292,stop,5.8912,4723.57,4723.57,4333.74,-8.253,-389.83,16
HOOD,2024-04-02,2024-04-04,2024-04-17,5-10%,-5.358,18.3884,16.81,stop,255.89,4705.4,4705.4,4301.51,-8.584,-403.89,9
APA,2024-01-04,2024-03-26,2024-04-22,5-10%,-5.442,34.7847,31.75,stop,135.5165,4713.91,4713.91,4302.64,-8.724,-411.26,18
CVS,2024-04-02,2024-04-04,2024-04-24,5-10%,-5.882,74.9549,67.8599,stop,62.8206,4708.71,4708.71,4263.0,-9.466,-445.71,14
DRI,2024-03-21,2024-03-22,2024-05-01,5-10%,-5.642,164.8947,149.9548,stop,28.6441,4723.26,4723.26,4295.32,-9.06,-427.94,27
VTR,2024-02-15,2024-02-20,2024-05-02,5-10%,-5.065,43.3433,45.5644,tp_gap_filled,107.2183,4647.19,4647.19,4885.33,5.124,238.14,51
BKNG,2024-02-23,2024-03-27,2024-05-02,5-10%,-5.22,148.0799,135.7105,stop,31.9091,4725.09,4725.09,4330.4,-8.353,-394.7,25
FLEX,2024-05-01,2024-05-02,2024-05-06,5-10%,-5.899,26.987,28.6213,tp_gap_filled,171.6211,4631.53,4631.53,4912.03,6.056,280.5,2
DECK,2024-04-10,2024-04-11,2024-05-07,5-10%,-5.894,136.2461,144.4904,tp_gap_filled,34.6039,4714.65,4714.65,4999.93,6.051,285.28,18
RDDT,2024-03-28,2024-05-08,2024-05-09,5-10%,-5.593,54.5745,49.675,stop,85.7037,4677.24,4677.24,4257.33,-8.978,-419.91,1
ANET,2024-04-12,2024-05-08,2024-05-10,5-10%,-5.499,70.1376,74.0709,tp_gap_filled,66.4927,4663.64,4663.64,4925.17,5.608,261.53,2
IR,2024-05-03,2024-05-06,2024-05-15,5-10%,-5.223,88.088,92.7571,tp_gap_filled,52.9364,4663.06,4663.06,4910.23,5.301,247.17,7
EXPD,2024-02-20,2024-02-21,2024-05-21,5-10%,-5.219,117.7977,117.6023,time_exit,39.5305,4656.6,4656.6,4648.88,-0.166,-7.72,63
CPAY,2024-05-09,2024-05-13,2024-05-28,5-10%,-5.09,289.289,265.7497,stop,16.1313,4666.62,4666.62,4286.9,-8.137,-379.72,10
CLX,2024-05-01,2024-05-02,2024-05-29,5-10%,-5.43,139.9798,127.7949,stop,33.1137,4635.25,4635.25,4231.76,-8.705,-403.49,18
ZBH,2024-02-08,2024-04-17,2024-06-11,5-10%,-5.394,120.7907,110.3499,stop,38.3202,4628.72,4628.72,4228.63,-8.644,-400.09,38
PLD,2024-04-17,2024-05-13,2024-06-12,5-10%,-5.264,108.8087,114.6253,tp_gap_filled,42.9105,4669.04,4669.04,4918.63,5.346,249.59,21
NOW,2024-05-30,2024-06-05,2024-06-18,5-10%,-5.489,138.3362,146.0778,tp_gap_filled,33.2953,4605.94,4605.94,4863.7,5.596,257.76,9
ORLY,2024-02-08,2024-04-25,2024-06-20,5-10%,-5.297,67.434,71.0635,tp_gap_filled,68.6573,4629.84,4629.84,4879.03,5.382,249.19,38
WTW,2024-04-25,2024-04-26,2024-06-24,5-10%,-5.017,251.4612,264.2155,tp_gap_filled,18.4862,4648.55,4648.55,4884.33,5.072,235.78,39
NSC,2024-05-09,2024-05-29,2024-07-16,5-10%,-5.238,220.2,231.9079,tp_gap_filled,20.8519,4591.58,4591.58,4835.71,5.317,244.13,32
UAL,2024-07-11,2024-07-12,2024-07-17,5-10%,-5.09,44.7947,47.1029,tp_gap_filled,103.91,4654.62,4654.62,4894.46,5.153,239.83,3
FTNT,2024-05-03,2024-05-17,2024-07-24,5-10%,-5.123,61.9219,56.8499,stop,75.3794,4667.63,4667.63,4285.31,-8.191,-382.32,45
NOW,2024-07-08,2024-07-15,2024-07-25,5-10%,-5.328,152.8527,161.1327,tp_gap_filled,30.4879,4660.16,4660.16,4912.6,5.417,252.44,8
HII,2024-05-02,2024-07-16,2024-07-26,5-10%,-5.327,262.5623,276.7829,tp_gap_filled,17.8129,4676.99,4676.99,4930.3,5.416,253.31,8
OMC,2024-07-17,2024-07-19,2024-07-26,5-10%,-5.034,90.6406,95.2546,tp_gap_filled,51.4794,4666.12,4666.12,4903.65,5.091,237.53,5
APH,2024-07-24,2024-07-25,2024-07-31,5-10%,-5.554,31.3213,33.0969,tp_gap_filled,149.6235,4686.4,4686.4,4952.07,5.669,265.67,4
DDOG,2024-07-17,2024-07-23,2024-08-01,5-10%,-5.559,123.6235,112.5949,stop,37.8774,4682.53,4682.53,4264.8,-8.921,-417.74,7
ODFL,2024-04-24,2024-07-25,2024-08-02,5-10%,-5.144,208.208,191.0798,stop,22.4924,4683.1,4683.1,4297.85,-8.226,-385.25,6
KLAC,2024-07-17,2024-07-31,2024-08-02,5-10%,-5.758,81.8067,74.2354,stop,57.4992,4703.82,4703.82,4268.48,-9.255,-435.34,2
FSLR,2024-07-15,2024-07-16,2024-08-05,5-10%,-5.582,220.4402,200.6898,stop,21.2127,4676.13,4676.13,4257.17,-8.96,-418.96,14
COIN,2024-07-05,2024-08-01,2024-08-05,5-10%,-5.095,213.6935,196.2898,stop,21.8694,4673.35,4673.35,4292.74,-8.144,-380.61,2
RDDT,2024-08-02,2024-08-05,2024-08-07,5-10%,-5.288,56.2962,51.53,stop,81.8177,4606.03,4606.03,4216.06,-8.466,-389.97,2
WBD,2024-07-25,2024-08-05,2024-08-08,5-10%,-5.667,7.998,7.27,stop,576.3234,4609.43,4609.43,4189.87,-9.102,-419.56,3
ANET,2024-08-02,2024-08-06,2024-08-09,5-10%,-5.504,80.08,84.5753,tp_gap_filled,57.2904,4587.82,4587.82,4845.36,5.614,257.54,3
KLAC,2024-08-02,2024-08-05,2024-08-12,5-10%,-5.927,71.2031,75.5384,tp_gap_filled,64.7752,4612.2,4612.2,4893.01,6.089,280.82,5
COHR,2024-08-02,2024-08-08,2024-08-12,5-10%,-5.91,61.6716,65.4145,tp_gap_filled,74.8752,4617.68,4617.68,4897.93,6.069,280.25,2
DAL,2024-08-05,2024-08-07,2024-08-14,5-10%,-5.825,37.5475,39.7902,tp_gap_filled,121.4883,4561.58,4561.58,4834.04,5.973,272.46,5
NCLH,2024-08-05,2024-08-07,2024-08-15,5-10%,-5.587,15.055,15.9141,tp_gap_filled,302.9019,4560.2,4560.2,4820.4,5.706,260.2,6
INTC,2024-08-05,2024-08-06,2024-08-19,5-10%,-5.959,20.2202,21.4585,tp_gap_filled,227.1118,4592.25,4592.25,4873.48,6.124,281.24,9
HOOD,2024-08-02,2024-08-15,2024-08-19,5-10%,-5.138,19.2192,20.2198,tp_gap_filled,241.8592,4648.34,4648.34,4890.34,5.206,241.99,2
CPRT,2024-09-05,2024-09-06,2024-10-08,5-10%,-5.749,50.05,52.9969,tp_gap_filled,92.8619,4647.74,4647.74,4921.4,5.888,273.66,22
C,2024-08-02,2024-09-06,2024-10-08,5-10%,-5.705,59.7297,63.2167,tp_gap_filled,77.767,4645.0,4645.0,4916.18,5.838,271.18,22
HON,2024-07-25,2024-07-26,2024-10-09,5-10%,-5.083,200.6525,210.9756,tp_gap_filled,23.4228,4699.85,4699.85,4941.64,5.145,241.8,52
GRMN,2024-09-13,2024-09-16,2024-10-30,5-10%,-5.22,173.3932,182.5772,tp_gap_filled,26.8593,4657.21,4657.21,4903.89,5.297,246.68,32
FSLR,2024-08-05,2024-10-16,2024-11-04,5-10%,-5.656,201.201,212.837,tp_gap_filled,23.3138,4690.76,4690.76,4962.04,5.783,271.28,13
SMCI,2024-11-01,2024-11-04,2024-11-05,5-10%,-5.187,27.6276,25.335,stop,169.505,4683.02,4683.02,4294.4,-8.298,-388.61,1
CSGP,2024-10-23,2024-10-24,2024-11-06,5-10%,-5.763,72.5124,76.7931,tp_gap_filled,64.3534,4666.42,4666.42,4941.9,5.903,275.48,9
TXT,2024-10-24,2024-10-25,2024-11-06,5-10%,-5.606,82.082,86.7831,tp_gap_filled,56.9862,4677.54,4677.54,4945.44,5.727,267.9,8
FIX,2024-10-25,2024-10-28,2024-11-06,5-10%,-5.688,390.34,413.0565,tp_gap_filled,12.0332,4697.03,4697.03,4970.38,5.82,273.35,7
HUBB,2024-10-29,2024-10-31,2024-11-06,5-10%,-5.566,425.0647,449.2203,tp_gap_filled,10.949,4654.02,4654.02,4918.5,5.683,264.48,4
EBAY,2024-10-31,2024-11-04,2024-11-06,5-10%,-5.972,58.9489,62.5674,tp_gap_filled,79.4191,4681.67,4681.67,4969.05,6.138,287.38,2
VST,2024-10-11,2024-11-04,2024-11-06,5-10%,-5.326,117.6175,123.9859,tp_gap_filled,39.8474,4686.76,4686.76,4940.52,5.414,253.76,2
MPWR,2024-08-05,2024-10-31,2024-11-07,5-10%,-5.967,749.0283,794.9642,tp_gap_filled,6.2091,4650.83,4650.83,4936.05,6.133,285.22,5
MCHP,2024-08-02,2024-08-15,2024-11-08,5-10%,-5.831,79.5294,72.0699,stop,58.3831,4643.17,4643.17,4207.66,-9.38,-435.51,60
CHRW,2024-10-31,2024-11-01,2024-11-11,5-10%,-5.819,103.3633,109.5304,tp_gap_filled,45.2001,4672.02,4672.02,4950.78,5.966,278.75,6
NEM,2024-08-05,2024-10-31,2024-11-12,5-10%,-5.483,45.8958,41.86,stop,101.4273,4655.09,4655.09,4245.74,-8.794,-409.35,8
TKO,2024-10-24,2024-11-01,2024-11-18,5-10%,-5.556,119.119,125.874,tp_gap_filled,39.1922,4668.54,4668.54,4933.28,5.671,264.74,11
ANET,2024-11-08,2024-11-11,2024-11-18,5-10%,-5.698,101.7166,92.4049,stop,47.1237,4793.26,4793.26,4354.46,-9.155,-438.8,5
TER,2024-08-05,2024-10-24,2024-11-20,5-10%,-5.21,111.2712,101.9949,stop,41.9778,4670.92,4670.92,4281.52,-8.337,-389.4,19
HUM,2024-11-11,2024-11-18,2024-11-20,5-10%,-5.248,273.273,287.8319,tp_gap_filled,17.3998,4754.9,4754.9,5008.23,5.328,253.32,2
NTAP,2024-08-29,2024-10-08,2024-11-22,5-10%,-5.178,125.2051,131.7781,tp_gap_filled,37.4017,4682.88,4682.88,4928.72,5.25,245.84,33
HIG,2024-10-25,2024-10-28,2024-11-22,5-10%,-5.587,113.8437,120.3395,tp_gap_filled,41.2509,4696.15,4696.15,4964.11,5.706,267.96,19
LEN,2024-11-06,2024-11-07,2024-11-25,5-10%,-5.173,162.9023,171.445,tp_gap_filled,29.4635,4799.67,4799.67,5051.37,5.244,251.7,12
DHI,2024-11-06,2024-11-12,2024-11-25,5-10%,-5.627,163.6835,173.0967,tp_gap_filled,29.0807,4760.03,4760.03,5033.77,5.751,273.74,9
ON,2024-10-28,2024-11-14,2024-11-25,5-10%,-5.544,67.3673,71.1787,tp_gap_filled,70.5723,4754.27,4754.27,5023.25,5.658,268.98,7
PHM,2024-11-06,2024-11-19,2024-11-25,5-10%,-5.005,126.7166,133.1267,tp_gap_filled,37.5509,4758.32,4758.32,4999.03,5.059,240.71,4
NEE,2024-11-06,2024-11-07,2024-11-27,5-10%,-5.531,74.3743,78.5714,tp_gap_filled,64.5233,4798.88,4798.88,5069.68,5.643,270.81,14
SBAC,2024-11-06,2024-11-12,2024-11-27,5-10%,-5.159,216.7966,228.1316,tp_gap_filled,21.9438,4757.34,4757.34,5006.07,5.228,248.73,11
ULTA,2024-11-15,2024-11-25,2024-11-29,5-10%,-5.251,363.0327,382.3872,tp_gap_filled,13.4305,4875.71,4875.71,5135.65,5.331,259.94,3
IBM,2024-10-24,2024-11-21,2024-12-04,5-10%,-5.134,221.0208,232.5172,tp_gap_filled,21.7194,4800.44,4800.44,5050.14,5.202,249.7,8
TPL,2024-11-07,2024-12-11,2024-12-12,5-10%,-5.643,418.6149,380.6813,stop,11.6735,4886.72,4886.72,4443.9,-9.062,-442.82,1
SMCI,2024-11-29,2024-12-16,2024-12-17,5-10%,-5.988,33.003,35.0349,tp_gap_filled,147.0274,4852.34,4852.34,5151.1,6.157,298.75,1
ACGL,2024-11-18,2024-11-19,2024-12-18,5-10%,-5.185,96.6466,88.6299,stop,49.2587,4760.68,4760.68,4365.79,-8.295,-394.89,20
ALLE,2024-10-24,2024-10-28,2024-12-30,5-10%,-5.648,142.4823,129.5599,stop,32.9613,4696.4,4696.4,4270.46,-9.07,-425.94,43
CVNA,2025-01-03,2025-01-06,2025-01-07,5-10%,-5.693,37.6776,39.8721,tp_gap_filled,128.7287,4850.19,4850.19,5132.68,5.824,282.49,1
SMCI,2025-01-13,2025-01-14,2025-01-16,5-10%,-5.399,30.8708,32.5674,tp_gap_filled,157.6892,4868.0,4868.0,5135.53,5.496,267.53,2
CRL,2025-01-14,2025-01-15,2025-01-16,5-10%,-5.401,180.0499,164.4648,stop,27.0563,4871.48,4871.48,4449.81,-8.656,-421.67,1
ETN,2024-10-31,2025-01-27,2025-01-28,5-10%,-5.195,325.325,298.2847,stop,15.0341,4890.98,4890.98,4484.45,-8.312,-406.53,1
FISV,2024-12-05,2024-12-09,2025-01-29,5-10%,-5.953,203.203,215.6342,tp_gap_filled,24.0742,4891.94,4891.94,5191.21,6.118,299.27,33
HOOD,2025-01-27,2025-01-28,2025-01-29,5-10%,-5.458,48.3783,51.0689,tp_gap_filled,100.2369,4849.29,4849.29,5118.98,5.561,269.69,1
GLW,2025-01-27,2025-01-28,2025-01-29,5-10%,-5.346,51.4013,54.1957,tp_gap_filled,94.4414,4854.41,4854.41,5118.32,5.436,263.91,1
CPT,2024-11-01,2025-01-08,2025-02-05,5-10%,-5.182,109.8998,115.6742,tp_gap_filled,44.2547,4863.58,4863.58,5119.13,5.254,255.55,18
CTAS,2024-12-19,2025-01-07,2025-02-06,5-10%,-5.739,192.8527,204.1856,tp_gap_filled,25.2117,4862.14,4862.14,5147.86,5.876,285.72,20
FLEX,2025-01-27,2025-01-29,2025-02-06,5-10%,-5.647,41.8118,44.2257,tp_gap_filled,116.4631,4869.53,4869.53,5150.67,5.773,281.14,6
HUBB,2025-01-27,2025-01-30,2025-02-12,5-10%,-5.693,429.7693,390.4596,stop,11.3773,4889.61,4889.61,4442.37,-9.147,-447.24,9
TSCO,2025-01-30,2025-01-31,2025-02-14,5-10%,-5.458,54.094,57.1028,tp_gap_filled,90.2223,4880.49,4880.49,5151.95,5.562,271.46,10
TXN,2025-01-24,2025-01-27,2025-02-20,5-10%,-5.289,190.19,200.4094,tp_gap_filled,25.7377,4895.05,4895.05,5158.07,5.373,263.02,17
RDDT,2025-02-03,2025-02-18,2025-02-20,5-10%,-5.227,189.3091,173.4748,stop,25.6754,4860.58,4860.58,4454.03,-8.364,-406.55,2
CAT,2025-01-30,2025-01-31,2025-02-21,5-10%,-5.017,373.8735,343.9046,stop,13.0506,4879.28,4879.28,4488.17,-8.016,-391.11,14
CMG,2025-02-05,2025-02-12,2025-02-21,5-10%,-5.083,56.076,51.5199,stop,86.6415,4858.51,4858.51,4463.77,-8.125,-394.75,6
LITE,2025-02-03,2025-02-11,2025-02-24,5-10%,-5.737,80.2602,72.8599,stop,60.6333,4866.44,4866.44,4417.74,-9.22,-448.7,8
MRVL,2025-02-04,2025-02-12,2025-02-24,5-10%,-5.002,107.9879,99.3599,stop,45.04,4863.77,4863.77,4475.17,-7.99,-388.6,7
ANET,2025-02-19,2025-02-20,2025-02-24,5-10%,-5.907,104.6045,94.6599,stop,46.2199,4834.81,4834.81,4375.18,-9.507,-459.64,2
FIX,2025-02-12,2025-02-21,2025-02-24,5-10%,-5.193,412.4721,378.2046,stop,11.559,4767.75,4767.75,4371.65,-8.308,-396.1,1
SMCI,2025-02-20,2025-02-21,2025-02-24,5-10%,-5.046,57.2672,52.6499,stop,82.7652,4739.73,4739.73,4357.58,-8.063,-382.15,1
GM,2025-02-03,2025-02-10,2025-02-26,5-10%,-5.985,46.5465,49.4105,tp_gap_filled,104.5436,4866.14,4866.14,5165.56,6.153,299.42,11
APP,2025-01-27,2025-02-26,2025-02-28,5-10%,-5.905,342.0017,309.4997,stop,13.8382,4732.7,4732.7,4282.93,-9.503,-449.77,2
MDT,2025-02-18,2025-02-20,2025-03-03,5-10%,-5.226,88.048,92.7172,tp_gap_filled,54.8795,4832.03,4832.03,5088.28,5.303,256.25,7
MSFT,2025-01-30,2025-01-31,2025-03-04,5-10%,-5.326,419.1888,383.4296,stop,11.6456,4881.69,4881.69,4465.25,-8.531,-416.44,21
MLM,2025-02-12,2025-02-20,2025-03-04,5-10%,-5.212,501.9314,460.0745,stop,9.6263,4831.73,4831.73,4428.81,-8.339,-402.93,8
WMT,2025-02-20,2025-02-28,2025-03-07,5-10%,-5.019,98.8788,90.9499,stop,47.7765,4724.08,4724.08,4345.27,-8.019,-378.81,5
USB,2025-01-16,2025-01-17,2025-03-10,5-10%,-5.914,47.9379,43.375,stop,101.6527,4873.02,4873.02,4409.18,-9.518,-463.83,34
MSCI,2025-01-29,2025-01-30,2025-03-10,5-10%,-5.155,596.546,547.3644,stop,8.1935,4887.79,4887.79,4484.83,-8.244,-402.97,26
F,2025-02-06,2025-02-14,2025-03-10,5-10%,-5.195,9.4995,10.0,tp_gap_filled,512.144,4865.11,4865.11,5121.43,5.269,256.33,15
HPQ,2025-02-28,2025-03-03,2025-03-11,5-10%,-5.131,31.4614,28.88,stop,149.3822,4699.78,4699.78,4314.15,-8.205,-385.62,6
AVGO,2025-03-06,2025-03-10,2025-03-11,5-10%,-5.502,181.221,191.3884,tp_gap_filled,25.5789,4635.43,4635.43,4895.5,5.61,260.07,1
EFX,2025-02-06,2025-02-12,2025-03-12,5-10%,-5.699,255.0848,231.7298,stop,19.0494,4859.2,4859.2,4414.3,-9.156,-444.9,19
VRT,2025-03-06,2025-03-07,2025-03-12,5-10%,-5.962,82.7327,87.8021,tp_gap_filled,56.4966,4674.11,4674.11,4960.52,6.128,286.41,3
CRH,2025-03-10,2025-03-11,2025-03-12,5-10%,-5.24,92.4924,97.4125,tp_gap_filled,50.1442,4637.96,4637.96,4884.67,5.319,246.71,1
VST,2025-03-06,2025-03-12,2025-03-17,5-10%,-5.242,120.3402,126.7431,tp_gap_filled,38.6405,4650.0,4650.0,4897.42,5.321,247.41,3
CIEN,2025-03-11,2025-03-13,2025-03-17,5-10%,-5.723,61.8418,65.4645,tp_gap_filled,75.0771,4642.9,4642.9,4914.88,5.858,271.98,2
FERG,2025-03-11,2025-03-12,2025-03-19,5-10%,-5.847,156.0359,165.3944,tp_gap_filled,29.803,4650.34,4650.34,4929.25,5.998,278.91,5
LMT,2025-01-28,2025-03-07,2025-03-24,5-10%,-5.954,474.1737,428.7146,stop,9.8711,4680.63,4680.63,4231.9,-9.587,-448.73,11
PLTR,2025-02-24,2025-03-24,2025-03-28,5-10%,-5.397,95.9759,87.6749,stop,48.7414,4678.0,4678.0,4273.4,-8.649,-404.6,4
COIN,2025-03-10,2025-03-25,2025-03-28,5-10%,-5.689,205.2851,186.5248,stop,22.7809,4676.57,4676.57,4249.2,-9.139,-427.38,3
A,2024-11-26,2025-02-27,2025-03-31,5-10%,-5.554,127.147,115.8149,stop,37.0257,4707.71,4707.71,4288.13,-8.913,-419.58,22
VRT,2025-03-31,2025-04-03,2025-04-04,5-10%,-5.724,70.07,63.6249,stop,65.8688,4615.43,4615.43,4190.9,-9.198,-424.53,1
HOOD,2025-03-31,2025-04-03,2025-04-04,5-10%,-5.117,39.8148,36.5575,stop,115.7357,4607.99,4607.99,4231.0,-8.181,-376.99,1
LEN,2025-03-21,2025-03-31,2025-04-08,5-10%,-5.913,113.083,102.3199,stop,40.8992,4625.01,4625.01,4184.8,-9.518,-440.2,6
FLEX,2025-04-04,2025-04-07,2025-04-08,5-10%,-5.969,27.5976,29.2907,tp_gap_filled,164.8332,4549.0,4549.0,4828.08,6.135,279.08,1
HUBB,2025-04-03,2025-04-07,2025-04-09,5-10%,-5.977,321.5212,341.2784,tp_gap_filled,14.1586,4552.27,4552.27,4832.01,6.145,279.73,2
MS,2025-04-04,2025-04-07,2025-04-09,5-10%,-5.921,101.6415,107.8221,tp_gap_filled,44.7936,4552.89,4552.89,4829.74,6.081,276.85,2
WYNN,2025-04-04,2025-04-07,2025-04-09,5-10%,-5.859,68.6786,72.8071,tp_gap_filled,66.2692,4551.27,4551.27,4824.87,6.011,273.59,2
JPM,2025-04-04,2025-04-07,2025-04-09,5-10%,-5.851,215.5253,228.4613,tp_gap_filled,21.1056,4548.79,4548.79,4821.82,6.002,273.02,2
APO,2025-04-04,2025-04-07,2025-04-09,5-10%,-5.687,116.5464,123.3265,tp_gap_filled,39.0201,4547.65,4547.65,4812.21,5.818,264.56,2
AAPL,2025-04-07,2025-04-08,2025-04-09,5-10%,-5.935,177.3772,188.1916,tp_gap_filled,25.5393,4530.08,4530.08,4806.27,6.097,276.19,1
EME,2025-04-03,2025-04-08,2025-04-09,5-10%,-5.923,362.5121,384.5651,tp_gap_filled,12.4789,4523.75,4523.75,4798.95,6.083,275.2,1
TER,2025-04-03,2025-04-09,2025-04-10,5-10%,-5.896,78.7687,71.2949,stop,59.3424,4674.32,4674.32,4230.81,-9.488,-443.51,1
GM,2025-04-07,2025-04-09,2025-04-10,5-10%,-5.5,41.7917,44.1358,tp_gap_filled,112.0991,4684.82,4684.82,4947.59,5.609,262.77,1
FLEX,2025-04-10,2025-04-11,2025-04-15,5-10%,-5.668,29.8198,31.5484,tp_gap_filled,156.5563,4668.48,4668.48,4939.1,5.797,270.63,2
ALB,2025-04-10,2025-04-14,2025-04-16,5-10%,-5.556,57.1671,52.0699,stop,82.1208,4694.61,4694.61,4276.03,-8.916,-418.58,2
MGM,2025-04-03,2025-04-09,2025-04-23,5-10%,-5.984,28.9389,30.7192,tp_gap_filled,161.2476,4666.33,4666.33,4953.41,6.152,287.08,9
NRG,2025-04-03,2025-04-09,2025-04-23,5-10%,-5.715,97.097,102.7771,tp_gap_filled,48.1816,4678.29,4678.29,4951.97,5.85,273.68,9
SWKS,2025-04-10,2025-04-14,2025-04-23,5-10%,-5.608,56.9469,60.2097,tp_gap_filled,82.3824,4691.42,4691.42,4960.23,5.73,268.8,6
ANET,2025-04-16,2025-04-21,2025-04-23,5-10%,-5.567,69.1941,73.1268,tp_gap_filled,66.6068,4608.8,4608.8,4870.74,5.684,261.94,2
KLAC,2025-04-16,2025-04-17,2025-04-24,5-10%,-5.614,63.8888,67.5534,tp_gap_filled,73.043,4666.63,4666.63,4934.3,5.736,267.67,4
ARES,2025-04-03,2025-04-23,2025-04-28,5-10%,-5.612,145.9758,154.3455,tp_gap_filled,32.3505,4722.39,4722.39,4993.15,5.734,270.76,3
FE,2025-02-27,2025-04-03,2025-04-29,5-10%,-5.203,40.8508,43.0069,tp_gap_filled,112.773,4606.87,4606.87,4850.02,5.278,243.15,17
JCI,2025-04-03,2025-04-09,2025-04-30,5-10%,-5.757,78.1681,82.7771,tp_gap_filled,59.8238,4676.31,4676.31,4952.04,5.896,275.73,14
IBM,2025-04-24,2025-04-25,2025-05-02,5-10%,-5.825,231.4112,245.2345,tp_gap_filled,20.6122,4769.89,4769.89,5054.82,5.973,284.93,5
FCX,2025-04-03,2025-04-23,2025-05-06,5-10%,-5.812,36.016,38.1618,tp_gap_filled,131.2699,4727.81,4727.81,5009.49,5.958,281.68,9
HOOD,2025-04-30,2025-05-05,2025-05-07,5-10%,-5.996,46.4564,49.3206,tp_gap_filled,103.5872,4812.29,4812.29,5108.99,6.165,296.7,2
FFIV,2025-04-03,2025-04-09,2025-05-08,5-10%,-5.595,257.7275,272.4573,tp_gap_filled,18.1548,4679.0,4679.0,4946.42,5.715,267.42,20
PCAR,2025-04-29,2025-04-30,2025-05-08,5-10%,-5.845,86.7467,91.948,tp_gap_filled,54.9333,4765.28,4765.28,5051.0,5.996,285.72,6
APA,2025-04-10,2025-04-16,2025-05-09,5-10%,-5.984,15.7257,16.6933,tp_gap_filled,296.0656,4655.84,4655.84,4942.31,6.153,286.47,16
EQT,2025-04-03,2025-04-16,2025-05-09,5-10%,-5.657,51.5815,54.5654,tp_gap_filled,90.1597,4650.58,4650.58,4919.6,5.785,269.02,16
KEY,2025-04-03,2025-05-02,2025-05-12,5-10%,-5.538,15.1952,16.0539,tp_gap_filled,317.2147,4820.13,4820.13,5092.54,5.651,272.41,6
EXPE,2025-04-30,2025-05-09,2025-05-12,5-10%,-5.626,151.2911,159.9898,tp_gap_filled,32.1156,4858.8,4858.8,5138.17,5.75,279.36,1
DASH,2025-05-06,2025-05-13,2025-05-20,5-10%,-5.672,193.9437,205.1946,tp_gap_filled,25.1985,4887.08,4887.08,5170.59,5.801,283.5,5
EL,2025-04-03,2025-05-12,2025-05-29,5-10%,-5.759,64.8648,68.6912,tp_gap_filled,75.3471,4887.38,4887.38,5175.69,5.899,288.31,12
NEM,2025-05-12,2025-05-20,2025-06-02,5-10%,-5.484,51.071,53.926,tp_gap_filled,96.2922,4917.74,4917.74,5192.65,5.59,274.91,8
VLO,2025-04-03,2025-05-22,2025-06-11,5-10%,-5.396,126.5364,133.4864,tp_gap_filled,38.7786,4906.91,4906.91,5176.42,5.492,269.51,13
MOS,2025-06-06,2025-06-10,2025-06-16,5-10%,-5.769,34.3343,36.3636,tp_gap_filled,143.7566,4935.78,4935.78,5227.51,5.91,291.73,4
HUM,2025-05-22,2025-05-28,2025-06-18,5-10%,-5.766,231.8316,245.5242,tp_gap_filled,21.2012,4915.11,4915.11,5205.41,5.906,290.3,15
LULU,2025-04-04,2025-06-13,2025-06-23,5-10%,-5.339,242.242,221.5248,stop,20.4251,4947.83,4947.83,4524.68,-8.552,-423.15,5
OXY,2025-04-03,2025-06-13,2025-06-24,5-10%,-5.737,46.5465,42.255,stop,106.259,4945.98,4945.98,4489.97,-9.22,-456.02,6
UAL,2025-06-13,2025-06-17,2025-06-24,5-10%,-5.489,73.2532,77.3526,tp_gap_filled,67.486,4943.57,4943.57,5220.22,5.596,276.65,4
DAL,2025-06-13,2025-06-23,2025-06-24,5-10%,-5.483,46.2462,48.8311,tp_gap_filled,106.7238,4935.57,4935.57,5211.44,5.589,275.87,1
BA,2025-06-12,2025-06-13,2025-06-27,5-10%,-5.528,202.3722,213.786,tp_gap_filled,24.4616,4950.34,4950.34,5229.54,5.64,279.2,9
WTW,2025-02-04,2025-04-04,2025-07-08,5-10%,-5.631,312.362,304.7849,time_exit,14.6381,4572.38,4572.38,4461.47,-2.426,-110.91,63
ALB,2025-07-11,2025-07-14,2025-07-17,5-10%,-5.345,70.3703,74.1957,tp_gap_filled,70.5485,4964.52,4964.52,5234.4,5.436,269.88,3
ON,2025-07-24,2025-07-25,2025-07-29,5-10%,-5.955,56.1161,59.5504,tp_gap_filled,88.7643,4981.11,4981.11,5285.95,6.12,304.85,2
PTC,2025-07-10,2025-07-17,2025-07-31,5-10%,-5.759,198.5484,210.2595,tp_gap_filled,24.9783,4959.4,4959.4,5251.93,5.898,292.53,10
GWW,2025-01-31,2025-05-01,2025-08-01,5-10%,-5.672,1063.2622,966.394,stop,4.5031,4787.97,4787.97,4351.77,-9.11,-436.21,63
UNH,2025-07-29,2025-07-30,2025-08-01,5-10%,-5.82,265.9657,241.0698,stop,18.7125,4976.89,4976.89,4511.02,-9.361,-465.87,2
HOOD,2025-08-01,2025-08-04,2025-08-05,5-10%,-5.095,97.8978,102.947,tp_gap_filled,50.4606,4939.98,4939.98,5194.77,5.158,254.78,1
EXPD,2025-04-03,2025-05-12,2025-08-12,5-10%,-5.497,115.3052,120.5993,time_exit,42.4026,4889.24,4889.24,5113.73,4.591,224.48,63
MRK,2025-07-29,2025-07-31,2025-08-15,5-10%,-5.008,79.9298,83.9759,tp_gap_filled,62.1758,4969.7,4969.7,5221.27,5.062,251.57,11
ALB,2025-07-28,2025-08-12,2025-08-18,5-10%,-5.66,79.079,83.6563,tp_gap_filled,62.7605,4963.04,4963.04,5250.31,5.788,287.27,4
HSIC,2025-08-05,2025-08-06,2025-08-22,5-10%,-5.37,66.3263,69.95,tp_gap_filled,74.5144,4942.26,4942.26,5212.28,5.463,270.02,12
VST,2025-08-07,2025-08-20,2025-08-28,5-10%,-5.297,190.4002,200.6492,tp_gap_filled,26.2071,4989.83,4989.83,5258.43,5.383,268.59,6
