ticker,gap_date,entry_date,exit_date,bucket,gap_pct,entry_price,exit_price,exit_reason,units,position_dollars,cash_cost,proceeds,pnl_pct,pnl_dollar,days_held
WMB,2016-09-09,2016-09-12,2016-09-22,3-5%,-4.173,29.8799,31.1188,tp_gap_filled,167.3368,5000.0,5000.0,5207.33,4.147,207.33,8
CPT,2016-09-21,2016-09-30,2016-10-11,3-5%,-4.082,84.2041,76.9599,stop,59.5026,5010.37,5010.37,4579.32,-8.603,-431.05,7
PANW,2016-10-12,2016-10-17,2016-10-31,3-5%,-4.457,24.7831,25.8874,tp_gap_filled,201.1628,4985.44,4985.44,5207.59,4.456,222.15,10
EBAY,2016-10-03,2016-10-07,2016-11-01,3-5%,-4.863,31.3313,28.1,stop,158.9816,4981.1,4981.1,4467.38,-10.313,-513.72,17
CF,2016-11-03,2016-11-07,2016-11-09,3-5%,-4.575,23.5936,24.6753,tp_gap_filled,210.6,4968.8,4968.8,5196.62,4.585,227.81,2
CMG,2016-10-26,2016-11-10,2016-11-14,3-5%,-4.543,7.7525,8.1053,tp_gap_filled,637.6757,4943.61,4943.61,5168.54,4.55,224.94,2
AMD,2016-11-09,2016-11-10,2016-11-15,3-5%,-4.286,6.7067,6.993,tp_gap_filled,737.5146,4946.29,4946.29,5157.44,4.269,211.15,3
BR,2016-11-09,2016-11-16,2016-11-18,3-5%,-4.857,62.5525,65.6143,tp_gap_filled,79.4459,4969.54,4969.54,5212.79,4.895,243.25,2
WST,2016-09-21,2016-11-08,2016-11-21,3-5%,-4.169,78.0079,81.2387,tp_gap_filled,63.9682,4990.03,4990.03,5196.69,4.142,206.67,9
WYNN,2016-11-03,2016-11-18,2016-11-21,3-5%,-4.465,92.3022,96.4235,tp_gap_filled,54.0729,4991.05,4991.05,5213.9,4.465,222.85,1
CTSH,2016-11-09,2016-11-22,2016-11-28,3-5%,-4.336,52.5625,54.8351,tp_gap_filled,95.7124,5030.88,5030.88,5248.4,4.324,217.52,3
NEM,2016-11-23,2016-11-25,2016-11-28,3-5%,-4.578,31.7117,33.1668,tp_gap_filled,158.8319,5036.83,5036.83,5267.95,4.589,231.12,1
ADSK,2016-11-09,2016-12-01,2016-12-06,3-5%,-4.333,69.6095,72.6173,tp_gap_filled,71.8481,5001.31,5001.31,5217.41,4.321,216.1,3
TKO,2016-10-28,2016-11-14,2016-12-07,3-5%,-4.695,18.2883,19.1508,tp_gap_filled,270.0558,4938.85,4938.85,5171.79,4.716,232.94,16
AIZ,2016-10-19,2016-12-01,2016-12-08,3-5%,-4.545,87.2372,91.2087,tp_gap_filled,57.3451,5002.62,5002.62,5230.37,4.553,227.75,5
KHC,2016-11-04,2016-11-10,2016-12-16,3-5%,-4.893,82.112,86.1637,tp_gap_filled,60.231,4945.69,4945.69,5189.73,4.934,244.04,25
CMG,2016-12-06,2016-12-12,2016-12-22,3-5%,-4.126,7.606,7.9175,tp_gap_filled,668.7327,5086.38,5086.38,5294.67,4.095,208.29,8
VMRK,2016-09-22,2016-10-03,2017-01-03,3-5%,-4.424,63.1531,63.5664,time_exit,79.2292,5003.57,5003.57,5036.31,0.654,32.74,63
AMZN,2016-10-28,2016-10-31,2017-01-13,3-5%,-4.443,39.1391,40.8771,tp_gap_filled,127.0325,4971.94,4971.94,5192.72,4.441,220.78,51
META,2016-11-03,2016-11-07,2017-01-13,3-5%,-4.065,122.122,127.0428,tp_gap_filled,40.661,4965.61,4965.61,5165.69,4.029,200.09,46
PPG,2016-10-07,2016-11-10,2017-01-24,3-5%,-4.893,97.2872,102.0878,tp_gap_filled,50.8469,4946.75,4946.75,5190.85,4.934,244.1,49
INTC,2016-10-19,2016-12-12,2017-01-25,3-5%,-4.45,36.1061,37.7122,tp_gap_filled,140.8998,5087.34,5087.34,5313.65,4.449,226.31,29
DVA,2017-01-09,2017-01-11,2017-01-26,3-5%,-4.241,63.063,65.7242,tp_gap_filled,81.3761,5131.82,5131.82,5348.38,4.22,216.56,10
FDS,2016-09-27,2016-12-14,2017-02-03,3-5%,-4.648,168.168,176.0138,tp_gap_filled,30.2669,5089.93,5089.93,5327.4,4.665,237.47,34
CHD,2016-11-03,2016-11-08,2017-02-07,3-5%,-4.762,45.045,47.2028,tp_gap_filled,110.6811,4985.63,4985.63,5224.45,4.79,238.82,61
FANG,2016-12-15,2017-02-08,2017-02-09,3-5%,-4.197,97.3472,101.4085,tp_gap_filled,53.4066,5198.98,5198.98,5415.88,4.172,216.9,1
CF,2017-01-26,2017-02-06,2017-02-13,3-5%,-4.735,34.8448,36.5035,tp_gap_filled,148.6223,5178.71,5178.71,5425.23,4.76,246.51,5
CL,2017-01-27,2017-01-31,2017-02-15,3-5%,-4.748,65.065,68.1718,tp_gap_filled,79.4846,5171.67,5171.67,5418.61,4.775,246.94,11
STZ,2017-01-05,2017-01-09,2017-02-16,3-5%,-4.709,150.7006,157.832,tp_gap_filled,34.0081,5125.04,5125.04,5367.57,4.732,242.53,27
ADP,2017-02-01,2017-02-02,2017-02-23,3-5%,-4.911,96.126,100.889,tp_gap_filled,53.7678,5168.48,5168.48,5424.58,4.955,256.09,14
ACN,2016-12-21,2016-12-22,2017-03-01,3-5%,-4.472,118.6686,123.9759,tp_gap_filled,42.9642,5098.49,5098.49,5326.52,4.472,228.03,45
MET,2017-02-02,2017-02-03,2017-03-01,3-5%,-4.05,46.4992,48.3651,tp_gap_filled,111.5039,5184.85,5184.85,5392.9,4.013,208.06,17
FFIV,2017-01-26,2017-02-08,2017-03-01,3-5%,-4.425,139.4393,145.6043,tp_gap_filled,37.2924,5200.03,5200.03,5429.93,4.421,229.91,14
ECHO,2017-02-28,2017-03-01,2017-03-15,3-5%,-4.16,42.9846,44.7607,tp_gap_filled,123.3766,5303.3,5303.3,5522.43,4.132,219.13,10
LITE,2017-03-02,2017-03-03,2017-03-16,3-5%,-4.802,45.6456,47.8521,tp_gap_filled,116.2624,5306.87,5306.87,5563.4,4.834,256.53,9
MDLZ,2016-11-09,2016-12-15,2017-03-20,3-5%,-4.238,44.1041,44.3956,time_exit,115.5064,5094.3,5094.3,5127.97,0.661,33.67,63
FCX,2017-03-27,2017-03-28,2017-03-29,3-5%,-4.45,12.2522,12.7972,tp_gap_filled,435.1241,5331.24,5331.24,5568.37,4.448,237.12,1
SBUX,2017-01-27,2017-01-30,2017-03-31,3-5%,-4.636,55.8057,58.4015,tp_gap_filled,92.7204,5174.33,5174.33,5415.01,4.651,240.68,43
EVRG,2016-12-19,2017-01-06,2017-04-07,3-5%,-4.758,54.7047,54.2657,time_exit,93.7778,5130.08,5130.08,5088.92,-0.802,-41.17,63
CSGP,2017-02-23,2017-02-24,2017-04-19,3-5%,-4.385,20.1011,20.981,tp_gap_filled,263.4056,5294.74,5294.74,5526.51,4.377,231.78,37
MS,2017-03-27,2017-04-13,2017-04-19,3-5%,-4.239,40.7007,42.4175,tp_gap_filled,129.8076,5283.25,5283.25,5506.12,4.218,222.86,3
TECH,2017-03-27,2017-04-06,2017-04-24,3-5%,-4.816,24.7297,25.929,tp_gap_filled,214.846,5313.08,5313.08,5570.75,4.85,257.67,11
COST,2017-03-03,2017-04-06,2017-04-26,3-5%,-4.09,170.8707,177.802,tp_gap_filled,31.1228,5317.97,5317.97,5533.69,4.056,215.72,13
SCHW,2017-03-27,2017-04-11,2017-04-26,3-5%,-4.198,38.3783,39.98,tp_gap_filled,138.2319,5305.11,5305.11,5526.51,4.173,221.4,10
FFIV,2017-03-29,2017-04-03,2017-04-27,3-5%,-4.037,141.3312,129.3099,stop,37.8492,5349.27,5349.27,4894.27,-8.506,-455.0,17
EME,2017-02-23,2017-04-26,2017-04-27,3-5%,-4.278,65.6256,68.4215,tp_gap_filled,81.681,5360.36,5360.36,5588.74,4.26,228.38,1
VZ,2017-01-24,2017-02-23,2017-04-28,3-5%,-4.102,50.3103,45.9599,stop,105.1527,5290.26,5290.26,4832.81,-8.647,-457.45,45
MRVL,2017-04-26,2017-05-02,2017-05-09,3-5%,-4.325,14.8348,15.4745,tp_gap_filled,358.7486,5321.97,5321.97,5551.46,4.312,229.49,5
NVDA,2017-02-23,2017-03-17,2017-05-10,3-5%,-4.749,2.6401,2.7662,tp_gap_filled,2018.2727,5328.52,5328.52,5583.01,4.776,254.49,37
EMR,2017-05-02,2017-05-12,2017-05-24,3-5%,-4.406,57.7677,60.3096,tp_gap_filled,92.2971,5331.79,5331.79,5566.4,4.4,234.61,8
KHC,2017-02-21,2017-02-27,2017-05-26,3-5%,-4.997,91.9118,92.897,time_exit,57.4608,5281.33,5281.33,5337.94,1.072,56.61,63
ADP,2017-05-03,2017-05-04,2017-06-19,3-5%,-4.865,99.0489,103.906,tp_gap_filled,53.8267,5331.47,5331.47,5592.91,4.904,261.44,31
URI,2017-04-20,2017-04-24,2017-06-20,3-5%,-4.78,113.8537,102.3199,stop,47.0019,5351.34,5351.34,4809.23,-10.13,-542.11,40
AMD,2017-06-12,2017-06-13,2017-06-20,3-5%,-4.316,11.7617,12.2677,tp_gap_filled,457.9255,5386.01,5386.01,5617.7,4.302,231.7,5
GIS,2017-02-17,2017-03-22,2017-06-21,3-5%,-4.306,58.9489,56.1538,time_exit,90.4071,5329.4,5329.4,5076.7,-4.742,-252.7,63
WYNN,2017-07-14,2017-07-17,2017-07-19,3-5%,-4.038,129.6595,134.845,tp_gap_filled,41.3891,5366.5,5366.5,5581.12,3.999,214.62,2
IBM,2017-04-19,2017-04-20,2017-07-20,3-5%,-4.875,154.8009,141.0252,time_exit,34.5052,5341.43,5341.43,4866.1,-8.899,-475.33,63
COF,2017-04-26,2017-04-28,2017-07-21,3-5%,-4.183,82.082,85.4944,tp_gap_filled,65.0374,5338.4,5338.4,5560.33,4.157,221.93,58
TJX,2017-05-16,2017-05-19,2017-07-24,3-5%,-4.265,36.8468,33.53,stop,145.1306,5347.6,5347.6,4866.23,-9.002,-481.38,44
BBY,2017-07-10,2017-07-14,2017-07-31,3-5%,-4.648,55.2352,57.8121,tp_gap_filled,97.0563,5360.92,5360.92,5611.03,4.665,250.11,11
DLTR,2017-06-16,2017-06-19,2017-08-01,3-5%,-4.207,69.7397,72.6573,tp_gap_filled,77.1241,5378.61,5378.61,5603.62,4.184,225.02,30
ULTA,2017-07-26,2017-07-31,2017-08-01,3-5%,-4.217,246.0358,256.3534,tp_gap_filled,21.8914,5386.07,5386.07,5611.94,4.194,225.87,1
VTRS,2017-08-07,2017-08-08,2017-08-10,3-5%,-4.374,31.5115,32.8871,tp_gap_filled,171.2474,5396.26,5396.26,5631.83,4.365,235.57,2
AXON,2017-07-07,2017-08-09,2017-08-15,3-5%,-4.391,23.974,21.75,stop,225.2514,5400.17,5400.17,4899.21,-9.277,-500.95,4
AZO,2017-08-15,2017-08-18,2017-08-25,3-5%,-4.527,502.0415,524.7947,tp_gap_filled,10.6025,5322.91,5322.91,5564.16,4.532,241.24,5
WDC,2017-07-28,2017-08-23,2017-08-28,3-5%,-4.244,66.582,69.3939,tp_gap_filled,80.2734,5344.76,5344.76,5570.48,4.223,225.72,3
XYZ,2017-08-03,2017-08-04,2017-08-31,3-5%,-4.006,25.4254,26.4335,tp_gap_filled,212.392,5400.15,5400.15,5614.27,3.965,214.12,19
TKO,2017-07-28,2017-08-07,2017-09-01,3-5%,-4.979,20.8208,21.8681,tp_gap_filled,259.6325,5405.76,5405.76,5677.67,5.03,271.92,19
CVNA,2017-08-09,2017-08-31,2017-09-01,3-5%,-4.784,3.6657,3.294,stop,1483.5455,5438.18,5438.18,4886.79,-10.139,-551.38,1
WAT,2017-07-25,2017-08-03,2017-09-07,3-5%,-4.389,177.0669,184.825,tp_gap_filled,30.497,5400.02,5400.02,5636.61,4.381,236.6,24
DHR,2017-07-20,2017-07-25,2017-09-08,3-5%,-4.348,72.821,75.9789,tp_gap_filled,73.6991,5366.84,5366.84,5599.58,4.337,232.74,32
FLEX,2017-06-15,2017-07-28,2017-09-11,3-5%,-4.439,12.0165,12.5496,tp_gap_filled,447.9108,5382.33,5382.33,5621.11,4.436,238.77,30
MAR,2017-08-08,2017-08-10,2017-09-11,3-5%,-4.917,101.0509,106.0638,tp_gap_filled,53.0768,5363.46,5363.46,5629.53,4.961,266.07,21
CMI,2017-08-01,2017-08-04,2017-09-18,3-5%,-4.777,160.0399,167.7321,tp_gap_filled,33.7413,5399.95,5399.95,5659.49,4.806,259.54,30
ICE,2017-08-03,2017-09-07,2017-09-21,3-5%,-4.506,64.064,66.953,tp_gap_filled,84.2753,5399.01,5399.01,5642.48,4.51,243.47,10
NTAP,2017-08-17,2017-09-13,2017-09-22,3-5%,-4.81,40.4104,42.3676,tp_gap_filled,134.9577,5453.69,5453.69,5717.83,4.843,264.14,7
MPWR,2017-07-27,2017-08-02,2017-09-27,3-5%,-4.86,101.7016,106.6832,tp_gap_filled,53.1111,5401.49,5401.49,5666.07,4.898,264.58,39
ELV,2017-07-26,2017-09-19,2017-10-02,3-5%,-4.927,181.3712,190.3894,tp_gap_filled,30.1143,5461.87,5461.87,5733.45,4.972,271.58,9
NCLH,2017-08-11,2017-09-20,2017-10-05,3-5%,-4.065,54.8047,57.0129,tp_gap_filled,99.6829,5463.1,5463.1,5683.22,4.029,220.12,11
REGN,2017-09-11,2017-10-02,2017-10-05,3-5%,-4.329,451.5311,471.0185,tp_gap_filled,12.1658,5493.22,5493.22,5730.3,4.316,237.08,3
GE,2017-07-21,2017-07-24,2017-10-20,3-5%,-4.908,121.7537,109.0757,stop,44.0143,5358.9,5358.9,4800.89,-10.413,-558.01,63
DVA,2017-10-09,2017-10-16,2017-10-20,3-5%,-4.865,56.9669,59.7602,tp_gap_filled,96.7919,5513.93,5513.93,5784.3,4.903,270.37,4
WDC,2017-09-20,2017-09-21,2017-10-23,3-5%,-4.126,65.2277,67.8988,tp_gap_filled,83.8758,5471.02,5471.02,5695.07,4.095,224.04,22
DPZ,2017-10-12,2017-10-13,2017-10-24,3-5%,-4.44,200.1499,181.3698,stop,27.5675,5517.64,5517.64,4999.92,-9.383,-517.72,7
WRB,2017-07-26,2017-07-27,2017-10-25,3-5%,-4.917,20.3611,20.8058,time_exit,264.3318,5382.08,5382.08,5499.64,2.184,117.56,63
TYL,2017-10-17,2017-10-25,2017-10-26,3-5%,-4.499,171.6715,179.4004,tp_gap_filled,32.1852,5525.29,5525.29,5774.04,4.502,248.76,1
QCOM,2017-10-31,2017-11-01,2017-11-02,3-5%,-4.391,52.3123,54.6053,tp_gap_filled,105.8107,5535.2,5535.2,5777.83,4.383,242.63,1
COST,2017-10-06,2017-10-13,2017-11-03,3-5%,-4.83,159.159,166.9029,tp_gap_filled,34.6537,5515.44,5515.44,5783.8,4.866,268.36,15
AMD,2017-10-30,2017-10-31,2017-11-06,3-5%,-4.899,11.2713,11.8282,tp_gap_filled,491.3525,5538.16,5538.16,5811.8,4.941,273.63,4
AXON,2017-10-20,2017-11-02,2017-11-08,3-5%,-4.549,23.5235,21.26,stop,235.7632,5545.98,5545.98,5012.32,-9.622,-533.66,4
WSM,2017-10-12,2017-11-07,2017-11-13,3-5%,-4.28,24.2893,25.3247,tp_gap_filled,228.5956,5552.42,5552.42,5789.1,4.263,236.68,4
TMUS,2017-11-06,2017-11-08,2017-11-16,3-5%,-4.6,56.2562,58.8511,tp_gap_filled,98.4955,5540.98,5540.98,5796.57,4.613,255.58,6
ROK,2017-11-08,2017-11-09,2017-11-16,3-5%,-4.048,192.8927,200.6292,tp_gap_filled,28.6319,5522.89,5522.89,5744.4,4.011,221.51,5
NKE,2017-08-18,2017-10-25,2017-11-17,3-5%,-4.542,54.9048,57.4025,tp_gap_filled,100.6306,5525.11,5525.11,5776.45,4.549,251.34,17
TJX,2017-11-14,2017-11-15,2017-11-17,3-5%,-4.466,33.8338,35.3446,tp_gap_filled,162.9411,5512.92,5512.92,5759.09,4.465,246.17,2
JBL,2017-10-10,2017-10-13,2017-11-20,3-5%,-4.647,28.1381,29.4505,tp_gap_filled,196.0558,5516.64,5516.64,5773.94,4.664,257.31,26
CNC,2017-10-24,2017-10-27,2017-11-22,3-5%,-4.949,46.6166,48.946,tp_gap_filled,118.9589,5545.46,5545.46,5822.56,4.997,277.11,18
CF,2017-11-14,2017-11-16,2017-11-30,3-5%,-4.522,35.7157,37.3326,tp_gap_filled,156.0963,5575.09,5575.09,5827.49,4.527,252.4,9
COHR,2017-11-13,2017-12-01,2017-12-19,3-5%,-4.454,45.095,47.1029,tp_gap_filled,124.775,5626.74,5626.74,5877.26,4.452,250.52,12
HSIC,2017-12-06,2017-12-07,2017-12-19,3-5%,-4.36,53.3867,55.7089,tp_gap_filled,104.9151,5601.07,5601.07,5844.71,4.35,243.64,8
EIX,2017-12-12,2017-12-13,2017-12-21,3-5%,-4.522,69.7497,63.0799,stop,80.4313,5610.06,5610.06,5073.6,-9.562,-536.46,6
ORCL,2017-09-15,2017-10-25,2018-01-02,3-5%,-4.054,50.7007,46.37,stop,108.9418,5523.42,5523.42,5051.62,-8.542,-471.79,46
BIIB,2017-12-21,2017-12-22,2018-01-02,3-5%,-4.114,320.0697,333.1365,tp_gap_filled,17.4495,5585.05,5585.05,5813.06,4.082,228.01,5
ZBRA,2017-11-07,2017-11-08,2018-01-11,3-5%,-4.482,110.7106,115.6742,tp_gap_filled,50.0476,5540.8,5540.8,5789.22,4.483,248.42,43
MRK,2017-10-30,2017-10-31,2018-01-12,3-5%,-4.275,53.2498,55.5169,tp_gap_filled,103.8737,5531.25,5531.25,5766.75,4.258,235.5,50
COO,2017-12-08,2017-12-11,2018-01-19,3-5%,-4.736,56.9294,59.6403,tp_gap_filled,99.1091,5642.22,5642.22,5910.9,4.762,268.68,26
ADM,2017-10-31,2017-11-01,2018-01-23,3-5%,-4.835,40.7807,42.7672,tp_gap_filled,135.7574,5536.29,5536.29,5805.96,4.871,269.68,55
FAST,2018-01-17,2018-01-18,2018-01-24,3-5%,-4.762,13.2132,13.8461,tp_gap_filled,426.7408,5638.61,5638.61,5908.71,4.79,270.1,4
AIG,2017-11-03,2017-11-06,2018-01-29,3-5%,-4.448,62.1521,64.915,tp_gap_filled,89.6161,5569.83,5569.83,5817.43,4.445,247.6,56
PSA,2017-10-26,2018-01-09,2018-02-05,3-5%,-4.252,201.2711,183.2098,stop,28.0216,5639.94,5639.94,5133.83,-8.974,-506.1,18
LUV,2018-01-24,2018-01-25,2018-02-05,3-5%,-4.03,62.6926,57.3699,stop,90.7658,5690.35,5690.35,5207.23,-8.49,-483.12,7
CAH,2018-01-30,2018-01-31,2018-02-05,3-5%,-4.373,72.0119,65.3599,stop,78.9025,5681.92,5681.92,5157.06,-9.237,-524.86,3
VICI,2018-02-01,2018-02-02,2018-02-05,3-5%,-4.182,21.1011,19.24,stop,265.8645,5610.03,5610.03,5115.23,-8.82,-494.8,1
APTV,2018-02-01,2018-02-06,2018-02-07,3-5%,-4.269,90.9208,94.7851,tp_gap_filled,60.8538,5532.88,5532.88,5768.04,4.25,235.16,1
WDC,2017-11-27,2018-01-25,2018-02-09,3-5%,-4.818,66.8166,59.9924,stop,85.1834,5691.66,5691.66,5110.36,-10.213,-581.31,11
UNP,2018-01-25,2018-01-26,2018-02-09,3-5%,-4.689,134.7046,121.3299,stop,42.1853,5682.55,5682.55,5118.34,-9.929,-564.22,10
AMD,2018-02-06,2018-02-09,2018-02-12,3-5%,-4.581,11.051,11.5584,tp_gap_filled,496.191,5483.43,5483.43,5735.19,4.591,251.76,1
CDNS,2018-02-07,2018-02-08,2018-02-20,3-5%,-4.219,37.9479,39.5404,tp_gap_filled,144.2923,5475.59,5475.59,5705.38,4.197,229.79,7
BNY,2018-01-18,2018-02-05,2018-02-26,3-5%,-4.284,55.4654,57.8321,tp_gap_filled,99.1867,5501.43,5501.43,5736.17,4.267,234.75,14
ANET,2018-02-06,2018-02-16,2018-02-28,3-5%,-4.537,15.849,16.569,tp_gap_filled,349.8203,5544.29,5544.29,5796.19,4.543,251.9,7
MGM,2018-02-20,2018-03-01,2018-03-06,3-5%,-4.265,33.033,34.4355,tp_gap_filled,166.1141,5487.25,5487.25,5720.23,4.246,232.98,3
MCD,2018-03-02,2018-03-05,2018-03-09,3-5%,-4.361,149.0589,155.5443,tp_gap_filled,37.1299,5534.54,5534.54,5775.34,4.351,240.8,4
TTWO,2018-02-08,2018-02-12,2018-03-12,3-5%,-4.429,112.112,117.0728,tp_gap_filled,49.2669,5523.41,5523.41,5767.82,4.425,244.4,19
SBUX,2018-01-26,2018-01-29,2018-03-13,3-5%,-4.31,57.9979,60.4894,tp_gap_filled,97.8489,5675.03,5675.03,5918.83,4.296,243.79,30
D,2018-01-03,2018-01-04,2018-03-16,3-5%,-4.086,77.077,70.4399,stop,72.8175,5612.55,5612.55,5129.26,-8.611,-483.29,49
GIS,2018-02-23,2018-02-26,2018-03-21,3-5%,-4.823,52.3523,46.9999,stop,106.8166,5592.1,5592.1,5020.38,-10.224,-571.72,17
OMC,2018-02-15,2018-02-16,2018-03-23,3-5%,-4.977,78.7387,70.4199,stop,70.4146,5544.35,5544.35,4958.59,-10.565,-585.76,24
QCOM,2018-03-13,2018-03-14,2018-03-23,3-5%,-4.84,59.8298,53.6899,stop,93.4891,5593.43,5593.43,5019.42,-10.262,-574.01,7
GOOGL,2018-02-02,2018-02-21,2018-03-26,3-5%,-4.585,56.4274,50.9539,stop,97.5832,5506.36,5506.36,4972.25,-9.7,-534.11,23
EOG,2018-02-28,2018-03-01,2018-03-26,3-5%,-4.965,101.7316,106.8331,tp_gap_filled,53.9531,5488.74,5488.74,5763.97,5.015,275.24,17
TSLA,2018-03-13,2018-03-14,2018-03-26,3-5%,-4.891,21.9292,19.654,stop,255.1567,5595.39,5595.39,5014.84,-10.375,-580.55,8
OXY,2018-02-14,2018-02-28,2018-04-10,3-5%,-4.446,66.6866,69.6503,tp_gap_filled,83.0245,5536.62,5536.62,5782.68,4.444,246.06,28
XYZ,2018-04-04,2018-04-06,2018-04-10,3-5%,-4.456,45.5055,47.5324,tp_gap_filled,120.0788,5464.24,5464.24,5707.64,4.454,243.4,2
HUM,2018-01-30,2018-02-01,2018-04-16,3-5%,-4.725,277.7475,290.9388,tp_gap_filled,20.3252,5645.29,5645.29,5913.4,4.749,268.12,50
CL,2018-01-26,2018-01-29,2018-04-23,3-5%,-4.488,73.9138,66.8999,stop,76.7855,5675.51,5675.51,5136.94,-9.489,-538.57,58
DXCM,2018-04-04,2018-04-06,2018-04-24,3-5%,-4.94,17.7677,18.6538,tp_gap_filled,307.7364,5467.78,5467.78,5740.46,4.987,272.68,12
MDLZ,2018-03-07,2018-03-08,2018-04-26,3-5%,-4.542,43.5435,39.36,stop,127.4633,5550.2,5550.2,5016.95,-9.608,-533.25,34
LUV,2018-03-21,2018-03-22,2018-04-26,3-5%,-4.35,58.108,52.7699,stop,94.0438,5464.7,5464.7,4962.69,-9.187,-502.02,24
MU,2018-04-06,2018-04-24,2018-04-26,3-5%,-4.254,47.7677,49.7902,tp_gap_filled,114.1867,5454.44,5454.44,5685.37,4.234,230.94,2
ROST,2018-03-07,2018-03-08,2018-04-27,3-5%,-4.77,76.7467,80.4295,tp_gap_filled,72.3904,5555.72,5555.72,5822.32,4.799,266.6,35
HWM,2018-04-23,2018-04-24,2018-04-30,3-5%,-4.987,16.9648,15.1687,stop,321.6182,5456.19,5456.19,4878.53,-10.587,-577.66,4
PNR,2018-01-30,2018-02-05,2018-05-07,3-5%,-4.891,47.1929,44.3856,time_exit,116.7386,5509.23,5509.23,5181.51,-5.949,-327.72,63
UNP,2018-04-26,2018-05-03,2018-05-08,3-5%,-4.843,129.5995,135.9239,tp_gap_filled,41.8184,5419.64,5419.64,5684.12,4.88,264.48,3
MCHP,2018-02-07,2018-04-02,2018-05-09,3-5%,-4.754,43.8188,45.914,tp_gap_filled,123.9807,5432.68,5432.68,5692.45,4.782,259.77,27
CF,2018-05-03,2018-05-07,2018-05-09,3-5%,-4.223,37.4574,39.0309,tp_gap_filled,145.8119,5461.74,5461.74,5691.17,4.201,229.44,2
ALGN,2018-04-19,2018-04-26,2018-05-10,3-5%,-4.053,266.0858,276.7729,tp_gap_filled,20.603,5482.18,5482.18,5702.37,4.016,220.19,10
META,2018-03-19,2018-04-27,2018-05-10,3-5%,-4.365,177.187,184.9049,tp_gap_filled,30.902,5475.43,5475.43,5713.93,4.356,238.5,9
ROST,2018-05-25,2018-05-30,2018-06-04,3-5%,-4.556,79.2592,82.877,tp_gap_filled,69.453,5504.79,5504.79,5756.06,4.565,251.27,3
ADSK,2018-05-25,2018-06-01,2018-06-13,3-5%,-4.47,132.8427,138.7811,tp_gap_filled,41.5589,5520.8,5520.8,5767.59,4.47,246.79,8
CCL,2018-06-05,2018-06-06,2018-06-13,3-5%,-4.2,60.7407,63.2767,tp_gap_filled,91.3825,5550.63,5550.63,5782.38,4.175,231.74,5
VMC,2018-02-16,2018-05-16,2018-06-20,3-5%,-4.098,128.128,133.3365,tp_gap_filled,42.9765,5506.49,5506.49,5730.33,4.065,223.84,24
ULTA,2018-06-01,2018-06-27,2018-07-09,3-5%,-4.423,236.226,246.6631,tp_gap_filled,23.3746,5521.69,5521.69,5765.66,4.418,243.96,7
CMG,2018-06-28,2018-06-29,2018-07-09,3-5%,-4.962,8.6997,9.1357,tp_gap_filled,635.7422,5530.76,5530.76,5807.92,5.011,277.16,5
COHR,2018-05-07,2018-07-03,2018-07-10,3-5%,-4.056,41.4414,43.1069,tp_gap_filled,134.0035,5553.29,5553.29,5776.47,4.019,223.18,4
CTSH,2018-05-07,2018-06-13,2018-07-12,3-5%,-4.186,78.8087,82.0878,tp_gap_filled,70.6173,5565.26,5565.26,5796.82,4.161,231.56,20
FTNT,2018-06-19,2018-06-25,2018-07-12,3-5%,-4.488,12.6526,13.2208,tp_gap_filled,437.4187,5534.5,5534.5,5783.01,4.49,248.51,12
AKAM,2018-06-26,2018-06-27,2018-07-12,3-5%,-4.07,74.5645,77.5724,tp_gap_filled,74.0498,5521.49,5521.49,5744.22,4.034,222.73,10
ACGL,2018-04-09,2018-04-13,2018-07-13,3-5%,-4.344,27.2606,28.4016,time_exit,202.001,5506.66,5506.66,5737.15,4.186,230.48,63
NXPI,2018-07-11,2018-07-12,2018-07-25,3-5%,-4.404,105.6055,95.7799,stop,53.3268,5631.61,5631.61,5107.64,-9.304,-523.97,9
MCK,2018-06-28,2018-07-09,2018-07-27,3-5%,-4.369,138.4783,125.6999,stop,40.5504,5615.35,5615.35,5097.17,-9.228,-518.17,14
LVS,2018-07-02,2018-07-09,2018-08-15,3-5%,-4.662,72.8728,65.6799,stop,77.0629,5615.79,5615.79,5061.49,-9.87,-554.3,27
WYNN,2018-07-02,2018-08-01,2018-08-15,3-5%,-4.823,159.4293,143.1299,stop,34.9656,5574.54,5574.54,5004.62,-10.224,-569.92,10
CSCO,2018-05-17,2018-05-18,2018-08-16,3-5%,-4.495,43.1731,45.1148,tp_gap_filled,127.5907,5508.49,5508.49,5756.23,4.497,247.74,62
TFC,2018-07-19,2018-07-20,2018-08-21,3-5%,-4.813,50.4804,52.927,tp_gap_filled,111.144,5610.6,5610.6,5882.52,4.847,271.92,22
STX,2018-08-09,2018-08-14,2018-08-21,3-5%,-4.451,52.6426,54.985,tp_gap_filled,105.1858,5537.25,5537.25,5783.64,4.45,246.38,5
CAH,2018-06-28,2018-07-09,2018-08-27,3-5%,-4.402,50.6506,52.8771,tp_gap_filled,110.9071,5617.51,5617.51,5864.44,4.396,246.93,35
AMP,2018-07-11,2018-08-14,2018-08-28,3-5%,-4.578,138.3382,144.6852,tp_gap_filled,40.034,5538.22,5538.22,5792.32,4.588,254.09,10
INVH,2018-08-10,2018-08-14,2018-08-28,3-5%,-4.452,22.7727,23.7862,tp_gap_filled,243.2235,5538.87,5538.87,5785.36,4.45,246.49,10
MMM,2018-04-24,2018-06-08,2018-09-07,3-5%,-4.345,172.8315,177.5564,time_exit,32.1087,5549.4,5549.4,5701.11,2.734,151.71,63
TSLA,2018-08-20,2018-09-04,2018-09-07,3-5%,-4.517,19.4661,17.6066,stop,288.291,5611.9,5611.9,5075.84,-9.552,-536.07,3
ON,2018-08-09,2018-08-10,2018-09-10,3-5%,-4.55,21.4214,19.36,stop,258.597,5539.51,5539.51,5006.43,-9.623,-533.08,20
TDG,2018-08-07,2018-08-14,2018-09-14,3-5%,-4.024,354.5041,368.631,tp_gap_filled,15.6284,5540.34,5540.34,5761.12,3.985,220.78,22
SBUX,2018-06-20,2018-09-07,2018-09-21,3-5%,-4.527,54.8848,57.3726,tp_gap_filled,101.5084,5571.27,5571.27,5823.8,4.533,252.53,10
STX,2018-09-04,2018-09-10,2018-09-26,3-5%,-4.296,51.2912,46.64,stop,108.699,5575.31,5575.31,5069.72,-9.068,-505.59,12
AOS,2018-07-11,2018-07-25,2018-10-02,3-5%,-4.903,58.4384,52.36,stop,96.0219,5611.36,5611.36,5027.7,-10.401,-583.66,48
DXCM,2018-08-03,2018-10-10,2018-10-12,3-5%,-4.243,29.8799,31.1413,tp_gap_filled,184.4831,5512.33,5512.33,5745.05,4.222,232.72,2
NCLH,2018-09-27,2018-10-05,2018-10-19,3-5%,-4.6,54.6045,49.2899,stop,101.4386,5539.01,5539.01,4999.9,-9.733,-539.11,10
AXON,2018-10-22,2018-10-23,2018-10-24,3-5%,-4.477,55.9559,58.4615,tp_gap_filled,98.3192,5501.54,5501.54,5747.88,4.478,246.35,1
NVDA,2018-10-23,2018-10-24,2018-10-25,3-5%,-4.667,5.5163,4.9712,stop,988.1465,5450.87,5450.87,4912.32,-9.88,-538.56,1
NTAP,2018-10-23,2018-10-24,2018-10-26,3-5%,-4.121,77.087,70.3899,stop,70.2745,5417.25,5417.25,4946.62,-8.688,-470.63,2
MU,2018-10-23,2018-10-24,2018-10-26,3-5%,-4.049,38.1882,34.93,stop,141.5913,5407.11,5407.11,4945.78,-8.532,-461.33,2
CTSH,2018-09-04,2018-09-05,2018-10-29,3-5%,-4.233,75.1851,68.4699,stop,74.4116,5594.64,5594.64,5094.96,-8.932,-499.69,38
PH,2018-08-02,2018-10-18,2018-10-29,3-5%,-4.382,158.5584,143.8798,stop,34.8181,5520.7,5520.7,5009.62,-9.258,-511.08,7
RF,2018-10-23,2018-10-24,2018-10-29,3-5%,-4.149,15.7257,16.3736,tp_gap_filled,344.7752,5421.84,5421.84,5645.22,4.12,223.38,3
SWK,2018-10-25,2018-10-29,2018-10-30,3-5%,-4.767,107.7977,112.9669,tp_gap_filled,49.8459,5373.27,5373.27,5630.94,4.795,257.66,1
TER,2018-10-18,2018-10-19,2018-10-31,3-5%,-4.54,32.6226,34.1059,tp_gap_filled,169.1108,5516.83,5516.83,5767.67,4.547,250.84,8
ITW,2018-10-18,2018-10-19,2018-10-31,3-5%,-4.038,126.8067,131.878,tp_gap_filled,43.5157,5518.08,5518.08,5738.76,3.999,220.68,8
NOW,2018-10-26,2018-10-29,2018-10-31,3-5%,-4.86,32.8808,34.4915,tp_gap_filled,163.4251,5373.56,5373.56,5636.77,4.898,263.22,2
NVDA,2018-10-26,2018-10-29,2018-10-31,3-5%,-4.585,4.9627,5.1908,tp_gap_filled,1083.0575,5374.9,5374.9,5621.94,4.596,247.04,2
MSI,2018-08-03,2018-10-29,2018-10-31,3-5%,-4.337,116.3662,121.3985,tp_gap_filled,46.0395,5357.45,5357.45,5589.13,4.324,231.68,2
MU,2018-10-26,2018-10-29,2018-10-31,3-5%,-4.078,35.3153,36.7432,tp_gap_filled,151.4829,5349.66,5349.66,5565.97,4.043,216.31,2
AMAT,2018-10-23,2018-10-24,2018-11-01,3-5%,-4.235,32.1421,33.4965,tp_gap_filled,168.7704,5424.64,5424.64,5653.21,4.214,228.58,6
MRVL,2018-10-26,2018-10-29,2018-11-01,3-5%,-4.097,16.1661,16.8232,tp_gap_filled,331.498,5359.05,5359.05,5576.84,4.064,217.8,3
AMD,2018-10-26,2018-11-01,2018-11-02,3-5%,-4.048,18.5085,19.2507,tp_gap_filled,298.6603,5527.75,5527.75,5749.43,4.01,221.68,1
DE,2018-10-23,2018-10-24,2018-11-06,3-5%,-4.002,139.7596,145.2946,tp_gap_filled,38.5489,5387.58,5387.58,5600.95,3.96,213.37,9
CNC,2018-10-23,2018-10-24,2018-11-07,3-5%,-4.982,67.2021,70.5843,tp_gap_filled,81.259,5460.78,5460.78,5735.61,5.033,274.83,10
FTV,2018-10-26,2018-10-29,2018-11-07,3-5%,-4.074,46.2195,48.0864,tp_gap_filled,115.6374,5344.7,5344.7,5560.58,4.039,215.88,7
IBM,2018-10-29,2018-10-30,2018-11-07,3-5%,-4.367,114.2059,119.1828,tp_gap_filled,47.704,5448.08,5448.08,5685.5,4.358,237.42,6
MCO,2018-10-26,2018-11-01,2018-11-08,3-5%,-4.559,148.148,154.9149,tp_gap_filled,37.2551,5519.27,5519.27,5771.37,4.568,252.1,5
PCAR,2018-10-23,2018-11-01,2018-11-08,3-5%,-4.132,38.7053,40.293,tp_gap_filled,142.6833,5522.6,5522.6,5749.14,4.102,226.53,5
URI,2018-10-18,2018-11-07,2018-11-14,3-5%,-4.848,132.4323,118.8199,stop,42.3631,5610.24,5610.24,5033.57,-10.279,-576.66,5
RL,2018-11-06,2018-11-08,2018-11-15,3-5%,-4.788,130.3802,117.1499,stop,43.0263,5609.77,5609.77,5040.52,-10.148,-569.25,5
STX,2018-11-02,2018-11-20,2018-11-21,3-5%,-4.607,41.041,42.937,tp_gap_filled,133.4136,5475.43,5475.43,5728.38,4.62,252.95,1
WAB,2018-10-30,2018-10-31,2018-11-28,3-5%,-4.075,86.4864,89.9799,tp_gap_filled,63.5399,5495.33,5495.33,5717.31,4.039,221.98,19
MAR,2018-11-06,2018-11-07,2018-11-28,3-5%,-4.707,115.115,120.5593,tp_gap_filled,48.7155,5607.88,5607.88,5873.1,4.729,265.22,14
MGM,2018-11-08,2018-11-09,2018-11-28,3-5%,-4.69,26.6466,27.9021,tp_gap_filled,209.8049,5590.59,5590.59,5853.99,4.711,263.4,12
COHR,2018-11-12,2018-11-13,2018-12-03,3-5%,-4.262,36.4264,37.972,tp_gap_filled,151.7821,5528.87,5528.87,5763.47,4.243,234.59,13
WY,2018-10-26,2018-11-02,2018-12-04,3-5%,-4.076,27.7978,25.41,stop,198.9599,5530.64,5530.64,5055.57,-8.59,-475.08,21
PRU,2018-11-08,2018-11-09,2018-12-06,3-5%,-4.161,96.5965,88.1199,stop,57.7556,5578.98,5578.98,5089.41,-8.775,-489.57,17
TTWO,2018-11-20,2018-12-04,2018-12-06,3-5%,-4.906,100.9008,105.894,tp_gap_filled,54.8087,5530.24,5530.24,5803.91,4.949,273.67,1
ALL,2018-11-01,2018-11-06,2018-12-10,3-5%,-4.931,91.091,81.5599,stop,61.049,5561.01,5561.01,4979.15,-10.463,-581.86,22
EMR,2018-11-06,2018-11-12,2018-12-10,3-5%,-4.037,67.5775,61.8299,stop,81.8234,5529.42,5529.42,5059.14,-8.505,-470.29,18
ALGN,2018-12-06,2018-12-07,2018-12-11,3-5%,-4.453,211.3211,220.729,tp_gap_filled,25.9745,5488.96,5488.96,5733.32,4.452,244.37,2
TTD,2018-12-06,2018-12-07,2018-12-12,3-5%,-4.432,13.4034,13.997,tp_gap_filled,409.4192,5487.61,5487.61,5730.64,4.429,243.03,3
WDC,2018-11-20,2018-12-04,2018-12-14,3-5%,-4.367,32.6403,29.6296,stop,169.4959,5532.4,5532.4,5022.1,-9.224,-510.3,7
TSN,2018-11-13,2018-11-14,2018-12-17,3-5%,-4.155,59.109,53.9299,stop,93.3506,5517.86,5517.86,5034.39,-8.762,-483.47,21
C,2018-12-06,2018-12-07,2018-12-18,3-5%,-4.658,59.4194,53.56,stop,92.4598,5493.9,5493.9,4952.14,-9.861,-541.76,7
EW,2018-10-02,2018-11-29,2018-12-20,3-5%,-4.449,54.4611,49.34,stop,102.2334,5567.74,5567.74,5044.19,-9.403,-523.55,14
ANET,2018-11-20,2018-12-17,2018-12-20,3-5%,-4.484,13.3258,12.0625,stop,408.0371,5437.43,5437.43,4921.94,-9.48,-515.48,3
SJM,2018-11-28,2018-11-29,2018-12-24,3-5%,-4.928,103.9038,93.0399,stop,53.5975,5568.98,5568.98,4986.71,-10.456,-582.28,16
EXPD,2018-12-07,2018-12-10,2018-12-24,3-5%,-4.522,71.0109,64.2199,stop,77.2355,5484.56,5484.56,4960.06,-9.563,-524.51,10
ADBE,2018-11-20,2018-12-21,2018-12-26,3-5%,-4.679,209.6194,219.4703,tp_gap_filled,25.4361,5331.9,5331.9,5582.47,4.699,250.57,2
LITE,2018-11-20,2018-12-21,2018-12-26,3-5%,-4.665,37.6376,39.4006,tp_gap_filled,141.6364,5330.86,5330.86,5580.56,4.684,249.7,2
VEEV,2018-11-20,2018-12-21,2018-12-26,3-5%,-4.613,80.9308,84.6752,tp_gap_filled,65.8992,5333.28,5333.28,5580.03,4.627,246.75,2
CB,2018-10-24,2018-12-24,2018-12-27,3-5%,-4.868,120.7006,126.6232,tp_gap_filled,43.8576,5293.64,5293.64,5553.4,4.907,259.75,2
AMZN,2018-11-20,2018-12-20,2018-12-28,3-5%,-4.945,71.9469,75.5389,tp_gap_filled,74.4011,5352.93,5352.93,5620.18,4.993,267.25,5
HSIC,2018-11-06,2018-12-14,2019-01-03,3-5%,-4.402,63.5929,57.6784,stop,86.1023,5475.5,5475.5,4966.24,-9.301,-509.26,12
CRH,2018-12-06,2018-12-10,2019-01-04,3-5%,-4.51,25.6456,26.8032,tp_gap_filled,213.8911,5485.37,5485.37,5732.96,4.514,247.59,17
SWKS,2019-01-03,2019-01-07,2019-01-09,3-5%,-4.65,64.8648,67.892,tp_gap_filled,83.4194,5410.99,5410.99,5663.52,4.667,252.53,2
BDX,2018-11-06,2018-12-17,2019-01-18,3-5%,-4.745,173.5589,181.8398,tp_gap_filled,31.332,5437.95,5437.95,5697.41,4.771,259.46,22
COO,2018-12-07,2019-01-14,2019-01-30,3-5%,-4.888,65.9384,69.1882,tp_gap_filled,82.3938,5432.91,5432.91,5700.68,4.929,267.77,11
MU,2019-02-08,2019-02-11,2019-02-12,3-5%,-4.012,37.8378,39.3406,tp_gap_filled,143.191,5418.03,5418.03,5633.22,3.972,215.19,1
BLDR,2018-12-04,2019-02-06,2019-02-19,3-5%,-4.482,13.6536,14.2657,tp_gap_filled,399.8485,5459.39,5459.39,5704.13,4.483,244.74,8
PCG,2019-01-11,2019-02-19,2019-02-20,3-5%,-4.279,17.017,17.7422,tp_gap_filled,322.7043,5491.46,5491.46,5725.5,4.262,234.04,1
AIG,2019-02-14,2019-02-15,2019-02-25,3-5%,-4.731,42.1321,44.1358,tp_gap_filled,129.7461,5466.47,5466.47,5726.45,4.756,259.98,5
COF,2019-01-23,2019-01-24,2019-02-28,3-5%,-4.353,79.8498,83.3166,tp_gap_filled,68.2707,5451.4,5451.4,5688.08,4.342,236.68,24
KDP,2019-02-28,2019-03-01,2019-03-07,3-5%,-4.788,25.6756,26.9131,tp_gap_filled,215.1891,5525.12,5525.12,5791.4,4.819,266.28,4
LUV,2019-02-20,2019-02-28,2019-03-11,3-5%,-4.56,55.095,49.78,stop,100.105,5515.29,5515.29,4983.23,-9.647,-532.07,7
AMZN,2019-02-01,2019-02-04,2019-03-15,3-5%,-4.646,82.0259,85.8506,tp_gap_filled,66.6156,5464.21,5464.21,5718.99,4.663,254.78,28
ALGN,2019-03-05,2019-03-12,2019-03-15,3-5%,-4.436,245.1849,256.0537,tp_gap_filled,22.4341,5500.51,5500.51,5744.34,4.433,243.83,3
SJM,2019-02-22,2019-03-04,2019-03-18,3-5%,-4.28,102.3022,106.6632,tp_gap_filled,54.0074,5525.07,5525.07,5760.6,4.263,235.53,10
MS,2019-01-17,2019-01-22,2019-03-19,3-5%,-4.585,42.4925,44.4455,tp_gap_filled,128.2496,5449.64,5449.64,5700.12,4.596,250.48,39
FDX,2019-03-20,2019-03-21,2019-03-29,3-5%,-4.774,139.3415,146.0343,tp_gap_filled,39.933,5564.33,5564.33,5831.6,4.803,267.27,6
FFIV,2019-01-24,2019-03-12,2019-04-01,3-5%,-4.873,152.0119,159.4804,tp_gap_filled,36.2129,5504.78,5504.78,5775.24,4.913,270.46,14
GILD,2019-02-12,2019-02-28,2019-04-05,3-5%,-4.2,64.8448,67.5524,tp_gap_filled,85.1267,5520.02,5520.02,5750.51,4.176,230.49,26
HII,2019-02-14,2019-03-04,2019-04-11,3-5%,-4.278,206.9567,215.774,tp_gap_filled,26.6999,5525.72,5525.72,5761.14,4.26,235.42,28
IP,2019-04-16,2019-04-17,2019-04-30,3-5%,-4.524,42.6089,44.5387,tp_gap_filled,131.5284,5604.27,5604.27,5858.11,4.529,253.84,8
GE,2019-04-08,2019-04-26,2019-04-30,3-5%,-4.995,47.4465,49.8413,tp_gap_filled,118.3353,5614.6,5614.6,5897.99,5.047,283.39,2
MO,2019-04-25,2019-04-26,2019-04-30,3-5%,-4.789,52.1421,54.6553,tp_gap_filled,107.7074,5616.09,5616.09,5886.78,4.82,270.69,2
STX,2019-02-05,2019-04-26,2019-04-30,3-5%,-4.522,43.5435,45.5144,tp_gap_filled,129.0567,5619.58,5619.58,5873.94,4.526,254.36,2
OXY,2019-04-24,2019-04-29,2019-05-10,3-5%,-4.089,59.8698,54.7099,stop,94.1007,5633.79,5633.79,5148.24,-8.618,-485.55,9
BA,2019-04-08,2019-04-12,2019-05-13,3-5%,-4.013,376.5762,344.7397,stop,14.892,5607.98,5607.98,5133.87,-8.454,-474.11,20
FFIV,2019-04-25,2019-04-30,2019-05-13,3-5%,-4.688,156.7066,141.1499,stop,36.0935,5656.09,5656.09,5094.6,-9.927,-561.5,9
MU,2019-05-06,2019-05-07,2019-05-13,3-5%,-4.454,41.4414,37.54,stop,135.7916,5627.39,5627.39,5097.61,-9.414,-529.78,4
COHR,2019-05-06,2019-05-07,2019-05-13,3-5%,-4.356,38.6786,35.12,stop,145.2836,5619.37,5619.37,5102.35,-9.201,-517.02,4
MCHP,2019-05-08,2019-05-09,2019-05-20,3-5%,-4.461,45.02,40.775,stop,123.8164,5574.21,5574.21,5048.61,-9.429,-525.6,7
ON,2019-05-13,2019-05-15,2019-05-20,3-5%,-4.147,20.1301,18.37,stop,272.8601,5492.7,5492.7,5012.44,-8.744,-480.27,3
QCOM,2019-05-20,2019-05-21,2019-05-22,3-5%,-4.356,78.0279,70.8499,stop,69.9573,5458.63,5458.63,4956.47,-9.199,-502.16,1
MRVL,2019-05-06,2019-05-07,2019-05-28,3-5%,-4.293,23.6536,21.51,stop,237.5604,5619.16,5619.16,5109.92,-9.063,-509.25,14
DE,2019-05-17,2019-05-22,2019-06-04,3-5%,-4.103,140.14,145.844,tp_gap_filled,38.7951,5436.74,5436.74,5658.03,4.07,221.29,8
GM,2019-05-31,2019-06-03,2019-06-04,3-5%,-4.365,33.3333,34.7852,tp_gap_filled,160.4723,5349.07,5349.07,5582.06,4.356,232.99,1
EVRG,2019-02-22,2019-03-13,2019-06-05,3-5%,-4.777,57.067,59.8101,tp_gap_filled,96.8716,5528.17,5528.17,5793.9,4.807,265.73,58
XYZ,2019-05-06,2019-05-09,2019-06-07,3-5%,-4.466,65.5255,68.4515,tp_gap_filled,85.0133,5570.53,5570.53,5819.29,4.465,248.75,20
KEYS,2019-05-20,2019-05-30,2019-06-07,3-5%,-4.947,77.8878,81.7781,tp_gap_filled,69.1583,5386.59,5386.59,5655.64,4.995,269.05,6
AAPL,2019-05-13,2019-05-14,2019-06-18,3-5%,-4.803,46.9744,49.2457,tp_gap_filled,116.6141,5477.88,5477.88,5742.74,4.835,264.86,24
STLD,2019-05-23,2019-06-18,2019-06-19,3-5%,-4.131,27.8779,29.0209,tp_gap_filled,197.429,5503.9,5503.9,5729.58,4.1,225.68,1
MGM,2019-04-30,2019-06-10,2019-07-01,3-5%,-4.056,27.4674,28.5714,tp_gap_filled,200.2864,5501.35,5501.35,5722.46,4.019,221.11,15
DVA,2019-05-08,2019-06-25,2019-07-01,3-5%,-4.152,54.3042,56.5434,tp_gap_filled,100.8626,5477.27,5477.27,5703.11,4.123,225.85,4
AMCR,2019-05-31,2019-06-03,2019-07-03,3-5%,-4.619,55.8057,58.3916,tp_gap_filled,95.8564,5349.34,5349.34,5597.2,4.634,247.87,22
ORLY,2019-04-25,2019-04-26,2019-07-12,3-5%,-4.104,25.3874,26.4209,tp_gap_filled,221.7211,5628.91,5628.91,5858.07,4.071,229.15,53
CRM,2019-06-10,2019-06-11,2019-07-16,3-5%,-4.83,153.6335,161.1087,tp_gap_filled,35.8436,5506.78,5506.78,5774.72,4.866,267.94,24
IBKR,2019-05-06,2019-05-20,2019-07-17,3-5%,-4.655,13.531,12.1975,stop,401.3105,5430.14,5430.14,4894.98,-9.855,-535.16,40
KLAC,2019-05-07,2019-06-28,2019-07-17,3-5%,-4.061,11.967,12.4485,tp_gap_filled,459.7911,5502.3,5502.3,5723.73,4.024,221.43,12
LITE,2019-05-16,2019-07-01,2019-07-23,3-5%,-4.881,54.034,56.6932,tp_gap_filled,102.2004,5522.29,5522.29,5794.07,4.921,271.78,15
SWK,2019-05-06,2019-06-20,2019-07-24,3-5%,-4.318,146.6165,152.9269,tp_gap_filled,37.6532,5520.58,5520.58,5758.19,4.304,237.61,23
CCI,2019-07-18,2019-07-19,2019-07-29,3-5%,-4.794,125.4353,131.4884,tp_gap_filled,43.9918,5518.13,5518.13,5784.42,4.826,266.29,6
PRU,2019-05-02,2019-05-07,2019-08-01,3-5%,-4.293,100.2101,91.1299,stop,56.0971,5621.5,5621.5,5112.12,-9.061,-509.37,60
MTD,2019-07-24,2019-07-26,2019-08-02,3-5%,-4.193,784.784,715.3793,stop,7.0966,5569.3,5569.3,5076.77,-8.844,-492.54,5
GRMN,2019-05-01,2019-06-20,2019-08-05,3-5%,-4.362,82.082,74.5199,stop,67.2709,5521.73,5521.73,5013.02,-9.213,-508.71,31
SJM,2019-06-06,2019-06-19,2019-08-06,3-5%,-4.263,120.0399,109.2399,stop,45.8439,5503.1,5503.1,5007.98,-8.997,-495.12,33
KR,2019-06-20,2019-06-21,2019-08-07,3-5%,-4.907,22.5025,23.6164,tp_gap_filled,244.6408,5505.03,5505.03,5777.53,4.95,272.5,32
ADP,2019-07-02,2019-08-05,2019-08-08,3-5%,-4.033,159.8397,166.2236,tp_gap_filled,33.9681,5429.46,5429.46,5646.31,3.994,216.85,3
AMD,2019-08-05,2019-08-06,2019-08-08,3-5%,-4.008,28.2883,29.4106,tp_gap_filled,192.7506,5452.58,5452.58,5668.9,3.967,216.32,2
TECH,2019-08-06,2019-08-07,2019-08-15,3-5%,-4.256,47.7977,49.8226,tp_gap_filled,114.8215,5488.21,5488.21,5720.71,4.236,232.5,6
NVDA,2019-08-05,2019-08-06,2019-08-16,3-5%,-4.585,3.8488,4.0257,tp_gap_filled,1417.3971,5455.34,5455.34,5706.04,4.596,250.7,8
IDXX,2019-08-01,2019-08-02,2019-08-20,3-5%,-4.801,268.7785,281.7679,tp_gap_filled,20.3827,5478.43,5478.43,5743.19,4.833,264.76,12
NOW,2019-08-05,2019-08-14,2019-08-21,3-5%,-4.081,51.053,53.1188,tp_gap_filled,106.203,5421.98,5421.98,5641.38,4.046,219.4,5
PHM,2019-07-23,2019-07-30,2019-08-23,3-5%,-4.122,32.1321,33.4465,tp_gap_filled,172.7759,5551.65,5551.65,5778.75,4.091,227.1,18
WYNN,2019-08-05,2019-08-20,2019-08-23,3-5%,-4.286,114.6846,104.3099,stop,48.4153,5552.48,5552.48,5050.19,-9.046,-502.29,3
ROK,2019-07-25,2019-07-31,2019-08-26,3-5%,-4.932,160.7106,143.8899,stop,34.4738,5540.3,5540.3,4960.43,-10.466,-579.87,18
FAST,2019-07-11,2019-08-01,2019-09-05,3-5%,-4.416,14.9499,15.6094,tp_gap_filled,368.1377,5503.63,5503.63,5746.4,4.411,242.76,24
IVZ,2019-08-14,2019-08-15,2019-09-05,3-5%,-4.827,15.3954,16.1438,tp_gap_filled,352.6589,5429.32,5429.32,5693.27,4.862,263.95,14
XYZ,2019-08-05,2019-08-06,2019-09-09,3-5%,-4.885,66.2662,59.3999,stop,82.4283,5462.21,5462.21,4896.23,-10.362,-565.97,23
LVS,2019-08-05,2019-08-06,2019-09-09,3-5%,-4.325,54.4744,56.8231,tp_gap_filled,100.0929,5452.5,5452.5,5687.59,4.312,235.09,23
DVN,2019-08-07,2019-08-19,2019-09-09,3-5%,-4.5,23.1531,24.1958,tp_gap_filled,240.0829,5558.67,5558.67,5808.99,4.503,250.32,14
CCL,2019-06-21,2019-07-01,2019-09-10,3-5%,-4.426,46.6866,48.7512,tp_gap_filled,118.3319,5524.52,5524.52,5768.82,4.422,244.3,49
WAT,2019-07-30,2019-08-01,2019-09-10,3-5%,-4.198,210.1499,218.9209,tp_gap_filled,26.1773,5501.15,5501.15,5730.75,4.174,229.6,27
BMY,2019-06-24,2019-08-08,2019-09-11,3-5%,-4.297,47.2672,49.2907,tp_gap_filled,117.5167,5554.69,5554.69,5792.48,4.281,237.79,23
PGR,2019-09-13,2019-09-16,2019-09-24,3-5%,-4.508,73.5835,76.903,tp_gap_filled,76.0042,5592.66,5592.66,5844.96,4.511,252.3,6
F,2019-09-10,2019-09-23,2019-09-27,3-5%,-4.822,9.0891,9.5305,tp_gap_filled,616.0745,5599.55,5599.55,5871.47,4.856,271.92,4
VLO,2019-09-16,2019-09-17,2019-09-30,3-5%,-4.116,82.092,85.4445,tp_gap_filled,68.1439,5594.07,5594.07,5822.52,4.084,228.45,9
ARES,2019-09-19,2019-09-20,2019-09-30,3-5%,-4.668,29.4394,26.53,stop,189.7427,5585.91,5585.91,5033.87,-9.883,-552.04,6
DELL,2019-08-02,2019-09-10,2019-10-08,3-5%,-4.923,27.8281,24.9214,stop,200.9639,5592.45,5592.45,5008.31,-10.445,-584.14,20
TSLA,2019-10-03,2019-10-04,2019-10-08,3-5%,-4.635,15.4728,16.1925,tp_gap_filled,360.121,5572.08,5572.08,5831.24,4.651,259.17,2
PODD,2019-10-03,2019-10-14,2019-10-17,3-5%,-4.463,150.4403,157.1527,tp_gap_filled,37.0797,5578.29,5578.29,5827.18,4.462,248.89,3
MTB,2019-10-17,2019-10-18,2019-10-28,3-5%,-4.291,152.2621,158.7711,tp_gap_filled,36.7381,5593.83,5593.83,5832.95,4.275,239.13,6
SCHW,2019-10-01,2019-10-15,2019-11-01,3-5%,-4.853,39.8398,41.7882,tp_gap_filled,140.2527,5587.64,5587.64,5860.9,4.891,273.26,13
EIX,2019-10-28,2019-10-30,2019-11-04,3-5%,-4.118,63.3933,65.984,tp_gap_filled,88.7011,5623.06,5623.06,5852.85,4.087,229.79,3
GILD,2019-10-25,2019-10-28,2019-11-05,3-5%,-4.545,63.063,65.934,tp_gap_filled,89.1538,5622.31,5622.31,5878.27,4.553,255.96,6
DIS,2019-08-07,2019-08-14,2019-11-12,3-5%,-4.892,135.0649,138.4414,time_exit,40.1765,5426.43,5426.43,5562.09,2.5,135.66,63
LII,2019-10-21,2019-10-23,2019-11-14,3-5%,-4.835,241.3311,253.0867,tp_gap_filled,23.2648,5614.51,5614.51,5888.0,4.871,273.49,16
UHS,2019-10-25,2019-10-28,2019-11-15,3-5%,-4.665,138.0879,144.5553,tp_gap_filled,40.7155,5622.32,5622.32,5885.65,4.684,263.32,14
MCK,2019-10-30,2019-11-05,2019-11-18,3-5%,-4.665,142.5724,149.2506,tp_gap_filled,39.6719,5656.11,5656.11,5921.05,4.684,264.94,9
PCG,2019-11-06,2019-11-18,2019-11-19,3-5%,-4.375,7.6577,6.95,stop,742.8958,5688.84,5688.84,5163.12,-9.241,-525.72,1
CRWD,2019-10-11,2019-11-15,2019-11-20,3-5%,-4.299,14.7072,13.3725,stop,387.4391,5698.14,5698.14,5181.02,-9.075,-517.12,3
TSLA,2019-11-22,2019-11-25,2019-12-11,3-5%,-4.134,22.7,23.6317,tp_gap_filled,248.659,5644.56,5644.56,5876.23,4.104,231.67,11
FFIV,2019-12-05,2019-12-06,2019-12-12,3-5%,-4.276,137.5774,143.4364,tp_gap_filled,40.9103,5628.34,5628.34,5868.03,4.259,239.69,4
DXCM,2019-12-02,2019-12-10,2019-12-13,3-5%,-4.03,54.592,49.9574,stop,103.3745,5643.42,5643.42,5164.32,-8.489,-479.1,3
KLAC,2019-11-21,2019-11-27,2019-12-16,3-5%,-4.497,16.6026,17.3496,tp_gap_filled,339.6758,5639.5,5639.5,5893.25,4.5,253.75,12
DE,2019-11-27,2019-11-29,2020-01-02,3-5%,-4.614,168.6685,176.4733,tp_gap_filled,33.4069,5634.7,5634.7,5895.43,4.627,260.74,22
OXY,2019-11-05,2020-01-02,2020-01-03,3-5%,-4.703,42.1922,44.1858,tp_gap_filled,134.7019,5683.36,5683.36,5951.91,4.725,268.54,1
TDG,2019-12-27,2020-01-03,2020-01-10,3-5%,-4.982,568.568,597.1822,tp_gap_filled,10.0043,5688.15,5688.15,5974.41,5.033,286.27,5
PNW,2019-11-07,2019-11-08,2020-01-13,3-5%,-4.574,87.087,91.0788,tp_gap_filled,65.0269,5663.0,5663.0,5922.57,4.584,259.58,43
XYL,2019-10-31,2020-01-03,2020-02-03,3-5%,-4.83,80.08,83.9759,tp_gap_filled,71.0887,5692.79,5692.79,5969.74,4.865,276.96,20
WDC,2020-01-27,2020-01-30,2020-02-04,3-5%,-4.675,50.1408,52.4947,tp_gap_filled,114.019,5717.0,5717.0,5985.39,4.695,268.39,3
SWK,2020-01-29,2020-01-31,2020-02-04,3-5%,-4.304,159.3492,166.1837,tp_gap_filled,35.4118,5642.85,5642.85,5884.87,4.289,242.02,2
UAL,2020-01-27,2020-01-28,2020-02-05,3-5%,-4.762,78.078,81.8181,tp_gap_filled,73.0422,5702.99,5702.99,5976.17,4.79,273.19,6
NVDA,2020-01-27,2020-01-31,2020-02-05,3-5%,-4.887,5.962,6.2557,tp_gap_filled,949.2034,5659.11,5659.11,5937.97,4.928,278.86,3
NCLH,2020-01-27,2020-01-30,2020-02-06,3-5%,-4.871,53.1731,55.7842,tp_gap_filled,107.2472,5702.67,5702.67,5982.69,4.91,280.03,5
EXPE,2020-01-27,2020-01-30,2020-02-06,3-5%,-4.682,106.9969,112.0279,tp_gap_filled,53.379,5711.39,5711.39,5979.94,4.702,268.55,5
MU,2020-01-27,2020-01-31,2020-02-06,3-5%,-4.519,55.2052,57.7022,tp_gap_filled,102.4121,5653.68,5653.68,5909.41,4.523,255.73,4
COHR,2020-01-27,2020-01-29,2020-02-11,3-5%,-4.827,35.5255,37.2527,tp_gap_filled,160.7997,5712.49,5712.49,5990.23,4.862,277.74,9
DELL,2019-11-27,2019-12-23,2020-02-12,3-5%,-4.023,25.9002,26.932,tp_gap_filled,219.1205,5675.26,5675.26,5901.35,3.984,226.09,34
SHW,2020-01-30,2020-01-31,2020-02-19,3-5%,-4.72,187.6541,196.5566,tp_gap_filled,30.1442,5656.68,5656.68,5925.04,4.744,268.36,12
CCL,2020-01-27,2020-01-28,2020-02-24,3-5%,-4.461,45.4454,41.16,stop,125.4084,5699.23,5699.23,5161.8,-9.43,-537.43,18
MGM,2020-02-13,2020-02-19,2020-02-25,3-5%,-4.189,32.2822,29.43,stop,180.593,5829.95,5829.95,5314.85,-8.835,-515.1,4
LRCX,2020-02-18,2020-02-21,2020-02-25,3-5%,-4.733,32.3563,29.112,stop,179.0822,5794.44,5794.44,5213.44,-10.027,-581.01,2
CRWD,2020-01-27,2020-02-24,2020-02-25,3-5%,-4.506,14.1591,14.7977,tp_gap_filled,402.2888,5696.07,5696.07,5952.94,4.51,256.88,1
JBHT,2020-01-06,2020-01-30,2020-02-27,3-5%,-4.965,111.3312,99.5999,stop,51.2145,5701.77,5701.77,5100.96,-10.537,-600.81,19
WAT,2020-01-08,2020-02-04,2020-02-27,3-5%,-4.733,221.221,199.0398,stop,26.1514,5785.24,5785.24,5205.17,-10.027,-580.07,16
ALLE,2020-02-18,2020-02-19,2020-02-27,3-5%,-4.291,133.0729,121.0199,stop,43.8417,5834.14,5834.14,5305.71,-9.057,-528.43,6
HSIC,2020-01-27,2020-02-20,2020-02-27,3-5%,-4.157,68.3082,62.3199,stop,85.2086,5820.45,5820.45,5310.19,-8.767,-510.25,5
ALGN,2020-01-30,2020-02-24,2020-02-27,3-5%,-4.916,248.9887,223.0198,stop,22.9177,5706.24,5706.24,5111.09,-10.43,-595.15,3
MKC,2020-01-28,2020-01-29,2020-02-28,3-5%,-4.869,82.2322,73.7399,stop,69.4057,5707.38,5707.38,5117.97,-10.327,-589.41,21
YUM,2020-02-06,2020-02-07,2020-02-28,3-5%,-4.476,102.102,92.4399,stop,56.7879,5798.16,5798.16,5249.47,-9.463,-548.69,14
MRK,2020-02-05,2020-02-12,2020-02-28,3-5%,-4.165,80.8823,73.7786,stop,72.5197,5865.56,5865.56,5350.4,-8.783,-515.16,11
ECHO,2020-02-20,2020-02-24,2020-02-28,3-5%,-4.442,37.8979,34.34,stop,150.492,5703.32,5703.32,5167.89,-9.388,-535.43,4
ALB,2020-02-24,2020-02-25,2020-02-28,3-5%,-4.933,87.9579,78.7499,stop,64.0352,5632.4,5632.4,5042.77,-10.469,-589.63,3
FLEX,2020-02-24,2020-02-25,2020-02-28,3-5%,-4.909,9.4971,8.5079,stop,592.3512,5625.59,5625.59,5039.67,-10.415,-585.92,3
AMAT,2020-02-24,2020-02-25,2020-02-28,3-5%,-4.886,61.1911,54.85,stop,91.839,5619.73,5619.73,5037.36,-10.363,-582.37,3
NOW,2020-02-24,2020-02-27,2020-03-02,3-5%,-4.976,65.5335,68.8271,tp_gap_filled,83.3387,5461.48,5461.48,5735.96,5.026,274.49,2
MSCI,2020-02-24,2020-02-28,2020-03-02,3-5%,-4.882,294.284,308.7709,tp_gap_filled,18.4295,5423.52,5423.52,5690.51,4.923,266.99,1
NVDA,2020-02-27,2020-02-28,2020-03-02,3-5%,-4.764,6.3789,6.6846,tp_gap_filled,850.3985,5424.58,5424.58,5684.54,4.792,259.96,1
AMD,2020-02-27,2020-02-28,2020-03-02,3-5%,-4.443,45.4254,47.4425,tp_gap_filled,119.7665,5440.44,5440.44,5682.02,4.441,241.58,1
MA,2020-02-27,2020-02-28,2020-03-02,3-5%,-4.365,285.315,297.742,tp_gap_filled,19.0784,5443.34,5443.34,5680.43,4.356,237.09,1
GEN,2020-02-27,2020-02-28,2020-03-02,3-5%,-4.352,18.4785,19.2807,tp_gap_filled,294.8324,5448.05,5448.05,5684.58,4.341,236.53,1
STLD,2020-02-24,2020-02-25,2020-03-05,3-5%,-4.85,28.2782,25.37,stop,198.3512,5609.03,5609.03,5032.17,-10.284,-576.86,7
TKO,2020-02-24,2020-03-03,2020-03-06,3-5%,-4.957,47.7877,42.76,stop,114.8864,5490.16,5490.16,4912.54,-10.521,-577.62,3
AMP,2020-02-28,2020-03-04,2020-03-06,3-5%,-4.7,139.4493,125.5699,stop,39.4491,5501.14,5501.14,4953.61,-9.953,-547.53,2
TYL,2020-02-18,2020-02-24,2020-03-09,3-5%,-4.121,324.6343,296.4297,stop,17.5787,5706.65,5706.65,5210.85,-8.688,-495.8,10
PODD,2020-02-26,2020-02-28,2020-03-09,3-5%,-4.438,188.188,170.5398,stop,28.9113,5440.77,5440.77,4930.53,-9.378,-510.23,6
CNC,2020-02-24,2020-03-04,2020-03-09,3-5%,-4.764,62.4324,56.1299,stop,88.1117,5501.02,5501.02,4945.71,-10.095,-555.32,3
BNY,2020-03-05,2020-03-06,2020-03-09,3-5%,-4.79,38.5986,34.68,stop,140.0604,5406.13,5406.13,4857.29,-10.152,-548.84,1
FLEX,2020-02-28,2020-03-06,2020-03-09,3-5%,-4.565,8.1996,7.4077,stop,658.8649,5402.43,5402.43,4880.66,-9.658,-521.77,1
DDOG,2020-01-27,2020-03-09,2020-03-11,3-5%,-4.875,40.04,35.9,stop,132.0295,5286.46,5286.46,4739.86,-10.34,-546.61,2
UNH,2020-02-24,2020-03-04,2020-03-12,3-5%,-4.824,287.1769,257.8098,stop,19.148,5498.88,5498.88,4936.55,-10.226,-562.32,6
AMAT,2020-02-28,2020-03-09,2020-03-12,3-5%,-4.93,54.2442,48.5699,stop,97.6525,5297.08,5297.08,4742.97,-10.461,-554.1,3
PEP,2020-03-06,2020-03-09,2020-03-12,3-5%,-4.736,131.6916,118.4799,stop,40.0816,5278.41,5278.41,4748.86,-10.032,-529.55,3
ALGN,2020-03-06,2020-03-09,2020-03-12,3-5%,-4.734,219.9898,197.9298,stop,23.9799,5275.34,5275.34,4746.34,-10.028,-529.0,3
LNT,2020-03-09,2020-03-10,2020-03-12,3-5%,-4.992,54.6746,48.8799,stop,97.1931,5314.0,5314.0,4750.8,-10.598,-563.2,2
CHD,2020-03-09,2020-03-10,2020-03-12,3-5%,-4.941,71.061,63.6099,stop,74.9019,5322.6,5322.6,4764.51,-10.485,-558.1,2
SNA,2020-03-09,2020-03-10,2020-03-12,3-5%,-4.923,134.9248,120.8299,stop,39.4961,5329.0,5329.0,4772.31,-10.447,-556.7,2
ETR,2020-03-09,2020-03-10,2020-03-12,3-5%,-4.908,59.1491,52.9899,stop,90.2766,5339.78,5339.78,4783.75,-10.413,-556.03,2
CTAS,2020-03-09,2020-03-10,2020-03-12,3-5%,-4.902,64.8072,58.0674,stop,82.4293,5342.02,5342.02,4786.46,-10.4,-555.56,2
NI,2020-03-09,2020-03-10,2020-03-12,3-5%,-4.888,28.048,25.14,stop,190.7973,5351.49,5351.49,4796.64,-10.368,-554.85,2
OMC,2020-03-09,2020-03-10,2020-03-12,3-5%,-4.877,62.6726,56.1899,stop,85.4598,5355.99,5355.99,4801.98,-10.344,-554.01,2
CCI,2020-03-09,2020-03-10,2020-03-12,3-5%,-4.875,153.133,137.2998,stop,35.0181,5362.43,5362.43,4807.98,-10.339,-554.45,2
IFF,2020-03-09,2020-03-10,2020-03-12,3-5%,-4.864,116.8768,104.8199,stop,45.9742,5373.31,5373.31,4819.01,-10.316,-554.3,2
MRVL,2020-02-28,2020-03-12,2020-03-13,3-5%,-4.672,19.6096,20.5294,tp_gap_filled,249.602,4894.59,4894.59,5124.19,4.691,229.6,1
DG,2020-03-09,2020-03-12,2020-03-16,3-5%,-4.792,150.9408,135.6098,stop,32.5239,4909.18,4909.18,4410.56,-10.157,-498.62,2
LII,2020-03-12,2020-03-13,2020-03-16,3-5%,-4.998,217.8777,194.7598,stop,22.6385,4932.42,4932.42,4409.07,-10.61,-523.35,1
SJM,2020-03-12,2020-03-13,2020-03-16,3-5%,-4.972,100.4403,105.4844,tp_gap_filled,49.0397,4925.56,4925.56,5172.92,5.022,247.36,1
MCHP,2020-03-12,2020-03-13,2020-03-16,3-5%,-4.959,34.9149,31.24,stop,141.2567,4931.96,4931.96,4412.86,-10.525,-519.11,1
XOM,2020-03-12,2020-03-13,2020-03-16,3-5%,-4.955,39.9399,35.74,stop,123.497,4932.46,4932.46,4413.78,-10.516,-518.68,1
BIIB,2020-03-12,2020-03-13,2020-03-16,3-5%,-4.843,280.28,293.9558,tp_gap_filled,17.6993,4960.75,4960.75,5202.8,4.879,242.05,1
ADI,2020-03-12,2020-03-13,2020-03-17,3-5%,-4.894,89.8798,94.3156,tp_gap_filled,54.8905,4933.55,4933.55,5177.03,4.935,243.48,2
TSLA,2020-01-16,2020-03-16,2020-03-17,3-5%,-4.773,32.9496,29.6166,stop,144.9509,4776.07,4776.07,4292.96,-10.115,-483.11,1
COST,2020-03-09,2020-03-10,2020-03-18,3-5%,-4.975,296.1459,311.0287,tp_gap_filled,17.9328,5310.72,5310.72,5577.61,5.025,266.89,6
WST,2020-03-12,2020-03-13,2020-03-18,3-5%,-4.952,140.6505,147.6822,tp_gap_filled,34.989,4921.22,4921.22,5167.25,4.999,246.03,3
T,2020-02-28,2020-03-13,2020-03-18,3-5%,-4.842,25.7054,23.0664,stop,193.8427,4982.81,4982.81,4471.26,-10.266,-511.55,3
BALL,2020-03-12,2020-03-17,2020-03-18,3-5%,-4.688,66.5565,59.9499,stop,72.9202,4853.31,4853.31,4371.56,-9.926,-481.75,1
MMM,2020-03-12,2020-03-13,2020-03-20,3-5%,-4.944,117.1404,104.8494,stop,42.0928,4930.77,4930.77,4413.41,-10.493,-517.36,5
AOS,2020-03-12,2020-03-16,2020-03-20,3-5%,-4.854,38.068,34.15,stop,125.4743,4776.56,4776.56,4284.94,-10.292,-491.62,4
TPL,2020-03-18,2020-03-19,2020-03-20,3-5%,-4.958,38.9278,40.8769,tp_gap_filled,123.525,4808.55,4808.55,5049.32,5.007,240.76,1
BF-B,2020-03-18,2020-03-19,2020-03-20,3-5%,-4.934,55.1551,49.3799,stop,87.2288,4811.11,4811.11,4307.36,-10.471,-503.76,1
SYK,2020-03-18,2020-03-19,2020-03-20,3-5%,-4.909,133.4133,140.0198,tp_gap_filled,36.0585,4810.69,4810.69,5048.91,4.952,238.22,1
CSCO,2020-03-18,2020-03-23,2020-03-24,3-5%,-4.901,33.7938,35.4645,tp_gap_filled,140.5672,4750.29,4750.29,4985.15,4.944,234.85,1
PPG,2020-03-18,2020-03-19,2020-03-25,3-5%,-4.926,78.6286,82.5374,tp_gap_filled,61.263,4817.02,4817.02,5056.49,4.971,239.47,4
AON,2020-03-18,2020-03-24,2020-03-25,3-5%,-4.901,156.5664,164.3055,tp_gap_filled,30.6023,4791.29,4791.29,5028.12,4.943,236.83,1
RJF,2020-03-27,2020-03-30,2020-03-31,3-5%,-4.902,41.041,43.0702,tp_gap_filled,117.4829,4821.62,4821.62,5060.02,4.944,238.4,1
VICI,2020-03-27,2020-03-30,2020-03-31,3-5%,-4.892,15.3754,16.1338,tp_gap_filled,314.3167,4832.73,4832.73,5071.14,4.933,238.41,1
ESS,2020-03-18,2020-03-27,2020-04-01,3-5%,-4.689,225.225,202.8598,stop,21.3096,4799.46,4799.46,4322.86,-9.93,-476.59,3
LEN,2020-03-27,2020-03-30,2020-04-01,3-5%,-4.903,39.0904,35.0242,stop,123.4097,4824.13,4824.13,4322.32,-10.402,-501.81,2
VLO,2020-03-30,2020-04-01,2020-04-02,3-5%,-4.996,42.8328,44.995,tp_gap_filled,110.0982,4715.81,4715.81,4953.87,5.048,238.05,1
RMD,2020-03-27,2020-04-01,2020-04-02,3-5%,-4.962,139.3892,146.3735,tp_gap_filled,33.7585,4705.58,4705.58,4941.35,5.011,235.78,1
HSY,2020-03-18,2020-03-26,2020-04-03,3-5%,-4.953,132.3422,138.9609,tp_gap_filled,36.3045,4804.62,4804.62,5044.91,5.001,240.29,6
GPC,2020-03-27,2020-03-30,2020-04-03,3-5%,-4.997,65.2752,58.3499,stop,73.8182,4818.5,4818.5,4307.29,-10.609,-511.21,4
UNP,2020-03-27,2020-04-01,2020-04-03,3-5%,-4.821,135.7556,142.3475,tp_gap_filled,34.6879,4709.08,4709.08,4937.74,4.856,228.66,2
FIX,2020-04-01,2020-04-02,2020-04-03,3-5%,-4.979,34.7647,31.09,stop,137.7132,4787.56,4787.56,4281.5,-10.57,-506.06,1
MA,2020-03-27,2020-03-30,2020-04-06,3-5%,-4.917,250.4902,262.9168,tp_gap_filled,19.2481,4821.47,4821.47,5060.66,4.961,239.19,5
ADP,2020-03-27,2020-04-01,2020-04-06,3-5%,-4.888,130.4904,136.9229,tp_gap_filled,36.0982,4710.47,4710.47,4942.68,4.93,232.2,3
BLK,2020-04-01,2020-04-02,2020-04-06,3-5%,-4.969,418.5281,439.53,tp_gap_filled,11.4314,4784.36,4784.36,5024.44,5.018,240.08,2
NKE,2020-03-11,2020-03-26,2020-04-07,3-5%,-4.87,84.084,88.2117,tp_gap_filled,57.1431,4804.82,4804.82,5040.69,4.909,235.87,8
KMI,2020-03-27,2020-03-31,2020-04-07,3-5%,-4.972,13.7738,14.4655,tp_gap_filled,348.8927,4805.56,4805.56,5046.91,5.022,241.35,5
NRG,2020-03-27,2020-04-01,2020-04-07,3-5%,-4.993,26.8568,28.2118,tp_gap_filled,175.2152,4705.72,4705.72,4943.13,5.045,237.4,4
XYZ,2020-04-01,2020-04-06,2020-04-07,3-5%,-4.964,49.8298,52.3276,tp_gap_filled,96.7732,4822.18,4822.18,5063.91,5.013,241.72,1
LEN,2020-04-01,2020-04-06,2020-04-07,3-5%,-4.895,35.2046,36.9427,tp_gap_filled,137.0572,4825.04,4825.04,5063.26,4.937,238.22,1
GLW,2020-04-01,2020-04-06,2020-04-08,3-5%,-4.966,19.5395,20.5195,tp_gap_filled,246.6837,4820.08,4820.08,5061.82,5.015,241.74,2
HBAN,2020-04-01,2020-04-07,2020-04-08,3-5%,-4.994,7.8078,8.2018,tp_gap_filled,624.1008,4872.85,4872.85,5118.74,5.046,245.89,1
EBAY,2020-03-18,2020-04-07,2020-04-09,3-5%,-4.988,31.6516,33.2467,tp_gap_filled,154.2704,4882.91,4882.91,5128.98,5.04,246.08,2
URI,2020-03-06,2020-04-08,2020-04-13,3-5%,-4.816,114.1641,102.5099,stop,42.9731,4905.98,4905.98,4405.17,-10.208,-500.81,2
CVNA,2020-03-06,2020-04-13,2020-04-14,3-5%,-4.95,14.1862,14.8951,tp_gap_filled,343.5686,4873.92,4873.92,5117.49,4.997,243.56,1
CARR,2020-04-08,2020-04-09,2020-04-15,3-5%,-4.918,14.5145,13.0,stop,337.1759,4893.94,4893.94,4383.28,-10.434,-510.66,3
STLD,2020-04-15,2020-04-16,2020-04-17,3-5%,-4.996,22.0821,23.1968,tp_gap_filled,220.5143,4869.41,4869.41,5115.22,5.048,245.81,1
UHS,2020-04-15,2020-04-16,2020-04-17,3-5%,-4.863,102.4223,107.4425,tp_gap_filled,47.5163,4866.73,4866.73,5105.27,4.901,238.54,1
LULU,2020-02-28,2020-04-16,2020-04-17,3-5%,-4.848,210.21,220.4793,tp_gap_filled,23.1432,4864.94,4864.94,5102.6,4.885,237.66,1
ROST,2020-04-15,2020-04-16,2020-04-17,3-5%,-4.826,86.6666,90.879,tp_gap_filled,56.1204,4863.76,4863.76,5100.16,4.861,236.4,1
KMI,2020-04-15,2020-04-16,2020-04-20,3-5%,-4.96,14.3844,15.1049,tp_gap_filled,338.6574,4871.37,4871.37,5115.38,5.009,244.01,2
VTR,2020-04-15,2020-04-17,2020-04-21,3-5%,-4.973,31.5615,28.23,stop,156.4188,4936.82,4936.82,4415.7,-10.556,-521.12,2
PFG,2020-04-15,2020-04-17,2020-04-27,3-5%,-4.877,30.07,31.5484,tp_gap_filled,164.1067,4934.69,4934.69,5177.31,4.916,242.61,6
FLEX,2020-04-15,2020-04-17,2020-04-27,3-5%,-4.818,6.1101,6.4065,tp_gap_filled,808.2604,4938.55,4938.55,5178.16,4.852,239.61,6
TJX,2020-04-15,2020-04-16,2020-04-28,3-5%,-4.819,47.8478,50.1698,tp_gap_filled,101.6813,4865.23,4865.23,5101.33,4.853,236.1,8
UDR,2020-04-20,2020-04-22,2020-04-28,3-5%,-4.956,37.047,38.9011,tp_gap_filled,131.6387,4876.82,4876.82,5120.89,5.005,244.06,4
AES,2020-04-15,2020-04-27,2020-04-28,3-5%,-4.996,13.3233,13.996,tp_gap_filled,370.6414,4938.17,4938.17,5187.49,5.049,249.32,1
COHR,2020-02-24,2020-04-28,2020-04-29,3-5%,-4.954,33.033,34.6853,tp_gap_filled,150.3388,4966.14,4966.14,5214.55,5.002,248.4,1
O,2020-04-15,2020-04-28,2020-04-29,3-5%,-4.813,51.9899,54.5094,tp_gap_filled,95.4977,4964.92,4964.92,5205.52,4.846,240.6,1
UAL,2020-04-16,2020-04-29,2020-05-01,3-5%,-4.739,30.3804,27.33,stop,164.3172,4992.02,4992.02,4490.79,-10.041,-501.23,2
JKHY,2020-04-08,2020-04-21,2020-05-05,3-5%,-4.995,158.9888,167.0128,tp_gap_filled,30.5811,4862.06,4862.06,5107.44,5.047,245.38,10
SPG,2020-05-01,2020-05-04,2020-05-06,3-5%,-4.897,63.5635,56.9599,stop,78.1596,4968.1,4968.1,4451.97,-10.389,-516.13,2
WELL,2020-05-01,2020-05-05,2020-05-07,3-5%,-4.821,48.8088,43.82,stop,101.7019,4963.94,4963.94,4456.57,-10.221,-507.37,2
INTC,2020-04-24,2020-05-14,2020-05-18,3-5%,-4.81,56.2562,58.981,tp_gap_filled,87.5378,4924.54,4924.54,5163.06,4.843,238.52,2
UAL,2020-05-14,2020-05-15,2020-05-18,3-5%,-4.78,19.7397,20.6893,tp_gap_filled,249.9226,4933.4,4933.4,5170.72,4.81,237.32,1
RJF,2020-04-30,2020-05-26,2020-05-27,3-5%,-4.673,45.4654,47.599,tp_gap_filled,108.8374,4948.34,4948.34,5180.55,4.693,232.22,1
NEM,2020-04-17,2020-05-27,2020-05-28,3-5%,-4.708,57.1371,59.8401,tp_gap_filled,86.8079,4959.95,4959.95,5194.59,4.731,234.64,1
BA,2020-03-27,2020-06-03,2020-06-04,3-5%,-4.736,172.172,180.3695,tp_gap_filled,28.8762,4971.68,4971.68,5208.39,4.761,236.71,1
EOG,2020-03-06,2020-06-05,2020-06-08,3-5%,-4.768,58.9789,61.8081,tp_gap_filled,84.4965,4983.52,4983.52,5222.57,4.797,239.06,1
KEY,2020-06-09,2020-06-10,2020-06-11,3-5%,-4.668,14.5145,13.08,stop,343.6087,4987.31,4987.31,4494.4,-9.883,-492.91,1
MPC,2020-06-09,2020-06-10,2020-06-11,3-5%,-4.501,40.3503,36.51,stop,123.3301,4976.41,4976.41,4502.78,-9.518,-473.63,1
HPQ,2020-06-11,2020-06-12,2020-06-15,3-5%,-4.796,16.0961,16.8731,tp_gap_filled,305.0956,4910.84,4910.84,5147.91,4.827,237.07,1
CRH,2020-06-11,2020-06-12,2020-06-16,3-5%,-4.993,33.7137,35.4146,tp_gap_filled,146.2632,4931.07,4931.07,5179.85,5.045,248.77,2
AXP,2020-06-11,2020-06-12,2020-06-16,3-5%,-4.983,100.9709,106.0538,tp_gap_filled,48.7466,4921.99,4921.99,5169.76,5.034,247.78,2
PHM,2020-06-11,2020-06-12,2020-06-16,3-5%,-4.928,34.5645,36.2837,tp_gap_filled,142.4499,4923.71,4923.71,5168.61,4.974,244.89,2
ALGN,2020-06-11,2020-06-12,2020-06-16,3-5%,-4.904,254.6944,267.2924,tp_gap_filled,19.2922,4913.6,4913.6,5156.65,4.946,243.04,2
DD,2020-06-11,2020-06-12,2020-06-16,3-5%,-4.769,64.2315,67.3134,tp_gap_filled,76.499,4913.65,4913.65,5149.41,4.798,235.76,2
PSX,2020-06-15,2020-06-17,2020-06-19,3-5%,-4.957,73.5034,77.1827,tp_gap_filled,67.9528,4994.77,4994.77,5244.79,5.006,250.02,2
CASY,2020-06-09,2020-06-10,2020-06-26,3-5%,-4.714,161.6815,145.5399,stop,30.897,4995.47,4995.47,4496.74,-9.984,-498.73,12
MPC,2020-06-15,2020-06-26,2020-06-30,3-5%,-4.97,34.8348,36.5834,tp_gap_filled,141.1798,4917.97,4917.97,5164.83,5.02,246.86,2
PFG,2020-06-15,2020-06-24,2020-07-01,3-5%,-4.919,39.8598,41.8381,tp_gap_filled,124.2947,4954.36,4954.36,5200.26,4.963,245.89,5
APA,2020-06-15,2020-06-24,2020-07-01,3-5%,-4.866,13.1131,13.7562,tp_gap_filled,377.6663,4952.38,4952.38,5195.27,4.904,242.89,5
LYB,2020-06-15,2020-06-24,2020-07-02,3-5%,-4.789,63.4834,66.5434,tp_gap_filled,77.9977,4951.56,4951.56,5190.23,4.82,238.67,6
GM,2020-06-15,2020-06-19,2020-07-09,3-5%,-4.828,26.6366,23.91,stop,188.3203,5016.21,5016.21,4502.73,-10.236,-513.48,13
TFC,2020-06-15,2020-06-25,2020-07-09,3-5%,-4.991,37.5375,33.56,stop,132.8147,4985.53,4985.53,4457.26,-10.596,-528.28,9
WFC,2020-06-26,2020-07-02,2020-07-14,3-5%,-4.64,26.1261,23.56,stop,191.9432,5014.73,5014.73,4522.18,-9.822,-492.55,7
PRU,2020-06-15,2020-06-24,2020-07-15,3-5%,-4.75,60.2202,63.0968,tp_gap_filled,82.0402,4940.47,4940.47,5176.48,4.777,236.0,14
WDC,2020-06-11,2020-06-12,2020-07-23,3-5%,-4.76,33.7601,35.3765,tp_gap_filled,145.5231,4912.88,4912.88,5148.1,4.788,235.23,28
UAL,2020-07-16,2020-07-17,2020-07-23,3-5%,-4.867,34.6346,31.06,stop,143.7184,4977.63,4977.63,4463.89,-10.321,-513.74,4
TSLA,2020-07-16,2020-07-27,2020-07-28,3-5%,-4.453,98.5758,102.9643,tp_gap_filled,50.4886,4976.96,4976.96,5198.52,4.452,221.57,1
EME,2020-06-11,2020-06-12,2020-07-29,3-5%,-4.99,65.1851,68.4715,tp_gap_filled,75.6468,4931.05,4931.05,5179.65,5.042,248.6,32
STT,2020-06-11,2020-06-12,2020-08-05,3-5%,-4.823,63.013,66.0739,tp_gap_filled,77.9273,4910.43,4910.43,5148.95,4.858,238.53,37
EXPE,2020-07-31,2020-08-03,2020-08-06,3-5%,-4.828,80.9108,84.8451,tp_gap_filled,61.7707,4997.92,4997.92,5240.94,4.862,243.02,3
EMR,2020-06-11,2020-06-12,2020-08-07,3-5%,-4.918,62.7026,65.8141,tp_gap_filled,78.4482,4918.91,4918.91,5163.0,4.962,244.09,39
MMM,2020-07-28,2020-07-29,2020-08-11,3-5%,-4.76,130.1216,136.3518,tp_gap_filled,38.5054,5010.39,5010.39,5250.28,4.788,239.9,9
HAL,2020-06-09,2020-08-05,2020-08-11,3-5%,-4.756,15.6356,16.3836,tp_gap_filled,321.4064,5025.39,5025.39,5265.79,4.784,240.41,4
COP,2020-07-30,2020-08-05,2020-08-11,3-5%,-4.557,38.1581,39.9001,tp_gap_filled,131.5661,5020.32,5020.32,5249.5,4.565,229.18,4
UBER,2020-08-07,2020-08-10,2020-08-14,3-5%,-4.667,33.1231,29.85,stop,152.6407,5055.93,5055.93,4556.32,-9.882,-499.61,4
NEM,2020-08-11,2020-08-12,2020-08-17,3-5%,-4.861,64.6546,67.8221,tp_gap_filled,78.1038,5049.77,5049.77,5297.16,4.899,247.4,3
FOXA,2020-08-05,2020-08-11,2020-08-24,3-5%,-4.912,25.3854,26.6433,tp_gap_filled,199.253,5058.11,5058.11,5308.76,4.955,250.65,9
VRT,2020-08-12,2020-08-17,2020-08-25,3-5%,-4.413,16.046,16.7532,tp_gap_filled,315.4114,5061.1,5061.1,5284.16,4.407,223.06,6
PTC,2020-09-08,2020-09-10,2020-09-15,3-5%,-4.219,84.074,87.6023,tp_gap_filled,59.9969,5044.18,5044.18,5255.87,4.197,211.69,3
ADSK,2020-09-08,2020-09-11,2020-09-15,3-5%,-4.156,224.3842,233.6461,tp_gap_filled,22.4236,5031.49,5031.49,5239.18,4.128,207.69,2
LULU,2020-09-09,2020-09-10,2020-09-17,3-5%,-4.28,335.1648,304.8897,stop,15.084,5055.62,5055.62,4598.95,-9.033,-456.67,5
CVNA,2020-09-08,2020-09-09,2020-09-18,3-5%,-4.545,35.7357,32.3,stop,141.8963,5070.76,5070.76,4583.24,-9.614,-487.52,7
CCL,2020-09-17,2020-09-18,2020-09-21,3-5%,-4.01,15.8158,14.48,stop,316.8813,5011.73,5011.73,4588.44,-8.446,-423.29,1
DDOG,2020-09-17,2020-09-18,2020-09-22,3-5%,-4.274,85.6456,89.2906,tp_gap_filled,58.5156,5011.6,5011.6,5224.89,4.256,213.29,2
LEN,2020-09-15,2020-09-21,2020-09-22,3-5%,-4.367,73.2096,76.3998,tp_gap_filled,68.2685,4997.91,4997.91,5215.7,4.358,217.79,1
SWKS,2020-09-08,2020-09-21,2020-09-22,3-5%,-4.251,133.2331,138.871,tp_gap_filled,37.5404,5001.63,5001.63,5213.28,4.232,211.65,1
TTD,2020-09-17,2020-09-21,2020-09-22,3-5%,-4.147,42.3433,44.0869,tp_gap_filled,118.0729,4999.6,4999.6,5205.47,4.118,205.87,1
APA,2020-09-21,2020-09-22,2020-09-24,3-5%,-4.585,12.0821,10.91,stop,417.4939,5044.19,5044.19,4554.85,-9.701,-489.34,2
MPC,2020-09-21,2020-09-23,2020-09-24,3-5%,-4.585,30.8308,27.84,stop,160.5134,4948.76,4948.76,4468.69,-9.701,-480.07,1
NCLH,2020-09-21,2020-09-22,2020-09-25,3-5%,-4.862,15.4755,16.2338,tp_gap_filled,326.1319,5047.04,5047.04,5294.34,4.9,247.3,3
ZBH,2020-08-04,2020-09-24,2020-09-25,3-5%,-4.215,126.3398,131.6352,tp_gap_filled,38.9826,4925.05,4925.05,5131.48,4.191,206.43,1
AMD,2020-09-08,2020-09-11,2020-09-29,3-5%,-4.829,78.1281,81.928,tp_gap_filled,64.506,5039.73,5039.73,5284.85,4.864,245.12,12
OXY,2020-09-21,2020-09-22,2020-09-29,3-5%,-4.807,11.1011,9.97,stop,454.4301,5044.67,5044.67,4530.66,-10.189,-514.01,5
NXPI,2020-09-08,2020-09-21,2020-09-30,3-5%,-4.203,121.141,126.2037,tp_gap_filled,41.3034,5003.54,5003.54,5212.64,4.179,209.1,7
GD,2020-09-17,2020-09-21,2020-10-06,3-5%,-4.176,140.7906,146.6332,tp_gap_filled,35.5419,5003.97,5003.97,5211.63,4.15,207.66,11
UAL,2020-09-21,2020-09-28,2020-10-06,3-5%,-4.247,35.4354,36.933,tp_gap_filled,142.0693,5034.28,5034.28,5247.05,4.226,212.77,6
HCA,2020-09-21,2020-09-30,2020-10-06,3-5%,-4.786,126.0459,132.1178,tp_gap_filled,39.8165,5018.7,5018.7,5260.46,4.817,241.76,4
ADP,2020-07-29,2020-08-11,2020-10-08,3-5%,-4.582,140.0699,146.5033,tp_gap_filled,36.0597,5050.88,5050.88,5282.87,4.593,231.99,41
ROP,2020-09-08,2020-09-09,2020-10-12,3-5%,-4.968,401.9415,422.1075,tp_gap_filled,12.6189,5072.05,5072.05,5326.52,5.017,254.47,23
AMZN,2020-09-08,2020-09-11,2020-10-12,3-5%,-4.572,157.3572,164.5663,tp_gap_filled,31.9907,5033.96,5033.96,5264.59,4.581,230.62,21
LUV,2020-09-21,2020-09-22,2020-10-12,3-5%,-4.469,38.088,39.7902,tp_gap_filled,132.5215,5047.49,5047.49,5273.05,4.469,225.57,14
TSLA,2020-09-22,2020-09-30,2020-10-14,3-5%,-4.404,143.3432,149.6469,tp_gap_filled,34.9928,5015.98,5015.98,5236.57,4.398,220.58,10
DXCM,2020-10-02,2020-10-08,2020-10-16,3-5%,-4.072,99.3467,103.3565,tp_gap_filled,51.2073,5087.28,5087.28,5292.61,4.036,205.33,6
GILD,2020-08-19,2020-08-21,2020-10-19,3-5%,-4.156,66.2562,60.45,stop,76.3776,5060.49,5060.49,4617.02,-8.763,-443.47,40
LVS,2020-09-21,2020-09-22,2020-10-22,3-5%,-4.327,46.9269,48.951,tp_gap_filled,107.5652,5047.7,5047.7,5265.42,4.313,217.72,22
OKE,2020-10-15,2020-10-19,2020-10-22,3-5%,-4.641,28.5886,29.9201,tp_gap_filled,178.6428,5107.14,5107.14,5345.0,4.657,237.86,3
DVN,2020-10-02,2020-10-21,2020-10-22,3-5%,-4.396,8.7087,9.0909,tp_gap_filled,586.1706,5104.78,5104.78,5328.82,4.389,224.03,1
KEY,2020-10-21,2020-10-22,2020-10-23,3-5%,-4.434,12.5125,13.0669,tp_gap_filled,411.9111,5154.04,5154.04,5382.41,4.431,228.37,1
NCLH,2020-10-13,2020-10-22,2020-10-23,3-5%,-4.314,17.3173,18.0619,tp_gap_filled,298.2986,5165.73,5165.73,5387.85,4.3,222.12,1
RCL,2020-10-02,2020-10-13,2020-10-26,3-5%,-4.653,62.5625,56.3999,stop,81.904,5124.12,5124.12,4619.38,-9.85,-504.74,9
SLB,2020-10-16,2020-10-20,2020-10-29,3-5%,-4.872,15.6356,14.02,stop,327.4734,5120.25,5120.25,4591.17,-10.333,-529.08,7
TTD,2020-10-15,2020-10-19,2020-10-30,3-5%,-4.581,62.4624,56.4079,stop,81.7208,5104.47,5104.47,4609.7,-9.693,-494.78,9
EW,2020-10-22,2020-10-23,2020-10-30,3-5%,-4.629,79.8197,71.9999,stop,64.9961,5187.98,5187.98,4679.72,-9.797,-508.26,5
APA,2020-10-28,2020-10-29,2020-11-02,3-5%,-4.671,7.968,8.3417,tp_gap_filled,642.6596,5120.69,5120.69,5360.84,4.69,240.16,2
DAL,2020-10-02,2020-10-28,2020-11-03,3-5%,-4.341,29.7797,31.0689,tp_gap_filled,171.3924,5104.02,5104.02,5324.97,4.329,220.95,4
FDX,2020-10-28,2020-10-29,2020-11-03,3-5%,-4.256,211.92,220.899,tp_gap_filled,24.1889,5126.11,5126.11,5343.3,4.237,217.19,3
OXY,2020-10-02,2020-11-02,2020-11-03,3-5%,-4.442,9.2592,9.6703,tp_gap_filled,548.5985,5079.61,5079.61,5305.12,4.44,225.51,1
EQT,2020-10-28,2020-10-29,2020-11-06,3-5%,-4.95,15.3754,13.76,stop,332.8343,5117.45,5117.45,4579.79,-10.506,-537.65,6
WDC,2020-10-28,2020-10-29,2020-11-09,3-5%,-4.191,29.228,30.4457,tp_gap_filled,175.5178,5130.03,5130.03,5343.76,4.166,213.73,7
CVNA,2020-11-09,2020-11-11,2020-11-12,3-5%,-4.167,40.2902,41.958,tp_gap_filled,126.5925,5100.44,5100.44,5311.57,4.139,211.12,1
EXPE,2020-11-10,2020-11-11,2020-11-16,3-5%,-4.944,122.4023,128.5114,tp_gap_filled,41.7156,5106.08,5106.08,5360.92,4.991,254.84,3
UPS,2020-10-28,2020-10-29,2020-11-18,3-5%,-4.495,163.3232,170.6692,tp_gap_filled,31.4052,5129.19,5129.19,5359.89,4.498,230.7,14
KKR,2020-11-11,2020-11-12,2020-11-18,3-5%,-4.586,36.6566,38.3416,tp_gap_filled,138.671,5083.21,5083.21,5316.87,4.597,233.66,4
VLO,2020-11-17,2020-11-18,2020-11-23,3-5%,-4.94,52.9729,55.6143,tp_gap_filled,96.6647,5120.61,5120.61,5375.94,4.986,255.33,3
MPC,2020-11-17,2020-11-18,2020-11-23,3-5%,-4.198,39.059,40.6893,tp_gap_filled,130.8861,5112.28,5112.28,5325.66,4.174,213.38,3
DLTR,2020-08-27,2020-11-09,2020-11-24,3-5%,-4.48,99.6696,104.1358,tp_gap_filled,51.1393,5097.03,5097.03,5325.43,4.481,228.4,11
ROK,2020-11-10,2020-11-11,2020-11-24,3-5%,-4.954,242.3621,254.4853,tp_gap_filled,21.0687,5106.26,5106.26,5361.68,5.002,255.42,9
NOW,2020-11-09,2020-11-12,2020-12-01,3-5%,-4.77,102.0319,106.929,tp_gap_filled,49.8217,5083.4,5083.4,5327.38,4.8,243.98,12
IBM,2020-10-20,2020-11-23,2020-12-01,3-5%,-4.557,114.6461,119.88,tp_gap_filled,45.0754,5167.72,5167.72,5403.64,4.565,235.92,5
CHD,2020-10-29,2020-11-24,2020-12-01,3-5%,-4.805,84.084,88.1518,tp_gap_filled,61.7047,5188.38,5188.38,5439.38,4.838,251.0,4
REGN,2020-11-09,2020-11-10,2020-12-03,3-5%,-4.571,552.1616,498.7694,stop,9.2226,5092.37,5092.37,4599.95,-9.67,-492.42,16
OXY,2020-12-07,2020-12-08,2020-12-09,3-5%,-4.088,17.8478,18.5714,tp_gap_filled,293.2565,5233.99,5233.99,5446.19,4.054,212.19,1
MOS,2020-11-25,2020-11-30,2020-12-14,3-5%,-4.443,22.1721,23.1568,tp_gap_filled,235.0749,5212.12,5212.12,5443.59,4.441,231.47,10
NFLX,2020-10-21,2020-10-29,2020-12-16,3-5%,-4.642,50.1531,52.4895,tp_gap_filled,102.2433,5127.82,5127.82,5366.7,4.658,238.88,33
WDAY,2020-11-20,2020-11-27,2020-12-16,3-5%,-4.584,220.4402,230.5692,tp_gap_filled,23.6128,5205.2,5205.2,5444.38,4.595,239.17,13
PLTR,2020-12-10,2020-12-15,2020-12-17,3-5%,-4.089,25.5665,26.6034,tp_gap_filled,205.257,5247.71,5247.71,5460.53,4.055,212.82,2
FIX,2020-10-27,2020-11-24,2020-12-18,3-5%,-4.227,51.9419,54.1258,tp_gap_filled,99.8624,5187.04,5187.04,5405.13,4.205,218.09,17
CRH,2020-11-27,2020-12-01,2020-12-18,3-5%,-4.475,40.6006,42.4175,tp_gap_filled,128.4336,5214.48,5214.48,5447.84,4.475,233.36,13
TSCO,2020-10-22,2020-12-01,2020-12-21,3-5%,-4.714,28.4464,29.7942,tp_gap_filled,183.474,5219.18,5219.18,5466.46,4.738,247.28,14
VEEV,2020-12-02,2020-12-03,2020-12-22,3-5%,-4.293,272.272,283.9158,tp_gap_filled,19.0716,5192.67,5192.67,5414.74,4.277,222.07,13
RCL,2020-12-21,2020-12-22,2020-12-23,3-5%,-4.537,69.079,72.2177,tp_gap_filled,76.8357,5307.74,5307.74,5548.9,4.544,241.16,1
WYNN,2020-12-21,2020-12-22,2020-12-23,3-5%,-4.503,110.8207,115.8141,tp_gap_filled,47.916,5310.08,5310.08,5549.35,4.506,239.26,1
MRNA,2020-12-23,2020-12-28,2020-12-29,3-5%,-4.631,120.1701,108.3899,stop,44.4934,5346.78,5346.78,4822.64,-9.803,-524.14,1
SLB,2020-12-21,2020-12-22,2021-01-04,3-5%,-4.034,21.4314,22.2877,tp_gap_filled,247.9711,5314.37,5314.37,5526.7,3.995,212.33,7
EOG,2020-12-21,2020-12-22,2021-01-05,3-5%,-4.752,49.3593,51.7182,tp_gap_filled,107.5881,5310.48,5310.48,5564.27,4.779,253.79,8
JBHT,2020-10-16,2020-11-24,2021-01-06,3-5%,-4.146,136.096,141.6982,tp_gap_filled,38.1288,5189.18,5189.18,5402.78,4.116,213.6,28
KR,2020-12-03,2020-12-04,2021-01-06,3-5%,-4.336,30.9209,32.2577,tp_gap_filled,168.7888,5219.1,5219.1,5444.74,4.323,225.64,21
QCOM,2020-12-11,2020-12-15,2021-01-07,3-5%,-4.18,149.3892,155.5942,tp_gap_filled,35.1399,5249.52,5249.52,5467.56,4.154,218.04,15
FSLR,2021-01-05,2021-01-06,2021-01-07,3-5%,-4.099,97.1871,101.1388,tp_gap_filled,55.2997,5374.42,5374.42,5592.94,4.066,218.53,1
INCY,2020-11-05,2020-12-14,2021-01-08,3-5%,-4.342,87.3372,91.1188,tp_gap_filled,59.7958,5222.4,5222.4,5448.52,4.33,226.12,17
SWK,2021-01-04,2021-01-05,2021-01-08,3-5%,-4.884,170.0098,178.3814,tp_gap_filled,31.4514,5347.04,5347.04,5610.34,4.924,263.3,3
HST,2020-12-10,2020-12-14,2021-01-14,3-5%,-4.941,14.4444,15.1648,tp_gap_filled,362.0704,5229.9,5229.9,5490.73,4.987,260.83,21
XYZ,2021-01-11,2021-01-13,2021-01-25,3-5%,-4.075,231.8416,211.9298,stop,23.3482,5413.09,5413.09,4948.18,-8.589,-464.91,7
CRH,2021-01-11,2021-01-12,2021-01-27,3-5%,-4.144,45.3853,41.42,stop,119.3151,5415.16,5415.16,4942.03,-8.737,-473.13,10
ADP,2021-01-13,2021-01-14,2021-01-27,3-5%,-4.176,162.162,168.8909,tp_gap_filled,33.4118,5418.12,5418.12,5642.95,4.15,224.83,8
FLEX,2020-12-18,2021-01-27,2021-01-28,3-5%,-4.099,12.884,13.4078,tp_gap_filled,416.3523,5364.29,5364.29,5582.38,4.066,218.09,1
PGR,2021-01-07,2021-01-08,2021-02-01,3-5%,-4.302,94.6345,86.0399,stop,57.2335,5416.26,5416.26,4924.36,-9.082,-491.9,15
JCI,2021-01-11,2021-01-27,2021-02-01,3-5%,-4.386,49.099,51.2487,tp_gap_filled,109.3081,5366.92,5366.92,5601.9,4.378,234.97,3
BKR,2020-12-21,2021-01-27,2021-02-03,3-5%,-4.11,20.3203,21.1488,tp_gap_filled,263.9283,5363.1,5363.1,5581.78,4.077,218.67,5
FSLR,2021-01-27,2021-01-29,2021-02-10,3-5%,-4.375,100.2101,104.5853,tp_gap_filled,53.6788,5379.16,5379.16,5614.01,4.366,234.86,8
TER,2021-01-28,2021-02-03,2021-02-10,3-5%,-4.919,123.8337,129.9799,tp_gap_filled,43.5603,5394.24,5394.24,5661.97,4.963,267.73,5
LITE,2021-02-02,2021-02-05,2021-02-12,3-5%,-4.832,91.091,95.5244,tp_gap_filled,59.2274,5395.09,5395.09,5657.66,4.867,262.58,5
WFC,2021-01-15,2021-02-05,2021-02-16,3-5%,-4.806,33.1131,34.7152,tp_gap_filled,162.7224,5388.24,5388.24,5648.95,4.838,260.71,6
DVA,2021-02-02,2021-02-11,2021-02-16,3-5%,-4.048,114.114,104.3799,stop,47.3462,5402.86,5402.86,4941.99,-8.53,-460.87,2
DDOG,2021-02-12,2021-02-16,2021-02-22,3-5%,-4.974,111.8617,100.0499,stop,48.3405,5407.45,5407.45,4836.46,-10.559,-570.99,4
ALB,2021-02-18,2021-02-19,2021-02-22,3-5%,-4.439,150.6305,157.3125,tp_gap_filled,35.689,5375.86,5375.86,5614.33,4.436,238.48,1
TTWO,2021-02-09,2021-02-10,2021-02-23,3-5%,-4.992,202.8927,181.3898,stop,26.6717,5411.49,5411.49,4837.97,-10.598,-573.52,8
IP,2021-02-04,2021-02-09,2021-02-24,3-5%,-4.998,45.5853,47.8877,tp_gap_filled,118.414,5397.94,5397.94,5670.57,5.051,272.63,10
TER,2021-02-23,2021-02-24,2021-02-25,3-5%,-4.154,127.0169,132.2576,tp_gap_filled,42.4863,5396.48,5396.48,5619.14,4.126,222.66,1
SMCI,2021-02-12,2021-02-16,2021-03-01,3-5%,-4.997,3.2543,3.4186,tp_gap_filled,1663.2235,5412.55,5412.55,5685.86,5.05,273.31,9
FSLR,2021-02-23,2021-02-25,2021-03-02,3-5%,-4.595,82.7126,86.5234,tp_gap_filled,65.1432,5388.17,5388.17,5636.41,4.607,248.25,3
TTD,2021-02-23,2021-02-26,2021-03-03,3-5%,-4.167,81.081,73.9559,stop,66.3274,5377.89,5377.89,4905.3,-8.788,-472.59,3
ALB,2021-02-23,2021-03-03,2021-03-04,3-5%,-4.013,150.3602,137.6499,stop,35.8812,5395.1,5395.1,4939.04,-8.453,-456.06,1
PFG,2021-02-26,2021-03-04,2021-03-05,3-5%,-4.797,55.6256,58.3116,tp_gap_filled,96.4637,5365.85,5365.85,5624.96,4.829,259.11,1
BNY,2021-01-20,2021-02-11,2021-03-08,3-5%,-4.583,43.7637,45.7742,tp_gap_filled,123.6861,5412.96,5412.96,5661.63,4.594,248.67,16
TSLA,2020-12-02,2021-03-05,2021-03-08,3-5%,-4.843,185.6655,194.7251,tp_gap_filled,29.0797,5399.09,5399.09,5662.54,4.88,263.45,1
STX,2021-03-04,2021-03-05,2021-03-09,3-5%,-4.135,72.8728,75.8641,tp_gap_filled,74.3617,5418.94,5418.94,5641.38,4.105,222.44,2
CSCO,2021-02-10,2021-02-17,2021-03-10,3-5%,-4.845,46.1962,48.4515,tp_gap_filled,116.5156,5382.57,5382.57,5645.36,4.882,262.78,15
ANET,2021-02-23,2021-02-26,2021-03-22,3-5%,-4.539,17.4487,18.2417,tp_gap_filled,308.1754,5377.25,5377.25,5621.66,4.545,244.4,16
TSLA,2021-03-12,2021-03-17,2021-03-22,3-5%,-4.231,223.5567,232.9668,tp_gap_filled,24.4523,5466.48,5466.48,5696.58,4.209,230.1,3
CHTR,2021-01-29,2021-02-05,2021-03-23,3-5%,-4.375,626.636,653.9954,tp_gap_filled,8.5915,5383.74,5383.74,5618.8,4.366,235.06,31
PLTR,2021-03-17,2021-03-18,2021-03-24,3-5%,-4.256,24.5445,22.34,stop,221.9007,5446.45,5446.45,4957.26,-8.982,-489.19,4
XYZ,2021-03-12,2021-03-18,2021-03-24,3-5%,-4.021,232.232,212.5598,stop,23.4256,5440.18,5440.18,4979.35,-8.471,-460.83,4
FANG,2021-03-23,2021-03-25,2021-03-26,3-5%,-4.143,72.2622,75.2347,tp_gap_filled,75.4431,5451.68,5451.68,5675.93,4.113,224.25,1
WAB,2021-02-18,2021-03-10,2021-03-29,3-5%,-4.134,76.1461,79.2706,tp_gap_filled,71.4685,5442.05,5442.05,5665.36,4.103,223.31,13
GIS,2021-03-24,2021-03-25,2021-03-29,3-5%,-4.363,58.5785,61.1288,tp_gap_filled,92.9907,5447.26,5447.26,5684.41,4.354,237.15,2
XYZ,2021-03-25,2021-03-26,2021-03-29,3-5%,-4.173,204.8046,213.2965,tp_gap_filled,26.7652,5481.64,5481.64,5708.93,4.146,227.29,1
WBD,2021-02-24,2021-03-26,2021-03-29,3-5%,-4.06,50.8508,46.4999,stop,108.03,5493.41,5493.41,5023.39,-8.556,-470.02,1
GE,2021-03-11,2021-03-23,2021-03-30,3-5%,-4.226,63.3119,65.9737,tp_gap_filled,86.095,5450.84,5450.84,5680.01,4.204,229.17,5
MRNA,2021-03-12,2021-03-24,2021-03-30,3-5%,-4.577,134.174,121.1799,stop,40.4779,5431.08,5431.08,4905.1,-9.685,-525.98,4
FERG,2021-01-27,2021-03-25,2021-04-01,3-5%,-4.813,117.1971,122.877,tp_gap_filled,46.4467,5443.42,5443.42,5707.23,4.846,263.81,5
STZ,2021-04-08,2021-04-09,2021-04-15,3-5%,-4.427,224.7645,234.7051,tp_gap_filled,24.2754,5456.25,5456.25,5697.57,4.423,241.31,4
DASH,2021-04-19,2021-04-20,2021-04-22,3-5%,-4.703,142.6025,149.3405,tp_gap_filled,38.3466,5468.32,5468.32,5726.7,4.725,258.38,2
NKE,2021-03-25,2021-04-20,2021-04-29,3-5%,-4.588,127.1771,133.0268,tp_gap_filled,43.024,5471.67,5471.67,5723.35,4.6,251.68,7
CTVA,2021-05-05,2021-05-06,2021-05-10,3-5%,-4.499,47.5975,49.7402,tp_gap_filled,115.5646,5500.59,5500.59,5748.21,4.502,247.62,2
MRNA,2021-05-11,2021-05-12,2021-05-14,3-5%,-4.566,151.4613,158.3915,tp_gap_filled,35.9617,5446.81,5446.81,5696.03,4.576,249.22,2
TER,2021-05-11,2021-05-12,2021-05-14,3-5%,-4.522,116.4463,121.7182,tp_gap_filled,46.7941,5449.0,5449.0,5695.69,4.527,246.69,2
PFG,2021-05-07,2021-05-12,2021-05-14,3-5%,-4.446,63.6736,66.5034,tp_gap_filled,85.4372,5440.09,5440.09,5681.86,4.444,241.77,2
F,2021-04-29,2021-05-10,2021-05-18,3-5%,-4.183,11.9219,12.4176,tp_gap_filled,462.2857,5511.33,5511.33,5740.47,4.158,229.14,6
OXY,2021-05-11,2021-05-12,2021-05-18,3-5%,-4.619,25.4254,26.6034,tp_gap_filled,214.3558,5450.08,5450.08,5702.59,4.633,252.5,4
COHR,2021-05-12,2021-05-13,2021-05-19,3-5%,-4.685,61.5014,64.3955,tp_gap_filled,88.2501,5427.51,5427.51,5682.91,4.706,255.4,4
MPWR,2021-03-26,2021-05-11,2021-05-20,3-5%,-4.295,317.6573,331.2484,tp_gap_filled,17.2772,5488.24,5488.24,5723.06,4.279,234.82,7
XYZ,2021-05-11,2021-05-12,2021-05-25,3-5%,-4.87,206.0959,216.2136,tp_gap_filled,26.4627,5453.85,5453.85,5721.59,4.909,267.74,9
RMD,2021-04-30,2021-05-20,2021-05-25,3-5%,-4.766,198.198,207.7021,tp_gap_filled,28.1693,5583.09,5583.09,5850.82,4.795,267.72,3
TSLA,2021-05-11,2021-05-12,2021-05-27,3-5%,-4.737,199.9464,209.4703,tp_gap_filled,27.2803,5454.61,5454.61,5714.42,4.763,259.81,11
TXN,2021-04-28,2021-04-30,2021-05-28,3-5%,-4.506,181.8216,190.0198,tp_gap_filled,30.2155,5493.82,5493.82,5741.53,4.509,247.71,20
IR,2021-05-11,2021-05-12,2021-06-01,3-5%,-4.449,47.9379,50.0699,tp_gap_filled,113.5778,5444.68,5444.68,5686.83,4.447,242.15,13
LVS,2021-04-22,2021-05-06,2021-06-18,3-5%,-4.098,58.3283,53.29,stop,94.3845,5505.29,5505.29,5029.75,-8.638,-475.54,30
ON,2021-05-11,2021-06-18,2021-06-23,3-5%,-4.619,35.3453,36.983,tp_gap_filled,157.6261,5571.34,5571.34,5829.48,4.633,258.14,3
ORCL,2021-06-16,2021-06-21,2021-07-02,3-5%,-4.471,78.068,81.5584,tp_gap_filled,71.8263,5607.34,5607.34,5858.04,4.471,250.7,9
ARE,2021-06-15,2021-06-18,2021-07-16,3-5%,-4.284,185.4252,193.3365,tp_gap_filled,30.0648,5574.77,5574.77,5812.62,4.267,237.85,19
WDC,2021-05-19,2021-06-23,2021-07-16,3-5%,-4.18,53.0765,48.3975,stop,105.5136,5600.29,5600.29,5106.6,-8.815,-493.69,16
KMB,2021-04-23,2021-05-03,2021-07-19,3-5%,-4.162,134.6245,140.1897,tp_gap_filled,40.7746,5489.26,5489.26,5716.18,4.134,226.92,53
IVZ,2021-06-01,2021-06-17,2021-07-19,3-5%,-4.451,27.2873,24.72,stop,205.5909,5610.01,5610.01,5082.2,-9.408,-527.81,21
SLB,2021-07-19,2021-07-20,2021-07-21,3-5%,-4.808,26.5565,27.8421,tp_gap_filled,211.2057,5608.89,5608.89,5880.42,4.841,271.53,1
VLO,2021-07-19,2021-07-20,2021-07-21,3-5%,-4.67,61.9118,64.8151,tp_gap_filled,90.7114,5616.11,5616.11,5879.47,4.689,263.36,1
DVN,2021-07-19,2021-07-20,2021-07-21,3-5%,-4.616,24.6146,25.7542,tp_gap_filled,228.2831,5619.09,5619.09,5879.25,4.63,260.16,1
PTC,2021-04-29,2021-06-29,2021-07-22,3-5%,-4.552,141.6815,148.1417,tp_gap_filled,39.5755,5607.11,5607.11,5862.78,4.56,255.66,16
WSM,2021-07-22,2021-07-27,2021-07-29,3-5%,-4.392,76.051,79.3855,tp_gap_filled,74.6789,5679.41,5679.41,5928.43,4.385,249.02,2
LII,2021-07-14,2021-07-16,2021-07-30,3-5%,-4.81,320.32,335.8338,tp_gap_filled,17.4562,5591.56,5591.56,5862.37,4.843,270.81,10
COR,2021-05-05,2021-05-07,2021-08-04,3-5%,-4.164,120.7306,125.7241,tp_gap_filled,45.6298,5508.91,5508.91,5736.76,4.136,227.85,61
DAL,2021-07-19,2021-08-04,2021-08-05,3-5%,-4.468,38.3083,40.0199,tp_gap_filled,148.6764,5695.54,5695.54,5950.02,4.468,254.49,1
TSCO,2021-07-19,2021-07-20,2021-08-06,3-5%,-4.974,35.9559,37.7622,tp_gap_filled,155.8262,5602.88,5602.88,5884.34,5.024,281.47,13
CVS,2021-08-04,2021-08-05,2021-08-11,3-5%,-4.464,80.3302,83.916,tp_gap_filled,71.1742,5717.44,5717.44,5972.65,4.464,255.21,4
CNC,2021-07-27,2021-07-29,2021-08-13,3-5%,-4.624,69.3793,62.5899,stop,82.1947,5702.61,5702.61,5144.56,-9.786,-558.05,11
UBER,2021-07-29,2021-07-30,2021-08-19,3-5%,-4.378,44.1641,40.08,stop,128.9935,5696.89,5696.89,5170.06,-9.248,-526.83,14
GM,2021-08-04,2021-08-06,2021-08-19,3-5%,-4.578,55.2852,49.9299,stop,103.7439,5735.5,5735.5,5179.93,-9.687,-555.58,9
COIN,2021-08-12,2021-08-13,2021-08-19,3-5%,-4.314,266.6564,242.3698,stop,21.3909,5704.03,5704.03,5184.51,-9.108,-519.51,4
T,2021-05-18,2021-05-21,2021-08-20,3-5%,-4.75,22.5905,20.8024,time_exit,247.0793,5581.66,5581.66,5139.85,-7.915,-441.8,63
FCX,2021-07-19,2021-08-19,2021-08-23,3-5%,-4.518,31.7317,33.1668,tp_gap_filled,176.8926,5613.1,5613.1,5866.96,4.523,253.86,2
HAL,2021-07-19,2021-08-17,2021-08-24,3-5%,-4.636,19.1491,20.0399,tp_gap_filled,295.3582,5655.85,5655.85,5918.96,4.652,263.11,5
NTRS,2021-05-07,2021-06-17,2021-08-25,3-5%,-4.032,114.124,118.6812,tp_gap_filled,49.1502,5609.22,5609.22,5833.21,3.993,223.99,48
DASH,2021-08-19,2021-08-20,2021-08-26,3-5%,-4.704,182.7976,191.4384,tp_gap_filled,30.8067,5631.39,5631.39,5897.59,4.727,266.19,4
HD,2021-08-17,2021-08-18,2021-09-10,3-5%,-4.193,321.321,334.7149,tp_gap_filled,17.5453,5637.66,5637.66,5872.66,4.168,235.0,16
TXN,2021-07-22,2021-07-23,2021-09-14,3-5%,-4.376,185.9257,194.0458,tp_gap_filled,30.5139,5673.32,5673.32,5921.1,4.367,247.77,36
DHI,2021-07-22,2021-09-14,2021-09-16,3-5%,-4.603,87.3473,91.3785,tp_gap_filled,65.2919,5703.06,5703.06,5966.27,4.615,263.21,2
FANG,2021-09-20,2021-09-21,2021-09-22,3-5%,-4.648,78.8588,82.5374,tp_gap_filled,72.305,5701.88,5701.88,5967.86,4.665,265.98,1
DVN,2021-09-20,2021-09-21,2021-09-22,3-5%,-4.565,28.4584,29.7602,tp_gap_filled,200.6108,5709.07,5709.07,5970.22,4.574,261.15,1
OXY,2021-09-20,2021-09-21,2021-09-22,3-5%,-4.454,25.7657,26.9131,tp_gap_filled,221.569,5708.89,5708.89,5963.1,4.453,254.21,1
STX,2021-07-21,2021-09-20,2021-09-23,3-5%,-4.375,81.8317,85.4045,tp_gap_filled,69.7615,5708.71,5708.71,5957.95,4.366,249.24,3
MOS,2021-09-20,2021-09-21,2021-09-23,3-5%,-4.612,32.0921,33.5764,tp_gap_filled,177.8057,5706.15,5706.15,5970.07,4.625,263.92,2
ALB,2021-09-20,2021-09-21,2021-09-23,3-5%,-4.496,216.8666,226.6232,tp_gap_filled,26.3267,5709.38,5709.38,5966.24,4.499,256.86,2
COIN,2021-09-20,2021-09-21,2021-09-23,3-5%,-4.38,234.6844,244.9448,tp_gap_filled,24.31,5705.17,5705.17,5954.6,4.372,249.43,2
HPQ,2021-08-27,2021-09-14,2021-09-28,3-5%,-4.502,27.8178,29.0709,tp_gap_filled,205.0775,5704.8,5704.8,5961.79,4.505,256.98,10
DLR,2021-09-09,2021-09-22,2021-09-28,3-5%,-4.213,159.2991,145.1399,stop,36.3009,5782.7,5782.7,5268.7,-8.888,-513.99,4
XYZ,2021-09-20,2021-09-28,2021-10-04,3-5%,-4.089,245.5753,224.4098,stop,23.5495,5783.18,5783.18,5284.74,-8.619,-498.44,4
HOOD,2021-09-20,2021-10-04,2021-10-05,3-5%,-4.153,40.6606,42.3376,tp_gap_filled,140.9886,5732.68,5732.68,5969.12,4.124,236.44,1
TTD,2021-09-20,2021-09-28,2021-10-12,3-5%,-4.092,69.6796,72.5074,tp_gap_filled,83.0211,5784.88,5784.88,6019.65,4.058,234.77,10
MRNA,2021-10-06,2021-10-13,2021-10-14,3-5%,-4.035,319.0287,331.7779,tp_gap_filled,18.0427,5756.13,5756.13,5986.15,3.996,230.03,1
FERG,2021-09-28,2021-09-30,2021-10-15,3-5%,-4.235,138.7686,144.6152,tp_gap_filled,41.5459,5765.27,5765.27,6008.18,4.213,242.9,11
EMR,2021-10-11,2021-10-12,2021-10-20,3-5%,-4.149,92.7226,96.5434,tp_gap_filled,61.9889,5747.78,5747.78,5984.62,4.121,236.84,6
STX,2021-10-06,2021-10-07,2021-10-22,3-5%,-4.674,81.2512,85.0649,tp_gap_filled,71.2355,5787.97,5787.97,6059.64,4.694,271.67,11
IEX,2021-07-28,2021-09-08,2021-10-27,3-5%,-4.464,216.3661,226.0238,tp_gap_filled,26.3114,5692.9,5692.9,5947.0,4.464,254.11,35
COHR,2021-10-04,2021-10-07,2021-10-28,3-5%,-4.258,58.068,60.5294,tp_gap_filled,99.7081,5789.85,5789.85,6035.27,4.239,245.42,15
REGN,2021-10-01,2021-10-25,2021-10-28,3-5%,-4.698,577.3267,604.5748,tp_gap_filled,10.1299,5848.27,5848.27,6124.29,4.72,276.02,3
IVZ,2021-09-20,2021-09-23,2021-11-01,3-5%,-4.229,25.1651,26.2237,tp_gap_filled,230.5279,5801.27,5801.27,6045.31,4.207,244.04,27
AMZN,2021-10-29,2021-11-01,2021-11-04,3-5%,-4.252,165.166,172.1562,tp_gap_filled,35.7398,5903.01,5903.01,6152.84,4.232,249.83,3
TSLA,2021-11-02,2021-11-03,2021-11-04,3-5%,-4.073,386.8398,402.4605,tp_gap_filled,15.2774,5909.91,5909.91,6148.55,4.038,238.64,1
META,2021-10-22,2021-10-25,2021-11-05,3-5%,-4.543,326.6764,341.5381,tp_gap_filled,17.9006,5847.7,5847.7,6113.73,4.549,266.03,9
MOS,2021-11-02,2021-11-04,2021-11-10,3-5%,-4.004,39.8398,36.48,stop,148.9131,5932.67,5932.67,5432.34,-8.433,-500.32,4
ALLE,2021-10-21,2021-10-26,2021-11-18,3-5%,-4.757,130.4703,136.7132,tp_gap_filled,44.8435,5850.74,5850.74,6130.69,4.785,279.95,17
NVDA,2021-11-10,2021-11-15,2021-11-18,3-5%,-4.244,29.3854,30.6263,tp_gap_filled,201.2716,5914.44,5914.44,6164.21,4.223,249.78,3
CRWD,2021-11-15,2021-11-18,2021-11-22,3-5%,-4.727,67.7827,60.9949,stop,87.3323,5919.62,5919.62,5326.83,-10.014,-592.79,2
RJF,2021-10-21,2021-11-18,2021-11-24,3-5%,-4.19,97.5074,101.5683,tp_gap_filled,60.57,5906.02,5906.02,6151.99,4.165,245.97,4
EBAY,2021-10-28,2021-10-29,2021-12-01,3-5%,-4.674,74.104,66.7699,stop,79.2894,5875.67,5875.67,5294.15,-9.897,-581.52,22
APP,2021-10-25,2021-11-26,2021-12-03,3-5%,-4.509,90.09,81.4999,stop,64.7231,5830.9,5830.9,5274.92,-9.535,-555.98,5
TPL,2021-11-26,2021-11-29,2021-12-07,3-5%,-4.572,138.772,145.1303,tp_gap_filled,42.0818,5839.77,5839.77,6107.34,4.582,267.57,6
LYB,2021-11-26,2021-11-30,2021-12-07,3-5%,-4.751,87.2972,91.4684,tp_gap_filled,65.6195,5728.4,5728.4,6002.11,4.778,273.71,5
HUM,2021-11-03,2021-11-19,2021-12-10,3-5%,-4.509,436.9365,456.6529,tp_gap_filled,13.5156,5905.47,5905.47,6171.95,4.512,266.48,14
JKHY,2021-11-09,2021-11-17,2021-12-13,3-5%,-4.463,154.0639,160.9389,tp_gap_filled,38.3552,5909.15,5909.15,6172.84,4.462,263.69,17
LUV,2021-11-26,2021-11-29,2021-12-13,3-5%,-4.661,44.8448,40.42,stop,130.2865,5842.67,5842.67,5266.18,-9.867,-576.5,10
VRT,2021-09-08,2021-11-04,2021-12-14,3-5%,-4.779,26.7267,24.02,stop,221.8826,5930.19,5930.19,5329.61,-10.127,-600.57,27
GD,2021-10-26,2021-11-03,2021-12-16,3-5%,-4.185,199.4092,207.7021,tp_gap_filled,29.6237,5907.24,5907.24,6152.9,4.159,245.67,30
TGT,2021-11-17,2021-11-18,2021-12-16,3-5%,-4.655,254.244,229.1898,stop,23.2557,5912.62,5912.62,5329.97,-9.854,-582.65,19
V,2021-11-17,2021-11-18,2021-12-16,3-5%,-4.289,206.1559,214.9648,tp_gap_filled,28.668,5910.07,5910.07,6162.6,4.273,252.53,19
COIN,2021-12-06,2021-12-10,2021-12-16,3-5%,-4.713,253.3831,265.3843,tp_gap_filled,23.1923,5876.54,5876.54,6154.87,4.736,278.34,4
WAT,2021-11-02,2021-11-03,2021-12-23,3-5%,-4.002,350.36,364.2354,tp_gap_filled,16.9069,5923.49,5923.49,6158.08,3.96,234.59,35
HOOD,2021-12-20,2021-12-21,2021-12-23,3-5%,-4.346,18.2883,19.0809,tp_gap_filled,319.2945,5839.34,5839.34,6092.43,4.334,253.08,2
AMAT,2021-11-19,2021-11-22,2021-12-27,3-5%,-4.895,151.121,158.5813,tp_gap_filled,38.8265,5867.5,5867.5,6157.15,4.937,289.66,23
ALB,2021-12-20,2021-12-21,2021-12-27,3-5%,-4.246,220.3301,229.6401,tp_gap_filled,26.5492,5849.59,5849.59,6096.76,4.225,247.17,3
CCL,2021-12-27,2021-12-29,2021-12-30,3-5%,-4.057,20.3603,21.1788,tp_gap_filled,291.3472,5931.93,5931.93,6170.38,4.02,238.46,1
AIG,2021-11-26,2021-11-29,2022-01-03,3-5%,-4.457,55.3653,57.8321,tp_gap_filled,105.5364,5843.06,5843.06,6103.39,4.455,260.34,24
XOM,2021-11-26,2021-11-30,2022-01-03,3-5%,-4.663,60.5805,63.4165,tp_gap_filled,94.5494,5727.85,5727.85,5995.99,4.681,268.14,23
STT,2021-11-26,2021-11-29,2022-01-04,3-5%,-4.946,93.4934,98.1617,tp_gap_filled,62.503,5843.62,5843.62,6135.41,4.993,291.79,25
IVZ,2021-11-26,2021-11-29,2022-01-04,3-5%,-4.588,23.3133,24.3856,tp_gap_filled,250.5304,5840.69,5840.69,6109.33,4.6,268.64,25
NCLH,2021-12-27,2021-12-28,2022-01-04,3-5%,-4.049,21.8218,22.6973,tp_gap_filled,272.0641,5936.93,5936.93,6175.11,4.012,238.19,5
ALL,2021-11-04,2022-01-04,2022-01-07,3-5%,-4.06,121.121,125.9939,tp_gap_filled,49.4311,5987.14,5987.14,6228.01,4.023,240.87,3
A,2021-11-23,2021-11-26,2022-01-10,3-5%,-4.233,156.0459,142.1099,stop,37.3794,5832.91,5832.91,5311.99,-8.931,-520.92,30
MRK,2021-11-26,2022-01-05,2022-01-10,3-5%,-4.315,78.8087,82.1977,tp_gap_filled,75.7716,5971.47,5971.47,6228.26,4.3,256.79,3
BX,2021-12-20,2022-01-05,2022-01-12,3-5%,-4.007,118.4483,123.1467,tp_gap_filled,50.4164,5971.74,5971.74,6208.61,3.967,236.88,5
TTD,2022-01-10,2022-01-14,2022-01-19,3-5%,-4.345,75.5855,68.6499,stop,79.1302,5981.1,5981.1,5432.28,-9.176,-548.81,2
NXPI,2021-12-08,2021-12-15,2022-01-20,3-5%,-4.14,229.239,209.2298,stop,25.504,5846.51,5846.51,5336.2,-8.729,-510.32,24
APTV,2022-01-11,2022-01-12,2022-01-20,3-5%,-4.041,158.5584,145.0598,stop,37.8706,6004.71,6004.71,5493.51,-8.513,-511.2,5
ARE,2022-01-05,2022-01-06,2022-01-24,3-5%,-4.9,210.21,188.3598,stop,28.4514,5980.77,5980.77,5359.1,-10.394,-621.67,11
NUE,2021-10-21,2022-01-20,2022-01-24,3-5%,-4.688,100.3302,90.3699,stop,58.7167,5891.06,5891.06,5306.22,-9.928,-584.84,2
CEG,2022-01-21,2022-01-24,2022-01-26,3-5%,-4.444,43.043,44.955,tp_gap_filled,135.9792,5852.95,5852.95,6112.94,4.442,259.99,2
PYPL,2022-01-24,2022-01-25,2022-01-26,3-5%,-4.543,156.2661,163.3765,tp_gap_filled,37.266,5823.41,5823.41,6088.38,4.55,264.97,1
NVDA,2022-01-24,2022-01-25,2022-01-26,3-5%,-4.467,22.3523,23.3506,tp_gap_filled,260.6892,5827.01,5827.01,6087.26,4.466,260.25,1
ABNB,2021-12-20,2022-01-24,2022-01-28,3-5%,-4.275,151.3112,137.6599,stop,38.6706,5851.3,5851.3,5323.39,-9.022,-527.9,4
CRWD,2022-01-24,2022-01-28,2022-01-31,3-5%,-4.586,39.333,41.1413,tp_gap_filled,148.9598,5859.04,5859.04,6128.4,4.597,269.36,1
WYNN,2022-01-24,2022-01-28,2022-01-31,3-5%,-4.495,81.8818,85.5644,tp_gap_filled,71.8804,5885.7,5885.7,6150.4,4.497,264.7,1
CCL,2022-01-24,2022-01-27,2022-02-01,3-5%,-4.552,19.0991,19.97,tp_gap_filled,306.3,5850.05,5850.05,6116.81,4.56,266.77,3
CARR,2022-01-24,2022-01-28,2022-02-01,3-5%,-4.582,45.6556,47.7522,tp_gap_filled,128.803,5880.58,5880.58,6150.63,4.592,270.05,2
FLEX,2021-12-20,2022-01-21,2022-02-03,3-5%,-4.142,12.3937,12.9034,tp_gap_filled,473.437,5867.63,5867.63,6108.96,4.113,241.33,9
CLX,2022-01-26,2022-01-27,2022-02-04,3-5%,-4.567,166.7266,150.6198,stop,35.1009,5852.25,5852.25,5286.89,-9.661,-565.36,6
ALGN,2022-02-03,2022-02-04,2022-02-07,3-5%,-4.996,480.8403,505.1144,tp_gap_filled,12.2443,5887.55,5887.55,6184.77,5.048,297.22,1
HOOD,2022-02-03,2022-02-08,2022-02-09,3-5%,-4.351,13.4234,14.006,tp_gap_filled,439.6904,5902.14,5902.14,6158.3,4.34,256.15,1
DIS,2022-01-21,2022-01-31,2022-02-10,3-5%,-4.329,141.3712,147.4724,tp_gap_filled,41.8641,5918.39,5918.39,6173.8,4.316,255.42,8
INCY,2022-02-09,2022-02-10,2022-02-18,3-5%,-4.61,66.9068,69.9999,tp_gap_filled,88.402,5914.7,5914.7,6188.14,4.623,273.44,6
NKE,2022-01-10,2022-01-11,2022-02-22,3-5%,-4.109,150.6705,137.6199,stop,39.7767,5993.18,5993.18,5474.07,-8.662,-519.11,28
NEE,2022-01-25,2022-01-31,2022-02-24,3-5%,-4.541,78.2782,70.7599,stop,75.6147,5918.98,5918.98,5350.49,-9.605,-568.49,17
PFE,2022-02-08,2022-02-10,2022-02-24,3-5%,-4.83,50.6906,45.5,stop,116.6927,5915.23,5915.23,5309.51,-10.24,-605.72,9
TTD,2022-02-16,2022-02-22,2022-02-24,3-5%,-4.595,76.8968,69.4199,stop,76.0431,5847.47,5847.47,5278.91,-9.723,-568.57,2
GIS,2021-12-21,2022-02-24,2022-02-25,3-5%,-4.853,64.5645,67.7222,tp_gap_filled,89.2852,5764.66,5764.66,6046.59,4.891,281.94,1
NDSN,2022-02-23,2022-02-24,2022-02-25,3-5%,-4.719,216.8666,227.1526,tp_gap_filled,26.6021,5769.1,5769.1,6042.73,4.743,273.63,1
GILD,2022-02-02,2022-02-03,2022-02-28,3-5%,-4.338,65.5655,59.5599,stop,90.1513,5910.82,5910.82,5369.41,-9.16,-541.41,16
HBAN,2022-01-21,2022-02-03,2022-03-01,3-5%,-4.916,15.8759,14.22,stop,372.6738,5916.52,5916.52,5299.41,-10.43,-617.1,17
WM,2022-02-02,2022-02-11,2022-03-02,3-5%,-4.527,143.123,149.6102,tp_gap_filled,41.1766,5893.32,5893.32,6160.45,4.533,267.12,12
EL,2022-02-03,2022-02-11,2022-03-07,3-5%,-4.496,305.1248,276.1197,stop,19.3112,5892.33,5892.33,5332.21,-9.506,-560.12,15
LVS,2022-02-24,2022-02-28,2022-03-07,3-5%,-4.828,43.013,38.61,stop,135.587,5832.0,5832.0,5235.01,-10.236,-596.99,5
DECK,2022-02-24,2022-03-04,2022-03-07,3-5%,-4.553,44.5578,40.2666,stop,129.6133,5775.29,5775.29,5219.09,-9.631,-556.2,1
RJF,2022-02-24,2022-03-01,2022-03-08,3-5%,-4.546,102.142,92.3199,stop,56.4367,5764.56,5764.56,5210.23,-9.616,-554.33,5
MGM,2022-02-24,2022-03-04,2022-03-08,3-5%,-4.496,40.6106,36.75,stop,141.632,5751.76,5751.76,5204.97,-9.506,-546.79,2
ON,2022-02-24,2022-03-07,2022-03-08,3-5%,-4.97,54.9349,57.6923,tp_gap_filled,102.4486,5628.0,5628.0,5910.49,5.019,282.49,1
AMD,2022-02-24,2022-03-07,2022-03-08,3-5%,-4.738,104.6646,109.6502,tp_gap_filled,53.7025,5620.75,5620.75,5888.5,4.763,267.74,1
LIN,2022-02-24,2022-03-04,2022-03-09,3-5%,-4.926,277.0267,290.7989,tp_gap_filled,20.8732,5782.44,5782.44,6069.91,4.971,287.47,3
FERG,2022-01-18,2022-03-08,2022-03-09,3-5%,-4.7,164.3942,148.0298,stop,34.232,5627.54,5627.54,5067.35,-9.954,-560.19,1
SWK,2022-02-01,2022-02-04,2022-03-10,3-5%,-4.953,166.166,148.6999,stop,35.465,5893.07,5893.07,5273.64,-10.511,-619.44,23
BIIB,2022-02-03,2022-02-11,2022-03-10,3-5%,-4.427,215.215,195.0798,stop,27.3593,5888.13,5888.13,5337.24,-9.356,-550.88,18
APP,2022-03-10,2022-03-11,2022-03-16,3-5%,-4.368,46.4664,48.4915,tp_gap_filled,120.8627,5616.06,5616.06,5860.81,4.358,244.75,3
MOS,2022-03-09,2022-03-15,2022-03-16,3-5%,-4.932,55.3753,58.1318,tp_gap_filled,101.4555,5618.13,5618.13,5897.79,4.978,279.66,1
AAPL,2022-02-24,2022-03-14,2022-03-17,3-5%,-4.679,152.7326,159.9099,tp_gap_filled,36.543,5581.3,5581.3,5843.59,4.699,262.28,3
FFIV,2022-02-03,2022-02-10,2022-03-22,3-5%,-4.412,200.1499,208.9708,tp_gap_filled,29.5512,5914.67,5914.67,6175.34,4.407,260.67,27
ERIE,2022-02-25,2022-03-01,2022-03-22,3-5%,-4.803,172.3922,180.7291,tp_gap_filled,33.4579,5767.88,5767.88,6046.81,4.836,278.93,15
NEM,2022-03-09,2022-03-14,2022-03-23,3-5%,-4.677,74.054,77.5324,tp_gap_filled,75.3159,5577.44,5577.44,5839.42,4.697,261.98,7
GM,2022-02-24,2022-03-04,2022-03-29,3-5%,-4.808,44.1942,46.3336,tp_gap_filled,130.9458,5787.04,5787.04,6067.19,4.841,280.15,17
VEEV,2022-02-24,2022-03-22,2022-03-29,3-5%,-4.434,200.2,209.0707,tp_gap_filled,28.586,5722.92,5722.92,5976.5,4.431,253.58,5
GILD,2022-03-07,2022-03-09,2022-04-08,3-5%,-4.672,59.029,61.7981,tp_gap_filled,95.7673,5653.05,5653.05,5918.24,4.691,265.2,22
CVX,2022-03-09,2022-03-21,2022-04-08,3-5%,-4.551,162.9328,170.3595,tp_gap_filled,35.075,5714.87,5714.87,5975.36,4.558,260.49,14
TSLA,2022-04-11,2022-04-12,2022-04-13,3-5%,-4.397,327.1268,341.4882,tp_gap_filled,17.5764,5749.7,5749.7,6002.12,4.39,252.42,1
SMCI,2022-02-24,2022-04-01,2022-04-19,3-5%,-4.304,3.7387,3.8991,tp_gap_filled,1538.0453,5750.34,5750.34,5996.99,4.289,246.64,11
WY,2022-02-17,2022-03-10,2022-04-20,3-5%,-4.658,39.9499,41.8181,tp_gap_filled,140.7441,5622.72,5622.72,5885.66,4.676,262.94,28
BA,2022-03-21,2022-04-05,2022-04-26,3-5%,-4.372,184.5844,167.5398,stop,31.0992,5740.43,5740.43,5210.36,-9.234,-530.07,14
DIS,2022-04-20,2022-04-21,2022-04-27,3-5%,-4.435,126.1761,114.3499,stop,46.1057,5817.44,5817.44,5272.19,-9.373,-545.25,4
EOG,2022-03-15,2022-04-25,2022-04-28,3-5%,-4.86,110.3202,115.7242,tp_gap_filled,52.5297,5795.09,5795.09,6078.95,4.898,283.87,3
APA,2022-04-25,2022-04-26,2022-04-28,3-5%,-4.004,39.1191,40.6693,tp_gap_filled,147.5138,5770.6,5770.6,5999.28,3.963,228.68,2
HOOD,2022-04-27,2022-04-28,2022-04-29,3-5%,-4.05,9.6046,9.99,tp_gap_filled,604.0086,5801.26,5801.26,6034.05,4.013,232.79,1
HPQ,2022-03-31,2022-04-22,2022-05-04,3-5%,-4.815,37.007,38.8012,tp_gap_filled,156.5337,5792.84,5792.84,6073.69,4.848,280.85,8
EXR,2022-02-24,2022-05-02,2022-05-04,3-5%,-4.555,178.2881,186.4234,tp_gap_filled,32.4967,5793.77,5793.77,6058.14,4.563,264.37,2
GOOG,2022-04-27,2022-05-02,2022-05-04,3-5%,-4.295,114.4874,119.3865,tp_gap_filled,50.68,5802.22,5802.22,6050.5,4.279,248.29,2
CVNA,2022-05-03,2022-05-04,2022-05-05,3-5%,-4.068,11.6136,10.618,stop,505.3913,5869.41,5869.41,5366.24,-8.573,-503.17,1
NDAQ,2022-02-24,2022-04-27,2022-05-09,3-5%,-4.091,53.8238,49.1833,stop,107.3443,5777.67,5777.67,5279.54,-8.622,-498.13,8
FCX,2022-04-25,2022-05-02,2022-05-09,3-5%,-4.51,40.06,36.24,stop,144.8164,5801.35,5801.35,5248.14,-9.536,-553.21,5
ANET,2022-05-03,2022-05-04,2022-05-09,3-5%,-4.541,28.2507,25.5375,stop,207.3224,5857.01,5857.01,5294.49,-9.604,-562.52,3
ABBV,2022-04-29,2022-05-03,2022-05-16,3-5%,-4.318,149.7096,156.1537,tp_gap_filled,38.8637,5818.27,5818.27,6068.71,4.304,250.44,9
DDOG,2022-05-09,2022-05-12,2022-05-17,3-5%,-4.455,105.2051,95.2999,stop,53.7882,5658.79,5658.79,5126.01,-9.415,-532.78,3
NEM,2022-04-25,2022-05-02,2022-05-18,3-5%,-4.656,71.1211,64.11,stop,81.3955,5788.93,5788.93,5218.26,-9.858,-570.67,12
WSM,2022-02-24,2022-05-06,2022-05-18,3-5%,-4.48,64.024,57.9599,stop,90.3164,5782.42,5782.42,5234.73,-9.471,-547.68,8
CHD,2022-04-28,2022-04-29,2022-05-19,3-5%,-4.599,99.4694,89.7899,stop,58.2712,5796.19,5796.19,5232.16,-9.731,-564.03,14
TSLA,2022-05-12,2022-05-18,2022-05-19,3-5%,-4.496,233.9003,244.422,tp_gap_filled,24.0352,5621.85,5621.85,5874.74,4.498,252.89,1
CTVA,2022-05-05,2022-05-06,2022-05-20,3-5%,-4.718,56.4063,59.0809,tp_gap_filled,102.5741,5785.83,5785.83,6060.17,4.742,274.34,10
FCX,2022-05-09,2022-05-10,2022-05-23,3-5%,-4.699,36.1361,37.8421,tp_gap_filled,157.3128,5684.67,5684.67,5953.05,4.721,268.38,9
F,2022-05-12,2022-05-20,2022-05-23,3-5%,-4.832,12.2222,12.8172,tp_gap_filled,461.0539,5635.1,5635.1,5909.41,4.868,274.31,1
TPL,2022-05-05,2022-05-09,2022-05-24,3-5%,-4.857,150.784,158.165,tp_gap_filled,37.8352,5704.93,5704.93,5984.2,4.895,279.26,11
NKE,2022-05-06,2022-05-09,2022-05-25,3-5%,-4.122,113.8537,103.9599,stop,49.9919,5691.77,5691.77,5197.16,-8.69,-494.61,12
TJX,2022-05-20,2022-05-23,2022-05-25,3-5%,-4.56,58.6686,61.3486,tp_gap_filled,96.9771,5689.51,5689.51,5949.41,4.568,259.9,2
DLTR,2022-03-02,2022-05-18,2022-05-26,3-5%,-4.624,133.3832,139.5703,tp_gap_filled,42.1415,5620.97,5620.97,5881.7,4.639,260.73,6
GM,2022-05-12,2022-05-19,2022-05-26,3-5%,-4.856,35.4955,37.2327,tp_gap_filled,159.1386,5648.7,5648.7,5925.17,4.894,276.47,5
TPR,2022-05-18,2022-05-19,2022-05-26,3-5%,-4.632,31.5315,32.997,tp_gap_filled,179.3022,5653.67,5653.67,5916.43,4.648,262.76,5
CIEN,2022-05-19,2022-05-20,2022-05-26,3-5%,-4.241,49.049,51.1188,tp_gap_filled,115.0177,5641.5,5641.5,5879.57,4.22,238.07,4
ADSK,2022-05-23,2022-05-25,2022-05-26,3-5%,-4.42,183.1329,191.2186,tp_gap_filled,31.1365,5702.11,5702.11,5953.87,4.415,251.76,1
GOOG,2022-05-24,2022-05-25,2022-05-27,3-5%,-4.736,106.4839,111.5548,tp_gap_filled,53.5653,5703.84,5703.84,5975.46,4.762,271.63,2
RL,2022-05-18,2022-05-26,2022-06-01,3-5%,-4.343,97.6676,101.898,tp_gap_filled,59.0795,5770.15,5770.15,6020.08,4.331,249.93,3
DASH,2022-05-05,2022-05-27,2022-06-01,3-5%,-4.312,78.1981,71.0799,stop,74.0771,5792.69,5792.69,5265.4,-9.103,-527.29,2
CRWD,2022-06-03,2022-06-06,2022-06-07,3-5%,-4.687,41.5075,43.4615,tp_gap_filled,138.921,5766.26,5766.26,6037.71,4.708,271.46,1
MU,2022-06-03,2022-06-06,2022-06-10,3-5%,-4.883,71.7617,64.3299,stop,80.4264,5771.53,5771.53,5173.82,-10.356,-597.71,4
HOOD,2022-06-07,2022-06-08,2022-06-10,3-5%,-4.171,8.7387,7.97,stop,660.1096,5768.52,5768.52,5261.07,-8.797,-507.45,2
OMC,2022-05-24,2022-05-25,2022-06-13,3-5%,-4.403,72.5925,65.8399,stop,78.6224,5707.4,5707.4,5176.49,-9.302,-530.91,12
COIN,2022-05-26,2022-06-09,2022-06-13,3-5%,-4.764,64.034,57.5699,stop,89.4045,5724.93,5724.93,5147.01,-10.095,-577.91,2
NOW,2022-06-13,2022-06-14,2022-06-15,3-5%,-4.893,90.09,94.5354,tp_gap_filled,62.5903,5638.76,5638.76,5917.0,4.934,278.24,1
APA,2022-06-13,2022-06-14,2022-06-16,3-5%,-4.794,46.5165,41.79,stop,121.1441,5635.2,5635.2,5062.61,-10.161,-572.59,2
BLDR,2022-06-13,2022-06-14,2022-06-16,3-5%,-4.72,57.3873,51.65,stop,98.0281,5625.57,5625.57,5063.15,-9.998,-562.42,2
GNRC,2022-06-13,2022-06-15,2022-06-16,3-5%,-4.554,249.8396,225.7698,stop,22.6261,5652.91,5652.91,5108.3,-9.634,-544.61,1
AMZN,2022-06-13,2022-06-14,2022-06-21,3-5%,-4.979,104.2942,109.5404,tp_gap_filled,54.1174,5644.13,5644.13,5928.04,5.03,283.91,4
TTD,2022-06-16,2022-06-17,2022-06-21,3-5%,-4.819,45.8658,48.0919,tp_gap_filled,120.4634,5525.15,5525.15,5793.31,4.853,268.16,1
UBER,2022-06-16,2022-06-17,2022-06-21,3-5%,-4.494,21.061,22.008,tp_gap_filled,262.4641,5527.77,5527.77,5776.3,4.496,248.54,1
NCLH,2022-06-16,2022-06-17,2022-06-21,3-5%,-4.433,11.2212,11.7183,tp_gap_filled,493.4937,5537.6,5537.6,5782.89,4.43,245.3,1
BMY,2022-04-29,2022-05-31,2022-06-22,3-5%,-4.43,73.8538,77.1228,tp_gap_filled,78.4356,5792.76,5792.76,6049.17,4.426,256.41,15
WYNN,2022-06-13,2022-06-14,2022-06-22,3-5%,-4.768,59.3793,53.3799,stop,94.849,5632.07,5632.07,5063.03,-10.103,-569.03,5
LVS,2022-06-13,2022-06-14,2022-06-24,3-5%,-4.985,31.8618,33.4665,tp_gap_filled,177.0306,5640.52,5640.52,5924.6,5.036,284.08,7
CRM,2022-06-13,2022-06-15,2022-06-24,3-5%,-4.427,170.7206,178.2715,tp_gap_filled,33.1034,5651.43,5651.43,5901.4,4.423,249.96,6
OXY,2022-06-22,2022-06-23,2022-06-24,3-5%,-4.925,55.075,57.8121,tp_gap_filled,102.3295,5635.8,5635.8,5915.89,4.97,280.09,1
EQT,2022-03-29,2022-06-23,2022-06-24,3-5%,-4.756,33.2732,34.8651,tp_gap_filled,168.8434,5617.97,5617.97,5886.74,4.784,268.78,1
AZO,2022-04-28,2022-06-06,2022-06-27,3-5%,-4.376,2087.9658,2179.1587,tp_gap_filled,2.7641,5771.36,5771.36,6023.43,4.368,252.07,14
AXON,2022-06-13,2022-06-24,2022-06-27,3-5%,-4.279,92.4724,96.4135,tp_gap_filled,61.6382,5699.83,5699.83,5942.75,4.262,242.92,1
VLO,2022-06-22,2022-06-23,2022-06-28,3-5%,-4.92,110.8507,116.3535,tp_gap_filled,50.8882,5640.99,5640.99,5921.02,4.964,280.03,3
CCL,2022-06-13,2022-06-24,2022-06-28,3-5%,-4.706,10.5405,11.039,tp_gap_filled,539.9881,5691.76,5691.76,5960.9,4.729,269.14,2
LYV,2022-06-13,2022-06-28,2022-06-30,3-5%,-4.268,88.4584,80.4899,stop,64.8736,5738.61,5738.61,5221.67,-9.008,-516.94,2
CL,2022-04-29,2022-05-09,2022-07-01,3-5%,-4.285,77.8177,81.1388,tp_gap_filled,73.1492,5692.31,5692.31,5935.24,4.268,242.93,37
TSLA,2022-06-16,2022-06-29,2022-07-05,3-5%,-4.405,222.9594,232.767,tp_gap_filled,25.626,5713.55,5713.55,5964.88,4.399,251.33,3
NCLH,2022-06-29,2022-07-05,2022-07-11,3-5%,-4.389,12.2122,11.08,stop,468.5177,5721.63,5721.63,5191.17,-9.271,-530.46,4
LVS,2022-07-11,2022-07-12,2022-07-14,3-5%,-4.567,32.8428,34.3456,tp_gap_filled,173.46,5696.91,5696.91,5957.59,4.576,260.68,2
UBER,2022-07-06,2022-07-11,2022-07-18,3-5%,-4.529,21.5215,22.4975,tp_gap_filled,264.9126,5701.32,5701.32,5959.87,4.535,258.55,5
WYNN,2022-07-11,2022-07-12,2022-07-18,3-5%,-4.906,53.7437,56.4035,tp_gap_filled,105.9044,5691.69,5691.69,5973.38,4.949,281.69,4
LIN,2022-07-05,2022-07-06,2022-07-19,3-5%,-4.645,272.4522,285.1546,tp_gap_filled,20.9114,5697.36,5697.36,5962.98,4.662,265.62,9
FSLR,2022-07-15,2022-07-18,2022-07-19,3-5%,-4.575,67.8578,70.969,tp_gap_filled,84.3812,5725.92,5725.92,5988.45,4.585,262.52,1
COIN,2022-07-11,2022-07-18,2022-07-19,3-5%,-4.561,57.5975,60.2297,tp_gap_filled,99.3505,5722.35,5722.35,5983.85,4.57,261.51,1
FCX,2022-07-05,2022-07-18,2022-07-20,3-5%,-4.658,27.8678,29.1708,tp_gap_filled,205.6322,5730.53,5730.53,5998.46,4.675,267.93,2
APO,2022-06-13,2022-06-24,2022-07-21,3-5%,-4.5,52.052,54.3956,tp_gap_filled,109.5081,5700.12,5700.12,5956.75,4.502,256.64,18
ARES,2022-06-13,2022-07-20,2022-07-21,3-5%,-4.502,62.8528,65.6843,tp_gap_filled,92.6902,5825.84,5825.84,6088.29,4.505,262.45,1
INVH,2022-07-12,2022-07-13,2022-07-22,3-5%,-4.959,34.7247,36.4635,tp_gap_filled,163.7233,5685.24,5685.24,5969.92,5.007,284.68,7
PYPL,2022-06-10,2022-07-21,2022-07-22,3-5%,-4.375,80.5104,84.0259,tp_gap_filled,72.5175,5838.41,5838.41,6093.35,4.366,254.93,1
VLO,2022-07-21,2022-07-22,2022-07-25,3-5%,-4.319,104.6646,109.1707,tp_gap_filled,55.7989,5840.17,5840.17,6091.61,4.305,251.44,1
TXN,2022-04-27,2022-07-15,2022-07-27,3-5%,-4.684,160.7106,168.2716,tp_gap_filled,35.5529,5713.72,5713.72,5982.54,4.705,268.82,8
FAST,2022-07-13,2022-07-14,2022-07-28,3-5%,-4.781,23.8238,24.97,tp_gap_filled,237.3049,5653.5,5653.5,5925.5,4.811,272.0,10
WDC,2022-07-22,2022-07-27,2022-08-01,3-5%,-4.323,36.5066,38.0798,tp_gap_filled,160.3684,5854.51,5854.51,6106.79,4.309,252.29,3
PSKY,2022-07-26,2022-07-27,2022-08-03,3-5%,-4.499,24.2242,25.3147,tp_gap_filled,241.5276,5850.81,5850.81,6114.19,4.502,263.38,5
PFG,2022-06-27,2022-07-05,2022-08-04,3-5%,-4.872,65.2752,68.4815,tp_gap_filled,87.5671,5715.96,5715.96,5996.72,4.912,280.76,22
BG,2022-07-27,2022-07-28,2022-08-04,3-5%,-4.857,90.7907,95.2347,tp_gap_filled,64.6337,5868.14,5868.14,6155.37,4.895,287.23,5
PSKY,2022-08-04,2022-08-05,2022-08-08,3-5%,-4.553,23.9239,25.015,tp_gap_filled,247.8091,5928.56,5928.56,6198.94,4.561,270.37,1
APA,2022-07-14,2022-08-04,2022-08-09,3-5%,-4.772,31.3613,32.8671,tp_gap_filled,188.6493,5916.29,5916.29,6200.36,4.801,284.06,3
AMD,2022-08-03,2022-08-09,2022-08-10,3-5%,-4.492,94.9248,99.1907,tp_gap_filled,62.5971,5942.02,5942.02,6209.05,4.494,267.03,1
TRMB,2022-08-05,2022-08-09,2022-08-10,3-5%,-4.239,67.3873,70.2297,tp_gap_filled,88.2057,5943.94,5943.94,6194.66,4.218,250.71,1
DOW,2022-06-22,2022-06-23,2022-08-11,3-5%,-4.823,52.3523,54.8951,tp_gap_filled,107.4434,5624.91,5624.91,5898.11,4.857,273.2,34
COF,2022-07-22,2022-07-25,2022-08-11,3-5%,-4.271,109.4994,114.1557,tp_gap_filled,53.4143,5848.84,5848.84,6097.55,4.252,248.72,13
LRCX,2022-08-09,2022-08-10,2022-08-11,3-5%,-4.218,48.8538,50.903,tp_gap_filled,122.9894,6008.5,6008.5,6260.54,4.195,252.03,1
COIN,2022-08-09,2022-08-10,2022-08-11,3-5%,-4.213,93.9839,85.6299,stop,63.9731,6012.44,6012.44,5478.01,-8.889,-534.43,1
BKNG,2022-06-13,2022-08-10,2022-08-12,3-5%,-4.68,80.3383,84.1142,tp_gap_filled,74.7617,6006.22,6006.22,6288.52,4.7,282.3,2
PG,2022-07-29,2022-08-01,2022-08-15,3-5%,-4.478,141.5714,147.9119,tp_gap_filled,41.7516,5910.83,5910.83,6175.56,4.479,264.73,10
EXPE,2022-06-13,2022-08-11,2022-08-15,3-5%,-4.385,110.2201,115.0448,tp_gap_filled,54.5264,6009.91,6009.91,6272.99,4.377,263.08,2
IBM,2022-07-19,2022-08-01,2022-08-17,3-5%,-4.742,131.7116,137.9919,tp_gap_filled,44.8715,5910.1,5910.1,6191.9,4.768,281.81,12
BKR,2022-08-15,2022-08-16,2022-08-23,3-5%,-4.691,24.8148,25.984,tp_gap_filled,245.0986,6082.07,6082.07,6368.64,4.712,286.57,5
FCX,2022-08-15,2022-08-17,2022-08-23,3-5%,-4.396,30.2602,31.5884,tp_gap_filled,200.5813,6069.64,6069.64,6336.04,4.389,266.4,4
COIN,2022-08-22,2022-08-23,2022-08-24,3-5%,-4.253,70.9809,73.9859,tp_gap_filled,85.6203,6077.41,6077.41,6334.7,4.234,257.29,1
TAP,2022-08-02,2022-08-11,2022-08-31,3-5%,-4.474,57.067,51.6699,stop,105.3471,6011.84,6011.84,5443.28,-9.457,-568.57,14
KR,2022-06-16,2022-06-17,2022-09-09,3-5%,-4.992,48.3883,50.8291,tp_gap_filled,114.4423,5537.67,5537.67,5817.0,5.044,279.33,57
CNC,2022-08-26,2022-08-29,2022-09-14,3-5%,-4.502,91.5114,82.7999,stop,65.8855,6029.27,6029.27,5455.31,-9.52,-573.96,11
PLTR,2022-09-13,2022-09-14,2022-09-15,3-5%,-4.744,7.6376,8.002,tp_gap_filled,784.7094,5993.32,5993.32,6279.24,4.771,285.92,1
CRL,2022-08-16,2022-08-17,2022-09-16,3-5%,-4.912,220.7205,197.7198,stop,27.5034,6070.56,6070.56,5437.96,-10.421,-632.6,21
INCY,2022-08-02,2022-08-08,2022-09-19,3-5%,-4.393,74.074,67.1999,stop,80.3368,5950.87,5950.87,5398.62,-9.28,-552.24,29
ALGN,2022-09-13,2022-09-15,2022-09-21,3-5%,-4.776,255.255,229.4198,stop,23.3938,5971.38,5971.38,5366.99,-10.121,-604.38,4
DXCM,2022-09-13,2022-09-14,2022-09-22,3-5%,-4.523,90.0099,81.3999,stop,66.5939,5994.11,5994.11,5420.74,-9.566,-573.37,6
MRVL,2022-09-13,2022-09-14,2022-09-23,3-5%,-4.796,47.8878,43.02,stop,125.0851,5990.05,5990.05,5381.15,-10.165,-608.9,7
INTU,2022-09-13,2022-09-14,2022-09-23,3-5%,-4.636,434.6943,392.0396,stop,13.7867,5993.02,5993.02,5404.95,-9.813,-588.07,7
ON,2022-09-13,2022-09-14,2022-09-23,3-5%,-4.604,68.6586,61.9699,stop,87.3088,5994.5,5994.5,5410.52,-9.742,-583.98,7
WDAY,2022-09-13,2022-09-14,2022-09-23,3-5%,-4.489,162.2921,146.8899,stop,36.9456,5995.98,5995.98,5426.93,-9.49,-569.05,7
APTV,2022-09-13,2022-09-16,2022-09-23,3-5%,-4.682,95.1751,85.7399,stop,62.5368,5951.95,5951.95,5361.9,-9.913,-590.05,5
UPS,2022-07-26,2022-09-19,2022-09-23,3-5%,-4.609,179.4292,161.9298,stop,33.1848,5954.33,5954.33,5373.62,-9.753,-580.72,4
NVDA,2022-09-13,2022-09-21,2022-09-23,3-5%,-4.847,13.8158,12.396,stop,423.7007,5853.77,5853.77,5252.19,-10.277,-601.58,2
RCL,2022-09-13,2022-09-23,2022-09-30,3-5%,-4.954,45.7057,40.9,stop,124.8154,5704.77,5704.77,5104.94,-10.514,-599.83,5
FCX,2022-09-23,2022-09-26,2022-09-30,3-5%,-4.409,27.1271,28.3217,tp_gap_filled,209.015,5669.97,5669.97,5919.65,4.404,249.68,4
EXE,2022-09-23,2022-09-26,2022-10-03,3-5%,-4.669,94.0239,98.4315,tp_gap_filled,60.3977,5678.83,5678.83,5945.04,4.688,266.21,5
DVN,2022-09-23,2022-09-29,2022-10-03,3-5%,-4.563,60.3002,63.0569,tp_gap_filled,94.749,5713.39,5713.39,5974.58,4.572,261.19,2
TGT,2022-07-26,2022-09-23,2022-10-04,3-5%,-4.927,149.8797,157.3325,tp_gap_filled,38.0088,5696.74,5696.74,5980.02,4.973,283.27,7
AMZN,2022-07-26,2022-09-23,2022-10-04,3-5%,-4.416,115.9058,121.0189,tp_gap_filled,49.1946,5701.93,5701.93,5953.47,4.411,251.54,7
MOS,2022-08-02,2022-09-23,2022-10-04,3-5%,-4.164,49.2992,51.3386,tp_gap_filled,115.5536,5696.7,5696.7,5932.36,4.137,235.66,7
LULU,2022-09-30,2022-10-03,2022-10-04,3-5%,-4.853,285.9356,299.9198,tp_gap_filled,20.0967,5746.36,5746.36,6027.4,4.891,281.03,1
VRT,2022-09-23,2022-10-03,2022-10-04,3-5%,-4.533,10.5405,11.019,tp_gap_filled,545.7557,5752.55,5752.55,6013.67,4.539,261.11,1
BKR,2022-09-23,2022-10-03,2022-10-04,3-5%,-4.528,21.9519,22.947,tp_gap_filled,262.9343,5771.91,5771.91,6033.56,4.533,261.65,1
TSLA,2022-10-03,2022-10-04,2022-10-07,3-5%,-4.053,254.7545,232.9998,stop,22.9757,5853.17,5853.17,5353.34,-8.539,-499.83,3
NCLH,2022-09-30,2022-10-04,2022-10-10,3-5%,-4.473,13.2532,12.0,stop,441.5293,5851.69,5851.69,5298.35,-9.456,-553.35,4
FTNT,2022-09-13,2022-10-05,2022-10-12,3-5%,-4.674,53.2832,48.01,stop,109.6408,5842.01,5842.01,5263.85,-9.897,-578.17,5
COIN,2022-10-07,2022-10-11,2022-10-13,3-5%,-4.14,70.9208,64.7299,stop,81.0842,5750.56,5750.56,5248.57,-8.729,-501.99,2
PPG,2022-10-10,2022-10-13,2022-10-17,3-5%,-4.993,108.7687,114.2556,tp_gap_filled,52.7243,5734.75,5734.75,6024.05,5.045,289.3,2
AMZN,2022-10-13,2022-10-14,2022-10-17,3-5%,-4.446,107.9879,112.7871,tp_gap_filled,52.6632,5686.99,5686.99,5939.73,4.444,252.74,1
HOOD,2022-10-13,2022-10-14,2022-10-18,3-5%,-4.55,10.1852,10.6493,tp_gap_filled,559.1699,5695.24,5695.24,5954.79,4.557,259.55,2
MPWR,2022-10-13,2022-10-14,2022-10-18,3-5%,-4.409,309.0487,322.657,tp_gap_filled,18.3923,5684.13,5684.13,5934.41,4.403,250.29,2
SCHW,2022-08-02,2022-10-17,2022-10-18,3-5%,-4.38,65.7757,68.6513,tp_gap_filled,87.2947,5741.87,5741.87,5992.9,4.372,251.02,1
TSCO,2022-07-21,2022-07-22,2022-10-20,3-5%,-4.288,39.7237,37.8681,time_exit,146.9746,5838.37,5838.37,5565.65,-4.671,-272.72,63
APP,2022-10-13,2022-10-19,2022-10-20,3-5%,-4.696,17.2672,18.0819,tp_gap_filled,334.0633,5768.35,5768.35,6040.5,4.718,272.14,1
EQT,2022-08-15,2022-10-04,2022-10-21,3-5%,-4.741,44.044,39.62,stop,132.7297,5845.95,5845.95,5258.75,-10.045,-587.2,13
FSLR,2022-10-13,2022-10-17,2022-10-25,3-5%,-4.469,121.3312,126.7531,tp_gap_filled,47.3835,5749.1,5749.1,6006.01,4.469,256.91,6
NVDA,2022-10-07,2022-10-20,2022-10-25,3-5%,-4.76,12.5175,13.1169,tp_gap_filled,459.2531,5748.7,5748.7,6023.96,4.788,275.26,3
WRB,2022-10-25,2022-10-26,2022-10-28,3-5%,-4.396,46.2996,48.3316,tp_gap_filled,125.3527,5803.78,5803.78,6058.5,4.389,254.72,2
EQT,2022-10-27,2022-10-28,2022-10-31,3-5%,-4.64,37.2372,38.971,tp_gap_filled,156.5153,5828.19,5828.19,6099.56,4.656,271.36,1
ABNB,2022-10-13,2022-10-31,2022-11-01,3-5%,-4.495,107.4073,112.2376,tp_gap_filled,54.367,5839.41,5839.41,6102.02,4.497,262.61,1
MNST,2022-08-05,2022-08-08,2022-11-04,3-5%,-4.929,22.9254,24.0659,tp_gap_filled,259.8971,5958.25,5958.25,6254.66,4.975,296.41,63
DDOG,2022-10-28,2022-11-02,2022-11-04,3-5%,-4.516,78.5284,71.0299,stop,74.2431,5830.2,5830.2,5273.48,-9.549,-556.71,2
CRWD,2022-10-13,2022-11-03,2022-11-04,3-5%,-4.927,36.3994,32.594,stop,159.7239,5813.85,5813.85,5206.03,-10.455,-607.81,1
CPRT,2022-09-08,2022-09-13,2022-11-10,3-5%,-4.948,28.2657,29.6778,tp_gap_filled,213.79,6042.93,6042.93,6344.81,4.996,301.88,42
VRSK,2022-11-02,2022-11-08,2022-11-10,3-5%,-4.877,172.7926,181.2885,tp_gap_filled,33.5728,5801.13,5801.13,6086.36,4.917,285.23,2
PANW,2022-11-03,2022-11-08,2022-11-10,3-5%,-4.636,77.2171,80.8091,tp_gap_filled,75.0798,5797.45,5797.45,6067.14,4.652,269.68,2
DOW,2022-09-13,2022-11-04,2022-11-11,3-5%,-4.28,48.7987,50.8791,tp_gap_filled,118.5284,5784.04,5784.04,6030.62,4.263,246.58,5
ABBV,2022-10-28,2022-10-31,2022-11-14,3-5%,-4.932,146.0759,153.3465,tp_gap_filled,39.9707,5838.76,5838.76,6129.37,4.977,290.61,10
LHX,2022-10-28,2022-11-01,2022-11-14,3-5%,-4.272,242.242,220.3998,stop,24.1734,5855.82,5855.82,5327.82,-9.017,-528.0,9
WBD,2022-11-04,2022-11-11,2022-11-14,3-5%,-4.929,11.3914,11.958,tp_gap_filled,513.7548,5852.38,5852.38,6143.49,4.974,291.12,1
COIN,2022-11-08,2022-11-11,2022-11-15,3-5%,-4.336,54.5545,56.913,tp_gap_filled,107.5821,5869.09,5869.09,6122.82,4.323,253.74,2
APP,2022-11-11,2022-11-14,2022-11-15,3-5%,-4.177,15.6156,16.2637,tp_gap_filled,375.5676,5864.71,5864.71,6108.13,4.15,243.41,1
LLY,2022-11-01,2022-11-11,2022-11-17,3-5%,-4.491,346.1758,361.7279,tp_gap_filled,16.9391,5863.9,5863.9,6127.34,4.493,263.44,4
COR,2022-11-08,2022-11-10,2022-11-21,3-5%,-4.382,155.0649,161.848,tp_gap_filled,37.749,5853.55,5853.55,6109.6,4.374,256.05,7
BBY,2022-11-16,2022-11-18,2022-11-22,3-5%,-4.616,72.1821,75.5244,tp_gap_filled,81.468,5880.53,5880.53,6152.82,4.63,272.29,2
HOOD,2022-11-11,2022-11-21,2022-11-23,3-5%,-4.531,8.8589,9.2607,tp_gap_filled,662.7313,5871.04,5871.04,6137.38,4.536,266.34,2
CVNA,2022-11-21,2022-11-23,2022-11-25,3-5%,-4.839,1.5355,1.6104,tp_gap_filled,3859.0808,5925.75,5925.75,6214.62,4.875,288.87,1
WSM,2022-11-16,2022-11-17,2022-11-29,3-5%,-4.898,64.4294,57.7349,stop,91.3047,5882.7,5882.7,5271.47,-10.39,-611.23,7
TTD,2022-11-17,2022-11-21,2022-11-30,3-5%,-4.765,49.019,51.3686,tp_gap_filled,119.8562,5875.23,5875.23,6156.84,4.793,281.61,6
AMAT,2022-11-16,2022-11-17,2022-12-01,3-5%,-4.599,105.4854,110.3495,tp_gap_filled,55.8011,5886.2,5886.2,6157.62,4.611,271.43,9
BX,2022-11-22,2022-12-01,2022-12-06,3-5%,-4.151,86.2061,78.6599,stop,68.9756,5946.12,5946.12,5425.62,-8.754,-520.5,3
FERG,2022-11-11,2022-11-16,2022-12-07,3-5%,-4.514,117.9478,123.2766,tp_gap_filled,49.9041,5886.08,5886.08,6152.01,4.518,265.93,14
CVNA,2022-11-30,2022-12-06,2022-12-07,3-5%,-4.496,1.4034,1.27,stop,4211.9958,5911.12,5911.12,5349.23,-9.506,-561.89,1
ECL,2022-11-01,2022-11-10,2022-12-13,3-5%,-4.641,149.9298,156.9129,tp_gap_filled,39.0196,5850.2,5850.2,6122.68,4.658,272.48,22
TSLA,2022-12-27,2022-12-29,2022-12-30,3-5%,-4.588,117.6175,123.0269,tp_gap_filled,50.0769,5889.92,5889.92,6160.8,4.599,270.88,1
WELL,2022-12-07,2022-12-16,2023-01-04,3-5%,-5.0,64.8548,68.1318,tp_gap_filled,90.6126,5876.66,5876.66,6173.6,5.053,296.94,11
NCLH,2022-10-13,2022-12-28,2023-01-06,3-5%,-4.314,12.4324,12.967,tp_gap_filled,471.2843,5859.2,5859.2,6111.15,4.3,251.95,6
NFLX,2022-12-15,2023-01-04,2023-01-09,3-5%,-4.943,30.2422,31.7512,tp_gap_filled,196.0231,5928.17,5928.17,6223.97,4.99,295.8,3
LUV,2022-12-27,2023-01-06,2023-01-10,3-5%,-4.101,34.6446,36.0539,tp_gap_filled,172.1599,5964.41,5964.41,6207.04,4.068,242.62,2
ECHO,2022-11-04,2022-12-06,2023-01-11,3-5%,-4.15,16.4164,17.0929,tp_gap_filled,359.2866,5898.19,5898.19,6141.25,4.121,243.05,24
ABNB,2022-12-07,2022-12-16,2023-01-11,3-5%,-4.634,88.8938,93.0269,tp_gap_filled,66.0815,5874.24,5874.24,6147.36,4.649,273.12,16
SMCI,2023-01-10,2023-01-13,2023-01-17,3-5%,-4.447,8.1081,8.4685,tp_gap_filled,740.8972,6007.27,6007.27,6274.31,4.445,267.04,1
COIN,2022-11-16,2023-01-17,2023-01-18,3-5%,-4.862,52.8828,55.4745,tp_gap_filled,113.8333,6019.83,6019.83,6314.84,4.901,295.01,1
PFG,2022-11-17,2022-11-30,2023-01-27,3-5%,-4.391,88.9188,92.8171,tp_gap_filled,66.6877,5929.79,5929.79,6189.76,4.384,259.97,39
MU,2022-11-16,2023-01-23,2023-01-27,3-5%,-4.073,60.5905,63.0369,tp_gap_filled,99.6477,6037.71,6037.71,6281.48,4.038,243.78,4
GM,2023-01-13,2023-01-17,2023-01-31,3-5%,-4.827,36.5165,38.2917,tp_gap_filled,165.0483,6026.98,6026.98,6319.98,4.861,292.99,10
MDT,2022-11-08,2022-11-10,2023-02-01,3-5%,-4.431,81.8317,85.4545,tp_gap_filled,71.5311,5853.52,5853.52,6112.65,4.427,259.14,55
MMM,2022-10-25,2023-01-25,2023-02-02,3-5%,-4.114,95.0029,98.881,tp_gap_filled,63.7408,6055.56,6055.56,6302.75,4.082,247.19,6
ALL,2023-01-19,2023-01-23,2023-02-06,3-5%,-4.818,126.1761,132.2976,tp_gap_filled,47.8692,6039.95,6039.95,6332.98,4.852,293.03,10
GD,2023-01-25,2023-01-26,2023-02-06,3-5%,-4.498,225.0849,235.2145,tp_gap_filled,26.9748,6071.63,6071.63,6344.87,4.5,273.25,7
SCHW,2023-01-19,2023-01-20,2023-02-07,3-5%,-4.19,78.048,81.2986,tp_gap_filled,77.1622,6022.36,6022.36,6273.18,4.165,250.83,12
GOOGL,2023-02-03,2023-02-06,2023-02-07,3-5%,-4.464,103.0329,107.6323,tp_gap_filled,59.2768,6107.46,6107.46,6380.09,4.464,272.63,1
GOOG,2023-02-03,2023-02-06,2023-02-14,3-5%,-4.862,103.6135,92.9299,stop,58.9487,6107.88,6107.88,5478.1,-10.311,-629.78,6
NEM,2023-01-24,2023-02-03,2023-02-15,3-5%,-4.68,51.1711,46.0999,stop,119.8642,6133.59,6133.59,5525.73,-9.91,-607.85,8
XYZ,2023-01-25,2023-02-09,2023-02-15,3-5%,-4.691,77.077,80.7092,tp_gap_filled,78.9148,6082.51,6082.51,6369.15,4.712,286.64,4
MRVL,2023-02-03,2023-02-07,2023-02-21,3-5%,-4.061,46.8268,42.82,stop,131.3903,6152.59,6152.59,5626.13,-8.557,-526.46,9
PLTR,2023-02-16,2023-02-17,2023-02-21,3-5%,-4.55,9.6596,8.73,stop,627.9072,6065.36,6065.36,5481.62,-9.624,-583.74,1
COIN,2023-02-16,2023-02-17,2023-02-22,3-5%,-4.961,65.9659,59.02,stop,92.0004,6068.89,6068.89,5429.86,-10.53,-639.03,2
CMG,2023-02-08,2023-02-09,2023-02-24,3-5%,-4.635,32.8929,29.6656,stop,184.8114,6078.97,6078.97,5482.54,-9.812,-596.44,10
TTD,2023-02-03,2023-02-24,2023-02-28,3-5%,-4.824,54.3143,56.953,tp_gap_filled,108.7521,5906.79,5906.79,6193.75,4.858,286.97,2
APP,2023-02-03,2023-02-27,2023-03-03,3-5%,-4.933,13.5035,14.1758,tp_gap_filled,438.0492,5915.19,5915.19,6209.7,4.979,294.51,4
NCLH,2023-02-28,2023-03-03,2023-03-06,3-5%,-4.848,15.7157,16.4835,tp_gap_filled,381.9479,6002.58,6002.58,6295.84,4.886,293.26,1
CB,2023-02-01,2023-02-08,2023-03-09,3-5%,-4.343,217.8276,197.8498,stop,28.0776,6116.08,6116.08,5555.15,-9.171,-560.93,20
NDAQ,2023-01-25,2023-01-26,2023-03-10,3-5%,-4.797,59.009,53.01,stop,102.7974,6065.97,6065.97,5449.29,-10.166,-616.68,30
F,2023-02-10,2023-02-13,2023-03-13,3-5%,-4.818,12.8528,11.54,stop,474.6114,6100.11,6100.11,5477.01,-10.214,-623.09,19
MRNA,2023-02-24,2023-02-27,2023-03-13,3-5%,-4.771,140.6705,147.4224,tp_gap_filled,42.0354,5913.15,5913.15,6196.96,4.8,283.82,10
XYZ,2023-03-10,2023-03-13,2023-03-14,3-5%,-4.322,70.6806,73.7262,tp_gap_filled,82.9233,5861.07,5861.07,6113.62,4.309,252.55,1
JCI,2023-02-01,2023-02-02,2023-03-15,3-5%,-4.772,66.3162,59.6099,stop,92.411,6128.35,6128.35,5508.61,-10.113,-619.74,28
EVRG,2023-02-24,2023-03-01,2023-03-16,3-5%,-4.213,58.2582,60.6992,tp_gap_filled,101.3902,5906.81,5906.81,6154.31,4.19,247.5,11
AVY,2023-02-02,2023-02-03,2023-03-17,3-5%,-4.169,183.8537,167.6898,stop,33.3182,6125.67,6125.67,5587.12,-8.792,-538.55,29
RJF,2023-03-15,2023-03-16,2023-03-20,3-5%,-4.571,88.1881,92.2277,tp_gap_filled,66.5624,5870.01,5870.01,6138.9,4.581,268.88,2
EOG,2023-03-15,2023-03-16,2023-03-21,3-5%,-4.606,104.2742,109.0908,tp_gap_filled,56.2885,5869.43,5869.43,6140.55,4.619,271.12,3
AIG,2023-03-15,2023-03-16,2023-03-21,3-5%,-4.48,48.8788,51.0689,tp_gap_filled,120.1798,5874.25,5874.25,6137.45,4.481,263.2,3
FCX,2023-03-15,2023-03-17,2023-03-21,3-5%,-4.732,36.2762,38.002,tp_gap_filled,159.063,5770.21,5770.21,6044.7,4.757,274.5,2
HBAN,2023-03-17,2023-03-20,2023-03-21,3-5%,-4.582,10.6306,11.1189,tp_gap_filled,548.3165,5828.94,5828.94,6096.66,4.593,267.72,1
CSGP,2023-02-22,2023-02-23,2023-03-23,3-5%,-4.499,72.6726,65.7599,stop,81.6429,5933.2,5933.2,5368.83,-9.512,-564.37,20
COF,2023-01-19,2023-03-10,2023-03-24,3-5%,-4.504,97.4073,88.1299,stop,60.1706,5861.05,5861.05,5302.83,-9.524,-558.23,10
SYF,2023-03-13,2023-03-14,2023-03-24,3-5%,-4.793,30.6206,27.51,stop,192.8853,5906.26,5906.26,5306.27,-10.159,-599.99,8
HAL,2023-03-15,2023-03-21,2023-03-24,3-5%,-4.788,31.8518,28.62,stop,186.6162,5944.06,5944.06,5340.95,-10.147,-603.11,3
MOS,2023-01-13,2023-03-21,2023-03-24,3-5%,-4.066,45.1151,41.25,stop,131.7717,5944.89,5944.89,5435.58,-8.567,-509.31,3
FANG,2023-03-15,2023-03-23,2023-03-29,3-5%,-4.064,127.3772,132.5074,tp_gap_filled,45.3697,5779.06,5779.06,6011.82,4.027,232.75,4
STT,2023-03-13,2023-03-14,2023-04-14,3-5%,-4.557,76.3062,79.7901,tp_gap_filled,77.3966,5905.84,5905.84,6175.48,4.566,269.64,22
WFC,2023-03-15,2023-03-16,2023-04-14,3-5%,-4.655,38.3383,40.1298,tp_gap_filled,152.9041,5862.08,5862.08,6136.01,4.673,273.93,20
ALB,2023-04-05,2023-04-11,2023-04-14,3-5%,-4.108,201.161,209.3604,tp_gap_filled,29.1881,5871.51,5871.51,6110.84,4.076,239.33,3
BAC,2023-03-13,2023-03-14,2023-04-17,3-5%,-4.46,28.9489,30.2397,tp_gap_filled,204.0671,5907.52,5907.52,6170.93,4.459,263.41,23
PFG,2023-03-13,2023-03-14,2023-04-17,3-5%,-4.038,73.9739,76.933,tp_gap_filled,79.8335,5905.59,5905.59,6141.83,4.0,236.23,23
MRNA,2023-04-11,2023-04-17,2023-04-24,3-5%,-4.82,152.5824,136.9899,stop,38.6845,5902.58,5902.58,5299.39,-10.219,-603.19,5
COIN,2023-04-19,2023-04-20,2023-04-24,3-5%,-4.312,64.4244,58.5599,stop,91.6247,5902.86,5902.86,5365.54,-9.103,-537.33,2
CFG,2023-04-19,2023-04-20,2023-04-27,3-5%,-4.336,29.1491,30.4096,tp_gap_filled,202.5366,5903.76,5903.76,6159.05,4.324,255.29,5
TER,2023-04-17,2023-04-25,2023-04-27,3-5%,-4.01,96.8067,88.6299,stop,60.2234,5830.03,5830.03,5337.6,-8.447,-492.44,2
MU,2023-03-31,2023-04-20,2023-04-28,3-5%,-4.343,60.4103,63.0269,tp_gap_filled,97.6429,5898.64,5898.64,6154.13,4.331,255.49,6
CHRW,2023-02-02,2023-03-14,2023-05-01,3-5%,-4.71,97.4073,102.0179,tp_gap_filled,60.6188,5904.71,5904.71,6184.2,4.733,279.49,33
ON,2023-04-20,2023-04-21,2023-05-01,3-5%,-4.732,73.3533,76.8431,tp_gap_filled,80.0981,5875.46,5875.46,6154.99,4.758,279.53,6
EXE,2023-05-03,2023-05-04,2023-05-05,3-5%,-4.094,76.9068,80.0299,tp_gap_filled,76.0562,5849.25,5849.25,6086.77,4.061,237.53,1
EFX,2023-02-09,2023-02-13,2023-05-15,3-5%,-4.632,210.21,205.3644,time_exit,29.0459,6105.73,6105.73,5964.99,-2.305,-140.74,63
FCX,2023-05-11,2023-05-12,2023-05-15,3-5%,-4.084,34.7948,36.2038,tp_gap_filled,168.8188,5874.01,5874.01,6111.87,4.049,237.87,1
CVNA,2023-05-09,2023-05-12,2023-05-15,3-5%,-4.071,2.1702,2.2577,tp_gap_filled,2707.466,5875.66,5875.66,6112.75,4.035,237.1,1
CFG,2023-05-04,2023-05-10,2023-05-17,3-5%,-4.005,25.1952,26.1938,tp_gap_filled,233.3626,5879.61,5879.61,6112.65,3.963,233.04,5
COIN,2023-05-08,2023-05-22,2023-05-23,3-5%,-4.018,55.9559,58.1818,tp_gap_filled,105.8897,5925.15,5925.15,6160.85,3.978,235.7,1
DG,2023-02-23,2023-02-24,2023-05-25,3-5%,-4.568,215.195,203.4064,time_exit,27.4651,5910.35,5910.35,5586.58,-5.478,-323.77,63
ABBV,2023-04-27,2023-05-01,2023-05-26,3-5%,-4.901,154.0239,138.0098,stop,38.3288,5903.55,5903.55,5289.75,-10.397,-613.8,19
MOS,2023-05-11,2023-05-12,2023-05-31,3-5%,-4.336,35.3353,32.1,stop,166.2328,5873.89,5873.89,5336.07,-9.156,-537.82,12
AMP,2023-04-25,2023-04-27,2023-06-02,3-5%,-4.19,300.0998,312.5971,tp_gap_filled,19.5386,5863.52,5863.52,6107.7,4.164,244.18,25
WBD,2023-05-05,2023-05-23,2023-06-07,3-5%,-4.217,11.8218,12.3177,tp_gap_filled,500.217,5913.47,5913.47,6161.51,4.194,248.04,10
LUV,2023-04-27,2023-05-04,2023-06-08,3-5%,-4.531,29.5295,30.8691,tp_gap_filled,198.1618,5851.62,5851.62,6117.08,4.536,265.46,24
BX,2023-06-05,2023-06-06,2023-06-09,3-5%,-4.315,85.2452,88.911,tp_gap_filled,69.1357,5893.49,5893.49,6146.93,4.3,253.44,3
ROST,2023-05-19,2023-06-01,2023-06-12,3-5%,-4.242,101.0109,105.2746,tp_gap_filled,57.8145,5839.9,5839.9,6086.4,4.221,246.5,7
SYK,2023-05-02,2023-05-03,2023-06-14,3-5%,-4.405,286.9667,299.5901,tp_gap_filled,20.4523,5869.13,5869.13,6127.31,4.399,258.18,29
ORLY,2023-05-31,2023-06-06,2023-06-15,3-5%,-4.516,59.1371,61.8101,tp_gap_filled,99.6644,5893.86,5893.86,6160.27,4.52,266.41,7
ACN,2023-06-22,2023-06-23,2023-07-12,3-5%,-4.786,298.5082,312.8868,tp_gap_filled,19.844,5923.59,5923.59,6208.92,4.817,285.33,12
ANET,2023-06-15,2023-06-16,2023-07-14,3-5%,-4.696,40.3253,42.2277,tp_gap_filled,147.8102,5960.49,5960.49,6241.69,4.718,281.2,18
T,2023-06-02,2023-07-13,2023-07-17,3-5%,-4.617,15.0951,13.62,stop,397.9479,6007.06,6007.06,5420.04,-9.772,-587.01,2
TMO,2023-06-20,2023-06-27,2023-07-19,3-5%,-4.709,512.512,536.7627,tp_gap_filled,11.5801,5934.96,5934.96,6215.79,4.732,280.83,15
KVUE,2023-07-20,2023-07-21,2023-07-25,3-5%,-4.2,23.974,24.975,tp_gap_filled,249.0478,5970.66,5970.66,6219.97,4.176,249.31,2
EG,2023-05-02,2023-05-22,2023-07-27,3-5%,-4.822,362.362,379.9597,tp_gap_filled,16.3534,5925.87,5925.87,6213.65,4.856,287.78,45
IBKR,2023-07-19,2023-07-20,2023-07-27,3-5%,-4.37,20.6456,21.5459,tp_gap_filled,289.2438,5971.62,5971.62,6232.03,4.361,260.41,5
LDOS,2023-05-02,2023-07-13,2023-07-31,3-5%,-4.379,90.2802,94.2257,tp_gap_filled,66.5434,6007.55,6007.55,6270.1,4.37,262.55,12
LVS,2023-07-20,2023-07-21,2023-07-31,3-5%,-4.107,57.2672,59.6003,tp_gap_filled,104.3089,5973.48,5973.48,6216.84,4.074,243.37,6
DDOG,2023-07-26,2023-07-27,2023-07-31,3-5%,-4.961,109.6896,115.1847,tp_gap_filled,54.8403,6015.41,6015.41,6316.76,5.01,301.35,2
RL,2023-08-10,2023-08-11,2023-08-22,3-5%,-4.024,123.4433,112.9799,stop,48.8191,6026.39,6026.39,5515.57,-8.476,-510.82,7
COIN,2023-08-18,2023-08-21,2023-08-22,3-5%,-4.262,72.4123,75.4844,tp_gap_filled,81.7798,5921.86,5921.86,6173.1,4.243,251.24,1
MRVL,2023-08-25,2023-08-28,2023-08-30,3-5%,-4.922,54.5245,57.2327,tp_gap_filled,109.3162,5960.41,5960.41,6256.46,4.967,296.05,2
APO,2023-08-08,2023-08-09,2023-08-31,3-5%,-4.393,82.5625,86.1837,tp_gap_filled,73.0924,6034.69,6034.69,6299.37,4.386,264.69,16
AZO,2023-05-23,2023-06-15,2023-09-08,3-5%,-4.878,2494.502,2617.1802,tp_gap_filled,2.3868,5953.94,5953.94,6246.76,4.918,292.81,58
MTD,2023-07-28,2023-07-31,2023-09-08,3-5%,-4.844,1261.26,1131.7188,stop,4.8076,6063.59,6063.59,5440.82,-10.271,-622.78,28
CVNA,2023-07-20,2023-09-12,2023-09-13,3-5%,-4.355,10.6847,9.702,stop,559.7839,5981.11,5981.11,5431.02,-9.197,-550.09,1
STLD,2023-07-05,2023-07-07,2023-09-18,3-5%,-4.053,106.3963,97.3099,stop,56.003,5958.51,5958.51,5449.65,-8.54,-508.86,50
SBAC,2023-07-20,2023-07-21,2023-09-21,3-5%,-4.115,224.8546,205.3498,stop,26.5554,5971.11,5971.11,5453.15,-8.674,-517.96,43
PLTR,2023-08-31,2023-09-06,2023-09-21,3-5%,-4.47,15.6156,14.14,stop,385.2172,6015.4,6015.4,5446.97,-9.45,-568.43,11
TXN,2023-07-26,2023-07-27,2023-09-26,3-5%,-4.939,177.0669,158.5098,stop,33.969,6014.78,6014.78,5384.41,-10.48,-630.36,42
FISV,2023-07-26,2023-07-27,2023-09-27,3-5%,-4.09,124.8647,114.0999,stop,48.1792,6015.89,6015.89,5497.24,-8.621,-518.64,43
SPG,2023-08-03,2023-08-04,2023-09-28,3-5%,-4.377,118.7486,107.7699,stop,50.7722,6029.12,6029.12,5471.71,-9.245,-557.41,38
FITB,2023-08-08,2023-08-14,2023-09-28,3-5%,-4.689,27.2672,24.56,stop,221.7629,6046.86,6046.86,5446.49,-9.929,-600.37,32
COHR,2023-09-05,2023-10-11,2023-10-13,3-5%,-4.049,36.056,32.98,stop,161.4369,5820.77,5820.77,5324.18,-8.531,-496.59,2
NKE,2023-08-23,2023-09-11,2023-10-16,3-5%,-4.416,97.077,101.3585,tp_gap_filled,61.5903,5979.0,5979.0,6242.7,4.41,263.7,25
NCLH,2023-10-09,2023-10-11,2023-10-19,3-5%,-4.805,15.8659,14.25,stop,367.1452,5825.07,5825.07,5231.81,-10.185,-593.26,6
CCL,2023-10-09,2023-10-11,2023-10-19,3-5%,-4.525,12.6727,11.46,stop,459.3583,5821.29,5821.29,5264.24,-9.569,-557.05,6
DOV,2023-07-25,2023-07-26,2023-10-24,3-5%,-4.82,144.9048,130.0999,stop,41.5402,6019.37,6019.37,5404.38,-10.217,-615.0,63
INCY,2023-09-18,2023-09-19,2023-10-25,3-5%,-4.349,59.8898,54.39,stop,99.0291,5930.84,5930.84,5386.19,-9.183,-544.65,26
HBAN,2023-10-20,2023-10-23,2023-11-02,3-5%,-4.088,9.6296,10.02,tp_gap_filled,587.7017,5659.34,5659.34,5888.75,4.054,229.41,8
ISRG,2023-10-20,2023-10-26,2023-11-02,3-5%,-4.9,260.31,273.1766,tp_gap_filled,21.6198,5627.85,5627.85,5906.02,4.943,278.17,5
ACN,2023-09-28,2023-10-13,2023-11-03,3-5%,-4.017,302.0517,314.0656,tp_gap_filled,19.0923,5766.85,5766.85,5996.22,3.977,229.37,15
CHTR,2023-10-26,2023-10-31,2023-11-03,3-5%,-4.489,405.1147,423.3063,tp_gap_filled,13.8349,5604.74,5604.74,5856.42,4.49,251.68,3
CLX,2023-10-05,2023-10-06,2023-11-07,3-5%,-4.422,126.126,131.6982,tp_gap_filled,46.133,5818.57,5818.57,6075.63,4.418,257.06,22
NVDA,2023-10-17,2023-11-03,2023-11-07,3-5%,-4.545,44.044,46.0489,tp_gap_filled,130.7609,5759.23,5759.23,6021.4,4.552,262.16,2
AAPL,2023-09-07,2023-09-12,2023-11-08,3-5%,-4.226,175.3552,182.7271,tp_gap_filled,34.0248,5966.42,5966.42,6217.25,4.204,250.83,41
ADI,2023-08-23,2023-10-19,2023-11-14,3-5%,-4.557,168.7786,176.4833,tp_gap_filled,33.8151,5707.26,5707.26,5967.8,4.565,260.54,18
MOS,2023-10-23,2023-10-24,2023-11-14,3-5%,-4.321,33.9139,35.3746,tp_gap_filled,166.5661,5648.9,5648.9,5892.21,4.307,243.3,15
DHR,2023-10-24,2023-10-26,2023-11-14,3-5%,-4.955,194.1339,203.846,tp_gap_filled,28.9929,5628.5,5628.5,5910.08,5.003,281.58,13
BX,2023-10-19,2023-11-02,2023-11-14,3-5%,-4.848,97.4373,102.1977,tp_gap_filled,58.5719,5707.09,5707.09,5985.92,4.886,278.82,8
ROK,2023-11-02,2023-11-09,2023-11-14,3-5%,-4.262,255.8556,266.713,tp_gap_filled,22.5821,5777.75,5777.75,6022.93,4.244,245.18,3
KVUE,2023-10-26,2023-10-30,2023-11-15,3-5%,-4.46,18.8689,19.7103,tp_gap_filled,295.9964,5585.11,5585.11,5834.17,4.459,249.06,12
CVNA,2023-10-12,2023-11-15,2023-11-16,3-5%,-4.331,7.2532,6.59,stop,811.2623,5884.28,5884.28,5346.21,-9.144,-538.07,1
MS,2023-10-18,2023-10-19,2023-11-17,3-5%,-4.855,76.5064,80.2497,tp_gap_filled,74.7737,5720.67,5720.67,6000.57,4.893,279.9,21
PSKY,2023-11-06,2023-11-14,2023-11-20,3-5%,-4.869,13.1031,13.7462,tp_gap_filled,447.7691,5867.16,5867.16,6155.14,4.908,287.98,4
MCK,2023-11-02,2023-11-15,2023-11-22,3-5%,-4.008,441.6112,459.1304,tp_gap_filled,13.2859,5867.2,5867.2,6099.96,3.967,232.76,5
HUM,2023-11-01,2023-11-07,2023-11-27,3-5%,-4.459,500.8403,523.1663,tp_gap_filled,11.555,5787.19,5787.19,6045.16,4.458,257.98,13
IBKR,2023-10-18,2023-10-19,2023-11-29,3-5%,-4.083,20.7507,18.965,stop,275.0343,5707.16,5707.16,5216.02,-8.606,-491.14,28
ICE,2023-08-03,2023-09-25,2023-12-04,3-5%,-4.348,110.11,114.885,tp_gap_filled,53.0704,5843.59,5843.59,6097.0,4.337,253.41,49
ABBV,2023-10-27,2023-11-09,2023-12-04,3-5%,-4.428,138.9088,145.0548,tp_gap_filled,41.6068,5779.56,5779.56,6035.27,4.425,255.72,16
SMCI,2023-12-01,2023-12-04,2023-12-08,3-5%,-4.099,26.2522,27.3197,tp_gap_filled,225.3406,5915.69,5915.69,6156.23,4.066,240.53,4
BAX,2023-10-11,2023-11-20,2023-12-13,3-5%,-4.073,35.8358,37.2827,tp_gap_filled,164.0596,5879.21,5879.21,6116.58,4.038,237.37,16
PFE,2023-12-01,2023-12-06,2023-12-13,3-5%,-4.923,28.999,25.97,stop,203.1444,5890.98,5890.98,5275.66,-10.445,-615.32,5
FOXA,2023-11-02,2023-12-05,2023-12-14,3-5%,-4.399,29.1491,30.4295,tp_gap_filled,202.5955,5905.48,5905.48,6164.89,4.393,259.41,7
APA,2023-11-22,2023-12-05,2023-12-26,3-5%,-4.943,34.8448,36.5834,tp_gap_filled,169.4928,5905.94,5905.94,6200.62,4.989,294.67,14
GIS,2023-12-20,2023-12-21,2024-01-02,3-5%,-4.137,64.014,66.6433,tp_gap_filled,92.478,5919.88,5919.88,6163.04,4.107,243.16,6
CVNA,2024-01-03,2024-01-04,2024-01-08,3-5%,-4.85,9.3093,9.7642,tp_gap_filled,638.3988,5943.05,5943.05,6233.47,4.887,290.42,2
XYZ,2024-01-03,2024-01-04,2024-01-17,3-5%,-4.459,69.069,62.5599,stop,86.0491,5943.32,5943.32,5383.22,-9.424,-560.1,8
ADP,2023-10-25,2023-11-14,2024-01-23,3-5%,-4.492,229.8796,240.2095,tp_gap_filled,25.466,5854.11,5854.11,6117.17,4.494,263.06,46
APTV,2024-01-04,2024-01-12,2024-01-25,3-5%,-4.131,81.081,84.4055,tp_gap_filled,73.2598,5939.98,5939.98,6183.53,4.1,243.55,8
DRI,2023-12-15,2024-01-16,2024-01-29,3-5%,-4.715,155.5554,162.9269,tp_gap_filled,38.1344,5932.02,5932.02,6213.13,4.739,281.11,9
COIN,2024-01-23,2024-01-24,2024-01-29,3-5%,-4.524,122.5324,128.0818,tp_gap_filled,48.5814,5952.8,5952.8,6222.4,4.529,269.6,3
ON,2024-01-04,2024-01-05,2024-02-02,3-5%,-4.363,75.9258,68.9299,stop,78.2131,5938.4,5938.4,5391.22,-9.214,-547.17,19
CMI,2023-12-22,2024-01-16,2024-02-02,3-5%,-4.205,233.9737,243.756,tp_gap_filled,25.3665,5935.1,5935.1,6183.24,4.181,248.14,13
CNC,2024-01-18,2024-01-19,2024-02-12,3-5%,-4.346,74.6846,77.922,tp_gap_filled,79.2553,5919.15,5919.15,6175.73,4.335,256.58,16
UBER,2024-02-07,2024-02-13,2024-02-14,3-5%,-4.08,67.6626,70.3995,tp_gap_filled,88.2106,5968.56,5968.56,6209.98,4.045,241.43,1
LIN,2023-12-13,2023-12-14,2024-02-15,3-5%,-4.87,406.3459,426.2933,tp_gap_filled,14.5813,5925.05,5925.05,6215.9,4.909,290.86,42
TECH,2024-02-01,2024-02-02,2024-02-15,3-5%,-4.579,67.1671,70.2497,tp_gap_filled,88.7227,5959.24,5959.24,6232.74,4.589,273.49,9
MET,2024-02-01,2024-02-02,2024-02-15,3-5%,-4.573,66.2162,69.2507,tp_gap_filled,89.9173,5953.98,5953.98,6226.83,4.583,272.86,9
GNRC,2024-02-13,2024-02-14,2024-02-21,3-5%,-4.798,124.3342,111.6899,stop,48.3837,6015.75,6015.75,5403.97,-10.17,-611.78,4
DAL,2024-01-12,2024-01-25,2024-02-22,3-5%,-4.993,40.1902,42.2177,tp_gap_filled,147.8199,5940.9,5940.9,6240.62,5.045,299.72,19
UAL,2024-01-12,2024-01-25,2024-02-22,3-5%,-4.359,42.6126,44.4655,tp_gap_filled,139.415,5940.83,5940.83,6199.15,4.348,258.32,19
BKR,2024-01-30,2024-01-31,2024-02-23,3-5%,-4.2,28.7687,29.97,tp_gap_filled,206.8312,5950.27,5950.27,6198.73,4.176,248.46,16
XYZ,2024-02-13,2024-02-16,2024-02-23,3-5%,-4.387,65.8858,68.7712,tp_gap_filled,91.3432,6018.22,6018.22,6281.77,4.379,263.56,4
CAH,2024-02-01,2024-02-02,2024-02-26,3-5%,-4.753,104.104,109.0808,tp_gap_filled,57.2609,5961.09,5961.09,6246.06,4.781,284.98,15
ECHO,2024-01-09,2024-02-26,2024-02-27,3-5%,-4.072,12.2622,12.7572,tp_gap_filled,493.263,6048.51,6048.51,6292.67,4.037,244.16,1
FSLR,2024-02-13,2024-02-21,2024-02-28,3-5%,-4.592,150.15,157.0628,tp_gap_filled,40.0352,6011.28,6011.28,6288.04,4.604,276.75,5
COHR,2024-02-13,2024-02-20,2024-03-01,3-5%,-4.75,59.019,61.8381,tp_gap_filled,102.0747,6024.34,6024.34,6312.11,4.777,287.76,8
ROL,2024-02-15,2024-02-23,2024-03-04,3-5%,-4.859,42.1421,44.2058,tp_gap_filled,143.6941,6055.57,6055.57,6352.11,4.897,296.53,6
MTB,2024-01-31,2024-02-12,2024-03-05,3-5%,-4.307,137.6775,143.5863,tp_gap_filled,43.7123,6018.2,6018.2,6276.48,4.292,258.28,15
WDAY,2024-02-27,2024-02-28,2024-03-05,3-5%,-4.759,292.8826,263.3497,stop,20.8363,6102.58,6102.58,5487.22,-10.084,-615.35,4
KMB,2024-01-24,2024-01-25,2024-03-06,3-5%,-4.194,119.8297,124.825,tp_gap_filled,49.5975,5943.25,5943.25,6191.01,4.169,247.76,28
DOC,2024-02-13,2024-02-14,2024-03-06,3-5%,-4.618,16.7467,17.5225,tp_gap_filled,359.0903,6013.59,6013.59,6292.15,4.632,278.56,14
DE,2024-02-15,2024-02-29,2024-03-18,3-5%,-4.595,367.4671,384.3952,tp_gap_filled,16.6572,6120.99,6120.99,6402.97,4.607,281.98,12
FERG,2024-03-05,2024-03-13,2024-03-20,3-5%,-4.106,206.9067,215.3345,tp_gap_filled,29.6459,6133.94,6133.94,6383.79,4.073,249.85,5
PNC,2024-03-06,2024-03-14,2024-03-21,3-5%,-4.068,148.9588,154.9649,tp_gap_filled,41.1685,6132.41,6132.41,6379.67,4.032,247.26,5
PSKY,2024-02-15,2024-03-21,2024-03-22,3-5%,-4.018,12.6727,11.6,stop,485.7232,6155.41,6155.41,5634.38,-8.464,-521.02,1
PLTR,2024-02-21,2024-04-02,2024-04-04,3-5%,-4.701,22.3223,23.3766,tp_gap_filled,273.8344,6112.61,6112.61,6401.32,4.723,288.7,2
UNH,2024-01-25,2024-02-28,2024-04-12,3-5%,-4.996,488.0776,436.3096,stop,12.4902,6096.2,6096.2,5449.61,-10.607,-646.59,31
IVZ,2024-01-23,2024-03-28,2024-04-15,3-5%,-4.255,16.6666,15.17,stop,368.8695,6147.82,6147.82,5595.74,-8.98,-552.07,11
RL,2024-04-02,2024-04-03,2024-04-16,3-5%,-4.669,176.176,158.7599,stop,34.6923,6111.95,6111.95,5507.74,-9.886,-604.21,9
PAYX,2023-12-21,2024-01-19,2024-04-19,3-5%,-4.388,122.3722,119.4005,time_exit,48.3756,5919.83,5919.83,5776.07,-2.428,-143.76,63
SMCI,2024-02-21,2024-04-19,2024-04-22,3-5%,-4.802,75.05,67.4109,stop,79.8668,5994.0,5994.0,5383.9,-10.179,-610.11,1
GEHC,2024-03-13,2024-04-09,2024-04-30,3-5%,-4.64,87.6476,79.0399,stop,70.0649,6141.01,6141.01,5537.92,-9.821,-603.09,15
ES,2024-01-09,2024-03-08,2024-05-02,3-5%,-4.915,59.8398,62.8071,tp_gap_filled,102.3275,6123.26,6123.26,6426.9,4.959,303.64,38
BLDR,2024-04-10,2024-04-15,2024-05-03,3-5%,-4.699,190.0198,198.9908,tp_gap_filled,31.7819,6039.19,6039.19,6324.3,4.721,285.11,14
FICO,2024-04-26,2024-04-29,2024-05-03,3-5%,-4.761,1137.9668,1192.4664,tp_gap_filled,5.2774,6005.49,6005.49,6293.11,4.789,287.62,4
DECK,2024-04-25,2024-04-26,2024-05-06,3-5%,-4.756,135.3352,141.8097,tp_gap_filled,44.1949,5981.12,5981.12,6267.26,4.784,286.14,6
JCI,2024-05-01,2024-05-03,2024-05-08,3-5%,-4.61,62.1321,65.0049,tp_gap_filled,96.6345,6004.1,6004.1,6281.72,4.624,277.62,3
NDAQ,2024-03-20,2024-04-16,2024-05-16,3-5%,-4.051,59.9899,62.3975,tp_gap_filled,100.1765,6009.58,6009.58,6250.77,4.013,241.19,22
AXON,2024-05-07,2024-05-08,2024-05-22,3-5%,-4.523,313.1328,283.1797,stop,19.2401,6024.7,6024.7,5448.4,-9.566,-576.3,10
CAH,2024-04-22,2024-04-24,2024-05-28,3-5%,-4.011,103.9538,95.1699,stop,57.7675,6005.16,6005.16,5497.73,-8.45,-507.43,23
ABT,2024-03-15,2024-03-18,2024-05-29,3-5%,-4.905,113.133,101.3599,stop,54.222,6134.3,6134.3,5495.94,-10.406,-638.36,50
LULU,2024-05-22,2024-05-24,2024-06-06,3-5%,-4.976,307.2169,322.657,tp_gap_filled,19.4875,5986.9,5986.9,6287.79,5.026,300.89,8
FCX,2024-05-22,2024-05-23,2024-06-17,3-5%,-4.621,51.8618,46.79,stop,115.2655,5977.88,5977.88,5393.27,-9.78,-584.61,16
DHI,2024-04-10,2024-04-11,2024-07-02,3-5%,-4.622,151.2011,136.4099,stop,40.2673,6088.46,6088.46,5492.86,-9.782,-595.6,56
BG,2024-04-24,2024-04-25,2024-07-02,3-5%,-4.215,105.105,109.5104,tp_gap_filled,56.9728,5988.13,5988.13,6239.12,4.191,250.99,46
MAS,2024-04-24,2024-04-25,2024-07-05,3-5%,-4.054,70.1201,64.1299,stop,85.3558,5985.15,5985.15,5473.86,-8.543,-511.29,48
NCLH,2024-05-01,2024-06-05,2024-07-10,3-5%,-4.863,18.018,18.9011,tp_gap_filled,331.3409,5970.1,5970.1,6262.7,4.901,292.6,23
RVTY,2024-05-30,2024-06-25,2024-07-11,3-5%,-4.328,105.105,109.6402,tp_gap_filled,56.551,5943.79,5943.79,6200.26,4.315,256.47,11
GEN,2024-06-07,2024-06-10,2024-07-12,3-5%,-4.717,24.2642,25.4146,tp_gap_filled,245.719,5962.18,5962.18,6244.84,4.741,282.66,22
PNR,2024-06-25,2024-06-28,2024-07-12,3-5%,-4.3,76.6366,79.92,tp_gap_filled,77.7384,5957.61,5957.61,6212.86,4.284,255.25,9
ALB,2024-07-15,2024-07-17,2024-07-18,3-5%,-4.363,93.6936,97.7721,tp_gap_filled,64.0009,5996.47,5996.47,6257.5,4.353,261.03,1
PWR,2024-05-02,2024-07-17,2024-07-18,3-5%,-4.301,245.245,255.754,tp_gap_filled,24.469,6000.91,6000.91,6258.06,4.285,257.15,1
PCAR,2024-04-30,2024-05-09,2024-07-23,3-5%,-4.963,108.108,96.7199,stop,55.8025,6032.7,6032.7,5397.22,-10.534,-635.48,50
DELL,2024-07-17,2024-07-22,2024-07-24,3-5%,-4.558,128.2681,115.8999,stop,46.9549,6022.81,6022.81,5442.06,-9.642,-580.75,2
AVGO,2024-07-17,2024-07-19,2024-07-25,3-5%,-4.174,162.4723,148.1698,stop,37.0381,6017.66,6017.66,5487.92,-8.803,-529.74,4
TDG,2024-05-07,2024-07-12,2024-07-31,3-5%,-4.733,1241.26,1300.3284,tp_gap_filled,4.8172,5979.4,5979.4,6263.95,4.759,284.54,13
PG,2024-07-30,2024-07-31,2024-08-02,3-5%,-4.79,161.9518,169.7601,tp_gap_filled,36.7289,5948.31,5948.31,6235.1,4.821,286.79,2
LULU,2024-07-25,2024-07-31,2024-08-02,3-5%,-4.073,261.241,238.8198,stop,22.7611,5946.12,5946.12,5435.79,-8.583,-510.33,2
SWKS,2024-07-31,2024-08-01,2024-08-05,3-5%,-4.877,112.0619,100.4699,stop,53.0173,5941.23,5941.23,5326.65,-10.344,-614.58,2
PFG,2024-07-26,2024-08-01,2024-08-05,3-5%,-4.395,80.7907,73.2899,stop,73.4055,5930.48,5930.48,5379.89,-9.284,-550.6,2
ETN,2024-08-01,2024-08-02,2024-08-05,3-5%,-4.839,290.33,260.5397,stop,20.2825,5888.61,5888.61,5284.39,-10.261,-604.22,1
DOW,2024-07-25,2024-08-05,2024-08-07,3-5%,-4.764,50.8308,53.2667,tp_gap_filled,114.0065,5795.04,5795.04,6072.75,4.792,277.71,2
WBD,2024-08-05,2024-08-06,2024-08-08,3-5%,-4.958,7.8679,7.04,stop,739.3009,5816.72,5816.72,5204.67,-10.522,-612.04,2
NVDA,2024-08-02,2024-08-06,2024-08-12,3-5%,-4.99,103.8638,109.1008,tp_gap_filled,55.9929,5815.63,5815.63,6108.87,5.042,293.24,4
FIX,2024-08-02,2024-08-06,2024-08-14,3-5%,-4.797,311.311,326.3433,tp_gap_filled,18.6492,5805.71,5805.71,6086.05,4.829,280.34,6
WDAY,2024-07-19,2024-08-02,2024-08-15,3-5%,-4.879,219.5493,230.3494,tp_gap_filled,26.85,5894.91,5894.91,6184.89,4.919,289.98,9
LUV,2024-05-29,2024-08-02,2024-08-15,3-5%,-4.827,25.2652,26.4935,tp_gap_filled,232.6676,5878.4,5878.4,6164.17,4.861,285.77,9
WSM,2024-08-02,2024-08-05,2024-08-15,3-5%,-4.443,138.6385,144.7951,tp_gap_filled,41.7786,5792.13,5792.13,6049.34,4.441,257.21,8
SW,2024-08-05,2024-08-07,2024-08-15,3-5%,-4.883,39.7797,41.7382,tp_gap_filled,145.142,5773.71,5773.71,6057.97,4.923,284.26,6
SWK,2024-08-02,2024-08-05,2024-08-26,3-5%,-4.502,97.0269,101.3985,tp_gap_filled,59.7366,5796.06,5796.06,6057.21,4.506,261.14,15
ELV,2024-07-17,2024-07-26,2024-08-28,3-5%,-4.907,526.526,552.5869,tp_gap_filled,11.2653,5931.49,5931.49,6225.08,4.95,293.58,23
ALB,2024-08-02,2024-08-21,2024-08-30,3-5%,-4.701,88.8788,93.0768,tp_gap_filled,66.792,5936.39,5936.39,6216.78,4.723,280.4,7
SMCI,2024-09-04,2024-09-05,2024-09-11,3-5%,-4.903,42.054,44.1338,tp_gap_filled,141.5184,5951.42,5951.42,6245.75,4.946,294.33,4
HSIC,2024-08-28,2024-09-09,2024-09-18,3-5%,-4.92,68.6786,72.0878,tp_gap_filled,86.4987,5940.61,5940.61,6235.51,4.964,294.89,7
AME,2024-08-01,2024-08-15,2024-09-26,3-5%,-4.888,165.165,173.3065,tp_gap_filled,35.8564,5922.23,5922.23,6214.15,4.929,291.93,29
HUM,2024-09-11,2024-09-12,2024-10-01,3-5%,-4.619,330.7504,298.4197,stop,18.0505,5970.2,5970.2,5386.61,-9.775,-583.58,13
ELV,2024-10-15,2024-10-16,2024-10-17,3-5%,-4.513,486.536,440.1095,stop,12.2841,5976.68,5976.68,5406.37,-9.542,-570.31,1
ROP,2024-07-24,2024-07-25,2024-10-23,3-5%,-4.923,546.546,542.3971,time_exit,10.8479,5928.87,5928.87,5883.86,-0.759,-45.01,63
CNC,2024-10-15,2024-10-25,2024-10-28,3-5%,-4.595,69.6196,62.8499,stop,85.128,5926.57,5926.57,5350.29,-9.724,-576.28,1
CDW,2024-07-31,2024-08-15,2024-10-30,3-5%,-4.719,221.7215,199.5598,stop,26.6939,5918.61,5918.61,5327.03,-9.995,-591.58,53
VRT,2024-10-23,2024-11-01,2024-11-05,3-5%,-4.864,107.107,112.3575,tp_gap_filled,54.737,5862.71,5862.71,6150.11,4.902,287.4,2
UNP,2024-10-24,2024-10-25,2024-11-06,3-5%,-4.943,229.6494,241.1087,tp_gap_filled,25.8034,5925.73,5925.73,6221.42,4.99,295.69,8
RDDT,2024-11-01,2024-11-05,2024-11-06,3-5%,-4.443,114.114,119.1807,tp_gap_filled,51.5539,5883.02,5883.02,6144.23,4.44,261.21,1
COHR,2024-10-18,2024-10-21,2024-11-07,3-5%,-4.722,97.3472,101.9679,tp_gap_filled,61.0825,5946.21,5946.21,6228.46,4.747,282.24,13
SMCI,2024-11-04,2024-11-07,2024-11-08,3-5%,-4.453,24.9149,26.0239,tp_gap_filled,237.9108,5927.52,5927.52,6191.38,4.451,263.86,1
COIN,2024-11-12,2024-11-13,2024-11-14,3-5%,-4.376,310.36,281.6697,stop,19.1649,5948.03,5948.03,5398.18,-9.244,-549.85,1
BBY,2024-11-06,2024-11-08,2024-11-15,3-5%,-4.276,88.9589,92.7472,tp_gap_filled,66.8606,5947.84,5947.84,6201.13,4.258,253.29,5
SMCI,2024-11-12,2024-11-18,2024-11-19,3-5%,-4.821,22.1321,23.2068,tp_gap_filled,266.4699,5897.54,5897.54,6183.91,4.856,286.36,1
EG,2024-10-31,2024-11-06,2024-11-21,3-5%,-4.461,363.413,379.62,tp_gap_filled,16.2736,5914.05,5914.05,6177.79,4.46,263.75,11
BLDR,2024-11-06,2024-11-20,2024-11-25,3-5%,-4.299,173.3832,180.809,tp_gap_filled,34.1061,5913.43,5913.43,6166.69,4.283,253.27,3
LRCX,2024-11-15,2024-11-21,2024-11-29,3-5%,-4.198,71.7217,74.7152,tp_gap_filled,82.7312,5933.62,5933.62,6181.28,4.174,247.66,5
COIN,2024-11-26,2024-11-27,2024-11-29,3-5%,-4.471,298.5583,311.9078,tp_gap_filled,19.9399,5953.23,5953.23,6219.42,4.471,266.19,1
WYNN,2024-11-05,2024-11-14,2024-12-02,3-5%,-4.255,91.6716,95.5544,tp_gap_filled,64.5023,5913.03,5913.03,6163.47,4.236,250.45,11
HPE,2024-11-27,2024-11-29,2024-12-05,3-5%,-4.564,21.1411,22.1079,tp_gap_filled,283.6624,5996.94,5996.94,6271.17,4.573,274.23,4
BG,2024-10-18,2024-11-15,2024-12-06,3-5%,-4.069,91.8017,83.9299,stop,64.2996,5902.82,5902.82,5396.66,-8.575,-506.15,14
IDXX,2024-10-31,2024-11-06,2024-12-09,3-5%,-4.673,430.43,450.6289,tp_gap_filled,13.7511,5918.87,5918.87,6196.62,4.693,277.76,22
HCA,2024-11-06,2024-11-07,2024-12-10,3-5%,-4.746,349.6093,314.4597,stop,16.9392,5922.08,5922.08,5326.68,-10.054,-595.4,22
KDP,2024-10-29,2024-11-05,2024-12-11,3-5%,-4.046,32.5225,33.8261,tp_gap_filled,181.5611,5904.82,5904.82,6141.51,4.008,236.69,25
URI,2024-12-10,2024-12-11,2024-12-19,3-5%,-4.605,798.1974,720.4193,stop,7.4677,5960.67,5960.67,5379.85,-9.744,-580.82,6
ICE,2024-10-31,2024-11-06,2025-01-08,3-5%,-4.33,159.4793,144.8999,stop,37.0997,5916.64,5916.64,5375.75,-9.142,-540.89,42
PCG,2024-12-02,2024-12-04,2025-01-08,3-5%,-4.3,20.7207,18.84,stop,288.8752,5985.7,5985.7,5442.41,-9.077,-543.29,23
HSY,2024-12-11,2024-12-12,2025-01-08,3-5%,-4.562,178.8286,161.5698,stop,33.2981,5954.65,5954.65,5379.97,-9.651,-574.69,17
APP,2025-01-10,2025-01-13,2025-01-15,3-5%,-4.313,315.315,328.8708,tp_gap_filled,18.3542,5787.35,5787.35,6036.15,4.299,248.81,2
DELL,2025-01-13,2025-01-14,2025-01-22,3-5%,-4.147,110.12,114.6552,tp_gap_filled,52.627,5795.29,5795.29,6033.96,4.118,238.67,5
KMB,2024-10-22,2024-10-23,2025-01-27,3-5%,-4.965,137.1871,131.2786,time_exit,43.2711,5936.24,5936.24,5680.57,-4.307,-255.67,63
AMCR,2024-08-16,2024-11-01,2025-02-05,3-5%,-4.885,51.6516,51.0489,time_exit,113.5436,5864.71,5864.71,5796.28,-1.167,-68.43,63
ANET,2025-02-03,2025-02-04,2025-02-05,3-5%,-4.825,109.7797,115.1148,tp_gap_filled,53.3471,5856.43,5856.43,6141.04,4.86,284.61,1
MTD,2024-11-08,2025-01-24,2025-02-07,3-5%,-4.866,1344.1728,1410.1085,tp_gap_filled,4.357,5856.51,5856.51,6143.79,4.905,287.28,10
GEN,2025-01-31,2025-02-03,2025-02-07,3-5%,-4.589,26.6366,27.8621,tp_gap_filled,219.4592,5845.65,5845.65,6114.6,4.601,268.95,4
EQT,2025-01-27,2025-01-30,2025-02-10,3-5%,-4.508,51.3113,53.6263,tp_gap_filled,114.3501,5867.45,5867.45,6132.17,4.512,264.73,7
GIS,2024-12-18,2024-12-23,2025-02-18,3-5%,-4.292,63.1631,57.4399,stop,92.7961,5861.29,5861.29,5330.2,-9.061,-531.09,36
CSX,2025-01-24,2025-02-03,2025-02-18,3-5%,-4.811,32.082,33.6363,tp_gap_filled,181.8619,5834.5,5834.5,6117.17,4.845,282.66,10
FIX,2025-02-03,2025-02-12,2025-02-21,3-5%,-4.735,416.4861,374.7096,stop,14.1172,5879.63,5879.63,5289.86,-10.031,-589.77,6
SYF,2025-01-28,2025-02-03,2025-02-24,3-5%,-4.81,66.5665,59.7799,stop,87.7077,5838.39,5838.39,5243.16,-10.195,-595.23,14
CEG,2025-02-03,2025-02-21,2025-02-25,3-5%,-4.86,285.6854,256.2397,stop,20.4548,5843.65,5843.65,5241.34,-10.307,-602.31,2
OTIS,2024-10-30,2024-12-16,2025-03-03,3-5%,-4.153,97.2572,101.2686,tp_gap_filled,61.0134,5933.99,5933.99,6178.74,4.125,244.75,50
HUM,2025-02-21,2025-02-24,2025-03-03,3-5%,-4.902,258.258,271.0287,tp_gap_filled,22.5232,5816.79,5816.79,6104.42,4.945,287.64,5
KEY,2025-01-21,2025-01-22,2025-03-04,3-5%,-4.699,17.4574,15.72,stop,334.3086,5836.17,5836.17,5255.33,-9.953,-580.85,28
TXT,2025-01-22,2025-01-24,2025-03-04,3-5%,-4.2,77.8678,70.9699,stop,75.1744,5853.66,5853.66,5335.12,-8.858,-518.54,26
LII,2025-01-29,2025-02-18,2025-03-04,3-5%,-4.919,630.63,564.8194,stop,9.3714,5909.88,5909.88,5293.14,-10.436,-616.74,10
FLEX,2025-02-03,2025-02-24,2025-03-04,3-5%,-4.802,39.6897,35.65,stop,146.4643,5813.12,5813.12,5221.45,-10.178,-591.67,6
MU,2025-02-12,2025-03-03,2025-03-05,3-5%,-4.762,89.6896,93.9859,tp_gap_filled,64.5188,5786.66,5786.66,6063.86,4.79,277.19,2
DE,2025-02-13,2025-03-04,2025-03-06,3-5%,-4.629,454.9545,476.0834,tp_gap_filled,12.4979,5685.95,5685.95,5950.02,4.644,264.07,2
EXPD,2024-11-06,2024-12-17,2025-03-07,3-5%,-4.598,116.5264,121.898,tp_gap_filled,50.8252,5922.48,5922.48,6195.49,4.61,273.01,53
SW,2025-02-12,2025-02-28,2025-03-07,3-5%,-4.996,51.011,45.6,stop,114.1708,5823.96,5823.96,5206.18,-10.608,-617.78,5
IP,2025-01-30,2025-02-03,2025-03-10,3-5%,-4.778,55.2652,49.6699,stop,105.7204,5842.66,5842.66,5251.13,-10.124,-591.53,24
STT,2025-01-17,2025-03-04,2025-03-10,3-5%,-4.806,95.7557,85.9999,stop,59.5058,5698.02,5698.02,5117.5,-10.188,-580.52,4
TSLA,2025-03-04,2025-03-05,2025-03-10,3-5%,-4.82,271.2009,243.4897,stop,21.0998,5722.28,5722.28,5137.58,-10.218,-584.7,3
GEV,2025-03-10,2025-03-11,2025-03-12,3-5%,-4.608,276.246,289.0107,tp_gap_filled,20.2003,5580.25,5580.25,5838.1,4.621,257.85,1
COHR,2025-03-06,2025-03-12,2025-03-13,3-5%,-4.9,68.3883,61.2799,stop,81.7217,5588.81,5588.81,5007.9,-10.394,-580.91,1
DPZ,2025-02-24,2025-03-10,2025-03-19,3-5%,-4.622,441.441,461.9076,tp_gap_filled,12.6702,5593.13,5593.13,5852.45,4.636,259.32,7
ANET,2025-03-06,2025-03-07,2025-03-25,3-5%,-4.76,83.7236,87.7322,tp_gap_filled,67.9885,5692.24,5692.24,5964.78,4.788,272.53,12
ARES,2025-03-10,2025-03-12,2025-03-25,3-5%,-4.84,147.6075,154.805,tp_gap_filled,37.8331,5584.45,5584.45,5856.75,4.876,272.31,9
PANW,2025-02-14,2025-02-21,2025-03-28,3-5%,-4.894,192.192,172.2398,stop,30.4145,5845.42,5845.42,5238.58,-10.381,-606.83,25
RL,2025-02-03,2025-03-07,2025-03-28,3-5%,-4.994,237.4672,212.2898,stop,23.9951,5698.05,5698.05,5093.91,-10.602,-604.14,15
MU,2025-03-21,2025-03-24,2025-03-28,3-5%,-4.66,98.2982,88.5999,stop,57.8536,5686.91,5686.91,5125.82,-9.866,-561.08,4
MGM,2025-02-03,2025-03-04,2025-03-31,3-5%,-4.988,32.7928,29.32,stop,173.8069,5699.61,5699.61,5096.01,-10.59,-603.6,19
ON,2025-03-06,2025-03-07,2025-03-31,3-5%,-4.625,44.3843,40.04,stop,128.2211,5691.01,5691.01,5133.97,-9.788,-557.04,16
UAL,2025-03-31,2025-04-01,2025-04-02,3-5%,-4.642,67.037,70.1598,tp_gap_filled,82.4386,5526.44,5526.44,5783.88,4.658,257.44,1
DHI,2024-12-19,2025-03-10,2025-04-03,3-5%,-4.493,135.5354,122.6599,stop,41.2604,5592.24,5592.24,5060.99,-9.5,-531.25,18
EMR,2025-03-10,2025-03-17,2025-04-03,3-5%,-4.645,113.2131,102.0799,stop,49.4999,5604.03,5604.03,5052.94,-9.834,-551.09,13
BDX,2025-02-06,2025-02-10,2025-04-04,3-5%,-4.697,183.7921,165.5109,stop,32.1092,5901.42,5901.42,5314.42,-9.947,-587.0,38
ROST,2025-03-05,2025-03-11,2025-04-04,3-5%,-4.832,129.5294,135.834,tp_gap_filled,43.0956,5582.15,5582.15,5853.85,4.867,271.7,18
DAL,2025-03-31,2025-04-01,2025-04-04,3-5%,-4.197,42.042,38.32,stop,131.5644,5531.23,5531.23,5041.54,-8.853,-489.69,3
VST,2025-03-31,2025-04-03,2025-04-04,3-5%,-4.326,114.0139,103.5999,stop,47.9755,5469.87,5469.87,4970.25,-9.134,-499.62,1
NVDA,2025-03-31,2025-04-03,2025-04-04,3-5%,-4.14,105.2351,96.0499,stop,51.8453,5455.95,5455.95,4979.74,-8.728,-476.21,1
PCAR,2025-03-13,2025-03-21,2025-04-07,3-5%,-4.808,97.5074,87.5699,stop,57.4187,5598.75,5598.75,5028.16,-10.192,-570.6,11
RJF,2025-04-04,2025-04-07,2025-04-08,3-5%,-4.997,123.8938,130.1497,tp_gap_filled,43.5147,5391.2,5391.2,5663.43,5.049,272.23,1
UBER,2025-01-30,2025-04-07,2025-04-08,3-5%,-4.989,63.4834,66.6833,tp_gap_filled,84.9589,5393.48,5393.48,5665.33,5.04,271.85,1
RCL,2025-04-04,2025-04-07,2025-04-08,3-5%,-4.85,179.6795,188.4613,tp_gap_filled,29.9635,5383.82,5383.82,5646.96,4.888,263.13,1
VMC,2025-04-03,2025-04-04,2025-04-09,3-5%,-4.831,228.7285,239.8599,tp_gap_filled,23.6359,5406.19,5406.19,5669.29,4.867,263.1,3
MU,2025-04-04,2025-04-07,2025-04-09,3-5%,-4.964,70.7207,74.2657,tp_gap_filled,76.3941,5402.64,5402.64,5673.46,5.013,270.82,2
EXPE,2025-04-04,2025-04-07,2025-04-09,3-5%,-4.857,145.115,152.2176,tp_gap_filled,37.1682,5393.66,5393.66,5657.66,4.895,263.99,2
EL,2025-04-07,2025-04-08,2025-04-09,3-5%,-4.912,50.3803,52.8771,tp_gap_filled,107.0356,5392.49,5392.49,5659.73,4.956,267.24,1
ON,2025-04-03,2025-04-09,2025-04-10,3-5%,-4.907,38.7988,34.76,stop,142.3077,5521.36,5521.36,4946.61,-10.41,-574.75,1
APA,2025-04-04,2025-04-09,2025-04-10,3-5%,-4.848,16.8969,15.16,stop,326.9372,5524.22,5524.22,4956.36,-10.279,-567.86,1
DXCM,2025-04-03,2025-04-09,2025-04-10,3-5%,-4.77,64.9549,68.0719,tp_gap_filled,85.0495,5524.38,5524.38,5789.48,4.799,265.1,1
GWW,2025-04-03,2025-04-04,2025-04-14,3-5%,-4.879,956.8459,1003.9151,tp_gap_filled,5.6543,5410.27,5410.27,5676.41,4.919,266.14,6
VRT,2025-04-10,2025-04-11,2025-04-14,3-5%,-4.985,69.2592,72.7472,tp_gap_filled,78.8985,5464.45,5464.45,5739.65,5.036,275.2,1
AAPL,2025-04-10,2025-04-11,2025-04-14,3-5%,-4.918,189.2591,198.6512,tp_gap_filled,28.8802,5465.83,5465.83,5737.08,4.963,271.24,1
FIX,2025-04-10,2025-04-11,2025-04-14,3-5%,-4.857,339.7794,356.4132,tp_gap_filled,16.1242,5478.67,5478.67,5746.88,4.895,268.21,1
COIN,2025-04-10,2025-04-11,2025-04-14,3-5%,-4.851,168.6685,176.9129,tp_gap_filled,32.5249,5485.92,5485.92,5754.07,4.888,268.15,1
LRCX,2025-04-03,2025-04-09,2025-04-16,3-5%,-4.825,70.2902,63.0999,stop,78.5481,5521.16,5521.16,4956.38,-10.229,-564.78,5
SCHW,2025-04-03,2025-04-09,2025-04-17,3-5%,-4.937,74.7847,78.5114,tp_gap_filled,73.8071,5519.65,5519.65,5794.7,4.983,275.06,6
MPWR,2025-04-16,2025-04-17,2025-04-23,3-5%,-4.81,518.5881,543.7057,tp_gap_filled,10.5694,5481.17,5481.17,5746.65,4.843,265.48,3
AVGO,2025-04-16,2025-04-17,2025-04-23,3-5%,-4.761,170.6004,178.771,tp_gap_filled,32.1442,5483.81,5483.81,5746.45,4.789,262.64,3
VRT,2025-04-16,2025-04-21,2025-04-23,3-5%,-4.855,69.2492,72.6373,tp_gap_filled,78.6312,5445.15,5445.15,5711.56,4.893,266.41,2
COHR,2025-04-16,2025-04-21,2025-04-23,3-5%,-4.846,53.8538,56.4835,tp_gap_filled,100.9872,5438.54,5438.54,5704.11,4.883,265.56,2
KLAC,2025-04-03,2025-04-09,2025-04-24,3-5%,-4.952,65.2862,68.5504,tp_gap_filled,84.22,5498.4,5498.4,5773.31,5.0,274.91,10
GE,2025-04-03,2025-04-22,2025-04-25,3-5%,-4.971,190.0298,199.5702,tp_gap_filled,28.8898,5489.92,5489.92,5765.54,5.02,275.62,3
HLT,2025-04-03,2025-04-23,2025-05-01,3-5%,-4.983,220.0699,231.1486,tp_gap_filled,25.2287,5552.09,5552.09,5831.59,5.034,279.5,6
DAL,2025-04-10,2025-04-23,2025-05-02,3-5%,-4.631,42.2622,44.2257,tp_gap_filled,130.569,5518.14,5518.14,5774.51,4.646,256.37,7
HBAN,2025-04-03,2025-04-23,2025-05-05,3-5%,-4.931,14.4745,15.1948,tp_gap_filled,382.2601,5533.01,5533.01,5808.36,4.977,275.35,8
EMR,2025-04-03,2025-04-23,2025-05-07,3-5%,-4.976,106.096,111.4285,tp_gap_filled,52.2748,5546.14,5546.14,5824.9,5.026,278.75,10
AMP,2025-04-03,2025-04-09,2025-05-09,3-5%,-4.972,470.2498,493.8656,tp_gap_filled,11.6891,5496.8,5496.8,5772.84,5.022,276.05,21
AES,2025-04-10,2025-04-14,2025-05-09,3-5%,-4.847,10.6106,11.1289,tp_gap_filled,520.7953,5525.95,5525.95,5795.86,4.884,269.91,18
MTB,2025-04-03,2025-04-23,2025-05-12,3-5%,-4.908,171.0609,179.5303,tp_gap_filled,32.3124,5527.38,5527.38,5801.05,4.951,273.67,13
VST,2025-05-07,2025-05-08,2025-05-12,3-5%,-4.952,137.7676,144.6552,tp_gap_filled,41.0516,5655.58,5655.58,5938.33,4.999,282.75,2
FITB,2025-04-03,2025-05-05,2025-05-13,3-5%,-4.947,37.6977,39.5804,tp_gap_filled,149.2899,5627.88,5627.88,5908.95,4.994,281.07,6
SNA,2025-04-17,2025-05-01,2025-05-16,3-5%,-4.928,315.9557,331.668,tp_gap_filled,17.6313,5570.71,5570.71,5847.73,4.973,277.03,11
KMB,2025-04-22,2025-04-23,2025-05-19,3-5%,-4.99,133.2131,139.9299,tp_gap_filled,41.6753,5551.7,5551.7,5831.62,5.042,279.93,18
MAS,2025-04-03,2025-05-12,2025-05-23,3-5%,-4.574,67.8778,61.3099,stop,84.3671,5726.65,5726.65,5172.54,-9.676,-554.11,9
DECK,2025-04-04,2025-05-23,2025-05-27,3-5%,-4.5,96.4363,100.7791,tp_gap_filled,59.1777,5706.88,5706.88,5963.87,4.503,257.0,1
PANW,2025-05-21,2025-05-22,2025-06-02,3-5%,-4.998,184.9448,194.2855,tp_gap_filled,30.8924,5713.38,5713.38,6001.94,5.051,288.56,6
MRVL,2025-05-30,2025-06-02,2025-06-04,3-5%,-4.598,60.8608,63.6663,tp_gap_filled,94.2218,5734.41,5734.41,5998.75,4.61,264.34,2
CRM,2025-05-29,2025-05-30,2025-06-30,3-5%,-4.507,263.8536,275.754,tp_gap_filled,21.7205,5731.04,5731.04,5989.52,4.51,258.48,20
FSLR,2025-07-08,2025-07-10,2025-07-18,3-5%,-4.936,168.4883,176.8829,tp_gap_filled,34.2355,5768.29,5768.29,6055.68,4.982,287.39,6
HSIC,2025-07-14,2025-07-16,2025-07-23,3-5%,-4.141,70.4504,73.3466,tp_gap_filled,81.5804,5747.37,5747.37,5983.64,4.111,236.27,5
STT,2025-07-15,2025-07-17,2025-07-23,3-5%,-4.117,105.6055,109.92,tp_gap_filled,54.5694,5762.82,5762.82,5998.26,4.085,235.44,4
DXCM,2025-07-01,2025-07-02,2025-07-25,3-5%,-4.708,83.2632,87.2027,tp_gap_filled,69.3158,5771.45,5771.45,6044.52,4.731,273.07,16
CHTR,2025-04-24,2025-07-25,2025-07-29,3-5%,-4.192,323.6833,295.0596,stop,18.0104,5829.65,5829.65,5314.13,-8.843,-515.52,2
MSI,2025-05-02,2025-05-07,2025-07-31,3-5%,-4.966,417.7674,438.7208,tp_gap_filled,13.4842,5633.24,5633.24,5915.78,5.016,282.54,58
ANET,2025-08-01,2025-08-04,2025-08-06,3-5%,-4.374,117.9478,123.0968,tp_gap_filled,48.6698,5740.49,5740.49,5991.09,4.365,250.6,2
LLY,2025-07-29,2025-07-30,2025-08-07,3-5%,-4.159,775.2745,707.2793,stop,7.4662,5788.39,5788.39,5280.72,-8.77,-507.67,6
FDX,2025-06-25,2025-08-01,2025-08-07,3-5%,-4.762,176.3083,184.7546,tp_gap_filled,32.5487,5738.6,5738.6,6013.52,4.791,274.92,4
VST,2025-08-01,2025-08-06,2025-08-07,3-5%,-4.023,200.3501,208.3315,tp_gap_filled,28.7063,5751.31,5751.31,5980.42,3.984,229.11,1
MET,2025-04-03,2025-05-08,2025-08-08,3-5%,-4.982,78.4584,76.1937,time_exit,72.1238,5658.72,5658.72,5495.38,-2.886,-163.34,63
ELV,2025-07-18,2025-07-23,2025-08-15,3-5%,-4.014,290.6003,302.1476,tp_gap_filled,20.0024,5812.72,5812.72,6043.69,3.974,230.97,17
MRVL,2025-08-01,2025-08-05,2025-08-20,3-5%,-4.106,77.1471,70.4699,stop,74.5058,5747.91,5747.91,5250.42,-8.655,-497.49,11
ALB,2025-08-20,2025-08-21,2025-08-22,3-5%,-4.345,77.1271,80.4695,tp_gap_filled,74.8646,5774.09,5774.09,6024.31,4.334,250.23,1
EL,2025-08-20,2025-08-21,2025-08-22,3-5%,-4.306,86.086,89.7801,tp_gap_filled,67.1523,5780.87,5780.87,6028.94,4.291,248.07,1
