ticker,gap_date,entry_date,exit_date,bucket,gap_pct,entry_price,exit_price,exit_reason,units,position_dollars,cash_cost,proceeds,pnl_pct,pnl_dollar,days_held
TPR,2016-09-14,2016-09-16,2016-09-19,3-5%,-3.004,35.2352,36.2537,tp_gap_filled,141.7595,4994.93,4994.93,5139.31,2.891,144.38,1
FCX,2016-09-13,2016-09-23,2016-09-30,3-5%,-3.881,10.6606,11.0689,tp_gap_filled,468.7309,4996.98,4996.98,5188.34,3.83,191.37,5
TTD,2016-10-07,2016-10-10,2016-10-12,3-5%,-3.067,2.5305,2.6054,tp_gap_filled,1966.6007,4976.54,4976.54,5123.77,2.958,147.23,2
AMD,2016-09-07,2016-10-03,2016-10-25,3-5%,-3.951,7.0571,7.3327,tp_gap_filled,707.9163,4995.8,4995.8,5190.91,3.905,195.11,16
NEM,2016-10-04,2016-10-19,2016-11-01,3-5%,-3.727,36.7167,38.0619,tp_gap_filled,135.993,4993.21,4993.21,5176.15,3.664,182.94,9
IBM,2016-10-18,2016-10-21,2016-11-07,3-5%,-3.069,143.566,147.8157,tp_gap_filled,34.6687,4977.25,4977.25,5124.58,2.96,147.33,11
HPQ,2016-10-14,2016-11-02,2016-11-07,3-5%,-3.432,14.6446,15.1348,tp_gap_filled,341.2054,4996.83,4996.83,5164.09,3.347,167.27,3
CMI,2016-11-01,2016-11-03,2016-11-07,3-5%,-3.513,123.4533,127.6922,tp_gap_filled,40.365,4983.2,4983.2,5154.3,3.434,171.1,2
XYL,2016-11-01,2016-11-03,2016-11-07,3-5%,-3.104,46.8768,48.2817,tp_gap_filled,106.2307,4979.76,4979.76,5129.0,2.997,149.24,2
TRMB,2016-11-02,2016-11-04,2016-11-08,3-5%,-3.558,26.046,26.953,tp_gap_filled,191.0875,4977.07,4977.07,5150.39,3.482,173.32,2
NTAP,2016-11-04,2016-11-07,2016-11-08,3-5%,-3.451,31.3613,32.4176,tp_gap_filled,160.6268,5037.47,5037.47,5207.13,3.368,169.66,1
AIG,2016-11-03,2016-11-04,2016-11-09,3-5%,-3.98,58.1981,60.4894,tp_gap_filled,85.5795,4980.57,4980.57,5176.66,3.937,196.09,3
KR,2016-09-07,2016-09-08,2016-11-10,3-5%,-3.092,31.6917,32.6373,tp_gap_filled,157.7702,5000.0,5000.0,5149.2,2.984,149.2,45
CBRE,2016-10-27,2016-11-08,2016-11-10,3-5%,-3.38,26.8969,27.7822,tp_gap_filled,187.7081,5048.76,5048.76,5214.94,3.292,166.18,2
HII,2016-11-03,2016-11-09,2016-11-10,3-5%,-3.107,155.155,159.81,tp_gap_filled,32.6836,5071.02,5071.02,5223.17,3.0,152.14,1
BBY,2016-11-08,2016-11-09,2016-11-10,3-5%,-3.071,37.9079,39.0309,tp_gap_filled,134.3084,5091.35,5091.35,5242.18,2.963,150.84,1
SWKS,2016-11-09,2016-11-10,2016-11-11,3-5%,-3.285,74.8648,77.2527,tp_gap_filled,68.2365,5108.51,5108.51,5271.45,3.19,162.94,1
GPC,2016-10-19,2016-11-10,2016-11-14,3-5%,-3.788,92.7927,96.2536,tp_gap_filled,55.032,5106.57,5106.57,5297.03,3.73,190.46,2
LITE,2016-10-28,2016-10-31,2016-11-15,3-5%,-3.599,37.5375,38.8611,tp_gap_filled,133.2695,5002.61,5002.61,5179.0,3.526,176.4,11
PODD,2016-11-02,2016-11-04,2016-11-15,3-5%,-3.192,35.5155,36.6134,tp_gap_filled,140.0907,4975.39,4975.39,5129.19,3.091,153.8,7
DOC,2016-11-09,2016-11-10,2016-11-15,3-5%,-3.198,28.7888,29.6803,tp_gap_filled,177.2557,5102.97,5102.97,5261.0,3.097,158.03,3
BBY,2016-11-11,2016-11-14,2016-11-15,3-5%,-3.227,38.7287,39.94,tp_gap_filled,132.0318,5113.42,5113.42,5273.35,3.128,159.93,1
ACN,2016-11-09,2016-11-15,2016-11-21,3-5%,-3.28,115.9959,119.6902,tp_gap_filled,44.3948,5149.62,5149.62,5313.63,3.185,164.01,4
URI,2016-11-16,2016-11-18,2016-11-21,3-5%,-3.325,91.101,94.0459,tp_gap_filled,56.7463,5169.64,5169.64,5336.75,3.233,167.11,1
MNST,2016-11-09,2016-11-10,2016-11-22,3-5%,-3.272,10.9735,11.322,tp_gap_filled,465.8582,5112.08,5112.08,5274.45,3.176,162.37,8
WMT,2016-11-17,2016-11-18,2016-11-25,3-5%,-3.236,23.0497,23.7729,tp_gap_filled,224.264,5169.22,5169.22,5331.4,3.137,162.18,4
CTSH,2016-11-22,2016-11-25,2016-11-28,3-5%,-3.612,53.1631,55.0449,tp_gap_filled,98.1748,5219.28,5219.28,5404.02,3.54,184.74,1
FCX,2016-11-29,2016-11-30,2016-12-01,3-5%,-3.422,15.2552,15.7642,tp_gap_filled,341.8936,5215.67,5215.67,5389.69,3.336,174.02,1
FERG,2016-09-14,2016-09-15,2016-12-05,3-5%,-3.515,60.3454,62.419,tp_gap_filled,82.7986,4996.52,4996.52,5168.21,3.436,171.69,56
ADSK,2016-11-30,2016-12-01,2016-12-06,3-5%,-3.388,72.7827,75.1847,tp_gap_filled,71.3077,5189.96,5189.96,5361.25,3.3,171.28,3
ADM,2016-11-11,2016-11-16,2016-12-07,3-5%,-3.564,43.6136,45.1348,tp_gap_filled,118.3204,5160.37,5160.37,5340.37,3.488,179.99,14
HPQ,2016-11-23,2016-11-30,2016-12-07,3-5%,-3.762,15.3654,15.934,tp_gap_filled,339.4052,5215.08,5215.08,5408.1,3.701,193.02,5
FTNT,2016-11-22,2016-12-01,2016-12-07,3-5%,-3.489,5.9259,6.1279,tp_gap_filled,876.6648,5195.05,5195.05,5372.08,3.408,177.04,4
COHR,2016-11-25,2016-11-30,2016-12-09,3-5%,-3.84,30.08,31.2188,tp_gap_filled,173.3388,5214.04,5214.04,5411.42,3.786,197.38,7
ORCL,2016-09-16,2016-09-22,2016-12-13,3-5%,-3.059,39.6496,40.8191,tp_gap_filled,126.1548,5001.99,5001.99,5149.53,2.95,147.54,57
SNPS,2016-12-01,2016-12-06,2016-12-13,3-5%,-3.241,58.5785,60.4195,tp_gap_filled,89.4618,5240.54,5240.54,5405.24,3.143,164.7,5
AAPL,2016-10-26,2016-10-27,2017-01-09,3-5%,-3.332,28.6061,29.5329,tp_gap_filled,174.5653,4993.63,4993.63,5155.43,3.24,161.8,49
SBUX,2016-12-02,2016-12-28,2017-01-18,3-5%,-3.179,56.7067,58.4515,tp_gap_filled,93.5366,5304.15,5304.15,5467.35,3.077,163.21,13
TPR,2017-01-05,2017-01-09,2017-01-24,3-5%,-3.394,35.045,36.2038,tp_gap_filled,151.9133,5323.8,5323.8,5499.83,3.306,176.03,10
MAS,2016-10-25,2016-11-15,2017-01-25,3-5%,-3.546,32.4024,33.5264,tp_gap_filled,159.0432,5153.38,5153.38,5332.15,3.469,178.78,47
NVDA,2016-12-29,2017-01-03,2017-01-25,3-5%,-3.982,2.6251,2.7285,tp_gap_filled,2018.8208,5299.65,5299.65,5508.39,3.939,208.74,15
AMD,2017-01-17,2017-01-19,2017-01-25,3-5%,-3.875,10.1802,10.5694,tp_gap_filled,522.3871,5317.99,5317.99,5521.33,3.824,203.34,4
STLD,2016-11-29,2017-01-25,2017-01-26,3-5%,-3.608,34.2342,35.4445,tp_gap_filled,157.014,5375.25,5375.25,5565.29,3.535,190.04,1
HPE,2016-11-09,2017-01-06,2017-02-03,3-5%,-3.442,13.0553,13.4937,tp_gap_filled,406.6842,5309.4,5309.4,5487.69,3.358,178.3,19
IBKR,2017-01-18,2017-01-19,2017-02-06,3-5%,-3.34,9.1967,9.4955,tp_gap_filled,577.0857,5307.28,5307.28,5479.71,3.249,172.44,12
CAH,2017-01-26,2017-01-27,2017-02-06,3-5%,-3.335,73.4133,75.7941,tp_gap_filled,73.0789,5364.96,5364.96,5538.95,3.243,173.99,6
GNRC,2017-01-13,2017-01-24,2017-02-07,3-5%,-3.715,39.4294,40.8691,tp_gap_filled,135.6304,5347.82,5347.82,5543.09,3.651,195.27,10
STT,2016-11-16,2017-01-25,2017-02-13,3-5%,-3.369,76.6566,79.1707,tp_gap_filled,70.0829,5372.31,5372.31,5548.51,3.28,176.2,13
IEX,2017-01-31,2017-02-02,2017-02-13,3-5%,-3.608,88.7887,91.928,tp_gap_filled,60.6382,5383.99,5383.99,5574.35,3.536,190.36,7
AMZN,2017-02-03,2017-02-06,2017-02-13,3-5%,-3.956,40.3763,41.9555,tp_gap_filled,133.477,5389.31,5389.31,5600.09,3.911,210.78,5
MOS,2017-01-26,2017-02-06,2017-02-13,3-5%,-3.758,32.042,33.2267,tp_gap_filled,168.1964,5389.35,5389.35,5588.62,3.697,199.27,5
SCHW,2017-02-02,2017-02-03,2017-02-14,3-5%,-3.556,39.9099,41.2987,tp_gap_filled,135.4016,5403.86,5403.86,5591.9,3.48,188.04,7
LH,2016-10-26,2017-01-11,2017-02-16,3-5%,-3.266,115.1408,118.79,tp_gap_filled,46.2329,5323.3,5323.3,5492.01,3.169,168.71,25
FCX,2017-01-25,2017-01-27,2017-02-21,3-5%,-3.408,16.4564,14.7,stop,326.0957,5366.37,5366.37,4793.6,-10.673,-572.77,16
FSLR,2017-02-22,2017-02-23,2017-02-24,3-5%,-3.031,35.5455,36.5834,tp_gap_filled,152.8687,5433.8,5433.8,5592.45,2.92,158.66,1
BBY,2017-03-01,2017-03-02,2017-03-03,3-5%,-3.58,42.5925,44.0859,tp_gap_filled,127.3265,5423.16,5423.16,5613.3,3.506,190.14,1
FSLR,2017-02-28,2017-03-01,2017-03-06,3-5%,-3.146,36.6766,33.07,stop,148.4582,5444.95,5444.95,4909.51,-9.834,-535.44,3
NVDA,2017-02-24,2017-03-03,2017-03-08,3-5%,-3.403,2.4292,2.5097,tp_gap_filled,2227.8269,5411.79,5411.79,5591.26,3.316,179.48,3
EL,2016-11-02,2017-01-26,2017-03-10,3-5%,-3.511,83.3533,86.2137,tp_gap_filled,64.5429,5379.86,5379.86,5564.48,3.432,184.62,30
LVS,2017-01-26,2017-03-01,2017-03-16,3-5%,-3.425,54.7647,56.5934,tp_gap_filled,99.4067,5443.98,5443.98,5625.76,3.339,181.78,11
TSLA,2017-02-23,2017-03-16,2017-03-28,3-5%,-3.477,17.6176,18.2158,tp_gap_filled,308.168,5429.18,5429.18,5613.52,3.395,184.34,8
REGN,2017-03-17,2017-03-20,2017-03-29,3-5%,-3.194,380.43,392.1974,tp_gap_filled,14.2243,5411.34,5411.34,5578.72,3.093,167.38,7
BMY,2017-01-11,2017-03-10,2017-04-06,3-5%,-3.101,58.1781,52.5399,stop,93.0726,5414.79,5414.79,4890.03,-9.691,-524.76,19
BAC,2017-03-27,2017-04-17,2017-04-18,3-5%,-3.633,22.3023,23.0969,tp_gap_filled,241.7314,5391.16,5391.16,5583.24,3.563,192.08,1
GNRC,2017-04-05,2017-04-06,2017-04-25,3-5%,-3.196,35.7757,36.8831,tp_gap_filled,150.9439,5400.13,5400.13,5567.28,3.095,167.15,12
HBAN,2017-03-27,2017-04-13,2017-04-25,3-5%,-3.127,12.7127,13.0969,tp_gap_filled,422.5939,5372.31,5372.31,5534.67,3.022,162.36,7
LII,2017-02-17,2017-04-24,2017-04-25,3-5%,-3.333,162.2821,167.5423,tp_gap_filled,33.3996,5420.15,5420.15,5595.84,3.241,175.69,1
FTNT,2017-04-28,2017-05-01,2017-05-09,3-5%,-3.34,7.8218,8.0759,tp_gap_filled,692.4639,5416.32,5416.32,5592.28,3.249,175.96,6
AXON,2017-03-01,2017-05-01,2017-05-10,3-5%,-3.506,24.7948,25.6443,tp_gap_filled,218.4659,5416.81,5416.81,5602.41,3.426,185.6,7
MCK,2017-04-18,2017-04-27,2017-05-11,3-5%,-3.626,139.129,144.0758,tp_gap_filled,39.0315,5430.41,5430.41,5623.49,3.556,193.08,10
ARES,2017-05-08,2017-05-10,2017-05-11,3-5%,-3.958,18.2182,18.9311,tp_gap_filled,300.48,5474.2,5474.2,5688.4,3.913,214.2,1
PHM,2017-04-25,2017-04-26,2017-05-16,3-5%,-3.986,22.1822,23.0569,tp_gap_filled,244.6114,5426.01,5426.01,5639.99,3.944,213.98,14
TDG,2017-05-09,2017-05-11,2017-05-19,3-5%,-3.745,245.7255,254.775,tp_gap_filled,22.3384,5489.11,5489.11,5691.26,3.683,202.15,6
TAP,2017-05-03,2017-05-04,2017-05-22,3-5%,-3.503,92.112,95.2646,tp_gap_filled,58.9961,5434.25,5434.25,5620.24,3.423,185.99,12
NWS,2017-05-10,2017-05-11,2017-05-22,3-5%,-3.358,12.9629,13.3866,tp_gap_filled,423.2241,5486.23,5486.23,5665.53,3.268,179.3,7
LITE,2017-05-17,2017-05-19,2017-05-22,3-5%,-3.802,54.4544,56.4934,tp_gap_filled,100.437,5469.24,5469.24,5674.03,3.745,204.8,1
APO,2017-05-17,2017-05-22,2017-05-23,3-5%,-3.183,26.4865,27.3027,tp_gap_filled,207.9164,5506.97,5506.97,5676.67,3.082,169.7,1
TROW,2017-01-26,2017-02-23,2017-05-24,3-5%,-3.06,71.9819,68.6113,time_exit,75.4895,5433.88,5433.88,5179.43,-4.683,-254.44,63
KLAC,2017-04-28,2017-05-04,2017-05-24,3-5%,-3.195,10.038,10.3486,tp_gap_filled,541.2537,5433.12,5433.12,5601.24,3.094,168.12,14
ORLY,2017-05-23,2017-05-24,2017-05-26,3-5%,-3.807,15.9493,16.5474,tp_gap_filled,345.8356,5515.82,5515.82,5722.69,3.75,206.87,2
COST,2017-05-08,2017-05-25,2017-05-26,3-5%,-3.074,174.8347,180.0198,tp_gap_filled,31.5476,5515.61,5515.61,5679.19,2.966,163.58,1
KR,2016-12-01,2017-03-02,2017-06-01,3-5%,-3.529,31.1912,30.2198,time_exit,174.3292,5437.53,5437.53,5268.19,-3.114,-169.35,63
CIEN,2017-05-24,2017-05-25,2017-06-01,3-5%,-3.943,23.4134,24.3257,tp_gap_filled,236.0578,5526.91,5526.91,5742.26,3.896,215.35,4
FAST,2017-05-24,2017-05-31,2017-06-02,3-5%,-3.006,10.7382,11.0489,tp_gap_filled,513.8386,5517.72,5517.72,5677.37,2.894,159.66,2
IR,2017-06-06,2017-06-07,2017-06-09,3-5%,-3.535,21.8518,22.6074,tp_gap_filled,253.8124,5546.26,5546.26,5738.03,3.458,191.77,2
SCHW,2017-02-28,2017-03-22,2017-06-12,3-5%,-3.834,40.1701,41.6883,tp_gap_filled,134.234,5392.2,5392.2,5595.98,3.779,203.79,56
ADP,2017-06-02,2017-06-09,2017-06-16,3-5%,-3.125,100.2201,103.2466,tp_gap_filled,55.7007,5582.34,5582.34,5750.91,3.02,168.58,5
AMD,2017-06-15,2017-06-16,2017-06-19,3-5%,-3.653,11.3513,11.7582,tp_gap_filled,490.6747,5569.81,5569.81,5769.47,3.585,199.65,1
SLB,2017-04-21,2017-04-24,2017-06-20,3-5%,-3.32,74.044,66.3499,stop,73.338,5430.23,5430.23,4865.97,-10.391,-564.27,40
LH,2017-04-25,2017-04-26,2017-06-20,3-5%,-3.969,119.4234,124.1112,tp_gap_filled,45.4881,5432.34,5432.34,5645.58,3.925,213.24,38
SJM,2017-02-17,2017-03-27,2017-06-26,3-5%,-3.932,132.5524,121.9379,time_exit,40.7914,5407.0,5407.0,4974.02,-8.008,-432.98,63
VTRS,2017-03-24,2017-03-29,2017-06-28,3-5%,-3.196,40.3203,39.0309,time_exit,134.607,5427.39,5427.39,5253.84,-3.198,-173.56,63
NVDA,2017-06-15,2017-06-27,2017-06-28,3-5%,-3.137,3.6777,3.7892,tp_gap_filled,1502.1468,5524.41,5524.41,5691.95,3.033,167.54,1
BKR,2017-04-25,2017-05-25,2017-07-05,3-5%,-3.137,56.8668,51.2899,stop,97.1649,5525.46,5525.46,4983.58,-9.807,-541.88,27
TSLA,2017-07-06,2017-07-10,2017-07-11,3-5%,-3.005,21.1718,21.7842,tp_gap_filled,260.0649,5506.05,5506.05,5665.3,2.892,159.26,1
ACN,2017-06-22,2017-06-23,2017-07-18,3-5%,-3.257,123.093,126.9829,tp_gap_filled,45.0311,5543.01,5543.01,5718.18,3.16,175.17,16
TMUS,2017-06-27,2017-06-28,2017-07-20,3-5%,-3.009,61.3112,63.0869,tp_gap_filled,90.6837,5559.93,5559.93,5720.95,2.896,161.02,15
INTC,2017-04-28,2017-05-01,2017-07-31,3-5%,-3.553,36.1361,35.4345,time_exit,149.8643,5415.51,5415.51,5310.37,-1.941,-105.14,63
LVS,2017-07-14,2017-07-28,2017-07-31,3-5%,-3.201,60.2402,62.1078,tp_gap_filled,92.1757,5552.68,5552.68,5724.83,3.1,172.15,1
ANET,2017-07-21,2017-07-27,2017-08-04,3-5%,-3.699,9.4469,9.7902,tp_gap_filled,587.4542,5549.64,5549.64,5751.29,3.634,201.65,6
CMCSA,2017-06-20,2017-06-21,2017-08-14,3-5%,-3.11,37.9948,39.1361,tp_gap_filled,146.1979,5554.77,5554.77,5721.62,3.004,166.85,37
IBM,2017-05-05,2017-05-16,2017-08-15,3-5%,-3.477,146.9154,135.6864,time_exit,37.3775,5491.33,5491.33,5071.62,-7.643,-419.71,63
CVNA,2017-08-11,2017-08-14,2017-08-15,3-5%,-3.951,3.3093,2.898,stop,1665.1919,5510.63,5510.63,4825.72,-12.429,-684.91,1
LOW,2017-05-24,2017-05-30,2017-08-28,3-5%,-3.656,79.4093,73.7262,time_exit,69.4795,5517.32,5517.32,5122.46,-7.157,-394.86,63
HRL,2017-05-25,2017-06-02,2017-08-31,3-5%,-3.814,34.084,30.7093,time_exit,162.9585,5554.29,5554.29,5004.34,-9.901,-549.95,63
EXPE,2017-08-28,2017-08-29,2017-09-01,3-5%,-3.712,143.8637,149.1107,tp_gap_filled,37.379,5377.49,5377.49,5573.62,3.647,196.13,3
NFLX,2017-08-09,2017-08-10,2017-09-06,3-5%,-3.885,17.1601,17.8182,tp_gap_filled,318.1309,5459.17,5459.17,5668.51,3.835,209.34,18
MMM,2017-07-25,2017-08-01,2017-09-12,3-5%,-3.5,169.6092,175.4097,tp_gap_filled,32.7117,5548.2,5548.2,5737.94,3.42,189.74,29
BKR,2017-07-28,2017-08-07,2017-09-12,3-5%,-3.623,34.8848,36.1238,tp_gap_filled,159.1498,5551.92,5551.92,5749.1,3.552,197.19,25
FDS,2017-03-28,2017-06-15,2017-09-14,3-5%,-3.896,167.9177,161.3185,time_exit,33.1482,5566.17,5566.17,5347.42,-3.93,-218.75,63
REGN,2017-07-31,2017-08-01,2017-09-14,3-5%,-3.743,490.1597,432.5496,stop,11.3402,5558.5,5558.5,4905.19,-11.753,-653.31,31
WST,2017-07-27,2017-07-28,2017-09-15,3-5%,-3.96,89.089,92.5773,tp_gap_filled,62.2656,5547.18,5547.18,5764.38,3.916,217.2,34
MET,2017-08-03,2017-08-04,2017-09-19,3-5%,-3.407,47.8107,49.398,tp_gap_filled,115.8043,5536.68,5536.68,5720.5,3.32,183.81,31
AMD,2017-07-18,2017-08-02,2017-09-20,3-5%,-3.696,13.3033,13.7862,tp_gap_filled,416.174,5536.48,5536.48,5737.46,3.63,200.97,34
ETN,2017-08-01,2017-09-14,2017-09-21,3-5%,-3.527,75.5655,78.1718,tp_gap_filled,71.9207,5434.72,5434.72,5622.16,3.449,187.44,5
FISV,2017-08-02,2017-08-15,2017-09-29,3-5%,-3.659,62.3323,64.5704,tp_gap_filled,87.6704,5464.69,5464.69,5660.91,3.591,196.21,32
PPG,2017-07-20,2017-09-21,2017-10-06,3-5%,-3.53,109.6996,113.4864,tp_gap_filled,49.8769,5471.47,5471.47,5660.35,3.452,188.87,11
BDX,2017-08-03,2017-09-19,2017-10-13,3-5%,-3.972,148.1385,153.9569,tp_gap_filled,36.9086,5467.59,5467.59,5682.34,3.928,214.75,18
DPZ,2017-07-25,2017-10-06,2017-10-19,3-5%,-3.257,207.207,186.0898,stop,26.4738,5485.56,5485.56,4926.51,-10.191,-559.05,9
DRI,2017-09-26,2017-10-06,2017-10-20,3-5%,-3.151,80.6005,83.0569,tp_gap_filled,68.0288,5483.16,5483.16,5650.26,3.048,167.1,10
MCK,2017-07-27,2017-07-28,2017-10-26,3-5%,-3.817,160.16,143.3965,time_exit,34.6442,5548.61,5548.61,4967.85,-10.467,-580.76,63
WST,2017-10-17,2017-10-18,2017-10-26,3-5%,-3.303,92.6025,95.5743,tp_gap_filled,59.0945,5472.3,5472.3,5647.91,3.209,175.62,6
AMZN,2017-07-28,2017-07-31,2017-10-27,3-5%,-3.237,50.6576,52.2477,tp_gap_filled,109.9644,5570.54,5570.54,5745.39,3.139,174.85,63
HSIC,2017-08-08,2017-09-11,2017-10-27,3-5%,-3.694,69.4812,61.4235,stop,78.8906,5481.41,5481.41,4845.73,-11.597,-635.68,34
LH,2017-09-25,2017-09-27,2017-10-27,3-5%,-3.508,128.6767,133.0884,tp_gap_filled,42.6927,5493.56,5493.56,5681.91,3.429,188.35,22
ORLY,2017-08-15,2017-10-26,2017-10-27,3-5%,-3.921,12.7234,13.2161,tp_gap_filled,429.2236,5461.17,5461.17,5672.66,3.873,211.49,1
EBAY,2017-10-19,2017-10-25,2017-11-01,3-5%,-3.924,36.5165,37.932,tp_gap_filled,149.2151,5448.81,5448.81,5660.03,3.876,211.22,5
VTRS,2017-08-03,2017-10-31,2017-11-01,3-5%,-3.873,35.5255,36.8831,tp_gap_filled,154.8389,5500.73,5500.73,5710.93,3.821,210.21,1
BKR,2017-10-20,2017-10-23,2017-11-06,3-5%,-3.439,32.042,33.1169,tp_gap_filled,170.6935,5469.36,5469.36,5652.83,3.354,183.47,10
IT,2017-08-08,2017-08-09,2017-11-07,3-5%,-3.58,121.8517,117.6322,time_exit,45.3958,5531.56,5531.56,5340.01,-3.463,-191.55,63
AXON,2017-08-09,2017-10-12,2017-11-08,3-5%,-3.991,24.3243,21.27,stop,224.8558,5469.46,5469.46,4782.68,-12.557,-686.78,19
MGM,2017-10-02,2017-10-25,2017-11-08,3-5%,-3.805,31.3814,32.5574,tp_gap_filled,173.671,5450.03,5450.03,5654.28,3.748,204.25,10
LEN,2017-10-30,2017-11-01,2017-11-08,3-5%,-3.189,53.5106,55.1629,tp_gap_filled,103.001,5511.65,5511.65,5681.83,3.088,170.19,5
BG,2017-09-12,2017-09-13,2017-11-16,3-5%,-3.776,72.9629,64.3099,stop,74.9521,5468.72,5468.72,4820.16,-11.859,-648.56,46
AMD,2017-11-09,2017-11-10,2017-11-17,3-5%,-3.928,11.2612,11.6983,tp_gap_filled,487.4721,5489.54,5489.54,5702.59,3.881,213.04,5
GM,2017-10-30,2017-10-31,2017-11-20,3-5%,-3.584,43.083,44.5954,tp_gap_filled,127.6998,5501.7,5501.7,5694.82,3.51,193.12,14
FIX,2017-11-10,2017-11-13,2017-11-21,3-5%,-3.695,40.4404,41.9081,tp_gap_filled,135.8093,5492.18,5492.18,5691.5,3.629,199.32,6
WDC,2017-07-25,2017-08-28,2017-11-27,3-5%,-3.784,68.8821,65.3541,time_exit,78.1514,5383.24,5383.24,5107.52,-5.122,-275.72,63
LYV,2017-11-20,2017-11-21,2017-11-27,3-5%,-3.11,43.9739,45.2947,tp_gap_filled,125.6184,5523.94,5523.94,5689.84,3.003,165.91,3
CDW,2017-10-13,2017-11-09,2017-11-28,3-5%,-3.292,66.7467,68.881,tp_gap_filled,82.2345,5488.88,5488.88,5664.4,3.198,175.52,12
FFIV,2017-07-14,2017-10-02,2017-11-29,3-5%,-3.703,123.6635,128.1617,tp_gap_filled,44.4223,5493.42,5493.42,5693.24,3.637,199.82,41
KEY,2017-10-19,2017-11-08,2017-11-29,3-5%,-3.283,17.988,18.5614,tp_gap_filled,305.2571,5490.95,5490.95,5666.0,3.188,175.05,14
INTU,2017-11-21,2017-11-24,2017-11-30,3-5%,-3.346,152.6525,157.6222,tp_gap_filled,36.2119,5527.83,5527.83,5707.8,3.256,179.96,4
MU,2017-11-27,2017-11-28,2017-11-30,3-5%,-3.462,48.008,42.8,stop,114.9983,5520.83,5520.83,4921.92,-10.848,-598.91,2
WBD,2017-11-02,2017-11-29,2017-11-30,3-5%,-3.392,18.5285,19.1408,tp_gap_filled,297.0441,5503.79,5503.79,5685.67,3.305,181.89,1
AMGN,2017-10-26,2017-11-06,2017-12-01,3-5%,-3.735,171.0409,177.3225,tp_gap_filled,32.0863,5488.07,5488.07,5689.63,3.673,201.55,18
BSX,2017-10-26,2017-10-27,2017-12-04,3-5%,-3.951,28.4684,24.93,stop,192.9169,5492.04,5492.04,4809.41,-12.429,-682.63,25
CF,2017-11-07,2017-11-08,2017-12-08,3-5%,-3.749,37.7777,39.1708,tp_gap_filled,145.3485,5490.94,5490.94,5693.42,3.687,202.48,21
NOW,2017-10-26,2017-12-04,2017-12-14,3-5%,-3.723,24.02,24.8991,tp_gap_filled,229.4007,5510.2,5510.2,5711.87,3.66,201.66,8
LOW,2017-12-06,2017-12-07,2017-12-14,3-5%,-3.256,83.5835,86.2237,tp_gap_filled,66.0478,5520.51,5520.51,5694.88,3.159,174.38,5
RL,2017-12-13,2017-12-14,2017-12-21,3-5%,-3.974,96.2562,100.0399,tp_gap_filled,57.6617,5550.3,5550.3,5768.47,3.931,218.17,5
GILD,2017-10-27,2017-10-31,2018-01-09,3-5%,-3.685,75.085,77.8021,tp_gap_filled,73.279,5502.16,5502.16,5701.26,3.619,199.11,47
ORCL,2017-12-15,2017-12-18,2018-01-17,3-5%,-3.407,48.5285,50.1398,tp_gap_filled,114.5068,5556.84,5556.84,5741.35,3.32,184.51,19
INTC,2018-01-04,2018-01-09,2018-01-22,3-5%,-3.844,43.5635,45.2147,tp_gap_filled,127.8271,5568.6,5568.6,5779.67,3.79,211.07,8
MTD,2017-11-03,2018-01-09,2018-01-22,3-5%,-3.343,649.7992,670.9284,tp_gap_filled,8.5703,5568.96,5568.96,5750.04,3.252,181.08,8
GEN,2018-01-18,2018-01-22,2018-01-26,3-5%,-3.743,26.5165,27.4925,tp_gap_filled,211.1417,5598.74,5598.74,5804.81,3.681,206.07,4
ARE,2018-01-04,2018-01-10,2018-01-31,3-5%,-3.062,125.4854,129.1907,tp_gap_filled,44.2595,5553.92,5553.92,5717.91,2.953,164.0,14
XYZ,2017-11-27,2018-01-31,2018-02-05,3-5%,-3.377,47.2572,42.26,stop,118.8594,5616.96,5616.96,5022.99,-10.575,-593.97,3
MCK,2018-01-30,2018-01-31,2018-02-05,3-5%,-3.13,170.9808,154.2498,stop,32.7961,5607.5,5607.5,5058.79,-9.785,-548.71,3
PCAR,2018-01-30,2018-01-31,2018-02-06,3-5%,-3.165,51.051,46.0,stop,109.986,5614.9,5614.9,5059.35,-9.894,-555.55,4
ALGN,2018-01-31,2018-02-01,2018-02-06,3-5%,-3.358,261.271,233.7998,stop,21.3621,5581.29,5581.29,4994.45,-10.514,-586.84,3
EIX,2017-12-21,2018-02-01,2018-02-06,3-5%,-3.089,66.2562,59.8599,stop,84.1437,5575.04,5575.04,5036.84,-9.654,-538.2,3
FTNT,2018-01-23,2018-02-05,2018-02-06,3-5%,-3.402,8.8669,9.1608,tp_gap_filled,611.1652,5419.12,5419.12,5598.78,3.315,179.67,1
CMG,2018-02-01,2018-02-02,2018-02-07,3-5%,-3.295,6.2875,5.6392,stop,878.9616,5526.45,5526.45,4956.63,-10.311,-569.82,3
GEN,2018-02-01,2018-02-06,2018-02-07,3-5%,-3.232,26.3764,27.2028,tp_gap_filled,205.4837,5419.91,5419.91,5589.73,3.133,169.82,1
XYZ,2018-02-05,2018-02-07,2018-02-09,3-5%,-3.6,42.082,37.33,stop,128.4428,5405.14,5405.14,4794.77,-11.292,-610.37,2
UNH,2018-02-06,2018-02-09,2018-02-12,3-5%,-3.554,212.4122,219.8,tp_gap_filled,25.0399,5318.78,5318.78,5503.77,3.478,184.99,1
CRL,2018-01-22,2018-02-02,2018-02-13,3-5%,-3.235,104.5044,107.7821,tp_gap_filled,52.8595,5524.05,5524.05,5697.31,3.136,173.26,7
ALGN,2018-02-06,2018-02-08,2018-02-14,3-5%,-3.998,232.9427,242.1576,tp_gap_filled,22.8722,5327.91,5327.91,5538.67,3.956,210.76,4
AMP,2018-02-06,2018-02-08,2018-02-14,3-5%,-3.66,154.6745,160.2296,tp_gap_filled,34.2097,5291.36,5291.36,5481.4,3.591,190.04,4
AMD,2018-02-05,2018-02-14,2018-02-15,3-5%,-3.213,12.0621,12.4375,tp_gap_filled,449.0445,5416.4,5416.4,5585.01,3.113,168.62,1
FSLR,2018-02-05,2018-02-06,2018-02-16,3-5%,-3.657,64.074,66.3736,tp_gap_filled,84.6275,5422.42,5422.42,5617.03,3.589,194.61,8
DOC,2018-02-14,2018-02-15,2018-02-16,3-5%,-3.684,21.982,22.7772,tp_gap_filled,247.8992,5449.31,5449.31,5646.45,3.618,197.14,1
AOS,2018-01-30,2018-02-05,2018-02-21,3-5%,-3.921,64.2642,66.7532,tp_gap_filled,84.5031,5430.53,5430.53,5640.85,3.873,210.33,11
CHRW,2018-01-31,2018-02-01,2018-02-27,3-5%,-3.15,92.0319,94.8351,tp_gap_filled,60.579,5575.2,5575.2,5745.01,3.046,169.81,17
DELL,2018-03-02,2018-03-05,2018-03-06,3-5%,-3.357,20.4625,21.131,tp_gap_filled,267.212,5467.83,5467.83,5646.44,3.267,178.61,1
FIX,2018-02-23,2018-03-02,2018-03-07,3-5%,-3.81,40.4404,41.958,tp_gap_filled,134.7828,5450.67,5450.67,5655.22,3.753,204.55,3
TTWO,2018-02-06,2018-02-08,2018-03-12,3-5%,-3.69,113.113,117.2127,tp_gap_filled,46.9789,5313.92,5313.92,5506.52,3.624,192.6,21
GOOG,2018-02-02,2018-02-21,2018-03-12,3-5%,-3.914,56.1561,58.3266,tp_gap_filled,96.969,5445.4,5445.4,5655.87,3.865,210.47,13
CNP,2017-11-03,2017-12-12,2018-03-15,3-5%,-3.934,28.5986,26.8931,time_exit,193.8709,5544.43,5544.43,5213.79,-5.964,-330.64,63
KHC,2018-02-16,2018-02-20,2018-03-22,3-5%,-3.81,70.0099,61.63,stop,77.8677,5451.51,5451.51,4798.98,-11.97,-652.53,22
ZBH,2018-01-30,2018-02-05,2018-03-23,3-5%,-3.407,119.5855,106.8251,stop,45.3157,5419.1,5419.1,4840.86,-10.67,-578.24,33
TSLA,2018-04-02,2018-04-03,2018-04-04,3-5%,-3.709,17.1011,17.7243,tp_gap_filled,317.9413,5437.14,5437.14,5635.27,3.644,198.13,1
LRCX,2018-04-04,2018-04-06,2018-04-09,3-5%,-3.773,19.069,19.7772,tp_gap_filled,285.4887,5444.0,5444.0,5646.17,3.714,202.17,1
STX,2018-04-04,2018-04-06,2018-04-10,3-5%,-3.585,56.2662,58.2417,tp_gap_filled,96.7533,5443.94,5443.94,5635.08,3.511,191.14,2
WDC,2018-04-04,2018-04-06,2018-04-10,3-5%,-3.421,66.6501,68.8729,tp_gap_filled,81.7051,5445.65,5445.65,5627.26,3.335,181.61,2
MU,2018-04-04,2018-04-05,2018-04-11,3-5%,-3.744,49.6696,51.4984,tp_gap_filled,110.3067,5478.89,5478.89,5680.62,3.682,201.73,4
AMZN,2018-03-28,2018-03-29,2018-04-17,3-5%,-3.343,72.4223,74.7776,tp_gap_filled,75.2885,5452.57,5452.57,5629.89,3.252,177.33,12
INCY,2018-04-19,2018-04-23,2018-05-01,3-5%,-3.354,67.7877,60.6699,stop,81.409,5518.53,5518.53,4939.08,-10.5,-579.45,6
BAX,2018-02-01,2018-02-02,2018-05-04,3-5%,-3.401,69.6496,70.3096,time_exit,79.4092,5530.82,5530.82,5583.23,0.948,52.41,63
MCO,2018-03-05,2018-03-22,2018-05-04,3-5%,-3.109,161.9117,166.7731,tp_gap_filled,33.6981,5456.12,5456.12,5619.93,3.002,163.82,30
CAT,2018-04-04,2018-05-03,2018-05-04,3-5%,-3.571,140.0199,144.9149,tp_gap_filled,39.1283,5478.74,5478.74,5670.27,3.496,191.53,1
LDOS,2018-05-03,2018-05-04,2018-05-09,3-5%,-3.53,59.9098,61.978,tp_gap_filled,91.9954,5511.43,5511.43,5701.69,3.452,190.26,3
WMT,2018-05-09,2018-05-10,2018-05-16,3-5%,-3.709,27.5475,28.5514,tp_gap_filled,200.4935,5523.1,5523.1,5724.37,3.644,201.28,4
TGT,2018-02-20,2018-03-06,2018-05-17,3-5%,-3.778,72.9128,75.6243,tp_gap_filled,75.1373,5478.48,5478.48,5682.21,3.719,203.73,51
COF,2018-04-25,2018-05-08,2018-05-21,3-5%,-3.459,94.1441,97.3226,tp_gap_filled,58.5911,5516.01,5516.01,5702.24,3.376,186.23,9
HUBB,2018-04-25,2018-04-27,2018-05-22,3-5%,-3.676,105.4353,109.2406,tp_gap_filled,52.3596,5520.55,5520.55,5719.79,3.609,199.24,17
AZO,2018-02-27,2018-05-22,2018-05-23,3-5%,-3.717,709.2585,626.4993,stop,7.8458,5564.72,5564.72,4915.41,-11.668,-649.32,1
NXPI,2018-06-04,2018-06-05,2018-06-06,3-5%,-3.202,110.4603,113.886,tp_gap_filled,50.0803,5531.88,5531.88,5703.44,3.101,171.56,1
LII,2018-03-16,2018-03-23,2018-06-08,3-5%,-3.599,204.0338,211.2286,tp_gap_filled,26.6547,5438.47,5438.47,5630.24,3.526,191.77,53
NCLH,2018-06-05,2018-06-06,2018-06-12,3-5%,-3.564,51.1911,52.977,tp_gap_filled,108.2492,5541.4,5541.4,5734.72,3.489,193.31,4
COR,2018-05-03,2018-06-13,2018-06-14,3-5%,-3.179,89.3392,92.0878,tp_gap_filled,62.0361,5542.26,5542.26,5712.77,3.077,170.51,1
WDAY,2018-06-01,2018-06-04,2018-06-18,3-5%,-3.917,125.9558,130.829,tp_gap_filled,43.846,5522.66,5522.66,5736.33,3.869,213.67,10
AXON,2018-06-07,2018-06-08,2018-06-20,3-5%,-3.608,65.5154,67.8321,tp_gap_filled,84.8704,5560.32,5560.32,5756.94,3.536,196.62,8
URI,2018-04-19,2018-05-21,2018-06-21,3-5%,-3.333,174.174,155.9998,stop,32.0047,5574.38,5574.38,4992.73,-10.434,-581.66,22
PG,2018-04-19,2018-06-07,2018-06-26,3-5%,-3.593,75.4654,78.1218,tp_gap_filled,73.4999,5546.7,5546.7,5741.94,3.52,195.25,13
SWK,2018-04-20,2018-05-21,2018-07-02,3-5%,-3.739,148.9388,131.4498,stop,37.4383,5576.01,5576.01,4921.25,-11.742,-654.76,29
BIIB,2018-06-18,2018-06-19,2018-07-06,3-5%,-3.6,294.344,304.725,tp_gap_filled,18.7892,5530.48,5530.48,5725.53,3.527,195.05,12
AVGO,2018-06-19,2018-06-25,2018-07-12,3-5%,-3.214,25.6256,23.05,stop,214.7488,5503.07,5503.07,4949.95,-10.051,-553.11,12
SWKS,2018-06-08,2018-06-19,2018-07-18,3-5%,-3.337,99.1691,102.3875,tp_gap_filled,55.7463,5528.31,5528.31,5707.73,3.245,179.42,20
FCX,2018-07-11,2018-07-12,2018-07-19,3-5%,-3.258,17.5375,15.75,stop,313.8114,5503.47,5503.47,4942.52,-10.193,-560.95,5
WAT,2018-07-16,2018-07-17,2018-07-19,3-5%,-3.574,191.201,197.8919,tp_gap_filled,28.7109,5489.56,5489.56,5681.66,3.499,192.1,2
IR,2018-05-01,2018-06-11,2018-07-24,3-5%,-3.952,30.4104,26.63,stop,182.7645,5557.94,5557.94,4867.01,-12.431,-690.92,30
TRV,2018-04-24,2018-04-25,2018-07-25,3-5%,-3.709,132.2721,126.1537,time_exit,41.5178,5491.65,5491.65,5237.63,-4.626,-254.02,63
GNRC,2018-07-17,2018-07-18,2018-07-26,3-5%,-3.303,50.7007,52.3276,tp_gap_filled,108.4473,5498.35,5498.35,5674.79,3.209,176.44,6
NXPI,2018-07-19,2018-07-20,2018-07-26,3-5%,-3.136,103.2532,93.1299,stop,52.9257,5464.75,5464.75,4928.97,-9.804,-535.78,4
STX,2018-05-02,2018-07-30,2018-07-31,3-5%,-3.689,52.2622,54.1558,tp_gap_filled,103.8223,5425.98,5425.98,5622.58,3.623,196.6,1
TSLA,2018-07-23,2018-07-24,2018-08-02,3-5%,-3.744,20.1428,20.8844,tp_gap_filled,270.4582,5447.78,5447.78,5648.36,3.682,200.58,7
PLD,2018-04-30,2018-05-15,2018-08-03,3-5%,-3.71,64.1741,66.5134,tp_gap_filled,86.3163,5539.27,5539.27,5741.19,3.645,201.92,56
CMG,2018-07-31,2018-08-02,2018-08-03,3-5%,-3.753,8.969,9.3001,tp_gap_filled,605.6868,5432.38,5432.38,5632.94,3.692,200.56,1
FFIV,2018-07-19,2018-07-20,2018-08-08,3-5%,-3.41,173.5033,179.2705,tp_gap_filled,31.5067,5466.52,5466.52,5648.22,3.324,181.71,13
PODD,2018-08-03,2018-08-06,2018-08-13,3-5%,-3.873,84.2342,87.4525,tp_gap_filled,64.8298,5460.88,5460.88,5669.53,3.821,208.64,5
FCX,2018-07-19,2018-07-24,2018-08-15,3-5%,-3.689,16.4665,14.56,stop,330.5833,5443.53,5443.53,4813.29,-11.578,-630.24,16
LRCX,2018-05-18,2018-07-31,2018-08-15,3-5%,-3.974,19.5445,17.101,stop,279.0106,5453.13,5453.13,4771.36,-12.502,-681.77,11
URI,2018-07-19,2018-07-23,2018-08-20,3-5%,-3.124,150.2201,154.7551,tp_gap_filled,36.3708,5463.63,5463.63,5628.57,3.019,164.94,20
NTAP,2018-08-16,2018-08-17,2018-08-20,3-5%,-3.613,79.5695,82.3875,tp_gap_filled,68.2132,5427.69,5427.69,5619.92,3.542,192.23,1
FCX,2018-08-15,2018-08-16,2018-08-27,3-5%,-3.986,14.2242,14.7852,tp_gap_filled,381.7948,5430.73,5430.73,5644.91,3.944,214.18,7
TSLA,2018-08-17,2018-08-21,2018-09-05,3-5%,-3.562,21.5882,19.1767,stop,252.9029,5459.73,5459.73,4849.83,-11.171,-609.9,10
HSIC,2018-08-30,2018-08-31,2018-09-06,3-5%,-3.822,61.2376,63.5442,tp_gap_filled,88.5272,5421.2,5421.2,5625.4,3.767,204.2,3
COO,2018-08-31,2018-09-05,2018-09-10,3-5%,-3.485,63.6886,65.8566,tp_gap_filled,85.2214,5427.63,5427.63,5612.39,3.404,184.76,3
NKE,2018-09-04,2018-09-05,2018-09-10,3-5%,-3.418,79.4694,82.1178,tp_gap_filled,68.3063,5428.26,5428.26,5609.16,3.333,180.9,3
T,2018-06-13,2018-06-15,2018-09-14,3-5%,-3.93,24.9494,25.3523,time_exit,222.2659,5545.4,5545.4,5634.94,1.615,89.54,63
AES,2018-08-07,2018-09-04,2018-09-18,3-5%,-3.98,13.2833,13.8062,tp_gap_filled,406.6446,5401.57,5401.57,5614.21,3.937,212.64,10
XOM,2018-07-27,2018-07-30,2018-09-19,3-5%,-3.882,81.051,84.1558,tp_gap_filled,66.9168,5423.68,5423.68,5631.44,3.831,207.76,36
PM,2018-07-19,2018-08-29,2018-09-20,3-5%,-3.834,79.079,82.0679,tp_gap_filled,68.883,5447.2,5447.2,5653.08,3.78,205.88,15
GL,2018-09-10,2018-09-14,2018-09-20,3-5%,-3.394,85.4754,88.3016,tp_gap_filled,63.8757,5459.8,5459.8,5640.33,3.306,180.53,4
SO,2018-08-08,2018-08-16,2018-09-26,3-5%,-3.321,47.4975,42.56,stop,114.1547,5422.06,5422.06,4858.42,-10.395,-563.64,28
MU,2018-09-21,2018-09-24,2018-10-01,3-5%,-3.604,44.4444,46.0139,tp_gap_filled,123.9949,5510.88,5510.88,5705.49,3.531,194.61,5
TEL,2018-07-25,2018-08-23,2018-10-10,3-5%,-3.383,90.9108,81.2799,stop,59.797,5436.19,5436.19,4860.3,-10.594,-575.9,33
CVNA,2018-08-07,2018-10-11,2018-10-12,3-5%,-3.518,9.0591,9.3706,tp_gap_filled,588.8802,5334.69,5334.69,5518.17,3.439,183.48,1
ADI,2018-08-22,2018-09-12,2018-10-18,3-5%,-3.513,92.6426,82.4399,stop,58.677,5435.98,5435.98,4837.32,-11.013,-598.66,26
CHD,2018-10-10,2018-10-15,2018-10-18,3-5%,-3.837,57.1971,59.3606,tp_gap_filled,93.5812,5352.57,5352.57,5555.03,3.782,202.46,3
EG,2018-07-20,2018-07-23,2018-10-19,3-5%,-3.756,225.7255,215.9638,time_exit,24.2073,5464.2,5464.2,5227.89,-4.325,-236.3,63
AIG,2018-08-03,2018-08-06,2018-10-19,3-5%,-3.716,53.1631,46.96,stop,102.8082,5465.6,5465.6,4827.87,-11.668,-637.74,53
KLAC,2018-09-12,2018-09-26,2018-10-19,3-5%,-3.541,10.1982,9.066,stop,538.1556,5488.21,5488.21,4878.91,-11.102,-609.3,17
RCL,2018-09-27,2018-10-04,2018-10-23,3-5%,-3.357,125.085,111.9399,stop,43.8651,5486.86,5486.86,4910.25,-10.509,-576.61,13
NVR,2018-10-18,2018-10-19,2018-10-26,3-5%,-3.349,2177.175,2248.1197,tp_gap_filled,2.4538,5342.28,5342.28,5516.36,3.259,174.08,5
LRCX,2018-09-12,2018-09-26,2018-10-29,3-5%,-3.314,15.04,13.48,stop,364.6563,5484.44,5484.44,4915.56,-10.373,-568.88,23
LOW,2018-10-17,2018-10-18,2018-10-29,3-5%,-3.406,102.4724,91.5399,stop,52.2665,5355.87,5355.87,4784.47,-10.669,-571.4,7
URI,2018-10-23,2018-10-24,2018-10-30,3-5%,-3.934,110.5004,114.7951,tp_gap_filled,47.526,5251.64,5251.64,5455.75,3.887,204.11,4
NTAP,2018-10-26,2018-10-29,2018-10-30,3-5%,-3.764,73.4434,76.1638,tp_gap_filled,70.5973,5184.9,5184.9,5376.96,3.704,192.05,1
TTWO,2018-10-26,2018-10-29,2018-10-30,3-5%,-3.745,116.2962,120.5793,tp_gap_filled,44.5371,5179.49,5179.49,5370.25,3.683,190.76,1
ORCL,2018-09-18,2018-10-10,2018-10-31,3-5%,-3.396,47.5575,49.1308,tp_gap_filled,112.9849,5373.28,5373.28,5551.04,3.308,177.76,15
MLM,2018-10-17,2018-10-18,2018-10-31,3-5%,-3.686,165.5554,171.5483,tp_gap_filled,32.3784,5360.42,5360.42,5554.46,3.62,194.04,9
BAC,2018-10-23,2018-10-24,2018-10-31,3-5%,-3.616,26.4164,27.3526,tp_gap_filled,197.2676,5211.1,5211.1,5395.78,3.544,184.69,5
BX,2018-10-26,2018-10-29,2018-10-31,3-5%,-3.818,31.5215,32.7073,tp_gap_filled,164.7732,5193.9,5193.9,5389.28,3.762,195.38,2
MAS,2018-10-26,2018-10-30,2018-10-31,3-5%,-3.846,29.029,30.1298,tp_gap_filled,182.649,5302.12,5302.12,5503.19,3.792,201.07,1
XYZ,2018-10-23,2018-10-24,2018-11-01,3-5%,-3.87,72.8628,75.6443,tp_gap_filled,71.9612,5243.29,5243.29,5443.45,3.817,200.16,6
CMI,2018-10-23,2018-10-24,2018-11-01,3-5%,-3.659,134.9448,139.7901,tp_gap_filled,38.7151,5224.4,5224.4,5411.99,3.591,187.58,6
NFLX,2018-10-26,2018-10-29,2018-11-01,3-5%,-3.951,30.0811,31.2557,tp_gap_filled,173.123,5207.72,5207.72,5411.08,3.905,203.36,3
C,2018-10-23,2018-10-24,2018-11-02,3-5%,-3.664,64.2142,66.5234,tp_gap_filled,81.3853,5226.09,5226.09,5414.03,3.596,187.94,7
CTSH,2018-10-30,2018-10-31,2018-11-02,3-5%,-3.713,66.7167,69.1508,tp_gap_filled,80.8426,5393.54,5393.54,5590.33,3.648,196.78,2
WYNN,2018-10-23,2018-11-01,2018-11-02,3-5%,-3.542,104.9548,108.5913,tp_gap_filled,51.794,5436.03,5436.03,5624.38,3.465,188.35,1
DVA,2018-10-17,2018-10-18,2018-11-07,3-5%,-3.777,67.8378,70.3596,tp_gap_filled,78.9534,5356.02,5356.02,5555.13,3.717,199.11,14
TECH,2018-10-30,2018-11-02,2018-11-07,3-5%,-3.184,42.9955,44.3206,tp_gap_filled,126.5541,5441.25,5441.25,5608.96,3.082,167.71,3
CRH,2018-10-18,2018-11-06,2018-11-07,3-5%,-3.224,29.4494,30.3696,tp_gap_filled,185.6265,5466.59,5466.59,5637.4,3.125,170.81,1
NWSA,2018-08-20,2018-08-23,2018-11-08,3-5%,-3.741,13.3934,13.8861,tp_gap_filled,405.8615,5435.86,5435.86,5635.83,3.679,199.98,54
BNY,2018-10-18,2018-10-19,2018-11-08,3-5%,-3.235,47.6076,49.1009,tp_gap_filled,112.1964,5341.4,5341.4,5508.94,3.137,167.54,14
QCOM,2018-10-23,2018-10-24,2018-11-09,3-5%,-3.721,63.7237,56.2799,stop,82.0828,5230.62,5230.62,4619.62,-11.681,-611.0,12
ECHO,2018-11-08,2018-11-13,2018-11-16,3-5%,-3.826,32.8286,34.0664,tp_gap_filled,166.2003,5456.12,5456.12,5661.84,3.771,205.72,3
GE,2018-11-09,2018-11-13,2018-11-16,3-5%,-3.407,42.1677,37.6685,stop,129.2209,5448.94,5448.94,4867.56,-10.67,-581.38,3
MU,2018-11-16,2018-11-19,2018-11-20,3-5%,-3.658,38.4885,34.07,stop,140.4228,5404.66,5404.66,4784.2,-11.48,-620.46,1
ALB,2018-11-08,2018-11-09,2018-11-21,3-5%,-3.417,104.4043,93.2299,stop,52.5668,5488.2,5488.2,4900.8,-10.703,-587.4,8
LEN,2018-11-08,2018-11-12,2018-11-21,3-5%,-3.491,40.1854,41.5557,tp_gap_filled,135.6303,5450.35,5450.35,5636.21,3.41,185.86,7
MO,2018-11-12,2018-11-13,2018-11-21,3-5%,-3.343,61.3613,54.9399,stop,88.7057,5443.09,5443.09,4873.48,-10.465,-569.61,6
AMZN,2018-10-30,2018-11-20,2018-11-21,3-5%,-3.426,74.3823,76.8671,tp_gap_filled,71.9381,5350.92,5350.92,5529.67,3.341,178.75,1
BLK,2018-10-16,2018-10-17,2018-11-28,3-5%,-3.968,410.41,426.5131,tp_gap_filled,13.168,5404.26,5404.26,5616.31,3.924,212.04,29
JBL,2018-11-12,2018-11-13,2018-11-28,3-5%,-3.677,24.3844,25.2647,tp_gap_filled,223.6112,5452.62,5452.62,5649.47,3.61,196.86,10
APA,2018-11-23,2018-11-27,2018-11-29,3-5%,-3.553,34.7847,35.994,tp_gap_filled,154.6158,5378.27,5378.27,5565.24,3.476,186.96,2
CL,2018-10-26,2018-11-09,2018-12-03,3-5%,-3.651,61.5515,63.7562,tp_gap_filled,89.0018,5478.2,5478.2,5674.42,3.582,196.22,15
FANG,2018-11-23,2018-11-30,2018-12-03,3-5%,-3.616,105.3853,109.1208,tp_gap_filled,51.4105,5417.91,5417.91,5609.96,3.545,192.04,1
CVNA,2018-11-20,2018-12-03,2018-12-07,3-5%,-3.705,8.1702,7.22,stop,664.7642,5431.23,5431.23,4799.59,-11.63,-631.64,3
GE,2018-11-30,2018-12-03,2018-12-10,3-5%,-3.526,36.7468,32.6844,stop,148.165,5444.59,5444.59,4842.68,-11.055,-601.9,4
SWKS,2018-11-12,2018-11-13,2018-12-19,3-5%,-3.561,74.0039,65.7399,stop,73.7263,5456.03,5456.03,4846.76,-11.167,-609.27,24
DAL,2018-12-04,2018-12-06,2018-12-19,3-5%,-3.56,58.038,51.5599,stop,92.5841,5373.39,5373.39,4773.63,-11.162,-599.76,9
NVDA,2018-12-06,2018-12-07,2018-12-20,3-5%,-3.609,3.7898,3.3607,stop,1401.7619,5312.38,5312.38,4710.97,-11.321,-601.41,9
VRTX,2018-10-25,2018-12-19,2018-12-20,3-5%,-3.734,157.157,162.9269,tp_gap_filled,33.2913,5231.97,5231.97,5424.06,3.671,192.09,1
T,2018-10-24,2018-12-03,2018-12-24,3-5%,-3.907,23.9892,21.0423,stop,226.4214,5431.67,5431.67,4764.42,-12.284,-667.25,14
BA,2018-12-06,2018-12-07,2018-12-26,3-5%,-3.653,330.32,292.4597,stop,16.0998,5318.09,5318.09,4708.55,-11.462,-609.54,12
PYPL,2018-11-20,2018-12-24,2018-12-26,3-5%,-3.906,77.077,80.0499,tp_gap_filled,65.9107,5080.2,5080.2,5276.14,3.857,195.94,1
UPS,2018-12-19,2018-12-20,2018-12-27,3-5%,-3.67,93.8037,97.1827,tp_gap_filled,55.3699,5193.9,5193.9,5380.99,3.602,187.1,4
MA,2018-11-20,2018-12-20,2018-12-28,3-5%,-3.857,182.162,189.0907,tp_gap_filled,28.5082,5193.12,5193.12,5390.64,3.804,197.53,5
BMY,2018-11-27,2018-12-19,2019-01-02,3-5%,-3.869,50.7407,52.6773,tp_gap_filled,103.1475,5233.78,5233.78,5433.53,3.817,199.75,8
WYNN,2018-11-20,2018-12-19,2019-01-02,3-5%,-3.675,100.4904,104.1158,tp_gap_filled,52.0893,5234.47,5234.47,5423.31,3.608,188.84,8
TTD,2019-01-02,2019-01-03,2019-01-04,3-5%,-3.619,11.1972,11.5944,tp_gap_filled,465.0303,5207.03,5207.03,5391.74,3.547,184.71,1
CVNA,2018-12-27,2018-12-28,2019-01-07,3-5%,-3.764,6.5005,6.7413,tp_gap_filled,802.6719,5217.76,5217.76,5411.01,3.704,193.25,5
AKAM,2019-01-02,2019-01-04,2019-01-07,3-5%,-3.618,58.9289,61.0189,tp_gap_filled,89.1589,5254.03,5254.03,5440.38,3.547,186.35,1
MTD,2019-01-03,2019-01-04,2019-01-08,3-5%,-3.677,526.486,545.4939,tp_gap_filled,9.9788,5253.7,5253.7,5443.38,3.61,189.68,2
COP,2018-11-23,2018-12-17,2019-01-09,3-5%,-3.971,62.9429,65.4145,tp_gap_filled,83.6627,5265.97,5265.97,5472.76,3.927,206.78,15
BRO,2018-07-24,2018-10-11,2019-01-14,3-5%,-3.851,28.4885,27.8321,time_exit,187.3826,5338.24,5338.24,5215.26,-2.304,-122.98,63
LULU,2019-01-10,2019-01-11,2019-01-14,3-5%,-3.654,131.161,135.864,tp_gap_filled,40.5909,5323.94,5323.94,5514.84,3.586,190.9,1
AVGO,2019-01-03,2019-01-09,2019-01-15,3-5%,-3.53,24.4805,25.3256,tp_gap_filled,216.9997,5312.25,5312.25,5495.66,3.453,183.41,4
DAL,2019-01-10,2019-01-14,2019-01-15,3-5%,-3.693,46.7267,48.4215,tp_gap_filled,114.0138,5327.49,5327.49,5520.73,3.627,193.24,1
UAL,2019-01-10,2019-01-11,2019-01-16,3-5%,-3.617,80.8107,83.6762,tp_gap_filled,65.9067,5325.97,5325.97,5514.83,3.546,188.86,3
ETN,2018-10-30,2018-12-18,2019-01-17,3-5%,-3.66,68.4984,70.959,tp_gap_filled,77.1234,5282.83,5282.83,5472.6,3.592,189.77,20
TPR,2019-01-10,2019-01-14,2019-01-18,3-5%,-3.541,35.7257,36.963,tp_gap_filled,149.2854,5333.32,5333.32,5518.03,3.463,184.71,4
MU,2019-01-14,2019-01-15,2019-01-18,3-5%,-3.582,34.7547,35.974,tp_gap_filled,153.8916,5348.46,5348.46,5536.1,3.508,187.64,3
SBUX,2018-12-14,2018-12-17,2019-01-25,3-5%,-3.692,64.5044,66.8431,tp_gap_filled,81.6489,5266.71,5266.71,5457.66,3.626,190.95,26
JNJ,2018-12-17,2018-12-19,2019-01-31,3-5%,-3.519,128.4483,132.867,tp_gap_filled,40.709,5229.0,5229.0,5408.88,3.44,179.88,28
MRVL,2019-01-28,2019-01-29,2019-01-31,3-5%,-3.393,17.9579,18.5514,tp_gap_filled,299.5371,5379.07,5379.07,5556.84,3.305,177.77,2
TSCO,2019-01-31,2019-02-01,2019-02-05,3-5%,-3.548,17.3053,17.9061,tp_gap_filled,312.8511,5413.98,5413.98,5601.94,3.472,187.96,2
KMB,2019-01-23,2019-01-24,2019-02-08,3-5%,-3.61,111.1811,115.1148,tp_gap_filled,48.354,5376.05,5376.05,5566.26,3.538,190.21,11
EIX,2019-01-15,2019-01-24,2019-02-08,3-5%,-3.422,56.2162,58.0919,tp_gap_filled,95.6429,5376.68,5376.68,5556.07,3.337,179.4,11
PYPL,2019-01-31,2019-02-01,2019-02-11,3-5%,-3.679,89.109,92.3276,tp_gap_filled,60.7261,5411.24,5411.24,5606.69,3.612,195.45,6
ISRG,2019-01-25,2019-01-31,2019-02-12,3-5%,-3.753,172.172,178.528,tp_gap_filled,31.4191,5409.49,5409.49,5609.19,3.692,199.7,8
ALLE,2019-02-19,2019-02-20,2019-03-01,3-5%,-3.757,88.2081,91.4684,tp_gap_filled,61.8276,5453.7,5453.7,5655.28,3.696,201.58,7
COST,2018-12-14,2019-02-19,2019-03-08,3-5%,-3.757,218.218,226.2835,tp_gap_filled,25.0078,5457.16,5457.16,5658.86,3.696,201.7,13
BR,2019-02-07,2019-02-11,2019-03-13,3-5%,-3.564,99.9498,103.4365,tp_gap_filled,54.5403,5451.3,5451.3,5641.46,3.488,190.16,21
HPE,2019-03-12,2019-03-13,2019-03-15,3-5%,-3.398,15.3654,15.8741,tp_gap_filled,355.4495,5461.61,5461.61,5642.44,3.311,180.84,2
ADBE,2019-03-15,2019-03-18,2019-03-26,3-5%,-3.609,258.288,267.4223,tp_gap_filled,21.173,5468.73,5468.73,5662.14,3.536,193.4,6
ROL,2018-12-06,2019-02-15,2019-03-28,3-5%,-3.695,26.7823,27.7544,tp_gap_filled,203.9577,5462.46,5462.46,5660.73,3.63,198.27,28
WBD,2019-02-26,2019-03-11,2019-04-05,3-5%,-3.766,28.1381,29.1808,tp_gap_filled,193.4861,5444.33,5444.33,5646.08,3.706,201.74,19
CAT,2019-02-26,2019-03-06,2019-04-12,3-5%,-3.451,136.6665,141.2686,tp_gap_filled,39.7187,5428.22,5428.22,5611.01,3.367,182.79,27
GD,2019-01-30,2019-01-31,2019-04-17,3-5%,-3.5,170.0098,175.824,tp_gap_filled,31.8406,5413.22,5413.22,5598.35,3.42,185.13,53
MU,2019-04-04,2019-04-08,2019-04-17,3-5%,-3.508,42.4024,43.8561,tp_gap_filled,129.9138,5508.65,5508.65,5697.51,3.428,188.86,7
HWM,2019-04-17,2019-04-18,2019-04-23,3-5%,-3.288,15.3528,15.843,tp_gap_filled,357.6425,5490.8,5490.8,5666.14,3.193,175.34,2
KDP,2019-04-11,2019-04-23,2019-04-26,3-5%,-3.421,27.1271,28.0319,tp_gap_filled,202.9458,5505.33,5505.33,5688.97,3.336,183.63,3
ADM,2019-02-05,2019-02-22,2019-04-30,3-5%,-3.506,42.9729,44.4455,tp_gap_filled,126.9786,5456.64,5456.64,5643.63,3.427,186.99,46
CHRW,2019-04-16,2019-04-26,2019-05-01,3-5%,-3.477,87.8077,78.2399,stop,62.7145,5506.82,5506.82,4906.78,-10.896,-600.04,3
MCK,2019-02-01,2019-03-04,2019-05-08,3-5%,-3.657,123.6836,128.1217,tp_gap_filled,44.0928,5453.56,5453.56,5649.25,3.588,195.69,46
BA,2019-03-12,2019-03-15,2019-05-13,3-5%,-3.825,385.0947,338.8096,stop,14.2046,5470.13,5470.13,4812.66,-12.019,-657.46,40
NVDA,2019-04-26,2019-04-30,2019-05-13,3-5%,-3.317,4.5223,4.0527,stop,1220.4583,5519.24,5519.24,4946.21,-10.382,-573.03,9
ON,2019-05-06,2019-05-07,2019-05-13,3-5%,-3.997,22.6026,19.76,stop,242.2771,5476.09,5476.09,4787.39,-12.576,-688.7,4
WDC,2019-05-13,2019-05-14,2019-05-15,3-5%,-3.99,33.3137,34.629,tp_gap_filled,160.8277,5357.77,5357.77,5569.3,3.948,211.53,1
AOS,2019-04-30,2019-05-03,2019-05-16,3-5%,-3.996,53.6336,46.89,stop,102.9554,5521.87,5521.87,4827.58,-12.574,-694.29,9
LITE,2019-05-06,2019-05-07,2019-05-16,3-5%,-3.828,61.3613,53.9799,stop,89.1481,5470.24,5470.24,4812.21,-12.029,-658.03,7
STX,2019-04-26,2019-05-13,2019-05-21,3-5%,-3.907,44.3143,46.0239,tp_gap_filled,120.0864,5321.54,5321.54,5526.85,3.858,205.31,6
HRL,2019-04-23,2019-05-02,2019-05-24,3-5%,-3.834,38.9189,40.3896,tp_gap_filled,141.5556,5509.18,5509.18,5717.37,3.779,208.18,16
AIZ,2019-03-14,2019-03-19,2019-05-28,3-5%,-3.979,97.3472,101.1787,tp_gap_filled,56.2471,5475.5,5475.5,5691.01,3.936,215.51,48
LRCX,2019-05-06,2019-05-07,2019-05-29,3-5%,-3.586,20.053,17.798,stop,272.4119,5462.69,5462.69,4848.38,-11.245,-614.3,15
TER,2019-05-13,2019-05-14,2019-05-29,3-5%,-3.813,46.4564,40.89,stop,115.4016,5361.15,5361.15,4718.77,-11.982,-642.38,10
GPN,2019-05-28,2019-05-29,2019-05-30,3-5%,-3.656,147.9778,153.2866,tp_gap_filled,35.3283,5227.81,5227.81,5415.36,3.588,187.55,1
PH,2019-05-02,2019-05-07,2019-05-31,3-5%,-3.584,173.7135,154.1898,stop,31.4419,5461.88,5461.88,4848.02,-11.239,-613.86,17
FCX,2019-05-13,2019-05-14,2019-05-31,3-5%,-3.782,10.9509,9.65,stop,489.441,5359.84,5359.84,4723.1,-11.88,-636.74,12
TSLA,2019-05-20,2019-05-21,2019-06-03,3-5%,-3.9,13.5335,11.874,stop,395.0219,5346.04,5346.04,4690.49,-12.262,-655.55,8
TXN,2019-05-20,2019-05-29,2019-06-03,3-5%,-3.465,103.1931,106.6832,tp_gap_filled,50.6552,5227.27,5227.27,5404.06,3.382,176.79,3
GIS,2019-05-29,2019-05-31,2019-06-04,3-5%,-3.993,49.099,51.0389,tp_gap_filled,105.6888,5189.22,5189.22,5394.24,3.951,205.02,2
AMAT,2019-05-13,2019-05-23,2019-06-05,3-5%,-3.775,39.2993,40.7592,tp_gap_filled,134.4621,5284.26,5284.26,5480.57,3.715,196.31,8
WTW,2019-05-01,2019-05-02,2019-06-07,3-5%,-3.955,177.2271,184.1557,tp_gap_filled,31.0743,5507.21,5507.21,5722.51,3.909,215.3,25
ANET,2019-05-06,2019-05-07,2019-06-07,3-5%,-3.739,16.7667,14.7981,stop,325.9625,5465.33,5465.33,4823.63,-11.741,-641.7,22
CLX,2019-05-01,2019-06-04,2019-06-07,3-5%,-3.844,153.7436,159.5703,tp_gap_filled,34.2545,5266.4,5266.4,5465.99,3.79,199.59,3
CMG,2019-05-23,2019-06-06,2019-06-07,3-5%,-3.405,13.6536,14.1067,tp_gap_filled,387.4149,5289.62,5289.62,5465.14,3.318,175.51,1
LITE,2019-05-20,2019-05-23,2019-06-10,3-5%,-3.951,44.5345,46.2737,tp_gap_filled,118.7067,5286.54,5286.54,5493.0,3.905,206.45,11
GOOGL,2019-06-03,2019-06-07,2019-06-18,3-5%,-3.576,53.3998,55.2697,tp_gap_filled,99.1441,5294.28,5294.28,5479.66,3.502,185.38,7
GOOG,2019-06-03,2019-06-07,2019-06-18,3-5%,-3.455,53.3283,55.1263,tp_gap_filled,99.2788,5294.37,5294.37,5472.88,3.372,178.51,7
TXN,2019-06-14,2019-06-17,2019-06-18,3-5%,-3.904,106.9468,111.0688,tp_gap_filled,49.4014,5283.32,5283.32,5486.96,3.854,203.63,1
HII,2019-05-02,2019-06-05,2019-06-20,3-5%,-3.384,215.8056,222.9169,tp_gap_filled,24.4408,5274.46,5274.46,5448.27,3.295,173.81,11
CVX,2019-04-12,2019-04-17,2019-06-21,3-5%,-3.5,121.7016,125.864,tp_gap_filled,45.152,5495.07,5495.07,5683.01,3.42,187.94,45
DE,2019-05-06,2019-06-19,2019-06-24,3-5%,-3.391,161.4112,166.7431,tp_gap_filled,32.9715,5321.98,5321.98,5497.78,3.303,175.8,3
ABBV,2019-01-25,2019-04-02,2019-06-25,3-5%,-3.924,82.5925,72.3999,stop,66.4168,5485.53,5485.53,4808.58,-12.341,-676.96,58
MU,2019-05-20,2019-05-22,2019-06-26,3-5%,-3.633,34.7847,36.0239,tp_gap_filled,153.0232,5322.87,5322.87,5512.5,3.562,189.63,24
PCG,2019-06-21,2019-06-24,2019-06-27,3-5%,-3.479,22.7727,23.5464,tp_gap_filled,234.1587,5332.44,5332.44,5513.6,3.397,181.16,3
MPWR,2019-05-13,2019-06-10,2019-06-28,3-5%,-3.489,131.5314,136.0138,tp_gap_filled,40.3877,5312.25,5312.25,5493.28,3.408,181.04,14
FFIV,2019-06-14,2019-06-18,2019-06-28,3-5%,-3.225,140.5904,144.9849,tp_gap_filled,37.8767,5325.1,5325.1,5491.54,3.126,166.45,8
LRCX,2019-06-12,2019-06-18,2019-07-01,3-5%,-3.449,18.3553,18.973,tp_gap_filled,290.358,5329.62,5329.62,5508.96,3.365,179.35,9
NCLH,2019-06-20,2019-06-21,2019-07-01,3-5%,-3.543,52.052,53.8561,tp_gap_filled,102.6706,5344.21,5344.21,5529.44,3.466,185.23,6
CRWD,2019-06-21,2019-07-10,2019-07-11,3-5%,-3.193,18.1331,18.6938,tp_gap_filled,296.7936,5381.79,5381.79,5548.2,3.092,166.4,1
QCOM,2019-07-05,2019-07-10,2019-07-17,3-5%,-3.171,74.2742,76.5534,tp_gap_filled,72.5487,5388.5,5388.5,5553.85,3.069,165.35,5
SWKS,2019-05-13,2019-07-03,2019-07-22,3-5%,-3.101,80.08,82.4774,tp_gap_filled,67.4008,5397.45,5397.45,5559.04,2.994,161.59,12
PCG,2019-07-18,2019-07-19,2019-07-23,3-5%,-3.523,17.8178,18.4316,tp_gap_filled,303.4101,5406.1,5406.1,5592.32,3.445,186.22,2
AVGO,2019-05-13,2019-07-15,2019-07-24,3-5%,-3.336,29.4114,30.3656,tp_gap_filled,184.0433,5412.97,5412.97,5588.59,3.244,175.62,7
SMCI,2019-07-25,2019-07-26,2019-07-30,3-5%,-3.427,1.8619,1.9241,tp_gap_filled,2923.5222,5443.19,5443.19,5625.07,3.341,181.88,2
RL,2019-07-17,2019-07-19,2019-08-01,3-5%,-3.22,111.6015,100.3599,stop,48.4373,5405.68,5405.68,4861.17,-10.073,-544.51,9
EMR,2019-05-07,2019-07-01,2019-08-05,3-5%,-3.778,67.5675,59.5499,stop,79.9092,5399.26,5399.26,4758.59,-11.866,-640.68,24
MCHP,2019-05-06,2019-07-24,2019-08-05,3-5%,-3.99,48.4134,42.335,stop,112.2569,5434.73,5434.73,4752.39,-12.555,-682.34,8
VTRS,2019-05-13,2019-07-29,2019-08-06,3-5%,-3.969,21.3113,18.65,stop,255.5895,5446.94,5446.94,4766.74,-12.488,-680.2,6
GNRC,2019-08-01,2019-08-05,2019-08-06,3-5%,-3.596,69.7697,72.2277,tp_gap_filled,75.4877,5266.75,5266.75,5452.3,3.523,185.55,1
CHRW,2019-07-31,2019-08-01,2019-08-08,3-5%,-3.551,81.8418,84.6852,tp_gap_filled,65.4688,5358.08,5358.08,5544.24,3.474,186.16,5
LDOS,2019-07-30,2019-08-02,2019-08-08,3-5%,-3.193,80.7407,83.2367,tp_gap_filled,65.9539,5325.17,5325.17,5489.79,3.091,164.62,4
MSCI,2019-08-05,2019-08-06,2019-08-08,3-5%,-3.829,211.9617,219.9598,tp_gap_filled,24.9391,5286.13,5286.13,5485.59,3.773,199.46,2
CVNA,2019-08-05,2019-08-06,2019-08-08,3-5%,-3.574,12.044,12.4655,tp_gap_filled,439.393,5292.06,5292.06,5477.26,3.5,185.2,2
MU,2019-08-05,2019-08-06,2019-08-13,3-5%,-3.811,42.4424,44.0359,tp_gap_filled,124.6182,5289.1,5289.1,5487.68,3.755,198.58,5
SMCI,2019-08-09,2019-08-12,2019-08-16,3-5%,-3.558,1.7367,1.7972,tp_gap_filled,3052.3868,5301.19,5301.19,5485.75,3.482,184.57,4
LITE,2019-08-09,2019-08-12,2019-08-19,3-5%,-3.694,58.4584,60.5794,tp_gap_filled,90.752,5305.22,5305.22,5497.7,3.628,192.48,5
ON,2019-08-14,2019-08-15,2019-08-19,3-5%,-3.766,17.1371,17.7722,tp_gap_filled,306.71,5256.13,5256.13,5450.91,3.706,194.79,2
APA,2019-08-14,2019-08-19,2019-08-20,3-5%,-3.513,21.1711,21.8981,tp_gap_filled,254.3384,5384.64,5384.64,5569.52,3.434,184.89,1
CDW,2019-08-05,2019-08-08,2019-08-21,3-5%,-3.997,111.8017,116.2237,tp_gap_filled,47.8459,5349.25,5349.25,5560.82,3.955,211.57,9
VEEV,2019-08-05,2019-08-14,2019-08-22,3-5%,-3.722,156.9067,162.6472,tp_gap_filled,33.59,5270.49,5270.49,5463.31,3.659,192.82,6
RL,2019-08-14,2019-08-29,2019-09-05,3-5%,-3.779,89.9699,93.3166,tp_gap_filled,59.7125,5372.33,5372.33,5572.17,3.72,199.84,4
ECHO,2019-08-08,2019-08-29,2019-09-05,3-5%,-3.455,33.7777,34.9164,tp_gap_filled,158.8747,5366.42,5366.42,5547.34,3.371,180.92,4
SWKS,2019-08-08,2019-08-09,2019-09-06,3-5%,-3.955,76.8167,79.8201,tp_gap_filled,69.4111,5331.93,5331.93,5540.4,3.91,208.47,19
IBKR,2019-07-18,2019-08-09,2019-09-06,3-5%,-3.605,11.8443,12.2627,tp_gap_filled,450.3735,5334.37,5334.37,5522.81,3.532,188.43,19
CRH,2019-05-07,2019-06-11,2019-09-10,3-5%,-3.34,33.023,33.956,time_exit,160.6385,5304.76,5304.76,5454.64,2.825,149.88,63
FCX,2019-08-14,2019-09-05,2019-09-10,3-5%,-3.539,9.5495,9.8801,tp_gap_filled,567.3308,5417.75,5417.75,5605.29,3.462,187.54,3
WSM,2019-08-29,2019-09-09,2019-09-10,3-5%,-3.329,33.2782,34.3556,tp_gap_filled,163.0123,5424.76,5424.76,5600.39,3.237,175.62,1
ZBRA,2019-08-05,2019-09-10,2019-09-11,3-5%,-3.428,192.3021,198.7311,tp_gap_filled,28.3723,5456.06,5456.06,5638.47,3.343,182.4,1
FANG,2019-08-01,2019-08-13,2019-09-16,3-5%,-3.606,99.7997,103.3266,tp_gap_filled,53.5643,5345.7,5345.7,5534.61,3.534,188.91,23
CRWD,2019-09-11,2019-09-12,2019-09-18,3-5%,-3.405,17.3198,17.8946,tp_gap_filled,315.7912,5469.44,5469.44,5650.95,3.319,181.51,4
BKR,2019-09-11,2019-09-16,2019-09-23,3-5%,-3.567,23.2732,24.0859,tp_gap_filled,236.2179,5497.56,5497.56,5689.52,3.492,191.96,5
IBKR,2019-09-23,2019-09-24,2019-09-26,3-5%,-3.394,12.6076,13.0245,tp_gap_filled,435.1538,5486.24,5486.24,5667.64,3.306,181.4,2
CIEN,2019-08-05,2019-08-15,2019-10-01,3-5%,-3.644,41.2912,36.57,stop,127.1947,5252.03,5252.03,4651.51,-11.434,-600.52,32
DAL,2019-09-16,2019-09-23,2019-10-03,3-5%,-3.299,58.088,52.0899,stop,94.6852,5500.08,5500.08,4932.15,-10.326,-567.93,8
HAL,2019-09-03,2019-10-02,2019-10-04,3-5%,-3.397,18.2182,18.8212,tp_gap_filled,295.584,5385.01,5385.01,5563.23,3.31,178.23,2
ORCL,2019-09-12,2019-09-13,2019-10-11,3-5%,-3.464,54.3943,56.2337,tp_gap_filled,100.257,5453.41,5453.41,5637.82,3.382,184.41,20
ITW,2019-09-23,2019-10-02,2019-10-11,3-5%,-3.799,149.3192,154.9049,tp_gap_filled,36.0789,5387.26,5387.26,5588.79,3.741,201.53,7
AVGO,2019-09-25,2019-10-02,2019-10-11,3-5%,-3.741,27.2022,28.2028,tp_gap_filled,198.0335,5386.94,5386.94,5585.09,3.678,198.15,7
SLB,2019-09-03,2019-10-08,2019-10-11,3-5%,-3.854,31.2112,32.3976,tp_gap_filled,172.7692,5392.33,5392.33,5597.3,3.801,204.97,3
URI,2019-10-08,2019-10-09,2019-10-11,3-5%,-3.925,111.2311,115.5443,tp_gap_filled,48.7085,5417.9,5417.9,5627.99,3.878,210.09,2
APH,2019-07-24,2019-07-26,2019-10-15,3-5%,-3.985,11.8168,12.2827,tp_gap_filled,460.4496,5441.04,5441.04,5655.57,3.943,214.52,56
BBY,2019-08-14,2019-08-21,2019-10-21,3-5%,-3.914,68.5685,71.2187,tp_gap_filled,78.7183,5397.59,5397.59,5606.21,3.865,208.62,42
UAL,2019-09-16,2019-09-23,2019-10-21,3-5%,-3.339,88.3883,91.2586,tp_gap_filled,62.2326,5500.63,5500.63,5679.26,3.247,178.63,20
DDOG,2019-10-16,2019-10-17,2019-10-21,3-5%,-3.563,33.5936,29.84,stop,165.3471,5554.6,5554.6,4933.95,-11.174,-620.64,2
MPWR,2019-08-05,2019-10-14,2019-10-23,3-5%,-3.499,141.6215,146.4634,tp_gap_filled,38.9477,5515.82,5515.82,5704.41,3.419,188.58,7
MA,2019-08-05,2019-10-23,2019-10-25,3-5%,-3.507,260.26,269.1806,tp_gap_filled,21.2806,5538.48,5538.48,5728.31,3.428,189.83,2
CRM,2019-10-16,2019-10-17,2019-10-28,3-5%,-3.588,147.4073,152.5873,tp_gap_filled,37.6978,5556.93,5556.93,5752.2,3.514,195.28,7
CRL,2019-07-31,2019-08-01,2019-10-30,3-5%,-3.579,136.1961,132.4274,time_exit,39.374,5362.58,5362.58,5214.2,-2.767,-148.39,63
KHC,2019-09-17,2019-09-18,2019-10-31,3-5%,-3.815,28.5185,29.5904,tp_gap_filled,192.6326,5493.59,5493.59,5700.07,3.759,206.48,31
FTV,2019-08-05,2019-08-06,2019-11-04,3-5%,-3.789,44.7234,46.3917,tp_gap_filled,118.287,5290.2,5290.2,5487.54,3.73,197.34,63
TPR,2019-08-14,2019-09-11,2019-11-04,3-5%,-3.107,25.9059,26.6833,tp_gap_filled,211.4488,5477.77,5477.77,5642.15,3.001,164.38,38
GWW,2019-10-23,2019-10-30,2019-11-04,3-5%,-3.691,307.7074,318.8608,tp_gap_filled,18.0533,5555.14,5555.14,5756.49,3.625,201.36,3
TEL,2019-10-30,2019-11-01,2019-11-04,3-5%,-3.632,91.091,94.3356,tp_gap_filled,61.2778,5581.85,5581.85,5780.67,3.562,198.82,1
AOS,2019-10-29,2019-10-30,2019-11-05,3-5%,-3.603,49.5495,51.2986,tp_gap_filled,112.1616,5557.55,5557.55,5753.74,3.53,196.19,4
PCG,2019-10-24,2019-11-05,2019-11-06,3-5%,-3.902,7.8879,6.92,stop,709.3748,5595.46,5595.46,4908.87,-12.271,-686.59,1
PRU,2019-11-05,2019-11-06,2019-11-08,3-5%,-3.704,91.091,94.4055,tp_gap_filled,61.1319,5568.57,5568.57,5771.19,3.639,202.62,2
EL,2019-10-31,2019-11-01,2019-11-18,3-5%,-3.591,186.5163,193.0767,tp_gap_filled,29.9339,5583.17,5583.17,5779.55,3.517,196.38,11
PLD,2019-10-28,2019-10-30,2019-11-19,3-5%,-3.456,87.8077,90.7691,tp_gap_filled,63.3453,5562.21,5562.21,5749.8,3.373,187.59,14
BR,2019-11-06,2019-11-07,2019-11-20,3-5%,-3.995,118.5885,123.2766,tp_gap_filled,46.9192,5564.08,5564.08,5784.04,3.953,219.96,9
WAT,2019-10-08,2019-10-11,2019-11-27,3-5%,-3.982,214.7946,223.2565,tp_gap_filled,25.7212,5524.78,5524.78,5742.43,3.94,217.65,33
LYV,2019-11-01,2019-11-19,2019-11-27,3-5%,-3.546,68.068,70.4295,tp_gap_filled,82.3096,5602.65,5602.65,5797.03,3.469,194.37,6
WSM,2019-11-22,2019-12-03,2019-12-04,3-5%,-3.505,33.2032,34.3406,tp_gap_filled,168.2914,5587.81,5587.81,5779.23,3.426,191.42,1
F,2019-10-24,2019-11-01,2019-12-12,3-5%,-3.692,8.8789,9.2008,tp_gap_filled,628.6278,5581.5,5581.5,5783.87,3.626,202.37,28
NWS,2019-11-08,2019-11-11,2019-12-12,3-5%,-3.481,13.3233,13.7762,tp_gap_filled,418.0725,5570.11,5570.11,5759.45,3.399,189.34,22
DDOG,2019-12-09,2019-12-10,2019-12-12,3-5%,-3.564,34.6646,35.8741,tp_gap_filled,161.9769,5614.87,5614.87,5810.77,3.489,195.9,2
FSLR,2019-10-25,2019-10-28,2019-12-13,3-5%,-3.382,54.054,55.8341,tp_gap_filled,102.9557,5565.17,5565.17,5748.44,3.293,183.27,33
MRVL,2019-12-03,2019-12-12,2019-12-13,3-5%,-3.371,24.9649,25.7842,tp_gap_filled,226.9293,5665.28,5665.28,5851.19,3.282,185.91,1
CTVA,2019-10-31,2019-11-01,2019-12-16,3-5%,-3.566,26.5265,27.4525,tp_gap_filled,210.4787,5583.26,5583.26,5778.17,3.491,194.91,30
CNP,2019-11-15,2019-12-13,2019-12-17,3-5%,-3.784,25.7057,26.6633,tp_gap_filled,220.627,5671.37,5671.37,5882.65,3.725,211.28,2
BKNG,2019-11-07,2019-11-08,2019-12-19,3-5%,-3.473,77.7657,80.4031,tp_gap_filled,71.6179,5569.42,5569.42,5758.3,3.391,188.89,28
GLW,2019-10-30,2019-11-14,2020-01-10,3-5%,-3.933,29.0991,30.2297,tp_gap_filled,191.4569,5571.22,5571.22,5787.69,3.886,216.47,38
DOC,2019-11-06,2019-11-15,2020-01-15,3-5%,-3.857,34.4344,35.7442,tp_gap_filled,162.0167,5578.95,5578.95,5791.16,3.804,212.21,40
PGR,2020-01-07,2020-01-08,2020-01-15,3-5%,-3.528,73.073,75.5943,tp_gap_filled,78.4759,5734.47,5734.47,5932.34,3.45,197.86,5
UAL,2020-01-03,2020-01-06,2020-01-17,3-5%,-3.276,86.8868,89.6503,tp_gap_filled,65.9871,5733.41,5733.41,5915.76,3.181,182.35,9
DRI,2019-12-19,2020-01-02,2020-01-23,3-5%,-3.671,112.152,116.1937,tp_gap_filled,51.0402,5724.26,5724.26,5930.55,3.604,206.29,14
ALGN,2020-01-14,2020-01-15,2020-01-30,3-5%,-3.989,286.4662,250.5097,stop,20.1146,5762.16,5762.16,5038.91,-12.552,-723.25,10
PSA,2019-10-30,2019-10-31,2020-02-03,3-5%,-3.464,226.7966,223.9558,time_exit,24.5017,5556.9,5556.9,5487.29,-1.253,-69.6,63
ON,2020-01-27,2020-01-28,2020-02-03,3-5%,-3.762,24.074,21.23,stop,238.6907,5746.25,5746.25,5067.4,-11.814,-678.85,4
FCX,2020-01-27,2020-01-28,2020-02-04,3-5%,-3.97,11.3814,11.8282,tp_gap_filled,505.0207,5747.83,5747.83,5973.47,3.926,225.64,5
NKE,2020-01-27,2020-01-30,2020-02-04,3-5%,-3.744,98.3082,101.928,tp_gap_filled,57.9543,5697.38,5697.38,5907.16,3.682,209.78,3
TTD,2020-01-27,2020-01-31,2020-02-04,3-5%,-3.841,26.9679,27.989,tp_gap_filled,208.5498,5624.16,5624.16,5837.1,3.786,212.94,2
BX,2020-01-27,2020-01-31,2020-02-04,3-5%,-3.81,59.8998,62.1478,tp_gap_filled,93.884,5623.64,5623.64,5834.68,3.753,211.05,2
DAL,2020-01-27,2020-01-30,2020-02-05,3-5%,-3.945,56.5465,58.7512,tp_gap_filled,100.7064,5694.59,5694.59,5916.62,3.899,222.03,4
ADP,2020-01-29,2020-01-30,2020-02-05,3-5%,-3.617,172.0219,178.1217,tp_gap_filled,33.1181,5697.04,5697.04,5899.05,3.546,202.02,4
TRGP,2020-01-30,2020-02-03,2020-02-05,3-5%,-3.706,36.6766,38.0119,tp_gap_filled,154.1608,5654.1,5654.1,5859.95,3.641,205.85,2
LYB,2020-01-31,2020-02-04,2020-02-05,3-5%,-3.871,80.3002,83.3665,tp_gap_filled,71.4888,5740.57,5740.57,5959.78,3.819,219.21,1
HD,2019-11-19,2020-01-17,2020-02-06,3-5%,-3.454,230.8306,238.6112,tp_gap_filled,25.0114,5773.39,5773.39,5967.99,3.371,194.6,13
BBY,2020-01-15,2020-01-27,2020-02-06,3-5%,-3.172,87.6876,90.3795,tp_gap_filled,65.3187,5727.64,5727.64,5903.47,3.07,175.83,8
TTWO,2020-02-05,2020-02-06,2020-02-10,3-5%,-3.53,122.5724,109.0099,stop,47.3333,5801.76,5801.76,5159.8,-11.065,-641.96,2
TECH,2020-02-04,2020-02-07,2020-02-11,3-5%,-3.498,50.05,51.7607,tp_gap_filled,114.0999,5710.7,5710.7,5905.89,3.418,195.19,2
ELV,2020-01-29,2020-02-05,2020-02-12,3-5%,-3.727,279.7795,290.0297,tp_gap_filled,20.7203,5797.13,5797.13,6009.52,3.664,212.39,5
TPR,2020-02-07,2020-02-10,2020-02-12,3-5%,-3.621,27.978,28.971,tp_gap_filled,204.5603,5723.18,5723.18,5926.32,3.549,203.14,2
EME,2019-10-29,2019-12-03,2020-02-21,3-5%,-3.756,86.4464,89.6403,tp_gap_filled,64.6482,5588.6,5588.6,5795.09,3.695,206.48,54
MRVL,2020-01-27,2020-01-28,2020-02-24,3-5%,-3.845,26.2863,23.11,stop,218.5846,5745.77,5745.77,5051.49,-12.083,-694.29,18
PPG,2020-01-16,2020-01-17,2020-02-25,3-5%,-3.358,126.4763,113.1799,stop,45.6586,5774.74,5774.74,5167.64,-10.513,-607.1,25
WYNN,2020-01-23,2020-01-24,2020-02-25,3-5%,-3.805,134.8948,118.7699,stop,42.7807,5770.89,5770.89,5081.05,-11.954,-689.83,21
GWW,2020-01-30,2020-02-06,2020-02-25,3-5%,-3.353,316.8265,283.5698,stop,18.3507,5813.99,5813.99,5203.7,-10.497,-610.28,12
TSN,2020-02-06,2020-02-07,2020-02-25,3-5%,-3.698,81.081,71.6699,stop,70.4638,5713.28,5713.28,5050.14,-11.607,-663.14,11
SBUX,2020-01-27,2020-01-28,2020-02-27,3-5%,-3.694,88.7186,78.4299,stop,64.7823,5747.4,5747.4,5080.87,-11.597,-666.53,21
VTRS,2020-01-27,2020-02-18,2020-02-27,3-5%,-3.707,21.061,18.61,stop,274.1477,5773.84,5773.84,5101.88,-11.638,-671.95,7
AMAT,2020-02-18,2020-02-21,2020-02-27,3-5%,-3.919,64.2942,56.37,stop,89.3491,5744.63,5744.63,5036.61,-12.325,-708.03,4
TRGP,2020-02-24,2020-02-25,2020-02-27,3-5%,-3.96,37.6276,32.94,stop,146.9596,5529.74,5529.74,4840.85,-12.458,-688.89,2
COP,2020-02-24,2020-02-25,2020-02-27,3-5%,-3.919,56.2062,49.28,stop,97.8898,5502.01,5502.01,4824.01,-12.323,-678.0,2
IVZ,2020-02-24,2020-02-25,2020-02-27,3-5%,-3.89,16.8168,14.76,stop,325.5935,5475.44,5475.44,4805.76,-12.231,-669.69,2
TRV,2020-01-23,2020-02-05,2020-02-28,3-5%,-3.573,136.4263,121.1399,stop,42.5501,5804.95,5804.95,5154.51,-11.205,-650.44,16
VRSN,2020-02-07,2020-02-13,2020-02-28,3-5%,-3.66,209.209,185.1798,stop,27.6785,5790.59,5790.59,5125.5,-11.486,-665.09,10
LLY,2020-02-10,2020-02-14,2020-02-28,3-5%,-3.354,141.6415,126.7699,stop,40.8413,5784.83,5784.83,5177.45,-10.499,-607.38,9
LYB,2020-02-24,2020-02-25,2020-02-28,3-5%,-3.908,79.7497,69.9499,stop,68.8452,5490.38,5490.38,4815.71,-12.288,-674.67,3
MCHP,2020-02-24,2020-02-25,2020-02-28,3-5%,-3.883,50.5505,44.38,stop,108.0081,5459.86,5459.86,4793.4,-12.207,-666.47,3
CRWD,2020-02-27,2020-02-28,2020-03-02,3-5%,-3.951,14.0515,14.6004,tp_gap_filled,373.5287,5248.65,5248.65,5453.66,3.906,205.01,1
ADI,2019-11-26,2020-02-27,2020-03-03,3-5%,-3.817,108.7286,112.8171,tp_gap_filled,48.295,5251.05,5251.05,5448.51,3.76,197.45,3
AAPL,2020-02-27,2020-03-02,2020-03-03,3-5%,-3.947,70.3453,73.0893,tp_gap_filled,75.1482,5286.32,5286.32,5492.54,3.901,206.21,1
ALGN,2020-02-28,2020-03-02,2020-03-03,3-5%,-3.858,215.5453,223.746,tp_gap_filled,24.6013,5302.7,5302.7,5504.44,3.805,201.75,1
HLT,2020-01-27,2020-02-24,2020-03-05,3-5%,-3.862,104.4043,91.7299,stop,53.9973,5637.55,5637.55,4953.17,-12.14,-684.38,8
META,2020-02-24,2020-02-25,2020-03-06,3-5%,-3.987,202.0018,176.6599,stop,27.4478,5544.5,5544.5,4848.92,-12.545,-695.58,8
GOOG,2020-02-24,2020-02-25,2020-03-09,3-5%,-3.973,71.3768,62.4554,stop,77.5787,5537.32,5537.32,4845.21,-12.499,-692.11,9
URI,2020-02-28,2020-03-05,2020-03-09,3-5%,-3.934,124.6645,109.2399,stop,42.2332,5264.98,5264.98,4613.55,-12.373,-651.43,2
SLB,2020-02-28,2020-03-05,2020-03-09,3-5%,-3.838,25.8358,22.72,stop,203.3902,5254.75,5254.75,4621.02,-12.06,-633.73,2
EME,2020-02-28,2020-03-06,2020-03-10,3-5%,-3.942,75.3753,66.0299,stop,69.1247,5210.3,5210.3,4564.3,-12.398,-646.0,2
XEL,2020-03-06,2020-03-09,2020-03-10,3-5%,-3.957,66.5765,69.1808,tp_gap_filled,76.1919,5072.59,5072.59,5271.01,3.912,198.42,1
GNRC,2020-02-28,2020-03-09,2020-03-10,3-5%,-3.92,101.5815,105.5144,tp_gap_filled,49.9892,5077.98,5077.98,5274.58,3.872,196.6,1
RTX,2020-02-28,2020-03-05,2020-03-11,3-5%,-3.813,80.0926,70.4971,stop,65.6077,5254.69,5254.69,4625.15,-11.981,-629.54,4
KLAC,2020-02-24,2020-02-25,2020-03-12,3-5%,-3.954,15.4905,13.564,stop,356.048,5515.35,5515.35,4829.43,-12.437,-685.92,12
LUV,2020-03-05,2020-03-06,2020-03-12,3-5%,-3.985,45.1051,39.45,stop,115.4347,5206.69,5206.69,4553.9,-12.538,-652.79,4
BKNG,2020-02-27,2020-03-06,2020-03-12,3-5%,-3.886,64.5837,56.6928,stop,80.7593,5215.74,5215.74,4578.47,-12.218,-637.27,4
AVGO,2020-02-28,2020-03-06,2020-03-12,3-5%,-3.877,26.3593,23.147,stop,197.8553,5215.34,5215.34,4579.75,-12.187,-635.58,4
JCI,2020-03-06,2020-03-10,2020-03-12,3-5%,-3.967,37.3173,32.66,stop,137.7457,5140.3,5140.3,4498.77,-12.48,-641.53,2
AEE,2020-03-09,2020-03-10,2020-03-12,3-5%,-3.925,82.082,71.9499,stop,62.732,5149.17,5149.17,4513.56,-12.344,-635.6,2
SWKS,2020-03-06,2020-03-10,2020-03-12,3-5%,-3.905,94.8347,83.1899,stop,54.313,5150.76,5150.76,4518.3,-12.279,-632.47,2
HSY,2020-03-09,2020-03-10,2020-03-13,3-5%,-3.929,150.3001,131.7299,stop,34.2109,5141.9,5141.9,4506.59,-12.355,-635.31,3
EXR,2020-03-09,2020-03-10,2020-03-16,3-5%,-3.99,105.7356,92.4599,stop,48.5722,5135.82,5135.82,4490.98,-12.556,-644.83,4
BEN,2020-03-06,2020-03-18,2020-03-20,3-5%,-3.976,21.2712,18.61,stop,227.4531,4838.21,4838.21,4232.9,-12.511,-605.31,2
MLM,2020-03-18,2020-03-19,2020-03-20,3-5%,-3.985,165.9458,172.4873,tp_gap_filled,29.0292,4817.27,4817.27,5007.17,3.942,189.9,1
WEC,2020-03-18,2020-03-19,2020-03-20,3-5%,-3.894,98.5685,86.4999,stop,48.8658,4816.63,4816.63,4226.89,-12.244,-589.74,1
MKC,2020-03-19,2020-03-20,2020-03-23,3-5%,-3.935,67.8077,59.4149,stop,70.2885,4766.1,4766.1,4176.19,-12.377,-589.92,1
IVZ,2020-03-19,2020-03-20,2020-03-23,3-5%,-3.866,9.4594,8.31,stop,501.7882,4746.64,4746.64,4169.86,-12.151,-576.78,1
EXPD,2020-03-18,2020-03-19,2020-03-24,3-5%,-3.902,59.4194,61.7082,tp_gap_filled,81.1578,4822.35,4822.35,5008.11,3.852,185.76,3
WAT,2020-03-18,2020-03-19,2020-03-25,3-5%,-3.983,176.146,183.0867,tp_gap_filled,27.3671,4820.6,4820.6,5010.55,3.94,189.95,4
MO,2020-03-23,2020-03-24,2020-03-25,3-5%,-3.967,32.9529,34.2457,tp_gap_filled,143.9967,4745.11,4745.11,4931.27,3.923,186.16,1
CCI,2020-03-18,2020-03-26,2020-03-30,3-5%,-3.888,141.3012,146.7231,tp_gap_filled,33.6707,4757.71,4757.71,4940.27,3.837,182.56,2
RL,2020-03-27,2020-03-30,2020-04-01,3-5%,-3.915,71.4814,62.68,stop,66.5953,4760.32,4760.32,4174.19,-12.313,-586.14,2
DUK,2020-03-27,2020-04-01,2020-04-06,3-5%,-3.892,78.108,81.1088,tp_gap_filled,59.8394,4673.94,4673.94,4853.5,3.842,179.57,3
GRMN,2020-04-01,2020-04-02,2020-04-06,3-5%,-3.962,72.062,74.885,tp_gap_filled,65.0731,4689.29,4689.29,4873.0,3.918,183.7,2
EL,2020-04-01,2020-04-02,2020-04-06,3-5%,-3.96,153.183,159.1807,tp_gap_filled,30.6421,4693.84,4693.84,4877.62,3.915,183.78,2
ARE,2020-04-01,2020-04-02,2020-04-06,3-5%,-3.933,131.8017,136.9229,tp_gap_filled,35.5667,4687.76,4687.76,4869.9,3.886,182.15,2
ANET,2020-04-01,2020-04-02,2020-04-06,3-5%,-3.93,12.174,12.6467,tp_gap_filled,385.0002,4687.01,4687.01,4868.99,3.883,181.98,2
NKE,2020-04-01,2020-04-02,2020-04-06,3-5%,-3.928,79.5695,82.6573,tp_gap_filled,58.8942,4686.18,4686.18,4868.03,3.881,181.85,2
PPG,2020-03-27,2020-03-30,2020-04-07,3-5%,-3.977,86.2762,89.6702,tp_gap_filled,55.1868,4761.31,4761.31,4948.61,3.934,187.31,6
CF,2020-03-27,2020-03-31,2020-04-07,3-5%,-3.929,27.1671,28.2218,tp_gap_filled,174.2407,4733.62,4733.62,4917.38,3.882,183.76,5
CRM,2020-04-01,2020-04-06,2020-04-07,3-5%,-3.931,138.4583,143.836,tp_gap_filled,34.4986,4776.62,4776.62,4962.14,3.884,185.52,1
PNW,2020-03-27,2020-03-31,2020-04-08,3-5%,-3.882,76.3363,79.2607,tp_gap_filled,62.0139,4733.91,4733.91,4915.26,3.831,181.35,6
COHR,2020-04-01,2020-04-07,2020-04-08,3-5%,-3.895,27.4174,28.4715,tp_gap_filled,175.1035,4800.88,4800.88,4985.46,3.845,184.58,1
RSG,2020-03-18,2020-03-27,2020-04-09,3-5%,-3.969,78.4784,81.5584,tp_gap_filled,60.5299,4750.29,4750.29,4936.72,3.925,186.43,9
GPC,2020-04-15,2020-04-16,2020-04-17,3-5%,-3.991,71.2812,74.0958,tp_gap_filled,67.6269,4820.52,4820.52,5010.87,3.949,190.34,1
ESS,2020-04-15,2020-04-16,2020-04-17,3-5%,-3.927,242.9427,252.3674,tp_gap_filled,19.8728,4827.96,4827.96,5015.25,3.879,187.3,1
TAP,2020-03-06,2020-04-09,2020-04-21,3-5%,-3.911,48.2082,42.28,stop,100.4816,4844.03,4844.03,4248.36,-12.297,-595.68,7
ODFL,2020-04-08,2020-04-09,2020-04-24,3-5%,-3.919,68.5935,71.2487,tp_gap_filled,70.6719,4847.63,4847.63,5035.28,3.871,187.64,10
BNY,2020-04-15,2020-04-21,2020-04-27,3-5%,-3.935,34.9449,36.3037,tp_gap_filled,137.4712,4803.92,4803.92,4990.71,3.888,186.79,4
LII,2020-04-21,2020-04-22,2020-04-27,3-5%,-3.912,174.0939,180.819,tp_gap_filled,27.6332,4810.77,4810.77,4996.61,3.863,185.84,3
NRG,2020-03-06,2020-04-27,2020-04-28,3-5%,-3.988,33.013,34.3156,tp_gap_filled,147.0287,4853.85,4853.85,5045.38,3.946,191.53,1
CB,2020-04-21,2020-04-22,2020-05-06,3-5%,-3.96,110.2101,96.4799,stop,43.7301,4819.5,4819.5,4219.07,-12.458,-600.42,10
VRT,2020-03-11,2020-04-28,2020-05-07,3-5%,-3.874,10.6807,11.0889,tp_gap_filled,455.8713,4869.01,4869.01,5055.11,3.822,186.1,7
ON,2020-05-01,2020-05-05,2020-05-07,3-5%,-3.988,15.4254,16.0339,tp_gap_filled,313.8278,4840.92,4840.92,5031.9,3.945,190.98,2
ALL,2020-03-06,2020-04-17,2020-05-13,3-5%,-3.918,104.3142,91.4599,stop,46.459,4846.33,4846.33,4249.14,-12.323,-597.2,18
IEX,2020-04-24,2020-05-13,2020-05-15,3-5%,-3.931,146.5164,152.2076,tp_gap_filled,32.8716,4816.23,4816.23,5003.31,3.884,187.08,2
MO,2020-04-02,2020-05-06,2020-05-18,3-5%,-3.935,36.1661,37.5724,tp_gap_filled,133.7507,4837.25,4837.25,5025.33,3.888,188.09,8
LDOS,2020-05-05,2020-05-13,2020-05-18,3-5%,-3.953,95.095,98.8111,tp_gap_filled,50.6355,4815.18,4815.18,5003.35,3.908,188.17,3
APO,2020-05-14,2020-05-15,2020-05-18,3-5%,-3.985,40.04,41.6183,tp_gap_filled,120.7014,4832.88,4832.88,5023.39,3.942,190.51,1
RL,2020-05-04,2020-05-07,2020-05-21,3-5%,-3.913,70.3002,73.0169,tp_gap_filled,68.961,4847.98,4847.98,5035.32,3.864,187.34,10
MS,2020-03-05,2020-05-26,2020-05-27,3-5%,-3.824,43.5535,45.1948,tp_gap_filled,112.0542,4880.35,4880.35,5064.26,3.768,183.91,1
EQT,2020-06-01,2020-06-02,2020-06-03,3-5%,-3.898,12.8328,13.3267,tp_gap_filled,381.0191,4889.55,4889.55,5077.71,3.848,188.16,1
DRI,2020-03-06,2020-06-03,2020-06-04,3-5%,-3.957,84.5545,87.862,tp_gap_filled,57.9385,4898.96,4898.96,5090.59,3.912,191.64,1
TXT,2020-03-06,2020-06-04,2020-06-05,3-5%,-3.82,35.7857,37.1328,tp_gap_filled,137.1646,4908.54,4908.54,5093.31,3.764,184.77,1
WBD,2020-04-30,2020-06-05,2020-06-08,3-5%,-3.761,23.8238,24.7053,tp_gap_filled,206.2558,4913.8,4913.8,5095.61,3.7,181.81,1
CRWD,2020-06-04,2020-06-05,2020-06-11,3-5%,-3.945,23.5811,24.5005,tp_gap_filled,208.5478,4917.78,4917.78,5109.52,3.899,191.74,4
ECHO,2020-03-27,2020-06-05,2020-06-11,3-5%,-3.708,34.5745,30.55,stop,142.4071,4923.66,4923.66,4350.53,-11.64,-573.13,4
BKR,2020-06-09,2020-06-10,2020-06-11,3-5%,-3.778,18.3583,16.18,stop,267.616,4912.99,4912.99,4330.02,-11.866,-582.96,1
WAB,2020-06-11,2020-06-12,2020-06-16,3-5%,-3.987,62.6726,65.1448,tp_gap_filled,77.5315,4859.1,4859.1,5050.77,3.945,191.67,2
BX,2020-06-11,2020-06-12,2020-06-16,3-5%,-3.978,56.056,58.2617,tp_gap_filled,86.5597,4852.19,4852.19,5043.11,3.935,190.92,2
GPC,2020-06-11,2020-06-12,2020-06-16,3-5%,-3.83,85.2051,88.4215,tp_gap_filled,56.7581,4836.08,4836.08,5018.63,3.775,182.55,2
TAP,2020-06-11,2020-06-12,2020-06-16,3-5%,-3.797,38.038,39.4605,tp_gap_filled,127.1668,4837.17,4837.17,5018.07,3.74,180.89,2
MAA,2020-06-11,2020-06-12,2020-06-16,3-5%,-3.792,117.3372,121.7182,tp_gap_filled,41.2252,4837.25,4837.25,5017.85,3.734,180.6,2
MU,2020-06-11,2020-06-12,2020-06-19,3-5%,-3.907,50.4704,52.4175,tp_gap_filled,95.9894,4844.62,4844.62,5031.53,3.858,186.9,5
AIZ,2020-03-06,2020-06-05,2020-06-24,3-5%,-3.841,116.2762,102.2399,stop,42.2851,4916.75,4916.75,4323.22,-12.071,-593.52,13
IVZ,2020-06-15,2020-06-26,2020-06-29,3-5%,-3.965,9.9399,10.3297,tp_gap_filled,483.1037,4802.02,4802.02,4990.3,3.921,188.28,1
UAL,2020-06-24,2020-06-25,2020-07-01,3-5%,-3.88,34.7147,36.0439,tp_gap_filled,140.223,4867.8,4867.8,5054.19,3.829,186.39,4
GS,2020-06-26,2020-07-01,2020-07-06,3-5%,-3.911,199.199,206.8929,tp_gap_filled,24.4659,4873.59,4873.59,5061.83,3.862,188.24,2
PNR,2020-06-11,2020-06-12,2020-07-09,3-5%,-3.935,38.3683,39.8601,tp_gap_filled,126.4267,4850.78,4850.78,5039.38,3.888,188.6,18
WFC,2020-06-15,2020-06-24,2020-07-14,3-5%,-3.969,26.8869,23.53,stop,181.1162,4869.65,4869.65,4261.66,-12.485,-607.99,13
EG,2020-06-15,2020-06-24,2020-07-15,3-5%,-3.922,206.7265,214.735,tp_gap_filled,23.5224,4862.7,4862.7,5051.08,3.874,188.38,14
HLT,2020-06-15,2020-06-24,2020-07-15,3-5%,-3.757,74.6145,77.3725,tp_gap_filled,65.0135,4850.96,4850.96,5030.26,3.696,179.31,14
GL,2020-06-15,2020-06-24,2020-07-16,3-5%,-3.887,73.0229,75.8241,tp_gap_filled,66.5797,4861.85,4861.85,5048.35,3.836,186.5,15
ALL,2020-07-08,2020-07-13,2020-07-16,3-5%,-3.734,89.2792,92.5574,tp_gap_filled,54.7233,4885.65,4885.65,5065.04,3.672,179.39,3
ESS,2020-06-11,2020-06-12,2020-07-20,3-5%,-3.911,250.3701,219.5798,stop,19.3525,4845.29,4845.29,4249.42,-12.298,-595.87,25
TER,2020-07-14,2020-07-24,2020-07-27,3-5%,-3.834,83.6035,86.7631,tp_gap_filled,58.4358,4885.44,4885.44,5070.08,3.779,184.64,1
DAL,2020-07-16,2020-07-17,2020-07-31,3-5%,-3.636,27.5876,24.44,stop,178.057,4912.16,4912.16,4351.71,-11.409,-560.45,10
OKE,2020-07-22,2020-07-23,2020-08-05,3-5%,-3.969,28.8188,29.95,tp_gap_filled,170.233,4905.91,4905.91,5098.48,3.925,192.57,9
IBKR,2020-07-22,2020-07-23,2020-08-05,3-5%,-3.797,12.3624,12.8247,tp_gap_filled,396.94,4907.11,4907.11,5090.62,3.74,183.51,9
HWM,2020-06-09,2020-08-06,2020-08-10,3-5%,-3.948,17.047,17.7123,tp_gap_filled,287.2848,4897.35,4897.35,5088.47,3.902,191.11,2
XOM,2020-06-15,2020-06-24,2020-08-27,3-5%,-3.858,45.3953,39.89,stop,106.9657,4855.74,4855.74,4266.86,-12.128,-588.89,45
MGM,2020-06-09,2020-08-10,2020-08-28,3-5%,-3.872,22.8628,23.7362,tp_gap_filled,215.2687,4921.65,4921.65,5109.67,3.82,188.02,14
ALGN,2020-07-20,2020-07-23,2020-09-02,3-5%,-3.67,310.7805,321.9777,tp_gap_filled,15.798,4909.69,4909.69,5086.59,3.603,176.89,29
TMO,2020-08-27,2020-09-04,2020-09-10,3-5%,-3.841,409.7093,425.2243,tp_gap_filled,11.9167,4882.39,4882.39,5067.28,3.787,184.89,3
MPWR,2020-09-08,2020-09-09,2020-09-15,3-5%,-3.827,246.266,255.5542,tp_gap_filled,19.8084,4878.13,4878.13,5062.11,3.772,183.98,4
HSIC,2020-08-04,2020-08-05,2020-09-21,3-5%,-3.738,68.3182,60.2999,stop,71.7716,4903.31,4903.31,4327.82,-11.737,-575.49,32
XYZ,2020-09-03,2020-09-15,2020-09-21,3-5%,-3.61,157.157,139.3598,stop,31.1321,4892.63,4892.63,4338.56,-11.324,-554.06,4
PRU,2020-06-09,2020-08-11,2020-09-22,3-5%,-3.653,72.072,63.8099,stop,67.9977,4900.73,4900.73,4338.93,-11.464,-561.8,29
KMI,2020-07-23,2020-07-24,2020-09-23,3-5%,-3.828,14.3343,12.61,stop,340.8062,4885.23,4885.23,4297.56,-12.029,-587.66,42
PYPL,2020-09-08,2020-09-11,2020-09-28,3-5%,-3.722,184.8847,191.6482,tp_gap_filled,26.2555,4854.24,4854.24,5031.82,3.658,177.58,11
SWKS,2020-09-17,2020-09-18,2020-09-28,3-5%,-3.834,135.095,140.1997,tp_gap_filled,35.5944,4808.62,4808.62,4990.32,3.779,181.7,6
INCY,2020-09-17,2020-09-18,2020-09-28,3-5%,-3.691,86.7066,89.8501,tp_gap_filled,55.4773,4810.25,4810.25,4984.64,3.625,174.39,6
FOXA,2020-09-01,2020-09-21,2020-09-28,3-5%,-3.805,26.8268,27.8321,tp_gap_filled,178.1064,4778.02,4778.02,4957.08,3.748,179.06,5
IVZ,2020-09-21,2020-09-24,2020-09-28,3-5%,-3.916,10.5606,10.969,tp_gap_filled,445.5835,4705.61,4705.61,4887.61,3.868,182.01,2
OXY,2020-09-17,2020-09-21,2020-09-29,3-5%,-3.78,11.2112,9.88,stop,426.1459,4777.61,4777.61,4210.32,-11.874,-567.29,6
TTD,2020-09-03,2020-09-29,2020-09-30,3-5%,-3.781,49.6028,51.449,tp_gap_filled,96.6634,4794.77,4794.77,4973.24,3.722,178.46,1
INTU,2020-09-08,2020-09-09,2020-10-01,3-5%,-3.698,321.1108,332.7769,tp_gap_filled,15.1923,4878.42,4878.42,5055.65,3.633,177.23,16
NXPI,2020-09-17,2020-09-18,2020-10-01,3-5%,-3.865,123.7436,128.4614,tp_gap_filled,38.8227,4804.06,4804.06,4987.22,3.813,183.16,9
CTSH,2020-09-17,2020-09-18,2020-10-05,3-5%,-3.691,68.1781,70.6493,tp_gap_filled,70.5575,4810.48,4810.48,4984.84,3.625,174.36,11
SPG,2020-09-21,2020-09-22,2020-10-06,3-5%,-3.952,67.1371,69.7602,tp_gap_filled,71.6885,4812.96,4812.96,5001.0,3.907,188.05,10
MAR,2020-09-21,2020-09-23,2020-10-06,3-5%,-3.925,96.056,99.7801,tp_gap_filled,48.9849,4705.29,4705.29,4887.72,3.877,182.43,9
VLO,2020-10-01,2020-10-05,2020-10-06,3-5%,-3.924,41.6616,43.2767,tp_gap_filled,117.3041,4887.08,4887.08,5076.53,3.877,189.45,1
FSLR,2020-09-08,2020-10-05,2020-10-06,3-5%,-3.608,69.5295,71.9879,tp_gap_filled,70.4067,4895.34,4895.34,5068.43,3.536,173.09,1
GM,2020-09-21,2020-09-22,2020-10-07,3-5%,-3.81,30.3303,31.4685,tp_gap_filled,158.4452,4805.69,4805.69,4986.03,3.753,180.34,11
NEE,2020-09-16,2020-09-28,2020-10-07,3-5%,-3.696,71.2637,73.8511,tp_gap_filled,67.7593,4828.78,4828.78,5004.1,3.631,175.32,7
D,2020-07-06,2020-07-22,2020-10-08,3-5%,-3.991,79.4694,82.6073,tp_gap_filled,61.6244,4897.26,4897.26,5090.63,3.949,193.37,55
SYY,2020-09-21,2020-10-06,2020-10-08,3-5%,-3.815,65.1151,67.5624,tp_gap_filled,75.3502,4906.43,4906.43,5090.84,3.758,184.41,2
BA,2020-10-02,2020-10-06,2020-10-08,3-5%,-3.574,162.0219,167.6921,tp_gap_filled,30.2606,4902.88,4902.88,5074.46,3.5,171.59,2
MSFT,2020-09-08,2020-09-10,2020-10-09,3-5%,-3.617,206.7065,214.0358,tp_gap_filled,23.5282,4863.43,4863.43,5035.87,3.546,172.44,21
WDC,2020-09-30,2020-10-07,2020-10-09,3-5%,-3.917,28.5849,29.6906,tp_gap_filled,172.6478,4935.11,4935.11,5126.02,3.868,190.9,2
GE,2020-09-21,2020-10-08,2020-10-09,3-5%,-3.634,33.0779,34.2566,tp_gap_filled,150.0253,4962.52,4962.52,5139.35,3.563,176.83,1
GOOG,2020-09-08,2020-09-10,2020-10-12,3-5%,-3.616,76.7522,79.4724,tp_gap_filled,63.3449,4861.86,4861.86,5034.17,3.544,172.32,22
NVDA,2020-09-03,2020-10-06,2020-10-12,3-5%,-3.609,13.8426,14.3322,tp_gap_filled,354.3239,4904.76,4904.76,5078.22,3.537,173.47,4
MU,2020-09-30,2020-10-07,2020-10-12,3-5%,-3.471,48.999,50.6593,tp_gap_filled,100.6831,4933.37,4933.37,5100.53,3.389,167.17,3
CFG,2020-10-16,2020-10-19,2020-10-20,3-5%,-3.226,27.027,27.8721,tp_gap_filled,184.9613,4998.95,4998.95,5155.26,3.127,156.31,1
HST,2020-10-02,2020-10-15,2020-10-21,3-5%,-3.591,10.7507,11.1289,tp_gap_filled,465.6487,5006.07,5006.07,5182.14,3.517,176.07,4
MGM,2020-10-02,2020-10-13,2020-10-22,3-5%,-3.758,21.021,21.7982,tp_gap_filled,238.2459,5008.17,5008.17,5193.33,3.697,185.16,7
FSLR,2020-10-15,2020-10-22,2020-10-23,3-5%,-3.595,80.7907,83.6363,tp_gap_filled,62.2184,5026.67,5026.67,5203.72,3.522,177.05,1
SYF,2020-10-20,2020-10-22,2020-10-28,3-5%,-3.508,28.0881,25.0,stop,179.167,5032.45,5032.45,4479.17,-10.994,-553.28,4
HWM,2020-10-02,2020-10-28,2020-10-29,3-5%,-3.424,16.6566,17.2128,tp_gap_filled,296.6482,4941.16,4941.16,5106.14,3.339,164.97,1
CRH,2020-10-28,2020-10-29,2020-10-30,3-5%,-3.874,34.024,35.3246,tp_gap_filled,146.6129,4988.35,4988.35,5179.05,3.823,190.69,1
BLDR,2020-10-28,2020-10-29,2020-10-30,3-5%,-3.636,30.2402,31.3187,tp_gap_filled,165.6335,5008.79,5008.79,5187.42,3.566,178.63,1
MLM,2020-10-13,2020-10-14,2020-11-02,3-5%,-3.576,260.7705,269.8998,tp_gap_filled,19.2084,5008.99,5008.99,5184.35,3.501,175.36,13
MGM,2020-10-28,2020-10-29,2020-11-02,3-5%,-3.802,20.2602,21.019,tp_gap_filled,246.5961,4996.1,4996.1,5183.19,3.745,187.1,2
DOW,2020-10-28,2020-10-29,2020-11-02,3-5%,-3.5,44.9849,46.5234,tp_gap_filled,111.3014,5006.89,5006.89,5178.12,3.42,171.24,2
VMC,2020-10-13,2020-10-15,2020-11-03,3-5%,-3.225,145.3952,149.9399,tp_gap_filled,34.4739,5012.34,5012.34,5169.01,3.126,156.67,13
HIG,2020-10-22,2020-10-26,2020-11-03,3-5%,-3.713,38.9389,40.3596,tp_gap_filled,128.6087,5007.88,5007.88,5190.6,3.649,182.71,6
SWK,2020-10-27,2020-10-28,2020-11-03,3-5%,-3.679,166.6665,172.6871,tp_gap_filled,29.6837,4947.27,4947.27,5125.99,3.612,178.71,4
FICO,2020-09-08,2020-10-27,2020-11-04,3-5%,-3.729,404.1938,419.0106,tp_gap_filled,12.3554,4993.96,4993.96,5177.02,3.666,183.07,6
ELV,2020-10-28,2020-11-03,2020-11-04,3-5%,-3.667,288.2079,298.5811,tp_gap_filled,17.6475,5086.16,5086.16,5269.22,3.599,183.06,1
STX,2020-10-23,2020-10-26,2020-11-05,3-5%,-3.881,49.8298,51.7382,tp_gap_filled,100.5876,5012.26,5012.26,5204.22,3.83,191.96,8
VRT,2020-10-02,2020-11-04,2020-11-05,3-5%,-3.575,17.2773,17.8821,tp_gap_filled,294.8113,5093.53,5093.53,5271.84,3.501,178.31,1
CFG,2020-11-04,2020-11-05,2020-11-06,3-5%,-3.551,28.008,28.981,tp_gap_filled,182.8992,5122.64,5122.64,5300.6,3.474,177.96,1
PGR,2020-10-15,2020-10-19,2020-11-09,3-5%,-3.522,96.2361,99.5504,tp_gap_filled,51.9569,5000.13,5000.13,5172.33,3.444,172.2,15
ADM,2020-10-30,2020-11-02,2020-11-09,3-5%,-3.846,48.048,49.8701,tp_gap_filled,105.3502,5061.87,5061.87,5253.82,3.792,191.96,5
HBAN,2020-11-04,2020-11-06,2020-11-09,3-5%,-3.877,10.6707,11.0789,tp_gap_filled,480.9826,5132.4,5132.4,5328.76,3.826,196.36,1
SLB,2020-09-21,2020-11-09,2020-11-10,3-5%,-3.364,18.1181,18.7113,tp_gap_filled,284.7221,5158.62,5158.62,5327.51,3.274,168.89,1
MPWR,2020-10-30,2020-11-10,2020-11-11,3-5%,-3.455,307.9276,318.3114,tp_gap_filled,16.7508,5158.03,5158.03,5331.96,3.372,173.94,1
CCL,2020-09-15,2020-11-10,2020-11-12,3-5%,-3.641,17.2172,15.25,stop,300.0101,5165.33,5165.33,4575.15,-11.426,-590.18,2
CCL,2020-11-12,2020-11-13,2020-11-16,3-5%,-3.516,15.6556,16.1938,tp_gap_filled,327.8038,5131.98,5131.98,5308.39,3.437,176.41,1
CRWD,2020-11-09,2020-11-12,2020-11-19,3-5%,-3.907,34.0966,35.4121,tp_gap_filled,150.8901,5144.83,5144.83,5343.33,3.858,198.49,5
KR,2020-11-09,2020-11-11,2020-11-23,3-5%,-3.588,32.012,33.1368,tp_gap_filled,161.2797,5162.88,5162.88,5344.3,3.514,181.42,8
FE,2020-10-30,2020-11-02,2020-11-24,3-5%,-3.615,30.6907,27.21,stop,165.0197,5064.56,5064.56,4490.18,-11.341,-574.38,16
PYPL,2020-11-09,2020-11-23,2020-11-24,3-5%,-3.448,195.9357,202.5273,tp_gap_filled,26.2749,5148.2,5148.2,5321.39,3.364,173.19,1
TSCO,2020-11-09,2020-11-24,2020-11-30,3-5%,-3.56,27.1171,28.0619,tp_gap_filled,190.2435,5158.85,5158.85,5338.6,3.484,179.75,3
APA,2020-09-08,2020-11-24,2020-12-01,3-5%,-3.493,14.1041,12.56,stop,365.5586,5155.87,5155.87,4591.41,-10.948,-564.46,4
RVTY,2020-11-09,2020-12-01,2020-12-04,3-5%,-3.397,136.6365,141.1587,tp_gap_filled,37.6254,5141.01,5141.01,5311.16,3.31,170.15,3
BLDR,2020-11-18,2020-12-04,2020-12-07,3-5%,-3.435,34.6146,35.7742,tp_gap_filled,149.0544,5159.45,5159.45,5332.3,3.35,172.84,1
MRNA,2020-12-10,2020-12-15,2020-12-16,3-5%,-3.487,151.2811,134.7499,stop,34.127,5162.76,5162.76,4598.6,-10.927,-564.16,1
CINF,2020-10-22,2020-11-13,2020-12-17,3-5%,-3.903,81.081,84.2057,tp_gap_filled,63.3844,5139.27,5139.27,5337.33,3.854,198.06,23
PLTR,2020-12-18,2020-12-21,2020-12-22,3-5%,-3.526,26.2963,27.2028,tp_gap_filled,194.6897,5119.61,5119.61,5296.1,3.447,176.49,1
DASH,2020-12-14,2020-12-18,2020-12-23,3-5%,-3.371,169.2691,151.3999,stop,30.365,5139.85,5139.85,4597.25,-10.557,-542.6,3
SLB,2020-12-10,2020-12-14,2021-01-05,3-5%,-3.851,22.4925,23.3466,tp_gap_filled,229.0138,5151.09,5151.09,5346.7,3.798,195.61,14
COP,2020-12-21,2020-12-22,2021-01-05,3-5%,-3.831,39.4494,40.939,tp_gap_filled,129.8314,5121.77,5121.77,5315.17,3.776,193.4,8
OKE,2020-12-21,2020-12-24,2021-01-05,3-5%,-3.762,38.4084,39.8301,tp_gap_filled,133.277,5118.95,5118.95,5308.44,3.702,189.49,6
XOM,2020-12-21,2020-12-31,2021-01-05,3-5%,-3.791,41.1511,42.6873,tp_gap_filled,124.6407,5129.1,5129.1,5320.57,3.733,191.47,2
GPC,2020-12-02,2020-12-04,2021-01-06,3-5%,-3.669,98.0379,101.5683,tp_gap_filled,52.6214,5158.9,5158.9,5344.67,3.601,185.77,21
DXCM,2020-10-28,2020-12-29,2021-01-06,3-5%,-3.754,91.6766,95.0623,tp_gap_filled,55.7383,5109.9,5109.9,5298.61,3.693,188.72,5
LYV,2020-12-21,2021-01-04,2021-01-06,3-5%,-3.445,70.9709,73.3566,tp_gap_filled,72.0081,5110.48,5110.48,5282.26,3.361,171.79,2
PHM,2021-01-05,2021-01-06,2021-01-07,3-5%,-3.435,40.8008,42.1678,tp_gap_filled,127.1774,5188.93,5188.93,5362.79,3.351,173.86,1
MRNA,2020-12-24,2021-01-13,2021-01-14,3-5%,-3.376,126.0659,130.2097,tp_gap_filled,41.1739,5190.63,5190.63,5361.24,3.287,170.61,1
ARE,2021-01-06,2021-01-07,2021-01-20,3-5%,-3.717,164.4142,170.4194,tp_gap_filled,31.6254,5199.67,5199.67,5389.59,3.652,189.92,8
CHTR,2021-01-06,2021-01-14,2021-01-20,3-5%,-3.838,612.7721,635.9534,tp_gap_filled,8.4656,5187.48,5187.48,5383.72,3.783,196.24,3
META,2021-01-06,2021-01-11,2021-01-21,3-5%,-3.31,262.262,270.699,tp_gap_filled,19.8009,5193.03,5193.03,5360.09,3.217,167.06,7
TSLA,2021-01-11,2021-01-12,2021-01-25,3-5%,-3.479,283.4165,293.0467,tp_gap_filled,18.2907,5183.89,5183.89,5360.03,3.398,176.14,8
APA,2021-01-11,2021-01-22,2021-01-26,3-5%,-3.8,15.9659,16.5634,tp_gap_filled,326.8481,5218.44,5218.44,5413.72,3.742,195.28,2
STX,2021-01-22,2021-01-25,2021-01-26,3-5%,-3.861,60.5705,62.8771,tp_gap_filled,86.04,5211.49,5211.49,5409.94,3.808,198.46,1
CARR,2020-11-04,2021-01-27,2021-01-28,3-5%,-3.572,35.6656,36.9131,tp_gap_filled,144.5494,5155.45,5155.45,5335.76,3.498,180.31,1
CRWD,2021-01-06,2021-01-27,2021-01-28,3-5%,-3.427,51.051,52.7572,tp_gap_filled,101.0661,5159.53,5159.53,5331.96,3.342,172.44,1
NXPI,2021-01-27,2021-01-28,2021-02-01,3-5%,-3.573,162.8827,168.5813,tp_gap_filled,32.0102,5213.91,5213.91,5396.32,3.499,182.41,2
DXCM,2021-01-11,2021-01-22,2021-02-02,3-5%,-3.633,93.591,96.9255,tp_gap_filled,55.8302,5225.21,5225.21,5411.37,3.563,186.16,7
MCHP,2021-01-27,2021-01-28,2021-02-02,3-5%,-3.814,69.7947,72.4175,tp_gap_filled,74.7286,5215.66,5215.66,5411.66,3.758,196.0,3
STT,2021-01-05,2021-01-29,2021-02-03,3-5%,-3.433,69.8398,72.1778,tp_gap_filled,74.1653,5179.69,5179.69,5353.08,3.348,173.4,3
OKE,2021-01-29,2021-02-01,2021-02-03,3-5%,-3.562,40.6506,42.0679,tp_gap_filled,128.6867,5231.19,5231.19,5413.58,3.486,182.39,2
PFG,2021-01-29,2021-02-02,2021-02-04,3-5%,-3.406,50.8108,52.4974,tp_gap_filled,103.818,5275.07,5275.07,5450.18,3.32,175.11,2
JBHT,2021-01-20,2021-01-26,2021-02-09,3-5%,-3.804,143.0129,148.3715,tp_gap_filled,36.4923,5218.87,5218.87,5414.41,3.747,195.55,10
HAL,2021-01-11,2021-01-21,2021-02-10,3-5%,-3.678,19.3994,20.0999,tp_gap_filled,269.4524,5227.21,5227.21,5415.96,3.611,188.75,14
OXY,2021-02-09,2021-02-11,2021-02-12,3-5%,-3.34,24.6246,25.4246,tp_gap_filled,217.0669,5345.19,5345.19,5518.83,3.249,173.64,1
DDOG,2021-02-17,2021-02-18,2021-02-19,3-5%,-3.775,103.6035,107.4524,tp_gap_filled,51.4845,5333.98,5333.98,5532.14,3.715,198.16,1
BA,2020-12-21,2021-01-05,2021-02-22,3-5%,-3.372,212.5523,219.5302,tp_gap_filled,24.3331,5172.05,5172.05,5341.85,3.283,169.79,32
AJG,2021-01-08,2021-01-12,2021-02-23,3-5%,-3.621,118.0179,122.2077,tp_gap_filled,43.9149,5182.74,5182.74,5366.73,3.55,183.99,28
AMD,2021-01-27,2021-02-08,2021-02-23,3-5%,-3.812,91.1911,80.2699,stop,58.5947,5343.32,5343.32,4703.4,-11.976,-639.92,10
FSLR,2021-02-18,2021-02-19,2021-02-23,3-5%,-3.245,92.8227,83.3999,stop,57.7094,5356.74,5356.74,4812.96,-10.151,-543.78,2
VRT,2021-02-23,2021-02-24,2021-02-25,3-5%,-3.751,20.5505,21.3087,tp_gap_filled,258.2393,5306.96,5306.96,5502.74,3.689,195.78,1
CCL,2021-02-23,2021-02-25,2021-02-26,3-5%,-3.427,25.1051,25.944,tp_gap_filled,210.5328,5285.44,5285.44,5462.07,3.342,176.63,1
UBER,2021-02-23,2021-02-25,2021-03-02,3-5%,-3.272,53.5535,55.2547,tp_gap_filled,98.7663,5289.28,5289.28,5457.3,3.177,168.02,3
WDAY,2021-02-23,2021-02-24,2021-03-04,3-5%,-3.467,260.8506,232.5097,stop,20.3561,5309.91,5309.91,4733.0,-10.865,-576.91,6
DDOG,2021-02-23,2021-02-25,2021-03-04,3-5%,-3.751,96.056,84.7399,stop,55.0549,5288.35,5288.35,4665.35,-11.781,-623.0,5
MPWR,2021-02-23,2021-03-03,2021-03-05,3-5%,-3.639,359.4591,318.4197,stop,14.67,5273.28,5273.28,4671.23,-11.417,-602.05,2
COHR,2021-01-11,2021-03-04,2021-03-05,3-5%,-3.193,79.8197,71.8499,stop,65.4478,5224.03,5224.03,4702.42,-9.985,-521.61,1
WDC,2021-02-23,2021-03-04,2021-03-05,3-5%,-3.183,49.7095,51.2412,tp_gap_filled,104.814,5210.25,5210.25,5370.8,3.081,160.54,1
PPG,2021-01-22,2021-01-25,2021-03-08,3-5%,-3.33,138.8887,143.3865,tp_gap_filled,37.5419,5214.15,5214.15,5383.0,3.238,168.85,29
ARES,2021-02-11,2021-03-05,2021-03-08,3-5%,-3.2,49.059,50.5794,tp_gap_filled,106.9809,5248.38,5248.38,5411.03,3.099,162.65,1
ROST,2021-03-03,2021-03-08,2021-03-09,3-5%,-3.094,114.114,117.5224,tp_gap_filled,45.9169,5239.76,5239.76,5396.26,2.987,156.5,1
EL,2021-03-08,2021-03-09,2021-03-11,3-5%,-3.377,283.283,292.5971,tp_gap_filled,18.5449,5253.45,5253.45,5426.18,3.288,172.73,2
MDLZ,2021-01-29,2021-02-10,2021-03-15,3-5%,-3.624,55.105,57.0629,tp_gap_filled,97.0016,5345.28,5345.28,5535.19,3.553,189.91,22
AMGN,2021-02-03,2021-02-17,2021-03-16,3-5%,-3.713,231.7916,240.2495,tp_gap_filled,23.0793,5349.59,5349.59,5544.8,3.649,195.2,19
ATO,2021-02-22,2021-02-23,2021-03-16,3-5%,-3.805,90.09,93.4664,tp_gap_filled,58.877,5304.23,5304.23,5503.03,3.748,198.79,15
DDOG,2021-03-12,2021-03-15,2021-03-16,3-5%,-3.016,83.7226,86.1538,tp_gap_filled,63.2241,5293.29,5293.29,5447.0,2.904,153.71,1
PLTR,2021-03-12,2021-03-16,2021-03-24,3-5%,-3.704,25.7657,22.77,stop,205.9676,5306.91,5306.91,4689.88,-11.627,-617.03,6
XYZ,2021-03-17,2021-03-18,2021-03-25,3-5%,-3.435,235.235,209.9198,stop,22.5026,5293.41,5293.41,4723.75,-10.762,-569.66,5
COHR,2021-03-18,2021-03-24,2021-03-25,3-5%,-3.829,70.6506,62.1499,stop,73.9539,5224.88,5224.88,4596.23,-12.032,-628.65,1
UNP,2021-01-21,2021-02-12,2021-03-26,3-5%,-3.749,210.21,217.9618,tp_gap_filled,25.4857,5357.36,5357.36,5554.92,3.688,197.56,29
OXY,2021-03-23,2021-03-25,2021-03-26,3-5%,-3.933,26.4064,27.4325,tp_gap_filled,197.1648,5206.41,5206.41,5408.73,3.886,202.32,1
TPL,2021-03-23,2021-03-25,2021-03-26,3-5%,-3.696,169.6139,175.7707,tp_gap_filled,30.7127,5209.3,5209.3,5398.4,3.63,189.09,1
APA,2021-03-23,2021-03-25,2021-03-26,3-5%,-3.393,18.2382,18.8411,tp_gap_filled,285.6769,5210.24,5210.24,5382.48,3.306,172.24,1
MRVL,2021-03-12,2021-03-25,2021-03-26,3-5%,-3.002,44.9549,46.2537,tp_gap_filled,115.9315,5211.69,5211.69,5362.26,2.889,150.57,1
PSKY,2021-02-04,2021-03-26,2021-03-29,3-5%,-3.304,50.3903,45.18,stop,104.2802,5254.71,5254.71,4711.37,-10.34,-543.34,1
CRWD,2021-03-25,2021-03-26,2021-03-29,3-5%,-3.265,43.9614,45.3546,tp_gap_filled,119.2739,5243.45,5243.45,5409.62,3.169,166.17,1
ABNB,2021-03-25,2021-03-26,2021-03-29,3-5%,-3.215,173.2731,178.6712,tp_gap_filled,30.277,5246.19,5246.19,5409.63,3.115,163.44,1
HIG,2021-03-29,2021-03-30,2021-03-31,3-5%,-3.84,65.1651,67.6323,tp_gap_filled,80.2495,5229.47,5229.47,5427.46,3.786,197.99,1
PLTR,2021-03-25,2021-03-30,2021-03-31,3-5%,-3.108,21.2212,21.8581,tp_gap_filled,246.9077,5239.68,5239.68,5396.94,3.001,157.26,1
BLK,2021-01-14,2021-01-15,2021-04-05,3-5%,-3.815,750.75,778.9702,tp_gap_filled,6.9114,5188.75,5188.75,5383.8,3.759,195.04,53
UBER,2021-03-17,2021-03-18,2021-04-06,3-5%,-3.025,57.1271,58.7911,tp_gap_filled,92.4449,5281.11,5281.11,5434.94,2.913,153.84,12
SW,2021-02-23,2021-02-24,2021-04-07,3-5%,-3.527,48.1881,49.8501,tp_gap_filled,110.1968,5310.18,5310.18,5493.32,3.449,183.14,29
NVDA,2021-02-25,2021-04-06,2021-04-12,3-5%,-3.128,14.0595,14.4845,tp_gap_filled,376.1978,5289.17,5289.17,5449.04,3.023,159.87,4
FSLR,2021-03-25,2021-04-12,2021-04-14,3-5%,-3.345,78.098,80.6393,tp_gap_filled,68.0828,5317.13,5317.13,5490.15,3.254,173.02,2
NCLH,2021-04-13,2021-04-15,2021-04-21,3-5%,-3.281,28.3283,29.2307,tp_gap_filled,187.9174,5323.38,5323.38,5492.96,3.186,169.58,4
MRNA,2021-02-22,2021-04-16,2021-04-22,3-5%,-3.972,167.9678,174.5653,tp_gap_filled,31.6838,5321.85,5321.85,5530.89,3.928,209.03,4
ABT,2021-04-20,2021-04-21,2021-04-22,3-5%,-3.236,120.6205,124.4055,tp_gap_filled,44.245,5336.85,5336.85,5504.32,3.138,167.47,1
MS,2021-03-29,2021-04-20,2021-04-23,3-5%,-3.726,77.077,79.9,tp_gap_filled,68.4816,5278.36,5278.36,5471.68,3.663,193.33,3
BIIB,2021-04-22,2021-04-23,2021-04-26,3-5%,-3.65,260.26,269.5802,tp_gap_filled,20.6008,5361.56,5361.56,5553.57,3.581,192.0,1
WY,2021-04-30,2021-05-03,2021-05-04,3-5%,-3.254,38.3883,39.6004,tp_gap_filled,139.0437,5337.66,5337.66,5506.18,3.157,168.52,1
COIN,2021-04-23,2021-05-04,2021-05-06,3-5%,-3.646,283.0327,250.6497,stop,18.8239,5327.78,5327.78,4718.2,-11.441,-609.57,2
WBD,2021-04-14,2021-04-22,2021-05-13,3-5%,-3.418,39.039,34.86,stop,137.0297,5349.5,5349.5,4776.85,-10.705,-572.65,15
AMAT,2021-05-11,2021-05-12,2021-05-14,3-5%,-3.761,120.12,124.5653,tp_gap_filled,43.3255,5204.25,5204.25,5396.85,3.701,192.6,2
COHR,2021-05-11,2021-05-13,2021-05-14,3-5%,-3.919,59.6396,61.948,tp_gap_filled,87.5245,5219.93,5219.93,5421.97,3.871,202.04,1
UAL,2021-04-13,2021-04-26,2021-05-17,3-5%,-3.116,54.4644,56.1038,tp_gap_filled,98.6849,5374.82,5374.82,5536.6,3.01,161.79,15
MRVL,2021-05-11,2021-05-12,2021-05-19,3-5%,-3.7,42.7227,44.2757,tp_gap_filled,121.5491,5192.9,5192.9,5381.67,3.635,188.77,5
SPG,2021-05-11,2021-05-12,2021-05-26,3-5%,-3.929,121.8918,126.6232,tp_gap_filled,42.7706,5213.39,5213.39,5415.76,3.882,202.37,10
APTV,2021-03-19,2021-03-22,2021-05-27,3-5%,-3.58,143.7136,148.7511,tp_gap_filled,36.6694,5269.9,5269.9,5454.62,3.505,184.72,47
VST,2021-04-26,2021-04-27,2021-06-07,3-5%,-3.774,16.8468,17.4725,tp_gap_filled,318.9813,5373.82,5373.82,5573.4,3.714,199.58,28
PFE,2021-05-06,2021-06-01,2021-06-10,3-5%,-3.728,38.5185,39.93,tp_gap_filled,139.3781,5368.63,5368.63,5565.37,3.665,196.74,7
KLAC,2021-04-30,2021-05-03,2021-06-15,3-5%,-3.472,31.5345,32.6034,tp_gap_filled,169.3746,5341.14,5341.14,5522.18,3.39,181.04,30
BSX,2021-05-26,2021-06-03,2021-06-16,3-5%,-3.509,41.5615,42.987,tp_gap_filled,129.2472,5371.71,5371.71,5555.95,3.43,184.24,9
IR,2021-04-29,2021-04-30,2021-06-18,3-5%,-3.138,50.3603,45.42,stop,106.5187,5364.31,5364.31,4838.07,-9.81,-526.24,34
BKR,2021-06-18,2021-06-21,2021-06-22,3-5%,-3.461,23.1731,23.956,tp_gap_filled,231.262,5359.07,5359.07,5540.12,3.378,181.05,1
EQT,2021-06-18,2021-06-21,2021-06-23,3-5%,-3.758,19.7397,20.4695,tp_gap_filled,271.0264,5349.98,5349.98,5547.78,3.697,197.79,2
EL,2021-05-03,2021-05-04,2021-06-25,3-5%,-3.636,302.6924,313.4862,tp_gap_filled,17.5939,5325.54,5325.54,5515.45,3.566,189.9,37
RL,2021-05-20,2021-05-27,2021-07-07,3-5%,-3.77,126.2361,111.2899,stop,42.4903,5363.8,5363.8,4728.74,-11.84,-635.07,27
UBER,2021-05-19,2021-07-08,2021-07-09,3-5%,-3.335,47.5775,49.1208,tp_gap_filled,112.5559,5355.13,5355.13,5528.84,3.244,173.71,1
CCL,2021-07-08,2021-07-13,2021-07-19,3-5%,-3.904,23.1631,20.32,stop,231.6698,5366.2,5366.2,4707.52,-12.275,-658.67,4
GNRC,2021-07-08,2021-07-19,2021-07-20,3-5%,-3.623,417.5071,432.3372,tp_gap_filled,12.6239,5270.58,5270.58,5457.79,3.552,187.21,1
COHR,2021-07-08,2021-07-15,2021-07-21,3-5%,-3.52,69.6796,72.0779,tp_gap_filled,76.9125,5359.23,5359.23,5543.69,3.442,184.45,4
BLDR,2021-07-08,2021-07-16,2021-07-21,3-5%,-3.79,41.4214,42.967,tp_gap_filled,128.6385,5328.38,5328.38,5527.21,3.731,198.82,3
TRGP,2021-07-19,2021-07-20,2021-07-21,3-5%,-3.775,39.8098,41.2887,tp_gap_filled,134.0262,5335.55,5335.55,5533.76,3.715,198.21,1
COP,2021-07-19,2021-07-20,2021-07-21,3-5%,-3.73,53.4834,55.4445,tp_gap_filled,99.9688,5346.68,5346.68,5542.72,3.667,196.05,1
DHI,2021-07-08,2021-07-09,2021-07-23,3-5%,-3.968,89.3893,92.897,tp_gap_filled,60.1555,5377.25,5377.25,5588.26,3.924,211.01,10
FSLR,2021-04-30,2021-07-16,2021-07-30,3-5%,-3.758,84.094,87.2027,tp_gap_filled,63.3285,5325.54,5325.54,5522.41,3.697,196.87,10
FTV,2021-04-30,2021-05-06,2021-08-02,3-5%,-3.173,54.6778,56.3566,tp_gap_filled,96.9618,5301.66,5301.66,5464.43,3.07,162.77,60
SCHW,2021-07-08,2021-07-19,2021-08-06,3-5%,-3.91,67.3973,69.9999,tp_gap_filled,78.2432,5273.38,5273.38,5477.02,3.862,203.64,14
CFG,2021-07-28,2021-07-29,2021-08-06,3-5%,-3.903,42.6326,44.2757,tp_gap_filled,125.842,5364.97,5364.97,5571.74,3.854,206.77,6
EOG,2021-07-15,2021-07-16,2021-08-10,3-5%,-3.666,76.8167,67.9799,stop,69.303,5323.63,5323.63,4711.21,-11.504,-612.42,17
WYNN,2021-07-19,2021-07-27,2021-08-19,3-5%,-3.983,100.6305,88.0199,stop,53.117,5345.19,5345.19,4675.35,-12.532,-669.84,17
WDC,2021-07-08,2021-07-15,2021-08-20,3-5%,-3.692,50.5191,44.6636,stop,106.0775,5358.94,5358.94,4737.8,-11.591,-621.14,26
VLO,2021-08-04,2021-08-05,2021-08-20,3-5%,-3.579,66.6065,59.1299,stop,80.9055,5388.83,5388.83,4783.94,-11.225,-604.9,11
NUE,2021-08-19,2021-08-20,2021-08-23,3-5%,-3.329,116.8667,120.6492,tp_gap_filled,44.9347,5251.37,5251.37,5421.33,3.237,169.96,1
DASH,2021-08-13,2021-08-19,2021-08-24,3-5%,-3.831,181.181,188.0218,tp_gap_filled,29.0475,5262.86,5262.86,5461.57,3.776,198.71,3
LUV,2021-07-19,2021-08-19,2021-08-24,3-5%,-3.747,48.088,49.8601,tp_gap_filled,109.4688,5264.14,5264.14,5458.12,3.685,193.98,3
MU,2021-08-12,2021-08-24,2021-08-25,3-5%,-3.798,72.2522,74.955,tp_gap_filled,73.2883,5295.24,5295.24,5493.32,3.741,198.08,1
TER,2021-07-28,2021-08-11,2021-08-30,3-5%,-3.467,119.2992,123.3365,tp_gap_filled,45.1624,5387.84,5387.84,5570.18,3.384,182.34,13
FDX,2021-06-25,2021-06-28,2021-09-08,3-5%,-3.606,236.1263,209.4196,stop,22.7815,5379.32,5379.32,4770.9,-11.31,-608.42,50
CASY,2021-06-09,2021-06-10,2021-09-09,3-5%,-3.949,206.4863,195.0348,time_exit,26.0031,5369.29,5369.29,5071.52,-5.546,-297.78,63
PPG,2021-09-07,2021-09-08,2021-09-10,3-5%,-3.964,149.6395,155.5043,tp_gap_filled,35.1035,5252.86,5252.86,5458.74,3.919,205.88,2
FCX,2021-08-16,2021-08-30,2021-09-17,3-5%,-3.307,36.8768,33.06,stop,144.2098,5318.0,5318.0,4767.57,-10.35,-550.43,13
HOOD,2021-08-31,2021-09-07,2021-09-22,3-5%,-3.689,42.072,43.5964,tp_gap_filled,125.51,5280.46,5280.46,5471.78,3.623,191.32,11
BKR,2021-09-20,2021-09-21,2021-09-22,3-5%,-3.843,23.043,23.9161,tp_gap_filled,224.7033,5177.84,5177.84,5374.02,3.789,196.17,1
GM,2021-09-20,2021-09-21,2021-09-23,3-5%,-3.663,49.4995,51.2787,tp_gap_filled,104.6033,5177.8,5177.8,5363.92,3.594,186.11,2
PLTR,2021-09-20,2021-09-22,2021-09-23,3-5%,-3.971,27.5976,28.6813,tp_gap_filled,189.2066,5221.64,5221.64,5426.69,3.927,205.05,1
APA,2021-09-20,2021-09-22,2021-09-23,3-5%,-3.774,19.3994,20.1199,tp_gap_filled,269.0837,5220.06,5220.06,5413.93,3.714,193.87,1
COIN,2021-09-08,2021-09-09,2021-09-27,3-5%,-3.677,257.257,227.5698,stop,20.4547,5262.12,5262.12,4654.87,-11.54,-607.24,12
KDP,2021-06-08,2021-07-01,2021-09-30,3-5%,-3.855,35.4554,34.1258,time_exit,151.9056,5385.88,5385.88,5183.91,-3.75,-201.97,63
BX,2021-09-20,2021-09-21,2021-10-04,3-5%,-3.794,128.6886,113.3499,stop,40.2527,5180.06,5180.06,4562.63,-11.919,-617.42,9
FIS,2021-08-03,2021-08-06,2021-10-06,3-5%,-3.551,134.3142,119.3599,stop,40.2378,5404.51,5404.51,4802.78,-11.134,-601.73,42
ROST,2021-08-20,2021-08-26,2021-10-06,3-5%,-3.713,122.0019,107.7799,stop,43.4458,5300.47,5300.47,4682.58,-11.657,-617.89,28
UHS,2021-09-08,2021-09-09,2021-10-06,3-5%,-3.527,150.0499,133.4598,stop,35.0634,5261.26,5261.26,4679.56,-11.056,-581.7,19
KKR,2021-09-20,2021-09-22,2021-10-11,3-5%,-3.7,64.084,66.4135,tp_gap_filled,81.6078,5229.75,5229.75,5419.86,3.635,190.11,13
HPQ,2021-09-29,2021-09-30,2021-10-15,3-5%,-3.534,27.5976,28.5514,tp_gap_filled,185.8255,5128.33,5128.33,5305.58,3.456,177.25,11
LRCX,2021-07-29,2021-08-11,2021-10-21,3-5%,-3.847,61.1181,53.7279,stop,88.1738,5389.01,5389.01,4737.4,-12.092,-651.61,50
WSM,2021-09-30,2021-10-18,2021-10-22,3-5%,-3.913,92.1721,95.7342,tp_gap_filled,55.8045,5143.62,5143.62,5342.4,3.865,198.78,4
FSLR,2021-10-20,2021-10-21,2021-10-25,3-5%,-3.943,104.114,108.1717,tp_gap_filled,49.3732,5140.44,5140.44,5340.78,3.897,200.34,2
KLAC,2021-09-28,2021-10-22,2021-10-28,3-5%,-3.674,35.2692,36.5414,tp_gap_filled,145.9573,5147.8,5147.8,5333.49,3.607,185.68,4
AMAT,2021-09-28,2021-10-22,2021-11-03,3-5%,-3.594,137.7476,142.5973,tp_gap_filled,37.3201,5140.75,5140.75,5321.74,3.521,180.99,8
SWK,2021-10-28,2021-10-29,2021-11-03,3-5%,-3.549,179.7996,186.0438,tp_gap_filled,28.5781,5138.34,5138.34,5316.79,3.473,178.45,3
VRSN,2021-07-23,2021-09-09,2021-11-05,3-5%,-3.768,224.9547,233.2965,tp_gap_filled,23.4078,5265.69,5265.69,5460.95,3.708,195.26,41
FOXA,2021-10-12,2021-10-27,2021-11-05,3-5%,-3.487,40.6726,42.0579,tp_gap_filled,125.4843,5103.78,5103.78,5277.61,3.406,173.83,7
FCX,2021-10-27,2021-10-28,2021-11-08,3-5%,-3.552,37.5075,38.8111,tp_gap_filled,137.0919,5141.97,5141.97,5320.69,3.476,178.72,7
SJM,2021-08-26,2021-08-27,2021-11-09,3-5%,-3.363,123.123,127.1527,tp_gap_filled,43.2268,5322.22,5322.22,5496.41,3.273,174.19,51
DHR,2021-11-05,2021-11-08,2021-11-11,3-5%,-3.601,261.7597,270.9965,tp_gap_filled,19.9728,5228.07,5228.07,5412.56,3.529,184.48,3
CL,2021-07-30,2021-08-17,2021-11-15,3-5%,-3.592,80.6005,78.2217,time_exit,66.0325,5322.25,5322.25,5165.17,-2.951,-157.08,63
ULTA,2021-10-19,2021-11-05,2021-11-15,3-5%,-3.807,391.2709,405.9437,tp_gap_filled,13.3651,5229.37,5229.37,5425.47,3.75,196.1,6
CVNA,2021-11-05,2021-11-10,2021-11-15,3-5%,-3.58,58.024,60.0579,tp_gap_filled,90.0962,5227.74,5227.74,5410.99,3.505,183.25,3
LUV,2021-10-11,2021-10-12,2021-11-18,3-5%,-3.579,52.042,46.2,stop,97.99,5099.6,5099.6,4527.14,-11.226,-572.46,27
PNR,2021-08-26,2021-09-08,2021-11-19,3-5%,-3.555,76.3162,78.971,tp_gap_filled,68.862,5255.29,5255.29,5438.09,3.479,182.81,52
OXY,2021-11-19,2021-11-22,2021-11-23,3-5%,-3.59,29.5695,30.6094,tp_gap_filled,176.7255,5225.69,5225.69,5409.45,3.517,183.76,1
APA,2021-11-19,2021-11-22,2021-11-23,3-5%,-3.553,26.6266,27.5524,tp_gap_filled,196.4045,5229.58,5229.58,5411.42,3.477,181.84,1
MDT,2021-10-18,2021-10-20,2021-11-30,3-5%,-3.671,123.1831,108.9899,stop,41.8278,5152.48,5152.48,4558.81,-11.522,-593.67,28
EMR,2021-08-04,2021-09-14,2021-12-01,3-5%,-3.42,97.7977,87.3199,stop,53.507,5232.86,5232.86,4672.23,-10.714,-560.64,55
WSM,2021-11-19,2021-11-23,2021-12-01,3-5%,-3.71,105.4904,93.2049,stop,49.6867,5241.47,5241.47,4631.05,-11.646,-610.42,5
CRWD,2021-11-23,2021-11-24,2021-12-01,3-5%,-3.605,57.8077,51.2699,stop,90.7677,5247.07,5247.07,4653.65,-11.31,-593.42,4
RL,2021-11-26,2021-11-29,2021-12-01,3-5%,-3.891,116.9368,121.4285,tp_gap_filled,44.5446,5208.91,5208.91,5408.99,3.841,200.08,2
STLD,2021-10-18,2021-11-30,2021-12-01,3-5%,-3.959,59.4894,61.8181,tp_gap_filled,86.0139,5116.92,5116.92,5317.22,3.914,200.3,1
CMCSA,2021-10-28,2021-11-30,2021-12-06,3-5%,-3.89,47.2825,49.098,tp_gap_filled,108.2484,5118.25,5118.25,5314.78,3.84,196.53,4
GM,2021-11-26,2021-11-29,2021-12-07,3-5%,-3.843,59.8598,62.1278,tp_gap_filled,87.0997,5213.77,5213.77,5411.31,3.789,197.54,6
PWR,2021-11-04,2021-12-01,2021-12-07,3-5%,-3.903,112.3723,116.7032,tp_gap_filled,45.1566,5074.35,5074.35,5269.92,3.854,195.57,4
TMO,2021-11-05,2021-12-06,2021-12-09,3-5%,-3.998,614.7942,639.1202,tp_gap_filled,8.3819,5153.16,5153.16,5357.06,3.957,203.9,3
LH,2021-12-09,2021-12-10,2021-12-13,3-5%,-3.713,245.7868,254.7536,tp_gap_filled,21.2052,5211.96,5211.96,5402.1,3.648,190.14,1
BX,2021-12-08,2021-12-09,2021-12-20,3-5%,-3.596,134.4543,119.2899,stop,38.7482,5209.87,5209.87,4622.27,-11.278,-587.59,7
VEEV,2021-12-16,2021-12-17,2021-12-21,3-5%,-3.78,253.7635,263.2065,tp_gap_filled,20.3077,5153.36,5153.36,5345.12,3.721,191.77,2
PTC,2021-12-14,2021-12-15,2021-12-22,3-5%,-3.901,117.8577,122.3975,tp_gap_filled,43.9228,5176.65,5176.65,5376.05,3.852,199.4,5
FTV,2021-10-29,2021-12-20,2021-12-23,3-5%,-3.675,54.4666,56.4318,tp_gap_filled,93.357,5084.84,5084.84,5268.31,3.608,183.47,3
LEN,2021-12-16,2021-12-21,2021-12-27,3-5%,-3.74,105.4878,109.3678,tp_gap_filled,48.8455,5152.6,5152.6,5342.12,3.678,189.52,3
EQIX,2021-11-04,2021-11-05,2021-12-28,3-5%,-3.566,808.808,837.0421,tp_gap_filled,6.466,5229.75,5229.75,5412.31,3.491,182.56,35
GM,2021-12-17,2021-12-22,2021-12-30,3-5%,-3.751,56.2562,58.3316,tp_gap_filled,91.9814,5174.52,5174.52,5365.42,3.689,190.9,5
WAB,2021-11-26,2021-11-29,2022-01-04,3-5%,-3.972,92.4524,96.0838,tp_gap_filled,56.3578,5210.41,5210.41,5415.08,3.928,204.66,25
NTRS,2021-11-26,2021-11-29,2022-01-04,3-5%,-3.836,119.6896,124.2157,tp_gap_filled,43.5608,5213.77,5213.77,5410.93,3.782,197.16,25
AXP,2021-11-26,2021-12-07,2022-01-04,3-5%,-3.799,165.2551,171.4384,tp_gap_filled,31.5583,5215.16,5215.16,5410.3,3.742,195.13,19
OMC,2021-10-20,2021-10-21,2022-01-05,3-5%,-3.884,73.5735,76.3935,tp_gap_filled,69.9411,5145.81,5145.81,5343.05,3.833,197.24,52
TFC,2021-11-26,2021-11-29,2022-01-05,3-5%,-3.896,60.5004,62.8271,tp_gap_filled,86.0573,5206.5,5206.5,5406.73,3.846,200.23,26
DDOG,2021-12-20,2022-01-03,2022-01-05,3-5%,-3.738,163.9638,144.7199,stop,32.0827,5260.4,5260.4,4643.0,-11.737,-617.4,2
INTU,2021-11-30,2021-12-01,2022-01-06,3-5%,-3.701,669.619,591.8195,stop,7.5717,5070.14,5070.14,4481.07,-11.618,-589.07,25
ROST,2021-11-19,2021-11-23,2022-01-10,3-5%,-3.715,115.1951,101.7599,stop,45.4962,5240.94,5240.94,4629.69,-11.663,-611.25,32
CRWD,2021-12-06,2022-01-04,2022-01-11,3-5%,-3.552,47.56,49.2132,tp_gap_filled,111.0536,5281.71,5281.71,5465.31,3.476,183.6,5
SYF,2021-11-26,2021-11-29,2022-01-12,3-5%,-3.958,47.8478,49.7202,tp_gap_filled,108.8966,5210.46,5210.46,5414.37,3.913,203.9,31
UHS,2022-01-11,2022-01-12,2022-01-13,3-5%,-3.658,128.128,132.7271,tp_gap_filled,41.0057,5253.98,5253.98,5442.57,3.589,188.59,1
DDOG,2022-01-05,2022-01-12,2022-01-13,3-5%,-3.366,152.6024,136.5199,stop,34.4424,5256.0,5256.0,4702.07,-10.539,-553.92,1
INCY,2021-09-22,2021-12-17,2022-01-18,3-5%,-3.865,73.1931,75.9839,tp_gap_filled,70.4222,5154.42,5154.42,5350.96,3.813,196.54,20
FTNT,2022-01-10,2022-01-14,2022-01-18,3-5%,-3.318,60.9048,62.8691,tp_gap_filled,85.8991,5231.67,5231.67,5400.39,3.225,168.72,1
DDOG,2022-01-18,2022-01-19,2022-01-20,3-5%,-3.847,133.093,138.1417,tp_gap_filled,39.3056,5231.3,5231.3,5429.75,3.793,198.44,1
NXPI,2021-11-26,2022-01-19,2022-01-24,3-5%,-3.579,213.3331,189.3898,stop,24.5016,5227.01,5227.01,4640.36,-11.223,-586.65,3
WST,2022-01-18,2022-01-21,2022-01-24,3-5%,-3.355,367.407,379.4002,tp_gap_filled,14.0991,5180.09,5180.09,5349.19,3.264,169.09,1
GLW,2022-01-14,2022-01-18,2022-01-26,3-5%,-3.282,36.8768,38.0519,tp_gap_filled,142.3196,5248.3,5248.3,5415.53,3.186,167.24,6
REG,2021-12-20,2022-01-24,2022-01-26,3-5%,-3.354,69.2192,71.4785,tp_gap_filled,75.0213,5192.91,5192.91,5362.41,3.264,169.5,2
APTV,2022-01-24,2022-01-25,2022-01-26,3-5%,-3.938,134.8047,140.0498,tp_gap_filled,38.3685,5172.26,5172.26,5373.5,3.891,201.25,1
XYZ,2022-01-24,2022-01-25,2022-01-26,3-5%,-3.895,113.6135,117.9819,tp_gap_filled,45.544,5174.41,5174.41,5373.37,3.845,198.95,1
GM,2022-01-24,2022-01-25,2022-01-26,3-5%,-3.529,51.4514,53.2267,tp_gap_filled,100.6436,5178.25,5178.25,5356.93,3.45,178.67,1
CDNS,2022-01-18,2022-01-19,2022-01-27,3-5%,-3.555,156.156,138.7499,stop,33.4543,5224.09,5224.09,4641.78,-11.147,-582.31,6
MA,2022-01-24,2022-01-25,2022-01-27,3-5%,-3.523,342.9126,354.7249,tp_gap_filled,15.1074,5180.51,5180.51,5358.97,3.445,178.45,2
NVDA,2022-01-25,2022-01-26,2022-01-27,3-5%,-3.534,22.5685,23.3486,tp_gap_filled,231.0779,5215.09,5215.09,5395.35,3.457,180.26,1
ODFL,2021-10-27,2022-01-14,2022-01-28,3-5%,-3.374,157.5424,140.8998,stop,33.2026,5230.81,5230.81,4678.24,-10.564,-552.58,9
ISRG,2022-01-25,2022-01-26,2022-01-28,3-5%,-3.802,261.9017,271.708,tp_gap_filled,19.9027,5212.55,5212.55,5407.72,3.744,195.17,2
WBD,2022-01-24,2022-01-26,2022-01-28,3-5%,-3.513,25.2953,26.1638,tp_gap_filled,206.2616,5217.44,5217.44,5396.59,3.434,179.15,2
MCHP,2022-01-25,2022-01-27,2022-01-31,3-5%,-3.714,72.1421,74.7751,tp_gap_filled,72.1243,5203.2,5203.2,5393.11,3.65,189.91,2
CVX,2022-01-28,2022-01-31,2022-02-01,3-5%,-3.967,130.13,135.2346,tp_gap_filled,40.4599,5265.05,5265.05,5471.58,3.923,206.53,1
ROL,2022-01-26,2022-01-27,2022-02-02,3-5%,-3.967,30.05,31.2287,tp_gap_filled,173.4629,5212.56,5212.56,5417.03,3.923,204.46,4
TTD,2022-01-18,2022-02-02,2022-02-03,3-5%,-3.511,72.8928,64.8699,stop,72.6014,5292.12,5292.12,4709.65,-11.006,-582.47,1
BSX,2022-02-02,2022-02-03,2022-02-07,3-5%,-3.931,41.8318,43.4565,tp_gap_filled,125.6024,5254.17,5254.17,5458.24,3.884,204.07,2
C,2022-01-14,2022-01-18,2022-02-08,3-5%,-3.57,65.4254,67.7122,tp_gap_filled,80.2258,5248.8,5248.8,5432.26,3.495,183.46,15
KR,2022-01-28,2022-01-31,2022-02-08,3-5%,-3.899,43.6736,45.3546,tp_gap_filled,120.6099,5267.47,5267.47,5470.22,3.849,202.74,6
LHX,2022-01-31,2022-02-01,2022-02-08,3-5%,-3.723,210.7405,218.4513,tp_gap_filled,25.0943,5288.39,5288.39,5481.88,3.659,193.5,5
MPWR,2022-02-03,2022-02-04,2022-02-09,3-5%,-3.802,399.1387,414.0855,tp_gap_filled,13.1612,5253.13,5253.13,5449.85,3.745,196.72,3
APTV,2022-02-03,2022-02-08,2022-02-10,3-5%,-3.777,134.6445,139.6502,tp_gap_filled,39.1748,5274.67,5274.67,5470.76,3.718,196.1,2
GDDY,2022-02-03,2022-02-04,2022-02-11,3-5%,-3.743,75.6856,78.4715,tp_gap_filled,69.4158,5253.78,5253.78,5447.16,3.681,193.38,5
MSCI,2022-02-08,2022-02-14,2022-02-15,3-5%,-3.908,529.4689,549.8996,tp_gap_filled,9.9132,5248.73,5248.73,5451.26,3.859,202.53,1
EXPD,2021-12-02,2022-01-18,2022-02-18,3-5%,-3.593,118.7086,105.3299,stop,44.1845,5245.09,5245.09,4653.95,-11.27,-591.13,23
QCOM,2022-02-03,2022-02-04,2022-02-24,3-5%,-3.932,180.9808,158.5999,stop,29.038,5255.33,5255.33,4605.43,-12.366,-649.9,13
TDG,2022-02-08,2022-02-24,2022-02-25,3-5%,-3.796,609.8092,632.6068,tp_gap_filled,8.5121,5190.75,5190.75,5384.8,3.738,194.05,1
CEG,2022-02-10,2022-02-17,2022-03-01,3-5%,-3.805,45.5555,47.2627,tp_gap_filled,115.3988,5257.05,5257.05,5454.06,3.747,197.01,7
ALLE,2022-02-15,2022-02-16,2022-03-02,3-5%,-3.997,113.7136,118.2117,tp_gap_filled,46.5739,5296.08,5296.08,5505.58,3.956,209.49,9
MCHP,2022-02-24,2022-03-01,2022-03-02,3-5%,-3.983,67.5675,70.2297,tp_gap_filled,76.9458,5199.04,5199.04,5403.88,3.94,204.85,1
RF,2022-02-24,2022-03-01,2022-03-02,3-5%,-3.843,22.5425,23.3966,tp_gap_filled,229.9176,5182.92,5182.92,5379.29,3.789,196.36,1
XEL,2022-01-28,2022-02-14,2022-03-03,3-5%,-3.655,66.4864,68.8711,tp_gap_filled,78.9705,5250.46,5250.46,5438.78,3.587,188.32,12
LLY,2022-01-12,2022-01-13,2022-03-04,3-5%,-3.591,253.1529,262.0577,tp_gap_filled,20.6824,5235.82,5235.82,5419.99,3.518,184.17,34
GM,2022-02-08,2022-02-11,2022-03-04,3-5%,-3.885,48.7887,42.83,stop,107.7298,5256.0,5256.0,4614.06,-12.213,-641.94,14
DECK,2022-02-10,2022-02-18,2022-03-04,3-5%,-3.685,49.7163,43.9666,stop,105.5981,5249.95,5249.95,4642.79,-11.565,-607.16,9
META,2022-02-16,2022-02-17,2022-03-08,3-5%,-3.887,212.6224,186.6398,stop,24.7534,5263.13,5263.13,4619.97,-12.22,-643.16,12
AMAT,2022-02-24,2022-03-07,2022-03-08,3-5%,-3.738,123.2031,127.7321,tp_gap_filled,41.7272,5140.92,5140.92,5329.9,3.676,188.98,1
APO,2022-02-24,2022-03-07,2022-03-09,3-5%,-3.736,59.8398,62.0379,tp_gap_filled,85.7725,5132.61,5132.61,5321.14,3.673,188.54,2
INCY,2022-02-08,2022-03-04,2022-03-10,3-5%,-3.708,70.7006,73.2766,tp_gap_filled,73.7229,5212.25,5212.25,5402.16,3.644,189.91,4
KEY,2022-03-04,2022-03-09,2022-03-14,3-5%,-3.56,23.3233,24.1358,tp_gap_filled,224.1378,5227.63,5227.63,5409.75,3.484,182.12,3
LIN,2022-02-22,2022-02-23,2022-03-16,3-5%,-3.85,291.4912,302.5571,tp_gap_filled,17.725,5166.67,5166.67,5362.82,3.796,196.14,15
NTRS,2022-02-24,2022-03-01,2022-03-16,3-5%,-3.863,109.3592,113.5264,tp_gap_filled,47.4599,5190.18,5190.18,5387.95,3.81,197.77,11
ISRG,2022-02-24,2022-03-14,2022-03-16,3-5%,-3.718,266.4862,276.2235,tp_gap_filled,19.5564,5211.51,5211.51,5401.94,3.654,190.43,2
MS,2022-02-24,2022-03-01,2022-03-17,3-5%,-3.955,89.9398,93.4565,tp_gap_filled,57.7815,5196.86,5196.86,5400.05,3.91,203.19,12
NOC,2022-03-16,2022-03-17,2022-03-21,3-5%,-3.885,430.8504,447.3722,tp_gap_filled,12.3701,5329.66,5329.66,5534.03,3.835,204.38,2
XOM,2022-03-15,2022-03-17,2022-03-21,3-5%,-3.737,78.8988,81.7981,tp_gap_filled,67.5345,5328.39,5328.39,5524.19,3.675,195.8,2
DVN,2022-03-11,2022-03-18,2022-03-21,3-5%,-3.781,58.3383,60.5094,tp_gap_filled,91.3481,5329.09,5329.09,5527.42,3.722,198.33,1
FDX,2022-03-18,2022-03-21,2022-03-22,3-5%,-3.5,177.4537,183.523,tp_gap_filled,30.248,5367.61,5367.61,5551.2,3.42,183.58,1
EXE,2022-03-09,2022-03-11,2022-03-23,3-5%,-3.723,79.4694,82.3775,tp_gap_filled,65.217,5182.76,5182.76,5372.42,3.659,189.66,8
MSI,2022-02-10,2022-03-17,2022-03-29,3-5%,-3.706,229.8897,238.2615,tp_gap_filled,23.1792,5328.66,5328.66,5522.72,3.642,194.05,8
PPL,2022-02-18,2022-03-22,2022-03-29,3-5%,-3.696,27.1271,28.1119,tp_gap_filled,198.6222,5388.04,5388.04,5583.64,3.63,195.6,5
GE,2022-03-10,2022-04-07,2022-04-11,3-5%,-3.814,54.7369,56.7934,tp_gap_filled,96.8237,5299.83,5299.83,5498.95,3.757,199.12,2
BBY,2022-03-31,2022-04-04,2022-04-12,3-5%,-3.671,92.9829,96.3336,tp_gap_filled,57.6282,5358.44,5358.44,5551.53,3.604,193.09,6
DASH,2022-03-21,2022-04-11,2022-04-12,3-5%,-3.775,103.3432,107.1827,tp_gap_filled,51.5199,5324.23,5324.23,5522.04,3.715,197.81,1
JPM,2022-02-24,2022-02-28,2022-04-14,3-5%,-3.867,143.0829,125.6899,stop,36.7739,5261.72,5261.72,4622.11,-12.156,-639.61,33
BAC,2022-02-24,2022-03-01,2022-04-14,3-5%,-3.975,43.043,37.66,stop,120.8168,5200.32,5200.32,4549.96,-12.506,-650.36,32
UAL,2022-02-28,2022-04-05,2022-04-14,3-5%,-3.795,44.1541,45.8041,tp_gap_filled,120.584,5324.28,5324.28,5523.25,3.737,198.97,7
SYK,2022-04-06,2022-04-18,2022-04-19,3-5%,-3.918,258.238,268.2315,tp_gap_filled,20.6351,5328.78,5328.78,5535.0,3.87,206.22,1
CRH,2022-03-10,2022-03-30,2022-04-20,3-5%,-3.52,40.8808,42.2877,tp_gap_filled,131.9097,5392.58,5392.58,5578.15,3.441,185.57,14
BLDR,2022-02-24,2022-04-01,2022-04-21,3-5%,-3.738,64.1941,66.5534,tp_gap_filled,83.4662,5358.04,5358.04,5554.96,3.675,196.92,13
STX,2022-04-14,2022-04-25,2022-04-27,3-5%,-3.472,81.2612,84.0159,tp_gap_filled,65.8191,5348.54,5348.54,5529.85,3.39,181.31,2
COP,2022-03-15,2022-04-25,2022-04-28,3-5%,-3.822,92.9529,96.4535,tp_gap_filled,57.5804,5352.26,5352.26,5553.83,3.766,201.57,3
MLM,2022-02-24,2022-04-25,2022-04-28,3-5%,-3.451,353.1328,365.0246,tp_gap_filled,15.1424,5347.29,5347.29,5527.36,3.368,180.07,3
FANG,2022-04-25,2022-04-26,2022-04-28,3-5%,-3.728,125.3752,129.9699,tp_gap_filled,42.2987,5303.2,5303.2,5497.55,3.665,194.35,2
BKR,2022-04-25,2022-04-27,2022-04-28,3-5%,-3.789,31.011,32.1678,tp_gap_filled,172.0018,5333.94,5333.94,5532.92,3.73,198.98,1
DVN,2022-04-25,2022-04-27,2022-04-28,3-5%,-3.582,56.046,58.0119,tp_gap_filled,95.2121,5336.26,5336.26,5523.44,3.508,187.18,1
EXE,2022-03-29,2022-04-25,2022-05-03,3-5%,-3.991,84.5244,87.862,tp_gap_filled,63.3383,5353.64,5353.64,5565.04,3.949,211.4,6
HAL,2022-03-29,2022-04-25,2022-05-04,3-5%,-3.457,36.066,37.2827,tp_gap_filled,148.4152,5352.75,5352.75,5533.32,3.373,180.57,7
SLB,2022-04-25,2022-04-26,2022-05-04,3-5%,-3.962,40.04,41.6084,tp_gap_filled,132.5304,5306.52,5306.52,5514.37,3.917,207.85,6
AMP,2022-04-26,2022-04-28,2022-05-04,3-5%,-3.901,270.27,280.679,tp_gap_filled,20.0196,5410.7,5410.7,5619.08,3.851,208.38,4
GOOGL,2022-04-27,2022-04-28,2022-05-04,3-5%,-3.523,114.584,118.5314,tp_gap_filled,47.2435,5413.34,5413.34,5599.83,3.445,186.49,4
AME,2022-02-03,2022-02-04,2022-05-06,3-5%,-3.677,134.7846,119.2299,stop,38.9987,5256.43,5256.43,4649.82,-11.54,-606.62,63
DASH,2022-05-04,2022-05-05,2022-05-06,3-5%,-3.511,76.4764,68.0599,stop,71.0812,5436.03,5436.03,4837.78,-11.005,-598.25,1
IVZ,2022-04-26,2022-05-04,2022-05-09,3-5%,-3.848,20.01,17.59,stop,275.3832,5510.42,5510.42,4843.98,-12.094,-666.43,3
TTD,2022-05-09,2022-05-10,2022-05-11,3-5%,-3.925,47.047,41.24,stop,114.008,5363.73,5363.73,4701.68,-12.343,-662.05,1
CVS,2022-02-09,2022-02-10,2022-05-12,3-5%,-3.943,106.5665,98.1518,time_exit,49.5429,5279.61,5279.61,4862.72,-7.896,-416.89,63
PSKY,2022-02-24,2022-05-09,2022-05-13,3-5%,-3.697,27.3774,28.3716,tp_gap_filled,195.5203,5352.83,5352.83,5547.22,3.632,194.4,4
LRCX,2022-05-09,2022-05-10,2022-05-13,3-5%,-3.82,46.042,47.7752,tp_gap_filled,116.0883,5344.94,5344.94,5546.14,3.764,201.2,3
TTD,2022-05-11,2022-05-12,2022-05-13,3-5%,-3.749,42.1521,43.7062,tp_gap_filled,125.5033,5290.23,5290.23,5485.28,3.687,195.05,1
PODD,2022-05-09,2022-05-10,2022-05-16,3-5%,-3.775,198.0078,205.3644,tp_gap_filled,26.9898,5344.18,5344.18,5542.74,3.715,198.55,4
HPQ,2022-03-28,2022-04-08,2022-05-20,3-5%,-3.715,38.3984,33.92,stop,138.6158,5322.62,5322.62,4701.84,-11.663,-620.78,29
EIX,2022-05-12,2022-05-16,2022-05-25,3-5%,-3.464,66.1161,68.3516,tp_gap_filled,81.1648,5366.3,5366.3,5547.74,3.381,181.45,7
DECK,2022-05-18,2022-05-24,2022-05-25,3-5%,-3.767,39.2058,40.6593,tp_gap_filled,136.4019,5347.75,5347.75,5546.01,3.707,198.26,1
CMCSA,2022-04-28,2022-05-17,2022-05-26,3-5%,-3.87,40.0869,41.6172,tp_gap_filled,134.9638,5410.28,5410.28,5616.81,3.817,206.53,7
NSC,2022-05-19,2022-05-20,2022-05-26,3-5%,-3.662,229.0989,237.3324,tp_gap_filled,23.2232,5320.4,5320.4,5511.61,3.594,191.21,4
AXON,2022-05-23,2022-05-25,2022-05-26,3-5%,-3.652,95.8658,99.3006,tp_gap_filled,56.0238,5370.77,5370.77,5563.2,3.583,192.43,1
CARR,2022-05-18,2022-05-26,2022-05-27,3-5%,-3.559,38.7887,40.1398,tp_gap_filled,139.4949,5410.83,5410.83,5599.3,3.483,188.47,1
CRWD,2022-05-09,2022-05-26,2022-05-27,3-5%,-3.519,39.7923,41.1613,tp_gap_filled,136.0719,5414.61,5414.61,5600.9,3.44,186.29,1
ACGL,2022-04-28,2022-04-29,2022-05-31,3-5%,-3.86,46.1261,47.8821,tp_gap_filled,116.1233,5356.31,5356.31,5560.22,3.807,203.91,21
DHI,2022-05-05,2022-05-26,2022-06-01,3-5%,-3.652,72.8828,75.4944,tp_gap_filled,74.2413,5410.92,5410.92,5604.81,3.583,193.89,3
DG,2022-05-17,2022-05-26,2022-06-07,3-5%,-3.442,226.3361,233.9358,tp_gap_filled,23.8978,5408.94,5408.94,5590.56,3.358,181.62,7
INTC,2022-04-29,2022-05-02,2022-06-10,3-5%,-3.95,45.035,39.44,stop,119.5043,5381.88,5381.88,4713.25,-12.424,-668.63,28
DAL,2022-05-31,2022-06-01,2022-06-10,3-5%,-3.599,40.7507,36.15,stop,133.3553,5434.32,5434.32,4820.79,-11.29,-613.53,7
BNY,2022-04-18,2022-04-22,2022-06-14,3-5%,-3.574,45.6456,40.53,stop,117.3586,5356.9,5356.9,4756.54,-11.207,-600.37,36
GOOGL,2022-06-13,2022-06-14,2022-06-15,3-5%,-3.936,106.8933,111.0503,tp_gap_filled,49.9153,5335.61,5335.61,5543.11,3.889,207.5,1
SNPS,2022-06-13,2022-06-14,2022-06-15,3-5%,-3.861,293.8936,305.0846,tp_gap_filled,18.1384,5330.76,5330.76,5533.75,3.808,202.99,1
FANG,2022-06-13,2022-06-14,2022-06-17,3-5%,-3.859,149.6395,131.4899,stop,35.6317,5331.91,5331.91,4685.21,-12.129,-646.7,3
URI,2022-06-13,2022-06-15,2022-06-17,3-5%,-3.797,269.8496,237.6597,stop,19.8603,5359.3,5359.3,4720.0,-11.929,-639.3,2
HON,2022-02-03,2022-04-21,2022-06-22,3-5%,-3.561,198.0502,175.9378,stop,27.2607,5398.99,5398.99,4796.19,-11.165,-602.8,42
NOW,2022-06-16,2022-06-17,2022-06-22,3-5%,-3.919,89.6275,93.0968,tp_gap_filled,58.0656,5204.28,5204.28,5405.72,3.871,201.45,2
ANET,2022-06-13,2022-06-14,2022-06-23,3-5%,-3.928,22.8303,23.7163,tp_gap_filled,233.6877,5335.16,5335.16,5542.2,3.881,207.04,6
FICO,2022-06-13,2022-06-14,2022-06-23,3-5%,-3.87,386.6463,401.4082,tp_gap_filled,13.8106,5339.8,5339.8,5543.67,3.818,203.87,6
LULU,2022-06-13,2022-06-14,2022-06-24,3-5%,-3.834,280.7004,291.3084,tp_gap_filled,18.995,5331.89,5331.89,5533.39,3.779,201.5,7
ADSK,2022-06-13,2022-06-15,2022-06-24,3-5%,-3.993,179.7896,186.8929,tp_gap_filled,29.8545,5367.54,5367.54,5579.6,3.951,212.07,6
ALGN,2022-06-13,2022-06-15,2022-06-24,3-5%,-3.956,247.1369,256.8029,tp_gap_filled,21.7003,5362.94,5362.94,5572.7,3.911,209.76,6
GM,2022-06-16,2022-06-21,2022-06-24,3-5%,-3.891,32.8828,34.1458,tp_gap_filled,159.537,5246.03,5246.03,5447.52,3.841,201.49,3
EXE,2022-06-22,2022-06-23,2022-06-24,3-5%,-3.986,80.3002,83.4665,tp_gap_filled,66.3155,5325.15,5325.15,5535.12,3.943,209.97,1
CNC,2022-05-26,2022-05-31,2022-06-28,3-5%,-3.892,82.072,85.2247,tp_gap_filled,66.3748,5447.51,5447.51,5656.77,3.841,209.26,19
F,2022-06-16,2022-06-24,2022-06-28,3-5%,-3.83,11.8118,12.2577,tp_gap_filled,455.4868,5380.12,5380.12,5583.23,3.775,203.12,2
LEN,2022-06-13,2022-06-24,2022-07-01,3-5%,-3.788,69.4111,71.9996,tp_gap_filled,77.6055,5386.68,5386.68,5587.56,3.729,200.88,5
TPL,2022-06-22,2022-06-30,2022-07-07,3-5%,-3.898,164.8792,171.2242,tp_gap_filled,32.344,5332.84,5332.84,5538.07,3.848,205.22,4
APTV,2022-07-05,2022-07-06,2022-07-07,3-5%,-3.882,87.9879,91.3585,tp_gap_filled,60.7074,5341.51,5341.51,5546.14,3.831,204.62,1
STT,2022-06-30,2022-07-01,2022-07-08,3-5%,-3.699,61.7717,64.0159,tp_gap_filled,86.9344,5370.09,5370.09,5565.19,3.633,195.1,4
NCLH,2022-07-13,2022-07-14,2022-07-15,3-5%,-3.966,11.1511,11.5884,tp_gap_filled,479.8388,5350.75,5350.75,5560.56,3.921,209.81,1
DASH,2022-07-13,2022-07-14,2022-07-15,3-5%,-3.908,68.4183,71.0589,tp_gap_filled,78.2165,5351.44,5351.44,5557.97,3.859,206.53,1
WFC,2022-06-10,2022-06-24,2022-07-18,3-5%,-3.843,41.071,42.6273,tp_gap_filled,131.0451,5382.16,5382.16,5586.1,3.789,203.95,15
UHS,2022-07-06,2022-07-12,2022-07-18,3-5%,-3.718,101.101,104.7951,tp_gap_filled,53.2362,5382.24,5382.24,5578.9,3.654,196.66,4
OTIS,2022-07-07,2022-07-12,2022-07-19,3-5%,-3.663,68.7187,71.1887,tp_gap_filled,78.351,5384.18,5384.18,5577.71,3.594,193.53,5
MSCI,2022-06-01,2022-06-24,2022-07-21,3-5%,-3.9,425.5251,441.9077,tp_gap_filled,12.6386,5378.03,5378.03,5585.08,3.85,207.05,18
STLD,2022-06-22,2022-06-24,2022-07-21,3-5%,-3.761,68.1381,70.6593,tp_gap_filled,79.068,5387.54,5387.54,5586.89,3.7,199.35,18
GNRC,2022-06-16,2022-07-20,2022-07-21,3-5%,-3.677,239.6394,248.2915,tp_gap_filled,23.0251,5517.71,5517.71,5716.93,3.61,199.21,1
OXY,2022-06-13,2022-06-14,2022-07-25,3-5%,-3.914,61.4314,63.8061,tp_gap_filled,86.8765,5336.94,5336.94,5543.25,3.866,206.31,27
ON,2022-06-10,2022-07-20,2022-07-27,3-5%,-3.687,60.4103,62.5973,tp_gap_filled,91.3614,5519.18,5519.18,5718.98,3.62,199.81,5
DOW,2022-07-21,2022-07-22,2022-07-28,3-5%,-3.768,50.6206,52.4974,tp_gap_filled,108.4545,5490.03,5490.03,5693.59,3.708,203.56,4
BBY,2022-07-26,2022-07-27,2022-07-28,3-5%,-3.732,73.083,75.7642,tp_gap_filled,75.9904,5553.61,5553.61,5757.35,3.669,203.74,1
DD,2022-06-16,2022-06-24,2022-07-29,3-5%,-3.811,72.939,75.6774,tp_gap_filled,73.8238,5384.63,5384.63,5586.79,3.754,202.16,24
AMD,2022-06-13,2022-07-21,2022-08-01,3-5%,-3.754,91.3513,94.7252,tp_gap_filled,60.507,5527.39,5527.39,5731.54,3.693,204.15,7
MU,2022-07-22,2022-07-25,2022-08-01,3-5%,-3.693,61.3513,63.5764,tp_gap_filled,89.874,5513.89,5513.89,5713.86,3.627,199.98,5
NOW,2022-07-28,2022-07-29,2022-08-01,3-5%,-3.872,86.3322,89.6303,tp_gap_filled,64.8585,5599.38,5599.38,5813.29,3.82,213.91,1
TJX,2022-07-26,2022-07-27,2022-08-03,3-5%,-3.666,61.031,63.2267,tp_gap_filled,91.0841,5558.95,5558.95,5758.95,3.598,200.0,5
ON,2022-08-01,2022-08-02,2022-08-03,3-5%,-3.774,64.3243,66.7132,tp_gap_filled,86.9861,5595.32,5595.32,5803.12,3.714,207.81,1
RL,2022-06-13,2022-06-14,2022-08-05,3-5%,-3.868,96.0259,99.6902,tp_gap_filled,55.5559,5334.8,5334.8,5538.38,3.816,203.57,36
PSA,2022-07-29,2022-08-01,2022-08-08,3-5%,-3.812,324.5742,336.7629,tp_gap_filled,17.285,5610.26,5610.26,5820.94,3.755,210.68,5
ECHO,2022-08-04,2022-08-05,2022-08-08,3-5%,-3.612,19.7697,20.4695,tp_gap_filled,284.2269,5619.09,5619.09,5817.98,3.54,198.89,1
KHC,2022-07-27,2022-07-28,2022-08-10,3-5%,-3.856,37.1872,38.6014,tp_gap_filled,150.0795,5581.03,5581.03,5793.27,3.803,212.24,9
LYB,2022-06-22,2022-06-24,2022-08-11,3-5%,-3.947,87.6876,91.1088,tp_gap_filled,61.2774,5373.27,5373.27,5582.91,3.902,209.64,33
KKR,2022-08-02,2022-08-03,2022-08-11,3-5%,-3.89,53.4234,55.4745,tp_gap_filled,105.3694,5629.19,5629.19,5845.31,3.839,216.12,6
CAT,2022-08-02,2022-08-08,2022-08-11,3-5%,-3.52,188.188,194.6651,tp_gap_filled,29.9753,5641.0,5641.0,5835.15,3.442,194.15,3
TTWO,2022-08-09,2022-08-11,2022-08-15,3-5%,-3.474,121.2712,125.3845,tp_gap_filled,46.9217,5690.25,5690.25,5883.25,3.392,193.0,2
MRNA,2022-08-09,2022-08-10,2022-08-18,3-5%,-3.788,176.186,155.2198,stop,32.2108,5675.1,5675.1,4999.76,-11.9,-675.34,6
OXY,2022-08-15,2022-08-16,2022-08-19,3-5%,-3.53,63.4734,65.6643,tp_gap_filled,89.665,5691.34,5691.34,5887.79,3.452,196.44,3
COP,2022-06-16,2022-08-18,2022-08-23,3-5%,-3.951,105.115,109.2207,tp_gap_filled,54.0016,5676.38,5676.38,5898.09,3.906,221.71,3
APP,2022-08-22,2022-08-23,2022-08-24,3-5%,-3.75,25.9459,26.9031,tp_gap_filled,219.3354,5690.86,5690.86,5900.79,3.689,209.94,1
BKR,2022-07-14,2022-07-20,2022-08-25,3-5%,-3.812,25.7657,26.7332,tp_gap_filled,214.1543,5517.84,5517.84,5725.04,3.755,207.19,26
DDOG,2022-08-05,2022-08-19,2022-08-25,3-5%,-3.883,106.3062,110.3795,tp_gap_filled,53.4474,5681.78,5681.78,5899.49,3.832,217.71,4
GNRC,2022-08-22,2022-08-24,2022-08-31,3-5%,-3.519,247.247,219.9698,stop,23.0935,5709.8,5709.8,5079.87,-11.032,-629.93,5
DASH,2022-08-19,2022-08-22,2022-09-01,3-5%,-3.643,64.3343,56.9799,stop,88.154,5671.32,5671.32,5023.01,-11.431,-648.31,8
ABNB,2022-08-22,2022-09-01,2022-09-02,3-5%,-3.834,110.4704,114.6452,tp_gap_filled,51.2883,5665.84,5665.84,5879.96,3.779,214.12,1
GM,2022-08-22,2022-08-31,2022-09-07,3-5%,-3.678,38.2782,39.6603,tp_gap_filled,148.0912,5668.67,5668.67,5873.34,3.611,204.67,4
IR,2022-08-04,2022-09-01,2022-09-09,3-5%,-3.448,48.2182,49.8401,tp_gap_filled,117.6142,5671.14,5671.14,5861.91,3.364,190.76,5
VLO,2022-08-15,2022-09-01,2022-09-12,3-5%,-3.672,111.071,115.0748,tp_gap_filled,51.0686,5672.24,5672.24,5876.71,3.605,204.47,6
NFLX,2022-08-22,2022-08-24,2022-09-15,3-5%,-3.57,23.2783,24.0919,tp_gap_filled,245.452,5713.69,5713.69,5913.4,3.495,199.71,15
TSLA,2022-09-13,2022-09-14,2022-09-15,3-5%,-3.784,293.1929,304.1156,tp_gap_filled,19.4112,5691.23,5691.23,5903.25,3.725,212.02,1
UAL,2022-09-13,2022-09-14,2022-09-15,3-5%,-3.774,37.7777,39.1808,tp_gap_filled,150.8922,5700.37,5700.37,5912.07,3.714,211.71,1
SMCI,2022-09-13,2022-09-14,2022-09-19,3-5%,-3.99,6.4064,5.602,stop,888.3495,5691.12,5691.12,4976.53,-12.556,-714.59,3
DDOG,2022-09-16,2022-09-19,2022-09-21,3-5%,-3.775,91.8518,95.2646,tp_gap_filled,61.8283,5679.04,5679.04,5890.05,3.716,211.01,2
OXY,2022-08-22,2022-09-01,2022-09-23,3-5%,-3.773,68.6686,60.5299,stop,82.6193,5673.35,5673.35,5000.94,-11.852,-672.41,15
KKR,2022-09-13,2022-09-15,2022-09-23,3-5%,-3.967,50.6406,44.32,stop,112.9794,5721.35,5721.35,5007.24,-12.481,-714.1,6
PSKY,2022-09-13,2022-09-15,2022-09-23,3-5%,-3.586,23.4134,20.78,stop,244.1207,5715.69,5715.69,5072.82,-11.247,-642.87,6
AMAT,2022-07-05,2022-09-23,2022-09-28,3-5%,-3.512,83.3232,86.1837,tp_gap_filled,65.9949,5498.91,5498.91,5687.69,3.433,188.78,3
SWKS,2022-09-13,2022-09-14,2022-09-29,3-5%,-3.667,99.9198,88.4199,stop,57.0986,5705.29,5705.29,5048.66,-11.509,-656.63,11
OXY,2022-09-23,2022-09-28,2022-09-29,3-5%,-3.539,59.7497,61.8181,tp_gap_filled,92.4719,5525.17,5525.17,5716.44,3.462,191.27,1
DECK,2022-09-13,2022-09-15,2022-09-30,3-5%,-3.973,57.3006,50.1383,stop,99.9134,5725.1,5725.1,5009.49,-12.5,-715.61,11
LRCX,2022-07-05,2022-09-23,2022-10-03,3-5%,-3.84,38.005,39.4435,tp_gap_filled,144.6795,5498.54,5498.54,5706.67,3.785,208.13,6
FERG,2022-07-05,2022-09-27,2022-10-04,3-5%,-3.896,105.6856,109.7501,tp_gap_filled,51.7708,5471.43,5471.43,5681.86,3.846,210.43,5
TRGP,2022-09-23,2022-10-03,2022-10-04,3-5%,-3.606,63.1531,65.3845,tp_gap_filled,87.0537,5497.71,5497.71,5691.97,3.533,194.26,1
CCL,2022-10-05,2022-10-06,2022-10-07,3-5%,-3.737,7.4775,6.6,stop,740.4427,5536.64,5536.64,4886.92,-11.735,-649.72,1
MOS,2022-09-23,2022-10-04,2022-10-10,3-5%,-3.503,50.7307,52.4675,tp_gap_filled,110.1265,5586.79,5586.79,5778.06,3.424,191.27,4
TER,2022-09-13,2022-09-14,2022-10-11,3-5%,-3.937,84.0239,73.6199,stop,67.7489,5692.53,5692.53,4987.67,-12.382,-704.86,19
NEE,2022-09-15,2022-09-16,2022-10-12,3-5%,-3.87,85.5254,75.1199,stop,66.426,5681.12,5681.12,4989.92,-12.167,-691.2,18
ODFL,2022-10-05,2022-10-07,2022-10-12,3-5%,-3.676,131.6916,136.4434,tp_gap_filled,41.288,5437.28,5437.28,5633.48,3.608,196.19,3
RCL,2022-10-05,2022-10-10,2022-10-12,3-5%,-3.945,42.1621,43.8061,tp_gap_filled,128.7515,5428.44,5428.44,5640.11,3.899,211.67,2
AMGN,2022-09-12,2022-10-11,2022-10-12,3-5%,-3.912,238.238,247.4423,tp_gap_filled,22.6477,5395.55,5395.55,5604.0,3.863,208.46,1
UPS,2022-09-16,2022-09-19,2022-10-13,3-5%,-3.962,177.8477,155.6798,stop,31.9081,5674.79,5674.79,4967.45,-12.465,-707.33,18
FCX,2022-10-13,2022-10-14,2022-10-17,3-5%,-3.988,27.7177,28.8112,tp_gap_filled,194.0998,5380.0,5380.0,5592.24,3.945,212.24,1
WYNN,2022-10-13,2022-10-14,2022-10-18,3-5%,-3.815,56.5265,58.6513,tp_gap_filled,95.1633,5379.24,5379.24,5581.45,3.759,202.2,2
ALGN,2022-10-13,2022-10-20,2022-10-21,3-5%,-3.86,200.22,207.842,tp_gap_filled,26.859,5377.71,5377.71,5582.43,3.807,204.72,1
GM,2022-09-29,2022-10-04,2022-10-24,3-5%,-3.518,34.044,35.2148,tp_gap_filled,163.6829,5572.42,5572.42,5764.05,3.439,191.63,14
INTC,2022-10-07,2022-10-13,2022-10-24,3-5%,-3.716,26.1962,27.1528,tp_gap_filled,206.9889,5422.32,5422.32,5620.33,3.652,198.02,7
DELL,2022-10-07,2022-10-21,2022-10-24,3-5%,-3.815,36.086,37.4425,tp_gap_filled,151.0684,5451.46,5451.46,5656.38,3.759,204.92,1
TTD,2022-10-21,2022-10-24,2022-10-25,3-5%,-3.877,54.3443,56.4235,tp_gap_filled,101.0154,5489.61,5489.61,5699.65,3.826,210.03,1
CRL,2022-09-13,2022-10-05,2022-10-26,3-5%,-3.98,214.6745,223.1267,tp_gap_filled,25.9338,5567.32,5567.32,5786.52,3.937,219.2,15
TFC,2022-10-18,2022-10-19,2022-10-26,3-5%,-3.759,42.8028,44.3856,tp_gap_filled,126.4413,5412.04,5412.04,5612.17,3.698,200.13,5
BLDR,2022-10-13,2022-10-14,2022-10-27,3-5%,-3.757,60.5205,62.7572,tp_gap_filled,88.8692,5378.4,5378.4,5577.18,3.696,198.78,9
CRH,2022-09-20,2022-09-21,2022-10-28,3-5%,-3.853,34.7247,36.0439,tp_gap_filled,160.9975,5590.59,5590.59,5802.98,3.799,212.39,27
URI,2022-09-13,2022-10-26,2022-10-31,3-5%,-3.826,301.7114,313.0866,tp_gap_filled,18.4671,5571.73,5571.73,5781.79,3.77,210.07,3
DECK,2022-10-28,2022-11-02,2022-11-03,3-5%,-3.665,57.8478,59.9283,tp_gap_filled,96.4695,5580.55,5580.55,5781.26,3.597,200.71,1
TECH,2022-11-01,2022-11-03,2022-11-04,3-5%,-3.568,71.4939,73.9909,tp_gap_filled,77.8545,5566.12,5566.12,5760.53,3.493,194.4,1
FTNT,2022-10-13,2022-11-03,2022-11-07,3-5%,-3.63,46.5065,48.1618,tp_gap_filled,119.7592,5569.57,5569.57,5767.82,3.559,198.24,2
DASH,2022-10-07,2022-11-04,2022-11-07,3-5%,-3.586,51.1411,52.937,tp_gap_filled,109.5105,5600.49,5600.49,5797.16,3.512,196.67,1
UNP,2022-10-20,2022-10-24,2022-11-08,3-5%,-3.754,192.7426,199.8599,tp_gap_filled,28.5163,5496.31,5496.31,5699.27,3.693,202.96,11
INTU,2022-10-13,2022-11-03,2022-11-08,3-5%,-3.85,373.4931,387.6719,tp_gap_filled,14.9291,5575.92,5575.92,5787.6,3.796,211.68,3
CDNS,2022-10-13,2022-11-04,2022-11-08,3-5%,-3.785,142.5124,147.822,tp_gap_filled,39.2997,5600.69,5600.69,5809.36,3.726,208.67,2
PHM,2022-09-13,2022-09-19,2022-11-10,3-5%,-3.822,40.5605,42.0879,tp_gap_filled,139.995,5678.27,5678.27,5892.09,3.766,213.82,38
MU,2022-09-13,2022-10-13,2022-11-10,3-5%,-3.866,55.7557,57.8821,tp_gap_filled,97.3295,5426.67,5426.67,5633.63,3.814,206.96,20
WDAY,2022-10-13,2022-11-04,2022-11-10,3-5%,-3.912,138.4383,143.7861,tp_gap_filled,40.5413,5612.46,5612.46,5829.27,3.863,216.8,4
ABT,2022-10-19,2022-11-02,2022-11-11,3-5%,-3.791,101.101,104.875,tp_gap_filled,55.2814,5589.01,5589.01,5797.64,3.733,208.63,7
PPG,2022-09-13,2022-11-11,2022-11-15,3-5%,-3.276,127.3973,131.4484,tp_gap_filled,45.0077,5733.85,5733.85,5916.19,3.18,182.33,2
EIX,2022-07-14,2022-09-29,2022-11-21,3-5%,-3.746,59.9299,62.1378,tp_gap_filled,91.288,5470.88,5470.88,5672.43,3.684,201.56,37
OXY,2022-11-18,2022-11-21,2022-11-22,3-5%,-3.387,69.109,71.3885,tp_gap_filled,82.6799,5713.93,5713.93,5902.4,3.298,188.47,1
TPR,2022-09-13,2022-11-11,2022-11-23,3-5%,-3.491,35.1451,36.3436,tp_gap_filled,163.0958,5732.02,5732.02,5927.49,3.41,195.47,8
KLAC,2022-11-16,2022-11-17,2022-11-23,3-5%,-3.569,37.2162,38.5164,tp_gap_filled,153.7304,5721.26,5721.26,5921.15,3.494,199.89,4
AMD,2022-11-16,2022-11-17,2022-11-23,3-5%,-3.549,73.7337,76.2936,tp_gap_filled,77.6335,5724.2,5724.2,5922.94,3.472,198.74,4
COIN,2022-11-21,2022-11-22,2022-11-23,3-5%,-3.668,43.6436,45.2147,tp_gap_filled,132.0755,5764.25,5764.25,5971.76,3.6,207.51,1
RCL,2022-11-16,2022-11-17,2022-12-01,3-5%,-3.642,58.5285,60.6193,tp_gap_filled,97.8118,5724.77,5724.77,5929.28,3.572,204.51,9
MRVL,2022-10-07,2022-11-15,2022-12-06,3-5%,-3.753,46.2062,40.76,stop,124.3003,5743.44,5743.44,5066.48,-11.787,-676.96,14
EQT,2022-11-28,2022-12-01,2022-12-06,3-5%,-3.672,41.4915,36.71,stop,139.9374,5806.21,5806.21,5137.1,-11.524,-669.11,3
INTU,2022-12-02,2022-12-05,2022-12-13,3-5%,-3.413,402.2719,415.6539,tp_gap_filled,14.3191,5760.17,5760.17,5951.79,3.327,191.62,6
UBER,2022-12-02,2022-12-06,2022-12-13,3-5%,-3.387,27.4074,28.3117,tp_gap_filled,209.0641,5729.9,5729.9,5918.95,3.299,189.05,5
EXPE,2022-12-07,2022-12-08,2022-12-13,3-5%,-3.993,93.133,96.8131,tp_gap_filled,61.4391,5722.01,5722.01,5948.11,3.951,226.1,3
APA,2022-11-28,2022-12-06,2022-12-14,3-5%,-3.446,44.8748,46.3836,tp_gap_filled,127.8294,5736.32,5736.32,5929.18,3.362,192.86,6
BX,2022-12-01,2022-12-13,2022-12-15,3-5%,-3.955,87.9979,77.0499,stop,65.4706,5761.28,5761.28,5044.51,-12.441,-716.77,2
NCLH,2022-11-03,2022-12-06,2022-12-19,3-5%,-3.731,15.7557,13.91,stop,363.9924,5734.97,5734.97,5063.13,-11.715,-671.84,9
EL,2022-12-15,2022-12-16,2022-12-27,3-5%,-3.439,240.8906,248.9708,tp_gap_filled,23.6998,5709.05,5709.05,5900.55,3.354,191.5,6
AMAT,2022-11-17,2022-12-22,2023-01-06,3-5%,-3.646,100.5204,104.1158,tp_gap_filled,56.791,5708.65,5708.65,5912.83,3.577,204.18,9
EQT,2023-01-03,2023-01-04,2023-01-06,3-5%,-3.429,32.7027,33.7962,tp_gap_filled,174.884,5719.17,5719.17,5910.41,3.344,191.24,2
ADSK,2022-10-13,2022-12-20,2023-01-09,3-5%,-3.641,186.7766,193.4464,tp_gap_filled,30.4834,5693.59,5693.59,5896.91,3.571,203.32,12
LRCX,2022-12-22,2023-01-06,2023-01-09,3-5%,-3.566,43.2332,44.7422,tp_gap_filled,133.3445,5764.91,5764.91,5966.13,3.49,201.22,1
BBY,2022-12-14,2022-12-15,2023-01-10,3-5%,-3.711,81.0309,83.9859,tp_gap_filled,70.5897,5719.95,5719.95,5928.55,3.647,208.59,16
XYZ,2022-12-15,2023-01-06,2023-01-11,3-5%,-3.874,68.5585,71.1787,tp_gap_filled,84.061,5763.1,5763.1,5983.36,3.822,220.26,3
TSLA,2023-01-03,2023-01-09,2023-01-11,3-5%,-3.824,118.5885,123.0568,tp_gap_filled,48.6819,5773.12,5773.12,5990.64,3.768,217.53,2
CVNA,2023-01-05,2023-01-11,2023-01-12,3-5%,-3.373,0.975,1.007,tp_gap_filled,5944.57,5795.8,5795.8,5986.13,3.284,190.33,1
CRL,2023-01-12,2023-01-17,2023-01-23,3-5%,-3.831,237.7175,246.6931,tp_gap_filled,24.3319,5784.11,5784.11,6002.5,3.776,218.39,4
SYY,2022-12-15,2022-12-19,2023-01-24,3-5%,-3.531,79.3192,82.0579,tp_gap_filled,71.8244,5697.06,5697.06,5893.76,3.453,196.7,23
LMT,2023-01-13,2023-01-18,2023-01-26,3-5%,-3.301,446.9465,461.2783,tp_gap_filled,12.8531,5744.63,5744.63,5928.84,3.207,184.21,6
AMD,2023-01-24,2023-01-25,2023-01-26,3-5%,-3.633,73.8237,76.4535,tp_gap_filled,78.1167,5766.86,5766.86,5972.29,3.562,205.42,1
DLR,2022-12-14,2023-01-12,2023-01-27,3-5%,-3.52,107.2872,110.9789,tp_gap_filled,53.9597,5789.19,5789.19,5988.39,3.441,199.2,10
DASH,2023-01-25,2023-01-26,2023-01-27,3-5%,-3.528,57.4874,59.4705,tp_gap_filled,101.1914,5817.24,5817.24,6017.9,3.45,200.67,1
CVNA,2023-01-25,2023-01-26,2023-01-27,3-5%,-3.464,1.2833,1.3267,tp_gap_filled,4530.974,5814.52,5814.52,6011.12,3.381,196.6,1
LULU,2023-01-24,2023-01-25,2023-02-01,3-5%,-3.679,304.7545,315.7639,tp_gap_filled,18.9082,5762.36,5762.36,5970.53,3.613,208.17,5
TER,2023-01-26,2023-01-27,2023-02-01,3-5%,-3.606,99.8097,103.3366,tp_gap_filled,58.4405,5832.93,5832.93,6039.04,3.534,206.11,3
NTRS,2023-01-19,2023-01-23,2023-02-02,3-5%,-3.759,95.3452,98.871,tp_gap_filled,60.3865,5757.57,5757.57,5970.48,3.698,212.91,8
DGX,2022-11-17,2023-01-24,2023-02-02,3-5%,-3.464,144.2441,149.1207,tp_gap_filled,40.0036,5770.28,5770.28,5965.37,3.381,195.08,7
APTV,2023-02-03,2023-02-06,2023-02-09,3-5%,-3.96,114.094,118.5613,tp_gap_filled,51.386,5862.83,5862.83,6092.39,3.915,229.56,3
AZO,2022-12-06,2022-12-12,2023-02-10,3-5%,-3.4,2443.441,2524.393,tp_gap_filled,2.35,5742.09,5742.09,5932.33,3.313,190.24,41
ISRG,2023-01-11,2023-01-17,2023-02-24,3-5%,-3.674,261.6514,231.4799,stop,22.1007,5782.67,5782.67,5115.86,-11.531,-666.81,27
BXP,2023-02-01,2023-02-09,2023-03-02,3-5%,-3.609,71.9218,63.7799,stop,81.5843,5867.7,5867.7,5203.44,-11.321,-664.25,14
LITE,2023-02-10,2023-02-14,2023-03-02,3-5%,-3.582,58.1981,51.6599,stop,100.9316,5874.03,5874.03,5214.12,-11.234,-659.91,11
EOG,2023-02-24,2023-02-27,2023-03-02,3-5%,-3.949,114.9248,119.4105,tp_gap_filled,50.097,5757.38,5757.38,5982.1,3.903,224.72,3
BA,2023-02-24,2023-02-27,2023-03-02,3-5%,-3.906,200.2,207.9219,tp_gap_filled,28.756,5756.95,5756.95,5979.0,3.857,222.05,3
TDG,2023-02-16,2023-02-17,2023-03-03,3-5%,-3.666,740.74,767.3918,tp_gap_filled,7.8831,5839.34,5839.34,6049.44,3.598,210.1,9
AMZN,2023-01-25,2023-02-24,2023-03-06,3-5%,-3.904,92.6526,96.2237,tp_gap_filled,62.127,5756.22,5756.22,5978.09,3.854,221.86,6
CVS,2022-10-25,2023-01-03,2023-03-08,3-5%,-3.871,91.2211,80.1199,stop,62.4125,5693.34,5693.34,5000.48,-12.17,-692.86,44
ON,2023-02-06,2023-02-22,2023-03-08,3-5%,-3.882,77.8277,80.8091,tp_gap_filled,74.5918,5805.32,5805.32,6027.7,3.831,222.39,10
QCOM,2023-02-03,2023-02-09,2023-03-09,3-5%,-3.452,131.2912,117.0899,stop,44.6878,5867.12,5867.12,5232.49,-10.817,-634.62,19
DDOG,2023-02-24,2023-03-01,2023-03-10,3-5%,-3.952,75.6656,66.2599,stop,75.8794,5741.46,5741.46,5027.76,-12.431,-713.7,7
CVNA,2023-03-02,2023-03-09,2023-03-10,3-5%,-3.704,1.7177,1.518,stop,3323.0014,5707.97,5707.97,5044.31,-11.627,-663.66,1
COP,2023-02-02,2023-02-10,2023-03-13,3-5%,-3.577,113.6035,100.8599,stop,51.7401,5877.85,5877.85,5218.5,-11.218,-659.35,20
SYF,2023-01-19,2023-03-10,2023-03-13,3-5%,-3.523,32.072,28.53,stop,176.2571,5652.93,5652.93,5028.61,-11.044,-624.31,1
MTB,2023-03-10,2023-03-13,2023-03-14,3-5%,-3.682,128.8487,133.5064,tp_gap_filled,43.6477,5623.95,5623.95,5827.25,3.615,203.3,1
HBAN,2023-03-10,2023-03-14,2023-03-15,3-5%,-3.639,13.2532,11.74,stop,424.6934,5628.56,5628.56,4985.9,-11.418,-642.67,1
CVNA,2023-03-13,2023-03-14,2023-03-16,3-5%,-3.967,1.4054,1.4605,tp_gap_filled,4015.666,5643.63,5643.63,5865.03,3.923,221.4,2
GPN,2023-03-15,2023-03-16,2023-03-21,3-5%,-3.893,97.3573,101.0988,tp_gap_filled,57.5226,5600.24,5600.24,5815.47,3.843,215.22,3
CCL,2023-03-15,2023-03-16,2023-03-21,3-5%,-3.859,8.7287,9.0609,tp_gap_filled,642.762,5610.49,5610.49,5824.02,3.806,213.53,3
GIS,2022-12-20,2022-12-21,2023-03-24,3-5%,-3.949,83.7637,84.7152,time_exit,68.2341,5715.54,5715.54,5780.47,1.136,64.93,63
MET,2023-03-13,2023-03-14,2023-03-24,3-5%,-3.815,60.06,52.8599,stop,93.7541,5630.87,5630.87,4955.84,-11.988,-675.03,8
XOM,2023-03-15,2023-03-23,2023-03-28,3-5%,-3.853,102.9228,106.8331,tp_gap_filled,53.7144,5528.44,5528.44,5738.48,3.799,210.04,3
NCLH,2023-03-15,2023-03-16,2023-03-30,3-5%,-3.82,12.8528,13.3367,tp_gap_filled,437.2708,5620.17,5620.17,5831.73,3.764,211.56,10
CL,2023-01-27,2023-01-30,2023-03-31,3-5%,-3.548,72.9228,75.4545,tp_gap_filled,79.8284,5821.31,5821.31,6023.41,3.472,202.1,43
KMB,2023-01-25,2023-01-26,2023-04-03,3-5%,-3.758,129.6996,134.4954,tp_gap_filled,44.8418,5815.96,5815.96,6031.01,3.698,215.05,46
DLTR,2023-03-02,2023-03-07,2023-04-03,3-5%,-3.963,142.3922,147.9719,tp_gap_filled,40.3548,5746.22,5746.22,5971.38,3.918,225.16,19
COP,2023-03-15,2023-03-23,2023-04-03,3-5%,-3.887,97.5174,101.2586,tp_gap_filled,56.7237,5531.55,5531.55,5743.77,3.836,212.22,7
MOS,2023-04-06,2023-04-10,2023-04-11,3-5%,-3.629,44.6546,46.2437,tp_gap_filled,127.3191,5685.38,5685.38,5887.71,3.559,202.32,1
WFC,2023-03-13,2023-03-14,2023-04-18,3-5%,-3.772,39.8398,41.3186,tp_gap_filled,141.2214,5626.23,5626.23,5835.08,3.712,208.84,24
AIG,2023-03-13,2023-03-14,2023-04-19,3-5%,-3.989,51.081,53.0969,tp_gap_filled,110.4797,5643.42,5643.42,5866.13,3.946,222.71,25
COIN,2023-04-17,2023-04-18,2023-04-21,3-5%,-3.991,67.1871,58.7499,stop,85.7978,5764.51,5764.51,5040.62,-12.558,-723.89,3
GNRC,2023-03-31,2023-04-03,2023-04-26,3-5%,-3.546,108.108,96.0899,stop,52.6559,5692.52,5692.52,5059.7,-11.117,-632.82,16
CVNA,2023-04-20,2023-04-24,2023-04-27,3-5%,-3.824,1.6617,1.462,stop,3469.8189,5765.66,5765.66,5072.87,-12.016,-692.79,3
BEN,2023-03-13,2023-03-15,2023-05-01,3-5%,-3.663,26.5866,27.5424,tp_gap_filled,209.0075,5556.79,5556.79,5756.57,3.595,199.78,32
NTRS,2023-04-17,2023-04-18,2023-05-02,3-5%,-3.89,84.5845,74.2399,stop,68.1546,5764.82,5764.82,5059.79,-12.23,-705.03,10
NXPI,2023-04-20,2023-04-21,2023-05-02,3-5%,-3.669,166.6164,172.6172,tp_gap_filled,34.3693,5726.49,5726.49,5932.73,3.602,206.24,7
COST,2022-12-01,2023-02-01,2023-05-03,3-5%,-3.729,519.6592,489.5699,time_exit,11.3187,5881.86,5881.86,5541.29,-5.79,-340.57,63
GOOGL,2023-04-17,2023-04-18,2023-05-09,3-5%,-3.867,104.7647,108.7611,tp_gap_filled,55.0721,5769.61,5769.61,5989.71,3.815,220.09,15
GOOG,2023-04-17,2023-04-18,2023-05-09,3-5%,-3.682,105.5354,109.3505,tp_gap_filled,54.663,5768.88,5768.88,5977.43,3.615,208.55,15
HON,2023-02-02,2023-02-09,2023-05-11,3-5%,-3.759,196.853,191.5519,time_exit,29.807,5867.59,5867.59,5709.58,-2.693,-158.01,63
NOW,2023-04-14,2023-04-17,2023-05-17,3-5%,-3.458,93.4494,96.6033,tp_gap_filled,61.5757,5754.21,5754.21,5948.41,3.375,194.21,22
CRH,2023-04-05,2023-04-12,2023-05-19,3-5%,-3.742,48.4084,50.1898,tp_gap_filled,117.6499,5695.24,5695.24,5904.82,3.68,209.58,27
COHR,2023-05-09,2023-05-19,2023-05-22,3-5%,-3.888,30.9309,32.1179,tp_gap_filled,181.0122,5598.87,5598.87,5813.72,3.837,214.85,1
CEG,2023-02-21,2023-05-19,2023-05-23,3-5%,-3.477,81.6916,84.4655,tp_gap_filled,68.51,5596.69,5596.69,5786.72,3.396,190.04,2
IP,2023-04-25,2023-04-26,2023-05-25,3-5%,-3.766,35.045,30.9,stop,158.7718,5564.16,5564.16,4906.04,-11.828,-658.12,21
MU,2023-05-22,2023-05-23,2023-05-25,3-5%,-3.55,65.8157,68.1018,tp_gap_filled,85.492,5626.72,5626.72,5822.16,3.473,195.44,2
INTU,2023-05-15,2023-05-25,2023-05-26,3-5%,-3.419,413.413,427.1924,tp_gap_filled,13.5379,5596.75,5596.75,5783.3,3.333,186.54,1
MCHP,2023-05-24,2023-05-26,2023-05-30,3-5%,-3.504,74.9749,77.5424,tp_gap_filled,74.8573,5612.42,5612.42,5804.62,3.424,192.19,1
IQV,2023-05-24,2023-05-31,2023-06-02,3-5%,-3.36,195.195,201.5782,tp_gap_filled,28.6284,5588.12,5588.12,5770.87,3.27,182.74,2
CVNA,2023-05-31,2023-06-01,2023-06-02,3-5%,-3.717,2.6446,2.7413,tp_gap_filled,2122.661,5613.68,5613.68,5818.76,3.653,205.08,1
GM,2023-04-20,2023-04-21,2023-06-06,3-5%,-3.759,33.3133,34.5454,tp_gap_filled,171.8371,5724.46,5724.46,5936.19,3.699,211.73,31
VZ,2023-06-02,2023-06-06,2023-06-12,3-5%,-3.695,34.4344,35.6843,tp_gap_filled,164.2981,5657.51,5657.51,5862.86,3.63,205.35,4
PRU,2023-03-13,2023-03-14,2023-06-13,3-5%,-3.92,85.1351,86.4035,time_exit,66.1974,5635.72,5635.72,5719.69,1.49,83.97,63
HPQ,2023-05-31,2023-06-01,2023-06-13,3-5%,-3.75,29.7998,30.8991,tp_gap_filled,188.5,5617.26,5617.26,5824.48,3.689,207.22,8
ITW,2023-05-02,2023-06-07,2023-06-14,3-5%,-3.588,237.227,245.5642,tp_gap_filled,23.9649,5685.12,5685.12,5884.92,3.514,199.8,5
COO,2023-06-02,2023-06-13,2023-06-16,3-5%,-3.757,90.1225,93.454,tp_gap_filled,63.4325,5716.7,5716.7,5928.02,3.697,211.32,3
TSLA,2023-06-15,2023-06-22,2023-06-23,3-5%,-3.267,248.6484,256.5332,tp_gap_filled,22.9647,5710.12,5710.12,5891.2,3.171,181.07,1
REGN,2023-05-04,2023-06-15,2023-06-28,3-5%,-3.44,776.3155,692.6493,stop,7.4019,5746.21,5746.21,5126.92,-10.777,-619.29,8
NCLH,2023-06-26,2023-06-27,2023-06-28,3-5%,-3.505,18.7387,19.3806,tp_gap_filled,304.4881,5705.72,5705.72,5901.16,3.425,195.44,1
COHR,2023-06-23,2023-06-26,2023-06-29,3-5%,-3.445,47.1271,48.7112,tp_gap_filled,121.3858,5720.56,5720.56,5912.85,3.361,192.29,3
EXE,2023-03-06,2023-04-14,2023-06-30,3-5%,-3.742,81.101,84.0858,tp_gap_filled,70.5299,5720.05,5720.05,5930.57,3.68,210.52,53
MRVL,2023-06-28,2023-06-29,2023-07-03,3-5%,-3.334,58.6286,60.5294,tp_gap_filled,97.4798,5715.1,5715.1,5900.39,3.242,185.29,2
MU,2023-05-31,2023-06-01,2023-07-06,3-5%,-3.892,68.9689,60.5299,stop,81.4391,5616.76,5616.76,4929.5,-12.236,-687.26,23
COIN,2023-07-05,2023-07-06,2023-07-07,3-5%,-3.791,76.9769,79.8501,tp_gap_filled,73.5175,5659.15,5659.15,5870.38,3.733,211.23,1
VEEV,2023-06-28,2023-06-29,2023-07-11,3-5%,-3.372,195.0849,201.4883,tp_gap_filled,29.295,5715.02,5715.02,5902.61,3.282,187.59,7
FCX,2023-04-21,2023-06-13,2023-07-13,3-5%,-3.796,39.8298,41.3186,tp_gap_filled,143.53,5716.77,5716.77,5930.46,3.738,213.69,20
GPN,2023-05-01,2023-07-12,2023-07-18,3-5%,-3.753,108.5885,112.5973,tp_gap_filled,52.715,5724.24,5724.24,5935.57,3.692,211.32,4
DHR,2023-04-20,2023-04-25,2023-07-21,3-5%,-3.831,217.4158,225.6252,tp_gap_filled,25.8597,5622.3,5622.3,5834.6,3.776,212.29,60
RVTY,2023-05-09,2023-05-10,2023-07-21,3-5%,-3.555,123.5734,127.872,tp_gap_filled,45.1816,5583.24,5583.24,5777.46,3.479,194.22,49
TMO,2023-04-26,2023-05-11,2023-07-21,3-5%,-3.716,528.528,547.8316,tp_gap_filled,10.5235,5561.96,5561.96,5765.1,3.652,203.14,48
AMT,2023-07-20,2023-07-21,2023-07-24,3-5%,-3.326,183.0028,188.9209,tp_gap_filled,31.6222,5786.95,5786.95,5974.09,3.234,187.14,1
CIEN,2023-07-14,2023-07-19,2023-07-27,3-5%,-3.516,42.3023,43.7562,tp_gap_filled,136.283,5765.08,5765.08,5963.23,3.437,198.15,6
GM,2023-07-25,2023-07-26,2023-07-27,3-5%,-3.995,37.7677,39.2607,tp_gap_filled,153.5029,5797.46,5797.46,6026.63,3.953,229.18,1
CDNS,2023-07-25,2023-07-26,2023-07-27,3-5%,-3.917,232.0518,241.0287,tp_gap_filled,25.0007,5801.47,5801.47,6025.9,3.868,224.43,1
ISRG,2023-07-21,2023-07-24,2023-08-08,3-5%,-3.38,336.2459,300.6597,stop,17.2378,5796.15,5796.15,5182.72,-10.583,-613.43,11
LITE,2023-07-05,2023-07-07,2023-08-16,3-5%,-3.937,55.1951,48.3599,stop,102.7098,5669.08,5669.08,4967.04,-12.384,-702.04,28
BAX,2023-07-27,2023-07-28,2023-08-16,3-5%,-3.514,47.2772,42.07,stop,122.422,5787.77,5787.77,5150.29,-11.014,-637.48,13
NEM,2023-07-20,2023-07-25,2023-08-18,3-5%,-3.896,43.4634,38.14,stop,133.3898,5797.58,5797.58,5087.48,-12.248,-710.1,18
LUV,2023-07-25,2023-07-26,2023-08-18,3-5%,-3.495,35.9359,32.0,stop,161.5057,5803.85,5803.85,5168.18,-10.953,-635.67,17
KEYS,2023-08-14,2023-08-17,2023-08-18,3-5%,-3.897,150.5904,132.1399,stop,37.4178,5634.77,5634.77,4944.39,-12.252,-690.38,1
NKE,2023-05-19,2023-06-16,2023-08-22,3-5%,-3.626,114.6746,101.6299,stop,50.1705,5753.28,5753.28,5098.82,-11.375,-654.46,45
IRM,2023-08-03,2023-08-16,2023-08-24,3-5%,-3.683,59.4294,61.5784,tp_gap_filled,94.7669,5631.94,5631.94,5835.59,3.616,203.65,6
BMY,2023-07-27,2023-07-28,2023-08-29,3-5%,-3.801,61.061,63.3466,tp_gap_filled,94.7596,5786.12,5786.12,6002.7,3.743,216.58,22
IT,2023-08-01,2023-08-02,2023-08-31,3-5%,-3.532,341.4411,353.2364,tp_gap_filled,16.769,5725.63,5725.63,5923.43,3.455,197.8,21
CHTR,2023-09-01,2023-09-06,2023-09-11,3-5%,-3.405,423.6232,437.6819,tp_gap_filled,13.2059,5594.32,5594.32,5779.97,3.319,185.66,3
NTRS,2023-08-08,2023-09-11,2023-09-12,3-5%,-3.389,78.1881,69.8899,stop,71.784,5612.66,5612.66,5016.98,-10.613,-595.68,1
QCOM,2023-09-07,2023-09-11,2023-09-14,3-5%,-3.558,110.7106,114.5653,tp_gap_filled,50.7065,5613.75,5613.75,5809.21,3.482,195.46,3
DHR,2023-07-25,2023-09-08,2023-09-15,3-5%,-3.911,219.9804,228.477,tp_gap_filled,25.4277,5593.59,5593.59,5809.64,3.862,216.05,5
PFE,2023-06-26,2023-07-05,2023-09-21,3-5%,-3.342,37.057,33.18,stop,153.9038,5703.22,5703.22,5106.52,-10.462,-596.69,55
SMCI,2023-08-18,2023-09-21,2023-09-25,3-5%,-3.302,23.6236,24.3816,tp_gap_filled,234.4101,5537.61,5537.61,5715.29,3.209,177.68,2
TFC,2023-08-08,2023-08-09,2023-09-27,3-5%,-3.681,31.4314,27.8,stop,181.5385,5706.01,5706.01,5046.77,-11.553,-659.24,34
BF-B,2023-08-30,2023-08-31,2023-09-27,3-5%,-3.969,66.3563,58.0699,stop,84.9827,5639.13,5639.13,4934.94,-12.488,-704.2,18
CRH,2023-08-24,2023-09-05,2023-10-10,3-5%,-3.49,55.9159,57.8221,tp_gap_filled,100.5906,5624.61,5624.61,5816.36,3.409,191.75,25
NSC,2023-10-02,2023-10-05,2023-10-10,3-5%,-3.94,189.3592,196.7331,tp_gap_filled,29.1305,5516.12,5516.12,5730.92,3.894,214.8,3
ADBE,2023-09-15,2023-09-18,2023-10-12,3-5%,-3.631,532.6421,551.6078,tp_gap_filled,10.4576,5570.18,5570.18,5768.51,3.561,198.34,18
DAL,2023-10-09,2023-10-10,2023-10-12,3-5%,-3.486,35.7457,36.963,tp_gap_filled,155.5477,5560.16,5560.16,5749.51,3.405,189.35,2
XOM,2023-10-11,2023-10-12,2023-10-16,3-5%,-3.16,107.067,110.3395,tp_gap_filled,51.7595,5541.73,5541.73,5711.11,3.057,169.39,2
RCL,2023-06-26,2023-09-21,2023-10-18,3-5%,-3.748,94.3442,83.2399,stop,58.6966,5537.68,5537.68,4885.9,-11.77,-651.79,19
ABNB,2023-10-03,2023-10-10,2023-10-20,3-5%,-3.215,132.3022,118.9999,stop,42.0312,5560.82,5560.82,5001.71,-10.054,-559.11,8
SMCI,2023-10-17,2023-10-19,2023-10-20,3-5%,-3.665,28.1281,24.893,stop,195.6401,5502.98,5502.98,4870.06,-11.501,-632.92,1
AMCR,2023-07-10,2023-08-14,2023-10-23,3-5%,-3.622,47.9479,42.5,stop,118.8045,5696.43,5696.43,5049.19,-11.362,-647.24,49
MTD,2023-09-13,2023-10-02,2023-10-25,3-5%,-3.552,1082.5715,961.9992,stop,5.1104,5532.42,5532.42,4916.24,-11.138,-616.18,17
COHR,2023-10-17,2023-10-18,2023-10-30,3-5%,-3.83,32.6726,28.74,stop,168.8341,5516.25,5516.25,4852.29,-12.037,-663.97,8
EQT,2023-10-26,2023-10-30,2023-10-31,3-5%,-3.617,40.5405,41.978,tp_gap_filled,133.0308,5393.13,5393.13,5584.36,3.546,191.23,1
MU,2023-09-28,2023-10-25,2023-11-01,3-5%,-3.284,66.036,68.1418,tp_gap_filled,82.1173,5422.7,5422.7,5595.62,3.189,172.92,5
AXP,2023-10-20,2023-10-23,2023-11-02,3-5%,-3.288,144.8447,149.4704,tp_gap_filled,37.6497,5453.36,5453.36,5627.52,3.194,174.16,8
EFX,2023-10-19,2023-10-24,2023-11-02,3-5%,-3.517,169.169,174.9848,tp_gap_filled,32.241,5454.18,5454.18,5641.68,3.438,187.51,7
GPN,2023-10-25,2023-10-31,2023-11-02,3-5%,-3.865,107.2972,111.3885,tp_gap_filled,50.6599,5435.67,5435.67,5642.93,3.813,207.27,2
TXN,2023-10-25,2023-10-31,2023-11-02,3-5%,-3.744,141.5614,146.7731,tp_gap_filled,38.3771,5432.72,5432.72,5632.72,3.682,200.01,2
MA,2023-10-26,2023-10-30,2023-11-03,3-5%,-3.958,371.391,385.9237,tp_gap_filled,14.5301,5396.36,5396.36,5607.53,3.913,211.16,4
WAT,2023-10-25,2023-10-30,2023-11-03,3-5%,-3.684,240.24,248.9308,tp_gap_filled,22.4655,5397.11,5397.11,5592.35,3.618,195.24,4
RTX,2023-09-11,2023-10-31,2023-11-03,3-5%,-3.929,80.2802,83.3965,tp_gap_filled,67.6619,5431.91,5431.91,5642.77,3.882,210.86,3
NXPI,2023-10-30,2023-10-31,2023-11-03,3-5%,-3.757,172.5724,178.9509,tp_gap_filled,31.4821,5432.94,5432.94,5633.75,3.696,200.81,3
XYZ,2023-10-25,2023-11-02,2023-11-03,3-5%,-3.947,43.6036,45.3046,tp_gap_filled,126.2117,5503.28,5503.28,5717.98,3.901,214.7,1
CME,2023-10-25,2023-11-03,2023-11-09,3-5%,-3.062,207.8977,214.0358,tp_gap_filled,26.584,5526.75,5526.75,5689.92,2.952,163.17,4
ECHO,2023-11-07,2023-11-08,2023-11-09,3-5%,-3.11,10.2903,10.5994,tp_gap_filled,537.5875,5531.93,5531.93,5698.1,3.004,166.17,1
CSCO,2023-09-21,2023-09-22,2023-11-16,3-5%,-3.766,53.4634,47.14,stop,103.3924,5527.71,5527.71,4873.91,-11.828,-653.8,39
MRVL,2023-11-16,2023-11-17,2023-11-29,3-5%,-3.428,55.2652,57.1128,tp_gap_filled,99.7292,5511.55,5511.55,5695.82,3.343,184.26,7
CIEN,2023-11-16,2023-11-17,2023-12-01,3-5%,-3.815,44.6646,46.3436,tp_gap_filled,123.3261,5508.32,5508.32,5715.38,3.759,207.06,9
LOW,2023-11-21,2023-11-22,2023-12-04,3-5%,-3.385,197.7175,204.2356,tp_gap_filled,27.8993,5516.19,5516.19,5698.04,3.297,181.85,7
CHRW,2023-10-18,2023-10-19,2023-12-06,3-5%,-3.457,83.3132,86.1238,tp_gap_filled,65.8612,5487.11,5487.11,5672.21,3.373,185.11,33
APO,2023-11-30,2023-12-04,2023-12-06,3-5%,-3.24,89.3693,92.1777,tp_gap_filled,62.1149,5551.16,5551.16,5725.61,3.143,174.45,2
CVNA,2023-12-05,2023-12-06,2023-12-08,3-5%,-3.269,7.7598,8.006,tp_gap_filled,714.2538,5542.43,5542.43,5718.31,3.173,175.87,2
GILD,2023-11-08,2023-11-09,2023-12-11,3-5%,-3.87,77.5675,80.5294,tp_gap_filled,71.3292,5532.82,5532.82,5744.1,3.818,211.27,21
LITE,2023-11-16,2023-11-17,2023-12-11,3-5%,-3.146,43.7637,45.0949,tp_gap_filled,125.9748,5513.12,5513.12,5680.81,3.042,167.69,15
LVS,2023-11-29,2023-11-30,2023-12-11,3-5%,-3.546,46.016,47.6123,tp_gap_filled,119.642,5505.44,5505.44,5696.44,3.469,190.99,7
GEHC,2023-11-27,2023-12-11,2023-12-13,3-5%,-3.324,71.3313,73.6363,tp_gap_filled,78.5884,5605.81,5605.81,5786.96,3.231,181.15,2
SMCI,2023-12-11,2023-12-12,2023-12-13,3-5%,-3.525,26.3303,27.2377,tp_gap_filled,213.0281,5609.1,5609.1,5802.4,3.446,193.31,1
COIN,2023-12-11,2023-12-12,2023-12-13,3-5%,-3.492,141.6415,146.4734,tp_gap_filled,39.6162,5611.3,5611.3,5802.72,3.411,191.42,1
F,2023-10-27,2023-11-29,2023-12-14,3-5%,-3.7,10.9409,11.3387,tp_gap_filled,504.1823,5516.22,5516.22,5716.75,3.635,200.52,11
BF-B,2023-11-10,2023-12-06,2023-12-14,3-5%,-3.22,56.5565,58.3216,tp_gap_filled,97.819,5532.3,5532.3,5704.96,3.121,172.66,6
PLTR,2023-12-06,2023-12-08,2023-12-14,3-5%,-3.333,17.7077,18.2817,tp_gap_filled,314.9626,5577.26,5577.26,5758.05,3.242,180.79,4
JCI,2023-12-12,2023-12-14,2023-12-22,3-5%,-3.642,54.5645,56.5134,tp_gap_filled,103.6963,5658.14,5658.14,5860.23,3.572,202.1,6
MRNA,2023-10-16,2023-12-22,2023-12-27,3-5%,-3.052,95.3953,98.2017,tp_gap_filled,59.4184,5668.24,5668.24,5834.99,2.942,166.75,2
COIN,2023-12-28,2023-12-29,2024-01-02,3-5%,-3.201,179.4893,161.5198,stop,31.6045,5672.68,5672.68,5104.76,-10.011,-567.92,1
CCL,2024-01-03,2024-01-04,2024-01-05,3-5%,-3.065,16.7768,17.2727,tp_gap_filled,336.1302,5639.18,5639.18,5805.88,2.956,166.7,1
CVNA,2024-01-05,2024-01-10,2024-01-11,3-5%,-3.048,9.043,9.3087,tp_gap_filled,626.0822,5661.68,5661.68,5828.0,2.938,166.32,1
CAH,2023-12-14,2024-01-03,2024-01-17,3-5%,-3.748,104.104,107.942,tp_gap_filled,54.164,5638.69,5638.69,5846.57,3.687,207.88,9
ABNB,2023-12-12,2023-12-26,2024-01-22,3-5%,-3.506,138.0379,142.7671,tp_gap_filled,41.1046,5673.99,5673.99,5868.38,3.426,194.39,17
MRNA,2024-01-17,2024-01-18,2024-01-22,3-5%,-3.778,98.3983,102.0578,tp_gap_filled,57.3963,5647.7,5647.7,5857.75,3.719,210.04,2
PCAR,2023-12-14,2024-01-03,2024-01-23,3-5%,-3.059,95.1551,97.9619,tp_gap_filled,59.2757,5640.39,5640.39,5806.77,2.95,166.38,13
J,2023-11-21,2024-01-10,2024-01-26,3-5%,-3.636,109.293,113.1898,tp_gap_filled,51.8063,5662.07,5662.07,5863.95,3.565,201.87,11
CVNA,2024-01-17,2024-01-26,2024-01-29,3-5%,-3.642,8.1581,8.4495,tp_gap_filled,697.3089,5688.75,5688.75,5891.94,3.572,203.19,1
NCLH,2024-01-03,2024-01-04,2024-02-01,3-5%,-3.057,17.7778,18.3017,tp_gap_filled,317.2732,5640.41,5640.41,5806.63,2.947,166.23,19
FICO,2024-01-26,2024-02-01,2024-02-07,3-5%,-3.797,1236.7355,1282.9857,tp_gap_filled,4.6197,5713.36,5713.36,5927.03,3.74,213.66,4
DGX,2024-02-01,2024-02-02,2024-02-07,3-5%,-3.41,124.1741,128.3016,tp_gap_filled,45.9923,5711.05,5711.05,5900.88,3.324,189.83,3
AMD,2024-01-31,2024-02-06,2024-02-07,3-5%,-3.673,165.9057,171.8879,tp_gap_filled,34.433,5712.63,5712.63,5918.62,3.606,205.98,1
MRSH,2024-01-25,2024-01-26,2024-02-15,3-5%,-3.619,191.6915,198.4913,tp_gap_filled,29.7133,5695.79,5695.79,5897.83,3.547,202.04,14
AOS,2024-01-30,2024-01-31,2024-02-15,3-5%,-3.539,78.8388,81.5684,tp_gap_filled,72.4511,5711.95,5711.95,5909.71,3.462,197.76,11
CINF,2024-02-07,2024-02-08,2024-02-15,3-5%,-3.684,108.078,111.9879,tp_gap_filled,53.2983,5760.37,5760.37,5968.77,3.618,208.39,5
CTSH,2024-02-07,2024-02-12,2024-02-22,3-5%,-3.925,75.7156,78.6513,tp_gap_filled,76.1823,5768.19,5768.19,5991.83,3.877,223.64,7
MU,2024-02-13,2024-02-14,2024-02-22,3-5%,-3.769,82.5525,85.6143,tp_gap_filled,69.5867,5744.55,5744.55,5957.61,3.709,213.06,5
VRT,2024-02-13,2024-02-21,2024-02-22,3-5%,-3.93,58.9689,61.2587,tp_gap_filled,97.2383,5734.04,5734.04,5956.69,3.883,222.65,1
MCD,2024-02-05,2024-02-07,2024-02-23,3-5%,-3.38,287.297,296.7529,tp_gap_filled,20.0219,5752.24,5752.24,5941.57,3.291,189.33,11
NOC,2024-01-25,2024-01-31,2024-02-26,3-5%,-3.733,447.0466,463.4561,tp_gap_filled,12.7775,5712.14,5712.14,5921.81,3.671,209.67,17
MRVL,2024-02-09,2024-02-13,2024-02-27,3-5%,-3.928,68.2982,70.949,tp_gap_filled,83.8293,5725.39,5725.39,5947.6,3.881,222.21,9
LEN,2024-02-13,2024-02-14,2024-02-29,3-5%,-3.958,146.9619,152.7126,tp_gap_filled,39.1,5746.21,5746.21,5971.07,3.913,224.85,10
HPE,2023-12-12,2024-01-10,2024-03-04,3-5%,-3.661,16.066,16.6433,tp_gap_filled,352.026,5655.67,5655.67,5858.89,3.593,203.22,36
MS,2024-01-16,2024-01-22,2024-03-04,3-5%,-3.3,86.8267,89.6103,tp_gap_filled,65.5612,5692.46,5692.46,5874.96,3.206,182.49,29
CFG,2024-01-31,2024-03-05,2024-03-07,3-5%,-3.614,33.1031,34.2757,tp_gap_filled,175.0779,5795.62,5795.62,6000.92,3.542,205.3,2
BA,2024-01-16,2024-01-18,2024-03-12,3-5%,-3.505,210.2801,187.1799,stop,26.8672,5649.63,5649.63,5028.99,-10.985,-620.64,37
HAL,2024-01-30,2024-01-31,2024-03-13,3-5%,-3.334,35.986,37.1528,tp_gap_filled,158.6036,5707.5,5707.5,5892.57,3.243,185.07,29
COIN,2024-03-15,2024-03-19,2024-03-20,3-5%,-3.685,225.2851,233.4363,tp_gap_filled,25.8587,5825.58,5825.58,6036.37,3.618,210.78,1
GNRC,2024-02-15,2024-02-16,2024-03-21,3-5%,-3.727,118.9588,123.3166,tp_gap_filled,48.2793,5743.25,5743.25,5953.64,3.663,210.39,23
NXPI,2024-03-15,2024-03-19,2024-03-21,3-5%,-3.791,234.7245,243.4863,tp_gap_filled,24.8101,5823.53,5823.53,6040.91,3.733,217.38,2
SMCI,2024-02-23,2024-03-21,2024-03-22,3-5%,-3.83,93.9098,97.4544,tp_gap_filled,62.5244,5871.66,5871.66,6093.28,3.775,221.63,1
IVZ,2024-02-13,2024-03-04,2024-03-27,3-5%,-3.604,15.7958,16.3536,tp_gap_filled,368.343,5818.26,5818.26,6023.74,3.532,205.48,17
UNH,2024-01-12,2024-01-16,2024-04-02,3-5%,-3.858,519.3788,456.3995,stop,10.8586,5639.71,5639.71,4955.84,-12.126,-683.87,53
DG,2024-03-13,2024-03-14,2024-04-04,3-5%,-3.87,155.135,161.0588,tp_gap_filled,37.4275,5806.31,5806.31,6028.02,3.818,221.71,14
TSLA,2024-03-22,2024-04-02,2024-04-04,3-5%,-3.547,166.8567,172.6472,tp_gap_filled,35.0612,5850.19,5850.19,6053.21,3.47,203.02,2
SMCI,2024-04-02,2024-04-03,2024-04-04,3-5%,-3.582,100.1,103.6113,tp_gap_filled,58.515,5857.35,5857.35,6062.81,3.508,205.46,1
INTC,2024-03-25,2024-04-03,2024-04-12,3-5%,-3.946,40.9309,35.85,stop,143.3066,5865.67,5865.67,5137.54,-12.413,-728.13,7
AMD,2024-03-19,2024-03-21,2024-04-15,3-5%,-3.929,183.3432,160.6899,stop,32.0663,5879.13,5879.13,5152.73,-12.356,-726.41,16
APTV,2024-02-13,2024-02-14,2024-04-17,3-5%,-3.772,80.7006,71.1399,stop,71.2524,5750.11,5750.11,5068.89,-11.847,-681.22,43
ADSK,2024-04-02,2024-04-03,2024-04-17,3-5%,-3.812,249.7996,219.8798,stop,23.4643,5861.36,5861.36,5159.32,-11.978,-702.05,10
USB,2024-04-17,2024-04-18,2024-04-22,3-5%,-3.659,39.5395,40.959,tp_gap_filled,143.0493,5656.1,5656.1,5859.16,3.59,203.06,2
TYL,2024-02-15,2024-03-05,2024-04-25,3-5%,-3.858,423.5731,439.6899,tp_gap_filled,13.693,5799.99,5799.99,6020.68,3.805,220.69,36
ODFL,2024-04-17,2024-04-18,2024-04-26,3-5%,-3.701,212.5323,187.8399,stop,26.6424,5662.38,5662.38,5004.51,-11.618,-657.87,6
CIEN,2024-04-12,2024-04-15,2024-04-30,3-5%,-3.864,45.3253,47.0529,tp_gap_filled,126.1291,5716.84,5716.84,5934.74,3.812,217.9,11
CVS,2024-01-25,2024-04-10,2024-05-01,3-5%,-3.626,71.5715,63.4299,stop,81.0546,5801.2,5801.2,5141.28,-11.375,-659.91,15
SMCI,2024-04-25,2024-05-01,2024-05-02,3-5%,-3.811,72.6686,75.3965,tp_gap_filled,77.9561,5664.96,5664.96,5877.62,3.754,212.66,1
AAPL,2024-02-02,2024-02-27,2024-05-03,3-5%,-3.746,180.0399,186.6731,tp_gap_filled,32.1469,5787.73,5787.73,6000.97,3.684,213.24,47
PHM,2024-04-10,2024-04-11,2024-05-03,3-5%,-3.813,111.101,115.2746,tp_gap_filled,52.3288,5813.79,5813.79,6032.19,3.757,218.4,16
JPM,2024-04-12,2024-04-22,2024-05-08,3-5%,-3.638,188.5083,195.2346,tp_gap_filled,30.1589,5685.2,5685.2,5888.05,3.568,202.86,12
STE,2024-02-08,2024-04-02,2024-05-09,3-5%,-3.484,218.218,225.6441,tp_gap_filled,26.8071,5849.79,5849.79,6048.86,3.403,199.07,27
COST,2024-03-08,2024-05-06,2024-05-10,3-5%,-3.76,756.806,784.8044,tp_gap_filled,7.6075,5757.4,5757.4,5970.4,3.7,213.0,4
PLTR,2024-04-25,2024-05-10,2024-05-14,3-5%,-3.566,20.8408,21.5684,tp_gap_filled,278.2368,5798.68,5798.68,6001.12,3.491,202.44,2
LEN,2024-04-10,2024-04-11,2024-05-15,3-5%,-3.91,154.5591,160.5266,tp_gap_filled,37.6296,5816.0,5816.0,6040.56,3.861,224.56,24
BXP,2024-04-10,2024-04-23,2024-05-15,3-5%,-3.828,62.8628,65.2347,tp_gap_filled,91.2669,5737.29,5737.29,5953.77,3.773,216.48,16
ALGN,2024-02-13,2024-04-30,2024-05-23,3-5%,-3.792,291.261,256.5597,stop,19.5576,5696.38,5696.38,5017.7,-11.914,-678.67,17
CRM,2024-04-15,2024-05-15,2024-05-30,3-5%,-3.867,283.2229,248.7997,stop,20.6192,5839.84,5839.84,5130.06,-12.154,-709.78,10
EFX,2024-04-10,2024-05-15,2024-05-30,3-5%,-3.288,254.3541,228.1798,stop,22.977,5844.29,5844.29,5242.89,-10.29,-601.41,10
MU,2024-05-21,2024-05-31,2024-06-05,3-5%,-3.721,124.3242,128.871,tp_gap_filled,46.0104,5720.21,5720.21,5929.41,3.657,209.2,3
HPE,2024-05-31,2024-06-03,2024-06-05,3-5%,-3.294,17.9279,18.5015,tp_gap_filled,318.797,5715.36,5715.36,5898.22,3.199,182.85,2
DHI,2024-06-07,2024-06-10,2024-06-12,3-5%,-3.271,139.139,143.5563,tp_gap_filled,40.888,5689.11,5689.11,5869.73,3.175,180.61,2
ANET,2024-05-23,2024-05-24,2024-06-13,3-5%,-3.52,76.4163,79.0459,tp_gap_filled,75.3347,5756.8,5756.8,5954.9,3.441,198.1,13
LIN,2024-05-02,2024-05-06,2024-06-17,3-5%,-3.796,426.2458,442.1774,tp_gap_filled,13.5066,5757.15,5757.15,5972.33,3.738,215.18,29
PSKY,2024-06-12,2024-06-13,2024-06-18,3-5%,-3.261,10.6907,9.6,stop,534.8149,5717.53,5717.53,5134.22,-10.202,-583.32,3
ARES,2024-06-13,2024-06-14,2024-07-03,3-5%,-3.68,132.5624,137.3525,tp_gap_filled,42.8335,5678.12,5678.12,5883.29,3.613,205.18,12
AMD,2024-06-10,2024-06-13,2024-07-05,3-5%,-3.211,162.6425,167.7021,tp_gap_filled,35.098,5708.42,5708.42,5886.01,3.111,177.58,14
HOOD,2024-07-05,2024-07-08,2024-07-09,3-5%,-3.539,22.1021,22.8671,tp_gap_filled,257.5023,5691.34,5691.34,5888.33,3.461,197.0,1
NDAQ,2024-04-25,2024-05-30,2024-07-10,3-5%,-3.724,59.2692,61.4385,tp_gap_filled,96.1321,5697.67,5697.67,5906.21,3.66,208.54,27
SHW,2024-04-23,2024-05-29,2024-07-11,3-5%,-3.696,298.1278,308.9507,tp_gap_filled,19.1678,5714.45,5714.45,5921.91,3.63,207.45,29
NXPI,2024-06-13,2024-06-14,2024-07-11,3-5%,-3.866,272.322,282.707,tp_gap_filled,20.864,5681.74,5681.74,5898.41,3.813,216.67,17
ARE,2024-04-10,2024-04-11,2024-07-12,3-5%,-3.881,124.6946,125.894,time_exit,46.6391,5815.64,5815.64,5871.58,0.962,55.94,63
LEN,2024-06-18,2024-06-20,2024-07-12,3-5%,-3.719,146.022,151.3587,tp_gap_filled,38.9836,5692.47,5692.47,5900.51,3.655,208.04,15
LUV,2024-06-26,2024-07-05,2024-07-16,3-5%,-3.402,27.5675,28.4815,tp_gap_filled,206.4635,5691.69,5691.69,5880.39,3.315,188.7,7
CMCSA,2024-04-25,2024-04-26,2024-07-17,3-5%,-3.88,36.2593,37.6474,tp_gap_filled,157.3671,5706.02,5706.02,5924.47,3.828,218.45,55
CVS,2024-06-27,2024-07-01,2024-07-17,3-5%,-3.728,58.4284,60.5694,tp_gap_filled,97.0593,5671.02,5671.02,5878.82,3.664,207.8,11
VRT,2024-07-17,2024-07-18,2024-07-23,3-5%,-3.489,86.6766,89.6303,tp_gap_filled,67.4145,5843.26,5843.26,6042.38,3.408,199.12,3
NVDA,2024-07-17,2024-07-18,2024-07-25,3-5%,-3.965,121.4713,106.3199,stop,48.1116,5844.18,5844.18,5115.22,-12.473,-728.96,5
GEHC,2024-02-21,2024-05-10,2024-07-31,3-5%,-3.924,83.083,86.3036,tp_gap_filled,69.7805,5797.58,5797.58,6022.31,3.876,224.74,55
DIS,2024-07-23,2024-07-24,2024-07-31,3-5%,-3.644,90.7907,94.0359,tp_gap_filled,63.8518,5797.15,5797.15,6004.36,3.574,207.21,5
JBHT,2024-07-17,2024-07-25,2024-07-31,3-5%,-3.937,169.2391,175.824,tp_gap_filled,34.1529,5780.01,5780.01,6004.9,3.891,224.89,4
COR,2024-06-27,2024-07-25,2024-07-31,3-5%,-3.49,229.229,237.0427,tp_gap_filled,25.2265,5782.64,5782.64,5979.75,3.409,197.11,4
IP,2024-07-25,2024-07-30,2024-07-31,3-5%,-3.522,44.6947,46.2337,tp_gap_filled,130.7529,5843.96,5843.96,6045.19,3.444,201.24,1
MCD,2024-04-30,2024-05-23,2024-08-02,3-5%,-3.37,264.5943,273.2764,tp_gap_filled,21.7862,5764.51,5764.51,5953.66,3.281,189.15,48
MPWR,2024-07-17,2024-07-31,2024-08-02,3-5%,-3.159,862.2414,777.0793,stop,6.8264,5885.97,5885.97,5304.62,-9.877,-581.35,2
CVNA,2024-07-17,2024-08-01,2024-08-05,3-5%,-3.865,27.9129,24.522,stop,209.858,5857.74,5857.74,5146.13,-12.148,-711.61,2
CHD,2024-07-30,2024-07-31,2024-08-06,3-5%,-3.179,98.4584,101.4884,tp_gap_filled,59.7949,5887.31,5887.31,6068.49,3.077,181.18,4
PHM,2024-07-23,2024-08-05,2024-08-06,3-5%,-3.924,120.8307,125.5144,tp_gap_filled,47.794,5774.98,5774.98,5998.83,3.876,223.85,1
DOC,2024-08-05,2024-08-06,2024-08-07,3-5%,-3.946,20.7107,21.5185,tp_gap_filled,280.1516,5802.13,5802.13,6028.43,3.9,226.3,1
MNST,2024-04-25,2024-05-28,2024-08-08,3-5%,-3.773,26.1661,23.065,stop,219.2141,5735.99,5735.99,5056.17,-11.852,-679.82,50
PODD,2024-08-05,2024-08-07,2024-08-08,3-5%,-3.894,188.9888,196.2535,tp_gap_filled,30.4861,5761.53,5761.53,5983.01,3.844,221.47,1
GWW,2024-08-01,2024-08-02,2024-08-09,3-5%,-3.836,940.2794,975.8332,tp_gap_filled,6.2045,5833.93,5833.93,6054.53,3.781,220.59,5
TPL,2024-08-05,2024-08-08,2024-08-09,3-5%,-3.802,251.261,260.6691,tp_gap_filled,23.1357,5813.11,5813.11,6030.77,3.744,217.66,1
MRVL,2024-08-02,2024-08-07,2024-08-13,3-5%,-3.964,60.6206,62.9969,tp_gap_filled,95.3943,5782.86,5782.86,6009.55,3.92,226.69,4
TPR,2024-05-09,2024-08-02,2024-08-15,3-5%,-3.515,37.6476,38.941,tp_gap_filled,155.0876,5838.68,5838.68,6039.27,3.436,200.59,9
BAC,2024-08-02,2024-08-07,2024-08-15,3-5%,-3.797,38.038,39.4605,tp_gap_filled,151.524,5763.67,5763.67,5979.21,3.74,215.54,6
AMAT,2024-08-01,2024-08-14,2024-08-15,3-5%,-3.803,204.3341,211.9878,tp_gap_filled,28.5067,5824.89,5824.89,6043.07,3.746,218.18,1
APTV,2024-08-05,2024-08-12,2024-08-19,3-5%,-3.777,67.067,69.5604,tp_gap_filled,86.3979,5794.45,5794.45,6009.87,3.718,215.42,5
CI,2024-08-01,2024-08-02,2024-08-23,3-5%,-3.634,336.336,348.3213,tp_gap_filled,17.3571,5837.81,5837.81,6045.84,3.564,208.03,15
BAX,2024-08-13,2024-08-14,2024-08-23,3-5%,-3.872,35.5355,36.8931,tp_gap_filled,163.9187,5824.93,5824.93,6047.47,3.82,222.53,7
CCL,2024-08-02,2024-08-15,2024-08-23,3-5%,-3.807,15.1752,15.7442,tp_gap_filled,387.608,5882.01,5882.01,6102.59,3.75,220.58,6
WSM,2024-08-08,2024-08-22,2024-08-23,3-5%,-3.752,132.7526,137.6522,tp_gap_filled,44.5992,5920.66,5920.66,6139.17,3.691,218.52,1
CTVA,2024-08-01,2024-08-19,2024-08-26,3-5%,-3.815,54.014,56.0439,tp_gap_filled,109.6381,5921.99,5921.99,6144.55,3.758,222.56,5
NCLH,2024-08-02,2024-08-23,2024-08-26,3-5%,-3.746,16.7167,17.3327,tp_gap_filled,356.7761,5964.12,5964.12,6183.88,3.685,219.76,1
DG,2024-07-17,2024-07-18,2024-08-29,3-5%,-3.436,123.2231,109.9599,stop,47.3076,5829.38,5829.38,5201.93,-10.764,-627.45,30
WFC,2024-08-05,2024-09-12,2024-09-16,3-5%,-3.68,51.3513,53.2067,tp_gap_filled,114.6237,5886.08,5886.08,6098.75,3.613,212.68,2
MAR,2024-07-31,2024-08-29,2024-09-18,3-5%,-3.673,230.23,238.5312,tp_gap_filled,25.7854,5936.58,5936.58,6150.63,3.606,214.05,13
EMR,2024-08-07,2024-08-08,2024-09-24,3-5%,-3.841,103.7436,107.6722,tp_gap_filled,56.01,5810.69,5810.69,6030.73,3.787,220.04,32
CVS,2024-07-31,2024-08-01,2024-09-30,3-5%,-3.704,60.9008,63.1168,tp_gap_filled,96.4246,5872.34,5872.34,6086.01,3.639,213.67,41
PTC,2024-07-09,2024-07-11,2024-10-09,3-5%,-3.694,180.5804,181.4084,time_exit,32.0647,5790.26,5790.26,5816.81,0.459,26.55,63
GNRC,2024-10-10,2024-10-11,2024-10-14,3-5%,-3.958,165.6355,172.1177,tp_gap_filled,36.0989,5979.26,5979.26,6213.26,3.914,234.0,1
APP,2024-10-14,2024-10-16,2024-10-21,3-5%,-3.898,141.4113,146.853,tp_gap_filled,42.1965,5967.07,5967.07,6196.69,3.848,229.62,3
ADM,2024-07-30,2024-07-31,2024-10-29,3-5%,-3.633,61.061,56.2637,time_exit,96.3419,5882.74,5882.74,5420.55,-7.857,-462.18,63
LEN,2024-09-20,2024-09-23,2024-10-29,3-5%,-3.617,179.7439,159.3513,stop,33.0289,5936.75,5936.75,5263.2,-11.345,-673.55,26
WYNN,2024-10-08,2024-10-09,2024-11-05,3-5%,-3.674,102.6025,90.7699,stop,58.1913,5970.57,5970.57,5282.02,-11.532,-688.55,19
INVH,2024-10-31,2024-11-05,2024-11-06,3-5%,-3.431,32.1221,33.1968,tp_gap_filled,182.6,5865.49,5865.49,6061.73,3.346,196.24,1
APA,2024-10-15,2024-10-21,2024-11-07,3-5%,-3.783,25.7157,22.66,stop,231.3001,5948.04,5948.04,5241.25,-11.883,-706.79,13
VRSK,2024-07-31,2024-09-03,2024-11-08,3-5%,-3.843,275.275,285.704,tp_gap_filled,21.5302,5926.74,5926.74,6151.28,3.789,224.54,48
ALB,2024-11-06,2024-11-07,2024-11-08,3-5%,-3.788,96.096,99.6802,tp_gap_filled,61.3539,5895.86,5895.86,6115.77,3.73,219.91,1
VMRK,2024-10-31,2024-11-05,2024-11-11,3-5%,-3.611,71.3513,73.876,tp_gap_filled,82.1668,5862.71,5862.71,6070.16,3.539,207.45,4
PEG,2024-11-04,2024-11-06,2024-11-11,3-5%,-3.562,84.2842,87.2227,tp_gap_filled,70.0875,5907.27,5907.27,6113.22,3.486,205.95,3
FCX,2024-10-08,2024-10-10,2024-11-12,3-5%,-3.583,49.019,43.51,stop,121.7045,5965.83,5965.83,5295.36,-11.239,-670.47,23
OXY,2024-08-05,2024-09-03,2024-11-13,3-5%,-3.763,55.5555,48.99,stop,106.6636,5925.75,5925.75,5225.45,-11.818,-700.3,51
DLTR,2024-11-06,2024-11-07,2024-11-18,3-5%,-3.939,64.2041,66.7032,tp_gap_filled,91.8775,5898.92,5898.92,6128.52,3.892,229.61,7
WSM,2024-11-06,2024-11-07,2024-11-18,3-5%,-3.708,129.9598,134.6952,tp_gap_filled,45.4573,5907.63,5907.63,6122.88,3.644,215.26,7
HOOD,2024-11-12,2024-11-14,2024-11-18,3-5%,-3.232,31.7717,32.7672,tp_gap_filled,184.7495,5869.81,5869.81,6053.72,3.133,183.91,2
SMCI,2024-11-13,2024-11-18,2024-11-19,3-5%,-3.18,21.031,21.6783,tp_gap_filled,279.5549,5879.32,5879.32,6060.27,3.078,180.95,1
SMCI,2024-11-20,2024-11-21,2024-11-22,3-5%,-3.467,27.3173,28.2417,tp_gap_filled,217.1779,5932.71,5932.71,6133.48,3.384,200.77,1
ALB,2024-11-12,2024-11-14,2024-11-25,3-5%,-3.53,106.6966,110.3795,tp_gap_filled,55.1328,5882.48,5882.48,6085.53,3.452,203.05,7
NVR,2024-10-29,2024-11-18,2024-11-25,3-5%,-3.855,8957.949,9298.492,tp_gap_filled,0.6567,5882.77,5882.77,6106.41,3.802,223.64,5
KLAC,2024-11-15,2024-11-18,2024-11-25,3-5%,-3.794,62.1151,64.4355,tp_gap_filled,94.6589,5879.74,5879.74,6099.39,3.736,219.65,5
LOW,2024-11-19,2024-11-20,2024-11-25,3-5%,-3.194,263.3531,271.4982,tp_gap_filled,22.4409,5909.88,5909.88,6092.66,3.093,182.78,3
MSFT,2024-10-31,2024-11-01,2024-12-02,3-5%,-3.97,415.7753,432.0975,tp_gap_filled,14.0841,5855.84,5855.84,6085.72,3.926,229.88,20
MRK,2024-10-31,2024-11-05,2024-12-09,3-5%,-3.72,101.0309,104.7252,tp_gap_filled,58.011,5860.91,5860.91,6075.22,3.657,214.31,23
FANG,2024-10-15,2024-10-17,2024-12-10,3-5%,-3.692,183.8437,162.5399,stop,32.4167,5959.6,5959.6,5269.0,-11.588,-690.6,37
XYL,2024-10-31,2024-11-06,2024-12-10,3-5%,-3.732,125.4854,130.0898,tp_gap_filled,47.1083,5911.4,5911.4,6128.31,3.669,216.91,23
PHM,2024-10-22,2024-11-25,2024-12-11,3-5%,-3.937,138.7186,121.5399,stop,43.1245,5982.17,5982.17,5241.35,-12.384,-740.82,11
MU,2024-11-12,2024-11-25,2024-12-16,3-5%,-3.359,105.105,108.5414,tp_gap_filled,56.8942,5979.87,5979.87,6175.38,3.269,195.51,14
IRM,2024-11-06,2024-11-26,2024-12-17,3-5%,-3.142,121.9018,109.9299,stop,48.8777,5958.28,5958.28,5373.12,-9.821,-585.16,14
DHI,2024-12-10,2024-12-11,2024-12-18,3-5%,-3.001,156.2861,141.6399,stop,37.7443,5898.9,5898.9,5346.09,-9.371,-552.81,5
ACN,2024-12-03,2024-12-18,2024-12-19,3-5%,-3.481,349.1488,361.0186,tp_gap_filled,16.6134,5800.54,5800.54,5997.73,3.4,197.2,1
PLTR,2024-12-17,2024-12-18,2024-12-19,3-5%,-3.261,73.3533,75.6743,tp_gap_filled,78.9327,5789.97,5789.97,5973.17,3.164,183.2,1
LRCX,2024-12-19,2024-12-20,2025-01-03,3-5%,-3.258,72.8227,75.1248,tp_gap_filled,79.6856,5802.93,5802.93,5986.37,3.161,183.44,8
RDDT,2024-12-30,2024-12-31,2025-01-03,3-5%,-3.552,167.5424,173.3665,tp_gap_filled,34.5568,5789.73,5789.73,5990.99,3.476,201.26,2
TSLA,2025-01-02,2025-01-03,2025-01-06,3-5%,-3.402,390.4901,403.4362,tp_gap_filled,14.8595,5802.5,5802.5,5994.87,3.315,192.37,1
EBAY,2024-12-10,2024-12-27,2025-01-08,3-5%,-3.976,62.6125,65.0749,tp_gap_filled,93.0008,5823.02,5823.02,6052.02,3.933,229.0,7
STZ,2024-11-26,2024-12-16,2025-01-10,3-5%,-3.658,233.0628,206.3098,stop,25.137,5858.5,5858.5,5186.01,-11.479,-672.49,16
PANW,2025-01-08,2025-01-13,2025-01-15,3-5%,-3.493,169.5494,175.3345,tp_gap_filled,34.2986,5815.3,5815.3,6013.72,3.412,198.42,2
MU,2025-01-13,2025-01-14,2025-01-15,3-5%,-3.523,95.9358,99.2407,tp_gap_filled,60.6274,5816.34,5816.34,6016.7,3.445,200.36,1
SBUX,2024-10-23,2024-12-16,2025-01-21,3-5%,-3.047,93.9639,96.7232,tp_gap_filled,62.3465,5858.32,5858.32,6030.35,2.937,172.03,22
APD,2024-12-05,2024-12-10,2025-01-24,3-5%,-3.967,314.8045,327.1525,tp_gap_filled,18.7287,5895.89,5895.89,6127.15,3.922,231.26,29
AVGO,2024-12-17,2024-12-26,2025-01-27,3-5%,-3.74,240.8906,212.5998,stop,24.2,5829.54,5829.54,5144.9,-11.744,-684.64,19
BA,2024-12-30,2025-01-02,2025-01-28,3-5%,-3.873,173.8937,180.5393,tp_gap_filled,33.2319,5778.82,5778.82,5999.67,3.822,220.84,16
CME,2024-12-27,2024-12-30,2025-01-30,3-5%,-3.135,231.9417,238.9708,tp_gap_filled,24.9242,5780.97,5780.97,5956.16,3.031,175.19,20
EW,2025-01-13,2025-01-14,2025-01-30,3-5%,-3.923,70.6105,73.3466,tp_gap_filled,82.3471,5814.57,5814.57,6039.87,3.875,225.3,11
ANET,2025-01-13,2025-01-27,2025-01-30,3-5%,-3.699,110.2201,114.2257,tp_gap_filled,53.501,5896.88,5896.88,6111.18,3.634,214.3,3
GOOGL,2025-01-27,2025-01-28,2025-01-30,3-5%,-3.896,192.6024,200.0098,tp_gap_filled,30.5836,5890.48,5890.48,6117.02,3.846,226.54,2
GOOG,2025-01-27,2025-01-28,2025-01-30,3-5%,-3.819,194.3842,201.6981,tp_gap_filled,30.3245,5894.6,5894.6,6116.39,3.763,221.79,2
LRCX,2025-01-27,2025-01-29,2025-01-30,3-5%,-3.627,76.8668,79.6003,tp_gap_filled,76.5889,5887.15,5887.15,6096.5,3.556,209.36,1
MCHP,2024-12-16,2024-12-18,2025-02-03,3-5%,-3.321,57.9979,51.9699,stop,99.9908,5799.26,5799.26,5196.51,-10.393,-602.74,29
ON,2025-01-10,2025-01-13,2025-02-03,3-5%,-3.31,56.4364,50.5899,stop,102.9891,5812.33,5812.33,5210.22,-10.359,-602.12,14
REGN,2025-01-13,2025-02-03,2025-02-04,3-5%,-3.966,669.9092,696.1831,tp_gap_filled,8.7808,5882.34,5882.34,6113.05,3.922,230.71,1
LIN,2024-10-31,2024-11-01,2025-02-05,3-5%,-3.897,455.405,453.2463,time_exit,12.8502,5852.03,5852.03,5824.29,-0.474,-27.74,63
BXP,2025-01-29,2025-02-03,2025-02-05,3-5%,-3.772,70.4904,73.1068,tp_gap_filled,83.4588,5883.05,5883.05,6101.41,3.712,218.36,2
MRVL,2025-02-03,2025-02-04,2025-02-05,3-5%,-3.651,108.8487,112.7471,tp_gap_filled,54.422,5923.76,5923.76,6135.92,3.581,212.16,1
EQIX,2025-01-27,2025-01-28,2025-02-06,3-5%,-3.556,908.2974,939.9091,tp_gap_filled,6.4942,5898.67,5898.67,6103.97,3.48,205.29,7
C,2025-02-03,2025-02-04,2025-02-06,3-5%,-3.598,78.5785,81.3486,tp_gap_filled,75.4157,5926.05,5926.05,6134.96,3.525,208.91,2
MPWR,2025-01-27,2025-01-31,2025-02-07,3-5%,-3.829,653.1025,677.7516,tp_gap_filled,9.0884,5935.65,5935.65,6159.67,3.774,224.02,5
TTD,2025-02-04,2025-02-05,2025-02-10,3-5%,-3.544,113.8738,117.8221,tp_gap_filled,52.2913,5954.61,5954.61,6161.07,3.467,206.46,3
COO,2024-12-06,2024-12-09,2025-02-14,3-5%,-3.72,99.4894,87.8699,stop,59.5762,5927.2,5927.2,5234.96,-11.679,-692.25,45
UAL,2025-02-03,2025-02-13,2025-02-18,3-5%,-3.666,102.062,105.7342,tp_gap_filled,58.2109,5941.12,5941.12,6154.88,3.598,213.76,2
IRM,2025-02-12,2025-02-13,2025-02-24,3-5%,-3.785,102.2922,90.1299,stop,58.2805,5961.64,5961.64,5252.82,-11.89,-708.82,6
CRM,2025-01-30,2025-01-31,2025-02-25,3-5%,-3.701,341.2409,301.5997,stop,17.3734,5928.5,5928.5,5239.8,-11.617,-688.7,16
BMY,2025-02-06,2025-02-07,2025-02-25,3-5%,-3.919,57.4274,59.6503,tp_gap_filled,103.5742,5947.99,5947.99,6178.23,3.871,230.24,11
RDDT,2025-01-13,2025-02-24,2025-02-26,3-5%,-3.974,160.6004,166.9129,tp_gap_filled,36.2166,5816.4,5816.4,6045.02,3.931,228.62,2
AMAT,2025-01-27,2025-01-29,2025-02-27,3-5%,-3.855,179.7296,157.9499,stop,32.7962,5894.44,5894.44,5180.15,-12.118,-714.29,20
SMCI,2025-02-24,2025-02-26,2025-02-27,3-5%,-3.906,53.9339,47.31,stop,108.3927,5846.04,5846.04,5128.06,-12.282,-717.99,1
HUBB,2025-02-03,2025-02-04,2025-03-03,3-5%,-3.771,407.4671,359.2096,stop,14.5497,5928.53,5928.53,5226.4,-11.843,-702.13,18
JBL,2025-01-27,2025-02-07,2025-03-03,3-5%,-3.623,167.2171,148.2099,stop,35.5526,5945.0,5945.0,5269.25,-11.367,-675.76,15
CIEN,2025-02-12,2025-02-21,2025-03-03,3-5%,-3.989,84.084,73.5299,stop,69.5648,5849.29,5849.29,5115.09,-12.552,-734.19,6
AMZN,2025-01-27,2025-02-18,2025-03-04,3-5%,-3.679,226.4362,200.2898,stop,26.1573,5922.95,5922.95,5239.03,-11.547,-683.92,10
SYY,2025-01-28,2025-02-24,2025-03-04,3-5%,-3.981,73.8738,76.7831,tp_gap_filled,78.7462,5817.28,5817.28,6046.38,3.938,229.1,6
APP,2025-03-04,2025-03-05,2025-03-06,3-5%,-3.954,324.324,283.9797,stop,17.5019,5676.28,5676.28,4970.18,-12.439,-706.1,1
CVNA,2025-03-04,2025-03-05,2025-03-06,3-5%,-3.718,42.3003,37.362,stop,134.1336,5673.88,5673.88,5011.49,-11.674,-662.39,1
AOS,2025-01-30,2025-02-03,2025-03-07,3-5%,-3.915,66.5765,69.1508,tp_gap_filled,88.3344,5881.0,5881.0,6108.4,3.867,227.4,23
ZBH,2025-02-06,2025-02-20,2025-03-07,3-5%,-3.926,104.104,108.1418,tp_gap_filled,56.8404,5917.32,5917.32,6146.82,3.879,229.51,11
PLTR,2025-03-04,2025-03-06,2025-03-07,3-5%,-3.908,80.2402,83.3366,tp_gap_filled,69.5258,5578.76,5578.76,5794.05,3.859,215.28,1
VRT,2025-03-04,2025-03-06,2025-03-07,3-5%,-3.864,82.1921,85.3246,tp_gap_filled,67.884,5579.53,5579.53,5792.17,3.811,212.65,1
F,2025-02-03,2025-03-03,2025-03-10,3-5%,-3.571,9.7297,10.0699,tp_gap_filled,585.945,5701.08,5701.08,5900.42,3.496,199.34,5
AES,2025-03-03,2025-03-04,2025-03-10,3-5%,-3.796,11.1611,11.5784,tp_gap_filled,504.8945,5635.2,5635.2,5845.88,3.739,210.67,4
PWR,2025-03-06,2025-03-07,2025-03-12,3-5%,-3.812,243.7535,252.9068,tp_gap_filled,23.0852,5627.1,5627.1,5838.4,3.755,211.31,3
LITE,2025-03-10,2025-03-11,2025-03-12,3-5%,-3.945,59.7197,62.0479,tp_gap_filled,93.0648,5557.8,5557.8,5774.48,3.899,216.68,1
XOM,2024-09-26,2024-12-11,2025-03-17,3-5%,-3.163,111.2511,113.6462,time_exit,53.0074,5897.13,5897.13,6024.09,2.153,126.96,63
FIX,2025-03-04,2025-03-06,2025-03-17,3-5%,-3.93,332.332,345.2344,tp_gap_filled,16.7974,5582.32,5582.32,5799.05,3.882,216.73,7
BF-B,2025-03-06,2025-03-12,2025-03-17,3-5%,-3.723,34.6847,35.954,tp_gap_filled,161.6355,5606.27,5606.27,5811.44,3.66,205.17,3
APO,2025-03-06,2025-03-07,2025-03-19,3-5%,-3.935,135.135,140.3895,tp_gap_filled,41.6687,5630.9,5630.9,5849.85,3.888,218.95,8
AVGO,2025-03-17,2025-03-18,2025-03-19,3-5%,-3.83,188.2381,195.3445,tp_gap_filled,29.9371,5635.3,5635.3,5848.04,3.775,212.74,1
FDX,2025-01-30,2025-01-31,2025-03-21,3-5%,-3.657,213.751,189.2182,stop,27.7374,5928.9,5928.9,5248.42,-11.477,-680.48,34
XYZ,2025-03-04,2025-03-05,2025-03-24,3-5%,-3.822,60.4504,62.7272,tp_gap_filled,93.8082,5670.74,5670.74,5884.33,3.766,213.58,13
ANET,2025-03-04,2025-03-07,2025-03-24,3-5%,-3.825,82.8027,85.924,tp_gap_filled,67.935,5625.2,5625.2,5837.25,3.77,212.04,11
CEG,2025-03-06,2025-03-12,2025-03-24,3-5%,-3.981,220.4102,229.0907,tp_gap_filled,25.4649,5612.71,5612.71,5833.76,3.938,221.05,8
APP,2025-03-06,2025-03-17,2025-03-24,3-5%,-3.849,306.0658,317.682,tp_gap_filled,18.5818,5687.26,5687.26,5903.11,3.795,215.85,5
HOOD,2025-03-06,2025-03-24,2025-03-25,3-5%,-3.928,46.2762,48.0719,tp_gap_filled,124.1233,5743.96,5743.96,5966.84,3.88,222.88,1
ABT,2025-03-14,2025-03-18,2025-03-27,3-5%,-3.765,125.125,129.7601,tp_gap_filled,45.0425,5635.94,5635.94,5844.72,3.704,208.78,7
RDDT,2025-03-17,2025-03-24,2025-03-28,3-5%,-3.58,123.7436,109.8499,stop,46.5227,5756.89,5756.89,5110.52,-11.228,-646.37,4
CRM,2025-02-27,2025-02-28,2025-03-31,3-5%,-3.576,296.6363,263.3698,stop,19.532,5793.9,5793.9,5144.14,-11.215,-649.76,21
INTC,2025-03-19,2025-03-24,2025-03-31,3-5%,-3.935,24.9249,21.84,stop,230.777,5752.09,5752.09,5040.16,-12.377,-711.93,5
TSLA,2025-03-10,2025-03-31,2025-04-01,3-5%,-3.857,252.7925,262.4073,tp_gap_filled,22.2122,5615.08,5615.08,5828.65,3.803,213.57,1
AXON,2025-03-10,2025-03-31,2025-04-01,3-5%,-3.421,508.8984,525.8736,tp_gap_filled,11.0528,5624.74,5624.74,5812.37,3.336,187.62,1
RCL,2025-03-31,2025-04-01,2025-04-02,3-5%,-3.647,200.21,207.3724,tp_gap_filled,28.1843,5642.79,5642.79,5844.65,3.577,201.87,1
MAS,2025-02-12,2025-02-21,2025-04-03,3-5%,-3.84,75.7056,66.5699,stop,77.2634,5849.27,5849.27,5143.42,-12.067,-705.86,29
EQIX,2025-02-13,2025-02-24,2025-04-03,3-5%,-3.871,899.899,790.3992,stop,6.4734,5825.4,5825.4,5116.56,-12.168,-708.84,28
DXCM,2025-03-10,2025-03-20,2025-04-03,3-5%,-3.983,74.8147,65.4399,stop,76.3196,5709.83,5709.83,4994.35,-12.531,-715.48,10
C,2025-03-04,2025-03-25,2025-04-03,3-5%,-3.408,74.6145,66.6499,stop,76.9809,5743.9,5743.9,5130.77,-10.674,-613.12,7
AMD,2025-03-27,2025-03-28,2025-04-03,3-5%,-3.703,106.2161,93.8699,stop,52.9083,5619.71,5619.71,4966.49,-11.624,-653.22,4
CTVA,2025-02-05,2025-02-06,2025-04-04,3-5%,-3.562,63.4234,56.34,stop,93.8387,5951.57,5951.57,5286.87,-11.168,-664.7,40
ORCL,2025-03-11,2025-03-28,2025-04-04,3-5%,-3.609,143.5634,127.3099,stop,39.0892,5611.78,5611.78,4976.45,-11.322,-635.34,5
FIX,2025-03-31,2025-04-03,2025-04-04,3-5%,-3.493,313.1028,278.8298,stop,17.7152,5546.69,5546.69,4939.54,-10.946,-607.15,1
ANET,2025-03-31,2025-04-03,2025-04-04,3-5%,-3.49,75.2952,67.0599,stop,73.6455,5545.16,5545.16,4938.67,-10.937,-606.49,1
CVNA,2025-03-31,2025-04-03,2025-04-04,3-5%,-3.307,39.5695,35.474,stop,139.7625,5530.34,5530.34,4957.93,-10.35,-572.41,1
TKO,2025-02-27,2025-03-03,2025-04-07,3-5%,-3.736,153.7436,135.7098,stop,37.1537,5712.14,5712.14,5042.12,-11.73,-670.02,25
MAR,2025-03-21,2025-03-31,2025-04-07,3-5%,-3.696,236.0258,208.6398,stop,23.8201,5622.15,5622.15,4969.82,-11.603,-652.34,5
CLX,2025-02-04,2025-02-21,2025-04-08,3-5%,-3.617,154.154,136.6599,stop,37.9224,5845.89,5845.89,5182.47,-11.348,-663.42,32
HAS,2025-04-04,2025-04-07,2025-04-08,3-5%,-3.91,52.8928,54.935,tp_gap_filled,100.133,5296.32,5296.32,5500.81,3.861,204.49,1
FITB,2025-04-04,2025-04-07,2025-04-08,3-5%,-3.891,34.1241,35.4345,tp_gap_filled,155.2484,5297.71,5297.71,5501.15,3.84,203.44,1
WMT,2025-04-03,2025-04-04,2025-04-09,3-5%,-3.877,86.3663,89.6702,tp_gap_filled,62.2169,5373.44,5373.44,5579.0,3.826,205.56,3
PHM,2025-04-03,2025-04-04,2025-04-09,3-5%,-3.872,100.3903,88.1699,stop,53.4271,5363.56,5363.56,4710.66,-12.173,-652.9,3
VLO,2025-04-04,2025-04-07,2025-04-09,3-5%,-3.999,109.8297,114.1757,tp_gap_filled,48.407,5316.53,5316.53,5526.9,3.957,210.38,2
AXP,2025-04-04,2025-04-07,2025-04-09,3-5%,-3.995,238.1579,247.5722,tp_gap_filled,22.2914,5308.88,5308.88,5518.74,3.953,209.86,2
NWS,2025-04-04,2025-04-07,2025-04-09,3-5%,-3.976,28.2883,29.4006,tp_gap_filled,187.5179,5304.56,5304.56,5513.13,3.932,208.58,2
BLK,2025-04-04,2025-04-08,2025-04-09,3-5%,-3.917,853.7329,886.7624,tp_gap_filled,6.1879,5282.85,5282.85,5487.23,3.869,204.38,1
FOX,2025-04-07,2025-04-08,2025-04-09,3-5%,-3.914,43.9839,45.6843,tp_gap_filled,119.8412,5271.09,5271.09,5474.86,3.866,203.77,1
VEEV,2025-04-07,2025-04-09,2025-04-10,3-5%,-3.955,205.4352,213.4663,tp_gap_filled,26.2823,5399.31,5399.31,5610.38,3.909,211.08,1
AMD,2025-04-04,2025-04-09,2025-04-11,3-5%,-3.945,90.1901,93.7062,tp_gap_filled,60.035,5414.56,5414.56,5625.65,3.899,211.09,2
ADI,2025-04-03,2025-04-09,2025-04-11,3-5%,-3.893,192.0118,168.5099,stop,28.2988,5433.7,5433.7,4768.63,-12.24,-665.08,2
PLTR,2025-04-10,2025-04-11,2025-04-14,3-5%,-3.923,88.4884,91.918,tp_gap_filled,60.456,5349.66,5349.66,5557.0,3.876,207.34,1
RL,2025-04-10,2025-04-14,2025-04-22,3-5%,-3.988,200.2601,208.1616,tp_gap_filled,26.8048,5367.94,5367.94,5579.74,3.946,211.8,5
META,2025-04-07,2025-04-21,2025-04-22,3-5%,-3.889,485.5851,504.2253,tp_gap_filled,10.8899,5287.97,5287.97,5490.96,3.839,202.99,1
LULU,2025-04-10,2025-04-11,2025-04-23,3-5%,-3.999,263.1529,273.5662,tp_gap_filled,20.3373,5351.82,5351.82,5563.59,3.957,211.78,7
EXPE,2025-04-10,2025-04-16,2025-04-23,3-5%,-3.872,155.5754,161.5183,tp_gap_filled,34.2008,5320.8,5320.8,5524.06,3.82,203.25,4
INTC,2025-04-10,2025-04-14,2025-04-24,3-5%,-3.948,20.7007,21.5085,tp_gap_filled,259.4085,5369.93,5369.93,5579.48,3.902,209.55,7
IRM,2025-04-03,2025-04-09,2025-04-25,3-5%,-3.905,84.7447,88.0119,tp_gap_filled,64.1282,5434.52,5434.52,5644.04,3.855,209.52,11
MAS,2025-04-23,2025-04-24,2025-04-28,3-5%,-3.972,59.049,61.3686,tp_gap_filled,91.628,5410.54,5410.54,5623.08,3.928,212.54,2
BKR,2025-04-04,2025-04-09,2025-04-30,3-5%,-3.842,39.3293,34.58,stop,138.3906,5442.81,5442.81,4785.54,-12.076,-657.26,14
GEN,2025-04-04,2025-04-09,2025-05-01,3-5%,-3.885,25.015,25.974,tp_gap_filled,217.4791,5440.24,5440.24,5648.8,3.834,208.56,15
BEN,2025-04-03,2025-04-09,2025-05-02,3-5%,-3.86,18.6987,19.4106,tp_gap_filled,291.172,5444.53,5444.53,5651.82,3.807,207.28,16
NUE,2025-04-03,2025-04-29,2025-05-02,3-5%,-3.788,118.4884,122.907,tp_gap_filled,45.914,5440.28,5440.28,5643.15,3.729,202.88,3
LVS,2025-04-03,2025-05-01,2025-05-06,3-5%,-3.919,37.5475,39.001,tp_gap_filled,144.836,5438.23,5438.23,5648.74,3.871,210.51,3
ROK,2025-04-03,2025-04-28,2025-05-07,3-5%,-3.998,250.6804,260.5991,tp_gap_filled,21.6838,5435.7,5435.7,5650.77,3.957,215.07,7
ZBRA,2025-04-30,2025-05-06,2025-05-07,3-5%,-3.855,246.4262,255.7939,tp_gap_filled,22.1506,5458.5,5458.5,5666.0,3.801,207.5,1
LII,2025-04-03,2025-04-04,2025-05-08,3-5%,-3.824,553.1126,573.9555,tp_gap_filled,9.7011,5365.83,5365.83,5568.03,3.768,202.2,23
PLTR,2025-04-30,2025-05-06,2025-05-08,3-5%,-3.851,111.7216,115.9639,tp_gap_filled,48.9019,5463.4,5463.4,5670.86,3.797,207.46,2
WBD,2025-04-10,2025-05-08,2025-05-09,3-5%,-3.888,8.9089,9.2507,tp_gap_filled,618.0951,5506.55,5506.55,5717.84,3.837,211.29,1
DOW,2025-04-04,2025-04-23,2025-05-12,3-5%,-3.973,30.2402,31.4285,tp_gap_filled,177.8258,5377.49,5377.49,5588.81,3.93,211.32,13
SWK,2025-04-10,2025-04-23,2025-05-12,3-5%,-3.908,61.7717,64.1558,tp_gap_filled,86.8758,5366.46,5366.46,5573.58,3.859,207.12,13
CSCO,2025-04-03,2025-05-02,2025-05-12,3-5%,-3.947,59.4394,61.7582,tp_gap_filled,92.1238,5475.78,5475.78,5689.4,3.901,213.62,6
CRH,2025-05-06,2025-05-07,2025-05-12,3-5%,-3.939,94.4744,98.1518,tp_gap_filled,57.9303,5472.93,5472.93,5685.96,3.892,213.03,3
SPG,2025-04-03,2025-05-08,2025-05-12,3-5%,-3.914,163.9037,170.2396,tp_gap_filled,33.6054,5508.05,5508.05,5720.97,3.866,212.92,2
AES,2025-04-03,2025-05-13,2025-05-14,3-5%,-3.846,12.012,12.4675,tp_gap_filled,464.5332,5579.97,5579.97,5791.58,3.792,211.6,1
TSLA,2025-05-19,2025-05-21,2025-05-27,3-5%,-3.909,336.6363,349.63,tp_gap_filled,16.5356,5566.48,5566.48,5781.34,3.86,214.86,3
FSLR,2025-05-19,2025-05-20,2025-06-02,3-5%,-3.956,171.5714,150.2198,stop,32.6079,5594.58,5594.58,4898.35,-12.445,-696.23,8
RMD,2025-05-20,2025-05-23,2025-06-10,3-5%,-3.9,243.7135,253.0967,tp_gap_filled,22.812,5559.6,5559.6,5773.65,3.85,214.05,11
TTWO,2025-05-21,2025-05-22,2025-06-16,3-5%,-3.987,228.258,237.2625,tp_gap_filled,24.3549,5559.2,5559.2,5778.5,3.945,219.3,16
NUE,2025-06-11,2025-06-13,2025-06-18,3-5%,-3.754,120.12,124.5553,tp_gap_filled,46.4689,5581.84,5581.84,5787.95,3.692,206.1,3
TDG,2025-05-06,2025-05-12,2025-06-24,3-5%,-3.816,1417.8465,1471.1474,tp_gap_filled,3.9358,5580.37,5580.37,5790.15,3.759,209.78,29
TMUS,2025-06-17,2025-06-18,2025-06-25,3-5%,-3.935,222.1219,230.759,tp_gap_filled,25.1442,5585.07,5585.07,5802.24,3.888,217.17,4
ECHO,2025-04-03,2025-06-17,2025-06-27,3-5%,-3.766,25.3253,26.2637,tp_gap_filled,220.6011,5586.79,5586.79,5793.8,3.705,207.01,7
PLD,2025-04-03,2025-05-14,2025-07-16,3-5%,-3.765,108.2181,112.2277,tp_gap_filled,51.6152,5585.7,5585.7,5792.66,3.705,206.95,42
BLK,2025-07-15,2025-07-16,2025-07-18,3-5%,-3.654,1071.9208,1110.3485,tp_gap_filled,5.2624,5640.9,5640.9,5843.12,3.585,202.22,2
ROP,2025-04-28,2025-07-21,2025-07-22,3-5%,-3.541,538.488,557.1423,tp_gap_filled,10.4942,5651.01,5651.01,5846.77,3.464,195.76,1
MU,2025-08-01,2025-08-04,2025-08-05,3-5%,-3.344,105.5955,109.0309,tp_gap_filled,53.7864,5679.6,5679.6,5864.37,3.253,184.78,1
ABT,2025-07-17,2025-07-23,2025-08-07,3-5%,-3.94,126.6766,131.6083,tp_gap_filled,44.687,5660.8,5660.8,5881.18,3.893,220.38,11
BMY,2025-07-31,2025-08-01,2025-08-08,3-5%,-3.936,44.2142,45.934,tp_gap_filled,128.0623,5662.17,5662.17,5882.42,3.89,220.25,5
APP,2025-06-09,2025-08-07,2025-08-08,3-5%,-3.982,401.6512,417.4721,tp_gap_filled,14.1552,5685.46,5685.46,5909.4,3.939,223.95,1
COR,2025-08-06,2025-08-07,2025-08-11,3-5%,-3.503,282.3921,292.0577,tp_gap_filled,20.1749,5697.24,5697.24,5892.24,3.423,195.0,2
COIN,2025-08-05,2025-08-07,2025-08-11,3-5%,-3.476,307.4171,317.8518,tp_gap_filled,18.5195,5693.21,5693.21,5886.46,3.394,193.25,2
USB,2025-07-17,2025-08-01,2025-08-12,3-5%,-3.349,44.1942,45.6343,tp_gap_filled,128.103,5661.4,5661.4,5845.89,3.259,184.49,7
WAT,2025-08-04,2025-08-05,2025-08-13,3-5%,-3.62,280.0798,290.0197,tp_gap_filled,20.3382,5696.31,5696.31,5898.47,3.549,202.16,6
ROK,2025-08-06,2025-08-07,2025-08-13,3-5%,-3.977,332.5722,345.654,tp_gap_filled,17.1714,5710.72,5710.72,5935.35,3.934,224.63,4
DDOG,2025-07-31,2025-08-07,2025-08-14,3-5%,-3.949,143.143,125.3599,stop,39.8953,5710.73,5710.73,5001.27,-12.423,-709.46,5
QCOM,2025-07-31,2025-08-12,2025-08-15,3-5%,-3.741,153.2631,158.9009,tp_gap_filled,37.3109,5718.39,5718.39,5928.74,3.679,210.35,3
NSC,2025-07-29,2025-08-01,2025-08-19,3-5%,-3.841,275.6954,286.1336,tp_gap_filled,20.5381,5662.27,5662.27,5876.65,3.786,214.38,12
ULTA,2025-08-14,2025-08-19,2025-08-22,3-5%,-3.677,513.6331,532.1773,tp_gap_filled,11.1632,5733.78,5733.78,5940.79,3.61,207.01,3
WDC,2025-08-01,2025-08-05,2025-08-25,3-5%,-3.787,75.7857,78.6113,tp_gap_filled,75.1607,5696.11,5696.11,5908.48,3.728,212.37,14
PLTR,2025-08-20,2025-08-22,2025-08-25,3-5%,-3.455,152.4523,157.5923,tp_gap_filled,37.7548,5755.81,5755.81,5949.87,3.372,194.06,1
EQT,2025-08-18,2025-08-20,2025-08-26,3-5%,-3.368,51.1211,52.7971,tp_gap_filled,112.2068,5736.13,5736.13,5924.2,3.279,188.07,4
WSM,2025-08-25,2025-08-26,2025-08-27,3-5%,-3.598,196.2961,203.2166,tp_gap_filled,29.4487,5780.66,5780.66,5984.46,3.526,203.8,1
SW,2025-07-31,2025-08-22,2025-08-29,3-5%,-3.801,45.6056,47.3126,tp_gap_filled,126.2,5755.42,5755.42,5970.85,3.743,215.43,5
HOOD,2025-09-02,2025-09-03,2025-09-04,3-5%,-3.547,100.4403,103.926,tp_gap_filled,57.5704,5782.39,5782.39,5983.05,3.47,200.67,1
