ticker,gap_date,entry_date,exit_date,bucket,gap_pct,entry_price,exit_price,exit_reason,units,position_dollars,cash_cost,proceeds,pnl_pct,pnl_dollar,days_held
F,2016-09-08,2016-09-09,2016-09-12,1-2%,-1.575,12.5125,12.6873,tp_gap_filled,397.4981,4973.69,4973.69,5043.18,1.397,69.48,1
BBY,2016-09-09,2016-09-12,2016-09-13,1-2%,-1.714,37.3073,37.8821,tp_gap_filled,133.5836,4983.64,4983.64,5060.43,1.541,76.78,1
FSLR,2016-09-08,2016-09-09,2016-09-14,1-2%,-1.845,37.8178,35.1354,stop,131.6371,4978.22,4978.22,4625.12,-7.093,-353.11,3
TSLA,2016-09-08,2016-09-09,2016-09-15,1-2%,-1.071,13.3166,13.4339,tp_gap_filled,373.1035,4968.48,4968.48,5012.23,0.88,43.75,4
CMCSA,2016-09-09,2016-09-12,2016-09-15,1-2%,-1.406,30.5976,30.9718,tp_gap_filled,162.8732,4983.53,4983.53,5044.48,1.223,60.95,3
NFLX,2016-09-13,2016-09-14,2016-09-16,1-2%,-1.898,9.7267,9.8951,tp_gap_filled,509.207,4952.91,4952.91,5038.65,1.731,85.74,2
ROST,2016-09-07,2016-09-09,2016-09-19,1-2%,-1.036,62.1621,62.6872,tp_gap_filled,79.8222,4961.92,4961.92,5003.84,0.845,41.92,6
KMI,2016-09-12,2016-09-13,2016-09-19,1-2%,-1.854,21.7317,22.0979,tp_gap_filled,228.4151,4963.85,4963.85,5047.49,1.685,83.64,4
PPL,2016-09-07,2016-09-08,2016-09-21,1-2%,-1.076,34.9649,35.2747,tp_gap_filled,142.9953,4999.82,4999.82,5044.11,0.886,44.29,9
NUE,2016-09-12,2016-09-13,2016-09-21,1-2%,-1.644,46.1061,46.7832,tp_gap_filled,107.6933,4965.31,4965.31,5038.24,1.469,72.92,6
TKO,2016-09-13,2016-09-14,2016-09-21,1-2%,-1.848,19.6696,20.0,tp_gap_filled,251.7715,4952.26,4952.26,5035.43,1.679,83.17,5
ELV,2016-09-13,2016-09-16,2016-09-21,1-2%,-1.835,126.3462,128.4514,tp_gap_filled,39.2998,4965.38,4965.38,5048.11,1.666,82.73,3
VTR,2016-09-13,2016-09-19,2016-09-21,1-2%,-1.733,68.6986,69.7702,tp_gap_filled,72.502,4980.79,4980.79,5058.47,1.56,77.69,2
EQT,2016-09-13,2016-09-20,2016-09-21,1-2%,-1.717,39.6095,40.221,tp_gap_filled,125.6528,4977.05,4977.05,5053.89,1.544,76.84,1
ABBV,2016-09-08,2016-09-09,2016-09-22,1-2%,-1.555,64.024,64.905,tp_gap_filled,77.6438,4971.06,4971.06,5039.47,1.376,68.41,9
CHRW,2016-09-12,2016-09-13,2016-09-22,1-2%,-1.538,67.9078,68.8311,tp_gap_filled,73.1116,4964.85,4964.85,5032.35,1.36,67.5,7
BEN,2016-09-13,2016-09-15,2016-09-22,1-2%,-1.784,35.8158,36.3936,tp_gap_filled,138.9416,4976.3,4976.3,5056.58,1.613,80.28,5
HBAN,2016-09-12,2016-09-16,2016-09-22,1-2%,-1.724,9.6997,9.8501,tp_gap_filled,511.7436,4963.75,4963.75,5040.75,1.551,76.99,4
ANET,2016-09-19,2016-09-21,2016-09-22,1-2%,-1.823,5.2227,5.3091,tp_gap_filled,961.0266,5019.17,5019.17,5102.15,1.653,82.98,1
TT,2016-09-09,2016-09-22,2016-09-28,1-2%,-1.676,51.4711,52.2441,tp_gap_filled,97.8595,5036.94,5036.94,5112.58,1.502,75.64,4
COP,2016-09-13,2016-09-28,2016-09-29,1-2%,-1.758,41.9619,42.6273,tp_gap_filled,119.9706,5034.2,5034.2,5114.03,1.586,79.83,1
BKR,2016-09-27,2016-09-28,2016-09-29,1-2%,-1.688,48.3783,49.1108,tp_gap_filled,104.086,5035.5,5035.5,5111.75,1.514,76.24,1
REG,2016-09-09,2016-09-23,2016-10-05,1-2%,-1.511,79.6095,73.9628,stop,63.092,5022.73,5022.73,4666.46,-7.093,-356.26,8
META,2016-09-23,2016-09-26,2016-10-10,1-2%,-1.937,127.6876,129.9499,tp_gap_filled,39.3375,5022.91,5022.91,5111.91,1.772,89.0,10
NDAQ,2016-09-07,2016-09-08,2016-10-11,1-2%,-1.189,23.5735,21.9015,stop,212.1021,5000.0,5000.0,4645.35,-7.093,-354.65,23
CF,2016-09-13,2016-10-05,2016-10-11,1-2%,-1.999,25.025,23.25,stop,199.4513,4991.27,4991.27,4637.24,-7.093,-354.03,4
TTD,2016-10-10,2016-10-11,2016-10-12,1-2%,-1.866,2.5796,2.6234,tp_gap_filled,1912.0159,4932.19,4932.19,5015.93,1.698,83.74,1
CI,2016-09-23,2016-10-03,2016-10-13,1-2%,-1.924,129.5895,120.3977,stop,38.7254,5018.4,5018.4,4662.45,-7.093,-355.96,8
VMC,2016-09-29,2016-10-03,2016-10-13,1-2%,-1.713,113.6936,105.6293,stop,44.1128,5015.35,5015.35,4659.61,-7.093,-355.74,8
URI,2016-09-09,2016-10-06,2016-10-14,1-2%,-1.764,82.4824,76.6319,stop,60.5643,4995.49,4995.49,4641.16,-7.093,-354.33,6
FCX,2016-09-16,2016-10-13,2016-10-14,1-2%,-1.84,9.6096,9.7702,tp_gap_filled,512.3039,4923.04,4923.04,5005.32,1.671,82.29,1
HAS,2016-10-04,2016-10-07,2016-10-17,1-2%,-1.701,79.2492,80.4595,tp_gap_filled,62.8161,4978.12,4978.12,5054.15,1.527,76.03,6
TTD,2016-10-13,2016-10-14,2016-10-17,1-2%,-1.859,2.6426,2.6873,tp_gap_filled,1857.6011,4908.97,4908.97,4991.95,1.69,82.98,1
GWW,2016-09-07,2016-09-08,2016-10-18,1-2%,-1.146,227.9978,211.8259,stop,21.9221,4998.19,4998.19,4643.67,-7.093,-354.52,28
PYPL,2016-09-26,2016-10-11,2016-10-18,1-2%,-1.722,39.4194,40.0299,tp_gap_filled,125.0541,4929.56,4929.56,5005.91,1.549,76.35,5
WMB,2016-09-16,2016-10-13,2016-10-19,1-2%,-1.709,29.3593,29.8102,tp_gap_filled,167.7087,4923.81,4923.81,4999.42,1.536,75.61,4
ANET,2016-10-13,2016-10-14,2016-10-19,1-2%,-1.876,5.0394,5.1255,tp_gap_filled,974.2254,4909.52,4909.52,4993.39,1.708,83.87,3
AMGN,2016-09-27,2016-09-28,2016-10-21,1-2%,-1.896,170.4102,158.323,stop,29.5477,5035.23,5035.23,4678.08,-7.093,-357.15,17
AMD,2016-10-13,2016-10-21,2016-10-24,1-2%,-1.813,6.5065,6.6134,tp_gap_filled,754.3651,4908.28,4908.28,4988.9,1.643,80.63,1
CSX,2016-10-19,2016-10-20,2016-10-25,1-2%,-1.644,10.1802,10.3297,tp_gap_filled,483.6122,4923.25,4923.25,4995.55,1.468,72.3,3
ALGN,2016-10-03,2016-10-10,2016-10-26,1-2%,-1.824,92.132,85.5971,stop,54.106,4984.9,4984.9,4631.32,-7.093,-353.58,12
COP,2016-10-13,2016-10-14,2016-10-27,1-2%,-1.886,42.6927,43.4265,tp_gap_filled,115.1348,4915.41,4915.41,4999.9,1.719,84.5,9
CIEN,2016-10-12,2016-10-14,2016-10-27,1-2%,-1.774,21.061,19.5672,stop,233.0537,4908.35,4908.35,4560.2,-7.093,-348.15,9
NWS,2016-09-12,2016-10-24,2016-10-27,1-2%,-1.82,13.5035,12.5457,stop,364.6391,4923.9,4923.9,4574.65,-7.093,-349.25,3
NEE,2016-09-23,2016-09-28,2016-10-31,1-2%,-1.929,31.4214,31.9755,tp_gap_filled,160.1979,5033.64,5033.64,5122.41,1.763,88.77,23
WSM,2016-10-25,2016-10-26,2016-11-04,1-2%,-1.928,23.1731,23.5814,tp_gap_filled,211.7503,4906.92,4906.92,4993.37,1.762,86.45,7
ITW,2016-10-20,2016-10-21,2016-11-07,1-2%,-1.728,113.8337,115.6043,tp_gap_filled,43.1224,4908.79,4908.79,4985.14,1.555,76.35,11
EQIX,2016-10-11,2016-11-01,2016-11-08,1-2%,-1.784,350.4101,356.0636,tp_gap_filled,13.9171,4876.7,4876.7,4955.39,1.613,78.68,5
KIM,2016-11-02,2016-11-03,2016-11-08,1-2%,-1.972,25.3754,25.8341,tp_gap_filled,191.3065,4854.47,4854.47,4942.24,1.808,87.77,3
OKE,2016-11-02,2016-11-07,2016-11-08,1-2%,-1.956,47.6576,48.5114,tp_gap_filled,102.7847,4898.47,4898.47,4986.23,1.792,87.76,1
GD,2016-09-23,2016-10-07,2016-11-09,1-2%,-1.821,152.192,154.7051,tp_gap_filled,32.7012,4976.87,4976.87,5059.05,1.651,82.18,23
IQV,2016-10-19,2016-10-20,2016-11-09,1-2%,-1.756,75.065,76.2537,tp_gap_filled,65.6147,4925.37,4925.37,5003.37,1.584,78.0,14
XOM,2016-10-28,2016-11-07,2016-11-10,1-2%,-1.887,85.3653,86.8331,tp_gap_filled,57.4079,4900.64,4900.64,4984.91,1.719,84.26,3
MOS,2016-09-13,2016-11-09,2016-11-10,1-2%,-1.651,26.8268,27.2228,tp_gap_filled,183.2582,4916.23,4916.23,4988.79,1.476,72.56,1
EW,2016-10-31,2016-11-01,2016-11-14,1-2%,-1.768,31.5182,29.2826,stop,154.6672,4874.83,4874.83,4529.05,-7.093,-345.77,9
MDT,2016-11-09,2016-11-10,2016-11-14,1-2%,-1.98,82.7527,76.883,stop,59.4418,4918.97,4918.97,4570.07,-7.093,-348.9,2
APA,2016-11-03,2016-11-09,2016-11-15,1-2%,-1.682,58.5185,59.4005,tp_gap_filled,84.0474,4918.32,4918.32,4992.46,1.507,74.14,4
COP,2016-11-09,2016-11-11,2016-11-15,1-2%,-1.94,43.5135,44.2857,tp_gap_filled,112.3304,4887.89,4887.89,4974.63,1.775,86.74,2
WY,2016-10-26,2016-10-28,2016-11-18,1-2%,-1.766,30.6306,31.1188,tp_gap_filled,159.735,4892.78,4892.78,4970.77,1.594,77.99,15
TMO,2016-10-11,2016-11-09,2016-11-21,1-2%,-1.955,156.156,145.0799,stop,31.5554,4927.56,4927.56,4578.05,-7.093,-349.51,8
ATO,2016-11-09,2016-11-10,2016-11-21,1-2%,-1.941,71.8217,73.0968,tp_gap_filled,68.4872,4918.87,4918.87,5006.2,1.775,87.33,7
KDP,2016-11-09,2016-11-22,2016-11-25,1-2%,-1.931,86.9268,88.4615,tp_gap_filled,56.406,4903.2,4903.2,4989.76,1.765,86.56,2
FSLR,2016-11-18,2016-11-25,2016-11-28,1-2%,-1.99,30.5705,31.1288,tp_gap_filled,160.6895,4912.36,4912.36,5002.08,1.826,89.71,1
YUM,2016-10-06,2016-10-17,2016-11-29,1-2%,-1.884,62.5715,63.6459,tp_gap_filled,78.5089,4912.42,4912.42,4996.77,1.717,84.35,30
D,2016-11-09,2016-11-25,2016-11-29,1-2%,-1.921,74.1241,75.4245,tp_gap_filled,66.2754,4912.6,4912.6,4998.79,1.754,86.19,2
CMS,2016-11-09,2016-11-28,2016-11-29,1-2%,-1.953,41.2012,41.938,tp_gap_filled,119.4094,4919.81,4919.81,5007.79,1.788,87.99,1
ZBH,2016-11-08,2016-11-09,2016-12-06,1-2%,-1.704,99.7793,101.3064,tp_gap_filled,49.3197,4921.08,4921.08,4996.4,1.53,75.31,18
PHM,2016-10-20,2016-11-29,2016-12-08,1-2%,-1.962,19.5095,19.8601,tp_gap_filled,253.0298,4936.48,4936.48,5025.2,1.797,88.72,7
VTR,2016-11-09,2016-11-15,2016-12-09,1-2%,-1.95,61.9219,63.0269,tp_gap_filled,79.0611,4895.61,4895.61,4982.98,1.785,87.37,17
ETR,2016-11-09,2016-11-28,2016-12-13,1-2%,-1.91,35.2152,35.8291,tp_gap_filled,139.7771,4922.28,4922.28,5008.09,1.743,85.82,11
D,2016-11-30,2016-12-12,2016-12-14,1-2%,-1.931,74.7146,76.0339,tp_gap_filled,66.0708,4936.45,4936.45,5023.62,1.766,87.16,2
AEP,2016-11-09,2016-12-12,2016-12-14,1-2%,-1.929,62.072,63.1668,tp_gap_filled,79.5675,4938.92,4938.92,5026.02,1.764,87.11,2
CLX,2016-11-02,2016-11-25,2016-12-16,1-2%,-1.916,117.3172,119.3705,tp_gap_filled,41.8696,4912.02,4912.02,4997.99,1.75,85.97,15
PPL,2016-11-09,2016-11-28,2016-12-16,1-2%,-1.986,34.084,34.7053,tp_gap_filled,144.3294,4919.33,4919.33,5008.99,1.823,89.66,14
CPT,2016-11-09,2016-12-12,2016-12-16,1-2%,-1.935,80.6806,82.1078,tp_gap_filled,61.1753,4935.66,4935.66,5022.97,1.769,87.31,4
EIX,2016-11-09,2016-11-28,2016-12-20,1-2%,-1.937,70.9309,72.1877,tp_gap_filled,69.3874,4921.71,4921.71,5008.92,1.772,87.21,16
NRG,2016-12-16,2016-12-19,2016-12-20,1-2%,-1.987,12.3423,12.5674,tp_gap_filled,400.6866,4945.41,4945.41,5035.6,1.824,90.19,1
RL,2016-11-09,2016-12-15,2016-12-22,1-2%,-1.85,97.1771,90.2843,stop,50.8806,4944.43,4944.43,4593.72,-7.093,-350.71,5
GD,2016-12-12,2016-12-30,2017-01-03,1-2%,-1.807,172.3922,175.2146,tp_gap_filled,28.6154,4933.07,4933.07,5013.83,1.637,80.76,1
APTV,2016-12-14,2016-12-15,2017-01-04,1-2%,-1.842,57.6855,58.6504,tp_gap_filled,85.7028,4943.8,4943.8,5026.5,1.673,82.7,12
HAS,2016-11-09,2016-12-16,2017-01-05,1-2%,-1.885,81.8117,83.2167,tp_gap_filled,60.6669,4963.26,4963.26,5048.5,1.717,85.24,12
ADM,2016-11-09,2016-12-12,2017-01-11,1-2%,-1.844,46.8868,43.5612,stop,105.3266,4938.43,4938.43,4588.15,-7.093,-350.28,20
IRM,2016-12-13,2017-01-04,2017-01-18,1-2%,-1.787,33.5635,34.1059,tp_gap_filled,147.7793,4959.99,4959.99,5040.14,1.616,80.15,9
KMB,2016-10-24,2016-11-29,2017-01-24,1-2%,-1.915,117.4073,119.4604,tp_gap_filled,42.0221,4933.7,4933.7,5019.98,1.749,86.28,37
KMI,2017-01-19,2017-01-30,2017-02-01,1-2%,-1.961,22.022,22.4176,tp_gap_filled,225.1219,4957.63,4957.63,5046.68,1.796,89.05,2
APO,2017-01-27,2017-01-31,2017-02-01,1-2%,-1.983,21.2712,21.6583,tp_gap_filled,233.6547,4970.13,4970.13,5060.57,1.82,90.44,1
BMY,2017-01-26,2017-01-27,2017-02-02,1-2%,-1.937,48.6386,49.5004,tp_gap_filled,101.9233,4957.41,4957.41,5045.25,1.772,87.84,4
RL,2017-01-31,2017-02-01,2017-02-02,1-2%,-1.9,86.8468,80.6867,stop,57.2868,4975.17,4975.17,4622.28,-7.093,-352.89,1
PCG,2016-11-09,2016-11-28,2017-02-03,1-2%,-1.919,60.8908,61.958,tp_gap_filled,80.8477,4922.89,4922.89,5009.16,1.753,86.28,46
TRMB,2017-01-30,2017-01-31,2017-02-03,1-2%,-1.802,29.4594,29.94,tp_gap_filled,168.6985,4969.76,4969.76,5050.84,1.631,81.08,3
V,2017-01-31,2017-02-01,2017-02-03,1-2%,-1.876,82.2121,83.6163,tp_gap_filled,60.5345,4976.67,4976.67,5061.67,1.708,85.0,2
CB,2017-02-01,2017-02-02,2017-02-03,1-2%,-1.993,128.9989,131.3585,tp_gap_filled,38.4523,4960.31,4960.31,5051.04,1.829,90.73,1
UAL,2017-01-30,2017-02-03,2017-02-06,1-2%,-1.922,73.063,74.3456,tp_gap_filled,68.1509,4979.31,4979.31,5066.72,1.755,87.41,1
CHRW,2017-02-01,2017-02-02,2017-02-08,1-2%,-1.92,74.6746,75.9839,tp_gap_filled,66.4712,4963.71,4963.71,5050.75,1.753,87.03,4
SLB,2016-11-29,2017-02-08,2017-02-09,1-2%,-1.789,79.6896,80.9789,tp_gap_filled,62.4747,4978.58,4978.58,5059.13,1.618,80.55,1
IBKR,2017-01-12,2017-01-17,2017-02-15,1-2%,-1.91,9.6396,9.8077,tp_gap_filled,514.8464,4962.93,4962.93,5049.45,1.743,86.52,21
DUK,2017-02-15,2017-02-16,2017-02-17,1-2%,-1.602,76.8668,77.962,tp_gap_filled,64.9112,4989.52,4989.52,5060.61,1.425,71.09,1
NRG,2017-02-21,2017-02-22,2017-02-23,1-2%,-1.813,16.8068,17.0829,tp_gap_filled,296.9419,4990.64,4990.64,5072.63,1.643,81.99,1
VRSK,2017-02-09,2017-02-22,2017-02-23,1-2%,-1.746,82.2322,83.5264,tp_gap_filled,60.6938,4990.99,4990.99,5069.54,1.574,78.55,1
WYNN,2017-02-01,2017-02-10,2017-02-24,1-2%,-1.844,99.6596,92.5907,stop,50.0751,4990.46,4990.46,4636.49,-7.093,-353.97,9
BLDR,2017-02-24,2017-02-27,2017-02-28,1-2%,-1.853,12.1922,12.3976,tp_gap_filled,408.7656,4983.74,4983.74,5067.71,1.685,83.96,1
URI,2017-02-02,2017-02-06,2017-03-01,1-2%,-1.963,127.4673,129.7601,tp_gap_filled,39.0789,4981.28,4981.28,5070.88,1.799,89.6,16
STT,2017-02-16,2017-02-17,2017-03-01,1-2%,-1.612,80.6706,81.8281,tp_gap_filled,61.8324,4988.06,4988.06,5059.63,1.435,71.57,7
BKR,2016-11-29,2017-02-23,2017-03-01,1-2%,-1.942,60.1401,61.2087,tp_gap_filled,82.7874,4978.84,4978.84,5067.31,1.777,88.47,4
APO,2017-02-16,2017-02-28,2017-03-01,1-2%,-1.993,22.6426,23.0569,tp_gap_filled,220.3376,4989.02,4989.02,5080.31,1.83,91.29,1
CIEN,2017-03-03,2017-03-06,2017-03-08,1-2%,-1.895,25.9159,24.0777,stop,193.0652,5003.46,5003.46,4648.56,-7.093,-354.9,2
LITE,2017-02-24,2017-03-01,2017-03-09,1-2%,-1.848,47.8478,44.454,stop,104.8,5014.45,5014.45,4658.78,-7.093,-355.68,6
BLDR,2017-03-03,2017-03-07,2017-03-10,1-2%,-1.914,14.8749,15.1348,tp_gap_filled,336.1471,5000.14,5000.14,5087.54,1.748,87.39,3
WDC,2017-02-24,2017-03-09,2017-03-10,1-2%,-1.971,55.3236,56.3231,tp_gap_filled,89.6503,4959.78,4959.78,5049.38,1.807,89.6,1
PPL,2017-03-08,2017-03-09,2017-03-15,1-2%,-1.93,36.1161,36.7532,tp_gap_filled,137.4289,4963.39,4963.39,5050.95,1.764,87.56,4
LITE,2017-03-10,2017-03-13,2017-03-15,1-2%,-1.854,45.045,45.8041,tp_gap_filled,110.4829,4976.7,4976.7,5060.58,1.685,83.87,2
STE,2017-02-24,2017-03-13,2017-03-15,1-2%,-1.772,68.2482,69.3406,tp_gap_filled,72.9049,4975.63,4975.63,5055.27,1.601,79.64,2
NWS,2017-02-10,2017-03-14,2017-03-15,1-2%,-1.961,12.5125,12.7372,tp_gap_filled,396.1422,4956.73,4956.73,5045.76,1.796,89.03,1
TRGP,2017-03-14,2017-03-15,2017-03-16,1-2%,-1.734,55.5955,56.4635,tp_gap_filled,89.743,4989.31,4989.31,5067.2,1.561,77.89,1
AMD,2017-03-14,2017-03-15,2017-03-20,1-2%,-1.961,14.014,14.2657,tp_gap_filled,356.0664,4989.92,4989.92,5079.54,1.796,89.63,3
TTD,2017-03-20,2017-03-22,2017-03-24,1-2%,-1.797,3.8839,3.6084,stop,1276.8844,4959.27,4959.27,4607.51,-7.093,-351.76,2
LYB,2017-02-07,2017-02-14,2017-03-27,1-2%,-1.864,93.2632,86.648,stop,53.5369,4993.02,4993.02,4638.86,-7.093,-354.15,28
IBKR,2017-02-28,2017-03-09,2017-03-27,1-2%,-1.884,9.2542,8.5978,stop,536.273,4962.8,4962.8,4610.79,-7.093,-352.01,12
CNC,2017-03-23,2017-03-24,2017-03-27,1-2%,-1.72,33.4534,33.971,tp_gap_filled,147.4901,4934.05,4934.05,5010.39,1.547,76.34,1
CAT,2017-03-08,2017-03-20,2017-04-05,1-2%,-1.908,94.1941,95.8341,tp_gap_filled,52.9581,4988.34,4988.34,5075.19,1.741,86.85,12
TDG,2017-03-22,2017-03-30,2017-04-05,1-2%,-1.953,220.6204,224.5652,tp_gap_filled,22.4367,4950.0,4950.0,5038.51,1.788,88.51,4
GWW,2017-04-12,2017-04-13,2017-04-18,1-2%,-1.983,225.1749,209.2033,stop,21.7635,4900.59,4900.59,4552.99,-7.093,-347.6,2
KEYS,2017-03-23,2017-04-11,2017-04-19,1-2%,-1.825,35.5455,36.1338,tp_gap_filled,139.1702,4946.88,4946.88,5028.75,1.655,81.88,5
IEX,2017-03-02,2017-03-03,2017-04-20,1-2%,-1.799,94.5044,96.0439,tp_gap_filled,52.9501,5004.02,5004.02,5085.53,1.629,81.51,33
HBAN,2017-04-19,2017-04-20,2017-04-21,1-2%,-1.953,12.5626,12.7872,tp_gap_filled,391.8138,4922.18,4922.18,5010.2,1.788,88.02,1
GNRC,2017-03-27,2017-04-05,2017-04-25,1-2%,-1.983,36.6066,37.2727,tp_gap_filled,135.0678,4944.37,4944.37,5034.34,1.82,89.97,13
TMO,2017-03-16,2017-03-17,2017-04-26,1-2%,-1.875,158.188,160.889,tp_gap_filled,31.4797,4979.71,4979.71,5064.74,1.707,85.02,27
USB,2017-03-27,2017-03-31,2017-04-26,1-2%,-1.864,51.6416,52.5174,tp_gap_filled,95.812,4947.88,4947.88,5031.8,1.696,83.92,17
SW,2017-03-31,2017-04-03,2017-04-26,1-2%,-1.816,26.5165,26.953,tp_gap_filled,186.2506,4938.71,4938.71,5020.01,1.646,81.3,16
ODFL,2017-02-02,2017-03-21,2017-04-27,1-2%,-1.79,28.7487,29.2141,tp_gap_filled,172.7498,4966.34,4966.34,5046.73,1.619,80.39,26
FANG,2017-03-27,2017-05-02,2017-05-03,1-2%,-1.815,98.0179,99.6303,tp_gap_filled,50.6291,4962.56,4962.56,5044.19,1.645,81.63,1
AIG,2017-03-13,2017-03-20,2017-05-04,1-2%,-1.76,62.032,63.0169,tp_gap_filled,80.4671,4991.53,4991.53,5070.79,1.588,79.26,32
ANET,2017-04-27,2017-05-05,2017-05-08,1-2%,-1.693,8.5711,8.7013,tp_gap_filled,581.2664,4982.07,4982.07,5057.77,1.519,75.7,1
ADI,2017-04-21,2017-04-28,2017-05-09,1-2%,-1.856,77.2772,78.5813,tp_gap_filled,64.3142,4970.02,4970.02,5053.89,1.688,83.88,7
NVDA,2017-03-27,2017-04-27,2017-05-10,1-2%,-1.759,2.6421,2.6841,tp_gap_filled,1883.9388,4977.63,4977.63,5056.61,1.587,78.98,9
DOC,2017-05-04,2017-05-05,2017-05-11,1-2%,-1.769,30.02,30.4995,tp_gap_filled,165.9391,4981.49,4981.49,5061.05,1.597,79.56,4
MO,2017-02-01,2017-05-02,2017-05-16,1-2%,-1.714,70.03,71.1088,tp_gap_filled,70.8765,4963.48,4963.48,5039.95,1.541,76.47,10
IQV,2017-05-16,2017-05-17,2017-05-19,1-2%,-1.818,82.1821,83.5364,tp_gap_filled,60.6361,4983.2,4983.2,5065.32,1.648,82.12,2
BG,2017-05-17,2017-05-18,2017-05-19,1-2%,-1.971,68.6986,69.94,tp_gap_filled,72.4266,4975.6,4975.6,5065.51,1.807,89.91,1
GNRC,2017-05-17,2017-05-18,2017-05-19,1-2%,-1.936,34.985,35.6044,tp_gap_filled,142.2804,4977.67,4977.67,5065.8,1.771,88.13,1
FSLR,2017-05-17,2017-05-19,2017-05-23,1-2%,-1.958,36.0961,36.7432,tp_gap_filled,138.6598,5005.07,5005.07,5094.81,1.793,89.73,2
KMB,2017-04-24,2017-05-02,2017-05-25,1-2%,-1.901,127.6175,129.83,tp_gap_filled,38.8996,4964.27,4964.27,5050.34,1.734,86.07,17
TSLA,2017-05-15,2017-05-16,2017-05-26,1-2%,-1.98,21.2466,21.6323,tp_gap_filled,235.6553,5006.86,5006.86,5097.78,1.816,90.91,8
AMD,2017-05-18,2017-05-22,2017-05-30,1-2%,-1.875,11.001,11.1888,tp_gap_filled,455.0776,5006.3,5006.3,5091.77,1.707,85.47,5
AMGN,2017-05-22,2017-05-23,2017-06-01,1-2%,-1.866,153.7436,156.3535,tp_gap_filled,32.5048,4997.41,4997.41,5082.24,1.698,84.83,6
AES,2017-02-27,2017-05-24,2017-06-01,1-2%,-1.844,11.7217,11.9181,tp_gap_filled,426.5872,5000.33,5000.33,5084.1,1.675,83.76,5
CNC,2017-05-22,2017-05-30,2017-06-01,1-2%,-1.985,36.8268,37.4975,tp_gap_filled,136.171,5014.74,5014.74,5106.07,1.821,91.33,2
CF,2017-05-18,2017-05-31,2017-06-01,1-2%,-1.675,27.027,27.4325,tp_gap_filled,185.7179,5019.4,5019.4,5094.71,1.5,75.32,1
ZBH,2017-05-16,2017-06-01,2017-06-02,1-2%,-1.782,116.7671,118.6482,tp_gap_filled,43.2018,5044.55,5044.55,5125.82,1.611,81.27,1
ZBRA,2017-05-31,2017-06-01,2017-06-02,1-2%,-1.574,105.1551,106.6233,tp_gap_filled,48.0327,5050.88,5050.88,5121.4,1.396,70.52,1
FITB,2017-06-01,2017-06-06,2017-06-07,1-2%,-1.896,23.3133,23.7163,tp_gap_filled,215.5572,5025.35,5025.35,5112.21,1.728,86.86,1
CRH,2017-06-06,2017-06-07,2017-06-08,1-2%,-1.705,35.7757,36.3236,tp_gap_filled,140.2523,5017.63,5017.63,5094.47,1.531,76.84,1
VEEV,2017-06-05,2017-06-06,2017-06-09,1-2%,-1.979,65.4454,60.8033,stop,76.7676,5024.08,5024.08,4667.72,-7.093,-356.36,3
COHR,2017-05-17,2017-06-06,2017-06-09,1-2%,-1.955,32.6326,33.2167,tp_gap_filled,153.9701,5024.44,5024.44,5114.39,1.79,89.94,3
GE,2017-05-12,2017-05-17,2017-06-12,1-2%,-1.767,136.0494,138.2193,tp_gap_filled,36.6287,4983.32,4983.32,5062.8,1.595,79.48,17
OKE,2017-06-05,2017-06-07,2017-06-12,1-2%,-1.655,48.7787,49.5004,tp_gap_filled,102.8858,5018.64,5018.64,5092.9,1.48,74.25,3
TTWO,2017-06-12,2017-06-13,2017-06-14,1-2%,-1.952,73.9038,75.2247,tp_gap_filled,68.3289,5049.77,5049.77,5140.02,1.787,90.25,1
PFE,2017-05-16,2017-05-17,2017-06-16,1-2%,-1.691,30.9227,31.3917,tp_gap_filled,160.8762,4974.73,4974.73,5050.18,1.517,75.45,21
PCAR,2017-04-18,2017-05-11,2017-06-19,1-2%,-1.653,42.8828,43.5164,tp_gap_filled,116.684,5003.74,5003.74,5077.67,1.478,73.93,26
FAST,2017-06-06,2017-06-12,2017-06-19,1-2%,-1.904,10.9609,11.1513,tp_gap_filled,460.6915,5049.62,5049.62,5137.33,1.737,87.71,5
VEEV,2017-06-12,2017-06-13,2017-06-19,1-2%,-1.654,60.7006,61.5983,tp_gap_filled,83.1584,5047.77,5047.77,5122.42,1.479,74.65,4
FSLR,2017-06-15,2017-06-16,2017-06-19,1-2%,-1.907,35.5355,36.1538,tp_gap_filled,141.9729,5045.08,5045.08,5132.86,1.74,87.78,1
AMAT,2017-06-15,2017-06-16,2017-06-19,1-2%,-1.796,43.2332,43.936,tp_gap_filled,116.7429,5047.17,5047.17,5129.22,1.626,82.05,1
DPZ,2017-06-09,2017-06-19,2017-06-22,1-2%,-1.827,214.1139,217.6621,tp_gap_filled,23.7284,5080.58,5080.58,5164.77,1.657,84.19,3
NFLX,2017-06-12,2017-06-13,2017-06-23,1-2%,-1.728,15.5455,15.7872,tp_gap_filled,324.9946,5052.21,5052.21,5130.75,1.555,78.54,8
FITB,2017-06-14,2017-06-22,2017-06-23,1-2%,-1.777,24.9049,25.3047,tp_gap_filled,203.2814,5062.7,5062.7,5143.97,1.605,81.27,1
CBRE,2017-05-11,2017-06-01,2017-06-26,1-2%,-1.93,35.6056,36.2337,tp_gap_filled,141.6878,5044.87,5044.87,5133.88,1.764,89.0,17
HII,2017-05-04,2017-05-05,2017-06-29,1-2%,-1.83,197.5674,183.5539,stop,25.2273,4984.1,4984.1,4630.58,-7.093,-353.52,38
MCHP,2017-06-12,2017-06-14,2017-07-03,1-2%,-1.977,40.9559,38.0509,stop,123.1293,5042.87,5042.87,4685.18,-7.093,-357.69,13
GRMN,2017-06-15,2017-06-27,2017-07-03,1-2%,-1.856,50.8108,51.6683,tp_gap_filled,99.9336,5077.7,5077.7,5163.4,1.688,85.7,4
CRH,2017-06-15,2017-06-29,2017-07-05,1-2%,-1.773,35.4855,36.0539,tp_gap_filled,142.7398,5065.19,5065.19,5146.33,1.602,81.14,3
MPWR,2017-06-15,2017-07-03,2017-07-05,1-2%,-1.793,94.8247,96.3635,tp_gap_filled,53.5209,5075.11,5075.11,5157.46,1.623,82.36,1
HAL,2017-06-20,2017-07-03,2017-07-05,1-2%,-1.547,43.3333,43.926,tp_gap_filled,117.1202,5075.2,5075.2,5144.63,1.368,69.42,1
CIEN,2017-06-15,2017-06-30,2017-07-07,1-2%,-1.572,25.065,25.4146,tp_gap_filled,202.2683,5069.86,5069.86,5140.56,1.394,70.7,4
AMZN,2017-06-15,2017-07-03,2017-07-07,1-2%,-1.82,47.9829,48.7747,tp_gap_filled,105.8021,5076.69,5076.69,5160.46,1.65,83.77,3
APA,2017-06-20,2017-07-03,2017-07-07,1-2%,-1.726,49.009,45.5328,stop,103.5227,5073.54,5073.54,4713.68,-7.093,-359.87,3
FANG,2017-06-20,2017-07-07,2017-07-10,1-2%,-1.863,84.3743,85.8041,tp_gap_filled,59.8616,5050.78,5050.78,5136.37,1.695,85.59,1
NEM,2017-07-03,2017-07-10,2017-07-11,1-2%,-1.883,31.8118,32.3576,tp_gap_filled,159.0732,5060.4,5060.4,5147.23,1.716,86.83,1
MU,2017-07-06,2017-07-10,2017-07-11,1-2%,-1.868,29.9699,30.4795,tp_gap_filled,169.0398,5066.11,5066.11,5152.25,1.7,86.13,1
CRH,2017-07-06,2017-07-07,2017-07-12,1-2%,-1.625,35.7557,36.2737,tp_gap_filled,141.4015,5055.91,5055.91,5129.15,1.449,73.24,3
SWKS,2017-06-15,2017-07-11,2017-07-13,1-2%,-1.688,100.8407,102.3675,tp_gap_filled,50.2662,5068.89,5068.89,5145.63,1.514,76.75,2
JCI,2017-02-01,2017-04-25,2017-07-14,1-2%,-1.774,43.2432,43.936,tp_gap_filled,114.6226,4956.65,4956.65,5036.06,1.602,79.41,56
TMUS,2017-04-06,2017-06-27,2017-07-20,1-2%,-1.811,62.4123,63.4365,tp_gap_filled,81.338,5076.5,5076.5,5159.8,1.641,83.3,16
SLB,2017-06-20,2017-07-03,2017-07-21,1-2%,-1.542,67.1171,68.0319,tp_gap_filled,75.6509,5077.47,5077.47,5146.68,1.363,69.21,13
IBKR,2017-07-19,2017-07-20,2017-07-21,1-2%,-1.622,9.2567,9.3906,tp_gap_filled,550.1542,5092.64,5092.64,5166.28,1.446,73.64,1
OMC,2017-04-18,2017-06-01,2017-07-25,1-2%,-1.66,84.8247,78.8081,stop,59.5296,5049.58,5049.58,4691.42,-7.093,-358.17,37
BAC,2017-07-14,2017-07-17,2017-07-25,1-2%,-1.706,24.2242,24.5954,tp_gap_filled,210.2179,5092.36,5092.36,5170.39,1.532,78.03,6
DAL,2017-07-13,2017-07-14,2017-07-26,1-2%,-1.676,54.6045,50.7314,stop,93.2464,5091.68,5091.68,4730.52,-7.093,-361.15,8
OXY,2017-06-20,2017-06-21,2017-07-27,1-2%,-1.854,60.9409,61.968,tp_gap_filled,83.1236,5065.63,5065.63,5151.0,1.685,85.38,25
TSLA,2017-07-05,2017-07-27,2017-07-31,1-2%,-1.537,23.1698,21.5264,stop,219.024,5074.75,5074.75,4714.79,-7.093,-359.95,2
EXR,2017-07-27,2017-07-31,2017-08-02,1-2%,-1.619,79.079,80.2197,tp_gap_filled,63.8402,5048.42,5048.42,5121.24,1.442,72.82,2
LEN,2017-07-11,2017-07-12,2017-08-08,1-2%,-1.63,51.1762,51.9203,tp_gap_filled,99.2197,5077.69,5077.69,5151.51,1.454,73.83,19
GEN,2017-08-03,2017-08-04,2017-08-09,1-2%,-1.973,30.3303,28.179,stop,166.8257,5059.87,5059.87,4700.98,-7.093,-358.9,3
NUE,2017-07-20,2017-07-26,2017-08-11,1-2%,-1.714,59.6796,55.4465,stop,85.0758,5077.29,5077.29,4717.16,-7.093,-360.13,12
GDDY,2017-06-15,2017-08-10,2017-08-14,1-2%,-1.77,41.1111,41.7682,tp_gap_filled,122.1401,5021.31,5021.31,5101.57,1.598,80.26,2
YUM,2017-08-03,2017-08-10,2017-08-16,1-2%,-1.879,75.2552,76.5434,tp_gap_filled,66.7192,5020.96,5020.96,5106.91,1.712,85.95,4
AMD,2017-07-06,2017-08-15,2017-08-16,1-2%,-1.895,12.9529,13.1768,tp_gap_filled,388.5467,5032.82,5032.82,5119.81,1.728,86.98,1
GE,2017-07-06,2017-07-14,2017-08-17,1-2%,-1.792,128.8536,119.714,stop,39.5231,5092.69,5092.69,4731.46,-7.093,-361.22,24
APO,2017-08-11,2017-08-17,2017-08-18,1-2%,-1.627,29.049,29.4705,tp_gap_filled,172.9743,5024.73,5024.73,5097.64,1.451,72.91,1
BAX,2017-07-26,2017-07-27,2017-08-22,1-2%,-1.675,61.111,62.0279,tp_gap_filled,83.0911,5077.78,5077.78,5153.97,1.5,76.18,18
MGM,2017-07-14,2017-08-09,2017-08-22,1-2%,-1.942,31.3413,31.8981,tp_gap_filled,160.7879,5039.3,5039.3,5128.82,1.776,89.52,9
ULTA,2017-07-31,2017-08-15,2017-08-25,1-2%,-1.899,244.1239,226.8082,stop,20.6431,5039.48,5039.48,4682.03,-7.093,-357.45,8
DPZ,2017-08-11,2017-08-15,2017-08-25,1-2%,-1.813,189.229,175.807,stop,26.6033,5034.12,5034.12,4677.05,-7.093,-357.07,8
CHRW,2017-07-17,2017-08-15,2017-08-28,1-2%,-1.972,68.1581,69.3905,tp_gap_filled,73.9456,5039.99,5039.99,5131.13,1.808,91.13,9
MDLZ,2017-08-17,2017-08-18,2017-08-30,1-2%,-1.652,43.5035,40.4178,stop,115.6703,5032.06,5032.06,4675.14,-7.093,-356.92,8
ECHO,2017-08-09,2017-08-24,2017-08-31,1-2%,-1.981,47.7544,48.6223,tp_gap_filled,105.1282,5020.33,5020.33,5111.58,1.818,91.25,5
DAL,2017-08-29,2017-08-30,2017-08-31,1-2%,-1.725,46.1861,46.9031,tp_gap_filled,108.1445,4994.78,4994.78,5072.31,1.552,77.53,1
PGR,2017-08-28,2017-08-29,2017-09-05,1-2%,-1.963,47.4975,44.1285,stop,105.4159,5006.99,5006.99,4651.84,-7.093,-355.15,4
RTX,2017-08-07,2017-08-30,2017-09-06,1-2%,-1.794,75.16,69.8289,stop,66.4505,4994.42,4994.42,4640.17,-7.093,-354.25,4
ALL,2017-08-28,2017-08-29,2017-09-11,1-2%,-1.793,90.4604,91.928,tp_gap_filled,55.3578,5007.68,5007.68,5088.93,1.622,81.24,8
INCY,2017-09-05,2017-09-06,2017-09-11,1-2%,-2.0,135.4053,125.801,stop,36.6741,4965.86,4965.86,4613.64,-7.093,-352.23,3
NKE,2017-08-29,2017-08-30,2017-09-12,1-2%,-1.843,52.7927,53.6763,tp_gap_filled,94.6251,4995.52,4995.52,5079.12,1.674,83.6,8
OXY,2017-09-08,2017-09-12,2017-09-14,1-2%,-1.746,60.8408,61.7981,tp_gap_filled,81.6571,4968.08,4968.08,5046.26,1.574,78.18,2
EOG,2017-08-02,2017-09-14,2017-09-22,1-2%,-1.948,92.7126,94.3655,tp_gap_filled,53.2466,4936.63,4936.63,5024.65,1.783,88.01,6
GE,2017-09-07,2017-09-18,2017-09-22,1-2%,-1.645,117.5801,119.3081,tp_gap_filled,42.0979,4949.87,4949.87,5022.62,1.47,72.75,4
VEEV,2017-09-05,2017-09-06,2017-09-25,1-2%,-1.741,58.7387,54.5723,stop,84.5558,4966.7,4966.7,4614.41,-7.093,-352.29,13
HRL,2017-08-25,2017-08-28,2017-09-26,1-2%,-1.994,31.4815,32.0579,tp_gap_filled,159.0789,5008.03,5008.03,5099.74,1.831,91.7,20
FICO,2017-08-01,2017-08-03,2017-09-27,1-2%,-1.915,139.9598,142.4075,tp_gap_filled,36.1115,5054.15,5054.15,5142.54,1.749,88.39,38
LITE,2017-08-23,2017-09-25,2017-09-27,1-2%,-1.932,53.3533,54.2956,tp_gap_filled,92.8073,4951.58,4951.58,5039.03,1.766,87.46,2
ADSK,2017-08-29,2017-09-25,2017-09-27,1-2%,-1.642,109.7597,111.3685,tp_gap_filled,45.0515,4944.83,4944.83,5017.32,1.466,72.48,2
TGT,2017-09-25,2017-09-27,2017-09-28,1-2%,-1.678,58.058,58.931,tp_gap_filled,85.6383,4971.99,4971.99,5046.75,1.504,74.76,1
ALB,2017-09-25,2017-09-28,2017-09-29,1-2%,-1.497,132.4123,134.1557,tp_gap_filled,37.6471,4984.94,4984.94,5050.58,1.317,65.63,1
KO,2017-07-26,2017-09-27,2017-10-02,1-2%,-1.525,44.5945,45.1948,tp_gap_filled,111.5712,4975.47,4975.47,5042.43,1.346,66.97,3
TSLA,2017-08-29,2017-09-28,2017-10-03,1-2%,-1.788,22.6546,23.021,tp_gap_filled,220.0478,4985.1,4985.1,5065.71,1.617,80.61,3
FCX,2017-09-06,2017-09-08,2017-10-04,1-2%,-1.961,14.5145,14.7752,tp_gap_filled,341.3238,4954.14,4954.14,5043.13,1.796,88.99,18
ADM,2017-09-28,2017-09-29,2017-10-04,1-2%,-1.603,42.4024,43.0069,tp_gap_filled,117.4705,4981.03,4981.03,5052.05,1.426,71.02,3
RCL,2017-09-15,2017-10-04,2017-10-05,1-2%,-1.619,121.6716,123.4265,tp_gap_filled,41.1291,5004.25,5004.25,5076.42,1.442,72.18,1
FLEX,2017-07-28,2017-09-12,2017-10-06,1-2%,-1.989,12.6351,12.8658,tp_gap_filled,393.1,4966.85,4966.85,5057.54,1.826,90.69,18
DVN,2017-10-02,2017-10-04,2017-10-10,1-2%,-1.88,36.056,36.6733,tp_gap_filled,138.8286,5005.61,5005.61,5091.3,1.712,85.69,4
LVS,2017-10-02,2017-10-09,2017-10-10,1-2%,-1.652,63.1631,64.0958,tp_gap_filled,79.2893,5008.16,5008.16,5082.12,1.477,73.96,1
BKR,2017-10-02,2017-10-09,2017-10-17,1-2%,-1.802,35.996,33.4428,stop,139.1613,5009.24,5009.24,4653.94,-7.093,-355.31,6
ADBE,2017-10-16,2017-10-18,2017-10-19,1-2%,-1.806,151.3011,153.7761,tp_gap_filled,32.972,4988.71,4988.71,5070.31,1.636,81.6,1
DECK,2017-10-16,2017-10-18,2017-10-20,1-2%,-1.929,10.7708,10.9607,tp_gap_filled,462.7038,4983.67,4983.67,5071.56,1.763,87.88,2
HUM,2017-10-09,2017-10-11,2017-10-23,1-2%,-1.985,242.242,246.6531,tp_gap_filled,20.6835,5010.41,5010.41,5101.64,1.821,91.24,8
WDC,2017-09-28,2017-10-13,2017-10-23,1-2%,-1.657,66.0145,66.9927,tp_gap_filled,75.6922,4996.79,4996.79,5070.82,1.482,74.04,6
HAL,2017-10-02,2017-10-03,2017-10-24,1-2%,-1.738,45.2752,42.0639,stop,110.4469,5000.51,5000.51,4645.82,-7.093,-354.69,15
ETN,2017-10-17,2017-10-19,2017-10-24,1-2%,-1.767,77.9078,79.1508,tp_gap_filled,64.0836,4992.61,4992.61,5072.26,1.595,79.65,3
WM,2017-10-04,2017-10-20,2017-10-26,1-2%,-1.766,77.9579,79.2007,tp_gap_filled,64.2156,5006.11,5006.11,5085.92,1.594,79.81,4
AAPL,2017-10-19,2017-10-20,2017-10-27,1-2%,-1.884,39.2267,39.9001,tp_gap_filled,127.6468,5007.16,5007.16,5093.12,1.717,85.95,5
SWKS,2017-10-19,2017-10-23,2017-10-27,1-2%,-1.807,105.5054,107.2327,tp_gap_filled,47.3952,5000.45,5000.45,5082.31,1.637,81.86,4
TSLA,2017-10-27,2017-10-30,2017-10-31,1-2%,-1.968,21.338,21.7229,tp_gap_filled,234.3063,4999.62,4999.62,5089.82,1.804,90.19,1
WYNN,2017-10-27,2017-10-30,2017-10-31,1-2%,-1.844,142.8027,145.1947,tp_gap_filled,35.0108,4999.63,4999.63,5083.38,1.675,83.75,1
OKE,2017-11-03,2017-11-06,2017-11-07,1-2%,-1.837,52.4224,53.2966,tp_gap_filled,94.9549,4977.76,4977.76,5060.78,1.668,83.02,1
NCLH,2017-10-19,2017-11-07,2017-11-09,1-2%,-1.862,56.4564,57.4125,tp_gap_filled,88.466,4994.47,4994.47,5079.06,1.694,84.58,2
LITE,2017-10-05,2017-11-09,2017-11-10,1-2%,-1.873,55.055,55.9939,tp_gap_filled,90.8049,4999.26,4999.26,5084.53,1.705,85.26,1
TTD,2017-08-23,2017-11-10,2017-11-13,1-2%,-1.81,4.9419,5.023,tp_gap_filled,1010.3218,4992.95,4992.95,5074.82,1.64,81.87,1
ZBH,2017-11-03,2017-11-06,2017-11-14,1-2%,-1.994,106.9807,108.9395,tp_gap_filled,46.5475,4979.68,4979.68,5070.86,1.831,91.18,6
CAH,2017-11-01,2017-11-02,2017-11-15,1-2%,-1.761,60.8708,56.5532,stop,81.9671,4989.4,4989.4,4635.5,-7.093,-353.9,9
NSC,2017-10-25,2017-11-07,2017-11-15,1-2%,-1.965,129.8397,132.1777,tp_gap_filled,38.4722,4995.22,4995.22,5085.17,1.801,89.95,6
CMCSA,2017-10-12,2017-10-16,2017-11-16,1-2%,-1.657,34.5237,35.0352,tp_gap_filled,144.6525,4993.94,4993.94,5067.93,1.482,73.99,23
BRO,2017-11-08,2017-11-09,2017-11-20,1-2%,-1.832,24.6797,25.0899,tp_gap_filled,202.6389,5001.06,5001.06,5084.19,1.662,83.13,7
LMT,2017-10-24,2017-10-25,2017-11-29,1-2%,-1.883,315.0047,320.4093,tp_gap_filled,15.8703,4999.21,4999.21,5084.98,1.716,85.77,24
UPS,2017-10-05,2017-11-02,2017-11-29,1-2%,-1.866,116.8968,118.881,tp_gap_filled,42.6826,4989.46,4989.46,5074.15,1.697,84.69,18
CVX,2017-10-27,2017-10-31,2017-11-30,1-2%,-1.95,116.2461,118.3216,tp_gap_filled,43.0024,4998.86,4998.86,5088.11,1.785,89.25,21
FCX,2017-11-29,2017-11-30,2017-12-01,1-2%,-1.9,13.9539,14.1958,tp_gap_filled,361.122,5039.08,5039.08,5126.41,1.733,87.34,1
CRM,2017-11-22,2017-11-24,2017-12-05,1-2%,-1.792,106.9568,99.3704,stop,46.8372,5009.56,5009.56,4654.23,-7.093,-355.33,7
LLY,2017-10-10,2017-10-24,2017-12-13,1-2%,-1.918,85.4654,86.963,tp_gap_filled,58.5361,5002.81,5002.81,5090.47,1.752,87.66,35
LH,2017-12-05,2017-12-06,2017-12-15,1-2%,-1.786,133.3721,135.5259,tp_gap_filled,37.5856,5012.86,5012.86,5093.82,1.615,80.95,7
CHTR,2017-12-04,2017-12-06,2017-12-21,1-2%,-1.805,330.5302,335.9337,tp_gap_filled,15.1843,5018.85,5018.85,5100.9,1.635,82.05,11
AON,2017-10-30,2017-10-31,2017-12-22,1-2%,-1.854,143.6135,133.427,stop,34.8024,4998.09,4998.09,4643.58,-7.093,-354.51,37
PCAR,2017-12-11,2017-12-13,2018-01-02,1-2%,-1.792,47.1671,47.932,tp_gap_filled,106.2881,5013.3,5013.3,5094.6,1.622,81.3,12
DD,2017-11-02,2017-11-03,2018-01-04,1-2%,-1.773,128.7946,130.8575,tp_gap_filled,38.7554,4991.49,4991.49,5071.44,1.602,79.95,41
QCOM,2017-11-21,2017-12-01,2018-01-04,1-2%,-1.685,65.4153,66.4035,tp_gap_filled,77.0323,5039.09,5039.09,5115.21,1.511,76.12,22
CPRT,2017-12-12,2017-12-28,2018-01-04,1-2%,-1.845,10.7833,10.964,tp_gap_filled,465.9582,5024.55,5024.55,5108.78,1.676,84.22,4
PEG,2017-10-31,2018-01-04,2018-01-05,1-2%,-1.796,48.7087,49.5004,tp_gap_filled,103.5126,5041.96,5041.96,5123.92,1.626,81.96,1
MET,2017-12-15,2017-12-18,2018-01-09,1-2%,-1.867,51.5615,52.4375,tp_gap_filled,97.3361,5018.8,5018.8,5104.06,1.699,85.27,14
STE,2017-11-01,2018-01-12,2018-01-16,1-2%,-1.843,91.7016,93.2367,tp_gap_filled,55.181,5060.19,5060.19,5144.9,1.674,84.71,1
LRCX,2018-01-10,2018-01-16,2018-01-17,1-2%,-1.635,19.4534,19.7372,tp_gap_filled,260.0924,5059.69,5059.69,5133.51,1.459,73.82,1
PM,2017-12-20,2017-12-29,2018-01-19,1-2%,-1.961,106.106,108.0119,tp_gap_filled,47.3038,5019.22,5019.22,5109.37,1.796,90.16,13
GWW,2018-01-17,2018-01-18,2018-01-19,1-2%,-1.808,227.8476,231.5782,tp_gap_filled,22.2085,5060.16,5060.16,5143.01,1.637,82.85,1
BMY,2018-01-16,2018-01-17,2018-01-22,1-2%,-1.688,61.8117,62.7472,tp_gap_filled,81.9287,5064.16,5064.16,5140.8,1.513,76.64,3
GD,2017-10-25,2017-10-26,2018-01-24,1-2%,-1.83,208.4082,211.8679,tp_gap_filled,23.9771,4997.03,4997.03,5079.98,1.66,82.95,60
ANET,2018-01-23,2018-01-24,2018-01-25,1-2%,-1.727,16.9494,17.2128,tp_gap_filled,300.1064,5086.63,5086.63,5165.66,1.554,79.03,1
JCI,2017-11-09,2018-01-16,2018-01-26,1-2%,-1.927,40.2502,40.959,tp_gap_filled,125.7184,5060.19,5060.19,5149.3,1.761,89.11,8
HPQ,2018-01-23,2018-01-25,2018-01-26,1-2%,-1.761,23.4534,23.8262,tp_gap_filled,216.9636,5088.54,5088.54,5169.41,1.589,80.87,1
PANW,2018-01-22,2018-01-30,2018-01-31,1-2%,-1.953,25.7174,26.1771,tp_gap_filled,197.9855,5091.67,5091.67,5182.69,1.788,91.03,1
KLAC,2018-01-26,2018-01-30,2018-02-01,1-2%,-1.848,11.1111,11.2977,tp_gap_filled,458.269,5091.87,5091.87,5177.38,1.679,85.51,2
LRCX,2018-01-30,2018-01-31,2018-02-02,1-2%,-1.975,19.2292,17.8653,stop,264.715,5090.26,5090.26,4729.21,-7.093,-361.05,2
CSX,2018-01-17,2018-01-22,2018-02-05,1-2%,-1.686,19.069,17.7165,stop,266.1344,5074.93,5074.93,4714.97,-7.093,-359.96,10
MCHP,2018-01-24,2018-01-26,2018-02-05,1-2%,-1.685,48.4784,45.0399,stop,105.2323,5101.5,5101.5,4739.65,-7.093,-361.85,6
IVZ,2018-01-08,2018-01-31,2018-02-05,1-2%,-1.905,36.6066,34.0101,stop,139.0253,5089.24,5089.24,4728.26,-7.093,-360.98,3
BSX,2018-02-01,2018-02-02,2018-02-05,1-2%,-1.896,27.4574,27.932,tp_gap_filled,183.7364,5044.93,5044.93,5132.13,1.729,87.2,1
QCOM,2018-02-01,2018-02-02,2018-02-05,1-2%,-1.832,67.067,62.3099,stop,75.1295,5038.71,5038.71,4681.31,-7.093,-357.4,1
SLB,2018-01-19,2018-01-30,2018-02-06,1-2%,-1.794,75.075,69.7499,stop,67.7719,5087.98,5087.98,4727.09,-7.093,-360.89,5
APD,2018-01-29,2018-01-30,2018-02-06,1-2%,-1.707,167.1169,155.2633,stop,30.4347,5086.16,5086.16,4725.4,-7.093,-360.76,5
COR,2018-02-01,2018-02-02,2018-02-06,1-2%,-1.936,97.8377,90.8981,stop,51.6122,5049.62,5049.62,4691.45,-7.093,-358.17,2
URI,2018-01-30,2018-02-02,2018-02-06,1-2%,-1.89,177.2371,164.6656,stop,28.4608,5044.31,5044.31,4686.52,-7.093,-357.79,2
GD,2018-02-02,2018-02-05,2018-02-06,1-2%,-1.94,221.0608,205.381,stop,22.4471,4962.16,4962.16,4610.2,-7.093,-351.97,1
DHI,2017-11-09,2018-02-05,2018-02-06,1-2%,-1.784,44.6446,45.3646,tp_gap_filled,110.6903,4941.72,4941.72,5021.42,1.613,79.7,1
AMZN,2018-02-05,2018-02-06,2018-02-07,1-2%,-1.911,70.2011,71.426,tp_gap_filled,70.2271,4930.02,4930.02,5016.04,1.745,86.02,1
MA,2018-02-05,2018-02-06,2018-02-07,1-2%,-1.865,167.5374,170.3795,tp_gap_filled,29.4671,4936.84,4936.84,5020.59,1.696,83.75,1
MPC,2018-02-05,2018-02-07,2018-02-09,1-2%,-1.973,66.1461,61.4543,stop,74.6582,4938.35,4938.35,4588.07,-7.093,-350.28,2
MTD,2018-02-06,2018-02-08,2018-02-09,1-2%,-1.935,623.8232,634.8645,tp_gap_filled,7.8595,4902.95,4902.95,4989.73,1.77,86.78,1
ROP,2018-02-06,2018-02-08,2018-02-12,1-2%,-1.991,261.7014,266.4832,tp_gap_filled,18.7432,4905.11,4905.11,4994.74,1.827,89.63,2
ADBE,2018-02-06,2018-02-08,2018-02-12,1-2%,-1.934,186.7766,190.0797,tp_gap_filled,26.2023,4893.98,4893.98,4980.53,1.769,86.55,2
AON,2018-02-06,2018-02-08,2018-02-12,1-2%,-1.931,137.7676,140.1997,tp_gap_filled,35.5081,4891.87,4891.87,4978.22,1.765,86.36,2
GS,2018-02-06,2018-02-09,2018-02-12,1-2%,-1.967,244.4542,248.8609,tp_gap_filled,20.0564,4902.87,4902.87,4991.25,1.803,88.38,1
MAS,2018-02-06,2018-02-09,2018-02-12,1-2%,-1.938,40.5205,41.2387,tp_gap_filled,121.1172,4907.73,4907.73,4994.72,1.773,86.99,1
APH,2018-02-06,2018-02-08,2018-02-15,1-2%,-1.912,10.8508,11.0402,tp_gap_filled,450.5474,4888.82,4888.82,4974.13,1.745,85.32,5
VMRK,2018-02-06,2018-02-07,2018-02-16,1-2%,-1.947,56.9769,57.9919,tp_gap_filled,86.6035,4934.4,4934.4,5022.31,1.781,87.91,7
FIS,2018-02-06,2018-02-08,2018-02-16,1-2%,-1.903,95.4453,97.1028,tp_gap_filled,51.1513,4882.15,4882.15,4966.93,1.737,84.78,6
EFX,2018-02-06,2018-02-08,2018-02-16,1-2%,-1.9,116.2662,118.2816,tp_gap_filled,41.9317,4875.23,4875.23,4959.74,1.733,84.51,6
GOOG,2018-02-05,2018-02-15,2018-02-20,1-2%,-1.916,54.5845,55.5394,tp_gap_filled,90.9455,4964.22,4964.22,5051.06,1.749,86.84,2
AMAT,2018-01-30,2018-02-16,2018-02-20,1-2%,-1.898,54.3343,55.2747,tp_gap_filled,91.4848,4970.76,4970.76,5056.79,1.731,86.03,1
TTD,2018-01-30,2018-02-20,2018-02-21,1-2%,-1.899,4.964,5.0499,tp_gap_filled,1001.476,4971.29,4971.29,5057.4,1.732,86.11,1
DVA,2018-02-14,2018-02-22,2018-02-26,1-2%,-1.999,72.1421,73.4665,tp_gap_filled,68.911,4971.38,4971.38,5062.64,1.836,91.27,2
LEN,2018-02-06,2018-02-28,2018-03-05,1-2%,-1.976,54.8079,55.8009,tp_gap_filled,90.714,4971.85,4971.85,5061.92,1.812,90.08,3
HSIC,2018-03-01,2018-03-02,2018-03-05,1-2%,-1.813,51.0235,51.8618,tp_gap_filled,97.5648,4978.1,4978.1,5059.89,1.643,81.79,1
MLM,2018-02-06,2018-02-27,2018-03-06,1-2%,-1.975,205.175,208.8909,tp_gap_filled,24.2741,4980.44,4980.44,5070.64,1.811,90.2,5
DELL,2018-01-30,2018-03-01,2018-03-06,1-2%,-1.872,20.6198,20.9712,tp_gap_filled,241.1696,4972.88,4972.88,5057.61,1.704,84.73,3
AMD,2018-03-02,2018-03-05,2018-03-06,1-2%,-1.933,11.6817,11.8881,tp_gap_filled,427.2078,4990.5,4990.5,5078.69,1.767,88.19,1
CCI,2018-03-01,2018-03-06,2018-03-08,1-2%,-1.781,108.2081,109.9499,tp_gap_filled,46.2185,5001.22,5001.22,5081.72,1.61,80.51,2
AXON,2018-03-16,2018-03-19,2018-03-20,1-2%,-1.735,37.988,38.5814,tp_gap_filled,130.8601,4971.11,4971.11,5048.76,1.562,77.66,1
LVS,2018-02-02,2018-03-08,2018-03-22,1-2%,-1.918,76.7867,71.3402,stop,65.2668,5011.62,5011.62,4656.14,-7.093,-355.47,10
IVZ,2018-02-05,2018-03-09,2018-03-22,1-2%,-1.792,34.5645,32.1129,stop,144.9737,5010.95,5010.95,4655.52,-7.093,-355.43,9
T,2018-01-29,2018-02-05,2018-03-23,1-2%,-1.824,28.0718,26.0807,stop,176.1657,4945.3,4945.3,4594.53,-7.093,-350.77,33
F,2018-01-29,2018-03-14,2018-03-23,1-2%,-1.974,11.4314,10.6206,stop,435.8817,4982.75,4982.75,4629.32,-7.093,-353.43,7
BA,2018-03-05,2018-03-13,2018-03-28,1-2%,-1.935,338.338,314.3397,stop,14.7785,5000.12,5000.12,4645.46,-7.093,-354.66,11
NFLX,2018-03-02,2018-03-28,2018-03-29,1-2%,-1.977,28.4935,29.01,tp_gap_filled,171.9318,4898.93,4898.93,4987.73,1.813,88.8,1
DOV,2018-02-14,2018-03-28,2018-03-29,1-2%,-1.936,77.7999,79.1776,tp_gap_filled,62.9776,4899.65,4899.65,4986.42,1.771,86.77,1
DAL,2018-03-21,2018-03-22,2018-04-02,1-2%,-1.788,55.5455,51.6056,stop,88.7934,4932.07,4932.07,4582.24,-7.093,-349.83,6
TXN,2018-03-22,2018-03-26,2018-04-06,1-2%,-1.961,106.6165,99.0542,stop,46.2053,4926.25,4926.25,4576.83,-7.093,-349.42,8
STLD,2018-04-04,2018-04-06,2018-04-09,1-2%,-1.997,43.2232,44.0159,tp_gap_filled,113.088,4888.02,4888.02,4977.68,1.834,89.65,1
BRK-B,2018-04-04,2018-04-06,2018-04-09,1-2%,-1.99,194.214,197.762,tp_gap_filled,25.1757,4889.48,4889.48,4978.8,1.827,89.32,1
A,2018-04-04,2018-04-06,2018-04-09,1-2%,-1.941,64.2142,65.3546,tp_gap_filled,76.1823,4891.98,4891.98,4978.86,1.776,86.88,1
MA,2018-04-04,2018-04-06,2018-04-09,1-2%,-1.908,169.3492,172.2975,tp_gap_filled,28.8743,4889.83,4889.83,4974.96,1.741,85.13,1
VEEV,2018-04-04,2018-04-06,2018-04-10,1-2%,-1.958,70.6606,71.928,tp_gap_filled,69.2194,4891.08,4891.08,4978.81,1.794,87.73,2
AMAT,2018-04-06,2018-04-09,2018-04-10,1-2%,-1.897,53.3133,54.2357,tp_gap_filled,91.9726,4903.36,4903.36,4988.2,1.73,84.84,1
NVDA,2018-04-06,2018-04-09,2018-04-10,1-2%,-1.875,5.4362,5.529,tp_gap_filled,901.7381,4902.01,4902.01,4985.68,1.707,83.67,1
MGM,2018-03-22,2018-03-27,2018-04-17,1-2%,-1.827,35.4955,36.0839,tp_gap_filled,138.3642,4911.3,4911.3,4992.72,1.658,81.42,14
ROP,2018-04-04,2018-04-06,2018-04-17,1-2%,-1.876,271.7215,276.3634,tp_gap_filled,17.9976,4890.34,4890.34,4973.88,1.708,83.54,7
CAT,2018-03-22,2018-04-13,2018-04-18,1-2%,-1.881,153.0229,155.6442,tp_gap_filled,32.1623,4921.57,4921.57,5005.88,1.713,84.31,3
CL,2017-11-29,2018-02-05,2018-04-23,1-2%,-1.842,71.4914,66.4205,stop,69.2547,4951.12,4951.12,4599.94,-7.093,-351.18,53
NVDA,2018-04-19,2018-04-20,2018-04-25,1-2%,-1.955,5.7995,5.3882,stop,848.8458,4922.92,4922.92,4573.74,-7.093,-349.18,3
PCAR,2018-04-04,2018-04-24,2018-04-25,1-2%,-1.887,43.023,43.7629,tp_gap_filled,113.9237,4901.34,4901.34,4985.63,1.72,84.29,1
VMC,2018-04-04,2018-04-24,2018-04-26,1-2%,-1.934,110.6405,112.5973,tp_gap_filled,44.2852,4899.74,4899.74,4986.4,1.769,86.66,2
DE,2018-04-11,2018-04-24,2018-04-26,1-2%,-1.851,145.4153,135.101,stop,33.7158,4902.8,4902.8,4555.04,-7.093,-347.76,2
PTC,2018-04-19,2018-04-25,2018-04-26,1-2%,-1.855,82.092,83.4764,tp_gap_filled,59.5466,4888.3,4888.3,4970.74,1.686,82.44,1
GNRC,2018-04-04,2018-05-01,2018-05-02,1-2%,-1.856,44.4744,45.2247,tp_gap_filled,109.8259,4884.45,4884.45,4966.85,1.687,82.4,1
TSN,2018-04-02,2018-04-04,2018-05-03,1-2%,-1.954,71.8318,66.7367,stop,68.3735,4911.39,4911.39,4563.03,-7.093,-348.36,21
ADI,2018-04-04,2018-04-23,2018-05-04,1-2%,-1.91,87.8978,89.4305,tp_gap_filled,55.8415,4908.35,4908.35,4993.93,1.744,85.59,9
SPGI,2018-04-26,2018-05-03,2018-05-04,1-2%,-1.857,176.2025,179.1773,tp_gap_filled,27.6519,4872.33,4872.33,4954.59,1.688,82.26,1
MCHP,2018-04-19,2018-04-20,2018-05-07,1-2%,-1.932,43.1932,43.956,tp_gap_filled,113.8941,4919.45,4919.45,5006.33,1.766,86.88,11
FCX,2018-04-27,2018-04-30,2018-05-07,1-2%,-1.919,15.3453,15.6144,tp_gap_filled,318.4438,4886.63,4886.63,4972.3,1.753,85.67,5
BAC,2018-04-04,2018-05-03,2018-05-07,1-2%,-1.994,29.029,29.5604,tp_gap_filled,168.0788,4879.16,4879.16,4968.48,1.831,89.32,2
MS,2018-04-04,2018-04-25,2018-05-08,1-2%,-1.881,52.2222,53.1168,tp_gap_filled,93.6542,4890.82,4890.82,4974.61,1.713,83.79,9
VTRS,2018-05-04,2018-05-08,2018-05-09,1-2%,-1.859,35.4154,36.0139,tp_gap_filled,138.794,4915.44,4915.44,4998.52,1.69,83.08,1
RVTY,2018-04-24,2018-04-25,2018-05-10,1-2%,-1.865,73.7437,74.9949,tp_gap_filled,66.3104,4889.97,4889.97,4972.94,1.697,82.97,11
AMAT,2018-04-19,2018-05-09,2018-05-10,1-2%,-1.919,53.7337,54.6753,tp_gap_filled,91.5799,4920.93,4920.93,5007.16,1.752,86.23,1
AES,2018-05-08,2018-05-10,2018-05-11,1-2%,-1.778,12.1621,12.3576,tp_gap_filled,405.3958,4930.48,4930.48,5009.73,1.607,79.25,1
PRU,2018-04-04,2018-05-03,2018-05-17,1-2%,-1.857,101.0209,102.7272,tp_gap_filled,48.3127,4880.6,4880.6,4963.03,1.689,82.43,10
NOW,2018-05-08,2018-05-15,2018-05-21,1-2%,-1.937,34.5565,35.1688,tp_gap_filled,142.7725,4933.72,4933.72,5021.14,1.772,87.42,4
MAA,2018-05-03,2018-05-15,2018-05-23,1-2%,-1.837,90.4203,91.928,tp_gap_filled,54.5744,4934.63,4934.63,5016.91,1.667,82.28,6
DOC,2018-05-04,2018-05-17,2018-05-25,1-2%,-1.912,23.1031,23.5065,tp_gap_filled,213.4575,4931.52,4931.52,5017.63,1.746,86.11,6
EQT,2018-05-25,2018-05-29,2018-05-30,1-2%,-1.967,27.1529,27.6424,tp_gap_filled,181.7066,4933.86,4933.86,5022.81,1.803,88.96,1
EFX,2018-04-26,2018-06-05,2018-06-06,1-2%,-1.761,117.8477,119.7202,tp_gap_filled,41.8987,4937.67,4937.67,5016.12,1.589,78.45,1
IR,2018-04-04,2018-06-12,2018-06-13,1-2%,-1.985,29.1691,29.7003,tp_gap_filled,169.6295,4947.95,4947.95,5038.04,1.821,90.1,1
WDAY,2018-05-23,2018-06-04,2018-06-14,1-2%,-1.949,127.9378,130.2197,tp_gap_filled,38.5993,4938.31,4938.31,5026.38,1.784,88.08,8
CMI,2018-05-02,2018-05-21,2018-06-15,1-2%,-1.964,150.4203,139.751,stop,32.8325,4938.67,4938.67,4588.37,-7.093,-350.3,18
HSY,2018-06-13,2018-06-14,2018-06-15,1-2%,-1.81,91.7817,93.2866,tp_gap_filled,53.9875,4955.06,4955.06,5036.31,1.64,81.25,1
IQV,2018-06-13,2018-06-14,2018-06-18,1-2%,-1.858,103.103,104.845,tp_gap_filled,48.058,4954.92,4954.92,5038.64,1.69,83.72,2
MRVL,2018-05-03,2018-06-25,2018-06-27,1-2%,-1.751,20.2202,20.5394,tp_gap_filled,244.4182,4942.18,4942.18,5020.21,1.579,78.03,2
ITW,2018-04-26,2018-05-21,2018-06-28,1-2%,-1.827,148.9788,138.4118,stop,33.1565,4939.62,4939.62,4589.25,-7.093,-350.37,27
ORCL,2018-04-04,2018-06-20,2018-07-02,1-2%,-1.827,44.1141,44.8451,tp_gap_filled,112.2056,4949.85,4949.85,5031.87,1.657,82.03,8
MDT,2018-06-29,2018-07-02,2018-07-03,1-2%,-1.911,84.7647,86.2437,tp_gap_filled,58.2682,4939.09,4939.09,5025.27,1.745,86.18,1
VTR,2018-06-29,2018-07-02,2018-07-03,1-2%,-1.88,56.4164,57.3826,tp_gap_filled,87.6124,4942.77,4942.77,5027.43,1.713,84.65,1
MU,2018-07-02,2018-07-03,2018-07-05,1-2%,-1.754,51.5715,52.3876,tp_gap_filled,95.9138,4946.42,4946.42,5024.69,1.582,78.27,1
FISV,2018-06-21,2018-06-25,2018-07-09,1-2%,-1.771,74.9349,76.1338,tp_gap_filled,65.9775,4944.01,4944.01,5023.12,1.6,79.1,9
INVH,2018-05-15,2018-06-26,2018-07-10,1-2%,-1.977,22.8328,23.2467,tp_gap_filled,216.3925,4940.85,4940.85,5030.42,1.813,89.57,9
NVDA,2018-06-25,2018-07-06,2018-07-10,1-2%,-1.713,6.1724,6.2675,tp_gap_filled,802.906,4955.87,4955.87,5032.19,1.54,76.32,2
FDS,2018-06-26,2018-07-09,2018-07-12,1-2%,-1.886,204.1539,207.6621,tp_gap_filled,24.3156,4964.12,4964.12,5049.42,1.718,85.3,3
CMG,2018-07-10,2018-07-11,2018-07-12,1-2%,-1.761,9.1235,9.2685,tp_gap_filled,544.2921,4965.86,4965.86,5044.78,1.589,78.93,1
UAL,2018-06-06,2018-07-11,2018-07-12,1-2%,-1.702,68.2081,69.2507,tp_gap_filled,72.7782,4964.07,4964.07,5039.94,1.528,75.87,1
LIN,2018-07-11,2018-07-12,2018-07-13,1-2%,-1.976,163.3432,166.3035,tp_gap_filled,30.4681,4976.75,4976.75,5066.95,1.812,90.2,1
TPR,2018-07-11,2018-07-12,2018-07-13,1-2%,-1.699,45.7557,46.4535,tp_gap_filled,108.8492,4980.47,4980.47,5056.43,1.525,75.95,1
GLW,2018-07-10,2018-07-11,2018-07-17,1-2%,-1.724,28.5285,28.971,tp_gap_filled,174.0857,4966.4,4966.4,5043.44,1.551,77.03,4
BIIB,2018-07-10,2018-07-12,2018-07-17,1-2%,-1.825,347.8875,353.646,tp_gap_filled,14.3168,4980.63,4980.63,5063.08,1.655,82.44,3
JNJ,2018-07-13,2018-07-16,2018-07-17,1-2%,-1.91,125.4453,127.6322,tp_gap_filled,39.7451,4985.84,4985.84,5072.76,1.743,86.92,1
FANG,2018-07-16,2018-07-17,2018-07-19,1-2%,-1.896,128.9789,131.2087,tp_gap_filled,38.7475,4997.61,4997.61,5084.01,1.729,86.4,2
WBD,2018-06-18,2018-07-17,2018-07-19,1-2%,-1.767,26.7167,27.1428,tp_gap_filled,187.1808,5000.85,5000.85,5080.62,1.595,79.77,2
TECH,2018-06-27,2018-07-13,2018-07-20,1-2%,-2.0,38.511,39.2182,tp_gap_filled,129.4997,4987.16,4987.16,5078.75,1.837,91.59,5
ADP,2018-07-19,2018-07-20,2018-07-23,1-2%,-1.92,134.9949,137.3625,tp_gap_filled,37.0135,4996.64,4996.64,5084.27,1.754,87.63,1
LITE,2018-07-11,2018-07-20,2018-07-23,1-2%,-1.92,56.2562,52.2659,stop,88.8961,5000.96,5000.96,4646.24,-7.093,-354.72,1
STX,2018-07-02,2018-07-23,2018-07-24,1-2%,-1.859,55.4754,56.4135,tp_gap_filled,89.8035,4981.89,4981.89,5066.13,1.691,84.25,1
CVNA,2018-07-11,2018-07-23,2018-07-24,1-2%,-1.676,8.6887,8.8192,tp_gap_filled,573.8288,4985.81,4985.81,5060.69,1.502,74.88,1
GM,2018-06-21,2018-06-22,2018-07-25,1-2%,-1.931,41.1811,38.2602,stop,120.1342,4947.26,4947.26,4596.35,-7.093,-350.91,22
PCAR,2018-07-18,2018-07-24,2018-07-25,1-2%,-1.835,41.408,42.0979,tp_gap_filled,120.4925,4989.36,4989.36,5072.47,1.666,83.12,1
FTNT,2018-07-20,2018-07-24,2018-07-25,1-2%,-1.616,13.2853,13.4765,tp_gap_filled,375.8994,4993.93,4993.93,5065.81,1.439,71.89,1
ELV,2018-07-17,2018-07-25,2018-07-26,1-2%,-1.913,243.7735,248.0317,tp_gap_filled,20.4676,4989.47,4989.47,5076.63,1.747,87.16,1
TSN,2018-05-07,2018-07-17,2018-07-30,1-2%,-1.986,65.7056,61.0451,stop,76.0691,4998.17,4998.17,4643.65,-7.093,-354.52,9
T,2018-07-25,2018-07-27,2018-07-30,1-2%,-1.831,23.5129,23.9036,tp_gap_filled,211.9301,4983.09,4983.09,5065.88,1.661,82.79,1
ARES,2018-07-11,2018-07-26,2018-07-31,1-2%,-1.655,20.8208,21.1288,tp_gap_filled,239.8566,4994.01,4994.01,5067.89,1.48,73.89,3
MGM,2018-07-26,2018-07-27,2018-07-31,1-2%,-1.904,30.9509,31.4885,tp_gap_filled,161.3445,4993.76,4993.76,5080.49,1.737,86.73,2
BA,2018-07-25,2018-07-30,2018-07-31,1-2%,-1.884,351.8715,357.9117,tp_gap_filled,14.1104,4965.05,4965.05,5050.28,1.717,85.23,1
KLAC,2018-06-07,2018-07-31,2018-08-01,1-2%,-1.686,11.5565,11.7313,tp_gap_filled,431.5695,4987.45,4987.45,5062.85,1.512,75.4,1
PHM,2018-07-26,2018-07-27,2018-08-07,1-2%,-1.725,28.5085,28.951,tp_gap_filled,174.7791,4982.69,4982.69,5060.03,1.552,77.35,7
VRTX,2018-08-02,2018-08-03,2018-08-07,1-2%,-1.844,174.7646,177.6921,tp_gap_filled,28.5185,4984.02,4984.02,5067.51,1.675,83.49,2
ARES,2018-08-03,2018-08-06,2018-08-07,1-2%,-1.882,20.8709,21.2288,tp_gap_filled,238.9426,4986.94,4986.94,5072.45,1.715,85.52,1
LVS,2018-07-11,2018-07-26,2018-08-13,1-2%,-1.915,72.2922,67.1645,stop,69.1283,4997.44,4997.44,4642.97,-7.093,-354.47,12
NCLH,2018-06-25,2018-07-18,2018-08-14,1-2%,-1.944,51.001,51.908,tp_gap_filled,97.9196,4993.99,4993.99,5082.82,1.779,88.82,19
INCY,2018-08-01,2018-08-10,2018-08-14,1-2%,-1.743,65.4454,66.4735,tp_gap_filled,76.3699,4998.06,4998.06,5076.57,1.571,78.51,2
CB,2018-07-25,2018-08-15,2018-08-16,1-2%,-1.902,132.132,134.4254,tp_gap_filled,37.7893,4993.18,4993.18,5079.85,1.736,86.67,1
CRH,2018-08-10,2018-08-14,2018-08-20,1-2%,-1.809,32.052,32.5774,tp_gap_filled,156.1167,5003.86,5003.86,5085.88,1.639,82.02,4
HSIC,2018-08-07,2018-08-17,2018-08-21,1-2%,-1.862,63.3103,64.3826,tp_gap_filled,79.0669,5005.75,5005.75,5090.54,1.694,84.78,2
C,2018-08-10,2018-08-20,2018-08-27,1-2%,-1.876,70.7006,71.908,tp_gap_filled,70.8336,5007.98,5007.98,5093.5,1.708,85.52,5
MA,2018-07-26,2018-07-27,2018-08-29,1-2%,-1.872,210.3601,213.9458,tp_gap_filled,23.7302,4991.9,4991.9,5076.99,1.705,85.09,23
APTV,2018-08-22,2018-08-27,2018-09-05,1-2%,-1.877,92.092,85.5599,stop,54.6308,5031.06,5031.06,4674.21,-7.093,-356.85,6
EBAY,2018-08-10,2018-09-06,2018-09-10,1-2%,-1.757,33.5835,34.1159,tp_gap_filled,149.1953,5010.51,5010.51,5089.92,1.585,79.42,2
INTC,2018-08-06,2018-08-10,2018-09-11,1-2%,-1.733,48.8188,45.3561,stop,102.3012,4994.22,4994.22,4639.98,-7.093,-354.24,21
GE,2018-09-05,2018-09-10,2018-09-13,1-2%,-1.736,59.7255,60.6595,tp_gap_filled,83.8782,5009.67,5009.67,5088.0,1.564,78.34,3
WYNN,2018-09-11,2018-09-12,2018-09-13,1-2%,-1.826,131.8817,134.0658,tp_gap_filled,37.9045,4998.91,4998.91,5081.7,1.656,82.79,1
MRVL,2018-09-11,2018-09-12,2018-09-14,1-2%,-1.787,18.7087,19.011,tp_gap_filled,267.5072,5004.71,5004.71,5085.57,1.616,80.86,2
NOC,2018-07-25,2018-09-17,2018-09-18,1-2%,-1.951,310.31,315.8538,tp_gap_filled,16.102,4996.63,4996.63,5085.89,1.787,89.27,1
PM,2018-08-24,2018-09-12,2018-09-20,1-2%,-1.968,80.7807,82.2377,tp_gap_filled,61.9105,5001.18,5001.18,5091.38,1.804,90.2,6
LIN,2018-07-26,2018-09-19,2018-09-20,1-2%,-1.833,162.9328,165.6442,tp_gap_filled,30.7455,5009.45,5009.45,5092.81,1.664,83.36,1
FTNT,2018-09-18,2018-09-19,2018-09-25,1-2%,-1.792,17.3353,17.6164,tp_gap_filled,289.0748,5011.2,5011.2,5092.45,1.621,81.24,4
WFC,2018-08-10,2018-09-07,2018-09-26,1-2%,-1.814,57.4374,53.3633,stop,87.2149,5009.4,5009.4,4654.08,-7.093,-355.32,13
NVDA,2018-09-20,2018-09-21,2018-09-28,1-2%,-1.813,6.6829,6.7927,tp_gap_filled,750.2039,5013.56,5013.56,5095.91,1.643,82.35,5
OMC,2018-09-28,2018-10-01,2018-10-02,1-2%,-1.657,67.1471,68.1418,tp_gap_filled,74.3539,4992.65,4992.65,5066.61,1.481,73.96,1
HBAN,2018-07-25,2018-09-27,2018-10-03,1-2%,-1.7,15.045,15.2747,tp_gap_filled,332.132,4996.94,4996.94,5073.22,1.527,76.28,4
TSN,2018-09-05,2018-09-19,2018-10-08,1-2%,-1.817,61.6716,62.6872,tp_gap_filled,81.2636,5011.66,5011.66,5094.19,1.647,82.53,13
GNRC,2018-10-02,2018-10-04,2018-10-08,1-2%,-1.664,55.6055,56.4335,tp_gap_filled,90.1178,5011.05,5011.05,5085.66,1.489,74.61,2
XYZ,2018-09-24,2018-10-08,2018-10-09,1-2%,-1.641,83.9839,85.2147,tp_gap_filled,59.7473,5017.82,5017.82,5091.35,1.466,73.54,1
TROW,2018-09-07,2018-09-13,2018-10-10,1-2%,-1.722,111.4213,103.5182,stop,44.8461,4996.81,4996.81,4642.39,-7.093,-354.42,19
XYL,2018-10-08,2018-10-09,2018-10-10,1-2%,-1.904,77.8778,72.3539,stop,64.4317,5017.8,5017.8,4661.89,-7.093,-355.91,1
EL,2018-10-04,2018-10-09,2018-10-10,1-2%,-1.724,140.9608,130.9625,stop,35.5013,5004.3,5004.3,4649.34,-7.093,-354.95,1
ECHO,2018-09-24,2018-10-01,2018-10-12,1-2%,-1.74,37.0954,34.4642,stop,134.6475,4994.8,4994.8,4640.52,-7.093,-354.28,9
MRVL,2018-10-10,2018-10-11,2018-10-15,1-2%,-1.733,18.1681,18.4515,tp_gap_filled,271.3221,4929.42,4929.42,5006.31,1.56,76.89,2
SYY,2018-08-10,2018-10-11,2018-10-16,1-2%,-1.728,68.8888,69.96,tp_gap_filled,71.4679,4923.34,4923.34,4999.89,1.555,76.55,3
RL,2018-10-10,2018-10-15,2018-10-16,1-2%,-1.879,125.4653,127.6123,tp_gap_filled,39.3402,4935.83,4935.83,5020.29,1.711,84.46,1
TER,2018-10-08,2018-10-09,2018-10-17,1-2%,-1.86,34.3243,34.9051,tp_gap_filled,145.8635,5006.66,5006.66,5091.37,1.692,84.71,6
PGR,2018-10-10,2018-10-17,2018-10-18,1-2%,-1.726,70.6606,71.7582,tp_gap_filled,70.2826,4966.21,4966.21,5043.35,1.553,77.14,1
PANW,2018-10-16,2018-10-17,2018-10-22,1-2%,-1.912,34.2342,31.806,stop,145.0429,4965.43,4965.43,4613.23,-7.093,-352.2,3
LEN,2018-10-17,2018-10-18,2018-10-22,1-2%,-1.973,41.8908,38.9195,stop,118.2549,4953.79,4953.79,4602.42,-7.093,-351.37,2
HAL,2018-10-18,2018-10-19,2018-10-22,1-2%,-1.82,38.8788,36.1212,stop,126.8185,4930.56,4930.56,4580.83,-7.093,-349.72,1
WRB,2018-09-21,2018-10-10,2018-10-23,1-2%,-1.826,22.9592,21.3307,stop,215.7936,4954.46,4954.46,4603.04,-7.093,-351.42,9
PCAR,2018-07-25,2018-10-12,2018-10-23,1-2%,-1.897,41.408,38.471,stop,118.9747,4926.51,4926.51,4577.07,-7.093,-349.44,7
VMC,2018-10-18,2018-10-19,2018-10-23,1-2%,-1.787,94.6045,87.8942,stop,52.0278,4922.07,4922.07,4572.94,-7.093,-349.12,2
NI,2018-08-01,2018-09-14,2018-10-24,1-2%,-1.986,25.6857,26.1538,tp_gap_filled,194.5905,4998.18,4998.18,5089.28,1.823,91.1,28
PAYX,2018-08-14,2018-10-10,2018-10-24,1-2%,-1.827,69.9299,64.9697,stop,70.8702,4955.94,4955.94,4604.42,-7.093,-351.53,10
AMZN,2018-10-11,2018-10-23,2018-10-24,1-2%,-1.78,86.2862,87.6747,tp_gap_filled,56.4145,4867.79,4867.79,4946.13,1.609,78.33,1
CNC,2018-08-03,2018-10-23,2018-10-24,1-2%,-1.702,66.4664,67.4825,tp_gap_filled,73.3281,4873.85,4873.85,4948.36,1.529,74.51,1
COF,2018-10-23,2018-10-24,2018-10-25,1-2%,-1.954,86.8968,88.4515,tp_gap_filled,55.847,4852.93,4852.93,4939.75,1.789,86.82,1
PANW,2018-10-23,2018-10-24,2018-10-29,1-2%,-1.965,31.7934,29.5383,stop,153.3638,4875.96,4875.96,4530.11,-7.093,-345.85,3
HPE,2018-10-23,2018-10-24,2018-10-29,1-2%,-1.957,15.5455,14.4429,stop,312.6333,4860.05,4860.05,4515.33,-7.093,-344.72,3
NXPI,2018-10-23,2018-10-24,2018-10-29,1-2%,-1.935,75.075,69.7499,stop,64.4665,4839.82,4839.82,4496.54,-7.093,-343.29,3
TEL,2018-10-23,2018-10-24,2018-10-29,1-2%,-1.923,76.066,77.4025,tp_gap_filled,63.4637,4827.43,4827.43,4912.25,1.757,84.82,3
KKR,2018-10-23,2018-10-25,2018-10-29,1-2%,-1.966,23.4634,21.7992,stop,207.1558,4860.59,4860.59,4515.83,-7.093,-344.76,2
TPR,2018-10-23,2018-10-24,2018-10-30,1-2%,-1.994,41.8118,42.5774,tp_gap_filled,116.6326,4876.61,4876.61,4965.91,1.831,89.29,4
CSX,2018-10-23,2018-10-24,2018-10-30,1-2%,-1.962,22.3457,22.7472,tp_gap_filled,217.9197,4869.56,4869.56,4957.07,1.797,87.51,4
LULU,2018-10-23,2018-10-24,2018-10-30,1-2%,-1.958,137.3472,139.81,tp_gap_filled,35.4246,4865.47,4865.47,4952.71,1.793,87.24,4
CTAS,2018-10-26,2018-10-29,2018-10-30,1-2%,-1.975,42.6076,43.3791,tp_gap_filled,112.1413,4778.07,4778.07,4864.59,1.811,86.52,1
ODFL,2018-10-26,2018-10-29,2018-10-30,1-2%,-1.964,40.7974,41.5318,tp_gap_filled,117.1674,4780.13,4780.13,4866.17,1.8,86.04,1
FIS,2018-10-26,2018-10-29,2018-10-30,1-2%,-1.934,101.0309,102.8171,tp_gap_filled,47.2791,4776.65,4776.65,4861.1,1.768,84.45,1
MNST,2018-10-15,2018-10-16,2018-10-31,1-2%,-1.97,13.0731,13.3092,tp_gap_filled,380.013,4967.93,4967.93,5057.66,1.806,89.73,11
PSX,2018-10-23,2018-10-26,2018-10-31,1-2%,-1.997,101.1911,103.0469,tp_gap_filled,47.5617,4812.82,4812.82,4901.08,1.834,88.26,3
BR,2018-10-26,2018-10-29,2018-10-31,1-2%,-1.989,114.4143,116.5034,tp_gap_filled,41.7815,4780.4,4780.4,4867.68,1.826,87.28,2
CPAY,2018-10-26,2018-10-29,2018-10-31,1-2%,-1.918,191.4513,194.805,tp_gap_filled,24.888,4764.83,4764.83,4848.3,1.752,83.47,2
TAP,2018-10-25,2018-10-30,2018-10-31,1-2%,-1.904,58.2682,59.2807,tp_gap_filled,82.8627,4828.26,4828.26,4912.15,1.738,83.89,1
MSCI,2018-10-26,2018-10-31,2018-11-01,1-2%,-1.781,146.8267,149.1907,tp_gap_filled,32.948,4837.65,4837.65,4915.54,1.61,77.89,1
HWM,2018-10-23,2018-10-31,2018-11-02,1-2%,-1.958,16.1434,16.4329,tp_gap_filled,300.6333,4853.25,4853.25,4940.29,1.793,87.04,2
UAL,2018-10-23,2018-10-31,2018-11-02,1-2%,-1.794,87.107,88.5214,tp_gap_filled,55.6206,4844.94,4844.94,4923.61,1.624,78.67,2
CHRW,2018-10-23,2018-10-31,2018-11-02,1-2%,-1.79,90.09,91.5484,tp_gap_filled,53.7296,4840.5,4840.5,4918.86,1.619,78.36,2
TXT,2018-10-23,2018-10-24,2018-11-07,1-2%,-1.937,55.2252,56.2037,tp_gap_filled,87.8229,4850.03,4850.03,4935.98,1.772,85.94,10
KEYS,2018-10-26,2018-10-29,2018-11-07,1-2%,-1.92,58.2982,59.3206,tp_gap_filled,81.8576,4772.15,4772.15,4855.84,1.754,83.69,7
EIX,2018-10-31,2018-11-01,2018-11-07,1-2%,-1.841,68.3182,69.4605,tp_gap_filled,71.3201,4872.47,4872.47,4953.93,1.672,81.46,4
GNRC,2018-10-23,2018-11-02,2018-11-07,1-2%,-1.868,54.1541,55.0749,tp_gap_filled,89.9317,4870.17,4870.17,4952.98,1.7,82.81,3
AVGO,2018-11-02,2018-11-06,2018-11-07,1-2%,-1.979,22.5555,22.965,tp_gap_filled,216.7607,4889.15,4889.15,4977.91,1.815,88.76,1
LITE,2018-11-02,2018-11-06,2018-11-07,1-2%,-1.918,55.2952,56.2637,tp_gap_filled,88.4719,4892.07,4892.07,4977.75,1.751,85.68,1
IT,2018-11-01,2018-11-07,2018-11-09,1-2%,-1.993,144.7246,147.3725,tp_gap_filled,33.9156,4908.42,4908.42,4998.23,1.83,89.81,2
AIZ,2018-10-23,2018-11-07,2018-11-09,1-2%,-1.737,102.5224,104.1258,tp_gap_filled,47.8906,4909.86,4909.86,4986.64,1.564,76.79,2
NRG,2018-11-08,2018-11-09,2018-11-12,1-2%,-1.875,37.7177,38.3616,tp_gap_filled,130.3275,4915.65,4915.65,4999.57,1.707,83.92,1
GIS,2018-10-31,2018-11-09,2018-11-12,1-2%,-1.802,44.7247,45.4545,tp_gap_filled,109.991,4919.31,4919.31,4999.59,1.632,80.27,1
HAL,2018-11-09,2018-11-12,2018-11-13,1-2%,-1.951,34.7147,32.2524,stop,141.6779,4918.3,4918.3,4569.45,-7.093,-348.86,1
NXPI,2018-11-12,2018-11-13,2018-11-14,1-2%,-1.828,82.2422,83.6063,tp_gap_filled,59.2162,4870.06,4870.06,4950.84,1.659,80.78,1
WBD,2018-11-09,2018-11-12,2018-11-16,1-2%,-1.864,33.2032,30.8481,stop,148.0092,4914.37,4914.37,4565.8,-7.093,-348.58,4
PODD,2018-10-26,2018-11-13,2018-11-16,1-2%,-1.823,81.4013,82.7472,tp_gap_filled,59.8099,4868.61,4868.61,4949.1,1.653,80.5,3
PSKY,2018-11-02,2018-11-05,2018-11-20,1-2%,-1.932,57.4174,53.3447,stop,84.8975,4874.59,4874.59,4528.83,-7.093,-345.75,11
CIEN,2018-11-12,2018-11-13,2018-11-20,1-2%,-1.975,33.7837,31.3875,stop,144.2552,4873.48,4873.48,4527.81,-7.093,-345.68,5
ADI,2018-11-16,2018-11-19,2018-11-20,1-2%,-1.915,88.1881,89.7302,tp_gap_filled,55.2315,4870.76,4870.76,4955.93,1.749,85.17,1
IP,2018-11-15,2018-11-20,2018-11-21,1-2%,-1.908,42.3908,43.1292,tp_gap_filled,113.7797,4823.21,4823.21,4907.22,1.742,84.01,1
XOM,2018-11-09,2018-11-12,2018-11-23,1-2%,-1.775,80.3403,74.6417,stop,61.0964,4908.5,4908.5,4560.34,-7.093,-348.16,8
BBY,2018-11-20,2018-11-21,2018-11-23,1-2%,-1.929,61.061,62.1378,tp_gap_filled,79.2782,4840.81,4840.81,4926.17,1.763,85.37,1
TDG,2018-11-20,2018-11-21,2018-11-23,1-2%,-1.9,331.7815,337.5321,tp_gap_filled,14.6092,4847.05,4847.05,4931.07,1.733,84.01,1
AZO,2018-11-20,2018-11-21,2018-11-23,1-2%,-1.892,814.4736,828.5206,tp_gap_filled,5.9573,4852.1,4852.1,4935.78,1.725,83.68,1
BLK,2018-11-09,2018-11-13,2018-11-26,1-2%,-1.991,413.413,420.9686,tp_gap_filled,11.7971,4877.08,4877.08,4966.22,1.828,89.13,8
MSI,2018-11-20,2018-11-21,2018-11-26,1-2%,-1.972,123.9238,126.1637,tp_gap_filled,39.0598,4840.44,4840.44,4927.93,1.807,87.49,2
FIS,2018-11-20,2018-11-21,2018-11-26,1-2%,-1.926,102.4323,104.2357,tp_gap_filled,47.2984,4844.88,4844.88,4930.18,1.761,85.29,2
FSLR,2018-11-16,2018-11-23,2018-11-26,1-2%,-1.883,43.2932,44.0359,tp_gap_filled,111.7018,4835.93,4835.93,4918.89,1.715,82.96,1
CVS,2018-11-20,2018-11-26,2018-11-27,1-2%,-1.846,77.1771,78.4715,tp_gap_filled,62.9879,4861.23,4861.23,4942.75,1.677,81.53,1
HD,2018-11-16,2018-11-19,2018-11-28,1-2%,-1.9,174.164,177.1826,tp_gap_filled,27.9242,4863.39,4863.39,4947.68,1.733,84.29,6
WMT,2018-11-20,2018-11-23,2018-11-28,1-2%,-1.86,31.6917,32.2277,tp_gap_filled,152.6015,4836.19,4836.19,4918.0,1.692,81.81,3
COP,2018-11-09,2018-11-12,2018-11-29,1-2%,-1.764,65.7957,66.8431,tp_gap_filled,74.5785,4906.95,4906.95,4985.06,1.592,78.11,12
MPC,2018-11-23,2018-11-28,2018-11-29,1-2%,-1.883,62.5925,63.6663,tp_gap_filled,78.2567,4898.29,4898.29,4982.32,1.715,84.03,1
IBM,2018-11-08,2018-11-09,2018-12-03,1-2%,-1.746,117.383,119.2306,tp_gap_filled,41.9356,4922.53,4922.53,5000.01,1.574,77.48,15
NUE,2018-11-23,2018-11-26,2018-12-03,1-2%,-1.945,59.5395,60.5993,tp_gap_filled,81.6567,4861.8,4861.8,4948.34,1.78,86.54,5
MAR,2018-11-20,2018-11-30,2018-12-03,1-2%,-1.923,114.3743,116.3835,tp_gap_filled,42.9452,4911.82,4911.82,4998.11,1.757,86.29,1
SPG,2018-11-15,2018-11-16,2018-12-04,1-2%,-1.788,184.2341,187.2126,tp_gap_filled,26.5383,4889.26,4889.26,4968.3,1.617,79.05,11
IR,2018-11-20,2018-12-04,2018-12-06,1-2%,-1.8,24.024,22.32,stop,204.7878,4919.82,4919.82,4570.86,-7.093,-348.96,1
DD,2018-10-23,2018-12-06,2018-12-07,1-2%,-1.873,98.3932,100.0706,tp_gap_filled,49.8243,4902.37,4902.37,4985.95,1.705,83.58,1
AME,2018-10-23,2018-12-06,2018-12-07,1-2%,-1.844,69.2692,70.4295,tp_gap_filled,70.8271,4906.13,4906.13,4988.31,1.675,82.18,1
MOS,2018-11-20,2018-12-06,2018-12-07,1-2%,-1.804,34.3343,34.8951,tp_gap_filled,143.1221,4914.0,4914.0,4994.26,1.633,80.26,1
FCX,2018-11-27,2018-12-06,2018-12-07,1-2%,-1.803,10.9009,11.0789,tp_gap_filled,450.9303,4915.54,4915.54,4995.82,1.633,80.27,1
ARES,2018-12-06,2018-12-07,2018-12-10,1-2%,-1.994,21.6516,22.0479,tp_gap_filled,227.174,4918.69,4918.69,5008.72,1.83,90.03,1
AIG,2018-12-06,2018-12-07,2018-12-10,1-2%,-1.987,40.0,37.1628,stop,122.9129,4916.51,4916.51,4567.78,-7.093,-348.73,1
LYB,2018-12-06,2018-12-07,2018-12-10,1-2%,-1.965,88.8788,82.5746,stop,54.9699,4885.66,4885.66,4539.12,-7.093,-346.54,1
HII,2018-12-06,2018-12-07,2018-12-10,1-2%,-1.925,199.8997,203.4164,tp_gap_filled,24.3408,4865.71,4865.71,4951.31,1.759,85.6,1
XOM,2018-11-23,2018-12-10,2018-12-11,1-2%,-1.947,76.1261,77.4824,tp_gap_filled,63.6951,4848.86,4848.86,4935.26,1.782,86.4,1
ODFL,2018-12-06,2018-12-10,2018-12-11,1-2%,-1.866,42.4591,43.1801,tp_gap_filled,114.2318,4850.18,4850.18,4932.54,1.698,82.36,1
AXP,2018-12-06,2018-12-10,2018-12-11,1-2%,-1.858,105.7456,107.5324,tp_gap_filled,45.9092,4854.7,4854.7,4936.72,1.69,82.03,1
CDNS,2018-12-06,2018-12-07,2018-12-12,1-2%,-1.967,43.8938,44.6853,tp_gap_filled,111.4616,4892.48,4892.48,4980.69,1.803,88.21,3
PCAR,2018-12-06,2018-12-07,2018-12-12,1-2%,-1.888,38.8388,39.5071,tp_gap_filled,125.1145,4859.3,4859.3,4942.91,1.721,83.62,3
JBL,2018-12-06,2018-12-07,2018-12-13,1-2%,-1.962,24.004,22.3014,stop,203.0191,4873.27,4873.27,4527.61,-7.093,-345.66,4
CDW,2018-12-06,2018-12-07,2018-12-17,1-2%,-1.982,92.082,85.5506,stop,53.2125,4899.92,4899.92,4552.36,-7.093,-347.55,6
MET,2018-12-06,2018-12-07,2018-12-17,1-2%,-1.98,41.6216,38.6694,stop,117.6869,4898.31,4898.31,4550.88,-7.093,-347.44,6
IP,2018-12-06,2018-12-07,2018-12-17,1-2%,-1.894,42.7226,39.6923,stop,113.7854,4861.21,4861.21,4516.4,-7.093,-344.81,6
UNH,2018-12-06,2018-12-07,2018-12-18,1-2%,-1.985,273.293,253.9083,stop,17.9427,4903.61,4903.61,4555.79,-7.093,-347.81,7
LRCX,2018-12-14,2018-12-17,2018-12-18,1-2%,-1.895,13.6266,13.8621,tp_gap_filled,353.2966,4814.24,4814.24,4897.44,1.728,83.21,1
TTWO,2018-12-14,2018-12-17,2018-12-19,1-2%,-1.917,103.9739,105.7941,tp_gap_filled,46.3421,4818.37,4818.37,4902.72,1.751,84.35,2
EBAY,2018-12-12,2018-12-17,2018-12-19,1-2%,-1.893,28.5285,29.0209,tp_gap_filled,168.7155,4813.2,4813.2,4896.28,1.726,83.08,2
BIIB,2018-10-26,2018-12-18,2018-12-19,1-2%,-1.883,293.1429,298.1715,tp_gap_filled,16.4354,4817.92,4817.92,4900.57,1.715,82.65,1
GPN,2018-12-06,2018-12-07,2018-12-20,1-2%,-1.916,105.0449,97.5941,stop,46.304,4864.0,4864.0,4518.99,-7.093,-345.0,9
VEEV,2018-12-14,2018-12-19,2018-12-20,1-2%,-1.802,90.5404,84.1184,stop,53.2363,4820.04,4820.04,4478.15,-7.093,-341.89,1
C,2018-12-14,2018-12-17,2018-12-21,1-2%,-1.865,54.7847,50.8988,stop,87.8491,4812.79,4812.79,4471.42,-7.093,-341.37,4
VRSN,2018-11-20,2018-12-20,2018-12-21,1-2%,-1.977,146.3962,149.0508,tp_gap_filled,32.6613,4781.5,4781.5,4868.2,1.813,86.7,1
APH,2018-10-23,2018-12-18,2018-12-26,1-2%,-1.958,10.1476,9.4279,stop,474.6955,4817.04,4817.04,4475.37,-7.093,-341.67,5
EXPE,2018-11-20,2018-12-21,2018-12-26,1-2%,-1.813,111.1611,112.9869,tp_gap_filled,42.9006,4768.88,4768.88,4847.21,1.643,78.33,2
CRM,2018-11-23,2018-12-24,2018-12-26,1-2%,-1.829,121.4513,123.4664,tp_gap_filled,39.1091,4749.85,4749.85,4828.66,1.659,78.81,1
CAT,2018-12-14,2018-12-19,2018-12-27,1-2%,-1.97,123.5434,125.7741,tp_gap_filled,39.0313,4822.06,4822.06,4909.12,1.806,87.07,5
MOS,2018-12-24,2018-12-26,2018-12-27,1-2%,-1.961,28.028,28.5314,tp_gap_filled,170.8459,4788.47,4788.47,4874.48,1.796,86.01,1
XOM,2018-12-24,2018-12-26,2018-12-27,1-2%,-1.835,66.9369,68.0519,tp_gap_filled,71.7007,4799.42,4799.42,4879.37,1.666,79.95,1
MSCI,2018-11-20,2018-12-19,2018-12-28,1-2%,-1.89,142.9228,145.3845,tp_gap_filled,33.7223,4819.69,4819.69,4902.7,1.722,83.01,6
DUK,2018-11-15,2018-12-24,2018-12-28,1-2%,-1.828,84.9248,86.3336,tp_gap_filled,55.9273,4749.62,4749.62,4828.4,1.659,78.79,3
NDAQ,2018-10-23,2018-12-27,2018-12-28,1-2%,-1.901,26.5165,26.9763,tp_gap_filled,181.2848,4807.04,4807.04,4890.4,1.734,83.36,1
PANW,2018-12-14,2018-12-28,2018-12-31,1-2%,-1.86,30.8024,31.3236,tp_gap_filled,156.2357,4812.44,4812.44,4893.87,1.692,81.43,1
APO,2018-12-27,2018-12-28,2018-12-31,1-2%,-1.838,24.054,24.4555,tp_gap_filled,200.031,4811.55,4811.55,4891.86,1.669,80.31,1
MGM,2018-12-20,2018-12-28,2019-01-02,1-2%,-1.836,24.0841,24.4855,tp_gap_filled,199.8256,4812.61,4812.61,4892.83,1.667,80.22,2
PHM,2018-12-27,2018-12-31,2019-01-02,1-2%,-1.934,25.3754,25.8242,tp_gap_filled,190.0382,4822.29,4822.29,4907.58,1.769,85.29,1
EXPE,2019-01-02,2019-01-03,2019-01-04,1-2%,-1.997,110.5104,112.5374,tp_gap_filled,43.6955,4828.8,4828.8,4917.37,1.834,88.57,1
LRCX,2019-01-02,2019-01-03,2019-01-04,1-2%,-1.99,13.3593,13.6034,tp_gap_filled,361.1296,4824.46,4824.46,4912.58,1.827,88.13,1
RJF,2019-01-02,2019-01-03,2019-01-04,1-2%,-1.989,48.6686,49.5571,tp_gap_filled,99.0558,4820.91,4820.91,4908.92,1.825,88.01,1
HPE,2019-01-02,2019-01-03,2019-01-04,1-2%,-1.968,12.9629,13.1968,tp_gap_filled,371.5266,4816.08,4816.08,4902.96,1.804,86.88,1
BKNG,2018-12-27,2019-01-03,2019-01-04,1-2%,-1.965,66.858,68.0619,tp_gap_filled,72.0948,4820.11,4820.11,4906.91,1.801,86.79,1
CBOE,2019-01-02,2019-01-03,2019-01-04,1-2%,-1.932,96.0359,97.7322,tp_gap_filled,50.1782,4818.91,4818.91,4904.02,1.766,85.11,1
CDNS,2019-01-02,2019-01-03,2019-01-04,1-2%,-1.909,42.6927,43.4365,tp_gap_filled,112.8483,4817.79,4817.79,4901.74,1.742,83.94,1
TKO,2019-01-02,2019-01-03,2019-01-04,1-2%,-1.9,73.3733,74.6453,tp_gap_filled,65.572,4811.23,4811.23,4894.64,1.734,83.41,1
MCO,2019-01-02,2019-01-03,2019-01-04,1-2%,-1.871,137.5574,139.9,tp_gap_filled,34.9697,4810.34,4810.34,4892.25,1.703,81.92,1
ADSK,2019-01-03,2019-01-04,2019-01-07,1-2%,-1.915,126.6165,128.831,tp_gap_filled,38.4424,4867.44,4867.44,4952.58,1.749,85.13,1
CF,2019-01-02,2019-01-04,2019-01-07,1-2%,-1.839,42.7527,43.4665,tp_gap_filled,113.9259,4870.64,4870.64,4951.96,1.67,81.32,1
NOW,2018-12-14,2019-01-07,2019-01-08,1-2%,-1.919,36.9449,37.5924,tp_gap_filled,131.9739,4875.76,4875.76,4961.21,1.753,85.45,1
MCHP,2019-01-03,2019-01-07,2019-01-08,1-2%,-1.822,35.06,35.6393,tp_gap_filled,139.0292,4874.37,4874.37,4954.91,1.652,80.54,1
SWKS,2018-12-27,2019-01-07,2019-01-09,1-2%,-1.829,65.5555,66.6433,tp_gap_filled,74.4153,4878.33,4878.33,4959.28,1.659,80.95,2
XYZ,2019-01-10,2019-01-14,2019-01-15,1-2%,-1.79,64.8147,65.8641,tp_gap_filled,75.4285,4888.88,4888.88,4968.03,1.619,79.15,1
KEY,2018-12-10,2019-01-16,2019-01-18,1-2%,-1.853,16.4364,16.7133,tp_gap_filled,297.4388,4888.83,4888.83,4971.17,1.684,82.35,2
BG,2019-01-22,2019-01-23,2019-01-24,1-2%,-1.848,52.102,52.977,tp_gap_filled,93.9832,4896.72,4896.72,4978.94,1.679,82.23,1
EQT,2019-01-02,2019-01-24,2019-01-25,1-2%,-1.959,18.5385,18.8711,tp_gap_filled,264.0199,4894.54,4894.54,4982.35,1.794,87.81,1
URI,2019-01-22,2019-01-24,2019-01-25,1-2%,-1.8,121.2211,123.1967,tp_gap_filled,40.4152,4899.18,4899.18,4979.02,1.63,79.84,1
VZ,2018-12-12,2019-01-08,2019-01-29,1-2%,-1.801,57.8478,53.7446,stop,84.4061,4882.7,4882.7,4536.37,-7.093,-346.33,14
JNJ,2019-01-22,2019-01-23,2019-01-30,1-2%,-1.905,128.3282,130.5593,tp_gap_filled,38.1507,4895.82,4895.82,4980.93,1.739,85.12,5
FCX,2019-01-28,2019-01-30,2019-01-31,1-2%,-1.957,11.031,11.2288,tp_gap_filled,443.4626,4891.84,4891.84,4979.53,1.793,87.69,1
INTC,2019-01-28,2019-01-31,2019-02-01,1-2%,-1.935,46.1761,46.993,tp_gap_filled,105.9571,4892.69,4892.69,4979.24,1.769,86.55,1
LITE,2019-01-28,2019-01-31,2019-02-01,1-2%,-1.917,48.1481,48.991,tp_gap_filled,101.7214,4897.69,4897.69,4983.43,1.751,85.74,1
MPWR,2019-01-28,2019-01-29,2019-02-04,1-2%,-1.997,128.2281,130.5793,tp_gap_filled,38.1756,4895.18,4895.18,4984.94,1.834,89.76,4
KIM,2019-01-31,2019-02-01,2019-02-05,1-2%,-1.961,17.017,17.3227,tp_gap_filled,288.384,4907.43,4907.43,4995.58,1.796,88.15,2
QCOM,2019-01-28,2019-01-29,2019-02-06,1-2%,-1.91,50.3703,51.2487,tp_gap_filled,97.1165,4891.79,4891.79,4977.09,1.744,85.31,6
APA,2019-02-04,2019-02-06,2019-02-08,1-2%,-1.991,32.032,29.76,stop,153.6519,4921.78,4921.78,4572.68,-7.093,-349.1,2
WTW,2019-02-07,2019-02-08,2019-02-11,1-2%,-1.893,163.3732,166.1936,tp_gap_filled,30.0191,4904.32,4904.32,4988.99,1.726,84.67,1
MCHP,2019-02-07,2019-02-08,2019-02-11,1-2%,-1.87,43.8638,44.6103,tp_gap_filled,111.9601,4911.0,4911.0,4994.58,1.702,83.58,1
ON,2019-02-07,2019-02-12,2019-02-13,1-2%,-1.884,22.4124,22.7972,tp_gap_filled,219.1974,4912.74,4912.74,4997.08,1.717,84.35,1
DGX,2019-01-31,2019-02-14,2019-02-15,1-2%,-1.818,85.4253,86.8331,tp_gap_filled,57.5585,4916.95,4916.95,4997.98,1.648,81.03,1
EXR,2019-02-21,2019-02-22,2019-02-28,1-2%,-2.0,94.1741,95.904,tp_gap_filled,52.2571,4921.26,4921.26,5011.66,1.837,90.4,4
PHM,2019-02-08,2019-03-01,2019-03-04,1-2%,-1.897,26.4064,26.8631,tp_gap_filled,186.2535,4918.28,4918.28,5003.35,1.73,85.07,1
STLD,2018-11-20,2019-02-20,2019-03-07,1-2%,-1.937,39.019,36.2514,stop,126.1182,4921.01,4921.01,4571.96,-7.093,-349.05,11
COR,2019-02-01,2019-03-04,2019-03-07,1-2%,-1.859,81.9018,76.0925,stop,60.1106,4923.16,4923.16,4573.96,-7.093,-349.2,3
FSLR,2019-02-22,2019-03-07,2019-03-11,1-2%,-1.809,51.061,51.8981,tp_gap_filled,95.8631,4894.87,4894.87,4975.11,1.639,80.24,2
TTD,2019-03-08,2019-03-26,2019-03-27,1-2%,-1.944,18.5315,18.8611,tp_gap_filled,264.0596,4893.42,4893.42,4980.46,1.779,87.04,1
MNST,2019-03-20,2019-03-21,2019-04-02,1-2%,-1.882,14.2217,13.213,stop,344.4648,4898.88,4898.88,4551.4,-7.093,-347.48,8
KIM,2019-04-01,2019-04-02,2019-04-10,1-2%,-1.946,18.1581,18.4815,tp_gap_filled,269.0725,4885.86,4885.86,4972.86,1.781,87.01,6
LUV,2019-04-08,2019-04-10,2019-04-11,1-2%,-1.859,52.3123,53.1968,tp_gap_filled,93.4159,4886.8,4886.8,4969.42,1.691,82.63,1
TRGP,2019-03-08,2019-04-10,2019-04-12,1-2%,-1.921,39.3593,40.0499,tp_gap_filled,124.1679,4887.16,4887.16,4972.91,1.755,85.75,2
MO,2019-04-03,2019-04-11,2019-04-15,1-2%,-1.693,55.7857,56.6333,tp_gap_filled,87.5876,4886.14,4886.14,4960.38,1.519,74.24,2
MCK,2019-04-02,2019-04-03,2019-04-16,1-2%,-1.767,116.8567,118.7212,tp_gap_filled,41.8132,4886.15,4886.15,4964.11,1.595,77.96,9
DE,2019-04-09,2019-04-12,2019-04-16,1-2%,-1.709,162.3422,164.835,tp_gap_filled,30.1689,4897.69,4897.69,4972.9,1.536,75.21,2
NFLX,2019-03-08,2019-04-15,2019-04-16,1-2%,-1.943,34.6096,35.2247,tp_gap_filled,141.5223,4898.03,4898.03,4985.09,1.777,87.06,1
TSLA,2019-03-25,2019-04-15,2019-04-16,1-2%,-1.822,17.3313,17.6177,tp_gap_filled,282.7247,4899.99,4899.99,4980.96,1.652,80.97,1
KLAC,2019-04-09,2019-04-10,2019-04-17,1-2%,-1.956,12.2402,12.4595,tp_gap_filled,399.1177,4885.29,4885.29,4972.82,1.792,87.53,5
AMGN,2019-01-28,2019-04-05,2019-04-18,1-2%,-1.912,195.165,181.3219,stop,25.0529,4889.45,4889.45,4542.65,-7.093,-346.81,9
GS,2019-04-15,2019-04-17,2019-04-18,1-2%,-1.795,204.3141,207.6322,tp_gap_filled,24.0163,4906.87,4906.87,4986.56,1.624,79.69,1
STT,2019-04-17,2019-04-18,2019-04-23,1-2%,-1.952,70.3803,65.3882,stop,69.7555,4909.42,4909.42,4561.19,-7.093,-348.22,2
CCI,2019-04-18,2019-04-22,2019-04-24,1-2%,-1.949,121.8717,124.0458,tp_gap_filled,40.2954,4910.87,4910.87,4998.47,1.784,87.61,2
NTRS,2019-04-17,2019-04-23,2019-04-24,1-2%,-1.705,94.084,95.5244,tp_gap_filled,51.9942,4891.82,4891.82,4966.71,1.531,74.89,1
TMUS,2019-04-17,2019-04-18,2019-04-26,1-2%,-1.862,72.7927,74.0259,tp_gap_filled,67.4236,4907.95,4907.95,4991.1,1.694,83.15,5
SYK,2019-04-24,2019-04-25,2019-04-26,1-2%,-1.786,183.8036,186.773,tp_gap_filled,26.6213,4893.09,4893.09,4972.14,1.616,79.05,1
PG,2019-04-23,2019-04-24,2019-04-30,1-2%,-1.887,104.114,105.904,tp_gap_filled,47.0229,4895.74,4895.74,4979.91,1.719,84.17,4
BAX,2019-04-25,2019-04-26,2019-04-30,1-2%,-1.77,75.0049,76.2037,tp_gap_filled,65.4155,4906.49,4906.49,4984.9,1.598,78.42,2
GWW,2019-04-10,2019-04-22,2019-05-01,1-2%,-1.733,300.29,278.9904,stop,16.3585,4912.29,4912.29,4563.87,-7.093,-348.43,7
PHM,2019-04-25,2019-04-29,2019-05-01,1-2%,-1.946,31.2712,31.8281,tp_gap_filled,156.584,4896.58,4896.58,4983.78,1.781,87.2,2
AZO,2019-04-26,2019-04-29,2019-05-01,1-2%,-1.829,1024.3133,1041.3076,tp_gap_filled,4.7808,4897.04,4897.04,4978.28,1.659,81.25,2
CTSH,2019-04-16,2019-04-23,2019-05-02,1-2%,-1.776,73.073,67.8899,stop,66.9545,4892.56,4892.56,4545.54,-7.093,-347.03,7
FISV,2019-05-01,2019-05-02,2019-05-06,1-2%,-1.708,85.8357,87.1528,tp_gap_filled,56.9795,4890.88,4890.88,4965.92,1.534,75.04,2
TDG,2019-05-06,2019-05-07,2019-05-08,1-2%,-1.967,469.4089,477.8717,tp_gap_filled,10.3854,4874.98,4874.98,4962.87,1.803,87.89,1
FANG,2019-03-08,2019-05-07,2019-05-08,1-2%,-1.933,95.9659,97.6622,tp_gap_filled,50.7774,4872.89,4872.89,4959.03,1.768,86.14,1
AMAT,2019-04-26,2019-05-01,2019-05-09,1-2%,-1.912,43.6436,40.548,stop,112.3734,4904.38,4904.38,4556.51,-7.093,-347.87,6
GPN,2019-05-06,2019-05-09,2019-05-10,1-2%,-1.988,143.143,145.7541,tp_gap_filled,33.8919,4851.39,4851.39,4939.88,1.824,88.49,1
BLK,2019-05-06,2019-05-07,2019-05-13,1-2%,-1.985,473.3929,439.8152,stop,10.3179,4884.44,4884.44,4537.99,-7.093,-346.45,4
MAS,2019-05-06,2019-05-07,2019-05-13,1-2%,-1.978,39.6796,36.8652,stop,123.0264,4881.64,4881.64,4535.39,-7.093,-346.25,4
HUBB,2019-05-06,2019-05-07,2019-05-13,1-2%,-1.966,127.2571,118.2308,stop,38.3066,4874.79,4874.79,4529.02,-7.093,-345.77,4
CB,2019-05-01,2019-05-07,2019-05-14,1-2%,-1.949,142.5124,145.0548,tp_gap_filled,34.1884,4872.26,4872.26,4959.18,1.784,86.92,5
IR,2019-05-02,2019-05-06,2019-05-15,1-2%,-1.878,33.994,34.5754,tp_gap_filled,143.9433,4893.2,4893.2,4976.9,1.71,83.69,7
AMAT,2019-05-09,2019-05-10,2019-05-15,1-2%,-1.948,40.8108,41.5384,tp_gap_filled,119.4129,4873.33,4873.33,4960.22,1.783,86.89,3
INTU,2019-05-06,2019-05-07,2019-05-16,1-2%,-1.949,244.254,248.6111,tp_gap_filled,19.9495,4872.74,4872.74,4959.66,1.784,86.92,7
MOS,2019-05-09,2019-05-10,2019-05-16,1-2%,-1.922,23.4935,23.9061,tp_gap_filled,207.4307,4873.27,4873.27,4958.85,1.756,85.59,4
REGN,2019-05-13,2019-05-14,2019-05-16,1-2%,-1.979,306.9767,312.5471,tp_gap_filled,15.6249,4796.48,4796.48,4883.52,1.815,87.04,2
RCL,2019-05-13,2019-05-14,2019-05-16,1-2%,-1.959,123.7236,125.9439,tp_gap_filled,38.7528,4794.64,4794.64,4880.69,1.795,86.04,2
TROW,2019-05-13,2019-05-14,2019-05-16,1-2%,-1.941,103.6435,105.4844,tp_gap_filled,46.2582,4794.36,4794.36,4879.52,1.776,85.16,2
GOOGL,2019-05-13,2019-05-15,2019-05-16,1-2%,-1.918,57.3193,58.3236,tp_gap_filled,83.9823,4813.8,4813.8,4898.15,1.752,84.35,1
TKO,2019-05-06,2019-05-07,2019-05-20,1-2%,-1.981,84.1841,78.2129,stop,57.962,4879.48,4879.48,4533.38,-7.093,-346.1,9
FIX,2019-05-13,2019-05-15,2019-05-21,1-2%,-1.955,48.6886,49.5604,tp_gap_filled,98.8832,4814.49,4814.49,4900.69,1.79,86.2,4
ECL,2019-04-30,2019-05-07,2019-05-22,1-2%,-1.974,180.9508,184.2256,tp_gap_filled,26.9509,4876.78,4876.78,4965.04,1.81,88.26,11
INTC,2019-05-20,2019-05-22,2019-05-24,1-2%,-1.983,44.044,44.8451,tp_gap_filled,110.0544,4847.24,4847.24,4935.4,1.819,88.17,2
PTC,2019-05-23,2019-05-24,2019-05-28,1-2%,-1.953,84.9148,86.4335,tp_gap_filled,56.8166,4824.57,4824.57,4910.85,1.788,86.28,1
FOXA,2019-05-13,2019-05-15,2019-05-30,1-2%,-1.972,37.8078,35.1261,stop,127.3577,4815.11,4815.11,4473.57,-7.093,-341.54,10
WST,2019-05-01,2019-05-02,2019-05-31,1-2%,-1.89,121.5714,112.9484,stop,40.226,4890.34,4890.34,4543.46,-7.093,-346.87,20
CDW,2019-05-06,2019-05-07,2019-05-31,1-2%,-1.953,107.067,99.4727,stop,45.513,4872.94,4872.94,4527.3,-7.093,-345.64,17
PSX,2019-05-17,2019-05-21,2019-05-31,1-2%,-1.971,86.6466,80.5007,stop,56.0656,4857.89,4857.89,4513.32,-7.093,-344.57,7
APO,2019-05-20,2019-05-23,2019-05-31,1-2%,-1.921,32.1922,29.9088,stop,149.7677,4821.34,4821.34,4479.37,-7.093,-341.98,5
LITE,2019-05-23,2019-05-24,2019-05-31,1-2%,-1.922,44.4444,41.292,stop,108.5865,4826.06,4826.06,4483.75,-7.093,-342.31,4
DELL,2019-05-23,2019-05-28,2019-05-31,1-2%,-1.971,34.3171,31.883,stop,140.0718,4806.86,4806.86,4465.91,-7.093,-340.95,3
IBKR,2019-04-26,2019-05-22,2019-06-03,1-2%,-1.997,13.3884,12.4387,stop,361.8635,4844.76,4844.76,4501.12,-7.093,-343.64,7
DIS,2019-05-13,2019-05-29,2019-06-04,1-2%,-1.895,131.6315,133.906,tp_gap_filled,36.3617,4786.35,4786.35,4869.05,1.728,82.7,4
AME,2019-05-31,2019-06-03,2019-06-05,1-2%,-1.873,82.3222,83.7262,tp_gap_filled,57.4231,4727.2,4727.2,4807.82,1.705,80.62,2
HPE,2019-05-31,2019-06-04,2019-06-05,1-2%,-1.899,13.9639,14.2058,tp_gap_filled,339.5857,4741.96,4741.96,4824.08,1.732,82.12,1
TTD,2019-05-09,2019-06-04,2019-06-05,1-2%,-1.85,21.8218,22.1888,tp_gap_filled,217.4329,4744.78,4744.78,4824.57,1.682,79.8,1
BBY,2019-05-31,2019-06-05,2019-06-10,1-2%,-1.846,63.8738,64.945,tp_gap_filled,74.3969,4752.02,4752.02,4831.71,1.677,79.69,3
CRM,2019-05-31,2019-06-10,2019-06-11,1-2%,-1.927,152.8127,155.5043,tp_gap_filled,31.1471,4759.67,4759.67,4843.51,1.761,83.84,1
PCAR,2019-05-06,2019-05-16,2019-06-18,1-2%,-1.933,46.7133,47.5391,tp_gap_filled,103.9091,4853.94,4853.94,4939.74,1.768,85.8,22
CDNS,2019-05-20,2019-06-14,2019-06-18,1-2%,-1.879,67.4374,68.5913,tp_gap_filled,70.5467,4757.49,4757.49,4838.89,1.711,81.41,2
INTC,2019-06-14,2019-06-17,2019-06-18,1-2%,-1.863,45.8758,46.6533,tp_gap_filled,103.7053,4757.57,4757.57,4838.2,1.695,80.63,1
CSCO,2019-06-12,2019-06-13,2019-06-20,1-2%,-1.856,56.106,57.0529,tp_gap_filled,84.894,4763.07,4763.07,4843.45,1.688,80.38,5
MAR,2019-05-06,2019-06-20,2019-06-28,1-2%,-1.912,137.5975,139.9999,tp_gap_filled,34.6843,4772.48,4772.48,4855.8,1.746,83.33,6
DVA,2019-05-06,2019-06-27,2019-07-01,1-2%,-1.878,55.9759,56.933,tp_gap_filled,85.0891,4762.94,4762.94,4844.38,1.71,81.44,2
FCX,2019-07-01,2019-07-02,2019-07-09,1-2%,-1.895,11.4014,10.5927,stop,418.0366,4766.2,4766.2,4428.13,-7.093,-338.07,4
ALB,2019-05-13,2019-06-14,2019-07-12,1-2%,-1.859,71.3513,72.5574,tp_gap_filled,66.6909,4758.48,4758.48,4838.92,1.69,80.44,19
LLY,2019-06-10,2019-06-20,2019-07-12,1-2%,-1.986,116.116,107.8799,stop,41.1108,4773.62,4773.62,4435.03,-7.093,-338.59,15
CRH,2019-07-08,2019-07-09,2019-07-15,1-2%,-1.845,33.023,33.5764,tp_gap_filled,143.7896,4748.36,4748.36,4827.94,1.676,79.57,4
FCX,2019-07-09,2019-07-10,2019-07-15,1-2%,-1.872,11.021,11.2088,tp_gap_filled,431.4255,4754.75,4754.75,4835.75,1.704,81.01,3
UPS,2019-05-06,2019-07-01,2019-07-16,1-2%,-1.969,104.6546,106.5434,tp_gap_filled,45.6651,4779.06,4779.06,4865.31,1.805,86.25,10
TEL,2019-05-06,2019-07-08,2019-07-18,1-2%,-1.955,93.8738,87.2153,stop,50.6742,4756.97,4756.97,4419.56,-7.093,-337.41,8
APA,2019-05-31,2019-07-16,2019-07-18,1-2%,-1.91,25.7057,23.8824,stop,184.8745,4752.33,4752.33,4415.24,-7.093,-337.08,2
BA,2019-06-27,2019-07-17,2019-07-19,1-2%,-1.974,367.9075,374.5651,tp_gap_filled,12.8679,4734.21,4734.21,4819.88,1.81,85.67,2
TTD,2019-07-18,2019-07-19,2019-07-22,1-2%,-1.835,23.994,24.3936,tp_gap_filled,197.0266,4727.45,4727.45,4806.19,1.665,78.73,1
MAR,2019-07-09,2019-07-19,2019-07-25,1-2%,-1.89,138.7686,141.1587,tp_gap_filled,34.0799,4729.22,4729.22,4810.67,1.722,81.45,4
ORLY,2019-07-18,2019-07-23,2019-07-25,1-2%,-1.794,26.1908,26.616,tp_gap_filled,180.647,4731.29,4731.29,4808.1,1.623,76.81,2
NTRS,2019-05-13,2019-07-24,2019-07-25,1-2%,-1.917,95.7857,97.4624,tp_gap_filled,49.4782,4739.31,4739.31,4822.27,1.751,82.96,1
COP,2019-05-23,2019-06-26,2019-07-29,1-2%,-1.919,61.9018,57.5111,stop,76.885,4759.32,4759.32,4421.74,-7.093,-337.58,22
T,2019-07-09,2019-07-11,2019-07-29,1-2%,-1.927,25.3955,25.8427,tp_gap_filled,187.0739,4750.83,4750.83,4834.5,1.761,83.67,12
BSX,2019-07-24,2019-07-25,2019-07-31,1-2%,-1.912,42.1021,42.8371,tp_gap_filled,112.7609,4747.47,4747.47,4830.35,1.746,82.89,4
TPL,2019-07-30,2019-08-01,2019-08-05,1-2%,-1.794,81.7561,75.9572,stop,58.0825,4748.6,4748.6,4411.78,-7.093,-336.82,2
FFIV,2019-07-25,2019-08-01,2019-08-05,1-2%,-1.782,146.166,135.7985,stop,32.4694,4745.92,4745.92,4409.29,-7.093,-336.63,2
BKR,2019-08-01,2019-08-02,2019-08-06,1-2%,-1.772,24.9649,23.1942,stop,189.0848,4720.49,4720.49,4385.67,-7.093,-334.82,2
COP,2019-07-30,2019-08-02,2019-08-07,1-2%,-1.873,57.1571,53.1029,stop,82.6377,4723.33,4723.33,4388.3,-7.093,-335.03,3
FISV,2019-07-30,2019-08-05,2019-08-07,1-2%,-1.778,102.8828,104.5354,tp_gap_filled,45.495,4680.65,4680.65,4755.83,1.606,75.18,2
CRL,2019-08-05,2019-08-06,2019-08-08,1-2%,-1.983,130.6105,132.9869,tp_gap_filled,35.8013,4676.02,4676.02,4761.1,1.819,85.08,2
MDT,2019-08-05,2019-08-06,2019-08-08,1-2%,-1.974,100.4103,102.2277,tp_gap_filled,46.6088,4680.01,4680.01,4764.71,1.81,84.71,2
GOOGL,2019-08-05,2019-08-06,2019-08-08,1-2%,-1.952,58.7071,59.7562,tp_gap_filled,79.7401,4681.31,4681.31,4764.96,1.787,83.65,2
WY,2019-08-05,2019-08-06,2019-08-08,1-2%,-1.912,24.6446,25.0749,tp_gap_filled,189.7661,4676.71,4676.71,4758.37,1.746,81.65,2
BALL,2019-08-05,2019-08-07,2019-08-08,1-2%,-1.98,73.3232,74.6553,tp_gap_filled,63.5752,4661.54,4661.54,4746.22,1.817,84.68,1
WAT,2019-08-05,2019-08-12,2019-08-13,1-2%,-1.952,205.6354,209.3105,tp_gap_filled,22.5742,4642.06,4642.06,4725.02,1.787,82.96,1
PNW,2019-08-08,2019-08-12,2019-08-13,1-2%,-1.935,91.3012,92.917,tp_gap_filled,50.8458,4642.28,4642.28,4724.44,1.77,82.16,1
DOV,2019-07-30,2019-08-01,2019-08-14,1-2%,-1.757,95.1651,88.415,stop,49.8464,4743.64,4743.64,4407.17,-7.093,-336.47,9
FITB,2019-08-05,2019-08-06,2019-08-14,1-2%,-1.914,27.6977,25.7331,stop,168.9821,4680.41,4680.41,4348.43,-7.093,-331.98,6
TRGP,2019-08-05,2019-08-08,2019-08-14,1-2%,-1.992,36.4464,33.8613,stop,128.7915,4693.99,4693.99,4361.04,-7.093,-332.94,4
AIG,2019-08-07,2019-08-14,2019-08-16,1-2%,-1.968,53.3633,54.3256,tp_gap_filled,86.4143,4611.35,4611.35,4694.51,1.803,83.16,2
TEL,2019-07-24,2019-08-08,2019-08-19,1-2%,-1.974,89.4894,91.1088,tp_gap_filled,52.418,4690.86,4690.86,4775.74,1.81,84.89,7
FTNT,2019-08-07,2019-08-14,2019-08-19,1-2%,-1.913,16.1141,16.3956,tp_gap_filled,286.1759,4611.47,4611.47,4692.02,1.747,80.56,3
RCL,2019-08-13,2019-08-14,2019-08-19,1-2%,-1.901,105.3653,107.1927,tp_gap_filled,43.7703,4611.87,4611.87,4691.85,1.734,79.99,3
IR,2019-08-14,2019-08-16,2019-08-19,1-2%,-1.995,29.99,30.5394,tp_gap_filled,154.6553,4638.11,4638.11,4723.09,1.832,84.98,1
ROK,2019-08-14,2019-08-16,2019-08-19,1-2%,-1.986,150.15,152.887,tp_gap_filled,30.8893,4638.03,4638.03,4722.57,1.823,84.54,1
PTC,2019-08-14,2019-08-16,2019-08-19,1-2%,-1.945,64.5845,65.7342,tp_gap_filled,71.8172,4638.28,4638.28,4720.84,1.78,82.57,1
TRMB,2019-08-14,2019-08-16,2019-08-19,1-2%,-1.914,36.9369,37.5824,tp_gap_filled,125.6503,4641.13,4641.13,4722.24,1.748,81.1,1
TXT,2019-08-14,2019-08-20,2019-08-21,1-2%,-1.851,44.5945,45.3446,tp_gap_filled,104.502,4660.22,4660.22,4738.6,1.682,78.38,1
CSX,2019-08-07,2019-08-13,2019-08-22,1-2%,-1.91,21.7617,22.1412,tp_gap_filled,214.8498,4675.5,4675.5,4757.02,1.744,81.52,7
CAT,2019-08-05,2019-08-06,2019-08-23,1-2%,-1.951,122.2321,113.5622,stop,38.2936,4680.7,4680.7,4348.7,-7.093,-332.0,13
INTC,2019-08-05,2019-08-30,2019-09-04,1-2%,-1.89,47.8078,48.6313,tp_gap_filled,98.0571,4687.89,4687.89,4768.64,1.723,80.76,2
WFC,2019-08-05,2019-08-06,2019-09-05,1-2%,-1.981,46.5465,47.3926,tp_gap_filled,100.5034,4678.08,4678.08,4763.11,1.818,85.03,21
EMR,2019-08-07,2019-08-09,2019-09-05,1-2%,-1.924,59.7097,60.7592,tp_gap_filled,78.357,4678.67,4678.67,4760.91,1.758,82.24,18
HBAN,2019-08-05,2019-08-19,2019-09-05,1-2%,-1.929,13.2332,13.4665,tp_gap_filled,353.3644,4676.15,4676.15,4758.59,1.763,82.44,12
GM,2019-08-14,2019-09-04,2019-09-05,1-2%,-1.948,38.2882,38.971,tp_gap_filled,122.3875,4686.0,4686.0,4769.56,1.783,83.56,1
CMI,2019-08-05,2019-09-05,2019-09-09,1-2%,-1.96,155.7256,158.5213,tp_gap_filled,30.2551,4711.49,4711.49,4796.08,1.795,84.59,2
MPC,2019-08-05,2019-09-05,2019-09-09,1-2%,-1.902,52.6526,53.5664,tp_gap_filled,89.452,4709.88,4709.88,4791.62,1.735,81.74,2
RVTY,2019-08-05,2019-08-06,2019-09-10,1-2%,-1.962,83.0229,84.5154,tp_gap_filled,56.3933,4681.94,4681.94,4766.11,1.798,84.16,24
NTRS,2019-08-05,2019-09-09,2019-09-10,1-2%,-1.973,92.0019,93.6662,tp_gap_filled,51.2734,4717.25,4717.25,4802.59,1.809,85.34,1
FANG,2019-09-06,2019-09-09,2019-09-10,1-2%,-1.915,95.8758,97.5524,tp_gap_filled,49.2324,4720.19,4720.19,4802.74,1.749,82.54,1
USB,2019-08-05,2019-09-09,2019-09-10,1-2%,-1.822,54.4744,55.3746,tp_gap_filled,86.6798,4721.83,4721.83,4799.85,1.652,78.02,1
ALB,2019-08-22,2019-09-09,2019-09-10,1-2%,-1.821,64.7747,65.8441,tp_gap_filled,72.9253,4723.72,4723.72,4801.7,1.651,77.99,1
LYB,2019-08-02,2019-09-09,2019-09-10,1-2%,-1.816,80.09,81.4085,tp_gap_filled,59.0068,4725.85,4725.85,4803.65,1.646,77.8,1
DVA,2019-09-11,2019-09-12,2019-09-13,1-2%,-1.914,60.5405,61.5983,tp_gap_filled,78.2484,4737.2,4737.2,4819.97,1.747,82.78,1
AIG,2019-09-16,2019-09-17,2019-09-18,1-2%,-1.868,56.2762,57.2327,tp_gap_filled,84.3211,4745.27,4745.27,4825.93,1.7,80.65,1
COP,2019-09-18,2019-09-19,2019-09-20,1-2%,-1.993,60.06,61.1588,tp_gap_filled,79.0019,4744.85,4744.85,4831.66,1.829,86.81,1
AES,2019-08-06,2019-09-16,2019-09-24,1-2%,-1.9,16.026,16.3037,tp_gap_filled,296.1477,4746.07,4746.07,4828.3,1.733,82.23,6
AMD,2019-09-03,2019-09-06,2019-09-25,1-2%,-1.971,30.8608,28.6719,stop,152.6048,4709.51,4709.51,4375.46,-7.093,-334.05,13
MAS,2019-09-18,2019-09-23,2019-09-26,1-2%,-1.816,40.5805,41.2487,tp_gap_filled,117.232,4757.34,4757.34,4835.67,1.647,78.33,3
AKAM,2019-09-19,2019-09-20,2019-09-27,1-2%,-1.946,89.2592,90.8491,tp_gap_filled,53.2095,4749.44,4749.44,4834.03,1.781,84.6,5
MU,2019-09-16,2019-09-20,2019-09-27,1-2%,-1.921,49.5795,46.0629,stop,95.8034,4749.89,4749.89,4412.98,-7.093,-336.91,5
EQT,2019-09-23,2019-09-24,2019-09-30,1-2%,-1.832,11.2612,10.4625,stop,420.896,4739.82,4739.82,4403.62,-7.093,-336.2,4
HUM,2019-09-30,2019-10-01,2019-10-02,1-2%,-1.778,253.263,257.3324,tp_gap_filled,18.6232,4716.57,4716.57,4792.36,1.607,75.79,1
DE,2019-09-12,2019-10-02,2019-10-03,1-2%,-1.841,162.2721,164.9848,tp_gap_filled,29.0892,4720.36,4720.36,4799.28,1.672,78.91,1
JPM,2019-08-05,2019-10-03,2019-10-04,1-2%,-1.895,110.9008,112.8171,tp_gap_filled,42.5994,4724.31,4724.31,4805.94,1.728,81.63,1
CRWD,2019-10-02,2019-10-03,2019-10-04,1-2%,-1.874,14.2155,14.458,tp_gap_filled,332.5294,4727.06,4727.06,4807.72,1.706,80.66,1
URI,2019-10-02,2019-10-04,2019-10-08,1-2%,-1.898,117.4173,109.0889,stop,40.3043,4732.42,4732.42,4396.75,-7.093,-335.67,2
AMP,2019-08-07,2019-10-08,2019-10-10,1-2%,-1.913,130.8507,133.1367,tp_gap_filled,35.9671,4706.32,4706.32,4788.55,1.747,82.22,2
BKR,2019-09-03,2019-10-09,2019-10-10,1-2%,-1.936,21.2913,21.6683,tp_gap_filled,221.0991,4707.48,4707.48,4790.84,1.771,83.36,1
DPZ,2019-07-29,2019-10-08,2019-10-11,1-2%,-1.891,254.4142,258.8009,tp_gap_filled,18.4871,4703.37,4703.37,4784.47,1.724,81.1,3
APTV,2019-10-08,2019-10-10,2019-10-11,1-2%,-1.988,82.4123,83.916,tp_gap_filled,57.2842,4720.92,4720.92,4807.06,1.825,86.14,1
FITB,2019-10-08,2019-10-10,2019-10-11,1-2%,-1.826,25.8358,26.2637,tp_gap_filled,182.8119,4723.09,4723.09,4801.32,1.656,78.23,1
KEY,2019-10-08,2019-10-10,2019-10-11,1-2%,-1.736,16.997,17.2627,tp_gap_filled,278.0635,4726.24,4726.24,4800.13,1.563,73.89,1
APA,2019-10-08,2019-10-11,2019-10-14,1-2%,-1.869,21.021,21.3786,tp_gap_filled,225.4545,4739.28,4739.28,4819.9,1.701,80.62,1
VEEV,2019-10-02,2019-10-04,2019-10-15,1-2%,-1.749,152.4323,154.835,tp_gap_filled,31.0433,4732.01,4732.01,4806.6,1.576,74.59,7
KR,2019-10-10,2019-10-11,2019-10-16,1-2%,-1.753,24.1241,24.5055,tp_gap_filled,196.6406,4743.78,4743.78,4818.77,1.581,74.99,3
WDAY,2019-08-30,2019-10-15,2019-10-16,1-2%,-1.945,184.184,171.1198,stop,25.7866,4749.48,4749.48,4412.6,-7.093,-336.88,1
NUE,2019-10-14,2019-10-15,2019-10-16,1-2%,-1.841,51.7617,52.6273,tp_gap_filled,91.6762,4745.32,4745.32,4824.68,1.672,79.36,1
FTNT,2019-10-16,2019-10-18,2019-10-24,1-2%,-1.932,15.4474,15.7203,tp_gap_filled,306.7514,4738.52,4738.52,4822.21,1.766,83.69,4
FDX,2019-09-03,2019-10-23,2019-10-28,1-2%,-1.778,125.6614,127.6804,tp_gap_filled,37.6218,4727.61,4727.61,4803.57,1.607,75.96,3
APA,2019-10-14,2019-10-25,2019-10-28,1-2%,-1.914,21.031,21.3986,tp_gap_filled,225.2794,4737.85,4737.85,4820.66,1.748,82.81,1
CRWD,2019-10-25,2019-10-28,2019-10-29,1-2%,-1.852,12.7327,11.8296,stop,372.7638,4746.3,4746.3,4409.64,-7.093,-336.65,1
CFG,2019-10-29,2019-10-30,2019-11-04,1-2%,-1.852,35.5355,36.1338,tp_gap_filled,133.2001,4733.33,4733.33,4813.03,1.684,79.7,3
KR,2019-10-29,2019-10-31,2019-11-04,1-2%,-1.856,24.8849,25.3047,tp_gap_filled,189.5285,4716.39,4716.39,4795.96,1.687,79.57,2
TTD,2019-10-16,2019-10-28,2019-11-06,1-2%,-1.792,20.8408,19.3626,stop,227.074,4732.41,4732.41,4396.74,-7.093,-335.67,7
MCD,2019-11-04,2019-11-05,2019-11-06,1-2%,-1.949,190.3502,193.7461,tp_gap_filled,24.7701,4714.99,4714.99,4799.1,1.784,84.12,1
LULU,2019-10-28,2019-10-31,2019-11-12,1-2%,-1.971,204.1039,207.792,tp_gap_filled,23.1069,4716.2,4716.2,4801.42,1.807,85.22,8
CRL,2019-10-18,2019-10-21,2019-11-13,1-2%,-1.889,133.6335,135.9339,tp_gap_filled,35.4371,4735.59,4735.59,4817.11,1.721,81.52,17
XYZ,2019-11-08,2019-11-11,2019-11-15,1-2%,-1.91,63.2432,64.3456,tp_gap_filled,74.7889,4729.89,4729.89,4812.33,1.743,82.45,4
DOW,2019-11-13,2019-11-15,2019-11-25,1-2%,-1.759,54.2442,55.1048,tp_gap_filled,87.3087,4735.99,4735.99,4811.13,1.587,75.14,6
DUK,2019-11-19,2019-11-20,2019-11-27,1-2%,-1.816,87.127,88.5614,tp_gap_filled,54.2001,4722.29,4722.29,4800.03,1.646,77.74,5
IVZ,2019-11-08,2019-11-14,2019-12-03,1-2%,-1.76,17.8779,16.6098,stop,264.9415,4736.59,4736.59,4400.62,-7.093,-335.97,12
SYY,2019-11-18,2019-11-20,2019-12-04,1-2%,-1.826,80.2001,81.5284,tp_gap_filled,58.8953,4723.41,4723.41,4801.64,1.656,78.23,9
CSX,2019-10-18,2019-12-03,2019-12-04,1-2%,-1.763,22.8729,23.2367,tp_gap_filled,206.4817,4722.82,4722.82,4797.96,1.591,75.14,1
KLAC,2019-12-03,2019-12-04,2019-12-05,1-2%,-1.9,15.8158,16.0899,tp_gap_filled,298.9531,4728.18,4728.18,4810.12,1.733,81.94,1
KKR,2019-12-03,2019-12-04,2019-12-05,1-2%,-1.794,28.4985,28.961,tp_gap_filled,166.0203,4731.32,4731.32,4808.12,1.623,76.79,1
ORLY,2019-11-29,2019-12-03,2019-12-06,1-2%,-1.719,29.2292,29.681,tp_gap_filled,161.7075,4726.58,4726.58,4799.63,1.546,73.05,3
PFG,2019-12-03,2019-12-04,2019-12-06,1-2%,-1.783,52.9429,53.7961,tp_gap_filled,89.4013,4733.16,4733.16,4809.45,1.612,76.28,2
DELL,2019-12-03,2019-12-05,2019-12-06,1-2%,-1.928,23.7439,24.1623,tp_gap_filled,199.5578,4738.29,4738.29,4821.78,1.762,83.49,1
AXON,2019-12-03,2019-12-05,2019-12-06,1-2%,-1.913,72.3823,73.6463,tp_gap_filled,65.4964,4740.78,4740.78,4823.57,1.746,82.79,1
KEYS,2019-12-03,2019-12-05,2019-12-06,1-2%,-1.839,101.4914,103.1867,tp_gap_filled,46.7182,4741.5,4741.5,4820.7,1.67,79.2,1
HPE,2019-11-01,2019-11-26,2019-12-12,1-2%,-1.889,16.1161,16.3936,tp_gap_filled,294.5858,4747.57,4747.57,4829.32,1.722,81.74,11
WMB,2019-12-12,2019-12-13,2019-12-17,1-2%,-1.854,22.7828,23.1668,tp_gap_filled,208.831,4757.75,4757.75,4837.95,1.686,80.2,2
AWK,2019-12-11,2019-12-12,2019-12-20,1-2%,-1.921,120.12,122.2276,tp_gap_filled,39.6702,4765.18,4765.18,4848.8,1.755,83.61,6
DDOG,2019-12-19,2019-12-23,2020-01-02,1-2%,-1.832,37.5475,38.1718,tp_gap_filled,127.0822,4771.62,4771.62,4850.95,1.663,79.33,6
PFG,2020-01-03,2020-01-06,2020-01-08,1-2%,-1.92,54.7147,55.6743,tp_gap_filled,87.2161,4772.0,4772.0,4855.69,1.754,83.69,2
WYNN,2020-01-03,2020-01-06,2020-01-08,1-2%,-1.915,140.9909,143.4564,tp_gap_filled,33.855,4773.24,4773.24,4856.71,1.749,83.47,2
EMR,2020-01-03,2020-01-06,2020-01-08,1-2%,-1.91,76.076,77.4025,tp_gap_filled,62.7475,4773.58,4773.58,4856.82,1.744,83.24,2
MTD,2020-01-03,2020-01-06,2020-01-08,1-2%,-1.858,790.8901,804.2549,tp_gap_filled,6.0396,4776.64,4776.64,4857.35,1.69,80.72,2
LRCX,2020-01-03,2020-01-07,2020-01-08,1-2%,-1.96,29.2342,29.7592,tp_gap_filled,163.3997,4776.86,4776.86,4862.65,1.796,85.79,1
SJM,2019-11-13,2019-12-12,2020-01-13,1-2%,-1.836,103.3032,105.0249,tp_gap_filled,46.0957,4761.83,4761.83,4841.19,1.667,79.36,20
AIG,2019-11-01,2019-12-02,2020-01-14,1-2%,-1.832,52.042,52.907,tp_gap_filled,90.9909,4735.35,4735.35,4814.06,1.662,78.71,29
BAC,2020-01-03,2020-01-08,2020-01-14,1-2%,-1.852,35.015,35.6044,tp_gap_filled,136.9347,4794.76,4794.76,4875.47,1.683,80.71,4
ZBRA,2019-12-03,2020-01-10,2020-01-16,1-2%,-1.817,246.1159,250.1696,tp_gap_filled,19.3947,4773.34,4773.34,4851.96,1.647,78.62,4
SHW,2019-11-18,2019-11-20,2020-01-17,1-2%,-1.984,193.8637,197.3924,tp_gap_filled,24.3763,4725.67,4725.67,4811.69,1.82,86.02,39
KLAC,2020-01-03,2020-01-09,2020-01-22,1-2%,-1.775,17.9509,18.2387,tp_gap_filled,267.0595,4793.97,4793.97,4870.83,1.603,76.86,8
URI,2020-01-06,2020-01-10,2020-01-23,1-2%,-1.871,162.7726,151.2271,stop,29.355,4778.19,4778.19,4439.27,-7.093,-338.92,8
HWM,2019-11-05,2020-01-22,2020-01-23,1-2%,-1.772,21.7011,22.0485,tp_gap_filled,221.7179,4811.53,4811.53,4888.54,1.601,77.01,1
RL,2020-01-03,2020-01-23,2020-01-24,1-2%,-1.928,116.6165,118.6712,tp_gap_filled,41.1719,4801.33,4801.33,4885.92,1.762,84.6,1
DIS,2019-12-03,2019-12-05,2020-01-27,1-2%,-1.912,147.8877,137.3981,stop,32.0663,4742.22,4742.22,4405.85,-7.093,-336.37,34
LVS,2019-12-03,2020-01-27,2020-01-28,1-2%,-1.755,61.6516,62.6273,tp_gap_filled,77.7154,4791.28,4791.28,4867.11,1.583,75.83,1
DECK,2020-01-27,2020-01-28,2020-01-29,1-2%,-1.993,29.049,29.5804,tp_gap_filled,165.2886,4801.47,4801.47,4889.3,1.829,87.83,1
PWR,2020-01-27,2020-01-28,2020-01-29,1-2%,-1.957,39.6196,40.3296,tp_gap_filled,121.1944,4801.67,4801.67,4887.73,1.792,86.05,1
PCAR,2020-01-27,2020-01-28,2020-01-29,1-2%,-1.914,50.2635,51.1421,tp_gap_filled,95.6085,4805.62,4805.62,4889.62,1.748,84.0,1
CTAS,2020-01-27,2020-01-28,2020-01-30,1-2%,-1.909,69.577,70.7891,tp_gap_filled,69.1321,4810.0,4810.0,4893.8,1.742,83.8,2
HBAN,2020-01-27,2020-01-29,2020-01-30,1-2%,-1.968,13.4634,13.7063,tp_gap_filled,356.5073,4799.82,4799.82,4886.39,1.804,86.57,1
BEN,2020-01-27,2020-01-30,2020-01-31,1-2%,-1.94,24.7948,25.2347,tp_gap_filled,194.5044,4822.69,4822.69,4908.27,1.774,85.58,1
CRH,2019-12-03,2020-01-31,2020-02-03,1-2%,-1.885,37.5075,38.1518,tp_gap_filled,127.2958,4774.54,4774.54,4856.56,1.718,82.02,1
ORCL,2020-01-03,2020-01-27,2020-02-04,1-2%,-1.779,53.043,53.8961,tp_gap_filled,90.3583,4792.87,4792.87,4869.95,1.608,77.08,6
MS,2020-01-30,2020-01-31,2020-02-04,1-2%,-1.993,52.6626,53.6263,tp_gap_filled,90.6975,4776.37,4776.37,4863.77,1.83,87.41,2
TFC,2020-01-30,2020-02-03,2020-02-04,1-2%,-1.875,52.9028,53.8061,tp_gap_filled,90.6083,4793.44,4793.44,4875.28,1.707,81.85,1
CB,2020-01-07,2020-01-08,2020-02-05,1-2%,-1.872,154.2741,156.9029,tp_gap_filled,31.0937,4796.95,4796.95,4878.69,1.704,81.74,19
PANW,2020-01-27,2020-01-28,2020-02-05,1-2%,-1.956,39.7314,40.4429,tp_gap_filled,120.9343,4804.89,4804.89,4890.93,1.791,86.04,6
UNP,2020-01-27,2020-01-29,2020-02-05,1-2%,-1.966,182.212,185.4943,tp_gap_filled,26.3436,4800.11,4800.11,4886.58,1.801,86.47,5
CNC,2020-01-03,2020-02-04,2020-02-05,1-2%,-1.842,60.8007,61.8181,tp_gap_filled,79.354,4824.78,4824.78,4905.52,1.673,80.73,1
EME,2020-01-27,2020-01-29,2020-02-06,1-2%,-1.972,84.6045,86.1338,tp_gap_filled,56.7329,4799.86,4799.86,4886.62,1.808,86.76,6
GOOGL,2020-02-04,2020-02-05,2020-02-07,1-2%,-1.896,72.7972,74.0559,tp_gap_filled,66.7975,4862.67,4862.67,4946.74,1.729,84.07,2
CSCO,2020-01-27,2020-01-28,2020-02-10,1-2%,-1.965,47.9379,48.8011,tp_gap_filled,100.182,4802.51,4802.51,4889.0,1.801,86.48,9
GOOG,2020-02-04,2020-02-05,2020-02-10,1-2%,-1.943,72.9264,74.2227,tp_gap_filled,66.7027,4864.39,4864.39,4950.86,1.778,86.47,3
CHTR,2020-02-05,2020-02-07,2020-02-10,1-2%,-1.834,522.522,531.2183,tp_gap_filled,9.2992,4859.01,4859.01,4939.88,1.664,80.87,1
NVR,2020-01-27,2020-01-29,2020-02-11,1-2%,-1.898,3911.908,3979.6165,tp_gap_filled,1.2269,4799.54,4799.54,4882.62,1.731,83.07,9
BIIB,2020-02-10,2020-02-11,2020-02-13,1-2%,-1.978,332.332,338.3613,tp_gap_filled,14.6488,4868.25,4868.25,4956.57,1.814,88.32,2
BEN,2020-02-07,2020-02-10,2020-02-18,1-2%,-1.84,25.6256,26.0539,tp_gap_filled,189.9259,4866.97,4866.97,4948.32,1.671,81.35,5
ALB,2020-02-05,2020-02-14,2020-02-19,1-2%,-1.847,88.8488,90.3396,tp_gap_filled,54.7079,4860.73,4860.73,4942.29,1.678,81.56,2
MPC,2020-02-18,2020-02-19,2020-02-20,1-2%,-1.972,57.2372,58.2717,tp_gap_filled,85.3424,4884.76,4884.76,4973.05,1.807,88.29,1
FANG,2020-01-27,2020-02-20,2020-02-21,1-2%,-1.931,81.3212,75.5531,stop,60.1351,4890.26,4890.26,4543.39,-7.093,-346.87,1
PPG,2020-01-27,2020-01-28,2020-02-24,1-2%,-1.9,123.5434,114.7805,stop,38.9313,4809.7,4809.7,4468.55,-7.093,-341.15,18
NOC,2020-02-03,2020-02-04,2020-02-25,1-2%,-1.933,367.6973,341.6165,stop,13.1321,4828.65,4828.65,4486.15,-7.093,-342.5,14
APO,2020-02-10,2020-02-12,2020-02-25,1-2%,-1.837,46.5365,43.2357,stop,104.5329,4864.6,4864.6,4519.55,-7.093,-345.05,8
QCOM,2020-02-18,2020-02-21,2020-02-25,1-2%,-1.975,87.9178,81.6818,stop,55.3816,4869.03,4869.03,4523.67,-7.093,-345.36,2
MPWR,2020-02-10,2020-02-21,2020-02-25,1-2%,-1.931,176.9067,164.3587,stop,27.5093,4866.57,4866.57,4521.39,-7.093,-345.19,2
DPZ,2020-02-21,2020-02-24,2020-02-25,1-2%,-1.916,366.376,372.7868,tp_gap_filled,13.1583,4820.87,4820.87,4905.23,1.75,84.36,1
SNA,2020-01-27,2020-01-30,2020-02-26,1-2%,-1.946,162.9027,151.3481,stop,29.6008,4822.04,4822.04,4480.02,-7.093,-342.03,18
T,2019-11-19,2019-12-18,2020-02-27,1-2%,-1.792,29.4252,27.338,stop,162.148,4771.23,4771.23,4432.81,-7.093,-338.42,47
YUM,2020-02-07,2020-02-24,2020-02-27,1-2%,-1.909,101.8618,94.6367,stop,47.3058,4818.66,4818.66,4476.87,-7.093,-341.79,3
CBRE,2020-01-27,2020-02-24,2020-02-27,1-2%,-1.827,59.7197,55.4837,stop,80.6241,4814.84,4814.84,4473.33,-7.093,-341.52,3
CSX,2020-02-24,2020-02-25,2020-02-27,1-2%,-1.998,26.016,24.1707,stop,183.3208,4769.27,4769.27,4430.99,-7.093,-338.28,2
TSN,2020-02-24,2020-02-25,2020-02-27,1-2%,-1.966,76.3763,70.9589,stop,62.3453,4761.7,4761.7,4423.95,-7.093,-337.75,2
KMI,2020-02-24,2020-02-25,2020-02-27,1-2%,-1.942,21.7317,20.1903,stop,218.4436,4747.15,4747.15,4410.44,-7.093,-336.72,2
LMT,2020-02-24,2020-02-25,2020-02-27,1-2%,-1.905,420.0696,390.2741,stop,11.2831,4739.71,4739.71,4403.52,-7.093,-336.19,2
HII,2020-02-24,2020-02-25,2020-02-27,1-2%,-1.898,231.7715,215.332,stop,20.4019,4728.59,4728.59,4393.19,-7.093,-335.4,2
PFE,2020-02-24,2020-02-26,2020-02-28,1-2%,-1.904,33.278,30.9176,stop,141.1742,4698.0,4698.0,4364.77,-7.093,-333.23,2
FTNT,2019-12-03,2020-02-27,2020-02-28,1-2%,-1.896,20.4104,20.7632,tp_gap_filled,227.8378,4650.26,4650.26,4730.65,1.729,80.39,1
LULU,2019-12-13,2020-02-27,2020-03-02,1-2%,-1.8,220.6504,224.2455,tp_gap_filled,21.0813,4651.6,4651.6,4727.39,1.629,75.79,2
SMCI,2020-02-27,2020-03-02,2020-03-03,1-2%,-1.998,2.6026,2.6503,tp_gap_filled,1785.8818,4647.94,4647.94,4733.21,1.835,85.27,1
AEP,2020-02-28,2020-03-02,2020-03-03,1-2%,-1.992,90.12,91.7681,tp_gap_filled,51.5872,4649.04,4649.04,4734.06,1.829,85.02,1
CMS,2020-02-28,2020-03-02,2020-03-03,1-2%,-1.99,61.6316,62.7572,tp_gap_filled,75.6408,4661.86,4661.86,4747.0,1.826,85.14,1
TMUS,2020-02-28,2020-03-02,2020-03-03,1-2%,-1.973,89.5294,91.1488,tp_gap_filled,52.1767,4671.35,4671.35,4755.84,1.809,84.49,1
AOS,2020-02-27,2020-03-02,2020-03-03,1-2%,-1.97,38.8588,39.5604,tp_gap_filled,120.4658,4681.16,4681.16,4765.68,1.805,84.52,1
HBAN,2020-02-27,2020-03-02,2020-03-03,1-2%,-1.969,12.4624,12.6873,tp_gap_filled,376.656,4694.06,4694.06,4778.75,1.804,84.69,1
DOV,2020-02-27,2020-03-02,2020-03-03,1-2%,-1.967,106.2762,108.1917,tp_gap_filled,44.2531,4703.05,4703.05,4787.82,1.802,84.77,1
AVGO,2020-02-27,2020-03-02,2020-03-03,1-2%,-1.952,28.058,28.5594,tp_gap_filled,167.7073,4705.54,4705.54,4789.62,1.787,84.09,1
WY,2020-02-27,2020-03-02,2020-03-03,1-2%,-1.934,26.8969,27.3726,tp_gap_filled,175.0842,4709.22,4709.22,4792.51,1.769,83.29,1
FDS,2020-02-27,2020-03-03,2020-03-04,1-2%,-1.973,284.4842,289.6301,tp_gap_filled,16.4719,4686.0,4686.0,4770.76,1.809,84.76,1
BSX,2020-02-27,2020-03-03,2020-03-06,1-2%,-1.955,38.6586,35.9166,stop,121.0948,4681.36,4681.36,4349.31,-7.093,-332.05,3
OKE,2020-02-27,2020-03-03,2020-03-06,1-2%,-1.938,71.9419,66.839,stop,64.9512,4672.71,4672.71,4341.27,-7.093,-331.44,3
HWM,2020-01-27,2020-03-04,2020-03-06,1-2%,-1.855,21.9314,20.3758,stop,213.6947,4686.63,4686.63,4354.21,-7.093,-332.42,2
XEL,2020-03-05,2020-03-06,2020-03-09,1-2%,-1.965,67.9078,69.1308,tp_gap_filled,68.3344,4640.44,4640.44,4724.01,1.801,83.57,1
DOC,2020-03-05,2020-03-06,2020-03-09,1-2%,-1.909,33.9439,31.5363,stop,137.1282,4654.67,4654.67,4324.51,-7.093,-330.16,1
LII,2020-03-05,2020-03-06,2020-03-10,1-2%,-1.939,253.0628,235.1131,stop,18.3674,4648.1,4648.1,4318.41,-7.093,-329.69,2
O,2020-02-28,2020-03-09,2020-03-10,1-2%,-1.962,69.3134,70.5592,tp_gap_filled,66.7443,4626.27,4626.27,4709.42,1.797,83.15,1
BXP,2020-02-28,2020-03-09,2020-03-10,1-2%,-1.926,125.9058,128.1217,tp_gap_filled,36.7899,4632.06,4632.06,4713.58,1.76,81.53,1
FIS,2020-03-06,2020-03-10,2020-03-12,1-2%,-1.968,140.0799,130.1441,stop,32.9802,4619.86,4619.86,4292.18,-7.093,-327.69,2
TTWO,2020-03-11,2020-03-12,2020-03-16,1-2%,-1.945,116.5564,108.2891,stop,39.4957,4603.48,4603.48,4276.95,-7.093,-326.52,2
HRL,2020-03-11,2020-03-16,2020-03-17,1-2%,-1.942,42.9529,43.7162,tp_gap_filled,106.7949,4587.15,4587.15,4668.67,1.777,81.52,1
FTNT,2020-03-11,2020-03-19,2020-03-20,1-2%,-1.929,17.8118,18.1259,tp_gap_filled,257.7634,4591.23,4591.23,4672.18,1.763,80.95,1
ZBRA,2020-03-19,2020-03-20,2020-03-23,1-2%,-1.946,182.0419,169.1296,stop,25.243,4595.28,4595.28,4269.33,-7.093,-325.94,1
TKO,2020-03-11,2020-03-24,2020-03-25,1-2%,-1.991,40.4104,37.5441,stop,113.312,4578.98,4578.98,4254.19,-7.093,-324.79,1
IP,2020-03-23,2020-03-25,2020-03-26,1-2%,-1.965,27.4232,27.9171,tp_gap_filled,166.3823,4562.74,4562.74,4644.92,1.801,82.18,1
VRSK,2020-03-25,2020-04-01,2020-04-02,1-2%,-1.945,134.7446,137.1427,tp_gap_filled,33.8926,4566.85,4566.85,4648.13,1.78,81.28,1
WST,2020-04-01,2020-04-02,2020-04-03,1-2%,-1.957,149.4193,152.0977,tp_gap_filled,30.5534,4565.27,4565.27,4647.1,1.793,81.84,1
PODD,2020-03-31,2020-04-02,2020-04-07,1-2%,-1.993,171.2711,174.4054,tp_gap_filled,26.6882,4570.91,4570.91,4654.56,1.83,83.65,3
AEE,2020-03-11,2020-04-09,2020-04-13,1-2%,-1.974,81.041,75.2927,stop,56.5046,4579.19,4579.19,4254.38,-7.093,-324.8,1
ALGN,2020-04-13,2020-04-14,2020-04-17,1-2%,-1.993,189.5293,192.9968,tp_gap_filled,24.0751,4562.95,4562.95,4646.43,1.83,83.48,3
SHW,2020-04-13,2020-04-16,2020-04-17,1-2%,-1.999,160.9308,163.886,tp_gap_filled,28.2524,4546.69,4546.69,4630.18,1.836,83.49,1
EXC,2020-04-21,2020-04-22,2020-04-23,1-2%,-1.969,25.946,26.4144,tp_gap_filled,175.8744,4563.24,4563.24,4645.61,1.805,82.37,1
MSCI,2020-04-21,2020-04-22,2020-04-23,1-2%,-1.957,315.9656,321.6281,tp_gap_filled,14.4586,4568.41,4568.41,4650.28,1.792,81.87,1
GDDY,2020-04-21,2020-04-22,2020-04-23,1-2%,-1.951,65.9158,67.0928,tp_gap_filled,69.3577,4571.77,4571.77,4653.41,1.786,81.63,1
ECL,2020-04-13,2020-04-15,2020-04-24,1-2%,-1.957,176.5163,179.6801,tp_gap_filled,25.8111,4556.09,4556.09,4637.75,1.792,81.66,7
BR,2020-02-27,2020-04-20,2020-04-27,1-2%,-1.999,110.4003,112.4275,tp_gap_filled,41.365,4566.7,4566.7,4650.56,1.836,83.85,5
MRK,2020-04-15,2020-04-20,2020-04-27,1-2%,-1.943,77.5871,78.9668,tp_gap_filled,58.8428,4565.44,4565.44,4646.63,1.778,81.19,5
SNPS,2020-04-20,2020-04-23,2020-04-27,1-2%,-1.981,152.0619,154.825,tp_gap_filled,30.1204,4580.16,4580.16,4663.39,1.817,83.23,2
TSCO,2020-02-24,2020-04-24,2020-04-27,1-2%,-1.954,19.5856,19.936,tp_gap_filled,234.4386,4591.61,4591.61,4673.78,1.789,82.17,1
PKG,2020-02-24,2020-04-29,2020-05-04,1-2%,-1.954,100.4604,93.3347,stop,45.8309,4604.19,4604.19,4277.62,-7.093,-326.58,3
BALL,2020-04-30,2020-05-01,2020-05-05,1-2%,-1.991,65.5455,66.7432,tp_gap_filled,70.0446,4591.11,4591.11,4675.0,1.827,83.89,2
GM,2020-04-27,2020-05-01,2020-05-05,1-2%,-1.959,21.5415,21.9281,tp_gap_filled,213.0777,4590.02,4590.02,4672.38,1.794,82.36,2
CFG,2020-05-04,2020-05-06,2020-05-07,1-2%,-1.961,21.021,21.3986,tp_gap_filled,217.8265,4578.93,4578.93,4661.18,1.796,82.25,1
DOW,2020-05-06,2020-05-07,2020-05-08,1-2%,-1.978,32.7427,33.3366,tp_gap_filled,139.869,4579.69,4579.69,4662.76,1.814,83.07,1
GD,2020-04-30,2020-05-08,2020-05-11,1-2%,-1.983,134.0739,136.5133,tp_gap_filled,34.2704,4594.76,4594.76,4678.36,1.819,83.6,1
BLK,2020-04-30,2020-05-07,2020-05-12,1-2%,-1.985,501.7412,466.1527,stop,9.1316,4581.68,4581.68,4256.7,-7.093,-324.98,3
AEE,2020-04-21,2020-05-01,2020-05-14,1-2%,-1.98,71.8618,66.7646,stop,63.8912,4591.33,4591.33,4265.67,-7.093,-325.66,9
PNW,2020-05-01,2020-05-05,2020-05-14,1-2%,-1.961,75.5555,70.1963,stop,60.844,4597.1,4597.1,4271.03,-7.093,-326.07,7
CRL,2020-03-05,2020-05-11,2020-05-15,1-2%,-1.994,164.8146,167.832,tp_gap_filled,27.8834,4595.59,4595.59,4679.72,1.831,84.13,4
DECK,2020-04-30,2020-05-18,2020-05-19,1-2%,-1.986,25.4404,25.9041,tp_gap_filled,179.3993,4563.99,4563.99,4647.17,1.823,83.18,1
TJX,2020-04-30,2020-05-18,2020-05-20,1-2%,-1.979,50.5705,51.4885,tp_gap_filled,90.2598,4564.48,4564.48,4647.34,1.815,82.85,2
LITE,2020-05-14,2020-05-19,2020-05-20,1-2%,-1.974,72.072,73.3765,tp_gap_filled,63.3637,4566.75,4566.75,4649.41,1.81,82.66,1
COHR,2020-05-14,2020-05-19,2020-05-20,1-2%,-1.966,43.9339,44.7252,tp_gap_filled,104.0213,4570.06,4570.06,4652.38,1.801,82.32,1
FOX,2020-04-30,2020-05-19,2020-05-26,1-2%,-1.968,27.4274,27.9221,tp_gap_filled,166.7722,4574.13,4574.13,4656.62,1.803,82.49,4
BAC,2020-05-11,2020-05-21,2020-05-26,1-2%,-1.952,23.1331,23.5464,tp_gap_filled,197.937,4578.9,4578.9,4660.71,1.787,81.81,2
NTRS,2020-04-30,2020-05-26,2020-05-27,1-2%,-1.987,80.4904,81.958,tp_gap_filled,57.01,4588.76,4588.76,4672.42,1.823,83.66,1
FITB,2020-04-30,2020-05-26,2020-05-27,1-2%,-1.981,19.3193,19.6703,tp_gap_filled,237.3228,4584.91,4584.91,4668.21,1.817,83.3,1
BNY,2020-04-30,2020-05-26,2020-05-27,1-2%,-1.946,37.3173,37.982,tp_gap_filled,122.8218,4583.38,4583.38,4665.02,1.781,81.64,1
DLTR,2020-03-11,2020-05-27,2020-05-28,1-2%,-1.976,86.4063,87.9719,tp_gap_filled,53.2506,4601.19,4601.19,4684.56,1.812,83.37,1
HST,2020-04-30,2020-05-27,2020-05-28,1-2%,-1.909,12.3423,12.5574,tp_gap_filled,373.0399,4604.18,4604.18,4684.42,1.743,80.24,1
GE,2020-05-01,2020-05-29,2020-06-01,1-2%,-1.912,33.2774,33.8582,tp_gap_filled,138.5134,4609.37,4609.37,4689.82,1.745,80.45,1
DLR,2020-05-29,2020-06-01,2020-06-11,1-2%,-1.999,143.2731,133.1108,stop,32.2,4613.39,4613.39,4286.16,-7.093,-327.23,8
PHM,2020-06-09,2020-06-10,2020-06-11,1-2%,-1.909,36.006,33.4521,stop,127.8402,4603.01,4603.01,4276.52,-7.093,-326.49,1
ETN,2020-06-09,2020-06-10,2020-06-11,1-2%,-1.881,93.9639,87.299,stop,49.0084,4605.02,4605.02,4278.39,-7.093,-326.63,1
ICE,2020-03-05,2020-06-01,2020-06-15,1-2%,-1.957,98.3082,91.3352,stop,46.9142,4612.05,4612.05,4284.92,-7.093,-327.13,10
TAP,2020-05-29,2020-06-11,2020-06-15,1-2%,-1.956,37.6376,38.3116,tp_gap_filled,120.881,4549.67,4549.67,4631.15,1.791,81.48,2
MCK,2020-06-11,2020-06-15,2020-06-16,1-2%,-1.885,151.6315,154.2356,tp_gap_filled,30.0208,4552.09,4552.09,4630.27,1.717,78.18,1
ISRG,2020-06-11,2020-06-16,2020-06-17,1-2%,-1.949,191.5147,194.9315,tp_gap_filled,23.7893,4556.0,4556.0,4637.29,1.784,81.29,1
DUK,2020-06-15,2020-06-18,2020-06-19,1-2%,-1.96,85.125,86.6533,tp_gap_filled,53.569,4560.07,4560.07,4641.93,1.795,81.87,1
EXPD,2020-06-15,2020-06-22,2020-06-23,1-2%,-1.944,72.2121,73.4964,tp_gap_filled,63.1025,4556.77,4556.77,4637.81,1.778,81.04,1
KLAC,2020-06-22,2020-06-24,2020-06-26,1-2%,-1.942,18.9539,19.2907,tp_gap_filled,239.4534,4538.58,4538.58,4619.22,1.777,80.64,2
APH,2020-06-15,2020-06-25,2020-06-26,1-2%,-1.905,11.6616,11.8644,tp_gap_filled,389.8818,4546.67,4546.67,4625.7,1.738,79.04,1
PSA,2020-06-15,2020-06-19,2020-07-01,1-2%,-1.98,192.7726,196.2735,tp_gap_filled,23.6592,4560.85,4560.85,4643.68,1.816,82.83,8
COHR,2020-06-15,2020-06-30,2020-07-01,1-2%,-1.857,45.5055,46.2737,tp_gap_filled,100.1776,4558.63,4558.63,4635.58,1.688,76.96,1
UHS,2020-06-24,2020-07-01,2020-07-02,1-2%,-1.957,93.7637,95.4445,tp_gap_filled,48.6937,4565.7,4565.7,4647.54,1.793,81.84,1
UAL,2020-06-30,2020-07-01,2020-07-02,1-2%,-1.9,34.6346,35.2347,tp_gap_filled,131.7837,4564.28,4564.28,4643.36,1.733,79.09,1
CRL,2020-06-15,2020-06-22,2020-07-06,1-2%,-1.921,176.3261,179.4204,tp_gap_filled,25.8852,4564.24,4564.24,4644.33,1.755,80.1,9
BX,2020-06-22,2020-06-23,2020-07-07,1-2%,-1.949,57.9078,53.8004,stop,78.6934,4556.97,4556.97,4233.74,-7.093,-323.23,9
WAT,2020-06-15,2020-06-24,2020-07-07,1-2%,-1.881,182.2521,185.3744,tp_gap_filled,24.8967,4537.48,4537.48,4615.22,1.713,77.74,8
OKE,2020-05-14,2020-07-06,2020-07-07,1-2%,-1.804,29.9599,27.8349,stop,153.0977,4586.8,4586.8,4261.46,-7.093,-325.34,1
ROST,2020-06-24,2020-07-02,2020-07-09,1-2%,-1.815,89.8898,83.5139,stop,50.8808,4573.67,4573.67,4249.26,-7.093,-324.41,4
OKE,2020-07-07,2020-07-08,2020-07-10,1-2%,-1.909,27.7777,25.8075,stop,163.7888,4549.68,4549.68,4226.98,-7.093,-322.71,2
USB,2020-05-11,2020-07-09,2020-07-10,1-2%,-1.986,34.0941,34.7152,tp_gap_filled,132.6525,4522.66,4522.66,4605.06,1.822,82.4,1
TXT,2020-05-29,2020-07-09,2020-07-10,1-2%,-1.934,30.4504,30.989,tp_gap_filled,148.5529,4523.5,4523.5,4603.5,1.769,80.0,1
MRNA,2020-07-01,2020-07-09,2020-07-10,1-2%,-1.884,63.063,64.1458,tp_gap_filled,71.6921,4521.12,4521.12,4598.75,1.717,77.63,1
BXP,2020-07-07,2020-07-13,2020-07-14,1-2%,-1.839,89.7597,91.2586,tp_gap_filled,50.4432,4527.77,4527.77,4603.38,1.67,75.61,1
FTNT,2020-07-07,2020-07-13,2020-07-15,1-2%,-1.94,27.4254,25.4801,stop,165.4564,4537.71,4537.71,4215.85,-7.093,-321.86,2
TTD,2020-07-16,2020-07-17,2020-07-20,1-2%,-1.98,42.8158,43.5934,tp_gap_filled,105.9482,4536.25,4536.25,4618.64,1.816,82.38,1
HSIC,2020-06-09,2020-07-17,2020-07-20,1-2%,-1.897,65.7557,66.893,tp_gap_filled,69.0155,4538.16,4538.16,4616.66,1.73,78.49,1
YUM,2020-06-15,2020-06-19,2020-07-21,1-2%,-1.983,89.5595,91.1887,tp_gap_filled,50.9623,4564.16,4564.16,4647.19,1.819,83.03,21
CBOE,2020-07-07,2020-07-08,2020-07-21,1-2%,-1.979,93.2131,94.905,tp_gap_filled,48.8148,4550.18,4550.18,4632.77,1.815,82.59,9
BKR,2020-07-16,2020-07-17,2020-07-21,1-2%,-1.923,15.3153,15.5844,tp_gap_filled,296.3594,4538.83,4538.83,4618.58,1.757,79.75,2
FITB,2020-07-16,2020-07-17,2020-07-21,1-2%,-1.878,18.8288,19.1508,tp_gap_filled,241.2448,4542.35,4542.35,4620.04,1.71,77.69,2
HAS,2020-07-22,2020-07-24,2020-07-27,1-2%,-1.966,77.3573,71.8703,stop,58.9549,4560.59,4560.59,4237.11,-7.093,-323.48,1
MGM,2020-07-10,2020-07-23,2020-07-29,1-2%,-2.0,15.6957,15.984,tp_gap_filled,290.4763,4559.22,4559.22,4642.97,1.837,83.75,4
LEN,2020-07-30,2020-07-31,2020-08-03,1-2%,-1.954,69.0525,70.2878,tp_gap_filled,65.5782,4528.34,4528.34,4609.35,1.789,81.01,1
FSLR,2020-07-24,2020-07-27,2020-08-04,1-2%,-1.904,61.3713,62.4375,tp_gap_filled,73.8515,4532.36,4532.36,4611.1,1.737,78.74,6
APTV,2020-07-24,2020-07-30,2020-08-05,1-2%,-1.858,80.8808,82.2477,tp_gap_filled,56.1452,4541.07,4541.07,4617.81,1.69,76.74,4
V,2020-07-29,2020-07-30,2020-08-05,1-2%,-1.855,193.2831,196.5433,tp_gap_filled,23.4883,4539.88,4539.88,4616.46,1.687,76.58,4
VTR,2020-08-03,2020-08-04,2020-08-05,1-2%,-1.929,37.6576,38.3216,tp_gap_filled,121.002,4556.65,4556.65,4636.99,1.763,80.35,1
MRNA,2020-07-30,2020-07-31,2020-08-10,1-2%,-1.899,78.078,72.5399,stop,58.039,4531.57,4531.57,4210.15,-7.093,-321.42,6
PNW,2020-07-31,2020-08-03,2020-08-10,1-2%,-1.911,81.2011,82.6173,tp_gap_filled,55.9443,4542.74,4542.74,4621.96,1.744,79.23,5
DOW,2020-07-30,2020-08-07,2020-08-10,1-2%,-1.976,42.7027,43.4765,tp_gap_filled,106.6663,4554.93,4554.93,4637.48,1.812,82.54,1
NFLX,2020-07-24,2020-08-11,2020-08-12,1-2%,-1.845,46.9239,47.7102,tp_gap_filled,96.9114,4547.46,4547.46,4623.66,1.676,76.21,1
CSGP,2020-08-04,2020-08-11,2020-08-13,1-2%,-1.994,81.9168,83.4165,tp_gap_filled,55.6095,4555.36,4555.36,4638.75,1.831,83.4,2
BA,2020-07-16,2020-08-11,2020-08-17,1-2%,-1.926,184.5043,171.4174,stop,24.6761,4552.85,4552.85,4229.92,-7.093,-322.93,4
UBER,2020-08-11,2020-08-12,2020-08-17,1-2%,-1.89,31.6917,29.4438,stop,143.6855,4553.63,4553.63,4230.64,-7.093,-322.99,3
DE,2020-08-13,2020-08-14,2020-08-17,1-2%,-1.955,188.7386,192.1177,tp_gap_filled,24.0842,4545.62,4545.62,4627.0,1.79,81.38,1
KLAC,2020-08-20,2020-08-21,2020-08-25,1-2%,-1.871,20.6807,21.0329,tp_gap_filled,217.3944,4495.86,4495.86,4572.44,1.703,76.59,2
AMGN,2020-07-29,2020-08-26,2020-08-27,1-2%,-1.908,250.6504,255.0147,tp_gap_filled,18.0205,4516.83,4516.83,4595.48,1.741,78.65,1
RF,2020-08-13,2020-08-14,2020-09-03,1-2%,-1.93,11.7017,11.9081,tp_gap_filled,388.891,4550.68,4550.68,4630.94,1.764,80.26,14
PANW,2020-07-31,2020-09-03,2020-09-04,1-2%,-1.906,41.2062,38.2834,stop,109.7316,4521.62,4521.62,4200.9,-7.093,-320.72,1
GE,2020-08-13,2020-08-14,2020-09-08,1-2%,-1.935,32.8783,30.5462,stop,138.3434,4548.5,4548.5,4225.87,-7.093,-322.62,16
TSLA,2020-08-25,2020-09-04,2020-09-08,1-2%,-1.952,131.791,122.4431,stop,34.2301,4511.22,4511.22,4191.24,-7.093,-319.98,1
ADP,2020-07-14,2020-08-25,2020-09-10,1-2%,-1.925,142.8227,132.6923,stop,31.7065,4528.41,4528.41,4207.21,-7.093,-321.2,11
DXCM,2020-07-14,2020-09-04,2020-09-10,1-2%,-1.897,99.2391,100.9564,tp_gap_filled,45.59,4524.31,4524.31,4602.6,1.73,78.29,3
HAS,2020-09-08,2020-09-09,2020-09-10,1-2%,-1.998,77.5575,78.9809,tp_gap_filled,57.7078,4475.67,4475.67,4557.81,1.835,82.14,1
IP,2020-06-09,2020-09-03,2020-09-14,1-2%,-1.99,36.874,37.5476,tp_gap_filled,122.718,4525.1,4525.1,4607.77,1.827,82.67,6
V,2020-09-08,2020-09-10,2020-09-14,1-2%,-1.896,200.9808,204.4553,tp_gap_filled,22.1374,4449.19,4449.19,4526.11,1.729,76.92,2
TPL,2020-09-08,2020-09-09,2020-09-15,1-2%,-1.897,55.7223,51.7699,stop,80.3422,4476.86,4476.86,4159.31,-7.093,-317.54,4
BKR,2020-09-08,2020-09-14,2020-09-15,1-2%,-1.927,14.2642,14.5155,tp_gap_filled,313.9637,4478.46,4478.46,4557.33,1.761,78.87,1
DELL,2020-09-03,2020-09-09,2020-09-16,1-2%,-1.972,34.0533,34.6688,tp_gap_filled,131.5002,4478.01,4478.01,4558.95,1.808,80.94,5
TTD,2020-09-04,2020-09-16,2020-09-17,1-2%,-1.81,45.6696,42.4303,stop,98.1263,4481.39,4481.39,4163.53,-7.093,-317.87,1
KDP,2020-08-03,2020-08-04,2020-09-18,1-2%,-1.896,30.04,27.9093,stop,151.7891,4559.75,4559.75,4236.32,-7.093,-323.42,32
IVZ,2020-09-08,2020-09-17,2020-09-21,1-2%,-1.932,11.1812,10.3881,stop,399.2596,4464.19,4464.19,4147.55,-7.093,-316.64,2
SLB,2020-09-17,2020-09-18,2020-09-21,1-2%,-1.929,18.8288,17.4933,stop,236.3673,4450.52,4450.52,4134.84,-7.093,-315.68,1
CFG,2020-09-17,2020-09-18,2020-09-22,1-2%,-1.991,27.0971,25.1751,stop,164.4264,4455.47,4455.47,4139.45,-7.093,-316.03,2
BBY,2020-09-08,2020-09-21,2020-09-22,1-2%,-1.891,104.4043,106.2037,tp_gap_filled,41.9787,4382.75,4382.75,4458.29,1.723,75.54,1
RTX,2020-08-13,2020-08-14,2020-09-23,1-2%,-1.913,63.1231,58.6457,stop,72.1133,4552.01,4552.01,4229.14,-7.093,-322.87,27
CMG,2020-09-17,2020-09-18,2020-09-23,1-2%,-1.985,24.8396,25.2921,tp_gap_filled,179.3905,4455.99,4455.99,4537.16,1.822,81.17,3
ALGN,2020-09-17,2020-09-18,2020-09-24,1-2%,-1.967,323.6934,300.7338,stop,13.7514,4451.24,4451.24,4135.51,-7.093,-315.73,4
LYB,2020-09-16,2020-09-21,2020-09-24,1-2%,-1.973,75.115,69.7871,stop,58.4371,4389.51,4389.51,4078.16,-7.093,-311.35,3
WYNN,2020-08-07,2020-09-22,2020-09-24,1-2%,-1.985,75.1251,69.7964,stop,58.4831,4393.54,4393.54,4081.91,-7.093,-311.63,2
BLDR,2020-09-08,2020-09-23,2020-09-24,1-2%,-1.965,29.4594,29.99,tp_gap_filled,146.8236,4325.34,4325.34,4403.24,1.801,77.9,1
LDOS,2020-09-21,2020-09-24,2020-09-25,1-2%,-1.965,88.3783,89.9699,tp_gap_filled,48.8944,4321.21,4321.21,4399.03,1.801,77.82,1
CME,2020-09-23,2020-09-24,2020-09-25,1-2%,-1.939,163.5234,166.4234,tp_gap_filled,26.4204,4320.35,4320.35,4396.97,1.773,76.62,1
FIS,2020-09-17,2020-09-18,2020-09-28,1-2%,-1.964,145.8957,148.5213,tp_gap_filled,30.4969,4449.37,4449.37,4529.44,1.8,80.07,6
AVY,2020-09-21,2020-09-28,2020-09-30,1-2%,-1.897,123.2231,125.3545,tp_gap_filled,35.3535,4356.36,4356.36,4431.72,1.73,75.35,2
COP,2020-09-17,2020-09-21,2020-10-01,1-2%,-1.938,34.4344,31.992,stop,127.2921,4383.23,4383.23,4072.33,-7.093,-310.9,8
AME,2020-09-21,2020-09-30,2020-10-01,1-2%,-1.946,98.8487,100.6093,tp_gap_filled,44.0415,4353.45,4353.45,4430.99,1.781,77.54,1
TRMB,2020-09-08,2020-09-18,2020-10-05,1-2%,-1.882,49.069,49.91,tp_gap_filled,90.6992,4450.52,4450.52,4526.8,1.714,76.28,11
GRMN,2020-07-27,2020-09-21,2020-10-06,1-2%,-1.964,94.9348,96.6433,tp_gap_filled,46.1873,4384.79,4384.79,4463.69,1.8,78.91,11
AES,2020-09-21,2020-09-22,2020-10-06,1-2%,-1.969,18.4384,18.7712,tp_gap_filled,238.0117,4388.56,4388.56,4467.77,1.805,79.21,10
EMR,2020-09-21,2020-09-30,2020-10-06,1-2%,-1.99,66.5665,67.7821,tp_gap_filled,65.449,4356.71,4356.71,4436.28,1.826,79.56,4
AFL,2020-09-21,2020-10-02,2020-10-06,1-2%,-1.905,37.1171,37.7622,tp_gap_filled,117.4793,4360.49,4360.49,4436.28,1.738,75.79,2
JCI,2020-09-21,2020-09-28,2020-10-07,1-2%,-1.964,41.9819,42.7372,tp_gap_filled,103.8346,4359.18,4359.18,4437.6,1.799,78.42,7
ECL,2020-09-21,2020-09-22,2020-10-09,1-2%,-2.0,200.1399,203.816,tp_gap_filled,21.9577,4394.62,4394.62,4475.34,1.837,80.72,13
EW,2020-09-21,2020-10-07,2020-10-09,1-2%,-1.911,81.6916,83.1168,tp_gap_filled,53.667,4384.14,4384.14,4460.63,1.745,76.49,2
ORLY,2020-09-17,2020-09-18,2020-10-13,1-2%,-1.898,30.7641,31.2967,tp_gap_filled,144.6281,4449.35,4449.35,4526.38,1.731,77.03,17
TER,2020-09-03,2020-10-09,2020-10-13,1-2%,-1.901,86.7767,88.2816,tp_gap_filled,50.6217,4392.78,4392.78,4468.96,1.734,76.18,2
DOC,2020-10-02,2020-10-13,2020-10-15,1-2%,-1.89,27.5375,28.012,tp_gap_filled,160.0096,4406.27,4406.27,4482.18,1.723,75.92,2
VLO,2020-10-15,2020-10-16,2020-10-23,1-2%,-1.942,40.9409,41.6683,tp_gap_filled,107.6799,4408.51,4408.51,4486.84,1.777,78.33,5
ROST,2020-10-02,2020-10-19,2020-10-23,1-2%,-1.93,93.093,94.7352,tp_gap_filled,47.2005,4394.04,4394.04,4471.55,1.764,77.51,4
DOW,2020-10-15,2020-10-22,2020-10-23,1-2%,-1.946,47.9279,48.7812,tp_gap_filled,91.9506,4407.0,4407.0,4485.46,1.78,78.46,1
JNJ,2020-10-13,2020-10-14,2020-10-28,1-2%,-1.87,149.149,138.5699,stop,29.5412,4406.05,4406.05,4093.52,-7.093,-312.52,10
HPE,2020-10-02,2020-10-26,2020-10-28,1-2%,-1.95,9.0591,8.4165,stop,486.2576,4405.03,4405.03,4092.58,-7.093,-312.45,2
FDS,2020-10-15,2020-10-22,2020-10-30,1-2%,-1.963,328.9887,305.6535,stop,13.3977,4407.68,4407.68,4095.04,-7.093,-312.64,6
DOC,2020-10-28,2020-10-29,2020-10-30,1-2%,-1.938,26.8468,27.3227,tp_gap_filled,162.7091,4368.22,4368.22,4445.64,1.772,77.42,1
FTV,2020-09-21,2020-10-28,2020-11-02,1-2%,-1.953,46.9075,47.7462,tp_gap_filled,92.873,4356.44,4356.44,4434.33,1.788,77.89,3
IDXX,2020-10-28,2020-10-29,2020-11-02,1-2%,-1.954,434.9345,442.7168,tp_gap_filled,10.0355,4364.78,4364.78,4442.88,1.789,78.1,2
DHI,2020-09-08,2020-10-30,2020-11-02,1-2%,-1.979,66.9469,68.1618,tp_gap_filled,64.9915,4350.98,4350.98,4429.94,1.815,78.96,1
CPAY,2020-10-29,2020-10-30,2020-11-02,1-2%,-1.958,217.4973,221.3984,tp_gap_filled,20.0027,4350.53,4350.53,4428.57,1.794,78.03,1
HCA,2020-10-28,2020-11-02,2020-11-03,1-2%,-1.93,128.168,130.4294,tp_gap_filled,34.1475,4376.62,4376.62,4453.84,1.764,77.22,1
FITB,2020-10-26,2020-11-02,2020-11-03,1-2%,-1.925,23.974,24.3956,tp_gap_filled,182.7306,4380.78,4380.78,4457.82,1.759,77.04,1
AMGN,2020-10-28,2020-10-29,2020-11-04,1-2%,-1.987,219.239,223.2365,tp_gap_filled,19.9152,4366.19,4366.19,4445.8,1.823,79.61,4
ZBH,2020-10-28,2020-11-03,2020-11-04,1-2%,-1.962,132.0543,134.4285,tp_gap_filled,33.2385,4389.28,4389.28,4468.2,1.798,78.92,1
QCOM,2020-10-15,2020-10-21,2020-11-05,1-2%,-1.986,127.4273,129.7501,tp_gap_filled,34.5139,4398.02,4398.02,4478.19,1.823,80.17,11
VRSN,2020-09-29,2020-10-23,2020-11-05,1-2%,-1.998,200.8306,204.5153,tp_gap_filled,21.9995,4418.17,4418.17,4499.23,1.835,81.06,9
EOG,2020-10-26,2020-11-04,2020-11-06,1-2%,-1.973,36.8068,34.1961,stop,119.9652,4415.53,4415.53,4102.34,-7.093,-313.19,2
NEE,2020-11-04,2020-11-05,2020-11-06,1-2%,-1.986,74.5845,75.944,tp_gap_filled,59.1393,4410.88,4410.88,4491.28,1.823,80.4,1
WTW,2020-10-28,2020-11-09,2020-11-10,1-2%,-1.991,196.6464,200.2396,tp_gap_filled,22.4081,4406.48,4406.48,4486.99,1.827,80.51,1
CRH,2020-10-13,2020-11-09,2020-11-10,1-2%,-1.943,38.8888,39.5804,tp_gap_filled,113.2909,4405.75,4405.75,4484.1,1.778,78.34,1
MPC,2020-08-18,2020-11-09,2020-11-12,1-2%,-1.863,37.9679,35.2749,stop,115.8913,4400.15,4400.15,4088.05,-7.093,-312.1,3
J,2020-11-04,2020-11-11,2020-11-13,1-2%,-1.883,82.8143,84.2354,tp_gap_filled,53.2643,4411.04,4411.04,4486.74,1.716,75.69,2
AMCR,2020-11-10,2020-11-11,2020-11-16,1-2%,-1.91,59.109,60.1398,tp_gap_filled,74.5914,4409.03,4409.03,4485.91,1.744,76.89,3
COP,2020-11-12,2020-11-13,2020-11-16,1-2%,-1.927,34.6346,35.2447,tp_gap_filled,127.0945,4401.87,4401.87,4479.41,1.762,77.54,1
MPC,2020-11-12,2020-11-13,2020-11-16,1-2%,-1.909,36.5165,37.1528,tp_gap_filled,120.6709,4406.48,4406.48,4483.26,1.743,76.79,1
FDX,2020-11-09,2020-11-16,2020-11-17,1-2%,-1.977,221.2041,225.2137,tp_gap_filled,19.9356,4409.84,4409.84,4489.77,1.813,79.94,1
PFE,2020-11-16,2020-11-17,2020-11-18,1-2%,-1.968,35.9562,36.6047,tp_gap_filled,122.4229,4401.87,4401.87,4481.26,1.804,79.39,1
CVX,2020-08-18,2020-11-16,2020-11-23,1-2%,-1.983,89.059,90.6792,tp_gap_filled,49.5187,4410.08,4410.08,4490.31,1.819,80.23,5
TSN,2020-11-17,2020-11-18,2020-11-24,1-2%,-1.931,63.5535,64.6753,tp_gap_filled,69.0598,4388.99,4388.99,4466.46,1.765,77.47,4
FITB,2020-11-17,2020-11-18,2020-11-24,1-2%,-1.905,25.7757,26.2237,tp_gap_filled,170.2621,4388.63,4388.63,4464.91,1.738,76.28,4
ADBE,2020-10-28,2020-11-11,2020-11-27,1-2%,-1.962,469.6392,478.0814,tp_gap_filled,9.39,4409.91,4409.91,4489.19,1.798,79.27,11
VEEV,2020-11-16,2020-12-02,2020-12-03,1-2%,-1.993,259.8997,264.6551,tp_gap_filled,17.0257,4424.98,4424.98,4505.95,1.83,80.96,1
PGR,2020-11-24,2020-12-07,2020-12-08,1-2%,-1.991,91.1711,92.8371,tp_gap_filled,48.5105,4422.75,4422.75,4503.57,1.827,80.82,1
KEY,2020-11-30,2020-12-01,2020-12-09,1-2%,-1.898,16.036,16.3137,tp_gap_filled,275.7691,4422.24,4422.24,4498.81,1.731,76.57,6
NDAQ,2020-12-03,2020-12-04,2020-12-09,1-2%,-1.925,42.3323,43.0769,tp_gap_filled,104.5733,4426.83,4426.83,4504.69,1.759,77.86,3
CME,2020-12-07,2020-12-08,2020-12-09,1-2%,-1.902,180.7105,183.846,tp_gap_filled,24.5077,4428.8,4428.8,4505.64,1.735,76.84,1
ZBH,2020-11-10,2020-11-16,2020-12-11,1-2%,-1.892,148.6922,138.1455,stop,29.6862,4414.11,4414.11,4101.01,-7.093,-313.09,18
TSLA,2020-12-11,2020-12-14,2020-12-15,1-2%,-1.923,205.2083,208.8143,tp_gap_filled,21.5951,4431.49,4431.49,4509.36,1.757,77.87,1
PHM,2020-12-08,2020-12-14,2020-12-17,1-2%,-1.88,42.8428,43.5764,tp_gap_filled,103.6393,4440.2,4440.2,4516.23,1.712,76.03,3
DUK,2020-11-12,2020-11-16,2020-12-21,1-2%,-1.86,95.5955,88.8149,stop,46.1306,4409.88,4409.88,4097.09,-7.093,-312.79,24
ZBH,2020-12-21,2020-12-22,2020-12-23,1-2%,-1.93,144.7271,147.2798,tp_gap_filled,30.6527,4436.27,4436.27,4514.52,1.764,78.25,1
FAST,2020-12-16,2020-12-18,2020-12-28,1-2%,-1.846,24.4795,24.8901,tp_gap_filled,181.2669,4437.31,4437.31,4511.75,1.677,74.43,5
KO,2020-12-21,2020-12-22,2020-12-28,1-2%,-1.972,52.7327,53.6863,tp_gap_filled,84.1254,4436.16,4436.16,4516.38,1.808,80.22,3
PSKY,2020-12-18,2020-12-23,2020-12-28,1-2%,-1.989,35.5155,36.1638,tp_gap_filled,124.9163,4436.46,4436.46,4517.45,1.825,80.99,2
HCA,2020-12-21,2021-01-04,2021-01-05,1-2%,-1.917,161.3512,164.1757,tp_gap_filled,27.4169,4423.75,4423.75,4501.19,1.751,77.44,1
CTVA,2020-12-21,2020-12-28,2021-01-06,1-2%,-1.903,38.6987,39.3706,tp_gap_filled,114.8809,4445.74,4445.74,4522.93,1.736,77.19,6
DDOG,2020-12-02,2021-01-04,2021-01-07,1-2%,-1.986,93.8638,95.5743,tp_gap_filled,47.1957,4429.97,4429.97,4510.7,1.822,80.73,3
PLTR,2020-12-31,2021-01-05,2021-01-07,1-2%,-1.873,24.6546,25.0749,tp_gap_filled,180.0189,4438.3,4438.3,4513.96,1.705,75.66,2
ACN,2020-12-21,2020-12-22,2021-01-08,1-2%,-1.927,261.3811,265.9837,tp_gap_filled,16.9825,4438.89,4438.89,4517.06,1.761,78.16,11
VTR,2020-12-21,2020-12-23,2021-01-08,1-2%,-1.948,49.8898,46.3512,stop,88.9796,4439.18,4439.18,4124.31,-7.093,-314.87,10
WELL,2021-01-08,2021-01-11,2021-01-13,1-2%,-1.991,62.102,63.2367,tp_gap_filled,71.6649,4450.54,4450.54,4531.85,1.827,81.32,2
URI,2021-01-11,2021-01-13,2021-01-14,1-2%,-1.922,255.4051,259.8898,tp_gap_filled,17.4312,4452.02,4452.02,4530.19,1.756,78.17,1
CARR,2021-01-11,2021-01-15,2021-01-19,1-2%,-1.991,39.9199,40.6493,tp_gap_filled,111.2517,4441.15,4441.15,4522.3,1.827,81.15,1
NUE,2021-01-11,2021-01-15,2021-01-19,1-2%,-1.91,55.005,55.964,tp_gap_filled,80.7875,4443.71,4443.71,4521.19,1.744,77.48,1
CNC,2021-01-11,2021-01-13,2021-01-20,1-2%,-1.994,66.9168,62.1704,stop,66.5508,4453.37,4453.37,4137.49,-7.093,-315.88,4
COF,2021-01-15,2021-01-20,2021-01-22,1-2%,-1.897,112.3422,104.3738,stop,39.5877,4447.37,4447.37,4131.92,-7.093,-315.45,2
HBAN,2021-01-15,2021-01-19,2021-01-25,1-2%,-1.867,14.7347,13.6896,stop,301.6349,4444.51,4444.51,4129.26,-7.093,-315.25,4
DD,2021-01-11,2021-01-22,2021-01-25,1-2%,-1.981,100.7324,102.5626,tp_gap_filled,43.8226,4414.36,4414.36,4494.56,1.817,80.2,1
NEM,2021-01-22,2021-01-25,2021-01-26,1-2%,-1.862,61.2112,62.2477,tp_gap_filled,72.148,4416.26,4416.26,4491.04,1.693,74.78,1
EL,2021-01-04,2021-01-06,2021-01-27,1-2%,-1.931,261.311,242.7762,stop,16.9681,4433.95,4433.95,4119.45,-7.093,-314.5,14
UNP,2020-12-21,2021-01-26,2021-01-28,1-2%,-1.96,199.8096,203.3964,tp_gap_filled,22.1011,4416.0,4416.0,4495.28,1.795,79.27,2
CRH,2020-12-31,2021-01-27,2021-01-28,1-2%,-1.962,42.022,42.7772,tp_gap_filled,104.8649,4406.63,4406.63,4485.83,1.797,79.19,1
UNH,2020-12-21,2021-01-27,2021-01-28,1-2%,-1.865,332.4021,338.0416,tp_gap_filled,13.2487,4403.89,4403.89,4478.61,1.697,74.72,1
CFG,2021-01-27,2021-01-28,2021-01-29,1-2%,-1.97,36.3563,37.0129,tp_gap_filled,121.6156,4421.5,4421.5,4501.35,1.806,79.86,1
NUE,2021-01-27,2021-01-28,2021-01-29,1-2%,-1.894,51.8518,48.174,stop,85.3719,4426.69,4426.69,4112.7,-7.093,-313.98,1
NTRS,2021-01-05,2021-01-27,2021-02-02,1-2%,-1.989,90.7507,92.4075,tp_gap_filled,48.5704,4407.8,4407.8,4488.27,1.826,80.47,4
ZBH,2021-01-27,2021-01-28,2021-02-02,1-2%,-1.89,150.8594,153.458,tp_gap_filled,29.3001,4420.19,4420.19,4496.33,1.723,76.14,3
DELL,2021-01-27,2021-01-28,2021-02-02,1-2%,-1.881,37.8533,38.5018,tp_gap_filled,116.8334,4422.53,4422.53,4498.29,1.713,75.76,3
HBAN,2021-01-27,2021-01-29,2021-02-02,1-2%,-1.997,13.2632,13.5065,tp_gap_filled,331.3432,4394.69,4394.69,4475.28,1.834,80.59,2
XOM,2021-01-27,2021-01-29,2021-02-02,1-2%,-1.897,45.045,45.8241,tp_gap_filled,97.5499,4394.14,4394.14,4470.14,1.73,76.0,2
PNW,2021-01-29,2021-02-01,2021-02-02,1-2%,-1.878,75.3152,76.6033,tp_gap_filled,58.4299,4400.66,4400.66,4475.92,1.71,75.26,1
LITE,2020-12-11,2021-02-02,2021-02-03,1-2%,-1.902,86.7467,88.2517,tp_gap_filled,51.1074,4433.39,4433.39,4510.31,1.735,76.92,1
APTV,2021-01-22,2021-02-02,2021-02-03,1-2%,-1.787,141.4213,143.7062,tp_gap_filled,31.3737,4436.91,4436.91,4508.59,1.616,71.69,1
CDW,2020-11-10,2021-02-02,2021-02-04,1-2%,-1.82,141.4713,143.806,tp_gap_filled,31.3629,4436.95,4436.95,4510.18,1.65,73.22,2
VRT,2021-01-27,2021-01-29,2021-02-05,1-2%,-1.883,20.3403,20.6893,tp_gap_filled,215.9817,4393.14,4393.14,4468.51,1.716,75.37,5
NFLX,2021-01-27,2021-01-28,2021-02-09,1-2%,-1.997,55.1261,56.1368,tp_gap_filled,80.2992,4426.58,4426.58,4507.74,1.834,81.16,8
CMS,2021-02-04,2021-02-08,2021-02-10,1-2%,-1.871,56.1861,57.1428,tp_gap_filled,79.0651,4442.36,4442.36,4518.0,1.703,75.64,2
WYNN,2021-02-08,2021-02-09,2021-02-10,1-2%,-1.829,114.9648,116.873,tp_gap_filled,38.6991,4449.04,4449.04,4522.88,1.66,73.84,1
SBAC,2021-02-03,2021-02-05,2021-02-16,1-2%,-1.77,277.1869,257.526,stop,16.0602,4451.69,4451.69,4135.93,-7.093,-315.76,6
AIG,2021-02-18,2021-02-19,2021-02-22,1-2%,-1.872,42.5025,43.2267,tp_gap_filled,104.6439,4447.62,4447.62,4523.41,1.704,75.79,1
TER,2021-02-17,2021-02-19,2021-02-23,1-2%,-1.789,141.2111,131.195,stop,31.4991,4448.03,4448.03,4132.53,-7.093,-315.5,2
COHR,2021-02-18,2021-02-22,2021-02-23,1-2%,-1.716,88.8488,82.5467,stop,49.9421,4437.3,4437.3,4122.56,-7.093,-314.74,1
MRVL,2021-01-06,2021-02-23,2021-02-24,1-2%,-1.743,46.8268,47.5624,tp_gap_filled,94.3344,4417.37,4417.37,4486.77,1.571,69.39,1
LRCX,2021-02-23,2021-02-24,2021-02-25,1-2%,-1.981,55.7107,56.7232,tp_gap_filled,79.3958,4423.19,4423.19,4503.58,1.818,80.39,1
ADSK,2021-02-23,2021-02-24,2021-02-25,1-2%,-1.777,292.7024,297.4023,tp_gap_filled,15.1655,4438.99,4438.99,4510.27,1.606,71.28,1
ELV,2021-01-06,2021-02-26,2021-03-01,1-2%,-1.936,309.309,314.7849,tp_gap_filled,14.303,4424.04,4424.04,4502.36,1.77,78.32,1
PCAR,2021-02-24,2021-02-26,2021-03-01,1-2%,-1.875,61.1144,62.1578,tp_gap_filled,72.3179,4419.66,4419.66,4495.12,1.707,75.46,1
BBY,2021-02-26,2021-03-01,2021-03-02,1-2%,-1.787,101.2011,102.8371,tp_gap_filled,43.8271,4435.35,4435.35,4507.05,1.617,71.7,1
ADI,2021-02-25,2021-03-01,2021-03-04,1-2%,-1.892,158.8587,147.5908,stop,27.9225,4435.73,4435.73,4121.1,-7.093,-314.63,3
DASH,2021-01-11,2021-03-03,2021-03-04,1-2%,-1.858,153.3432,142.4666,stop,28.8631,4425.95,4425.95,4112.02,-7.093,-313.93,1
EOG,2021-02-26,2021-03-04,2021-03-05,1-2%,-1.898,69.3192,70.5194,tp_gap_filled,63.4311,4397.0,4397.0,4473.12,1.731,76.13,1
DE,2021-02-23,2021-03-04,2021-03-05,1-2%,-1.775,331.8515,337.1725,tp_gap_filled,13.2701,4403.69,4403.69,4474.3,1.603,70.61,1
APO,2021-02-18,2021-02-22,2021-03-08,1-2%,-1.829,51.051,47.43,stop,86.9233,4437.52,4437.52,4122.77,-7.093,-314.75,10
DOW,2021-02-25,2021-03-02,2021-03-08,1-2%,-1.9,62.5425,63.6263,tp_gap_filled,70.8475,4430.98,4430.98,4507.76,1.733,76.79,4
MRNA,2021-03-04,2021-03-05,2021-03-08,1-2%,-1.92,128.8287,131.0888,tp_gap_filled,34.2417,4411.32,4411.32,4488.71,1.754,77.39,1
TRMB,2021-02-23,2021-03-04,2021-03-11,1-2%,-1.917,71.2011,72.4475,tp_gap_filled,61.7906,4399.56,4399.56,4476.58,1.75,77.01,5
PNC,2021-03-09,2021-03-10,2021-03-12,1-2%,-1.991,175.4353,178.6412,tp_gap_filled,25.1323,4409.08,4409.08,4489.66,1.827,80.57,2
LRCX,2021-03-12,2021-03-15,2021-03-16,1-2%,-1.941,52.5525,53.4855,tp_gap_filled,84.0681,4417.99,4417.99,4496.42,1.775,78.43,1
RVTY,2021-03-12,2021-03-15,2021-03-16,1-2%,-1.79,124.104,126.1138,tp_gap_filled,35.6371,4422.7,4422.7,4494.33,1.619,71.62,1
GL,2021-03-11,2021-03-16,2021-03-17,1-2%,-1.968,99.2492,101.0389,tp_gap_filled,44.5897,4425.49,4425.49,4505.29,1.803,79.8,1
BKR,2021-03-16,2021-03-17,2021-03-18,1-2%,-1.941,23.7737,24.1958,tp_gap_filled,186.3181,4429.48,4429.48,4508.11,1.775,78.63,1
EG,2021-03-16,2021-03-17,2021-03-18,1-2%,-1.891,251.3811,255.714,tp_gap_filled,17.6282,4431.4,4431.4,4507.78,1.724,76.38,1
COP,2021-03-16,2021-03-17,2021-03-18,1-2%,-1.857,57.1371,53.0843,stop,77.5558,4431.31,4431.31,4117.0,-7.093,-314.31,1
TECH,2021-03-12,2021-03-17,2021-03-19,1-2%,-1.832,95.3202,96.9055,tp_gap_filled,46.4762,4430.12,4430.12,4503.8,1.663,73.68,2
AMAT,2021-03-17,2021-03-18,2021-03-22,1-2%,-1.949,116.3062,118.3815,tp_gap_filled,37.9797,4417.28,4417.28,4496.1,1.784,78.82,2
FICO,2021-03-12,2021-03-18,2021-03-22,1-2%,-1.936,460.47,468.6209,tp_gap_filled,9.5846,4413.43,4413.43,4491.55,1.77,78.12,2
CVNA,2021-03-12,2021-03-18,2021-03-22,1-2%,-1.909,54.4043,55.3526,tp_gap_filled,81.1329,4413.98,4413.98,4490.92,1.743,76.93,2
ON,2021-03-17,2021-03-18,2021-03-22,1-2%,-1.845,39.9499,40.6193,tp_gap_filled,110.3008,4406.51,4406.51,4480.35,1.676,73.84,2
MPWR,2021-03-18,2021-03-19,2021-03-22,1-2%,-1.988,345.5452,351.8478,tp_gap_filled,12.7919,4420.18,4420.18,4500.81,1.824,80.62,1
MSFT,2021-03-18,2021-03-22,2021-03-23,1-2%,-1.89,232.7926,236.803,tp_gap_filled,19.0727,4439.98,4439.98,4516.47,1.723,76.49,1
ACGL,2021-03-18,2021-03-19,2021-03-24,1-2%,-1.968,36.8969,37.5624,tp_gap_filled,119.7574,4418.67,4418.67,4498.37,1.804,79.7,3
PLTR,2021-03-18,2021-03-22,2021-03-24,1-2%,-1.904,24.7547,22.9989,stop,179.5527,4444.78,4444.78,4129.51,-7.093,-315.27,2
OXY,2021-02-26,2021-03-23,2021-03-24,1-2%,-1.832,26.2863,26.7233,tp_gap_filled,168.4499,4427.92,4427.92,4501.53,1.662,73.61,1
C,2021-03-09,2021-03-23,2021-03-24,1-2%,-1.814,70.9809,72.1478,tp_gap_filled,62.4178,4430.48,4430.48,4503.31,1.644,72.83,1
CDW,2021-03-18,2021-03-19,2021-03-25,1-2%,-1.933,157.4573,160.2396,tp_gap_filled,28.0516,4416.93,4416.93,4494.97,1.767,78.05,4
STLD,2021-03-23,2021-03-24,2021-03-25,1-2%,-1.892,46.1861,46.983,tp_gap_filled,95.7852,4423.95,4423.95,4500.27,1.725,76.32,1
FFIV,2021-02-17,2021-03-23,2021-03-26,1-2%,-1.838,204.7245,208.1417,tp_gap_filled,21.6466,4431.58,4431.58,4505.55,1.669,73.97,3
NXPI,2021-03-12,2021-03-25,2021-03-26,1-2%,-1.915,185.0749,188.3115,tp_gap_filled,23.9775,4437.62,4437.62,4515.23,1.749,77.61,1
DAL,2021-03-23,2021-03-24,2021-03-29,1-2%,-1.98,47.067,47.922,tp_gap_filled,94.1382,4430.81,4430.81,4511.29,1.817,80.49,3
CF,2021-03-23,2021-03-26,2021-03-29,1-2%,-1.856,46.046,46.8231,tp_gap_filled,96.7995,4457.23,4457.23,4532.46,1.688,75.23,1
DXCM,2021-03-23,2021-03-25,2021-03-31,1-2%,-1.929,88.3082,89.865,tp_gap_filled,50.2874,4440.79,4440.79,4519.08,1.763,78.29,4
INTU,2021-03-18,2021-03-19,2021-04-01,1-2%,-1.953,384.4541,391.3283,tp_gap_filled,11.4936,4418.75,4418.75,4497.76,1.788,79.01,9
MOS,2021-03-23,2021-03-29,2021-04-05,1-2%,-1.855,31.7817,32.3176,tp_gap_filled,140.3002,4458.99,4458.99,4534.17,1.686,75.19,4
TFC,2021-03-19,2021-03-29,2021-04-05,1-2%,-1.82,58.3082,59.2707,tp_gap_filled,76.4147,4455.61,4455.61,4529.15,1.651,73.54,4
APA,2021-03-29,2021-04-01,2021-04-05,1-2%,-1.809,18.4685,18.7712,tp_gap_filled,242.3215,4475.3,4475.3,4548.67,1.639,73.37,1
MU,2021-03-18,2021-04-01,2021-04-06,1-2%,-1.889,93.063,94.6652,tp_gap_filled,48.1059,4476.87,4476.87,4553.95,1.722,77.08,2
GM,2021-03-22,2021-04-05,2021-04-06,1-2%,-1.789,58.8087,59.7602,tp_gap_filled,76.2982,4487.0,4487.0,4559.59,1.618,72.59,1
CSGP,2021-02-24,2021-04-01,2021-04-08,1-2%,-1.959,85.085,86.6113,tp_gap_filled,52.584,4474.11,4474.11,4554.36,1.794,80.26,4
PCAR,2021-04-06,2021-04-08,2021-04-12,1-2%,-1.724,61.6216,62.5774,tp_gap_filled,72.9863,4497.53,4497.53,4567.29,1.551,69.76,2
BA,2021-04-09,2021-04-12,2021-04-14,1-2%,-1.742,250.7605,254.695,tp_gap_filled,17.9495,4501.02,4501.02,4571.64,1.569,70.62,2
XYZ,2021-02-22,2021-04-13,2021-04-14,1-2%,-1.707,272.1219,276.2934,tp_gap_filled,16.5369,4500.05,4500.05,4569.04,1.533,68.99,1
ROK,2021-04-13,2021-04-14,2021-04-16,1-2%,-1.818,260.5303,264.8249,tp_gap_filled,17.2898,4504.52,4504.52,4578.77,1.648,74.25,2
ABBV,2021-04-14,2021-04-15,2021-04-16,1-2%,-1.848,106.3262,108.1118,tp_gap_filled,42.4352,4511.97,4511.97,4587.74,1.679,75.77,1
JPM,2021-04-14,2021-04-15,2021-04-16,1-2%,-1.7,151.6215,153.9359,tp_gap_filled,29.766,4513.17,4513.17,4582.06,1.526,68.89,1
ALGN,2021-02-17,2021-04-13,2021-04-21,1-2%,-1.716,604.2737,613.5958,tp_gap_filled,7.4524,4503.27,4503.27,4572.75,1.543,69.47,6
PLTR,2021-03-30,2021-04-20,2021-04-21,1-2%,-1.703,21.3814,21.7083,tp_gap_filled,210.9405,4510.19,4510.19,4579.15,1.529,68.96,1
HST,2021-04-20,2021-04-21,2021-04-22,1-2%,-1.954,17.0771,17.3826,tp_gap_filled,264.9507,4524.58,4524.58,4605.53,1.789,80.95,1
BNY,2021-03-29,2021-04-16,2021-04-23,1-2%,-1.811,46.6766,47.4425,tp_gap_filled,96.8303,4519.71,4519.71,4593.87,1.641,74.16,5
UNP,2021-04-22,2021-04-23,2021-04-26,1-2%,-1.996,219.189,223.2066,tp_gap_filled,20.6792,4532.66,4532.66,4615.74,1.833,83.08,1
SLB,2021-04-21,2021-04-23,2021-04-26,1-2%,-1.98,24.7747,25.2248,tp_gap_filled,183.1363,4537.16,4537.16,4619.57,1.816,82.41,1
WDAY,2021-04-16,2021-04-19,2021-04-27,1-2%,-1.786,255.8956,260.0297,tp_gap_filled,17.6611,4519.39,4519.39,4592.4,1.616,73.01,6
NUE,2021-04-22,2021-04-26,2021-04-27,1-2%,-1.908,78.7287,80.0998,tp_gap_filled,57.7467,4546.32,4546.32,4625.5,1.742,79.18,1
FSLR,2021-04-28,2021-04-29,2021-04-30,1-2%,-1.907,88.068,81.8213,stop,51.7263,4555.43,4555.43,4232.32,-7.093,-323.12,1
AEP,2021-04-22,2021-04-23,2021-05-03,1-2%,-1.914,87.7276,89.2606,tp_gap_filled,51.8163,4545.72,4545.72,4625.15,1.747,79.43,6
DGX,2021-04-23,2021-04-26,2021-05-03,1-2%,-1.937,131.2311,133.5563,tp_gap_filled,34.6299,4544.52,4544.52,4625.04,1.772,80.52,5
ECL,2021-04-27,2021-04-28,2021-05-03,1-2%,-1.927,222.6624,226.5832,tp_gap_filled,20.4126,4545.12,4545.12,4625.15,1.761,80.03,3
ABNB,2021-04-28,2021-04-29,2021-05-04,1-2%,-1.969,174.6114,162.2262,stop,26.0661,4551.43,4551.43,4228.6,-7.093,-322.83,3
QCOM,2021-02-22,2021-04-29,2021-05-04,1-2%,-1.856,142.3922,132.2924,stop,31.978,4553.42,4553.42,4230.45,-7.093,-322.97,3
EOG,2021-04-30,2021-05-03,2021-05-04,1-2%,-1.976,74.5044,75.8541,tp_gap_filled,60.7574,4526.7,4526.7,4608.7,1.811,82.0,1
DVN,2021-04-30,2021-05-03,2021-05-04,1-2%,-1.911,23.6336,24.0459,tp_gap_filled,191.7248,4531.15,4531.15,4610.2,1.745,79.05,1
LYB,2021-04-30,2021-05-03,2021-05-04,1-2%,-1.833,105.6255,107.3825,tp_gap_filled,42.897,4531.02,4531.02,4606.39,1.663,75.37,1
CVX,2021-04-30,2021-05-03,2021-05-05,1-2%,-1.796,105.085,106.7931,tp_gap_filled,43.1635,4535.83,4535.83,4609.56,1.625,73.73,2
XYZ,2021-05-04,2021-05-05,2021-05-06,1-2%,-1.99,239.0688,222.1117,stop,18.9416,4528.34,4528.34,4207.14,-7.093,-321.2,1
HON,2021-04-23,2021-04-26,2021-05-07,1-2%,-1.771,222.8263,226.3902,tp_gap_filled,20.4272,4551.72,4551.72,4624.53,1.599,72.8,9
AVGO,2021-03-12,2021-05-04,2021-05-07,1-2%,-1.836,44.5805,45.3236,tp_gap_filled,101.5488,4527.1,4527.1,4602.56,1.667,75.46,3
TXN,2021-04-30,2021-05-05,2021-05-07,1-2%,-1.959,182.3622,185.6342,tp_gap_filled,24.7942,4521.52,4521.52,4602.65,1.794,81.13,2
MPWR,2021-05-04,2021-05-05,2021-05-10,1-2%,-1.913,343.9236,319.5291,stop,13.1443,4520.64,4520.64,4199.99,-7.093,-320.65,3
EQT,2021-05-06,2021-05-07,2021-05-10,1-2%,-1.933,19.8098,20.1598,tp_gap_filled,228.4442,4525.43,4525.43,4605.39,1.767,79.96,1
FAST,2021-05-06,2021-05-07,2021-05-10,1-2%,-1.735,26.6466,27.0629,tp_gap_filled,170.1806,4534.74,4534.74,4605.58,1.562,70.84,1
ON,2021-05-03,2021-05-07,2021-05-11,1-2%,-2.0,38.2582,35.5446,stop,118.2291,4523.23,4523.23,4202.4,-7.093,-320.83,2
MRVL,2021-04-30,2021-05-07,2021-05-11,1-2%,-1.841,46.4364,43.1427,stop,97.6937,4536.54,4536.54,4214.77,-7.093,-321.78,2
NXPI,2021-04-30,2021-05-07,2021-05-11,1-2%,-1.738,197.4673,183.4609,stop,22.9619,4534.22,4534.22,4212.61,-7.093,-321.61,2
COF,2021-05-07,2021-05-11,2021-05-12,1-2%,-1.764,153.8337,156.2836,tp_gap_filled,29.0226,4464.65,4464.65,4535.75,1.593,71.1,1
HAL,2021-03-16,2021-05-10,2021-05-13,1-2%,-1.836,23.5535,21.8829,stop,190.5138,4487.27,4487.27,4168.99,-7.093,-318.28,3
AMAT,2021-03-25,2021-05-11,2021-05-13,1-2%,-1.932,118.8788,120.9789,tp_gap_filled,37.4902,4456.78,4456.78,4535.52,1.767,78.73,2
USB,2021-05-07,2021-05-11,2021-05-13,1-2%,-1.807,60.3903,61.3786,tp_gap_filled,73.9446,4465.54,4465.54,4538.61,1.636,73.07,2
MTB,2021-05-07,2021-05-12,2021-05-13,1-2%,-1.833,159.7196,162.3775,tp_gap_filled,27.5946,4407.39,4407.39,4480.74,1.664,73.34,1
PNC,2021-05-07,2021-05-11,2021-05-14,1-2%,-1.973,194.4643,197.9818,tp_gap_filled,22.9208,4457.27,4457.27,4537.89,1.809,80.62,3
TXN,2021-05-11,2021-05-12,2021-05-14,1-2%,-1.999,178.5884,181.868,tp_gap_filled,24.7855,4426.4,4426.4,4507.69,1.836,81.29,2
HLT,2021-05-11,2021-05-12,2021-05-14,1-2%,-1.908,119.3793,121.4584,tp_gap_filled,36.9516,4411.25,4411.25,4488.08,1.742,76.83,2
MNST,2021-05-11,2021-05-12,2021-05-14,1-2%,-1.856,22.4975,22.8771,tp_gap_filled,195.9882,4409.24,4409.24,4483.64,1.687,74.4,2
TFC,2021-05-07,2021-05-12,2021-05-14,1-2%,-1.851,59.9799,60.9889,tp_gap_filled,73.5038,4408.75,4408.75,4482.92,1.682,74.17,2
ADSK,2021-05-12,2021-05-13,2021-05-14,1-2%,-1.972,272.222,277.1426,tp_gap_filled,16.3436,4449.08,4449.08,4529.5,1.808,80.42,1
APP,2021-05-11,2021-05-13,2021-05-14,1-2%,-1.928,54.4844,50.6198,stop,81.6203,4447.04,4447.04,4131.61,-7.093,-315.43,1
NTAP,2021-05-11,2021-05-14,2021-05-17,1-2%,-1.94,77.4073,78.7811,tp_gap_filled,57.6703,4464.1,4464.1,4543.33,1.775,79.23,1
ULTA,2021-05-11,2021-05-14,2021-05-17,1-2%,-1.824,316.7765,322.0177,tp_gap_filled,14.1091,4469.42,4469.42,4543.37,1.655,73.95,1
CIEN,2021-05-11,2021-05-12,2021-05-20,1-2%,-1.943,52.5325,53.4665,tp_gap_filled,84.2134,4423.94,4423.94,4502.59,1.778,78.66,6
PTC,2021-05-12,2021-05-14,2021-05-20,1-2%,-1.936,127.7676,130.0298,tp_gap_filled,34.9639,4467.25,4467.25,4546.35,1.771,79.1,4
AAPL,2021-05-12,2021-05-19,2021-05-20,1-2%,-1.993,123.5234,125.7841,tp_gap_filled,36.1406,4464.21,4464.21,4545.91,1.83,81.7,1
CPRT,2021-05-12,2021-05-19,2021-05-20,1-2%,-1.826,29.7372,30.2297,tp_gap_filled,150.1929,4466.32,4466.32,4540.29,1.656,73.97,1
FFIV,2021-05-03,2021-05-07,2021-05-21,1-2%,-1.885,183.4232,186.5732,tp_gap_filled,24.7269,4535.49,4535.49,4613.37,1.717,77.89,10
DVN,2021-05-13,2021-05-19,2021-05-21,1-2%,-1.994,25.0951,25.5544,tp_gap_filled,177.8264,4462.57,4462.57,4544.25,1.83,81.68,2
MPC,2021-05-19,2021-05-20,2021-05-21,1-2%,-1.989,59.1891,60.2697,tp_gap_filled,75.8975,4492.31,4492.31,4574.32,1.826,82.01,1
CSCO,2021-05-19,2021-05-20,2021-05-21,1-2%,-1.984,51.9319,52.8771,tp_gap_filled,86.539,4494.13,4494.13,4575.93,1.82,81.8,1
APTV,2021-05-06,2021-05-11,2021-05-25,1-2%,-1.693,140.6405,142.7771,tp_gap_filled,31.7547,4466.0,4466.0,4533.84,1.519,67.85,10
STX,2021-05-21,2021-05-24,2021-05-25,1-2%,-1.89,95.085,96.7232,tp_gap_filled,47.3882,4505.91,4505.91,4583.54,1.723,77.63,1
LYB,2021-05-19,2021-05-20,2021-05-27,1-2%,-1.915,111.2411,113.1867,tp_gap_filled,40.4345,4497.98,4497.98,4576.65,1.749,78.67,5
ECHO,2021-05-11,2021-05-12,2021-06-01,1-2%,-1.832,26.8268,27.2727,tp_gap_filled,164.2084,4405.18,4405.18,4478.41,1.662,73.22,13
PH,2021-05-19,2021-05-20,2021-06-01,1-2%,-1.964,305.305,310.7989,tp_gap_filled,14.7332,4498.11,4498.11,4579.05,1.799,80.94,7
GLW,2021-05-19,2021-06-03,2021-06-04,1-2%,-1.821,42.6326,43.3366,tp_gap_filled,106.3084,4532.2,4532.2,4607.05,1.651,74.84,1
AXON,2021-06-03,2021-06-04,2021-06-07,1-2%,-1.829,139.139,141.4484,tp_gap_filled,32.6072,4536.94,4536.94,4612.24,1.66,75.3,1
DASH,2021-06-08,2021-06-09,2021-06-10,1-2%,-1.881,139.9598,142.3575,tp_gap_filled,32.4047,4535.35,4535.35,4613.05,1.713,77.7,1
WYNN,2021-05-19,2021-06-16,2021-06-17,1-2%,-1.855,123.9238,126.0139,tp_gap_filled,36.5944,4534.92,4534.92,4611.41,1.687,76.48,1
ALL,2021-06-03,2021-06-04,2021-06-18,1-2%,-1.911,135.6355,126.0149,stop,33.4422,4535.95,4535.95,4214.21,-7.093,-321.73,10
EXPE,2021-05-19,2021-06-18,2021-06-21,1-2%,-1.904,165.0649,167.9319,tp_gap_filled,27.3676,4517.42,4517.42,4595.89,1.737,78.46,1
MS,2021-05-19,2021-06-18,2021-06-24,1-2%,-1.909,85.3953,86.883,tp_gap_filled,52.9406,4520.88,4520.88,4599.64,1.742,78.76,4
J,2021-06-18,2021-06-21,2021-06-24,1-2%,-1.995,108.581,110.5703,tp_gap_filled,41.7652,4534.91,4534.91,4617.99,1.832,83.09,3
AIG,2021-06-18,2021-06-23,2021-06-25,1-2%,-1.886,47.8978,48.7212,tp_gap_filled,94.5099,4526.82,4526.82,4604.64,1.719,77.82,2
LUV,2021-03-25,2021-06-16,2021-06-29,1-2%,-1.889,56.6666,52.6472,stop,80.0279,4534.91,4534.91,4213.25,-7.093,-321.66,9
CTSH,2021-05-19,2021-06-17,2021-06-29,1-2%,-1.86,69.7197,70.899,tp_gap_filled,64.9435,4527.84,4527.84,4604.43,1.692,76.59,8
EOG,2021-06-18,2021-07-08,2021-07-09,1-2%,-1.989,79.8898,81.3486,tp_gap_filled,56.5256,4515.82,4515.82,4598.27,1.826,82.46,1
BAC,2021-06-18,2021-07-08,2021-07-09,1-2%,-1.985,39.049,39.7602,tp_gap_filled,115.6246,4515.03,4515.03,4597.26,1.821,82.23,1
ABNB,2021-06-10,2021-07-08,2021-07-09,1-2%,-1.864,142.2921,144.7052,tp_gap_filled,31.7198,4513.47,4513.47,4590.01,1.696,76.54,1
PFG,2021-07-07,2021-07-08,2021-07-09,1-2%,-1.812,60.7507,61.7482,tp_gap_filled,74.3012,4513.85,4513.85,4587.97,1.642,74.12,1
VLO,2021-07-08,2021-07-09,2021-07-12,1-2%,-1.95,70.9709,72.2377,tp_gap_filled,64.0624,4546.57,4546.57,4627.72,1.785,81.15,1
CI,2021-06-18,2021-07-08,2021-07-13,1-2%,-1.986,232.222,236.4533,tp_gap_filled,19.4461,4515.82,4515.82,4598.1,1.822,82.28,3
MTB,2021-07-08,2021-07-14,2021-07-15,1-2%,-1.972,138.8487,141.3585,tp_gap_filled,32.6546,4534.05,4534.05,4616.01,1.808,81.96,1
FIX,2021-06-18,2021-06-21,2021-07-16,1-2%,-1.858,79.8197,74.1581,stop,56.8479,4537.58,4537.58,4215.73,-7.093,-321.85,18
DVN,2021-07-12,2021-07-14,2021-07-16,1-2%,-1.955,28.1181,26.1237,stop,161.3201,4536.01,4536.01,4214.27,-7.093,-321.74,2
DAL,2021-07-08,2021-07-13,2021-07-19,1-2%,-1.928,41.7617,38.7996,stop,108.7519,4541.67,4541.67,4219.53,-7.093,-322.14,4
BKR,2021-07-08,2021-07-14,2021-07-19,1-2%,-1.977,21.8418,20.2926,stop,207.6675,4535.84,4535.84,4214.11,-7.093,-321.73,3
GE,2021-07-08,2021-07-14,2021-07-19,1-2%,-1.926,63.5115,59.0066,stop,71.3165,4529.41,4529.41,4208.14,-7.093,-321.27,3
HWM,2021-07-08,2021-07-15,2021-07-19,1-2%,-1.955,32.6226,30.3087,stop,138.6648,4523.61,4523.61,4202.75,-7.093,-320.86,2
BA,2021-05-19,2021-07-15,2021-07-19,1-2%,-1.92,223.4032,207.5572,stop,20.242,4522.13,4522.13,4201.38,-7.093,-320.75,2
F,2021-07-08,2021-07-15,2021-07-19,1-2%,-1.897,13.974,12.9828,stop,323.5648,4521.48,4521.48,4200.77,-7.093,-320.71,2
MAR,2021-07-08,2021-07-16,2021-07-19,1-2%,-1.963,137.0069,127.289,stop,32.6973,4479.76,4479.76,4162.01,-7.093,-317.75,1
KLAC,2021-05-19,2021-07-19,2021-07-20,1-2%,-1.997,28.8338,29.3626,tp_gap_filled,152.4033,4394.37,4394.37,4474.96,1.834,80.59,1
CMI,2021-06-18,2021-07-19,2021-07-20,1-2%,-1.896,233.0628,237.0927,tp_gap_filled,18.8744,4398.93,4398.93,4474.99,1.729,76.06,1
PSKY,2021-05-19,2021-07-19,2021-07-20,1-2%,-1.818,39.4694,40.1198,tp_gap_filled,111.4532,4399.0,4399.0,4471.49,1.648,72.49,1
GLW,2021-07-08,2021-07-16,2021-07-21,1-2%,-1.968,39.8898,40.6094,tp_gap_filled,112.3131,4480.15,4480.15,4560.96,1.804,80.81,3
PRU,2021-07-08,2021-07-16,2021-07-21,1-2%,-1.902,98.5885,100.2996,tp_gap_filled,45.4065,4476.56,4476.56,4554.25,1.736,77.7,3
BLK,2021-07-19,2021-07-20,2021-07-21,1-2%,-1.986,858.4977,874.145,tp_gap_filled,5.1564,4426.74,4426.74,4507.43,1.823,80.68,1
AMP,2021-07-19,2021-07-20,2021-07-21,1-2%,-1.957,242.1919,246.5332,tp_gap_filled,18.2995,4431.99,4431.99,4511.43,1.792,79.44,1
NTRS,2021-07-19,2021-07-20,2021-07-21,1-2%,-1.944,111.0609,113.0369,tp_gap_filled,39.9358,4435.31,4435.31,4514.22,1.779,78.91,1
JBL,2021-07-19,2021-07-20,2021-07-21,1-2%,-1.914,53.8738,54.8151,tp_gap_filled,82.3551,4436.78,4436.78,4514.3,1.747,77.52,1
MS,2021-07-19,2021-07-20,2021-07-21,1-2%,-1.907,89.5995,91.1587,tp_gap_filled,49.5752,4441.91,4441.91,4519.21,1.74,77.3,1
PM,2021-07-20,2021-07-21,2021-07-23,1-2%,-1.961,96.106,97.8321,tp_gap_filled,46.3675,4456.2,4456.2,4536.23,1.796,80.03,2
ALLE,2021-07-19,2021-07-22,2021-07-23,1-2%,-1.805,136.136,138.3615,tp_gap_filled,32.7194,4454.29,4454.29,4527.11,1.635,72.82,1
ADI,2021-07-08,2021-07-16,2021-07-29,1-2%,-1.886,162.4723,165.2646,tp_gap_filled,27.5547,4476.88,4476.88,4553.82,1.719,76.94,9
MU,2021-07-27,2021-07-28,2021-07-29,1-2%,-1.979,74.8648,76.2237,tp_gap_filled,59.6039,4462.24,4462.24,4543.23,1.815,81.0,1
FIX,2021-07-19,2021-07-29,2021-07-30,1-2%,-1.988,72.042,73.3566,tp_gap_filled,61.9282,4461.43,4461.43,4542.84,1.825,81.41,1
TKO,2021-07-19,2021-07-20,2021-08-02,1-2%,-1.899,49.6496,50.5094,tp_gap_filled,89.6011,4448.66,4448.66,4525.7,1.732,77.04,9
IVZ,2021-07-27,2021-07-29,2021-08-02,1-2%,-1.875,24.6246,25.0449,tp_gap_filled,181.4854,4469.0,4469.0,4545.29,1.707,76.28,2
DLTR,2021-06-24,2021-06-25,2021-08-03,1-2%,-1.843,99.7196,101.3885,tp_gap_filled,45.5141,4538.65,4538.65,4614.61,1.674,75.96,26
LUV,2021-07-22,2021-07-28,2021-08-04,1-2%,-1.939,52.1521,48.453,stop,85.6011,4464.28,4464.28,4147.63,-7.093,-316.65,5
FITB,2021-07-27,2021-08-03,2021-08-04,1-2%,-1.817,35.6957,36.2837,tp_gap_filled,125.2565,4471.11,4471.11,4544.77,1.647,73.65,1
TRGP,2021-08-04,2021-08-05,2021-08-06,1-2%,-1.971,41.3313,42.0779,tp_gap_filled,108.0782,4467.01,4467.01,4547.7,1.806,80.69,1
BKR,2021-08-04,2021-08-05,2021-08-06,1-2%,-1.924,20.9209,21.2887,tp_gap_filled,213.7951,4472.79,4472.79,4551.42,1.758,78.63,1
EQT,2021-07-30,2021-08-02,2021-08-09,1-2%,-1.819,18.3684,18.6713,tp_gap_filled,243.0288,4464.04,4464.04,4537.67,1.649,73.63,5
TTD,2021-08-05,2021-08-06,2021-08-09,1-2%,-1.897,84.8848,78.8639,stop,52.7511,4477.77,4477.77,4160.16,-7.093,-317.61,1
PPG,2021-07-19,2021-08-10,2021-08-11,1-2%,-1.839,167.2371,170.0298,tp_gap_filled,26.6806,4461.99,4461.99,4536.5,1.67,74.51,1
EBAY,2021-07-30,2021-08-13,2021-08-16,1-2%,-1.839,72.1321,73.3366,tp_gap_filled,61.8704,4462.84,4462.84,4537.37,1.67,74.53,1
NWSA,2021-08-09,2021-08-10,2021-08-17,1-2%,-1.982,24.2542,22.5339,stop,184.0819,4464.76,4464.76,4148.08,-7.093,-316.69,5
CRWD,2021-07-19,2021-08-11,2021-08-17,1-2%,-1.964,61.3238,56.9741,stop,72.8668,4468.47,4468.47,4151.52,-7.093,-316.95,4
APP,2021-05-17,2021-08-12,2021-08-17,1-2%,-1.904,56.2262,57.2027,tp_gap_filled,79.4736,4468.5,4468.5,4546.11,1.737,77.61,3
CCL,2021-08-16,2021-08-17,2021-08-18,1-2%,-1.881,22.4524,22.8371,tp_gap_filled,197.1135,4425.68,4425.68,4501.51,1.713,75.83,1
EOG,2021-08-09,2021-08-10,2021-08-19,1-2%,-1.875,69.6696,64.7279,stop,64.0882,4465.0,4465.0,4148.3,-7.093,-316.7,7
HAL,2021-08-16,2021-08-17,2021-08-19,1-2%,-1.937,19.7597,18.3582,stop,224.3092,4432.29,4432.29,4117.91,-7.093,-314.38,2
CASY,2021-06-22,2021-06-23,2021-08-20,1-2%,-1.986,198.0779,201.6881,tp_gap_filled,22.8526,4526.6,4526.6,4609.11,1.823,82.5,41
COIN,2021-08-05,2021-08-19,2021-08-20,1-2%,-1.882,239.9998,244.1156,tp_gap_filled,18.3501,4404.03,4404.03,4479.55,1.715,75.53,1
CFG,2021-08-04,2021-08-19,2021-08-23,1-2%,-1.843,42.1221,42.8271,tp_gap_filled,104.7333,4411.59,4411.59,4485.43,1.674,73.84,2
IVZ,2021-08-19,2021-08-20,2021-08-23,1-2%,-1.991,23.6536,24.0859,tp_gap_filled,186.724,4416.7,4416.7,4497.41,1.827,80.71,1
CVX,2021-08-19,2021-08-20,2021-08-23,1-2%,-1.954,94.9048,96.6033,tp_gap_filled,46.5713,4419.84,4419.84,4498.94,1.79,79.1,1
COHR,2021-05-19,2021-08-17,2021-08-24,1-2%,-1.868,61.5415,62.5874,tp_gap_filled,71.8477,4421.61,4421.61,4496.75,1.699,75.14,5
VLO,2021-08-16,2021-08-24,2021-08-25,1-2%,-1.736,65.1651,66.1838,tp_gap_filled,68.1155,4438.75,4438.75,4508.14,1.563,69.39,1
FANG,2021-08-16,2021-08-24,2021-08-27,1-2%,-1.811,74.3443,75.5644,tp_gap_filled,59.7112,4439.18,4439.18,4512.04,1.641,72.85,3
MO,2021-06-14,2021-07-29,2021-08-30,1-2%,-1.909,48.8588,49.7102,tp_gap_filled,91.492,4470.19,4470.19,4548.09,1.743,77.9,22
HOOD,2021-08-25,2021-08-26,2021-08-30,1-2%,-1.934,48.4734,45.0352,stop,91.5802,4439.21,4439.21,4124.33,-7.093,-314.87,2
FERG,2021-07-08,2021-07-21,2021-08-31,1-2%,-1.89,140.8207,143.2466,tp_gap_filled,31.6516,4457.2,4457.2,4533.99,1.723,76.78,29
CSGP,2021-08-04,2021-08-09,2021-09-02,1-2%,-1.935,85.7256,87.2427,tp_gap_filled,52.0599,4462.87,4462.87,4541.84,1.77,78.98,18
FCX,2021-09-01,2021-09-08,2021-09-10,1-2%,-1.814,35.7657,36.3536,tp_gap_filled,124.3521,4447.54,4447.54,4520.65,1.644,73.1,2
LRCX,2021-09-07,2021-09-10,2021-09-13,1-2%,-1.893,59.9749,61.0099,tp_gap_filled,73.9789,4436.88,4436.88,4513.45,1.726,76.57,1
APO,2021-07-08,2021-09-03,2021-09-16,1-2%,-1.912,62.1421,63.2267,tp_gap_filled,71.6202,4450.63,4450.63,4528.31,1.745,77.68,8
FERG,2021-09-08,2021-09-14,2021-09-16,1-2%,-1.699,145.3452,147.5623,tp_gap_filled,30.5231,4436.39,4436.39,4504.06,1.525,67.67,2
MGM,2021-09-15,2021-09-16,2021-09-17,1-2%,-1.98,40.6306,41.3686,tp_gap_filled,109.6707,4455.98,4455.98,4536.92,1.816,80.94,1
LYV,2021-09-15,2021-09-16,2021-09-22,1-2%,-1.894,87.087,88.5913,tp_gap_filled,51.2092,4459.65,4459.65,4536.69,1.727,77.04,4
ADSK,2021-09-20,2021-09-21,2021-09-22,1-2%,-1.954,282.8025,287.8618,tp_gap_filled,15.6348,4421.56,4421.56,4500.67,1.789,79.1,1
WSM,2021-09-20,2021-09-21,2021-09-22,1-2%,-1.948,90.9659,92.5873,tp_gap_filled,48.6102,4421.87,4421.87,4500.69,1.782,78.82,1
ETN,2021-09-14,2021-09-20,2021-09-23,1-2%,-1.738,155.6755,158.1117,tp_gap_filled,28.5204,4439.92,4439.92,4509.41,1.565,69.48,3
TRV,2021-09-20,2021-09-21,2021-09-23,1-2%,-1.977,153.3532,156.1337,tp_gap_filled,28.8622,4426.11,4426.11,4506.36,1.813,80.25,2
GE,2021-09-20,2021-09-21,2021-09-23,1-2%,-1.961,61.4285,62.5319,tp_gap_filled,72.044,4425.56,4425.56,4505.05,1.796,79.49,2
INTC,2021-09-20,2021-09-21,2021-09-23,1-2%,-1.935,53.2632,54.2057,tp_gap_filled,83.083,4425.27,4425.27,4503.58,1.77,78.31,2
EBAY,2021-09-20,2021-09-21,2021-09-23,1-2%,-1.93,72.7527,74.0359,tp_gap_filled,60.8037,4423.63,4423.63,4501.66,1.764,78.02,2
STX,2021-09-08,2021-09-09,2021-09-27,1-2%,-1.885,86.4864,87.9719,tp_gap_filled,51.3153,4438.07,4438.07,4514.3,1.718,76.23,12
DOW,2021-07-22,2021-09-17,2021-09-27,1-2%,-1.959,58.6186,59.6703,tp_gap_filled,76.0699,4459.11,4459.11,4539.11,1.794,80.0,6
EQT,2021-09-16,2021-09-24,2021-09-27,1-2%,-1.846,20.2202,20.5594,tp_gap_filled,221.4431,4477.62,4477.62,4552.74,1.678,75.12,1
EQIX,2021-09-07,2021-09-09,2021-09-28,1-2%,-1.963,866.3655,804.9142,stop,5.1261,4441.1,4441.1,4126.09,-7.093,-315.01,13
TPR,2021-09-24,2021-09-27,2021-09-28,1-2%,-1.884,39.6296,40.3096,tp_gap_filled,113.1117,4482.57,4482.57,4559.49,1.716,76.92,1
MO,2021-09-14,2021-09-15,2021-09-30,1-2%,-1.897,49.1791,45.6909,stop,90.5069,4451.05,4451.05,4135.34,-7.093,-315.71,11
A,2021-09-20,2021-09-27,2021-09-30,1-2%,-1.978,170.6705,158.5648,stop,26.2978,4488.26,4488.26,4169.91,-7.093,-318.35,3
FSLR,2021-09-28,2021-09-29,2021-09-30,1-2%,-1.946,93.7937,95.4644,tp_gap_filled,47.484,4453.7,4453.7,4533.03,1.781,79.33,1
WTW,2021-09-20,2021-09-29,2021-09-30,1-2%,-1.937,226.0458,230.0497,tp_gap_filled,19.7055,4454.36,4454.36,4533.25,1.771,78.9,1
CRL,2021-09-20,2021-09-27,2021-10-01,1-2%,-1.889,432.5621,401.8805,stop,10.3629,4482.62,4482.62,4164.67,-7.093,-317.95,4
BRO,2021-09-20,2021-09-28,2021-10-01,1-2%,-1.982,55.9359,56.953,tp_gap_filled,79.6186,4453.54,4453.54,4534.52,1.818,80.98,3
HOOD,2021-09-28,2021-09-29,2021-10-04,1-2%,-1.877,43.9639,40.8456,stop,101.3844,4457.26,4457.26,4141.1,-7.093,-316.15,3
ADM,2021-09-20,2021-09-27,2021-10-05,1-2%,-1.987,61.2112,62.3276,tp_gap_filled,73.3513,4489.91,4489.91,4571.81,1.824,81.89,6
PPG,2021-09-20,2021-09-30,2021-10-05,1-2%,-1.772,144.2841,146.5933,tp_gap_filled,30.5994,4415.01,4415.01,4485.67,1.6,70.66,3
AWK,2021-08-04,2021-09-27,2021-10-07,1-2%,-1.803,172.3121,175.1247,tp_gap_filled,26.0297,4485.23,4485.23,4558.44,1.632,73.21,8
TTD,2021-10-04,2021-10-06,2021-10-07,1-2%,-1.789,69.2292,70.3496,tp_gap_filled,63.9838,4429.54,4429.54,4501.23,1.618,71.69,1
XOM,2021-10-06,2021-10-07,2021-10-08,1-2%,-1.866,60.5305,61.5584,tp_gap_filled,73.3549,4440.21,4440.21,4515.61,1.698,75.4,1
LULU,2021-09-20,2021-09-28,2021-10-11,1-2%,-1.981,418.5181,388.8326,stop,10.6398,4452.96,4452.96,4137.11,-7.093,-315.85,9
LYV,2021-10-06,2021-10-11,2021-10-12,1-2%,-1.943,97.9879,99.7302,tp_gap_filled,45.1665,4425.77,4425.77,4504.46,1.778,78.69,1
GOOGL,2021-09-20,2021-09-28,2021-10-14,1-2%,-1.874,138.2997,140.6592,tp_gap_filled,32.1826,4450.84,4450.84,4526.78,1.706,75.94,12
UNH,2021-09-22,2021-10-07,2021-10-14,1-2%,-1.795,405.3449,411.9277,tp_gap_filled,10.9515,4439.12,4439.12,4511.21,1.624,72.09,5
LYB,2021-10-06,2021-10-13,2021-10-14,1-2%,-1.851,95.0349,96.6333,tp_gap_filled,46.5605,4424.87,4424.87,4499.29,1.682,74.42,1
IVZ,2021-10-06,2021-10-11,2021-10-15,1-2%,-1.892,24.9149,25.3446,tp_gap_filled,177.6401,4425.88,4425.88,4502.22,1.725,76.34,4
AMZN,2021-09-20,2021-09-23,2021-10-20,1-2%,-1.921,169.9698,172.9529,tp_gap_filled,26.3646,4481.18,4481.18,4559.83,1.755,78.65,19
ED,2021-10-18,2021-10-19,2021-10-20,1-2%,-1.987,73.063,74.3955,tp_gap_filled,60.9664,4454.39,4454.39,4535.63,1.824,81.24,1
TPR,2021-10-18,2021-10-19,2021-10-20,1-2%,-1.811,38.5285,39.1608,tp_gap_filled,115.6657,4456.42,4456.42,4529.56,1.641,73.14,1
STLD,2021-09-16,2021-10-19,2021-10-20,1-2%,-1.768,63.9539,64.975,tp_gap_filled,69.6684,4455.56,4455.56,4526.7,1.597,71.14,1
TER,2021-09-28,2021-10-18,2021-10-21,1-2%,-1.931,115.3853,117.4225,tp_gap_filled,38.5686,4450.25,4450.25,4528.82,1.766,78.57,3
EL,2021-10-06,2021-10-20,2021-10-21,1-2%,-1.957,307.357,312.8668,tp_gap_filled,14.5356,4467.62,4467.62,4547.71,1.793,80.09,1
RCL,2021-10-06,2021-10-07,2021-10-22,1-2%,-1.846,89.4193,83.0768,stop,49.6613,4440.68,4440.68,4125.7,-7.093,-314.98,11
FANG,2021-10-20,2021-10-21,2021-10-22,1-2%,-1.749,109.109,110.8291,tp_gap_filled,40.876,4459.94,4459.94,4530.25,1.576,70.31,1
STLD,2021-10-21,2021-10-22,2021-10-25,1-2%,-1.983,63.8338,64.9949,tp_gap_filled,69.9154,4462.96,4462.96,4544.14,1.819,81.18,1
XYZ,2021-10-22,2021-10-25,2021-10-26,1-2%,-1.962,260.1399,264.8149,tp_gap_filled,17.1649,4465.27,4465.27,4545.51,1.797,80.25,1
SYF,2021-10-20,2021-10-21,2021-10-27,1-2%,-1.986,51.3713,47.7276,stop,87.0109,4469.87,4469.87,4152.82,-7.093,-317.05,4
BALL,2021-10-14,2021-10-25,2021-10-27,1-2%,-1.718,89.3092,90.6892,tp_gap_filled,50.0157,4466.86,4466.86,4535.88,1.545,69.02,2
UHS,2021-10-22,2021-10-25,2021-10-27,1-2%,-1.711,135.135,125.5499,stop,33.021,4462.29,4462.29,4145.78,-7.093,-316.51,2
GOOGL,2021-10-22,2021-10-26,2021-10-27,1-2%,-1.928,139.2891,141.7441,tp_gap_filled,31.9862,4455.33,4455.33,4533.85,1.763,78.53,1
GOOG,2021-10-22,2021-10-26,2021-10-27,1-2%,-1.702,140.4913,142.6377,tp_gap_filled,31.7062,4454.44,4454.44,4522.49,1.528,68.05,1
AMAT,2021-10-21,2021-10-27,2021-10-28,1-2%,-1.732,131.7917,133.846,tp_gap_filled,33.7387,4446.48,4446.48,4515.79,1.559,69.31,1
SNPS,2021-09-17,2021-10-26,2021-11-01,1-2%,-1.884,329.3891,335.0446,tp_gap_filled,13.5261,4455.36,4455.36,4531.86,1.717,76.5,4
FANG,2021-10-27,2021-11-01,2021-11-02,1-2%,-1.961,109.6095,111.5783,tp_gap_filled,40.689,4459.9,4459.9,4540.01,1.796,80.11,1
CRH,2021-09-20,2021-11-02,2021-11-03,1-2%,-1.929,48.8488,49.7102,tp_gap_filled,91.3857,4464.08,4464.08,4542.8,1.763,78.72,1
APH,2021-10-27,2021-10-29,2021-11-04,1-2%,-1.981,19.3193,19.6703,tp_gap_filled,230.535,4453.77,4453.77,4534.69,1.817,80.92,4
LEN,2021-09-08,2021-10-20,2021-11-05,1-2%,-1.983,99.131,100.9348,tp_gap_filled,45.0719,4468.02,4468.02,4549.32,1.82,81.3,12
ECL,2021-10-27,2021-11-01,2021-11-05,1-2%,-1.941,226.0358,230.0497,tp_gap_filled,19.749,4463.97,4463.97,4543.24,1.776,79.27,4
EXPE,2021-11-02,2021-11-04,2021-11-05,1-2%,-1.89,164.2341,167.0628,tp_gap_filled,27.1964,4466.58,4466.58,4543.51,1.722,76.93,1
FIS,2021-11-02,2021-11-04,2021-11-05,1-2%,-1.763,112.102,113.886,tp_gap_filled,39.7628,4457.49,4457.49,4528.42,1.591,70.94,1
HSY,2021-10-29,2021-11-02,2021-11-10,1-2%,-1.773,176.3962,179.2206,tp_gap_filled,25.3183,4466.05,4466.05,4537.56,1.601,71.51,6
BR,2021-11-03,2021-11-08,2021-11-10,1-2%,-1.934,175.5854,178.6911,tp_gap_filled,25.5424,4484.88,4484.88,4564.21,1.769,79.33,2
GNRC,2021-09-28,2021-11-09,2021-11-10,1-2%,-1.758,436.436,443.3562,tp_gap_filled,10.2714,4482.83,4482.83,4553.91,1.586,71.08,1
AMAT,2021-11-10,2021-11-11,2021-11-12,1-2%,-1.945,153.4032,156.1337,tp_gap_filled,29.3041,4495.34,4495.34,4575.35,1.78,80.01,1
PRU,2021-11-03,2021-11-09,2021-11-15,1-2%,-1.952,109.109,111.0588,tp_gap_filled,41.0848,4482.72,4482.72,4562.83,1.787,80.11,4
FANG,2021-11-02,2021-11-10,2021-11-15,1-2%,-1.667,109.8597,111.4984,tp_gap_filled,40.8759,4490.61,4490.61,4557.59,1.492,66.98,3
EVRG,2021-09-15,2021-09-16,2021-11-16,1-2%,-1.749,64.6746,65.6942,tp_gap_filled,68.9443,4458.95,4458.95,4529.24,1.577,70.3,43
EG,2021-10-28,2021-11-02,2021-11-16,1-2%,-1.849,275.275,279.8998,tp_gap_filled,16.2283,4467.24,4467.24,4542.29,1.68,75.05,10
NCLH,2021-11-03,2021-11-11,2021-11-16,1-2%,-1.789,26.3764,24.5055,stop,170.4583,4496.07,4496.07,4177.16,-7.093,-318.91,3
DAL,2021-10-13,2021-11-12,2021-11-18,1-2%,-1.837,42.7827,39.7482,stop,105.1499,4498.6,4498.6,4179.51,-7.093,-319.09,4
FANG,2021-11-17,2021-11-18,2021-11-19,1-2%,-1.67,108.4483,100.7561,stop,41.2879,4477.61,4477.61,4160.01,-7.093,-317.6,1
GILD,2021-10-01,2021-10-04,2021-11-22,1-2%,-1.79,68.6686,69.7801,tp_gap_filled,64.1351,4404.07,4404.07,4475.36,1.619,71.29,35
SWKS,2021-11-05,2021-11-08,2021-11-22,1-2%,-1.85,168.3782,156.4351,stop,26.6318,4484.22,4484.22,4166.16,-7.093,-318.07,10
ANET,2021-11-16,2021-11-18,2021-11-22,1-2%,-1.926,32.4074,32.9776,tp_gap_filled,138.1775,4477.97,4477.97,4556.76,1.76,78.79,2
COP,2021-10-06,2021-11-19,2021-11-22,1-2%,-1.854,70.4704,71.6583,tp_gap_filled,63.0575,4443.69,4443.69,4518.59,1.686,74.9,1
SLB,2021-10-06,2021-11-19,2021-11-22,1-2%,-1.635,30.1201,30.5594,tp_gap_filled,147.4423,4440.98,4440.98,4505.75,1.459,64.77,1
NCLH,2021-11-19,2021-11-22,2021-11-23,1-2%,-1.993,23.1331,23.5564,tp_gap_filled,192.5686,4454.71,4454.71,4536.23,1.83,81.52,1
TRGP,2021-11-19,2021-11-22,2021-11-23,1-2%,-1.943,53.5535,54.5054,tp_gap_filled,83.1585,4453.43,4453.43,4532.59,1.778,79.16,1
UAL,2021-11-19,2021-11-22,2021-11-23,1-2%,-1.876,46.5865,47.3826,tp_gap_filled,95.6177,4454.5,4454.5,4530.61,1.709,76.11,1
EOG,2021-11-19,2021-11-22,2021-11-23,1-2%,-1.875,88.0279,89.5304,tp_gap_filled,50.5974,4453.99,4453.99,4530.01,1.707,76.02,1
MET,2021-11-19,2021-11-22,2021-11-23,1-2%,-1.819,61.5815,62.5973,tp_gap_filled,72.2725,4450.65,4450.65,4524.07,1.65,73.42,1
HST,2021-11-19,2021-11-22,2021-11-23,1-2%,-1.791,17.017,17.2927,tp_gap_filled,261.7387,4454.01,4454.01,4526.17,1.62,72.16,1
FLEX,2021-11-11,2021-11-23,2021-11-24,1-2%,-1.908,13.1857,13.4154,tp_gap_filled,340.3303,4487.51,4487.51,4565.65,1.741,78.15,1
IVZ,2021-11-19,2021-11-23,2021-11-24,1-2%,-1.671,24.1541,24.5155,tp_gap_filled,185.9576,4491.64,4491.64,4558.84,1.496,67.19,1
EQT,2021-11-17,2021-11-18,2021-11-26,1-2%,-1.818,21.6216,20.088,stop,207.3396,4483.01,4483.01,4165.03,-7.093,-317.98,5
PANW,2021-11-23,2021-11-24,2021-11-26,1-2%,-1.896,88.375,89.9033,tp_gap_filled,50.9039,4498.63,4498.63,4576.43,1.729,77.8,1
ANET,2021-11-23,2021-11-24,2021-11-29,1-2%,-1.779,31.5015,32.008,tp_gap_filled,143.0691,4506.89,4506.89,4579.35,1.608,72.46,2
MCHP,2021-11-10,2021-11-24,2021-11-29,1-2%,-1.773,81.5314,82.8371,tp_gap_filled,55.3168,4510.06,4510.06,4582.28,1.601,72.22,2
RTX,2021-09-20,2021-11-26,2021-11-29,1-2%,-1.787,81.9819,83.3066,tp_gap_filled,54.5344,4470.84,4470.84,4543.08,1.616,72.24,1
TJX,2021-11-24,2021-11-26,2021-11-29,1-2%,-1.776,69.7597,70.879,tp_gap_filled,64.1289,4473.61,4473.61,4545.39,1.605,71.78,1
KMI,2021-10-29,2021-11-01,2021-11-30,1-2%,-1.729,17.067,15.8565,stop,261.3515,4460.5,4460.5,4144.12,-7.093,-316.38,20
COR,2021-11-04,2021-11-08,2021-11-30,1-2%,-1.785,126.126,117.1799,stop,35.5471,4483.41,4483.41,4165.4,-7.093,-318.01,15
TXN,2021-11-26,2021-11-29,2021-11-30,1-2%,-1.932,190.0499,193.4064,tp_gap_filled,23.6312,4491.11,4491.11,4570.43,1.766,79.32,1
ADI,2021-11-26,2021-11-29,2021-11-30,1-2%,-1.902,179.179,182.2875,tp_gap_filled,25.0644,4491.01,4491.01,4568.92,1.735,77.91,1
ULTA,2021-11-24,2021-11-26,2021-12-01,1-2%,-1.827,401.8615,373.3574,stop,11.1356,4474.96,4474.96,4157.55,-7.093,-317.41,3
FOXA,2021-11-26,2021-11-29,2021-12-01,1-2%,-1.922,37.7978,35.1168,stop,118.955,4496.23,4496.23,4177.31,-7.093,-318.92,2
CSCO,2021-11-26,2021-11-30,2021-12-01,1-2%,-1.945,54.5145,55.4845,tp_gap_filled,81.6244,4449.71,4449.71,4528.89,1.779,79.18,1
PHM,2021-11-26,2021-11-29,2021-12-02,1-2%,-1.994,51.6516,52.5974,tp_gap_filled,86.9621,4491.73,4491.73,4573.98,1.831,82.24,3
YUM,2021-11-26,2021-11-29,2021-12-02,1-2%,-1.868,124.6345,126.7531,tp_gap_filled,36.0739,4496.05,4496.05,4572.48,1.7,76.43,3
EG,2021-11-30,2021-12-01,2021-12-02,1-2%,-1.835,259.7795,264.1056,tp_gap_filled,16.9754,4409.85,4409.85,4483.29,1.665,73.44,1
MRSH,2021-11-26,2021-11-30,2021-12-03,1-2%,-1.926,166.6765,169.6102,tp_gap_filled,26.7047,4451.04,4451.04,4529.39,1.76,78.34,3
XOM,2021-11-30,2021-12-01,2021-12-03,1-2%,-1.835,60.5205,61.5284,tp_gap_filled,72.9095,4412.52,4412.52,4486.01,1.665,73.49,2
MRNA,2021-10-11,2021-12-02,2021-12-03,1-2%,-1.833,299.6193,304.6051,tp_gap_filled,14.9216,4470.8,4470.8,4545.2,1.664,74.4,1
WFC,2021-11-19,2021-11-26,2021-12-06,1-2%,-1.804,49.049,49.8501,tp_gap_filled,91.2079,4473.66,4473.66,4546.72,1.633,73.07,6
AMT,2021-11-15,2021-11-26,2021-12-06,1-2%,-1.753,267.5973,271.8279,tp_gap_filled,16.7129,4472.33,4472.33,4543.04,1.581,70.71,6
OTIS,2021-11-26,2021-11-30,2021-12-06,1-2%,-1.812,83.0129,84.3755,tp_gap_filled,53.5759,4447.49,4447.49,4520.5,1.641,73.0,4
RL,2021-11-24,2021-12-01,2021-12-06,1-2%,-1.97,122.0219,124.2256,tp_gap_filled,36.2444,4422.61,4422.61,4502.49,1.806,79.87,3
PFG,2021-11-30,2021-12-01,2021-12-06,1-2%,-1.833,69.6896,70.8491,tp_gap_filled,63.2434,4407.41,4407.41,4480.74,1.664,73.33,3
SYF,2021-11-30,2021-12-01,2021-12-06,1-2%,-1.825,46.3063,47.0729,tp_gap_filled,95.0478,4401.31,4401.31,4474.17,1.656,72.87,3
KO,2021-11-30,2021-12-03,2021-12-06,1-2%,-1.796,53.6536,54.5254,tp_gap_filled,83.0196,4454.3,4454.3,4526.68,1.625,72.38,1
AES,2021-11-26,2021-12-01,2021-12-07,1-2%,-1.982,24.2542,24.6953,tp_gap_filled,182.5978,4428.77,4428.77,4509.3,1.818,80.53,4
NCLH,2021-12-03,2021-12-06,2021-12-07,1-2%,-1.879,18.8188,19.1408,tp_gap_filled,239.7089,4511.03,4511.03,4588.23,1.711,77.2,1
MCHP,2021-12-02,2021-12-06,2021-12-07,1-2%,-1.859,82.9829,84.3855,tp_gap_filled,54.5359,4525.55,4525.55,4602.04,1.69,76.49,1
CRH,2021-11-26,2021-12-06,2021-12-07,1-2%,-1.78,50.2502,51.0589,tp_gap_filled,90.1128,4528.19,4528.19,4601.06,1.609,72.87,1
NDSN,2021-11-26,2021-12-06,2021-12-07,1-2%,-1.691,264.7345,268.751,tp_gap_filled,17.1072,4528.86,4528.86,4597.57,1.517,68.71,1
AMD,2021-12-06,2021-12-07,2021-12-08,1-2%,-1.993,141.2811,143.866,tp_gap_filled,32.0751,4531.6,4531.6,4614.51,1.83,82.91,1
EQT,2021-11-30,2021-12-07,2021-12-08,1-2%,-1.883,20.3403,20.6893,tp_gap_filled,223.0704,4537.32,4537.32,4615.17,1.716,77.84,1
ECHO,2021-12-08,2021-12-09,2021-12-10,1-2%,-1.917,26.1261,26.5834,tp_gap_filled,173.7175,4538.56,4538.56,4618.0,1.75,79.44,1
EXPE,2021-12-09,2021-12-10,2021-12-14,1-2%,-1.821,169.4192,157.4023,stop,26.8132,4542.68,4542.68,4220.47,-7.093,-322.21,2
DAL,2021-12-09,2021-12-10,2021-12-15,1-2%,-1.698,38.2582,35.5446,stop,118.7342,4542.56,4542.56,4220.36,-7.093,-322.2,3
MRVL,2021-12-14,2021-12-15,2021-12-16,1-2%,-1.963,84.9749,86.5034,tp_gap_filled,52.7852,4485.42,4485.42,4566.1,1.799,80.68,1
META,2021-12-14,2021-12-15,2021-12-16,1-2%,-1.925,328.378,334.1555,tp_gap_filled,13.6866,4494.38,4494.38,4573.45,1.759,79.07,1
DELL,2021-12-14,2021-12-15,2021-12-16,1-2%,-1.849,54.7447,55.6643,tp_gap_filled,82.2631,4503.47,4503.47,4579.11,1.68,75.65,1
SLB,2021-12-09,2021-12-10,2021-12-20,1-2%,-1.706,30.5605,28.3929,stop,148.537,4539.37,4539.37,4217.39,-7.093,-321.98,6
MRNA,2021-12-15,2021-12-17,2021-12-20,1-2%,-1.934,272.0708,276.8828,tp_gap_filled,16.4738,4482.05,4482.05,4561.32,1.769,79.27,1
NOW,2021-12-06,2021-12-17,2021-12-20,1-2%,-1.881,120.4363,122.4994,tp_gap_filled,37.3705,4500.77,4500.77,4577.87,1.713,77.1,1
WDAY,2021-12-17,2021-12-20,2021-12-21,1-2%,-1.892,267.3471,271.9578,tp_gap_filled,16.6847,4460.61,4460.61,4537.54,1.725,76.93,1
FCX,2021-12-15,2021-12-20,2021-12-21,1-2%,-1.844,37.2973,37.922,tp_gap_filled,119.6488,4462.57,4462.57,4537.33,1.675,74.75,1
BA,2021-12-03,2021-12-13,2021-12-22,1-2%,-1.818,198.8987,202.1776,tp_gap_filled,22.6813,4511.28,4511.28,4585.65,1.649,74.37,7
ADBE,2021-12-20,2021-12-21,2021-12-22,1-2%,-1.982,546.1556,556.0834,tp_gap_filled,8.2597,4511.09,4511.09,4593.09,1.818,82.0,1
TRMB,2021-12-20,2021-12-21,2021-12-22,1-2%,-1.978,83.8237,85.3446,tp_gap_filled,53.8724,4515.78,4515.78,4597.71,1.814,81.93,1
MLM,2021-12-20,2021-12-21,2021-12-22,1-2%,-1.973,428.1677,435.9137,tp_gap_filled,10.5626,4522.56,4522.56,4604.38,1.809,81.82,1
HWM,2021-12-09,2021-12-13,2021-12-23,1-2%,-1.802,30.5505,31.0489,tp_gap_filled,147.6107,4509.58,4509.58,4583.15,1.631,73.57,8
URI,2021-12-20,2021-12-21,2021-12-23,1-2%,-1.962,326.1358,331.9977,tp_gap_filled,13.8703,4523.6,4523.6,4604.9,1.797,81.31,2
ROST,2021-12-07,2021-12-13,2021-12-27,1-2%,-1.961,110.5805,112.5673,tp_gap_filled,40.813,4513.12,4513.12,4594.21,1.797,81.09,9
MSFT,2021-12-14,2021-12-15,2021-12-27,1-2%,-1.821,333.5532,339.0606,tp_gap_filled,13.5175,4508.79,4508.79,4583.24,1.651,74.45,7
NOC,2021-10-28,2021-12-14,2021-12-31,1-2%,-1.955,380.9406,387.7618,tp_gap_filled,11.8011,4495.5,4495.5,4576.0,1.791,80.5,12
BAC,2021-11-30,2021-12-01,2022-01-03,1-2%,-1.821,44.8048,45.5444,tp_gap_filled,97.963,4389.21,4389.21,4461.66,1.651,72.46,22
MO,2021-12-22,2021-12-23,2022-01-03,1-2%,-1.884,46.9169,47.7222,tp_gap_filled,96.87,4544.84,4544.84,4622.85,1.717,78.02,6
OXY,2021-12-13,2021-12-28,2022-01-03,1-2%,-1.852,30.2302,30.7392,tp_gap_filled,150.7511,4557.24,4557.24,4633.97,1.684,76.74,4
INTU,2021-12-14,2021-12-28,2022-01-04,1-2%,-1.959,656.2957,609.7446,stop,6.9473,4559.5,4559.5,4236.09,-7.093,-323.41,5
HBAN,2021-11-19,2022-01-03,2022-01-04,1-2%,-1.979,15.8659,16.1538,tp_gap_filled,287.6327,4563.54,4563.54,4646.37,1.815,82.83,1
JNJ,2021-12-17,2021-12-27,2022-01-05,1-2%,-1.948,169.8096,172.837,tp_gap_filled,26.8239,4554.96,4554.96,4636.17,1.783,81.21,7
GM,2021-12-13,2022-01-04,2022-01-05,1-2%,-1.804,62.1321,63.1468,tp_gap_filled,73.3842,4559.51,4559.51,4633.98,1.633,74.46,1
PANW,2021-12-17,2022-01-05,2022-01-06,1-2%,-1.99,85.6339,87.1977,tp_gap_filled,53.3153,4565.59,4565.59,4648.97,1.826,83.38,1
WMB,2021-12-09,2022-01-05,2022-01-07,1-2%,-1.881,27.1471,27.6124,tp_gap_filled,168.0333,4561.62,4561.62,4639.8,1.714,78.18,2
MRVL,2021-12-17,2022-01-06,2022-01-07,1-2%,-1.902,82.082,83.5064,tp_gap_filled,55.5997,4563.74,4563.74,4642.93,1.735,79.2,1
MPWR,2021-12-20,2022-01-05,2022-01-10,1-2%,-1.789,474.8244,441.1451,stop,9.5865,4551.89,4551.89,4229.03,-7.093,-322.87,3
REGN,2022-01-05,2022-01-06,2022-01-10,1-2%,-1.924,605.555,616.2032,tp_gap_filled,7.5409,4566.42,4566.42,4646.71,1.758,80.3,2
ADI,2021-12-20,2022-01-07,2022-01-10,1-2%,-1.922,167.0068,169.9399,tp_gap_filled,27.1833,4539.8,4539.8,4619.53,1.756,79.73,1
VRT,2021-12-20,2022-01-05,2022-01-11,1-2%,-1.795,23.5435,23.9261,tp_gap_filled,193.6288,4558.7,4558.7,4632.77,1.625,74.07,4
DPZ,2022-01-05,2022-01-06,2022-01-11,1-2%,-1.872,525.7853,488.4913,stop,8.6981,4573.32,4573.32,4248.93,-7.093,-324.39,3
PYPL,2021-12-20,2022-01-10,2022-01-11,1-2%,-1.971,182.7125,186.0138,tp_gap_filled,24.9494,4558.57,4558.57,4640.93,1.807,82.36,1
LITE,2022-01-06,2022-01-10,2022-01-11,1-2%,-1.795,103.2381,104.915,tp_gap_filled,44.1587,4558.86,4558.86,4632.91,1.624,74.05,1
ANET,2021-12-20,2022-01-06,2022-01-12,1-2%,-1.829,33.1731,33.7237,tp_gap_filled,137.8441,4572.72,4572.72,4648.62,1.66,75.9,4
EQIX,2022-01-07,2022-01-10,2022-01-12,1-2%,-1.984,760.4597,774.3049,tp_gap_filled,5.993,4557.41,4557.41,4640.38,1.821,82.97,2
META,2022-01-10,2022-01-11,2022-01-12,1-2%,-1.953,325.6353,331.4582,tp_gap_filled,14.0266,4567.56,4567.56,4649.23,1.788,81.68,1
IT,2022-01-10,2022-01-11,2022-01-12,1-2%,-1.927,293.9136,299.0906,tp_gap_filled,15.5613,4573.68,4573.68,4654.25,1.761,80.56,1
TPR,2022-01-10,2022-01-12,2022-01-13,1-2%,-1.906,38.6286,39.3007,tp_gap_filled,118.587,4580.85,4580.85,4660.55,1.74,79.7,1
WSM,2022-01-10,2022-01-14,2022-01-19,1-2%,-1.883,74.084,75.3546,tp_gap_filled,61.6503,4567.3,4567.3,4645.63,1.715,78.33,2
WDAY,2022-01-10,2022-01-18,2022-01-19,1-2%,-1.986,245.5153,249.9898,tp_gap_filled,18.5012,4542.33,4542.33,4625.11,1.822,82.78,1
FSLR,2022-01-10,2022-01-13,2022-01-20,1-2%,-1.96,83.103,84.5953,tp_gap_filled,55.1073,4579.59,4579.59,4661.82,1.796,82.24,4
CDNS,2022-01-10,2022-01-14,2022-01-20,1-2%,-1.927,162.9828,151.4225,stop,28.0338,4569.03,4569.03,4244.95,-7.093,-324.08,3
MSFT,2022-01-18,2022-01-19,2022-01-20,1-2%,-1.976,304.3741,309.8898,tp_gap_filled,14.9119,4538.8,4538.8,4621.05,1.812,82.25,1
DXCM,2022-01-18,2022-01-19,2022-01-20,1-2%,-1.907,109.8122,111.7232,tp_gap_filled,41.2142,4525.82,4525.82,4604.58,1.74,78.76,1
ACN,2022-01-10,2022-01-13,2022-01-21,1-2%,-1.977,363.7834,337.9803,stop,12.5929,4581.1,4581.1,4256.17,-7.093,-324.94,5
ADI,2022-01-18,2022-01-19,2022-01-21,1-2%,-1.924,168.8587,156.8815,stop,26.8485,4533.6,4533.6,4212.04,-7.093,-321.57,2
DECK,2022-01-14,2022-01-19,2022-01-21,1-2%,-1.906,54.6813,50.8027,stop,82.7294,4523.75,4523.75,4202.88,-7.093,-320.87,2
AMT,2022-01-11,2022-01-12,2022-01-24,1-2%,-1.891,259.6694,241.2511,stop,17.6393,4580.38,4580.38,4255.5,-7.093,-324.89,7
EXR,2022-01-10,2022-01-14,2022-01-24,1-2%,-1.976,204.5343,190.0267,stop,22.3437,4570.06,4570.06,4245.91,-7.093,-324.15,5
PODD,2022-01-18,2022-01-19,2022-01-24,1-2%,-1.99,238.1179,221.2282,stop,19.0736,4541.75,4541.75,4219.61,-7.093,-322.15,3
TYL,2022-01-18,2022-01-19,2022-01-24,1-2%,-1.956,471.5911,438.1412,stop,9.6184,4535.94,4535.94,4214.2,-7.093,-321.73,3
CNP,2022-01-13,2022-01-24,2022-01-25,1-2%,-1.823,26.9469,27.3926,tp_gap_filled,166.0311,4474.03,4474.03,4548.02,1.654,73.99,1
KIM,2022-01-24,2022-01-25,2022-01-26,1-2%,-1.984,23.2432,23.6663,tp_gap_filled,191.8335,4458.83,4458.83,4539.99,1.82,81.16,1
MCHP,2022-01-24,2022-01-25,2022-01-26,1-2%,-1.977,71.9519,73.2567,tp_gap_filled,62.1011,4468.29,4468.29,4549.32,1.813,81.03,1
GPN,2022-01-24,2022-01-25,2022-01-26,1-2%,-1.968,138.138,140.6292,tp_gap_filled,32.3598,4470.12,4470.12,4550.73,1.803,80.62,1
WDAY,2022-01-24,2022-01-25,2022-01-26,1-2%,-1.966,241.1009,223.9996,stop,18.5496,4472.32,4472.32,4155.1,-7.093,-317.22,1
JPM,2022-01-24,2022-01-25,2022-01-26,1-2%,-1.93,142.4223,144.9349,tp_gap_filled,31.3693,4467.69,4467.69,4546.51,1.764,78.82,1
GS,2022-01-24,2022-01-25,2022-01-26,1-2%,-1.916,337.6573,343.5661,tp_gap_filled,13.2505,4474.14,4474.14,4552.43,1.75,78.29,1
TXT,2022-01-24,2022-01-25,2022-01-26,1-2%,-1.913,70.3102,71.5384,tp_gap_filled,63.6709,4476.72,4476.72,4554.91,1.747,78.2,1
WAT,2022-01-18,2022-01-19,2022-01-27,1-2%,-1.975,327.4672,304.2399,stop,13.8579,4538.02,4538.02,4216.14,-7.093,-321.88,6
MCK,2022-01-10,2022-01-24,2022-01-27,1-2%,-1.866,245.3451,249.5102,tp_gap_filled,18.2245,4471.29,4471.29,4547.2,1.698,75.91,3
TDG,2022-01-25,2022-01-26,2022-01-27,1-2%,-1.964,609.6791,620.6487,tp_gap_filled,7.3044,4453.35,4453.35,4533.48,1.799,80.13,1
AES,2022-01-24,2022-01-26,2022-01-27,1-2%,-1.961,22.5225,22.9271,tp_gap_filled,197.7763,4454.42,4454.42,4534.43,1.796,80.01,1
F,2022-01-25,2022-01-26,2022-01-27,1-2%,-1.913,20.02,20.3696,tp_gap_filled,222.0315,4445.07,4445.07,4522.7,1.746,77.62,1
HWM,2022-01-25,2022-01-26,2022-01-28,1-2%,-1.981,32.2022,29.9181,stop,138.4187,4457.38,4457.38,4141.22,-7.093,-316.16,2
ODFL,2022-01-25,2022-01-26,2022-01-28,1-2%,-1.919,151.7116,140.9507,stop,29.3544,4453.4,4453.4,4137.52,-7.093,-315.88,2
ADBE,2022-01-18,2022-01-20,2022-01-31,1-2%,-1.961,510.9004,520.0794,tp_gap_filled,8.8204,4506.36,4506.36,4587.32,1.797,80.96,7
A,2022-01-25,2022-01-26,2022-01-31,1-2%,-1.998,135.4954,137.9819,tp_gap_filled,32.9182,4460.27,4460.27,4542.12,1.835,81.85,3
RVTY,2022-01-25,2022-01-26,2022-02-01,1-2%,-1.999,170.8006,173.9359,tp_gap_filled,26.147,4465.93,4465.93,4547.9,1.836,81.98,4
LVS,2022-01-25,2022-01-26,2022-02-01,1-2%,-1.983,44.044,44.8451,tp_gap_filled,101.1942,4457.0,4457.0,4538.07,1.819,81.07,4
IBKR,2022-01-24,2022-01-31,2022-02-01,1-2%,-1.876,17.0195,17.3102,tp_gap_filled,262.161,4461.85,4461.85,4538.05,1.708,76.2,1
COP,2022-01-28,2022-01-31,2022-02-01,1-2%,-1.874,88.068,89.5703,tp_gap_filled,50.6679,4462.22,4462.22,4538.34,1.706,76.12,1
VRSK,2022-01-25,2022-01-31,2022-02-01,1-2%,-1.849,193.9237,197.1826,tp_gap_filled,23.0174,4463.62,4463.62,4538.63,1.681,75.01,1
SYY,2022-01-14,2022-01-18,2022-02-07,1-2%,-1.878,78.9889,80.3396,tp_gap_filled,57.5099,4542.65,4542.65,4620.32,1.71,77.68,14
AMD,2022-02-03,2022-02-04,2022-02-07,1-2%,-1.988,120.4403,122.6372,tp_gap_filled,37.2182,4482.57,4482.57,4564.33,1.824,81.77,1
CMG,2022-02-03,2022-02-04,2022-02-07,1-2%,-1.933,29.1467,29.6617,tp_gap_filled,154.0109,4488.91,4488.91,4568.23,1.767,79.31,1
CIEN,2022-02-03,2022-02-04,2022-02-10,1-2%,-1.942,65.2152,66.3736,tp_gap_filled,68.8252,4488.45,4488.45,4568.18,1.776,79.73,4
TXT,2022-01-27,2022-02-09,2022-02-10,1-2%,-1.979,70.4003,71.6783,tp_gap_filled,63.8874,4497.69,4497.69,4579.34,1.815,81.64,1
UAL,2022-01-14,2022-02-09,2022-02-10,1-2%,-1.931,47.2872,48.1218,tp_gap_filled,95.2637,4504.76,4504.76,4584.26,1.765,79.51,1
ADI,2022-02-03,2022-02-09,2022-02-11,1-2%,-1.936,165.8056,154.045,stop,27.1492,4501.49,4501.49,4182.2,-7.093,-319.29,2
TXT,2022-02-10,2022-02-11,2022-02-16,1-2%,-1.928,70.2802,71.5184,tp_gap_filled,63.5829,4468.62,4468.62,4547.35,1.762,78.73,3
A,2022-02-10,2022-02-11,2022-02-17,1-2%,-1.994,141.7016,131.6507,stop,31.6771,4488.69,4488.69,4170.31,-7.093,-318.38,4
CSGP,2022-02-10,2022-02-11,2022-02-18,1-2%,-1.943,69.7297,64.7837,stop,64.2525,4480.31,4480.31,4162.52,-7.093,-317.79,5
DASH,2022-02-16,2022-02-18,2022-02-22,1-2%,-1.984,99.8898,92.8046,stop,44.4971,4444.81,4444.81,4129.54,-7.093,-315.27,1
AMD,2022-02-16,2022-02-22,2022-02-23,1-2%,-1.992,119.1691,110.7164,stop,37.1311,4424.88,4424.88,4111.03,-7.093,-313.86,1
VRSN,2022-02-10,2022-02-11,2022-02-24,1-2%,-1.963,215.4352,200.1544,stop,20.8024,4481.56,4481.56,4163.68,-7.093,-317.88,8
ZTS,2022-02-10,2022-02-11,2022-02-24,1-2%,-1.933,198.5784,184.4932,stop,22.5014,4468.29,4468.29,4151.36,-7.093,-316.94,8
BNY,2022-01-24,2022-02-18,2022-02-24,1-2%,-1.976,56.106,52.1264,stop,79.0756,4436.62,4436.62,4121.93,-7.093,-314.69,3
ECHO,2022-02-10,2022-02-23,2022-02-24,1-2%,-1.996,24.5745,22.8315,stop,178.5545,4387.9,4387.9,4076.66,-7.093,-311.23,1
PNW,2022-01-05,2022-02-14,2022-02-25,1-2%,-1.996,68.3283,69.5804,tp_gap_filled,65.1989,4454.93,4454.93,4536.56,1.832,81.63,8
IT,2022-01-24,2022-02-24,2022-02-25,1-2%,-1.887,270.1599,274.8049,tp_gap_filled,16.1449,4361.72,4361.72,4436.71,1.719,74.99,1
DHI,2022-02-22,2022-02-24,2022-02-25,1-2%,-1.882,81.9519,83.3566,tp_gap_filled,53.3335,4370.78,4370.78,4445.7,1.714,74.92,1
ESS,2022-02-10,2022-02-11,2022-03-02,1-2%,-1.996,322.352,328.2614,tp_gap_filled,13.9327,4491.24,4491.24,4573.58,1.833,82.33,12
DVA,2022-02-28,2022-03-01,2022-03-02,1-2%,-1.981,112.4423,114.4854,tp_gap_filled,38.8838,4372.19,4372.19,4451.63,1.817,79.44,1
TPR,2022-02-28,2022-03-01,2022-03-02,1-2%,-1.963,40.0,40.7192,tp_gap_filled,109.0007,4360.02,4360.02,4438.42,1.798,78.4,1
SPGI,2022-02-10,2022-03-02,2022-03-03,1-2%,-1.954,378.1734,384.9411,tp_gap_filled,11.6235,4395.69,4395.69,4474.35,1.79,78.66,1
COIN,2022-03-02,2022-03-03,2022-03-04,1-2%,-1.993,192.4523,178.8016,stop,22.8295,4393.59,4393.59,4081.96,-7.093,-311.64,1
MCD,2022-02-24,2022-02-28,2022-03-07,1-2%,-1.961,243.1729,225.9247,stop,17.9989,4376.84,4376.84,4066.4,-7.093,-310.45,5
BXP,2022-02-28,2022-03-01,2022-03-07,1-2%,-1.984,121.131,123.3365,tp_gap_filled,36.0991,4372.72,4372.72,4452.33,1.821,79.62,4
FLEX,2022-02-28,2022-03-01,2022-03-07,1-2%,-1.969,12.3937,11.5146,stop,352.5508,4369.41,4369.41,4059.48,-7.093,-309.92,4
WAB,2022-03-04,2022-03-07,2022-03-08,1-2%,-1.988,91.2912,92.957,tp_gap_filled,47.6911,4353.78,4353.78,4433.22,1.825,79.44,1
MTD,2022-02-24,2022-03-07,2022-03-09,1-2%,-1.948,1355.1138,1379.2694,tp_gap_filled,3.2104,4350.48,4350.48,4428.03,1.783,77.55,2
EW,2022-02-24,2022-03-08,2022-03-09,1-2%,-1.965,103.3633,105.2247,tp_gap_filled,42.0409,4345.48,4345.48,4423.74,1.801,78.26,1
VTRS,2022-03-07,2022-03-08,2022-03-09,1-2%,-1.961,10.01,10.1898,tp_gap_filled,433.8279,4342.62,4342.62,4420.62,1.796,78.0,1
RVTY,2022-02-24,2022-03-08,2022-03-10,1-2%,-1.967,170.13,173.1966,tp_gap_filled,25.5784,4351.65,4351.65,4430.09,1.803,78.44,2
GNRC,2022-03-10,2022-03-11,2022-03-14,1-2%,-1.992,305.305,283.6497,stop,14.3237,4373.1,4373.1,4062.91,-7.093,-310.18,1
QCOM,2022-03-10,2022-03-11,2022-03-14,1-2%,-1.954,154.194,143.2571,stop,28.2511,4356.15,4356.15,4047.17,-7.093,-308.98,1
MRVL,2022-03-10,2022-03-11,2022-03-14,1-2%,-1.953,65.3152,60.6824,stop,66.6541,4353.53,4353.53,4044.73,-7.093,-308.8,1
IR,2022-03-10,2022-03-11,2022-03-15,1-2%,-1.997,47.6476,48.5214,tp_gap_filled,91.7856,4373.36,4373.36,4453.57,1.834,80.21,2
LYV,2022-03-10,2022-03-14,2022-03-15,1-2%,-1.993,107.8177,109.7901,tp_gap_filled,40.1327,4327.02,4327.02,4406.18,1.829,79.16,1
IT,2022-03-10,2022-03-14,2022-03-16,1-2%,-1.953,277.9477,282.9168,tp_gap_filled,15.5694,4327.47,4327.47,4404.83,1.788,77.37,2
AMD,2022-03-10,2022-03-15,2022-03-16,1-2%,-1.945,108.9989,110.939,tp_gap_filled,39.7821,4336.21,4336.21,4413.39,1.78,77.18,1
DDOG,2022-03-21,2022-03-22,2022-03-23,1-2%,-1.969,143.0329,145.6142,tp_gap_filled,30.3613,4342.66,4342.66,4421.03,1.805,78.37,1
CRM,2022-03-23,2022-03-24,2022-03-29,1-2%,-1.989,214.0839,217.9918,tp_gap_filled,20.3032,4346.58,4346.58,4425.92,1.825,79.34,3
CTVA,2022-03-29,2022-03-31,2022-04-05,1-2%,-1.999,57.9078,58.971,tp_gap_filled,75.1288,4350.54,4350.54,4430.42,1.836,79.87,3
CVS,2022-02-24,2022-04-04,2022-04-06,1-2%,-1.937,100.3603,102.1378,tp_gap_filled,43.3778,4353.41,4353.41,4430.51,1.771,77.1,2
ALLE,2022-02-24,2022-04-06,2022-04-14,1-2%,-1.962,107.5174,109.4504,tp_gap_filled,40.5047,4354.96,4354.96,4433.26,1.798,78.3,6
KLAC,2022-04-06,2022-04-11,2022-04-20,1-2%,-1.907,33.9269,34.5174,tp_gap_filled,127.9414,4340.65,4340.65,4416.21,1.741,75.56,6
AVGO,2022-04-06,2022-04-07,2022-04-21,1-2%,-1.961,60.2682,61.3506,tp_gap_filled,72.226,4352.93,4352.93,4431.11,1.796,78.18,9
MRNA,2022-04-19,2022-04-20,2022-04-22,1-2%,-1.926,151.9218,141.146,stop,28.6885,4358.4,4358.4,4049.26,-7.093,-309.14,2
FISV,2022-02-04,2022-04-05,2022-04-25,1-2%,-1.948,104.3142,96.9152,stop,41.7257,4352.59,4352.59,4043.86,-7.093,-308.73,13
FERG,2022-03-17,2022-04-21,2022-04-25,1-2%,-1.939,141.7316,131.6786,stop,30.7155,4353.35,4353.35,4044.57,-7.093,-308.78,2
UAL,2022-02-17,2022-04-26,2022-04-27,1-2%,-1.852,49.3293,50.1598,tp_gap_filled,87.649,4323.66,4323.66,4396.46,1.684,72.79,1
KMI,2022-04-29,2022-05-03,2022-05-04,1-2%,-1.967,18.4584,18.7912,tp_gap_filled,234.4349,4327.3,4327.3,4405.31,1.803,78.01,1
CHTR,2022-05-03,2022-05-04,2022-05-05,1-2%,-1.94,424.5741,432.1075,tp_gap_filled,10.2013,4331.2,4331.2,4408.05,1.774,76.85,1
DXCM,2022-02-24,2022-05-06,2022-05-09,1-2%,-1.972,92.3147,85.7668,stop,46.9594,4335.04,4335.04,4027.56,-7.093,-307.48,1
FICO,2022-05-06,2022-05-10,2022-05-11,1-2%,-1.996,355.7854,362.3073,tp_gap_filled,12.1042,4306.49,4306.49,4385.43,1.833,78.94,1
NEM,2022-03-02,2022-05-10,2022-05-11,1-2%,-1.942,67.7377,68.941,tp_gap_filled,63.5994,4308.07,4308.07,4384.61,1.776,76.53,1
GDDY,2022-02-10,2022-05-09,2022-05-12,1-2%,-1.975,73.5234,68.3084,stop,58.6141,4309.51,4309.51,4003.84,-7.093,-305.67,3
META,2022-05-09,2022-05-10,2022-05-12,1-2%,-1.929,200.0398,185.851,stop,21.5445,4309.77,4309.77,4004.08,-7.093,-305.69,2
TMO,2022-04-26,2022-05-06,2022-05-13,1-2%,-1.847,534.6441,543.6158,tp_gap_filled,8.0892,4324.85,4324.85,4397.42,1.678,72.57,5
MDT,2022-02-24,2022-05-09,2022-05-13,1-2%,-1.999,101.071,102.927,tp_gap_filled,42.6699,4312.69,4312.69,4391.89,1.836,79.2,4
FTNT,2022-05-06,2022-05-13,2022-05-16,1-2%,-1.898,55.8798,56.8471,tp_gap_filled,77.0307,4304.46,4304.46,4378.97,1.731,74.51,1
ON,2022-05-05,2022-05-17,2022-05-18,1-2%,-1.901,57.8578,58.8611,tp_gap_filled,74.4617,4308.19,4308.19,4382.9,1.734,74.71,1
KLAC,2022-05-05,2022-05-17,2022-05-18,1-2%,-1.86,34.3223,34.9031,tp_gap_filled,125.5913,4310.58,4310.58,4383.52,1.692,72.94,1
SNPS,2022-05-05,2022-05-19,2022-05-20,1-2%,-1.992,293.5232,298.8908,tp_gap_filled,14.7027,4315.57,4315.57,4394.49,1.829,78.92,1
OXY,2022-05-19,2022-05-20,2022-05-23,1-2%,-1.975,63.093,64.2357,tp_gap_filled,68.4071,4316.01,4316.01,4394.18,1.811,78.17,1
AZO,2022-02-24,2022-05-20,2022-05-23,1-2%,-1.965,1760.779,1792.4857,tp_gap_filled,2.4515,4316.58,4316.58,4394.31,1.801,77.73,1
GIS,2022-05-19,2022-05-20,2022-05-23,1-2%,-1.88,66.3663,67.5024,tp_gap_filled,65.062,4317.92,4317.92,4391.84,1.712,73.92,1
KKR,2022-05-19,2022-05-24,2022-05-25,1-2%,-1.872,49.8598,50.7092,tp_gap_filled,86.8139,4328.52,4328.52,4402.26,1.704,73.74,1
MAS,2022-05-18,2022-05-19,2022-05-26,1-2%,-1.921,55.1851,56.1538,tp_gap_filled,78.2949,4320.72,4320.72,4396.56,1.755,75.84,5
ALGN,2022-05-24,2022-05-25,2022-05-26,1-2%,-1.988,273.4432,278.4313,tp_gap_filled,15.8604,4336.91,4336.91,4416.02,1.824,79.11,1
ON,2022-05-24,2022-05-25,2022-05-26,1-2%,-1.986,54.8348,55.8341,tp_gap_filled,79.1357,4339.39,4339.39,4418.47,1.822,79.08,1
NUE,2022-05-24,2022-05-25,2022-05-26,1-2%,-1.963,123.9538,126.1837,tp_gap_filled,35.0529,4344.95,4344.95,4423.11,1.799,78.16,1
TSCO,2022-05-24,2022-05-25,2022-05-26,1-2%,-1.9,34.7307,35.3326,tp_gap_filled,125.3414,4353.2,4353.2,4428.64,1.733,75.45,1
WDC,2022-05-18,2022-05-26,2022-05-27,1-2%,-1.945,45.3968,46.2047,tp_gap_filled,95.8774,4352.53,4352.53,4429.98,1.78,77.46,1
APTV,2022-05-09,2022-05-26,2022-05-27,1-2%,-1.866,100.0399,101.7382,tp_gap_filled,43.5304,4354.77,4354.77,4428.7,1.698,73.92,1
UPS,2022-05-18,2022-05-26,2022-05-31,1-2%,-1.998,179.6595,182.9569,tp_gap_filled,24.2352,4354.08,4354.08,4433.99,1.835,79.91,2
MGM,2022-05-18,2022-05-27,2022-05-31,1-2%,-1.933,35.035,35.6543,tp_gap_filled,124.5933,4365.13,4365.13,4442.29,1.768,77.16,1
FDX,2022-05-18,2022-05-27,2022-05-31,1-2%,-1.932,175.2113,178.3066,tp_gap_filled,24.9083,4364.22,4364.22,4441.32,1.767,77.1,1
TER,2022-05-18,2022-05-27,2022-05-31,1-2%,-1.917,106.5364,108.4015,tp_gap_filled,40.9856,4366.46,4366.46,4442.9,1.751,76.44,1
ARES,2022-05-05,2022-05-31,2022-06-01,1-2%,-1.806,70.7707,71.928,tp_gap_filled,61.8501,4377.18,4377.18,4448.76,1.635,71.58,1
VRSK,2022-06-01,2022-06-02,2022-06-06,1-2%,-1.904,171.7616,174.7451,tp_gap_filled,25.4993,4379.79,4379.79,4455.87,1.737,76.08,2
PYPL,2022-06-03,2022-06-06,2022-06-07,1-2%,-1.857,86.7667,88.2317,tp_gap_filled,50.3787,4371.19,4371.19,4445.0,1.688,73.8,1
PANW,2022-05-06,2022-06-01,2022-06-08,1-2%,-1.988,86.6049,88.1851,tp_gap_filled,50.5833,4380.76,4380.76,4460.69,1.825,79.93,5
FOXA,2022-06-02,2022-06-03,2022-06-08,1-2%,-1.836,34.2542,34.8251,tp_gap_filled,127.8735,4380.21,4380.21,4453.21,1.667,73.01,3
WDC,2022-06-03,2022-06-06,2022-06-08,1-2%,-1.97,45.934,46.7635,tp_gap_filled,95.3585,4380.2,4380.2,4459.29,1.806,79.09,2
DECK,2022-06-03,2022-06-07,2022-06-08,1-2%,-1.859,44.6463,45.4012,tp_gap_filled,98.4535,4395.58,4395.58,4469.91,1.691,74.33,1
ADSK,2022-06-03,2022-06-06,2022-06-09,1-2%,-1.873,210.2901,195.3742,stop,20.7948,4372.95,4372.95,4062.78,-7.093,-310.17,3
MTD,2022-06-03,2022-06-06,2022-06-10,1-2%,-1.977,1301.4001,1209.0918,stop,3.3664,4381.08,4381.08,4070.33,-7.093,-310.75,4
DAL,2022-06-03,2022-06-06,2022-06-10,1-2%,-1.975,39.2392,36.456,stop,111.6622,4381.54,4381.54,4070.75,-7.093,-310.78,4
TER,2022-06-03,2022-06-06,2022-06-10,1-2%,-1.953,108.5284,100.8305,stop,40.325,4376.41,4376.41,4065.99,-7.093,-310.42,4
BLK,2022-06-03,2022-06-07,2022-06-10,1-2%,-1.886,674.2135,626.3916,stop,6.517,4393.82,4393.82,4082.17,-7.093,-311.65,3
BKNG,2022-06-07,2022-06-08,2022-06-10,1-2%,-1.929,92.1733,85.6354,stop,47.5097,4379.13,4379.13,4068.52,-7.093,-310.61,2
PYPL,2022-06-07,2022-06-09,2022-06-10,1-2%,-1.97,85.1851,79.1429,stop,50.9105,4336.81,4336.81,4029.2,-7.093,-307.61,1
ARES,2022-06-03,2022-06-09,2022-06-10,1-2%,-1.906,71.091,66.0485,stop,60.9652,4334.08,4334.08,4026.66,-7.093,-307.42,1
ABNB,2022-06-07,2022-06-09,2022-06-10,1-2%,-1.852,119.8798,111.3767,stop,36.1378,4332.19,4332.19,4024.9,-7.093,-307.28,1
ORCL,2022-06-07,2022-06-08,2022-06-13,1-2%,-1.891,71.6616,66.5786,stop,61.1634,4383.07,4383.07,4072.18,-7.093,-310.89,3
EL,2022-06-07,2022-06-09,2022-06-13,1-2%,-1.833,261.0708,242.5531,stop,16.5651,4324.67,4324.67,4017.92,-7.093,-306.75,2
LVS,2022-06-07,2022-06-10,2022-06-13,1-2%,-1.803,34.8949,32.4198,stop,121.531,4240.81,4240.81,3940.01,-7.093,-300.8,1
TSLA,2022-06-07,2022-06-10,2022-06-13,1-2%,-1.796,234.234,217.6198,stop,18.0688,4232.33,4232.33,3932.13,-7.093,-300.2,1
CME,2022-06-13,2022-06-14,2022-06-15,1-2%,-1.971,196.156,199.7001,tp_gap_filled,21.4284,4203.3,4203.3,4279.25,1.807,75.94,1
EXE,2022-05-19,2022-06-16,2022-06-17,1-2%,-1.962,85.0149,78.9848,stop,49.3958,4199.38,4199.38,3901.52,-7.093,-297.86,1
CNC,2022-06-13,2022-06-15,2022-06-21,1-2%,-1.912,78.068,79.4305,tp_gap_filled,53.908,4208.49,4208.49,4281.94,1.745,73.45,3
VICI,2022-06-16,2022-06-17,2022-06-21,1-2%,-1.947,28.7287,29.2407,tp_gap_filled,145.6286,4183.72,4183.72,4258.29,1.782,74.57,1
FOX,2022-06-16,2022-06-17,2022-06-21,1-2%,-1.938,29.8799,30.4096,tp_gap_filled,140.0379,4184.31,4184.31,4258.49,1.773,74.18,1
MCD,2022-06-13,2022-06-17,2022-06-21,1-2%,-1.934,233.0228,237.1426,tp_gap_filled,17.951,4182.98,4182.98,4256.94,1.768,73.96,1
WST,2022-06-13,2022-06-15,2022-06-23,1-2%,-1.979,287.9877,293.2165,tp_gap_filled,14.6086,4207.1,4207.1,4283.48,1.816,76.39,5
GDDY,2022-06-16,2022-06-21,2022-06-24,1-2%,-1.915,67.1471,68.3216,tp_gap_filled,62.6596,4207.41,4207.41,4281.01,1.749,73.6,3
BA,2022-06-22,2022-06-23,2022-06-24,1-2%,-1.989,134.164,136.6132,tp_gap_filled,31.4,4212.75,4212.75,4289.66,1.826,76.91,1
PH,2022-06-22,2022-06-23,2022-06-24,1-2%,-1.947,237.4272,241.6581,tp_gap_filled,17.7421,4212.45,4212.45,4287.51,1.782,75.06,1
PWR,2022-06-22,2022-06-23,2022-06-24,1-2%,-1.946,117.0269,119.1108,tp_gap_filled,36.0148,4214.7,4214.7,4289.75,1.781,75.05,1
NXPI,2022-06-22,2022-06-23,2022-06-24,1-2%,-1.911,156.2061,158.9309,tp_gap_filled,27.0247,4221.42,4221.42,4295.06,1.744,73.64,1
ALGN,2022-06-10,2022-06-24,2022-06-29,1-2%,-1.962,257.6574,239.3818,stop,16.4154,4229.55,4229.55,3929.54,-7.093,-300.0,3
NCLH,2022-06-10,2022-06-28,2022-06-29,1-2%,-1.89,13.5135,12.555,stop,310.1008,4190.55,4190.55,3893.31,-7.093,-297.24,1
TGT,2022-06-10,2022-06-27,2022-06-30,1-2%,-1.967,151.6615,140.9042,stop,27.8506,4223.86,4223.86,3924.26,-7.093,-299.6,3
KLAC,2022-06-29,2022-06-30,2022-07-01,1-2%,-1.972,32.3904,30.0929,stop,128.0607,4147.93,4147.93,3853.72,-7.093,-294.21,1
APP,2022-06-22,2022-06-30,2022-07-01,1-2%,-1.969,34.3843,35.005,tp_gap_filled,120.5445,4144.84,4144.84,4219.66,1.805,74.81,1
IP,2022-06-16,2022-06-27,2022-07-05,1-2%,-1.907,43.2532,40.1853,stop,97.5019,4217.27,4217.27,3918.14,-7.093,-299.13,5
MS,2022-06-10,2022-06-28,2022-07-05,1-2%,-1.996,79.6195,73.9721,stop,52.6922,4195.33,4195.33,3897.76,-7.093,-297.57,4
OXY,2022-06-30,2022-07-01,2022-07-05,1-2%,-1.946,58.008,59.0409,tp_gap_filled,71.6486,4156.19,4156.19,4230.2,1.781,74.01,1
KMI,2022-06-16,2022-06-28,2022-07-06,1-2%,-1.932,17.2773,16.0518,stop,242.6012,4191.48,4191.48,3894.18,-7.093,-297.3,5
AXP,2022-06-30,2022-07-05,2022-07-06,1-2%,-1.986,136.8367,139.3305,tp_gap_filled,30.1037,4119.29,4119.29,4194.36,1.822,75.07,1
LULU,2022-06-30,2022-07-05,2022-07-06,1-2%,-1.94,277.7675,282.697,tp_gap_filled,14.8452,4123.52,4123.52,4196.7,1.775,73.18,1
STLD,2022-06-30,2022-07-01,2022-07-07,1-2%,-1.99,65.5655,66.7632,tp_gap_filled,63.3051,4150.63,4150.63,4226.45,1.827,75.82,3
LYB,2022-06-30,2022-07-01,2022-07-07,1-2%,-1.958,86.2261,87.7721,tp_gap_filled,48.161,4152.74,4152.74,4227.19,1.793,74.46,3
EMR,2022-07-05,2022-07-06,2022-07-07,1-2%,-1.991,78.8388,80.2796,tp_gap_filled,52.2734,4121.17,4121.17,4196.49,1.828,75.32,1
BNY,2022-07-05,2022-07-06,2022-07-07,1-2%,-1.98,41.6216,42.3776,tp_gap_filled,99.0725,4123.56,4123.56,4198.45,1.816,74.9,1
FITB,2022-07-05,2022-07-06,2022-07-07,1-2%,-1.98,33.2032,33.8062,tp_gap_filled,124.1854,4123.35,4123.35,4198.23,1.816,74.88,1
WDC,2022-06-30,2022-07-07,2022-07-08,1-2%,-1.982,33.6693,34.2816,tp_gap_filled,123.181,4147.42,4147.42,4222.85,1.819,75.43,1
PFG,2022-06-10,2022-06-27,2022-07-13,1-2%,-1.935,68.9989,64.1048,stop,61.1749,4221.0,4221.0,3921.6,-7.093,-299.4,11
VTRS,2022-07-05,2022-07-06,2022-07-14,1-2%,-1.961,10.5105,9.765,stop,392.353,4123.83,4123.83,3831.32,-7.093,-292.5,6
CVX,2022-07-05,2022-07-07,2022-07-14,1-2%,-1.952,143.7936,133.5944,stop,28.8531,4148.89,4148.89,3854.61,-7.093,-294.28,5
TFC,2022-06-30,2022-07-13,2022-07-15,1-2%,-1.92,46.5365,47.3526,tp_gap_filled,88.3525,4111.62,4111.62,4183.72,1.754,72.11,2
WYNN,2022-07-13,2022-07-14,2022-07-15,1-2%,-1.992,53.6936,54.6753,tp_gap_filled,76.0491,4083.35,4083.35,4158.01,1.828,74.65,1
PH,2022-07-13,2022-07-14,2022-07-15,1-2%,-1.963,244.4542,248.8509,tp_gap_filled,16.7131,4085.58,4085.58,4159.07,1.799,73.48,1
KLAC,2022-07-13,2022-07-14,2022-07-15,1-2%,-1.96,30.7938,31.3466,tp_gap_filled,132.6812,4085.75,4085.75,4159.11,1.795,73.35,1
HST,2022-07-13,2022-07-14,2022-07-15,1-2%,-1.945,15.6456,15.9241,tp_gap_filled,261.6164,4093.15,4093.15,4166.0,1.78,72.84,1
TRGP,2022-07-13,2022-07-14,2022-07-15,1-2%,-1.931,57.9679,58.9909,tp_gap_filled,70.6252,4094.0,4094.0,4166.25,1.765,72.25,1
APO,2022-07-14,2022-07-15,2022-07-18,1-2%,-1.928,49.3793,50.2497,tp_gap_filled,83.5318,4124.74,4124.74,4197.45,1.763,72.7,1
BLK,2022-07-05,2022-07-11,2022-07-19,1-2%,-1.902,605.5749,616.0833,tp_gap_filled,6.824,4132.42,4132.42,4204.12,1.735,71.71,6
ACN,2022-06-29,2022-06-30,2022-07-21,1-2%,-1.896,278.6984,283.5162,tp_gap_filled,14.8733,4145.18,4145.18,4216.84,1.729,71.66,14
APD,2022-05-12,2022-07-13,2022-07-21,1-2%,-1.975,228.5183,232.6571,tp_gap_filled,17.9946,4112.09,4112.09,4186.57,1.811,74.48,6
NEE,2022-07-14,2022-07-15,2022-07-22,1-2%,-1.931,78.7887,80.1797,tp_gap_filled,52.3546,4124.95,4124.95,4197.78,1.766,72.83,5
MAS,2022-06-10,2022-07-21,2022-07-22,1-2%,-1.993,55.6256,56.6433,tp_gap_filled,74.6143,4150.46,4150.46,4226.4,1.83,75.94,1
SLB,2022-07-20,2022-07-21,2022-07-22,1-2%,-1.958,33.5835,34.1858,tp_gap_filled,123.6612,4152.98,4152.98,4227.45,1.793,74.47,1
XYZ,2022-07-21,2022-07-22,2022-07-26,1-2%,-1.966,73.3833,68.1782,stop,56.4985,4146.05,4146.05,3851.97,-7.093,-294.08,2
UHS,2022-06-10,2022-07-22,2022-07-27,1-2%,-1.983,115.7657,107.5544,stop,35.8882,4154.62,4154.62,3859.93,-7.093,-294.69,3
NVR,2022-05-05,2022-07-22,2022-07-27,1-2%,-1.908,4600.2759,4273.9783,stop,0.9003,4141.58,4141.58,3847.82,-7.093,-293.76,3
BAX,2022-06-16,2022-06-24,2022-07-28,1-2%,-1.961,66.5665,61.8449,stop,63.5521,4230.44,4230.44,3930.38,-7.093,-300.07,23
PNR,2022-06-10,2022-07-20,2022-07-28,1-2%,-1.939,48.5985,49.4605,tp_gap_filled,85.351,4147.94,4147.94,4221.5,1.774,73.57,6
ETN,2022-06-10,2022-07-27,2022-07-28,1-2%,-1.902,139.9298,142.3575,tp_gap_filled,29.4768,4124.68,4124.68,4196.24,1.735,71.56,1
AIZ,2022-07-14,2022-07-25,2022-07-29,1-2%,-1.965,171.2711,174.3555,tp_gap_filled,24.1358,4133.76,4133.76,4208.2,1.801,74.44,4
HPQ,2022-06-30,2022-07-20,2022-08-01,1-2%,-1.964,32.983,33.5764,tp_gap_filled,125.7682,4148.21,4148.21,4222.84,1.799,74.64,8
EQT,2022-07-21,2022-08-05,2022-08-08,1-2%,-1.893,40.4704,41.1688,tp_gap_filled,101.8418,4121.58,4121.58,4192.7,1.726,71.12,1
EOG,2022-08-01,2022-08-09,2022-08-11,1-2%,-1.996,109.109,111.1088,tp_gap_filled,37.8075,4125.14,4125.14,4200.74,1.833,75.61,2
ISRG,2022-08-05,2022-08-09,2022-08-11,1-2%,-1.971,237.9177,242.2175,tp_gap_filled,17.3316,4123.5,4123.5,4198.02,1.807,74.52,2
IDXX,2022-08-05,2022-08-09,2022-08-11,1-2%,-1.896,397.7373,404.615,tp_gap_filled,10.3564,4119.13,4119.13,4190.36,1.729,71.23,2
HOOD,2022-08-09,2022-08-10,2022-08-11,1-2%,-1.966,10.4805,10.6693,tp_gap_filled,393.7015,4126.18,4126.18,4200.53,1.802,74.35,1
DE,2022-06-08,2022-08-11,2022-08-12,1-2%,-1.873,361.311,367.4722,tp_gap_filled,11.4581,4139.92,4139.92,4210.52,1.705,70.6,1
HIG,2022-06-10,2022-08-12,2022-08-16,1-2%,-1.949,68.4884,69.7102,tp_gap_filled,60.4986,4143.45,4143.45,4217.37,1.784,73.92,2
DASH,2022-08-01,2022-08-17,2022-08-19,1-2%,-1.935,68.4684,63.6119,stop,60.5169,4143.49,4143.49,3849.6,-7.093,-293.9,2
NVDA,2022-08-17,2022-08-18,2022-08-22,1-2%,-1.886,18.5415,17.2264,stop,223.1064,4136.73,4136.73,3843.31,-7.093,-293.42,2
XYZ,2022-07-29,2022-08-22,2022-08-25,1-2%,-1.942,73.3032,74.6053,tp_gap_filled,55.9373,4100.38,4100.38,4173.22,1.776,72.84,3
HWM,2022-08-22,2022-08-23,2022-08-25,1-2%,-1.995,36.8868,37.5624,tp_gap_filled,111.0955,4097.96,4097.96,4173.01,1.831,75.05,2
ON,2022-08-19,2022-08-24,2022-08-25,1-2%,-1.925,71.9118,73.1767,tp_gap_filled,57.119,4107.53,4107.53,4179.78,1.759,72.25,1
APO,2022-08-17,2022-08-18,2022-08-29,1-2%,-1.91,59.6296,55.4,stop,69.3785,4137.01,4137.01,3843.57,-7.093,-293.44,7
NEM,2022-08-15,2022-08-16,2022-08-30,1-2%,-1.912,45.7057,42.4638,stop,90.736,4147.15,4147.15,3852.99,-7.093,-294.16,10
DDOG,2022-08-19,2022-08-26,2022-08-31,1-2%,-1.91,107.4674,109.3405,tp_gap_filled,38.0043,4084.22,4084.22,4155.41,1.743,71.19,3
C,2022-08-22,2022-08-23,2022-09-01,1-2%,-1.996,51.6116,47.9508,stop,79.451,4100.59,4100.59,3809.74,-7.093,-290.85,7
ADSK,2022-08-01,2022-08-26,2022-09-01,1-2%,-1.992,212.222,197.1691,stop,19.2883,4093.4,4093.4,3803.05,-7.093,-290.34,4
CDNS,2022-08-05,2022-08-26,2022-09-01,1-2%,-1.929,182.182,169.2598,stop,22.4452,4089.1,4089.1,3799.06,-7.093,-290.04,4
EXPE,2022-08-29,2022-09-01,2022-09-02,1-2%,-1.992,101.4513,103.3066,tp_gap_filled,39.941,4052.07,4052.07,4126.17,1.829,74.1,1
DLTR,2022-08-29,2022-08-30,2022-09-06,1-2%,-1.903,136.1961,138.5613,tp_gap_filled,29.7866,4056.82,4056.82,4127.27,1.737,70.45,4
COIN,2022-09-01,2022-09-02,2022-09-06,1-2%,-1.871,65.6156,66.7332,tp_gap_filled,61.7716,4053.18,4053.18,4122.21,1.703,69.04,1
CMG,2022-08-22,2022-08-23,2022-09-07,1-2%,-1.929,32.8328,33.4118,tp_gap_filled,124.7307,4095.26,4095.26,4167.47,1.763,72.21,10
APP,2022-09-01,2022-09-02,2022-09-07,1-2%,-1.989,24.1641,24.6054,tp_gap_filled,167.7609,4053.8,4053.8,4127.82,1.826,74.02,2
ALGN,2022-09-01,2022-09-06,2022-09-07,1-2%,-1.945,239.199,243.4563,tp_gap_filled,16.9839,4062.54,4062.54,4134.85,1.78,72.31,1
TPR,2022-09-08,2022-09-14,2022-09-15,1-2%,-1.943,33.8438,34.4455,tp_gap_filled,119.9195,4058.53,4058.53,4130.69,1.778,72.16,1
FLEX,2022-08-19,2022-09-12,2022-09-16,1-2%,-1.903,14.3851,13.3648,stop,283.6883,4080.89,4080.89,3791.44,-7.093,-289.46,4
HAL,2022-09-13,2022-09-14,2022-09-19,1-2%,-1.948,29.7197,27.6117,stop,136.4043,4053.89,4053.89,3766.35,-7.093,-287.54,3
HAS,2022-09-13,2022-09-15,2022-09-19,1-2%,-1.952,80.9409,75.1997,stop,50.0324,4049.67,4049.67,3762.42,-7.093,-287.24,2
KIM,2022-09-08,2022-09-13,2022-09-21,1-2%,-1.977,21.3413,19.8276,stop,190.4578,4064.62,4064.62,3776.32,-7.093,-288.3,6
NVDA,2022-09-08,2022-09-13,2022-09-21,1-2%,-1.859,13.4725,13.7003,tp_gap_filled,301.6552,4064.04,4064.04,4132.76,1.691,68.73,6
CSGP,2022-09-16,2022-09-19,2022-09-21,1-2%,-1.959,71.1411,72.4175,tp_gap_filled,56.6124,4027.46,4027.46,4099.73,1.794,72.26,2
GS,2022-08-22,2022-08-23,2022-09-22,1-2%,-1.956,342.7824,318.4689,stop,11.9516,4096.81,4096.81,3806.23,-7.093,-290.59,21
BAC,2022-09-13,2022-09-15,2022-09-23,1-2%,-1.956,34.6146,32.1594,stop,117.0107,4050.28,4050.28,3762.99,-7.093,-287.29,6
BA,2022-07-14,2022-09-22,2022-09-23,1-2%,-1.973,141.2511,131.2322,stop,28.2922,3996.3,3996.3,3712.84,-7.093,-283.46,1
FERG,2022-09-20,2022-09-21,2022-09-27,1-2%,-1.934,111.141,103.2578,stop,36.1009,4012.29,4012.29,3727.69,-7.093,-284.59,4
MGM,2022-09-23,2022-09-26,2022-09-27,1-2%,-1.993,30.03,30.5794,tp_gap_filled,131.6822,3954.42,3954.42,4026.76,1.829,72.34,1
BX,2022-09-23,2022-09-26,2022-09-27,1-2%,-1.956,83.8137,85.3146,tp_gap_filled,47.1779,3954.15,3954.15,4024.96,1.791,70.81,1
TDG,2022-07-14,2022-09-26,2022-09-27,1-2%,-1.934,532.0215,541.428,tp_gap_filled,7.4294,3952.61,3952.61,4022.5,1.768,69.88,1
UBER,2022-09-23,2022-09-26,2022-09-29,1-2%,-1.994,28.038,26.0493,stop,141.327,3962.53,3962.53,3681.47,-7.093,-281.06,3
ARES,2022-09-23,2022-09-26,2022-10-03,1-2%,-1.995,65.9058,61.2311,stop,60.223,3969.05,3969.05,3687.52,-7.093,-281.52,5
CRM,2022-09-28,2022-09-29,2022-10-03,1-2%,-1.941,146.146,148.7411,tp_gap_filled,26.9266,3935.21,3935.21,4005.09,1.776,69.88,2
NWSA,2022-09-29,2022-09-30,2022-10-03,1-2%,-1.951,15.0951,15.3646,tp_gap_filled,259.5554,3918.01,3918.01,3987.97,1.786,69.96,1
BX,2022-09-29,2022-09-30,2022-10-03,1-2%,-1.93,84.4343,85.924,tp_gap_filled,46.4053,3918.2,3918.2,3987.33,1.764,69.13,1
KKR,2022-07-14,2022-09-22,2022-10-04,1-2%,-1.949,45.3153,46.1238,tp_gap_filled,88.1095,3992.7,3992.7,4063.95,1.784,71.24,8
INTU,2022-09-29,2022-09-30,2022-10-04,1-2%,-1.991,401.5412,408.8807,tp_gap_filled,9.7747,3924.96,3924.96,3996.7,1.828,71.74,2
HST,2022-09-29,2022-10-03,2022-10-04,1-2%,-1.994,16.2362,16.5334,tp_gap_filled,243.3256,3950.69,3950.69,4023.01,1.831,72.32,1
QCOM,2022-07-05,2022-09-23,2022-10-05,1-2%,-1.967,121.2211,123.4065,tp_gap_filled,32.7473,3969.67,3969.67,4041.23,1.803,71.57,8
AES,2022-09-23,2022-10-04,2022-10-05,1-2%,-1.918,24.5745,25.005,tp_gap_filled,162.1289,3984.25,3984.25,4054.03,1.751,69.78,1
AES,2022-10-05,2022-10-06,2022-10-07,1-2%,-1.939,24.8048,25.2447,tp_gap_filled,160.6853,3985.76,3985.76,4056.46,1.774,70.69,1
ARES,2022-10-05,2022-10-06,2022-10-11,1-2%,-1.995,67.3673,62.5889,stop,59.184,3987.07,3987.07,3704.26,-7.093,-282.8,3
MGM,2022-10-05,2022-10-10,2022-10-11,1-2%,-1.977,32.2622,29.9739,stop,122.6538,3957.08,3957.08,3676.41,-7.093,-280.68,1
TPR,2022-09-23,2022-10-10,2022-10-11,1-2%,-1.971,30.3703,30.9191,tp_gap_filled,130.1243,3951.92,3951.92,4023.32,1.807,71.4,1
HST,2022-10-05,2022-10-06,2022-10-12,1-2%,-1.958,16.5365,16.8332,tp_gap_filled,241.0804,3986.63,3986.63,4058.14,1.794,71.51,4
WY,2022-10-05,2022-10-06,2022-10-13,1-2%,-1.94,29.3393,29.8601,tp_gap_filled,135.8898,3986.91,3986.91,4057.69,1.775,70.77,5
ADSK,2022-10-05,2022-10-07,2022-10-13,1-2%,-1.925,196.3361,182.41,stop,20.1888,3963.79,3963.79,3682.64,-7.093,-281.15,4
PFG,2022-10-07,2022-10-10,2022-10-13,1-2%,-1.954,76.8668,78.2417,tp_gap_filled,51.4777,3956.93,3956.93,4027.7,1.789,70.78,3
MU,2022-10-07,2022-10-11,2022-10-13,1-2%,-1.941,53.6136,54.5654,tp_gap_filled,73.5532,3943.45,3943.45,4013.46,1.775,70.01,2
AMD,2022-10-10,2022-10-11,2022-10-13,1-2%,-1.934,57.3673,58.3816,tp_gap_filled,68.7465,3943.8,3943.8,4013.53,1.768,69.73,2
ON,2022-10-11,2022-10-13,2022-10-14,1-2%,-1.954,60.7807,61.8681,tp_gap_filled,65.159,3960.41,3960.41,4031.26,1.789,70.85,1
ROL,2022-10-13,2022-10-14,2022-10-17,1-2%,-1.989,35.5155,36.1638,tp_gap_filled,111.2065,3949.55,3949.55,4021.65,1.825,72.1,1
TGT,2022-10-13,2022-10-14,2022-10-18,1-2%,-1.914,151.3612,154.0058,tp_gap_filled,26.0753,3946.8,3946.8,4015.76,1.747,68.96,2
WSM,2022-10-07,2022-10-11,2022-10-20,1-2%,-1.983,61.8418,57.4553,stop,63.765,3943.34,3943.34,3663.64,-7.093,-279.7,7
CVS,2022-07-14,2022-10-07,2022-10-24,1-2%,-1.958,91.7116,93.3565,tp_gap_filled,43.3019,3971.29,3971.29,4042.52,1.794,71.23,11
LIN,2022-09-13,2022-10-18,2022-10-24,1-2%,-1.997,288.9186,294.2155,tp_gap_filled,13.7617,3976.02,3976.02,4048.91,1.833,72.89,4
IR,2022-10-19,2022-10-20,2022-10-24,1-2%,-1.957,46.1461,46.973,tp_gap_filled,85.7092,3955.14,3955.14,4026.02,1.792,70.87,2
PGR,2022-10-20,2022-10-21,2022-10-24,1-2%,-1.914,118.9989,121.0788,tp_gap_filled,33.3685,3970.82,3970.82,4040.22,1.748,69.4,1
UBER,2022-10-19,2022-10-24,2022-10-25,1-2%,-1.992,27.0871,27.5824,tp_gap_filled,147.0024,3981.86,3981.86,4054.68,1.829,72.81,1
NVDA,2022-10-05,2022-10-25,2022-10-26,1-2%,-1.944,12.9239,13.1538,tp_gap_filled,308.3322,3984.86,3984.86,4055.75,1.779,70.89,1
WTW,2022-09-13,2022-09-21,2022-10-27,1-2%,-1.916,211.1309,214.825,tp_gap_filled,18.9921,4009.81,4009.81,4079.97,1.75,70.16,26
SBUX,2022-10-24,2022-10-26,2022-11-01,1-2%,-1.93,86.9869,88.5214,tp_gap_filled,45.8449,3987.91,3987.91,4058.26,1.764,70.35,4
CDW,2022-11-02,2022-11-03,2022-11-04,1-2%,-1.889,169.4893,172.4074,tp_gap_filled,23.5122,3985.07,3985.07,4053.68,1.722,68.61,1
EQIX,2022-09-23,2022-11-03,2022-11-04,1-2%,-1.879,598.4078,608.6507,tp_gap_filled,6.666,3989.0,3989.0,4057.28,1.712,68.28,1
VRT,2022-11-03,2022-11-04,2022-11-07,1-2%,-1.989,13.8138,14.0659,tp_gap_filled,288.9367,3991.31,3991.31,4064.16,1.825,72.85,1
PRU,2022-11-03,2022-11-04,2022-11-07,1-2%,-1.985,103.3032,105.1847,tp_gap_filled,38.6881,3996.6,3996.6,4069.4,1.821,72.79,1
REGN,2022-11-03,2022-11-04,2022-11-07,1-2%,-1.946,726.7961,739.7395,tp_gap_filled,5.5051,4001.12,4001.12,4072.37,1.781,71.26,1
ABBV,2022-10-25,2022-10-28,2022-11-08,1-2%,-1.895,148.178,150.7391,tp_gap_filled,26.9395,3991.85,3991.85,4060.84,1.728,68.99,7
NDAQ,2022-09-13,2022-11-01,2022-11-08,1-2%,-1.934,62.9329,64.0459,tp_gap_filled,63.4304,3991.86,3991.86,4062.46,1.769,70.6,5
EXPD,2022-09-13,2022-11-08,2022-11-09,1-2%,-1.893,102.7026,104.4754,tp_gap_filled,39.0348,4008.98,4008.98,4078.18,1.726,69.2,1
RSG,2022-10-28,2022-10-31,2022-11-10,1-2%,-1.909,132.2021,134.5054,tp_gap_filled,30.1681,3988.28,3988.28,4057.77,1.742,69.49,8
DPZ,2022-09-13,2022-11-04,2022-11-11,1-2%,-1.959,357.6573,364.0756,tp_gap_filled,11.1839,4000.0,4000.0,4071.78,1.795,71.78,5
NTAP,2022-09-13,2022-11-10,2022-11-11,1-2%,-1.935,72.052,73.3266,tp_gap_filled,55.8874,4026.8,4026.8,4098.04,1.769,71.24,1
XYZ,2022-11-14,2022-11-16,2022-11-18,1-2%,-1.968,70.3202,65.3324,stop,57.2186,4023.63,4023.63,3738.23,-7.093,-285.4,2
DIS,2022-11-17,2022-11-18,2022-11-21,1-2%,-1.948,92.2121,93.856,tp_gap_filled,43.487,4010.03,4010.03,4081.52,1.783,71.49,1
ADBE,2022-11-17,2022-11-18,2022-11-23,1-2%,-1.971,332.0717,338.0716,tp_gap_filled,12.0834,4012.56,4012.56,4085.06,1.807,72.5,3
C,2022-09-13,2022-11-11,2022-11-30,1-2%,-1.907,49.9499,46.407,stop,80.7581,4033.86,4033.86,3747.74,-7.093,-286.12,12
EVRG,2022-11-23,2022-11-29,2022-11-30,1-2%,-1.959,58.098,59.1408,tp_gap_filled,68.9854,4007.91,4007.91,4079.85,1.795,71.94,1
BX,2022-11-28,2022-11-29,2022-11-30,1-2%,-1.944,88.3382,89.91,tp_gap_filled,45.369,4007.82,4007.82,4079.13,1.779,71.31,1
DAL,2022-11-14,2022-11-15,2022-12-01,1-2%,-1.947,34.7847,35.4046,tp_gap_filled,115.8595,4030.15,4030.15,4101.96,1.782,71.81,11
IFF,2022-09-16,2022-11-30,2022-12-01,1-2%,-1.992,103.4133,105.3046,tp_gap_filled,38.898,4022.57,4022.57,4096.14,1.829,73.57,1
APA,2022-11-16,2022-12-01,2022-12-06,1-2%,-1.958,48.1281,44.7144,stop,83.6279,4024.85,4024.85,3739.37,-7.093,-285.48,3
COST,2022-11-07,2022-12-08,2022-12-09,1-2%,-1.924,477.527,485.9236,tp_gap_filled,8.3415,3983.31,3983.31,4053.35,1.758,70.04,1
INTC,2022-11-16,2022-11-18,2022-12-12,1-2%,-1.954,30.1401,28.0023,stop,133.1059,4011.83,4011.83,3727.27,-7.093,-284.56,15
PAYX,2022-09-13,2022-12-01,2022-12-13,1-2%,-1.885,125.0549,127.2027,tp_gap_filled,32.1287,4017.85,4017.85,4086.86,1.717,69.0,8
FFIV,2022-12-02,2022-12-05,2022-12-13,1-2%,-1.993,152.0919,154.875,tp_gap_filled,26.2965,3999.48,3999.48,4072.66,1.83,73.18,6
HOOD,2022-12-02,2022-12-05,2022-12-13,1-2%,-1.925,9.6897,9.8601,tp_gap_filled,412.5866,3997.83,3997.83,4068.16,1.759,70.33,6
SPGI,2022-09-13,2022-12-01,2022-12-16,1-2%,-1.957,344.9331,320.467,stop,11.6514,4018.96,4018.96,3733.9,-7.093,-285.07,11
WBD,2022-11-09,2022-12-16,2022-12-19,1-2%,-1.988,9.8699,9.1698,stop,404.1694,3989.1,3989.1,3706.15,-7.093,-282.95,1
WDAY,2022-12-15,2022-12-16,2022-12-22,1-2%,-1.969,175.9358,163.4566,stop,22.6782,3989.91,3989.91,3706.9,-7.093,-283.0,4
BKNG,2022-12-15,2022-12-16,2022-12-27,1-2%,-1.991,78.7523,80.1917,tp_gap_filled,50.6927,3992.16,3992.16,4065.13,1.828,72.97,6
MGM,2022-11-09,2022-12-22,2022-12-27,1-2%,-1.943,33.8538,34.4555,tp_gap_filled,116.6854,3950.25,3950.25,4020.46,1.777,70.21,2
C,2022-12-15,2022-12-29,2023-01-03,1-2%,-1.936,45.1351,45.934,tp_gap_filled,87.9896,3971.42,3971.42,4041.72,1.77,70.3,2
EXPE,2022-11-09,2022-12-16,2023-01-04,1-2%,-1.94,88.048,89.6103,tp_gap_filled,45.3059,3989.09,3989.09,4059.88,1.774,70.78,11
PHM,2022-12-16,2022-12-19,2023-01-04,1-2%,-1.998,46.1561,47.0029,tp_gap_filled,85.844,3962.23,3962.23,4034.92,1.835,72.7,10
WSM,2022-12-22,2022-12-28,2023-01-04,1-2%,-1.947,58.2182,59.2557,tp_gap_filled,67.7928,3946.77,3946.77,4017.11,1.782,70.34,4
VRT,2022-12-30,2023-01-03,2023-01-04,1-2%,-1.996,13.2733,13.5165,tp_gap_filled,299.0538,3969.42,3969.42,4042.15,1.832,72.73,1
EFX,2022-12-15,2023-01-03,2023-01-04,1-2%,-1.941,199.209,202.747,tp_gap_filled,19.9279,3969.82,3969.82,4040.32,1.776,70.51,1
CRL,2022-12-02,2022-12-15,2023-01-09,1-2%,-1.857,222.222,225.9738,tp_gap_filled,18.0068,4001.51,4001.51,4069.07,1.688,67.56,15
BLDR,2022-12-15,2022-12-19,2023-01-09,1-2%,-1.936,66.4063,67.5824,tp_gap_filled,59.5968,3957.61,3957.61,4027.69,1.771,70.09,13
KKR,2022-12-15,2023-01-04,2023-01-09,1-2%,-1.884,48.4684,49.3006,tp_gap_filled,82.5081,3999.04,3999.04,4067.7,1.717,68.67,3
GNRC,2023-01-05,2023-01-06,2023-01-09,1-2%,-1.933,100.0499,101.8181,tp_gap_filled,39.9677,3998.77,3998.77,4069.44,1.767,70.67,1
EFX,2023-01-05,2023-01-06,2023-01-09,1-2%,-1.887,200.9507,204.4054,tp_gap_filled,19.9062,4000.17,4000.17,4068.94,1.719,68.77,1
LYV,2023-01-09,2023-01-10,2023-01-11,1-2%,-1.962,71.031,72.3076,tp_gap_filled,56.5504,4016.83,4016.83,4089.02,1.797,72.2,1
FISV,2023-01-09,2023-01-10,2023-01-12,1-2%,-1.938,100.3002,102.0778,tp_gap_filled,40.0912,4021.15,4021.15,4092.42,1.772,71.27,2
INVH,2022-12-16,2023-01-11,2023-01-12,1-2%,-1.89,30.6606,31.1888,tp_gap_filled,131.177,4021.97,4021.97,4091.25,1.723,69.28,1
GOOG,2022-12-15,2023-01-18,2023-01-20,1-2%,-1.857,93.6335,95.2147,tp_gap_filled,42.6311,3991.7,3991.7,4059.11,1.689,67.41,2
TAP,2023-01-03,2023-01-04,2023-01-24,1-2%,-1.883,50.6005,51.4685,tp_gap_filled,79.0015,3997.52,3997.52,4066.09,1.715,68.57,13
VZ,2023-01-09,2023-01-10,2023-01-24,1-2%,-1.92,41.4214,38.4834,stop,97.1149,4022.63,4022.63,3737.31,-7.093,-285.33,9
UNH,2023-01-13,2023-01-17,2023-01-24,1-2%,-1.929,486.5961,495.1743,tp_gap_filled,8.2636,4021.05,4021.05,4091.94,1.763,70.89,5
PWR,2022-12-15,2023-01-17,2023-01-24,1-2%,-1.828,149.4593,151.9379,tp_gap_filled,26.8998,4020.42,4020.42,4087.1,1.658,66.67,5
FCX,2023-01-19,2023-01-24,2023-01-25,1-2%,-1.935,43.1131,43.8761,tp_gap_filled,93.2193,4018.97,4018.97,4090.1,1.77,71.13,1
MAA,2022-12-15,2023-01-12,2023-01-26,1-2%,-1.873,161.5414,164.2955,tp_gap_filled,24.9302,4027.26,4027.26,4095.92,1.705,68.66,9
INTU,2022-12-15,2023-01-26,2023-01-27,1-2%,-1.905,411.3509,418.5011,tp_gap_filled,9.7952,4029.26,4029.26,4099.3,1.738,70.04,1
AMD,2023-01-27,2023-01-30,2023-01-31,1-2%,-1.943,73.7737,75.0848,tp_gap_filled,54.5212,4022.23,4022.23,4093.72,1.777,71.49,1
NCLH,2023-01-25,2023-01-26,2023-02-01,1-2%,-1.944,15.1451,15.4146,tp_gap_filled,265.9953,4028.53,4028.53,4100.2,1.779,71.67,4
AKAM,2023-01-24,2023-01-26,2023-02-01,1-2%,-1.884,87.5975,89.1008,tp_gap_filled,46.0042,4029.85,4029.85,4099.01,1.716,69.16,4
LULU,2023-01-25,2023-01-27,2023-02-01,1-2%,-1.864,305.7154,310.8988,tp_gap_filled,13.1774,4028.53,4028.53,4096.83,1.695,68.3,3
GOOG,2023-01-30,2023-01-31,2023-02-01,1-2%,-1.951,98.8437,100.6093,tp_gap_filled,40.8749,4040.22,4040.22,4112.39,1.786,72.17,1
GOOGL,2023-01-30,2023-01-31,2023-02-01,1-2%,-1.902,97.5775,99.2706,tp_gap_filled,41.4268,4042.32,4042.32,4112.46,1.735,70.14,1
NEE,2023-01-26,2023-01-30,2023-02-02,1-2%,-1.945,75.1751,76.5134,tp_gap_filled,53.5093,4022.57,4022.57,4094.18,1.78,71.61,3
TTD,2023-01-30,2023-02-01,2023-02-02,1-2%,-1.829,51.051,51.8981,tp_gap_filled,79.4224,4054.59,4054.59,4121.87,1.659,67.27,1
NEM,2023-01-05,2023-02-03,2023-02-06,1-2%,-1.864,50.6005,47.0115,stop,80.3285,4064.66,4064.66,3776.36,-7.093,-288.31,1
ANET,2023-02-03,2023-02-06,2023-02-07,1-2%,-1.926,32.7502,33.3266,tp_gap_filled,123.6401,4049.24,4049.24,4120.51,1.76,71.27,1
UDR,2023-02-03,2023-02-07,2023-02-08,1-2%,-1.891,43.6136,44.3656,tp_gap_filled,92.8388,4049.03,4049.03,4118.85,1.724,69.82,1
ESS,2023-02-03,2023-02-08,2023-02-09,1-2%,-1.946,232.5523,236.6931,tp_gap_filled,17.4182,4050.65,4050.65,4122.77,1.781,72.12,1
APP,2022-11-14,2023-02-09,2023-02-10,1-2%,-1.948,16.6266,15.4473,stop,243.6261,4050.68,4050.68,3763.36,-7.093,-287.31,1
TTD,2023-02-10,2023-02-13,2023-02-14,1-2%,-1.885,48.9889,49.8301,tp_gap_filled,82.4794,4040.58,4040.58,4109.96,1.717,69.38,1
CRL,2023-02-03,2023-02-08,2023-02-22,1-2%,-1.901,255.235,237.1312,stop,15.879,4052.88,4052.88,3765.41,-7.093,-287.47,9
EXE,2023-02-17,2023-02-23,2023-02-24,1-2%,-1.919,82.3823,83.8261,tp_gap_filled,48.6244,4005.79,4005.79,4075.99,1.753,70.2,1
NTAP,2023-02-23,2023-02-24,2023-02-27,1-2%,-1.975,64.5945,65.7642,tp_gap_filled,61.8194,3993.2,3993.2,4065.5,1.811,72.31,1
ATO,2023-02-16,2023-02-24,2023-02-27,1-2%,-1.925,114.7747,116.7931,tp_gap_filled,34.8128,3995.62,3995.62,4065.89,1.759,70.27,1
CHTR,2023-02-16,2023-02-17,2023-02-28,1-2%,-1.999,395.9355,367.8518,stop,10.2032,4039.8,4039.8,3753.25,-7.093,-286.54,6
A,2023-02-16,2023-02-17,2023-03-01,1-2%,-1.937,148.9588,138.3932,stop,27.1273,4040.85,4040.85,3754.23,-7.093,-286.62,7
ZBRA,2023-02-24,2023-02-27,2023-03-01,1-2%,-1.993,295.295,300.699,tp_gap_filled,13.5561,4003.05,4003.05,4076.31,1.83,73.26,2
AOS,2023-02-16,2023-02-17,2023-03-03,1-2%,-1.955,66.7667,67.962,tp_gap_filled,60.5005,4039.42,4039.42,4111.73,1.79,72.31,9
TMO,2023-02-21,2023-02-22,2023-03-03,1-2%,-1.974,549.1987,559.1403,tp_gap_filled,7.2862,4001.55,4001.55,4073.98,1.81,72.44,7
WELL,2023-02-16,2023-02-24,2023-03-03,1-2%,-1.981,74.2942,75.6443,tp_gap_filled,53.7276,3991.65,3991.65,4064.18,1.817,72.54,5
INTU,2023-02-21,2023-03-02,2023-03-03,1-2%,-1.986,396.7464,403.9756,tp_gap_filled,10.0977,4006.22,4006.22,4079.22,1.822,73.0,1
ALB,2023-02-24,2023-03-02,2023-03-03,1-2%,-1.974,249.0888,253.5962,tp_gap_filled,16.0908,4008.05,4008.05,4080.57,1.81,72.53,1
RL,2023-02-24,2023-03-02,2023-03-03,1-2%,-1.964,116.4063,118.5014,tp_gap_filled,34.4405,4009.09,4009.09,4081.24,1.8,72.16,1
BKR,2023-03-03,2023-03-08,2023-03-09,1-2%,-1.987,31.1111,31.6783,tp_gap_filled,128.9492,4011.75,4011.75,4084.89,1.823,73.14,1
COP,2023-03-03,2023-03-08,2023-03-09,1-2%,-1.902,106.3763,108.2217,tp_gap_filled,37.7322,4013.81,4013.81,4083.44,1.735,69.63,1
J,2023-01-13,2023-01-17,2023-03-10,1-2%,-1.987,103.729,96.3715,stop,38.7797,4022.58,4022.58,3737.26,-7.093,-285.32,37
IDXX,2023-02-21,2023-03-03,2023-03-10,1-2%,-1.98,487.1166,452.5655,stop,8.2861,4036.28,4036.28,3749.98,-7.093,-286.29,5
EXE,2023-03-03,2023-03-06,2023-03-10,1-2%,-1.925,80.5805,74.8649,stop,49.988,4028.05,4028.05,3742.34,-7.093,-285.71,4
SHW,2023-02-16,2023-02-17,2023-03-13,1-2%,-1.999,228.228,212.0398,stop,17.7,4039.64,4039.64,3753.1,-7.093,-286.53,15
KKR,2023-01-25,2023-03-10,2023-03-13,1-2%,-1.967,52.3723,48.6576,stop,75.9611,3978.26,3978.26,3696.08,-7.093,-282.18,1
DASH,2023-03-02,2023-03-10,2023-03-13,1-2%,-1.966,52.9129,53.8661,tp_gap_filled,75.0371,3970.43,3970.43,4041.95,1.801,71.53,1
TYL,2023-01-25,2023-03-10,2023-03-13,1-2%,-1.931,313.1528,318.681,tp_gap_filled,12.6898,3973.84,3973.84,4043.99,1.765,70.15,1
SMCI,2023-02-24,2023-03-10,2023-03-14,1-2%,-1.899,9.2572,9.4176,tp_gap_filled,429.0385,3971.72,3971.72,4040.5,1.732,68.79,2
PPG,2023-02-24,2023-03-10,2023-03-14,1-2%,-1.888,125.8757,128.0418,tp_gap_filled,31.5559,3972.12,3972.12,4040.47,1.721,68.35,2
STX,2023-01-25,2023-03-13,2023-03-14,1-2%,-1.896,61.111,62.1678,tp_gap_filled,64.7188,3955.03,3955.03,4023.42,1.729,68.39,1
PYPL,2022-12-15,2023-03-13,2023-03-14,1-2%,-1.845,71.3613,72.5574,tp_gap_filled,55.3877,3952.54,3952.54,4018.79,1.676,66.25,1
DAL,2023-02-24,2023-03-10,2023-03-15,1-2%,-1.945,36.8368,34.224,stop,107.8165,3971.62,3971.62,3689.91,-7.093,-281.71,3
ALL,2023-03-13,2023-03-14,2023-03-15,1-2%,-1.904,116.0659,107.8334,stop,34.2786,3978.58,3978.58,3696.38,-7.093,-282.2,1
RL,2023-03-13,2023-03-14,2023-03-16,1-2%,-1.968,111.2111,113.2167,tp_gap_filled,35.7602,3976.93,3976.93,4048.65,1.803,71.72,2
TPR,2023-03-13,2023-03-15,2023-03-16,1-2%,-1.983,40.5805,41.3186,tp_gap_filled,97.3825,3951.84,3951.84,4023.71,1.819,71.88,1
CCL,2023-01-05,2023-03-15,2023-03-16,1-2%,-1.945,8.5786,8.7313,tp_gap_filled,460.6464,3951.69,3951.69,4022.02,1.78,70.34,1
WSM,2023-01-05,2023-03-15,2023-03-16,1-2%,-1.87,58.038,59.0259,tp_gap_filled,68.148,3955.18,3955.18,4022.5,1.702,67.33,1
ACGL,2023-03-13,2023-03-15,2023-03-16,1-2%,-1.847,65.4454,66.5434,tp_gap_filled,60.5007,3959.49,3959.49,4025.92,1.678,66.43,1
GILD,2023-02-02,2023-02-23,2023-03-17,1-2%,-1.94,82.4524,76.604,stop,48.5805,4005.57,4005.57,3721.46,-7.093,-284.12,16
HPE,2023-03-15,2023-03-16,2023-03-17,1-2%,-1.98,13.8739,14.1259,tp_gap_filled,286.2423,3971.29,3971.29,4043.42,1.816,72.13,1
FOXA,2023-03-15,2023-03-16,2023-03-17,1-2%,-1.945,32.2923,32.8671,tp_gap_filled,123.1728,3977.53,3977.53,4048.33,1.78,70.81,1
V,2023-03-15,2023-03-16,2023-03-17,1-2%,-1.944,214.6244,218.4413,tp_gap_filled,18.5511,3981.52,3981.52,4052.33,1.778,70.81,1
AME,2023-03-15,2023-03-16,2023-03-20,1-2%,-1.985,135.8958,138.3715,tp_gap_filled,29.2236,3971.37,3971.37,4043.72,1.822,72.35,2
FLEX,2023-03-15,2023-03-16,2023-03-20,1-2%,-1.919,15.8033,16.0804,tp_gap_filled,252.1083,3984.14,3984.14,4053.99,1.753,69.86,2
TXT,2023-03-13,2023-03-14,2023-03-21,1-2%,-1.92,67.9979,69.1907,tp_gap_filled,58.502,3978.01,3978.01,4047.8,1.754,69.78,5
XYL,2023-03-15,2023-03-21,2023-03-22,1-2%,-1.892,98.108,99.8001,tp_gap_filled,40.5997,3983.16,3983.16,4051.85,1.725,68.7,1
HRL,2023-03-03,2023-03-06,2023-03-23,1-2%,-1.984,41.041,38.13,stop,98.2082,4030.56,4030.56,3744.68,-7.093,-285.89,13
DVN,2023-03-14,2023-03-21,2023-03-24,1-2%,-1.941,49.059,45.5793,stop,81.191,3983.15,3983.15,3700.63,-7.093,-282.52,3
DVA,2023-03-15,2023-03-23,2023-03-27,1-2%,-1.932,75.1951,76.5234,tp_gap_filled,52.8187,3971.71,3971.71,4041.87,1.766,70.16,2
PYPL,2023-03-23,2023-03-24,2023-03-27,1-2%,-1.87,73.0229,74.2657,tp_gap_filled,54.3773,3970.79,3970.79,4038.37,1.702,67.58,1
DOV,2023-03-15,2023-03-21,2023-03-29,1-2%,-1.888,143.0529,145.5143,tp_gap_filled,27.8498,3983.99,3983.99,4052.54,1.721,68.55,6
BBY,2023-03-15,2023-03-27,2023-03-29,1-2%,-1.804,73.5635,74.7652,tp_gap_filled,54.0633,3977.09,3977.09,4042.05,1.634,64.97,2
OKE,2023-03-13,2023-03-31,2023-04-03,1-2%,-1.941,63.2132,64.3356,tp_gap_filled,63.0273,3984.16,3984.16,4054.9,1.776,70.75,1
URI,2023-04-05,2023-04-06,2023-04-10,1-2%,-1.93,352.5522,358.7709,tp_gap_filled,11.3109,3987.69,3987.69,4058.03,1.764,70.34,1
TECH,2023-02-03,2023-04-12,2023-04-13,1-2%,-1.917,79.3793,80.7691,tp_gap_filled,50.2802,3991.21,3991.21,4061.09,1.751,69.88,1
HAL,2023-04-20,2023-04-21,2023-04-24,1-2%,-1.788,33.5335,34.0759,tp_gap_filled,118.8458,3985.32,3985.32,4049.78,1.617,64.46,1
ADP,2023-04-03,2023-04-18,2023-04-26,1-2%,-1.837,218.7585,203.242,stop,18.2608,3994.7,3994.7,3711.36,-7.093,-283.34,6
PFG,2023-03-10,2023-04-19,2023-04-28,1-2%,-1.838,77.5375,72.0377,stop,51.4994,3993.14,3993.14,3709.9,-7.093,-283.23,7
EOG,2023-04-25,2023-04-26,2023-04-28,1-2%,-1.838,117.107,119.0608,tp_gap_filled,33.799,3958.1,3958.1,4024.13,1.668,66.04,2
MCHP,2023-04-27,2023-04-28,2023-05-01,1-2%,-1.916,72.7627,74.0359,tp_gap_filled,54.522,3967.17,3967.17,4036.59,1.75,69.42,1
DVN,2023-04-19,2023-04-24,2023-05-02,1-2%,-1.883,54.2342,50.3873,stop,73.5753,3990.3,3990.3,3707.26,-7.093,-283.03,6
DHR,2023-03-15,2023-04-25,2023-05-03,1-2%,-1.973,212.9965,216.8485,tp_gap_filled,18.669,3976.43,3976.43,4048.35,1.809,71.91,6
IDXX,2023-05-02,2023-05-03,2023-05-05,1-2%,-1.757,481.481,489.1104,tp_gap_filled,8.2367,3965.82,3965.82,4028.66,1.585,62.84,2
MSI,2023-05-05,2023-05-08,2023-05-10,1-2%,-1.822,285.4051,290.1196,tp_gap_filled,13.9064,3968.96,3968.96,4034.52,1.652,65.56,2
WELL,2023-05-08,2023-05-09,2023-05-10,1-2%,-1.778,77.4374,78.6812,tp_gap_filled,51.2642,3969.77,3969.77,4033.53,1.606,63.77,1
COIN,2023-04-20,2023-05-10,2023-05-12,1-2%,-1.878,63.2932,58.8038,stop,62.8252,3976.41,3976.41,3694.36,-7.093,-282.05,2
MRVL,2023-05-09,2023-05-10,2023-05-15,1-2%,-2.0,40.2302,40.969,tp_gap_filled,98.8169,3975.42,3975.42,4048.43,1.836,73.01,3
FITB,2023-05-11,2023-05-12,2023-05-15,1-2%,-1.856,23.8138,24.2158,tp_gap_filled,166.3228,3960.78,3960.78,4027.63,1.688,66.86,1
APA,2023-05-11,2023-05-16,2023-05-17,1-2%,-1.982,32.1822,32.7672,tp_gap_filled,123.0598,3960.33,3960.33,4032.32,1.818,72.0,1
XYZ,2023-05-16,2023-05-17,2023-05-18,1-2%,-1.987,55.7957,56.8131,tp_gap_filled,71.051,3964.34,3964.34,4036.63,1.823,72.29,1
COHR,2023-05-16,2023-05-17,2023-05-18,1-2%,-1.946,28.2382,28.7412,tp_gap_filled,140.6364,3971.32,3971.32,4042.06,1.781,70.74,1
EOG,2023-05-11,2023-05-12,2023-05-19,1-2%,-1.81,110.2401,112.0478,tp_gap_filled,35.9003,3957.65,3957.65,4022.55,1.64,64.9,5
NFLX,2023-02-16,2023-05-18,2023-05-19,1-2%,-1.776,35.5355,36.1059,tp_gap_filled,111.7705,3971.82,3971.82,4035.57,1.605,63.75,1
PFE,2023-05-11,2023-05-12,2023-05-22,1-2%,-1.828,37.6376,38.2617,tp_gap_filled,105.1918,3959.17,3959.17,4024.82,1.658,65.65,6
REG,2023-05-18,2023-05-19,2023-05-23,1-2%,-1.803,57.7777,58.7212,tp_gap_filled,68.8236,3976.47,3976.47,4041.41,1.633,64.93,2
CVX,2023-05-18,2023-05-22,2023-05-23,1-2%,-1.824,153.0229,155.5543,tp_gap_filled,26.0518,3986.52,3986.52,4052.47,1.654,65.95,1
MMM,2023-05-18,2023-05-22,2023-05-23,1-2%,-1.737,82.39,83.6788,tp_gap_filled,48.3768,3985.77,3985.77,4048.11,1.564,62.35,1
HPE,2023-04-20,2023-05-23,2023-05-26,1-2%,-1.738,14.7147,14.945,tp_gap_filled,271.3855,3993.36,3993.36,4055.87,1.565,62.51,3
SWKS,2023-05-23,2023-05-26,2023-05-30,1-2%,-1.922,100.6305,102.3975,tp_gap_filled,39.6206,3987.04,3987.04,4057.05,1.756,70.01,1
EMR,2023-05-11,2023-05-23,2023-06-02,1-2%,-1.71,81.1511,82.3975,tp_gap_filled,49.1529,3988.81,3988.81,4050.08,1.536,61.27,7
NUE,2023-05-23,2023-05-26,2023-06-02,1-2%,-1.893,137.4473,139.82,tp_gap_filled,29.0715,3995.8,3995.8,4064.78,1.726,68.98,4
SWKS,2023-05-31,2023-06-01,2023-06-02,1-2%,-1.867,103.113,104.865,tp_gap_filled,38.6187,3982.09,3982.09,4049.75,1.699,67.66,1
NOW,2023-05-31,2023-06-01,2023-06-02,1-2%,-1.783,107.9739,109.7142,tp_gap_filled,36.9298,3987.45,3987.45,4051.72,1.612,64.27,1
SYF,2023-03-10,2023-06-02,2023-06-06,1-2%,-1.776,32.6726,33.1968,tp_gap_filled,122.4904,4002.09,4002.09,4066.29,1.604,64.2,2
T,2023-05-25,2023-05-30,2023-06-07,1-2%,-1.755,15.6857,15.934,tp_gap_filled,253.7214,3979.79,3979.79,4042.81,1.583,63.02,6
ACN,2023-06-05,2023-06-06,2023-06-07,1-2%,-1.943,305.6453,311.0786,tp_gap_filled,13.1203,4010.17,4010.17,4081.45,1.778,71.29,1
MPWR,2023-05-31,2023-06-02,2023-06-12,1-2%,-1.963,505.3648,514.455,tp_gap_filled,7.9256,4005.3,4005.3,4077.35,1.799,72.04,6
CAT,2023-03-10,2023-06-07,2023-06-13,1-2%,-1.93,236.5463,240.719,tp_gap_filled,16.9754,4015.46,4015.46,4086.3,1.764,70.83,4
FERG,2023-05-23,2023-05-26,2023-06-14,1-2%,-1.887,147.8077,150.3495,tp_gap_filled,27.0209,3993.9,3993.9,4062.58,1.72,68.68,12
PSA,2023-06-13,2023-06-14,2023-06-15,1-2%,-1.974,282.292,287.4023,tp_gap_filled,14.2962,4035.72,4035.72,4108.77,1.81,73.06,1
DHR,2023-06-15,2023-06-20,2023-06-21,1-2%,-1.87,207.6454,211.1805,tp_gap_filled,19.4275,4034.02,4034.02,4102.7,1.702,68.68,1
EXPE,2023-06-23,2023-06-26,2023-06-27,1-2%,-1.938,105.3552,107.2227,tp_gap_filled,38.1909,4023.61,4023.61,4094.93,1.773,71.32,1
ADSK,2023-06-23,2023-06-26,2023-06-27,1-2%,-1.858,203.0629,206.4933,tp_gap_filled,19.8034,4021.33,4021.33,4089.26,1.689,67.93,1
SMCI,2023-06-23,2023-06-26,2023-06-27,1-2%,-1.819,22.2562,22.6234,tp_gap_filled,180.5434,4018.22,4018.22,4084.5,1.65,66.28,1
ODFL,2023-04-25,2023-06-27,2023-06-28,1-2%,-1.964,173.9137,177.0428,tp_gap_filled,23.2144,4037.3,4037.3,4109.94,1.799,72.64,1
HBAN,2023-06-15,2023-06-20,2023-06-29,1-2%,-1.754,10.6506,10.8192,tp_gap_filled,378.9508,4036.07,4036.07,4099.93,1.582,63.86,7
RVTY,2023-06-20,2023-06-26,2023-06-30,1-2%,-1.82,117.2071,119.1407,tp_gap_filled,34.2903,4019.07,4019.07,4085.37,1.65,66.31,4
AXP,2023-06-15,2023-06-29,2023-06-30,1-2%,-1.754,171.5814,174.2955,tp_gap_filled,23.5991,4049.17,4049.17,4113.22,1.582,64.05,1
LYB,2023-06-20,2023-06-28,2023-07-03,1-2%,-1.778,90.6906,92.1478,tp_gap_filled,44.5638,4041.51,4041.51,4106.45,1.607,64.94,3
MO,2023-06-14,2023-06-29,2023-07-03,1-2%,-1.879,44.9449,45.7142,tp_gap_filled,90.0893,4049.06,4049.06,4118.37,1.712,69.31,2
CFG,2023-07-05,2023-07-06,2023-07-07,1-2%,-1.848,26.056,26.4935,tp_gap_filled,155.9581,4063.65,4063.65,4131.87,1.679,68.22,1
WAT,2023-07-06,2023-07-07,2023-07-10,1-2%,-1.958,261.6013,266.2934,tp_gap_filled,15.5354,4064.09,4064.09,4136.98,1.794,72.89,1
APO,2023-07-06,2023-07-07,2023-07-10,1-2%,-1.868,74.6846,75.954,tp_gap_filled,54.4432,4066.07,4066.07,4135.18,1.7,69.11,1
TRMB,2023-07-06,2023-07-07,2023-07-10,1-2%,-1.86,51.2412,52.1078,tp_gap_filled,79.422,4069.68,4069.68,4138.51,1.691,68.83,1
TSCO,2023-06-28,2023-06-30,2023-07-11,1-2%,-1.851,43.8438,44.5814,tp_gap_filled,92.6588,4062.51,4062.51,4130.86,1.682,68.34,6
LEN,2023-07-06,2023-07-10,2023-07-11,1-2%,-1.939,118.1044,120.1991,tp_gap_filled,34.5467,4080.12,4080.12,4152.48,1.774,72.37,1
PLD,2023-07-06,2023-07-07,2023-07-12,1-2%,-1.847,121.8217,123.866,tp_gap_filled,33.4338,4072.97,4072.97,4141.32,1.678,68.35,3
GLW,2023-06-20,2023-06-30,2023-07-13,1-2%,-1.925,35.1952,35.8141,tp_gap_filled,115.4536,4063.41,4063.41,4134.87,1.759,71.46,8
SNPS,2023-06-01,2023-06-05,2023-07-14,1-2%,-1.853,446.9765,454.505,tp_gap_filled,8.9504,4000.6,4000.6,4067.99,1.684,67.38,27
LIN,2023-07-05,2023-07-11,2023-07-14,1-2%,-1.862,371.4911,377.7818,tp_gap_filled,11.0185,4093.28,4093.28,4162.6,1.693,69.31,3
NTRS,2023-07-10,2023-07-14,2023-07-19,1-2%,-1.884,72.9929,74.2457,tp_gap_filled,56.3476,4112.97,4112.97,4183.56,1.716,70.59,3
F,2023-06-23,2023-07-18,2023-07-19,1-2%,-1.832,13.9439,14.1758,tp_gap_filled,294.4302,4105.51,4105.51,4173.79,1.663,68.27,1
LNT,2023-05-05,2023-05-16,2023-07-20,1-2%,-1.88,53.8238,54.7452,tp_gap_filled,73.5164,3956.93,3956.93,4024.67,1.712,67.74,44
AMCR,2023-07-05,2023-07-07,2023-07-24,1-2%,-1.984,49.4494,50.3496,tp_gap_filled,82.166,4063.06,4063.06,4137.02,1.82,73.97,11
PYPL,2023-07-20,2023-07-21,2023-07-25,1-2%,-1.886,72.8928,74.1458,tp_gap_filled,56.5751,4123.92,4123.92,4194.8,1.719,70.89,2
MTD,2023-07-25,2023-07-27,2023-07-28,1-2%,-1.869,1337.8966,1242.9996,stop,3.0747,4113.6,4113.6,3821.83,-7.093,-291.78,1
DDOG,2023-07-20,2023-07-27,2023-07-31,1-2%,-1.927,113.113,115.1048,tp_gap_filled,36.4603,4124.14,4124.14,4196.76,1.761,72.62,2
LUV,2023-06-23,2023-07-27,2023-07-31,1-2%,-1.925,33.6536,34.2457,tp_gap_filled,122.3488,4117.48,4117.48,4189.92,1.759,72.44,2
A,2023-07-26,2023-07-28,2023-08-02,1-2%,-1.814,125.125,127.1827,tp_gap_filled,32.8295,4107.79,4107.79,4175.34,1.645,67.55,3
YUM,2023-08-02,2023-08-03,2023-08-04,1-2%,-1.819,134.0139,136.2236,tp_gap_filled,30.6599,4108.85,4108.85,4176.6,1.649,67.75,1
MNST,2023-08-04,2023-08-07,2023-08-08,1-2%,-1.863,28.4785,28.961,tp_gap_filled,144.1629,4105.54,4105.54,4175.1,1.694,69.57,1
ADSK,2023-07-06,2023-08-08,2023-08-09,1-2%,-1.889,200.2,203.6462,tp_gap_filled,20.4832,4100.73,4100.73,4171.32,1.721,70.59,1
USB,2023-08-02,2023-08-08,2023-08-09,1-2%,-1.808,38.048,38.6713,tp_gap_filled,107.8594,4103.83,4103.83,4171.06,1.638,67.23,1
GM,2023-06-23,2023-08-10,2023-08-11,1-2%,-1.991,35.9659,33.4149,stop,114.0066,4100.35,4100.35,3809.52,-7.093,-290.84,1
FCX,2023-08-02,2023-08-03,2023-08-14,1-2%,-1.806,43.003,39.9528,stop,95.6053,4111.31,4111.31,3819.69,-7.093,-291.62,7
TROW,2023-08-02,2023-08-03,2023-08-15,1-2%,-1.965,118.8287,110.4002,stop,34.6135,4113.08,4113.08,3821.34,-7.093,-291.74,8
MPWR,2023-08-11,2023-08-14,2023-08-15,1-2%,-1.923,509.0185,517.9615,tp_gap_filled,7.9628,4053.22,4053.22,4124.43,1.757,71.21,1
HSY,2023-07-27,2023-07-28,2023-08-16,1-2%,-1.847,236.236,219.4798,stop,17.3907,4108.31,4108.31,3816.9,-7.093,-291.4,13
HBAN,2023-08-08,2023-08-11,2023-08-16,1-2%,-1.793,12.0621,11.2065,stop,338.1109,4078.31,4078.31,3789.04,-7.093,-289.27,3
BAC,2023-08-08,2023-08-10,2023-08-17,1-2%,-1.819,31.3313,29.109,stop,130.5423,4090.06,4090.06,3799.95,-7.093,-290.11,5
SCHW,2023-08-08,2023-08-10,2023-08-17,1-2%,-1.804,64.8448,60.2453,stop,63.0352,4087.5,4087.5,3797.58,-7.093,-289.93,5
APTV,2023-06-23,2023-08-16,2023-08-24,1-2%,-1.988,96.7366,98.5014,tp_gap_filled,41.5285,4017.32,4017.32,4090.61,1.824,73.29,6
PLTR,2023-08-18,2023-08-24,2023-08-25,1-2%,-1.908,13.8939,14.1358,tp_gap_filled,288.0965,4002.78,4002.78,4072.49,1.742,69.71,1
ANET,2023-08-18,2023-08-24,2023-08-25,1-2%,-1.86,44.8848,45.6443,tp_gap_filled,89.2578,4006.32,4006.32,4074.11,1.692,67.79,1
DECK,2023-08-22,2023-08-23,2023-08-28,1-2%,-1.954,91.6749,85.1724,stop,43.7904,4014.48,4014.48,3729.74,-7.093,-284.75,3
MCHP,2023-08-23,2023-08-24,2023-08-28,1-2%,-1.994,78.7086,80.1498,tp_gap_filled,50.8863,4005.19,4005.19,4078.53,1.831,73.33,2
WDC,2023-08-18,2023-08-25,2023-08-28,1-2%,-1.936,29.8938,30.4231,tp_gap_filled,134.3836,4017.24,4017.24,4088.36,1.77,71.12,1
XYZ,2023-08-18,2023-08-25,2023-08-28,1-2%,-1.907,55.085,56.0439,tp_gap_filled,72.9225,4016.94,4016.94,4086.86,1.741,69.92,1
CAH,2023-08-17,2023-08-28,2023-08-30,1-2%,-1.892,88.7787,90.3096,tp_gap_filled,45.3404,4025.26,4025.26,4094.67,1.724,69.41,2
LVS,2023-07-06,2023-08-16,2023-08-31,1-2%,-1.808,54.3543,55.2447,tp_gap_filled,73.8673,4015.0,4015.0,4080.78,1.638,65.77,11
NKE,2023-08-22,2023-08-29,2023-08-31,1-2%,-1.847,101.061,102.7571,tp_gap_filled,39.9081,4033.15,4033.15,4100.84,1.678,67.69,2
NOW,2023-08-02,2023-08-29,2023-08-31,1-2%,-1.778,116.094,117.9599,tp_gap_filled,34.7526,4034.56,4034.56,4099.41,1.607,64.85,2
KVUE,2023-08-25,2023-08-28,2023-09-07,1-2%,-1.944,23.2232,21.576,stop,173.4238,4027.46,4027.46,3741.79,-7.093,-285.67,7
NCLH,2023-09-06,2023-09-07,2023-09-08,1-2%,-1.861,16.3664,16.6433,tp_gap_filled,245.0912,4011.25,4011.25,4079.14,1.692,67.89,1
DIS,2023-09-01,2023-09-05,2023-09-11,1-2%,-1.876,82.1921,83.5963,tp_gap_filled,48.8979,4019.02,4019.02,4087.68,1.708,68.66,4
ANET,2023-09-07,2023-09-08,2023-09-11,1-2%,-1.797,48.546,49.3356,tp_gap_filled,82.8092,4020.06,4020.06,4085.45,1.627,65.39,1
PRU,2023-08-08,2023-08-09,2023-09-14,1-2%,-1.977,96.2862,98.0319,tp_gap_filled,42.6379,4105.44,4105.44,4179.87,1.813,74.43,25
ARE,2023-06-29,2023-09-13,2023-09-14,1-2%,-1.804,110.6105,112.4175,tp_gap_filled,36.2835,4013.33,4013.33,4078.9,1.634,65.56,1
KLAC,2023-09-07,2023-09-11,2023-09-15,1-2%,-1.985,50.3783,46.805,stop,80.0187,4031.21,4031.21,3745.27,-7.093,-285.93,4
MCK,2023-08-17,2023-08-18,2023-09-19,1-2%,-1.795,422.3319,429.1904,tp_gap_filled,9.4966,4010.73,4010.73,4075.87,1.624,65.13,21
SPG,2023-09-07,2023-09-19,2023-09-20,1-2%,-1.797,113.7837,115.6342,tp_gap_filled,35.1674,4001.48,4001.48,4066.56,1.626,65.08,1
FCX,2023-08-14,2023-09-15,2023-09-21,1-2%,-1.835,40.7007,37.8138,stop,98.4645,4007.57,4007.57,3723.32,-7.093,-284.26,4
KMB,2023-07-20,2023-07-25,2023-09-22,1-2%,-1.744,133.123,123.6806,stop,31.0126,4128.49,4128.49,3835.65,-7.093,-292.83,42
ATO,2023-07-20,2023-08-03,2023-09-22,1-2%,-1.906,118.9789,110.5397,stop,34.5435,4109.95,4109.95,3818.43,-7.093,-291.52,35
NKE,2023-09-07,2023-09-11,2023-09-22,1-2%,-1.917,98.3583,91.3817,stop,40.9458,4027.36,4027.36,3741.7,-7.093,-285.66,9
OTIS,2023-07-26,2023-08-15,2023-09-26,1-2%,-1.873,86.0159,79.9148,stop,46.8101,4026.41,4026.41,3740.82,-7.093,-285.59,29
CCI,2023-09-14,2023-09-21,2023-09-27,1-2%,-1.693,95.8858,89.0846,stop,41.4978,3979.05,3979.05,3696.82,-7.093,-282.23,4
NCLH,2023-09-25,2023-09-26,2023-09-27,1-2%,-1.788,15.3954,15.6443,tp_gap_filled,256.5493,3949.67,3949.67,4013.54,1.617,63.87,1
MRNA,2023-09-19,2023-09-21,2023-09-29,1-2%,-1.757,102.4123,104.0359,tp_gap_filled,38.8947,3983.29,3983.29,4046.44,1.585,63.15,6
NDSN,2023-09-26,2023-09-27,2023-09-29,1-2%,-1.81,220.4202,224.0357,tp_gap_filled,17.9034,3946.28,3946.28,4011.01,1.64,64.73,2
CSGP,2023-09-05,2023-09-13,2023-10-02,1-2%,-1.72,81.2312,75.4694,stop,49.4106,4013.68,4013.68,3728.99,-7.093,-284.69,13
TSLA,2023-09-21,2023-10-04,2023-10-05,1-2%,-1.805,258.1079,262.3274,tp_gap_filled,15.2861,3945.46,3945.46,4009.96,1.635,64.5,1
DE,2023-09-26,2023-09-29,2023-10-10,1-2%,-1.662,378.378,384.0056,tp_gap_filled,10.4643,3959.45,3959.45,4018.34,1.487,58.89,7
DVN,2023-10-04,2023-10-09,2023-10-10,1-2%,-1.77,44.9849,45.7043,tp_gap_filled,88.1066,3963.47,3963.47,4026.85,1.599,63.38,1
CMCSA,2023-09-26,2023-09-29,2023-10-11,1-2%,-1.961,41.269,42.0104,tp_gap_filled,95.9823,3961.09,3961.09,4032.26,1.797,71.17,8
PHM,2023-09-21,2023-09-29,2023-10-11,1-2%,-1.74,75.1951,76.3735,tp_gap_filled,52.6958,3962.47,3962.47,4024.57,1.567,62.1,8
VLTO,2023-10-06,2023-10-10,2023-10-11,1-2%,-1.894,73.113,74.3755,tp_gap_filled,54.3492,3973.63,3973.63,4042.25,1.727,68.62,1
CCL,2023-10-06,2023-10-10,2023-10-13,1-2%,-1.729,13.0831,12.1551,stop,304.1153,3978.76,3978.76,3696.55,-7.093,-282.21,3
EQT,2023-10-11,2023-10-12,2023-10-13,1-2%,-1.769,43.3533,44.0459,tp_gap_filled,91.3991,3962.46,3962.46,4025.76,1.598,63.3,1
CCL,2023-10-13,2023-10-16,2023-10-17,1-2%,-1.746,12.3924,12.5874,tp_gap_filled,319.5386,3959.84,3959.84,4022.16,1.574,62.32,1
VLO,2023-10-04,2023-10-17,2023-10-18,1-2%,-1.729,131.4013,133.4464,tp_gap_filled,30.2153,3970.33,3970.33,4032.13,1.556,61.79,1
NTRS,2023-10-09,2023-10-18,2023-10-19,1-2%,-1.838,66.2862,67.3925,tp_gap_filled,59.6363,3953.06,3953.06,4019.04,1.669,65.98,1
APO,2023-10-09,2023-10-11,2023-10-20,1-2%,-1.954,88.8888,82.5839,stop,44.7026,3973.56,3973.56,3691.72,-7.093,-281.84,7
LRCX,2023-10-17,2023-10-18,2023-10-23,1-2%,-1.93,63.8778,59.347,stop,61.9024,3954.19,3954.19,3673.72,-7.093,-280.47,3
MRVL,2023-10-18,2023-10-19,2023-10-23,1-2%,-1.881,52.2222,48.518,stop,75.1968,3926.94,3926.94,3648.4,-7.093,-278.54,2
DHR,2023-09-13,2023-10-02,2023-10-24,1-2%,-1.981,216.0048,200.6836,stop,18.2798,3948.52,3948.52,3668.45,-7.093,-280.07,16
MCHP,2023-10-17,2023-10-18,2023-10-25,1-2%,-1.963,77.4774,71.9819,stop,51.0849,3957.93,3957.93,3677.19,-7.093,-280.74,5
TMO,2023-10-17,2023-10-18,2023-10-25,1-2%,-1.953,479.479,445.4696,stop,8.2574,3959.24,3959.24,3678.41,-7.093,-280.83,5
TER,2023-10-17,2023-10-18,2023-10-25,1-2%,-1.907,95.2452,88.4894,stop,41.5295,3955.48,3955.48,3674.92,-7.093,-280.56,5
AVGO,2023-10-17,2023-10-18,2023-10-26,1-2%,-1.93,88.6035,82.3189,stop,44.64,3955.26,3955.26,3674.72,-7.093,-280.55,6
CVS,2023-08-02,2023-09-25,2023-10-27,1-2%,-1.974,72.5625,67.4156,stop,54.6096,3962.61,3962.61,3681.54,-7.093,-281.07,24
ADI,2023-10-17,2023-10-19,2023-10-30,1-2%,-1.887,169.6595,157.6255,stop,23.1524,3928.03,3928.03,3649.41,-7.093,-278.61,7
AMZN,2023-10-25,2023-10-27,2023-10-30,1-2%,-1.96,126.166,128.4314,tp_gap_filled,30.4203,3838.01,3838.01,3906.93,1.796,68.91,1
KR,2023-09-08,2023-09-27,2023-10-31,1-2%,-1.955,44.6846,45.4845,tp_gap_filled,88.3343,3947.19,3947.19,4017.84,1.79,70.65,24
HRL,2023-10-13,2023-10-16,2023-10-31,1-2%,-1.775,32.1221,32.6373,tp_gap_filled,123.2752,3959.86,3959.86,4023.37,1.604,63.52,11
CDW,2023-08-18,2023-10-30,2023-10-31,1-2%,-1.997,196.5163,200.1197,tp_gap_filled,19.5803,3847.86,3847.86,3918.41,1.834,70.55,1
CRM,2023-10-23,2023-10-25,2023-11-01,1-2%,-1.88,200.0999,203.5263,tp_gap_filled,19.2519,3852.3,3852.3,3918.27,1.712,65.96,5
HAL,2023-10-04,2023-10-25,2023-11-01,1-2%,-1.772,39.3893,40.0199,tp_gap_filled,97.7263,3849.38,3849.38,3911.0,1.601,61.63,5
GOOGL,2023-10-26,2023-10-27,2023-11-01,1-2%,-1.863,123.3933,125.4844,tp_gap_filled,31.1233,3840.41,3840.41,3905.49,1.695,65.08,3
VLTO,2023-10-27,2023-10-30,2023-11-02,1-2%,-1.943,68.7086,69.93,tp_gap_filled,56.0101,3848.38,3848.38,3916.79,1.778,68.41,3
MCHP,2023-10-30,2023-10-31,2023-11-02,1-2%,-1.91,70.9509,72.1877,tp_gap_filled,54.3846,3858.64,3858.64,3925.9,1.743,67.27,2
ADI,2023-10-30,2023-10-31,2023-11-02,1-2%,-1.837,157.7776,160.4094,tp_gap_filled,24.462,3859.56,3859.56,3923.94,1.668,64.38,2
MSCI,2023-10-31,2023-11-01,2023-11-02,1-2%,-1.865,473.473,481.508,tp_gap_filled,8.1622,3864.6,3864.6,3930.18,1.697,65.58,1
KKR,2023-10-19,2023-11-01,2023-11-02,1-2%,-1.864,56.9269,57.8921,tp_gap_filled,67.8754,3863.94,3863.94,3929.45,1.695,65.51,1
PODD,2023-10-03,2023-11-03,2023-11-06,1-2%,-1.836,162.172,164.875,tp_gap_filled,23.9448,3883.18,3883.18,3947.91,1.667,64.72,1
BMY,2023-10-27,2023-11-03,2023-11-06,1-2%,-1.737,52.102,52.917,tp_gap_filled,74.524,3882.85,3882.85,3943.59,1.564,60.74,1
VRSN,2023-10-27,2023-11-02,2023-11-07,1-2%,-1.985,200.6705,204.3255,tp_gap_filled,19.3476,3882.48,3882.48,3953.2,1.821,70.72,3
SHW,2023-10-18,2023-11-03,2023-11-07,1-2%,-1.97,248.1079,252.5872,tp_gap_filled,15.6424,3880.99,3880.99,3951.06,1.805,70.07,2
MOS,2023-11-03,2023-11-06,2023-11-09,1-2%,-1.961,33.033,33.6263,tp_gap_filled,117.6424,3886.08,3886.08,3955.88,1.796,69.8,3
HSY,2023-10-26,2023-11-02,2023-11-13,1-2%,-1.784,191.191,194.2755,tp_gap_filled,20.3052,3882.17,3882.17,3944.8,1.613,62.63,7
SRE,2023-11-08,2023-11-09,2023-11-14,1-2%,-1.961,70.07,71.3286,tp_gap_filled,55.4847,3887.81,3887.81,3957.65,1.796,69.83,3
EL,2023-11-08,2023-11-10,2023-11-14,1-2%,-1.87,113.4834,115.4145,tp_gap_filled,34.3095,3893.55,3893.55,3959.81,1.702,66.25,2
SMCI,2023-10-18,2023-11-14,2023-11-20,1-2%,-1.956,29.2993,29.8241,tp_gap_filled,133.3135,3905.99,3905.99,3975.96,1.791,69.97,4
XYZ,2023-09-06,2023-11-17,2023-11-20,1-2%,-1.805,57.7377,58.6813,tp_gap_filled,67.4389,3893.77,3893.77,3957.4,1.634,63.63,1
CVX,2023-11-16,2023-11-17,2023-11-20,1-2%,-1.745,143.163,145.4144,tp_gap_filled,27.2088,3895.29,3895.29,3956.55,1.573,61.26,1
VLO,2023-11-16,2023-11-17,2023-11-24,1-2%,-1.744,124.6145,126.5733,tp_gap_filled,31.2729,3897.06,3897.06,3958.31,1.572,61.26,4
PRU,2023-11-20,2023-11-21,2023-11-24,1-2%,-1.869,94.054,95.6543,tp_gap_filled,41.4999,3903.23,3903.23,3969.65,1.701,66.41,2
COIN,2023-11-21,2023-11-22,2023-11-24,1-2%,-1.979,104.104,105.9939,tp_gap_filled,37.5442,3908.5,3908.5,3979.45,1.815,70.95,1
EOG,2023-11-16,2023-11-22,2023-11-24,1-2%,-1.755,121.0309,122.9469,tp_gap_filled,32.3049,3909.89,3909.89,3971.78,1.583,61.9,1
COST,2023-11-16,2023-11-22,2023-11-27,1-2%,-1.743,586.9664,596.1832,tp_gap_filled,6.6671,3913.34,3913.34,3974.79,1.57,61.45,2
SMCI,2023-11-21,2023-11-22,2023-11-29,1-2%,-1.838,29.9299,30.4295,tp_gap_filled,130.9112,3918.16,3918.16,3983.57,1.669,65.41,4
NUE,2023-09-15,2023-11-28,2023-11-30,1-2%,-1.994,162.3922,165.3645,tp_gap_filled,24.1082,3914.98,3914.98,3986.64,1.83,71.66,2
BKR,2023-11-22,2023-11-29,2023-11-30,1-2%,-1.946,33.2832,33.8761,tp_gap_filled,118.0178,3928.02,3928.02,3997.98,1.781,69.97,1
FRT,2023-09-21,2023-11-03,2023-12-01,1-2%,-1.814,95.9058,97.4824,tp_gap_filled,40.4947,3883.67,3883.67,3947.52,1.644,63.84,19
TTD,2023-12-04,2023-12-08,2023-12-11,1-2%,-1.969,70.2602,71.5284,tp_gap_filled,55.9225,3929.13,3929.13,4000.05,1.805,70.92,1
HOOD,2023-12-07,2023-12-08,2023-12-11,1-2%,-1.775,11.0811,11.2587,tp_gap_filled,354.6733,3930.16,3930.16,3993.17,1.603,63.01,1
HCA,2023-09-15,2023-12-11,2023-12-12,1-2%,-1.893,258.8486,263.3164,tp_gap_filled,15.2028,3935.22,3935.22,4003.14,1.726,67.92,1
MPC,2023-11-22,2023-12-06,2023-12-14,1-2%,-1.781,145.145,147.4824,tp_gap_filled,27.0566,3927.13,3927.13,3990.37,1.61,63.24,6
APP,2023-12-04,2023-12-06,2023-12-14,1-2%,-1.778,37.6076,38.2118,tp_gap_filled,104.3533,3924.47,3924.47,3987.52,1.607,63.05,6
JCI,2023-12-13,2023-12-15,2023-12-18,1-2%,-1.786,52.2922,53.1368,tp_gap_filled,75.6864,3957.81,3957.81,4021.74,1.615,63.92,1
GOOGL,2023-12-08,2023-12-18,2023-12-19,1-2%,-1.994,134.3342,136.7931,tp_gap_filled,29.4878,3961.22,3961.22,4033.73,1.83,72.51,1
COP,2023-11-07,2023-11-14,2023-12-20,1-2%,-1.73,116.5364,118.3515,tp_gap_filled,33.5223,3906.57,3906.57,3967.42,1.558,60.85,25
RVTY,2023-10-17,2023-12-19,2023-12-20,1-2%,-1.811,104.7346,106.4534,tp_gap_filled,37.8897,3968.36,3968.36,4033.49,1.641,65.13,1
COR,2023-12-14,2023-12-15,2023-12-22,1-2%,-1.983,199.8797,203.5163,tp_gap_filled,19.7987,3957.37,3957.37,4029.37,1.819,72.0,5
BLK,2023-12-15,2023-12-20,2023-12-22,1-2%,-1.887,792.6919,806.3229,tp_gap_filled,4.9979,3961.78,3961.78,4029.91,1.72,68.13,2
DVN,2023-11-07,2023-11-10,2023-12-26,1-2%,-1.777,45.9359,46.6733,tp_gap_filled,84.8079,3895.73,3895.73,3958.26,1.605,62.54,30
ES,2023-12-15,2023-12-18,2024-01-02,1-2%,-1.936,62.3623,63.4665,tp_gap_filled,63.5541,3963.38,3963.38,4033.55,1.771,70.17,9
UNH,2023-11-29,2023-12-14,2024-01-03,1-2%,-1.948,530.53,539.9895,tp_gap_filled,7.4611,3958.34,3958.34,4028.92,1.783,70.58,12
FLEX,2024-01-02,2024-01-03,2024-01-04,1-2%,-1.74,22.5772,22.9311,tp_gap_filled,176.7203,3989.85,3989.85,4052.39,1.567,62.54,1
AMZN,2024-01-04,2024-01-05,2024-01-08,1-2%,-1.94,145.7356,148.3215,tp_gap_filled,27.4041,3993.76,3993.76,4064.62,1.774,70.87,1
COIN,2024-01-05,2024-01-08,2024-01-09,1-2%,-1.883,152.8227,155.4444,tp_gap_filled,26.2062,4004.9,4004.9,4073.61,1.716,68.71,1
CVX,2023-12-15,2024-01-08,2024-01-09,1-2%,-1.741,147.4673,149.7801,tp_gap_filled,27.24,4017.01,4017.01,4080.01,1.568,63.0,1
BLDR,2024-01-02,2024-01-08,2024-01-10,1-2%,-1.839,164.0339,166.7731,tp_gap_filled,24.4678,4013.55,4013.55,4080.57,1.67,67.02,2
EXE,2024-01-08,2024-01-09,2024-01-11,1-2%,-1.869,77.7977,79.1208,tp_gap_filled,51.563,4011.48,4011.48,4079.7,1.701,68.22,2
BDX,2023-12-15,2024-01-10,2024-01-11,1-2%,-1.799,184.3194,187.3204,tp_gap_filled,21.7039,4000.44,4000.44,4065.58,1.628,65.13,1
COST,2023-12-27,2023-12-28,2024-01-12,1-2%,-1.767,663.3627,673.9454,tp_gap_filled,6.0069,3984.76,3984.76,4048.33,1.595,63.57,10
EQIX,2023-12-29,2024-01-03,2024-01-12,1-2%,-1.893,799.4787,813.2759,tp_gap_filled,4.9915,3990.59,3990.59,4059.46,1.726,68.87,7
VLO,2023-12-15,2024-01-08,2024-01-12,1-2%,-1.819,126.9568,129.0508,tp_gap_filled,31.612,4013.36,4013.36,4079.55,1.649,66.19,4
COIN,2024-01-10,2024-01-11,2024-01-12,1-2%,-1.829,149.3592,138.7652,stop,26.8139,4004.9,4004.9,3720.84,-7.093,-284.07,1
BEN,2024-01-02,2024-01-08,2024-01-17,1-2%,-1.947,29.2392,27.1653,stop,136.949,4004.28,4004.28,3720.26,-7.093,-284.02,6
EOG,2024-01-08,2024-01-09,2024-01-17,1-2%,-1.836,118.2882,109.898,stop,33.9053,4010.6,4010.6,3726.12,-7.093,-284.47,5
SMCI,2024-01-17,2024-01-18,2024-01-19,1-2%,-1.777,32.083,32.5984,tp_gap_filled,123.4218,3959.75,3959.75,4023.35,1.606,63.6,1
BEN,2024-01-17,2024-01-18,2024-01-19,1-2%,-1.76,27.3774,27.8122,tp_gap_filled,144.4242,3953.95,3953.95,4016.75,1.588,62.8,1
DTE,2023-12-15,2023-12-18,2024-01-24,1-2%,-1.832,110.4804,102.644,stop,35.8631,3962.17,3962.17,3681.13,-7.093,-281.04,24
TRGP,2024-01-08,2024-01-11,2024-01-25,1-2%,-1.737,84.3843,85.7042,tp_gap_filled,47.33,3993.91,3993.91,4056.38,1.564,62.47,9
XOM,2024-01-08,2024-01-09,2024-01-26,1-2%,-1.851,100.8307,102.5274,tp_gap_filled,39.7984,4012.91,4012.91,4080.43,1.683,67.52,12
DRI,2024-01-09,2024-01-10,2024-01-30,1-2%,-1.799,161.161,163.786,tp_gap_filled,24.8236,4000.6,4000.6,4065.76,1.629,65.16,13
TXN,2024-01-24,2024-01-25,2024-01-31,1-2%,-1.749,171.4613,159.2995,stop,23.2392,3984.63,3984.63,3702.0,-7.093,-282.63,4
WY,2024-01-26,2024-01-30,2024-02-01,1-2%,-1.921,32.7127,33.2867,tp_gap_filled,121.4437,3972.75,3972.75,4042.46,1.755,69.71,2
PLTR,2024-01-31,2024-02-01,2024-02-02,1-2%,-1.971,16.4264,16.7233,tp_gap_filled,241.5273,3967.43,3967.43,4039.12,1.807,71.7,1
TKO,2024-01-29,2024-01-30,2024-02-06,1-2%,-1.78,85.085,86.4535,tp_gap_filled,46.7185,3975.04,3975.04,4038.97,1.608,63.93,5
VEEV,2024-02-01,2024-02-02,2024-02-06,1-2%,-1.784,203.9137,207.2026,tp_gap_filled,19.47,3970.2,3970.2,4034.23,1.613,64.03,2
ECHO,2024-02-02,2024-02-05,2024-02-06,1-2%,-1.933,13.2032,13.4365,tp_gap_filled,299.3734,3952.68,3952.68,4022.55,1.767,69.86,1
BLDR,2024-02-02,2024-02-05,2024-02-06,1-2%,-1.888,175.8156,178.841,tp_gap_filled,22.474,3951.29,3951.29,4019.28,1.721,67.99,1
LULU,2023-12-08,2024-01-31,2024-02-08,1-2%,-1.892,456.3359,464.2053,tp_gap_filled,8.6702,3956.53,3956.53,4024.76,1.724,68.23,6
FISV,2024-02-06,2024-02-07,2024-02-09,1-2%,-1.755,141.7616,144.0058,tp_gap_filled,27.9925,3968.26,3968.26,4031.09,1.583,62.82,2
DHI,2024-02-02,2024-02-05,2024-02-12,1-2%,-1.826,144.7846,147.1827,tp_gap_filled,27.3092,3953.95,3953.95,4019.43,1.656,65.49,5
TAP,2024-02-07,2024-02-08,2024-02-12,1-2%,-1.942,60.1601,61.2287,tp_gap_filled,65.9708,3968.81,3968.81,4039.31,1.776,70.5,2
HOOD,2024-01-12,2024-02-09,2024-02-12,1-2%,-1.793,11.5115,11.6983,tp_gap_filled,345.189,3973.64,3973.64,4038.12,1.623,64.48,1
AVGO,2024-02-09,2024-02-13,2024-02-15,1-2%,-1.783,125.3282,127.3485,tp_gap_filled,31.663,3968.27,3968.27,4032.24,1.612,63.97,2
IRM,2024-02-13,2024-02-14,2024-02-15,1-2%,-1.961,67.5475,68.7612,tp_gap_filled,58.8862,3977.61,3977.61,4049.08,1.797,71.47,1
PSA,2024-02-13,2024-02-14,2024-02-15,1-2%,-1.93,276.1859,281.0587,tp_gap_filled,14.402,3977.62,3977.62,4047.8,1.764,70.18,1
RVTY,2024-02-13,2024-02-14,2024-02-15,1-2%,-1.897,103.0029,104.7851,tp_gap_filled,38.6466,3980.71,3980.71,4049.59,1.73,68.88,1
KMI,2024-01-30,2024-01-31,2024-02-21,1-2%,-1.842,17.067,17.3526,tp_gap_filled,231.7589,3955.44,3955.44,4021.63,1.673,66.19,14
DAL,2024-02-13,2024-02-20,2024-02-21,1-2%,-1.824,39.8798,40.5394,tp_gap_filled,100.3266,4001.01,4001.01,4067.18,1.654,66.17,1
PTC,2024-02-13,2024-02-20,2024-02-22,1-2%,-1.983,175.175,178.3615,tp_gap_filled,22.8493,4002.63,4002.63,4075.44,1.819,72.81,2
HUBB,2024-02-13,2024-02-21,2024-02-22,1-2%,-1.826,353.6032,359.4602,tp_gap_filled,11.3292,4006.06,4006.06,4072.41,1.656,66.35,1
PHM,2024-02-02,2024-02-05,2024-02-23,1-2%,-1.808,104.9048,106.6233,tp_gap_filled,37.6966,3954.55,3954.55,4019.33,1.638,64.78,13
CVNA,2024-02-21,2024-02-22,2024-02-23,1-2%,-1.969,10.1682,10.3516,tp_gap_filled,395.4103,4020.59,4020.59,4093.14,1.804,72.55,1
STX,2024-02-13,2024-02-14,2024-02-26,1-2%,-1.975,87.4273,89.0109,tp_gap_filled,45.5123,3979.02,3979.02,4051.09,1.811,72.07,7
AMT,2024-02-13,2024-02-14,2024-02-28,1-2%,-1.877,188.3582,191.5782,tp_gap_filled,21.1395,3981.79,3981.79,4049.86,1.71,68.07,9
FDX,2024-01-30,2024-01-31,2024-02-29,1-2%,-1.899,196.2638,199.6631,tp_gap_filled,20.1687,3958.38,3958.38,4026.94,1.732,68.56,20
JNJ,2024-01-23,2024-01-24,2024-03-01,1-2%,-1.73,159.8197,162.3075,tp_gap_filled,24.8596,3973.06,3973.06,4034.91,1.557,61.85,26
NTAP,2024-02-13,2024-02-29,2024-03-01,1-2%,-1.897,89.0289,90.5693,tp_gap_filled,45.4397,4045.45,4045.45,4115.44,1.73,70.0,1
NTRS,2024-01-17,2024-01-18,2024-03-04,1-2%,-1.825,81.8317,83.1867,tp_gap_filled,48.4161,3961.98,3961.98,4027.58,1.656,65.6,31
EXE,2024-02-22,2024-02-23,2024-03-04,1-2%,-1.801,82.4223,83.7661,tp_gap_filled,48.9488,4034.48,4034.48,4100.25,1.63,65.78,6
DOC,2024-02-16,2024-02-20,2024-03-06,1-2%,-1.947,17.1371,17.4425,tp_gap_filled,233.6794,4004.59,4004.59,4075.96,1.782,71.37,11
MAA,2024-01-11,2024-01-26,2024-03-07,1-2%,-1.788,130.3402,132.4474,tp_gap_filled,30.4964,3974.91,3974.91,4039.18,1.617,64.26,28
HOOD,2024-03-05,2024-03-06,2024-03-08,1-2%,-1.984,16.3163,16.6134,tp_gap_filled,248.1637,4049.11,4049.11,4122.84,1.821,73.72,2
MPWR,2024-03-05,2024-03-11,2024-03-12,1-2%,-1.811,723.0823,734.9443,tp_gap_filled,5.6212,4064.61,4064.61,4131.29,1.64,66.68,1
APP,2024-03-05,2024-03-11,2024-03-13,1-2%,-1.81,60.8107,61.8081,tp_gap_filled,66.8223,4063.51,4063.51,4130.16,1.64,66.65,2
FLEX,2024-02-13,2024-03-15,2024-03-18,1-2%,-1.795,26.8368,27.2727,tp_gap_filled,150.6562,4043.13,4043.13,4108.8,1.624,65.67,1
XEL,2024-03-01,2024-03-12,2024-03-19,1-2%,-1.955,51.7117,52.6373,tp_gap_filled,78.5999,4064.53,4064.53,4137.29,1.79,72.76,5
BX,2024-03-04,2024-03-05,2024-03-20,1-2%,-1.881,125.8057,127.9619,tp_gap_filled,32.2128,4052.55,4052.55,4122.01,1.714,69.46,11
META,2024-03-11,2024-03-12,2024-03-20,1-2%,-1.767,497.507,505.4441,tp_gap_filled,8.1713,4065.27,4065.27,4130.13,1.595,64.86,6
SWK,2024-01-17,2024-03-08,2024-03-21,1-2%,-1.856,92.6426,94.2057,tp_gap_filled,43.8881,4065.91,4065.91,4134.51,1.687,68.6,9
WST,2024-03-15,2024-03-18,2024-03-21,1-2%,-1.898,392.2018,398.9906,tp_gap_filled,10.3147,4045.42,4045.42,4115.45,1.731,70.02,3
KLAC,2024-03-19,2024-03-20,2024-03-21,1-2%,-1.868,67.8478,69.0009,tp_gap_filled,60.1776,4082.92,4082.92,4152.31,1.7,69.39,1
BXP,2024-02-20,2024-02-21,2024-03-26,1-2%,-1.796,66.2162,61.5194,stop,60.5044,4006.37,4006.37,3722.19,-7.093,-284.17,24
ES,2024-03-04,2024-03-25,2024-03-27,1-2%,-1.935,57.3373,58.3516,tp_gap_filled,71.0669,4074.78,4074.78,4146.87,1.769,72.08,2
IFF,2024-03-25,2024-03-26,2024-03-27,1-2%,-1.902,81.5815,82.9969,tp_gap_filled,49.8385,4065.9,4065.9,4136.44,1.735,70.54,1
WYNN,2024-02-13,2024-02-20,2024-04-01,1-2%,-1.939,103.7737,105.6143,tp_gap_filled,38.5652,4002.06,4002.06,4073.04,1.774,70.98,28
KLAC,2024-03-25,2024-03-26,2024-04-01,1-2%,-1.789,69.8548,70.9849,tp_gap_filled,58.2,4065.55,4065.55,4131.32,1.618,65.78,3
GILD,2024-02-07,2024-03-11,2024-04-03,1-2%,-1.943,76.2862,70.8752,stop,53.3149,4067.19,4067.19,3778.7,-7.093,-288.49,16
BLDR,2024-04-02,2024-04-03,2024-04-04,1-2%,-1.884,201.7415,205.2046,tp_gap_filled,20.2528,4085.84,4085.84,4155.97,1.717,70.14,1
MSCI,2024-01-17,2024-04-04,2024-04-05,1-2%,-1.93,532.532,541.9275,tp_gap_filled,7.6677,4083.29,4083.29,4155.34,1.764,72.04,1
RDDT,2024-04-02,2024-04-05,2024-04-08,1-2%,-1.99,45.1001,45.924,tp_gap_filled,90.7139,4091.2,4091.2,4165.95,1.827,74.75,1
ELV,2024-03-15,2024-04-02,2024-04-09,1-2%,-2.0,500.8603,510.0594,tp_gap_filled,8.1578,4085.91,4085.91,4160.96,1.837,75.04,5
AMT,2024-03-15,2024-03-18,2024-04-10,1-2%,-1.812,195.7756,181.8892,stop,20.6728,4047.24,4047.24,3760.17,-7.093,-287.07,16
AOS,2024-04-10,2024-04-16,2024-04-17,1-2%,-1.931,84.8848,86.3835,tp_gap_filled,47.4338,4026.41,4026.41,4097.5,1.766,71.09,1
UHS,2024-03-15,2024-04-09,2024-04-18,1-2%,-1.983,169.6695,157.6348,stop,24.158,4098.88,4098.88,3808.14,-7.093,-290.73,7
FICO,2024-04-12,2024-04-15,2024-04-18,1-2%,-1.912,1170.0589,1190.4884,tp_gap_filled,3.4614,4050.03,4050.03,4120.75,1.746,70.71,3
CNP,2024-04-10,2024-04-11,2024-04-19,1-2%,-1.945,27.7577,28.2517,tp_gap_filled,147.2914,4088.48,4088.48,4161.24,1.78,72.76,6
WEC,2024-04-10,2024-04-11,2024-04-19,1-2%,-1.941,80.4003,81.8281,tp_gap_filled,50.8352,4087.17,4087.17,4159.75,1.776,72.58,6
JBL,2024-04-10,2024-04-12,2024-04-19,1-2%,-1.934,134.0239,124.5176,stop,30.3627,4069.33,4069.33,3780.7,-7.093,-288.64,5
FITB,2024-04-10,2024-04-19,2024-04-22,1-2%,-1.951,35.7157,36.3536,tp_gap_filled,112.9268,4033.26,4033.26,4105.3,1.786,72.04,1
DHR,2024-04-10,2024-04-11,2024-04-23,1-2%,-1.994,245.0648,249.5502,tp_gap_filled,16.6915,4090.51,4090.51,4165.38,1.83,74.87,8
GM,2024-04-10,2024-04-11,2024-04-23,1-2%,-1.856,43.9439,44.6853,tp_gap_filled,92.9147,4083.03,4083.03,4151.92,1.687,68.88,8
CARR,2024-04-10,2024-04-11,2024-04-25,1-2%,-1.91,57.057,58.0519,tp_gap_filled,71.588,4084.6,4084.6,4155.82,1.744,71.22,10
VICI,2024-03-20,2024-04-10,2024-04-29,1-2%,-1.933,28.4384,28.941,tp_gap_filled,143.6823,4086.1,4086.1,4158.31,1.767,72.22,13
NXPI,2024-04-12,2024-04-26,2024-04-29,1-2%,-1.928,239.8596,244.0857,tp_gap_filled,17.0306,4084.96,4084.96,4156.93,1.762,71.97,1
ADI,2024-04-10,2024-04-24,2024-04-30,1-2%,-1.832,200.5804,203.9159,tp_gap_filled,20.3197,4075.73,4075.73,4143.5,1.663,67.78,4
ADBE,2024-04-25,2024-04-30,2024-05-01,1-2%,-1.826,468.8784,476.6429,tp_gap_filled,8.7225,4089.78,4089.78,4157.5,1.656,67.73,1
RMD,2024-04-29,2024-04-30,2024-05-02,1-2%,-1.811,214.3241,217.8419,tp_gap_filled,19.0699,4087.14,4087.14,4154.22,1.641,67.08,2
CFG,2024-04-30,2024-05-01,2024-05-02,1-2%,-1.944,34.3343,34.945,tp_gap_filled,119.2343,4093.82,4093.82,4166.64,1.779,72.82,1
AAPL,2024-03-04,2024-03-18,2024-05-03,1-2%,-1.954,176.3261,179.4803,tp_gap_filled,22.9598,4048.42,4048.42,4120.84,1.789,72.42,33
MS,2024-04-10,2024-04-22,2024-05-03,1-2%,-1.924,92.3623,93.9859,tp_gap_filled,43.7886,4044.41,4044.41,4115.51,1.758,71.1,9
ZBH,2024-05-01,2024-05-02,2024-05-03,1-2%,-1.821,118.2081,120.1597,tp_gap_filled,34.7151,4103.61,4103.61,4171.36,1.651,67.75,1
AJG,2024-04-10,2024-04-11,2024-05-07,1-2%,-1.991,239.5093,243.8859,tp_gap_filled,17.075,4089.62,4089.62,4164.35,1.827,74.73,18
GEN,2024-04-10,2024-05-10,2024-05-13,1-2%,-1.898,22.2522,22.6373,tp_gap_filled,185.4677,4127.07,4127.07,4198.49,1.731,71.43,1
URI,2024-04-30,2024-05-10,2024-05-13,1-2%,-1.832,700.3296,711.9773,tp_gap_filled,5.909,4138.27,4138.27,4207.1,1.663,68.83,1
IDXX,2024-04-10,2024-05-10,2024-05-14,1-2%,-1.82,510.8604,519.2902,tp_gap_filled,8.0993,4137.62,4137.62,4205.9,1.65,68.28,2
GM,2024-04-30,2024-05-03,2024-05-16,1-2%,-1.803,45.2552,45.994,tp_gap_filled,90.9355,4115.31,4115.31,4182.48,1.632,67.18,9
ROP,2024-04-26,2024-05-15,2024-05-17,1-2%,-1.856,530.9104,539.8696,tp_gap_filled,7.7867,4134.06,4134.06,4203.82,1.688,69.76,2
CF,2024-05-02,2024-05-16,2024-05-20,1-2%,-1.885,76.5765,77.892,tp_gap_filled,53.9888,4134.27,4134.27,4205.3,1.718,71.02,2
RF,2024-04-10,2024-05-14,2024-05-23,1-2%,-1.933,20.3103,18.8697,stop,203.4924,4132.99,4132.99,3839.84,-7.093,-293.15,7
PFE,2024-05-09,2024-05-29,2024-05-31,1-2%,-1.804,27.7878,28.2417,tp_gap_filled,147.2393,4091.45,4091.45,4158.29,1.634,66.84,2
BBY,2024-04-10,2024-05-30,2024-05-31,1-2%,-1.975,81.0009,82.4675,tp_gap_filled,50.5951,4098.25,4098.25,4172.45,1.811,74.2,1
APTV,2024-05-29,2024-05-30,2024-05-31,1-2%,-1.949,81.5915,83.0469,tp_gap_filled,50.2459,4099.64,4099.64,4172.76,1.784,73.13,1
FSLR,2024-05-30,2024-05-31,2024-06-03,1-2%,-1.894,273.1929,277.9118,tp_gap_filled,15.1038,4126.25,4126.25,4197.52,1.727,71.27,1
LITE,2024-05-29,2024-06-03,2024-06-05,1-2%,-1.872,44.084,44.8351,tp_gap_filled,93.3314,4114.43,4114.43,4184.53,1.704,70.1,2
MPWR,2024-05-29,2024-05-30,2024-06-06,1-2%,-1.926,745.695,758.8204,tp_gap_filled,5.499,4100.56,4100.56,4172.74,1.76,72.18,5
TFC,2024-05-09,2024-05-23,2024-06-10,1-2%,-1.752,38.7387,35.991,stop,106.051,4108.28,4108.28,3816.88,-7.093,-291.4,11
HOOD,2024-06-07,2024-06-10,2024-06-11,1-2%,-1.959,22.5425,22.947,tp_gap_filled,182.6138,4116.58,4116.58,4190.44,1.794,73.87,1
XOM,2024-04-26,2024-04-29,2024-06-12,1-2%,-1.92,119.119,110.6699,stop,34.3914,4096.67,4096.67,3806.09,-7.093,-290.58,31
VRSN,2024-04-26,2024-06-05,2024-06-12,1-2%,-1.845,179.4893,182.4973,tp_gap_filled,22.9772,4124.17,4124.17,4193.29,1.676,69.12,5
ARE,2024-05-29,2024-06-06,2024-06-12,1-2%,-1.83,114.9448,116.853,tp_gap_filled,35.8459,4120.3,4120.3,4188.7,1.66,68.4,4
FITB,2024-05-29,2024-06-07,2024-06-12,1-2%,-1.908,36.016,36.6433,tp_gap_filled,114.3609,4118.82,4118.82,4190.56,1.742,71.74,3
CIEN,2024-06-07,2024-06-12,2024-06-13,1-2%,-1.915,47.6776,48.5114,tp_gap_filled,86.5319,4125.64,4125.64,4197.79,1.749,72.15,1
GL,2024-05-21,2024-05-22,2024-06-14,1-2%,-1.767,84.5745,78.5756,stop,48.7897,4126.37,4126.37,3833.68,-7.093,-292.68,16
SMCI,2024-05-29,2024-06-13,2024-06-17,1-2%,-1.839,85.9489,87.3845,tp_gap_filled,47.9791,4123.75,4123.75,4192.63,1.67,68.88,2
J,2024-05-08,2024-05-09,2024-06-18,1-2%,-1.864,115.0889,117.0404,tp_gap_filled,35.8848,4129.94,4129.94,4199.97,1.696,70.03,27
CPRT,2024-05-17,2024-05-23,2024-06-18,1-2%,-1.832,53.6336,54.5254,tp_gap_filled,76.6071,4108.71,4108.71,4177.03,1.663,68.32,17
KEY,2024-06-14,2024-06-17,2024-06-18,1-2%,-1.979,13.3834,13.6264,tp_gap_filled,308.3521,4126.79,4126.79,4201.72,1.816,74.93,1
URI,2024-06-14,2024-06-17,2024-06-18,1-2%,-1.805,617.1165,627.2022,tp_gap_filled,6.6891,4127.97,4127.97,4195.43,1.634,67.46,1
WDC,2024-06-14,2024-06-17,2024-06-18,1-2%,-1.784,59.1369,60.091,tp_gap_filled,69.8158,4128.69,4128.69,4195.3,1.613,66.61,1
COIN,2024-06-17,2024-06-18,2024-06-21,1-2%,-1.894,240.1099,223.0789,stop,17.2388,4139.22,4139.22,3845.62,-7.093,-293.59,2
ALLE,2024-06-14,2024-06-17,2024-06-24,1-2%,-1.821,117.107,119.0408,tp_gap_filled,35.2627,4129.51,4129.51,4197.71,1.651,68.19,4
WM,2024-06-03,2024-06-18,2024-06-24,1-2%,-1.77,207.207,210.5193,tp_gap_filled,19.9589,4135.63,4135.63,4201.74,1.599,66.11,3
HOOD,2024-06-24,2024-06-25,2024-06-26,1-2%,-1.974,21.8719,22.2677,tp_gap_filled,188.7818,4129.01,4129.01,4203.74,1.81,74.73,1
ADSK,2024-04-10,2024-06-18,2024-06-28,1-2%,-1.75,243.8336,247.6821,tp_gap_filled,16.9637,4136.31,4136.31,4201.6,1.578,65.28,7
CI,2024-05-01,2024-05-02,2024-07-02,1-2%,-1.98,350.32,325.4718,stop,11.7236,4107.02,4107.02,3815.71,-7.093,-291.31,41
DELL,2024-07-02,2024-07-05,2024-07-08,1-2%,-1.82,140.3602,142.6772,tp_gap_filled,29.3597,4120.93,4120.93,4188.95,1.651,68.03,1
CRH,2024-06-21,2024-06-24,2024-07-09,1-2%,-1.882,74.6145,75.894,tp_gap_filled,55.443,4136.86,4136.86,4207.8,1.715,70.94,10
SMCI,2024-06-21,2024-07-08,2024-07-09,1-2%,-1.911,90.1,91.6722,tp_gap_filled,45.7498,4122.06,4122.06,4193.99,1.745,71.93,1
AMT,2024-06-07,2024-06-10,2024-07-11,1-2%,-1.815,196.0659,199.2905,tp_gap_filled,21.0367,4124.59,4124.59,4192.42,1.645,67.84,21
DAL,2024-06-26,2024-06-27,2024-07-11,1-2%,-1.864,47.9479,44.547,stop,86.2959,4137.71,4137.71,3844.22,-7.093,-293.49,9
EG,2024-07-02,2024-07-08,2024-07-11,1-2%,-1.741,372.402,378.2414,tp_gap_filled,11.0678,4121.68,4121.68,4186.31,1.568,64.63,3
ADSK,2024-07-09,2024-07-10,2024-07-11,1-2%,-1.932,243.4132,247.712,tp_gap_filled,16.9711,4130.99,4130.99,4203.94,1.766,72.96,1
NOW,2024-07-09,2024-07-11,2024-07-15,1-2%,-1.989,150.3422,153.0868,tp_gap_filled,27.4826,4131.79,4131.79,4207.22,1.826,75.43,2
SW,2024-05-24,2024-07-12,2024-07-15,1-2%,-1.78,48.048,48.8211,tp_gap_filled,86.149,4139.29,4139.29,4205.89,1.609,66.6,1
UBER,2024-07-12,2024-07-15,2024-07-16,1-2%,-1.931,72.1821,73.4565,tp_gap_filled,57.4359,4145.84,4145.84,4219.04,1.765,73.19,1
CTVA,2024-06-07,2024-06-28,2024-07-17,1-2%,-1.748,54.014,54.8651,tp_gap_filled,76.5042,4132.3,4132.3,4197.41,1.576,65.11,12
V,2024-06-27,2024-06-28,2024-07-18,1-2%,-1.86,268.7785,273.3264,tp_gap_filled,15.3924,4137.15,4137.15,4207.16,1.692,70.0,13
XYZ,2024-07-17,2024-07-18,2024-07-24,1-2%,-1.998,70.7006,65.6858,stop,58.814,4158.19,4158.19,3863.25,-7.093,-294.94,4
WEC,2024-05-22,2024-07-17,2024-07-25,1-2%,-1.868,83.083,84.4954,tp_gap_filled,50.0739,4160.29,4160.29,4231.02,1.7,70.73,6
LUV,2024-07-17,2024-07-18,2024-07-25,1-2%,-1.881,28.1982,26.1981,stop,147.1814,4150.25,4150.25,3855.87,-7.093,-294.38,5
APTV,2024-07-02,2024-07-24,2024-07-25,1-2%,-1.812,67.2672,68.3716,tp_gap_filled,61.2136,4117.67,4117.67,4185.27,1.642,67.6,1
SBAC,2024-07-18,2024-07-19,2024-07-26,1-2%,-1.755,210.6705,214.0058,tp_gap_filled,19.6533,4140.38,4140.38,4205.93,1.583,65.55,5
QCOM,2024-05-08,2024-07-25,2024-07-26,1-2%,-1.898,176.9067,179.9698,tp_gap_filled,23.3384,4128.72,4128.72,4200.21,1.731,71.49,1
CRH,2024-07-24,2024-07-25,2024-07-29,1-2%,-1.799,80.8608,82.1777,tp_gap_filled,51.0377,4126.95,4126.95,4194.16,1.629,67.21,2
MA,2024-07-24,2024-07-25,2024-07-29,1-2%,-1.748,434.434,441.2783,tp_gap_filled,9.492,4123.63,4123.63,4188.59,1.575,64.97,2
GEV,2024-07-24,2024-07-26,2024-07-29,1-2%,-1.848,167.5073,170.3195,tp_gap_filled,24.7463,4145.19,4145.19,4214.78,1.679,69.59,1
NUE,2024-07-23,2024-07-24,2024-07-31,1-2%,-1.739,160.6605,163.1767,tp_gap_filled,25.626,4117.09,4117.09,4181.57,1.566,64.48,5
LVS,2024-07-25,2024-07-26,2024-07-31,1-2%,-1.736,39.6596,40.2797,tp_gap_filled,104.6939,4152.12,4152.12,4217.04,1.563,64.92,3
IBKR,2024-07-17,2024-07-18,2024-08-02,1-2%,-1.86,30.3703,28.2162,stop,136.4636,4144.45,4144.45,3850.48,-7.093,-293.97,11
SCHW,2024-07-17,2024-07-23,2024-08-05,1-2%,-1.735,66.3263,61.6217,stop,62.3653,4136.46,4136.46,3843.06,-7.093,-293.4,9
TROW,2024-07-26,2024-07-29,2024-08-05,1-2%,-1.974,113.3232,105.2852,stop,36.5912,4146.63,4146.63,3852.51,-7.093,-294.12,5
DASH,2024-08-01,2024-08-05,2024-08-06,1-2%,-1.897,108.7286,110.6093,tp_gap_filled,37.8029,4110.25,4110.25,4181.35,1.73,71.09,1
PSA,2024-08-05,2024-08-06,2024-08-07,1-2%,-1.933,306.1759,311.5881,tp_gap_filled,13.4485,4117.6,4117.6,4190.38,1.768,72.79,1
HCA,2024-08-05,2024-08-06,2024-08-07,1-2%,-1.894,349.9596,356.0036,tp_gap_filled,11.7547,4113.66,4113.66,4184.71,1.727,71.05,1
PH,2024-08-02,2024-08-06,2024-08-08,1-2%,-1.932,524.7342,534.0054,tp_gap_filled,7.8553,4121.94,4121.94,4194.77,1.767,72.83,2
PRU,2024-08-05,2024-08-06,2024-08-12,1-2%,-1.896,108.2782,110.1497,tp_gap_filled,38.0132,4116.0,4116.0,4187.14,1.728,71.14,4
GRMN,2024-05-22,2024-08-02,2024-08-15,1-2%,-1.95,167.5674,170.5593,tp_gap_filled,24.6184,4125.24,4125.24,4198.9,1.785,73.66,9
IR,2024-08-02,2024-08-06,2024-08-15,1-2%,-1.896,89.5895,91.1388,tp_gap_filled,45.9798,4119.31,4119.31,4190.54,1.729,71.24,7
V,2024-08-05,2024-08-07,2024-08-15,1-2%,-1.924,261.7115,266.3134,tp_gap_filled,15.6813,4103.98,4103.98,4176.15,1.758,72.16,6
LUV,2024-08-02,2024-08-12,2024-08-15,1-2%,-1.973,25.8658,26.3336,tp_gap_filled,159.7715,4132.62,4132.62,4207.36,1.809,74.74,3
AVGO,2024-08-01,2024-08-14,2024-08-15,1-2%,-1.979,157.6575,160.5193,tp_gap_filled,26.231,4135.52,4135.52,4210.59,1.815,75.07,1
BX,2024-08-02,2024-08-14,2024-08-15,1-2%,-1.978,134.4543,136.893,tp_gap_filled,30.7581,4135.56,4135.56,4210.57,1.814,75.01,1
BBY,2024-08-02,2024-08-14,2024-08-15,1-2%,-1.949,84.084,85.5843,tp_gap_filled,49.2149,4138.19,4138.19,4212.02,1.784,73.84,1
ALGN,2024-08-02,2024-08-14,2024-08-15,1-2%,-1.888,224.244,228.1017,tp_gap_filled,18.4335,4133.59,4133.59,4204.7,1.72,71.11,1
JCI,2024-08-02,2024-08-14,2024-08-19,1-2%,-1.891,69.069,70.2597,tp_gap_filled,59.872,4135.3,4135.3,4206.59,1.724,71.29,3
MPWR,2024-08-16,2024-08-19,2024-08-20,1-2%,-1.99,903.2724,919.7693,tp_gap_filled,4.6131,4166.88,4166.88,4242.98,1.826,76.1,1
MRVL,2024-08-16,2024-08-19,2024-08-20,1-2%,-1.745,68.1881,69.2607,tp_gap_filled,61.1584,4170.27,4170.27,4235.87,1.573,65.6,1
GM,2024-07-25,2024-08-19,2024-08-21,1-2%,-1.764,45.7157,46.4435,tp_gap_filled,91.2176,4170.07,4170.07,4236.46,1.592,66.39,2
INCY,2024-08-05,2024-08-20,2024-08-21,1-2%,-1.737,63.4133,64.4055,tp_gap_filled,65.5314,4155.57,4155.57,4220.59,1.565,65.02,1
TSLA,2024-08-01,2024-08-20,2024-08-22,1-2%,-1.887,227.9177,211.7515,stop,18.2601,4161.79,4161.79,3866.59,-7.093,-295.2,2
BKR,2024-08-05,2024-08-07,2024-08-26,1-2%,-1.931,35.085,35.7043,tp_gap_filled,117.1134,4108.93,4108.93,4181.45,1.765,72.52,13
NXPI,2024-08-01,2024-08-19,2024-09-03,1-2%,-1.957,258.268,239.9491,stop,16.1464,4170.09,4170.09,3874.31,-7.093,-295.78,10
BA,2024-08-20,2024-08-23,2024-09-03,1-2%,-1.754,176.6665,164.1355,stop,23.5531,4161.04,4161.04,3865.89,-7.093,-295.14,6
OXY,2024-08-13,2024-08-15,2024-09-05,1-2%,-1.865,57.9379,53.8283,stop,71.9199,4166.89,4166.89,3871.33,-7.093,-295.56,14
HPQ,2024-08-29,2024-09-06,2024-09-09,1-2%,-1.87,34.1441,34.7252,tp_gap_filled,120.0992,4100.68,4100.68,4170.47,1.702,69.79,1
CDNS,2024-09-05,2024-09-06,2024-09-10,1-2%,-1.908,249.5293,253.8759,tp_gap_filled,16.4666,4108.9,4108.9,4180.47,1.742,71.57,2
WAT,2024-08-02,2024-08-29,2024-09-11,1-2%,-1.691,346.9166,322.3098,stop,11.9783,4155.47,4155.47,3860.72,-7.093,-294.75,8
NCLH,2024-09-03,2024-09-04,2024-09-11,1-2%,-1.901,17.5675,17.8721,tp_gap_filled,234.6019,4121.38,4121.38,4192.83,1.734,71.45,5
HOOD,2024-09-03,2024-09-06,2024-09-11,1-2%,-1.814,19.7748,20.0999,tp_gap_filled,207.2711,4098.74,4098.74,4166.12,1.644,67.39,3
DAL,2024-07-22,2024-09-12,2024-09-13,1-2%,-1.739,44.6947,45.3946,tp_gap_filled,92.1491,4118.57,4118.57,4183.07,1.566,64.5,1
URI,2024-09-03,2024-09-13,2024-09-16,1-2%,-1.792,728.708,740.5187,tp_gap_filled,5.6589,4123.67,4123.67,4190.5,1.621,66.84,1
EOG,2024-08-05,2024-09-06,2024-09-17,1-2%,-1.896,120.7106,122.7971,tp_gap_filled,34.0255,4107.24,4107.24,4178.24,1.729,70.99,7
SPG,2024-09-03,2024-09-04,2024-09-19,1-2%,-1.972,164.2141,167.1827,tp_gap_filled,25.091,4120.29,4120.29,4194.78,1.808,74.49,11
GDDY,2024-09-05,2024-09-06,2024-09-19,1-2%,-1.888,154.4743,157.1327,tp_gap_filled,26.5845,4106.63,4106.63,4177.3,1.721,70.67,9
NVDA,2024-09-16,2024-09-17,2024-09-19,1-2%,-1.94,116.9068,118.9809,tp_gap_filled,35.3735,4135.4,4135.4,4208.77,1.774,73.37,2
QCOM,2024-09-03,2024-09-18,2024-09-19,1-2%,-1.945,172.0619,175.1247,tp_gap_filled,24.001,4129.65,4129.65,4203.16,1.78,73.51,1
MTD,2024-09-03,2024-09-18,2024-09-19,1-2%,-1.8,1414.5832,1437.6409,tp_gap_filled,2.9162,4125.14,4125.14,4192.38,1.63,67.24,1
WSM,2024-08-01,2024-09-18,2024-09-24,1-2%,-1.733,152.152,154.5253,tp_gap_filled,27.1006,4123.41,4123.41,4187.72,1.56,64.32,4
SLB,2024-09-03,2024-09-19,2024-09-24,1-2%,-1.887,43.2032,43.946,tp_gap_filled,96.0845,4151.15,4151.15,4222.53,1.719,71.38,3
UNP,2024-09-20,2024-09-23,2024-09-24,1-2%,-1.996,243.7235,248.1916,tp_gap_filled,17.0205,4148.3,4148.3,4224.34,1.833,76.05,1
FSLR,2024-09-20,2024-09-23,2024-09-24,1-2%,-1.788,236.3861,240.2095,tp_gap_filled,17.5498,4148.53,4148.53,4215.63,1.617,67.1,1
JBL,2024-07-17,2024-09-25,2024-09-26,1-2%,-1.779,116.086,117.9519,tp_gap_filled,35.7792,4153.46,4153.46,4220.22,1.607,66.76,1
INCY,2024-09-18,2024-09-20,2024-09-27,1-2%,-1.776,65.3152,66.3636,tp_gap_filled,63.471,4145.62,4145.62,4212.16,1.605,66.54,5
CVNA,2024-09-23,2024-09-24,2024-09-30,1-2%,-1.927,34.1341,34.7352,tp_gap_filled,121.8122,4157.95,4157.95,4231.18,1.761,73.23,4
OXY,2024-09-26,2024-09-27,2024-09-30,1-2%,-1.78,50.2602,51.0689,tp_gap_filled,82.7372,4158.39,4158.39,4225.3,1.609,66.91,1
KLAC,2024-09-03,2024-09-26,2024-10-01,1-2%,-1.689,80.6396,74.9198,stop,51.5974,4160.79,4160.79,3865.66,-7.093,-295.12,3
CDNS,2024-09-25,2024-09-30,2024-10-01,1-2%,-1.811,268.6384,273.0467,tp_gap_filled,15.5088,4166.25,4166.25,4234.62,1.641,68.37,1
TRGP,2024-09-20,2024-09-26,2024-10-02,1-2%,-1.912,149.4493,152.0578,tp_gap_filled,27.8701,4165.16,4165.16,4237.86,1.745,72.7,4
TXT,2024-09-25,2024-10-08,2024-10-09,1-2%,-1.938,85.085,86.5933,tp_gap_filled,48.7277,4145.99,4145.99,4219.49,1.773,73.5,1
AMZN,2024-10-07,2024-10-08,2024-10-10,1-2%,-1.909,183.1329,186.3235,tp_gap_filled,22.638,4145.76,4145.76,4217.99,1.742,72.23,2
UHS,2024-08-05,2024-10-09,2024-10-10,1-2%,-1.923,209.3191,212.9968,tp_gap_filled,19.8488,4154.74,4154.74,4227.74,1.757,73.0,1
TSLA,2024-10-03,2024-10-07,2024-10-11,1-2%,-1.823,244.7245,227.3662,stop,16.9495,4147.97,4147.97,3853.75,-7.093,-294.22,4
GNRC,2024-10-08,2024-10-09,2024-10-11,1-2%,-1.927,170.6405,173.6462,tp_gap_filled,24.3362,4152.73,4152.73,4225.88,1.761,73.15,2
DELL,2024-09-27,2024-10-10,2024-10-11,1-2%,-1.969,124.124,126.3635,tp_gap_filled,33.4339,4149.95,4149.95,4224.83,1.804,74.88,1
LUV,2024-10-10,2024-10-11,2024-10-14,1-2%,-1.958,30.07,30.6094,tp_gap_filled,138.5365,4165.8,4165.8,4240.51,1.794,74.72,1
COR,2024-09-18,2024-09-20,2024-10-15,1-2%,-1.723,230.7205,234.2955,tp_gap_filled,17.974,4146.97,4146.97,4211.23,1.549,64.26,17
ARE,2024-09-30,2024-10-01,2024-10-15,1-2%,-1.785,118.9789,120.899,tp_gap_filled,35.0145,4165.98,4165.98,4233.21,1.614,67.23,10
ED,2024-09-19,2024-10-07,2024-10-15,1-2%,-1.857,101.5915,103.3066,tp_gap_filled,40.9193,4157.05,4157.05,4227.23,1.688,70.18,6
CCI,2024-10-04,2024-10-08,2024-10-15,1-2%,-1.977,112.142,114.1757,tp_gap_filled,36.9716,4146.07,4146.07,4221.26,1.813,75.19,5
BEN,2024-09-30,2024-10-11,2024-10-18,1-2%,-1.924,20.4104,20.7692,tp_gap_filled,204.2885,4169.61,4169.61,4242.91,1.758,73.3,5
MGM,2024-10-08,2024-10-15,2024-10-18,1-2%,-1.825,40.3903,41.0589,tp_gap_filled,103.6164,4185.1,4185.1,4254.38,1.655,69.27,3
CI,2024-10-17,2024-10-18,2024-10-21,1-2%,-2.0,351.7614,326.811,stop,11.9233,4194.15,4194.15,3896.66,-7.093,-297.49,1
NEE,2024-10-04,2024-10-07,2024-10-23,1-2%,-1.834,83.5735,84.965,tp_gap_filled,49.7302,4156.13,4156.13,4225.33,1.665,69.2,12
FSLR,2024-10-15,2024-10-16,2024-10-23,1-2%,-1.886,206.206,191.5798,stop,20.3361,4193.42,4193.42,3895.98,-7.093,-297.44,5
TRGP,2024-10-15,2024-10-17,2024-10-23,1-2%,-1.944,163.5834,166.4933,tp_gap_filled,25.6351,4193.48,4193.48,4268.08,1.779,74.6,4
GEV,2024-10-22,2024-10-23,2024-10-24,1-2%,-1.964,271.271,276.1536,tp_gap_filled,15.335,4159.95,4159.95,4234.83,1.8,74.87,1
T,2024-10-22,2024-10-23,2024-10-24,1-2%,-1.893,21.2712,21.6383,tp_gap_filled,195.8954,4166.94,4166.94,4238.85,1.726,71.91,1
UNH,2024-10-17,2024-10-23,2024-10-24,1-2%,-1.883,561.1406,570.7687,tp_gap_filled,7.4471,4178.88,4178.88,4250.58,1.716,71.7,1
COIN,2024-10-22,2024-10-23,2024-10-28,1-2%,-1.998,209.6594,213.5063,tp_gap_filled,19.8924,4170.62,4170.62,4247.15,1.835,76.52,3
DHI,2024-10-22,2024-10-24,2024-10-29,1-2%,-1.863,182.9828,170.0038,stop,22.8343,4178.28,4178.28,3881.92,-7.093,-296.37,3
HBAN,2024-10-17,2024-10-18,2024-10-30,1-2%,-1.768,15.5756,15.8242,tp_gap_filled,268.6746,4184.76,4184.76,4251.55,1.596,66.79,8
GEHC,2024-10-28,2024-10-29,2024-10-30,1-2%,-1.99,86.7467,88.3316,tp_gap_filled,48.0603,4169.07,4169.07,4245.25,1.827,76.17,1
NXPI,2024-09-03,2024-10-29,2024-10-31,1-2%,-1.997,251.4912,233.653,stop,16.5639,4165.69,4165.69,3870.22,-7.093,-295.47,2
VST,2024-10-22,2024-10-23,2024-11-01,1-2%,-1.825,128.128,119.0399,stop,32.625,4180.18,4180.18,3883.68,-7.093,-296.5,7
DELL,2024-10-31,2024-11-01,2024-11-04,1-2%,-1.855,127.127,129.2706,tp_gap_filled,32.5708,4140.62,4140.62,4210.44,1.686,69.82,1
EMR,2024-08-02,2024-10-02,2024-11-05,1-2%,-1.901,111.0509,112.9769,tp_gap_filled,37.4685,4160.92,4160.92,4233.08,1.734,72.16,24
DD,2024-10-07,2024-10-09,2024-11-05,1-2%,-1.908,107.8944,109.773,tp_gap_filled,38.5409,4158.35,4158.35,4230.75,1.741,72.4,19
BAC,2024-10-30,2024-11-04,2024-11-06,1-2%,-1.928,41.7517,42.4875,tp_gap_filled,99.3164,4146.63,4146.63,4219.7,1.762,73.07,2
LEN,2024-10-22,2024-11-05,2024-11-06,1-2%,-1.949,171.6235,159.4503,stop,24.2922,4169.11,4169.11,3873.39,-7.093,-295.71,1
FIX,2024-10-10,2024-11-05,2024-11-06,1-2%,-1.863,403.393,410.2294,tp_gap_filled,10.3351,4169.1,4169.1,4239.76,1.695,70.65,1
BA,2024-10-29,2024-11-06,2024-11-07,1-2%,-1.878,148.0079,150.5393,tp_gap_filled,28.0494,4151.53,4151.53,4222.53,1.71,71.01,1
WSM,2024-10-30,2024-11-06,2024-11-07,1-2%,-1.865,130.13,132.3375,tp_gap_filled,31.8938,4150.34,4150.34,4220.75,1.696,70.41,1
LRCX,2024-10-30,2024-11-06,2024-11-07,1-2%,-1.852,76.9369,78.2317,tp_gap_filled,53.9311,4149.29,4149.29,4219.12,1.683,69.83,1
HD,2024-10-22,2024-10-23,2024-11-08,1-2%,-1.944,398.8985,405.9936,tp_gap_filled,10.4451,4166.55,4166.55,4240.66,1.779,74.11,12
AWK,2024-10-10,2024-11-06,2024-11-08,1-2%,-1.895,133.7336,136.0438,tp_gap_filled,31.0674,4154.75,4154.75,4226.52,1.727,71.77,2
FTV,2024-10-30,2024-11-06,2024-11-08,1-2%,-1.823,55.2474,56.1608,tp_gap_filled,75.0961,4148.86,4148.86,4217.46,1.653,68.6,2
LNT,2024-11-01,2024-11-11,2024-11-12,1-2%,-1.933,58.8988,59.94,tp_gap_filled,70.7455,4166.83,4166.83,4240.48,1.768,73.66,1
IQV,2024-10-24,2024-11-07,2024-11-13,1-2%,-1.901,224.194,208.2919,stop,18.5866,4167.0,4167.0,3871.43,-7.093,-295.57,4
TPR,2024-11-08,2024-11-12,2024-11-13,1-2%,-1.804,50.6706,51.4984,tp_gap_filled,82.015,4155.75,4155.75,4223.65,1.634,67.89,1
ROST,2024-11-12,2024-11-13,2024-11-14,1-2%,-1.763,139.9899,142.2176,tp_gap_filled,29.5977,4143.38,4143.38,4209.32,1.591,65.94,1
PEG,2024-10-11,2024-11-11,2024-11-15,1-2%,-1.883,87.117,88.6113,tp_gap_filled,47.8717,4170.44,4170.44,4241.97,1.715,71.53,4
GILD,2024-11-08,2024-11-12,2024-11-15,1-2%,-1.89,96.1461,89.3264,stop,43.2637,4159.64,4159.64,3864.59,-7.093,-295.04,3
IP,2024-11-13,2024-11-14,2024-11-15,1-2%,-1.85,56.3062,57.2527,tp_gap_filled,73.4435,4135.33,4135.33,4204.84,1.681,69.51,1
HSIC,2024-11-05,2024-11-06,2024-11-18,1-2%,-1.894,71.031,72.2577,tp_gap_filled,58.4888,4154.51,4154.51,4226.26,1.727,71.75,8
DDOG,2024-11-15,2024-11-19,2024-11-20,1-2%,-1.811,129.1791,131.2986,tp_gap_filled,32.0719,4143.02,4143.02,4211.0,1.641,67.98,1
TPR,2024-11-19,2024-11-20,2024-11-21,1-2%,-1.945,55.5055,56.4934,tp_gap_filled,74.8094,4152.33,4152.33,4226.24,1.78,73.91,1
NUE,2024-10-22,2024-11-12,2024-11-25,1-2%,-1.717,153.5834,155.9539,tp_gap_filled,27.0719,4157.8,4157.8,4221.97,1.543,64.17,9
IVZ,2024-11-12,2024-11-13,2024-11-25,1-2%,-1.859,17.968,18.2717,tp_gap_filled,230.8026,4147.05,4147.05,4217.16,1.691,70.11,8
CAT,2024-11-08,2024-11-11,2024-11-26,1-2%,-1.776,401.361,407.8018,tp_gap_filled,10.3957,4172.41,4172.41,4239.37,1.605,66.96,11
MU,2024-10-30,2024-11-25,2024-11-27,1-2%,-1.775,106.3663,98.8217,stop,39.3678,4187.4,4187.4,3890.39,-7.093,-297.01,2
ADI,2024-10-30,2024-11-26,2024-11-27,1-2%,-1.892,231.0108,214.6252,stop,18.1031,4182.01,4182.01,3885.38,-7.093,-296.63,1
ADBE,2024-11-15,2024-11-25,2024-12-04,1-2%,-1.806,520.8203,529.3401,tp_gap_filled,8.0416,4188.24,4188.24,4256.76,1.636,68.51,6
EQT,2024-11-19,2024-12-06,2024-12-11,1-2%,-1.739,43.5535,44.2357,tp_gap_filled,95.2878,4150.12,4150.12,4215.12,1.566,65.01,3
SLB,2024-11-19,2024-12-04,2024-12-17,1-2%,-1.771,42.7627,39.7296,stop,97.3293,4162.06,4162.06,3866.85,-7.093,-295.22,9
MDT,2024-11-19,2024-11-22,2024-12-18,1-2%,-1.815,86.086,79.9799,stop,48.4773,4173.22,4173.22,3877.21,-7.093,-296.01,17
TTD,2024-12-09,2024-12-10,2024-12-18,1-2%,-1.804,136.7366,127.0379,stop,30.302,4143.39,4143.39,3849.5,-7.093,-293.89,6
SCHW,2024-12-05,2024-12-13,2024-12-18,1-2%,-1.84,80.09,74.4092,stop,51.6628,4137.67,4137.67,3844.19,-7.093,-293.49,3
RDDT,2024-12-16,2024-12-17,2024-12-18,1-2%,-1.958,169.4393,172.4773,tp_gap_filled,24.3096,4119.01,4119.01,4192.86,1.793,73.85,1
HUM,2024-10-07,2024-12-17,2024-12-18,1-2%,-1.887,235.7355,239.79,tp_gap_filled,17.4697,4118.22,4118.22,4189.05,1.72,70.83,1
CEG,2024-11-19,2024-12-18,2024-12-19,1-2%,-1.726,226.5313,230.0497,tp_gap_filled,17.9268,4060.98,4060.98,4124.05,1.553,63.07,1
TT,2024-11-15,2024-12-09,2024-12-20,1-2%,-1.848,402.9425,374.3618,stop,10.2984,4149.67,4149.67,3855.33,-7.093,-294.34,9
HAS,2024-11-20,2024-12-16,2024-12-20,1-2%,-1.83,60.6906,56.3858,stop,67.94,4123.32,4123.32,3830.86,-7.093,-292.47,4
AMD,2024-12-17,2024-12-18,2024-12-24,1-2%,-1.768,124.5744,126.5633,tp_gap_filled,32.6894,4072.27,4072.27,4137.28,1.597,65.01,4
APA,2024-12-17,2024-12-23,2024-12-24,1-2%,-1.96,21.5315,21.9181,tp_gap_filled,188.8931,4067.15,4067.15,4140.17,1.795,73.02,1
MRNA,2024-12-18,2024-12-20,2024-12-27,1-2%,-1.742,40.09,40.7192,tp_gap_filled,101.2144,4057.69,4057.69,4121.38,1.569,63.68,4
BG,2024-11-05,2024-12-13,2024-12-30,1-2%,-1.833,82.5425,76.6877,stop,50.1106,4136.25,4136.25,3842.87,-7.093,-293.38,10
FIX,2024-12-20,2024-12-27,2025-01-02,1-2%,-1.806,427.7873,434.7848,tp_gap_filled,9.5351,4078.98,4078.98,4145.7,1.636,66.72,3
MU,2024-12-20,2024-12-30,2025-01-02,1-2%,-1.929,85.4954,87.0029,tp_gap_filled,47.5735,4067.31,4067.31,4139.03,1.763,71.72,2
LRCX,2024-12-30,2024-12-31,2025-01-02,1-2%,-1.907,72.072,73.3266,tp_gap_filled,56.3812,4063.51,4063.51,4134.24,1.741,70.74,1
META,2024-12-30,2024-12-31,2025-01-02,1-2%,-1.844,589.3387,599.2102,tp_gap_filled,6.8953,4063.67,4063.67,4131.73,1.675,68.07,1
NUE,2024-12-17,2024-12-18,2025-01-03,1-2%,-1.812,122.0319,113.3762,stop,33.4263,4079.07,4079.07,3789.74,-7.093,-289.33,10
DECK,2024-12-30,2024-12-31,2025-01-03,1-2%,-1.902,203.3732,206.9029,tp_gap_filled,19.9827,4063.95,4063.95,4134.48,1.736,70.53,2
COF,2024-11-19,2024-12-18,2025-01-06,1-2%,-1.745,179.8497,182.6771,tp_gap_filled,22.6139,4067.09,4067.09,4131.03,1.572,63.94,11
MS,2024-12-30,2025-01-02,2025-01-06,1-2%,-1.743,124.6746,126.6332,tp_gap_filled,32.6997,4076.82,4076.82,4140.87,1.571,64.05,2
NVR,2024-12-19,2025-01-02,2025-01-06,1-2%,-1.73,8083.0848,8208.9332,tp_gap_filled,0.5044,4076.99,4076.99,4140.47,1.557,63.48,2
VRT,2024-12-17,2025-01-03,2025-01-06,1-2%,-1.961,123.6235,125.844,tp_gap_filled,33.0531,4086.14,4086.14,4159.54,1.796,73.4,1
HPQ,2024-12-17,2024-12-18,2025-01-07,1-2%,-1.96,33.5535,34.1558,tp_gap_filled,121.7621,4085.55,4085.55,4158.88,1.795,73.34,12
ULTA,2024-12-30,2025-01-02,2025-01-07,1-2%,-1.877,434.2839,441.7078,tp_gap_filled,9.393,4079.23,4079.23,4148.96,1.709,69.73,3
BF-B,2025-01-03,2025-01-06,2025-01-07,1-2%,-1.641,36.6066,37.1428,tp_gap_filled,112.0064,4100.17,4100.17,4160.23,1.465,60.06,1
TAP,2025-01-03,2025-01-06,2025-01-10,1-2%,-1.678,56.2962,52.3031,stop,72.8538,4101.4,4101.4,3810.48,-7.093,-290.91,3
ZTS,2025-01-07,2025-01-08,2025-01-13,1-2%,-1.627,163.3632,165.7341,tp_gap_filled,25.1492,4108.45,4108.45,4168.08,1.451,59.63,2
PYPL,2024-11-19,2025-01-10,2025-01-14,1-2%,-1.984,83.073,84.5853,tp_gap_filled,49.3112,4096.43,4096.43,4171.0,1.82,74.58,2
SWK,2025-01-08,2025-01-10,2025-01-14,1-2%,-1.813,80.2502,81.5684,tp_gap_filled,51.029,4095.08,4095.08,4162.35,1.643,67.27,2
APP,2024-12-20,2025-01-10,2025-01-14,1-2%,-1.738,313.5132,318.4213,tp_gap_filled,13.0606,4094.68,4094.68,4158.78,1.565,64.1,2
GEV,2025-01-08,2025-01-10,2025-01-14,1-2%,-1.685,362.6723,368.1515,tp_gap_filled,11.2992,4097.92,4097.92,4159.83,1.511,61.91,2
EFX,2025-01-10,2025-01-13,2025-01-14,1-2%,-1.991,243.4132,247.8619,tp_gap_filled,16.8433,4099.87,4099.87,4174.8,1.828,74.93,1
UDR,2025-01-10,2025-01-13,2025-01-14,1-2%,-1.989,40.4404,41.1788,tp_gap_filled,101.4669,4103.36,4103.36,4178.28,1.826,74.92,1
CFG,2025-01-10,2025-01-13,2025-01-14,1-2%,-1.965,43.9439,44.7352,tp_gap_filled,93.4396,4106.1,4106.1,4180.04,1.801,73.94,1
DRI,2025-01-10,2025-01-13,2025-01-14,1-2%,-1.818,180.5704,183.5463,tp_gap_filled,22.7311,4104.56,4104.56,4172.21,1.648,67.64,1
FLEX,2025-01-08,2025-01-10,2025-01-15,1-2%,-1.918,40.4304,41.1388,tp_gap_filled,101.338,4097.14,4097.14,4168.93,1.752,71.79,3
CSGP,2024-12-23,2025-01-10,2025-01-15,1-2%,-1.848,70.1901,71.3686,tp_gap_filled,58.3561,4096.02,4096.02,4164.79,1.679,68.77,3
ZBRA,2025-01-10,2025-01-14,2025-01-15,1-2%,-1.919,389.7694,396.603,tp_gap_filled,10.5711,4120.31,4120.31,4192.55,1.753,72.24,1
MCO,2025-01-10,2025-01-14,2025-01-15,1-2%,-1.786,464.1337,471.6279,tp_gap_filled,8.8827,4122.76,4122.76,4189.33,1.615,66.57,1
CINF,2025-01-10,2025-01-14,2025-01-15,1-2%,-1.778,139.3292,141.5683,tp_gap_filled,29.5851,4122.07,4122.07,4188.31,1.607,66.24,1
TTD,2025-01-10,2025-01-13,2025-01-16,1-2%,-1.868,119.3692,121.3985,tp_gap_filled,34.4068,4107.11,4107.11,4176.93,1.7,69.82,3
DECK,2025-01-13,2025-01-15,2025-01-16,1-2%,-1.773,204.0238,207.2925,tp_gap_filled,20.277,4136.99,4136.99,4203.27,1.602,66.28,1
VZ,2025-01-10,2025-01-14,2025-01-17,1-2%,-1.952,38.2182,38.9011,tp_gap_filled,107.8015,4119.98,4119.98,4193.59,1.787,73.62,3
NVDA,2025-01-10,2025-01-16,2025-01-21,1-2%,-1.899,137.5874,139.9699,tp_gap_filled,30.1127,4143.13,4143.13,4214.87,1.732,71.74,2
FSLR,2025-01-08,2025-01-16,2025-01-21,1-2%,-1.836,194.2941,180.5128,stop,21.2929,4137.08,4137.08,3843.64,-7.093,-293.44,2
LUV,2025-01-16,2025-01-17,2025-01-21,1-2%,-1.921,32.2022,32.7672,tp_gap_filled,128.7716,4146.73,4146.73,4219.49,1.755,72.76,1
EQT,2025-01-17,2025-01-21,2025-01-22,1-2%,-1.822,52.8528,53.7262,tp_gap_filled,78.424,4144.93,4144.93,4213.42,1.653,68.5,1
STZ,2025-01-13,2025-01-22,2025-01-24,1-2%,-1.672,178.9488,181.6282,tp_gap_filled,23.1475,4142.22,4142.22,4204.24,1.497,62.02,2
CIEN,2025-01-10,2025-01-27,2025-01-29,1-2%,-1.982,80.6806,82.1478,tp_gap_filled,51.3109,4139.79,4139.79,4215.07,1.818,75.28,2
RL,2025-01-27,2025-01-28,2025-01-29,1-2%,-1.758,251.7515,255.744,tp_gap_filled,16.3912,4126.5,4126.5,4191.95,1.586,65.44,1
PYPL,2025-01-27,2025-01-28,2025-01-29,1-2%,-1.756,87.6325,89.0209,tp_gap_filled,47.142,4131.17,4131.17,4196.62,1.584,65.45,1
LVS,2025-01-14,2025-01-15,2025-01-30,1-2%,-1.984,45.9859,46.8231,tp_gap_filled,90.1371,4145.04,4145.04,4220.5,1.821,75.46,10
EMR,2025-01-27,2025-01-28,2025-01-30,1-2%,-1.991,128.128,130.4694,tp_gap_filled,32.2396,4130.79,4130.79,4206.28,1.827,75.49,2
APA,2025-01-21,2025-01-23,2025-01-31,1-2%,-1.68,24.014,22.3107,stop,172.4154,4140.38,4140.38,3846.7,-7.093,-293.68,6
GNRC,2025-01-27,2025-01-28,2025-02-03,1-2%,-1.861,154.6545,143.6849,stop,26.7293,4133.81,4133.81,3840.6,-7.093,-293.21,4
NVDA,2025-01-29,2025-01-31,2025-02-03,1-2%,-1.93,126.6265,117.6449,stop,32.7155,4142.64,4142.64,3848.81,-7.093,-293.84,1
SW,2025-01-30,2025-02-03,2025-02-04,1-2%,-1.979,52.5525,53.5064,tp_gap_filled,78.073,4102.93,4102.93,4177.41,1.815,74.48,1
NXPI,2025-01-13,2025-02-03,2025-02-04,1-2%,-1.756,203.3231,206.5433,tp_gap_filled,20.2021,4107.55,4107.55,4172.6,1.584,65.05,1
IRM,2025-02-03,2025-02-04,2025-02-05,1-2%,-1.969,99.6696,101.4684,tp_gap_filled,41.3642,4122.75,4122.75,4197.16,1.805,74.41,1
TECH,2025-02-03,2025-02-04,2025-02-05,1-2%,-1.958,72.1821,73.4765,tp_gap_filled,57.1418,4124.62,4124.62,4198.58,1.793,73.96,1
COF,2025-02-03,2025-02-04,2025-02-05,1-2%,-1.949,199.9397,203.5063,tp_gap_filled,20.6346,4125.67,4125.67,4199.26,1.784,73.59,1
F,2025-01-22,2025-01-24,2025-02-06,1-2%,-1.726,10.2602,9.5325,stop,403.2149,4137.09,4137.09,3843.64,-7.093,-293.44,9
OTIS,2025-01-29,2025-02-03,2025-02-06,1-2%,-1.878,94.1641,95.7741,tp_gap_filled,43.6123,4106.71,4106.71,4176.93,1.71,70.22,3
AMAT,2025-02-04,2025-02-05,2025-02-06,1-2%,-1.862,175.6455,178.6212,tp_gap_filled,23.4822,4124.54,4124.54,4194.42,1.694,69.88,1
PLTR,2025-02-05,2025-02-06,2025-02-07,1-2%,-1.974,101.8818,103.7262,tp_gap_filled,40.5359,4129.87,4129.87,4204.63,1.81,74.76,1
ULTA,2025-02-03,2025-02-06,2025-02-07,1-2%,-1.851,404.9245,376.2032,stop,10.2461,4148.92,4148.92,3854.63,-7.093,-294.28,1
TT,2025-02-03,2025-02-04,2025-02-11,1-2%,-1.979,355.9256,362.3872,tp_gap_filled,11.5839,4123.01,4123.01,4197.86,1.815,74.85,5
URI,2025-01-27,2025-01-30,2025-02-12,1-2%,-1.8,776.1253,721.0748,stop,5.3574,4157.98,4157.98,3863.06,-7.093,-294.93,9
AAPL,2025-01-29,2025-01-31,2025-02-13,1-2%,-1.738,234.3541,238.0217,tp_gap_filled,17.6311,4131.92,4131.92,4196.58,1.565,64.66,9
PSKY,2025-02-03,2025-02-07,2025-02-13,1-2%,-1.838,10.6907,10.8691,tp_gap_filled,384.5955,4111.59,4111.59,4180.21,1.669,68.63,4
FCX,2025-02-11,2025-02-12,2025-02-13,1-2%,-1.95,37.7477,38.4215,tp_gap_filled,108.817,4107.59,4107.59,4180.92,1.785,73.32,1
NOC,2025-01-30,2025-02-05,2025-02-14,1-2%,-1.981,472.472,438.9596,stop,8.7298,4124.6,4124.6,3832.04,-7.093,-292.56,7
USB,2025-02-03,2025-02-10,2025-02-14,1-2%,-1.967,46.8868,47.7322,tp_gap_filled,87.7261,4113.2,4113.2,4187.36,1.803,74.16,4
DELL,2025-02-11,2025-02-12,2025-02-14,1-2%,-1.843,110.3502,112.1977,tp_gap_filled,37.2337,4108.75,4108.75,4177.54,1.674,68.79,2
JBHT,2025-02-12,2025-02-13,2025-02-14,1-2%,-1.893,164.4943,167.3325,tp_gap_filled,24.9816,4109.33,4109.33,4180.23,1.725,70.9,1
HD,2025-02-12,2025-02-13,2025-02-14,1-2%,-1.869,408.9886,415.9436,tp_gap_filled,10.0505,4110.53,4110.53,4180.43,1.701,69.9,1
HST,2025-01-10,2025-01-29,2025-02-18,1-2%,-1.946,16.6466,16.943,tp_gap_filled,248.5362,4137.29,4137.29,4210.96,1.781,73.67,13
CAT,2025-02-03,2025-02-04,2025-02-21,1-2%,-1.965,364.5042,338.6499,stop,11.3197,4126.06,4126.06,3833.4,-7.093,-292.66,12
APO,2025-02-12,2025-02-20,2025-02-25,1-2%,-1.885,155.2551,144.2429,stop,26.4891,4112.57,4112.57,3820.86,-7.093,-291.7,3
LYB,2025-02-19,2025-02-21,2025-02-25,1-2%,-1.828,76.8668,78.1418,tp_gap_filled,53.0894,4080.81,4080.81,4148.5,1.659,67.69,2
MMM,2025-02-03,2025-02-10,2025-02-27,1-2%,-1.984,149.3292,152.0478,tp_gap_filled,27.5412,4112.7,4112.7,4187.58,1.821,74.87,12
ADSK,2025-02-12,2025-02-18,2025-02-28,1-2%,-1.802,294.6143,273.7173,stop,13.9925,4122.4,4122.4,3830.0,-7.093,-292.4,8
BAC,2025-02-03,2025-02-19,2025-03-03,1-2%,-1.901,45.4654,46.2537,tp_gap_filled,90.74,4125.53,4125.53,4197.06,1.734,71.53,8
WFC,2025-02-03,2025-02-24,2025-03-03,1-2%,-1.992,77.3072,78.7212,tp_gap_filled,52.7219,4075.78,4075.78,4150.33,1.829,74.55,5
PNC,2025-02-03,2025-02-10,2025-03-04,1-2%,-1.871,197.3872,183.3865,stop,20.8381,4113.17,4113.17,3821.42,-7.093,-291.75,15
SCHW,2025-02-10,2025-02-12,2025-03-04,1-2%,-1.96,81.6316,75.8414,stop,50.2987,4105.96,4105.96,3814.73,-7.093,-291.24,13
META,2025-02-03,2025-02-24,2025-03-04,1-2%,-1.925,676.5859,628.5956,stop,6.0237,4075.55,4075.55,3786.47,-7.093,-289.08,6
FCX,2025-02-28,2025-03-03,2025-03-05,1-2%,-1.897,36.7467,37.3826,tp_gap_filled,110.4501,4058.68,4058.68,4128.91,1.73,70.23,2
APH,2025-02-25,2025-02-26,2025-03-07,1-2%,-1.877,32.9679,30.6295,stop,123.2897,4064.61,4064.61,3776.3,-7.093,-288.3,7
OMC,2025-02-27,2025-02-28,2025-03-07,1-2%,-1.934,82.2221,83.6762,tp_gap_filled,49.6681,4083.82,4083.82,4156.04,1.769,72.22,5
NVDA,2025-02-28,2025-03-03,2025-03-07,1-2%,-1.773,118.138,109.7585,stop,34.2985,4051.96,4051.96,3764.55,-7.093,-287.41,4
LYV,2025-01-27,2025-03-04,2025-03-07,1-2%,-1.933,138.158,128.3585,stop,29.0941,4019.58,4019.58,3734.47,-7.093,-285.11,3
TPL,2025-03-04,2025-03-05,2025-03-07,1-2%,-1.945,443.7767,451.6746,tp_gap_filled,9.1317,4052.42,4052.42,4124.54,1.78,72.12,2
HUBB,2025-03-04,2025-03-06,2025-03-07,1-2%,-1.893,348.5782,354.5951,tp_gap_filled,11.456,3993.32,3993.32,4062.25,1.726,68.93,1
SNPS,2025-03-05,2025-03-06,2025-03-07,1-2%,-1.83,437.7573,445.0245,tp_gap_filled,9.1192,3992.01,3992.01,4058.28,1.66,66.27,1
ALLE,2025-02-18,2025-02-25,2025-03-10,1-2%,-1.837,131.0709,133.2566,tp_gap_filled,30.9656,4058.69,4058.69,4126.37,1.668,67.68,9
FLEX,2025-03-04,2025-03-05,2025-03-10,1-2%,-1.996,35.3853,32.8755,stop,114.3503,4046.32,4046.32,3759.32,-7.093,-287.01,3
BKNG,2025-03-04,2025-03-05,2025-03-10,1-2%,-1.956,194.1708,180.3982,stop,20.8568,4049.78,4049.78,3762.53,-7.093,-287.25,3
WMT,2025-03-04,2025-03-05,2025-03-10,1-2%,-1.875,95.8558,89.0567,stop,42.3362,4058.17,4058.17,3770.32,-7.093,-287.85,3
SPG,2025-02-12,2025-03-05,2025-03-10,1-2%,-1.86,181.1309,168.2833,stop,22.4061,4058.43,4058.43,3770.57,-7.093,-287.86,3
ECHO,2025-02-12,2025-03-06,2025-03-10,1-2%,-1.987,28.1381,26.1423,stop,141.9346,3993.77,3993.77,3710.49,-7.093,-283.28,2
NXPI,2025-03-06,2025-03-07,2025-03-10,1-2%,-1.836,213.0028,216.5532,tp_gap_filled,18.762,3996.35,3996.35,4062.97,1.667,66.61,1
FERG,2025-03-06,2025-03-07,2025-03-11,1-2%,-1.969,167.4673,155.5888,stop,23.8617,3996.06,3996.06,3712.62,-7.093,-283.44,2
SMCI,2025-03-07,2025-03-10,2025-03-11,1-2%,-1.835,36.4064,37.0129,tp_gap_filled,108.6458,3955.4,3955.4,4021.3,1.666,65.9,1
HOOD,2025-01-10,2025-03-10,2025-03-11,1-2%,-1.813,40.1101,37.2651,stop,98.6804,3958.08,3958.08,3677.33,-7.093,-280.75,1
PANW,2025-03-10,2025-03-11,2025-03-12,1-2%,-1.84,177.7776,180.7491,tp_gap_filled,22.04,3918.22,3918.22,3983.72,1.671,65.49,1
INTC,2025-03-10,2025-03-12,2025-03-13,1-2%,-1.938,20.2602,20.6194,tp_gap_filled,193.8474,3927.39,3927.39,3997.01,1.773,69.61,1
GE,2025-03-04,2025-03-06,2025-03-17,1-2%,-1.961,198.198,201.758,tp_gap_filled,20.1591,3995.49,3995.49,4067.25,1.796,71.77,7
LII,2025-03-06,2025-03-11,2025-03-17,1-2%,-1.884,577.567,587.4819,tp_gap_filled,6.7907,3922.09,3922.09,3989.42,1.717,67.33,4
MMM,2025-03-04,2025-03-12,2025-03-17,1-2%,-1.903,150.6505,153.2666,tp_gap_filled,26.0966,3931.46,3931.46,3999.73,1.737,68.27,3
HPE,2025-03-10,2025-03-12,2025-03-17,1-2%,-1.898,15.5255,15.7942,tp_gap_filled,253.1915,3930.93,3930.93,3998.95,1.731,68.03,3
TRGP,2025-03-04,2025-03-17,2025-03-18,1-2%,-1.876,192.202,195.4843,tp_gap_filled,20.5684,3953.28,3953.28,4020.8,1.708,67.51,1
ADSK,2025-03-06,2025-03-17,2025-03-19,1-2%,-1.807,262.6724,266.9728,tp_gap_filled,15.0675,3957.81,3957.81,4022.6,1.637,64.8,2
PLTR,2025-03-18,2025-03-19,2025-03-20,1-2%,-1.797,85.8658,87.2626,tp_gap_filled,46.108,3959.1,3959.1,4023.5,1.627,64.41,1
MTB,2025-03-10,2025-03-11,2025-03-24,1-2%,-1.897,175.5254,178.5613,tp_gap_filled,22.3726,3926.97,3926.97,3994.89,1.73,67.92,9
BKNG,2025-03-10,2025-03-17,2025-03-24,1-2%,-1.931,183.5097,186.7483,tp_gap_filled,21.5484,3954.33,3954.33,4024.12,1.765,69.79,5
COHR,2025-03-20,2025-03-21,2025-03-24,1-2%,-1.992,68.4484,69.7002,tp_gap_filled,57.8295,3958.34,3958.34,4030.73,1.829,72.39,1
GM,2025-03-20,2025-03-21,2025-03-24,1-2%,-1.968,48.8588,49.7402,tp_gap_filled,81.0035,3957.73,3957.73,4029.13,1.804,71.4,1
GEV,2025-03-20,2025-03-21,2025-03-24,1-2%,-1.945,329.5993,335.4642,tp_gap_filled,12.0193,3961.55,3961.55,4032.04,1.779,70.49,1
LULU,2025-03-10,2025-03-25,2025-03-27,1-2%,-1.972,337.9076,344.0156,tp_gap_filled,11.7161,3958.96,3958.96,4030.52,1.808,71.56,2
SNDK,2025-03-21,2025-03-24,2025-03-28,1-2%,-1.975,55.1551,51.2429,stop,72.0449,3973.64,3973.64,3691.79,-7.093,-281.85,4
AMZN,2025-03-06,2025-03-25,2025-03-31,1-2%,-1.901,204.6044,190.0918,stop,19.3477,3958.63,3958.63,3677.85,-7.093,-280.79,4
LITE,2025-03-20,2025-03-26,2025-03-31,1-2%,-1.876,65.9759,61.2962,stop,60.1009,3965.21,3965.21,3683.96,-7.093,-281.25,3
RL,2025-03-21,2025-03-28,2025-04-01,1-2%,-1.87,221.1409,224.9049,tp_gap_filled,17.8229,3941.36,3941.36,4008.45,1.702,67.08,2
FERG,2025-03-21,2025-03-28,2025-04-02,1-2%,-1.91,160.9308,163.7361,tp_gap_filled,24.5133,3944.95,3944.95,4013.72,1.743,68.77,3
HPE,2025-03-31,2025-04-01,2025-04-02,1-2%,-1.963,15.4955,15.7742,tp_gap_filled,254.5563,3944.47,3944.47,4015.42,1.799,70.95,1
UBER,2025-03-31,2025-04-01,2025-04-02,1-2%,-1.856,71.4714,72.6773,tp_gap_filled,55.2152,3946.31,3946.31,4012.89,1.687,66.58,1
PG,2025-03-12,2025-03-17,2025-04-03,1-2%,-1.976,169.8697,172.9469,tp_gap_filled,23.2794,3954.46,3954.46,4026.1,1.811,71.63,13
SNPS,2025-03-21,2025-03-27,2025-04-03,1-2%,-1.953,441.6412,410.3156,stop,8.993,3971.66,3971.66,3689.95,-7.093,-281.71,5
QCOM,2025-03-21,2025-03-28,2025-04-03,1-2%,-1.88,155.135,144.1313,stop,25.4258,3944.43,3944.43,3664.65,-7.093,-279.78,4
DDOG,2025-03-21,2025-03-28,2025-04-03,1-2%,-1.861,101.3512,94.1624,stop,38.8401,3936.5,3936.5,3657.28,-7.093,-279.22,4
MO,2025-03-25,2025-04-02,2025-04-03,1-2%,-1.995,56.5565,57.5924,tp_gap_filled,69.9445,3955.82,3955.82,4028.27,1.832,72.45,1
V,2025-03-06,2025-03-07,2025-04-04,1-2%,-1.905,346.306,321.7425,stop,11.5416,3996.92,3996.92,3713.42,-7.093,-283.5,20
GIS,2025-03-12,2025-03-13,2025-04-04,1-2%,-1.909,61.2011,62.2677,tp_gap_filled,63.8016,3904.73,3904.73,3972.77,1.743,68.05,16
NRG,2025-04-02,2025-04-03,2025-04-04,1-2%,-1.999,96.6566,89.8007,stop,40.609,3925.12,3925.12,3646.72,-7.093,-278.41,1
AXON,2025-04-02,2025-04-03,2025-04-04,1-2%,-1.942,531.2207,493.5412,stop,7.374,3917.23,3917.23,3639.38,-7.093,-277.85,1
KKR,2025-03-17,2025-04-03,2025-04-04,1-2%,-1.836,111.3412,103.4438,stop,35.2103,3920.36,3920.36,3642.28,-7.093,-278.07,1
AMCR,2025-04-02,2025-04-03,2025-04-07,1-2%,-1.835,48.1982,44.7795,stop,81.0172,3904.88,3904.88,3627.91,-7.093,-276.97,2
MAA,2025-02-12,2025-04-04,2025-04-07,1-2%,-1.936,153.163,155.874,tp_gap_filled,25.2598,3868.86,3868.86,3937.34,1.77,68.48,1
GILD,2025-03-31,2025-04-04,2025-04-08,1-2%,-1.896,109.7797,101.993,stop,35.2411,3868.76,3868.76,3594.35,-7.093,-274.41,2
WAT,2025-04-04,2025-04-07,2025-04-08,1-2%,-1.909,338.8685,314.8326,stop,11.3892,3859.43,3859.43,3585.68,-7.093,-273.75,1
RVTY,2025-04-04,2025-04-07,2025-04-08,1-2%,-1.886,98.9488,91.9304,stop,38.8742,3846.55,3846.55,3573.72,-7.093,-272.84,1
PCAR,2025-04-04,2025-04-07,2025-04-09,1-2%,-1.895,90.7006,92.2676,tp_gap_filled,42.4693,3851.99,3851.99,3918.54,1.728,66.55,2
WMT,2025-04-04,2025-04-07,2025-04-09,1-2%,-1.857,85.7256,87.1727,tp_gap_filled,44.8073,3841.13,3841.13,3905.97,1.688,64.84,2
EW,2025-04-07,2025-04-08,2025-04-09,1-2%,-1.99,68.048,69.2906,tp_gap_filled,55.9596,3807.94,3807.94,3877.48,1.826,69.54,1
TRV,2025-04-07,2025-04-08,2025-04-09,1-2%,-1.944,237.7876,242.0177,tp_gap_filled,15.9906,3802.36,3802.36,3870.0,1.779,67.64,1
EBAY,2025-04-07,2025-04-08,2025-04-09,1-2%,-1.923,61.2612,62.3376,tp_gap_filled,62.0515,3801.35,3801.35,3868.14,1.757,66.79,1
NRG,2025-04-04,2025-04-08,2025-04-09,1-2%,-1.908,91.091,84.6299,stop,41.672,3795.95,3795.95,3526.7,-7.093,-269.25,1
KMB,2025-04-07,2025-04-08,2025-04-10,1-2%,-1.987,135.3052,137.7721,tp_gap_filled,28.1231,3805.2,3805.2,3874.58,1.823,69.38,2
TMUS,2025-04-07,2025-04-09,2025-04-10,1-2%,-1.995,243.4032,247.8619,tp_gap_filled,15.7548,3834.77,3834.77,3905.01,1.832,70.25,1
EXE,2025-04-07,2025-04-09,2025-04-10,1-2%,-1.93,98.1781,99.91,tp_gap_filled,39.1515,3843.82,3843.82,3911.63,1.764,67.81,1
CCL,2025-04-02,2025-04-09,2025-04-10,1-2%,-1.857,19.049,17.6979,stop,202.4062,3855.64,3855.64,3582.16,-7.093,-273.48,1
VRTX,2025-04-07,2025-04-09,2025-04-10,1-2%,-1.831,466.3959,474.1454,tp_gap_filled,8.2791,3861.32,3861.32,3925.48,1.662,64.16,1
JCI,2025-02-03,2025-04-09,2025-04-11,1-2%,-2.0,76.5164,77.922,tp_gap_filled,50.0412,3828.98,3828.98,3899.31,1.837,70.34,2
COP,2025-04-09,2025-04-10,2025-04-11,1-2%,-1.875,81.1911,82.5773,tp_gap_filled,47.067,3821.42,3821.42,3886.67,1.707,65.25,1
BKNG,2025-04-10,2025-04-11,2025-04-14,1-2%,-1.965,181.205,184.4681,tp_gap_filled,21.1359,3829.93,3829.93,3898.9,1.801,68.97,1
ULTA,2025-04-10,2025-04-11,2025-04-14,1-2%,-1.908,356.6163,362.8268,tp_gap_filled,10.7436,3831.34,3831.34,3898.07,1.742,66.72,1
SYK,2025-04-04,2025-04-09,2025-04-21,1-2%,-1.92,361.4411,335.8041,stop,10.6652,3854.83,3854.83,3581.4,-7.093,-273.42,7
CRM,2025-04-10,2025-04-14,2025-04-21,1-2%,-1.95,260.26,241.7998,stop,14.75,3838.84,3838.84,3566.55,-7.093,-272.29,4
PHM,2025-04-10,2025-04-14,2025-04-22,1-2%,-1.945,95.3753,97.0728,tp_gap_filled,40.2057,3834.63,3834.63,3902.88,1.78,68.25,5
VZ,2025-04-04,2025-04-16,2025-04-22,1-2%,-1.885,44.8048,41.6268,stop,85.1772,3816.34,3816.34,3545.65,-7.093,-270.69,3
HPE,2025-04-16,2025-04-21,2025-04-22,1-2%,-1.932,14.7347,14.995,tp_gap_filled,257.3487,3791.96,3791.96,3858.94,1.766,66.98,1
PPG,2025-04-10,2025-04-11,2025-04-23,1-2%,-1.911,101.2411,103.0069,tp_gap_filled,37.8533,3832.31,3832.31,3899.15,1.744,66.84,7
AMGN,2025-04-17,2025-04-21,2025-04-23,1-2%,-1.981,277.317,282.3574,tp_gap_filled,13.6827,3794.45,3794.45,3863.41,1.818,68.97,2
BLDR,2025-04-21,2025-04-22,2025-04-23,1-2%,-1.975,114.7446,116.8231,tp_gap_filled,33.1959,3809.05,3809.05,3878.04,1.811,69.0,1
CAH,2025-04-04,2025-04-14,2025-04-25,1-2%,-1.904,134.6145,136.9529,tp_gap_filled,28.487,3834.76,3834.76,3901.37,1.737,66.61,8
RL,2025-04-02,2025-04-23,2025-05-01,1-2%,-1.948,224.6845,228.6911,tp_gap_filled,16.9953,3818.58,3818.58,3886.68,1.783,68.09,6
AMZN,2025-04-29,2025-04-30,2025-05-01,1-2%,-1.977,184.174,187.5123,tp_gap_filled,20.7035,3813.05,3813.05,3882.16,1.813,69.11,1
FFIV,2025-04-29,2025-04-30,2025-05-01,1-2%,-1.901,260.29,264.8049,tp_gap_filled,14.6502,3813.3,3813.3,3879.45,1.735,66.14,1
HAL,2025-04-25,2025-04-28,2025-05-06,1-2%,-1.839,20.8408,19.3626,stop,183.2871,3819.85,3819.85,3548.91,-7.093,-270.94,6
COP,2025-04-21,2025-05-07,2025-05-08,1-2%,-1.933,87.3473,88.891,tp_gap_filled,43.6977,3816.87,3816.87,3884.33,1.767,67.46,1
VST,2025-05-05,2025-05-07,2025-05-08,1-2%,-1.931,136.7266,139.1407,tp_gap_filled,27.9219,3817.66,3817.66,3885.07,1.766,67.41,1
GDDY,2025-04-30,2025-05-06,2025-05-13,1-2%,-1.947,184.9748,188.2715,tp_gap_filled,20.645,3818.8,3818.8,3886.86,1.782,68.06,5
VRSK,2025-04-04,2025-05-14,2025-05-15,1-2%,-1.931,299.4992,304.7849,tp_gap_filled,12.7719,3825.16,3825.16,3892.67,1.765,67.51,1
MO,2025-05-12,2025-05-15,2025-05-19,1-2%,-1.952,58.3283,59.3706,tp_gap_filled,65.6376,3828.53,3828.53,3896.94,1.787,68.41,2
CI,2025-05-13,2025-05-16,2025-05-19,1-2%,-1.948,309.8996,315.4243,tp_gap_filled,12.3705,3833.62,3833.62,3901.96,1.783,68.34,1
AMZN,2025-05-19,2025-05-21,2025-05-22,1-2%,-1.916,201.8516,205.3844,tp_gap_filled,18.9746,3830.05,3830.05,3897.08,1.75,67.03,1
VRT,2025-05-21,2025-05-22,2025-05-27,1-2%,-1.974,104.3943,106.2836,tp_gap_filled,36.6253,3823.47,3823.47,3892.67,1.81,69.2,2
CDNS,2025-05-06,2025-05-28,2025-05-29,1-2%,-1.923,303.1929,281.6874,stop,12.6243,3827.59,3827.59,3556.1,-7.093,-271.49,1
NUE,2025-05-19,2025-05-21,2025-06-02,1-2%,-1.894,114.074,116.0438,tp_gap_filled,33.5338,3825.34,3825.34,3891.4,1.727,66.06,7
PWR,2025-05-19,2025-05-27,2025-06-02,1-2%,-1.969,338.338,344.4452,tp_gap_filled,11.3316,3833.92,3833.92,3903.13,1.805,69.2,4
IQV,2025-05-19,2025-05-21,2025-06-03,1-2%,-1.912,140.2301,142.6772,tp_gap_filled,27.3076,3829.35,3829.35,3896.18,1.745,66.82,8
TXN,2025-03-06,2025-06-04,2025-06-09,1-2%,-1.948,191.9518,195.3744,tp_gap_filled,19.9392,3827.36,3827.36,3895.61,1.783,68.25,3
CVS,2025-05-12,2025-06-11,2025-06-13,1-2%,-1.956,65.7257,66.903,tp_gap_filled,58.2328,3827.39,3827.39,3895.95,1.791,68.56,2
RVTY,2025-06-13,2025-06-16,2025-06-17,1-2%,-1.996,93.8838,95.6043,tp_gap_filled,40.7694,3827.59,3827.59,3897.73,1.833,70.14,1
GRMN,2025-05-23,2025-06-17,2025-06-23,1-2%,-1.999,197.7476,201.3784,tp_gap_filled,19.3285,3822.16,3822.16,3892.33,1.836,70.18,3
MO,2025-06-16,2025-06-17,2025-06-23,1-2%,-1.99,58.6786,59.7502,tp_gap_filled,65.1376,3822.19,3822.19,3891.99,1.826,69.8,3
URI,2025-02-18,2025-05-13,2025-06-24,1-2%,-1.924,727.727,740.5187,tp_gap_filled,5.2615,3828.94,3828.94,3896.25,1.758,67.3,28
GPN,2025-06-13,2025-06-16,2025-06-24,1-2%,-1.955,76.8267,78.2017,tp_gap_filled,49.8865,3832.61,3832.61,3901.21,1.79,68.59,5
IQV,2025-06-13,2025-06-16,2025-06-25,1-2%,-1.929,156.2161,158.9709,tp_gap_filled,24.5341,3832.62,3832.62,3900.21,1.763,67.59,6
GOOG,2025-06-13,2025-06-18,2025-06-27,1-2%,-1.916,173.7536,176.793,tp_gap_filled,22.029,3827.62,3827.62,3894.57,1.749,66.96,6
DAL,2025-06-17,2025-06-25,2025-06-27,1-2%,-1.941,48.5485,49.4105,tp_gap_filled,79.2087,3845.46,3845.46,3913.75,1.776,68.28,2
MAA,2025-04-09,2025-06-25,2025-07-01,1-2%,-1.994,147.127,149.82,tp_gap_filled,26.1479,3847.06,3847.06,3917.47,1.83,70.42,4
AIG,2025-04-03,2025-06-09,2025-07-17,1-2%,-1.961,86.086,79.9799,stop,44.5042,3831.19,3831.19,3559.44,-7.093,-271.75,26
GIS,2025-07-10,2025-07-15,2025-07-23,1-2%,-1.895,50.2802,51.1488,tp_gap_filled,76.4904,3845.95,3845.95,3912.39,1.727,66.44,6
WDAY,2025-07-10,2025-07-21,2025-07-23,1-2%,-1.99,235.6254,239.9298,tp_gap_filled,16.3087,3842.74,3842.74,3912.94,1.827,70.2,2
IBKR,2025-07-21,2025-07-23,2025-07-24,1-2%,-1.952,62.8628,63.986,tp_gap_filled,61.3713,3857.97,3857.97,3926.9,1.787,68.93,1
MCHP,2025-07-24,2025-07-25,2025-07-28,1-2%,-1.893,68.9889,70.1797,tp_gap_filled,56.0006,3863.42,3863.42,3930.11,1.726,66.69,1
ACGL,2025-05-30,2025-06-09,2025-07-29,1-2%,-1.953,92.4524,85.8947,stop,41.4178,3829.18,3829.18,3557.57,-7.093,-271.6,34
EQT,2025-07-23,2025-07-24,2025-07-31,1-2%,-1.914,53.3533,54.2857,tp_gap_filled,72.3305,3859.07,3859.07,3926.51,1.748,67.44,5
SBUX,2025-07-17,2025-07-30,2025-07-31,1-2%,-1.924,90.8207,92.4175,tp_gap_filled,42.3844,3849.38,3849.38,3917.06,1.758,67.68,1
EXC,2025-05-12,2025-05-19,2025-08-01,1-2%,-1.991,44.3543,45.1648,tp_gap_filled,86.5343,3838.17,3838.17,3908.3,1.827,70.13,51
TPR,2025-07-29,2025-07-30,2025-08-04,1-2%,-1.92,108.4083,110.3096,tp_gap_filled,35.5461,3853.49,3853.49,3921.08,1.754,67.58,3
HSIC,2025-07-31,2025-08-01,2025-08-04,1-2%,-1.796,68.3983,69.5104,tp_gap_filled,56.3608,3854.98,3854.98,3917.66,1.626,62.68,1
DD,2025-08-01,2025-08-04,2025-08-05,1-2%,-1.961,88.5697,90.1608,tp_gap_filled,43.6682,3867.68,3867.68,3937.16,1.796,69.48,1
CMI,2025-08-01,2025-08-04,2025-08-05,1-2%,-1.901,360.9906,367.2524,tp_gap_filled,10.7141,3867.68,3867.68,3934.76,1.735,67.09,1
MMM,2025-08-01,2025-08-04,2025-08-05,1-2%,-1.823,146.6465,149.0708,tp_gap_filled,26.3763,3868.0,3868.0,3931.94,1.653,63.94,1
UBER,2025-07-29,2025-08-06,2025-08-07,1-2%,-1.893,88.9739,90.5094,tp_gap_filled,43.6301,3881.94,3881.94,3948.93,1.726,66.99,1
WAB,2025-08-01,2025-08-05,2025-08-08,1-2%,-1.838,188.7085,191.858,tp_gap_filled,20.5504,3878.03,3878.03,3942.75,1.669,64.72,3
F,2025-07-16,2025-07-17,2025-08-11,1-2%,-1.901,11.3614,11.5584,tp_gap_filled,338.7281,3848.41,3848.41,3915.16,1.735,66.76,17
TFC,2025-08-01,2025-08-05,2025-08-12,1-2%,-1.807,42.9629,43.6663,tp_gap_filled,90.269,3878.22,3878.22,3941.71,1.637,63.49,5
HUBB,2025-08-01,2025-08-04,2025-08-13,1-2%,-1.961,429.3289,437.0425,tp_gap_filled,9.0089,3867.8,3867.8,3937.29,1.797,69.49,7
AMP,2025-08-01,2025-08-04,2025-08-13,1-2%,-1.909,508.8083,517.6718,tp_gap_filled,7.6033,3868.64,3868.64,3936.03,1.742,67.39,7
TEL,2025-08-01,2025-08-05,2025-08-13,1-2%,-1.891,202.0619,205.5443,tp_gap_filled,19.1948,3878.54,3878.54,3945.39,1.723,66.84,6
STLD,2025-08-01,2025-08-12,2025-08-13,1-2%,-1.921,125.2351,127.4324,tp_gap_filled,31.1844,3905.38,3905.38,3973.9,1.755,68.52,1
ADBE,2025-08-11,2025-08-12,2025-08-13,1-2%,-1.912,334.8645,340.7089,tp_gap_filled,11.6643,3905.95,3905.95,3974.12,1.745,68.17,1
NCLH,2025-08-14,2025-08-15,2025-08-18,1-2%,-1.858,24.3243,24.7352,tp_gap_filled,160.8585,3912.77,3912.77,3978.87,1.689,66.1,1
NXPI,2025-08-14,2025-08-15,2025-08-18,1-2%,-1.835,226.5163,230.2895,tp_gap_filled,17.2728,3912.57,3912.57,3977.75,1.666,65.17,1
MPWR,2025-08-14,2025-08-15,2025-08-19,1-2%,-1.888,846.3756,860.9382,tp_gap_filled,4.6284,3917.38,3917.38,3984.78,1.721,67.4,2
TTD,2025-08-14,2025-08-18,2025-08-19,1-2%,-1.95,53.3533,54.3056,tp_gap_filled,73.6433,3929.11,3929.11,3999.25,1.785,70.13,1
COIN,2025-08-14,2025-08-15,2025-08-20,1-2%,-1.994,320.8105,298.0554,stop,12.2171,3919.37,3919.37,3641.37,-7.093,-278.0,3
MCHP,2025-08-14,2025-08-19,2025-08-20,1-2%,-1.825,64.6146,65.6843,tp_gap_filled,60.7371,3924.5,3924.5,3989.47,1.656,64.97,1
TXN,2025-06-13,2025-08-19,2025-08-20,1-2%,-1.788,196.2861,199.4603,tp_gap_filled,19.9953,3924.79,3924.79,3988.26,1.617,63.47,1
EME,2025-08-14,2025-08-15,2025-08-22,1-2%,-1.999,604.9844,616.0933,tp_gap_filled,6.4781,3919.16,3919.16,3991.13,1.836,71.96,5
APTV,2025-08-14,2025-08-21,2025-08-22,1-2%,-1.834,73.4233,74.6453,tp_gap_filled,53.5034,3928.4,3928.4,3993.78,1.664,65.38,1
MRNA,2025-08-14,2025-08-21,2025-08-22,1-2%,-1.822,26.4264,26.8631,tp_gap_filled,148.7501,3930.93,3930.93,3995.89,1.653,64.96,1
PLTR,2025-08-25,2025-08-26,2025-08-27,1-2%,-1.663,156.2561,158.5813,tp_gap_filled,25.1586,3931.19,3931.19,3989.69,1.488,58.5,1
JBL,2025-08-19,2025-08-25,2025-09-02,1-2%,-1.883,211.8116,196.7878,stop,18.5679,3932.91,3932.91,3653.94,-7.093,-278.96,5
SWKS,2025-08-14,2025-09-02,2025-09-03,1-2%,-1.67,72.4924,73.5764,tp_gap_filled,54.039,3917.41,3917.41,3975.99,1.495,58.57,1
BLDR,2025-09-02,2025-09-03,2025-09-04,1-2%,-1.933,136.136,138.5413,tp_gap_filled,28.7874,3919.0,3919.0,3988.24,1.767,69.24,1
MTB,2025-09-02,2025-09-03,2025-09-04,1-2%,-1.845,198.1379,201.4583,tp_gap_filled,19.7503,3913.29,3913.29,3978.87,1.676,65.58,1
ARES,2025-09-02,2025-09-03,2025-09-04,1-2%,-1.819,176.1159,179.0208,tp_gap_filled,22.2224,3913.72,3913.72,3978.27,1.649,64.55,1
